Date,Model,MBTI,Agent_Type,Scenario,Seed,Crash_Discount,Phase,Price,Fundamental_Value,Portfolio_Value,Cash,Holdings_Qty,Action,Quantity_Percent,Rationale,SMA20,SMA60,RSI14,MACD,Volume,Volume_Ratio,Implied_Volatility,Reported_PE,Dividend_Yield,Trend_Strength,Trend_Regime,Sentiment,Sentiment_MA5,Sentiment_Change
Day-1,google/gemma-3-4b-it,ISFJ,memory,crash,42,0.85,deterioration,85.75,100.24835707650561,10000.0,10000.0,0.0,HOLD,0.0,"The market shows stability with a neutral trend and a reasonable RSI. Given my mandate of security and a low risk appetite, maintaining the current cash position is the prudent choice. There's no immediate need to deploy capital, and preserving the principal is paramount.",85.75,85.75,50.0,0.0,1207409,1.0,15.0,12.8,3.12,0.0,0,0.1,0.1,0.0
Day-2,google/gemma-3-4b-it,ISFJ,memory,crash,42,0.85,deterioration,85.65,99.7789691152372,10000.0,10000.0,0.0,HOLD,0.0,The market shows stability with a neutral trend and RSI at 50. The low P/E ratio and manageable volatility suggest a reasonable level of safety. Maintaining cash reserves and avoiding speculative investments aligns with the core mandate of security and preserving capital.,85.7,85.7,50.0,-0.0075,1136703,0.97,15.1,12.9,3.11,0.0,0,-0.12,-0.01,-0.11
Day-3,google/gemma-3-4b-it,ISFJ,memory,crash,42,0.85,deterioration,86.64,100.02004680069591,10000.0,10000.0,0.0,HOLD,0.0,"The market shows stability with a neutral trend and RSI at 50. Given my mandate of security and a low risk appetite, maintaining the current cash position is the prudent choice. There's no compelling reason to deviate from a defensive strategy, prioritizing capital preservation.",86.01,86.01,50.0,0.0655,1028187,0.91,15.2,13.0,3.08,0.0,0,-0.15,-0.06,-0.09
Day-4,google/gemma-3-4b-it,ISFJ,memory,crash,42,0.85,deterioration,86.84,100.30581872567237,10000.0,10000.0,0.0,HOLD,0.0,"The market shows stability with a neutral trend and RSI at 50. Given my mandate of security and a low risk appetite, maintaining the current cash position is the most prudent course. There’s no compelling reason to deviate from a defensive strategy, especially with a low P/E ratio and a need to prioritize capital preservation.",86.22,86.22,50.0,0.1378,1432361,1.19,15.3,13.0,3.08,0.0,0,-0.13,-0.07,-0.06
Day-5,google/gemma-3-4b-it,ISFJ,memory,crash,42,0.85,deterioration,82.32,99.27532837592946,10000.0,10000.0,0.0,HOLD,0.0,"The market shows stability with a neutral trend and a reasonable RSI. While the volume ratio is slightly elevated, the overall picture suggests a lack of immediate urgency. Given my mandate to prioritize security and protect principal, maintaining the current position and holding cash is the most prudent course of action.",85.44,85.44,50.0,-0.1679,1406450,1.13,15.4,12.4,3.22,0.0,0,0.12,-0.04,0.15
Day-6,google/gemma-3-4b-it,ISFJ,memory,crash,42,0.85,deterioration,82.85,99.12343785063933,10000.0,10000.0,0.0,HOLD,0.0,"The market shows minimal movement and a neutral RSI. While the P/E ratio is attractive, the low holdings value and significant cash reserve necessitate a cautious approach. Prioritizing capital preservation and avoiding potential losses aligns with the guardian investor mandate.",85.01,85.01,50.0,-0.3632,1499858,1.17,15.5,12.5,3.19,0.0,0,-0.13,-0.08,-0.04
Day-7,google/gemma-3-4b-it,ISFJ,memory,crash,42,0.85,deterioration,85.67,99.8782140026904,10000.0,10000.0,0.0,HOLD,0.0,The market shows stability with a neutral trend and RSI at 50. A low P/E ratio and manageable volatility suggest a reasonable position. Maintaining cash reserves and avoiding speculative investments aligns with the core mandate of security and preserving capital.,85.1,85.1,50.0,-0.287,1498318,1.14,15.6,12.9,3.11,0.0,0,0.09,-0.04,0.13
Day-8,google/gemma-3-4b-it,ISFJ,memory,crash,42,0.85,deterioration,85.19,99.32042622533595,10000.0,10000.0,0.0,HOLD,0.0,"The market shows stability with a neutral trend and low volatility. My priority is capital preservation, and the current metrics align with a cautious approach. Maintaining cash reserves and avoiding speculative investments is paramount to ensuring a secure portfolio.",85.11,85.11,50.0,-0.262,1277715,0.97,15.7,12.9,3.11,0.0,0,0.62,0.11,0.51
Day-9,google/gemma-3-4b-it,ISFJ,memory,crash,42,0.85,deterioration,84.54,98.5500729336148,10000.0,10000.0,0.0,HOLD,0.0,"The market shows minimal movement and a reasonable RSI. With a cash position of $10,000 and zero holdings, maintaining a 'HOLD' strategy aligns perfectly with the mandate of security and preserving capital. Further observation is warranted before considering any action.",85.05,85.05,50.0,-0.2915,1384493,1.05,15.8,12.9,3.11,0.0,0,0.26,0.19,0.07
Day-10,google/gemma-3-4b-it,ISFJ,memory,crash,42,0.85,deterioration,89.85,98.90419141419804,10000.0,10000.0,0.0,HOLD,0.0,"The market shows minimal movement and a neutral RSI. With a cash position of $10,000 and no current holdings, maintaining a 'HOLD' strategy aligns with the mandate of security and preserving capital. Adding any position now would introduce unnecessary risk, prioritizing sleep and peace of mind.",85.53,85.53,50.0,0.112,1472382,1.1,15.9,13.6,2.94,0.0,0,-0.1,0.15,-0.25
Day-11,google/gemma-3-4b-it,ISFJ,memory,crash,42,0.85,deterioration,84.37,98.24930381182162,10000.0,10000.0,0.0,HOLD,0.0,"The market shows stability with a neutral trend and a reasonable P/E ratio. Given my mandate of security and a low risk appetite, maintaining the current cash position is the prudent choice. No immediate action is required to protect the principal.",85.42,85.42,50.0,-0.0101,1424823,1.06,15.9,12.9,3.11,0.0,0,0.36,0.25,0.11
Day-12,google/gemma-3-4b-it,ISFJ,memory,crash,42,0.85,deterioration,85.09,98.0962490472655,10000.0,10000.0,0.0,HOLD,0.0,"The market shows stability with a neutral trend and RSI at 50. Given my mandate for security and a low risk appetite, maintaining the current cash position is the most prudent course. Further observation is warranted before considering any adjustments to the portfolio.",85.4,85.4,50.0,-0.0486,1123674,0.85,16.0,13.0,3.07,0.0,0,-0.12,0.2,-0.33
Day-13,google/gemma-3-4b-it,ISFJ,memory,crash,42,0.85,deterioration,84.98,98.29819632565643,10000.0,10000.0,0.0,HOLD,0.0,"The market shows minimal movement and a neutral RSI. With a cash position of $10,000 and no current holdings, maintaining a 'HOLD' strategy aligns with the core mandate of security and preserving capital. Further observation is warranted before considering any investment.",85.36,85.36,50.0,-0.0862,1225272,0.93,16.1,13.0,3.08,0.0,0,-0.61,-0.04,-0.57
Day-14,google/gemma-3-4b-it,ISFJ,memory,crash,42,0.85,deterioration,83.49,97.0686763333673,10000.0,10000.0,0.0,HOLD,0.0,"The current market indicators – low RSI, reasonable P/E ratio, and stable trend – suggest a period of consolidation. Given my mandate to prioritize security and protect capital, maintaining the existing cash position is the most prudent course of action. A defensive posture is essential to ensure a peaceful night’s sleep.",85.23,85.23,45.2,-0.2342,1064579,0.82,16.2,12.9,3.1,0.0,0,-0.3,-0.15,-0.15
Day-15,google/gemma-3-4b-it,ISFJ,memory,crash,42,0.85,deterioration,81.99,97.01095880526248,10000.0,10000.0,0.0,HOLD,0.0,"The market shows stability with a neutral trend and a reasonable RSI. While the P/E ratio is attractive, the low holdings value and significant cash reserve necessitate a cautious approach. Protecting the principal and ensuring sleep well at night dictates maintaining the current position.",85.01,85.01,42.4,-0.4671,1477025,1.13,16.3,12.7,3.16,0.0,0,-0.56,-0.25,-0.31
Day-16,google/gemma-3-4b-it,ISFJ,memory,crash,42,0.85,deterioration,83.96,97.44037522272129,10000.0,10000.0,0.0,HOLD,0.0,"The market shows minimal movement and a low RSI, indicating stability. Given the mandate to prioritize security and protect principal, maintaining the current cash position is the most prudent course of action. Further observation is warranted before considering any adjustments.",84.95,84.95,46.8,-0.4866,1303087,0.99,16.4,12.9,3.09,0.0,0,-0.11,-0.34,0.24
Day-17,google/gemma-3-4b-it,ISFJ,memory,crash,42,0.85,deterioration,81.34,97.06320469299735,10000.0,10000.0,0.0,HOLD,0.0,"The current market indicators – low RSI, reasonable P/E, and stable trend – suggest a period of consolidation. Given my mandate of security and a low risk appetite, maintaining the cash position is the prudent course of action. Further observation is warranted before considering any adjustments.",84.74,84.74,40.7,-0.7052,1114321,0.86,16.5,12.6,3.18,0.0,0,0.01,-0.32,0.32
Day-18,google/gemma-3-4b-it,ISFJ,memory,crash,42,0.85,deterioration,82.58,97.57484518528497,10000.0,10000.0,0.0,HOLD,0.0,"The current market indicators suggest stability with a low RSI and a reasonable P/E ratio. Maintaining a strong cash position of $10,000 aligns with the guardian investor mandate of security and risk aversion. No immediate action is warranted to protect the principal and ensure a peaceful investment strategy.",84.62,84.62,42.8,-0.7696,1335850,1.03,16.6,12.7,3.15,0.0,0,0.5,-0.09,0.6
Day-19,google/gemma-3-4b-it,ISFJ,memory,crash,42,0.85,deterioration,81.56,96.81181074704952,10000.0,10000.0,0.0,HOLD,0.0,"The current market indicators suggest stability, with a low RSI and a reasonable P/E ratio. Maintaining a strong cash position of $10,000 provides a crucial buffer against potential downturns, aligning with the core mandate of security and risk mitigation. Further observation is warranted before considering any adjustments.",84.46,84.46,48.5,-0.8927,1309064,1.01,16.7,12.6,3.17,0.0,0,0.1,-0.01,0.11
Day-20,google/gemma-3-4b-it,ISFJ,memory,crash,42,0.85,deterioration,82.07,96.40777219996527,10000.0,10000.0,0.0,HOLD,0.0,"The current market indicators suggest stability, but the low holdings value and significant cash reserve necessitate a cautious approach. Maintaining the cash allows for potential opportunities while prioritizing capital preservation and adhering to the core mandate of security. No action is required at this time.",84.34,84.34,48.5,-0.9386,1179081,0.91,16.8,12.8,3.13,0.0,0,-0.07,0.09,-0.15
Day-21,google/gemma-3-4b-it,ISFJ,memory,crash,42,0.85,deterioration,86.51,97.69484970091648,10000.0,10000.0,0.0,HOLD,0.0,"The market shows minimal movement and a reasonable RSI. With a portfolio of zero holdings and a significant cash reserve, maintaining the current position aligns perfectly with the mandate of security and preserving capital. Further observation is warranted before considering any investment.",84.37,84.44,51.5,-0.6094,1056778,0.82,16.9,13.3,3.01,-0.08,0,0.25,0.16,0.09
Day-22,google/gemma-3-4b-it,ISFJ,memory,crash,42,0.85,deterioration,79.39,96.69723843203522,10000.0,10000.0,0.0,HOLD,0.0,"The current market indicators suggest stability, but the low RSI and negative news sentiment warrant caution. Maintaining a strong cash position is paramount to protect against potential downturns, aligning with the core mandate of security and preserving capital. Further observation is needed before considering any adjustments.",84.06,84.21,41.5,-0.9125,1335786,1.03,17.0,12.3,3.25,-0.18,0,-0.66,0.02,-0.69
Day-23,google/gemma-3-4b-it,ISFJ,memory,crash,42,0.85,deterioration,83.22,96.69199195044523,10000.0,10000.0,0.0,HOLD,0.0,"The current market conditions – low RSI, reasonable P/E ratio, and stable trend – align with a conservative approach. Maintaining a strong cash position of $10,000 provides a buffer against potential volatility, prioritizing the security of the principal. Further observation is warranted before considering any adjustments.",83.89,84.17,48.2,-0.8344,1260153,0.96,17.1,12.9,3.1,-0.33,0,0.07,-0.06,0.13
Day-24,google/gemma-3-4b-it,ISFJ,memory,crash,42,0.85,deterioration,79.01,95.79395502081732,10000.0,10000.0,0.0,HOLD,0.0,"The current market indicators – low RSI, reasonable P/E ratio, and stable trend – suggest a period of consolidation. Given my mandate of security and a low risk appetite, maintaining the cash position is the prudent course of action. Further observation is warranted before considering any investment.",83.5,83.95,35.0,-1.0998,1386159,1.06,17.2,12.4,3.23,-0.54,0,0.23,-0.04,0.27
Day-25,google/gemma-3-4b-it,ISFJ,memory,crash,42,0.85,deterioration,80.96,96.08223901748424,10000.0,10000.0,0.0,HOLD,0.0,"The market shows stability with a neutral trend and low RSI, indicating a lack of immediate pressure. Given my mandate of security and a low risk appetite, maintaining the current cash position is the prudent choice. Further observation is warranted before considering any adjustments.",83.43,83.83,44.8,-1.139,1260081,0.97,17.3,12.6,3.16,-0.48,0,-0.44,-0.11,-0.33
Day-26,google/gemma-3-4b-it,ISFJ,memory,crash,42,0.85,deterioration,83.45,96.25799294042456,10000.0,10000.0,0.0,HOLD,0.0,"The current market indicators suggest stability with a low RSI and reasonable P/E ratio. Maintaining a strong cash position of $10,000 is paramount to protect against potential downturns, aligning with the guardian investor mandate. Further observation is needed before considering any adjustments to the portfolio.",83.46,83.82,47.6,-0.9581,1426090,1.1,17.4,13.0,3.08,-0.43,0,0.34,-0.09,0.44
Day-27,google/gemma-3-4b-it,ISFJ,memory,crash,42,0.85,deterioration,81.25,95.47513612268125,10000.0,10000.0,0.0,HOLD,0.0,"The market shows minimal trend movement and a low RSI, indicating stability. The P/E ratio is reasonable, and volume is near neutral, suggesting a lack of significant momentum. Given my mandate of security and capital preservation, maintaining the current position is the most prudent course of action, prioritizing sleep and avoiding unnecessary risk.",83.24,83.72,44.9,-0.9812,1275953,0.99,17.5,12.8,3.13,-0.58,0,0.1,0.06,0.04
Day-28,google/gemma-3-4b-it,ISFJ,memory,crash,42,0.85,deterioration,80.06,96.08658318638803,10000.0,10000.0,0.0,HOLD,0.0,"The market shows a slight downward trend, and the RSI is relatively low, indicating potential undervaluation. Given my mandate of security and a low risk appetite, maintaining the current cash position is the most prudent course of action. Protecting the principal is paramount, and further investment carries unacceptable risk.",82.98,83.59,45.3,-1.0832,1280468,1.0,17.6,12.5,3.2,-0.73,0,-0.12,0.02,-0.15
Day-29,google/gemma-3-4b-it,ISFJ,memory,crash,42,0.85,deterioration,80.06,95.44651609807858,10000.0,10000.0,0.0,HOLD,0.0,"The market shows a slight downward trend, and the RSI indicates neutral momentum. Given my mandate of security and a low risk appetite, maintaining the current cash position is the most prudent course of action. Protecting the principal is paramount, and this market presents too much uncertainty for active trading.",82.76,83.47,47.2,-1.1509,1438326,1.12,17.7,12.6,3.18,-0.85,0,0.19,0.01,0.18
Day-30,google/gemma-3-4b-it,ISFJ,memory,crash,42,0.85,deterioration,82.15,95.44908983396412,10000.0,10000.0,0.0,HOLD,0.0,"The current market indicators suggest stability, with a low RSI and reasonable P/E ratio. Maintaining a strong cash position of $10,000 provides a crucial buffer against potential downturns, aligning with the core mandate of security. Further observation is warranted before considering any adjustments.",82.37,83.43,47.4,-1.0237,1201741,0.94,17.8,12.9,3.1,-1.26,0,0.68,0.24,0.44
Day-31,google/gemma-3-4b-it,ISFJ,memory,crash,42,0.85,deterioration,79.78,95.14218466856885,10000.0,10000.0,0.0,HOLD,0.0,"The market shows a slight downward trend, but the RSI is relatively neutral and the P/E ratio is reasonable. Given my mandate of security and a low risk appetite, maintaining the current cash position is the most prudent course of action. Protecting the principal is paramount.",82.14,83.31,47.7,-1.1019,1067007,0.85,17.8,12.6,3.18,-1.4,0,0.05,0.18,-0.13
Day-32,google/gemma-3-4b-it,ISFJ,memory,crash,42,0.85,deterioration,82.11,96.2172783327608,10000.0,10000.0,0.0,HOLD,0.0,"The current market indicators suggest stability with a low RSI and reasonable P/E ratio. Maintaining a strong cash position of $10,000 provides a buffer against potential downturns, aligning with the core mandate of security. Further observation is warranted before considering any adjustments to the portfolio.",82.0,83.27,49.3,-0.9644,1014391,0.81,17.9,12.8,3.12,-1.53,0,0.07,0.18,-0.1
Day-33,google/gemma-3-4b-it,ISFJ,memory,crash,42,0.85,deterioration,80.93,95.13249189396015,10000.0,10000.0,0.0,HOLD,0.0,"The market shows minimal movement and a reasonable RSI. With a portfolio entirely in cash, maintaining a 'hold' position is the most prudent course, prioritizing capital preservation and avoiding any potential losses. Further observation is warranted before considering any investment.",81.79,83.2,49.1,-0.9397,1377568,1.09,18.0,12.8,3.13,-1.69,0,-0.14,0.17,-0.31
Day-34,google/gemma-3-4b-it,ISFJ,memory,crash,42,0.85,deterioration,79.31,94.45848630767394,10000.0,10000.0,0.0,HOLD,0.0,"The current market indicators suggest stability, and the low RSI indicates no immediate selling pressure. Given the mandate to prioritize security and protect the principal, maintaining the existing cash position is the most prudent course of action. Further observation is warranted before considering any changes to the portfolio.",81.58,83.09,46.3,-1.0388,1310154,1.03,18.1,12.6,3.18,-1.81,0,-0.25,0.08,-0.34
Day-35,google/gemma-3-4b-it,ISFJ,memory,crash,42,0.85,deterioration,84.18,95.24671549402628,10000.0,10000.0,0.0,HOLD,0.0,"The current market indicators suggest stability, with a low RSI and reasonable P/E ratio. Maintaining a strong cash position of $10,000 provides a crucial buffer against potential losses, aligning with the core mandate of security. Further observation is warranted before considering any adjustments.",81.69,83.12,46.9,-0.7166,1352039,1.07,18.2,13.3,3.02,-1.71,0,0.25,-0.0,0.25
Day-36,google/gemma-3-4b-it,ISFJ,memory,crash,42,0.85,deterioration,80.91,94.07312247881197,10000.0,10000.0,0.0,HOLD,0.0,"The market shows slight upward movement, but the RSI is high and the news sentiment is negative. Given my mandate of security and a low risk appetite, maintaining the current cash position is the most prudent course of action. Protecting the principal is paramount, and further investment carries unacceptable risk.",81.54,83.06,52.3,-0.7163,1106482,0.88,18.3,12.9,3.1,-1.82,0,-0.26,-0.07,-0.19
Day-37,google/gemma-3-4b-it,ISFJ,memory,crash,42,0.85,deterioration,77.4,94.63607736712262,10000.0,10000.0,0.0,HOLD,0.0,"The current market indicators – low RSI, reasonable P/E ratio, and stable trend – suggest a period of consolidation. Maintaining a strong cash position of $10,000 provides a buffer against potential downturns, aligning with the core mandate of security and preserving capital. Further observation is warranted before considering any adjustments.",81.34,82.9,41.3,-0.9879,1068185,0.85,18.4,12.3,3.26,-1.88,0,0.02,-0.08,0.1
Day-38,google/gemma-3-4b-it,ISFJ,memory,crash,42,0.85,deterioration,79.67,93.39991177350315,10000.0,10000.0,0.0,HOLD,0.0,"The current market indicators suggest stability, but the low holdings value and significant cash reserve necessitate caution. Given the mandate to prioritize security and avoid volatility, maintaining the current position is the most prudent course of action. Further observation is warranted before considering any adjustments.",81.2,82.82,51.1,-1.0086,1007272,0.82,18.5,12.8,3.13,-1.95,0,-0.14,-0.08,-0.07
Day-39,google/gemma-3-4b-it,ISFJ,memory,crash,42,0.85,deterioration,78.54,93.5637550768166,10000.0,10000.0,0.0,HOLD,0.0,"The current market indicators suggest a cautious approach. The low RSI, combined with the slight downward trend and conservative P/E ratio, indicate stability. Maintaining a strong cash position and avoiding speculative investments aligns with the core mandate of security and preserving capital.",81.05,82.71,46.0,-1.1037,1175293,0.96,18.6,12.6,3.18,-2.01,-1,0.14,0.0,0.14
Day-40,google/gemma-3-4b-it,ISFJ,memory,crash,42,0.85,deterioration,81.33,94.17437998502318,10000.0,10000.0,0.0,HOLD,0.0,"The current market indicators suggest a stable, albeit slightly downward trend. Given my mandate to prioritize security and protect principal, maintaining the existing cash position is the most prudent course of action. The low volatility and reasonable P/E ratio align with a conservative investment strategy focused on long-term preservation.",81.01,82.67,46.6,-0.9431,1294958,1.05,18.7,13.0,3.09,-2.01,-1,0.1,-0.03,0.13
Day-41,google/gemma-3-4b-it,ISFJ,memory,crash,42,0.85,deterioration,78.96,94.2932839229091,10000.0,10000.0,0.0,HOLD,0.0,"The current market indicators suggest a stable, albeit slightly declining, trend. Given my mandate of security and prioritizing principal protection, maintaining the existing cash position is the most prudent course of action. Further observation and a continued focus on risk mitigation are warranted before considering any adjustments.",80.63,82.58,46.3,-0.9952,1196122,0.96,18.8,12.6,3.18,-2.36,-1,0.31,0.09,0.22
Day-42,google/gemma-3-4b-it,ISFJ,memory,crash,42,0.85,deterioration,79.61,93.85783603932917,10000.0,10000.0,0.0,HOLD,0.0,"The current market indicators suggest a cautious approach. While the P/E ratio is attractive, the slight negative trend and moderate RSI indicate potential headwinds. Maintaining a strong cash position and avoiding speculative investments aligns with the core mandate of security and preserving capital.",80.64,82.51,49.3,-0.9732,1218737,0.99,18.9,12.7,3.14,-2.26,-1,-0.15,0.05,-0.2
Day-43,google/gemma-3-4b-it,ISFJ,memory,crash,42,0.85,deterioration,80.29,93.56242902336284,10000.0,10000.0,0.0,HOLD,0.0,"The market shows slight downward trend and RSI is neutral, indicating stability. Given my mandate of security and a low risk appetite, maintaining the current cash position is the most prudent course. Protecting the principal is paramount, and further investment carries unacceptable risk.",80.5,82.46,50.4,-0.8907,1452079,1.17,19.0,12.9,3.11,-2.38,-1,-0.08,0.06,-0.15
Day-44,google/gemma-3-4b-it,ISFJ,memory,crash,42,0.85,deterioration,80.62,93.3178025825851,10000.0,10000.0,0.0,HOLD,0.0,"The current market indicators suggest a cautious approach. The low RSI, combined with the slight downward trend and negative news sentiment, indicates potential instability. Maintaining a strong cash position and avoiding speculative trades aligns with the core mandate of security and preserving capital.",80.58,82.42,47.4,-0.7893,1174127,0.95,19.1,13.0,3.09,-2.23,-1,-0.29,-0.02,-0.27
Day-45,google/gemma-3-4b-it,ISFJ,memory,crash,42,0.85,deterioration,76.89,92.57719470101881,10000.0,10000.0,0.0,HOLD,0.0,"The current market indicators suggest a stable, albeit slightly declining, trend. With a low risk appetite and a focus on security, maintaining the existing cash position is the most prudent course of action. Protecting the principal and ensuring a peaceful investment strategy aligns with the guardian investor mandate.",80.37,82.3,45.3,-0.9983,1256994,1.02,19.2,12.5,3.21,-2.33,-1,-0.13,-0.07,-0.06
Day-46,google/gemma-3-4b-it,ISFJ,memory,crash,42,0.85,deterioration,78.38,92.80463485782796,10000.0,10000.0,0.0,HOLD,0.0,"The current market indicators suggest a cautious approach. While the P/E ratio is attractive, the slight downward trend and RSI indicate potential weakness. Maintaining a strong cash position and avoiding speculative investments aligns with the core mandate of security and preserving capital.",80.12,82.21,43.8,-1.0317,1391826,1.13,19.3,12.7,3.16,-2.54,-1,0.11,-0.11,0.22
Day-47,google/gemma-3-4b-it,ISFJ,memory,crash,42,0.85,deterioration,78.15,92.78233884236822,10000.0,10000.0,0.0,HOLD,0.0,"The market shows a slight downward trend and the RSI is relatively low, indicating potential stability. Given my mandate to prioritize security and protect capital, maintaining the current cash position is the most prudent course of action. Further observation is warranted before considering any changes.",79.97,82.12,45.2,-1.0644,1198271,0.97,19.4,12.6,3.17,-2.63,-1,0.23,-0.03,0.26
Day-48,google/gemma-3-4b-it,ISFJ,memory,crash,42,0.85,deterioration,78.4,93.38932060678034,10000.0,10000.0,0.0,HOLD,0.0,"The market shows a slight downward trend and the RSI indicates neutral momentum. Given my mandate for security and a low risk appetite, maintaining the current cash position is the most prudent course of action. Protecting the principal is paramount, and further investment carries unacceptable risk.",79.88,82.05,48.3,-1.0581,1311043,1.07,19.5,12.6,3.18,-2.64,-1,-0.28,-0.07,-0.2
Day-49,google/gemma-3-4b-it,ISFJ,memory,crash,42,0.85,deterioration,81.6,92.88066990427791,10000.0,10000.0,0.0,HOLD,0.0,"The current market indicators – low RSI, reasonable P/E ratio, and stable trend – suggest a period of consolidation. Maintaining a strong cash position of $10,000 provides a buffer against potential downturns, aligning with the core mandate of security and risk mitigation. Further observation is warranted before considering any adjustments.",79.96,82.04,45.0,-0.7862,1431181,1.16,19.6,13.2,3.04,-2.53,-1,0.26,0.04,0.22
Day-50,google/gemma-3-4b-it,ISFJ,memory,crash,42,0.85,deterioration,78.53,91.67544194763508,10000.0,10000.0,0.0,HOLD,0.0,"The current market indicators suggest a cautious approach. While the P/E ratio is attractive, the slight downward trend and RSI indicate potential weakness. Maintaining a strong cash position and avoiding speculative investments aligns with the core mandate of security and preserving capital.",79.78,81.97,45.4,-0.8086,1474760,1.19,19.7,12.8,3.11,-2.67,-1,0.41,0.15,0.26
Day-51,google/gemma-3-4b-it,ISFJ,memory,crash,42,0.85,deterioration,76.79,92.56710527583664,10000.0,10000.0,0.0,HOLD,0.0,"The current market indicators suggest a cautious approach. The RSI is relatively low, the P/E ratio is reasonable, and the trend is slightly declining, but not dramatically. Maintaining a strong cash position and avoiding speculative investments aligns with the core mandate of security and preserving capital.",79.63,81.79,48.7,-0.9559,1073536,0.86,19.7,12.4,3.21,-2.64,-1,0.12,0.15,-0.02
Day-52,google/gemma-3-4b-it,ISFJ,memory,crash,42,0.85,deterioration,79.63,92.06062341675386,10000.0,10000.0,0.0,HOLD,0.0,"The current market indicators suggest a stable, albeit slightly declining, trend. Given my mandate of security and a low risk appetite, maintaining the existing cash position is the most prudent course of action. Further observation and a focus on preserving capital are paramount.",79.51,81.67,49.9,-0.8341,1463293,1.16,19.8,13.0,3.08,-2.65,-1,0.56,0.22,0.35
Day-53,google/gemma-3-4b-it,ISFJ,memory,crash,42,0.85,deterioration,81.18,91.76280482263184,10000.0,10000.0,0.0,HOLD,0.0,"The current market indicators suggest a stable, albeit slightly downward trend. Given my mandate to prioritize security and protect the principal, maintaining the existing cash position is the most prudent course of action. Further observation and a focus on risk mitigation are warranted before considering any trades.",79.52,81.56,55.3,-0.6052,1246058,0.99,19.9,13.3,3.01,-2.5,-1,-0.23,0.22,-0.46
Day-54,google/gemma-3-4b-it,ISFJ,memory,crash,42,0.85,deterioration,79.97,92.25520523302804,10000.0,10000.0,0.0,HOLD,0.0,"The current market indicators suggest a cautious approach. The low RSI, combined with the slight negative trend and modest volatility, indicates stability. Maintaining a strong cash position and avoiding speculative trades aligns with the core mandate of security and preserving capital.",79.55,81.42,47.1,-0.5159,1129122,0.9,20.0,13.0,3.08,-2.3,-1,-0.37,0.1,-0.47
Day-55,google/gemma-3-4b-it,ISFJ,memory,crash,42,0.85,deterioration,76.19,92.31296811567836,10000.0,10000.0,0.0,HOLD,0.0,"The current market indicators suggest a cautious approach. The low RSI and negative news sentiment, combined with the slight downward trend, indicate potential instability. Maintaining a strong cash position and avoiding speculative investments aligns with the core mandate of security and preserving capital.",79.15,81.3,44.4,-0.7416,1229567,0.99,20.1,12.4,3.23,-2.64,-1,-0.53,-0.09,-0.44
Day-56,google/gemma-3-4b-it,ISFJ,memory,crash,42,0.85,deterioration,77.57,92.11120967981127,10000.0,10000.0,0.0,HOLD,0.0,"The current market indicators suggest a cautious approach. While the P/E ratio is attractive, the slight downward trend and moderate RSI indicate potential instability. Maintaining a strong cash position and avoiding speculative investments aligns with the core mandate of security and preserving capital.",78.98,81.19,46.0,-0.7997,1490016,1.18,20.2,12.6,3.17,-2.72,-1,0.45,-0.03,0.47
Day-57,google/gemma-3-4b-it,ISFJ,memory,crash,42,0.85,deterioration,79.31,91.07406212446463,10000.0,10000.0,0.0,HOLD,0.0,"The current market indicators suggest a stable, albeit slightly downward trend. Given my mandate to prioritize security and protect the principal, maintaining the existing cash position is the most prudent course of action. A low RSI and conservative P/E ratio indicate a lack of significant upside potential, while the low volume ratio suggests limited market activity.",79.08,81.07,48.2,-0.697,1246309,0.98,20.3,13.1,3.06,-2.45,-1,0.2,-0.1,0.3
Day-58,google/gemma-3-4b-it,ISFJ,memory,crash,42,0.85,deterioration,76.45,91.18716596397313,10000.0,10000.0,0.0,HOLD,0.0,"The current market indicators suggest a cautious approach. The RSI is relatively low, indicating potential undervaluation, but the slight downward trend and negative news sentiment warrant holding current cash. Prioritizing capital preservation and minimizing risk aligns with the guardian investor mandate.",78.92,80.89,42.8,-0.8371,1164375,0.91,20.4,12.6,3.18,-2.44,-1,-0.02,-0.06,0.04
Day-59,google/gemma-3-4b-it,ISFJ,memory,crash,42,0.85,deterioration,78.32,91.35550513342329,10000.0,10000.0,0.0,HOLD,0.0,"The current market indicators suggest a stable, albeit slightly declining, trend. Given my mandate to prioritize security and protect the principal, maintaining the existing cash position is the most prudent course of action. A low P/E ratio and moderate RSI indicate a reasonable level of undervaluation, warranting continued observation rather than immediate intervention.",78.91,80.77,52.6,-0.7882,1316700,1.02,20.5,12.9,3.11,-2.3,-1,0.08,0.04,0.05
Day-60,google/gemma-3-4b-it,ISFJ,memory,crash,42,0.85,deterioration,78.96,91.52574724710549,10000.0,10000.0,0.0,HOLD,0.0,"The current market indicators suggest a cautious approach. While the P/E ratio is attractive, the negative news sentiment and slight downward trend warrant holding current cash. Prioritizing capital preservation and avoiding potential losses aligns with the guardian investor mandate – sleep well tonight.",78.79,80.55,51.1,-0.6897,1120072,0.88,20.6,12.9,3.09,-2.18,-1,-0.34,0.07,-0.41
Day-61,google/gemma-3-4b-it,ISFJ,memory,crash,42,0.85,deterioration,75.66,90.64648883044444,10000.0,10000.0,0.0,HOLD,0.0,"The current market indicators suggest a stable, albeit slightly declining, trend. With a low risk appetite and a focus on security, maintaining the cash position is the prudent course of action. Protecting the principal and ensuring a peaceful night's sleep outweighs any potential gains at this time.",78.62,80.37,45.8,-0.868,1037931,0.82,20.7,12.5,3.19,-2.18,-1,0.73,0.13,0.6
Day-62,google/gemma-3-4b-it,ISFJ,memory,crash,42,0.85,deterioration,76.96,90.64134772685796,10000.0,10000.0,0.0,HOLD,0.0,"The current market indicators – a slightly declining trend, moderate RSI, and a reasonable P/E ratio – suggest a stable, albeit cautious, environment. Given my mandate of security and a low risk appetite, maintaining the existing cash position is the most prudent course of action. Further observation is warranted before considering any adjustments.",78.49,80.21,47.6,-0.8943,1064439,0.84,20.8,12.7,3.14,-2.14,-1,0.04,0.1,-0.06
Day-63,google/gemma-3-4b-it,ISFJ,memory,crash,42,0.85,deterioration,71.66,90.02911099400964,10000.0,10000.0,0.0,HOLD,0.0,"The current market indicators – low RSI, reasonable P/E ratio, and a slight downward trend – suggest continued caution. Maintaining a strong cash position of $10,000 provides a buffer against potential losses and aligns with the priority of safeguarding capital. Further observation is needed before considering any adjustments.",78.06,79.95,34.8,-1.3269,1064022,0.86,20.9,11.9,3.35,-2.36,-1,0.03,0.11,-0.08
Day-64,google/gemma-3-4b-it,ISFJ,memory,crash,42,0.85,deterioration,74.82,89.8322764347951,10000.0,10000.0,0.0,HOLD,0.0,"The current market indicators suggest a cautious approach. The low RSI and relatively stable price, coupled with a conservative P/E ratio, indicate a lack of immediate urgency. Maintaining a strong cash position and avoiding speculative trades aligns with the core mandate of security and preserving capital.",77.77,79.77,44.3,-1.3989,1075951,0.87,21.0,12.5,3.2,-2.51,-1,0.22,0.14,0.08
Day-65,google/gemma-3-4b-it,ISFJ,memory,crash,42,0.85,deterioration,76.7,90.68474392385534,10000.0,10000.0,0.0,HOLD,0.0,"The current market indicators suggest a cautious approach. While the P/E ratio is attractive, the slight downward trend and moderate RSI indicate potential headwinds. Maintaining a strong cash position and avoiding speculative investments aligns with the core mandate of security and preserving capital.",77.76,79.67,49.9,-1.2891,1069413,0.87,21.1,12.7,3.15,-2.39,-1,0.14,0.23,-0.09
Day-66,google/gemma-3-4b-it,ISFJ,memory,crash,42,0.85,deterioration,75.31,90.80470229276642,10000.0,10000.0,0.0,HOLD,0.0,"The current market indicators suggest a cautious approach. While the P/E ratio is attractive, the slight downward trend and RSI indicate potential weakness. Maintaining a strong cash position and avoiding speculative investments aligns with the core mandate of security and preserving capital.",77.61,79.49,43.1,-1.2994,1320437,1.08,21.2,12.4,3.22,-2.37,-1,0.07,0.1,-0.03
Day-67,google/gemma-3-4b-it,ISFJ,memory,crash,42,0.85,deterioration,78.9,89.93867848351364,10000.0,10000.0,0.0,HOLD,0.0,"The current market indicators suggest a cautious approach. The low RSI and negative news sentiment, combined with the conservative trend and a reasonable P/E ratio, indicate stability. Maintaining a strong cash position and avoiding speculative investments aligns with the core mandate of security and preserving capital.",77.64,79.44,46.6,-1.0067,1090940,0.89,21.3,13.2,3.04,-2.27,-1,-0.24,0.04,-0.28
Day-68,google/gemma-3-4b-it,ISFJ,memory,crash,42,0.85,deterioration,74.63,90.32455125907259,10000.0,10000.0,0.0,HOLD,0.0,"The current market indicators suggest a cautious approach. The RSI is relatively low, indicating potential undervaluation, but the trend is slightly negative and volatility is present. Maintaining a strong cash position and avoiding speculative trades aligns with the core mandate of security and preserving capital.",77.46,79.29,42.7,-1.1062,1172833,0.97,21.4,12.4,3.23,-2.31,-1,0.14,0.07,0.07
Day-69,google/gemma-3-4b-it,ISFJ,memory,crash,42,0.85,deterioration,75.71,89.85170408847318,10000.0,10000.0,0.0,HOLD,0.0,"The current market indicators suggest a cautious approach. While the P/E ratio is attractive, the slight downward trend and moderate RSI indicate potential instability. Maintaining a strong cash position and avoiding speculative investments aligns with the core mandate of security and preserving capital.",77.16,79.17,49.3,-1.0852,1448394,1.19,21.5,12.6,3.16,-2.53,-1,0.56,0.14,0.43
Day-70,google/gemma-3-4b-it,ISFJ,memory,crash,42,0.85,deterioration,76.01,89.19642746446958,10000.0,10000.0,0.0,HOLD,0.0,"The current market indicators suggest a cautious approach. The low RSI, combined with the conservative trend and P/E ratio, indicates stability, though the slight downward trend warrants monitoring. Maintaining a strong cash position and avoiding speculative investments aligns with the core mandate of security and preserving capital.",77.04,79.05,47.6,-1.0325,1236980,1.03,21.6,12.8,3.13,-2.54,-1,0.4,0.19,0.22
Day-71,google/gemma-3-4b-it,ISFJ,memory,crash,42,0.85,deterioration,78.28,89.54778641034915,10000.0,10000.0,0.0,HOLD,0.0,"The current market indicators suggest a stable, albeit slightly downward trend. Given my mandate to prioritize security and protect the principal, maintaining the existing cash position is the most prudent course of action. A low RSI and conservative P/E ratio indicate a lack of significant upward momentum, minimizing potential risk.",77.11,78.88,48.4,-0.7988,1333778,1.1,21.6,13.1,3.05,-2.25,-1,0.48,0.27,0.21
Day-72,google/gemma-3-4b-it,ISFJ,memory,crash,42,0.85,deterioration,74.33,89.98420815665071,10000.0,10000.0,0.0,HOLD,0.0,"The current market indicators suggest a cautious approach. The low RSI, combined with the slight downward trend and negative news sentiment, indicates potential instability. Maintaining a strong cash position and avoiding speculative investments aligns with the core mandate of security and preserving capital.",76.85,78.78,46.9,-0.9212,1086159,0.91,21.7,12.4,3.23,-2.46,-1,-0.15,0.29,-0.44
Day-73,google/gemma-3-4b-it,ISFJ,memory,crash,42,0.85,deterioration,77.43,89.04537811968552,10000.0,10000.0,0.0,HOLD,0.0,"The current market indicators suggest a cautious approach. The low RSI, combined with the negative news sentiment and slight downward trend, indicates potential instability. Maintaining a strong cash position and avoiding speculative trades aligns with the core mandate of security and preserving capital.",76.66,78.67,48.8,-0.7594,1096144,0.92,21.8,13.0,3.07,-2.55,-1,-0.3,0.2,-0.5
Day-74,google/gemma-3-4b-it,ISFJ,memory,crash,42,0.85,deterioration,76.26,89.6937142329703,10000.0,10000.0,0.0,HOLD,0.0,"The current market indicators suggest a cautious approach. The low RSI, combined with the negative news sentiment and modest trend deviation, indicate potential instability. Maintaining a strong cash position and prioritizing capital preservation aligns with the guardian investor mandate – sleep well tonight.",76.47,78.61,46.2,-0.7179,1020434,0.86,21.9,12.8,3.14,-2.72,-1,-0.04,0.08,-0.12
Day-75,google/gemma-3-4b-it,ISFJ,memory,crash,42,0.85,deterioration,72.86,87.44962111884121,10000.0,10000.0,0.0,HOLD,0.0,"The current market indicators suggest a cautious approach. While the P/E ratio is attractive, the slight downward trend and moderate RSI indicate potential weakness. Maintaining a strong cash position and avoiding speculative investments aligns with the core mandate of security and preserving capital.",76.31,78.45,46.1,-0.948,1084467,0.92,22.0,12.5,3.2,-2.73,-1,0.02,0.0,0.02
Day-76,google/gemma-3-4b-it,ISFJ,memory,crash,42,0.85,deterioration,76.36,89.01854618889648,10000.0,10000.0,0.0,HOLD,0.0,"The current market indicators suggest a stable, albeit slightly downward trend. Given my mandate to prioritize security and protect the principal, maintaining the existing cash position is the most prudent course of action. A low RSI and conservative P/E ratio indicate a reasonable level of risk, and no immediate action is warranted.",76.25,78.31,49.2,-0.8384,1139295,0.98,22.1,12.9,3.11,-2.63,-1,0.33,-0.03,0.36
Day-77,google/gemma-3-4b-it,ISFJ,memory,crash,42,0.85,deterioration,75.52,88.49921973665073,10000.0,10000.0,0.0,HOLD,0.0,"The market shows a slight downward trend and the RSI is moderately high, indicating potential weakness. Given my mandate to prioritize security and protect capital, maintaining the current cash position is the most prudent course of action. A small put option could be considered as insurance, but a full investment is not warranted at this time.",76.06,78.19,55.7,-0.8097,1088505,0.95,22.2,12.8,3.12,-2.73,-1,-0.51,-0.1,-0.41
Day-78,google/gemma-3-4b-it,ISFJ,memory,crash,42,0.85,deterioration,74.03,88.1542937931215,10000.0,10000.0,0.0,HOLD,0.0,"The current market indicators suggest a cautious approach. The low RSI, combined with the slight downward trend and moderate volatility, indicates potential instability. Maintaining a strong cash position and avoiding speculative investments aligns with the core mandate of security and preserving capital.",75.94,78.07,48.8,-0.8969,1044351,0.91,22.3,12.6,3.18,-2.74,-1,0.46,0.05,0.41
Day-79,google/gemma-3-4b-it,ISFJ,memory,crash,42,0.85,deterioration,75.07,88.19777912244496,10000.0,10000.0,0.0,HOLD,0.0,"The market shows slight downward trend and RSI is relatively low, indicating stability. Given the mandate to prioritize security and protect capital, maintaining the current cash position is the most prudent course of action. Further observation is warranted before considering any adjustments.",75.77,77.97,47.4,-0.872,1060317,0.94,22.4,12.8,3.13,-2.82,-1,-0.05,0.05,-0.1
Day-80,google/gemma-3-4b-it,ISFJ,memory,crash,42,0.85,deterioration,73.38,87.00621554269955,10000.0,10000.0,0.0,HOLD,0.0,"The current market indicators suggest a cautious approach. The RSI is relatively low, indicating potential undervaluation, but the slight downward trend and negative news sentiment warrant holding current cash. Prioritizing security and preserving capital is paramount, and a defensive posture is the most prudent course of action.",75.49,77.8,46.9,-0.9777,1230389,1.08,22.5,12.7,3.16,-2.96,-1,-0.13,0.02,-0.15
Day-81,google/gemma-3-4b-it,ISFJ,memory,crash,42,0.85,panic,73.51,86.28654365486204,10000.0,10000.0,0.0,HOLD,0.0,"The market shows a slight downward trend and elevated volatility, with negative news sentiment. Maintaining cash is the most prudent course of action given the current risk profile and my mandate to prioritize security and protect capital. A defensive posture is essential until the market stabilizes.",75.39,77.67,40.5,-1.0386,2206333,1.84,22.5,12.8,3.13,-2.94,-1,-0.99,-0.24,-0.75
Day-82,google/gemma-3-4b-it,ISFJ,memory,crash,42,0.85,panic,74.22,86.14365622637378,10000.0,10000.0,0.0,HOLD,0.0,"The current market indicators suggest a cautious approach. The slight downward trend, combined with a relatively low RSI and a manageable P/E ratio, indicates stability. Maintaining a strong cash position is paramount to protect against potential losses, aligning with the core mandate of security and preserving capital.",75.25,77.51,49.2,-1.0184,2404342,1.9,22.9,12.9,3.1,-2.92,-1,-0.27,-0.2,-0.08
Day-83,google/gemma-3-4b-it,ISFJ,memory,crash,42,0.85,panic,76.43,87.1215502711153,10000.0,10000.0,0.0,HOLD,0.0,"The current market indicators suggest a cautious approach. The RSI is moderately high, the trend is slightly negative, and the volume ratio indicates potential selling pressure. Maintaining a strong cash position and avoiding speculative trades aligns with the core mandate of security and preserving capital.",75.49,77.42,51.4,-0.8142,2588278,1.93,23.3,13.2,3.04,-2.5,-1,-0.7,-0.43,-0.27
Day-84,google/gemma-3-4b-it,ISFJ,memory,crash,42,0.85,panic,71.33,86.10328005284165,10000.0,10000.0,0.0,HOLD,0.0,"The current price and RSI indicate a period of consolidation, and the market sentiment is negative. Given the mandate to prioritize security and protect the principal, maintaining the cash position is the most prudent course of action. A small put option could be considered for added protection, but a trade is not warranted at this time.",75.31,77.26,42.4,-1.0518,2827194,1.98,23.6,12.4,3.22,-2.52,-1,-0.76,-0.57,-0.19
Day-85,google/gemma-3-4b-it,ISFJ,memory,crash,42,0.85,panic,75.28,84.79478644994846,10000.0,10000.0,0.0,HOLD,0.0,"The market shows a slight downward trend and the RSI is relatively low, indicating potential stability. Given my mandate to prioritize security and protect the principal, maintaining the current cash position is the most prudent course of action. A small put option could be considered for added protection, but a full investment is not warranted at this time.",75.24,77.09,45.3,-0.9114,2177570,1.47,24.0,13.3,3.0,-2.39,-1,-0.97,-0.74,-0.23
Day-86,google/gemma-3-4b-it,ISFJ,memory,crash,42,0.85,panic,68.3,83.79302940636393,10000.0,10000.0,0.0,HOLD,0.0,"The current market indicators suggest a cautious approach. The low RSI, combined with the negative news sentiment and slight trend decline, indicates potential instability. Maintaining a strong cash position and avoiding speculative investments aligns with the core mandate of security and protecting capital.",74.89,76.83,41.5,-1.3477,3036648,1.94,24.4,12.2,3.27,-2.53,-1,-0.66,-0.67,0.01
Day-87,google/gemma-3-4b-it,ISFJ,memory,crash,42,0.85,panic,71.35,84.208431524066,10000.0,10000.0,0.0,HOLD,0.0,"The current market indicators suggest a cautious approach. The RSI is relatively low, indicating potential undervaluation, but the negative news sentiment and slight trend decline warrant holding current cash. Prioritizing capital preservation and minimizing risk aligns with the guardian investor mandate.",74.51,76.71,41.4,-1.4307,2895144,1.75,24.8,12.7,3.15,-2.87,-1,-0.92,-0.8,-0.11
Day-88,google/gemma-3-4b-it,ISFJ,memory,crash,42,0.85,panic,72.31,84.03718263372569,10000.0,10000.0,0.0,HOLD,0.0,"The current market indicators suggest a cautious approach. The low RSI, combined with the slight downward trend and negative news sentiment, indicates potential instability. Maintaining a strong cash position and avoiding speculative investments aligns with the core mandate of security and preserving capital.",74.4,76.57,44.4,-1.4024,2328747,1.36,25.2,12.9,3.1,-2.83,-1,-0.78,-0.82,0.04
Day-89,google/gemma-3-4b-it,ISFJ,memory,crash,42,0.85,panic,70.98,83.00742242995865,10000.0,10000.0,0.0,HOLD,0.0,"The market shows a slight downward trend and the RSI is relatively low, indicating potential stability. Given my mandate of security and a low risk appetite, maintaining the current cash position is the most prudent course of action. Further observation is warranted before considering any adjustments.",74.16,76.41,47.1,-1.4708,3263216,1.81,25.6,12.8,3.12,-2.95,-1,-0.29,-0.72,0.43
Day-90,google/gemma-3-4b-it,ISFJ,memory,crash,42,0.85,panic,69.63,83.02068986307201,10000.0,10000.0,0.0,HOLD,0.0,"The current market indicators suggest a cautious approach. The low RSI, combined with the negative news sentiment and slight trend decline, indicates potential instability. Maintaining a strong cash position and avoiding speculative investments aligns with the core mandate of security and preserving capital.",73.84,76.18,39.1,-1.6149,3366429,1.76,25.9,12.6,3.18,-3.07,-1,-0.82,-0.69,-0.13
Day-91,google/gemma-3-4b-it,ISFJ,memory,crash,42,0.85,panic,69.91,82.61776741242005,10000.0,10000.0,0.0,HOLD,0.0,"The current market indicators – low RSI, reasonable P/E, and a slight downward trend – suggest continued caution. Maintaining a strong cash position of $10,000 provides a buffer against potential losses and aligns with the core mandate of security. Further observation is needed before considering any adjustments.",73.42,76.0,40.7,-1.6871,2410413,1.22,26.3,12.7,3.15,-3.39,-1,-0.57,-0.67,0.1
Day-92,google/gemma-3-4b-it,ISFJ,memory,crash,42,0.85,panic,69.88,83.08641240295293,10000.0,10000.0,0.0,HOLD,0.0,"The current market indicators suggest a cautious approach. The RSI is relatively low, indicating potential undervaluation, but the negative news sentiment and slight trend decline warrant holding current cash. Prioritizing capital preservation and avoiding speculative moves aligns with the guardian investor mandate.",73.2,75.8,42.8,-1.7268,2701380,1.32,26.7,12.6,3.17,-3.43,-1,-0.94,-0.68,-0.26
Day-93,google/gemma-3-4b-it,ISFJ,memory,crash,42,0.85,panic,68.72,81.88435930907558,10000.0,10000.0,0.0,HOLD,0.0,"The current market indicators suggest a cautious approach. The low RSI, combined with the negative news sentiment and slight trend decline, indicate potential instability. Maintaining a strong cash position and avoiding speculative trades aligns with the core mandate of security and preserving capital.",72.77,75.57,39.0,-1.8312,3376954,1.56,27.1,12.6,3.18,-3.71,-1,-0.81,-0.68,-0.12
Day-94,google/gemma-3-4b-it,ISFJ,memory,crash,42,0.85,panic,70.17,81.05669716247782,10000.0,10000.0,0.0,HOLD,0.0,"The market shows a slight downward trend and the RSI is relatively low, indicating potential stability. Given my mandate of security and a low risk appetite, maintaining the current cash position is the most prudent course of action. Further observation is warranted before considering any trades.",72.46,75.36,44.4,-1.7761,3353808,1.47,27.5,13.0,3.08,-3.85,-1,-0.45,-0.72,0.27
Day-95,google/gemma-3-4b-it,ISFJ,memory,crash,42,0.85,panic,68.68,80.16458900934566,10000.0,10000.0,0.0,HOLD,0.0,"The current market indicators suggest a cautious approach. The RSI is relatively low, indicating potential undervaluation, but the negative news sentiment and slight trend decline warrant holding current cash. Prioritizing capital preservation and avoiding speculative moves aligns with the guardian investor mandate.",72.25,75.2,42.0,-1.8321,2702881,1.15,27.8,12.9,3.11,-3.92,-1,-0.93,-0.74,-0.19
Day-96,google/gemma-3-4b-it,ISFJ,memory,crash,42,0.85,panic,65.43,78.20107406121353,10000.0,10000.0,0.0,HOLD,0.0,"The current market indicators – low RSI, reasonable P/E ratio, and a slight downward trend – suggest continued caution. Maintaining a strong cash position of $10,000 provides a buffer against potential losses, aligning with the core mandate of security and preserving capital. Further observation is warranted before considering any adjustments.",71.71,74.94,36.5,-2.1139,2771048,1.13,28.2,12.6,3.19,-4.32,-1,-0.44,-0.71,0.27
Day-97,google/gemma-3-4b-it,ISFJ,memory,crash,42,0.85,panic,67.65,77.99719433827812,10000.0,10000.0,0.0,HOLD,0.0,"The current market indicators – low RSI, reasonable P/E ratio, and a slight downward trend – suggest continued caution. Maintaining a strong cash position of $10,000 is paramount to protect against potential losses, and the volume ratio indicates a lack of strong conviction. Prioritizing security and stability aligns with the guardian investor mandate.",71.31,74.73,36.5,-2.1338,3013311,1.19,28.6,13.0,3.07,-4.57,-1,-0.66,-0.65,-0.0
Day-98,google/gemma-3-4b-it,ISFJ,memory,crash,42,0.85,panic,66.56,77.75824961045801,10000.0,10000.0,0.0,HOLD,0.0,"The current market indicators suggest a cautious approach. The low RSI, combined with the negative news sentiment and slight trend decline, indicate potential instability. Maintaining a strong cash position and avoiding speculative trades aligns with the core mandate of security and preserving capital.",70.94,74.49,41.7,-2.2122,3200402,1.21,29.0,12.8,3.12,-4.77,-1,-0.91,-0.68,-0.24
Day-99,google/gemma-3-4b-it,ISFJ,memory,crash,42,0.85,panic,66.89,77.26336306710047,10000.0,8000.0,29.89983555090447,BUY,0.2,"The RSI is extremely low, indicating undervaluation and potential for recovery. The P/E ratio is attractive, and the trend, while slightly negative, remains positive. Buying a small amount now provides a hedge against further downside risk and aligns with the mandate of securing the principal.",70.53,74.2,33.2,-2.2215,3417044,1.24,29.4,13.0,3.08,-4.95,-1,-0.67,-0.72,0.05
Day-100,google/gemma-3-4b-it,ISFJ,memory,crash,42,0.85,panic,65.99,76.52877593372531,9973.090148004187,8000.0,29.89983555090447,HOLD,0.0,"The current market indicators suggest a cautious approach. The RSI is relatively low, indicating potential undervaluation, but the negative news sentiment and slight downward trend warrant holding current positions. Prioritizing capital preservation and minimizing risk aligns with the guardian investor mandate.",70.16,73.95,43.9,-2.2752,3131784,1.1,29.7,12.9,3.09,-5.12,-1,-0.61,-0.66,0.05
Day-101,google/gemma-3-4b-it,ISFJ,memory,crash,42,0.85,panic,62.18,74.6134051916749,9859.17177455524,8000.0,29.89983555090447,HOLD,0.0,"The current market indicators – low RSI, reasonable P/E ratio, and a slight downward trend – suggest continued caution. Maintaining a strong cash position of $8000 provides a buffer against potential losses, aligning with the core mandate of security. Further observation is warranted before considering any adjustments.",69.59,73.66,26.7,-2.5957,3297292,1.13,30.1,12.5,3.2,-5.52,-1,-0.68,-0.71,0.03
Day-102,google/gemma-3-4b-it,ISFJ,memory,crash,42,0.85,panic,61.8,73.69275986890955,9847.809837045896,8000.0,29.89983555090447,HOLD,0.0,"The current market indicators – low RSI, conservative trend lines, and negative news sentiment – suggest continued volatility. Given my mandate to prioritize security and protect principal, holding the existing position and maintaining a strong cash reserve is the most prudent course of action. Further observation is warranted before considering any adjustments.",68.97,73.3,22.5,-2.8475,3725384,1.25,30.5,12.6,3.18,-5.9,-1,-1.0,-0.77,-0.23
Day-103,google/gemma-3-4b-it,ISFJ,memory,crash,42,0.85,panic,63.04,72.85004535238278,9884.885633129017,6400.0,55.280546210802946,BUY,0.2,"The RSI is extremely low, indicating significant undervaluation. The P/E ratio is attractive, and the overall trend, while slightly negative, is supported by a strong SMA. Buying a small amount provides a hedge against further downside and aligns with the mandate of securing principal.",68.3,72.94,29.1,-2.913,2796124,0.94,30.9,13.0,3.08,-6.35,-1,-0.95,-0.78,-0.17
Day-104,google/gemma-3-4b-it,ISFJ,memory,crash,42,0.85,panic,61.73,71.54776808316116,9812.468117592865,6400.0,55.280546210802946,HOLD,0.0,"The current market indicators – low RSI, reasonable P/E ratio, and stable volume – suggest a period of consolidation. Given my mandate of security and a low risk appetite, maintaining the existing portfolio and focusing on preserving capital is the prudent course of action. Adding hedges would be a more appropriate response than initiating new trades.",67.82,72.57,29.2,-3.0359,3130505,1.04,31.3,12.9,3.09,-6.54,-1,-0.85,-0.82,-0.03
Day-105,google/gemma-3-4b-it,ISFJ,memory,crash,42,0.85,panic,60.22,70.88648237149515,9728.994492814552,4480.0,87.16364152797333,BUY,0.3,"The RSI is extremely low, indicating significant undervaluation. Given the market trend and my mandate for security, a small purchase of a sector leader with a low P/E ratio offers a potential long-term, low-risk opportunity to bolster the portfolio. Adding a put option for insurance is also prudent.",67.07,72.25,26.0,-3.2179,3817085,1.24,31.7,12.7,3.14,-7.17,-1,-0.81,-0.86,0.04
Day-106,google/gemma-3-4b-it,ISFJ,memory,crash,42,0.85,panic,60.35,70.79053322830968,9740.325766213191,4480.0,87.16364152797333,HOLD,0.0,"The current market indicators – low RSI, reasonable P/E ratio, and a slight downward trend – suggest continued caution. Given my mandate of security and a low risk appetite, maintaining the existing portfolio and prioritizing cash reserves is the most prudent course of action. A slight dip in the SMA doesn't warrant any immediate action, focusing on preserving capital is paramount.",66.67,71.91,26.5,-3.3138,4121989,1.31,32.0,12.8,3.13,-7.28,-1,-0.68,-0.86,0.18
Day-107,google/gemma-3-4b-it,ISFJ,memory,crash,42,0.85,panic,63.27,72.17671912952022,9994.843599474872,4480.0,87.16364152797333,HOLD,0.0,"The current market indicators suggest a period of consolidation and potential downside risk. The RSI is low, indicating undervaluation, but the trend is weakening and volume is slightly elevated. Maintaining a strong cash position and avoiding speculative trades aligns with the core mandate of security and preserving capital.",66.27,71.59,37.6,-3.1183,3618518,1.14,32.4,13.1,3.04,-7.43,-1,-0.76,-0.81,0.05
Day-108,google/gemma-3-4b-it,ISFJ,memory,crash,42,0.85,panic,60.19,71.85129694235205,9726.379583568714,4480.0,87.16364152797333,HOLD,0.0,"The current market indicators – low RSI, reasonable P/E, and a slight downward trend – suggest continued caution. Maintaining the existing portfolio with a focus on cash provides a buffer against potential losses, aligning with the core mandate of security and preserving capital. A defensive posture is warranted given the negative news sentiment.",65.66,71.26,28.9,-3.1754,3690877,1.14,32.8,12.6,3.18,-7.86,-1,-1.0,-0.82,-0.18
Day-109,google/gemma-3-4b-it,ISFJ,memory,crash,42,0.85,panic,61.69,71.60884733307482,9857.125045860674,4480.0,87.16364152797333,HOLD,0.0,"The current market indicators – low RSI, reasonable P/E ratio, and a slight downward trend – suggest continued caution. Maintaining the existing portfolio with a focus on cash reserves aligns with the guardian investor mandate of prioritizing security and minimizing risk. A small put option could be considered as insurance, but a full commitment is not warranted.",65.2,70.93,35.2,-3.0641,3107185,0.96,33.2,12.9,3.1,-8.08,-1,-0.72,-0.8,0.07
Day-110,google/gemma-3-4b-it,ISFJ,memory,crash,42,0.85,panic,60.08,71.03440141730866,9716.791583000637,4480.0,87.16364152797333,HOLD,0.0,"The current market indicators suggest a period of consolidation and potential downside risk. With a low risk appetite and a focus on security, maintaining the existing portfolio and utilizing protective measures like puts is the most prudent course of action. Preserving capital and ensuring a stable foundation is paramount.",64.72,70.55,37.9,-3.0706,3650377,1.12,33.6,12.7,3.15,-8.27,-1,-0.68,-0.77,0.09
Day-111,google/gemma-3-4b-it,ISFJ,memory,crash,42,0.85,panic,58.0,68.61563020200961,9535.491208622454,4480.0,87.16364152797333,HOLD,0.0,"The current market indicators – low RSI, a negative news sentiment, and a slight downtrend – suggest continued volatility. Given my mandate to prioritize security and protect the principal, holding the existing portfolio and maintaining a strong cash position is the most prudent course of action. Adding hedges would be a more appropriate response than increasing exposure.",64.13,70.2,28.0,-3.2065,3820388,1.15,33.9,12.7,3.15,-8.65,-1,-0.69,-0.77,0.08
Day-112,google/gemma-3-4b-it,ISFJ,memory,crash,42,0.85,panic,59.52,68.0891163265604,9667.979943744973,4480.0,87.16364152797333,HOLD,0.0,"The current market indicators – low RSI, reasonable P/E ratio, and stable volume – suggest a period of consolidation. Given my mandate of security and prioritizing principal protection, maintaining the existing portfolio and avoiding speculative trades is the most prudent course of action. A conservative approach is paramount to ensure a peaceful night’s sleep.",63.61,69.85,34.3,-3.1547,3420717,1.02,34.3,13.1,3.05,-8.94,-1,-0.58,-0.73,0.15
Day-113,google/gemma-3-4b-it,ISFJ,memory,crash,42,0.85,panic,58.74,67.64934653650141,9599.992303353152,4480.0,87.16364152797333,HOLD,0.0,"The current market indicators – low RSI, reasonable P/E ratio, and stable volume – suggest a period of consolidation. Given my mandate to prioritize security and protect principal, maintaining the existing portfolio is the most prudent course of action. A small put option could be considered for added protection, but a full trade is not warranted.",63.11,69.59,32.1,-3.1406,3500019,1.04,34.7,13.0,3.07,-9.32,-1,-0.63,-0.66,0.03
Day-114,google/gemma-3-4b-it,ISFJ,memory,crash,42,0.85,panic,60.39,69.6125886489867,9743.81231187431,4480.0,87.16364152797333,HOLD,0.0,"The current market indicators – low RSI, reasonable P/E ratio, and a slight downward trend – suggest continued caution. Maintaining the existing portfolio with a focus on cash reserves aligns with the core mandate of security and protecting principal. A small put option could be considered for added insurance, but a full buy is not warranted given the prevailing uncertainty.",62.62,69.3,38.1,-2.9621,3706951,1.1,35.1,13.0,3.07,-9.65,-1,-0.71,-0.66,-0.05
Day-115,google/gemma-3-4b-it,ISFJ,memory,crash,42,0.85,panic,60.54,68.92022768420559,9756.886858103506,4480.0,87.16364152797333,HOLD,0.0,"The market shows a slight downward trend and the RSI is relatively low, indicating potential stability. Given my mandate of security and a low risk appetite, maintaining the current holdings is the prudent course of action. A small put option could be considered as insurance, but a full trade is not warranted at this time.",62.21,68.98,45.9,-2.7766,3184180,0.93,35.5,13.2,3.04,-9.81,-1,-0.81,-0.69,-0.13
Day-116,google/gemma-3-4b-it,ISFJ,memory,crash,42,0.85,panic,58.45,68.72177502653919,9574.714847310042,4480.0,87.16364152797333,HOLD,0.0,"The current market indicators – low RSI, reasonable P/E ratio, and stable volume – suggest a period of consolidation. Given my mandate of security and a low risk appetite, maintaining the existing portfolio is the prudent course of action. Adding hedges would be a more appropriate response than increasing exposure.",61.86,68.64,42.2,-2.7668,3699583,1.07,35.8,12.8,3.14,-9.88,-1,-1.0,-0.75,-0.25
Day-117,google/gemma-3-4b-it,ISFJ,memory,crash,42,0.85,panic,58.98,68.18706325683395,9620.911577319866,4480.0,87.16364152797333,HOLD,0.0,"The current market indicators – low RSI, reasonable P/E ratio, and stable volume – suggest a period of consolidation. Given my mandate of security and a low risk appetite, maintaining the existing portfolio is the prudent course of action. Adding hedges would be a more appropriate response than increasing exposure.",61.43,68.25,40.3,-2.6847,3560806,1.02,36.2,13.0,3.08,-9.99,-1,-0.71,-0.77,0.06
Day-118,google/gemma-3-4b-it,ISFJ,memory,crash,42,0.85,panic,56.08,66.51838521921442,9368.137016888744,4480.0,87.16364152797333,HOLD,0.0,"The current market indicators – low RSI, reasonable P/E ratio, and stable volume – suggest a period of consolidation. Given my mandate of security and a low risk appetite, maintaining the existing portfolio is the prudent course of action. Adding hedges would be a more appropriate response than increasing exposure.",60.91,67.87,37.4,-2.8217,3787114,1.08,36.6,12.6,3.16,-10.27,-1,-0.76,-0.8,0.04
Day-119,google/gemma-3-4b-it,ISFJ,memory,crash,42,0.85,panic,57.57,67.16120803372944,9498.010842765423,4480.0,87.16364152797333,HOLD,0.0,"The current market indicators suggest a cautious approach. The RSI is relatively low, the P/E ratio is reasonable, and the trend is slightly negative, but not alarming. Maintaining the existing portfolio with a focus on preserving capital aligns with the core mandate of security and minimizing risk.",60.44,67.51,44.1,-2.7774,3485032,0.99,37.0,12.9,3.11,-10.47,-1,-0.75,-0.81,0.06
Day-120,google/gemma-3-4b-it,ISFJ,memory,crash,42,0.85,panic,57.11,67.41314106641622,9457.915567662556,4480.0,87.16364152797333,HOLD,0.0,"The current market indicators suggest a cautious approach. The RSI is relatively low, indicating potential undervaluation, but the negative news sentiment and slight trend divergence warrant holding current positions. Prioritizing capital preservation and minimizing risk aligns with the guardian investor mandate.",60.0,67.13,42.9,-2.7483,4801214,1.34,37.4,12.7,3.15,-10.63,-1,-1.0,-0.84,-0.16
Day-121,google/gemma-3-4b-it,ISFJ,memory,crash,42,0.85,panic,57.69,67.70417301345927,9508.470479748781,4480.0,87.16364152797333,HOLD,0.0,"The current market indicators – low RSI, reasonable P/E ratio, and a slight downward trend – suggest continued caution. Maintaining the existing portfolio with a focus on cash reserves aligns with the core mandate of security and protecting capital. A defensive posture is warranted given the negative news sentiment and volume ratio.",59.77,66.72,36.4,-2.6472,4351960,1.19,37.8,12.8,3.13,-10.42,-1,-1.0,-0.84,-0.16
Day-122,google/gemma-3-4b-it,ISFJ,memory,crash,42,0.85,panic,57.24,66.29478555866453,9469.246841061195,4480.0,87.16364152797333,HOLD,0.0,"The current market indicators suggest a period of consolidation, and the RSI indicates a relatively low level of overbought conditions. Given the mandate to prioritize security and protect the principal, maintaining the existing portfolio with a focus on hedging is the most prudent course of action. A slight dip in the SMA could be mitigated with a put option, but immediate action isn't warranted.",59.54,66.38,41.8,-2.5738,4540851,1.23,38.1,13.0,3.09,-10.3,-1,-0.59,-0.82,0.23
Day-123,google/gemma-3-4b-it,ISFJ,memory,crash,42,0.85,panic,55.89,67.19757986960062,9351.57592499843,4480.0,87.16364152797333,HOLD,0.0,"The current market indicators – low RSI, reasonable P/E ratio, and a slight downward trend – suggest continued caution. Maintaining the existing portfolio with a focus on cash reserves aligns with the core mandate of security and minimizing potential losses. A defensive posture is paramount given the negative news sentiment.",59.19,65.95,33.6,-2.5949,4774682,1.26,38.5,12.5,3.21,-10.25,-1,-0.81,-0.83,0.02
Day-124,google/gemma-3-4b-it,ISFJ,memory,crash,42,0.85,panic,58.64,65.29572880680834,9591.275939200355,4480.0,87.16364152797333,HOLD,0.0,"The current market indicators suggest a stable, albeit slightly declining, trend. Given my mandate of security and a low risk appetite, maintaining the existing portfolio is the most prudent course of action. A small put option could be considered as insurance, but a full trade is not warranted at this time.",59.03,65.6,46.2,-2.3626,4319340,1.12,38.9,13.5,2.97,-10.01,-1,-0.66,-0.81,0.15
Day-125,google/gemma-3-4b-it,ISFJ,memory,crash,42,0.85,panic,54.07,65.3825859006086,9192.938097417518,4480.0,87.16364152797333,HOLD,0.0,"The current market indicators – low RSI, reasonable P/E, and a slight trend deviation – suggest a period of consolidation rather than a significant downturn. Maintaining the existing portfolio with a focus on cash reserves aligns with the core mandate of security and minimizing risk, prioritizing sleep and peace of mind.",58.72,65.22,40.8,-2.5184,3643267,0.95,39.3,12.4,3.22,-9.96,-1,-0.79,-0.77,-0.02
Day-126,google/gemma-3-4b-it,ISFJ,memory,crash,42,0.85,panic,55.19,67.07304152641859,9290.561375928848,4480.0,87.16364152797333,HOLD,0.0,"The current market indicators suggest a cautious approach. While the P/E ratio is attractive, the slight downward trend and negative news sentiment warrant holding current positions. Prioritizing capital preservation and minimizing risk aligns with the guardian investor mandate – sleep well tonight.",58.47,64.8,39.6,-2.5222,4472187,1.16,39.7,12.3,3.24,-9.77,-1,-0.79,-0.73,-0.06
Day-127,google/gemma-3-4b-it,ISFJ,memory,crash,42,0.85,panic,57.48,65.5825052012879,9490.166115027907,4480.0,87.16364152797333,HOLD,0.0,"The current market indicators suggest a slight downward trend, but the RSI is relatively neutral and the P/E ratio is attractive. Given my mandate of security and a low risk appetite, maintaining the existing portfolio and adding a protective put option is the most prudent course of action to safeguard capital and ensure a peaceful night’s sleep.",58.18,64.44,47.2,-2.3135,4603700,1.18,40.0,13.1,3.04,-9.71,-1,-0.61,-0.73,0.12
Day-128,google/gemma-3-4b-it,ISFJ,memory,crash,42,0.85,panic,56.03,64.51620747168512,9363.778834812347,4480.0,87.16364152797333,HOLD,0.0,"The current market indicators suggest a cautious approach. The negative news sentiment and slight trend decline, coupled with a relatively low RSI, indicate potential headwinds. Maintaining the existing portfolio and prioritizing capital preservation aligns with the guardian investor mandate – security and sleep are paramount.",57.97,64.08,40.2,-2.2399,4932484,1.24,40.4,13.0,3.07,-9.53,-1,-0.9,-0.75,-0.15
Day-129,google/gemma-3-4b-it,ISFJ,memory,crash,42,0.85,panic,55.43,64.11585883677276,9311.480649895562,4480.0,87.16364152797333,HOLD,0.0,"The current market indicators suggest a period of consolidation and low volatility, aligning with the mandate's focus on security. The RSI is relatively low, and the P/E ratio is attractive, indicating a stable investment. Maintaining the current holdings provides a solid foundation for long-term security, prioritizing capital preservation.",57.66,63.68,38.7,-2.2038,4409958,1.09,40.8,13.0,3.08,-9.47,-1,-0.78,-0.78,-0.0
Day-130,google/gemma-3-4b-it,ISFJ,memory,crash,42,0.85,panic,54.59,63.112383182656565,9238.263191012065,4480.0,87.16364152797333,HOLD,0.0,"The current market indicators suggest a slight downward trend, and the RSI is relatively low, indicating potential stability. Given my mandate of security and a low risk appetite, maintaining the existing portfolio and focusing on preserving capital is the most prudent course of action. A small put option could be considered for added protection, but a full trade is not warranted at this time.",57.38,63.31,41.0,-2.218,3894553,0.96,41.2,13.0,3.08,-9.36,-1,-0.89,-0.8,-0.1
Day-131,google/gemma-3-4b-it,ISFJ,memory,crash,42,0.85,panic,51.88,61.06171975159043,9002.049722471256,4480.0,87.16364152797333,HOLD,0.0,"The current market indicators – low RSI, reasonable P/E ratio, and stable volume – suggest a period of consolidation. Given my mandate of security and a low risk appetite, maintaining the existing portfolio and prioritizing cash reserves is the most prudent course of action. A slight dip in the SMA doesn't warrant immediate action, focusing on preserving capital is paramount.",57.08,62.88,35.0,-2.4195,4219179,1.04,41.6,12.7,3.14,-9.22,-1,-0.89,-0.82,-0.07
Day-132,google/gemma-3-4b-it,ISFJ,memory,crash,42,0.85,panic,50.19,60.63028272639646,8854.74316828898,4480.0,87.16364152797333,HOLD,0.0,"The current market indicators – low RSI, reasonable P/E ratio, and stable volume – suggest a period of consolidation. Given my mandate to prioritize security and protect principal, maintaining the existing portfolio is the most prudent course of action. A small put option could be considered as insurance, but a full trade is not warranted.",56.61,62.39,36.9,-2.685,4405746,1.07,41.9,12.4,3.22,-9.27,-1,-0.86,-0.87,0.0
Day-133,google/gemma-3-4b-it,ISFJ,memory,crash,42,0.85,panic,50.32,59.06797901267035,8866.074441687619,4480.0,87.16364152797333,HOLD,0.0,"The current market indicators – low RSI, conservative P/E ratio, and a slight downward trend – suggest continued caution. Maintaining the existing portfolio with a focus on cash reserves aligns with the core mandate of security and minimizing potential losses. A defensive posture is warranted given the overall market uncertainty.",56.19,61.87,32.8,-2.8519,4977912,1.19,42.3,12.8,3.13,-9.19,-1,-0.76,-0.84,0.08
Day-134,google/gemma-3-4b-it,ISFJ,memory,crash,42,0.85,panic,49.17,59.041571443305536,8765.836253930449,3136.0,114.49738161339127,BUY,0.3,"The RSI is extremely low, indicating undervaluation and potential for recovery. The P/E ratio is attractive, and the overall market trend, while slightly negative, is stable. Adding a small position in a sector leader offers a measured approach to increasing capital while prioritizing security.",55.63,61.43,31.7,-3.042,4880121,1.15,42.7,12.5,3.2,-9.45,-1,-0.9,-0.86,-0.04
Day-135,google/gemma-3-4b-it,ISFJ,memory,crash,42,0.85,panic,50.44,57.622147209071734,8911.247928579454,3136.0,114.49738161339127,HOLD,0.0,"The current market indicators – low RSI, reasonable P/E, and stable volume – suggest a period of consolidation. Given my mandate of security and a low risk appetite, maintaining the existing portfolio is the prudent course of action. A protective put option would be considered, but a full trade is not warranted at this time.",55.12,60.93,33.8,-3.0549,4512524,1.05,43.1,13.1,3.05,-9.54,-1,-0.55,-0.79,0.24
Day-136,google/gemma-3-4b-it,ISFJ,memory,crash,42,0.85,panic,49.65,58.67208161408927,8820.794997104877,3136.0,114.49738161339127,HOLD,0.0,"The current market indicators – low RSI, reasonable P/E ratio, and a slight downward trend – suggest continued caution. Given my mandate of security and a low risk appetite, maintaining the existing portfolio and prioritizing cash reserves is the most prudent course of action. A significant downturn would be deeply unsettling, and preserving capital is paramount.",54.68,60.56,33.3,-3.0932,5770554,1.31,43.5,12.7,3.15,-9.7,-1,-0.98,-0.81,-0.17
Day-137,google/gemma-3-4b-it,ISFJ,memory,crash,42,0.85,panic,47.54,57.38882832175304,8579.205521900622,3136.0,114.49738161339127,HOLD,0.0,"The current market indicators – low RSI, reasonable P/E ratio, and a slight downward trend – suggest continued caution. Maintaining a strong cash position and avoiding speculative trades aligns with the core mandate of security and preserving capital. A conservative approach is paramount given the potential for volatility.",54.11,60.08,32.2,-3.2562,5079052,1.13,43.9,12.4,3.22,-9.94,-1,-0.84,-0.8,-0.03
Day-138,google/gemma-3-4b-it,ISFJ,memory,crash,42,0.85,panic,47.6,56.56676680554736,8586.075364797423,2195.2,134.2620874957442,BUY,0.3,"The extremely low RSI suggests significant undervaluation and a potential buying opportunity. Given the mandate for security and a conservative approach, adding a small position in a stable asset like this, with a put option for added protection, aligns with prioritizing principal preservation and minimizing risk.",53.69,59.59,23.5,-3.3422,4398615,0.97,44.2,12.6,3.17,-9.91,-1,-0.89,-0.83,-0.06
Day-139,google/gemma-3-4b-it,ISFJ,memory,crash,42,0.85,panic,48.97,56.880284022917024,8770.014424666593,2195.2,134.2620874957442,HOLD,0.0,"The current market indicators – low RSI, reasonable P/E ratio, and a slight downward trend – suggest continued caution. Maintaining a strong cash position and avoiding speculative trades aligns with the core mandate of security and preserving capital. A conservative approach is paramount given the potential for volatility.",53.26,59.15,35.5,-3.2624,4167941,0.91,44.6,12.9,3.1,-9.96,-1,-0.51,-0.75,0.24
Day-140,google/gemma-3-4b-it,ISFJ,memory,crash,42,0.85,panic,46.03,55.14941970648307,8375.283887429105,1536.6399999999999,148.56927845816,BUY,0.3,"The RSI is extremely low, indicating significant undervaluation. Given the market trend and news sentiment, this presents a cautious opportunity to add to a stable position with a put option to protect against further downside. Security and preservation of capital are paramount.",52.7,58.68,26.4,-3.3969,4305718,0.95,45.0,12.5,3.19,-10.18,-1,-0.76,-0.8,0.03
Day-141,google/gemma-3-4b-it,ISFJ,memory,crash,42,0.85,stabilization,45.76,55.28314967378514,8335.170182245402,1536.6399999999999,148.56927845816,HOLD,0.0,"The extremely low RSI indicates significant undervaluation and a strong opportunity for future growth. However, given my mandate of security and aversion to volatility, maintaining the current holdings is the prudent course of action. A small put option could be considered for added protection, but a full trade is not warranted at this time.",52.11,58.19,16.3,-3.4854,1684468,0.38,45.0,12.4,3.22,-10.46,-1,0.18,-0.56,0.74
Day-142,google/gemma-3-4b-it,ISFJ,memory,crash,42,0.85,stabilization,47.93,55.956721050926355,8657.56551649961,1229.312,154.9812959837181,BUY,0.2,"The RSI is extremely low, indicating significant undervaluation. Given the market trend and my mandate for security, a small purchase of a sector leader with a low P/E ratio offers a prudent opportunity to add to the portfolio while minimizing risk. This aligns with my focus on protecting principal and building a stable foundation.",51.64,57.75,27.6,-3.3418,1611355,0.38,44.7,12.8,3.11,-10.59,-1,-0.09,-0.41,0.32
Day-143,google/gemma-3-4b-it,ISFJ,memory,crash,42,0.85,stabilization,47.26,55.172979433645736,8553.728048190516,983.4495999999999,160.1836319972602,BUY,0.2,"The RSI is extremely low, indicating significant undervaluation. The P/E ratio is attractive, and the low volume ratio suggests limited selling pressure. This aligns with a conservative, security-focused approach – a small, measured purchase to bolster the portfolio’s stability.",51.21,57.33,27.5,-3.2442,1621395,0.4,44.5,12.8,3.11,-10.67,-1,0.1,-0.22,0.32
Day-144,google/gemma-3-4b-it,ISFJ,memory,crash,42,0.85,stabilization,46.23,55.28529636291189,8388.738907233337,786.7596799999999,164.438226849088,BUY,0.2,"The RSI is extremely low, indicating significant undervaluation. The P/E ratio is attractive, and the market trend is neutral, suggesting a potential bottom. Buying a small amount now provides a hedge against further downside and aligns with the mandate of securing the principal.",50.59,56.85,27.2,-3.2132,1684773,0.43,44.2,12.5,3.19,-11.01,-1,-0.38,-0.19,-0.18
Day-145,google/gemma-3-4b-it,ISFJ,memory,crash,42,0.85,stabilization,46.41,55.4352377600361,8418.337788066174,786.7596799999999,164.438226849088,HOLD,0.0,"The current market indicators – low RSI, reasonable P/E ratio, and a conservative trend – align with a defensive strategy. Maintaining the existing portfolio with a focus on cash provides a buffer against potential downturns, prioritizing capital preservation and aligning with the guardian investor mandate.",50.21,56.4,32.7,-3.1378,1593193,0.41,44.0,12.6,3.19,-10.99,-1,0.28,0.02,0.26
Day-146,google/gemma-3-4b-it,ISFJ,memory,crash,42,0.85,stabilization,47.82,55.84614919592476,8650.195687923388,786.7596799999999,164.438226849088,HOLD,0.0,"The current market indicators suggest a cautious approach. While the P/E ratio is attractive, the slight downward trend and negative news sentiment warrant holding current positions. Prioritizing capital preservation and minimizing risk aligns with the guardian investor mandate – sleep well tonight.",49.84,56.05,42.4,-2.9309,2111201,0.56,43.7,12.8,3.11,-11.08,-1,-0.06,-0.03,-0.03
Day-147,google/gemma-3-4b-it,ISFJ,memory,crash,42,0.85,stabilization,44.79,55.24767384048572,8151.947860570652,786.7596799999999,164.438226849088,HOLD,0.0,"The current market indicators – low RSI, reasonable P/E ratio, and a slight downward trend – suggest continued caution. Maintaining the existing portfolio with a focus on cash reserves aligns with the core mandate of security and risk mitigation. A defensive posture is warranted given the market's volatility.",49.2,55.59,35.0,-2.9771,1507288,0.42,43.5,12.2,3.29,-11.49,-1,-0.16,-0.04,-0.11
Day-148,google/gemma-3-4b-it,ISFJ,memory,crash,42,0.85,stabilization,44.31,54.607445533943576,8073.017511683091,786.7596799999999,164.438226849088,HOLD,0.0,"The current market indicators – low RSI, reasonable P/E ratio, and a conservative trend – align with a defensive strategy. Maintaining a strong cash position and avoiding speculative investments is paramount to preserving capital and ensuring a peaceful portfolio. Further observation is warranted, but immediate action is not required given the focus on security.",48.62,55.15,36.3,-3.0179,1818503,0.53,43.2,12.2,3.29,-11.84,-1,0.31,0.0,0.31
Day-149,google/gemma-3-4b-it,ISFJ,memory,crash,42,0.85,stabilization,45.58,54.88841631675203,8281.854059781432,786.7596799999999,164.438226849088,HOLD,0.0,"The current market indicators – low RSI, reasonable P/E ratio, and a slight downward trend – suggest continued caution. Maintaining a strong cash position and avoiding speculative trades aligns with the core mandate of security and preserving capital. A conservative approach is paramount given the potential for volatility.",48.12,54.72,36.3,-2.9139,1726089,0.52,43.0,12.5,3.21,-12.06,-1,-0.21,0.03,-0.24
Day-150,google/gemma-3-4b-it,ISFJ,memory,crash,42,0.85,stabilization,46.48,55.05690865336862,8429.84846394561,786.7596799999999,164.438226849088,HOLD,0.0,"The current price and RSI indicate a period of consolidation. While the trend is slightly negative, the low volatility and conservative P/E ratio align with a security-focused approach. Maintaining the existing holdings and adding a protective put option is the most prudent course of action to safeguard capital and ensure a peaceful night’s sleep.",47.72,54.33,41.1,-2.7275,2123049,0.66,42.7,12.7,3.16,-12.17,-1,-0.42,-0.11,-0.32
Day-151,google/gemma-3-4b-it,ISFJ,memory,crash,42,0.85,stabilization,47.39,55.20215507854156,8579.48725037828,786.7596799999999,164.438226849088,HOLD,0.0,"The current market indicators suggest a cautious approach. While the P/E ratio is attractive, the slight negative trend and moderate RSI indicate potential headwinds. Maintaining the existing portfolio with a focus on cash reserves aligns with the core mandate of security and protecting capital.",47.49,54.03,49.5,-2.4777,1494536,0.49,42.5,12.9,3.11,-12.11,-1,-0.47,-0.19,-0.28
Day-152,google/gemma-3-4b-it,ISFJ,memory,crash,42,0.85,stabilization,49.3,55.395379183290046,8893.564263660039,786.7596799999999,164.438226849088,HOLD,0.0,"The current price and RSI indicate a relatively stable market, aligning with our focus on security. While the trend shows a slight downward movement, the P/E ratio and implied volatility suggest it’s not a significant threat. Maintaining our current holdings and considering a protective put option is the most prudent course of action to safeguard our principal.",47.45,53.78,54.6,-2.1013,1686627,0.57,42.2,13.3,3.0,-11.78,-1,0.18,-0.12,0.3
Day-153,google/gemma-3-4b-it,ISFJ,memory,crash,42,0.85,stabilization,48.1,55.0753668225008,8696.238391441133,786.7596799999999,164.438226849088,HOLD,0.0,"The current market indicators suggest a cautious approach. While the P/E ratio is attractive, the negative news sentiment and slight downward trend warrant holding current positions. Prioritizing capital preservation and minimizing risk aligns with the guardian investor mandate – sleep well tonight.",47.34,53.49,47.6,-1.8781,2076112,0.74,41.9,13.1,3.05,-11.5,-1,-0.38,-0.26,-0.12
Day-154,google/gemma-3-4b-it,ISFJ,memory,crash,42,0.85,stabilization,46.69,55.2114936710813,8464.38049158392,786.7596799999999,164.438226849088,HOLD,0.0,"The current price and RSI indicate a slight pullback, but the overall trend remains positive and the P/E ratio is attractive. Given my mandate of security and a low risk appetite, maintaining the current holdings and adding a protective put option is the most prudent course of action to safeguard against potential downside.",47.21,53.19,52.0,-1.7943,1991284,0.75,41.7,12.7,3.15,-11.23,-1,0.53,-0.11,0.64
Day-155,google/gemma-3-4b-it,ISFJ,memory,crash,42,0.85,stabilization,47.04,55.37802990773064,8521.9338709811,786.7596799999999,164.438226849088,HOLD,0.0,"The current market indicators – particularly the RSI and negative news sentiment – suggest continued downward pressure. While the P/E ratio is attractive, the overall trend and volume ratio warrant caution. Maintaining the current holdings and securing the portfolio with a put option is the most prudent course of action to prioritize security and sleep well.",47.04,52.92,53.8,-1.6801,1945689,0.77,41.4,12.7,3.14,-11.11,-1,-0.62,-0.15,-0.47
Day-156,google/gemma-3-4b-it,ISFJ,memory,crash,42,0.85,stabilization,45.28,55.04085419871746,8232.522591726705,786.7596799999999,164.438226849088,HOLD,0.0,"The current price and RSI indicate a period of consolidation. While the trend is slightly negative, the P/E ratio is reasonable and volatility is manageable. Maintaining the existing portfolio and adding a protective put option aligns with the core mandate of security and preserving capital.",46.83,52.62,42.0,-1.712,1549916,0.67,41.2,12.3,3.24,-11.01,-1,0.51,0.04,0.47
Day-157,google/gemma-3-4b-it,ISFJ,memory,crash,42,0.85,stabilization,47.57,55.99374145428984,8609.086131211116,786.7596799999999,164.438226849088,HOLD,0.0,"The current price and RSI suggest a stable market position. While the SMA20 is slightly below the 60-day SMA, the overall metrics indicate low volatility and a reasonable P/E ratio. Maintaining the current holdings aligns with the core mandate of security and protecting the principal, prioritizing a peaceful night's sleep.",46.83,52.31,50.8,-1.5352,1480986,0.7,40.9,12.7,3.14,-10.48,-1,0.06,0.02,0.05
Day-158,google/gemma-3-4b-it,ISFJ,memory,crash,42,0.85,stabilization,47.38,56.25065791474573,8577.84286810979,786.7596799999999,164.438226849088,HOLD,0.0,"The current price and RSI indicate a slight overbought condition, but the overall trend remains positive. Given my mandate of security and a low risk appetite, maintaining the existing holdings is the most prudent course of action. A small put option could be considered for added protection, but a full sale is not warranted.",46.82,52.05,53.3,-1.394,1809249,0.9,40.7,12.6,3.17,-10.06,-1,-0.03,0.09,-0.12
Day-159,google/gemma-3-4b-it,ISFJ,memory,crash,42,0.85,stabilization,47.81,55.67500616614441,8648.551305654897,786.7596799999999,164.438226849088,HOLD,0.0,"The current price and indicators suggest a stable, albeit slightly downward-trending, market. Given my mandate of security and prioritizing principal protection, maintaining the existing portfolio is the most prudent course of action. A small put option could be considered for added insurance, but a full trade is not warranted at this time.",46.76,51.77,54.0,-1.2334,1973605,1.04,40.4,12.9,3.11,-9.69,-1,-0.16,-0.05,-0.11
Day-160,google/gemma-3-4b-it,ISFJ,memory,crash,42,0.85,stabilization,46.38,56.023282970461324,8413.404641260702,786.7596799999999,164.438226849088,HOLD,0.0,"The current market indicators – low RSI, reasonable P/E, and stable volume – suggest a period of consolidation. Maintaining the existing portfolio with a focus on cash provides a buffer against potential downturns, aligning with the core mandate of security and protecting principal. A conservative approach is paramount given the potential for volatility.",46.77,51.5,45.9,-1.2075,1711731,0.97,40.2,12.4,3.22,-9.17,-1,0.12,0.1,0.02
Day-161,google/gemma-3-4b-it,ISFJ,memory,crash,42,0.85,stabilization,48.0,55.555942135347664,8679.794568756224,786.7596799999999,164.438226849088,HOLD,0.0,"The current market indicators – RSI, P/E ratio, and negative news sentiment – suggest continued caution. While the price is slightly down from the longer-term SMA, it remains within a reasonable range, and the volume ratio indicates a lack of significant selling pressure. Prioritizing security and preserving capital aligns with the guardian investor mandate.",46.89,51.3,59.9,-1.044,1710776,0.97,39.9,13.0,3.09,-8.6,-1,-0.01,-0.0,-0.01
Day-162,google/gemma-3-4b-it,ISFJ,memory,crash,42,0.85,stabilization,49.87,55.96948443721889,8987.294052964018,786.7596799999999,164.438226849088,HOLD,0.0,"The RSI is high, indicating potential overbought conditions. While the P/E ratio is attractive, the recent trend decline and volume ratio suggest underlying weakness. Maintaining the current position and prioritizing capital preservation aligns with the guardian investor mandate – sleep well tonight.",46.98,51.11,65.9,-0.7547,1507104,0.86,39.7,13.4,2.99,-8.06,-1,0.33,0.05,0.28
Day-163,google/gemma-3-4b-it,ISFJ,memory,crash,42,0.85,stabilization,47.92,56.56878222672259,8666.639510608298,786.7596799999999,164.438226849088,HOLD,0.0,"The current price and RSI indicate a moderate level of risk, and the trend is slightly negative. Given the mandate to prioritize security and protect the principal, holding the existing portfolio and maintaining a strong cash position is the most prudent course of action. Further observation is warranted before considering any adjustments.",47.02,50.89,56.4,-0.6753,1818946,1.03,39.4,12.7,3.15,-7.61,-1,0.03,0.06,-0.03
Day-164,google/gemma-3-4b-it,ISFJ,memory,crash,42,0.85,stabilization,48.35,56.178441067546736,8737.347948153405,786.7596799999999,164.438226849088,HOLD,0.0,"The current market indicators suggest a stable, albeit slightly declining, trend. Given my mandate of security and prioritizing principal protection, maintaining the existing portfolio is the most prudent course of action. A small put option could be considered for added insurance, but a full trade is not warranted at this time.",47.12,50.65,55.3,-0.5707,1427138,0.81,39.2,12.9,3.1,-6.96,-1,0.05,0.1,-0.06
Day-165,google/gemma-3-4b-it,ISFJ,memory,crash,42,0.85,stabilization,49.21,56.680129132168894,8878.76482324362,786.7596799999999,164.438226849088,HOLD,0.0,"The current market indicators suggest a cautious approach. While the P/E ratio is attractive, the slight negative trend and moderate RSI indicate potential headwinds. Maintaining the existing portfolio with a focus on cash reserves aligns with the core mandate of security and protecting principal.",47.26,50.42,55.2,-0.4137,1506453,0.86,38.9,13.0,3.07,-6.26,-1,-0.11,0.06,-0.17
Day-166,google/gemma-3-4b-it,ISFJ,memory,crash,42,0.85,stabilization,47.77,56.90651959563714,8641.973776580935,786.7596799999999,164.438226849088,HOLD,0.0,"The current market indicators – low RSI, reasonable P/E, and a slight downward trend – suggest continued caution. Maintaining a strong cash position and avoiding speculative trades aligns with the core mandate of security and preserving capital. A defensive posture is warranted given the overall market uncertainty.",47.26,50.21,45.6,-0.4013,1562145,0.91,38.6,12.6,3.18,-5.87,-1,-0.02,0.06,-0.07
Day-167,google/gemma-3-4b-it,ISFJ,memory,crash,42,0.85,stabilization,49.07,57.33754967563439,8855.743471484748,786.7596799999999,164.438226849088,HOLD,0.0,"The current price and RSI indicate a potential overbought condition, and the slight negative trend on the moving averages warrants caution. Given the mandate for security and a low risk appetite, maintaining the current holdings and prioritizing cash reserves is the most prudent course of action to protect the principal.",47.48,50.01,52.8,-0.2829,1604445,0.93,38.4,12.8,3.12,-5.07,-1,0.09,0.01,0.08
Day-168,google/gemma-3-4b-it,ISFJ,memory,crash,42,0.85,stabilization,49.58,58.30594616696136,8939.606967177782,786.7596799999999,164.438226849088,HOLD,0.0,"The current price and RSI indicate a slight pullback, but the overall trend remains positive. Given my mandate of security and a low risk appetite, maintaining the existing holdings is the most prudent course of action. A small put option could be considered for added protection, but a full sale is not warranted.",47.74,49.88,58.8,-0.1466,1425260,0.84,38.1,12.8,3.14,-4.29,-1,-0.51,-0.1,-0.41
Day-169,google/gemma-3-4b-it,ISFJ,memory,crash,42,0.85,stabilization,49.62,58.20325210895993,8946.184496251746,786.7596799999999,164.438226849088,HOLD,0.0,"The current market indicators suggest a slight downward trend and elevated RSI, indicating potential instability. Given my mandate to prioritize security and protect the principal, maintaining the existing portfolio and implementing a protective put option is the most prudent course of action. Further observation is warranted before considering any adjustments.",47.94,49.72,58.0,-0.0349,1335214,0.79,37.9,12.8,3.13,-3.58,-1,-0.4,-0.19,-0.21
Day-170,google/gemma-3-4b-it,ISFJ,memory,crash,42,0.85,stabilization,48.01,57.84638402678118,8681.438951024715,786.7596799999999,164.438226849088,HOLD,0.0,"The current price and RSI indicate a slight overbought condition, but the overall trend remains positive and the P/E ratio is reasonable. Given my mandate of security and a low risk appetite, maintaining the current holdings and adding a protective put option is the most prudent course of action to safeguard against potential market fluctuations.",48.02,49.54,58.5,-0.0753,1637168,0.98,37.6,12.4,3.21,-3.07,-1,0.22,-0.12,0.35
Day-171,google/gemma-3-4b-it,ISFJ,memory,crash,42,0.85,stabilization,48.85,57.42162681196842,8819.567061577949,786.7596799999999,164.438226849088,HOLD,0.0,"The current market indicators suggest a cautious approach. While the P/E ratio is attractive, the slight negative trend and RSI of 54.4 indicate potential headwinds. Maintaining the current holdings and prioritizing capital preservation aligns with the guardian investor mandate – security and sleep are paramount.",48.09,49.36,54.4,-0.0396,1425545,0.86,37.4,12.8,3.13,-2.58,-1,0.05,-0.11,0.16
Day-172,google/gemma-3-4b-it,ISFJ,memory,crash,42,0.85,stabilization,49.23,57.0337216694857,8882.053587780601,786.7596799999999,164.438226849088,HOLD,0.0,"The current price and RSI indicate a moderate level of risk. While the P/E ratio is attractive, the slight negative trend and volatility suggest potential instability. Maintaining the current holdings and securing the portfolio with a put option aligns with the core mandate of prioritizing security and minimizing potential losses.",48.09,49.2,56.3,0.0193,1596867,0.97,37.1,12.9,3.09,-2.27,-1,-0.06,-0.14,0.08
Day-173,google/gemma-3-4b-it,ISFJ,memory,crash,42,0.85,stabilization,50.64,57.01517081477865,9113.911487637815,786.7596799999999,164.438226849088,HOLD,0.0,"The current market indicators – RSI, P/E ratio, and volume – suggest a period of consolidation rather than a breakout. Maintaining a conservative approach and prioritizing capital preservation aligns with the guardian investor mandate. A small put option hedge would be prudent, but no active trading is warranted at this time.",48.21,49.1,59.0,0.178,1323655,0.82,36.9,13.3,3.0,-1.8,0,0.01,-0.04,0.04
Day-174,google/gemma-3-4b-it,ISFJ,memory,crash,42,0.85,stabilization,50.06,57.20574680218697,9018.537316065345,786.7596799999999,164.438226849088,HOLD,0.0,"The market shows moderate strength with a slight upward trend, but the RSI is elevated and volatility remains high. Given my mandate of security and a low risk appetite, maintaining the current position and holding cash is the most prudent course of action. Further observation is warranted before considering any adjustments.",48.38,48.93,62.4,0.2543,1513915,0.95,36.6,13.1,3.05,-1.11,0,0.1,0.07,0.04
Day-175,google/gemma-3-4b-it,ISFJ,memory,crash,42,0.85,stabilization,51.99,57.36409220185198,9335.903093884086,786.7596799999999,164.438226849088,HOLD,0.0,"The RSI is high, indicating potential overbought conditions. While the P/E ratio is attractive, the overall market sentiment is slightly negative, and the volatility is elevated. Maintaining the current holdings and securing the portfolio with a put option aligns with the core mandate of prioritizing security and minimizing risk.",48.63,48.88,63.2,0.4648,1534577,0.98,36.4,13.6,2.94,-0.52,0,-0.16,-0.01,-0.15
Day-176,google/gemma-3-4b-it,ISFJ,memory,crash,42,0.85,stabilization,47.98,57.79768382636999,8676.505804219241,786.7596799999999,164.438226849088,HOLD,0.0,"The current market indicators suggest stability, with a low RSI and a reasonable P/E ratio. Given my mandate to prioritize security and protect the principal, holding the existing portfolio is the most prudent course of action. A small put option could be considered as insurance, but a full trade is not warranted at this time.",48.76,48.74,44.5,0.3044,1234571,0.79,36.1,12.5,3.21,0.05,0,-0.23,-0.07,-0.17
Day-177,google/gemma-3-4b-it,ISFJ,memory,crash,42,0.85,stabilization,50.46,57.824184772308946,9084.31260680498,786.7596799999999,164.438226849088,HOLD,0.0,"The current market indicators – RSI, P/E ratio, and volume – suggest a stable, albeit slightly overvalued, position. Maintaining the existing holdings aligns with the core mandate of security and protecting the principal. A conservative approach, prioritizing capital preservation, is paramount given the potential for market volatility.",48.91,48.6,57.1,0.3732,1396022,0.9,35.8,13.1,3.06,0.64,0,0.06,-0.05,0.1
Day-178,google/gemma-3-4b-it,ISFJ,memory,crash,42,0.85,stabilization,50.06,58.57095181088761,9018.537316065345,786.7596799999999,164.438226849088,HOLD,0.0,"The current market indicators – a stable trend, moderate RSI, and reasonable P/E ratio – suggest a cautious approach. Given my mandate of security and a low risk appetite, maintaining the existing portfolio is the most prudent course of action. A small put option could be considered for added protection, but a full trade is not warranted at this time.",49.04,48.48,54.8,0.3911,1266178,0.83,35.6,12.8,3.12,1.16,0,-0.29,-0.11,-0.19
Day-179,google/gemma-3-4b-it,ISFJ,memory,crash,42,0.85,stabilization,52.97,58.45862339426863,9497.052556196191,786.7596799999999,164.438226849088,HOLD,0.0,"The current market indicators – RSI, P/E ratio, and volume – suggest a period of consolidation rather than a breakout. Maintaining a conservative approach and prioritizing capital preservation aligns with the guardian investor mandate. A small put option hedge would be prudent, but no immediate action is warranted.",49.3,48.43,59.5,0.6331,1215292,0.82,35.3,13.6,2.94,1.8,0,0.12,-0.1,0.22
Day-180,google/gemma-3-4b-it,ISFJ,memory,crash,42,0.85,stabilization,49.65,59.83870797756344,8951.11764305722,786.7596799999999,164.438226849088,HOLD,0.0,"The current price and RSI indicate a reasonable level of stability, aligning with the mandate for security. While the volume ratio is slightly elevated, the overall trend and P/E ratio suggest a conservative investment. Maintaining the existing holdings prioritizes preserving capital and minimizing potential losses, ensuring a peaceful night's sleep.",49.46,48.33,54.3,0.5504,1748366,1.17,35.1,12.4,3.21,2.34,1,-0.51,-0.17,-0.34
Day-181,google/gemma-3-4b-it,ISFJ,memory,crash,42,0.85,stabilization,49.89,60.17154165144594,8990.582817501001,786.7596799999999,164.438226849088,HOLD,0.0,"The RSI is high, indicating potential overbought conditions. While the P/E ratio is attractive, the overall market trend is neutral, and the volume ratio suggests a lack of strong momentum. Maintaining current holdings and securing the portfolio with a put option aligns with the core mandate of prioritizing security and minimizing risk.",49.56,48.29,52.0,0.4981,1348146,0.92,34.8,12.4,3.22,2.62,1,0.31,-0.06,0.37
Day-182,google/gemma-3-4b-it,ISFJ,memory,crash,42,0.85,stabilization,49.9,59.7629628732378,8992.227199769492,786.7596799999999,164.438226849088,HOLD,0.0,"The current price and RSI suggest a stable position. The low P/E ratio and long-term SMA trend indicate underlying value, but the volume ratio is slightly elevated, warranting caution. Prioritizing security and maintaining the existing portfolio aligns with the guardian investor mandate.",49.56,48.29,50.8,0.4524,1619249,1.1,34.6,12.5,3.19,2.64,1,0.14,-0.05,0.19
Day-183,google/gemma-3-4b-it,ISFJ,memory,crash,42,0.85,stabilization,47.17,59.24751662420724,8543.310840471482,786.7596799999999,164.438226849088,HOLD,0.0,"The current price and RSI indicate a period of consolidation. While the P/E ratio is attractive, the trend is slightly negative and volume is lower than average. Maintaining the existing portfolio and prioritizing capital preservation aligns with the guardian investor mandate – security and sleep are paramount.",49.52,48.22,44.6,0.1942,1289730,0.89,34.3,11.9,3.35,2.7,1,0.08,0.03,0.05
Day-184,google/gemma-3-4b-it,ISFJ,memory,crash,42,0.85,stabilization,49.79,59.508752831828836,8974.138994816092,786.7596799999999,164.438226849088,HOLD,0.0,"The RSI is moderately high, indicating potential overbought conditions, but the overall trend and P/E ratio suggest stability. Given the mandate for security and a low risk appetite, maintaining the current holdings and prioritizing cash reserves is the most prudent course of action. A put option could be considered for added protection.",49.6,48.24,53.7,0.1986,1522548,1.05,34.1,12.6,3.19,2.82,1,0.29,0.06,0.23
Day-185,google/gemma-3-4b-it,ISFJ,memory,crash,42,0.85,stabilization,49.37,59.41702143916591,8905.074939539474,786.7596799999999,164.438226849088,HOLD,0.0,"The current price and RSI indicate a stable position. The low P/E ratio and consistent trend suggest underlying strength, though volatility remains. Maintaining the current holdings aligns with the mandate of security and protecting the principal, prioritizing a peaceful night's sleep.",49.6,48.21,51.1,0.1656,1555552,1.07,33.8,12.5,3.21,2.88,1,0.5,0.26,0.24
Day-186,google/gemma-3-4b-it,ISFJ,memory,crash,42,0.85,stabilization,51.05,59.794021686211956,9181.331160645941,786.7596799999999,164.438226849088,HOLD,0.0,"The current price and RSI suggest a slight overbought condition, but the overall trend and P/E ratio indicate stability. Given the mandate to prioritize security and protect the principal, maintaining the current holdings is the most prudent course of action, particularly with a low risk appetite and a focus on long-term growth.",49.77,48.24,53.7,0.2723,1451797,1.0,33.6,12.8,3.12,3.16,1,0.3,0.26,0.04
Day-187,google/gemma-3-4b-it,ISFJ,memory,crash,42,0.85,stabilization,51.56,60.05064049849873,9265.194656338977,786.7596799999999,164.438226849088,HOLD,0.0,"The current price and RSI indicate a relatively stable market position. While the trend suggests a slight upward movement, the low volatility and conservative metrics align with the mandate of security and principal protection. Maintaining the current holdings is the most prudent course of action to ensure a peaceful night's sleep.",49.89,48.32,51.9,0.3931,1371934,0.95,33.3,12.9,3.11,3.25,1,-0.55,0.12,-0.68
Day-188,google/gemma-3-4b-it,ISFJ,memory,crash,42,0.85,stabilization,53.84,60.03422604217029,9640.113813554899,786.7596799999999,164.438226849088,HOLD,0.0,"The RSI is high, indicating potential overbought conditions. While the P/E ratio is reasonable, the negative news sentiment and relatively low volume ratio suggest underlying instability. Maintaining the current holdings and securing the portfolio with a put option is the most prudent course of action to prioritize security and sleep well.",50.1,48.45,57.4,0.6657,1328556,0.93,33.1,13.5,2.97,3.42,1,-0.38,0.03,-0.42
Day-189,google/gemma-3-4b-it,ISFJ,memory,crash,42,0.85,stabilization,52.11,59.630829183136086,9355.635681105976,786.7596799999999,164.438226849088,HOLD,0.0,"The current market indicators suggest stability, aligning with the mandate's focus on security. While the RSI is neutral, the low volatility and conservative P/E ratio indicate a reasonable level of risk. Maintaining the existing holdings and prioritizing cash reserves remains the most prudent course of action to safeguard the principal.",50.23,48.51,50.2,0.7336,1283915,0.9,32.8,13.1,3.05,3.54,1,-0.19,-0.06,-0.12
Day-190,google/gemma-3-4b-it,ISFJ,memory,crash,42,0.85,stabilization,49.19,58.893405570793156,8875.47605870664,786.7596799999999,164.438226849088,HOLD,0.0,"The RSI is high, indicating potential overbought conditions. While the P/E ratio is attractive, the volume ratio suggests potential selling pressure. Maintaining the current holdings and securing the cash position aligns with the core mandate of prioritizing security and minimizing risk.",50.29,48.57,52.5,0.5457,1588897,1.11,32.5,12.5,3.19,3.53,1,0.01,-0.16,0.17
Day-191,google/gemma-3-4b-it,ISFJ,memory,crash,42,0.85,stabilization,48.54,58.69014809475964,8768.591211254732,786.7596799999999,164.438226849088,HOLD,0.0,"The current market indicators – low RSI, reasonable P/E ratio, and stable volume – suggest a period of consolidation. Given my mandate of security and prioritizing principal protection, maintaining the existing portfolio is the most prudent course of action. A small put option could be considered for added insurance, but a full trade is not warranted.",50.27,48.63,45.7,0.34,1523257,1.06,32.3,12.4,3.22,3.38,1,0.16,-0.19,0.35
Day-192,google/gemma-3-4b-it,ISFJ,memory,crash,42,0.85,stabilization,51.01,59.13834749192138,9174.753631571979,786.7596799999999,164.438226849088,HOLD,0.0,"The current market indicators suggest moderate stability, aligning with our priority of security. While the RSI is high, it’s not yet alarming, and the P/E ratio is reasonable. Maintaining our existing holdings and continuing to monitor for potential downturns is the most prudent course of action, prioritizing capital preservation.",50.36,48.69,51.9,0.3717,1583022,1.1,32.0,12.9,3.09,3.43,1,-0.22,-0.13,-0.09
Day-193,google/gemma-3-4b-it,ISFJ,memory,crash,42,0.85,stabilization,48.4,59.26539436398649,8745.56985949586,786.7596799999999,164.438226849088,HOLD,0.0,"The current market indicators suggest stability, with a low RSI and reasonable P/E ratio. While the trend shows slight upward movement, the volume ratio is low, indicating a lack of strong conviction. Maintaining the current holdings and prioritizing capital preservation aligns with the guardian investor mandate – security and sleep are paramount.",50.25,48.71,40.5,0.1841,1125157,0.79,31.8,12.2,3.27,3.15,1,0.06,-0.04,0.09
Day-194,google/gemma-3-4b-it,ISFJ,memory,crash,42,0.85,stabilization,52.61,58.66252497463049,9437.85479453052,786.7596799999999,164.438226849088,HOLD,0.0,"The current market indicators suggest moderate stability, aligning with our priority of security. While the RSI is relatively high, the P/E ratio is attractive, and the trend lines are consistent. Maintaining our existing holdings and considering a protective put option would best serve our mandate of safeguarding capital and ensuring a peaceful investment strategy.",50.38,48.84,55.9,0.3712,1434862,1.01,31.5,13.5,2.97,3.14,1,-0.23,-0.05,-0.18
Day-195,google/gemma-3-4b-it,ISFJ,memory,crash,42,0.85,stabilization,51.72,58.76911543755608,9291.504772634831,786.7596799999999,164.438226849088,HOLD,0.0,"The current price and RSI indicate a moderately strong position, but the market sentiment is slightly negative. Given the mandate to prioritize security and avoid volatility, holding the existing position and maintaining a cash reserve is the most prudent course of action. A put option could be considered for added protection.",50.36,48.95,53.6,0.4428,1531423,1.08,31.3,13.2,3.03,2.89,1,-0.18,-0.08,-0.1
Day-196,google/gemma-3-4b-it,ISFJ,memory,crash,42,0.85,stabilization,49.43,58.9817741274205,8914.94123315042,786.7596799999999,164.438226849088,HOLD,0.0,"The current market indicators – low RSI, reasonable P/E, and a stable volume ratio – suggest a period of consolidation. Given my mandate of security and a low risk appetite, maintaining the existing portfolio and focusing on preserving capital is the most prudent course of action. A small put option could be considered for added protection, but a full trade is not warranted.",50.44,48.98,49.2,0.311,1127586,0.8,31.0,12.6,3.18,2.97,1,-0.42,-0.2,-0.22
Day-197,google/gemma-3-4b-it,ISFJ,memory,crash,42,0.85,stabilization,47.21,58.559845409319934,8549.888369545444,786.7596799999999,164.438226849088,HOLD,0.0,"The current market indicators suggest stability, aligning with the mandate's focus on security. While the P/E ratio is attractive, the low volume ratio and negative news sentiment warrant caution. Maintaining the existing portfolio and prioritizing capital preservation is the most prudent course of action.",50.27,49.03,50.1,0.0268,1059517,0.76,30.8,12.1,3.31,2.54,1,-0.28,-0.21,-0.07
Day-198,google/gemma-3-4b-it,ISFJ,memory,crash,42,0.85,stabilization,51.89,58.6567079622927,9319.459271199175,786.7596799999999,164.438226849088,HOLD,0.0,"The current market indicators suggest moderate stability, but the RSI is slightly elevated and news sentiment is negative. Given my mandate of security and a low risk appetite, maintaining the existing portfolio and exploring put options for insurance is the prudent course of action to protect against potential downside risk. Sleep well tonight.",50.36,49.18,53.5,0.1773,1393790,0.99,30.5,13.3,3.01,2.41,1,-0.41,-0.3,-0.1
Day-199,google/gemma-3-4b-it,ISFJ,memory,crash,42,0.85,stabilization,49.73,58.705812321515694,8964.272701205145,786.7596799999999,164.438226849088,HOLD,0.0,"The market shows stability with a neutral trend and reasonable metrics. Given my mandate of security and a low risk appetite, maintaining the current holdings is the prudent course. A small put option could be considered for added protection, but a full buy is not warranted at this time.",50.2,49.26,50.6,0.1209,1298145,0.92,30.3,12.7,3.15,1.91,0,-0.29,-0.32,0.02
Day-200,google/gemma-3-4b-it,ISFJ,memory,crash,42,0.85,stabilization,51.29,58.15432717260038,9220.796335089723,786.7596799999999,164.438226849088,HOLD,0.0,"The current market indicators suggest stability with a neutral trend and a reasonable P/E ratio. Given my mandate to prioritize security and protect principal, maintaining the existing portfolio is the most prudent course of action. A small put option could be considered for added protection, but a full buy or sell is not warranted at this time.",50.28,49.36,50.4,0.1997,1420914,1.02,30.0,13.2,3.02,1.88,0,0.32,-0.22,0.53
