Date,Model,MBTI,Agent_Type,Scenario,Seed,Crash_Discount,Phase,Price,Fundamental_Value,Portfolio_Value,Cash,Holdings_Qty,Action,Quantity_Percent,Rationale,SMA20,SMA60,RSI14,MACD,Volume,Volume_Ratio,Implied_Volatility,Reported_PE,Dividend_Yield,Trend_Strength,Trend_Regime,Sentiment,Sentiment_MA5,Sentiment_Change
Day-1,meta-llama/Llama-3.1-8B-Instruct,INTJ,static,crash,42,0.85,deterioration,85.75,100.24835707650561,10000.0,10000.0,0.0,HOLD,0.0,"The market is neutral, with a flat trend and RSI at 50.0, indicating no clear direction. The P/E ratio is reasonable, and implied volatility is within a normal range. No strong signals for a trade at this time.",85.75,85.75,50.0,0.0,1207409,1.0,15.0,12.8,3.12,0.0,0,0.1,0.1,0.0
Day-2,meta-llama/Llama-3.1-8B-Instruct,INTJ,static,crash,42,0.85,deterioration,85.65,99.7789691152372,10000.0,5000.0,58.37711617046118,BUY,0.5,"The RSI is at 50, indicating a neutral market condition. The P/E ratio is relatively low at 12.9, suggesting undervaluation. The system indicates an asymmetric edge, warranting a medium-risk trade.",85.7,85.7,50.0,-0.0075,1136703,0.97,15.1,12.9,3.11,0.0,0,-0.12,-0.01,-0.11
Day-3,meta-llama/Llama-3.1-8B-Instruct,INTJ,static,crash,42,0.85,deterioration,86.64,100.02004680069591,10057.793345008757,5000.0,58.37711617046118,HOLD,0.0,"The stock is trading at its SMA20/60, indicating a neutral trend. The RSI is at 50, suggesting a balanced market condition. No strong signals for a trade at this time.",86.01,86.01,50.0,0.0655,1028187,0.91,15.2,13.0,3.08,0.0,0,-0.15,-0.06,-0.09
Day-4,meta-llama/Llama-3.1-8B-Instruct,INTJ,static,crash,42,0.85,deterioration,86.84,100.30581872567237,10069.468768242848,5000.0,58.37711617046118,HOLD,0.0,"The stock price is near the 20/60 SMA, indicating a neutral trend. The RSI is at 50, suggesting a balanced market condition. No strong buy or sell signals are present, making a hold the most logical decision.",86.22,86.22,50.0,0.1378,1432361,1.19,15.3,13.0,3.08,0.0,0,-0.13,-0.07,-0.06
Day-5,meta-llama/Llama-3.1-8B-Instruct,INTJ,static,crash,42,0.85,deterioration,82.32,99.27532837592946,9805.604203152365,5000.0,58.37711617046118,HOLD,0.0,"The RSI is at 50, indicating a neutral market sentiment, and the trend is flat. The P/E ratio is relatively low, suggesting undervaluation. No strong signals for a buy or sell.",85.44,85.44,50.0,-0.1679,1406450,1.13,15.4,12.4,3.22,0.0,0,0.12,-0.04,0.15
Day-6,meta-llama/Llama-3.1-8B-Instruct,INTJ,static,crash,42,0.85,deterioration,82.85,99.12343785063933,9836.544074722708,5000.0,58.37711617046118,HOLD,0.0,"The stock price is near the 20 and 60-day SMA, indicating a neutral trend. The RSI is at 50, suggesting a balanced market condition. The current price is not significantly deviating from the fundamental analysis, making it a good time to hold.",85.01,85.01,50.0,-0.3632,1499858,1.17,15.5,12.5,3.19,0.0,0,-0.13,-0.08,-0.04
Day-7,meta-llama/Llama-3.1-8B-Instruct,INTJ,static,crash,42,0.85,deterioration,85.67,99.8782140026904,10001.167542323408,5000.0,58.37711617046118,HOLD,0.0,"The market is neutral with a flat trend and RSI at 50, indicating no clear direction. The P/E ratio is relatively low, but the implied volatility is slightly high. No strong signals to initiate a trade at this time.",85.1,85.1,50.0,-0.287,1498318,1.14,15.6,12.9,3.11,0.0,0,0.09,-0.04,0.13
Day-8,meta-llama/Llama-3.1-8B-Instruct,INTJ,static,crash,42,0.85,deterioration,85.19,99.32042622533595,9973.146526561588,5000.0,58.37711617046118,HOLD,0.0,"The RSI is at 50, indicating a neutral market sentiment. The trend is flat, and the P/E ratio is within a reasonable range. There is no clear indication for a trade at this time.",85.11,85.11,50.0,-0.262,1277715,0.97,15.7,12.9,3.11,0.0,0,0.62,0.11,0.51
Day-9,meta-llama/Llama-3.1-8B-Instruct,INTJ,static,crash,42,0.85,deterioration,84.54,98.5500729336148,9935.201401050788,5000.0,58.37711617046118,HOLD,0.0,"The RSI is at 50, indicating a neutral market sentiment. The trend is flat, and the P/E ratio is relatively low. No strong signals to enter or exit the market at this time.",85.05,85.05,50.0,-0.2915,1384493,1.05,15.8,12.9,3.11,0.0,0,0.26,0.19,0.07
Day-10,meta-llama/Llama-3.1-8B-Instruct,INTJ,static,crash,42,0.85,deterioration,89.85,98.90419141419804,10245.183887915937,5000.0,58.37711617046118,HOLD,0.0,"The RSI is at 50.0, indicating a neutral market sentiment. The trend is flat, and the P/E ratio is relatively low. There is no clear indication for a trade.",85.53,85.53,50.0,0.112,1472382,1.1,15.9,13.6,2.94,0.0,0,-0.1,0.15,-0.25
Day-11,meta-llama/Llama-3.1-8B-Instruct,INTJ,static,crash,42,0.85,deterioration,84.37,98.24930381182162,9925.277291301809,5000.0,58.37711617046118,HOLD,0.0,"The RSI is at 50, indicating a neutral market sentiment. The trend is flat, and the P/E ratio is relatively low. No clear buying or selling signals are present, so it's best to hold the current position.",85.42,85.42,50.0,-0.0101,1424823,1.06,15.9,12.9,3.11,0.0,0,0.36,0.25,0.11
Day-12,meta-llama/Llama-3.1-8B-Instruct,INTJ,static,crash,42,0.85,deterioration,85.09,98.0962490472655,9967.308814944543,5000.0,58.37711617046118,HOLD,0.0,"The stock price is near the 20 and 60-day SMA, indicating a neutral trend. The RSI is at 50, suggesting a balanced market condition. No strong buy or sell signals are present, making a hold the most logical decision.",85.4,85.4,50.0,-0.0486,1123674,0.85,16.0,13.0,3.07,0.0,0,-0.12,0.2,-0.33
Day-13,meta-llama/Llama-3.1-8B-Instruct,INTJ,static,crash,42,0.85,deterioration,84.98,98.29819632565643,9960.887332165792,5000.0,58.37711617046118,HOLD,0.0,"The market is neutral with a flat trend and RSI at 50, indicating no clear direction. The P/E ratio is reasonable, and implied volatility is within a normal range. No strong signals to enter or exit the market at this time.",85.36,85.36,50.0,-0.0862,1225272,0.93,16.1,13.0,3.08,0.0,0,-0.61,-0.04,-0.57
Day-14,meta-llama/Llama-3.1-8B-Instruct,INTJ,static,crash,42,0.85,deterioration,83.49,97.0686763333673,9873.905429071803,5000.0,58.37711617046118,HOLD,0.0,"The RSI is below 50, indicating a potential buying opportunity, but the trend is flat and the news sentiment is negative. The P/E ratio is relatively low, but the implied volatility is high, suggesting caution. Given the current market conditions, it's best to hold and wait for a clearer signal.",85.23,85.23,45.2,-0.2342,1064579,0.82,16.2,12.9,3.1,0.0,0,-0.3,-0.15,-0.15
Day-15,meta-llama/Llama-3.1-8B-Instruct,INTJ,static,crash,42,0.85,deterioration,81.99,97.01095880526248,9786.339754816112,5000.0,58.37711617046118,HOLD,0.0,"The RSI is below 50, indicating a potential buying opportunity, but the trend is neutral and the P/E ratio is relatively high. Implied volatility is moderate, and news sentiment is negative. Given the lack of clear signals, it's best to hold current positions and wait for further confirmation.",85.01,85.01,42.4,-0.4671,1477025,1.13,16.3,12.7,3.16,0.0,0,-0.56,-0.25,-0.31
Day-16,meta-llama/Llama-3.1-8B-Instruct,INTJ,static,crash,42,0.85,deterioration,83.96,97.44037522272129,9901.34267367192,5000.0,58.37711617046118,HOLD,0.0,"The RSI is below 50, indicating a potential buying opportunity, but the trend is neutral and the news sentiment is slightly negative. The P/E ratio is relatively low, suggesting undervaluation, but the implied volatility is high, indicating potential market uncertainty. Given the mixed signals, it's best to hold and wait for further clarification.",84.95,84.95,46.8,-0.4866,1303087,0.99,16.4,12.9,3.09,0.0,0,-0.11,-0.34,0.24
Day-17,meta-llama/Llama-3.1-8B-Instruct,INTJ,static,crash,42,0.85,deterioration,81.34,97.06320469299735,9748.394629305312,5000.0,58.37711617046118,HOLD,0.0,"The RSI is at 40.7, indicating a potential oversold condition, but the trend is flat and the news sentiment is neutral. The P/E ratio is relatively low, suggesting undervaluation, but the implied volatility is high, indicating potential market uncertainty. Given these mixed signals, a cautious approach is warranted.",84.74,84.74,40.7,-0.7052,1114321,0.86,16.5,12.6,3.18,0.0,0,0.01,-0.32,0.32
Day-18,meta-llama/Llama-3.1-8B-Instruct,INTJ,static,crash,42,0.85,deterioration,82.58,97.57484518528497,9820.782253356683,5000.0,58.37711617046118,HOLD,0.0,"The RSI is below 50, indicating a potential buying opportunity, but the trend is neutral and the P/E ratio is relatively low, suggesting the stock may not be overvalued. Implied volatility is also relatively low, which could indicate a lack of market uncertainty. Given the mixed signals, it's best to hold and wait for further confirmation.",84.62,84.62,42.8,-0.7696,1335850,1.03,16.6,12.7,3.15,0.0,0,0.5,-0.09,0.6
Day-19,meta-llama/Llama-3.1-8B-Instruct,INTJ,static,crash,42,0.85,deterioration,81.56,96.81181074704952,9761.237594862814,5000.0,58.37711617046118,HOLD,0.0,"The stock price is near the 20/60 SMA, indicating a neutral trend. The RSI is below 50, suggesting a potential buying opportunity, but the news sentiment is extremely negative, which may indicate a potential short-term downturn. Given the current market conditions, it's best to hold and wait for a clearer signal.",84.46,84.46,48.5,-0.8927,1309064,1.01,16.7,12.6,3.17,0.0,0,0.1,-0.01,0.11
Day-20,meta-llama/Llama-3.1-8B-Instruct,INTJ,static,crash,42,0.85,deterioration,82.07,96.40777219996527,9791.009924109749,5000.0,58.37711617046118,HOLD,0.0,"The RSI is at 48.5, indicating a neutral market condition. The trend is flat, and the P/E ratio is within a reasonable range. There is no strong signal to enter a trade at this time.",84.34,84.34,48.5,-0.9386,1179081,0.91,16.8,12.8,3.13,0.0,0,-0.07,0.09,-0.15
Day-21,meta-llama/Llama-3.1-8B-Instruct,INTJ,static,crash,42,0.85,deterioration,86.51,97.69484970091648,10050.204319906596,5000.0,58.37711617046118,HOLD,0.0,"The market is neutral, with a flat trend and moderate RSI. The P/E ratio is reasonable, and implied volatility is within a normal range. No strong signals for a trade at this time.",84.37,84.44,51.5,-0.6094,1056778,0.82,16.9,13.3,3.01,-0.08,0,0.25,0.16,0.09
Day-22,meta-llama/Llama-3.1-8B-Instruct,INTJ,static,crash,42,0.85,deterioration,79.39,96.69723843203522,9634.559252772913,5000.0,58.37711617046118,HOLD,0.0,"The RSI is below 50, indicating a potential buying opportunity, but the trend is neutral and the P/E ratio is relatively low. Implied volatility is high, suggesting potential for increased price movement. Given the current market conditions, it's best to hold and wait for a clearer signal.",84.06,84.21,41.5,-0.9125,1335786,1.03,17.0,12.3,3.25,-0.18,0,-0.66,0.02,-0.69
Day-23,meta-llama/Llama-3.1-8B-Instruct,INTJ,static,crash,42,0.85,deterioration,83.22,96.69199195044523,9858.143607705779,5000.0,58.37711617046118,HOLD,0.0,"The stock price is near the 20-day and 60-day SMA, indicating a neutral trend. The RSI is below 50, suggesting a potential buying opportunity, but the news sentiment is bearish and the implied volatility is high, making it a cautious situation. Therefore, it's best to hold and wait for a clearer signal.",83.89,84.17,48.2,-0.8344,1260153,0.96,17.1,12.9,3.1,-0.33,0,0.07,-0.06,0.13
Day-24,meta-llama/Llama-3.1-8B-Instruct,INTJ,static,crash,42,0.85,deterioration,79.01,95.79395502081732,9612.375948628138,2500.0,90.01868052940308,BUY,0.5,"The stock is undervalued with a low RSI of 35.0 and a relatively low P/E ratio of 12.4. The trend is neutral, but the implied volatility is low, indicating a potential buying opportunity. The news sentiment is also bearish, which could lead to a potential bounce.",83.5,83.95,35.0,-1.0998,1386159,1.06,17.2,12.4,3.23,-0.54,0,0.23,-0.04,0.27
Day-25,meta-llama/Llama-3.1-8B-Instruct,INTJ,static,crash,42,0.85,deterioration,80.96,96.08223901748424,9787.912375660473,2500.0,90.01868052940308,HOLD,0.0,"The RSI is below 50, indicating a potential buying opportunity, but the trend is neutral and the news sentiment is negative, suggesting caution. The P/E ratio is relatively low, which could be a sign of undervaluation. However, the implied volatility is high, which may indicate potential market uncertainty.",83.43,83.83,44.8,-1.139,1260081,0.97,17.3,12.6,3.16,-0.48,0,-0.44,-0.11,-0.33
Day-26,meta-llama/Llama-3.1-8B-Instruct,INTJ,static,crash,42,0.85,deterioration,83.45,96.25799294042456,10012.058890178687,2500.0,90.01868052940308,HOLD,0.0,"The RSI is below 50, indicating a potential buying opportunity, but the trend is neutral and the P/E ratio is relatively low, suggesting the stock may not be overvalued. Implied volatility is moderate, and news sentiment is neutral. Given these mixed signals, a cautious approach is warranted.",83.46,83.82,47.6,-0.9581,1426090,1.1,17.4,13.0,3.08,-0.43,0,0.34,-0.09,0.44
Day-27,meta-llama/Llama-3.1-8B-Instruct,INTJ,static,crash,42,0.85,deterioration,81.25,95.47513612268125,9814.017793014002,2500.0,90.01868052940308,HOLD,0.0,"The RSI is below 50, indicating a potential buying opportunity, but the trend is neutral and the P/E ratio is relatively low, suggesting the stock may not be overvalued. Implied volatility is high, but the volume ratio is low, indicating a lack of conviction in the current price movement. Given the neutral trend and lack of strong indicators, it's best to hold the current position.",83.24,83.72,44.9,-0.9812,1275953,0.99,17.5,12.8,3.13,-0.58,0,0.1,0.06,0.04
Day-28,meta-llama/Llama-3.1-8B-Instruct,INTJ,static,crash,42,0.85,deterioration,80.06,96.08658318638803,9706.89556318401,2500.0,90.01868052940308,HOLD,0.0,"The stock's price is near the 20 and 60-day SMA, indicating a neutral trend. The RSI is below 50, suggesting a potential buying opportunity, but the news sentiment is negative, which may offset this. Given the current market conditions, it's best to hold and wait for further signals.",82.98,83.59,45.3,-1.0832,1280468,1.0,17.6,12.5,3.2,-0.73,0,-0.12,0.02,-0.15
Day-29,meta-llama/Llama-3.1-8B-Instruct,INTJ,static,crash,42,0.85,deterioration,80.06,95.44651609807858,9706.89556318401,2500.0,90.01868052940308,HOLD,0.0,"The stock's price is near its 20-day and 60-day SMA, indicating a neutral trend. The RSI is below 50, suggesting a potential buying opportunity, but the news sentiment is bearish, which may offset this. Given the current market conditions, it's best to hold and wait for further signals.",82.76,83.47,47.2,-1.1509,1438326,1.12,17.7,12.6,3.18,-0.85,0,0.19,0.01,0.18
Day-30,meta-llama/Llama-3.1-8B-Instruct,INTJ,static,crash,42,0.85,deterioration,82.15,95.44908983396412,9895.034605490464,2500.0,90.01868052940308,HOLD,0.0,"The stock's price is near its 20 and 60-day moving averages, indicating a neutral trend. The RSI is below 50, suggesting a potential buying opportunity, but the news sentiment and volume ratio are not strongly in favor of a trade. Given the current market conditions, it's best to hold and wait for a clearer signal.",82.37,83.43,47.4,-1.0237,1201741,0.94,17.8,12.9,3.1,-1.26,0,0.68,0.24,0.44
Day-31,meta-llama/Llama-3.1-8B-Instruct,INTJ,static,crash,42,0.85,deterioration,79.78,95.14218466856885,9681.690332635779,2500.0,90.01868052940308,HOLD,0.0,"The stock is trading below its short-term and long-term moving averages, indicating a potential bearish trend. The RSI is below 50, suggesting a possible oversold condition, but the news sentiment is neutral and the volume ratio is low, indicating a lack of conviction in the market. Given these mixed signals, a cautious approach is warranted.",82.14,83.31,47.7,-1.1019,1067007,0.85,17.8,12.6,3.18,-1.4,0,0.05,0.18,-0.13
Day-32,meta-llama/Llama-3.1-8B-Instruct,INTJ,static,crash,42,0.85,deterioration,82.11,96.2172783327608,9891.433858269287,2500.0,90.01868052940308,HOLD,0.0,"The RSI is at 49.3, indicating a neutral market condition. The trend is flat, and the P/E ratio is relatively low. No strong signals for a trade at this time.",82.0,83.27,49.3,-0.9644,1014391,0.81,17.9,12.8,3.12,-1.53,0,0.07,0.18,-0.1
Day-33,meta-llama/Llama-3.1-8B-Instruct,INTJ,static,crash,42,0.85,deterioration,80.93,95.13249189396015,9785.211815244591,2500.0,90.01868052940308,HOLD,0.0,"The RSI is below 50, indicating a potential buying opportunity, but the trend is neutral and the news sentiment is slightly negative. Given the medium risk appetite and the focus on long-term strategies, it's best to hold current positions and wait for a clearer signal.",81.79,83.2,49.1,-0.9397,1377568,1.09,18.0,12.8,3.13,-1.69,0,-0.14,0.17,-0.31
Day-34,meta-llama/Llama-3.1-8B-Instruct,INTJ,static,crash,42,0.85,deterioration,79.31,94.45848630767394,9639.38155278696,2500.0,90.01868052940308,HOLD,0.0,"The stock price is slightly below the short-term trend, but the RSI is not oversold, and the long-term trend is still intact. The P/E ratio is relatively low, indicating potential undervaluation. The current market conditions do not provide a clear buying opportunity.",81.58,83.09,46.3,-1.0388,1310154,1.03,18.1,12.6,3.18,-1.81,0,-0.25,0.08,-0.34
Day-35,meta-llama/Llama-3.1-8B-Instruct,INTJ,static,crash,42,0.85,deterioration,84.18,95.24671549402628,10077.772526965153,2500.0,90.01868052940308,HOLD,0.0,"Current market conditions are neutral, with a flat trend and moderate RSI. The P/E ratio is reasonable, and implied volatility is within a normal range. No strong buy or sell signals are present.",81.69,83.12,46.9,-0.7166,1352039,1.07,18.2,13.3,3.02,-1.71,0,0.25,-0.0,0.25
Day-36,meta-llama/Llama-3.1-8B-Instruct,INTJ,static,crash,42,0.85,deterioration,80.91,94.07312247881197,9783.411441634003,2500.0,90.01868052940308,HOLD,0.0,"The stock price is near the 20-day and 60-day SMA, indicating a neutral trend. The RSI is below 60, suggesting a potential buying opportunity, but the news sentiment is negative, which may offset this. Given the current market conditions, it's best to hold and wait for a clearer signal.",81.54,83.06,52.3,-0.7163,1106482,0.88,18.3,12.9,3.1,-1.82,0,-0.26,-0.07,-0.19
Day-37,meta-llama/Llama-3.1-8B-Instruct,INTJ,static,crash,42,0.85,deterioration,77.4,94.63607736712262,9467.445872975799,2500.0,90.01868052940308,HOLD,0.0,"The stock's price is above the SMA20 and SMA60, indicating a short-term uptrend. The RSI is below 50, suggesting the stock may be undervalued. The low news sentiment and low volume ratio suggest a lack of market enthusiasm, making it a good time to wait for further confirmation before entering a trade.",81.34,82.9,41.3,-0.9879,1068185,0.85,18.4,12.3,3.26,-1.88,0,0.02,-0.08,0.1
Day-38,meta-llama/Llama-3.1-8B-Instruct,INTJ,static,crash,42,0.85,deterioration,79.67,93.39991177350315,9671.788277777545,2500.0,90.01868052940308,HOLD,0.0,"The RSI is at 51.1, indicating a neutral market sentiment. The trend is flat, and the P/E ratio is relatively low at 12.8. No clear buying or selling signals are present, so it's best to hold the current position.",81.2,82.82,51.1,-1.0086,1007272,0.82,18.5,12.8,3.13,-1.95,0,-0.14,-0.08,-0.07
Day-39,meta-llama/Llama-3.1-8B-Instruct,INTJ,static,crash,42,0.85,deterioration,78.54,93.5637550768166,9570.067168779318,2500.0,90.01868052940308,HOLD,0.0,"The stock is trading below its short-term and long-term moving averages, indicating a bearish trend. The RSI is below 50, suggesting a potential oversold condition, but the price is still above the 200-day moving average. Given the mixed signals, it's best to hold and wait for a clearer trend to emerge.",81.05,82.71,46.0,-1.1037,1175293,0.96,18.6,12.6,3.18,-2.01,-1,0.14,0.0,0.14
Day-40,meta-llama/Llama-3.1-8B-Instruct,INTJ,static,crash,42,0.85,deterioration,81.33,94.17437998502318,9821.219287456352,2500.0,90.01868052940308,HOLD,0.0,"The stock is trading below its 60-day SMA, indicating a short-term downtrend. The RSI is below 50, suggesting a potential oversold condition, but the news sentiment is extremely bearish, which may indicate a lack of buying pressure. Given the current market conditions, it's best to hold and wait for a more favorable entry point.",81.01,82.67,46.6,-0.9431,1294958,1.05,18.7,13.0,3.09,-2.01,-1,0.1,-0.03,0.13
Day-41,meta-llama/Llama-3.1-8B-Instruct,INTJ,static,crash,42,0.85,deterioration,78.96,94.2932839229091,9607.875014601668,2500.0,90.01868052940308,HOLD,0.0,"The stock's price is above the 20-day and 60-day SMAs, indicating a short-term uptrend. The RSI is below 50, suggesting a potential buying opportunity, but the news sentiment and volume ratio are neutral. Given the current market conditions, it's best to hold and wait for a clearer signal.",80.63,82.58,46.3,-0.9952,1196122,0.96,18.8,12.6,3.18,-2.36,-1,0.31,0.09,0.22
Day-42,meta-llama/Llama-3.1-8B-Instruct,INTJ,static,crash,42,0.85,deterioration,79.61,93.85783603932917,9666.38715694578,2500.0,90.01868052940308,HOLD,0.0,"The RSI is below 50, indicating a potential buying opportunity, but the trend is negative and the P/E ratio is relatively high. Implied volatility is also high, suggesting potential market uncertainty. Given these mixed signals, it's best to hold and wait for clearer signs of a trend reversal.",80.64,82.51,49.3,-0.9732,1218737,0.99,18.9,12.7,3.14,-2.26,-1,-0.15,0.05,-0.2
Day-43,meta-llama/Llama-3.1-8B-Instruct,INTJ,static,crash,42,0.85,deterioration,80.29,93.56242902336284,9727.599859705773,2500.0,90.01868052940308,HOLD,0.0,"The RSI is at 50.4, indicating a neutral market condition. The trend is bearish, but the P/E ratio is relatively low at 12.9. Given the current market conditions, it's best to hold and wait for a clearer signal.",80.5,82.46,50.4,-0.8907,1452079,1.17,19.0,12.9,3.11,-2.38,-1,-0.08,0.06,-0.15
Day-44,meta-llama/Llama-3.1-8B-Instruct,INTJ,static,crash,42,0.85,deterioration,80.62,93.3178025825851,9757.306024280477,2500.0,90.01868052940308,HOLD,0.0,"The RSI is below 50, indicating a potential buying opportunity, but the trend is bearish and the news sentiment is negative. The P/E ratio is relatively low, which could be a buying signal, but the implied volatility is high, indicating market uncertainty. Given the mixed signals, it's best to hold and wait for a clearer trend to emerge.",80.58,82.42,47.4,-0.7893,1174127,0.95,19.1,13.0,3.09,-2.23,-1,-0.29,-0.02,-0.27
Day-45,meta-llama/Llama-3.1-8B-Instruct,INTJ,static,crash,42,0.85,deterioration,76.89,92.57719470101881,9421.536345905803,2500.0,90.01868052940308,HOLD,0.0,"The RSI is below 50, indicating a potential buying opportunity, but the trend is negative and the P/E ratio is relatively high. Implied volatility is above average, suggesting a volatile market. Given the current market conditions, it's best to hold off on making any trades.",80.37,82.3,45.3,-0.9983,1256994,1.02,19.2,12.5,3.21,-2.33,-1,-0.13,-0.07,-0.06
Day-46,meta-llama/Llama-3.1-8B-Instruct,INTJ,static,crash,42,0.85,deterioration,78.38,92.80463485782796,9555.664179894613,2500.0,90.01868052940308,HOLD,0.0,"The stock is trading below its 60-day SMA, indicating a short-term downtrend. The RSI is below 50, suggesting the stock is undervalued. Given the current market conditions, it's best to wait for a clearer signal before making a trade.",80.12,82.21,43.8,-1.0317,1391826,1.13,19.3,12.7,3.16,-2.54,-1,0.11,-0.11,0.22
Day-47,meta-llama/Llama-3.1-8B-Instruct,INTJ,static,crash,42,0.85,deterioration,78.15,92.78233884236822,9534.959883372852,2500.0,90.01868052940308,HOLD,0.0,"The stock price is below the 20 and 60-day SMA, indicating a bearish trend. The RSI is below 50, suggesting a potential oversold condition, but the news sentiment and volume ratio are neutral. Given the current market conditions, it's best to hold and wait for a clearer signal.",79.97,82.12,45.2,-1.0644,1198271,0.97,19.4,12.6,3.17,-2.63,-1,0.23,-0.03,0.26
Day-48,meta-llama/Llama-3.1-8B-Instruct,INTJ,static,crash,42,0.85,deterioration,78.4,93.38932060678034,9557.464553505202,2500.0,90.01868052940308,HOLD,0.0,"The stock is trading below its 60-day SMA, indicating a bearish trend. The RSI is below 50, suggesting a potential oversold condition, but the news sentiment is negative, which may continue to weigh on the stock price. Given the current market conditions, it's best to hold and reassess the situation.",79.88,82.05,48.3,-1.0581,1311043,1.07,19.5,12.6,3.18,-2.64,-1,-0.28,-0.07,-0.2
Day-49,meta-llama/Llama-3.1-8B-Instruct,INTJ,static,crash,42,0.85,deterioration,81.6,92.88066990427791,9845.52433119929,2500.0,90.01868052940308,HOLD,0.0,"The stock price is near the 60-day SMA, and the RSI is below 50, indicating a potential buying opportunity. However, the short-term trend is negative, and the news sentiment is neutral, suggesting caution. Given the current market conditions, it's best to hold and wait for a clearer signal.",79.96,82.04,45.0,-0.7862,1431181,1.16,19.6,13.2,3.04,-2.53,-1,0.26,0.04,0.22
Day-50,meta-llama/Llama-3.1-8B-Instruct,INTJ,static,crash,42,0.85,deterioration,78.53,91.67544194763508,9569.166981974024,2500.0,90.01868052940308,HOLD,0.0,"The stock is trading below its 60-day SMA and RSI is below 50, indicating a potential bearish trend. However, the news sentiment is slightly positive and the P/E ratio is relatively low, suggesting some underlying value. Given the current market conditions, it's best to hold and wait for a clearer signal.",79.78,81.97,45.4,-0.8086,1474760,1.19,19.7,12.8,3.11,-2.67,-1,0.41,0.15,0.26
Day-51,meta-llama/Llama-3.1-8B-Instruct,INTJ,static,crash,42,0.85,deterioration,76.79,92.56710527583664,9412.534477852863,2500.0,90.01868052940308,HOLD,0.0,"The stock is trading below its 60-day SMA, indicating a potential bearish trend. The RSI is below 50, suggesting the stock is oversold. Given the current market conditions, it's best to wait for a clearer signal before making a trade.",79.63,81.79,48.7,-0.9559,1073536,0.86,19.7,12.4,3.21,-2.64,-1,0.12,0.15,-0.02
Day-52,meta-llama/Llama-3.1-8B-Instruct,INTJ,static,crash,42,0.85,deterioration,79.63,92.06062341675386,9668.187530556366,2500.0,90.01868052940308,HOLD,0.0,"The stock is trading below its 60-day SMA, indicating a bearish trend. The RSI is at 49.9, suggesting a potential oversold condition, but the news sentiment and volume ratio are neutral. Given the lack of clear buying signals, it's best to hold the current position.",79.51,81.67,49.9,-0.8341,1463293,1.16,19.8,13.0,3.08,-2.65,-1,0.56,0.22,0.35
Day-53,meta-llama/Llama-3.1-8B-Instruct,INTJ,static,crash,42,0.85,deterioration,81.18,91.76280482263184,9807.716485376943,2500.0,90.01868052940308,HOLD,0.0,"The stock's price is near the 60-day SMA, and the RSI is at 55.3, indicating a neutral market sentiment. The P/E ratio is relatively low, but the implied volatility is high, suggesting a potential for increased price movement. Given the current market conditions, it's best to hold and wait for a clearer signal to enter or exit the trade.",79.52,81.56,55.3,-0.6052,1246058,0.99,19.9,13.3,3.01,-2.5,-1,-0.23,0.22,-0.46
Day-54,meta-llama/Llama-3.1-8B-Instruct,INTJ,static,crash,42,0.85,deterioration,79.97,92.25520523302804,9698.793881936364,2500.0,90.01868052940308,HOLD,0.0,"The stock's price is slightly below the 20-day SMA, indicating a potential short-term downtrend. The RSI is at 47.1, suggesting a neutral market sentiment. Given the current market conditions, it's best to hold and wait for a clearer signal.",79.55,81.42,47.1,-0.5159,1129122,0.9,20.0,13.0,3.08,-2.3,-1,-0.37,0.1,-0.47
Day-55,meta-llama/Llama-3.1-8B-Instruct,INTJ,static,crash,42,0.85,deterioration,76.19,92.31296811567836,9358.52326953522,2500.0,90.01868052940308,HOLD,0.0,"The stock's price is below the 20-day and 60-day SMA, indicating a bearish trend. The RSI is below 50, suggesting a potential oversold condition, but the news sentiment is negative, which may weigh on the stock's performance. Given the current market conditions, it's best to hold off on making any trades.",79.15,81.3,44.4,-0.7416,1229567,0.99,20.1,12.4,3.23,-2.64,-1,-0.53,-0.09,-0.44
Day-56,meta-llama/Llama-3.1-8B-Instruct,INTJ,static,crash,42,0.85,deterioration,77.57,92.11120967981127,9482.749048665797,2500.0,90.01868052940308,HOLD,0.0,"The stock's price is slightly below its short-term moving average, indicating a potential reversal. The RSI is below 50, suggesting a possible buying opportunity. However, the stock's price is still above its long-term moving average, and the news sentiment is neutral, indicating a wait-and-see approach.",78.98,81.19,46.0,-0.7997,1490016,1.18,20.2,12.6,3.17,-2.72,-1,0.45,-0.03,0.47
Day-57,meta-llama/Llama-3.1-8B-Instruct,INTJ,static,crash,42,0.85,deterioration,79.31,91.07406212446463,9639.38155278696,2500.0,90.01868052940308,HOLD,0.0,"The stock's price is near its 60-day SMA, indicating a potential resistance level. The RSI is below 50, suggesting a possible oversold condition. However, the news sentiment is bearish and the volume ratio is slightly below 1, indicating a lack of strong buying pressure.",79.08,81.07,48.2,-0.697,1246309,0.98,20.3,13.1,3.06,-2.45,-1,0.2,-0.1,0.3
Day-58,meta-llama/Llama-3.1-8B-Instruct,INTJ,static,crash,42,0.85,deterioration,76.45,91.18716596397313,9381.928126472867,2500.0,90.01868052940308,HOLD,0.0,"The stock is trading below its 20-day and 60-day SMAs, indicating a bearish trend. The RSI is below 50, suggesting the stock is undervalued. Given the current market conditions, it's best to wait for a clearer signal before making a trade.",78.92,80.89,42.8,-0.8371,1164375,0.91,20.4,12.6,3.18,-2.44,-1,-0.02,-0.06,0.04
Day-59,meta-llama/Llama-3.1-8B-Instruct,INTJ,static,crash,42,0.85,deterioration,78.32,91.35550513342329,9550.263059062849,2500.0,90.01868052940308,HOLD,0.0,"The stock price is slightly below the 20-day SMA, but the 60-day SMA is still above, indicating a short-term downtrend. The RSI is around the midpoint, suggesting a neutral momentum. Given the current market conditions, it's best to hold and wait for a clearer trend to emerge.",78.91,80.77,52.6,-0.7882,1316700,1.02,20.5,12.9,3.11,-2.3,-1,0.08,0.04,0.05
Day-60,meta-llama/Llama-3.1-8B-Instruct,INTJ,static,crash,42,0.85,deterioration,78.96,91.52574724710549,9607.875014601668,2500.0,90.01868052940308,HOLD,0.0,"The stock's price is near its 60-day SMA, and the RSI is at 51.1, indicating a neutral market sentiment. The news sentiment is negative, but the P/E ratio is relatively low at 12.9. Given the current market conditions, it's best to hold and wait for a clearer trend to emerge.",78.79,80.55,51.1,-0.6897,1120072,0.88,20.6,12.9,3.09,-2.18,-1,-0.34,0.07,-0.41
Day-61,meta-llama/Llama-3.1-8B-Instruct,INTJ,static,crash,42,0.85,deterioration,75.66,90.64648883044444,9310.813368854637,2500.0,90.01868052940308,HOLD,0.0,"The stock is trading below its short-term and long-term moving averages, indicating a bearish trend. The RSI is below 50, suggesting the stock is undervalued. The P/E ratio is relatively low, which could be a buying opportunity, but the overall market conditions do not indicate a strong buy signal.",78.62,80.37,45.8,-0.868,1037931,0.82,20.7,12.5,3.19,-2.18,-1,0.73,0.13,0.6
Day-62,meta-llama/Llama-3.1-8B-Instruct,INTJ,static,crash,42,0.85,deterioration,76.96,90.64134772685796,9427.837653542862,2500.0,90.01868052940308,HOLD,0.0,"The stock's price is slightly below the 20-day and 60-day SMA, indicating a short-term downtrend. The RSI is below 50, suggesting the stock is undervalued. However, the P/E ratio is relatively low, which may indicate a buy opportunity, but the overall market sentiment and volume ratio do not provide a clear indication for a trade.",78.49,80.21,47.6,-0.8943,1064439,0.84,20.8,12.7,3.14,-2.14,-1,0.04,0.1,-0.06
Day-63,meta-llama/Llama-3.1-8B-Instruct,INTJ,static,crash,42,0.85,deterioration,71.66,90.02911099400964,8950.738646737025,2500.0,90.01868052940308,HOLD,0.0,"The stock's price is below its short-term and long-term moving averages, indicating a bearish trend. The RSI is below 50, suggesting the stock is undervalued. The low news sentiment and high implied volatility suggest caution.",78.06,79.95,34.8,-1.3269,1064022,0.86,20.9,11.9,3.35,-2.36,-1,0.03,0.11,-0.08
Day-64,meta-llama/Llama-3.1-8B-Instruct,INTJ,static,crash,42,0.85,deterioration,74.82,89.8322764347951,9235.197677209937,2500.0,90.01868052940308,HOLD,0.0,"The stock's price is below its 20-day and 60-day SMAs, indicating a bearish trend. The RSI is below 50, suggesting the stock is undervalued. The market sentiment is bearish, and the implied volatility is relatively high, making it a less favorable time to enter the market.",77.77,79.77,44.3,-1.3989,1075951,0.87,21.0,12.5,3.2,-2.51,-1,0.22,0.14,0.08
Day-65,meta-llama/Llama-3.1-8B-Instruct,INTJ,static,crash,42,0.85,deterioration,76.7,90.68474392385534,9404.432796605217,2500.0,90.01868052940308,HOLD,0.0,"The stock price is near the 20-day SMA, indicating a potential short-term correction. The RSI is at 49.9, suggesting a neutral market sentiment. Given the current market conditions, it's best to hold and wait for a clearer trend.",77.76,79.67,49.9,-1.2891,1069413,0.87,21.1,12.7,3.15,-2.39,-1,0.14,0.23,-0.09
Day-66,meta-llama/Llama-3.1-8B-Instruct,INTJ,static,crash,42,0.85,deterioration,75.31,90.80470229276642,9279.306830669346,2500.0,90.01868052940308,HOLD,0.0,"The stock price is slightly below the short-term trend, but the long-term trend remains strong. The RSI is below 50, indicating a potential buying opportunity, but the news sentiment is neutral. Given the current market conditions, it's best to wait for further confirmation before making a trade.",77.61,79.49,43.1,-1.2994,1320437,1.08,21.2,12.4,3.22,-2.37,-1,0.07,0.1,-0.03
Day-67,meta-llama/Llama-3.1-8B-Instruct,INTJ,static,crash,42,0.85,deterioration,78.9,89.93867848351364,9602.473893769904,2500.0,90.01868052940308,HOLD,0.0,"The stock is trading below its 60-day SMA, indicating a short-term downtrend. The RSI is below 50, suggesting a potential buying opportunity, but the news sentiment is negative, which may indicate further downward pressure. Given the current market conditions, it's best to hold and wait for a clearer signal.",77.64,79.44,46.6,-1.0067,1090940,0.89,21.3,13.2,3.04,-2.27,-1,-0.24,0.04,-0.28
Day-68,meta-llama/Llama-3.1-8B-Instruct,INTJ,static,crash,42,0.85,deterioration,74.63,90.32455125907259,9218.094127909353,2500.0,90.01868052940308,HOLD,0.0,"The stock is trading below its 60-day SMA, indicating a potential downtrend. The RSI is below 50, suggesting oversold conditions, but the news sentiment is neutral and the volume ratio is low, indicating a lack of conviction in the current price movement. Given the mixed signals, it's best to hold and wait for a clearer trend to emerge.",77.46,79.29,42.7,-1.1062,1172833,0.97,21.4,12.4,3.23,-2.31,-1,0.14,0.07,0.07
Day-69,meta-llama/Llama-3.1-8B-Instruct,INTJ,static,crash,42,0.85,deterioration,75.71,89.85170408847318,9315.314302881106,2500.0,90.01868052940308,HOLD,0.0,"The RSI is at 49.3, indicating a neutral market condition. The trend is bearish, and the P/E ratio is relatively low. No clear buying or selling signals are present.",77.16,79.17,49.3,-1.0852,1448394,1.19,21.5,12.6,3.16,-2.53,-1,0.56,0.14,0.43
Day-70,meta-llama/Llama-3.1-8B-Instruct,INTJ,static,crash,42,0.85,deterioration,76.01,89.19642746446958,9342.319907039928,2500.0,90.01868052940308,HOLD,0.0,"The stock is trading below its 60-day SMA, indicating a potential short-term downtrend. The RSI is below 50, suggesting a possible oversold condition. However, the long-term implications are not clear, and further analysis is required before making a trade.",77.04,79.05,47.6,-1.0325,1236980,1.03,21.6,12.8,3.13,-2.54,-1,0.4,0.19,0.22
Day-71,meta-llama/Llama-3.1-8B-Instruct,INTJ,static,crash,42,0.85,deterioration,78.28,89.54778641034915,9546.662311841674,2500.0,90.01868052940308,HOLD,0.0,"The short-term trend is bearish, but the long-term trend is still bullish. The RSI is below 50, indicating a potential buying opportunity, but the news sentiment is neutral and the P/E ratio is reasonable. Given the current market conditions, it's best to hold and wait for a clearer signal.",77.11,78.88,48.4,-0.7988,1333778,1.1,21.6,13.1,3.05,-2.25,-1,0.48,0.27,0.21
Day-72,meta-llama/Llama-3.1-8B-Instruct,INTJ,static,crash,42,0.85,deterioration,74.33,89.98420815665071,9191.088523750532,2500.0,90.01868052940308,HOLD,0.0,"The stock is trading below its short-term and long-term moving averages, indicating a bearish trend. The RSI is below 50, suggesting a potential oversold condition, but the news sentiment is negative and the implied volatility is high, indicating uncertainty. Given the mixed signals, it's best to hold and wait for a clearer trend to emerge.",76.85,78.78,46.9,-0.9212,1086159,0.91,21.7,12.4,3.23,-2.46,-1,-0.15,0.29,-0.44
Day-73,meta-llama/Llama-3.1-8B-Instruct,INTJ,static,crash,42,0.85,deterioration,77.43,89.04537811968552,9470.146433391681,2500.0,90.01868052940308,HOLD,0.0,"The stock's price is near the 20-day SMA, indicating a potential short-term trend reversal. The RSI is below 50, suggesting a possible oversold condition. Further analysis is required before making a trade decision.",76.66,78.67,48.8,-0.7594,1096144,0.92,21.8,13.0,3.07,-2.55,-1,-0.3,0.2,-0.5
Day-74,meta-llama/Llama-3.1-8B-Instruct,INTJ,static,crash,42,0.85,deterioration,76.26,89.6937142329703,9364.82457717228,2500.0,90.01868052940308,HOLD,0.0,"The stock price is slightly below the 20-day SMA and the 60-day SMA is trending upwards, indicating a potential short-term downtrend. The RSI is below 50, suggesting oversold conditions. However, the P/E ratio is relatively low and implied volatility is high, indicating potential for a bounce.",76.47,78.61,46.2,-0.7179,1020434,0.86,21.9,12.8,3.14,-2.72,-1,-0.04,0.08,-0.12
Day-75,meta-llama/Llama-3.1-8B-Instruct,INTJ,static,crash,42,0.85,deterioration,72.86,87.44962111884121,9058.761063372309,2500.0,90.01868052940308,HOLD,0.0,"The stock's price is slightly above the 20-day SMA, and the RSI is below 50, indicating a potential short-term downtrend. However, the 60-day SMA is still above the 20-day SMA, suggesting a longer-term uptrend. Given the neutral indicators, it's best to hold and wait for further confirmation.",76.31,78.45,46.1,-0.948,1084467,0.92,22.0,12.5,3.2,-2.73,-1,0.02,0.0,0.02
Day-76,meta-llama/Llama-3.1-8B-Instruct,INTJ,static,crash,42,0.85,deterioration,76.36,89.01854618889648,9373.826445225219,2500.0,90.01868052940308,HOLD,0.0,"The RSI is at 49.2, indicating a neutral market condition. The trend is slightly bearish, but the P/E ratio is relatively low at 12.9, suggesting a potentially undervalued market. Given the current market conditions, it's best to hold and wait for a clearer signal.",76.25,78.31,49.2,-0.8384,1139295,0.98,22.1,12.9,3.11,-2.63,-1,0.33,-0.03,0.36
Day-77,meta-llama/Llama-3.1-8B-Instruct,INTJ,static,crash,42,0.85,deterioration,75.52,88.49921973665073,9298.21075358052,2500.0,90.01868052940308,HOLD,0.0,"The RSI is at 55.7, indicating a neutral market condition. The trend is slightly bearish, but the P/E ratio is relatively low at 12.8. Given the current market conditions, it's best to hold and wait for a clearer signal.",76.06,78.19,55.7,-0.8097,1088505,0.95,22.2,12.8,3.12,-2.73,-1,-0.51,-0.1,-0.41
Day-78,meta-llama/Llama-3.1-8B-Instruct,INTJ,static,crash,42,0.85,deterioration,74.03,88.1542937931215,9164.08291959171,2500.0,90.01868052940308,HOLD,0.0,"The stock is trading below its 20-day and 60-day SMAs, indicating a bearish trend. The RSI is below 50, suggesting a potential oversold condition, but the news sentiment and volume ratio are neutral. Given the current market conditions, it's best to hold and wait for a clearer signal to enter or exit the trade.",75.94,78.07,48.8,-0.8969,1044351,0.91,22.3,12.6,3.18,-2.74,-1,0.46,0.05,0.41
Day-79,meta-llama/Llama-3.1-8B-Instruct,INTJ,static,crash,42,0.85,deterioration,75.07,88.19777912244496,9257.702347342289,2500.0,90.01868052940308,HOLD,0.0,"The current trend is bearish, with the SMA20 below the SMA60, and the RSI is below 50. The P/E ratio is relatively low, indicating undervaluation. Given the current market conditions, it's best to hold and wait for a more favorable entry point.",75.77,77.97,47.4,-0.872,1060317,0.94,22.4,12.8,3.13,-2.82,-1,-0.05,0.05,-0.1
Day-80,meta-llama/Llama-3.1-8B-Instruct,INTJ,static,crash,42,0.85,deterioration,73.38,87.00621554269955,9105.570777247598,2500.0,90.01868052940308,HOLD,0.0,"The stock price is below the SMA20 and SMA60, indicating a short-term downtrend. The RSI is below 50, suggesting the stock is undervalued. The Implied Volatility is relatively high, but the P/E Ratio is reasonable, making it a neutral trading opportunity.",75.49,77.8,46.9,-0.9777,1230389,1.08,22.5,12.7,3.16,-2.96,-1,-0.13,0.02,-0.15
Day-81,meta-llama/Llama-3.1-8B-Instruct,INTJ,static,crash,42,0.85,panic,73.51,86.28654365486204,9117.273205716421,2500.0,90.01868052940308,HOLD,0.0,"The stock is trading below its 60-day SMA and RSI is below 50, indicating a potential bearish trend. However, the news sentiment is negative, which may be a buying opportunity. The price is also relatively low compared to its P/E ratio, suggesting a potential undervaluation.",75.39,77.67,40.5,-1.0386,2206333,1.84,22.5,12.8,3.13,-2.94,-1,-0.99,-0.24,-0.75
Day-82,meta-llama/Llama-3.1-8B-Instruct,INTJ,static,crash,42,0.85,panic,74.22,86.14365622637378,9181.186468892298,2500.0,90.01868052940308,HOLD,0.0,"The stock is trading below its 60-day SMA, indicating a short-term downtrend. The RSI is at 49.2, suggesting a neutral market sentiment. Given the current market conditions, it's best to hold and reassess the situation.",75.25,77.51,49.2,-1.0184,2404342,1.9,22.9,12.9,3.1,-2.92,-1,-0.27,-0.2,-0.08
Day-83,meta-llama/Llama-3.1-8B-Instruct,INTJ,static,crash,42,0.85,panic,76.43,87.1215502711153,9380.127752862278,2500.0,90.01868052940308,HOLD,0.0,"The stock price is near the 20-day SMA, indicating a potential short-term correction. The RSI is neutral at 51.4, and the P/E ratio is relatively low at 13.2. The current market conditions do not provide a clear indication for a trade.",75.49,77.42,51.4,-0.8142,2588278,1.93,23.3,13.2,3.04,-2.5,-1,-0.7,-0.43,-0.27
Day-84,meta-llama/Llama-3.1-8B-Instruct,INTJ,static,crash,42,0.85,panic,71.33,86.10328005284165,8921.032482162322,2500.0,90.01868052940308,HOLD,0.0,"The stock price is below the 20 and 60-day SMA, indicating a bearish trend. The RSI is below 50, suggesting the stock is undervalued. The Implied Volatility is high, but the P/E ratio is relatively low, indicating a potential buying opportunity.",75.31,77.26,42.4,-1.0518,2827194,1.98,23.6,12.4,3.22,-2.52,-1,-0.76,-0.57,-0.19
Day-85,meta-llama/Llama-3.1-8B-Instruct,INTJ,static,crash,42,0.85,panic,75.28,84.79478644994846,9276.606270253465,2500.0,90.01868052940308,HOLD,0.0,"The stock is trading below its 60-day SMA, indicating a bearish trend. The RSI is below 50, suggesting a potential oversold condition. However, the news sentiment is negative and the implied volatility is high, indicating potential market uncertainty.",75.24,77.09,45.3,-0.9114,2177570,1.47,24.0,13.3,3.0,-2.39,-1,-0.97,-0.74,-0.23
Day-86,meta-llama/Llama-3.1-8B-Instruct,INTJ,static,crash,42,0.85,panic,68.3,83.79302940636393,8648.275880158231,2500.0,90.01868052940308,HOLD,0.0,"The stock price is below the SMA20 and SMA60, indicating a bearish trend. The RSI is below 50, suggesting the stock is undervalued. The news sentiment is negative, which may indicate a potential buying opportunity in the future.",74.89,76.83,41.5,-1.3477,3036648,1.94,24.4,12.2,3.27,-2.53,-1,-0.66,-0.67,0.01
Day-87,meta-llama/Llama-3.1-8B-Instruct,INTJ,static,crash,42,0.85,panic,71.35,84.208431524066,8922.83285577291,1875.0,98.77831612856215,BUY,0.25,"The stock is trading below its 20-day and 60-day SMA, indicating a bearish trend. The RSI is below 50, suggesting oversold conditions. With a P/E ratio of 12.7, the stock appears undervalued and poised for a potential rebound.",74.51,76.71,41.4,-1.4307,2895144,1.75,24.8,12.7,3.15,-2.87,-1,-0.92,-0.8,-0.11
Day-88,meta-llama/Llama-3.1-8B-Instruct,INTJ,static,crash,42,0.85,panic,72.31,84.03718263372569,9017.66003925633,1875.0,98.77831612856215,HOLD,0.0,"The stock's price is below its 20 and 60-day SMA, indicating a bearish trend. The RSI is below 50, suggesting a potential oversold condition, but the news sentiment is negative and the implied volatility is high, indicating potential market uncertainty. Given the mixed signals, it's best to hold and reassess the situation.",74.4,76.57,44.4,-1.4024,2328747,1.36,25.2,12.9,3.1,-2.83,-1,-0.78,-0.82,0.04
Day-89,meta-llama/Llama-3.1-8B-Instruct,INTJ,static,crash,42,0.85,panic,70.98,83.00742242995865,8886.284878805342,1875.0,98.77831612856215,HOLD,0.0,"The stock is trading below its 20-day and 60-day moving averages, indicating a bearish trend. The RSI is below 50, suggesting a potential oversold condition. Given the current market conditions, it's best to hold and wait for a more favorable entry point.",74.16,76.41,47.1,-1.4708,3263216,1.81,25.6,12.8,3.12,-2.95,-1,-0.29,-0.72,0.43
Day-90,meta-llama/Llama-3.1-8B-Instruct,INTJ,static,crash,42,0.85,panic,69.63,83.02068986307201,8752.934152031783,1875.0,98.77831612856215,HOLD,0.0,"The stock is trading below its short-term and long-term moving averages, indicating a potential downtrend. The RSI is below 50, suggesting the stock is oversold. Given the bearish news sentiment and low volume ratio, it's best to hold cash for now.",73.84,76.18,39.1,-1.6149,3366429,1.76,25.9,12.6,3.18,-3.07,-1,-0.82,-0.69,-0.13
Day-91,meta-llama/Llama-3.1-8B-Instruct,INTJ,static,crash,42,0.85,panic,69.91,82.61776741242005,8780.59208054778,1875.0,98.77831612856215,HOLD,0.0,"The stock price is slightly below the 20-day SMA and the 60-day SMA is also slightly above, indicating a neutral trend. The RSI is at 40.7, which is not overbought or oversold. The news sentiment is negative, but the P/E ratio is reasonable at 12.7.",73.42,76.0,40.7,-1.6871,2410413,1.22,26.3,12.7,3.15,-3.39,-1,-0.57,-0.67,0.1
Day-92,meta-llama/Llama-3.1-8B-Instruct,INTJ,static,crash,42,0.85,panic,69.88,83.08641240295293,8777.628731063924,1875.0,98.77831612856215,HOLD,0.0,"The stock's price is below the 20-day SMA and 60-day SMA, indicating a bearish trend. The RSI is below 50, suggesting the stock is undervalued. The news sentiment is negative, which may contribute to further price decline.",73.2,75.8,42.8,-1.7268,2701380,1.32,26.7,12.6,3.17,-3.43,-1,-0.94,-0.68,-0.26
Day-93,meta-llama/Llama-3.1-8B-Instruct,INTJ,static,crash,42,0.85,panic,68.72,81.88435930907558,8663.045884354791,1875.0,98.77831612856215,HOLD,0.0,"The RSI is below 50, indicating a potential buying opportunity, but the trend is bearish and the news sentiment is negative. The P/E ratio is relatively low, but the implied volatility is high. Given the current market conditions, it's best to hold and wait for a more favorable entry point.",72.77,75.57,39.0,-1.8312,3376954,1.56,27.1,12.6,3.18,-3.71,-1,-0.81,-0.68,-0.12
Day-94,meta-llama/Llama-3.1-8B-Instruct,INTJ,static,crash,42,0.85,panic,70.17,81.05669716247782,8806.274442741207,1875.0,98.77831612856215,HOLD,0.0,"The stock is trading below its 60-day SMA, indicating a short-term downtrend. The RSI is below 50, suggesting the stock may be undervalued. However, the news sentiment is negative, which could impact the stock's performance.",72.46,75.36,44.4,-1.7761,3353808,1.47,27.5,13.0,3.08,-3.85,-1,-0.45,-0.72,0.27
Day-95,meta-llama/Llama-3.1-8B-Instruct,INTJ,static,crash,42,0.85,panic,68.68,80.16458900934566,8659.09475170965,1875.0,98.77831612856215,HOLD,0.0,"The current trend is bearish, with the SMA20 below the SMA60, and the RSI is below 50. The news sentiment is also bearish. Given the medium risk appetite and long-term focus, it's best to hold and wait for a more favorable entry point.",72.25,75.2,42.0,-1.8321,2702881,1.15,27.8,12.9,3.11,-3.92,-1,-0.93,-0.74,-0.19
Day-96,meta-llama/Llama-3.1-8B-Instruct,INTJ,static,crash,42,0.85,panic,65.43,78.20107406121353,8338.065224291822,937.5,113.10660590389458,BUY,0.5,"The stock price is below the 20-day and 60-day SMA, indicating a potential downtrend. The RSI is at 36.5, suggesting the stock is oversold. The P/E ratio is relatively low, making it an attractive buy opportunity.",71.71,74.94,36.5,-2.1139,2771048,1.13,28.2,12.6,3.19,-4.32,-1,-0.44,-0.71,0.27
Day-97,meta-llama/Llama-3.1-8B-Instruct,INTJ,static,crash,42,0.85,panic,67.65,77.99719433827812,8589.161889398469,468.75,120.03565246708747,BUY,0.5,"The stock is oversold with an RSI of 36.5, and the trend is bearish with a negative SMA20/SMA60 divergence. The P/E ratio is relatively low at 13.0, indicating potential undervaluation. The Implied Volatility is high, which could lead to a potential bounce.",71.31,74.73,36.5,-2.1338,3013311,1.19,28.6,13.0,3.07,-4.57,-1,-0.66,-0.65,-0.0
Day-98,meta-llama/Llama-3.1-8B-Instruct,INTJ,static,crash,42,0.85,panic,66.56,77.75824961045801,8458.323028209343,421.875,120.73990426997209,BUY,0.1,"The stock price is below its 20-day and 60-day SMA, indicating a potential short-term downtrend. The RSI is below 50, suggesting oversold conditions. With a P/E ratio of 12.8, the stock appears undervalued.",70.94,74.49,41.7,-2.2122,3200402,1.21,29.0,12.8,3.12,-4.77,-1,-0.91,-0.68,-0.24
Day-99,meta-llama/Llama-3.1-8B-Instruct,INTJ,static,crash,42,0.85,panic,66.89,77.26336306710047,8498.167196618433,337.5,122.00130358227587,BUY,0.2,"The stock is trading below its 60-day SMA, indicating a potential buying opportunity. The RSI is oversold, suggesting a possible rebound. The P/E ratio is relatively low, making the stock attractive for long-term investors.",70.53,74.2,33.2,-2.2215,3417044,1.24,29.4,13.0,3.08,-4.95,-1,-0.67,-0.72,0.05
Day-100,meta-llama/Llama-3.1-8B-Instruct,INTJ,static,crash,42,0.85,panic,65.99,76.52877593372531,8388.366023394385,337.5,122.00130358227587,HOLD,0.0,"The stock price is trading below its long-term moving average, and the RSI is below 50, indicating a potential buying opportunity. However, the news sentiment is negative and the implied volatility is high, suggesting caution. Given the current market conditions, it's best to hold and wait for a clearer signal.",70.16,73.95,43.9,-2.2752,3131784,1.1,29.7,12.9,3.09,-5.12,-1,-0.61,-0.66,0.05
Day-101,meta-llama/Llama-3.1-8B-Instruct,INTJ,static,crash,42,0.85,panic,62.18,74.6134051916749,7923.541056745914,168.75,124.71519872540871,BUY,0.5,"The stock is oversold with an RSI of 26.7, and the trend is bearish. However, the P/E ratio is relatively low at 12.5, indicating potential undervaluation. The Implied Volatility is high, suggesting a potential bounce.",69.59,73.66,26.7,-2.5957,3297292,1.13,30.1,12.5,3.2,-5.52,-1,-0.68,-0.71,0.03
Day-102,meta-llama/Llama-3.1-8B-Instruct,INTJ,static,crash,42,0.85,panic,61.8,73.69275986890955,7876.149281230258,168.75,124.71519872540871,HOLD,0.0,"The stock's price is above the 20-day and 60-day SMA, indicating a short-term uptrend. The RSI is at 22.5, suggesting the stock is oversold. Given the current market conditions, it's best to hold and wait for a more favorable entry point.",68.97,73.3,22.5,-2.8475,3725384,1.25,30.5,12.6,3.18,-5.9,-1,-1.0,-0.77,-0.23
Day-103,meta-llama/Llama-3.1-8B-Instruct,INTJ,static,crash,42,0.85,panic,63.04,72.85004535238278,8030.7961276497645,151.875,124.98288590814983,BUY,0.1,"The stock is oversold with an RSI of 29.1, and the trend is still slightly bearish. However, the P/E ratio is relatively low at 13.0, indicating potential undervaluation. The Implied Volatility is high, but the proprietary system suggests an asymmetric edge in the long term.",68.3,72.94,29.1,-2.913,2796124,0.94,30.9,13.0,3.08,-6.35,-1,-0.95,-0.78,-0.17
Day-104,meta-llama/Llama-3.1-8B-Instruct,INTJ,static,crash,42,0.85,panic,61.73,71.54776808316116,7867.068547110088,121.5,125.47494811453245,BUY,0.2,"The stock is oversold with an RSI of 29.2, and the trend is bearish. The P/E ratio is relatively low at 12.9, indicating undervaluation. The Implied Volatility is high, suggesting a potential bounce.",67.82,72.57,29.2,-3.0359,3130505,1.04,31.3,12.9,3.09,-6.54,-1,-0.85,-0.82,-0.03
Day-105,meta-llama/Llama-3.1-8B-Instruct,INTJ,static,crash,42,0.85,panic,60.22,70.88648237149515,7677.601375457144,60.75,126.4837491773023,BUY,0.5,"The stock is oversold with an RSI of 26.0, and the trend is bearish with a negative SMA20/60 crossover. The P/E ratio is relatively low at 12.7, indicating undervaluation. The Implied Volatility is high, suggesting a potential bounce.",67.07,72.25,26.0,-3.2179,3817085,1.24,31.7,12.7,3.14,-7.17,-1,-0.81,-0.86,0.04
Day-106,meta-llama/Llama-3.1-8B-Instruct,INTJ,static,crash,42,0.85,panic,60.35,70.79053322830968,7694.044262850194,30.375,126.9870631789593,BUY,0.5,"The stock is oversold with an RSI of 26.5, and the trend is bearish, but the P/E ratio is relatively low at 12.8. The implied volatility is high, indicating potential for a bounce. A strategic buy with a medium risk appetite is warranted.",66.67,71.91,26.5,-3.3138,4121989,1.31,32.0,12.8,3.13,-7.28,-1,-0.68,-0.86,0.18
Day-107,meta-llama/Llama-3.1-8B-Instruct,INTJ,static,crash,42,0.85,panic,63.27,72.17671912952022,8064.846487332756,15.1875,127.2271058532125,BUY,0.5,"The stock is trading below its 60-day SMA, indicating a potential buying opportunity. The RSI is below 50, suggesting oversold conditions. The P/E ratio is relatively low, making it an attractive value play.",66.27,71.59,37.6,-3.1183,3618518,1.14,32.4,13.1,3.04,-7.43,-1,-0.76,-0.81,0.05
Day-108,meta-llama/Llama-3.1-8B-Instruct,INTJ,static,crash,42,0.85,panic,60.19,71.85129694235205,7672.98700130486,15.1875,127.2271058532125,HOLD,0.0,"The RSI is oversold, but the trend is bearish and the news sentiment is negative. The P/E ratio is relatively low, but the implied volatility is high, indicating potential for increased market fluctuations. Given the current market conditions, it's best to hold and wait for a clearer signal.",65.66,71.26,28.9,-3.1754,3690877,1.14,32.8,12.6,3.18,-7.86,-1,-1.0,-0.82,-0.18
Day-109,meta-llama/Llama-3.1-8B-Instruct,INTJ,static,crash,42,0.85,panic,61.69,71.60884733307482,7863.827660084679,7.59375,127.35020116849861,BUY,0.5,"The stock is oversold with an RSI of 35.2 and a negative news sentiment. The price is below the SMA20 and SMA60, indicating a potential short-term downtrend. The P/E ratio is relatively low at 12.9, making it an attractive entry point.",65.2,70.93,35.2,-3.0641,3107185,0.96,33.2,12.9,3.1,-8.08,-1,-0.72,-0.8,0.07
Day-110,meta-llama/Llama-3.1-8B-Instruct,INTJ,static,crash,42,0.85,panic,60.08,71.03440141730866,7658.7938362033965,3.796875,127.41339815584881,BUY,0.5,"The stock is trading below its 20-day and 60-day SMA, indicating a bearish trend. The RSI is below 50, suggesting oversold conditions. The low P/E ratio and high implied volatility suggest a potential buying opportunity.",64.72,70.55,37.9,-3.0706,3650377,1.12,33.6,12.7,3.15,-8.27,-1,-0.68,-0.77,0.09
Day-111,meta-llama/Llama-3.1-8B-Instruct,INTJ,static,crash,42,0.85,panic,58.0,68.61563020200961,7393.773968039231,1.8984375,127.44612983688329,BUY,0.5,"The stock is undervalued based on its P/E ratio and RSI, indicating a potential buying opportunity. The trend is bearish, but the RSI is oversold, suggesting a potential reversal. The implied volatility is relatively high, which could lead to increased price fluctuations.",64.13,70.2,28.0,-3.2065,3820388,1.15,33.9,12.7,3.15,-8.65,-1,-0.69,-0.77,0.08
Day-112,meta-llama/Llama-3.1-8B-Instruct,INTJ,static,crash,42,0.85,panic,59.52,68.0891163265604,7587.492085391294,1.8984375,127.44612983688329,HOLD,0.0,"The stock is trading below its 60-day SMA, indicating a short-term downtrend. The RSI is below 50, suggesting oversold conditions, but the news sentiment is negative, which may continue to weigh on the stock. Given the lack of a clear buy signal, it's best to hold current positions and wait for a more favorable entry point.",63.61,69.85,34.3,-3.1547,3420717,1.02,34.3,13.1,3.05,-8.94,-1,-0.58,-0.73,0.15
Day-113,meta-llama/Llama-3.1-8B-Instruct,INTJ,static,crash,42,0.85,panic,58.74,67.64934653650141,7488.084104118524,0.94921875,127.46228950235826,BUY,0.5,"The RSI is oversold at 32.1, indicating a potential buying opportunity. The trend is bearish, but the price is near the SMA20, suggesting a possible bounce. The P/E ratio is relatively low, which could support a rebound.",63.11,69.59,32.1,-3.1406,3500019,1.04,34.7,13.0,3.07,-9.32,-1,-0.63,-0.66,0.03
Day-114,meta-llama/Llama-3.1-8B-Instruct,INTJ,static,crash,42,0.85,panic,60.39,69.6125886489867,7698.3968817974155,0.94921875,127.46228950235826,HOLD,0.0,"The stock is trading below its 60-day SMA and has a relatively low RSI, indicating a potential buying opportunity. However, the news sentiment is negative and the P/E ratio is slightly high, suggesting caution. Given the current market conditions, it's best to hold and wait for a clearer signal.",62.62,69.3,38.1,-2.9621,3706951,1.1,35.1,13.0,3.07,-9.65,-1,-0.71,-0.66,-0.05
Day-115,meta-llama/Llama-3.1-8B-Instruct,INTJ,static,crash,42,0.85,panic,60.54,68.92022768420559,7717.516225222769,0.94921875,127.46228950235826,HOLD,0.0,"The stock is trading below its 60-day SMA and has a bearish news sentiment, indicating a potential short-term downtrend. The RSI is also below 50, suggesting oversold conditions. Given the current market conditions, it's best to hold and reassess the situation.",62.21,68.98,45.9,-2.7766,3184180,0.93,35.5,13.2,3.04,-9.81,-1,-0.81,-0.69,-0.13
Day-116,meta-llama/Llama-3.1-8B-Instruct,INTJ,static,crash,42,0.85,panic,58.45,68.72177502653919,7451.12004016284,0.94921875,127.46228950235826,HOLD,0.0,"Market is in a downtrend, RSI is below 50, and news sentiment is negative. Implied volatility is high, but price is not showing significant movement. No clear buying opportunity at this time.",61.86,68.64,42.2,-2.7668,3699583,1.07,35.8,12.8,3.14,-9.88,-1,-1.0,-0.75,-0.25
Day-117,meta-llama/Llama-3.1-8B-Instruct,INTJ,static,crash,42,0.85,panic,58.98,68.18706325683395,7518.6750535990905,0.474609375,127.47033645683436,BUY,0.5,"The RSI is below 50, indicating a potential buying opportunity. The trend is bearish, but the price is relatively low compared to the SMA60. The P/E ratio is reasonable, and the implied volatility is high, suggesting a potential for price movement.",61.43,68.25,40.3,-2.6847,3560806,1.02,36.2,13.0,3.08,-9.99,-1,-0.71,-0.77,0.06
Day-118,meta-llama/Llama-3.1-8B-Instruct,INTJ,static,crash,42,0.85,panic,56.08,66.51838521921442,7149.011077874271,0.4271484375,127.47118276456439,BUY,0.1,"The stock is trading below its 60-day SMA, indicating a potential buying opportunity. The RSI is below 50, suggesting oversold conditions. The P/E ratio is relatively low, making the stock attractive for long-term investors.",60.91,67.87,37.4,-2.8217,3787114,1.08,36.6,12.6,3.16,-10.27,-1,-0.76,-0.8,0.04
Day-119,meta-llama/Llama-3.1-8B-Instruct,INTJ,static,crash,42,0.85,panic,57.57,67.16120803372944,7338.943140193473,0.4271484375,127.47118276456439,HOLD,0.0,"The stock's trend is bearish, with the 60-day SMA below the 20-day SMA, and the RSI is below 50, indicating a potential sell signal. However, the P/E ratio is relatively low at 12.9, suggesting the stock may be undervalued. Given the current market conditions, it's best to hold and reassess the situation.",60.44,67.51,44.1,-2.7774,3485032,0.99,37.0,12.9,3.11,-10.47,-1,-0.75,-0.81,0.06
Day-120,meta-llama/Llama-3.1-8B-Instruct,INTJ,static,crash,42,0.85,panic,57.11,67.41314106641622,7280.306396121772,0.4271484375,127.47118276456439,HOLD,0.0,"The stock is trading below its 60-day SMA, indicating a bearish trend. The RSI is below 50, suggesting a potential oversold condition, but the news sentiment is negative and the P/E ratio is relatively high, indicating a lack of fundamental support for a buy signal.",60.0,67.13,42.9,-2.7483,4801214,1.34,37.4,12.7,3.15,-10.63,-1,-1.0,-0.84,-0.16
Day-121,meta-llama/Llama-3.1-8B-Instruct,INTJ,static,crash,42,0.85,panic,57.69,67.70417301345927,7354.23968212522,0.4271484375,127.47118276456439,HOLD,0.0,"The stock's price is above the SMA20 and SMA60, indicating an overall upward trend. The RSI is below 50, suggesting the stock may be undervalued. However, the bearish news sentiment and high implied volatility suggest caution, making a hold position the most logical choice.",59.77,66.72,36.4,-2.6472,4351960,1.19,37.8,12.8,3.13,-10.42,-1,-1.0,-0.84,-0.16
Day-122,meta-llama/Llama-3.1-8B-Instruct,INTJ,static,crash,42,0.85,panic,57.24,66.29478555866453,7296.877649881167,0.4271484375,127.47118276456439,HOLD,0.0,"The stock is trading below its 60-day SMA, indicating a potential downtrend. The RSI is below 50, suggesting oversold conditions. Given the current market conditions, it's best to hold off on making any trades.",59.54,66.38,41.8,-2.5738,4540851,1.23,38.1,13.0,3.09,-10.3,-1,-0.59,-0.82,0.23
Day-123,meta-llama/Llama-3.1-8B-Instruct,INTJ,static,crash,42,0.85,panic,55.89,67.19757986960062,7124.791553149003,0.21357421875,127.47500409608612,BUY,0.5,"The stock is oversold with an RSI of 33.6, and the trend is bearish, but the P/E ratio is relatively low at 12.5. Implied volatility is high, but the news sentiment is negative, which could be a buying opportunity. The system indicates a potential long-term edge.",59.19,65.95,33.6,-2.5949,4774682,1.26,38.5,12.5,3.21,-10.25,-1,-0.81,-0.83,0.02
Day-124,meta-llama/Llama-3.1-8B-Instruct,INTJ,static,crash,42,0.85,panic,58.64,65.29572880680834,7475.3478144132405,0.21357421875,127.47500409608612,HOLD,0.0,"The stock is trading below its 60-day SMA, indicating a potential downtrend. The RSI is below 50, suggesting oversold conditions. Given the current market conditions, it's best to wait for a clearer signal before making a trade.",59.03,65.6,46.2,-2.3626,4319340,1.12,38.9,13.5,2.97,-10.01,-1,-0.66,-0.81,0.15
Day-125,meta-llama/Llama-3.1-8B-Instruct,INTJ,static,crash,42,0.85,panic,54.07,65.3825859006086,6892.787045694127,0.21357421875,127.47500409608612,HOLD,0.0,"The stock is trading below its 20-day and 60-day SMA, indicating a short-term downtrend. The RSI is below 50, suggesting a potential oversold condition, but the news sentiment is negative, which may continue to weigh on the stock. Given the current market conditions, it's best to hold and reassess the situation.",58.72,65.22,40.8,-2.5184,3643267,0.95,39.3,12.4,3.22,-9.96,-1,-0.79,-0.77,-0.02
Day-126,meta-llama/Llama-3.1-8B-Instruct,INTJ,static,crash,42,0.85,panic,55.19,67.07304152641859,7035.559050281743,0.21357421875,127.47500409608612,HOLD,0.0,"The stock is trading below its 60-day SMA, indicating a short-term downtrend. The RSI is below 50, suggesting the stock is undervalued. The news sentiment is negative, which may continue to weigh on the stock price.",58.47,64.8,39.6,-2.5222,4472187,1.16,39.7,12.3,3.24,-9.77,-1,-0.79,-0.73,-0.06
Day-127,meta-llama/Llama-3.1-8B-Instruct,INTJ,static,crash,42,0.85,panic,57.48,65.5825052012879,7327.47680966178,0.21357421875,127.47500409608612,HOLD,0.0,"The stock price is slightly below the SMA20 and SMA60, indicating a short-term downtrend. The RSI is below 50, suggesting a potential buying opportunity. However, the news sentiment is negative, and the implied volatility is high, indicating potential market uncertainty.",58.18,64.44,47.2,-2.3135,4603700,1.18,40.0,13.1,3.04,-9.71,-1,-0.61,-0.73,0.12
Day-128,meta-llama/Llama-3.1-8B-Instruct,INTJ,static,crash,42,0.85,panic,56.03,64.51620747168512,7142.638053722456,0.21357421875,127.47500409608612,HOLD,0.0,"The stock's trend is bearish, with the SMA20 below the SMA60, and the RSI is below 50, indicating a potential sell signal. However, the P/E ratio is relatively low at 13.0, suggesting undervaluation. Given the current market conditions, it's best to hold and wait for a clearer signal.",57.97,64.08,40.2,-2.2399,4932484,1.24,40.4,13.0,3.07,-9.53,-1,-0.9,-0.75,-0.15
Day-129,meta-llama/Llama-3.1-8B-Instruct,INTJ,static,crash,42,0.85,panic,55.43,64.11585883677276,7066.153051264804,0.21357421875,127.47500409608612,HOLD,0.0,"The stock is trading below its 60-day SMA, indicating a potential downtrend. The RSI is below 50, suggesting oversold conditions. However, the news sentiment is negative, which may continue to weigh on the stock price.",57.66,63.68,38.7,-2.2038,4409958,1.09,40.8,13.0,3.08,-9.47,-1,-0.78,-0.78,-0.0
Day-130,meta-llama/Llama-3.1-8B-Instruct,INTJ,static,crash,42,0.85,panic,54.59,63.112383182656565,6959.074047824092,0.21357421875,127.47500409608612,HOLD,0.0,"The stock is trading below its 20-day and 60-day SMA, indicating a short-term downtrend. The RSI is below 50, suggesting oversold conditions. However, the long-term implications are not clear, and a more thorough analysis is required before making a trade.",57.38,63.31,41.0,-2.218,3894553,0.96,41.2,13.0,3.08,-9.36,-1,-0.89,-0.8,-0.1
Day-131,meta-llama/Llama-3.1-8B-Instruct,INTJ,static,crash,42,0.85,panic,51.88,61.06171975159043,6613.616786723698,0.106787109375,127.47706244437785,BUY,0.5,"The stock is undervalued with a low RSI of 35.0 and a P/E ratio of 12.7. The trend is bearish, but the price is near the lower Bollinger Band, indicating a potential buying opportunity. The Implied Volatility is high, which could lead to a potential price swing.",57.08,62.88,35.0,-2.4195,4219179,1.04,41.6,12.7,3.14,-9.22,-1,-0.89,-0.82,-0.07
Day-132,meta-llama/Llama-3.1-8B-Instruct,INTJ,static,crash,42,0.85,panic,50.19,60.63028272639646,6398.1805511927,0.08542968749999999,127.47748797579597,BUY,0.2,"The stock price is below the 20-day and 60-day SMA, indicating a potential short-term downtrend. The RSI is at 36.9, suggesting the stock is oversold. The low P/E ratio and high implied volatility suggest a potential buying opportunity.",56.61,62.39,36.9,-2.685,4405746,1.07,41.9,12.4,3.22,-9.27,-1,-0.86,-0.87,0.0
Day-133,meta-llama/Llama-3.1-8B-Instruct,INTJ,static,crash,42,0.85,panic,50.32,59.06797901267035,6414.752624629554,0.08542968749999999,127.47748797579597,HOLD,0.0,"The RSI is oversold, but the trend is still bearish and the news sentiment is negative. The P/E ratio is relatively low, but not low enough to justify a buy. The Implied Volatility is high, indicating potential for a volatile market, so it's best to wait for a clearer signal.",56.19,61.87,32.8,-2.8519,4977912,1.19,42.3,12.8,3.13,-9.19,-1,-0.76,-0.84,0.08
Day-134,meta-llama/Llama-3.1-8B-Instruct,INTJ,static,crash,42,0.85,panic,49.17,59.041571443305536,6268.153513457388,0.042714843749999995,127.4783566933829,BUY,0.5,"The stock's price is undervalued based on its P/E ratio, and the RSI is oversold, indicating a potential buying opportunity. The trend is slightly bearish, but the news sentiment is negative, which may be a buying opportunity. The implied volatility is high, but the volume ratio is above 1, indicating some buying interest.",55.63,61.43,31.7,-3.042,4880121,1.15,42.7,12.5,3.2,-9.45,-1,-0.9,-0.86,-0.04
Day-135,meta-llama/Llama-3.1-8B-Instruct,INTJ,static,crash,42,0.85,panic,50.44,57.622147209071734,6430.051026457983,0.03844335937499999,127.47844137784712,BUY,0.1,"The RSI is oversold at 33.8, and the trend is still slightly bearish, but the price is near a support level. The P/E ratio is relatively low at 13.1, indicating undervaluation. A buy signal is triggered based on the technical indicators.",55.12,60.93,33.8,-3.0549,4512524,1.05,43.1,13.1,3.05,-9.54,-1,-0.55,-0.79,0.24
Day-136,meta-llama/Llama-3.1-8B-Instruct,INTJ,static,crash,42,0.85,panic,49.65,58.67208161408927,6329.343057769484,0.019221679687499996,127.47882852144606,BUY,0.5,"The stock price is undervalued based on the P/E ratio, and the RSI is oversold. The trend is slightly negative, but the Implied Volatility is high, indicating potential for a bounce. The news sentiment is negative, but this could be a buying opportunity.",54.68,60.56,33.3,-3.0932,5770554,1.31,43.5,12.7,3.15,-9.7,-1,-0.98,-0.81,-0.17
Day-137,meta-llama/Llama-3.1-8B-Instruct,INTJ,static,crash,42,0.85,panic,47.54,57.38882832175304,6060.362729589234,0.009610839843749998,127.47903068467375,BUY,0.5,"The stock is oversold with an RSI of 32.2, and the trend is bearish. However, the P/E ratio is relatively low at 12.4, indicating potential value. The Implied Volatility is high, suggesting a possible bounce.",54.11,60.08,32.2,-3.2562,5079052,1.13,43.9,12.4,3.22,-9.94,-1,-0.84,-0.8,-0.03
Day-138,meta-llama/Llama-3.1-8B-Instruct,INTJ,static,crash,42,0.85,panic,47.6,56.56676680554736,6068.011471430314,0.004805419921874999,127.47913163887378,BUY,0.5,"The stock is oversold with an RSI of 23.5, and the trend is bearish. However, the P/E ratio is relatively low at 12.6, indicating potential undervaluation. The Implied Volatility is high, suggesting a potential bounce.",53.69,59.59,23.5,-3.3422,4398615,0.97,44.2,12.6,3.17,-9.91,-1,-0.89,-0.83,-0.06
Day-139,meta-llama/Llama-3.1-8B-Instruct,INTJ,static,crash,42,0.85,panic,48.97,56.880284022917024,6242.657881775571,0.0024027099609374995,127.4791807038107,BUY,0.5,"The stock's price is undervalued based on its P/E ratio, and the RSI is oversold. The trend is bearish, but the Implied Volatility is high, indicating potential for a bounce. The news sentiment is negative, but the stock's fundamentals remain sound.",53.26,59.15,35.5,-3.2624,4167941,0.91,44.6,12.9,3.1,-9.96,-1,-0.51,-0.75,0.24
Day-140,meta-llama/Llama-3.1-8B-Instruct,INTJ,static,crash,42,0.85,panic,46.03,55.14941970648307,5867.869090506368,0.0012013549804687498,127.47920680320198,BUY,0.5,"The stock is oversold with an RSI of 26.4, and the trend is still positive despite the recent decline. The P/E ratio is relatively low at 12.5, indicating potential undervaluation. The Implied Volatility is high, but the proprietary system suggests an asymmetric edge.",52.7,58.68,26.4,-3.3969,4305718,0.95,45.0,12.5,3.19,-10.18,-1,-0.76,-0.8,0.03
Day-141,meta-llama/Llama-3.1-8B-Instruct,INTJ,static,crash,42,0.85,stabilization,45.76,55.28314967378514,5833.449704669502,0.0012013549804687498,127.47920680320198,HOLD,0.0,"The stock is trading below its 60-day SMA, indicating a bearish trend. The RSI is extremely oversold, suggesting a potential bounce. However, the bearish trend and low volume ratio suggest caution, making a hold position the most logical choice.",52.11,58.19,16.3,-3.4854,1684468,0.38,45.0,12.4,3.22,-10.46,-1,0.18,-0.56,0.74
Day-142,meta-llama/Llama-3.1-8B-Instruct,INTJ,static,crash,42,0.85,stabilization,47.93,55.956721050926355,6110.079583432451,0.0006006774902343749,127.47921933559276,BUY,0.5,"The stock is oversold with an RSI of 27.6, and the trend is still slightly bearish. However, the P/E ratio is relatively low at 12.8, indicating potential value. The Implied Volatility is high, but the news sentiment is slightly negative, which could be a buying opportunity.",51.64,57.75,27.6,-3.3418,1611355,0.38,44.7,12.8,3.11,-10.59,-1,-0.09,-0.41,0.32
Day-143,meta-llama/Llama-3.1-8B-Instruct,INTJ,static,crash,42,0.85,stabilization,47.26,55.172979433645736,6024.668506477604,0.0006006774902343749,127.47921933559276,HOLD,0.0,"The stock is trading below its 60-day SMA, indicating a potential downtrend. The RSI is oversold, but the news sentiment is extremely bearish, suggesting a lack of institutional support. Given the current market conditions, it's best to hold and wait for a more favorable entry point.",51.21,57.33,27.5,-3.2442,1621395,0.4,44.5,12.8,3.11,-10.67,-1,0.1,-0.22,0.32
Day-144,meta-llama/Llama-3.1-8B-Instruct,INTJ,static,crash,42,0.85,stabilization,46.23,55.28529636291189,5893.364910561943,0.00030033874511718744,127.47922583221282,BUY,0.5,"The stock's low RSI (27.2) and negative news sentiment (-0.38) suggest a potential buying opportunity. The stock's price ($46.23) is below its 50-day SMA (50.59), indicating a bearish trend. A strategic buy with a medium risk appetite and a long-term perspective is warranted.",50.59,56.85,27.2,-3.2132,1684773,0.43,44.2,12.5,3.19,-11.01,-1,-0.38,-0.19,-0.18
Day-145,meta-llama/Llama-3.1-8B-Instruct,INTJ,static,crash,42,0.85,stabilization,46.41,55.4352377600361,5916.311171211742,0.00015016937255859372,127.47922906792436,BUY,0.5,"The stock's price is below its 60-day SMA, indicating a potential buying opportunity. The RSI is oversold, suggesting a possible rebound. The low P/E ratio and high implied volatility suggest a potentially undervalued stock.",50.21,56.4,32.7,-3.1378,1593193,0.41,44.0,12.6,3.19,-10.99,-1,0.28,0.02,0.26
Day-146,meta-llama/Llama-3.1-8B-Instruct,INTJ,static,crash,42,0.85,stabilization,47.82,55.84614919592476,6096.0568841975155,0.00015016937255859372,127.47922906792436,HOLD,0.0,"The stock is trading below its 60-day SMA, indicating a bearish trend. The RSI is below 50, suggesting a potential oversold condition, but the news sentiment is slightly negative, which may indicate a lack of buying pressure. Given the current market conditions, it's best to hold and wait for a more favorable entry point.",49.84,56.05,42.4,-2.9309,2111201,0.56,43.7,12.8,3.11,-11.08,-1,-0.06,-0.03,-0.03
Day-147,meta-llama/Llama-3.1-8B-Instruct,INTJ,static,crash,42,0.85,stabilization,44.79,55.24767384048572,5709.794820121705,0.00012013549804687498,127.47922973847302,BUY,0.2,"The stock price is below its 20-day and 60-day SMA, indicating a potential trend reversal. The RSI is oversold at 35.0, suggesting a possible bounce. The P/E ratio is relatively low at 12.2, making the stock attractive for a long position.",49.2,55.59,35.0,-2.9771,1507288,0.42,43.5,12.2,3.29,-11.49,-1,-0.16,-0.04,-0.11
Day-148,meta-llama/Llama-3.1-8B-Instruct,INTJ,static,crash,42,0.85,stabilization,44.31,54.607445533943576,5648.604789847237,0.00010812194824218748,127.47923000959804,BUY,0.1,"The stock is trading below its 20-day and 60-day SMA, indicating a potential downtrend. The RSI is at 36.3, suggesting oversold conditions. The low P/E ratio and implied volatility suggest a relatively low risk entry point.",48.62,55.15,36.3,-3.0179,1818503,0.53,43.2,12.2,3.29,-11.84,-1,0.31,0.0,0.31
Day-149,meta-llama/Llama-3.1-8B-Instruct,INTJ,static,crash,42,0.85,stabilization,45.58,54.88841631675203,5810.503411959427,5.406097412109374e-05,127.47923119566592,BUY,0.5,"The stock is undervalued based on its P/E ratio and RSI, indicating a potential buying opportunity. The short-term trend is bearish, but the long-term trend is still positive. The low volume ratio suggests a lack of conviction in the current price movement, making it a good time to enter the market.",48.12,54.72,36.3,-2.9139,1726089,0.52,43.0,12.5,3.21,-12.06,-1,-0.21,0.03,-0.24
Day-150,meta-llama/Llama-3.1-8B-Instruct,INTJ,static,crash,42,0.85,stabilization,46.48,55.05690865336862,5925.234720035526,5.406097412109374e-05,127.47923119566592,HOLD,0.0,"The stock is trading below its 60-day SMA, indicating a short-term downtrend. The RSI is below 50, suggesting the stock is undervalued, but the news sentiment is negative, which may continue to weigh on the stock price. Given the current market conditions, it's best to hold and reassess the situation.",47.72,54.33,41.1,-2.7275,2123049,0.66,42.7,12.7,3.16,-12.17,-1,-0.42,-0.11,-0.32
Day-151,meta-llama/Llama-3.1-8B-Instruct,INTJ,static,crash,42,0.85,stabilization,47.39,55.20215507854156,6041.240820423583,5.406097412109374e-05,127.47923119566592,HOLD,0.0,"The stock is trading below its 60-day SMA, indicating a bearish trend. The RSI is at 49.5, suggesting a neutral market sentiment. Given the current market conditions, it's best to hold and wait for a clearer signal to enter or exit the trade.",47.49,54.03,49.5,-2.4777,1494536,0.49,42.5,12.9,3.11,-12.11,-1,-0.47,-0.19,-0.28
Day-152,meta-llama/Llama-3.1-8B-Instruct,INTJ,static,crash,42,0.85,stabilization,49.3,55.395379183290046,6284.726152007303,5.406097412109374e-05,127.47923119566592,HOLD,0.0,"The stock is trading above its 60-day SMA, indicating a bullish trend. However, the RSI is slightly overbought, and the news sentiment is neutral. Given the medium risk appetite and the need to wait for a more favorable entry point, it's best to hold the current position.",47.45,53.78,54.6,-2.1013,1686627,0.57,42.2,13.3,3.0,-11.78,-1,0.18,-0.12,0.3
Day-153,meta-llama/Llama-3.1-8B-Instruct,INTJ,static,crash,42,0.85,stabilization,48.1,55.0753668225008,6131.751074572505,5.406097412109374e-05,127.47923119566592,HOLD,0.0,"The stock is trading below its 60-day SMA, indicating a short-term downtrend. The RSI is below 50, suggesting a potential oversold condition, but the news sentiment is negative, which may continue to weigh on the stock. Given the current market conditions, it's best to hold and reassess the situation.",47.34,53.49,47.6,-1.8781,2076112,0.74,41.9,13.1,3.05,-11.5,-1,-0.38,-0.26,-0.12
Day-154,meta-llama/Llama-3.1-8B-Instruct,INTJ,static,crash,42,0.85,stabilization,46.69,55.2114936710813,5952.005358586616,5.406097412109374e-05,127.47923119566592,HOLD,0.0,"The stock price is slightly above the 20-day SMA and below the 60-day SMA, indicating a neutral trend. The RSI is at 52, which is not overbought or oversold. The Implied Volatility is high, suggesting potential for increased price movement, but the overall market conditions do not indicate a strong buy or sell signal.",47.21,53.19,52.0,-1.7943,1991284,0.75,41.7,12.7,3.15,-11.23,-1,0.53,-0.11,0.64
Day-155,meta-llama/Llama-3.1-8B-Instruct,INTJ,static,crash,42,0.85,stabilization,47.04,55.37802990773064,5996.623089505099,5.406097412109374e-05,127.47923119566592,HOLD,0.0,"The stock price is slightly below the 60-day SMA, indicating a potential short-term downtrend. The RSI is above 50, suggesting the stock is overbought. The news sentiment is negative, which may contribute to further price decline.",47.04,52.92,53.8,-1.6801,1945689,0.77,41.4,12.7,3.14,-11.11,-1,-0.62,-0.15,-0.47
Day-156,meta-llama/Llama-3.1-8B-Instruct,INTJ,static,crash,42,0.85,stabilization,45.28,55.04085419871746,5772.259642600728,5.406097412109374e-05,127.47923119566592,HOLD,0.0,"The stock's price is slightly below the 20-day SMA and the RSI is below 50, indicating a potential short-term downtrend. However, the 60-day SMA is still above the 20-day SMA, suggesting a longer-term uptrend. Given the current market conditions, it's best to hold and wait for a clearer signal.",46.83,52.62,42.0,-1.712,1549916,0.67,41.2,12.3,3.24,-11.01,-1,0.51,0.04,0.47
Day-157,meta-llama/Llama-3.1-8B-Instruct,INTJ,static,crash,42,0.85,stabilization,47.57,55.99374145428984,6064.187082038802,5.406097412109374e-05,127.47923119566592,HOLD,0.0,"The stock price is near its 60-day SMA, indicating a possible trend reversal. The RSI is at 50.8, suggesting a neutral market sentiment. The Implied Volatility is high, but the P/E ratio is relatively low, indicating a potential buying opportunity.",46.83,52.31,50.8,-1.5352,1480986,0.7,40.9,12.7,3.14,-10.48,-1,0.06,0.02,0.05
Day-158,meta-llama/Llama-3.1-8B-Instruct,INTJ,static,crash,42,0.85,stabilization,47.38,56.25065791474573,6039.966028111626,5.406097412109374e-05,127.47923119566592,HOLD,0.0,"The stock's price is slightly above the SMA20, indicating a short-term downtrend. The RSI is above 50, suggesting a potential for a short-term bounce, but the overall trend is bearish. The P/E ratio and implied volatility are not indicating any significant overbought or oversold conditions.",46.82,52.05,53.3,-1.394,1809249,0.9,40.7,12.6,3.17,-10.06,-1,-0.03,0.09,-0.12
Day-159,meta-llama/Llama-3.1-8B-Instruct,INTJ,static,crash,42,0.85,stabilization,47.81,55.67500616614441,6094.782097525762,5.406097412109374e-05,127.47923119566592,HOLD,0.0,"The stock is trading above its 60-day SMA, indicating a bullish trend. However, the RSI is at 54.0, suggesting a potential overbought condition. Given the medium risk appetite and the need to wait for a more favorable entry point, holding is the most logical decision at this time.",46.76,51.77,54.0,-1.2334,1973605,1.04,40.4,12.9,3.11,-9.69,-1,-0.16,-0.05,-0.11
Day-160,meta-llama/Llama-3.1-8B-Instruct,INTJ,static,crash,42,0.85,stabilization,46.38,56.023282970461324,5912.48679691596,5.406097412109374e-05,127.47923119566592,HOLD,0.0,"The stock's price is slightly below its 20-day SMA and the trend is bearish, indicating a potential short-term sell signal. However, the RSI is below 50, suggesting the stock may be oversold. The P/E ratio is relatively low, indicating potential value, but the implied volatility is high, suggesting caution.",46.77,51.5,45.9,-1.2075,1711731,0.97,40.2,12.4,3.22,-9.17,-1,0.12,0.1,0.02
Day-161,meta-llama/Llama-3.1-8B-Instruct,INTJ,static,crash,42,0.85,stabilization,48.0,55.555942135347664,6119.003151452938,5.406097412109374e-05,127.47923119566592,HOLD,0.0,"The stock is trading above its 60-day SMA, indicating a short-term bullish trend. However, the RSI is overbought, and the price is relatively close to its 60-day SMA, suggesting a potential reversal. Given the current market conditions, it's prudent to hold and reassess the situation.",46.89,51.3,59.9,-1.044,1710776,0.97,39.9,13.0,3.09,-8.6,-1,-0.01,-0.0,-0.01
Day-162,meta-llama/Llama-3.1-8B-Instruct,INTJ,static,crash,42,0.85,stabilization,49.87,55.96948443721889,6357.3893137888335,5.406097412109374e-05,127.47923119566592,HOLD,0.0,"The stock is trading above its 60-day SMA, but below its 20-day SMA, indicating a short-term downtrend. The RSI is above 60, suggesting overbought conditions. The stock's valuation (P/E ratio) is relatively low, but the implied volatility is high, indicating potential for increased price movement.",46.98,51.11,65.9,-0.7547,1507104,0.86,39.7,13.4,2.99,-8.06,-1,0.33,0.05,0.28
Day-163,meta-llama/Llama-3.1-8B-Instruct,INTJ,static,crash,42,0.85,stabilization,47.92,56.56878222672259,6108.804812957285,5.406097412109374e-05,127.47923119566592,HOLD,0.0,"The short-term trend is negative, and the RSI is above 50, indicating a potential overbought condition. The P/E ratio is relatively low, but the implied volatility is high, suggesting uncertainty in the market. Given the current market conditions, it's best to hold and reassess the situation.",47.02,50.89,56.4,-0.6753,1818946,1.03,39.4,12.7,3.15,-7.61,-1,0.03,0.06,-0.03
Day-164,meta-llama/Llama-3.1-8B-Instruct,INTJ,static,crash,42,0.85,stabilization,48.35,56.178441067546736,6163.620882371421,5.406097412109374e-05,127.47923119566592,HOLD,0.0,"The stock is trading below its 60-day SMA, indicating a short-term downtrend. The RSI is above 50, but not excessively high, suggesting some upward momentum. However, the news sentiment is bearish and the implied volatility is high, indicating potential for increased price volatility.",47.12,50.65,55.3,-0.5707,1427138,0.81,39.2,12.9,3.1,-6.96,-1,0.05,0.1,-0.06
Day-165,meta-llama/Llama-3.1-8B-Instruct,INTJ,static,crash,42,0.85,stabilization,49.21,56.680129132168894,6273.253021199695,5.406097412109374e-05,127.47923119566592,HOLD,0.0,"The stock is trading near its 60-day SMA, indicating a neutral trend. The RSI is slightly above 50, suggesting a potential for a pullback. The news sentiment is slightly negative, which may lead to a short-term correction.",47.26,50.42,55.2,-0.4137,1506453,0.86,38.9,13.0,3.07,-6.26,-1,-0.11,0.06,-0.17
Day-166,meta-llama/Llama-3.1-8B-Instruct,INTJ,static,crash,42,0.85,stabilization,47.77,56.90651959563714,6089.682928277935,5.406097412109374e-05,127.47923119566592,HOLD,0.0,"The stock is trading below its 60-day SMA, indicating a bearish trend. The RSI is below 50, suggesting oversold conditions. Given the current market conditions, it's prudent to hold off on making a trade.",47.26,50.21,45.6,-0.4013,1562145,0.91,38.6,12.6,3.18,-5.87,-1,-0.02,0.06,-0.07
Day-167,meta-llama/Llama-3.1-8B-Instruct,INTJ,static,crash,42,0.85,stabilization,49.07,57.33754967563439,6255.4059288323015,5.406097412109374e-05,127.47923119566592,HOLD,0.0,"The stock price is near the 20-day SMA, and the RSI is above 50, indicating a neutral market sentiment. The P/E ratio is relatively low, and implied volatility is high, suggesting potential for volatility. Given the current market conditions, it's best to hold and reassess.",47.48,50.01,52.8,-0.2829,1604445,0.93,38.4,12.8,3.12,-5.07,-1,0.09,0.01,0.08
Day-168,meta-llama/Llama-3.1-8B-Instruct,INTJ,static,crash,42,0.85,stabilization,49.58,58.30594616696136,6320.4203367420905,5.406097412109374e-05,127.47923119566592,HOLD,0.0,"The short-term trend is bearish, but the long-term trend is neutral. The RSI is not overbought, but the news sentiment is negative. Given the current market conditions, it's best to hold and wait for a clearer signal.",47.74,49.88,58.8,-0.1466,1425260,0.84,38.1,12.8,3.14,-4.29,-1,-0.51,-0.1,-0.41
Day-169,meta-llama/Llama-3.1-8B-Instruct,INTJ,static,crash,42,0.85,stabilization,49.62,58.20325210895993,6325.519505989917,5.406097412109374e-05,127.47923119566592,HOLD,0.0,"The short-term trend is bearish, with the SMA20 below the SMA60. The RSI is above 50, indicating a potential for a short-term bounce, but the long-term trend is still upward. Given the current market conditions, it's best to hold and wait for a clearer signal.",47.94,49.72,58.0,-0.0349,1335214,0.79,37.9,12.8,3.13,-3.58,-1,-0.4,-0.19,-0.21
Day-170,meta-llama/Llama-3.1-8B-Instruct,INTJ,static,crash,42,0.85,stabilization,48.01,57.84638402678118,6120.277943764895,5.406097412109374e-05,127.47923119566592,HOLD,0.0,"The stock price is slightly below the 20-day SMA and the 60-day SMA is trending downwards, indicating a bearish trend. The RSI is above 50, but not excessively high, suggesting some upward momentum. Given the current market conditions, it's best to hold and reassess the situation.",48.02,49.54,58.5,-0.0753,1637168,0.98,37.6,12.4,3.21,-3.07,-1,0.22,-0.12,0.35
Day-171,meta-llama/Llama-3.1-8B-Instruct,INTJ,static,crash,42,0.85,stabilization,48.85,57.42162681196842,6227.3604979692545,5.406097412109374e-05,127.47923119566592,HOLD,0.0,"The stock is trading below its 60-day SMA, indicating a short-term downtrend. The RSI is above 50, but not strongly overbought. The lack of significant news sentiment and high implied volatility suggest caution.",48.09,49.36,54.4,-0.0396,1425545,0.86,37.4,12.8,3.13,-2.58,-1,0.05,-0.11,0.16
Day-172,meta-llama/Llama-3.1-8B-Instruct,INTJ,static,crash,42,0.85,stabilization,49.23,57.0337216694857,6275.802605823607,5.406097412109374e-05,127.47923119566592,HOLD,0.0,"The stock's price is near the 20-day SMA, indicating a possible short-term trend reversal. The RSI is above 50, but the news sentiment is bearish, suggesting a mixed sentiment. Given the current market conditions, it's best to hold and reassess the situation.",48.09,49.2,56.3,0.0193,1596867,0.97,37.1,12.9,3.09,-2.27,-1,-0.06,-0.14,0.08
Day-173,meta-llama/Llama-3.1-8B-Instruct,INTJ,static,crash,42,0.85,stabilization,50.64,57.01517081477865,6455.548321809497,5.406097412109374e-05,127.47923119566592,HOLD,0.0,"The trend is neutral, RSI is overbought, and news sentiment is bearish. Implied volatility is high, but the P/E ratio is relatively low. Given the current market conditions, it's best to hold and reassess.",48.21,49.1,59.0,0.178,1323655,0.82,36.9,13.3,3.0,-1.8,0,0.01,-0.04,0.04
Day-174,meta-llama/Llama-3.1-8B-Instruct,INTJ,static,crash,42,0.85,stabilization,50.06,57.20574680218697,6381.610367716011,5.406097412109374e-05,127.47923119566592,HOLD,0.0,"The RSI is above 50, indicating overbought conditions, and the trend is neutral. The P/E ratio is relatively low, but the Implied Volatility is high, suggesting potential for increased price movement. Given the current market conditions, it's best to hold and reassess.",48.38,48.93,62.4,0.2543,1513915,0.95,36.6,13.1,3.05,-1.11,0,0.1,0.07,0.04
Day-175,meta-llama/Llama-3.1-8B-Instruct,INTJ,static,crash,42,0.85,stabilization,51.99,57.36409220185198,6627.645283923645,5.406097412109374e-05,127.47923119566592,HOLD,0.0,"The stock is trading near its 20 and 60-day moving averages, indicating a neutral trend. The RSI is above 50, but not excessively overbought. Given the current market conditions, it's best to hold and wait for a clearer trend to emerge.",48.63,48.88,63.2,0.4648,1534577,0.98,36.4,13.6,2.94,-0.52,0,-0.16,-0.01,-0.15
Day-176,meta-llama/Llama-3.1-8B-Instruct,INTJ,static,crash,42,0.85,stabilization,47.98,57.79768382636999,6116.453566829025,5.406097412109374e-05,127.47923119566592,HOLD,0.0,"The RSI is below 50, indicating a potential buying opportunity, but the trend is neutral and the news sentiment is negative. The P/E ratio is relatively low, which could be a sign of undervaluation. However, the implied volatility is high, suggesting potential market uncertainty.",48.76,48.74,44.5,0.3044,1234571,0.79,36.1,12.5,3.21,0.05,0,-0.23,-0.07,-0.17
Day-177,meta-llama/Llama-3.1-8B-Instruct,INTJ,static,crash,42,0.85,stabilization,50.46,57.824184772308946,6432.602060194276,5.406097412109374e-05,127.47923119566592,HOLD,0.0,"The trend is neutral, RSI is in the middle range, and the P/E ratio is relatively low. Implied volatility is high, but the news sentiment is neutral. No clear buy or sell signal.",48.91,48.6,57.1,0.3732,1396022,0.9,35.8,13.1,3.06,0.64,0,0.06,-0.05,0.1
Day-178,meta-llama/Llama-3.1-8B-Instruct,INTJ,static,crash,42,0.85,stabilization,50.06,58.57095181088761,6381.610367716011,5.406097412109374e-05,127.47923119566592,HOLD,0.0,"The short-term trend is neutral, RSI is above 50, and the P/E ratio is relatively low, indicating a potentially undervalued stock. Implied volatility is high, but the news sentiment is negative, which may be a buying opportunity. Given the current market conditions, it's best to hold and wait for a clearer signal.",49.04,48.48,54.8,0.3911,1266178,0.83,35.6,12.8,3.12,1.16,0,-0.29,-0.11,-0.19
Day-179,meta-llama/Llama-3.1-8B-Instruct,INTJ,static,crash,42,0.85,stabilization,52.97,58.45862339426863,6752.574930495398,5.406097412109374e-05,127.47923119566592,HOLD,0.0,"The stock is trading near its 20-day SMA, and the RSI is above 50, indicating a potential overbought condition. The P/E ratio is relatively low, but the implied volatility is high, suggesting a potential for increased price fluctuations. Given the current market conditions, it's best to hold and reassess the situation.",49.3,48.43,59.5,0.6331,1215292,0.82,35.3,13.6,2.94,1.8,0,0.12,-0.1,0.22
Day-180,meta-llama/Llama-3.1-8B-Instruct,INTJ,static,crash,42,0.85,stabilization,49.65,59.83870797756344,6329.3438829257875,5.406097412109374e-05,127.47923119566592,HOLD,0.0,"The stock's price is near the 20-day SMA, indicating a potential short-term consolidation. The RSI is above 50, but not excessively high, suggesting a neutral sentiment. Given the current market conditions, it's best to wait for a clearer trend direction.",49.46,48.33,54.3,0.5504,1748366,1.17,35.1,12.4,3.21,2.34,1,-0.51,-0.17,-0.34
Day-181,meta-llama/Llama-3.1-8B-Instruct,INTJ,static,crash,42,0.85,stabilization,49.89,60.17154165144594,6359.938898412747,5.406097412109374e-05,127.47923119566592,HOLD,0.0,"The stock price is near the 20-day SMA, and the RSI is at 52.0, indicating a neutral market sentiment. The P/E ratio is relatively low, but the implied volatility is high, suggesting potential for increased price fluctuations. Given the current market conditions, it's best to hold and wait for a clearer trend to emerge.",49.56,48.29,52.0,0.4981,1348146,0.92,34.8,12.4,3.22,2.62,1,0.31,-0.06,0.37
Day-182,meta-llama/Llama-3.1-8B-Instruct,INTJ,static,crash,42,0.85,stabilization,49.9,59.7629628732378,6361.213690724703,5.406097412109374e-05,127.47923119566592,HOLD,0.0,"The stock is trading near its 20-day SMA, and the RSI is at 50.8, indicating a neutral market sentiment. The P/E ratio is relatively low, but the implied volatility is high, suggesting potential for increased price fluctuations. Given the current market conditions, it is prudent to hold and reassess the situation.",49.56,48.29,50.8,0.4524,1619249,1.1,34.6,12.5,3.19,2.64,1,0.14,-0.05,0.19
Day-183,meta-llama/Llama-3.1-8B-Instruct,INTJ,static,crash,42,0.85,stabilization,47.17,59.24751662420724,6013.195389560536,5.406097412109374e-05,127.47923119566592,HOLD,0.0,"The stock's price is near the 20-day SMA, indicating a potential short-term trend reversal. The RSI is below 50, suggesting a possible oversold condition. However, the news sentiment is extremely bearish, which may indicate a potential short-term bottom.",49.52,48.22,44.6,0.1942,1289730,0.89,34.3,11.9,3.35,2.7,1,0.08,0.03,0.05
Day-184,meta-llama/Llama-3.1-8B-Instruct,INTJ,static,crash,42,0.85,stabilization,49.79,59.508752831828836,6347.190975293181,5.406097412109374e-05,127.47923119566592,HOLD,0.0,"The stock is trading near its 20-day SMA, and the RSI is above 50, indicating a potential short-term uptrend. However, the 60-day SMA is still below the current price, suggesting a longer-term downtrend. Given the mixed signals, it's best to hold and wait for a clearer trend direction.",49.6,48.24,53.7,0.1986,1522548,1.05,34.1,12.6,3.19,2.82,1,0.29,0.06,0.23
Day-185,meta-llama/Llama-3.1-8B-Instruct,INTJ,static,crash,42,0.85,stabilization,49.37,59.41702143916591,6293.649698191,5.406097412109374e-05,127.47923119566592,HOLD,0.0,"The stock price is near the 20-day SMA, and the RSI is slightly above the neutral zone, indicating a potential for a short-term correction. The P/E ratio is relatively low, suggesting undervaluation. Given the current market conditions, it's best to hold and wait for a clearer trend to emerge.",49.6,48.21,51.1,0.1656,1555552,1.07,33.8,12.5,3.21,2.88,1,0.5,0.26,0.24
Day-186,meta-llama/Llama-3.1-8B-Instruct,INTJ,static,crash,42,0.85,stabilization,51.05,59.794021686211956,6507.814806599719,5.406097412109374e-05,127.47923119566592,HOLD,0.0,"The stock price is above the 20-day SMA, but below the 60-day SMA, indicating a neutral trend. The RSI is at 53.7, which is not overbought or oversold. The P/E ratio is relatively low at 12.8, suggesting a potentially undervalued stock.",49.77,48.24,53.7,0.2723,1451797,1.0,33.6,12.8,3.12,3.16,1,0.3,0.26,0.04
Day-187,meta-llama/Llama-3.1-8B-Instruct,INTJ,static,crash,42,0.85,stabilization,51.56,60.05064049849873,6572.829214509509,5.406097412109374e-05,127.47923119566592,HOLD,0.0,"The stock's price is slightly above the 20-day SMA and below the 60-day SMA, indicating a neutral trend. The RSI is at 51.9, which is not in an overbought or oversold territory. The overall market conditions do not provide a strong enough signal to initiate a trade.",49.89,48.32,51.9,0.3931,1371934,0.95,33.3,12.9,3.11,3.25,1,-0.55,0.12,-0.68
Day-188,meta-llama/Llama-3.1-8B-Instruct,INTJ,static,crash,42,0.85,stabilization,53.84,60.03422604217029,6863.481861635628,5.406097412109374e-05,127.47923119566592,HOLD,0.0,"The stock's price is near its 60-day SMA, and the RSI is above 50, indicating a neutral trend. The news sentiment is negative, which could be a buying opportunity, but the Implied Volatility is high, suggesting potential market uncertainty. Given the current market conditions, it's best to hold and reassess.",50.1,48.45,57.4,0.6657,1328556,0.93,33.1,13.5,2.97,3.42,1,-0.38,0.03,-0.42
Day-189,meta-llama/Llama-3.1-8B-Instruct,INTJ,static,crash,42,0.85,stabilization,52.11,59.630829183136086,6642.942791667126,5.406097412109374e-05,127.47923119566592,HOLD,0.0,"The stock price is near the 20-day SMA and the 60-day SMA is bearish, indicating a potential short-term downtrend. The RSI is neutral, and the P/E ratio is relatively low, suggesting a potentially undervalued stock. The implied volatility is high, but the news sentiment is slightly negative, which may indicate a potential selling opportunity.",50.23,48.51,50.2,0.7336,1283915,0.9,32.8,13.1,3.05,3.54,1,-0.19,-0.06,-0.12
Day-190,meta-llama/Llama-3.1-8B-Instruct,INTJ,static,crash,42,0.85,stabilization,49.19,58.893405570793156,6270.703436575781,5.406097412109374e-05,127.47923119566592,HOLD,0.0,"The stock price is near the 20-day SMA, indicating a potential short-term consolidation. The RSI is above 50, suggesting a neutral market sentiment. Given the current market conditions, it's best to hold and reassess the situation.",50.29,48.57,52.5,0.5457,1588897,1.11,32.5,12.5,3.19,3.53,1,0.01,-0.16,0.17
Day-191,meta-llama/Llama-3.1-8B-Instruct,INTJ,static,crash,42,0.85,stabilization,48.54,58.69014809475964,6187.841936298598,5.406097412109374e-05,127.47923119566592,HOLD,0.0,"The RSI is below 50, indicating a potential buying opportunity, but the trend is neutral and the P/E ratio is relatively low. Implied volatility is high, suggesting a volatile market. Given the current market conditions, it's best to hold and wait for a clearer signal.",50.27,48.63,45.7,0.34,1523257,1.06,32.3,12.4,3.22,3.38,1,0.16,-0.19,0.35
Day-192,meta-llama/Llama-3.1-8B-Instruct,INTJ,static,crash,42,0.85,stabilization,51.01,59.13834749192138,6502.715637351893,5.406097412109374e-05,127.47923119566592,HOLD,0.0,"The stock price is near the 20-day SMA, and the RSI is slightly above the neutral zone, indicating a potential for a short-term correction. The P/E ratio is relatively low, suggesting undervaluation. Given the current market conditions, it's best to hold and wait for a clearer trend to emerge.",50.36,48.69,51.9,0.3717,1583022,1.1,32.0,12.9,3.09,3.43,1,-0.22,-0.13,-0.09
Day-193,meta-llama/Llama-3.1-8B-Instruct,INTJ,static,crash,42,0.85,stabilization,48.4,59.26539436398649,6169.994843931205,5.406097412109374e-05,127.47923119566592,HOLD,0.0,"The stock's price is near the 20-day SMA, and the RSI is below 50, indicating a potential buying opportunity. However, the short-term trend is neutral, and the news sentiment is bearish, suggesting caution. Given the current market conditions, it's best to hold and wait for a clearer signal.",50.25,48.71,40.5,0.1841,1125157,0.79,31.8,12.2,3.27,3.15,1,0.06,-0.04,0.09
Day-194,meta-llama/Llama-3.1-8B-Instruct,INTJ,static,crash,42,0.85,stabilization,52.61,58.66252497463049,6706.682407264958,5.406097412109374e-05,127.47923119566592,HOLD,0.0,"The stock's price is near the 50-day SMA, and the RSI is above 50, indicating a neutral market sentiment. The P/E ratio is relatively low, suggesting undervaluation. Given the current market conditions, it's best to hold and wait for a clearer signal.",50.38,48.84,55.9,0.3712,1434862,1.01,31.5,13.5,2.97,3.14,1,-0.23,-0.05,-0.18
Day-195,meta-llama/Llama-3.1-8B-Instruct,INTJ,static,crash,42,0.85,stabilization,51.72,58.76911543755608,6593.225891500815,5.406097412109374e-05,127.47923119566592,HOLD,0.0,"The stock's price is near the 20-day SMA and the 60-day SMA is trending downwards, indicating a potential bearish trend. The RSI is above 50, but not excessively high, suggesting some upward momentum. Given the current market conditions, it's best to hold and reassess the situation.",50.36,48.95,53.6,0.4428,1531423,1.08,31.3,13.2,3.03,2.89,1,-0.18,-0.08,-0.1
Day-196,meta-llama/Llama-3.1-8B-Instruct,INTJ,static,crash,42,0.85,stabilization,49.43,58.9817741274205,6301.298452062741,5.406097412109374e-05,127.47923119566592,HOLD,0.0,"The stock price is near the 20-day SMA, and the RSI is below 50, indicating a potential buying opportunity. However, the news sentiment is negative, and the implied volatility is high, suggesting caution. Given the current market conditions, it's best to hold and wait for a clearer signal.",50.44,48.98,49.2,0.311,1127586,0.8,31.0,12.6,3.18,2.97,1,-0.42,-0.2,-0.22
Day-197,meta-llama/Llama-3.1-8B-Instruct,INTJ,static,crash,42,0.85,stabilization,47.21,58.559845409319934,6018.294558808362,5.406097412109374e-05,127.47923119566592,HOLD,0.0,"The RSI is at 50.1, indicating a neutral market sentiment. The trend is neutral, with SMA20 above SMA60. The P/E ratio is relatively low at 12.1, suggesting undervaluation. No clear buy or sell signal.",50.27,49.03,50.1,0.0268,1059517,0.76,30.8,12.1,3.31,2.54,1,-0.28,-0.21,-0.07
Day-198,meta-llama/Llama-3.1-8B-Instruct,INTJ,static,crash,42,0.85,stabilization,51.89,58.6567079622927,6614.897360804079,5.406097412109374e-05,127.47923119566592,HOLD,0.0,"The stock is trading near its 50-day SMA, and the RSI is slightly above the neutral zone. The P/E ratio is relatively low, indicating potential undervaluation. However, the news sentiment is negative, and the implied volatility is high, suggesting caution.",50.36,49.18,53.5,0.1773,1393790,0.99,30.5,13.3,3.01,2.41,1,-0.41,-0.3,-0.1
Day-199,meta-llama/Llama-3.1-8B-Instruct,INTJ,static,crash,42,0.85,stabilization,49.73,58.705812321515694,6339.54222142144,5.406097412109374e-05,127.47923119566592,HOLD,0.0,"The RSI is at 50.6, indicating a neutral market sentiment. The trend is flat, and the P/E ratio is relatively low. Given the current market conditions, it's best to hold and wait for a clearer signal.",50.2,49.26,50.6,0.1209,1298145,0.92,30.3,12.7,3.15,1.91,0,-0.29,-0.32,0.02
Day-200,meta-llama/Llama-3.1-8B-Instruct,INTJ,static,crash,42,0.85,stabilization,51.29,58.15432717260038,6538.409822086679,5.406097412109374e-05,127.47923119566592,HOLD,0.0,"The RSI is at 50.4, indicating a neutral market condition. The trend is flat, and the P/E ratio is relatively low at 13.2. No clear buying or selling signals are present, so holding the current position is the most logical choice.",50.28,49.36,50.4,0.1997,1420914,1.02,30.0,13.2,3.02,1.88,0,0.32,-0.22,0.53
