C:\Users\ayesha.gull01\AppData\Local\Programs\Python\Python313\Lib\site-packages\statsmodels\regression\mixed_linear_model.py:2237: ConvergenceWarning: The MLE may be on the boundary of the parameter space.
  warnings.warn(msg, ConvergenceWarning)
C:\Users\ayesha.gull01\AppData\Local\Programs\Python\Python313\Lib\site-packages\statsmodels\regression\mixed_linear_model.py:2237: ConvergenceWarning: The MLE may be on the boundary of the parameter space.
  warnings.warn(msg, ConvergenceWarning)
C:\Users\ayesha.gull01\AppData\Local\Programs\Python\Python313\Lib\site-packages\statsmodels\regression\mixed_linear_model.py:2237: ConvergenceWarning: The MLE may be on the boundary of the parameter space.
  warnings.warn(msg, ConvergenceWarning)
C:\Users\ayesha.gull01\AppData\Local\Programs\Python\Python313\Lib\site-packages\statsmodels\regression\mixed_linear_model.py:2237: ConvergenceWarning: The MLE may be on the boundary of the parameter space.
  warnings.warn(msg, ConvergenceWarning)
C:\Users\ayesha.gull01\AppData\Local\Programs\Python\Python313\Lib\site-packages\statsmodels\regression\mixed_linear_model.py:2261: ConvergenceWarning: The Hessian matrix at the estimated parameter values is not positive definite.
  warnings.warn(msg, ConvergenceWarning)
C:\Users\ayesha.gull01\AppData\Local\Programs\Python\Python313\Lib\site-packages\statsmodels\regression\mixed_linear_model.py:2261: ConvergenceWarning: The Hessian matrix at the estimated parameter values is not positive definite.
  warnings.warn(msg, ConvergenceWarning)
C:\Users\ayesha.gull01\AppData\Local\Programs\Python\Python313\Lib\site-packages\statsmodels\regression\mixed_linear_model.py:2237: ConvergenceWarning: The MLE may be on the boundary of the parameter space.
  warnings.warn(msg, ConvergenceWarning)
C:\Users\ayesha.gull01\AppData\Local\Programs\Python\Python313\Lib\site-packages\statsmodels\regression\mixed_linear_model.py:2237: ConvergenceWarning: The MLE may be on the boundary of the parameter space.
  warnings.warn(msg, ConvergenceWarning)
C:\Users\ayesha.gull01\AppData\Local\Programs\Python\Python313\Lib\site-packages\statsmodels\regression\mixed_linear_model.py:2237: ConvergenceWarning: The MLE may be on the boundary of the parameter space.
  warnings.warn(msg, ConvergenceWarning)
C:\Users\ayesha.gull01\AppData\Local\Programs\Python\Python313\Lib\site-packages\statsmodels\regression\mixed_linear_model.py:2237: ConvergenceWarning: The MLE may be on the boundary of the parameter space.
  warnings.warn(msg, ConvergenceWarning)
C:\Users\ayesha.gull01\AppData\Local\Programs\Python\Python313\Lib\site-packages\statsmodels\regression\mixed_linear_model.py:2261: ConvergenceWarning: The Hessian matrix at the estimated parameter values is not positive definite.
  warnings.warn(msg, ConvergenceWarning)
C:\Users\ayesha.gull01\AppData\Local\Programs\Python\Python313\Lib\site-packages\statsmodels\base\model.py:607: ConvergenceWarning: Maximum Likelihood optimization failed to converge. Check mle_retvals
  warnings.warn("Maximum Likelihood optimization failed to "
C:\Users\ayesha.gull01\AppData\Local\Programs\Python\Python313\Lib\site-packages\statsmodels\regression\mixed_linear_model.py:2206: ConvergenceWarning: MixedLM optimization failed, trying a different optimizer may help.
  warnings.warn(msg, ConvergenceWarning)
C:\Users\ayesha.gull01\AppData\Local\Programs\Python\Python313\Lib\site-packages\statsmodels\regression\mixed_linear_model.py:2218: ConvergenceWarning: Gradient optimization failed, |grad| = 3.709670
  warnings.warn(msg, ConvergenceWarning)
C:\Users\ayesha.gull01\AppData\Local\Programs\Python\Python313\Lib\site-packages\statsmodels\regression\mixed_linear_model.py:2237: ConvergenceWarning: The MLE may be on the boundary of the parameter space.
  warnings.warn(msg, ConvergenceWarning)
C:\Users\ayesha.gull01\AppData\Local\Programs\Python\Python313\Lib\site-packages\statsmodels\regression\mixed_linear_model.py:2237: ConvergenceWarning: The MLE may be on the boundary of the parameter space.
  warnings.warn(msg, ConvergenceWarning)
C:\Users\ayesha.gull01\AppData\Local\Programs\Python\Python313\Lib\site-packages\statsmodels\regression\mixed_linear_model.py:2237: ConvergenceWarning: The MLE may be on the boundary of the parameter space.
  warnings.warn(msg, ConvergenceWarning)
C:\Users\ayesha.gull01\AppData\Local\Programs\Python\Python313\Lib\site-packages\statsmodels\regression\mixed_linear_model.py:2261: ConvergenceWarning: The Hessian matrix at the estimated parameter values is not positive definite.
  warnings.warn(msg, ConvergenceWarning)
C:\Users\ayesha.gull01\AppData\Local\Programs\Python\Python313\Lib\site-packages\statsmodels\regression\mixed_linear_model.py:2237: ConvergenceWarning: The MLE may be on the boundary of the parameter space.
  warnings.warn(msg, ConvergenceWarning)
C:\Users\ayesha.gull01\AppData\Local\Programs\Python\Python313\Lib\site-packages\statsmodels\regression\mixed_linear_model.py:2261: ConvergenceWarning: The Hessian matrix at the estimated parameter values is not positive definite.
  warnings.warn(msg, ConvergenceWarning)
C:\Users\ayesha.gull01\AppData\Local\Programs\Python\Python313\Lib\site-packages\statsmodels\regression\mixed_linear_model.py:2237: ConvergenceWarning: The MLE may be on the boundary of the parameter space.
  warnings.warn(msg, ConvergenceWarning)
C:\Users\ayesha.gull01\AppData\Local\Programs\Python\Python313\Lib\site-packages\statsmodels\regression\mixed_linear_model.py:2237: ConvergenceWarning: The MLE may be on the boundary of the parameter space.
  warnings.warn(msg, ConvergenceWarning)
C:\Users\ayesha.gull01\AppData\Local\Programs\Python\Python313\Lib\site-packages\statsmodels\regression\mixed_linear_model.py:2237: ConvergenceWarning: The MLE may be on the boundary of the parameter space.
  warnings.warn(msg, ConvergenceWarning)
C:\Users\ayesha.gull01\AppData\Local\Programs\Python\Python313\Lib\site-packages\statsmodels\regression\mixed_linear_model.py:2237: ConvergenceWarning: The MLE may be on the boundary of the parameter space.
  warnings.warn(msg, ConvergenceWarning)
C:\Users\ayesha.gull01\AppData\Local\Programs\Python\Python313\Lib\site-packages\statsmodels\regression\mixed_linear_model.py:2237: ConvergenceWarning: The MLE may be on the boundary of the parameter space.
  warnings.warn(msg, ConvergenceWarning)
C:\Users\ayesha.gull01\AppData\Local\Programs\Python\Python313\Lib\site-packages\statsmodels\base\model.py:607: ConvergenceWarning: Maximum Likelihood optimization failed to converge. Check mle_retvals
  warnings.warn("Maximum Likelihood optimization failed to "
C:\Users\ayesha.gull01\AppData\Local\Programs\Python\Python313\Lib\site-packages\statsmodels\regression\mixed_linear_model.py:2206: ConvergenceWarning: MixedLM optimization failed, trying a different optimizer may help.
  warnings.warn(msg, ConvergenceWarning)
C:\Users\ayesha.gull01\AppData\Local\Programs\Python\Python313\Lib\site-packages\statsmodels\regression\mixed_linear_model.py:2218: ConvergenceWarning: Gradient optimization failed, |grad| = 3.709670
  warnings.warn(msg, ConvergenceWarning)
C:\Users\ayesha.gull01\AppData\Local\Programs\Python\Python313\Lib\site-packages\statsmodels\regression\mixed_linear_model.py:2237: ConvergenceWarning: The MLE may be on the boundary of the parameter space.
  warnings.warn(msg, ConvergenceWarning)
C:\Users\ayesha.gull01\AppData\Local\Programs\Python\Python313\Lib\site-packages\statsmodels\regression\mixed_linear_model.py:2261: ConvergenceWarning: The Hessian matrix at the estimated parameter values is not positive definite.
  warnings.warn(msg, ConvergenceWarning)
C:\Users\ayesha.gull01\AppData\Local\Programs\Python\Python313\Lib\site-packages\statsmodels\regression\mixed_linear_model.py:2237: ConvergenceWarning: The MLE may be on the boundary of the parameter space.
  warnings.warn(msg, ConvergenceWarning)
C:\Users\ayesha.gull01\AppData\Local\Programs\Python\Python313\Lib\site-packages\statsmodels\regression\mixed_linear_model.py:2237: ConvergenceWarning: The MLE may be on the boundary of the parameter space.
  warnings.warn(msg, ConvergenceWarning)
C:\Users\ayesha.gull01\AppData\Local\Programs\Python\Python313\Lib\site-packages\statsmodels\regression\mixed_linear_model.py:2237: ConvergenceWarning: The MLE may be on the boundary of the parameter space.
  warnings.warn(msg, ConvergenceWarning)
C:\Users\ayesha.gull01\AppData\Local\Programs\Python\Python313\Lib\site-packages\statsmodels\regression\mixed_linear_model.py:2261: ConvergenceWarning: The Hessian matrix at the estimated parameter values is not positive definite.
  warnings.warn(msg, ConvergenceWarning)
opt M3_S10_R1_sma0.03_rho0.0_beta0.0: 100 datasets in 48s
C:\Users\ayesha.gull01\AppData\Local\Programs\Python\Python313\Lib\site-packages\statsmodels\regression\mixed_linear_model.py:2237: ConvergenceWarning: The MLE may be on the boundary of the parameter space.
  warnings.warn(msg, ConvergenceWarning)
C:\Users\ayesha.gull01\AppData\Local\Programs\Python\Python313\Lib\site-packages\statsmodels\regression\mixed_linear_model.py:2237: ConvergenceWarning: The MLE may be on the boundary of the parameter space.
  warnings.warn(msg, ConvergenceWarning)
C:\Users\ayesha.gull01\AppData\Local\Programs\Python\Python313\Lib\site-packages\statsmodels\regression\mixed_linear_model.py:2237: ConvergenceWarning: The MLE may be on the boundary of the parameter space.
  warnings.warn(msg, ConvergenceWarning)
C:\Users\ayesha.gull01\AppData\Local\Programs\Python\Python313\Lib\site-packages\statsmodels\regression\mixed_linear_model.py:2237: ConvergenceWarning: The MLE may be on the boundary of the parameter space.
  warnings.warn(msg, ConvergenceWarning)
C:\Users\ayesha.gull01\AppData\Local\Programs\Python\Python313\Lib\site-packages\statsmodels\base\model.py:607: ConvergenceWarning: Maximum Likelihood optimization failed to converge. Check mle_retvals
  warnings.warn("Maximum Likelihood optimization failed to "
C:\Users\ayesha.gull01\AppData\Local\Programs\Python\Python313\Lib\site-packages\statsmodels\regression\mixed_linear_model.py:2206: ConvergenceWarning: MixedLM optimization failed, trying a different optimizer may help.
  warnings.warn(msg, ConvergenceWarning)
C:\Users\ayesha.gull01\AppData\Local\Programs\Python\Python313\Lib\site-packages\statsmodels\regression\mixed_linear_model.py:2218: ConvergenceWarning: Gradient optimization failed, |grad| = 4.882459
  warnings.warn(msg, ConvergenceWarning)
C:\Users\ayesha.gull01\AppData\Local\Programs\Python\Python313\Lib\site-packages\statsmodels\regression\mixed_linear_model.py:2237: ConvergenceWarning: The MLE may be on the boundary of the parameter space.
  warnings.warn(msg, ConvergenceWarning)
C:\Users\ayesha.gull01\AppData\Local\Programs\Python\Python313\Lib\site-packages\statsmodels\regression\mixed_linear_model.py:2237: ConvergenceWarning: The MLE may be on the boundary of the parameter space.
  warnings.warn(msg, ConvergenceWarning)
C:\Users\ayesha.gull01\AppData\Local\Programs\Python\Python313\Lib\site-packages\statsmodels\regression\mixed_linear_model.py:2261: ConvergenceWarning: The Hessian matrix at the estimated parameter values is not positive definite.
  warnings.warn(msg, ConvergenceWarning)
C:\Users\ayesha.gull01\AppData\Local\Programs\Python\Python313\Lib\site-packages\statsmodels\regression\mixed_linear_model.py:2237: ConvergenceWarning: The MLE may be on the boundary of the parameter space.
  warnings.warn(msg, ConvergenceWarning)
C:\Users\ayesha.gull01\AppData\Local\Programs\Python\Python313\Lib\site-packages\statsmodels\regression\mixed_linear_model.py:2237: ConvergenceWarning: The MLE may be on the boundary of the parameter space.
  warnings.warn(msg, ConvergenceWarning)
C:\Users\ayesha.gull01\AppData\Local\Programs\Python\Python313\Lib\site-packages\statsmodels\regression\mixed_linear_model.py:2237: ConvergenceWarning: The MLE may be on the boundary of the parameter space.
  warnings.warn(msg, ConvergenceWarning)
C:\Users\ayesha.gull01\AppData\Local\Programs\Python\Python313\Lib\site-packages\statsmodels\regression\mixed_linear_model.py:2237: ConvergenceWarning: The MLE may be on the boundary of the parameter space.
  warnings.warn(msg, ConvergenceWarning)
C:\Users\ayesha.gull01\AppData\Local\Programs\Python\Python313\Lib\site-packages\statsmodels\regression\mixed_linear_model.py:2237: ConvergenceWarning: The MLE may be on the boundary of the parameter space.
  warnings.warn(msg, ConvergenceWarning)
C:\Users\ayesha.gull01\AppData\Local\Programs\Python\Python313\Lib\site-packages\statsmodels\regression\mixed_linear_model.py:2237: ConvergenceWarning: The MLE may be on the boundary of the parameter space.
  warnings.warn(msg, ConvergenceWarning)
C:\Users\ayesha.gull01\AppData\Local\Programs\Python\Python313\Lib\site-packages\statsmodels\regression\mixed_linear_model.py:2237: ConvergenceWarning: The MLE may be on the boundary of the parameter space.
  warnings.warn(msg, ConvergenceWarning)
C:\Users\ayesha.gull01\AppData\Local\Programs\Python\Python313\Lib\site-packages\statsmodels\regression\mixed_linear_model.py:2261: ConvergenceWarning: The Hessian matrix at the estimated parameter values is not positive definite.
  warnings.warn(msg, ConvergenceWarning)
C:\Users\ayesha.gull01\AppData\Local\Programs\Python\Python313\Lib\site-packages\statsmodels\regression\mixed_linear_model.py:2237: ConvergenceWarning: The MLE may be on the boundary of the parameter space.
  warnings.warn(msg, ConvergenceWarning)
C:\Users\ayesha.gull01\AppData\Local\Programs\Python\Python313\Lib\site-packages\statsmodels\regression\mixed_linear_model.py:2237: ConvergenceWarning: The MLE may be on the boundary of the parameter space.
  warnings.warn(msg, ConvergenceWarning)
C:\Users\ayesha.gull01\AppData\Local\Programs\Python\Python313\Lib\site-packages\statsmodels\regression\mixed_linear_model.py:2237: ConvergenceWarning: The MLE may be on the boundary of the parameter space.
  warnings.warn(msg, ConvergenceWarning)
C:\Users\ayesha.gull01\AppData\Local\Programs\Python\Python313\Lib\site-packages\statsmodels\base\model.py:607: ConvergenceWarning: Maximum Likelihood optimization failed to converge. Check mle_retvals
  warnings.warn("Maximum Likelihood optimization failed to "
C:\Users\ayesha.gull01\AppData\Local\Programs\Python\Python313\Lib\site-packages\statsmodels\regression\mixed_linear_model.py:2206: ConvergenceWarning: MixedLM optimization failed, trying a different optimizer may help.
  warnings.warn(msg, ConvergenceWarning)
C:\Users\ayesha.gull01\AppData\Local\Programs\Python\Python313\Lib\site-packages\statsmodels\regression\mixed_linear_model.py:2218: ConvergenceWarning: Gradient optimization failed, |grad| = 4.882459
  warnings.warn(msg, ConvergenceWarning)
C:\Users\ayesha.gull01\AppData\Local\Programs\Python\Python313\Lib\site-packages\statsmodels\regression\mixed_linear_model.py:2237: ConvergenceWarning: The MLE may be on the boundary of the parameter space.
  warnings.warn(msg, ConvergenceWarning)
C:\Users\ayesha.gull01\AppData\Local\Programs\Python\Python313\Lib\site-packages\statsmodels\base\model.py:607: ConvergenceWarning: Maximum Likelihood optimization failed to converge. Check mle_retvals
  warnings.warn("Maximum Likelihood optimization failed to "
C:\Users\ayesha.gull01\AppData\Local\Programs\Python\Python313\Lib\site-packages\statsmodels\regression\mixed_linear_model.py:2206: ConvergenceWarning: MixedLM optimization failed, trying a different optimizer may help.
  warnings.warn(msg, ConvergenceWarning)
C:\Users\ayesha.gull01\AppData\Local\Programs\Python\Python313\Lib\site-packages\statsmodels\regression\mixed_linear_model.py:2218: ConvergenceWarning: Gradient optimization failed, |grad| = 4.477054
  warnings.warn(msg, ConvergenceWarning)
C:\Users\ayesha.gull01\AppData\Local\Programs\Python\Python313\Lib\site-packages\statsmodels\regression\mixed_linear_model.py:2237: ConvergenceWarning: The MLE may be on the boundary of the parameter space.
  warnings.warn(msg, ConvergenceWarning)
C:\Users\ayesha.gull01\AppData\Local\Programs\Python\Python313\Lib\site-packages\statsmodels\regression\mixed_linear_model.py:2261: ConvergenceWarning: The Hessian matrix at the estimated parameter values is not positive definite.
  warnings.warn(msg, ConvergenceWarning)
C:\Users\ayesha.gull01\AppData\Local\Programs\Python\Python313\Lib\site-packages\statsmodels\regression\mixed_linear_model.py:2237: ConvergenceWarning: The MLE may be on the boundary of the parameter space.
  warnings.warn(msg, ConvergenceWarning)
C:\Users\ayesha.gull01\AppData\Local\Programs\Python\Python313\Lib\site-packages\statsmodels\base\model.py:607: ConvergenceWarning: Maximum Likelihood optimization failed to converge. Check mle_retvals
  warnings.warn("Maximum Likelihood optimization failed to "
C:\Users\ayesha.gull01\AppData\Local\Programs\Python\Python313\Lib\site-packages\statsmodels\regression\mixed_linear_model.py:2206: ConvergenceWarning: MixedLM optimization failed, trying a different optimizer may help.
  warnings.warn(msg, ConvergenceWarning)
C:\Users\ayesha.gull01\AppData\Local\Programs\Python\Python313\Lib\site-packages\statsmodels\regression\mixed_linear_model.py:2218: ConvergenceWarning: Gradient optimization failed, |grad| = 4.477054
  warnings.warn(msg, ConvergenceWarning)
C:\Users\ayesha.gull01\AppData\Local\Programs\Python\Python313\Lib\site-packages\statsmodels\regression\mixed_linear_model.py:2237: ConvergenceWarning: The MLE may be on the boundary of the parameter space.
  warnings.warn(msg, ConvergenceWarning)
C:\Users\ayesha.gull01\AppData\Local\Programs\Python\Python313\Lib\site-packages\statsmodels\regression\mixed_linear_model.py:2261: ConvergenceWarning: The Hessian matrix at the estimated parameter values is not positive definite.
  warnings.warn(msg, ConvergenceWarning)
C:\Users\ayesha.gull01\AppData\Local\Programs\Python\Python313\Lib\site-packages\statsmodels\regression\mixed_linear_model.py:2237: ConvergenceWarning: The MLE may be on the boundary of the parameter space.
  warnings.warn(msg, ConvergenceWarning)
C:\Users\ayesha.gull01\AppData\Local\Programs\Python\Python313\Lib\site-packages\statsmodels\regression\mixed_linear_model.py:2261: ConvergenceWarning: The Hessian matrix at the estimated parameter values is not positive definite.
  warnings.warn(msg, ConvergenceWarning)
opt M3_S10_R1_sma0.03_rho0.0_beta0.05: 100 datasets in 54s
C:\Users\ayesha.gull01\AppData\Local\Programs\Python\Python313\Lib\site-packages\statsmodels\regression\mixed_linear_model.py:2237: ConvergenceWarning: The MLE may be on the boundary of the parameter space.
  warnings.warn(msg, ConvergenceWarning)
C:\Users\ayesha.gull01\AppData\Local\Programs\Python\Python313\Lib\site-packages\statsmodels\regression\mixed_linear_model.py:2237: ConvergenceWarning: The MLE may be on the boundary of the parameter space.
  warnings.warn(msg, ConvergenceWarning)
C:\Users\ayesha.gull01\AppData\Local\Programs\Python\Python313\Lib\site-packages\statsmodels\regression\mixed_linear_model.py:2237: ConvergenceWarning: The MLE may be on the boundary of the parameter space.
  warnings.warn(msg, ConvergenceWarning)
C:\Users\ayesha.gull01\AppData\Local\Programs\Python\Python313\Lib\site-packages\statsmodels\regression\mixed_linear_model.py:2237: ConvergenceWarning: The MLE may be on the boundary of the parameter space.
  warnings.warn(msg, ConvergenceWarning)
C:\Users\ayesha.gull01\AppData\Local\Programs\Python\Python313\Lib\site-packages\statsmodels\base\model.py:607: ConvergenceWarning: Maximum Likelihood optimization failed to converge. Check mle_retvals
  warnings.warn("Maximum Likelihood optimization failed to "
C:\Users\ayesha.gull01\AppData\Local\Programs\Python\Python313\Lib\site-packages\statsmodels\regression\mixed_linear_model.py:2206: ConvergenceWarning: MixedLM optimization failed, trying a different optimizer may help.
  warnings.warn(msg, ConvergenceWarning)
C:\Users\ayesha.gull01\AppData\Local\Programs\Python\Python313\Lib\site-packages\statsmodels\regression\mixed_linear_model.py:2218: ConvergenceWarning: Gradient optimization failed, |grad| = 2.388831
  warnings.warn(msg, ConvergenceWarning)
C:\Users\ayesha.gull01\AppData\Local\Programs\Python\Python313\Lib\site-packages\statsmodels\regression\mixed_linear_model.py:2237: ConvergenceWarning: The MLE may be on the boundary of the parameter space.
  warnings.warn(msg, ConvergenceWarning)
C:\Users\ayesha.gull01\AppData\Local\Programs\Python\Python313\Lib\site-packages\statsmodels\regression\mixed_linear_model.py:2237: ConvergenceWarning: The MLE may be on the boundary of the parameter space.
  warnings.warn(msg, ConvergenceWarning)
C:\Users\ayesha.gull01\AppData\Local\Programs\Python\Python313\Lib\site-packages\statsmodels\regression\mixed_linear_model.py:2237: ConvergenceWarning: The MLE may be on the boundary of the parameter space.
  warnings.warn(msg, ConvergenceWarning)
C:\Users\ayesha.gull01\AppData\Local\Programs\Python\Python313\Lib\site-packages\statsmodels\regression\mixed_linear_model.py:2237: ConvergenceWarning: The MLE may be on the boundary of the parameter space.
  warnings.warn(msg, ConvergenceWarning)
C:\Users\ayesha.gull01\AppData\Local\Programs\Python\Python313\Lib\site-packages\statsmodels\regression\mixed_linear_model.py:2237: ConvergenceWarning: The MLE may be on the boundary of the parameter space.
  warnings.warn(msg, ConvergenceWarning)
C:\Users\ayesha.gull01\AppData\Local\Programs\Python\Python313\Lib\site-packages\statsmodels\regression\mixed_linear_model.py:2237: ConvergenceWarning: The MLE may be on the boundary of the parameter space.
  warnings.warn(msg, ConvergenceWarning)
C:\Users\ayesha.gull01\AppData\Local\Programs\Python\Python313\Lib\site-packages\statsmodels\regression\mixed_linear_model.py:2237: ConvergenceWarning: The MLE may be on the boundary of the parameter space.
  warnings.warn(msg, ConvergenceWarning)
C:\Users\ayesha.gull01\AppData\Local\Programs\Python\Python313\Lib\site-packages\statsmodels\regression\mixed_linear_model.py:2237: ConvergenceWarning: The MLE may be on the boundary of the parameter space.
  warnings.warn(msg, ConvergenceWarning)
C:\Users\ayesha.gull01\AppData\Local\Programs\Python\Python313\Lib\site-packages\statsmodels\regression\mixed_linear_model.py:2237: ConvergenceWarning: The MLE may be on the boundary of the parameter space.
  warnings.warn(msg, ConvergenceWarning)
C:\Users\ayesha.gull01\AppData\Local\Programs\Python\Python313\Lib\site-packages\statsmodels\base\model.py:607: ConvergenceWarning: Maximum Likelihood optimization failed to converge. Check mle_retvals
  warnings.warn("Maximum Likelihood optimization failed to "
C:\Users\ayesha.gull01\AppData\Local\Programs\Python\Python313\Lib\site-packages\statsmodels\regression\mixed_linear_model.py:2206: ConvergenceWarning: MixedLM optimization failed, trying a different optimizer may help.
  warnings.warn(msg, ConvergenceWarning)
C:\Users\ayesha.gull01\AppData\Local\Programs\Python\Python313\Lib\site-packages\statsmodels\regression\mixed_linear_model.py:2218: ConvergenceWarning: Gradient optimization failed, |grad| = 2.388831
  warnings.warn(msg, ConvergenceWarning)
C:\Users\ayesha.gull01\AppData\Local\Programs\Python\Python313\Lib\site-packages\statsmodels\regression\mixed_linear_model.py:2237: ConvergenceWarning: The MLE may be on the boundary of the parameter space.
  warnings.warn(msg, ConvergenceWarning)
C:\Users\ayesha.gull01\AppData\Local\Programs\Python\Python313\Lib\site-packages\statsmodels\regression\mixed_linear_model.py:2237: ConvergenceWarning: The MLE may be on the boundary of the parameter space.
  warnings.warn(msg, ConvergenceWarning)
C:\Users\ayesha.gull01\AppData\Local\Programs\Python\Python313\Lib\site-packages\statsmodels\regression\mixed_linear_model.py:2237: ConvergenceWarning: The MLE may be on the boundary of the parameter space.
  warnings.warn(msg, ConvergenceWarning)
C:\Users\ayesha.gull01\AppData\Local\Programs\Python\Python313\Lib\site-packages\statsmodels\regression\mixed_linear_model.py:2237: ConvergenceWarning: The MLE may be on the boundary of the parameter space.
  warnings.warn(msg, ConvergenceWarning)
C:\Users\ayesha.gull01\AppData\Local\Programs\Python\Python313\Lib\site-packages\statsmodels\regression\mixed_linear_model.py:2237: ConvergenceWarning: The MLE may be on the boundary of the parameter space.
  warnings.warn(msg, ConvergenceWarning)
C:\Users\ayesha.gull01\AppData\Local\Programs\Python\Python313\Lib\site-packages\statsmodels\regression\mixed_linear_model.py:2237: ConvergenceWarning: The MLE may be on the boundary of the parameter space.
  warnings.warn(msg, ConvergenceWarning)
C:\Users\ayesha.gull01\AppData\Local\Programs\Python\Python313\Lib\site-packages\statsmodels\regression\mixed_linear_model.py:2237: ConvergenceWarning: The MLE may be on the boundary of the parameter space.
  warnings.warn(msg, ConvergenceWarning)
C:\Users\ayesha.gull01\AppData\Local\Programs\Python\Python313\Lib\site-packages\statsmodels\regression\mixed_linear_model.py:2237: ConvergenceWarning: The MLE may be on the boundary of the parameter space.
  warnings.warn(msg, ConvergenceWarning)
opt M6_S10_R1_sma0.03_rho0.0_beta0.0: 100 datasets in 65s
C:\Users\ayesha.gull01\AppData\Local\Programs\Python\Python313\Lib\site-packages\statsmodels\regression\mixed_linear_model.py:2237: ConvergenceWarning: The MLE may be on the boundary of the parameter space.
  warnings.warn(msg, ConvergenceWarning)
C:\Users\ayesha.gull01\AppData\Local\Programs\Python\Python313\Lib\site-packages\statsmodels\regression\mixed_linear_model.py:2237: ConvergenceWarning: The MLE may be on the boundary of the parameter space.
  warnings.warn(msg, ConvergenceWarning)
C:\Users\ayesha.gull01\AppData\Local\Programs\Python\Python313\Lib\site-packages\statsmodels\regression\mixed_linear_model.py:2237: ConvergenceWarning: The MLE may be on the boundary of the parameter space.
  warnings.warn(msg, ConvergenceWarning)
C:\Users\ayesha.gull01\AppData\Local\Programs\Python\Python313\Lib\site-packages\statsmodels\regression\mixed_linear_model.py:2237: ConvergenceWarning: The MLE may be on the boundary of the parameter space.
  warnings.warn(msg, ConvergenceWarning)
C:\Users\ayesha.gull01\AppData\Local\Programs\Python\Python313\Lib\site-packages\statsmodels\regression\mixed_linear_model.py:2237: ConvergenceWarning: The MLE may be on the boundary of the parameter space.
  warnings.warn(msg, ConvergenceWarning)
C:\Users\ayesha.gull01\AppData\Local\Programs\Python\Python313\Lib\site-packages\statsmodels\regression\mixed_linear_model.py:2237: ConvergenceWarning: The MLE may be on the boundary of the parameter space.
  warnings.warn(msg, ConvergenceWarning)
C:\Users\ayesha.gull01\AppData\Local\Programs\Python\Python313\Lib\site-packages\statsmodels\regression\mixed_linear_model.py:2237: ConvergenceWarning: The MLE may be on the boundary of the parameter space.
  warnings.warn(msg, ConvergenceWarning)
C:\Users\ayesha.gull01\AppData\Local\Programs\Python\Python313\Lib\site-packages\statsmodels\regression\mixed_linear_model.py:2237: ConvergenceWarning: The MLE may be on the boundary of the parameter space.
  warnings.warn(msg, ConvergenceWarning)
C:\Users\ayesha.gull01\AppData\Local\Programs\Python\Python313\Lib\site-packages\statsmodels\regression\mixed_linear_model.py:2237: ConvergenceWarning: The MLE may be on the boundary of the parameter space.
  warnings.warn(msg, ConvergenceWarning)
C:\Users\ayesha.gull01\AppData\Local\Programs\Python\Python313\Lib\site-packages\statsmodels\regression\mixed_linear_model.py:2237: ConvergenceWarning: The MLE may be on the boundary of the parameter space.
  warnings.warn(msg, ConvergenceWarning)
C:\Users\ayesha.gull01\AppData\Local\Programs\Python\Python313\Lib\site-packages\statsmodels\regression\mixed_linear_model.py:2237: ConvergenceWarning: The MLE may be on the boundary of the parameter space.
  warnings.warn(msg, ConvergenceWarning)
C:\Users\ayesha.gull01\AppData\Local\Programs\Python\Python313\Lib\site-packages\statsmodels\regression\mixed_linear_model.py:2237: ConvergenceWarning: The MLE may be on the boundary of the parameter space.
  warnings.warn(msg, ConvergenceWarning)
C:\Users\ayesha.gull01\AppData\Local\Programs\Python\Python313\Lib\site-packages\statsmodels\regression\mixed_linear_model.py:2261: ConvergenceWarning: The Hessian matrix at the estimated parameter values is not positive definite.
  warnings.warn(msg, ConvergenceWarning)
C:\Users\ayesha.gull01\AppData\Local\Programs\Python\Python313\Lib\site-packages\statsmodels\regression\mixed_linear_model.py:2237: ConvergenceWarning: The MLE may be on the boundary of the parameter space.
  warnings.warn(msg, ConvergenceWarning)
C:\Users\ayesha.gull01\AppData\Local\Programs\Python\Python313\Lib\site-packages\statsmodels\regression\mixed_linear_model.py:2237: ConvergenceWarning: The MLE may be on the boundary of the parameter space.
  warnings.warn(msg, ConvergenceWarning)
C:\Users\ayesha.gull01\AppData\Local\Programs\Python\Python313\Lib\site-packages\statsmodels\regression\mixed_linear_model.py:2237: ConvergenceWarning: The MLE may be on the boundary of the parameter space.
  warnings.warn(msg, ConvergenceWarning)
C:\Users\ayesha.gull01\AppData\Local\Programs\Python\Python313\Lib\site-packages\statsmodels\regression\mixed_linear_model.py:2237: ConvergenceWarning: The MLE may be on the boundary of the parameter space.
  warnings.warn(msg, ConvergenceWarning)
C:\Users\ayesha.gull01\AppData\Local\Programs\Python\Python313\Lib\site-packages\statsmodels\regression\mixed_linear_model.py:2237: ConvergenceWarning: The MLE may be on the boundary of the parameter space.
  warnings.warn(msg, ConvergenceWarning)
C:\Users\ayesha.gull01\AppData\Local\Programs\Python\Python313\Lib\site-packages\statsmodels\regression\mixed_linear_model.py:2237: ConvergenceWarning: The MLE may be on the boundary of the parameter space.
  warnings.warn(msg, ConvergenceWarning)
C:\Users\ayesha.gull01\AppData\Local\Programs\Python\Python313\Lib\site-packages\statsmodels\regression\mixed_linear_model.py:2237: ConvergenceWarning: The MLE may be on the boundary of the parameter space.
  warnings.warn(msg, ConvergenceWarning)
C:\Users\ayesha.gull01\AppData\Local\Programs\Python\Python313\Lib\site-packages\statsmodels\regression\mixed_linear_model.py:2237: ConvergenceWarning: The MLE may be on the boundary of the parameter space.
  warnings.warn(msg, ConvergenceWarning)
C:\Users\ayesha.gull01\AppData\Local\Programs\Python\Python313\Lib\site-packages\statsmodels\regression\mixed_linear_model.py:2261: ConvergenceWarning: The Hessian matrix at the estimated parameter values is not positive definite.
  warnings.warn(msg, ConvergenceWarning)
C:\Users\ayesha.gull01\AppData\Local\Programs\Python\Python313\Lib\site-packages\statsmodels\regression\mixed_linear_model.py:2237: ConvergenceWarning: The MLE may be on the boundary of the parameter space.
  warnings.warn(msg, ConvergenceWarning)
opt M6_S10_R1_sma0.03_rho0.0_beta0.05: 100 datasets in 61s
 M  S  R  s_ma  rho  beta  n_datasets  lbfgs_local_share  llf_gap_max  decision_flips  e1_reject  e1_reject_lo  e1_reject_hi  e1b_reject  e1b_reject_lo  e1b_reject_hi
 3 10  1  0.03  0.0  0.00         100               0.18        3.863               5       0.09         0.048         0.162        0.14          0.085          0.221
 3 10  1  0.03  0.0  0.05         100               0.20        3.689              11       0.68         0.583         0.763        0.79          0.700          0.858
 6 10  1  0.03  0.0  0.00         100               0.15       18.437               0       0.07         0.034         0.137        0.07          0.034          0.137
 6 10  1  0.03  0.0  0.05         100               0.19        6.776               5       0.94         0.875         0.972        0.99          0.946          0.998
[stage mixed_optimizer] 228s
C:\Users\ayesha.gull01\AppData\Local\Programs\Python\Python313\Lib\site-packages\statsmodels\regression\mixed_linear_model.py:2237: ConvergenceWarning: The MLE may be on the boundary of the parameter space.
  warnings.warn(msg, ConvergenceWarning)
C:\Users\ayesha.gull01\AppData\Local\Programs\Python\Python313\Lib\site-packages\statsmodels\regression\mixed_linear_model.py:2261: ConvergenceWarning: The Hessian matrix at the estimated parameter values is not positive definite.
  warnings.warn(msg, ConvergenceWarning)
C:\Users\ayesha.gull01\AppData\Local\Programs\Python\Python313\Lib\site-packages\statsmodels\regression\mixed_linear_model.py:2237: ConvergenceWarning: The MLE may be on the boundary of the parameter space.
  warnings.warn(msg, ConvergenceWarning)
C:\Users\ayesha.gull01\AppData\Local\Programs\Python\Python313\Lib\site-packages\statsmodels\regression\mixed_linear_model.py:2261: ConvergenceWarning: The Hessian matrix at the estimated parameter values is not positive definite.
  warnings.warn(msg, ConvergenceWarning)
C:\Users\ayesha.gull01\AppData\Local\Programs\Python\Python313\Lib\site-packages\statsmodels\regression\mixed_linear_model.py:2237: ConvergenceWarning: The MLE may be on the boundary of the parameter space.
  warnings.warn(msg, ConvergenceWarning)
C:\Users\ayesha.gull01\AppData\Local\Programs\Python\Python313\Lib\site-packages\statsmodels\regression\mixed_linear_model.py:2261: ConvergenceWarning: The Hessian matrix at the estimated parameter values is not positive definite.
  warnings.warn(msg, ConvergenceWarning)
C:\Users\ayesha.gull01\AppData\Local\Programs\Python\Python313\Lib\site-packages\statsmodels\base\model.py:607: ConvergenceWarning: Maximum Likelihood optimization failed to converge. Check mle_retvals
  warnings.warn("Maximum Likelihood optimization failed to "
C:\Users\ayesha.gull01\AppData\Local\Programs\Python\Python313\Lib\site-packages\statsmodels\regression\mixed_linear_model.py:2206: ConvergenceWarning: MixedLM optimization failed, trying a different optimizer may help.
  warnings.warn(msg, ConvergenceWarning)
C:\Users\ayesha.gull01\AppData\Local\Programs\Python\Python313\Lib\site-packages\statsmodels\regression\mixed_linear_model.py:2218: ConvergenceWarning: Gradient optimization failed, |grad| = 7.360203
  warnings.warn(msg, ConvergenceWarning)
C:\Users\ayesha.gull01\AppData\Local\Programs\Python\Python313\Lib\site-packages\statsmodels\regression\mixed_linear_model.py:2237: ConvergenceWarning: The MLE may be on the boundary of the parameter space.
  warnings.warn(msg, ConvergenceWarning)
C:\Users\ayesha.gull01\AppData\Local\Programs\Python\Python313\Lib\site-packages\statsmodels\base\model.py:607: ConvergenceWarning: Maximum Likelihood optimization failed to converge. Check mle_retvals
  warnings.warn("Maximum Likelihood optimization failed to "
C:\Users\ayesha.gull01\AppData\Local\Programs\Python\Python313\Lib\site-packages\statsmodels\regression\mixed_linear_model.py:2261: ConvergenceWarning: The Hessian matrix at the estimated parameter values is not positive definite.
  warnings.warn(msg, ConvergenceWarning)
C:\Users\ayesha.gull01\AppData\Local\Programs\Python\Python313\Lib\site-packages\statsmodels\regression\mixed_linear_model.py:2206: ConvergenceWarning: MixedLM optimization failed, trying a different optimizer may help.
  warnings.warn(msg, ConvergenceWarning)
C:\Users\ayesha.gull01\AppData\Local\Programs\Python\Python313\Lib\site-packages\statsmodels\regression\mixed_linear_model.py:2218: ConvergenceWarning: Gradient optimization failed, |grad| = 0.604637
  warnings.warn(msg, ConvergenceWarning)
C:\Users\ayesha.gull01\AppData\Local\Programs\Python\Python313\Lib\site-packages\statsmodels\regression\mixed_linear_model.py:2237: ConvergenceWarning: The MLE may be on the boundary of the parameter space.
  warnings.warn(msg, ConvergenceWarning)
C:\Users\ayesha.gull01\AppData\Local\Programs\Python\Python313\Lib\site-packages\statsmodels\regression\mixed_linear_model.py:2261: ConvergenceWarning: The Hessian matrix at the estimated parameter values is not positive definite.
  warnings.warn(msg, ConvergenceWarning)
C:\Users\ayesha.gull01\AppData\Local\Programs\Python\Python313\Lib\site-packages\statsmodels\regression\mixed_linear_model.py:2237: ConvergenceWarning: The MLE may be on the boundary of the parameter space.
  warnings.warn(msg, ConvergenceWarning)
C:\Users\ayesha.gull01\AppData\Local\Programs\Python\Python313\Lib\site-packages\statsmodels\regression\mixed_linear_model.py:2261: ConvergenceWarning: The Hessian matrix at the estimated parameter values is not positive definite.
  warnings.warn(msg, ConvergenceWarning)
C:\Users\ayesha.gull01\AppData\Local\Programs\Python\Python313\Lib\site-packages\statsmodels\base\model.py:607: ConvergenceWarning: Maximum Likelihood optimization failed to converge. Check mle_retvals
  warnings.warn("Maximum Likelihood optimization failed to "
C:\Users\ayesha.gull01\AppData\Local\Programs\Python\Python313\Lib\site-packages\statsmodels\regression\mixed_linear_model.py:2206: ConvergenceWarning: MixedLM optimization failed, trying a different optimizer may help.
  warnings.warn(msg, ConvergenceWarning)
C:\Users\ayesha.gull01\AppData\Local\Programs\Python\Python313\Lib\site-packages\statsmodels\regression\mixed_linear_model.py:2218: ConvergenceWarning: Gradient optimization failed, |grad| = 4.761509
  warnings.warn(msg, ConvergenceWarning)
C:\Users\ayesha.gull01\AppData\Local\Programs\Python\Python313\Lib\site-packages\statsmodels\regression\mixed_linear_model.py:2237: ConvergenceWarning: The MLE may be on the boundary of the parameter space.
  warnings.warn(msg, ConvergenceWarning)
C:\Users\ayesha.gull01\AppData\Local\Programs\Python\Python313\Lib\site-packages\statsmodels\regression\mixed_linear_model.py:2261: ConvergenceWarning: The Hessian matrix at the estimated parameter values is not positive definite.
  warnings.warn(msg, ConvergenceWarning)
C:\Users\ayesha.gull01\AppData\Local\Programs\Python\Python313\Lib\site-packages\statsmodels\regression\mixed_linear_model.py:2237: ConvergenceWarning: The MLE may be on the boundary of the parameter space.
  warnings.warn(msg, ConvergenceWarning)
C:\Users\ayesha.gull01\AppData\Local\Programs\Python\Python313\Lib\site-packages\statsmodels\regression\mixed_linear_model.py:2261: ConvergenceWarning: The Hessian matrix at the estimated parameter values is not positive definite.
  warnings.warn(msg, ConvergenceWarning)
C:\Users\ayesha.gull01\AppData\Local\Programs\Python\Python313\Lib\site-packages\statsmodels\regression\mixed_linear_model.py:2237: ConvergenceWarning: The MLE may be on the boundary of the parameter space.
  warnings.warn(msg, ConvergenceWarning)
C:\Users\ayesha.gull01\AppData\Local\Programs\Python\Python313\Lib\site-packages\statsmodels\regression\mixed_linear_model.py:2261: ConvergenceWarning: The Hessian matrix at the estimated parameter values is not positive definite.
  warnings.warn(msg, ConvergenceWarning)
C:\Users\ayesha.gull01\AppData\Local\Programs\Python\Python313\Lib\site-packages\statsmodels\regression\mixed_linear_model.py:2237: ConvergenceWarning: The MLE may be on the boundary of the parameter space.
  warnings.warn(msg, ConvergenceWarning)
C:\Users\ayesha.gull01\AppData\Local\Programs\Python\Python313\Lib\site-packages\statsmodels\regression\mixed_linear_model.py:2261: ConvergenceWarning: The Hessian matrix at the estimated parameter values is not positive definite.
  warnings.warn(msg, ConvergenceWarning)
C:\Users\ayesha.gull01\AppData\Local\Programs\Python\Python313\Lib\site-packages\statsmodels\base\model.py:607: ConvergenceWarning: Maximum Likelihood optimization failed to converge. Check mle_retvals
  warnings.warn("Maximum Likelihood optimization failed to "
C:\Users\ayesha.gull01\AppData\Local\Programs\Python\Python313\Lib\site-packages\statsmodels\regression\mixed_linear_model.py:2206: ConvergenceWarning: MixedLM optimization failed, trying a different optimizer may help.
  warnings.warn(msg, ConvergenceWarning)
C:\Users\ayesha.gull01\AppData\Local\Programs\Python\Python313\Lib\site-packages\statsmodels\regression\mixed_linear_model.py:2218: ConvergenceWarning: Gradient optimization failed, |grad| = 7.360203
  warnings.warn(msg, ConvergenceWarning)
C:\Users\ayesha.gull01\AppData\Local\Programs\Python\Python313\Lib\site-packages\statsmodels\regression\mixed_linear_model.py:2237: ConvergenceWarning: The MLE may be on the boundary of the parameter space.
  warnings.warn(msg, ConvergenceWarning)
C:\Users\ayesha.gull01\AppData\Local\Programs\Python\Python313\Lib\site-packages\statsmodels\regression\mixed_linear_model.py:2261: ConvergenceWarning: The Hessian matrix at the estimated parameter values is not positive definite.
  warnings.warn(msg, ConvergenceWarning)
C:\Users\ayesha.gull01\AppData\Local\Programs\Python\Python313\Lib\site-packages\statsmodels\base\model.py:607: ConvergenceWarning: Maximum Likelihood optimization failed to converge. Check mle_retvals
  warnings.warn("Maximum Likelihood optimization failed to "
C:\Users\ayesha.gull01\AppData\Local\Programs\Python\Python313\Lib\site-packages\statsmodels\regression\mixed_linear_model.py:2206: ConvergenceWarning: MixedLM optimization failed, trying a different optimizer may help.
  warnings.warn(msg, ConvergenceWarning)
C:\Users\ayesha.gull01\AppData\Local\Programs\Python\Python313\Lib\site-packages\statsmodels\regression\mixed_linear_model.py:2218: ConvergenceWarning: Gradient optimization failed, |grad| = 0.604637
  warnings.warn(msg, ConvergenceWarning)
C:\Users\ayesha.gull01\AppData\Local\Programs\Python\Python313\Lib\site-packages\statsmodels\regression\mixed_linear_model.py:2237: ConvergenceWarning: The MLE may be on the boundary of the parameter space.
  warnings.warn(msg, ConvergenceWarning)
C:\Users\ayesha.gull01\AppData\Local\Programs\Python\Python313\Lib\site-packages\statsmodels\regression\mixed_linear_model.py:2261: ConvergenceWarning: The Hessian matrix at the estimated parameter values is not positive definite.
  warnings.warn(msg, ConvergenceWarning)
C:\Users\ayesha.gull01\AppData\Local\Programs\Python\Python313\Lib\site-packages\statsmodels\regression\mixed_linear_model.py:2237: ConvergenceWarning: The MLE may be on the boundary of the parameter space.
  warnings.warn(msg, ConvergenceWarning)
C:\Users\ayesha.gull01\AppData\Local\Programs\Python\Python313\Lib\site-packages\statsmodels\regression\mixed_linear_model.py:2261: ConvergenceWarning: The Hessian matrix at the estimated parameter values is not positive definite.
  warnings.warn(msg, ConvergenceWarning)
C:\Users\ayesha.gull01\AppData\Local\Programs\Python\Python313\Lib\site-packages\statsmodels\base\model.py:607: ConvergenceWarning: Maximum Likelihood optimization failed to converge. Check mle_retvals
  warnings.warn("Maximum Likelihood optimization failed to "
C:\Users\ayesha.gull01\AppData\Local\Programs\Python\Python313\Lib\site-packages\statsmodels\regression\mixed_linear_model.py:2206: ConvergenceWarning: MixedLM optimization failed, trying a different optimizer may help.
  warnings.warn(msg, ConvergenceWarning)
C:\Users\ayesha.gull01\AppData\Local\Programs\Python\Python313\Lib\site-packages\statsmodels\regression\mixed_linear_model.py:2218: ConvergenceWarning: Gradient optimization failed, |grad| = 4.761509
  warnings.warn(msg, ConvergenceWarning)
C:\Users\ayesha.gull01\AppData\Local\Programs\Python\Python313\Lib\site-packages\statsmodels\regression\mixed_linear_model.py:2237: ConvergenceWarning: The MLE may be on the boundary of the parameter space.
  warnings.warn(msg, ConvergenceWarning)
C:\Users\ayesha.gull01\AppData\Local\Programs\Python\Python313\Lib\site-packages\statsmodels\regression\mixed_linear_model.py:2261: ConvergenceWarning: The Hessian matrix at the estimated parameter values is not positive definite.
  warnings.warn(msg, ConvergenceWarning)
C:\Users\ayesha.gull01\AppData\Local\Programs\Python\Python313\Lib\site-packages\statsmodels\regression\mixed_linear_model.py:2237: ConvergenceWarning: The MLE may be on the boundary of the parameter space.
  warnings.warn(msg, ConvergenceWarning)
C:\Users\ayesha.gull01\AppData\Local\Programs\Python\Python313\Lib\site-packages\statsmodels\regression\mixed_linear_model.py:2261: ConvergenceWarning: The Hessian matrix at the estimated parameter values is not positive definite.
  warnings.warn(msg, ConvergenceWarning)
C:\Users\ayesha.gull01\AppData\Local\Programs\Python\Python313\Lib\site-packages\statsmodels\regression\mixed_linear_model.py:2237: ConvergenceWarning: The MLE may be on the boundary of the parameter space.
  warnings.warn(msg, ConvergenceWarning)
C:\Users\ayesha.gull01\AppData\Local\Programs\Python\Python313\Lib\site-packages\statsmodels\regression\mixed_linear_model.py:2237: ConvergenceWarning: The MLE may be on the boundary of the parameter space.
  warnings.warn(msg, ConvergenceWarning)
C:\Users\ayesha.gull01\AppData\Local\Programs\Python\Python313\Lib\site-packages\statsmodels\regression\mixed_linear_model.py:2261: ConvergenceWarning: The Hessian matrix at the estimated parameter values is not positive definite.
  warnings.warn(msg, ConvergenceWarning)
C:\Users\ayesha.gull01\AppData\Local\Programs\Python\Python313\Lib\site-packages\statsmodels\regression\mixed_linear_model.py:2261: ConvergenceWarning: The Hessian matrix at the estimated parameter values is not positive definite.
  warnings.warn(msg, ConvergenceWarning)
C:\Users\ayesha.gull01\AppData\Local\Programs\Python\Python313\Lib\site-packages\statsmodels\regression\mixed_linear_model.py:2237: ConvergenceWarning: The MLE may be on the boundary of the parameter space.
  warnings.warn(msg, ConvergenceWarning)
C:\Users\ayesha.gull01\AppData\Local\Programs\Python\Python313\Lib\site-packages\statsmodels\regression\mixed_linear_model.py:2261: ConvergenceWarning: The Hessian matrix at the estimated parameter values is not positive definite.
  warnings.warn(msg, ConvergenceWarning)
C:\Users\ayesha.gull01\AppData\Local\Programs\Python\Python313\Lib\site-packages\statsmodels\regression\mixed_linear_model.py:2237: ConvergenceWarning: The MLE may be on the boundary of the parameter space.
  warnings.warn(msg, ConvergenceWarning)
C:\Users\ayesha.gull01\AppData\Local\Programs\Python\Python313\Lib\site-packages\statsmodels\regression\mixed_linear_model.py:2261: ConvergenceWarning: The Hessian matrix at the estimated parameter values is not positive definite.
  warnings.warn(msg, ConvergenceWarning)
C:\Users\ayesha.gull01\AppData\Local\Programs\Python\Python313\Lib\site-packages\statsmodels\regression\mixed_linear_model.py:2237: ConvergenceWarning: The MLE may be on the boundary of the parameter space.
  warnings.warn(msg, ConvergenceWarning)
C:\Users\ayesha.gull01\AppData\Local\Programs\Python\Python313\Lib\site-packages\statsmodels\regression\mixed_linear_model.py:2261: ConvergenceWarning: The Hessian matrix at the estimated parameter values is not positive definite.
  warnings.warn(msg, ConvergenceWarning)
C:\Users\ayesha.gull01\AppData\Local\Programs\Python\Python313\Lib\site-packages\statsmodels\regression\mixed_linear_model.py:2237: ConvergenceWarning: The MLE may be on the boundary of the parameter space.
  warnings.warn(msg, ConvergenceWarning)
C:\Users\ayesha.gull01\AppData\Local\Programs\Python\Python313\Lib\site-packages\statsmodels\regression\mixed_linear_model.py:2261: ConvergenceWarning: The Hessian matrix at the estimated parameter values is not positive definite.
  warnings.warn(msg, ConvergenceWarning)
C:\Users\ayesha.gull01\AppData\Local\Programs\Python\Python313\Lib\site-packages\statsmodels\regression\mixed_linear_model.py:2237: ConvergenceWarning: The MLE may be on the boundary of the parameter space.
  warnings.warn(msg, ConvergenceWarning)
C:\Users\ayesha.gull01\AppData\Local\Programs\Python\Python313\Lib\site-packages\statsmodels\regression\mixed_linear_model.py:2237: ConvergenceWarning: The MLE may be on the boundary of the parameter space.
  warnings.warn(msg, ConvergenceWarning)
C:\Users\ayesha.gull01\AppData\Local\Programs\Python\Python313\Lib\site-packages\statsmodels\regression\mixed_linear_model.py:2237: ConvergenceWarning: The MLE may be on the boundary of the parameter space.
  warnings.warn(msg, ConvergenceWarning)
C:\Users\ayesha.gull01\AppData\Local\Programs\Python\Python313\Lib\site-packages\statsmodels\regression\mixed_linear_model.py:2237: ConvergenceWarning: The MLE may be on the boundary of the parameter space.
  warnings.warn(msg, ConvergenceWarning)
C:\Users\ayesha.gull01\AppData\Local\Programs\Python\Python313\Lib\site-packages\statsmodels\base\model.py:607: ConvergenceWarning: Maximum Likelihood optimization failed to converge. Check mle_retvals
  warnings.warn("Maximum Likelihood optimization failed to "
C:\Users\ayesha.gull01\AppData\Local\Programs\Python\Python313\Lib\site-packages\statsmodels\regression\mixed_linear_model.py:2206: ConvergenceWarning: MixedLM optimization failed, trying a different optimizer may help.
  warnings.warn(msg, ConvergenceWarning)
C:\Users\ayesha.gull01\AppData\Local\Programs\Python\Python313\Lib\site-packages\statsmodels\regression\mixed_linear_model.py:2218: ConvergenceWarning: Gradient optimization failed, |grad| = 4.558944
  warnings.warn(msg, ConvergenceWarning)
C:\Users\ayesha.gull01\AppData\Local\Programs\Python\Python313\Lib\site-packages\statsmodels\regression\mixed_linear_model.py:2237: ConvergenceWarning: The MLE may be on the boundary of the parameter space.
  warnings.warn(msg, ConvergenceWarning)
C:\Users\ayesha.gull01\AppData\Local\Programs\Python\Python313\Lib\site-packages\statsmodels\regression\mixed_linear_model.py:2237: ConvergenceWarning: The MLE may be on the boundary of the parameter space.
  warnings.warn(msg, ConvergenceWarning)
C:\Users\ayesha.gull01\AppData\Local\Programs\Python\Python313\Lib\site-packages\statsmodels\base\model.py:607: ConvergenceWarning: Maximum Likelihood optimization failed to converge. Check mle_retvals
  warnings.warn("Maximum Likelihood optimization failed to "
C:\Users\ayesha.gull01\AppData\Local\Programs\Python\Python313\Lib\site-packages\statsmodels\regression\mixed_linear_model.py:2206: ConvergenceWarning: MixedLM optimization failed, trying a different optimizer may help.
  warnings.warn(msg, ConvergenceWarning)
C:\Users\ayesha.gull01\AppData\Local\Programs\Python\Python313\Lib\site-packages\statsmodels\regression\mixed_linear_model.py:2218: ConvergenceWarning: Gradient optimization failed, |grad| = 4.576546
  warnings.warn(msg, ConvergenceWarning)
C:\Users\ayesha.gull01\AppData\Local\Programs\Python\Python313\Lib\site-packages\statsmodels\regression\mixed_linear_model.py:2237: ConvergenceWarning: The MLE may be on the boundary of the parameter space.
  warnings.warn(msg, ConvergenceWarning)
C:\Users\ayesha.gull01\AppData\Local\Programs\Python\Python313\Lib\site-packages\statsmodels\base\model.py:607: ConvergenceWarning: Maximum Likelihood optimization failed to converge. Check mle_retvals
  warnings.warn("Maximum Likelihood optimization failed to "
C:\Users\ayesha.gull01\AppData\Local\Programs\Python\Python313\Lib\site-packages\statsmodels\regression\mixed_linear_model.py:2206: ConvergenceWarning: MixedLM optimization failed, trying a different optimizer may help.
  warnings.warn(msg, ConvergenceWarning)
C:\Users\ayesha.gull01\AppData\Local\Programs\Python\Python313\Lib\site-packages\statsmodels\regression\mixed_linear_model.py:2218: ConvergenceWarning: Gradient optimization failed, |grad| = 4.398751
  warnings.warn(msg, ConvergenceWarning)
C:\Users\ayesha.gull01\AppData\Local\Programs\Python\Python313\Lib\site-packages\statsmodels\regression\mixed_linear_model.py:2237: ConvergenceWarning: The MLE may be on the boundary of the parameter space.
  warnings.warn(msg, ConvergenceWarning)
C:\Users\ayesha.gull01\AppData\Local\Programs\Python\Python313\Lib\site-packages\statsmodels\regression\mixed_linear_model.py:2237: ConvergenceWarning: The MLE may be on the boundary of the parameter space.
  warnings.warn(msg, ConvergenceWarning)
C:\Users\ayesha.gull01\AppData\Local\Programs\Python\Python313\Lib\site-packages\statsmodels\regression\mixed_linear_model.py:2261: ConvergenceWarning: The Hessian matrix at the estimated parameter values is not positive definite.
  warnings.warn(msg, ConvergenceWarning)
C:\Users\ayesha.gull01\AppData\Local\Programs\Python\Python313\Lib\site-packages\statsmodels\regression\mixed_linear_model.py:2237: ConvergenceWarning: The MLE may be on the boundary of the parameter space.
  warnings.warn(msg, ConvergenceWarning)
C:\Users\ayesha.gull01\AppData\Local\Programs\Python\Python313\Lib\site-packages\statsmodels\base\model.py:607: ConvergenceWarning: Maximum Likelihood optimization failed to converge. Check mle_retvals
  warnings.warn("Maximum Likelihood optimization failed to "
C:\Users\ayesha.gull01\AppData\Local\Programs\Python\Python313\Lib\site-packages\statsmodels\regression\mixed_linear_model.py:2206: ConvergenceWarning: MixedLM optimization failed, trying a different optimizer may help.
  warnings.warn(msg, ConvergenceWarning)
C:\Users\ayesha.gull01\AppData\Local\Programs\Python\Python313\Lib\site-packages\statsmodels\regression\mixed_linear_model.py:2218: ConvergenceWarning: Gradient optimization failed, |grad| = 5.180194
  warnings.warn(msg, ConvergenceWarning)
C:\Users\ayesha.gull01\AppData\Local\Programs\Python\Python313\Lib\site-packages\statsmodels\regression\mixed_linear_model.py:2237: ConvergenceWarning: The MLE may be on the boundary of the parameter space.
  warnings.warn(msg, ConvergenceWarning)
C:\Users\ayesha.gull01\AppData\Local\Programs\Python\Python313\Lib\site-packages\statsmodels\regression\mixed_linear_model.py:2261: ConvergenceWarning: The Hessian matrix at the estimated parameter values is not positive definite.
  warnings.warn(msg, ConvergenceWarning)
C:\Users\ayesha.gull01\AppData\Local\Programs\Python\Python313\Lib\site-packages\statsmodels\regression\mixed_linear_model.py:2237: ConvergenceWarning: The MLE may be on the boundary of the parameter space.
  warnings.warn(msg, ConvergenceWarning)
C:\Users\ayesha.gull01\AppData\Local\Programs\Python\Python313\Lib\site-packages\statsmodels\regression\mixed_linear_model.py:2237: ConvergenceWarning: The MLE may be on the boundary of the parameter space.
  warnings.warn(msg, ConvergenceWarning)
C:\Users\ayesha.gull01\AppData\Local\Programs\Python\Python313\Lib\site-packages\statsmodels\regression\mixed_linear_model.py:2237: ConvergenceWarning: The MLE may be on the boundary of the parameter space.
  warnings.warn(msg, ConvergenceWarning)
C:\Users\ayesha.gull01\AppData\Local\Programs\Python\Python313\Lib\site-packages\statsmodels\regression\mixed_linear_model.py:2261: ConvergenceWarning: The Hessian matrix at the estimated parameter values is not positive definite.
  warnings.warn(msg, ConvergenceWarning)
pp M3_S19_R1_sma0.0_rho0.0_beta0.0_shared: 200 datasets in 410s
C:\Users\ayesha.gull01\AppData\Local\Programs\Python\Python313\Lib\site-packages\statsmodels\regression\mixed_linear_model.py:2237: ConvergenceWarning: The MLE may be on the boundary of the parameter space.
  warnings.warn(msg, ConvergenceWarning)
C:\Users\ayesha.gull01\AppData\Local\Programs\Python\Python313\Lib\site-packages\statsmodels\regression\mixed_linear_model.py:2261: ConvergenceWarning: The Hessian matrix at the estimated parameter values is not positive definite.
  warnings.warn(msg, ConvergenceWarning)
C:\Users\ayesha.gull01\AppData\Local\Programs\Python\Python313\Lib\site-packages\statsmodels\regression\mixed_linear_model.py:2237: ConvergenceWarning: The MLE may be on the boundary of the parameter space.
  warnings.warn(msg, ConvergenceWarning)
C:\Users\ayesha.gull01\AppData\Local\Programs\Python\Python313\Lib\site-packages\statsmodels\regression\mixed_linear_model.py:2261: ConvergenceWarning: The Hessian matrix at the estimated parameter values is not positive definite.
  warnings.warn(msg, ConvergenceWarning)
C:\Users\ayesha.gull01\AppData\Local\Programs\Python\Python313\Lib\site-packages\statsmodels\regression\mixed_linear_model.py:2237: ConvergenceWarning: The MLE may be on the boundary of the parameter space.
  warnings.warn(msg, ConvergenceWarning)
C:\Users\ayesha.gull01\AppData\Local\Programs\Python\Python313\Lib\site-packages\statsmodels\regression\mixed_linear_model.py:2261: ConvergenceWarning: The Hessian matrix at the estimated parameter values is not positive definite.
  warnings.warn(msg, ConvergenceWarning)
C:\Users\ayesha.gull01\AppData\Local\Programs\Python\Python313\Lib\site-packages\statsmodels\regression\mixed_linear_model.py:2237: ConvergenceWarning: The MLE may be on the boundary of the parameter space.
  warnings.warn(msg, ConvergenceWarning)
C:\Users\ayesha.gull01\AppData\Local\Programs\Python\Python313\Lib\site-packages\statsmodels\regression\mixed_linear_model.py:2261: ConvergenceWarning: The Hessian matrix at the estimated parameter values is not positive definite.
  warnings.warn(msg, ConvergenceWarning)
C:\Users\ayesha.gull01\AppData\Local\Programs\Python\Python313\Lib\site-packages\statsmodels\regression\mixed_linear_model.py:2237: ConvergenceWarning: The MLE may be on the boundary of the parameter space.
  warnings.warn(msg, ConvergenceWarning)
C:\Users\ayesha.gull01\AppData\Local\Programs\Python\Python313\Lib\site-packages\statsmodels\regression\mixed_linear_model.py:2261: ConvergenceWarning: The Hessian matrix at the estimated parameter values is not positive definite.
  warnings.warn(msg, ConvergenceWarning)
C:\Users\ayesha.gull01\AppData\Local\Programs\Python\Python313\Lib\site-packages\statsmodels\base\model.py:607: ConvergenceWarning: Maximum Likelihood optimization failed to converge. Check mle_retvals
  warnings.warn("Maximum Likelihood optimization failed to "
C:\Users\ayesha.gull01\AppData\Local\Programs\Python\Python313\Lib\site-packages\statsmodels\regression\mixed_linear_model.py:2206: ConvergenceWarning: MixedLM optimization failed, trying a different optimizer may help.
  warnings.warn(msg, ConvergenceWarning)
C:\Users\ayesha.gull01\AppData\Local\Programs\Python\Python313\Lib\site-packages\statsmodels\regression\mixed_linear_model.py:2218: ConvergenceWarning: Gradient optimization failed, |grad| = 13.741651
  warnings.warn(msg, ConvergenceWarning)
C:\Users\ayesha.gull01\AppData\Local\Programs\Python\Python313\Lib\site-packages\statsmodels\regression\mixed_linear_model.py:2237: ConvergenceWarning: The MLE may be on the boundary of the parameter space.
  warnings.warn(msg, ConvergenceWarning)
C:\Users\ayesha.gull01\AppData\Local\Programs\Python\Python313\Lib\site-packages\statsmodels\regression\mixed_linear_model.py:2261: ConvergenceWarning: The Hessian matrix at the estimated parameter values is not positive definite.
  warnings.warn(msg, ConvergenceWarning)
C:\Users\ayesha.gull01\AppData\Local\Programs\Python\Python313\Lib\site-packages\statsmodels\regression\mixed_linear_model.py:2237: ConvergenceWarning: The MLE may be on the boundary of the parameter space.
  warnings.warn(msg, ConvergenceWarning)
C:\Users\ayesha.gull01\AppData\Local\Programs\Python\Python313\Lib\site-packages\statsmodels\regression\mixed_linear_model.py:2261: ConvergenceWarning: The Hessian matrix at the estimated parameter values is not positive definite.
  warnings.warn(msg, ConvergenceWarning)
C:\Users\ayesha.gull01\AppData\Local\Programs\Python\Python313\Lib\site-packages\statsmodels\regression\mixed_linear_model.py:2237: ConvergenceWarning: The MLE may be on the boundary of the parameter space.
  warnings.warn(msg, ConvergenceWarning)
C:\Users\ayesha.gull01\AppData\Local\Programs\Python\Python313\Lib\site-packages\statsmodels\regression\mixed_linear_model.py:2261: ConvergenceWarning: The Hessian matrix at the estimated parameter values is not positive definite.
  warnings.warn(msg, ConvergenceWarning)
C:\Users\ayesha.gull01\AppData\Local\Programs\Python\Python313\Lib\site-packages\statsmodels\regression\mixed_linear_model.py:2237: ConvergenceWarning: The MLE may be on the boundary of the parameter space.
  warnings.warn(msg, ConvergenceWarning)
C:\Users\ayesha.gull01\AppData\Local\Programs\Python\Python313\Lib\site-packages\statsmodels\regression\mixed_linear_model.py:2261: ConvergenceWarning: The Hessian matrix at the estimated parameter values is not positive definite.
  warnings.warn(msg, ConvergenceWarning)
C:\Users\ayesha.gull01\AppData\Local\Programs\Python\Python313\Lib\site-packages\statsmodels\regression\mixed_linear_model.py:2237: ConvergenceWarning: The MLE may be on the boundary of the parameter space.
  warnings.warn(msg, ConvergenceWarning)
C:\Users\ayesha.gull01\AppData\Local\Programs\Python\Python313\Lib\site-packages\statsmodels\regression\mixed_linear_model.py:2261: ConvergenceWarning: The Hessian matrix at the estimated parameter values is not positive definite.
  warnings.warn(msg, ConvergenceWarning)
C:\Users\ayesha.gull01\AppData\Local\Programs\Python\Python313\Lib\site-packages\statsmodels\regression\mixed_linear_model.py:2237: ConvergenceWarning: The MLE may be on the boundary of the parameter space.
  warnings.warn(msg, ConvergenceWarning)
C:\Users\ayesha.gull01\AppData\Local\Programs\Python\Python313\Lib\site-packages\statsmodels\regression\mixed_linear_model.py:2261: ConvergenceWarning: The Hessian matrix at the estimated parameter values is not positive definite.
  warnings.warn(msg, ConvergenceWarning)
C:\Users\ayesha.gull01\AppData\Local\Programs\Python\Python313\Lib\site-packages\statsmodels\regression\mixed_linear_model.py:2237: ConvergenceWarning: The MLE may be on the boundary of the parameter space.
  warnings.warn(msg, ConvergenceWarning)
C:\Users\ayesha.gull01\AppData\Local\Programs\Python\Python313\Lib\site-packages\statsmodels\regression\mixed_linear_model.py:2261: ConvergenceWarning: The Hessian matrix at the estimated parameter values is not positive definite.
  warnings.warn(msg, ConvergenceWarning)
C:\Users\ayesha.gull01\AppData\Local\Programs\Python\Python313\Lib\site-packages\statsmodels\regression\mixed_linear_model.py:2237: ConvergenceWarning: The MLE may be on the boundary of the parameter space.
  warnings.warn(msg, ConvergenceWarning)
C:\Users\ayesha.gull01\AppData\Local\Programs\Python\Python313\Lib\site-packages\statsmodels\regression\mixed_linear_model.py:2261: ConvergenceWarning: The Hessian matrix at the estimated parameter values is not positive definite.
  warnings.warn(msg, ConvergenceWarning)
C:\Users\ayesha.gull01\AppData\Local\Programs\Python\Python313\Lib\site-packages\statsmodels\regression\mixed_linear_model.py:2237: ConvergenceWarning: The MLE may be on the boundary of the parameter space.
  warnings.warn(msg, ConvergenceWarning)
C:\Users\ayesha.gull01\AppData\Local\Programs\Python\Python313\Lib\site-packages\statsmodels\regression\mixed_linear_model.py:2261: ConvergenceWarning: The Hessian matrix at the estimated parameter values is not positive definite.
  warnings.warn(msg, ConvergenceWarning)
C:\Users\ayesha.gull01\AppData\Local\Programs\Python\Python313\Lib\site-packages\statsmodels\regression\mixed_linear_model.py:2237: ConvergenceWarning: The MLE may be on the boundary of the parameter space.
  warnings.warn(msg, ConvergenceWarning)
C:\Users\ayesha.gull01\AppData\Local\Programs\Python\Python313\Lib\site-packages\statsmodels\regression\mixed_linear_model.py:2261: ConvergenceWarning: The Hessian matrix at the estimated parameter values is not positive definite.
  warnings.warn(msg, ConvergenceWarning)
C:\Users\ayesha.gull01\AppData\Local\Programs\Python\Python313\Lib\site-packages\statsmodels\base\model.py:607: ConvergenceWarning: Maximum Likelihood optimization failed to converge. Check mle_retvals
  warnings.warn("Maximum Likelihood optimization failed to "
C:\Users\ayesha.gull01\AppData\Local\Programs\Python\Python313\Lib\site-packages\statsmodels\regression\mixed_linear_model.py:2206: ConvergenceWarning: MixedLM optimization failed, trying a different optimizer may help.
  warnings.warn(msg, ConvergenceWarning)
C:\Users\ayesha.gull01\AppData\Local\Programs\Python\Python313\Lib\site-packages\statsmodels\regression\mixed_linear_model.py:2218: ConvergenceWarning: Gradient optimization failed, |grad| = 13.741651
  warnings.warn(msg, ConvergenceWarning)
C:\Users\ayesha.gull01\AppData\Local\Programs\Python\Python313\Lib\site-packages\statsmodels\regression\mixed_linear_model.py:2237: ConvergenceWarning: The MLE may be on the boundary of the parameter space.
  warnings.warn(msg, ConvergenceWarning)
C:\Users\ayesha.gull01\AppData\Local\Programs\Python\Python313\Lib\site-packages\statsmodels\regression\mixed_linear_model.py:2261: ConvergenceWarning: The Hessian matrix at the estimated parameter values is not positive definite.
  warnings.warn(msg, ConvergenceWarning)
C:\Users\ayesha.gull01\AppData\Local\Programs\Python\Python313\Lib\site-packages\statsmodels\regression\mixed_linear_model.py:2237: ConvergenceWarning: The MLE may be on the boundary of the parameter space.
  warnings.warn(msg, ConvergenceWarning)
C:\Users\ayesha.gull01\AppData\Local\Programs\Python\Python313\Lib\site-packages\statsmodels\regression\mixed_linear_model.py:2261: ConvergenceWarning: The Hessian matrix at the estimated parameter values is not positive definite.
  warnings.warn(msg, ConvergenceWarning)
C:\Users\ayesha.gull01\AppData\Local\Programs\Python\Python313\Lib\site-packages\statsmodels\regression\mixed_linear_model.py:2237: ConvergenceWarning: The MLE may be on the boundary of the parameter space.
  warnings.warn(msg, ConvergenceWarning)
C:\Users\ayesha.gull01\AppData\Local\Programs\Python\Python313\Lib\site-packages\statsmodels\regression\mixed_linear_model.py:2261: ConvergenceWarning: The Hessian matrix at the estimated parameter values is not positive definite.
  warnings.warn(msg, ConvergenceWarning)
C:\Users\ayesha.gull01\AppData\Local\Programs\Python\Python313\Lib\site-packages\statsmodels\regression\mixed_linear_model.py:2237: ConvergenceWarning: The MLE may be on the boundary of the parameter space.
  warnings.warn(msg, ConvergenceWarning)
C:\Users\ayesha.gull01\AppData\Local\Programs\Python\Python313\Lib\site-packages\statsmodels\regression\mixed_linear_model.py:2261: ConvergenceWarning: The Hessian matrix at the estimated parameter values is not positive definite.
  warnings.warn(msg, ConvergenceWarning)
C:\Users\ayesha.gull01\AppData\Local\Programs\Python\Python313\Lib\site-packages\statsmodels\regression\mixed_linear_model.py:2237: ConvergenceWarning: The MLE may be on the boundary of the parameter space.
  warnings.warn(msg, ConvergenceWarning)
C:\Users\ayesha.gull01\AppData\Local\Programs\Python\Python313\Lib\site-packages\statsmodels\regression\mixed_linear_model.py:2261: ConvergenceWarning: The Hessian matrix at the estimated parameter values is not positive definite.
  warnings.warn(msg, ConvergenceWarning)
C:\Users\ayesha.gull01\AppData\Local\Programs\Python\Python313\Lib\site-packages\statsmodels\regression\mixed_linear_model.py:2237: ConvergenceWarning: The MLE may be on the boundary of the parameter space.
  warnings.warn(msg, ConvergenceWarning)
C:\Users\ayesha.gull01\AppData\Local\Programs\Python\Python313\Lib\site-packages\statsmodels\regression\mixed_linear_model.py:2261: ConvergenceWarning: The Hessian matrix at the estimated parameter values is not positive definite.
  warnings.warn(msg, ConvergenceWarning)
C:\Users\ayesha.gull01\AppData\Local\Programs\Python\Python313\Lib\site-packages\statsmodels\regression\mixed_linear_model.py:2237: ConvergenceWarning: The MLE may be on the boundary of the parameter space.
  warnings.warn(msg, ConvergenceWarning)
C:\Users\ayesha.gull01\AppData\Local\Programs\Python\Python313\Lib\site-packages\statsmodels\regression\mixed_linear_model.py:2261: ConvergenceWarning: The Hessian matrix at the estimated parameter values is not positive definite.
  warnings.warn(msg, ConvergenceWarning)
C:\Users\ayesha.gull01\AppData\Local\Programs\Python\Python313\Lib\site-packages\statsmodels\base\model.py:607: ConvergenceWarning: Maximum Likelihood optimization failed to converge. Check mle_retvals
  warnings.warn("Maximum Likelihood optimization failed to "
C:\Users\ayesha.gull01\AppData\Local\Programs\Python\Python313\Lib\site-packages\statsmodels\regression\mixed_linear_model.py:2206: ConvergenceWarning: MixedLM optimization failed, trying a different optimizer may help.
  warnings.warn(msg, ConvergenceWarning)
C:\Users\ayesha.gull01\AppData\Local\Programs\Python\Python313\Lib\site-packages\statsmodels\regression\mixed_linear_model.py:2218: ConvergenceWarning: Gradient optimization failed, |grad| = 6.216125
  warnings.warn(msg, ConvergenceWarning)
C:\Users\ayesha.gull01\AppData\Local\Programs\Python\Python313\Lib\site-packages\statsmodels\regression\mixed_linear_model.py:2237: ConvergenceWarning: The MLE may be on the boundary of the parameter space.
  warnings.warn(msg, ConvergenceWarning)
C:\Users\ayesha.gull01\AppData\Local\Programs\Python\Python313\Lib\site-packages\statsmodels\regression\mixed_linear_model.py:2261: ConvergenceWarning: The Hessian matrix at the estimated parameter values is not positive definite.
  warnings.warn(msg, ConvergenceWarning)
C:\Users\ayesha.gull01\AppData\Local\Programs\Python\Python313\Lib\site-packages\statsmodels\regression\mixed_linear_model.py:2237: ConvergenceWarning: The MLE may be on the boundary of the parameter space.
  warnings.warn(msg, ConvergenceWarning)
C:\Users\ayesha.gull01\AppData\Local\Programs\Python\Python313\Lib\site-packages\statsmodels\regression\mixed_linear_model.py:2237: ConvergenceWarning: The MLE may be on the boundary of the parameter space.
  warnings.warn(msg, ConvergenceWarning)
C:\Users\ayesha.gull01\AppData\Local\Programs\Python\Python313\Lib\site-packages\statsmodels\regression\mixed_linear_model.py:2261: ConvergenceWarning: The Hessian matrix at the estimated parameter values is not positive definite.
  warnings.warn(msg, ConvergenceWarning)
C:\Users\ayesha.gull01\AppData\Local\Programs\Python\Python313\Lib\site-packages\statsmodels\regression\mixed_linear_model.py:2237: ConvergenceWarning: The MLE may be on the boundary of the parameter space.
  warnings.warn(msg, ConvergenceWarning)
C:\Users\ayesha.gull01\AppData\Local\Programs\Python\Python313\Lib\site-packages\statsmodels\regression\mixed_linear_model.py:2261: ConvergenceWarning: The Hessian matrix at the estimated parameter values is not positive definite.
  warnings.warn(msg, ConvergenceWarning)
C:\Users\ayesha.gull01\AppData\Local\Programs\Python\Python313\Lib\site-packages\statsmodels\regression\mixed_linear_model.py:2237: ConvergenceWarning: The MLE may be on the boundary of the parameter space.
  warnings.warn(msg, ConvergenceWarning)
C:\Users\ayesha.gull01\AppData\Local\Programs\Python\Python313\Lib\site-packages\statsmodels\regression\mixed_linear_model.py:2237: ConvergenceWarning: The MLE may be on the boundary of the parameter space.
  warnings.warn(msg, ConvergenceWarning)
C:\Users\ayesha.gull01\AppData\Local\Programs\Python\Python313\Lib\site-packages\statsmodels\regression\mixed_linear_model.py:2237: ConvergenceWarning: The MLE may be on the boundary of the parameter space.
  warnings.warn(msg, ConvergenceWarning)
C:\Users\ayesha.gull01\AppData\Local\Programs\Python\Python313\Lib\site-packages\statsmodels\regression\mixed_linear_model.py:2261: ConvergenceWarning: The Hessian matrix at the estimated parameter values is not positive definite.
  warnings.warn(msg, ConvergenceWarning)
C:\Users\ayesha.gull01\AppData\Local\Programs\Python\Python313\Lib\site-packages\statsmodels\regression\mixed_linear_model.py:2261: ConvergenceWarning: The Hessian matrix at the estimated parameter values is not positive definite.
  warnings.warn(msg, ConvergenceWarning)
C:\Users\ayesha.gull01\AppData\Local\Programs\Python\Python313\Lib\site-packages\statsmodels\base\model.py:607: ConvergenceWarning: Maximum Likelihood optimization failed to converge. Check mle_retvals
  warnings.warn("Maximum Likelihood optimization failed to "
C:\Users\ayesha.gull01\AppData\Local\Programs\Python\Python313\Lib\site-packages\statsmodels\regression\mixed_linear_model.py:2206: ConvergenceWarning: MixedLM optimization failed, trying a different optimizer may help.
  warnings.warn(msg, ConvergenceWarning)
C:\Users\ayesha.gull01\AppData\Local\Programs\Python\Python313\Lib\site-packages\statsmodels\regression\mixed_linear_model.py:2218: ConvergenceWarning: Gradient optimization failed, |grad| = 2.417556
  warnings.warn(msg, ConvergenceWarning)
C:\Users\ayesha.gull01\AppData\Local\Programs\Python\Python313\Lib\site-packages\statsmodels\regression\mixed_linear_model.py:2237: ConvergenceWarning: The MLE may be on the boundary of the parameter space.
  warnings.warn(msg, ConvergenceWarning)
C:\Users\ayesha.gull01\AppData\Local\Programs\Python\Python313\Lib\site-packages\statsmodels\regression\mixed_linear_model.py:2237: ConvergenceWarning: The MLE may be on the boundary of the parameter space.
  warnings.warn(msg, ConvergenceWarning)
C:\Users\ayesha.gull01\AppData\Local\Programs\Python\Python313\Lib\site-packages\statsmodels\regression\mixed_linear_model.py:2261: ConvergenceWarning: The Hessian matrix at the estimated parameter values is not positive definite.
  warnings.warn(msg, ConvergenceWarning)
C:\Users\ayesha.gull01\AppData\Local\Programs\Python\Python313\Lib\site-packages\statsmodels\regression\mixed_linear_model.py:2237: ConvergenceWarning: The MLE may be on the boundary of the parameter space.
  warnings.warn(msg, ConvergenceWarning)
C:\Users\ayesha.gull01\AppData\Local\Programs\Python\Python313\Lib\site-packages\statsmodels\regression\mixed_linear_model.py:2237: ConvergenceWarning: The MLE may be on the boundary of the parameter space.
  warnings.warn(msg, ConvergenceWarning)
C:\Users\ayesha.gull01\AppData\Local\Programs\Python\Python313\Lib\site-packages\statsmodels\regression\mixed_linear_model.py:2261: ConvergenceWarning: The Hessian matrix at the estimated parameter values is not positive definite.
  warnings.warn(msg, ConvergenceWarning)
C:\Users\ayesha.gull01\AppData\Local\Programs\Python\Python313\Lib\site-packages\statsmodels\regression\mixed_linear_model.py:2237: ConvergenceWarning: The MLE may be on the boundary of the parameter space.
  warnings.warn(msg, ConvergenceWarning)
C:\Users\ayesha.gull01\AppData\Local\Programs\Python\Python313\Lib\site-packages\statsmodels\regression\mixed_linear_model.py:2237: ConvergenceWarning: The MLE may be on the boundary of the parameter space.
  warnings.warn(msg, ConvergenceWarning)
pp M3_S19_R1_sma0.0_rho0.0_beta0.05_shared: 200 datasets in 300s
C:\Users\ayesha.gull01\AppData\Local\Programs\Python\Python313\Lib\site-packages\statsmodels\regression\mixed_linear_model.py:2237: ConvergenceWarning: The MLE may be on the boundary of the parameter space.
  warnings.warn(msg, ConvergenceWarning)
C:\Users\ayesha.gull01\AppData\Local\Programs\Python\Python313\Lib\site-packages\statsmodels\regression\mixed_linear_model.py:2237: ConvergenceWarning: The MLE may be on the boundary of the parameter space.
  warnings.warn(msg, ConvergenceWarning)
C:\Users\ayesha.gull01\AppData\Local\Programs\Python\Python313\Lib\site-packages\statsmodels\regression\mixed_linear_model.py:2237: ConvergenceWarning: The MLE may be on the boundary of the parameter space.
  warnings.warn(msg, ConvergenceWarning)
C:\Users\ayesha.gull01\AppData\Local\Programs\Python\Python313\Lib\site-packages\statsmodels\regression\mixed_linear_model.py:2237: ConvergenceWarning: The MLE may be on the boundary of the parameter space.
  warnings.warn(msg, ConvergenceWarning)
C:\Users\ayesha.gull01\AppData\Local\Programs\Python\Python313\Lib\site-packages\statsmodels\regression\mixed_linear_model.py:2237: ConvergenceWarning: The MLE may be on the boundary of the parameter space.
  warnings.warn(msg, ConvergenceWarning)
C:\Users\ayesha.gull01\AppData\Local\Programs\Python\Python313\Lib\site-packages\statsmodels\regression\mixed_linear_model.py:2237: ConvergenceWarning: The MLE may be on the boundary of the parameter space.
  warnings.warn(msg, ConvergenceWarning)
C:\Users\ayesha.gull01\AppData\Local\Programs\Python\Python313\Lib\site-packages\statsmodels\regression\mixed_linear_model.py:2261: ConvergenceWarning: The Hessian matrix at the estimated parameter values is not positive definite.
  warnings.warn(msg, ConvergenceWarning)
C:\Users\ayesha.gull01\AppData\Local\Programs\Python\Python313\Lib\site-packages\statsmodels\regression\mixed_linear_model.py:2237: ConvergenceWarning: The MLE may be on the boundary of the parameter space.
  warnings.warn(msg, ConvergenceWarning)
C:\Users\ayesha.gull01\AppData\Local\Programs\Python\Python313\Lib\site-packages\statsmodels\regression\mixed_linear_model.py:2237: ConvergenceWarning: The MLE may be on the boundary of the parameter space.
  warnings.warn(msg, ConvergenceWarning)
C:\Users\ayesha.gull01\AppData\Local\Programs\Python\Python313\Lib\site-packages\statsmodels\regression\mixed_linear_model.py:2237: ConvergenceWarning: The MLE may be on the boundary of the parameter space.
  warnings.warn(msg, ConvergenceWarning)
C:\Users\ayesha.gull01\AppData\Local\Programs\Python\Python313\Lib\site-packages\statsmodels\regression\mixed_linear_model.py:2237: ConvergenceWarning: The MLE may be on the boundary of the parameter space.
  warnings.warn(msg, ConvergenceWarning)
C:\Users\ayesha.gull01\AppData\Local\Programs\Python\Python313\Lib\site-packages\statsmodels\regression\mixed_linear_model.py:2237: ConvergenceWarning: The MLE may be on the boundary of the parameter space.
  warnings.warn(msg, ConvergenceWarning)
C:\Users\ayesha.gull01\AppData\Local\Programs\Python\Python313\Lib\site-packages\statsmodels\regression\mixed_linear_model.py:2237: ConvergenceWarning: The MLE may be on the boundary of the parameter space.
  warnings.warn(msg, ConvergenceWarning)
C:\Users\ayesha.gull01\AppData\Local\Programs\Python\Python313\Lib\site-packages\statsmodels\regression\mixed_linear_model.py:2261: ConvergenceWarning: The Hessian matrix at the estimated parameter values is not positive definite.
  warnings.warn(msg, ConvergenceWarning)
C:\Users\ayesha.gull01\AppData\Local\Programs\Python\Python313\Lib\site-packages\statsmodels\regression\mixed_linear_model.py:2261: ConvergenceWarning: The Hessian matrix at the estimated parameter values is not positive definite.
  warnings.warn(msg, ConvergenceWarning)
C:\Users\ayesha.gull01\AppData\Local\Programs\Python\Python313\Lib\site-packages\statsmodels\regression\mixed_linear_model.py:2237: ConvergenceWarning: The MLE may be on the boundary of the parameter space.
  warnings.warn(msg, ConvergenceWarning)
C:\Users\ayesha.gull01\AppData\Local\Programs\Python\Python313\Lib\site-packages\statsmodels\regression\mixed_linear_model.py:2237: ConvergenceWarning: The MLE may be on the boundary of the parameter space.
  warnings.warn(msg, ConvergenceWarning)
C:\Users\ayesha.gull01\AppData\Local\Programs\Python\Python313\Lib\site-packages\statsmodels\regression\mixed_linear_model.py:2237: ConvergenceWarning: The MLE may be on the boundary of the parameter space.
  warnings.warn(msg, ConvergenceWarning)
C:\Users\ayesha.gull01\AppData\Local\Programs\Python\Python313\Lib\site-packages\statsmodels\regression\mixed_linear_model.py:2237: ConvergenceWarning: The MLE may be on the boundary of the parameter space.
  warnings.warn(msg, ConvergenceWarning)
C:\Users\ayesha.gull01\AppData\Local\Programs\Python\Python313\Lib\site-packages\statsmodels\regression\mixed_linear_model.py:2237: ConvergenceWarning: The MLE may be on the boundary of the parameter space.
  warnings.warn(msg, ConvergenceWarning)
C:\Users\ayesha.gull01\AppData\Local\Programs\Python\Python313\Lib\site-packages\statsmodels\regression\mixed_linear_model.py:2261: ConvergenceWarning: The Hessian matrix at the estimated parameter values is not positive definite.
  warnings.warn(msg, ConvergenceWarning)
C:\Users\ayesha.gull01\AppData\Local\Programs\Python\Python313\Lib\site-packages\statsmodels\regression\mixed_linear_model.py:2237: ConvergenceWarning: The MLE may be on the boundary of the parameter space.
  warnings.warn(msg, ConvergenceWarning)
C:\Users\ayesha.gull01\AppData\Local\Programs\Python\Python313\Lib\site-packages\statsmodels\regression\mixed_linear_model.py:2237: ConvergenceWarning: The MLE may be on the boundary of the parameter space.
  warnings.warn(msg, ConvergenceWarning)
C:\Users\ayesha.gull01\AppData\Local\Programs\Python\Python313\Lib\site-packages\statsmodels\regression\mixed_linear_model.py:2237: ConvergenceWarning: The MLE may be on the boundary of the parameter space.
  warnings.warn(msg, ConvergenceWarning)
C:\Users\ayesha.gull01\AppData\Local\Programs\Python\Python313\Lib\site-packages\statsmodels\regression\mixed_linear_model.py:2237: ConvergenceWarning: The MLE may be on the boundary of the parameter space.
  warnings.warn(msg, ConvergenceWarning)
C:\Users\ayesha.gull01\AppData\Local\Programs\Python\Python313\Lib\site-packages\statsmodels\regression\mixed_linear_model.py:2261: ConvergenceWarning: The Hessian matrix at the estimated parameter values is not positive definite.
  warnings.warn(msg, ConvergenceWarning)
C:\Users\ayesha.gull01\AppData\Local\Programs\Python\Python313\Lib\site-packages\statsmodels\regression\mixed_linear_model.py:2237: ConvergenceWarning: The MLE may be on the boundary of the parameter space.
  warnings.warn(msg, ConvergenceWarning)
C:\Users\ayesha.gull01\AppData\Local\Programs\Python\Python313\Lib\site-packages\statsmodels\regression\mixed_linear_model.py:2237: ConvergenceWarning: The MLE may be on the boundary of the parameter space.
  warnings.warn(msg, ConvergenceWarning)
C:\Users\ayesha.gull01\AppData\Local\Programs\Python\Python313\Lib\site-packages\statsmodels\regression\mixed_linear_model.py:2261: ConvergenceWarning: The Hessian matrix at the estimated parameter values is not positive definite.
  warnings.warn(msg, ConvergenceWarning)
C:\Users\ayesha.gull01\AppData\Local\Programs\Python\Python313\Lib\site-packages\statsmodels\regression\mixed_linear_model.py:2261: ConvergenceWarning: The Hessian matrix at the estimated parameter values is not positive definite.
  warnings.warn(msg, ConvergenceWarning)
C:\Users\ayesha.gull01\AppData\Local\Programs\Python\Python313\Lib\site-packages\statsmodels\regression\mixed_linear_model.py:2237: ConvergenceWarning: The MLE may be on the boundary of the parameter space.
  warnings.warn(msg, ConvergenceWarning)
C:\Users\ayesha.gull01\AppData\Local\Programs\Python\Python313\Lib\site-packages\statsmodels\regression\mixed_linear_model.py:2237: ConvergenceWarning: The MLE may be on the boundary of the parameter space.
  warnings.warn(msg, ConvergenceWarning)
C:\Users\ayesha.gull01\AppData\Local\Programs\Python\Python313\Lib\site-packages\statsmodels\regression\mixed_linear_model.py:2237: ConvergenceWarning: The MLE may be on the boundary of the parameter space.
  warnings.warn(msg, ConvergenceWarning)
C:\Users\ayesha.gull01\AppData\Local\Programs\Python\Python313\Lib\site-packages\statsmodels\regression\mixed_linear_model.py:2237: ConvergenceWarning: The MLE may be on the boundary of the parameter space.
  warnings.warn(msg, ConvergenceWarning)
C:\Users\ayesha.gull01\AppData\Local\Programs\Python\Python313\Lib\site-packages\statsmodels\regression\mixed_linear_model.py:2237: ConvergenceWarning: The MLE may be on the boundary of the parameter space.
  warnings.warn(msg, ConvergenceWarning)
C:\Users\ayesha.gull01\AppData\Local\Programs\Python\Python313\Lib\site-packages\statsmodels\regression\mixed_linear_model.py:2237: ConvergenceWarning: The MLE may be on the boundary of the parameter space.
  warnings.warn(msg, ConvergenceWarning)
C:\Users\ayesha.gull01\AppData\Local\Programs\Python\Python313\Lib\site-packages\statsmodels\regression\mixed_linear_model.py:2237: ConvergenceWarning: The MLE may be on the boundary of the parameter space.
  warnings.warn(msg, ConvergenceWarning)
C:\Users\ayesha.gull01\AppData\Local\Programs\Python\Python313\Lib\site-packages\statsmodels\regression\mixed_linear_model.py:2237: ConvergenceWarning: The MLE may be on the boundary of the parameter space.
  warnings.warn(msg, ConvergenceWarning)
C:\Users\ayesha.gull01\AppData\Local\Programs\Python\Python313\Lib\site-packages\statsmodels\regression\mixed_linear_model.py:2237: ConvergenceWarning: The MLE may be on the boundary of the parameter space.
  warnings.warn(msg, ConvergenceWarning)
C:\Users\ayesha.gull01\AppData\Local\Programs\Python\Python313\Lib\site-packages\statsmodels\regression\mixed_linear_model.py:2237: ConvergenceWarning: The MLE may be on the boundary of the parameter space.
  warnings.warn(msg, ConvergenceWarning)
C:\Users\ayesha.gull01\AppData\Local\Programs\Python\Python313\Lib\site-packages\statsmodels\regression\mixed_linear_model.py:2237: ConvergenceWarning: The MLE may be on the boundary of the parameter space.
  warnings.warn(msg, ConvergenceWarning)
C:\Users\ayesha.gull01\AppData\Local\Programs\Python\Python313\Lib\site-packages\statsmodels\regression\mixed_linear_model.py:2237: ConvergenceWarning: The MLE may be on the boundary of the parameter space.
  warnings.warn(msg, ConvergenceWarning)
pp M3_S19_R1_sma0.03_rho0.0_beta0.0_shared: 200 datasets in 129s
C:\Users\ayesha.gull01\AppData\Local\Programs\Python\Python313\Lib\site-packages\statsmodels\regression\mixed_linear_model.py:2237: ConvergenceWarning: The MLE may be on the boundary of the parameter space.
  warnings.warn(msg, ConvergenceWarning)
C:\Users\ayesha.gull01\AppData\Local\Programs\Python\Python313\Lib\site-packages\statsmodels\regression\mixed_linear_model.py:2237: ConvergenceWarning: The MLE may be on the boundary of the parameter space.
  warnings.warn(msg, ConvergenceWarning)
C:\Users\ayesha.gull01\AppData\Local\Programs\Python\Python313\Lib\site-packages\statsmodels\regression\mixed_linear_model.py:2237: ConvergenceWarning: The MLE may be on the boundary of the parameter space.
  warnings.warn(msg, ConvergenceWarning)
C:\Users\ayesha.gull01\AppData\Local\Programs\Python\Python313\Lib\site-packages\statsmodels\regression\mixed_linear_model.py:2237: ConvergenceWarning: The MLE may be on the boundary of the parameter space.
  warnings.warn(msg, ConvergenceWarning)
C:\Users\ayesha.gull01\AppData\Local\Programs\Python\Python313\Lib\site-packages\statsmodels\regression\mixed_linear_model.py:2237: ConvergenceWarning: The MLE may be on the boundary of the parameter space.
  warnings.warn(msg, ConvergenceWarning)
C:\Users\ayesha.gull01\AppData\Local\Programs\Python\Python313\Lib\site-packages\statsmodels\regression\mixed_linear_model.py:2237: ConvergenceWarning: The MLE may be on the boundary of the parameter space.
  warnings.warn(msg, ConvergenceWarning)
C:\Users\ayesha.gull01\AppData\Local\Programs\Python\Python313\Lib\site-packages\statsmodels\regression\mixed_linear_model.py:2237: ConvergenceWarning: The MLE may be on the boundary of the parameter space.
  warnings.warn(msg, ConvergenceWarning)
C:\Users\ayesha.gull01\AppData\Local\Programs\Python\Python313\Lib\site-packages\statsmodels\regression\mixed_linear_model.py:2237: ConvergenceWarning: The MLE may be on the boundary of the parameter space.
  warnings.warn(msg, ConvergenceWarning)
C:\Users\ayesha.gull01\AppData\Local\Programs\Python\Python313\Lib\site-packages\statsmodels\regression\mixed_linear_model.py:2237: ConvergenceWarning: The MLE may be on the boundary of the parameter space.
  warnings.warn(msg, ConvergenceWarning)
C:\Users\ayesha.gull01\AppData\Local\Programs\Python\Python313\Lib\site-packages\statsmodels\regression\mixed_linear_model.py:2237: ConvergenceWarning: The MLE may be on the boundary of the parameter space.
  warnings.warn(msg, ConvergenceWarning)
C:\Users\ayesha.gull01\AppData\Local\Programs\Python\Python313\Lib\site-packages\statsmodels\regression\mixed_linear_model.py:2237: ConvergenceWarning: The MLE may be on the boundary of the parameter space.
  warnings.warn(msg, ConvergenceWarning)
C:\Users\ayesha.gull01\AppData\Local\Programs\Python\Python313\Lib\site-packages\statsmodels\regression\mixed_linear_model.py:2237: ConvergenceWarning: The MLE may be on the boundary of the parameter space.
  warnings.warn(msg, ConvergenceWarning)
C:\Users\ayesha.gull01\AppData\Local\Programs\Python\Python313\Lib\site-packages\statsmodels\regression\mixed_linear_model.py:2237: ConvergenceWarning: The MLE may be on the boundary of the parameter space.
  warnings.warn(msg, ConvergenceWarning)
C:\Users\ayesha.gull01\AppData\Local\Programs\Python\Python313\Lib\site-packages\statsmodels\regression\mixed_linear_model.py:2237: ConvergenceWarning: The MLE may be on the boundary of the parameter space.
  warnings.warn(msg, ConvergenceWarning)
C:\Users\ayesha.gull01\AppData\Local\Programs\Python\Python313\Lib\site-packages\statsmodels\regression\mixed_linear_model.py:2237: ConvergenceWarning: The MLE may be on the boundary of the parameter space.
  warnings.warn(msg, ConvergenceWarning)
C:\Users\ayesha.gull01\AppData\Local\Programs\Python\Python313\Lib\site-packages\statsmodels\regression\mixed_linear_model.py:2237: ConvergenceWarning: The MLE may be on the boundary of the parameter space.
  warnings.warn(msg, ConvergenceWarning)
C:\Users\ayesha.gull01\AppData\Local\Programs\Python\Python313\Lib\site-packages\statsmodels\regression\mixed_linear_model.py:2237: ConvergenceWarning: The MLE may be on the boundary of the parameter space.
  warnings.warn(msg, ConvergenceWarning)
C:\Users\ayesha.gull01\AppData\Local\Programs\Python\Python313\Lib\site-packages\statsmodels\regression\mixed_linear_model.py:2237: ConvergenceWarning: The MLE may be on the boundary of the parameter space.
  warnings.warn(msg, ConvergenceWarning)
C:\Users\ayesha.gull01\AppData\Local\Programs\Python\Python313\Lib\site-packages\statsmodels\regression\mixed_linear_model.py:2237: ConvergenceWarning: The MLE may be on the boundary of the parameter space.
  warnings.warn(msg, ConvergenceWarning)
C:\Users\ayesha.gull01\AppData\Local\Programs\Python\Python313\Lib\site-packages\statsmodels\regression\mixed_linear_model.py:2237: ConvergenceWarning: The MLE may be on the boundary of the parameter space.
  warnings.warn(msg, ConvergenceWarning)
C:\Users\ayesha.gull01\AppData\Local\Programs\Python\Python313\Lib\site-packages\statsmodels\regression\mixed_linear_model.py:2237: ConvergenceWarning: The MLE may be on the boundary of the parameter space.
  warnings.warn(msg, ConvergenceWarning)
C:\Users\ayesha.gull01\AppData\Local\Programs\Python\Python313\Lib\site-packages\statsmodels\regression\mixed_linear_model.py:2237: ConvergenceWarning: The MLE may be on the boundary of the parameter space.
  warnings.warn(msg, ConvergenceWarning)
C:\Users\ayesha.gull01\AppData\Local\Programs\Python\Python313\Lib\site-packages\statsmodels\regression\mixed_linear_model.py:2237: ConvergenceWarning: The MLE may be on the boundary of the parameter space.
  warnings.warn(msg, ConvergenceWarning)
C:\Users\ayesha.gull01\AppData\Local\Programs\Python\Python313\Lib\site-packages\statsmodels\regression\mixed_linear_model.py:2237: ConvergenceWarning: The MLE may be on the boundary of the parameter space.
  warnings.warn(msg, ConvergenceWarning)
C:\Users\ayesha.gull01\AppData\Local\Programs\Python\Python313\Lib\site-packages\statsmodels\regression\mixed_linear_model.py:2237: ConvergenceWarning: The MLE may be on the boundary of the parameter space.
  warnings.warn(msg, ConvergenceWarning)
C:\Users\ayesha.gull01\AppData\Local\Programs\Python\Python313\Lib\site-packages\statsmodels\regression\mixed_linear_model.py:2237: ConvergenceWarning: The MLE may be on the boundary of the parameter space.
  warnings.warn(msg, ConvergenceWarning)
C:\Users\ayesha.gull01\AppData\Local\Programs\Python\Python313\Lib\site-packages\statsmodels\regression\mixed_linear_model.py:2237: ConvergenceWarning: The MLE may be on the boundary of the parameter space.
  warnings.warn(msg, ConvergenceWarning)
C:\Users\ayesha.gull01\AppData\Local\Programs\Python\Python313\Lib\site-packages\statsmodels\regression\mixed_linear_model.py:2237: ConvergenceWarning: The MLE may be on the boundary of the parameter space.
  warnings.warn(msg, ConvergenceWarning)
C:\Users\ayesha.gull01\AppData\Local\Programs\Python\Python313\Lib\site-packages\statsmodels\regression\mixed_linear_model.py:2237: ConvergenceWarning: The MLE may be on the boundary of the parameter space.
  warnings.warn(msg, ConvergenceWarning)
C:\Users\ayesha.gull01\AppData\Local\Programs\Python\Python313\Lib\site-packages\statsmodels\regression\mixed_linear_model.py:2237: ConvergenceWarning: The MLE may be on the boundary of the parameter space.
  warnings.warn(msg, ConvergenceWarning)
C:\Users\ayesha.gull01\AppData\Local\Programs\Python\Python313\Lib\site-packages\statsmodels\regression\mixed_linear_model.py:2237: ConvergenceWarning: The MLE may be on the boundary of the parameter space.
  warnings.warn(msg, ConvergenceWarning)
C:\Users\ayesha.gull01\AppData\Local\Programs\Python\Python313\Lib\site-packages\statsmodels\regression\mixed_linear_model.py:2237: ConvergenceWarning: The MLE may be on the boundary of the parameter space.
  warnings.warn(msg, ConvergenceWarning)
C:\Users\ayesha.gull01\AppData\Local\Programs\Python\Python313\Lib\site-packages\statsmodels\regression\mixed_linear_model.py:2237: ConvergenceWarning: The MLE may be on the boundary of the parameter space.
  warnings.warn(msg, ConvergenceWarning)
C:\Users\ayesha.gull01\AppData\Local\Programs\Python\Python313\Lib\site-packages\statsmodels\regression\mixed_linear_model.py:2237: ConvergenceWarning: The MLE may be on the boundary of the parameter space.
  warnings.warn(msg, ConvergenceWarning)
C:\Users\ayesha.gull01\AppData\Local\Programs\Python\Python313\Lib\site-packages\statsmodels\regression\mixed_linear_model.py:2237: ConvergenceWarning: The MLE may be on the boundary of the parameter space.
  warnings.warn(msg, ConvergenceWarning)
pp M3_S19_R1_sma0.03_rho0.0_beta0.05_shared: 200 datasets in 112s
C:\Users\ayesha.gull01\AppData\Local\Programs\Python\Python313\Lib\site-packages\statsmodels\regression\mixed_linear_model.py:2237: ConvergenceWarning: The MLE may be on the boundary of the parameter space.
  warnings.warn(msg, ConvergenceWarning)
C:\Users\ayesha.gull01\AppData\Local\Programs\Python\Python313\Lib\site-packages\statsmodels\regression\mixed_linear_model.py:2261: ConvergenceWarning: The Hessian matrix at the estimated parameter values is not positive definite.
  warnings.warn(msg, ConvergenceWarning)
C:\Users\ayesha.gull01\AppData\Local\Programs\Python\Python313\Lib\site-packages\statsmodels\regression\mixed_linear_model.py:2237: ConvergenceWarning: The MLE may be on the boundary of the parameter space.
  warnings.warn(msg, ConvergenceWarning)
C:\Users\ayesha.gull01\AppData\Local\Programs\Python\Python313\Lib\site-packages\statsmodels\regression\mixed_linear_model.py:2261: ConvergenceWarning: The Hessian matrix at the estimated parameter values is not positive definite.
  warnings.warn(msg, ConvergenceWarning)
C:\Users\ayesha.gull01\AppData\Local\Programs\Python\Python313\Lib\site-packages\statsmodels\regression\mixed_linear_model.py:2237: ConvergenceWarning: The MLE may be on the boundary of the parameter space.
  warnings.warn(msg, ConvergenceWarning)
C:\Users\ayesha.gull01\AppData\Local\Programs\Python\Python313\Lib\site-packages\statsmodels\regression\mixed_linear_model.py:2261: ConvergenceWarning: The Hessian matrix at the estimated parameter values is not positive definite.
  warnings.warn(msg, ConvergenceWarning)
C:\Users\ayesha.gull01\AppData\Local\Programs\Python\Python313\Lib\site-packages\statsmodels\regression\mixed_linear_model.py:2237: ConvergenceWarning: The MLE may be on the boundary of the parameter space.
  warnings.warn(msg, ConvergenceWarning)
C:\Users\ayesha.gull01\AppData\Local\Programs\Python\Python313\Lib\site-packages\statsmodels\regression\mixed_linear_model.py:2261: ConvergenceWarning: The Hessian matrix at the estimated parameter values is not positive definite.
  warnings.warn(msg, ConvergenceWarning)
C:\Users\ayesha.gull01\AppData\Local\Programs\Python\Python313\Lib\site-packages\statsmodels\regression\mixed_linear_model.py:2237: ConvergenceWarning: The MLE may be on the boundary of the parameter space.
  warnings.warn(msg, ConvergenceWarning)
C:\Users\ayesha.gull01\AppData\Local\Programs\Python\Python313\Lib\site-packages\statsmodels\base\model.py:607: ConvergenceWarning: Maximum Likelihood optimization failed to converge. Check mle_retvals
  warnings.warn("Maximum Likelihood optimization failed to "
C:\Users\ayesha.gull01\AppData\Local\Programs\Python\Python313\Lib\site-packages\statsmodels\regression\mixed_linear_model.py:2206: ConvergenceWarning: MixedLM optimization failed, trying a different optimizer may help.
  warnings.warn(msg, ConvergenceWarning)
C:\Users\ayesha.gull01\AppData\Local\Programs\Python\Python313\Lib\site-packages\statsmodels\regression\mixed_linear_model.py:2261: ConvergenceWarning: The Hessian matrix at the estimated parameter values is not positive definite.
  warnings.warn(msg, ConvergenceWarning)
C:\Users\ayesha.gull01\AppData\Local\Programs\Python\Python313\Lib\site-packages\statsmodels\regression\mixed_linear_model.py:2218: ConvergenceWarning: Gradient optimization failed, |grad| = 29.258986
  warnings.warn(msg, ConvergenceWarning)
C:\Users\ayesha.gull01\AppData\Local\Programs\Python\Python313\Lib\site-packages\statsmodels\regression\mixed_linear_model.py:2237: ConvergenceWarning: The MLE may be on the boundary of the parameter space.
  warnings.warn(msg, ConvergenceWarning)
C:\Users\ayesha.gull01\AppData\Local\Programs\Python\Python313\Lib\site-packages\statsmodels\regression\mixed_linear_model.py:2261: ConvergenceWarning: The Hessian matrix at the estimated parameter values is not positive definite.
  warnings.warn(msg, ConvergenceWarning)
C:\Users\ayesha.gull01\AppData\Local\Programs\Python\Python313\Lib\site-packages\statsmodels\regression\mixed_linear_model.py:2237: ConvergenceWarning: The MLE may be on the boundary of the parameter space.
  warnings.warn(msg, ConvergenceWarning)
C:\Users\ayesha.gull01\AppData\Local\Programs\Python\Python313\Lib\site-packages\statsmodels\regression\mixed_linear_model.py:2261: ConvergenceWarning: The Hessian matrix at the estimated parameter values is not positive definite.
  warnings.warn(msg, ConvergenceWarning)
C:\Users\ayesha.gull01\AppData\Local\Programs\Python\Python313\Lib\site-packages\statsmodels\regression\mixed_linear_model.py:2237: ConvergenceWarning: The MLE may be on the boundary of the parameter space.
  warnings.warn(msg, ConvergenceWarning)
C:\Users\ayesha.gull01\AppData\Local\Programs\Python\Python313\Lib\site-packages\statsmodels\regression\mixed_linear_model.py:2261: ConvergenceWarning: The Hessian matrix at the estimated parameter values is not positive definite.
  warnings.warn(msg, ConvergenceWarning)
C:\Users\ayesha.gull01\AppData\Local\Programs\Python\Python313\Lib\site-packages\statsmodels\base\model.py:607: ConvergenceWarning: Maximum Likelihood optimization failed to converge. Check mle_retvals
  warnings.warn("Maximum Likelihood optimization failed to "
C:\Users\ayesha.gull01\AppData\Local\Programs\Python\Python313\Lib\site-packages\statsmodels\regression\mixed_linear_model.py:2206: ConvergenceWarning: MixedLM optimization failed, trying a different optimizer may help.
  warnings.warn(msg, ConvergenceWarning)
C:\Users\ayesha.gull01\AppData\Local\Programs\Python\Python313\Lib\site-packages\statsmodels\regression\mixed_linear_model.py:2218: ConvergenceWarning: Gradient optimization failed, |grad| = 25.583761
  warnings.warn(msg, ConvergenceWarning)
C:\Users\ayesha.gull01\AppData\Local\Programs\Python\Python313\Lib\site-packages\statsmodels\regression\mixed_linear_model.py:2237: ConvergenceWarning: The MLE may be on the boundary of the parameter space.
  warnings.warn(msg, ConvergenceWarning)
C:\Users\ayesha.gull01\AppData\Local\Programs\Python\Python313\Lib\site-packages\statsmodels\regression\mixed_linear_model.py:2261: ConvergenceWarning: The Hessian matrix at the estimated parameter values is not positive definite.
  warnings.warn(msg, ConvergenceWarning)
C:\Users\ayesha.gull01\AppData\Local\Programs\Python\Python313\Lib\site-packages\statsmodels\regression\mixed_linear_model.py:2237: ConvergenceWarning: The MLE may be on the boundary of the parameter space.
  warnings.warn(msg, ConvergenceWarning)
C:\Users\ayesha.gull01\AppData\Local\Programs\Python\Python313\Lib\site-packages\statsmodels\regression\mixed_linear_model.py:2261: ConvergenceWarning: The Hessian matrix at the estimated parameter values is not positive definite.
  warnings.warn(msg, ConvergenceWarning)
C:\Users\ayesha.gull01\AppData\Local\Programs\Python\Python313\Lib\site-packages\statsmodels\regression\mixed_linear_model.py:2237: ConvergenceWarning: The MLE may be on the boundary of the parameter space.
  warnings.warn(msg, ConvergenceWarning)
C:\Users\ayesha.gull01\AppData\Local\Programs\Python\Python313\Lib\site-packages\statsmodels\regression\mixed_linear_model.py:2261: ConvergenceWarning: The Hessian matrix at the estimated parameter values is not positive definite.
  warnings.warn(msg, ConvergenceWarning)
C:\Users\ayesha.gull01\AppData\Local\Programs\Python\Python313\Lib\site-packages\statsmodels\regression\mixed_linear_model.py:2237: ConvergenceWarning: The MLE may be on the boundary of the parameter space.
  warnings.warn(msg, ConvergenceWarning)
C:\Users\ayesha.gull01\AppData\Local\Programs\Python\Python313\Lib\site-packages\statsmodels\regression\mixed_linear_model.py:2261: ConvergenceWarning: The Hessian matrix at the estimated parameter values is not positive definite.
  warnings.warn(msg, ConvergenceWarning)
C:\Users\ayesha.gull01\AppData\Local\Programs\Python\Python313\Lib\site-packages\statsmodels\regression\mixed_linear_model.py:2237: ConvergenceWarning: The MLE may be on the boundary of the parameter space.
  warnings.warn(msg, ConvergenceWarning)
C:\Users\ayesha.gull01\AppData\Local\Programs\Python\Python313\Lib\site-packages\statsmodels\base\model.py:607: ConvergenceWarning: Maximum Likelihood optimization failed to converge. Check mle_retvals
  warnings.warn("Maximum Likelihood optimization failed to "
C:\Users\ayesha.gull01\AppData\Local\Programs\Python\Python313\Lib\site-packages\statsmodels\regression\mixed_linear_model.py:2206: ConvergenceWarning: MixedLM optimization failed, trying a different optimizer may help.
  warnings.warn(msg, ConvergenceWarning)
C:\Users\ayesha.gull01\AppData\Local\Programs\Python\Python313\Lib\site-packages\statsmodels\regression\mixed_linear_model.py:2218: ConvergenceWarning: Gradient optimization failed, |grad| = 29.258986
  warnings.warn(msg, ConvergenceWarning)
C:\Users\ayesha.gull01\AppData\Local\Programs\Python\Python313\Lib\site-packages\statsmodels\regression\mixed_linear_model.py:2261: ConvergenceWarning: The Hessian matrix at the estimated parameter values is not positive definite.
  warnings.warn(msg, ConvergenceWarning)
C:\Users\ayesha.gull01\AppData\Local\Programs\Python\Python313\Lib\site-packages\statsmodels\regression\mixed_linear_model.py:2237: ConvergenceWarning: The MLE may be on the boundary of the parameter space.
  warnings.warn(msg, ConvergenceWarning)
C:\Users\ayesha.gull01\AppData\Local\Programs\Python\Python313\Lib\site-packages\statsmodels\regression\mixed_linear_model.py:2261: ConvergenceWarning: The Hessian matrix at the estimated parameter values is not positive definite.
  warnings.warn(msg, ConvergenceWarning)
C:\Users\ayesha.gull01\AppData\Local\Programs\Python\Python313\Lib\site-packages\statsmodels\regression\mixed_linear_model.py:2237: ConvergenceWarning: The MLE may be on the boundary of the parameter space.
  warnings.warn(msg, ConvergenceWarning)
C:\Users\ayesha.gull01\AppData\Local\Programs\Python\Python313\Lib\site-packages\statsmodels\regression\mixed_linear_model.py:2261: ConvergenceWarning: The Hessian matrix at the estimated parameter values is not positive definite.
  warnings.warn(msg, ConvergenceWarning)
C:\Users\ayesha.gull01\AppData\Local\Programs\Python\Python313\Lib\site-packages\statsmodels\regression\mixed_linear_model.py:2237: ConvergenceWarning: The MLE may be on the boundary of the parameter space.
  warnings.warn(msg, ConvergenceWarning)
C:\Users\ayesha.gull01\AppData\Local\Programs\Python\Python313\Lib\site-packages\statsmodels\regression\mixed_linear_model.py:2261: ConvergenceWarning: The Hessian matrix at the estimated parameter values is not positive definite.
  warnings.warn(msg, ConvergenceWarning)
C:\Users\ayesha.gull01\AppData\Local\Programs\Python\Python313\Lib\site-packages\statsmodels\regression\mixed_linear_model.py:2237: ConvergenceWarning: The MLE may be on the boundary of the parameter space.
  warnings.warn(msg, ConvergenceWarning)
C:\Users\ayesha.gull01\AppData\Local\Programs\Python\Python313\Lib\site-packages\statsmodels\base\model.py:607: ConvergenceWarning: Maximum Likelihood optimization failed to converge. Check mle_retvals
  warnings.warn("Maximum Likelihood optimization failed to "
C:\Users\ayesha.gull01\AppData\Local\Programs\Python\Python313\Lib\site-packages\statsmodels\regression\mixed_linear_model.py:2206: ConvergenceWarning: MixedLM optimization failed, trying a different optimizer may help.
  warnings.warn(msg, ConvergenceWarning)
C:\Users\ayesha.gull01\AppData\Local\Programs\Python\Python313\Lib\site-packages\statsmodels\regression\mixed_linear_model.py:2218: ConvergenceWarning: Gradient optimization failed, |grad| = 25.583761
  warnings.warn(msg, ConvergenceWarning)
C:\Users\ayesha.gull01\AppData\Local\Programs\Python\Python313\Lib\site-packages\statsmodels\regression\mixed_linear_model.py:2237: ConvergenceWarning: The MLE may be on the boundary of the parameter space.
  warnings.warn(msg, ConvergenceWarning)
C:\Users\ayesha.gull01\AppData\Local\Programs\Python\Python313\Lib\site-packages\statsmodels\regression\mixed_linear_model.py:2261: ConvergenceWarning: The Hessian matrix at the estimated parameter values is not positive definite.
  warnings.warn(msg, ConvergenceWarning)
C:\Users\ayesha.gull01\AppData\Local\Programs\Python\Python313\Lib\site-packages\statsmodels\regression\mixed_linear_model.py:2237: ConvergenceWarning: The MLE may be on the boundary of the parameter space.
  warnings.warn(msg, ConvergenceWarning)
C:\Users\ayesha.gull01\AppData\Local\Programs\Python\Python313\Lib\site-packages\statsmodels\regression\mixed_linear_model.py:2237: ConvergenceWarning: The MLE may be on the boundary of the parameter space.
  warnings.warn(msg, ConvergenceWarning)
C:\Users\ayesha.gull01\AppData\Local\Programs\Python\Python313\Lib\site-packages\statsmodels\regression\mixed_linear_model.py:2261: ConvergenceWarning: The Hessian matrix at the estimated parameter values is not positive definite.
  warnings.warn(msg, ConvergenceWarning)
C:\Users\ayesha.gull01\AppData\Local\Programs\Python\Python313\Lib\site-packages\statsmodels\regression\mixed_linear_model.py:2261: ConvergenceWarning: The Hessian matrix at the estimated parameter values is not positive definite.
  warnings.warn(msg, ConvergenceWarning)
C:\Users\ayesha.gull01\AppData\Local\Programs\Python\Python313\Lib\site-packages\statsmodels\regression\mixed_linear_model.py:2237: ConvergenceWarning: The MLE may be on the boundary of the parameter space.
  warnings.warn(msg, ConvergenceWarning)
C:\Users\ayesha.gull01\AppData\Local\Programs\Python\Python313\Lib\site-packages\statsmodels\regression\mixed_linear_model.py:2261: ConvergenceWarning: The Hessian matrix at the estimated parameter values is not positive definite.
  warnings.warn(msg, ConvergenceWarning)
C:\Users\ayesha.gull01\AppData\Local\Programs\Python\Python313\Lib\site-packages\statsmodels\regression\mixed_linear_model.py:2237: ConvergenceWarning: The MLE may be on the boundary of the parameter space.
  warnings.warn(msg, ConvergenceWarning)
C:\Users\ayesha.gull01\AppData\Local\Programs\Python\Python313\Lib\site-packages\statsmodels\regression\mixed_linear_model.py:2261: ConvergenceWarning: The Hessian matrix at the estimated parameter values is not positive definite.
  warnings.warn(msg, ConvergenceWarning)
C:\Users\ayesha.gull01\AppData\Local\Programs\Python\Python313\Lib\site-packages\statsmodels\regression\mixed_linear_model.py:2237: ConvergenceWarning: The MLE may be on the boundary of the parameter space.
  warnings.warn(msg, ConvergenceWarning)
C:\Users\ayesha.gull01\AppData\Local\Programs\Python\Python313\Lib\site-packages\statsmodels\regression\mixed_linear_model.py:2237: ConvergenceWarning: The MLE may be on the boundary of the parameter space.
  warnings.warn(msg, ConvergenceWarning)
C:\Users\ayesha.gull01\AppData\Local\Programs\Python\Python313\Lib\site-packages\statsmodels\regression\mixed_linear_model.py:2261: ConvergenceWarning: The Hessian matrix at the estimated parameter values is not positive definite.
  warnings.warn(msg, ConvergenceWarning)
C:\Users\ayesha.gull01\AppData\Local\Programs\Python\Python313\Lib\site-packages\statsmodels\regression\mixed_linear_model.py:2237: ConvergenceWarning: The MLE may be on the boundary of the parameter space.
  warnings.warn(msg, ConvergenceWarning)
C:\Users\ayesha.gull01\AppData\Local\Programs\Python\Python313\Lib\site-packages\statsmodels\regression\mixed_linear_model.py:2237: ConvergenceWarning: The MLE may be on the boundary of the parameter space.
  warnings.warn(msg, ConvergenceWarning)
C:\Users\ayesha.gull01\AppData\Local\Programs\Python\Python313\Lib\site-packages\statsmodels\base\model.py:607: ConvergenceWarning: Maximum Likelihood optimization failed to converge. Check mle_retvals
  warnings.warn("Maximum Likelihood optimization failed to "
C:\Users\ayesha.gull01\AppData\Local\Programs\Python\Python313\Lib\site-packages\statsmodels\regression\mixed_linear_model.py:2206: ConvergenceWarning: MixedLM optimization failed, trying a different optimizer may help.
  warnings.warn(msg, ConvergenceWarning)
C:\Users\ayesha.gull01\AppData\Local\Programs\Python\Python313\Lib\site-packages\statsmodels\regression\mixed_linear_model.py:2218: ConvergenceWarning: Gradient optimization failed, |grad| = 15.632325
  warnings.warn(msg, ConvergenceWarning)
C:\Users\ayesha.gull01\AppData\Local\Programs\Python\Python313\Lib\site-packages\statsmodels\regression\mixed_linear_model.py:2237: ConvergenceWarning: The MLE may be on the boundary of the parameter space.
  warnings.warn(msg, ConvergenceWarning)
C:\Users\ayesha.gull01\AppData\Local\Programs\Python\Python313\Lib\site-packages\statsmodels\regression\mixed_linear_model.py:2261: ConvergenceWarning: The Hessian matrix at the estimated parameter values is not positive definite.
  warnings.warn(msg, ConvergenceWarning)
C:\Users\ayesha.gull01\AppData\Local\Programs\Python\Python313\Lib\site-packages\statsmodels\regression\mixed_linear_model.py:2237: ConvergenceWarning: The MLE may be on the boundary of the parameter space.
  warnings.warn(msg, ConvergenceWarning)
C:\Users\ayesha.gull01\AppData\Local\Programs\Python\Python313\Lib\site-packages\statsmodels\regression\mixed_linear_model.py:2237: ConvergenceWarning: The MLE may be on the boundary of the parameter space.
  warnings.warn(msg, ConvergenceWarning)
C:\Users\ayesha.gull01\AppData\Local\Programs\Python\Python313\Lib\site-packages\statsmodels\regression\mixed_linear_model.py:2261: ConvergenceWarning: The Hessian matrix at the estimated parameter values is not positive definite.
  warnings.warn(msg, ConvergenceWarning)
C:\Users\ayesha.gull01\AppData\Local\Programs\Python\Python313\Lib\site-packages\statsmodels\regression\mixed_linear_model.py:2237: ConvergenceWarning: The MLE may be on the boundary of the parameter space.
  warnings.warn(msg, ConvergenceWarning)
C:\Users\ayesha.gull01\AppData\Local\Programs\Python\Python313\Lib\site-packages\statsmodels\base\model.py:607: ConvergenceWarning: Maximum Likelihood optimization failed to converge. Check mle_retvals
  warnings.warn("Maximum Likelihood optimization failed to "
C:\Users\ayesha.gull01\AppData\Local\Programs\Python\Python313\Lib\site-packages\statsmodels\regression\mixed_linear_model.py:2206: ConvergenceWarning: MixedLM optimization failed, trying a different optimizer may help.
  warnings.warn(msg, ConvergenceWarning)
C:\Users\ayesha.gull01\AppData\Local\Programs\Python\Python313\Lib\site-packages\statsmodels\regression\mixed_linear_model.py:2218: ConvergenceWarning: Gradient optimization failed, |grad| = 13.901398
  warnings.warn(msg, ConvergenceWarning)
C:\Users\ayesha.gull01\AppData\Local\Programs\Python\Python313\Lib\site-packages\statsmodels\regression\mixed_linear_model.py:2237: ConvergenceWarning: The MLE may be on the boundary of the parameter space.
  warnings.warn(msg, ConvergenceWarning)
C:\Users\ayesha.gull01\AppData\Local\Programs\Python\Python313\Lib\site-packages\statsmodels\regression\mixed_linear_model.py:2237: ConvergenceWarning: The MLE may be on the boundary of the parameter space.
  warnings.warn(msg, ConvergenceWarning)
C:\Users\ayesha.gull01\AppData\Local\Programs\Python\Python313\Lib\site-packages\statsmodels\regression\mixed_linear_model.py:2261: ConvergenceWarning: The Hessian matrix at the estimated parameter values is not positive definite.
  warnings.warn(msg, ConvergenceWarning)
C:\Users\ayesha.gull01\AppData\Local\Programs\Python\Python313\Lib\site-packages\statsmodels\regression\mixed_linear_model.py:2237: ConvergenceWarning: The MLE may be on the boundary of the parameter space.
  warnings.warn(msg, ConvergenceWarning)
C:\Users\ayesha.gull01\AppData\Local\Programs\Python\Python313\Lib\site-packages\statsmodels\regression\mixed_linear_model.py:2237: ConvergenceWarning: The MLE may be on the boundary of the parameter space.
  warnings.warn(msg, ConvergenceWarning)
C:\Users\ayesha.gull01\AppData\Local\Programs\Python\Python313\Lib\site-packages\statsmodels\regression\mixed_linear_model.py:2237: ConvergenceWarning: The MLE may be on the boundary of the parameter space.
  warnings.warn(msg, ConvergenceWarning)
C:\Users\ayesha.gull01\AppData\Local\Programs\Python\Python313\Lib\site-packages\statsmodels\regression\mixed_linear_model.py:2261: ConvergenceWarning: The Hessian matrix at the estimated parameter values is not positive definite.
  warnings.warn(msg, ConvergenceWarning)
pp M6_S19_R1_sma0.0_rho0.0_beta0.0_shared: 200 datasets in 316s
C:\Users\ayesha.gull01\AppData\Local\Programs\Python\Python313\Lib\site-packages\statsmodels\regression\mixed_linear_model.py:2237: ConvergenceWarning: The MLE may be on the boundary of the parameter space.
  warnings.warn(msg, ConvergenceWarning)
C:\Users\ayesha.gull01\AppData\Local\Programs\Python\Python313\Lib\site-packages\statsmodels\regression\mixed_linear_model.py:2261: ConvergenceWarning: The Hessian matrix at the estimated parameter values is not positive definite.
  warnings.warn(msg, ConvergenceWarning)
C:\Users\ayesha.gull01\AppData\Local\Programs\Python\Python313\Lib\site-packages\statsmodels\regression\mixed_linear_model.py:2237: ConvergenceWarning: The MLE may be on the boundary of the parameter space.
  warnings.warn(msg, ConvergenceWarning)
C:\Users\ayesha.gull01\AppData\Local\Programs\Python\Python313\Lib\site-packages\statsmodels\regression\mixed_linear_model.py:2261: ConvergenceWarning: The Hessian matrix at the estimated parameter values is not positive definite.
  warnings.warn(msg, ConvergenceWarning)
C:\Users\ayesha.gull01\AppData\Local\Programs\Python\Python313\Lib\site-packages\statsmodels\regression\mixed_linear_model.py:2237: ConvergenceWarning: The MLE may be on the boundary of the parameter space.
  warnings.warn(msg, ConvergenceWarning)
C:\Users\ayesha.gull01\AppData\Local\Programs\Python\Python313\Lib\site-packages\statsmodels\regression\mixed_linear_model.py:2261: ConvergenceWarning: The Hessian matrix at the estimated parameter values is not positive definite.
  warnings.warn(msg, ConvergenceWarning)
C:\Users\ayesha.gull01\AppData\Local\Programs\Python\Python313\Lib\site-packages\statsmodels\regression\mixed_linear_model.py:2237: ConvergenceWarning: The MLE may be on the boundary of the parameter space.
  warnings.warn(msg, ConvergenceWarning)
C:\Users\ayesha.gull01\AppData\Local\Programs\Python\Python313\Lib\site-packages\statsmodels\regression\mixed_linear_model.py:2261: ConvergenceWarning: The Hessian matrix at the estimated parameter values is not positive definite.
  warnings.warn(msg, ConvergenceWarning)
C:\Users\ayesha.gull01\AppData\Local\Programs\Python\Python313\Lib\site-packages\statsmodels\regression\mixed_linear_model.py:2237: ConvergenceWarning: The MLE may be on the boundary of the parameter space.
  warnings.warn(msg, ConvergenceWarning)
C:\Users\ayesha.gull01\AppData\Local\Programs\Python\Python313\Lib\site-packages\statsmodels\regression\mixed_linear_model.py:2261: ConvergenceWarning: The Hessian matrix at the estimated parameter values is not positive definite.
  warnings.warn(msg, ConvergenceWarning)
C:\Users\ayesha.gull01\AppData\Local\Programs\Python\Python313\Lib\site-packages\statsmodels\regression\mixed_linear_model.py:2237: ConvergenceWarning: The MLE may be on the boundary of the parameter space.
  warnings.warn(msg, ConvergenceWarning)
C:\Users\ayesha.gull01\AppData\Local\Programs\Python\Python313\Lib\site-packages\statsmodels\regression\mixed_linear_model.py:2237: ConvergenceWarning: The MLE may be on the boundary of the parameter space.
  warnings.warn(msg, ConvergenceWarning)
C:\Users\ayesha.gull01\AppData\Local\Programs\Python\Python313\Lib\site-packages\statsmodels\regression\mixed_linear_model.py:2261: ConvergenceWarning: The Hessian matrix at the estimated parameter values is not positive definite.
  warnings.warn(msg, ConvergenceWarning)
C:\Users\ayesha.gull01\AppData\Local\Programs\Python\Python313\Lib\site-packages\statsmodels\regression\mixed_linear_model.py:2261: ConvergenceWarning: The Hessian matrix at the estimated parameter values is not positive definite.
  warnings.warn(msg, ConvergenceWarning)
C:\Users\ayesha.gull01\AppData\Local\Programs\Python\Python313\Lib\site-packages\statsmodels\regression\mixed_linear_model.py:2237: ConvergenceWarning: The MLE may be on the boundary of the parameter space.
  warnings.warn(msg, ConvergenceWarning)
C:\Users\ayesha.gull01\AppData\Local\Programs\Python\Python313\Lib\site-packages\statsmodels\regression\mixed_linear_model.py:2261: ConvergenceWarning: The Hessian matrix at the estimated parameter values is not positive definite.
  warnings.warn(msg, ConvergenceWarning)
C:\Users\ayesha.gull01\AppData\Local\Programs\Python\Python313\Lib\site-packages\statsmodels\regression\mixed_linear_model.py:2237: ConvergenceWarning: The MLE may be on the boundary of the parameter space.
  warnings.warn(msg, ConvergenceWarning)
C:\Users\ayesha.gull01\AppData\Local\Programs\Python\Python313\Lib\site-packages\statsmodels\regression\mixed_linear_model.py:2261: ConvergenceWarning: The Hessian matrix at the estimated parameter values is not positive definite.
  warnings.warn(msg, ConvergenceWarning)
C:\Users\ayesha.gull01\AppData\Local\Programs\Python\Python313\Lib\site-packages\statsmodels\base\model.py:607: ConvergenceWarning: Maximum Likelihood optimization failed to converge. Check mle_retvals
  warnings.warn("Maximum Likelihood optimization failed to "
C:\Users\ayesha.gull01\AppData\Local\Programs\Python\Python313\Lib\site-packages\statsmodels\regression\mixed_linear_model.py:2206: ConvergenceWarning: MixedLM optimization failed, trying a different optimizer may help.
  warnings.warn(msg, ConvergenceWarning)
C:\Users\ayesha.gull01\AppData\Local\Programs\Python\Python313\Lib\site-packages\statsmodels\regression\mixed_linear_model.py:2218: ConvergenceWarning: Gradient optimization failed, |grad| = 28.036703
  warnings.warn(msg, ConvergenceWarning)
C:\Users\ayesha.gull01\AppData\Local\Programs\Python\Python313\Lib\site-packages\statsmodels\regression\mixed_linear_model.py:2237: ConvergenceWarning: The MLE may be on the boundary of the parameter space.
  warnings.warn(msg, ConvergenceWarning)
C:\Users\ayesha.gull01\AppData\Local\Programs\Python\Python313\Lib\site-packages\statsmodels\regression\mixed_linear_model.py:2261: ConvergenceWarning: The Hessian matrix at the estimated parameter values is not positive definite.
  warnings.warn(msg, ConvergenceWarning)
C:\Users\ayesha.gull01\AppData\Local\Programs\Python\Python313\Lib\site-packages\statsmodels\regression\mixed_linear_model.py:2237: ConvergenceWarning: The MLE may be on the boundary of the parameter space.
  warnings.warn(msg, ConvergenceWarning)
C:\Users\ayesha.gull01\AppData\Local\Programs\Python\Python313\Lib\site-packages\statsmodels\regression\mixed_linear_model.py:2261: ConvergenceWarning: The Hessian matrix at the estimated parameter values is not positive definite.
  warnings.warn(msg, ConvergenceWarning)
C:\Users\ayesha.gull01\AppData\Local\Programs\Python\Python313\Lib\site-packages\statsmodels\regression\mixed_linear_model.py:2237: ConvergenceWarning: The MLE may be on the boundary of the parameter space.
  warnings.warn(msg, ConvergenceWarning)
C:\Users\ayesha.gull01\AppData\Local\Programs\Python\Python313\Lib\site-packages\statsmodels\regression\mixed_linear_model.py:2261: ConvergenceWarning: The Hessian matrix at the estimated parameter values is not positive definite.
  warnings.warn(msg, ConvergenceWarning)
C:\Users\ayesha.gull01\AppData\Local\Programs\Python\Python313\Lib\site-packages\statsmodels\regression\mixed_linear_model.py:2237: ConvergenceWarning: The MLE may be on the boundary of the parameter space.
  warnings.warn(msg, ConvergenceWarning)
C:\Users\ayesha.gull01\AppData\Local\Programs\Python\Python313\Lib\site-packages\statsmodels\regression\mixed_linear_model.py:2261: ConvergenceWarning: The Hessian matrix at the estimated parameter values is not positive definite.
  warnings.warn(msg, ConvergenceWarning)
C:\Users\ayesha.gull01\AppData\Local\Programs\Python\Python313\Lib\site-packages\statsmodels\regression\mixed_linear_model.py:2237: ConvergenceWarning: The MLE may be on the boundary of the parameter space.
  warnings.warn(msg, ConvergenceWarning)
C:\Users\ayesha.gull01\AppData\Local\Programs\Python\Python313\Lib\site-packages\statsmodels\regression\mixed_linear_model.py:2237: ConvergenceWarning: The MLE may be on the boundary of the parameter space.
  warnings.warn(msg, ConvergenceWarning)
C:\Users\ayesha.gull01\AppData\Local\Programs\Python\Python313\Lib\site-packages\statsmodels\regression\mixed_linear_model.py:2261: ConvergenceWarning: The Hessian matrix at the estimated parameter values is not positive definite.
  warnings.warn(msg, ConvergenceWarning)
C:\Users\ayesha.gull01\AppData\Local\Programs\Python\Python313\Lib\site-packages\statsmodels\regression\mixed_linear_model.py:2261: ConvergenceWarning: The Hessian matrix at the estimated parameter values is not positive definite.
  warnings.warn(msg, ConvergenceWarning)
C:\Users\ayesha.gull01\AppData\Local\Programs\Python\Python313\Lib\site-packages\statsmodels\regression\mixed_linear_model.py:2237: ConvergenceWarning: The MLE may be on the boundary of the parameter space.
  warnings.warn(msg, ConvergenceWarning)
C:\Users\ayesha.gull01\AppData\Local\Programs\Python\Python313\Lib\site-packages\statsmodels\regression\mixed_linear_model.py:2261: ConvergenceWarning: The Hessian matrix at the estimated parameter values is not positive definite.
  warnings.warn(msg, ConvergenceWarning)
C:\Users\ayesha.gull01\AppData\Local\Programs\Python\Python313\Lib\site-packages\statsmodels\regression\mixed_linear_model.py:2237: ConvergenceWarning: The MLE may be on the boundary of the parameter space.
  warnings.warn(msg, ConvergenceWarning)
C:\Users\ayesha.gull01\AppData\Local\Programs\Python\Python313\Lib\site-packages\statsmodels\regression\mixed_linear_model.py:2261: ConvergenceWarning: The Hessian matrix at the estimated parameter values is not positive definite.
  warnings.warn(msg, ConvergenceWarning)
C:\Users\ayesha.gull01\AppData\Local\Programs\Python\Python313\Lib\site-packages\statsmodels\regression\mixed_linear_model.py:2237: ConvergenceWarning: The MLE may be on the boundary of the parameter space.
  warnings.warn(msg, ConvergenceWarning)
C:\Users\ayesha.gull01\AppData\Local\Programs\Python\Python313\Lib\site-packages\statsmodels\regression\mixed_linear_model.py:2261: ConvergenceWarning: The Hessian matrix at the estimated parameter values is not positive definite.
  warnings.warn(msg, ConvergenceWarning)
C:\Users\ayesha.gull01\AppData\Local\Programs\Python\Python313\Lib\site-packages\statsmodels\regression\mixed_linear_model.py:2237: ConvergenceWarning: The MLE may be on the boundary of the parameter space.
  warnings.warn(msg, ConvergenceWarning)
C:\Users\ayesha.gull01\AppData\Local\Programs\Python\Python313\Lib\site-packages\statsmodels\regression\mixed_linear_model.py:2261: ConvergenceWarning: The Hessian matrix at the estimated parameter values is not positive definite.
  warnings.warn(msg, ConvergenceWarning)
C:\Users\ayesha.gull01\AppData\Local\Programs\Python\Python313\Lib\site-packages\statsmodels\regression\mixed_linear_model.py:2237: ConvergenceWarning: The MLE may be on the boundary of the parameter space.
  warnings.warn(msg, ConvergenceWarning)
C:\Users\ayesha.gull01\AppData\Local\Programs\Python\Python313\Lib\site-packages\statsmodels\regression\mixed_linear_model.py:2237: ConvergenceWarning: The MLE may be on the boundary of the parameter space.
  warnings.warn(msg, ConvergenceWarning)
C:\Users\ayesha.gull01\AppData\Local\Programs\Python\Python313\Lib\site-packages\statsmodels\regression\mixed_linear_model.py:2237: ConvergenceWarning: The MLE may be on the boundary of the parameter space.
  warnings.warn(msg, ConvergenceWarning)
C:\Users\ayesha.gull01\AppData\Local\Programs\Python\Python313\Lib\site-packages\statsmodels\base\model.py:607: ConvergenceWarning: Maximum Likelihood optimization failed to converge. Check mle_retvals
  warnings.warn("Maximum Likelihood optimization failed to "
C:\Users\ayesha.gull01\AppData\Local\Programs\Python\Python313\Lib\site-packages\statsmodels\regression\mixed_linear_model.py:2206: ConvergenceWarning: MixedLM optimization failed, trying a different optimizer may help.
  warnings.warn(msg, ConvergenceWarning)
C:\Users\ayesha.gull01\AppData\Local\Programs\Python\Python313\Lib\site-packages\statsmodels\regression\mixed_linear_model.py:2218: ConvergenceWarning: Gradient optimization failed, |grad| = 28.036703
  warnings.warn(msg, ConvergenceWarning)
C:\Users\ayesha.gull01\AppData\Local\Programs\Python\Python313\Lib\site-packages\statsmodels\regression\mixed_linear_model.py:2237: ConvergenceWarning: The MLE may be on the boundary of the parameter space.
  warnings.warn(msg, ConvergenceWarning)
C:\Users\ayesha.gull01\AppData\Local\Programs\Python\Python313\Lib\site-packages\statsmodels\regression\mixed_linear_model.py:2261: ConvergenceWarning: The Hessian matrix at the estimated parameter values is not positive definite.
  warnings.warn(msg, ConvergenceWarning)
C:\Users\ayesha.gull01\AppData\Local\Programs\Python\Python313\Lib\site-packages\statsmodels\regression\mixed_linear_model.py:2237: ConvergenceWarning: The MLE may be on the boundary of the parameter space.
  warnings.warn(msg, ConvergenceWarning)
C:\Users\ayesha.gull01\AppData\Local\Programs\Python\Python313\Lib\site-packages\statsmodels\regression\mixed_linear_model.py:2261: ConvergenceWarning: The Hessian matrix at the estimated parameter values is not positive definite.
  warnings.warn(msg, ConvergenceWarning)
C:\Users\ayesha.gull01\AppData\Local\Programs\Python\Python313\Lib\site-packages\statsmodels\regression\mixed_linear_model.py:2237: ConvergenceWarning: The MLE may be on the boundary of the parameter space.
  warnings.warn(msg, ConvergenceWarning)
C:\Users\ayesha.gull01\AppData\Local\Programs\Python\Python313\Lib\site-packages\statsmodels\regression\mixed_linear_model.py:2261: ConvergenceWarning: The Hessian matrix at the estimated parameter values is not positive definite.
  warnings.warn(msg, ConvergenceWarning)
C:\Users\ayesha.gull01\AppData\Local\Programs\Python\Python313\Lib\site-packages\statsmodels\base\model.py:607: ConvergenceWarning: Maximum Likelihood optimization failed to converge. Check mle_retvals
  warnings.warn("Maximum Likelihood optimization failed to "
C:\Users\ayesha.gull01\AppData\Local\Programs\Python\Python313\Lib\site-packages\statsmodels\regression\mixed_linear_model.py:2206: ConvergenceWarning: MixedLM optimization failed, trying a different optimizer may help.
  warnings.warn(msg, ConvergenceWarning)
C:\Users\ayesha.gull01\AppData\Local\Programs\Python\Python313\Lib\site-packages\statsmodels\regression\mixed_linear_model.py:2218: ConvergenceWarning: Gradient optimization failed, |grad| = 9.122915
  warnings.warn(msg, ConvergenceWarning)
C:\Users\ayesha.gull01\AppData\Local\Programs\Python\Python313\Lib\site-packages\statsmodels\regression\mixed_linear_model.py:2237: ConvergenceWarning: The MLE may be on the boundary of the parameter space.
  warnings.warn(msg, ConvergenceWarning)
C:\Users\ayesha.gull01\AppData\Local\Programs\Python\Python313\Lib\site-packages\statsmodels\regression\mixed_linear_model.py:2237: ConvergenceWarning: The MLE may be on the boundary of the parameter space.
  warnings.warn(msg, ConvergenceWarning)
C:\Users\ayesha.gull01\AppData\Local\Programs\Python\Python313\Lib\site-packages\statsmodels\regression\mixed_linear_model.py:2237: ConvergenceWarning: The MLE may be on the boundary of the parameter space.
  warnings.warn(msg, ConvergenceWarning)
C:\Users\ayesha.gull01\AppData\Local\Programs\Python\Python313\Lib\site-packages\statsmodels\regression\mixed_linear_model.py:2237: ConvergenceWarning: The MLE may be on the boundary of the parameter space.
  warnings.warn(msg, ConvergenceWarning)
C:\Users\ayesha.gull01\AppData\Local\Programs\Python\Python313\Lib\site-packages\statsmodels\regression\mixed_linear_model.py:2237: ConvergenceWarning: The MLE may be on the boundary of the parameter space.
  warnings.warn(msg, ConvergenceWarning)
C:\Users\ayesha.gull01\AppData\Local\Programs\Python\Python313\Lib\site-packages\statsmodels\base\model.py:607: ConvergenceWarning: Maximum Likelihood optimization failed to converge. Check mle_retvals
  warnings.warn("Maximum Likelihood optimization failed to "
C:\Users\ayesha.gull01\AppData\Local\Programs\Python\Python313\Lib\site-packages\statsmodels\regression\mixed_linear_model.py:2206: ConvergenceWarning: MixedLM optimization failed, trying a different optimizer may help.
  warnings.warn(msg, ConvergenceWarning)
C:\Users\ayesha.gull01\AppData\Local\Programs\Python\Python313\Lib\site-packages\statsmodels\regression\mixed_linear_model.py:2237: ConvergenceWarning: The MLE may be on the boundary of the parameter space.
  warnings.warn(msg, ConvergenceWarning)
C:\Users\ayesha.gull01\AppData\Local\Programs\Python\Python313\Lib\site-packages\statsmodels\regression\mixed_linear_model.py:2218: ConvergenceWarning: Gradient optimization failed, |grad| = 11.874438
  warnings.warn(msg, ConvergenceWarning)
C:\Users\ayesha.gull01\AppData\Local\Programs\Python\Python313\Lib\site-packages\statsmodels\regression\mixed_linear_model.py:2261: ConvergenceWarning: The Hessian matrix at the estimated parameter values is not positive definite.
  warnings.warn(msg, ConvergenceWarning)
C:\Users\ayesha.gull01\AppData\Local\Programs\Python\Python313\Lib\site-packages\statsmodels\regression\mixed_linear_model.py:2237: ConvergenceWarning: The MLE may be on the boundary of the parameter space.
  warnings.warn(msg, ConvergenceWarning)
C:\Users\ayesha.gull01\AppData\Local\Programs\Python\Python313\Lib\site-packages\statsmodels\regression\mixed_linear_model.py:2237: ConvergenceWarning: The MLE may be on the boundary of the parameter space.
  warnings.warn(msg, ConvergenceWarning)
C:\Users\ayesha.gull01\AppData\Local\Programs\Python\Python313\Lib\site-packages\statsmodels\regression\mixed_linear_model.py:2237: ConvergenceWarning: The MLE may be on the boundary of the parameter space.
  warnings.warn(msg, ConvergenceWarning)
C:\Users\ayesha.gull01\AppData\Local\Programs\Python\Python313\Lib\site-packages\statsmodels\regression\mixed_linear_model.py:2237: ConvergenceWarning: The MLE may be on the boundary of the parameter space.
  warnings.warn(msg, ConvergenceWarning)
pp M6_S19_R1_sma0.0_rho0.0_beta0.05_shared: 200 datasets in 346s
C:\Users\ayesha.gull01\AppData\Local\Programs\Python\Python313\Lib\site-packages\statsmodels\regression\mixed_linear_model.py:2237: ConvergenceWarning: The MLE may be on the boundary of the parameter space.
  warnings.warn(msg, ConvergenceWarning)
C:\Users\ayesha.gull01\AppData\Local\Programs\Python\Python313\Lib\site-packages\statsmodels\regression\mixed_linear_model.py:2237: ConvergenceWarning: The MLE may be on the boundary of the parameter space.
  warnings.warn(msg, ConvergenceWarning)
C:\Users\ayesha.gull01\AppData\Local\Programs\Python\Python313\Lib\site-packages\statsmodels\regression\mixed_linear_model.py:2237: ConvergenceWarning: The MLE may be on the boundary of the parameter space.
  warnings.warn(msg, ConvergenceWarning)
C:\Users\ayesha.gull01\AppData\Local\Programs\Python\Python313\Lib\site-packages\statsmodels\regression\mixed_linear_model.py:2237: ConvergenceWarning: The MLE may be on the boundary of the parameter space.
  warnings.warn(msg, ConvergenceWarning)
C:\Users\ayesha.gull01\AppData\Local\Programs\Python\Python313\Lib\site-packages\statsmodels\regression\mixed_linear_model.py:2237: ConvergenceWarning: The MLE may be on the boundary of the parameter space.
  warnings.warn(msg, ConvergenceWarning)
C:\Users\ayesha.gull01\AppData\Local\Programs\Python\Python313\Lib\site-packages\statsmodels\regression\mixed_linear_model.py:2237: ConvergenceWarning: The MLE may be on the boundary of the parameter space.
  warnings.warn(msg, ConvergenceWarning)
C:\Users\ayesha.gull01\AppData\Local\Programs\Python\Python313\Lib\site-packages\statsmodels\regression\mixed_linear_model.py:2237: ConvergenceWarning: The MLE may be on the boundary of the parameter space.
  warnings.warn(msg, ConvergenceWarning)
C:\Users\ayesha.gull01\AppData\Local\Programs\Python\Python313\Lib\site-packages\statsmodels\regression\mixed_linear_model.py:2237: ConvergenceWarning: The MLE may be on the boundary of the parameter space.
  warnings.warn(msg, ConvergenceWarning)
C:\Users\ayesha.gull01\AppData\Local\Programs\Python\Python313\Lib\site-packages\statsmodels\regression\mixed_linear_model.py:2237: ConvergenceWarning: The MLE may be on the boundary of the parameter space.
  warnings.warn(msg, ConvergenceWarning)
C:\Users\ayesha.gull01\AppData\Local\Programs\Python\Python313\Lib\site-packages\statsmodels\regression\mixed_linear_model.py:2237: ConvergenceWarning: The MLE may be on the boundary of the parameter space.
  warnings.warn(msg, ConvergenceWarning)
C:\Users\ayesha.gull01\AppData\Local\Programs\Python\Python313\Lib\site-packages\statsmodels\regression\mixed_linear_model.py:2237: ConvergenceWarning: The MLE may be on the boundary of the parameter space.
  warnings.warn(msg, ConvergenceWarning)
C:\Users\ayesha.gull01\AppData\Local\Programs\Python\Python313\Lib\site-packages\statsmodels\regression\mixed_linear_model.py:2237: ConvergenceWarning: The MLE may be on the boundary of the parameter space.
  warnings.warn(msg, ConvergenceWarning)
C:\Users\ayesha.gull01\AppData\Local\Programs\Python\Python313\Lib\site-packages\statsmodels\regression\mixed_linear_model.py:2237: ConvergenceWarning: The MLE may be on the boundary of the parameter space.
  warnings.warn(msg, ConvergenceWarning)
C:\Users\ayesha.gull01\AppData\Local\Programs\Python\Python313\Lib\site-packages\statsmodels\regression\mixed_linear_model.py:2237: ConvergenceWarning: The MLE may be on the boundary of the parameter space.
  warnings.warn(msg, ConvergenceWarning)
C:\Users\ayesha.gull01\AppData\Local\Programs\Python\Python313\Lib\site-packages\statsmodels\regression\mixed_linear_model.py:2237: ConvergenceWarning: The MLE may be on the boundary of the parameter space.
  warnings.warn(msg, ConvergenceWarning)
C:\Users\ayesha.gull01\AppData\Local\Programs\Python\Python313\Lib\site-packages\statsmodels\regression\mixed_linear_model.py:2237: ConvergenceWarning: The MLE may be on the boundary of the parameter space.
  warnings.warn(msg, ConvergenceWarning)
C:\Users\ayesha.gull01\AppData\Local\Programs\Python\Python313\Lib\site-packages\statsmodels\regression\mixed_linear_model.py:2237: ConvergenceWarning: The MLE may be on the boundary of the parameter space.
  warnings.warn(msg, ConvergenceWarning)
C:\Users\ayesha.gull01\AppData\Local\Programs\Python\Python313\Lib\site-packages\statsmodels\regression\mixed_linear_model.py:2237: ConvergenceWarning: The MLE may be on the boundary of the parameter space.
  warnings.warn(msg, ConvergenceWarning)
C:\Users\ayesha.gull01\AppData\Local\Programs\Python\Python313\Lib\site-packages\statsmodels\regression\mixed_linear_model.py:2237: ConvergenceWarning: The MLE may be on the boundary of the parameter space.
  warnings.warn(msg, ConvergenceWarning)
C:\Users\ayesha.gull01\AppData\Local\Programs\Python\Python313\Lib\site-packages\statsmodels\regression\mixed_linear_model.py:2237: ConvergenceWarning: The MLE may be on the boundary of the parameter space.
  warnings.warn(msg, ConvergenceWarning)
C:\Users\ayesha.gull01\AppData\Local\Programs\Python\Python313\Lib\site-packages\statsmodels\regression\mixed_linear_model.py:2237: ConvergenceWarning: The MLE may be on the boundary of the parameter space.
  warnings.warn(msg, ConvergenceWarning)
C:\Users\ayesha.gull01\AppData\Local\Programs\Python\Python313\Lib\site-packages\statsmodels\regression\mixed_linear_model.py:2237: ConvergenceWarning: The MLE may be on the boundary of the parameter space.
  warnings.warn(msg, ConvergenceWarning)
C:\Users\ayesha.gull01\AppData\Local\Programs\Python\Python313\Lib\site-packages\statsmodels\regression\mixed_linear_model.py:2237: ConvergenceWarning: The MLE may be on the boundary of the parameter space.
  warnings.warn(msg, ConvergenceWarning)
C:\Users\ayesha.gull01\AppData\Local\Programs\Python\Python313\Lib\site-packages\statsmodels\regression\mixed_linear_model.py:2237: ConvergenceWarning: The MLE may be on the boundary of the parameter space.
  warnings.warn(msg, ConvergenceWarning)
C:\Users\ayesha.gull01\AppData\Local\Programs\Python\Python313\Lib\site-packages\statsmodels\regression\mixed_linear_model.py:2237: ConvergenceWarning: The MLE may be on the boundary of the parameter space.
  warnings.warn(msg, ConvergenceWarning)
C:\Users\ayesha.gull01\AppData\Local\Programs\Python\Python313\Lib\site-packages\statsmodels\regression\mixed_linear_model.py:2237: ConvergenceWarning: The MLE may be on the boundary of the parameter space.
  warnings.warn(msg, ConvergenceWarning)
C:\Users\ayesha.gull01\AppData\Local\Programs\Python\Python313\Lib\site-packages\statsmodels\regression\mixed_linear_model.py:2237: ConvergenceWarning: The MLE may be on the boundary of the parameter space.
  warnings.warn(msg, ConvergenceWarning)
C:\Users\ayesha.gull01\AppData\Local\Programs\Python\Python313\Lib\site-packages\statsmodels\regression\mixed_linear_model.py:2237: ConvergenceWarning: The MLE may be on the boundary of the parameter space.
  warnings.warn(msg, ConvergenceWarning)
C:\Users\ayesha.gull01\AppData\Local\Programs\Python\Python313\Lib\site-packages\statsmodels\base\model.py:607: ConvergenceWarning: Maximum Likelihood optimization failed to converge. Check mle_retvals
  warnings.warn("Maximum Likelihood optimization failed to "
C:\Users\ayesha.gull01\AppData\Local\Programs\Python\Python313\Lib\site-packages\statsmodels\regression\mixed_linear_model.py:2206: ConvergenceWarning: MixedLM optimization failed, trying a different optimizer may help.
  warnings.warn(msg, ConvergenceWarning)
C:\Users\ayesha.gull01\AppData\Local\Programs\Python\Python313\Lib\site-packages\statsmodels\regression\mixed_linear_model.py:2218: ConvergenceWarning: Gradient optimization failed, |grad| = 0.080545
  warnings.warn(msg, ConvergenceWarning)
C:\Users\ayesha.gull01\AppData\Local\Programs\Python\Python313\Lib\site-packages\statsmodels\regression\mixed_linear_model.py:2237: ConvergenceWarning: The MLE may be on the boundary of the parameter space.
  warnings.warn(msg, ConvergenceWarning)
C:\Users\ayesha.gull01\AppData\Local\Programs\Python\Python313\Lib\site-packages\statsmodels\regression\mixed_linear_model.py:2237: ConvergenceWarning: The MLE may be on the boundary of the parameter space.
  warnings.warn(msg, ConvergenceWarning)
C:\Users\ayesha.gull01\AppData\Local\Programs\Python\Python313\Lib\site-packages\statsmodels\regression\mixed_linear_model.py:2237: ConvergenceWarning: The MLE may be on the boundary of the parameter space.
  warnings.warn(msg, ConvergenceWarning)
C:\Users\ayesha.gull01\AppData\Local\Programs\Python\Python313\Lib\site-packages\statsmodels\regression\mixed_linear_model.py:2237: ConvergenceWarning: The MLE may be on the boundary of the parameter space.
  warnings.warn(msg, ConvergenceWarning)
C:\Users\ayesha.gull01\AppData\Local\Programs\Python\Python313\Lib\site-packages\statsmodels\regression\mixed_linear_model.py:2237: ConvergenceWarning: The MLE may be on the boundary of the parameter space.
  warnings.warn(msg, ConvergenceWarning)
C:\Users\ayesha.gull01\AppData\Local\Programs\Python\Python313\Lib\site-packages\statsmodels\regression\mixed_linear_model.py:2237: ConvergenceWarning: The MLE may be on the boundary of the parameter space.
  warnings.warn(msg, ConvergenceWarning)
C:\Users\ayesha.gull01\AppData\Local\Programs\Python\Python313\Lib\site-packages\statsmodels\regression\mixed_linear_model.py:2237: ConvergenceWarning: The MLE may be on the boundary of the parameter space.
  warnings.warn(msg, ConvergenceWarning)
pp M6_S19_R1_sma0.03_rho0.0_beta0.0_shared: 200 datasets in 211s
C:\Users\ayesha.gull01\AppData\Local\Programs\Python\Python313\Lib\site-packages\statsmodels\regression\mixed_linear_model.py:2237: ConvergenceWarning: The MLE may be on the boundary of the parameter space.
  warnings.warn(msg, ConvergenceWarning)
C:\Users\ayesha.gull01\AppData\Local\Programs\Python\Python313\Lib\site-packages\statsmodels\regression\mixed_linear_model.py:2237: ConvergenceWarning: The MLE may be on the boundary of the parameter space.
  warnings.warn(msg, ConvergenceWarning)
C:\Users\ayesha.gull01\AppData\Local\Programs\Python\Python313\Lib\site-packages\statsmodels\regression\mixed_linear_model.py:2237: ConvergenceWarning: The MLE may be on the boundary of the parameter space.
  warnings.warn(msg, ConvergenceWarning)
C:\Users\ayesha.gull01\AppData\Local\Programs\Python\Python313\Lib\site-packages\statsmodels\regression\mixed_linear_model.py:2237: ConvergenceWarning: The MLE may be on the boundary of the parameter space.
  warnings.warn(msg, ConvergenceWarning)
C:\Users\ayesha.gull01\AppData\Local\Programs\Python\Python313\Lib\site-packages\statsmodels\regression\mixed_linear_model.py:2237: ConvergenceWarning: The MLE may be on the boundary of the parameter space.
  warnings.warn(msg, ConvergenceWarning)
C:\Users\ayesha.gull01\AppData\Local\Programs\Python\Python313\Lib\site-packages\statsmodels\regression\mixed_linear_model.py:2237: ConvergenceWarning: The MLE may be on the boundary of the parameter space.
  warnings.warn(msg, ConvergenceWarning)
C:\Users\ayesha.gull01\AppData\Local\Programs\Python\Python313\Lib\site-packages\statsmodels\regression\mixed_linear_model.py:2237: ConvergenceWarning: The MLE may be on the boundary of the parameter space.
  warnings.warn(msg, ConvergenceWarning)
C:\Users\ayesha.gull01\AppData\Local\Programs\Python\Python313\Lib\site-packages\statsmodels\regression\mixed_linear_model.py:2237: ConvergenceWarning: The MLE may be on the boundary of the parameter space.
  warnings.warn(msg, ConvergenceWarning)
C:\Users\ayesha.gull01\AppData\Local\Programs\Python\Python313\Lib\site-packages\statsmodels\regression\mixed_linear_model.py:2237: ConvergenceWarning: The MLE may be on the boundary of the parameter space.
  warnings.warn(msg, ConvergenceWarning)
C:\Users\ayesha.gull01\AppData\Local\Programs\Python\Python313\Lib\site-packages\statsmodels\regression\mixed_linear_model.py:2237: ConvergenceWarning: The MLE may be on the boundary of the parameter space.
  warnings.warn(msg, ConvergenceWarning)
C:\Users\ayesha.gull01\AppData\Local\Programs\Python\Python313\Lib\site-packages\statsmodels\regression\mixed_linear_model.py:2237: ConvergenceWarning: The MLE may be on the boundary of the parameter space.
  warnings.warn(msg, ConvergenceWarning)
C:\Users\ayesha.gull01\AppData\Local\Programs\Python\Python313\Lib\site-packages\statsmodels\regression\mixed_linear_model.py:2237: ConvergenceWarning: The MLE may be on the boundary of the parameter space.
  warnings.warn(msg, ConvergenceWarning)
C:\Users\ayesha.gull01\AppData\Local\Programs\Python\Python313\Lib\site-packages\statsmodels\regression\mixed_linear_model.py:2237: ConvergenceWarning: The MLE may be on the boundary of the parameter space.
  warnings.warn(msg, ConvergenceWarning)
C:\Users\ayesha.gull01\AppData\Local\Programs\Python\Python313\Lib\site-packages\statsmodels\regression\mixed_linear_model.py:2237: ConvergenceWarning: The MLE may be on the boundary of the parameter space.
  warnings.warn(msg, ConvergenceWarning)
C:\Users\ayesha.gull01\AppData\Local\Programs\Python\Python313\Lib\site-packages\statsmodels\regression\mixed_linear_model.py:2237: ConvergenceWarning: The MLE may be on the boundary of the parameter space.
  warnings.warn(msg, ConvergenceWarning)
C:\Users\ayesha.gull01\AppData\Local\Programs\Python\Python313\Lib\site-packages\statsmodels\regression\mixed_linear_model.py:2237: ConvergenceWarning: The MLE may be on the boundary of the parameter space.
  warnings.warn(msg, ConvergenceWarning)
C:\Users\ayesha.gull01\AppData\Local\Programs\Python\Python313\Lib\site-packages\statsmodels\regression\mixed_linear_model.py:2237: ConvergenceWarning: The MLE may be on the boundary of the parameter space.
  warnings.warn(msg, ConvergenceWarning)
C:\Users\ayesha.gull01\AppData\Local\Programs\Python\Python313\Lib\site-packages\statsmodels\regression\mixed_linear_model.py:2237: ConvergenceWarning: The MLE may be on the boundary of the parameter space.
  warnings.warn(msg, ConvergenceWarning)
C:\Users\ayesha.gull01\AppData\Local\Programs\Python\Python313\Lib\site-packages\statsmodels\regression\mixed_linear_model.py:2237: ConvergenceWarning: The MLE may be on the boundary of the parameter space.
  warnings.warn(msg, ConvergenceWarning)
C:\Users\ayesha.gull01\AppData\Local\Programs\Python\Python313\Lib\site-packages\statsmodels\regression\mixed_linear_model.py:2237: ConvergenceWarning: The MLE may be on the boundary of the parameter space.
  warnings.warn(msg, ConvergenceWarning)
C:\Users\ayesha.gull01\AppData\Local\Programs\Python\Python313\Lib\site-packages\statsmodels\regression\mixed_linear_model.py:2237: ConvergenceWarning: The MLE may be on the boundary of the parameter space.
  warnings.warn(msg, ConvergenceWarning)
C:\Users\ayesha.gull01\AppData\Local\Programs\Python\Python313\Lib\site-packages\statsmodels\regression\mixed_linear_model.py:2237: ConvergenceWarning: The MLE may be on the boundary of the parameter space.
  warnings.warn(msg, ConvergenceWarning)
C:\Users\ayesha.gull01\AppData\Local\Programs\Python\Python313\Lib\site-packages\statsmodels\regression\mixed_linear_model.py:2237: ConvergenceWarning: The MLE may be on the boundary of the parameter space.
  warnings.warn(msg, ConvergenceWarning)
C:\Users\ayesha.gull01\AppData\Local\Programs\Python\Python313\Lib\site-packages\statsmodels\regression\mixed_linear_model.py:2237: ConvergenceWarning: The MLE may be on the boundary of the parameter space.
  warnings.warn(msg, ConvergenceWarning)
C:\Users\ayesha.gull01\AppData\Local\Programs\Python\Python313\Lib\site-packages\statsmodels\regression\mixed_linear_model.py:2237: ConvergenceWarning: The MLE may be on the boundary of the parameter space.
  warnings.warn(msg, ConvergenceWarning)
C:\Users\ayesha.gull01\AppData\Local\Programs\Python\Python313\Lib\site-packages\statsmodels\regression\mixed_linear_model.py:2237: ConvergenceWarning: The MLE may be on the boundary of the parameter space.
  warnings.warn(msg, ConvergenceWarning)
C:\Users\ayesha.gull01\AppData\Local\Programs\Python\Python313\Lib\site-packages\statsmodels\regression\mixed_linear_model.py:2237: ConvergenceWarning: The MLE may be on the boundary of the parameter space.
  warnings.warn(msg, ConvergenceWarning)
C:\Users\ayesha.gull01\AppData\Local\Programs\Python\Python313\Lib\site-packages\statsmodels\regression\mixed_linear_model.py:2237: ConvergenceWarning: The MLE may be on the boundary of the parameter space.
  warnings.warn(msg, ConvergenceWarning)
C:\Users\ayesha.gull01\AppData\Local\Programs\Python\Python313\Lib\site-packages\statsmodels\regression\mixed_linear_model.py:2237: ConvergenceWarning: The MLE may be on the boundary of the parameter space.
  warnings.warn(msg, ConvergenceWarning)
C:\Users\ayesha.gull01\AppData\Local\Programs\Python\Python313\Lib\site-packages\statsmodels\regression\mixed_linear_model.py:2237: ConvergenceWarning: The MLE may be on the boundary of the parameter space.
  warnings.warn(msg, ConvergenceWarning)
C:\Users\ayesha.gull01\AppData\Local\Programs\Python\Python313\Lib\site-packages\statsmodels\regression\mixed_linear_model.py:2237: ConvergenceWarning: The MLE may be on the boundary of the parameter space.
  warnings.warn(msg, ConvergenceWarning)
C:\Users\ayesha.gull01\AppData\Local\Programs\Python\Python313\Lib\site-packages\statsmodels\regression\mixed_linear_model.py:2237: ConvergenceWarning: The MLE may be on the boundary of the parameter space.
  warnings.warn(msg, ConvergenceWarning)
C:\Users\ayesha.gull01\AppData\Local\Programs\Python\Python313\Lib\site-packages\statsmodels\regression\mixed_linear_model.py:2237: ConvergenceWarning: The MLE may be on the boundary of the parameter space.
  warnings.warn(msg, ConvergenceWarning)
C:\Users\ayesha.gull01\AppData\Local\Programs\Python\Python313\Lib\site-packages\statsmodels\regression\mixed_linear_model.py:2237: ConvergenceWarning: The MLE may be on the boundary of the parameter space.
  warnings.warn(msg, ConvergenceWarning)
C:\Users\ayesha.gull01\AppData\Local\Programs\Python\Python313\Lib\site-packages\statsmodels\regression\mixed_linear_model.py:2237: ConvergenceWarning: The MLE may be on the boundary of the parameter space.
  warnings.warn(msg, ConvergenceWarning)
pp M6_S19_R1_sma0.03_rho0.0_beta0.05_shared: 200 datasets in 221s
C:\Users\ayesha.gull01\AppData\Local\Programs\Python\Python313\Lib\site-packages\statsmodels\regression\mixed_linear_model.py:2237: ConvergenceWarning: The MLE may be on the boundary of the parameter space.
  warnings.warn(msg, ConvergenceWarning)
C:\Users\ayesha.gull01\AppData\Local\Programs\Python\Python313\Lib\site-packages\statsmodels\regression\mixed_linear_model.py:2261: ConvergenceWarning: The Hessian matrix at the estimated parameter values is not positive definite.
  warnings.warn(msg, ConvergenceWarning)
C:\Users\ayesha.gull01\AppData\Local\Programs\Python\Python313\Lib\site-packages\statsmodels\regression\mixed_linear_model.py:2237: ConvergenceWarning: The MLE may be on the boundary of the parameter space.
  warnings.warn(msg, ConvergenceWarning)
C:\Users\ayesha.gull01\AppData\Local\Programs\Python\Python313\Lib\site-packages\statsmodels\regression\mixed_linear_model.py:2261: ConvergenceWarning: The Hessian matrix at the estimated parameter values is not positive definite.
  warnings.warn(msg, ConvergenceWarning)
C:\Users\ayesha.gull01\AppData\Local\Programs\Python\Python313\Lib\site-packages\statsmodels\regression\mixed_linear_model.py:2237: ConvergenceWarning: The MLE may be on the boundary of the parameter space.
  warnings.warn(msg, ConvergenceWarning)
C:\Users\ayesha.gull01\AppData\Local\Programs\Python\Python313\Lib\site-packages\statsmodels\regression\mixed_linear_model.py:2261: ConvergenceWarning: The Hessian matrix at the estimated parameter values is not positive definite.
  warnings.warn(msg, ConvergenceWarning)
C:\Users\ayesha.gull01\AppData\Local\Programs\Python\Python313\Lib\site-packages\statsmodels\regression\mixed_linear_model.py:2237: ConvergenceWarning: The MLE may be on the boundary of the parameter space.
  warnings.warn(msg, ConvergenceWarning)
C:\Users\ayesha.gull01\AppData\Local\Programs\Python\Python313\Lib\site-packages\statsmodels\regression\mixed_linear_model.py:2261: ConvergenceWarning: The Hessian matrix at the estimated parameter values is not positive definite.
  warnings.warn(msg, ConvergenceWarning)
C:\Users\ayesha.gull01\AppData\Local\Programs\Python\Python313\Lib\site-packages\statsmodels\regression\mixed_linear_model.py:2237: ConvergenceWarning: The MLE may be on the boundary of the parameter space.
  warnings.warn(msg, ConvergenceWarning)
C:\Users\ayesha.gull01\AppData\Local\Programs\Python\Python313\Lib\site-packages\statsmodels\regression\mixed_linear_model.py:2261: ConvergenceWarning: The Hessian matrix at the estimated parameter values is not positive definite.
  warnings.warn(msg, ConvergenceWarning)
C:\Users\ayesha.gull01\AppData\Local\Programs\Python\Python313\Lib\site-packages\statsmodels\base\model.py:607: ConvergenceWarning: Maximum Likelihood optimization failed to converge. Check mle_retvals
  warnings.warn("Maximum Likelihood optimization failed to "
C:\Users\ayesha.gull01\AppData\Local\Programs\Python\Python313\Lib\site-packages\statsmodels\regression\mixed_linear_model.py:2206: ConvergenceWarning: MixedLM optimization failed, trying a different optimizer may help.
  warnings.warn(msg, ConvergenceWarning)
C:\Users\ayesha.gull01\AppData\Local\Programs\Python\Python313\Lib\site-packages\statsmodels\regression\mixed_linear_model.py:2218: ConvergenceWarning: Gradient optimization failed, |grad| = 12.388148
  warnings.warn(msg, ConvergenceWarning)
C:\Users\ayesha.gull01\AppData\Local\Programs\Python\Python313\Lib\site-packages\statsmodels\regression\mixed_linear_model.py:2237: ConvergenceWarning: The MLE may be on the boundary of the parameter space.
  warnings.warn(msg, ConvergenceWarning)
C:\Users\ayesha.gull01\AppData\Local\Programs\Python\Python313\Lib\site-packages\statsmodels\regression\mixed_linear_model.py:2261: ConvergenceWarning: The Hessian matrix at the estimated parameter values is not positive definite.
  warnings.warn(msg, ConvergenceWarning)
C:\Users\ayesha.gull01\AppData\Local\Programs\Python\Python313\Lib\site-packages\statsmodels\base\model.py:607: ConvergenceWarning: Maximum Likelihood optimization failed to converge. Check mle_retvals
  warnings.warn("Maximum Likelihood optimization failed to "
C:\Users\ayesha.gull01\AppData\Local\Programs\Python\Python313\Lib\site-packages\statsmodels\regression\mixed_linear_model.py:2206: ConvergenceWarning: MixedLM optimization failed, trying a different optimizer may help.
  warnings.warn(msg, ConvergenceWarning)
C:\Users\ayesha.gull01\AppData\Local\Programs\Python\Python313\Lib\site-packages\statsmodels\regression\mixed_linear_model.py:2218: ConvergenceWarning: Gradient optimization failed, |grad| = 11.329489
  warnings.warn(msg, ConvergenceWarning)
C:\Users\ayesha.gull01\AppData\Local\Programs\Python\Python313\Lib\site-packages\statsmodels\regression\mixed_linear_model.py:2237: ConvergenceWarning: The MLE may be on the boundary of the parameter space.
  warnings.warn(msg, ConvergenceWarning)
C:\Users\ayesha.gull01\AppData\Local\Programs\Python\Python313\Lib\site-packages\statsmodels\regression\mixed_linear_model.py:2237: ConvergenceWarning: The MLE may be on the boundary of the parameter space.
  warnings.warn(msg, ConvergenceWarning)
C:\Users\ayesha.gull01\AppData\Local\Programs\Python\Python313\Lib\site-packages\statsmodels\regression\mixed_linear_model.py:2261: ConvergenceWarning: The Hessian matrix at the estimated parameter values is not positive definite.
  warnings.warn(msg, ConvergenceWarning)
C:\Users\ayesha.gull01\AppData\Local\Programs\Python\Python313\Lib\site-packages\statsmodels\regression\mixed_linear_model.py:2261: ConvergenceWarning: The Hessian matrix at the estimated parameter values is not positive definite.
  warnings.warn(msg, ConvergenceWarning)
C:\Users\ayesha.gull01\AppData\Local\Programs\Python\Python313\Lib\site-packages\statsmodels\regression\mixed_linear_model.py:2237: ConvergenceWarning: The MLE may be on the boundary of the parameter space.
  warnings.warn(msg, ConvergenceWarning)
C:\Users\ayesha.gull01\AppData\Local\Programs\Python\Python313\Lib\site-packages\statsmodels\regression\mixed_linear_model.py:2237: ConvergenceWarning: The MLE may be on the boundary of the parameter space.
  warnings.warn(msg, ConvergenceWarning)
C:\Users\ayesha.gull01\AppData\Local\Programs\Python\Python313\Lib\site-packages\statsmodels\regression\mixed_linear_model.py:2261: ConvergenceWarning: The Hessian matrix at the estimated parameter values is not positive definite.
  warnings.warn(msg, ConvergenceWarning)
C:\Users\ayesha.gull01\AppData\Local\Programs\Python\Python313\Lib\site-packages\statsmodels\regression\mixed_linear_model.py:2261: ConvergenceWarning: The Hessian matrix at the estimated parameter values is not positive definite.
  warnings.warn(msg, ConvergenceWarning)
C:\Users\ayesha.gull01\AppData\Local\Programs\Python\Python313\Lib\site-packages\statsmodels\base\model.py:607: ConvergenceWarning: Maximum Likelihood optimization failed to converge. Check mle_retvals
  warnings.warn("Maximum Likelihood optimization failed to "
C:\Users\ayesha.gull01\AppData\Local\Programs\Python\Python313\Lib\site-packages\statsmodels\regression\mixed_linear_model.py:2206: ConvergenceWarning: MixedLM optimization failed, trying a different optimizer may help.
  warnings.warn(msg, ConvergenceWarning)
C:\Users\ayesha.gull01\AppData\Local\Programs\Python\Python313\Lib\site-packages\statsmodels\regression\mixed_linear_model.py:2218: ConvergenceWarning: Gradient optimization failed, |grad| = 13.363162
  warnings.warn(msg, ConvergenceWarning)
C:\Users\ayesha.gull01\AppData\Local\Programs\Python\Python313\Lib\site-packages\statsmodels\regression\mixed_linear_model.py:2237: ConvergenceWarning: The MLE may be on the boundary of the parameter space.
  warnings.warn(msg, ConvergenceWarning)
C:\Users\ayesha.gull01\AppData\Local\Programs\Python\Python313\Lib\site-packages\statsmodels\regression\mixed_linear_model.py:2261: ConvergenceWarning: The Hessian matrix at the estimated parameter values is not positive definite.
  warnings.warn(msg, ConvergenceWarning)
C:\Users\ayesha.gull01\AppData\Local\Programs\Python\Python313\Lib\site-packages\statsmodels\regression\mixed_linear_model.py:2237: ConvergenceWarning: The MLE may be on the boundary of the parameter space.
  warnings.warn(msg, ConvergenceWarning)
C:\Users\ayesha.gull01\AppData\Local\Programs\Python\Python313\Lib\site-packages\statsmodels\regression\mixed_linear_model.py:2261: ConvergenceWarning: The Hessian matrix at the estimated parameter values is not positive definite.
  warnings.warn(msg, ConvergenceWarning)
C:\Users\ayesha.gull01\AppData\Local\Programs\Python\Python313\Lib\site-packages\statsmodels\regression\mixed_linear_model.py:2237: ConvergenceWarning: The MLE may be on the boundary of the parameter space.
  warnings.warn(msg, ConvergenceWarning)
C:\Users\ayesha.gull01\AppData\Local\Programs\Python\Python313\Lib\site-packages\statsmodels\regression\mixed_linear_model.py:2261: ConvergenceWarning: The Hessian matrix at the estimated parameter values is not positive definite.
  warnings.warn(msg, ConvergenceWarning)
C:\Users\ayesha.gull01\AppData\Local\Programs\Python\Python313\Lib\site-packages\statsmodels\base\model.py:607: ConvergenceWarning: Maximum Likelihood optimization failed to converge. Check mle_retvals
  warnings.warn("Maximum Likelihood optimization failed to "
C:\Users\ayesha.gull01\AppData\Local\Programs\Python\Python313\Lib\site-packages\statsmodels\regression\mixed_linear_model.py:2206: ConvergenceWarning: MixedLM optimization failed, trying a different optimizer may help.
  warnings.warn(msg, ConvergenceWarning)
C:\Users\ayesha.gull01\AppData\Local\Programs\Python\Python313\Lib\site-packages\statsmodels\regression\mixed_linear_model.py:2218: ConvergenceWarning: Gradient optimization failed, |grad| = 12.388148
  warnings.warn(msg, ConvergenceWarning)
C:\Users\ayesha.gull01\AppData\Local\Programs\Python\Python313\Lib\site-packages\statsmodels\regression\mixed_linear_model.py:2237: ConvergenceWarning: The MLE may be on the boundary of the parameter space.
  warnings.warn(msg, ConvergenceWarning)
C:\Users\ayesha.gull01\AppData\Local\Programs\Python\Python313\Lib\site-packages\statsmodels\regression\mixed_linear_model.py:2261: ConvergenceWarning: The Hessian matrix at the estimated parameter values is not positive definite.
  warnings.warn(msg, ConvergenceWarning)
C:\Users\ayesha.gull01\AppData\Local\Programs\Python\Python313\Lib\site-packages\statsmodels\base\model.py:607: ConvergenceWarning: Maximum Likelihood optimization failed to converge. Check mle_retvals
  warnings.warn("Maximum Likelihood optimization failed to "
C:\Users\ayesha.gull01\AppData\Local\Programs\Python\Python313\Lib\site-packages\statsmodels\regression\mixed_linear_model.py:2206: ConvergenceWarning: MixedLM optimization failed, trying a different optimizer may help.
  warnings.warn(msg, ConvergenceWarning)
C:\Users\ayesha.gull01\AppData\Local\Programs\Python\Python313\Lib\site-packages\statsmodels\regression\mixed_linear_model.py:2218: ConvergenceWarning: Gradient optimization failed, |grad| = 11.329489
  warnings.warn(msg, ConvergenceWarning)
C:\Users\ayesha.gull01\AppData\Local\Programs\Python\Python313\Lib\site-packages\statsmodels\regression\mixed_linear_model.py:2237: ConvergenceWarning: The MLE may be on the boundary of the parameter space.
  warnings.warn(msg, ConvergenceWarning)
C:\Users\ayesha.gull01\AppData\Local\Programs\Python\Python313\Lib\site-packages\statsmodels\regression\mixed_linear_model.py:2261: ConvergenceWarning: The Hessian matrix at the estimated parameter values is not positive definite.
  warnings.warn(msg, ConvergenceWarning)
C:\Users\ayesha.gull01\AppData\Local\Programs\Python\Python313\Lib\site-packages\statsmodels\regression\mixed_linear_model.py:2237: ConvergenceWarning: The MLE may be on the boundary of the parameter space.
  warnings.warn(msg, ConvergenceWarning)
C:\Users\ayesha.gull01\AppData\Local\Programs\Python\Python313\Lib\site-packages\statsmodels\base\model.py:607: ConvergenceWarning: Maximum Likelihood optimization failed to converge. Check mle_retvals
  warnings.warn("Maximum Likelihood optimization failed to "
C:\Users\ayesha.gull01\AppData\Local\Programs\Python\Python313\Lib\site-packages\statsmodels\regression\mixed_linear_model.py:2206: ConvergenceWarning: MixedLM optimization failed, trying a different optimizer may help.
  warnings.warn(msg, ConvergenceWarning)
C:\Users\ayesha.gull01\AppData\Local\Programs\Python\Python313\Lib\site-packages\statsmodels\regression\mixed_linear_model.py:2237: ConvergenceWarning: The MLE may be on the boundary of the parameter space.
  warnings.warn(msg, ConvergenceWarning)
C:\Users\ayesha.gull01\AppData\Local\Programs\Python\Python313\Lib\site-packages\statsmodels\regression\mixed_linear_model.py:2261: ConvergenceWarning: The Hessian matrix at the estimated parameter values is not positive definite.
  warnings.warn(msg, ConvergenceWarning)
C:\Users\ayesha.gull01\AppData\Local\Programs\Python\Python313\Lib\site-packages\statsmodels\regression\mixed_linear_model.py:2261: ConvergenceWarning: The Hessian matrix at the estimated parameter values is not positive definite.
  warnings.warn(msg, ConvergenceWarning)
C:\Users\ayesha.gull01\AppData\Local\Programs\Python\Python313\Lib\site-packages\statsmodels\regression\mixed_linear_model.py:2218: ConvergenceWarning: Gradient optimization failed, |grad| = 6.036025
  warnings.warn(msg, ConvergenceWarning)
C:\Users\ayesha.gull01\AppData\Local\Programs\Python\Python313\Lib\site-packages\statsmodels\regression\mixed_linear_model.py:2237: ConvergenceWarning: The MLE may be on the boundary of the parameter space.
  warnings.warn(msg, ConvergenceWarning)
C:\Users\ayesha.gull01\AppData\Local\Programs\Python\Python313\Lib\site-packages\statsmodels\regression\mixed_linear_model.py:2261: ConvergenceWarning: The Hessian matrix at the estimated parameter values is not positive definite.
  warnings.warn(msg, ConvergenceWarning)
C:\Users\ayesha.gull01\AppData\Local\Programs\Python\Python313\Lib\site-packages\statsmodels\regression\mixed_linear_model.py:2237: ConvergenceWarning: The MLE may be on the boundary of the parameter space.
  warnings.warn(msg, ConvergenceWarning)
C:\Users\ayesha.gull01\AppData\Local\Programs\Python\Python313\Lib\site-packages\statsmodels\regression\mixed_linear_model.py:2261: ConvergenceWarning: The Hessian matrix at the estimated parameter values is not positive definite.
  warnings.warn(msg, ConvergenceWarning)
C:\Users\ayesha.gull01\AppData\Local\Programs\Python\Python313\Lib\site-packages\statsmodels\base\model.py:607: ConvergenceWarning: Maximum Likelihood optimization failed to converge. Check mle_retvals
  warnings.warn("Maximum Likelihood optimization failed to "
C:\Users\ayesha.gull01\AppData\Local\Programs\Python\Python313\Lib\site-packages\statsmodels\regression\mixed_linear_model.py:2206: ConvergenceWarning: MixedLM optimization failed, trying a different optimizer may help.
  warnings.warn(msg, ConvergenceWarning)
C:\Users\ayesha.gull01\AppData\Local\Programs\Python\Python313\Lib\site-packages\statsmodels\regression\mixed_linear_model.py:2218: ConvergenceWarning: Gradient optimization failed, |grad| = 13.363162
  warnings.warn(msg, ConvergenceWarning)
C:\Users\ayesha.gull01\AppData\Local\Programs\Python\Python313\Lib\site-packages\statsmodels\regression\mixed_linear_model.py:2237: ConvergenceWarning: The MLE may be on the boundary of the parameter space.
  warnings.warn(msg, ConvergenceWarning)
C:\Users\ayesha.gull01\AppData\Local\Programs\Python\Python313\Lib\site-packages\statsmodels\regression\mixed_linear_model.py:2261: ConvergenceWarning: The Hessian matrix at the estimated parameter values is not positive definite.
  warnings.warn(msg, ConvergenceWarning)
C:\Users\ayesha.gull01\AppData\Local\Programs\Python\Python313\Lib\site-packages\statsmodels\regression\mixed_linear_model.py:2237: ConvergenceWarning: The MLE may be on the boundary of the parameter space.
  warnings.warn(msg, ConvergenceWarning)
C:\Users\ayesha.gull01\AppData\Local\Programs\Python\Python313\Lib\site-packages\statsmodels\regression\mixed_linear_model.py:2261: ConvergenceWarning: The Hessian matrix at the estimated parameter values is not positive definite.
  warnings.warn(msg, ConvergenceWarning)
C:\Users\ayesha.gull01\AppData\Local\Programs\Python\Python313\Lib\site-packages\statsmodels\regression\mixed_linear_model.py:2237: ConvergenceWarning: The MLE may be on the boundary of the parameter space.
  warnings.warn(msg, ConvergenceWarning)
C:\Users\ayesha.gull01\AppData\Local\Programs\Python\Python313\Lib\site-packages\statsmodels\regression\mixed_linear_model.py:2261: ConvergenceWarning: The Hessian matrix at the estimated parameter values is not positive definite.
  warnings.warn(msg, ConvergenceWarning)
C:\Users\ayesha.gull01\AppData\Local\Programs\Python\Python313\Lib\site-packages\statsmodels\regression\mixed_linear_model.py:2237: ConvergenceWarning: The MLE may be on the boundary of the parameter space.
  warnings.warn(msg, ConvergenceWarning)
C:\Users\ayesha.gull01\AppData\Local\Programs\Python\Python313\Lib\site-packages\statsmodels\regression\mixed_linear_model.py:2261: ConvergenceWarning: The Hessian matrix at the estimated parameter values is not positive definite.
  warnings.warn(msg, ConvergenceWarning)
C:\Users\ayesha.gull01\AppData\Local\Programs\Python\Python313\Lib\site-packages\statsmodels\regression\mixed_linear_model.py:2237: ConvergenceWarning: The MLE may be on the boundary of the parameter space.
  warnings.warn(msg, ConvergenceWarning)
C:\Users\ayesha.gull01\AppData\Local\Programs\Python\Python313\Lib\site-packages\statsmodels\regression\mixed_linear_model.py:2261: ConvergenceWarning: The Hessian matrix at the estimated parameter values is not positive definite.
  warnings.warn(msg, ConvergenceWarning)
C:\Users\ayesha.gull01\AppData\Local\Programs\Python\Python313\Lib\site-packages\statsmodels\regression\mixed_linear_model.py:2237: ConvergenceWarning: The MLE may be on the boundary of the parameter space.
  warnings.warn(msg, ConvergenceWarning)
C:\Users\ayesha.gull01\AppData\Local\Programs\Python\Python313\Lib\site-packages\statsmodels\regression\mixed_linear_model.py:2261: ConvergenceWarning: The Hessian matrix at the estimated parameter values is not positive definite.
  warnings.warn(msg, ConvergenceWarning)
C:\Users\ayesha.gull01\AppData\Local\Programs\Python\Python313\Lib\site-packages\statsmodels\regression\mixed_linear_model.py:2237: ConvergenceWarning: The MLE may be on the boundary of the parameter space.
  warnings.warn(msg, ConvergenceWarning)
C:\Users\ayesha.gull01\AppData\Local\Programs\Python\Python313\Lib\site-packages\statsmodels\regression\mixed_linear_model.py:2261: ConvergenceWarning: The Hessian matrix at the estimated parameter values is not positive definite.
  warnings.warn(msg, ConvergenceWarning)
C:\Users\ayesha.gull01\AppData\Local\Programs\Python\Python313\Lib\site-packages\statsmodels\regression\mixed_linear_model.py:2237: ConvergenceWarning: The MLE may be on the boundary of the parameter space.
  warnings.warn(msg, ConvergenceWarning)
C:\Users\ayesha.gull01\AppData\Local\Programs\Python\Python313\Lib\site-packages\statsmodels\regression\mixed_linear_model.py:2261: ConvergenceWarning: The Hessian matrix at the estimated parameter values is not positive definite.
  warnings.warn(msg, ConvergenceWarning)
C:\Users\ayesha.gull01\AppData\Local\Programs\Python\Python313\Lib\site-packages\statsmodels\base\model.py:607: ConvergenceWarning: Maximum Likelihood optimization failed to converge. Check mle_retvals
  warnings.warn("Maximum Likelihood optimization failed to "
C:\Users\ayesha.gull01\AppData\Local\Programs\Python\Python313\Lib\site-packages\statsmodels\regression\mixed_linear_model.py:2206: ConvergenceWarning: MixedLM optimization failed, trying a different optimizer may help.
  warnings.warn(msg, ConvergenceWarning)
C:\Users\ayesha.gull01\AppData\Local\Programs\Python\Python313\Lib\site-packages\statsmodels\regression\mixed_linear_model.py:2218: ConvergenceWarning: Gradient optimization failed, |grad| = 13.884359
  warnings.warn(msg, ConvergenceWarning)
C:\Users\ayesha.gull01\AppData\Local\Programs\Python\Python313\Lib\site-packages\statsmodels\regression\mixed_linear_model.py:2237: ConvergenceWarning: The MLE may be on the boundary of the parameter space.
  warnings.warn(msg, ConvergenceWarning)
C:\Users\ayesha.gull01\AppData\Local\Programs\Python\Python313\Lib\site-packages\statsmodels\regression\mixed_linear_model.py:2261: ConvergenceWarning: The Hessian matrix at the estimated parameter values is not positive definite.
  warnings.warn(msg, ConvergenceWarning)
C:\Users\ayesha.gull01\AppData\Local\Programs\Python\Python313\Lib\site-packages\statsmodels\regression\mixed_linear_model.py:2237: ConvergenceWarning: The MLE may be on the boundary of the parameter space.
  warnings.warn(msg, ConvergenceWarning)
C:\Users\ayesha.gull01\AppData\Local\Programs\Python\Python313\Lib\site-packages\statsmodels\regression\mixed_linear_model.py:2261: ConvergenceWarning: The Hessian matrix at the estimated parameter values is not positive definite.
  warnings.warn(msg, ConvergenceWarning)
C:\Users\ayesha.gull01\AppData\Local\Programs\Python\Python313\Lib\site-packages\statsmodels\regression\mixed_linear_model.py:2237: ConvergenceWarning: The MLE may be on the boundary of the parameter space.
  warnings.warn(msg, ConvergenceWarning)
C:\Users\ayesha.gull01\AppData\Local\Programs\Python\Python313\Lib\site-packages\statsmodels\regression\mixed_linear_model.py:2261: ConvergenceWarning: The Hessian matrix at the estimated parameter values is not positive definite.
  warnings.warn(msg, ConvergenceWarning)
C:\Users\ayesha.gull01\AppData\Local\Programs\Python\Python313\Lib\site-packages\statsmodels\regression\mixed_linear_model.py:2237: ConvergenceWarning: The MLE may be on the boundary of the parameter space.
  warnings.warn(msg, ConvergenceWarning)
C:\Users\ayesha.gull01\AppData\Local\Programs\Python\Python313\Lib\site-packages\statsmodels\regression\mixed_linear_model.py:2261: ConvergenceWarning: The Hessian matrix at the estimated parameter values is not positive definite.
  warnings.warn(msg, ConvergenceWarning)
C:\Users\ayesha.gull01\AppData\Local\Programs\Python\Python313\Lib\site-packages\statsmodels\regression\mixed_linear_model.py:2237: ConvergenceWarning: The MLE may be on the boundary of the parameter space.
  warnings.warn(msg, ConvergenceWarning)
C:\Users\ayesha.gull01\AppData\Local\Programs\Python\Python313\Lib\site-packages\statsmodels\regression\mixed_linear_model.py:2261: ConvergenceWarning: The Hessian matrix at the estimated parameter values is not positive definite.
  warnings.warn(msg, ConvergenceWarning)
C:\Users\ayesha.gull01\AppData\Local\Programs\Python\Python313\Lib\site-packages\statsmodels\regression\mixed_linear_model.py:2237: ConvergenceWarning: The MLE may be on the boundary of the parameter space.
  warnings.warn(msg, ConvergenceWarning)
C:\Users\ayesha.gull01\AppData\Local\Programs\Python\Python313\Lib\site-packages\statsmodels\regression\mixed_linear_model.py:2237: ConvergenceWarning: The MLE may be on the boundary of the parameter space.
  warnings.warn(msg, ConvergenceWarning)
C:\Users\ayesha.gull01\AppData\Local\Programs\Python\Python313\Lib\site-packages\statsmodels\regression\mixed_linear_model.py:2237: ConvergenceWarning: The MLE may be on the boundary of the parameter space.
  warnings.warn(msg, ConvergenceWarning)
C:\Users\ayesha.gull01\AppData\Local\Programs\Python\Python313\Lib\site-packages\statsmodels\regression\mixed_linear_model.py:2261: ConvergenceWarning: The Hessian matrix at the estimated parameter values is not positive definite.
  warnings.warn(msg, ConvergenceWarning)
pp M3_S19_R1_sma0.0_rho0.0_beta0.0_modelspecific: 200 datasets in 167s
C:\Users\ayesha.gull01\AppData\Local\Programs\Python\Python313\Lib\site-packages\statsmodels\regression\mixed_linear_model.py:2237: ConvergenceWarning: The MLE may be on the boundary of the parameter space.
  warnings.warn(msg, ConvergenceWarning)
C:\Users\ayesha.gull01\AppData\Local\Programs\Python\Python313\Lib\site-packages\statsmodels\regression\mixed_linear_model.py:2261: ConvergenceWarning: The Hessian matrix at the estimated parameter values is not positive definite.
  warnings.warn(msg, ConvergenceWarning)
C:\Users\ayesha.gull01\AppData\Local\Programs\Python\Python313\Lib\site-packages\statsmodels\regression\mixed_linear_model.py:2237: ConvergenceWarning: The MLE may be on the boundary of the parameter space.
  warnings.warn(msg, ConvergenceWarning)
C:\Users\ayesha.gull01\AppData\Local\Programs\Python\Python313\Lib\site-packages\statsmodels\regression\mixed_linear_model.py:2261: ConvergenceWarning: The Hessian matrix at the estimated parameter values is not positive definite.
  warnings.warn(msg, ConvergenceWarning)
C:\Users\ayesha.gull01\AppData\Local\Programs\Python\Python313\Lib\site-packages\statsmodels\regression\mixed_linear_model.py:2237: ConvergenceWarning: The MLE may be on the boundary of the parameter space.
  warnings.warn(msg, ConvergenceWarning)
C:\Users\ayesha.gull01\AppData\Local\Programs\Python\Python313\Lib\site-packages\statsmodels\regression\mixed_linear_model.py:2261: ConvergenceWarning: The Hessian matrix at the estimated parameter values is not positive definite.
  warnings.warn(msg, ConvergenceWarning)
C:\Users\ayesha.gull01\AppData\Local\Programs\Python\Python313\Lib\site-packages\statsmodels\regression\mixed_linear_model.py:2237: ConvergenceWarning: The MLE may be on the boundary of the parameter space.
  warnings.warn(msg, ConvergenceWarning)
C:\Users\ayesha.gull01\AppData\Local\Programs\Python\Python313\Lib\site-packages\statsmodels\regression\mixed_linear_model.py:2261: ConvergenceWarning: The Hessian matrix at the estimated parameter values is not positive definite.
  warnings.warn(msg, ConvergenceWarning)
C:\Users\ayesha.gull01\AppData\Local\Programs\Python\Python313\Lib\site-packages\statsmodels\regression\mixed_linear_model.py:2237: ConvergenceWarning: The MLE may be on the boundary of the parameter space.
  warnings.warn(msg, ConvergenceWarning)
C:\Users\ayesha.gull01\AppData\Local\Programs\Python\Python313\Lib\site-packages\statsmodels\regression\mixed_linear_model.py:2261: ConvergenceWarning: The Hessian matrix at the estimated parameter values is not positive definite.
  warnings.warn(msg, ConvergenceWarning)
C:\Users\ayesha.gull01\AppData\Local\Programs\Python\Python313\Lib\site-packages\statsmodels\base\model.py:607: ConvergenceWarning: Maximum Likelihood optimization failed to converge. Check mle_retvals
  warnings.warn("Maximum Likelihood optimization failed to "
C:\Users\ayesha.gull01\AppData\Local\Programs\Python\Python313\Lib\site-packages\statsmodels\regression\mixed_linear_model.py:2206: ConvergenceWarning: MixedLM optimization failed, trying a different optimizer may help.
  warnings.warn(msg, ConvergenceWarning)
C:\Users\ayesha.gull01\AppData\Local\Programs\Python\Python313\Lib\site-packages\statsmodels\regression\mixed_linear_model.py:2218: ConvergenceWarning: Gradient optimization failed, |grad| = 5.040863
  warnings.warn(msg, ConvergenceWarning)
C:\Users\ayesha.gull01\AppData\Local\Programs\Python\Python313\Lib\site-packages\statsmodels\regression\mixed_linear_model.py:2237: ConvergenceWarning: The MLE may be on the boundary of the parameter space.
  warnings.warn(msg, ConvergenceWarning)
C:\Users\ayesha.gull01\AppData\Local\Programs\Python\Python313\Lib\site-packages\statsmodels\regression\mixed_linear_model.py:2261: ConvergenceWarning: The Hessian matrix at the estimated parameter values is not positive definite.
  warnings.warn(msg, ConvergenceWarning)
C:\Users\ayesha.gull01\AppData\Local\Programs\Python\Python313\Lib\site-packages\statsmodels\regression\mixed_linear_model.py:2237: ConvergenceWarning: The MLE may be on the boundary of the parameter space.
  warnings.warn(msg, ConvergenceWarning)
C:\Users\ayesha.gull01\AppData\Local\Programs\Python\Python313\Lib\site-packages\statsmodels\regression\mixed_linear_model.py:2261: ConvergenceWarning: The Hessian matrix at the estimated parameter values is not positive definite.
  warnings.warn(msg, ConvergenceWarning)
C:\Users\ayesha.gull01\AppData\Local\Programs\Python\Python313\Lib\site-packages\statsmodels\base\model.py:607: ConvergenceWarning: Maximum Likelihood optimization failed to converge. Check mle_retvals
  warnings.warn("Maximum Likelihood optimization failed to "
C:\Users\ayesha.gull01\AppData\Local\Programs\Python\Python313\Lib\site-packages\statsmodels\regression\mixed_linear_model.py:2206: ConvergenceWarning: MixedLM optimization failed, trying a different optimizer may help.
  warnings.warn(msg, ConvergenceWarning)
C:\Users\ayesha.gull01\AppData\Local\Programs\Python\Python313\Lib\site-packages\statsmodels\regression\mixed_linear_model.py:2218: ConvergenceWarning: Gradient optimization failed, |grad| = 13.108471
  warnings.warn(msg, ConvergenceWarning)
C:\Users\ayesha.gull01\AppData\Local\Programs\Python\Python313\Lib\site-packages\statsmodels\regression\mixed_linear_model.py:2237: ConvergenceWarning: The MLE may be on the boundary of the parameter space.
  warnings.warn(msg, ConvergenceWarning)
C:\Users\ayesha.gull01\AppData\Local\Programs\Python\Python313\Lib\site-packages\statsmodels\regression\mixed_linear_model.py:2261: ConvergenceWarning: The Hessian matrix at the estimated parameter values is not positive definite.
  warnings.warn(msg, ConvergenceWarning)
C:\Users\ayesha.gull01\AppData\Local\Programs\Python\Python313\Lib\site-packages\statsmodels\regression\mixed_linear_model.py:2237: ConvergenceWarning: The MLE may be on the boundary of the parameter space.
  warnings.warn(msg, ConvergenceWarning)
C:\Users\ayesha.gull01\AppData\Local\Programs\Python\Python313\Lib\site-packages\statsmodels\regression\mixed_linear_model.py:2261: ConvergenceWarning: The Hessian matrix at the estimated parameter values is not positive definite.
  warnings.warn(msg, ConvergenceWarning)
C:\Users\ayesha.gull01\AppData\Local\Programs\Python\Python313\Lib\site-packages\statsmodels\regression\mixed_linear_model.py:2237: ConvergenceWarning: The MLE may be on the boundary of the parameter space.
  warnings.warn(msg, ConvergenceWarning)
C:\Users\ayesha.gull01\AppData\Local\Programs\Python\Python313\Lib\site-packages\statsmodels\regression\mixed_linear_model.py:2261: ConvergenceWarning: The Hessian matrix at the estimated parameter values is not positive definite.
  warnings.warn(msg, ConvergenceWarning)
C:\Users\ayesha.gull01\AppData\Local\Programs\Python\Python313\Lib\site-packages\statsmodels\regression\mixed_linear_model.py:2237: ConvergenceWarning: The MLE may be on the boundary of the parameter space.
  warnings.warn(msg, ConvergenceWarning)
C:\Users\ayesha.gull01\AppData\Local\Programs\Python\Python313\Lib\site-packages\statsmodels\regression\mixed_linear_model.py:2261: ConvergenceWarning: The Hessian matrix at the estimated parameter values is not positive definite.
  warnings.warn(msg, ConvergenceWarning)
C:\Users\ayesha.gull01\AppData\Local\Programs\Python\Python313\Lib\site-packages\statsmodels\regression\mixed_linear_model.py:2237: ConvergenceWarning: The MLE may be on the boundary of the parameter space.
  warnings.warn(msg, ConvergenceWarning)
C:\Users\ayesha.gull01\AppData\Local\Programs\Python\Python313\Lib\site-packages\statsmodels\regression\mixed_linear_model.py:2261: ConvergenceWarning: The Hessian matrix at the estimated parameter values is not positive definite.
  warnings.warn(msg, ConvergenceWarning)
C:\Users\ayesha.gull01\AppData\Local\Programs\Python\Python313\Lib\site-packages\statsmodels\regression\mixed_linear_model.py:2237: ConvergenceWarning: The MLE may be on the boundary of the parameter space.
  warnings.warn(msg, ConvergenceWarning)
C:\Users\ayesha.gull01\AppData\Local\Programs\Python\Python313\Lib\site-packages\statsmodels\regression\mixed_linear_model.py:2261: ConvergenceWarning: The Hessian matrix at the estimated parameter values is not positive definite.
  warnings.warn(msg, ConvergenceWarning)
C:\Users\ayesha.gull01\AppData\Local\Programs\Python\Python313\Lib\site-packages\statsmodels\regression\mixed_linear_model.py:2237: ConvergenceWarning: The MLE may be on the boundary of the parameter space.
  warnings.warn(msg, ConvergenceWarning)
C:\Users\ayesha.gull01\AppData\Local\Programs\Python\Python313\Lib\site-packages\statsmodels\regression\mixed_linear_model.py:2261: ConvergenceWarning: The Hessian matrix at the estimated parameter values is not positive definite.
  warnings.warn(msg, ConvergenceWarning)
C:\Users\ayesha.gull01\AppData\Local\Programs\Python\Python313\Lib\site-packages\statsmodels\regression\mixed_linear_model.py:2237: ConvergenceWarning: The MLE may be on the boundary of the parameter space.
  warnings.warn(msg, ConvergenceWarning)
C:\Users\ayesha.gull01\AppData\Local\Programs\Python\Python313\Lib\site-packages\statsmodels\regression\mixed_linear_model.py:2261: ConvergenceWarning: The Hessian matrix at the estimated parameter values is not positive definite.
  warnings.warn(msg, ConvergenceWarning)
C:\Users\ayesha.gull01\AppData\Local\Programs\Python\Python313\Lib\site-packages\statsmodels\base\model.py:607: ConvergenceWarning: Maximum Likelihood optimization failed to converge. Check mle_retvals
  warnings.warn("Maximum Likelihood optimization failed to "
C:\Users\ayesha.gull01\AppData\Local\Programs\Python\Python313\Lib\site-packages\statsmodels\regression\mixed_linear_model.py:2206: ConvergenceWarning: MixedLM optimization failed, trying a different optimizer may help.
  warnings.warn(msg, ConvergenceWarning)
C:\Users\ayesha.gull01\AppData\Local\Programs\Python\Python313\Lib\site-packages\statsmodels\regression\mixed_linear_model.py:2218: ConvergenceWarning: Gradient optimization failed, |grad| = 5.040863
  warnings.warn(msg, ConvergenceWarning)
C:\Users\ayesha.gull01\AppData\Local\Programs\Python\Python313\Lib\site-packages\statsmodels\regression\mixed_linear_model.py:2237: ConvergenceWarning: The MLE may be on the boundary of the parameter space.
  warnings.warn(msg, ConvergenceWarning)
C:\Users\ayesha.gull01\AppData\Local\Programs\Python\Python313\Lib\site-packages\statsmodels\regression\mixed_linear_model.py:2261: ConvergenceWarning: The Hessian matrix at the estimated parameter values is not positive definite.
  warnings.warn(msg, ConvergenceWarning)
C:\Users\ayesha.gull01\AppData\Local\Programs\Python\Python313\Lib\site-packages\statsmodels\regression\mixed_linear_model.py:2237: ConvergenceWarning: The MLE may be on the boundary of the parameter space.
  warnings.warn(msg, ConvergenceWarning)
C:\Users\ayesha.gull01\AppData\Local\Programs\Python\Python313\Lib\site-packages\statsmodels\regression\mixed_linear_model.py:2261: ConvergenceWarning: The Hessian matrix at the estimated parameter values is not positive definite.
  warnings.warn(msg, ConvergenceWarning)
C:\Users\ayesha.gull01\AppData\Local\Programs\Python\Python313\Lib\site-packages\statsmodels\regression\mixed_linear_model.py:2237: ConvergenceWarning: The MLE may be on the boundary of the parameter space.
  warnings.warn(msg, ConvergenceWarning)
C:\Users\ayesha.gull01\AppData\Local\Programs\Python\Python313\Lib\site-packages\statsmodels\regression\mixed_linear_model.py:2261: ConvergenceWarning: The Hessian matrix at the estimated parameter values is not positive definite.
  warnings.warn(msg, ConvergenceWarning)
C:\Users\ayesha.gull01\AppData\Local\Programs\Python\Python313\Lib\site-packages\statsmodels\base\model.py:607: ConvergenceWarning: Maximum Likelihood optimization failed to converge. Check mle_retvals
  warnings.warn("Maximum Likelihood optimization failed to "
C:\Users\ayesha.gull01\AppData\Local\Programs\Python\Python313\Lib\site-packages\statsmodels\regression\mixed_linear_model.py:2206: ConvergenceWarning: MixedLM optimization failed, trying a different optimizer may help.
  warnings.warn(msg, ConvergenceWarning)
C:\Users\ayesha.gull01\AppData\Local\Programs\Python\Python313\Lib\site-packages\statsmodels\regression\mixed_linear_model.py:2218: ConvergenceWarning: Gradient optimization failed, |grad| = 13.108471
  warnings.warn(msg, ConvergenceWarning)
C:\Users\ayesha.gull01\AppData\Local\Programs\Python\Python313\Lib\site-packages\statsmodels\regression\mixed_linear_model.py:2237: ConvergenceWarning: The MLE may be on the boundary of the parameter space.
  warnings.warn(msg, ConvergenceWarning)
C:\Users\ayesha.gull01\AppData\Local\Programs\Python\Python313\Lib\site-packages\statsmodels\regression\mixed_linear_model.py:2261: ConvergenceWarning: The Hessian matrix at the estimated parameter values is not positive definite.
  warnings.warn(msg, ConvergenceWarning)
C:\Users\ayesha.gull01\AppData\Local\Programs\Python\Python313\Lib\site-packages\statsmodels\regression\mixed_linear_model.py:2237: ConvergenceWarning: The MLE may be on the boundary of the parameter space.
  warnings.warn(msg, ConvergenceWarning)
C:\Users\ayesha.gull01\AppData\Local\Programs\Python\Python313\Lib\site-packages\statsmodels\regression\mixed_linear_model.py:2261: ConvergenceWarning: The Hessian matrix at the estimated parameter values is not positive definite.
  warnings.warn(msg, ConvergenceWarning)
C:\Users\ayesha.gull01\AppData\Local\Programs\Python\Python313\Lib\site-packages\statsmodels\regression\mixed_linear_model.py:2237: ConvergenceWarning: The MLE may be on the boundary of the parameter space.
  warnings.warn(msg, ConvergenceWarning)
C:\Users\ayesha.gull01\AppData\Local\Programs\Python\Python313\Lib\site-packages\statsmodels\regression\mixed_linear_model.py:2261: ConvergenceWarning: The Hessian matrix at the estimated parameter values is not positive definite.
  warnings.warn(msg, ConvergenceWarning)
C:\Users\ayesha.gull01\AppData\Local\Programs\Python\Python313\Lib\site-packages\statsmodels\regression\mixed_linear_model.py:2237: ConvergenceWarning: The MLE may be on the boundary of the parameter space.
  warnings.warn(msg, ConvergenceWarning)
C:\Users\ayesha.gull01\AppData\Local\Programs\Python\Python313\Lib\site-packages\statsmodels\regression\mixed_linear_model.py:2261: ConvergenceWarning: The Hessian matrix at the estimated parameter values is not positive definite.
  warnings.warn(msg, ConvergenceWarning)
C:\Users\ayesha.gull01\AppData\Local\Programs\Python\Python313\Lib\site-packages\statsmodels\regression\mixed_linear_model.py:2237: ConvergenceWarning: The MLE may be on the boundary of the parameter space.
  warnings.warn(msg, ConvergenceWarning)
C:\Users\ayesha.gull01\AppData\Local\Programs\Python\Python313\Lib\site-packages\statsmodels\regression\mixed_linear_model.py:2237: ConvergenceWarning: The MLE may be on the boundary of the parameter space.
  warnings.warn(msg, ConvergenceWarning)
C:\Users\ayesha.gull01\AppData\Local\Programs\Python\Python313\Lib\site-packages\statsmodels\regression\mixed_linear_model.py:2261: ConvergenceWarning: The Hessian matrix at the estimated parameter values is not positive definite.
  warnings.warn(msg, ConvergenceWarning)
C:\Users\ayesha.gull01\AppData\Local\Programs\Python\Python313\Lib\site-packages\statsmodels\regression\mixed_linear_model.py:2261: ConvergenceWarning: The Hessian matrix at the estimated parameter values is not positive definite.
  warnings.warn(msg, ConvergenceWarning)
C:\Users\ayesha.gull01\AppData\Local\Programs\Python\Python313\Lib\site-packages\statsmodels\base\model.py:607: ConvergenceWarning: Maximum Likelihood optimization failed to converge. Check mle_retvals
  warnings.warn("Maximum Likelihood optimization failed to "
C:\Users\ayesha.gull01\AppData\Local\Programs\Python\Python313\Lib\site-packages\statsmodels\regression\mixed_linear_model.py:2206: ConvergenceWarning: MixedLM optimization failed, trying a different optimizer may help.
  warnings.warn(msg, ConvergenceWarning)
C:\Users\ayesha.gull01\AppData\Local\Programs\Python\Python313\Lib\site-packages\statsmodels\regression\mixed_linear_model.py:2218: ConvergenceWarning: Gradient optimization failed, |grad| = 15.303399
  warnings.warn(msg, ConvergenceWarning)
C:\Users\ayesha.gull01\AppData\Local\Programs\Python\Python313\Lib\site-packages\statsmodels\regression\mixed_linear_model.py:2237: ConvergenceWarning: The MLE may be on the boundary of the parameter space.
  warnings.warn(msg, ConvergenceWarning)
C:\Users\ayesha.gull01\AppData\Local\Programs\Python\Python313\Lib\site-packages\statsmodels\regression\mixed_linear_model.py:2261: ConvergenceWarning: The Hessian matrix at the estimated parameter values is not positive definite.
  warnings.warn(msg, ConvergenceWarning)
C:\Users\ayesha.gull01\AppData\Local\Programs\Python\Python313\Lib\site-packages\statsmodels\regression\mixed_linear_model.py:2237: ConvergenceWarning: The MLE may be on the boundary of the parameter space.
  warnings.warn(msg, ConvergenceWarning)
C:\Users\ayesha.gull01\AppData\Local\Programs\Python\Python313\Lib\site-packages\statsmodels\regression\mixed_linear_model.py:2237: ConvergenceWarning: The MLE may be on the boundary of the parameter space.
  warnings.warn(msg, ConvergenceWarning)
C:\Users\ayesha.gull01\AppData\Local\Programs\Python\Python313\Lib\site-packages\statsmodels\regression\mixed_linear_model.py:2261: ConvergenceWarning: The Hessian matrix at the estimated parameter values is not positive definite.
  warnings.warn(msg, ConvergenceWarning)
C:\Users\ayesha.gull01\AppData\Local\Programs\Python\Python313\Lib\site-packages\statsmodels\regression\mixed_linear_model.py:2237: ConvergenceWarning: The MLE may be on the boundary of the parameter space.
  warnings.warn(msg, ConvergenceWarning)
C:\Users\ayesha.gull01\AppData\Local\Programs\Python\Python313\Lib\site-packages\statsmodels\base\model.py:607: ConvergenceWarning: Maximum Likelihood optimization failed to converge. Check mle_retvals
  warnings.warn("Maximum Likelihood optimization failed to "
C:\Users\ayesha.gull01\AppData\Local\Programs\Python\Python313\Lib\site-packages\statsmodels\regression\mixed_linear_model.py:2206: ConvergenceWarning: MixedLM optimization failed, trying a different optimizer may help.
  warnings.warn(msg, ConvergenceWarning)
C:\Users\ayesha.gull01\AppData\Local\Programs\Python\Python313\Lib\site-packages\statsmodels\regression\mixed_linear_model.py:2218: ConvergenceWarning: Gradient optimization failed, |grad| = 6.768807
  warnings.warn(msg, ConvergenceWarning)
C:\Users\ayesha.gull01\AppData\Local\Programs\Python\Python313\Lib\site-packages\statsmodels\regression\mixed_linear_model.py:2237: ConvergenceWarning: The MLE may be on the boundary of the parameter space.
  warnings.warn(msg, ConvergenceWarning)
C:\Users\ayesha.gull01\AppData\Local\Programs\Python\Python313\Lib\site-packages\statsmodels\regression\mixed_linear_model.py:2261: ConvergenceWarning: The Hessian matrix at the estimated parameter values is not positive definite.
  warnings.warn(msg, ConvergenceWarning)
C:\Users\ayesha.gull01\AppData\Local\Programs\Python\Python313\Lib\site-packages\statsmodels\base\model.py:607: ConvergenceWarning: Maximum Likelihood optimization failed to converge. Check mle_retvals
  warnings.warn("Maximum Likelihood optimization failed to "
C:\Users\ayesha.gull01\AppData\Local\Programs\Python\Python313\Lib\site-packages\statsmodels\regression\mixed_linear_model.py:2206: ConvergenceWarning: MixedLM optimization failed, trying a different optimizer may help.
  warnings.warn(msg, ConvergenceWarning)
C:\Users\ayesha.gull01\AppData\Local\Programs\Python\Python313\Lib\site-packages\statsmodels\regression\mixed_linear_model.py:2218: ConvergenceWarning: Gradient optimization failed, |grad| = 28.709139
  warnings.warn(msg, ConvergenceWarning)
C:\Users\ayesha.gull01\AppData\Local\Programs\Python\Python313\Lib\site-packages\statsmodels\regression\mixed_linear_model.py:2237: ConvergenceWarning: The MLE may be on the boundary of the parameter space.
  warnings.warn(msg, ConvergenceWarning)
C:\Users\ayesha.gull01\AppData\Local\Programs\Python\Python313\Lib\site-packages\statsmodels\regression\mixed_linear_model.py:2261: ConvergenceWarning: The Hessian matrix at the estimated parameter values is not positive definite.
  warnings.warn(msg, ConvergenceWarning)
C:\Users\ayesha.gull01\AppData\Local\Programs\Python\Python313\Lib\site-packages\statsmodels\regression\mixed_linear_model.py:2237: ConvergenceWarning: The MLE may be on the boundary of the parameter space.
  warnings.warn(msg, ConvergenceWarning)
C:\Users\ayesha.gull01\AppData\Local\Programs\Python\Python313\Lib\site-packages\statsmodels\regression\mixed_linear_model.py:2237: ConvergenceWarning: The MLE may be on the boundary of the parameter space.
  warnings.warn(msg, ConvergenceWarning)
C:\Users\ayesha.gull01\AppData\Local\Programs\Python\Python313\Lib\site-packages\statsmodels\regression\mixed_linear_model.py:2237: ConvergenceWarning: The MLE may be on the boundary of the parameter space.
  warnings.warn(msg, ConvergenceWarning)
C:\Users\ayesha.gull01\AppData\Local\Programs\Python\Python313\Lib\site-packages\statsmodels\regression\mixed_linear_model.py:2261: ConvergenceWarning: The Hessian matrix at the estimated parameter values is not positive definite.
  warnings.warn(msg, ConvergenceWarning)
C:\Users\ayesha.gull01\AppData\Local\Programs\Python\Python313\Lib\site-packages\statsmodels\regression\mixed_linear_model.py:2237: ConvergenceWarning: The MLE may be on the boundary of the parameter space.
  warnings.warn(msg, ConvergenceWarning)
C:\Users\ayesha.gull01\AppData\Local\Programs\Python\Python313\Lib\site-packages\statsmodels\regression\mixed_linear_model.py:2237: ConvergenceWarning: The MLE may be on the boundary of the parameter space.
  warnings.warn(msg, ConvergenceWarning)
pp M3_S19_R1_sma0.0_rho0.0_beta0.05_modelspecific: 200 datasets in 179s
C:\Users\ayesha.gull01\AppData\Local\Programs\Python\Python313\Lib\site-packages\statsmodels\regression\mixed_linear_model.py:2237: ConvergenceWarning: The MLE may be on the boundary of the parameter space.
  warnings.warn(msg, ConvergenceWarning)
C:\Users\ayesha.gull01\AppData\Local\Programs\Python\Python313\Lib\site-packages\statsmodels\regression\mixed_linear_model.py:2237: ConvergenceWarning: The MLE may be on the boundary of the parameter space.
  warnings.warn(msg, ConvergenceWarning)
C:\Users\ayesha.gull01\AppData\Local\Programs\Python\Python313\Lib\site-packages\statsmodels\regression\mixed_linear_model.py:2237: ConvergenceWarning: The MLE may be on the boundary of the parameter space.
  warnings.warn(msg, ConvergenceWarning)
C:\Users\ayesha.gull01\AppData\Local\Programs\Python\Python313\Lib\site-packages\statsmodels\regression\mixed_linear_model.py:2237: ConvergenceWarning: The MLE may be on the boundary of the parameter space.
  warnings.warn(msg, ConvergenceWarning)
C:\Users\ayesha.gull01\AppData\Local\Programs\Python\Python313\Lib\site-packages\statsmodels\regression\mixed_linear_model.py:2237: ConvergenceWarning: The MLE may be on the boundary of the parameter space.
  warnings.warn(msg, ConvergenceWarning)
C:\Users\ayesha.gull01\AppData\Local\Programs\Python\Python313\Lib\site-packages\statsmodels\regression\mixed_linear_model.py:2237: ConvergenceWarning: The MLE may be on the boundary of the parameter space.
  warnings.warn(msg, ConvergenceWarning)
C:\Users\ayesha.gull01\AppData\Local\Programs\Python\Python313\Lib\site-packages\statsmodels\regression\mixed_linear_model.py:2237: ConvergenceWarning: The MLE may be on the boundary of the parameter space.
  warnings.warn(msg, ConvergenceWarning)
C:\Users\ayesha.gull01\AppData\Local\Programs\Python\Python313\Lib\site-packages\statsmodels\regression\mixed_linear_model.py:2237: ConvergenceWarning: The MLE may be on the boundary of the parameter space.
  warnings.warn(msg, ConvergenceWarning)
C:\Users\ayesha.gull01\AppData\Local\Programs\Python\Python313\Lib\site-packages\statsmodels\regression\mixed_linear_model.py:2237: ConvergenceWarning: The MLE may be on the boundary of the parameter space.
  warnings.warn(msg, ConvergenceWarning)
C:\Users\ayesha.gull01\AppData\Local\Programs\Python\Python313\Lib\site-packages\statsmodels\regression\mixed_linear_model.py:2237: ConvergenceWarning: The MLE may be on the boundary of the parameter space.
  warnings.warn(msg, ConvergenceWarning)
C:\Users\ayesha.gull01\AppData\Local\Programs\Python\Python313\Lib\site-packages\statsmodels\regression\mixed_linear_model.py:2237: ConvergenceWarning: The MLE may be on the boundary of the parameter space.
  warnings.warn(msg, ConvergenceWarning)
C:\Users\ayesha.gull01\AppData\Local\Programs\Python\Python313\Lib\site-packages\statsmodels\regression\mixed_linear_model.py:2237: ConvergenceWarning: The MLE may be on the boundary of the parameter space.
  warnings.warn(msg, ConvergenceWarning)
C:\Users\ayesha.gull01\AppData\Local\Programs\Python\Python313\Lib\site-packages\statsmodels\regression\mixed_linear_model.py:2261: ConvergenceWarning: The Hessian matrix at the estimated parameter values is not positive definite.
  warnings.warn(msg, ConvergenceWarning)
C:\Users\ayesha.gull01\AppData\Local\Programs\Python\Python313\Lib\site-packages\statsmodels\regression\mixed_linear_model.py:2237: ConvergenceWarning: The MLE may be on the boundary of the parameter space.
  warnings.warn(msg, ConvergenceWarning)
C:\Users\ayesha.gull01\AppData\Local\Programs\Python\Python313\Lib\site-packages\statsmodels\regression\mixed_linear_model.py:2237: ConvergenceWarning: The MLE may be on the boundary of the parameter space.
  warnings.warn(msg, ConvergenceWarning)
C:\Users\ayesha.gull01\AppData\Local\Programs\Python\Python313\Lib\site-packages\statsmodels\regression\mixed_linear_model.py:2237: ConvergenceWarning: The MLE may be on the boundary of the parameter space.
  warnings.warn(msg, ConvergenceWarning)
C:\Users\ayesha.gull01\AppData\Local\Programs\Python\Python313\Lib\site-packages\statsmodels\regression\mixed_linear_model.py:2237: ConvergenceWarning: The MLE may be on the boundary of the parameter space.
  warnings.warn(msg, ConvergenceWarning)
C:\Users\ayesha.gull01\AppData\Local\Programs\Python\Python313\Lib\site-packages\statsmodels\regression\mixed_linear_model.py:2237: ConvergenceWarning: The MLE may be on the boundary of the parameter space.
  warnings.warn(msg, ConvergenceWarning)
C:\Users\ayesha.gull01\AppData\Local\Programs\Python\Python313\Lib\site-packages\statsmodels\regression\mixed_linear_model.py:2237: ConvergenceWarning: The MLE may be on the boundary of the parameter space.
  warnings.warn(msg, ConvergenceWarning)
C:\Users\ayesha.gull01\AppData\Local\Programs\Python\Python313\Lib\site-packages\statsmodels\regression\mixed_linear_model.py:2237: ConvergenceWarning: The MLE may be on the boundary of the parameter space.
  warnings.warn(msg, ConvergenceWarning)
C:\Users\ayesha.gull01\AppData\Local\Programs\Python\Python313\Lib\site-packages\statsmodels\regression\mixed_linear_model.py:2237: ConvergenceWarning: The MLE may be on the boundary of the parameter space.
  warnings.warn(msg, ConvergenceWarning)
C:\Users\ayesha.gull01\AppData\Local\Programs\Python\Python313\Lib\site-packages\statsmodels\regression\mixed_linear_model.py:2261: ConvergenceWarning: The Hessian matrix at the estimated parameter values is not positive definite.
  warnings.warn(msg, ConvergenceWarning)
C:\Users\ayesha.gull01\AppData\Local\Programs\Python\Python313\Lib\site-packages\statsmodels\regression\mixed_linear_model.py:2237: ConvergenceWarning: The MLE may be on the boundary of the parameter space.
  warnings.warn(msg, ConvergenceWarning)
C:\Users\ayesha.gull01\AppData\Local\Programs\Python\Python313\Lib\site-packages\statsmodels\regression\mixed_linear_model.py:2237: ConvergenceWarning: The MLE may be on the boundary of the parameter space.
  warnings.warn(msg, ConvergenceWarning)
C:\Users\ayesha.gull01\AppData\Local\Programs\Python\Python313\Lib\site-packages\statsmodels\regression\mixed_linear_model.py:2237: ConvergenceWarning: The MLE may be on the boundary of the parameter space.
  warnings.warn(msg, ConvergenceWarning)
C:\Users\ayesha.gull01\AppData\Local\Programs\Python\Python313\Lib\site-packages\statsmodels\base\model.py:607: ConvergenceWarning: Maximum Likelihood optimization failed to converge. Check mle_retvals
  warnings.warn("Maximum Likelihood optimization failed to "
C:\Users\ayesha.gull01\AppData\Local\Programs\Python\Python313\Lib\site-packages\statsmodels\regression\mixed_linear_model.py:2206: ConvergenceWarning: MixedLM optimization failed, trying a different optimizer may help.
  warnings.warn(msg, ConvergenceWarning)
C:\Users\ayesha.gull01\AppData\Local\Programs\Python\Python313\Lib\site-packages\statsmodels\regression\mixed_linear_model.py:2218: ConvergenceWarning: Gradient optimization failed, |grad| = 9.716643
  warnings.warn(msg, ConvergenceWarning)
C:\Users\ayesha.gull01\AppData\Local\Programs\Python\Python313\Lib\site-packages\statsmodels\regression\mixed_linear_model.py:2237: ConvergenceWarning: The MLE may be on the boundary of the parameter space.
  warnings.warn(msg, ConvergenceWarning)
C:\Users\ayesha.gull01\AppData\Local\Programs\Python\Python313\Lib\site-packages\statsmodels\regression\mixed_linear_model.py:2237: ConvergenceWarning: The MLE may be on the boundary of the parameter space.
  warnings.warn(msg, ConvergenceWarning)
C:\Users\ayesha.gull01\AppData\Local\Programs\Python\Python313\Lib\site-packages\statsmodels\regression\mixed_linear_model.py:2261: ConvergenceWarning: The Hessian matrix at the estimated parameter values is not positive definite.
  warnings.warn(msg, ConvergenceWarning)
C:\Users\ayesha.gull01\AppData\Local\Programs\Python\Python313\Lib\site-packages\statsmodels\regression\mixed_linear_model.py:2237: ConvergenceWarning: The MLE may be on the boundary of the parameter space.
  warnings.warn(msg, ConvergenceWarning)
C:\Users\ayesha.gull01\AppData\Local\Programs\Python\Python313\Lib\site-packages\statsmodels\regression\mixed_linear_model.py:2237: ConvergenceWarning: The MLE may be on the boundary of the parameter space.
  warnings.warn(msg, ConvergenceWarning)
C:\Users\ayesha.gull01\AppData\Local\Programs\Python\Python313\Lib\site-packages\statsmodels\base\model.py:607: ConvergenceWarning: Maximum Likelihood optimization failed to converge. Check mle_retvals
  warnings.warn("Maximum Likelihood optimization failed to "
C:\Users\ayesha.gull01\AppData\Local\Programs\Python\Python313\Lib\site-packages\statsmodels\regression\mixed_linear_model.py:2206: ConvergenceWarning: MixedLM optimization failed, trying a different optimizer may help.
  warnings.warn(msg, ConvergenceWarning)
C:\Users\ayesha.gull01\AppData\Local\Programs\Python\Python313\Lib\site-packages\statsmodels\regression\mixed_linear_model.py:2218: ConvergenceWarning: Gradient optimization failed, |grad| = 15.285456
  warnings.warn(msg, ConvergenceWarning)
C:\Users\ayesha.gull01\AppData\Local\Programs\Python\Python313\Lib\site-packages\statsmodels\regression\mixed_linear_model.py:2261: ConvergenceWarning: The Hessian matrix at the estimated parameter values is not positive definite.
  warnings.warn(msg, ConvergenceWarning)
C:\Users\ayesha.gull01\AppData\Local\Programs\Python\Python313\Lib\site-packages\statsmodels\regression\mixed_linear_model.py:2237: ConvergenceWarning: The MLE may be on the boundary of the parameter space.
  warnings.warn(msg, ConvergenceWarning)
C:\Users\ayesha.gull01\AppData\Local\Programs\Python\Python313\Lib\site-packages\statsmodels\regression\mixed_linear_model.py:2237: ConvergenceWarning: The MLE may be on the boundary of the parameter space.
  warnings.warn(msg, ConvergenceWarning)
C:\Users\ayesha.gull01\AppData\Local\Programs\Python\Python313\Lib\site-packages\statsmodels\regression\mixed_linear_model.py:2237: ConvergenceWarning: The MLE may be on the boundary of the parameter space.
  warnings.warn(msg, ConvergenceWarning)
C:\Users\ayesha.gull01\AppData\Local\Programs\Python\Python313\Lib\site-packages\statsmodels\regression\mixed_linear_model.py:2237: ConvergenceWarning: The MLE may be on the boundary of the parameter space.
  warnings.warn(msg, ConvergenceWarning)
C:\Users\ayesha.gull01\AppData\Local\Programs\Python\Python313\Lib\site-packages\statsmodels\regression\mixed_linear_model.py:2237: ConvergenceWarning: The MLE may be on the boundary of the parameter space.
  warnings.warn(msg, ConvergenceWarning)
C:\Users\ayesha.gull01\AppData\Local\Programs\Python\Python313\Lib\site-packages\statsmodels\regression\mixed_linear_model.py:2237: ConvergenceWarning: The MLE may be on the boundary of the parameter space.
  warnings.warn(msg, ConvergenceWarning)
C:\Users\ayesha.gull01\AppData\Local\Programs\Python\Python313\Lib\site-packages\statsmodels\regression\mixed_linear_model.py:2237: ConvergenceWarning: The MLE may be on the boundary of the parameter space.
  warnings.warn(msg, ConvergenceWarning)
C:\Users\ayesha.gull01\AppData\Local\Programs\Python\Python313\Lib\site-packages\statsmodels\regression\mixed_linear_model.py:2237: ConvergenceWarning: The MLE may be on the boundary of the parameter space.
  warnings.warn(msg, ConvergenceWarning)
pp M3_S19_R1_sma0.03_rho0.0_beta0.0_modelspecific: 200 datasets in 130s
C:\Users\ayesha.gull01\AppData\Local\Programs\Python\Python313\Lib\site-packages\statsmodels\regression\mixed_linear_model.py:2237: ConvergenceWarning: The MLE may be on the boundary of the parameter space.
  warnings.warn(msg, ConvergenceWarning)
C:\Users\ayesha.gull01\AppData\Local\Programs\Python\Python313\Lib\site-packages\statsmodels\regression\mixed_linear_model.py:2237: ConvergenceWarning: The MLE may be on the boundary of the parameter space.
  warnings.warn(msg, ConvergenceWarning)
C:\Users\ayesha.gull01\AppData\Local\Programs\Python\Python313\Lib\site-packages\statsmodels\regression\mixed_linear_model.py:2237: ConvergenceWarning: The MLE may be on the boundary of the parameter space.
  warnings.warn(msg, ConvergenceWarning)
C:\Users\ayesha.gull01\AppData\Local\Programs\Python\Python313\Lib\site-packages\statsmodels\regression\mixed_linear_model.py:2237: ConvergenceWarning: The MLE may be on the boundary of the parameter space.
  warnings.warn(msg, ConvergenceWarning)
C:\Users\ayesha.gull01\AppData\Local\Programs\Python\Python313\Lib\site-packages\statsmodels\regression\mixed_linear_model.py:2237: ConvergenceWarning: The MLE may be on the boundary of the parameter space.
  warnings.warn(msg, ConvergenceWarning)
C:\Users\ayesha.gull01\AppData\Local\Programs\Python\Python313\Lib\site-packages\statsmodels\regression\mixed_linear_model.py:2237: ConvergenceWarning: The MLE may be on the boundary of the parameter space.
  warnings.warn(msg, ConvergenceWarning)
C:\Users\ayesha.gull01\AppData\Local\Programs\Python\Python313\Lib\site-packages\statsmodels\regression\mixed_linear_model.py:2237: ConvergenceWarning: The MLE may be on the boundary of the parameter space.
  warnings.warn(msg, ConvergenceWarning)
C:\Users\ayesha.gull01\AppData\Local\Programs\Python\Python313\Lib\site-packages\statsmodels\regression\mixed_linear_model.py:2237: ConvergenceWarning: The MLE may be on the boundary of the parameter space.
  warnings.warn(msg, ConvergenceWarning)
C:\Users\ayesha.gull01\AppData\Local\Programs\Python\Python313\Lib\site-packages\statsmodels\regression\mixed_linear_model.py:2237: ConvergenceWarning: The MLE may be on the boundary of the parameter space.
  warnings.warn(msg, ConvergenceWarning)
C:\Users\ayesha.gull01\AppData\Local\Programs\Python\Python313\Lib\site-packages\statsmodels\regression\mixed_linear_model.py:2237: ConvergenceWarning: The MLE may be on the boundary of the parameter space.
  warnings.warn(msg, ConvergenceWarning)
C:\Users\ayesha.gull01\AppData\Local\Programs\Python\Python313\Lib\site-packages\statsmodels\regression\mixed_linear_model.py:2237: ConvergenceWarning: The MLE may be on the boundary of the parameter space.
  warnings.warn(msg, ConvergenceWarning)
C:\Users\ayesha.gull01\AppData\Local\Programs\Python\Python313\Lib\site-packages\statsmodels\regression\mixed_linear_model.py:2237: ConvergenceWarning: The MLE may be on the boundary of the parameter space.
  warnings.warn(msg, ConvergenceWarning)
C:\Users\ayesha.gull01\AppData\Local\Programs\Python\Python313\Lib\site-packages\statsmodels\regression\mixed_linear_model.py:2237: ConvergenceWarning: The MLE may be on the boundary of the parameter space.
  warnings.warn(msg, ConvergenceWarning)
C:\Users\ayesha.gull01\AppData\Local\Programs\Python\Python313\Lib\site-packages\statsmodels\regression\mixed_linear_model.py:2237: ConvergenceWarning: The MLE may be on the boundary of the parameter space.
  warnings.warn(msg, ConvergenceWarning)
C:\Users\ayesha.gull01\AppData\Local\Programs\Python\Python313\Lib\site-packages\statsmodels\regression\mixed_linear_model.py:2237: ConvergenceWarning: The MLE may be on the boundary of the parameter space.
  warnings.warn(msg, ConvergenceWarning)
C:\Users\ayesha.gull01\AppData\Local\Programs\Python\Python313\Lib\site-packages\statsmodels\regression\mixed_linear_model.py:2237: ConvergenceWarning: The MLE may be on the boundary of the parameter space.
  warnings.warn(msg, ConvergenceWarning)
C:\Users\ayesha.gull01\AppData\Local\Programs\Python\Python313\Lib\site-packages\statsmodels\regression\mixed_linear_model.py:2237: ConvergenceWarning: The MLE may be on the boundary of the parameter space.
  warnings.warn(msg, ConvergenceWarning)
C:\Users\ayesha.gull01\AppData\Local\Programs\Python\Python313\Lib\site-packages\statsmodels\regression\mixed_linear_model.py:2237: ConvergenceWarning: The MLE may be on the boundary of the parameter space.
  warnings.warn(msg, ConvergenceWarning)
C:\Users\ayesha.gull01\AppData\Local\Programs\Python\Python313\Lib\site-packages\statsmodels\regression\mixed_linear_model.py:2237: ConvergenceWarning: The MLE may be on the boundary of the parameter space.
  warnings.warn(msg, ConvergenceWarning)
C:\Users\ayesha.gull01\AppData\Local\Programs\Python\Python313\Lib\site-packages\statsmodels\regression\mixed_linear_model.py:2237: ConvergenceWarning: The MLE may be on the boundary of the parameter space.
  warnings.warn(msg, ConvergenceWarning)
C:\Users\ayesha.gull01\AppData\Local\Programs\Python\Python313\Lib\site-packages\statsmodels\regression\mixed_linear_model.py:2237: ConvergenceWarning: The MLE may be on the boundary of the parameter space.
  warnings.warn(msg, ConvergenceWarning)
C:\Users\ayesha.gull01\AppData\Local\Programs\Python\Python313\Lib\site-packages\statsmodels\regression\mixed_linear_model.py:2237: ConvergenceWarning: The MLE may be on the boundary of the parameter space.
  warnings.warn(msg, ConvergenceWarning)
C:\Users\ayesha.gull01\AppData\Local\Programs\Python\Python313\Lib\site-packages\statsmodels\regression\mixed_linear_model.py:2237: ConvergenceWarning: The MLE may be on the boundary of the parameter space.
  warnings.warn(msg, ConvergenceWarning)
C:\Users\ayesha.gull01\AppData\Local\Programs\Python\Python313\Lib\site-packages\statsmodels\regression\mixed_linear_model.py:2237: ConvergenceWarning: The MLE may be on the boundary of the parameter space.
  warnings.warn(msg, ConvergenceWarning)
C:\Users\ayesha.gull01\AppData\Local\Programs\Python\Python313\Lib\site-packages\statsmodels\regression\mixed_linear_model.py:2237: ConvergenceWarning: The MLE may be on the boundary of the parameter space.
  warnings.warn(msg, ConvergenceWarning)
C:\Users\ayesha.gull01\AppData\Local\Programs\Python\Python313\Lib\site-packages\statsmodels\base\model.py:607: ConvergenceWarning: Maximum Likelihood optimization failed to converge. Check mle_retvals
  warnings.warn("Maximum Likelihood optimization failed to "
C:\Users\ayesha.gull01\AppData\Local\Programs\Python\Python313\Lib\site-packages\statsmodels\regression\mixed_linear_model.py:2206: ConvergenceWarning: MixedLM optimization failed, trying a different optimizer may help.
  warnings.warn(msg, ConvergenceWarning)
C:\Users\ayesha.gull01\AppData\Local\Programs\Python\Python313\Lib\site-packages\statsmodels\regression\mixed_linear_model.py:2218: ConvergenceWarning: Gradient optimization failed, |grad| = 31.844247
  warnings.warn(msg, ConvergenceWarning)
C:\Users\ayesha.gull01\AppData\Local\Programs\Python\Python313\Lib\site-packages\statsmodels\regression\mixed_linear_model.py:2237: ConvergenceWarning: The MLE may be on the boundary of the parameter space.
  warnings.warn(msg, ConvergenceWarning)
C:\Users\ayesha.gull01\AppData\Local\Programs\Python\Python313\Lib\site-packages\statsmodels\base\model.py:607: ConvergenceWarning: Maximum Likelihood optimization failed to converge. Check mle_retvals
  warnings.warn("Maximum Likelihood optimization failed to "
C:\Users\ayesha.gull01\AppData\Local\Programs\Python\Python313\Lib\site-packages\statsmodels\regression\mixed_linear_model.py:2206: ConvergenceWarning: MixedLM optimization failed, trying a different optimizer may help.
  warnings.warn(msg, ConvergenceWarning)
C:\Users\ayesha.gull01\AppData\Local\Programs\Python\Python313\Lib\site-packages\statsmodels\regression\mixed_linear_model.py:2218: ConvergenceWarning: Gradient optimization failed, |grad| = 27.216641
  warnings.warn(msg, ConvergenceWarning)
C:\Users\ayesha.gull01\AppData\Local\Programs\Python\Python313\Lib\site-packages\statsmodels\regression\mixed_linear_model.py:2237: ConvergenceWarning: The MLE may be on the boundary of the parameter space.
  warnings.warn(msg, ConvergenceWarning)
C:\Users\ayesha.gull01\AppData\Local\Programs\Python\Python313\Lib\site-packages\statsmodels\base\model.py:607: ConvergenceWarning: Maximum Likelihood optimization failed to converge. Check mle_retvals
  warnings.warn("Maximum Likelihood optimization failed to "
C:\Users\ayesha.gull01\AppData\Local\Programs\Python\Python313\Lib\site-packages\statsmodels\regression\mixed_linear_model.py:2206: ConvergenceWarning: MixedLM optimization failed, trying a different optimizer may help.
  warnings.warn(msg, ConvergenceWarning)
C:\Users\ayesha.gull01\AppData\Local\Programs\Python\Python313\Lib\site-packages\statsmodels\regression\mixed_linear_model.py:2261: ConvergenceWarning: The Hessian matrix at the estimated parameter values is not positive definite.
  warnings.warn(msg, ConvergenceWarning)
C:\Users\ayesha.gull01\AppData\Local\Programs\Python\Python313\Lib\site-packages\statsmodels\regression\mixed_linear_model.py:2218: ConvergenceWarning: Gradient optimization failed, |grad| = 11.638269
  warnings.warn(msg, ConvergenceWarning)
C:\Users\ayesha.gull01\AppData\Local\Programs\Python\Python313\Lib\site-packages\statsmodels\regression\mixed_linear_model.py:2237: ConvergenceWarning: The MLE may be on the boundary of the parameter space.
  warnings.warn(msg, ConvergenceWarning)
C:\Users\ayesha.gull01\AppData\Local\Programs\Python\Python313\Lib\site-packages\statsmodels\regression\mixed_linear_model.py:2237: ConvergenceWarning: The MLE may be on the boundary of the parameter space.
  warnings.warn(msg, ConvergenceWarning)
C:\Users\ayesha.gull01\AppData\Local\Programs\Python\Python313\Lib\site-packages\statsmodels\regression\mixed_linear_model.py:2237: ConvergenceWarning: The MLE may be on the boundary of the parameter space.
  warnings.warn(msg, ConvergenceWarning)
C:\Users\ayesha.gull01\AppData\Local\Programs\Python\Python313\Lib\site-packages\statsmodels\regression\mixed_linear_model.py:2237: ConvergenceWarning: The MLE may be on the boundary of the parameter space.
  warnings.warn(msg, ConvergenceWarning)
C:\Users\ayesha.gull01\AppData\Local\Programs\Python\Python313\Lib\site-packages\statsmodels\regression\mixed_linear_model.py:2237: ConvergenceWarning: The MLE may be on the boundary of the parameter space.
  warnings.warn(msg, ConvergenceWarning)
C:\Users\ayesha.gull01\AppData\Local\Programs\Python\Python313\Lib\site-packages\statsmodels\regression\mixed_linear_model.py:2237: ConvergenceWarning: The MLE may be on the boundary of the parameter space.
  warnings.warn(msg, ConvergenceWarning)
C:\Users\ayesha.gull01\AppData\Local\Programs\Python\Python313\Lib\site-packages\statsmodels\regression\mixed_linear_model.py:2237: ConvergenceWarning: The MLE may be on the boundary of the parameter space.
  warnings.warn(msg, ConvergenceWarning)
C:\Users\ayesha.gull01\AppData\Local\Programs\Python\Python313\Lib\site-packages\statsmodels\regression\mixed_linear_model.py:2237: ConvergenceWarning: The MLE may be on the boundary of the parameter space.
  warnings.warn(msg, ConvergenceWarning)
pp M3_S19_R1_sma0.03_rho0.0_beta0.05_modelspecific: 200 datasets in 172s
C:\Users\ayesha.gull01\AppData\Local\Programs\Python\Python313\Lib\site-packages\statsmodels\regression\mixed_linear_model.py:2237: ConvergenceWarning: The MLE may be on the boundary of the parameter space.
  warnings.warn(msg, ConvergenceWarning)
C:\Users\ayesha.gull01\AppData\Local\Programs\Python\Python313\Lib\site-packages\statsmodels\regression\mixed_linear_model.py:2261: ConvergenceWarning: The Hessian matrix at the estimated parameter values is not positive definite.
  warnings.warn(msg, ConvergenceWarning)
C:\Users\ayesha.gull01\AppData\Local\Programs\Python\Python313\Lib\site-packages\statsmodels\regression\mixed_linear_model.py:2237: ConvergenceWarning: The MLE may be on the boundary of the parameter space.
  warnings.warn(msg, ConvergenceWarning)
C:\Users\ayesha.gull01\AppData\Local\Programs\Python\Python313\Lib\site-packages\statsmodels\regression\mixed_linear_model.py:2261: ConvergenceWarning: The Hessian matrix at the estimated parameter values is not positive definite.
  warnings.warn(msg, ConvergenceWarning)
C:\Users\ayesha.gull01\AppData\Local\Programs\Python\Python313\Lib\site-packages\statsmodels\regression\mixed_linear_model.py:2237: ConvergenceWarning: The MLE may be on the boundary of the parameter space.
  warnings.warn(msg, ConvergenceWarning)
C:\Users\ayesha.gull01\AppData\Local\Programs\Python\Python313\Lib\site-packages\statsmodels\regression\mixed_linear_model.py:2261: ConvergenceWarning: The Hessian matrix at the estimated parameter values is not positive definite.
  warnings.warn(msg, ConvergenceWarning)
C:\Users\ayesha.gull01\AppData\Local\Programs\Python\Python313\Lib\site-packages\statsmodels\base\model.py:607: ConvergenceWarning: Maximum Likelihood optimization failed to converge. Check mle_retvals
  warnings.warn("Maximum Likelihood optimization failed to "
C:\Users\ayesha.gull01\AppData\Local\Programs\Python\Python313\Lib\site-packages\statsmodels\regression\mixed_linear_model.py:2206: ConvergenceWarning: MixedLM optimization failed, trying a different optimizer may help.
  warnings.warn(msg, ConvergenceWarning)
C:\Users\ayesha.gull01\AppData\Local\Programs\Python\Python313\Lib\site-packages\statsmodels\regression\mixed_linear_model.py:2218: ConvergenceWarning: Gradient optimization failed, |grad| = 7.738307
  warnings.warn(msg, ConvergenceWarning)
C:\Users\ayesha.gull01\AppData\Local\Programs\Python\Python313\Lib\site-packages\statsmodels\regression\mixed_linear_model.py:2237: ConvergenceWarning: The MLE may be on the boundary of the parameter space.
  warnings.warn(msg, ConvergenceWarning)
C:\Users\ayesha.gull01\AppData\Local\Programs\Python\Python313\Lib\site-packages\statsmodels\regression\mixed_linear_model.py:2261: ConvergenceWarning: The Hessian matrix at the estimated parameter values is not positive definite.
  warnings.warn(msg, ConvergenceWarning)
C:\Users\ayesha.gull01\AppData\Local\Programs\Python\Python313\Lib\site-packages\statsmodels\base\model.py:607: ConvergenceWarning: Maximum Likelihood optimization failed to converge. Check mle_retvals
  warnings.warn("Maximum Likelihood optimization failed to "
C:\Users\ayesha.gull01\AppData\Local\Programs\Python\Python313\Lib\site-packages\statsmodels\regression\mixed_linear_model.py:2206: ConvergenceWarning: MixedLM optimization failed, trying a different optimizer may help.
  warnings.warn(msg, ConvergenceWarning)
C:\Users\ayesha.gull01\AppData\Local\Programs\Python\Python313\Lib\site-packages\statsmodels\base\model.py:607: ConvergenceWarning: Maximum Likelihood optimization failed to converge. Check mle_retvals
  warnings.warn("Maximum Likelihood optimization failed to "
C:\Users\ayesha.gull01\AppData\Local\Programs\Python\Python313\Lib\site-packages\statsmodels\regression\mixed_linear_model.py:2206: ConvergenceWarning: MixedLM optimization failed, trying a different optimizer may help.
  warnings.warn(msg, ConvergenceWarning)
C:\Users\ayesha.gull01\AppData\Local\Programs\Python\Python313\Lib\site-packages\statsmodels\regression\mixed_linear_model.py:2218: ConvergenceWarning: Gradient optimization failed, |grad| = 14.832058
  warnings.warn(msg, ConvergenceWarning)
C:\Users\ayesha.gull01\AppData\Local\Programs\Python\Python313\Lib\site-packages\statsmodels\regression\mixed_linear_model.py:2237: ConvergenceWarning: The MLE may be on the boundary of the parameter space.
  warnings.warn(msg, ConvergenceWarning)
C:\Users\ayesha.gull01\AppData\Local\Programs\Python\Python313\Lib\site-packages\statsmodels\regression\mixed_linear_model.py:2218: ConvergenceWarning: Gradient optimization failed, |grad| = 7.874445
  warnings.warn(msg, ConvergenceWarning)
C:\Users\ayesha.gull01\AppData\Local\Programs\Python\Python313\Lib\site-packages\statsmodels\regression\mixed_linear_model.py:2237: ConvergenceWarning: The MLE may be on the boundary of the parameter space.
  warnings.warn(msg, ConvergenceWarning)
C:\Users\ayesha.gull01\AppData\Local\Programs\Python\Python313\Lib\site-packages\statsmodels\regression\mixed_linear_model.py:2261: ConvergenceWarning: The Hessian matrix at the estimated parameter values is not positive definite.
  warnings.warn(msg, ConvergenceWarning)
C:\Users\ayesha.gull01\AppData\Local\Programs\Python\Python313\Lib\site-packages\statsmodels\regression\mixed_linear_model.py:2261: ConvergenceWarning: The Hessian matrix at the estimated parameter values is not positive definite.
  warnings.warn(msg, ConvergenceWarning)
C:\Users\ayesha.gull01\AppData\Local\Programs\Python\Python313\Lib\site-packages\statsmodels\base\model.py:607: ConvergenceWarning: Maximum Likelihood optimization failed to converge. Check mle_retvals
  warnings.warn("Maximum Likelihood optimization failed to "
C:\Users\ayesha.gull01\AppData\Local\Programs\Python\Python313\Lib\site-packages\statsmodels\regression\mixed_linear_model.py:2206: ConvergenceWarning: MixedLM optimization failed, trying a different optimizer may help.
  warnings.warn(msg, ConvergenceWarning)
C:\Users\ayesha.gull01\AppData\Local\Programs\Python\Python313\Lib\site-packages\statsmodels\regression\mixed_linear_model.py:2218: ConvergenceWarning: Gradient optimization failed, |grad| = 33.913125
  warnings.warn(msg, ConvergenceWarning)
C:\Users\ayesha.gull01\AppData\Local\Programs\Python\Python313\Lib\site-packages\statsmodels\regression\mixed_linear_model.py:2237: ConvergenceWarning: The MLE may be on the boundary of the parameter space.
  warnings.warn(msg, ConvergenceWarning)
C:\Users\ayesha.gull01\AppData\Local\Programs\Python\Python313\Lib\site-packages\statsmodels\regression\mixed_linear_model.py:2261: ConvergenceWarning: The Hessian matrix at the estimated parameter values is not positive definite.
  warnings.warn(msg, ConvergenceWarning)
C:\Users\ayesha.gull01\AppData\Local\Programs\Python\Python313\Lib\site-packages\statsmodels\regression\mixed_linear_model.py:2237: ConvergenceWarning: The MLE may be on the boundary of the parameter space.
  warnings.warn(msg, ConvergenceWarning)
C:\Users\ayesha.gull01\AppData\Local\Programs\Python\Python313\Lib\site-packages\statsmodels\regression\mixed_linear_model.py:2261: ConvergenceWarning: The Hessian matrix at the estimated parameter values is not positive definite.
  warnings.warn(msg, ConvergenceWarning)
C:\Users\ayesha.gull01\AppData\Local\Programs\Python\Python313\Lib\site-packages\statsmodels\regression\mixed_linear_model.py:2237: ConvergenceWarning: The MLE may be on the boundary of the parameter space.
  warnings.warn(msg, ConvergenceWarning)
C:\Users\ayesha.gull01\AppData\Local\Programs\Python\Python313\Lib\site-packages\statsmodels\regression\mixed_linear_model.py:2261: ConvergenceWarning: The Hessian matrix at the estimated parameter values is not positive definite.
  warnings.warn(msg, ConvergenceWarning)
C:\Users\ayesha.gull01\AppData\Local\Programs\Python\Python313\Lib\site-packages\statsmodels\regression\mixed_linear_model.py:2237: ConvergenceWarning: The MLE may be on the boundary of the parameter space.
  warnings.warn(msg, ConvergenceWarning)
C:\Users\ayesha.gull01\AppData\Local\Programs\Python\Python313\Lib\site-packages\statsmodels\regression\mixed_linear_model.py:2261: ConvergenceWarning: The Hessian matrix at the estimated parameter values is not positive definite.
  warnings.warn(msg, ConvergenceWarning)
C:\Users\ayesha.gull01\AppData\Local\Programs\Python\Python313\Lib\site-packages\statsmodels\regression\mixed_linear_model.py:2237: ConvergenceWarning: The MLE may be on the boundary of the parameter space.
  warnings.warn(msg, ConvergenceWarning)
C:\Users\ayesha.gull01\AppData\Local\Programs\Python\Python313\Lib\site-packages\statsmodels\regression\mixed_linear_model.py:2261: ConvergenceWarning: The Hessian matrix at the estimated parameter values is not positive definite.
  warnings.warn(msg, ConvergenceWarning)
C:\Users\ayesha.gull01\AppData\Local\Programs\Python\Python313\Lib\site-packages\statsmodels\regression\mixed_linear_model.py:2237: ConvergenceWarning: The MLE may be on the boundary of the parameter space.
  warnings.warn(msg, ConvergenceWarning)
C:\Users\ayesha.gull01\AppData\Local\Programs\Python\Python313\Lib\site-packages\statsmodels\regression\mixed_linear_model.py:2261: ConvergenceWarning: The Hessian matrix at the estimated parameter values is not positive definite.
  warnings.warn(msg, ConvergenceWarning)
C:\Users\ayesha.gull01\AppData\Local\Programs\Python\Python313\Lib\site-packages\statsmodels\regression\mixed_linear_model.py:2237: ConvergenceWarning: The MLE may be on the boundary of the parameter space.
  warnings.warn(msg, ConvergenceWarning)
C:\Users\ayesha.gull01\AppData\Local\Programs\Python\Python313\Lib\site-packages\statsmodels\regression\mixed_linear_model.py:2261: ConvergenceWarning: The Hessian matrix at the estimated parameter values is not positive definite.
  warnings.warn(msg, ConvergenceWarning)
C:\Users\ayesha.gull01\AppData\Local\Programs\Python\Python313\Lib\site-packages\statsmodels\base\model.py:607: ConvergenceWarning: Maximum Likelihood optimization failed to converge. Check mle_retvals
  warnings.warn("Maximum Likelihood optimization failed to "
C:\Users\ayesha.gull01\AppData\Local\Programs\Python\Python313\Lib\site-packages\statsmodels\regression\mixed_linear_model.py:2206: ConvergenceWarning: MixedLM optimization failed, trying a different optimizer may help.
  warnings.warn(msg, ConvergenceWarning)
C:\Users\ayesha.gull01\AppData\Local\Programs\Python\Python313\Lib\site-packages\statsmodels\regression\mixed_linear_model.py:2218: ConvergenceWarning: Gradient optimization failed, |grad| = 7.874445
  warnings.warn(msg, ConvergenceWarning)
C:\Users\ayesha.gull01\AppData\Local\Programs\Python\Python313\Lib\site-packages\statsmodels\regression\mixed_linear_model.py:2237: ConvergenceWarning: The MLE may be on the boundary of the parameter space.
  warnings.warn(msg, ConvergenceWarning)
C:\Users\ayesha.gull01\AppData\Local\Programs\Python\Python313\Lib\site-packages\statsmodels\base\model.py:607: ConvergenceWarning: Maximum Likelihood optimization failed to converge. Check mle_retvals
  warnings.warn("Maximum Likelihood optimization failed to "
C:\Users\ayesha.gull01\AppData\Local\Programs\Python\Python313\Lib\site-packages\statsmodels\regression\mixed_linear_model.py:2206: ConvergenceWarning: MixedLM optimization failed, trying a different optimizer may help.
  warnings.warn(msg, ConvergenceWarning)
C:\Users\ayesha.gull01\AppData\Local\Programs\Python\Python313\Lib\site-packages\statsmodels\regression\mixed_linear_model.py:2261: ConvergenceWarning: The Hessian matrix at the estimated parameter values is not positive definite.
  warnings.warn(msg, ConvergenceWarning)
C:\Users\ayesha.gull01\AppData\Local\Programs\Python\Python313\Lib\site-packages\statsmodels\regression\mixed_linear_model.py:2218: ConvergenceWarning: Gradient optimization failed, |grad| = 7.738307
  warnings.warn(msg, ConvergenceWarning)
C:\Users\ayesha.gull01\AppData\Local\Programs\Python\Python313\Lib\site-packages\statsmodels\regression\mixed_linear_model.py:2237: ConvergenceWarning: The MLE may be on the boundary of the parameter space.
  warnings.warn(msg, ConvergenceWarning)
C:\Users\ayesha.gull01\AppData\Local\Programs\Python\Python313\Lib\site-packages\statsmodels\regression\mixed_linear_model.py:2261: ConvergenceWarning: The Hessian matrix at the estimated parameter values is not positive definite.
  warnings.warn(msg, ConvergenceWarning)
C:\Users\ayesha.gull01\AppData\Local\Programs\Python\Python313\Lib\site-packages\statsmodels\base\model.py:607: ConvergenceWarning: Maximum Likelihood optimization failed to converge. Check mle_retvals
  warnings.warn("Maximum Likelihood optimization failed to "
C:\Users\ayesha.gull01\AppData\Local\Programs\Python\Python313\Lib\site-packages\statsmodels\regression\mixed_linear_model.py:2206: ConvergenceWarning: MixedLM optimization failed, trying a different optimizer may help.
  warnings.warn(msg, ConvergenceWarning)
C:\Users\ayesha.gull01\AppData\Local\Programs\Python\Python313\Lib\site-packages\statsmodels\base\model.py:607: ConvergenceWarning: Maximum Likelihood optimization failed to converge. Check mle_retvals
  warnings.warn("Maximum Likelihood optimization failed to "
C:\Users\ayesha.gull01\AppData\Local\Programs\Python\Python313\Lib\site-packages\statsmodels\regression\mixed_linear_model.py:2206: ConvergenceWarning: MixedLM optimization failed, trying a different optimizer may help.
  warnings.warn(msg, ConvergenceWarning)
C:\Users\ayesha.gull01\AppData\Local\Programs\Python\Python313\Lib\site-packages\statsmodels\regression\mixed_linear_model.py:2218: ConvergenceWarning: Gradient optimization failed, |grad| = 14.832058
  warnings.warn(msg, ConvergenceWarning)
C:\Users\ayesha.gull01\AppData\Local\Programs\Python\Python313\Lib\site-packages\statsmodels\regression\mixed_linear_model.py:2218: ConvergenceWarning: Gradient optimization failed, |grad| = 33.913125
  warnings.warn(msg, ConvergenceWarning)
C:\Users\ayesha.gull01\AppData\Local\Programs\Python\Python313\Lib\site-packages\statsmodels\regression\mixed_linear_model.py:2237: ConvergenceWarning: The MLE may be on the boundary of the parameter space.
  warnings.warn(msg, ConvergenceWarning)
C:\Users\ayesha.gull01\AppData\Local\Programs\Python\Python313\Lib\site-packages\statsmodels\regression\mixed_linear_model.py:2237: ConvergenceWarning: The MLE may be on the boundary of the parameter space.
  warnings.warn(msg, ConvergenceWarning)
C:\Users\ayesha.gull01\AppData\Local\Programs\Python\Python313\Lib\site-packages\statsmodels\regression\mixed_linear_model.py:2261: ConvergenceWarning: The Hessian matrix at the estimated parameter values is not positive definite.
  warnings.warn(msg, ConvergenceWarning)
C:\Users\ayesha.gull01\AppData\Local\Programs\Python\Python313\Lib\site-packages\statsmodels\regression\mixed_linear_model.py:2261: ConvergenceWarning: The Hessian matrix at the estimated parameter values is not positive definite.
  warnings.warn(msg, ConvergenceWarning)
C:\Users\ayesha.gull01\AppData\Local\Programs\Python\Python313\Lib\site-packages\statsmodels\regression\mixed_linear_model.py:2237: ConvergenceWarning: The MLE may be on the boundary of the parameter space.
  warnings.warn(msg, ConvergenceWarning)
C:\Users\ayesha.gull01\AppData\Local\Programs\Python\Python313\Lib\site-packages\statsmodels\regression\mixed_linear_model.py:2261: ConvergenceWarning: The Hessian matrix at the estimated parameter values is not positive definite.
  warnings.warn(msg, ConvergenceWarning)
C:\Users\ayesha.gull01\AppData\Local\Programs\Python\Python313\Lib\site-packages\statsmodels\regression\mixed_linear_model.py:2237: ConvergenceWarning: The MLE may be on the boundary of the parameter space.
  warnings.warn(msg, ConvergenceWarning)
C:\Users\ayesha.gull01\AppData\Local\Programs\Python\Python313\Lib\site-packages\statsmodels\regression\mixed_linear_model.py:2261: ConvergenceWarning: The Hessian matrix at the estimated parameter values is not positive definite.
  warnings.warn(msg, ConvergenceWarning)
C:\Users\ayesha.gull01\AppData\Local\Programs\Python\Python313\Lib\site-packages\statsmodels\regression\mixed_linear_model.py:2237: ConvergenceWarning: The MLE may be on the boundary of the parameter space.
  warnings.warn(msg, ConvergenceWarning)
C:\Users\ayesha.gull01\AppData\Local\Programs\Python\Python313\Lib\site-packages\statsmodels\regression\mixed_linear_model.py:2261: ConvergenceWarning: The Hessian matrix at the estimated parameter values is not positive definite.
  warnings.warn(msg, ConvergenceWarning)
C:\Users\ayesha.gull01\AppData\Local\Programs\Python\Python313\Lib\site-packages\statsmodels\regression\mixed_linear_model.py:2237: ConvergenceWarning: The MLE may be on the boundary of the parameter space.
  warnings.warn(msg, ConvergenceWarning)
C:\Users\ayesha.gull01\AppData\Local\Programs\Python\Python313\Lib\site-packages\statsmodels\regression\mixed_linear_model.py:2261: ConvergenceWarning: The Hessian matrix at the estimated parameter values is not positive definite.
  warnings.warn(msg, ConvergenceWarning)
C:\Users\ayesha.gull01\AppData\Local\Programs\Python\Python313\Lib\site-packages\statsmodels\base\model.py:607: ConvergenceWarning: Maximum Likelihood optimization failed to converge. Check mle_retvals
  warnings.warn("Maximum Likelihood optimization failed to "
C:\Users\ayesha.gull01\AppData\Local\Programs\Python\Python313\Lib\site-packages\statsmodels\regression\mixed_linear_model.py:2206: ConvergenceWarning: MixedLM optimization failed, trying a different optimizer may help.
  warnings.warn(msg, ConvergenceWarning)
C:\Users\ayesha.gull01\AppData\Local\Programs\Python\Python313\Lib\site-packages\statsmodels\base\model.py:607: ConvergenceWarning: Maximum Likelihood optimization failed to converge. Check mle_retvals
  warnings.warn("Maximum Likelihood optimization failed to "
C:\Users\ayesha.gull01\AppData\Local\Programs\Python\Python313\Lib\site-packages\statsmodels\regression\mixed_linear_model.py:2206: ConvergenceWarning: MixedLM optimization failed, trying a different optimizer may help.
  warnings.warn(msg, ConvergenceWarning)
C:\Users\ayesha.gull01\AppData\Local\Programs\Python\Python313\Lib\site-packages\statsmodels\regression\mixed_linear_model.py:2218: ConvergenceWarning: Gradient optimization failed, |grad| = 22.666959
  warnings.warn(msg, ConvergenceWarning)
C:\Users\ayesha.gull01\AppData\Local\Programs\Python\Python313\Lib\site-packages\statsmodels\regression\mixed_linear_model.py:2218: ConvergenceWarning: Gradient optimization failed, |grad| = 43.767318
  warnings.warn(msg, ConvergenceWarning)
C:\Users\ayesha.gull01\AppData\Local\Programs\Python\Python313\Lib\site-packages\statsmodels\regression\mixed_linear_model.py:2237: ConvergenceWarning: The MLE may be on the boundary of the parameter space.
  warnings.warn(msg, ConvergenceWarning)
C:\Users\ayesha.gull01\AppData\Local\Programs\Python\Python313\Lib\site-packages\statsmodels\regression\mixed_linear_model.py:2237: ConvergenceWarning: The MLE may be on the boundary of the parameter space.
  warnings.warn(msg, ConvergenceWarning)
C:\Users\ayesha.gull01\AppData\Local\Programs\Python\Python313\Lib\site-packages\statsmodels\regression\mixed_linear_model.py:2261: ConvergenceWarning: The Hessian matrix at the estimated parameter values is not positive definite.
  warnings.warn(msg, ConvergenceWarning)
C:\Users\ayesha.gull01\AppData\Local\Programs\Python\Python313\Lib\site-packages\statsmodels\regression\mixed_linear_model.py:2261: ConvergenceWarning: The Hessian matrix at the estimated parameter values is not positive definite.
  warnings.warn(msg, ConvergenceWarning)
C:\Users\ayesha.gull01\AppData\Local\Programs\Python\Python313\Lib\site-packages\statsmodels\regression\mixed_linear_model.py:2237: ConvergenceWarning: The MLE may be on the boundary of the parameter space.
  warnings.warn(msg, ConvergenceWarning)
C:\Users\ayesha.gull01\AppData\Local\Programs\Python\Python313\Lib\site-packages\statsmodels\regression\mixed_linear_model.py:2261: ConvergenceWarning: The Hessian matrix at the estimated parameter values is not positive definite.
  warnings.warn(msg, ConvergenceWarning)
C:\Users\ayesha.gull01\AppData\Local\Programs\Python\Python313\Lib\site-packages\statsmodels\regression\mixed_linear_model.py:2237: ConvergenceWarning: The MLE may be on the boundary of the parameter space.
  warnings.warn(msg, ConvergenceWarning)
C:\Users\ayesha.gull01\AppData\Local\Programs\Python\Python313\Lib\site-packages\statsmodels\regression\mixed_linear_model.py:2261: ConvergenceWarning: The Hessian matrix at the estimated parameter values is not positive definite.
  warnings.warn(msg, ConvergenceWarning)
C:\Users\ayesha.gull01\AppData\Local\Programs\Python\Python313\Lib\site-packages\statsmodels\base\model.py:607: ConvergenceWarning: Maximum Likelihood optimization failed to converge. Check mle_retvals
  warnings.warn("Maximum Likelihood optimization failed to "
C:\Users\ayesha.gull01\AppData\Local\Programs\Python\Python313\Lib\site-packages\statsmodels\regression\mixed_linear_model.py:2206: ConvergenceWarning: MixedLM optimization failed, trying a different optimizer may help.
  warnings.warn(msg, ConvergenceWarning)
C:\Users\ayesha.gull01\AppData\Local\Programs\Python\Python313\Lib\site-packages\statsmodels\regression\mixed_linear_model.py:2218: ConvergenceWarning: Gradient optimization failed, |grad| = 61.792438
  warnings.warn(msg, ConvergenceWarning)
C:\Users\ayesha.gull01\AppData\Local\Programs\Python\Python313\Lib\site-packages\statsmodels\regression\mixed_linear_model.py:2237: ConvergenceWarning: The MLE may be on the boundary of the parameter space.
  warnings.warn(msg, ConvergenceWarning)
C:\Users\ayesha.gull01\AppData\Local\Programs\Python\Python313\Lib\site-packages\statsmodels\regression\mixed_linear_model.py:2261: ConvergenceWarning: The Hessian matrix at the estimated parameter values is not positive definite.
  warnings.warn(msg, ConvergenceWarning)
C:\Users\ayesha.gull01\AppData\Local\Programs\Python\Python313\Lib\site-packages\statsmodels\base\model.py:607: ConvergenceWarning: Maximum Likelihood optimization failed to converge. Check mle_retvals
  warnings.warn("Maximum Likelihood optimization failed to "
C:\Users\ayesha.gull01\AppData\Local\Programs\Python\Python313\Lib\site-packages\statsmodels\regression\mixed_linear_model.py:2206: ConvergenceWarning: MixedLM optimization failed, trying a different optimizer may help.
  warnings.warn(msg, ConvergenceWarning)
C:\Users\ayesha.gull01\AppData\Local\Programs\Python\Python313\Lib\site-packages\statsmodels\regression\mixed_linear_model.py:2218: ConvergenceWarning: Gradient optimization failed, |grad| = 15.673247
  warnings.warn(msg, ConvergenceWarning)
C:\Users\ayesha.gull01\AppData\Local\Programs\Python\Python313\Lib\site-packages\statsmodels\regression\mixed_linear_model.py:2237: ConvergenceWarning: The MLE may be on the boundary of the parameter space.
  warnings.warn(msg, ConvergenceWarning)
C:\Users\ayesha.gull01\AppData\Local\Programs\Python\Python313\Lib\site-packages\statsmodels\regression\mixed_linear_model.py:2261: ConvergenceWarning: The Hessian matrix at the estimated parameter values is not positive definite.
  warnings.warn(msg, ConvergenceWarning)
C:\Users\ayesha.gull01\AppData\Local\Programs\Python\Python313\Lib\site-packages\statsmodels\base\model.py:607: ConvergenceWarning: Maximum Likelihood optimization failed to converge. Check mle_retvals
  warnings.warn("Maximum Likelihood optimization failed to "
C:\Users\ayesha.gull01\AppData\Local\Programs\Python\Python313\Lib\site-packages\statsmodels\regression\mixed_linear_model.py:2206: ConvergenceWarning: MixedLM optimization failed, trying a different optimizer may help.
  warnings.warn(msg, ConvergenceWarning)
C:\Users\ayesha.gull01\AppData\Local\Programs\Python\Python313\Lib\site-packages\statsmodels\regression\mixed_linear_model.py:2218: ConvergenceWarning: Gradient optimization failed, |grad| = 58.773837
  warnings.warn(msg, ConvergenceWarning)
C:\Users\ayesha.gull01\AppData\Local\Programs\Python\Python313\Lib\site-packages\statsmodels\regression\mixed_linear_model.py:2237: ConvergenceWarning: The MLE may be on the boundary of the parameter space.
  warnings.warn(msg, ConvergenceWarning)
C:\Users\ayesha.gull01\AppData\Local\Programs\Python\Python313\Lib\site-packages\statsmodels\regression\mixed_linear_model.py:2261: ConvergenceWarning: The Hessian matrix at the estimated parameter values is not positive definite.
  warnings.warn(msg, ConvergenceWarning)
C:\Users\ayesha.gull01\AppData\Local\Programs\Python\Python313\Lib\site-packages\statsmodels\regression\mixed_linear_model.py:2237: ConvergenceWarning: The MLE may be on the boundary of the parameter space.
  warnings.warn(msg, ConvergenceWarning)
C:\Users\ayesha.gull01\AppData\Local\Programs\Python\Python313\Lib\site-packages\statsmodels\regression\mixed_linear_model.py:2237: ConvergenceWarning: The MLE may be on the boundary of the parameter space.
  warnings.warn(msg, ConvergenceWarning)
C:\Users\ayesha.gull01\AppData\Local\Programs\Python\Python313\Lib\site-packages\statsmodels\regression\mixed_linear_model.py:2237: ConvergenceWarning: The MLE may be on the boundary of the parameter space.
  warnings.warn(msg, ConvergenceWarning)
C:\Users\ayesha.gull01\AppData\Local\Programs\Python\Python313\Lib\site-packages\statsmodels\regression\mixed_linear_model.py:2261: ConvergenceWarning: The Hessian matrix at the estimated parameter values is not positive definite.
  warnings.warn(msg, ConvergenceWarning)
C:\Users\ayesha.gull01\AppData\Local\Programs\Python\Python313\Lib\site-packages\statsmodels\regression\mixed_linear_model.py:2237: ConvergenceWarning: The MLE may be on the boundary of the parameter space.
  warnings.warn(msg, ConvergenceWarning)
C:\Users\ayesha.gull01\AppData\Local\Programs\Python\Python313\Lib\site-packages\statsmodels\regression\mixed_linear_model.py:2261: ConvergenceWarning: The Hessian matrix at the estimated parameter values is not positive definite.
  warnings.warn(msg, ConvergenceWarning)
C:\Users\ayesha.gull01\AppData\Local\Programs\Python\Python313\Lib\site-packages\statsmodels\regression\mixed_linear_model.py:2237: ConvergenceWarning: The MLE may be on the boundary of the parameter space.
  warnings.warn(msg, ConvergenceWarning)
C:\Users\ayesha.gull01\AppData\Local\Programs\Python\Python313\Lib\site-packages\statsmodels\regression\mixed_linear_model.py:2261: ConvergenceWarning: The Hessian matrix at the estimated parameter values is not positive definite.
  warnings.warn(msg, ConvergenceWarning)
C:\Users\ayesha.gull01\AppData\Local\Programs\Python\Python313\Lib\site-packages\statsmodels\regression\mixed_linear_model.py:2237: ConvergenceWarning: The MLE may be on the boundary of the parameter space.
  warnings.warn(msg, ConvergenceWarning)
C:\Users\ayesha.gull01\AppData\Local\Programs\Python\Python313\Lib\site-packages\statsmodels\regression\mixed_linear_model.py:2237: ConvergenceWarning: The MLE may be on the boundary of the parameter space.
  warnings.warn(msg, ConvergenceWarning)
pp M6_S19_R1_sma0.0_rho0.0_beta0.0_modelspecific: 200 datasets in 647s
C:\Users\ayesha.gull01\AppData\Local\Programs\Python\Python313\Lib\site-packages\statsmodels\regression\mixed_linear_model.py:2237: ConvergenceWarning: The MLE may be on the boundary of the parameter space.
  warnings.warn(msg, ConvergenceWarning)
C:\Users\ayesha.gull01\AppData\Local\Programs\Python\Python313\Lib\site-packages\statsmodels\regression\mixed_linear_model.py:2261: ConvergenceWarning: The Hessian matrix at the estimated parameter values is not positive definite.
  warnings.warn(msg, ConvergenceWarning)
C:\Users\ayesha.gull01\AppData\Local\Programs\Python\Python313\Lib\site-packages\statsmodels\regression\mixed_linear_model.py:2237: ConvergenceWarning: The MLE may be on the boundary of the parameter space.
  warnings.warn(msg, ConvergenceWarning)
C:\Users\ayesha.gull01\AppData\Local\Programs\Python\Python313\Lib\site-packages\statsmodels\regression\mixed_linear_model.py:2261: ConvergenceWarning: The Hessian matrix at the estimated parameter values is not positive definite.
  warnings.warn(msg, ConvergenceWarning)
C:\Users\ayesha.gull01\AppData\Local\Programs\Python\Python313\Lib\site-packages\statsmodels\regression\mixed_linear_model.py:2237: ConvergenceWarning: The MLE may be on the boundary of the parameter space.
  warnings.warn(msg, ConvergenceWarning)
C:\Users\ayesha.gull01\AppData\Local\Programs\Python\Python313\Lib\site-packages\statsmodels\regression\mixed_linear_model.py:2261: ConvergenceWarning: The Hessian matrix at the estimated parameter values is not positive definite.
  warnings.warn(msg, ConvergenceWarning)
C:\Users\ayesha.gull01\AppData\Local\Programs\Python\Python313\Lib\site-packages\statsmodels\regression\mixed_linear_model.py:2237: ConvergenceWarning: The MLE may be on the boundary of the parameter space.
  warnings.warn(msg, ConvergenceWarning)
C:\Users\ayesha.gull01\AppData\Local\Programs\Python\Python313\Lib\site-packages\statsmodels\regression\mixed_linear_model.py:2261: ConvergenceWarning: The Hessian matrix at the estimated parameter values is not positive definite.
  warnings.warn(msg, ConvergenceWarning)
C:\Users\ayesha.gull01\AppData\Local\Programs\Python\Python313\Lib\site-packages\statsmodels\regression\mixed_linear_model.py:2237: ConvergenceWarning: The MLE may be on the boundary of the parameter space.
  warnings.warn(msg, ConvergenceWarning)
C:\Users\ayesha.gull01\AppData\Local\Programs\Python\Python313\Lib\site-packages\statsmodels\regression\mixed_linear_model.py:2261: ConvergenceWarning: The Hessian matrix at the estimated parameter values is not positive definite.
  warnings.warn(msg, ConvergenceWarning)
C:\Users\ayesha.gull01\AppData\Local\Programs\Python\Python313\Lib\site-packages\statsmodels\base\model.py:607: ConvergenceWarning: Maximum Likelihood optimization failed to converge. Check mle_retvals
  warnings.warn("Maximum Likelihood optimization failed to "
C:\Users\ayesha.gull01\AppData\Local\Programs\Python\Python313\Lib\site-packages\statsmodels\regression\mixed_linear_model.py:2206: ConvergenceWarning: MixedLM optimization failed, trying a different optimizer may help.
  warnings.warn(msg, ConvergenceWarning)
C:\Users\ayesha.gull01\AppData\Local\Programs\Python\Python313\Lib\site-packages\statsmodels\regression\mixed_linear_model.py:2218: ConvergenceWarning: Gradient optimization failed, |grad| = 18.404993
  warnings.warn(msg, ConvergenceWarning)
C:\Users\ayesha.gull01\AppData\Local\Programs\Python\Python313\Lib\site-packages\statsmodels\regression\mixed_linear_model.py:2237: ConvergenceWarning: The MLE may be on the boundary of the parameter space.
  warnings.warn(msg, ConvergenceWarning)
C:\Users\ayesha.gull01\AppData\Local\Programs\Python\Python313\Lib\site-packages\statsmodels\base\model.py:607: ConvergenceWarning: Maximum Likelihood optimization failed to converge. Check mle_retvals
  warnings.warn("Maximum Likelihood optimization failed to "
C:\Users\ayesha.gull01\AppData\Local\Programs\Python\Python313\Lib\site-packages\statsmodels\regression\mixed_linear_model.py:2206: ConvergenceWarning: MixedLM optimization failed, trying a different optimizer may help.
  warnings.warn(msg, ConvergenceWarning)
C:\Users\ayesha.gull01\AppData\Local\Programs\Python\Python313\Lib\site-packages\statsmodels\regression\mixed_linear_model.py:2261: ConvergenceWarning: The Hessian matrix at the estimated parameter values is not positive definite.
  warnings.warn(msg, ConvergenceWarning)
C:\Users\ayesha.gull01\AppData\Local\Programs\Python\Python313\Lib\site-packages\statsmodels\regression\mixed_linear_model.py:2218: ConvergenceWarning: Gradient optimization failed, |grad| = 29.811104
  warnings.warn(msg, ConvergenceWarning)
C:\Users\ayesha.gull01\AppData\Local\Programs\Python\Python313\Lib\site-packages\statsmodels\regression\mixed_linear_model.py:2237: ConvergenceWarning: The MLE may be on the boundary of the parameter space.
  warnings.warn(msg, ConvergenceWarning)
C:\Users\ayesha.gull01\AppData\Local\Programs\Python\Python313\Lib\site-packages\statsmodels\regression\mixed_linear_model.py:2261: ConvergenceWarning: The Hessian matrix at the estimated parameter values is not positive definite.
  warnings.warn(msg, ConvergenceWarning)
C:\Users\ayesha.gull01\AppData\Local\Programs\Python\Python313\Lib\site-packages\statsmodels\regression\mixed_linear_model.py:2237: ConvergenceWarning: The MLE may be on the boundary of the parameter space.
  warnings.warn(msg, ConvergenceWarning)
C:\Users\ayesha.gull01\AppData\Local\Programs\Python\Python313\Lib\site-packages\statsmodels\regression\mixed_linear_model.py:2261: ConvergenceWarning: The Hessian matrix at the estimated parameter values is not positive definite.
  warnings.warn(msg, ConvergenceWarning)
C:\Users\ayesha.gull01\AppData\Local\Programs\Python\Python313\Lib\site-packages\statsmodels\regression\mixed_linear_model.py:2237: ConvergenceWarning: The MLE may be on the boundary of the parameter space.
  warnings.warn(msg, ConvergenceWarning)
C:\Users\ayesha.gull01\AppData\Local\Programs\Python\Python313\Lib\site-packages\statsmodels\regression\mixed_linear_model.py:2261: ConvergenceWarning: The Hessian matrix at the estimated parameter values is not positive definite.
  warnings.warn(msg, ConvergenceWarning)
C:\Users\ayesha.gull01\AppData\Local\Programs\Python\Python313\Lib\site-packages\statsmodels\regression\mixed_linear_model.py:2237: ConvergenceWarning: The MLE may be on the boundary of the parameter space.
  warnings.warn(msg, ConvergenceWarning)
C:\Users\ayesha.gull01\AppData\Local\Programs\Python\Python313\Lib\site-packages\statsmodels\regression\mixed_linear_model.py:2261: ConvergenceWarning: The Hessian matrix at the estimated parameter values is not positive definite.
  warnings.warn(msg, ConvergenceWarning)
C:\Users\ayesha.gull01\AppData\Local\Programs\Python\Python313\Lib\site-packages\statsmodels\base\model.py:607: ConvergenceWarning: Maximum Likelihood optimization failed to converge. Check mle_retvals
  warnings.warn("Maximum Likelihood optimization failed to "
C:\Users\ayesha.gull01\AppData\Local\Programs\Python\Python313\Lib\site-packages\statsmodels\regression\mixed_linear_model.py:2206: ConvergenceWarning: MixedLM optimization failed, trying a different optimizer may help.
  warnings.warn(msg, ConvergenceWarning)
C:\Users\ayesha.gull01\AppData\Local\Programs\Python\Python313\Lib\site-packages\statsmodels\regression\mixed_linear_model.py:2218: ConvergenceWarning: Gradient optimization failed, |grad| = 24.256678
  warnings.warn(msg, ConvergenceWarning)
C:\Users\ayesha.gull01\AppData\Local\Programs\Python\Python313\Lib\site-packages\statsmodels\regression\mixed_linear_model.py:2237: ConvergenceWarning: The MLE may be on the boundary of the parameter space.
  warnings.warn(msg, ConvergenceWarning)
C:\Users\ayesha.gull01\AppData\Local\Programs\Python\Python313\Lib\site-packages\statsmodels\regression\mixed_linear_model.py:2261: ConvergenceWarning: The Hessian matrix at the estimated parameter values is not positive definite.
  warnings.warn(msg, ConvergenceWarning)
C:\Users\ayesha.gull01\AppData\Local\Programs\Python\Python313\Lib\site-packages\statsmodels\regression\mixed_linear_model.py:2237: ConvergenceWarning: The MLE may be on the boundary of the parameter space.
  warnings.warn(msg, ConvergenceWarning)
C:\Users\ayesha.gull01\AppData\Local\Programs\Python\Python313\Lib\site-packages\statsmodels\regression\mixed_linear_model.py:2261: ConvergenceWarning: The Hessian matrix at the estimated parameter values is not positive definite.
  warnings.warn(msg, ConvergenceWarning)
C:\Users\ayesha.gull01\AppData\Local\Programs\Python\Python313\Lib\site-packages\statsmodels\regression\mixed_linear_model.py:2237: ConvergenceWarning: The MLE may be on the boundary of the parameter space.
  warnings.warn(msg, ConvergenceWarning)
C:\Users\ayesha.gull01\AppData\Local\Programs\Python\Python313\Lib\site-packages\statsmodels\regression\mixed_linear_model.py:2261: ConvergenceWarning: The Hessian matrix at the estimated parameter values is not positive definite.
  warnings.warn(msg, ConvergenceWarning)
C:\Users\ayesha.gull01\AppData\Local\Programs\Python\Python313\Lib\site-packages\statsmodels\regression\mixed_linear_model.py:2237: ConvergenceWarning: The MLE may be on the boundary of the parameter space.
  warnings.warn(msg, ConvergenceWarning)
C:\Users\ayesha.gull01\AppData\Local\Programs\Python\Python313\Lib\site-packages\statsmodels\regression\mixed_linear_model.py:2261: ConvergenceWarning: The Hessian matrix at the estimated parameter values is not positive definite.
  warnings.warn(msg, ConvergenceWarning)
C:\Users\ayesha.gull01\AppData\Local\Programs\Python\Python313\Lib\site-packages\statsmodels\base\model.py:607: ConvergenceWarning: Maximum Likelihood optimization failed to converge. Check mle_retvals
  warnings.warn("Maximum Likelihood optimization failed to "
C:\Users\ayesha.gull01\AppData\Local\Programs\Python\Python313\Lib\site-packages\statsmodels\regression\mixed_linear_model.py:2206: ConvergenceWarning: MixedLM optimization failed, trying a different optimizer may help.
  warnings.warn(msg, ConvergenceWarning)
C:\Users\ayesha.gull01\AppData\Local\Programs\Python\Python313\Lib\site-packages\statsmodels\regression\mixed_linear_model.py:2218: ConvergenceWarning: Gradient optimization failed, |grad| = 18.404993
  warnings.warn(msg, ConvergenceWarning)
C:\Users\ayesha.gull01\AppData\Local\Programs\Python\Python313\Lib\site-packages\statsmodels\regression\mixed_linear_model.py:2237: ConvergenceWarning: The MLE may be on the boundary of the parameter space.
  warnings.warn(msg, ConvergenceWarning)
C:\Users\ayesha.gull01\AppData\Local\Programs\Python\Python313\Lib\site-packages\statsmodels\regression\mixed_linear_model.py:2261: ConvergenceWarning: The Hessian matrix at the estimated parameter values is not positive definite.
  warnings.warn(msg, ConvergenceWarning)
C:\Users\ayesha.gull01\AppData\Local\Programs\Python\Python313\Lib\site-packages\statsmodels\base\model.py:607: ConvergenceWarning: Maximum Likelihood optimization failed to converge. Check mle_retvals
  warnings.warn("Maximum Likelihood optimization failed to "
C:\Users\ayesha.gull01\AppData\Local\Programs\Python\Python313\Lib\site-packages\statsmodels\regression\mixed_linear_model.py:2206: ConvergenceWarning: MixedLM optimization failed, trying a different optimizer may help.
  warnings.warn(msg, ConvergenceWarning)
C:\Users\ayesha.gull01\AppData\Local\Programs\Python\Python313\Lib\site-packages\statsmodels\regression\mixed_linear_model.py:2218: ConvergenceWarning: Gradient optimization failed, |grad| = 29.811104
  warnings.warn(msg, ConvergenceWarning)
C:\Users\ayesha.gull01\AppData\Local\Programs\Python\Python313\Lib\site-packages\statsmodels\regression\mixed_linear_model.py:2237: ConvergenceWarning: The MLE may be on the boundary of the parameter space.
  warnings.warn(msg, ConvergenceWarning)
C:\Users\ayesha.gull01\AppData\Local\Programs\Python\Python313\Lib\site-packages\statsmodels\regression\mixed_linear_model.py:2261: ConvergenceWarning: The Hessian matrix at the estimated parameter values is not positive definite.
  warnings.warn(msg, ConvergenceWarning)
C:\Users\ayesha.gull01\AppData\Local\Programs\Python\Python313\Lib\site-packages\statsmodels\regression\mixed_linear_model.py:2237: ConvergenceWarning: The MLE may be on the boundary of the parameter space.
  warnings.warn(msg, ConvergenceWarning)
C:\Users\ayesha.gull01\AppData\Local\Programs\Python\Python313\Lib\site-packages\statsmodels\regression\mixed_linear_model.py:2261: ConvergenceWarning: The Hessian matrix at the estimated parameter values is not positive definite.
  warnings.warn(msg, ConvergenceWarning)
C:\Users\ayesha.gull01\AppData\Local\Programs\Python\Python313\Lib\site-packages\statsmodels\regression\mixed_linear_model.py:2237: ConvergenceWarning: The MLE may be on the boundary of the parameter space.
  warnings.warn(msg, ConvergenceWarning)
C:\Users\ayesha.gull01\AppData\Local\Programs\Python\Python313\Lib\site-packages\statsmodels\regression\mixed_linear_model.py:2261: ConvergenceWarning: The Hessian matrix at the estimated parameter values is not positive definite.
  warnings.warn(msg, ConvergenceWarning)
C:\Users\ayesha.gull01\AppData\Local\Programs\Python\Python313\Lib\site-packages\statsmodels\regression\mixed_linear_model.py:2237: ConvergenceWarning: The MLE may be on the boundary of the parameter space.
  warnings.warn(msg, ConvergenceWarning)
C:\Users\ayesha.gull01\AppData\Local\Programs\Python\Python313\Lib\site-packages\statsmodels\regression\mixed_linear_model.py:2261: ConvergenceWarning: The Hessian matrix at the estimated parameter values is not positive definite.
  warnings.warn(msg, ConvergenceWarning)
C:\Users\ayesha.gull01\AppData\Local\Programs\Python\Python313\Lib\site-packages\statsmodels\regression\mixed_linear_model.py:2237: ConvergenceWarning: The MLE may be on the boundary of the parameter space.
  warnings.warn(msg, ConvergenceWarning)
C:\Users\ayesha.gull01\AppData\Local\Programs\Python\Python313\Lib\site-packages\statsmodels\regression\mixed_linear_model.py:2261: ConvergenceWarning: The Hessian matrix at the estimated parameter values is not positive definite.
  warnings.warn(msg, ConvergenceWarning)
C:\Users\ayesha.gull01\AppData\Local\Programs\Python\Python313\Lib\site-packages\statsmodels\base\model.py:607: ConvergenceWarning: Maximum Likelihood optimization failed to converge. Check mle_retvals
  warnings.warn("Maximum Likelihood optimization failed to "
C:\Users\ayesha.gull01\AppData\Local\Programs\Python\Python313\Lib\site-packages\statsmodels\regression\mixed_linear_model.py:2206: ConvergenceWarning: MixedLM optimization failed, trying a different optimizer may help.
  warnings.warn(msg, ConvergenceWarning)
C:\Users\ayesha.gull01\AppData\Local\Programs\Python\Python313\Lib\site-packages\statsmodels\base\model.py:607: ConvergenceWarning: Maximum Likelihood optimization failed to converge. Check mle_retvals
  warnings.warn("Maximum Likelihood optimization failed to "
C:\Users\ayesha.gull01\AppData\Local\Programs\Python\Python313\Lib\site-packages\statsmodels\regression\mixed_linear_model.py:2206: ConvergenceWarning: MixedLM optimization failed, trying a different optimizer may help.
  warnings.warn(msg, ConvergenceWarning)
C:\Users\ayesha.gull01\AppData\Local\Programs\Python\Python313\Lib\site-packages\statsmodels\regression\mixed_linear_model.py:2218: ConvergenceWarning: Gradient optimization failed, |grad| = 24.256678
  warnings.warn(msg, ConvergenceWarning)
C:\Users\ayesha.gull01\AppData\Local\Programs\Python\Python313\Lib\site-packages\statsmodels\regression\mixed_linear_model.py:2218: ConvergenceWarning: Gradient optimization failed, |grad| = 33.124616
  warnings.warn(msg, ConvergenceWarning)
C:\Users\ayesha.gull01\AppData\Local\Programs\Python\Python313\Lib\site-packages\statsmodels\regression\mixed_linear_model.py:2237: ConvergenceWarning: The MLE may be on the boundary of the parameter space.
  warnings.warn(msg, ConvergenceWarning)
C:\Users\ayesha.gull01\AppData\Local\Programs\Python\Python313\Lib\site-packages\statsmodels\regression\mixed_linear_model.py:2237: ConvergenceWarning: The MLE may be on the boundary of the parameter space.
  warnings.warn(msg, ConvergenceWarning)
C:\Users\ayesha.gull01\AppData\Local\Programs\Python\Python313\Lib\site-packages\statsmodels\regression\mixed_linear_model.py:2261: ConvergenceWarning: The Hessian matrix at the estimated parameter values is not positive definite.
  warnings.warn(msg, ConvergenceWarning)
C:\Users\ayesha.gull01\AppData\Local\Programs\Python\Python313\Lib\site-packages\statsmodels\regression\mixed_linear_model.py:2261: ConvergenceWarning: The Hessian matrix at the estimated parameter values is not positive definite.
  warnings.warn(msg, ConvergenceWarning)
C:\Users\ayesha.gull01\AppData\Local\Programs\Python\Python313\Lib\site-packages\statsmodels\regression\mixed_linear_model.py:2237: ConvergenceWarning: The MLE may be on the boundary of the parameter space.
  warnings.warn(msg, ConvergenceWarning)
C:\Users\ayesha.gull01\AppData\Local\Programs\Python\Python313\Lib\site-packages\statsmodels\regression\mixed_linear_model.py:2261: ConvergenceWarning: The Hessian matrix at the estimated parameter values is not positive definite.
  warnings.warn(msg, ConvergenceWarning)
C:\Users\ayesha.gull01\AppData\Local\Programs\Python\Python313\Lib\site-packages\statsmodels\regression\mixed_linear_model.py:2237: ConvergenceWarning: The MLE may be on the boundary of the parameter space.
  warnings.warn(msg, ConvergenceWarning)
C:\Users\ayesha.gull01\AppData\Local\Programs\Python\Python313\Lib\site-packages\statsmodels\regression\mixed_linear_model.py:2261: ConvergenceWarning: The Hessian matrix at the estimated parameter values is not positive definite.
  warnings.warn(msg, ConvergenceWarning)
C:\Users\ayesha.gull01\AppData\Local\Programs\Python\Python313\Lib\site-packages\statsmodels\regression\mixed_linear_model.py:2237: ConvergenceWarning: The MLE may be on the boundary of the parameter space.
  warnings.warn(msg, ConvergenceWarning)
C:\Users\ayesha.gull01\AppData\Local\Programs\Python\Python313\Lib\site-packages\statsmodels\regression\mixed_linear_model.py:2261: ConvergenceWarning: The Hessian matrix at the estimated parameter values is not positive definite.
  warnings.warn(msg, ConvergenceWarning)
C:\Users\ayesha.gull01\AppData\Local\Programs\Python\Python313\Lib\site-packages\statsmodels\regression\mixed_linear_model.py:2237: ConvergenceWarning: The MLE may be on the boundary of the parameter space.
  warnings.warn(msg, ConvergenceWarning)
C:\Users\ayesha.gull01\AppData\Local\Programs\Python\Python313\Lib\site-packages\statsmodels\regression\mixed_linear_model.py:2237: ConvergenceWarning: The MLE may be on the boundary of the parameter space.
  warnings.warn(msg, ConvergenceWarning)
C:\Users\ayesha.gull01\AppData\Local\Programs\Python\Python313\Lib\site-packages\statsmodels\base\model.py:607: ConvergenceWarning: Maximum Likelihood optimization failed to converge. Check mle_retvals
  warnings.warn("Maximum Likelihood optimization failed to "
C:\Users\ayesha.gull01\AppData\Local\Programs\Python\Python313\Lib\site-packages\statsmodels\regression\mixed_linear_model.py:2206: ConvergenceWarning: MixedLM optimization failed, trying a different optimizer may help.
  warnings.warn(msg, ConvergenceWarning)
C:\Users\ayesha.gull01\AppData\Local\Programs\Python\Python313\Lib\site-packages\statsmodels\base\model.py:607: ConvergenceWarning: Maximum Likelihood optimization failed to converge. Check mle_retvals
  warnings.warn("Maximum Likelihood optimization failed to "
C:\Users\ayesha.gull01\AppData\Local\Programs\Python\Python313\Lib\site-packages\statsmodels\regression\mixed_linear_model.py:2206: ConvergenceWarning: MixedLM optimization failed, trying a different optimizer may help.
  warnings.warn(msg, ConvergenceWarning)
C:\Users\ayesha.gull01\AppData\Local\Programs\Python\Python313\Lib\site-packages\statsmodels\regression\mixed_linear_model.py:2218: ConvergenceWarning: Gradient optimization failed, |grad| = 57.631680
  warnings.warn(msg, ConvergenceWarning)
C:\Users\ayesha.gull01\AppData\Local\Programs\Python\Python313\Lib\site-packages\statsmodels\regression\mixed_linear_model.py:2237: ConvergenceWarning: The MLE may be on the boundary of the parameter space.
  warnings.warn(msg, ConvergenceWarning)
C:\Users\ayesha.gull01\AppData\Local\Programs\Python\Python313\Lib\site-packages\statsmodels\regression\mixed_linear_model.py:2218: ConvergenceWarning: Gradient optimization failed, |grad| = 55.166862
  warnings.warn(msg, ConvergenceWarning)
C:\Users\ayesha.gull01\AppData\Local\Programs\Python\Python313\Lib\site-packages\statsmodels\regression\mixed_linear_model.py:2237: ConvergenceWarning: The MLE may be on the boundary of the parameter space.
  warnings.warn(msg, ConvergenceWarning)
C:\Users\ayesha.gull01\AppData\Local\Programs\Python\Python313\Lib\site-packages\statsmodels\regression\mixed_linear_model.py:2261: ConvergenceWarning: The Hessian matrix at the estimated parameter values is not positive definite.
  warnings.warn(msg, ConvergenceWarning)
C:\Users\ayesha.gull01\AppData\Local\Programs\Python\Python313\Lib\site-packages\statsmodels\regression\mixed_linear_model.py:2261: ConvergenceWarning: The Hessian matrix at the estimated parameter values is not positive definite.
  warnings.warn(msg, ConvergenceWarning)
C:\Users\ayesha.gull01\AppData\Local\Programs\Python\Python313\Lib\site-packages\statsmodels\regression\mixed_linear_model.py:2237: ConvergenceWarning: The MLE may be on the boundary of the parameter space.
  warnings.warn(msg, ConvergenceWarning)
C:\Users\ayesha.gull01\AppData\Local\Programs\Python\Python313\Lib\site-packages\statsmodels\base\model.py:607: ConvergenceWarning: Maximum Likelihood optimization failed to converge. Check mle_retvals
  warnings.warn("Maximum Likelihood optimization failed to "
C:\Users\ayesha.gull01\AppData\Local\Programs\Python\Python313\Lib\site-packages\statsmodels\regression\mixed_linear_model.py:2206: ConvergenceWarning: MixedLM optimization failed, trying a different optimizer may help.
  warnings.warn(msg, ConvergenceWarning)
C:\Users\ayesha.gull01\AppData\Local\Programs\Python\Python313\Lib\site-packages\statsmodels\regression\mixed_linear_model.py:2218: ConvergenceWarning: Gradient optimization failed, |grad| = 57.861598
  warnings.warn(msg, ConvergenceWarning)
C:\Users\ayesha.gull01\AppData\Local\Programs\Python\Python313\Lib\site-packages\statsmodels\regression\mixed_linear_model.py:2237: ConvergenceWarning: The MLE may be on the boundary of the parameter space.
  warnings.warn(msg, ConvergenceWarning)
C:\Users\ayesha.gull01\AppData\Local\Programs\Python\Python313\Lib\site-packages\statsmodels\regression\mixed_linear_model.py:2261: ConvergenceWarning: The Hessian matrix at the estimated parameter values is not positive definite.
  warnings.warn(msg, ConvergenceWarning)
C:\Users\ayesha.gull01\AppData\Local\Programs\Python\Python313\Lib\site-packages\statsmodels\regression\mixed_linear_model.py:2237: ConvergenceWarning: The MLE may be on the boundary of the parameter space.
  warnings.warn(msg, ConvergenceWarning)
C:\Users\ayesha.gull01\AppData\Local\Programs\Python\Python313\Lib\site-packages\statsmodels\regression\mixed_linear_model.py:2237: ConvergenceWarning: The MLE may be on the boundary of the parameter space.
  warnings.warn(msg, ConvergenceWarning)
C:\Users\ayesha.gull01\AppData\Local\Programs\Python\Python313\Lib\site-packages\statsmodels\regression\mixed_linear_model.py:2237: ConvergenceWarning: The MLE may be on the boundary of the parameter space.
  warnings.warn(msg, ConvergenceWarning)
C:\Users\ayesha.gull01\AppData\Local\Programs\Python\Python313\Lib\site-packages\statsmodels\regression\mixed_linear_model.py:2237: ConvergenceWarning: The MLE may be on the boundary of the parameter space.
  warnings.warn(msg, ConvergenceWarning)
pp M6_S19_R1_sma0.0_rho0.0_beta0.05_modelspecific: 200 datasets in 691s
C:\Users\ayesha.gull01\AppData\Local\Programs\Python\Python313\Lib\site-packages\statsmodels\regression\mixed_linear_model.py:2237: ConvergenceWarning: The MLE may be on the boundary of the parameter space.
  warnings.warn(msg, ConvergenceWarning)
C:\Users\ayesha.gull01\AppData\Local\Programs\Python\Python313\Lib\site-packages\statsmodels\regression\mixed_linear_model.py:2237: ConvergenceWarning: The MLE may be on the boundary of the parameter space.
  warnings.warn(msg, ConvergenceWarning)
C:\Users\ayesha.gull01\AppData\Local\Programs\Python\Python313\Lib\site-packages\statsmodels\regression\mixed_linear_model.py:2237: ConvergenceWarning: The MLE may be on the boundary of the parameter space.
  warnings.warn(msg, ConvergenceWarning)
C:\Users\ayesha.gull01\AppData\Local\Programs\Python\Python313\Lib\site-packages\statsmodels\regression\mixed_linear_model.py:2237: ConvergenceWarning: The MLE may be on the boundary of the parameter space.
  warnings.warn(msg, ConvergenceWarning)
C:\Users\ayesha.gull01\AppData\Local\Programs\Python\Python313\Lib\site-packages\statsmodels\regression\mixed_linear_model.py:2237: ConvergenceWarning: The MLE may be on the boundary of the parameter space.
  warnings.warn(msg, ConvergenceWarning)
C:\Users\ayesha.gull01\AppData\Local\Programs\Python\Python313\Lib\site-packages\statsmodels\regression\mixed_linear_model.py:2237: ConvergenceWarning: The MLE may be on the boundary of the parameter space.
  warnings.warn(msg, ConvergenceWarning)
C:\Users\ayesha.gull01\AppData\Local\Programs\Python\Python313\Lib\site-packages\statsmodels\regression\mixed_linear_model.py:2237: ConvergenceWarning: The MLE may be on the boundary of the parameter space.
  warnings.warn(msg, ConvergenceWarning)
C:\Users\ayesha.gull01\AppData\Local\Programs\Python\Python313\Lib\site-packages\statsmodels\regression\mixed_linear_model.py:2237: ConvergenceWarning: The MLE may be on the boundary of the parameter space.
  warnings.warn(msg, ConvergenceWarning)
C:\Users\ayesha.gull01\AppData\Local\Programs\Python\Python313\Lib\site-packages\statsmodels\regression\mixed_linear_model.py:2237: ConvergenceWarning: The MLE may be on the boundary of the parameter space.
  warnings.warn(msg, ConvergenceWarning)
C:\Users\ayesha.gull01\AppData\Local\Programs\Python\Python313\Lib\site-packages\statsmodels\regression\mixed_linear_model.py:2237: ConvergenceWarning: The MLE may be on the boundary of the parameter space.
  warnings.warn(msg, ConvergenceWarning)
C:\Users\ayesha.gull01\AppData\Local\Programs\Python\Python313\Lib\site-packages\statsmodels\regression\mixed_linear_model.py:2237: ConvergenceWarning: The MLE may be on the boundary of the parameter space.
  warnings.warn(msg, ConvergenceWarning)
C:\Users\ayesha.gull01\AppData\Local\Programs\Python\Python313\Lib\site-packages\statsmodels\regression\mixed_linear_model.py:2237: ConvergenceWarning: The MLE may be on the boundary of the parameter space.
  warnings.warn(msg, ConvergenceWarning)
C:\Users\ayesha.gull01\AppData\Local\Programs\Python\Python313\Lib\site-packages\statsmodels\regression\mixed_linear_model.py:2237: ConvergenceWarning: The MLE may be on the boundary of the parameter space.
  warnings.warn(msg, ConvergenceWarning)
C:\Users\ayesha.gull01\AppData\Local\Programs\Python\Python313\Lib\site-packages\statsmodels\regression\mixed_linear_model.py:2237: ConvergenceWarning: The MLE may be on the boundary of the parameter space.
  warnings.warn(msg, ConvergenceWarning)
C:\Users\ayesha.gull01\AppData\Local\Programs\Python\Python313\Lib\site-packages\statsmodels\regression\mixed_linear_model.py:2237: ConvergenceWarning: The MLE may be on the boundary of the parameter space.
  warnings.warn(msg, ConvergenceWarning)
C:\Users\ayesha.gull01\AppData\Local\Programs\Python\Python313\Lib\site-packages\statsmodels\regression\mixed_linear_model.py:2237: ConvergenceWarning: The MLE may be on the boundary of the parameter space.
  warnings.warn(msg, ConvergenceWarning)
C:\Users\ayesha.gull01\AppData\Local\Programs\Python\Python313\Lib\site-packages\statsmodels\regression\mixed_linear_model.py:2237: ConvergenceWarning: The MLE may be on the boundary of the parameter space.
  warnings.warn(msg, ConvergenceWarning)
C:\Users\ayesha.gull01\AppData\Local\Programs\Python\Python313\Lib\site-packages\statsmodels\regression\mixed_linear_model.py:2237: ConvergenceWarning: The MLE may be on the boundary of the parameter space.
  warnings.warn(msg, ConvergenceWarning)
C:\Users\ayesha.gull01\AppData\Local\Programs\Python\Python313\Lib\site-packages\statsmodels\regression\mixed_linear_model.py:2237: ConvergenceWarning: The MLE may be on the boundary of the parameter space.
  warnings.warn(msg, ConvergenceWarning)
C:\Users\ayesha.gull01\AppData\Local\Programs\Python\Python313\Lib\site-packages\statsmodels\regression\mixed_linear_model.py:2237: ConvergenceWarning: The MLE may be on the boundary of the parameter space.
  warnings.warn(msg, ConvergenceWarning)
C:\Users\ayesha.gull01\AppData\Local\Programs\Python\Python313\Lib\site-packages\statsmodels\regression\mixed_linear_model.py:2237: ConvergenceWarning: The MLE may be on the boundary of the parameter space.
  warnings.warn(msg, ConvergenceWarning)
C:\Users\ayesha.gull01\AppData\Local\Programs\Python\Python313\Lib\site-packages\statsmodels\regression\mixed_linear_model.py:2237: ConvergenceWarning: The MLE may be on the boundary of the parameter space.
  warnings.warn(msg, ConvergenceWarning)
C:\Users\ayesha.gull01\AppData\Local\Programs\Python\Python313\Lib\site-packages\statsmodels\regression\mixed_linear_model.py:2237: ConvergenceWarning: The MLE may be on the boundary of the parameter space.
  warnings.warn(msg, ConvergenceWarning)
C:\Users\ayesha.gull01\AppData\Local\Programs\Python\Python313\Lib\site-packages\statsmodels\regression\mixed_linear_model.py:2237: ConvergenceWarning: The MLE may be on the boundary of the parameter space.
  warnings.warn(msg, ConvergenceWarning)
C:\Users\ayesha.gull01\AppData\Local\Programs\Python\Python313\Lib\site-packages\statsmodels\base\model.py:607: ConvergenceWarning: Maximum Likelihood optimization failed to converge. Check mle_retvals
  warnings.warn("Maximum Likelihood optimization failed to "
C:\Users\ayesha.gull01\AppData\Local\Programs\Python\Python313\Lib\site-packages\statsmodels\regression\mixed_linear_model.py:2206: ConvergenceWarning: MixedLM optimization failed, trying a different optimizer may help.
  warnings.warn(msg, ConvergenceWarning)
C:\Users\ayesha.gull01\AppData\Local\Programs\Python\Python313\Lib\site-packages\statsmodels\regression\mixed_linear_model.py:2218: ConvergenceWarning: Gradient optimization failed, |grad| = 43.624442
  warnings.warn(msg, ConvergenceWarning)
C:\Users\ayesha.gull01\AppData\Local\Programs\Python\Python313\Lib\site-packages\statsmodels\regression\mixed_linear_model.py:2237: ConvergenceWarning: The MLE may be on the boundary of the parameter space.
  warnings.warn(msg, ConvergenceWarning)
C:\Users\ayesha.gull01\AppData\Local\Programs\Python\Python313\Lib\site-packages\statsmodels\base\model.py:607: ConvergenceWarning: Maximum Likelihood optimization failed to converge. Check mle_retvals
  warnings.warn("Maximum Likelihood optimization failed to "
C:\Users\ayesha.gull01\AppData\Local\Programs\Python\Python313\Lib\site-packages\statsmodels\regression\mixed_linear_model.py:2206: ConvergenceWarning: MixedLM optimization failed, trying a different optimizer may help.
  warnings.warn(msg, ConvergenceWarning)
C:\Users\ayesha.gull01\AppData\Local\Programs\Python\Python313\Lib\site-packages\statsmodels\regression\mixed_linear_model.py:2218: ConvergenceWarning: Gradient optimization failed, |grad| = 28.660726
  warnings.warn(msg, ConvergenceWarning)
C:\Users\ayesha.gull01\AppData\Local\Programs\Python\Python313\Lib\site-packages\statsmodels\regression\mixed_linear_model.py:2237: ConvergenceWarning: The MLE may be on the boundary of the parameter space.
  warnings.warn(msg, ConvergenceWarning)
C:\Users\ayesha.gull01\AppData\Local\Programs\Python\Python313\Lib\site-packages\statsmodels\base\model.py:607: ConvergenceWarning: Maximum Likelihood optimization failed to converge. Check mle_retvals
  warnings.warn("Maximum Likelihood optimization failed to "
C:\Users\ayesha.gull01\AppData\Local\Programs\Python\Python313\Lib\site-packages\statsmodels\regression\mixed_linear_model.py:2206: ConvergenceWarning: MixedLM optimization failed, trying a different optimizer may help.
  warnings.warn(msg, ConvergenceWarning)
C:\Users\ayesha.gull01\AppData\Local\Programs\Python\Python313\Lib\site-packages\statsmodels\base\model.py:607: ConvergenceWarning: Maximum Likelihood optimization failed to converge. Check mle_retvals
  warnings.warn("Maximum Likelihood optimization failed to "
C:\Users\ayesha.gull01\AppData\Local\Programs\Python\Python313\Lib\site-packages\statsmodels\regression\mixed_linear_model.py:2206: ConvergenceWarning: MixedLM optimization failed, trying a different optimizer may help.
  warnings.warn(msg, ConvergenceWarning)
C:\Users\ayesha.gull01\AppData\Local\Programs\Python\Python313\Lib\site-packages\statsmodels\regression\mixed_linear_model.py:2218: ConvergenceWarning: Gradient optimization failed, |grad| = 66.164659
  warnings.warn(msg, ConvergenceWarning)
C:\Users\ayesha.gull01\AppData\Local\Programs\Python\Python313\Lib\site-packages\statsmodels\regression\mixed_linear_model.py:2218: ConvergenceWarning: Gradient optimization failed, |grad| = 62.482546
  warnings.warn(msg, ConvergenceWarning)
C:\Users\ayesha.gull01\AppData\Local\Programs\Python\Python313\Lib\site-packages\statsmodels\regression\mixed_linear_model.py:2237: ConvergenceWarning: The MLE may be on the boundary of the parameter space.
  warnings.warn(msg, ConvergenceWarning)
C:\Users\ayesha.gull01\AppData\Local\Programs\Python\Python313\Lib\site-packages\statsmodels\regression\mixed_linear_model.py:2237: ConvergenceWarning: The MLE may be on the boundary of the parameter space.
  warnings.warn(msg, ConvergenceWarning)
C:\Users\ayesha.gull01\AppData\Local\Programs\Python\Python313\Lib\site-packages\statsmodels\regression\mixed_linear_model.py:2261: ConvergenceWarning: The Hessian matrix at the estimated parameter values is not positive definite.
  warnings.warn(msg, ConvergenceWarning)
C:\Users\ayesha.gull01\AppData\Local\Programs\Python\Python313\Lib\site-packages\statsmodels\regression\mixed_linear_model.py:2261: ConvergenceWarning: The Hessian matrix at the estimated parameter values is not positive definite.
  warnings.warn(msg, ConvergenceWarning)
C:\Users\ayesha.gull01\AppData\Local\Programs\Python\Python313\Lib\site-packages\statsmodels\regression\mixed_linear_model.py:2237: ConvergenceWarning: The MLE may be on the boundary of the parameter space.
  warnings.warn(msg, ConvergenceWarning)
C:\Users\ayesha.gull01\AppData\Local\Programs\Python\Python313\Lib\site-packages\statsmodels\regression\mixed_linear_model.py:2237: ConvergenceWarning: The MLE may be on the boundary of the parameter space.
  warnings.warn(msg, ConvergenceWarning)
C:\Users\ayesha.gull01\AppData\Local\Programs\Python\Python313\Lib\site-packages\statsmodels\regression\mixed_linear_model.py:2237: ConvergenceWarning: The MLE may be on the boundary of the parameter space.
  warnings.warn(msg, ConvergenceWarning)
C:\Users\ayesha.gull01\AppData\Local\Programs\Python\Python313\Lib\site-packages\statsmodels\regression\mixed_linear_model.py:2237: ConvergenceWarning: The MLE may be on the boundary of the parameter space.
  warnings.warn(msg, ConvergenceWarning)
C:\Users\ayesha.gull01\AppData\Local\Programs\Python\Python313\Lib\site-packages\statsmodels\regression\mixed_linear_model.py:2237: ConvergenceWarning: The MLE may be on the boundary of the parameter space.
  warnings.warn(msg, ConvergenceWarning)
C:\Users\ayesha.gull01\AppData\Local\Programs\Python\Python313\Lib\site-packages\statsmodels\regression\mixed_linear_model.py:2237: ConvergenceWarning: The MLE may be on the boundary of the parameter space.
  warnings.warn(msg, ConvergenceWarning)
C:\Users\ayesha.gull01\AppData\Local\Programs\Python\Python313\Lib\site-packages\statsmodels\regression\mixed_linear_model.py:2237: ConvergenceWarning: The MLE may be on the boundary of the parameter space.
  warnings.warn(msg, ConvergenceWarning)
pp M6_S19_R1_sma0.03_rho0.0_beta0.0_modelspecific: 200 datasets in 544s
C:\Users\ayesha.gull01\AppData\Local\Programs\Python\Python313\Lib\site-packages\statsmodels\regression\mixed_linear_model.py:2237: ConvergenceWarning: The MLE may be on the boundary of the parameter space.
  warnings.warn(msg, ConvergenceWarning)
C:\Users\ayesha.gull01\AppData\Local\Programs\Python\Python313\Lib\site-packages\statsmodels\regression\mixed_linear_model.py:2237: ConvergenceWarning: The MLE may be on the boundary of the parameter space.
  warnings.warn(msg, ConvergenceWarning)
C:\Users\ayesha.gull01\AppData\Local\Programs\Python\Python313\Lib\site-packages\statsmodels\regression\mixed_linear_model.py:2237: ConvergenceWarning: The MLE may be on the boundary of the parameter space.
  warnings.warn(msg, ConvergenceWarning)
C:\Users\ayesha.gull01\AppData\Local\Programs\Python\Python313\Lib\site-packages\statsmodels\regression\mixed_linear_model.py:2237: ConvergenceWarning: The MLE may be on the boundary of the parameter space.
  warnings.warn(msg, ConvergenceWarning)
C:\Users\ayesha.gull01\AppData\Local\Programs\Python\Python313\Lib\site-packages\statsmodels\regression\mixed_linear_model.py:2237: ConvergenceWarning: The MLE may be on the boundary of the parameter space.
  warnings.warn(msg, ConvergenceWarning)
C:\Users\ayesha.gull01\AppData\Local\Programs\Python\Python313\Lib\site-packages\statsmodels\regression\mixed_linear_model.py:2237: ConvergenceWarning: The MLE may be on the boundary of the parameter space.
  warnings.warn(msg, ConvergenceWarning)
C:\Users\ayesha.gull01\AppData\Local\Programs\Python\Python313\Lib\site-packages\statsmodels\regression\mixed_linear_model.py:2237: ConvergenceWarning: The MLE may be on the boundary of the parameter space.
  warnings.warn(msg, ConvergenceWarning)
C:\Users\ayesha.gull01\AppData\Local\Programs\Python\Python313\Lib\site-packages\statsmodels\regression\mixed_linear_model.py:2237: ConvergenceWarning: The MLE may be on the boundary of the parameter space.
  warnings.warn(msg, ConvergenceWarning)
C:\Users\ayesha.gull01\AppData\Local\Programs\Python\Python313\Lib\site-packages\statsmodels\regression\mixed_linear_model.py:2237: ConvergenceWarning: The MLE may be on the boundary of the parameter space.
  warnings.warn(msg, ConvergenceWarning)
C:\Users\ayesha.gull01\AppData\Local\Programs\Python\Python313\Lib\site-packages\statsmodels\regression\mixed_linear_model.py:2237: ConvergenceWarning: The MLE may be on the boundary of the parameter space.
  warnings.warn(msg, ConvergenceWarning)
C:\Users\ayesha.gull01\AppData\Local\Programs\Python\Python313\Lib\site-packages\statsmodels\regression\mixed_linear_model.py:2237: ConvergenceWarning: The MLE may be on the boundary of the parameter space.
  warnings.warn(msg, ConvergenceWarning)
C:\Users\ayesha.gull01\AppData\Local\Programs\Python\Python313\Lib\site-packages\statsmodels\regression\mixed_linear_model.py:2237: ConvergenceWarning: The MLE may be on the boundary of the parameter space.
  warnings.warn(msg, ConvergenceWarning)
C:\Users\ayesha.gull01\AppData\Local\Programs\Python\Python313\Lib\site-packages\statsmodels\regression\mixed_linear_model.py:2237: ConvergenceWarning: The MLE may be on the boundary of the parameter space.
  warnings.warn(msg, ConvergenceWarning)
C:\Users\ayesha.gull01\AppData\Local\Programs\Python\Python313\Lib\site-packages\statsmodels\regression\mixed_linear_model.py:2237: ConvergenceWarning: The MLE may be on the boundary of the parameter space.
  warnings.warn(msg, ConvergenceWarning)
C:\Users\ayesha.gull01\AppData\Local\Programs\Python\Python313\Lib\site-packages\statsmodels\regression\mixed_linear_model.py:2237: ConvergenceWarning: The MLE may be on the boundary of the parameter space.
  warnings.warn(msg, ConvergenceWarning)
C:\Users\ayesha.gull01\AppData\Local\Programs\Python\Python313\Lib\site-packages\statsmodels\regression\mixed_linear_model.py:2237: ConvergenceWarning: The MLE may be on the boundary of the parameter space.
  warnings.warn(msg, ConvergenceWarning)
C:\Users\ayesha.gull01\AppData\Local\Programs\Python\Python313\Lib\site-packages\statsmodels\regression\mixed_linear_model.py:2237: ConvergenceWarning: The MLE may be on the boundary of the parameter space.
  warnings.warn(msg, ConvergenceWarning)
C:\Users\ayesha.gull01\AppData\Local\Programs\Python\Python313\Lib\site-packages\statsmodels\regression\mixed_linear_model.py:2237: ConvergenceWarning: The MLE may be on the boundary of the parameter space.
  warnings.warn(msg, ConvergenceWarning)
C:\Users\ayesha.gull01\AppData\Local\Programs\Python\Python313\Lib\site-packages\statsmodels\base\model.py:607: ConvergenceWarning: Maximum Likelihood optimization failed to converge. Check mle_retvals
  warnings.warn("Maximum Likelihood optimization failed to "
C:\Users\ayesha.gull01\AppData\Local\Programs\Python\Python313\Lib\site-packages\statsmodels\regression\mixed_linear_model.py:2206: ConvergenceWarning: MixedLM optimization failed, trying a different optimizer may help.
  warnings.warn(msg, ConvergenceWarning)
C:\Users\ayesha.gull01\AppData\Local\Programs\Python\Python313\Lib\site-packages\statsmodels\regression\mixed_linear_model.py:2218: ConvergenceWarning: Gradient optimization failed, |grad| = 7.301520
  warnings.warn(msg, ConvergenceWarning)
C:\Users\ayesha.gull01\AppData\Local\Programs\Python\Python313\Lib\site-packages\statsmodels\regression\mixed_linear_model.py:2237: ConvergenceWarning: The MLE may be on the boundary of the parameter space.
  warnings.warn(msg, ConvergenceWarning)
C:\Users\ayesha.gull01\AppData\Local\Programs\Python\Python313\Lib\site-packages\statsmodels\regression\mixed_linear_model.py:2237: ConvergenceWarning: The MLE may be on the boundary of the parameter space.
  warnings.warn(msg, ConvergenceWarning)
C:\Users\ayesha.gull01\AppData\Local\Programs\Python\Python313\Lib\site-packages\statsmodels\base\model.py:607: ConvergenceWarning: Maximum Likelihood optimization failed to converge. Check mle_retvals
  warnings.warn("Maximum Likelihood optimization failed to "
C:\Users\ayesha.gull01\AppData\Local\Programs\Python\Python313\Lib\site-packages\statsmodels\regression\mixed_linear_model.py:2206: ConvergenceWarning: MixedLM optimization failed, trying a different optimizer may help.
  warnings.warn(msg, ConvergenceWarning)
C:\Users\ayesha.gull01\AppData\Local\Programs\Python\Python313\Lib\site-packages\statsmodels\regression\mixed_linear_model.py:2218: ConvergenceWarning: Gradient optimization failed, |grad| = 37.508926
  warnings.warn(msg, ConvergenceWarning)
C:\Users\ayesha.gull01\AppData\Local\Programs\Python\Python313\Lib\site-packages\statsmodels\regression\mixed_linear_model.py:2237: ConvergenceWarning: The MLE may be on the boundary of the parameter space.
  warnings.warn(msg, ConvergenceWarning)
C:\Users\ayesha.gull01\AppData\Local\Programs\Python\Python313\Lib\site-packages\statsmodels\base\model.py:607: ConvergenceWarning: Maximum Likelihood optimization failed to converge. Check mle_retvals
  warnings.warn("Maximum Likelihood optimization failed to "
C:\Users\ayesha.gull01\AppData\Local\Programs\Python\Python313\Lib\site-packages\statsmodels\regression\mixed_linear_model.py:2206: ConvergenceWarning: MixedLM optimization failed, trying a different optimizer may help.
  warnings.warn(msg, ConvergenceWarning)
C:\Users\ayesha.gull01\AppData\Local\Programs\Python\Python313\Lib\site-packages\statsmodels\regression\mixed_linear_model.py:2218: ConvergenceWarning: Gradient optimization failed, |grad| = 66.512597
  warnings.warn(msg, ConvergenceWarning)
C:\Users\ayesha.gull01\AppData\Local\Programs\Python\Python313\Lib\site-packages\statsmodels\regression\mixed_linear_model.py:2237: ConvergenceWarning: The MLE may be on the boundary of the parameter space.
  warnings.warn(msg, ConvergenceWarning)
C:\Users\ayesha.gull01\AppData\Local\Programs\Python\Python313\Lib\site-packages\statsmodels\regression\mixed_linear_model.py:2261: ConvergenceWarning: The Hessian matrix at the estimated parameter values is not positive definite.
  warnings.warn(msg, ConvergenceWarning)
C:\Users\ayesha.gull01\AppData\Local\Programs\Python\Python313\Lib\site-packages\statsmodels\base\model.py:607: ConvergenceWarning: Maximum Likelihood optimization failed to converge. Check mle_retvals
  warnings.warn("Maximum Likelihood optimization failed to "
C:\Users\ayesha.gull01\AppData\Local\Programs\Python\Python313\Lib\site-packages\statsmodels\regression\mixed_linear_model.py:2206: ConvergenceWarning: MixedLM optimization failed, trying a different optimizer may help.
  warnings.warn(msg, ConvergenceWarning)
C:\Users\ayesha.gull01\AppData\Local\Programs\Python\Python313\Lib\site-packages\statsmodels\regression\mixed_linear_model.py:2218: ConvergenceWarning: Gradient optimization failed, |grad| = 39.865028
  warnings.warn(msg, ConvergenceWarning)
C:\Users\ayesha.gull01\AppData\Local\Programs\Python\Python313\Lib\site-packages\statsmodels\regression\mixed_linear_model.py:2237: ConvergenceWarning: The MLE may be on the boundary of the parameter space.
  warnings.warn(msg, ConvergenceWarning)
C:\Users\ayesha.gull01\AppData\Local\Programs\Python\Python313\Lib\site-packages\statsmodels\base\model.py:607: ConvergenceWarning: Maximum Likelihood optimization failed to converge. Check mle_retvals
  warnings.warn("Maximum Likelihood optimization failed to "
C:\Users\ayesha.gull01\AppData\Local\Programs\Python\Python313\Lib\site-packages\statsmodels\regression\mixed_linear_model.py:2206: ConvergenceWarning: MixedLM optimization failed, trying a different optimizer may help.
  warnings.warn(msg, ConvergenceWarning)
C:\Users\ayesha.gull01\AppData\Local\Programs\Python\Python313\Lib\site-packages\statsmodels\regression\mixed_linear_model.py:2218: ConvergenceWarning: Gradient optimization failed, |grad| = 63.802641
  warnings.warn(msg, ConvergenceWarning)
C:\Users\ayesha.gull01\AppData\Local\Programs\Python\Python313\Lib\site-packages\statsmodels\base\model.py:607: ConvergenceWarning: Maximum Likelihood optimization failed to converge. Check mle_retvals
  warnings.warn("Maximum Likelihood optimization failed to "
C:\Users\ayesha.gull01\AppData\Local\Programs\Python\Python313\Lib\site-packages\statsmodels\regression\mixed_linear_model.py:2206: ConvergenceWarning: MixedLM optimization failed, trying a different optimizer may help.
  warnings.warn(msg, ConvergenceWarning)
C:\Users\ayesha.gull01\AppData\Local\Programs\Python\Python313\Lib\site-packages\statsmodels\regression\mixed_linear_model.py:2237: ConvergenceWarning: The MLE may be on the boundary of the parameter space.
  warnings.warn(msg, ConvergenceWarning)
C:\Users\ayesha.gull01\AppData\Local\Programs\Python\Python313\Lib\site-packages\statsmodels\regression\mixed_linear_model.py:2218: ConvergenceWarning: Gradient optimization failed, |grad| = 43.225589
  warnings.warn(msg, ConvergenceWarning)
C:\Users\ayesha.gull01\AppData\Local\Programs\Python\Python313\Lib\site-packages\statsmodels\regression\mixed_linear_model.py:2237: ConvergenceWarning: The MLE may be on the boundary of the parameter space.
  warnings.warn(msg, ConvergenceWarning)
C:\Users\ayesha.gull01\AppData\Local\Programs\Python\Python313\Lib\site-packages\statsmodels\regression\mixed_linear_model.py:2261: ConvergenceWarning: The Hessian matrix at the estimated parameter values is not positive definite.
  warnings.warn(msg, ConvergenceWarning)
C:\Users\ayesha.gull01\AppData\Local\Programs\Python\Python313\Lib\site-packages\statsmodels\base\model.py:607: ConvergenceWarning: Maximum Likelihood optimization failed to converge. Check mle_retvals
  warnings.warn("Maximum Likelihood optimization failed to "
C:\Users\ayesha.gull01\AppData\Local\Programs\Python\Python313\Lib\site-packages\statsmodels\regression\mixed_linear_model.py:2206: ConvergenceWarning: MixedLM optimization failed, trying a different optimizer may help.
  warnings.warn(msg, ConvergenceWarning)
C:\Users\ayesha.gull01\AppData\Local\Programs\Python\Python313\Lib\site-packages\statsmodels\regression\mixed_linear_model.py:2218: ConvergenceWarning: Gradient optimization failed, |grad| = 7.301520
  warnings.warn(msg, ConvergenceWarning)
C:\Users\ayesha.gull01\AppData\Local\Programs\Python\Python313\Lib\site-packages\statsmodels\regression\mixed_linear_model.py:2237: ConvergenceWarning: The MLE may be on the boundary of the parameter space.
  warnings.warn(msg, ConvergenceWarning)
C:\Users\ayesha.gull01\AppData\Local\Programs\Python\Python313\Lib\site-packages\statsmodels\regression\mixed_linear_model.py:2237: ConvergenceWarning: The MLE may be on the boundary of the parameter space.
  warnings.warn(msg, ConvergenceWarning)
C:\Users\ayesha.gull01\AppData\Local\Programs\Python\Python313\Lib\site-packages\statsmodels\regression\mixed_linear_model.py:2237: ConvergenceWarning: The MLE may be on the boundary of the parameter space.
  warnings.warn(msg, ConvergenceWarning)
C:\Users\ayesha.gull01\AppData\Local\Programs\Python\Python313\Lib\site-packages\statsmodels\regression\mixed_linear_model.py:2237: ConvergenceWarning: The MLE may be on the boundary of the parameter space.
  warnings.warn(msg, ConvergenceWarning)
C:\Users\ayesha.gull01\AppData\Local\Programs\Python\Python313\Lib\site-packages\statsmodels\regression\mixed_linear_model.py:2237: ConvergenceWarning: The MLE may be on the boundary of the parameter space.
  warnings.warn(msg, ConvergenceWarning)
C:\Users\ayesha.gull01\AppData\Local\Programs\Python\Python313\Lib\site-packages\statsmodels\regression\mixed_linear_model.py:2237: ConvergenceWarning: The MLE may be on the boundary of the parameter space.
  warnings.warn(msg, ConvergenceWarning)
C:\Users\ayesha.gull01\AppData\Local\Programs\Python\Python313\Lib\site-packages\statsmodels\regression\mixed_linear_model.py:2237: ConvergenceWarning: The MLE may be on the boundary of the parameter space.
  warnings.warn(msg, ConvergenceWarning)
C:\Users\ayesha.gull01\AppData\Local\Programs\Python\Python313\Lib\site-packages\statsmodels\regression\mixed_linear_model.py:2237: ConvergenceWarning: The MLE may be on the boundary of the parameter space.
  warnings.warn(msg, ConvergenceWarning)
C:\Users\ayesha.gull01\AppData\Local\Programs\Python\Python313\Lib\site-packages\statsmodels\base\model.py:607: ConvergenceWarning: Maximum Likelihood optimization failed to converge. Check mle_retvals
  warnings.warn("Maximum Likelihood optimization failed to "
C:\Users\ayesha.gull01\AppData\Local\Programs\Python\Python313\Lib\site-packages\statsmodels\regression\mixed_linear_model.py:2206: ConvergenceWarning: MixedLM optimization failed, trying a different optimizer may help.
  warnings.warn(msg, ConvergenceWarning)
C:\Users\ayesha.gull01\AppData\Local\Programs\Python\Python313\Lib\site-packages\statsmodels\regression\mixed_linear_model.py:2218: ConvergenceWarning: Gradient optimization failed, |grad| = 10.229922
  warnings.warn(msg, ConvergenceWarning)
C:\Users\ayesha.gull01\AppData\Local\Programs\Python\Python313\Lib\site-packages\statsmodels\regression\mixed_linear_model.py:2237: ConvergenceWarning: The MLE may be on the boundary of the parameter space.
  warnings.warn(msg, ConvergenceWarning)
C:\Users\ayesha.gull01\AppData\Local\Programs\Python\Python313\Lib\site-packages\statsmodels\regression\mixed_linear_model.py:2261: ConvergenceWarning: The Hessian matrix at the estimated parameter values is not positive definite.
  warnings.warn(msg, ConvergenceWarning)
C:\Users\ayesha.gull01\AppData\Local\Programs\Python\Python313\Lib\site-packages\statsmodels\regression\mixed_linear_model.py:2237: ConvergenceWarning: The MLE may be on the boundary of the parameter space.
  warnings.warn(msg, ConvergenceWarning)
pp M6_S19_R1_sma0.03_rho0.0_beta0.05_modelspecific: 200 datasets in 515s
 shared  M  s_ma  beta  n_datasets  e1_reject  e1_reject_bonf  e1b_reject  e1b_reject_bonf  e1a_reject  e1a_reject_bonf  e2_reject  e1_se_over_sd  e1b_se_over_sd  e1a_se_over_sd  e1b_lbfgs_local_share  e1a_lbfgs_local_share  e1a_fit_fail  t_e1a_median_s
   True  3  0.00  0.00         200      0.005           0.000       0.005            0.000       0.055            0.000      0.025          1.476           1.409           1.056                  0.380                  0.255             0           7.232
   True  3  0.00  0.05         200      0.975           0.925       1.000            1.000       1.000            1.000      1.000          1.441           1.367           1.024                  0.415                  0.255             0           4.558
   True  3  0.03  0.00         200      0.110           0.035       0.115            0.035       0.140            0.040      0.200          0.917           0.913           0.902                  0.025                  0.005             0           2.225
   True  3  0.03  0.05         200      0.655           0.370       0.655            0.375       0.655            0.390      0.735          0.827           0.816           0.803                  0.025                  0.000             0           1.875
   True  6  0.00  0.00         200      0.065           0.000       0.085            0.000       0.065            0.000      0.080          0.944           0.905           0.938                  0.505                  0.175             0           5.152
   True  6  0.00  0.05         200      0.980           0.955       1.000            1.000       1.000            1.000      1.000          0.992           0.947           0.992                  0.535                  0.235             0           5.840
   True  6  0.03  0.00         200      0.085           0.015       0.085            0.010       0.080            0.010      0.090          0.966           0.964           0.982                  0.000                  0.005             0           3.878
   True  6  0.03  0.05         200      0.770           0.450       0.780            0.450       0.775            0.430      0.780          0.913           0.913           0.923                  0.005                  0.005             0           4.141
  False  3  0.00  0.00         200      0.000           0.000       0.000            0.000       0.060            0.000      0.000          2.396           2.277           1.010                  0.375                  0.920             0           2.794
  False  3  0.00  0.05         200      0.920           0.815       1.000            1.000       1.000            1.000      1.000          2.591           2.488           1.101                  0.340                  0.935             0           2.945
  False  3  0.03  0.00         200      0.100           0.035       0.100            0.040       0.145            0.065      0.200          0.997           0.974           0.909                  0.055                  0.560             0           2.491
  False  3  0.03  0.05         200      0.540           0.230       0.570            0.250       0.615            0.320      0.705          0.967           0.934           0.866                  0.045                  0.485             0           3.355
  False  6  0.00  0.00         200      0.000           0.000       0.000            0.000       0.055            0.005      0.005          2.222           2.090           0.947                  0.600                  0.940             0          11.514
  False  6  0.00  0.05         200      0.980           0.770       1.000            1.000       1.000            1.000      1.000          2.528           2.403           1.089                  0.610                  0.960             0          11.677
  False  6  0.03  0.00         200      0.095           0.005       0.095            0.005       0.135            0.010      0.135          1.061           1.007           0.944                  0.075                  0.855             0          11.951
  False  6  0.03  0.05         200      0.760           0.405       0.775            0.445       0.815            0.530      0.820          0.958           0.910           0.832                  0.055                  0.905             0          10.812
adopt E1-amended: False | size {'M6_S19_R1_sma0.0_rho0.0_beta0.0_shared': True, 'M6_S19_R1_sma0.03_rho0.0_beta0.0_shared': True, 'M6_S19_R1_sma0.0_rho0.0_beta0.0_modelspecific': True, 'M6_S19_R1_sma0.03_rho0.0_beta0.0_modelspecific': False} | power {'M6_S19_R1_sma0.0_rho0.0_beta0.05_shared': True, 'M6_S19_R1_sma0.03_rho0.0_beta0.05_shared': False, 'M6_S19_R1_sma0.0_rho0.0_beta0.05_modelspecific': True, 'M6_S19_R1_sma0.03_rho0.0_beta0.05_modelspecific': True}
[stage mixed_pp] 5089s
