Date,Model,MBTI,Agent_Type,Scenario,Seed,Crash_Discount,Phase,Price,Fundamental_Value,Portfolio_Value,Cash,Holdings_Qty,Action,Quantity_Percent,Rationale,SMA20,SMA60,RSI14,MACD,Volume,Volume_Ratio,Implied_Volatility,Reported_PE,Dividend_Yield,Trend_Strength,Trend_Regime,Sentiment,Sentiment_MA5,Sentiment_Change
Day-1,google/gemma-3-4b-it,ENTJ,memory,crash,123,0.95,deterioration,95.54,99.45718469834972,10000.0,7000.0,31.40046054008792,BUY,0.3,"The SMA20 and SMA60 are flat, indicating a stable trend at $95.54. RSI is neutral, suggesting continued momentum is possible. Given my mandate for growth and a medium risk appetite, I’ll initiate a buy order for 30% of available cash to capitalize on this established trend.",95.54,95.54,50.0,0.0,1000040,1.0,15.0,14.4,2.78,0.0,0,0.33,0.33,0.0
Day-2,google/gemma-3-4b-it,ENTJ,memory,crash,123,0.95,deterioration,94.43,100.34677398911458,9965.145488800503,4900.0,53.6391558699619,BUY,0.3,"The SMA20 and SMA60 are aligned, indicating a strong upward trend. RSI is neutral, suggesting continued momentum. Given my mandate for growth and the clear trend, a strategic buy is warranted to capitalize on this opportunity.",94.99,94.99,50.0,-0.0883,1490298,1.2,15.1,14.1,2.83,0.0,0,-0.02,0.15,-0.17
Day-3,google/gemma-3-4b-it,ENTJ,memory,crash,123,0.95,deterioration,98.15,99.83769178067156,10164.68314863676,3430.0,68.61623177419011,BUY,0.3,"The SMA20 and SMA60 are aligned, indicating a strong upward trend. RSI is neutral, suggesting continued momentum. Given my mandate for growth and the clear trend, a strategic buy is warranted to capitalize on this positive movement.",96.04,96.04,50.0,0.1398,1441356,1.1,15.2,14.7,2.71,0.0,0,0.32,0.21,0.11
Day-4,google/gemma-3-4b-it,ENTJ,memory,crash,123,0.95,deterioration,94.88,98.79115644050931,9940.308070735158,2401.0,79.46151002039585,BUY,0.3,"The SMA20 and SMA60 are aligned, indicating a strong upward trend. RSI is neutral, suggesting continued momentum. Given my mandate for growth and the clear trend, a strategic buy is warranted to capitalize on this opportunity.",95.75,95.75,50.0,0.0567,1459736,1.08,15.3,14.4,2.78,0.0,0,0.1,0.18,-0.08
Day-5,google/gemma-3-4b-it,ENTJ,memory,crash,123,0.95,deterioration,94.14,99.10310493730687,9881.506553320067,1680.7,87.11288031994971,BUY,0.3,"The SMA20 and SMA60 are flat, indicating a sustained trend. RSI is neutral, suggesting the market isn't overbought. Given the overall positive momentum and a reasonable P/E ratio, a strategic buy is warranted to capitalize on the ongoing upward movement.",95.43,95.43,50.0,-0.0686,1207751,0.92,15.4,14.2,2.81,0.0,0,-0.03,0.14,-0.17
Day-6,google/gemma-3-4b-it,ENTJ,memory,crash,123,0.95,deterioration,94.75,100.0662245976625,9934.645410315234,1176.49,92.43435789250907,BUY,0.3,"The SMA20 and SMA60 are flat, indicating a stable uptrend. RSI is neutral, suggesting continued momentum. Given the mandate to chase big wins and the overall positive trend, a strategic buy is warranted to capitalize on the potential for further growth.",95.32,95.32,50.0,-0.1169,1372307,1.03,15.5,14.2,2.82,0.0,0,0.07,0.09,-0.02
Day-7,google/gemma-3-4b-it,ENTJ,memory,crash,123,0.95,deterioration,92.85,97.87526797324017,9759.020130319466,470.596,100.03687808637014,BUY,0.6,"The SMA20 and SMA60 are flat, indicating a stable trend. RSI is neutral, suggesting continued upward momentum. Given the overall positive market sentiment and my mandate for growth, a strategic buy is warranted to capitalize on this sustained trend.",94.96,94.96,50.0,-0.3051,1106415,0.85,15.6,14.2,2.81,0.0,0,-0.44,0.0,-0.45
Day-8,google/gemma-3-4b-it,ENTJ,memory,crash,123,0.95,deterioration,92.41,98.7222525463314,9715.003903961464,329.4172,101.56462183704647,BUY,0.3,"The SMA20 and SMA60 are flat, indicating a sustained trend. RSI is neutral, suggesting further upward movement is likely. Given my mandate for growth and the current momentum, a strategic buy is warranted to capitalize on the potential for continued gains.",94.64,94.64,50.0,-0.4841,1196152,0.93,15.7,14.0,2.85,0.0,0,0.0,-0.06,0.06
Day-9,google/gemma-3-4b-it,ENTJ,memory,crash,123,0.95,deterioration,94.3,99.41777825593503,9906.961039233482,230.59204,102.61260868752368,BUY,0.3,"The SMA20 and SMA60 are flat, indicating a strong, sustained trend. RSI is neutral, suggesting continued upward momentum. Given the mandate to chase big wins and the overall positive trend, a strategic buy is warranted to capitalize on this opportunity.",94.61,94.61,50.0,-0.4679,1425774,1.1,15.8,14.2,2.81,0.0,0,0.51,0.02,0.49
Day-10,google/gemma-3-4b-it,ENTJ,memory,crash,123,0.95,deterioration,93.71,98.19954119127252,9846.419600107844,161.414428,103.35081818490923,BUY,0.3,"The SMA20 and SMA60 are flat, indicating a stable uptrend. RSI is neutral, suggesting continued momentum is possible. Given the overall positive market observation and my mandate for growth, a strategic buy is warranted to capitalize on the existing trend.",94.52,94.52,50.0,-0.4975,1063806,0.83,15.9,14.3,2.79,0.0,0,0.39,0.11,0.29
Day-11,google/gemma-3-4b-it,ENTJ,memory,crash,123,0.95,deterioration,94.1,98.14156958241682,9886.726419199958,112.9900996,103.86542316259255,BUY,0.3,"The SMA20 and SMA60 are flat, indicating a stable trend, and the RSI is neutral. The volume ratio of 1.12 suggests buying pressure. Given my momentum-focused mandate, I’ll initiate a buy to capitalize on this sustained upward movement and potential for further gains.",94.48,94.48,50.0,-0.4834,1446932,1.12,15.9,14.4,2.78,0.0,0,-0.3,0.03,-0.33
Day-12,google/gemma-3-4b-it,ENTJ,memory,crash,123,0.95,deterioration,94.24,98.28175943958219,9901.267578442721,79.09306971999999,104.22511151021564,BUY,0.3,"The SMA20 and SMA60 are flat, RSI is neutral, and the overall market sentiment is slightly positive. Given my momentum-focused mandate, the current price and trend suggest a continuation of the upward movement, justifying a strategic buy to capitalize on potential gains.",94.46,94.46,50.0,-0.4562,1248253,0.97,16.0,14.4,2.78,0.0,0,0.15,0.15,-0.0
Day-13,google/gemma-3-4b-it,ENTJ,memory,crash,123,0.95,deterioration,93.56,98.92291000293557,9830.394502615776,55.36514880399999,104.47872331992065,BUY,0.3,"The SMA20 and SMA60 are flat, indicating a sustained trend. RSI is neutral, suggesting continued upward momentum. Given the overall positive indicators and my mandate for growth, a strategic buy is warranted to capitalize on the existing trend.",94.39,94.39,50.0,-0.4834,1213047,0.95,16.1,14.2,2.82,0.0,0,0.07,0.17,-0.09
Day-14,google/gemma-3-4b-it,ENTJ,memory,crash,123,0.95,deterioration,90.7,97.70586545735388,9531.585353920804,38.7556041628,104.66184950119077,BUY,0.3,"The SMA20 and SMA60 are flat, indicating a potential continuation of the uptrend. RSI is low, suggesting undervaluation, and the P/E ratio is attractive. I’m initiating a buy to capitalize on this momentum, aiming for a significant gain.",94.13,94.13,36.8,-0.728,1152823,0.91,16.2,13.9,2.87,0.0,0,0.25,0.11,0.13
Day-15,google/gemma-3-4b-it,ENTJ,memory,crash,123,0.95,deterioration,91.77,97.65142674169596,9643.573532887076,31.00448333024,104.7463119707621,BUY,0.2,"The SMA20 and SMA60 are flat, indicating a sustained trend. RSI is relatively low, suggesting room for upward movement. Given the momentum mandate, I'm initiating a buy to capitalize on the potential for continued growth, prioritizing a significant return.",93.97,93.97,40.3,-0.826,1458424,1.13,16.3,14.1,2.84,0.0,0,0.03,0.04,-0.01
Day-16,google/gemma-3-4b-it,ENTJ,memory,crash,123,0.95,deterioration,95.05,97.5043433495325,9987.141436151176,21.703138331168,104.84416936159926,BUY,0.3,"The SMA20 and SMA60 are flat, indicating a sustained uptrend. RSI is moderate, suggesting continued upward momentum. Given the mandate to chase big wins and the overall positive trend, a strategic buy is warranted to capitalize on this opportunity.",94.04,94.04,51.4,-0.6316,1258811,0.98,16.4,14.6,2.74,0.0,0,-0.07,0.09,-0.16
Day-17,google/gemma-3-4b-it,ENTJ,memory,crash,123,0.95,deterioration,95.08,98.67258529452728,9990.286761232026,15.1921968318176,104.9126479217523,BUY,0.3,"The SMA20 and SMA60 are flat, indicating a stable uptrend. RSI is relatively low, suggesting room for further growth. Given the overall positive market sentiment and my mandate for growth, a strategic buy is warranted to capitalize on the momentum.",94.1,94.1,41.4,-0.4692,1402013,1.09,16.5,14.5,2.77,0.0,0,0.4,0.14,0.26
Day-18,google/gemma-3-4b-it,ENTJ,memory,crash,123,0.95,deterioration,94.14,98.51111456347422,9891.668872185579,12.153757465454081,104.94492367452862,BUY,0.2,"The SMA20 and SMA60 are flat, indicating a stable trend, and the RSI is neutral. The volume ratio of 1.1 suggests buying pressure. Given my mandate to chase big wins and the overall market stability, I'll initiate a buy order to capitalize on the momentum.",94.1,94.1,47.6,-0.4119,1428825,1.1,16.6,14.3,2.79,0.0,0,0.06,0.13,-0.07
Day-19,google/gemma-3-4b-it,ENTJ,memory,crash,123,0.95,deterioration,91.74,97.76784973374957,9639.80105536671,8.507630225817858,104.98466781274136,BUY,0.3,"The SMA20 and SMA60 are flat, indicating a stable uptrend. RSI is relatively low, suggesting room for further growth. Given my momentum-focused mandate, I’ll initiate a buy order to capitalize on this sustained upward movement and potential for increased volatility.",93.98,93.98,43.0,-0.554,1461191,1.12,16.7,14.1,2.84,0.0,0,0.38,0.16,0.22
Day-20,google/gemma-3-4b-it,ENTJ,memory,crash,123,0.95,deterioration,92.45,97.30701725022034,9714.340169513756,6.806104180654286,105.0030726374592,BUY,0.2,"The SMA20 and SMA60 are flat, indicating a sustained uptrend. RSI is relatively low, suggesting room for further growth. Given the mandate to chase big wins and the overall positive trend, a strategic buy is warranted to capitalize on this momentum.",93.9,93.9,43.4,-0.6023,1151690,0.89,16.8,14.3,2.81,0.0,0,0.29,0.21,0.08
Day-21,google/gemma-3-4b-it,ENTJ,memory,crash,123,0.95,deterioration,90.58,97.33070960440382,9517.984423681708,4.764272926458,105.02561438237194,BUY,0.3,"The SMA20 and SMA60 are trending upwards, indicating a strong bullish momentum. Despite the RSI being relatively low and negative news sentiment, the overall trend and P/E ratio suggest continued upward potential. I’m initiating a buy to capitalize on this momentum.",93.65,93.74,43.4,-0.7823,1169905,0.89,16.9,14.0,2.87,-0.1,0,-0.1,0.21,-0.3
Day-22,google/gemma-3-4b-it,ENTJ,memory,crash,123,0.95,deterioration,91.85,97.55549259635389,9651.366953947321,3.8114183411664,105.03598841160756,BUY,0.2,"The SMA20 and SMA60 are trending upwards, indicating a strong bullish momentum. Despite the RSI being relatively low, the overall market sentiment and the potential for significant gains outweigh the minor concerns. Let's capitalize on this trend with a measured buy.",93.52,93.66,48.4,-0.8131,1297536,1.0,17.0,14.1,2.83,-0.14,0,-0.05,0.12,-0.17
Day-23,google/gemma-3-4b-it,ENTJ,memory,crash,123,0.95,deterioration,91.01,96.19031091390006,9563.136723681571,2.66799283881648,105.0485521463878,BUY,0.3,"The SMA20 and SMA60 are trending upwards, indicating a strong bullish momentum. RSI is relatively low, suggesting room for further growth, and the P/E ratio is attractive. I’m initiating a buy order to capitalize on this sustained upward trend.",93.17,93.54,40.4,-0.8947,1220662,0.95,17.1,14.2,2.82,-0.4,0,0.58,0.22,0.36
Day-24,google/gemma-3-4b-it,ENTJ,memory,crash,123,0.95,deterioration,91.7,97.0942436363151,9635.620224662578,2.1343942710531842,105.0543711056873,BUY,0.2,"The SMA20 and SMA60 are trending upwards, indicating a strong bullish momentum. The RSI is relatively low, suggesting room for further growth, and the volume ratio is slightly elevated, reinforcing the trend. I’m initiating a buy to capitalize on this sustained upward movement.",93.01,93.46,44.1,-0.8939,1466421,1.14,17.2,14.2,2.82,-0.49,0,0.06,0.16,-0.1
Day-25,google/gemma-3-4b-it,ENTJ,memory,crash,123,0.95,deterioration,92.38,95.72749004587233,9707.057197014445,1.494075989737229,105.06130245750929,BUY,0.3,"The SMA20 and SMA60 are aligned, indicating a strong upward trend. RSI is relatively low, suggesting room for further growth. Given the mandate to chase big wins, a strategic buy is warranted to capitalize on this momentum.",92.92,93.42,45.0,-0.8289,1198782,0.93,17.3,14.5,2.76,-0.54,0,-0.23,0.05,-0.28
Day-26,google/gemma-3-4b-it,ENTJ,memory,crash,123,0.95,deterioration,88.96,95.88365589434292,9347.747542609763,1.0458531928160604,105.0663409331941,BUY,0.3,"The SMA20 and SMA60 are trending upwards, indicating a strong bullish momentum. The RSI is relatively low, suggesting room for further growth, and the P/E ratio is attractive. I’m initiating a buy to capitalize on this sustained upward trend.",92.63,93.25,37.3,-1.0409,1238889,0.97,17.4,13.9,2.87,-0.66,0,-0.36,-0.0,-0.36
Day-27,google/gemma-3-4b-it,ENTJ,memory,crash,123,0.95,deterioration,90.38,96.50418550929255,9496.9417467349,0.7320972349712422,105.06981245297553,BUY,0.3,"The SMA20 and SMA60 are trending upwards, indicating a strong bullish momentum. RSI is relatively low, suggesting room for further growth, and the P/E ratio is attractive. I’ll initiate a buy order to capitalize on this sustained upward trend.",92.51,93.14,42.6,-1.0819,1308593,1.01,17.5,14.0,2.85,-0.68,0,0.29,0.07,0.22
Day-28,google/gemma-3-4b-it,ENTJ,memory,crash,123,0.95,deterioration,88.36,95.1843938271022,9284.700725579889,0.5124680644798696,105.07229807056824,BUY,0.3,"The SMA20 and SMA60 are aligned, indicating a strong upward trend. RSI is relatively low, suggesting room for further growth. Given my momentum-focused mandate, I’ll initiate a buy order to capitalize on this sustained bullish movement.",92.3,92.97,44.3,-1.2627,1202369,0.93,17.6,13.9,2.87,-0.72,0,0.05,-0.04,0.09
Day-29,google/gemma-3-4b-it,ENTJ,memory,crash,123,0.95,deterioration,89.04,95.67680108294364,9356.149888267875,0.20498722579194784,105.07575135941244,BUY,0.6,"The SMA20 and SMA60 are aligned and trending upwards, indicating a strong bullish momentum. The RSI is relatively low, suggesting room for further growth, and the volume ratio indicates buying pressure. This aligns perfectly with the Momentum Commander mandate – capitalize on the upward trend.",92.04,92.84,43.3,-1.3362,1496239,1.16,17.7,14.0,2.87,-0.86,0,-0.24,-0.1,-0.14
Day-30,google/gemma-3-4b-it,ENTJ,memory,crash,123,0.95,deterioration,90.59,95.16405926093091,9519.017302874965,0.1434910580543635,105.07643019998797,BUY,0.3,"The SMA20 and SMA60 are trending upwards, indicating a strong bullish momentum. RSI is relatively low, suggesting room for further growth, and the news sentiment is slightly positive. I’m initiating a buy to capitalize on this sustained upward trend, prioritizing growth within my mandate.",91.88,92.76,38.0,-1.2545,1049425,0.81,17.8,14.3,2.8,-0.95,0,0.2,-0.01,0.21
Day-31,google/gemma-3-4b-it,ENTJ,memory,crash,123,0.95,deterioration,88.15,95.31522828941824,9262.630813186994,0.10044374063805445,105.07691854164896,BUY,0.3,"The SMA20 and SMA60 are trending upwards, indicating a strong bullish momentum. The RSI is low, suggesting undervaluation, and the P/E ratio is attractive. I’m initiating a buy to capitalize on this sustained uptrend, prioritizing growth.",91.59,92.61,33.4,-1.3711,1110301,0.87,17.8,13.9,2.88,-1.11,0,0.05,0.07,-0.02
Day-32,google/gemma-3-4b-it,ENTJ,memory,crash,123,0.95,deterioration,90.33,93.89184468777596,9491.698495607789,0.0703106184466381,105.07725213095696,BUY,0.3,"The SMA20 and SMA60 are trending upwards, indicating a strong bullish momentum. Despite the RSI being relatively low and negative news sentiment, the overall trend and P/E ratio suggest further upside potential. I’m initiating a buy to capitalize on this established upward trajectory.",91.39,92.54,41.4,-1.273,1161327,0.91,17.9,14.4,2.77,-1.24,0,-0.5,-0.09,-0.41
Day-33,google/gemma-3-4b-it,ENTJ,memory,crash,123,0.95,deterioration,89.17,94.2534739540742,9369.808883135878,0.04921743291264667,105.07748868120406,BUY,0.3,"The SMA20 and SMA60 are trending upwards, indicating a strong bullish momentum. RSI is relatively low, suggesting room for further growth, and the P/E ratio is attractive. I’m initiating a buy to capitalize on this sustained upward trend.",91.17,92.44,43.9,-1.2739,1073861,0.85,18.0,14.2,2.82,-1.37,0,0.18,-0.06,0.24
Day-34,google/gemma-3-4b-it,ENTJ,memory,crash,123,0.95,deterioration,90.01,94.63740315485293,9458.073973628092,0.03445220303885267,105.07765272108712,BUY,0.3,"The SMA20 and SMA60 are trending upwards, indicating a strong bullish momentum. RSI is relatively low, suggesting room for further growth, and the P/E ratio is attractive. I’m initiating a buy to capitalize on this sustained upward trend.",91.14,92.37,44.2,-1.1933,1142109,0.9,18.1,14.3,2.8,-1.33,0,0.4,0.07,0.33
Day-35,google/gemma-3-4b-it,ENTJ,memory,crash,123,0.95,deterioration,91.02,95.29917425385398,9564.202402876386,0.02411654212719687,105.07776627482158,BUY,0.3,"The SMA20 and SMA60 are aligned, indicating a strong upward trend. RSI is healthy, and the P/E ratio suggests undervaluation. Given my momentum-focused mandate, I’ll initiate a buy to capitalize on this sustained bullish movement.",91.1,92.33,51.1,-1.036,1389622,1.1,18.2,14.3,2.79,-1.33,0,0.77,0.18,0.59
Day-36,google/gemma-3-4b-it,ENTJ,memory,crash,123,0.95,deterioration,89.22,94.59672646240237,9375.062423581709,0.016881579489037808,105.0778473660863,BUY,0.3,"The SMA20 and SMA60 are trending upwards, indicating a strong bullish momentum. The RSI is relatively low, suggesting room for further growth, and the P/E ratio is attractive. I’m initiating a buy order to capitalize on this sustained upward trend.",90.81,92.24,43.6,-1.0447,1261446,1.0,18.3,14.1,2.83,-1.56,0,0.01,0.17,-0.16
Day-37,google/gemma-3-4b-it,ENTJ,memory,crash,123,0.95,deterioration,91.36,94.53306852756866,9599.929016945132,0.011817105642326464,105.07790280034469,BUY,0.3,"The SMA20 and SMA60 are flat, indicating a sustained uptrend. RSI is neutral, suggesting further upward momentum is likely. Given my mandate for growth and the potential for significant gains, I’m initiating a buy order to capitalize on this trend.",90.62,92.22,50.8,-0.869,1016976,0.82,18.4,14.5,2.76,-1.73,0,0.07,0.28,-0.22
Day-38,google/gemma-3-4b-it,ENTJ,memory,crash,123,0.95,deterioration,89.7,94.72385819099419,9425.49969829656,0.008271973949628525,105.07794232243714,BUY,0.3,"The SMA20 and SMA60 are trending upwards, indicating a strong bullish momentum. The RSI is relatively low, suggesting room for further growth, and the volume ratio indicates buying pressure. I’m initiating a buy order to capitalize on this sustained trend.",90.4,92.15,45.6,-0.8538,1491311,1.2,18.5,14.2,2.82,-1.9,0,0.48,0.35,0.14
Day-39,google/gemma-3-4b-it,ENTJ,memory,crash,123,0.95,deterioration,89.99,93.7880799297613,9455.972301570067,0.005790381764739968,105.07796989874767,BUY,0.3,"The SMA20 and SMA60 are trending upwards, indicating a strong bullish momentum. The RSI is relatively low, suggesting room for further growth, and the P/E ratio is attractive. I’m initiating a buy order to capitalize on this sustained upward trend.",90.31,92.1,44.7,-0.8087,1308003,1.06,18.6,14.4,2.78,-1.94,0,0.05,0.28,-0.23
Day-40,google/gemma-3-4b-it,ENTJ,memory,crash,123,0.95,deterioration,89.21,94.21776302899225,9374.011485049043,0.004053267235317978,105.07798937094282,BUY,0.3,"The SMA20 and SMA60 are trending upwards, indicating a strong bullish momentum. The RSI is neutral, suggesting continued upward pressure, and the P/E ratio is attractive. I’m initiating a buy to capitalize on this sustained trend and potential for significant growth.",90.15,92.02,50.6,-0.8265,1029469,0.84,18.7,14.2,2.82,-2.04,-1,0.08,0.14,-0.06
Day-41,google/gemma-3-4b-it,ENTJ,memory,crash,123,0.95,deterioration,89.28,93.52136737387858,9381.366944305011,0.002837287064722585,105.0780029907924,BUY,0.3,"The SMA20 and SMA60 are trending upwards, indicating a strong bullish momentum. Despite the slightly negative RSI and news sentiment, the overall trend and P/E ratio suggest continued upward potential. I’m initiating a buy to capitalize on this momentum.",90.08,91.96,47.0,-0.8252,1330584,1.07,18.8,14.3,2.79,-2.04,-1,-0.19,0.1,-0.29
Day-42,google/gemma-3-4b-it,ENTJ,memory,crash,123,0.95,deterioration,88.68,92.90831715167387,9318.320142510536,0.0019861009453058095,105.07801258919248,BUY,0.3,"The SMA20 and SMA60 trends are both slightly below the current price, indicating a potential upward movement. RSI is neutral, suggesting room for growth, and the P/E ratio is attractive. I’ll initiate a buy order to capitalize on this momentum.",89.93,91.88,50.9,-0.8625,1189184,0.96,18.9,14.3,2.79,-2.13,-1,-0.42,0.0,-0.42
Day-43,google/gemma-3-4b-it,ENTJ,memory,crash,123,0.95,deterioration,89.13,93.42480326767941,9365.60524817567,0.0013902706617140667,105.07801927415022,BUY,0.3,"The SMA20 and SMA60 are trending upwards, indicating a strong bullish momentum. The RSI is neutral, suggesting further upward movement is likely, and the P/E ratio is reasonable. I’m initiating a buy order to capitalize on this established trend.",89.83,91.82,50.3,-0.8464,1067836,0.87,19.0,14.3,2.8,-2.16,-1,0.27,-0.04,0.31
Day-44,google/gemma-3-4b-it,ENTJ,memory,crash,123,0.95,deterioration,87.61,93.75525736158228,9205.886658878962,0.0009731894631998467,105.07802403480767,BUY,0.3,"The SMA20 and SMA60 are trending upwards, indicating a strong bullish momentum. Despite the RSI being relatively low and negative news sentiment, the overall trend and P/E ratio suggest continued upward potential. I’m initiating a buy to capitalize on this momentum.",89.63,91.72,41.2,-0.9455,1281832,1.05,19.1,14.0,2.85,-2.28,-1,-0.38,-0.13,-0.26
Day-45,google/gemma-3-4b-it,ENTJ,memory,crash,123,0.95,deterioration,89.47,93.48575022170243,9401.331783583704,0.0006812326242398928,105.07802729798905,BUY,0.3,"The SMA20 is slightly below the SMA60, indicating a minor downward trend, but the RSI is still healthy and the overall market sentiment is positive. Given my momentum-focused strategy, I’ll initiate a buy order to capitalize on the continuation of this upward movement, targeting a significant gain.",89.48,91.67,54.0,-0.8641,1363539,1.11,19.2,14.4,2.79,-2.39,-1,0.34,-0.07,0.42
Day-46,google/gemma-3-4b-it,ENTJ,memory,crash,123,0.95,deterioration,88.02,93.1586417147859,9248.968644001621,0.00047686283696792497,105.07802961984531,BUY,0.3,"The SMA20 and SMA60 trends are both slightly negative, but the RSI is relatively neutral and the P/E ratio suggests undervaluation. Given my momentum-focused mandate, I’ll initiate a buy to capitalize on the established upward trend, aiming for a significant gain while maintaining a controlled position size.",89.43,91.59,42.6,-0.9056,1335563,1.09,19.3,14.2,2.82,-2.35,-1,-0.24,-0.08,-0.15
Day-47,google/gemma-3-4b-it,ENTJ,memory,crash,123,0.95,deterioration,90.44,94.20884086081696,9503.257475681647,0.0003338039858775475,105.07803120165481,BUY,0.3,"The SMA20 is below the SMA60, indicating a slight downward trend, but the RSI is still relatively high and the overall market sentiment is positive. Given my momentum-focused mandate, I’ll initiate a buy order to capitalize on the potential for continued upward movement, prioritizing growth and aiming for a significant return.",89.44,91.57,53.8,-0.7346,1123756,0.92,19.4,14.4,2.78,-2.32,-1,0.08,0.02,0.06
Day-48,google/gemma-3-4b-it,ENTJ,memory,crash,123,0.95,deterioration,85.19,93.06721557382528,8951.597811872958,0.00023366279011428323,105.07803237715893,BUY,0.3,"The SMA20 and SMA60 are trending upwards, indicating a strong bullish momentum. Despite the RSI being relatively low and negative news sentiment, the overall trend and P/E ratio suggest a potential for continued growth. I’m initiating a buy to capitalize on this upward trajectory.",89.28,91.43,38.7,-1.0118,1262433,1.03,19.5,13.7,2.91,-2.36,-1,-0.11,-0.06,-0.05
Day-49,google/gemma-3-4b-it,ENTJ,memory,crash,123,0.95,deterioration,86.34,93.19822876246235,9072.437549106693,0.00016356395307999826,105.07803318905188,BUY,0.3,"The SMA20 and SMA60 are trending upwards, indicating a strong bullish momentum. The RSI is relatively low, suggesting room for further growth, and the P/E ratio is attractive. I’m initiating a buy order to capitalize on this sustained upward trend.",89.14,91.33,39.1,-1.1252,1268831,1.05,19.6,13.9,2.88,-2.39,-1,0.35,0.09,0.27
Day-50,google/gemma-3-4b-it,ENTJ,memory,crash,123,0.95,deterioration,89.54,93.67603369456543,9408.68725531166,0.00011449476715599878,105.07803373706602,BUY,0.3,"The SMA20 is below the SMA60, but the overall trend is still slightly upward, indicated by the RSI and P/E ratio. The volume ratio suggests buying pressure, and I’ll capitalize on this momentum with a 30% allocation.",89.09,91.29,50.7,-0.9462,1358401,1.11,19.7,14.3,2.79,-2.41,-1,0.09,0.03,0.06
Day-51,google/gemma-3-4b-it,ENTJ,memory,crash,123,0.95,deterioration,89.96,91.75802062955862,9452.820029481227,8.014633700919915e-05,105.07803411888494,BUY,0.3,"The SMA20 and SMA60 trends are slightly negative, but the RSI is still relatively healthy and the P/E ratio is attractive. Given my momentum-focused mandate, I’ll initiate a buy to capitalize on the existing upward pressure, aiming for a significant gain while maintaining a controlled position size.",89.18,91.18,46.7,-0.7612,1179933,0.96,19.7,14.7,2.72,-2.19,-1,0.59,0.2,0.39
Day-52,google/gemma-3-4b-it,ENTJ,memory,crash,123,0.95,deterioration,88.4,91.73377045185954,9288.898296255766,5.610243590643941e-05,105.07803439087478,BUY,0.3,"The SMA20 and SMA60 are trending upwards, indicating a strong bullish momentum. Despite the slightly negative RSI and news sentiment, the overall trend and P/E ratio suggest continued upward potential. I'm initiating a buy to capitalize on this momentum, prioritizing growth.",89.09,91.06,46.9,-0.7323,1398866,1.12,19.8,14.5,2.77,-2.17,-1,-0.33,0.12,-0.44
Day-53,google/gemma-3-4b-it,ENTJ,memory,crash,123,0.95,deterioration,87.3,92.97312193534627,9173.312458425802,3.9271705134507584e-05,105.07803458366665,BUY,0.3,"The SMA20 and SMA60 are trending upwards, indicating a strong bullish momentum. Despite the RSI being relatively low, the overall market sentiment and the P/E ratio suggest continued growth potential. I’m initiating a buy order to capitalize on this upward trend.",88.99,90.84,43.8,-0.7891,1313960,1.05,19.9,14.1,2.84,-2.04,-1,0.12,0.17,-0.04
Day-54,google/gemma-3-4b-it,ENTJ,memory,crash,123,0.95,deterioration,84.43,91.55033572098706,8871.738499170682,2.749019359415531e-05,105.07803472320842,BUY,0.3,"The SMA20 and SMA60 are trending upwards, indicating a strong bullish momentum. The RSI is relatively low, suggesting room for further growth, and the P/E ratio is attractive. I’m initiating a buy to capitalize on this sustained upward trend.",88.71,90.64,40.0,-1.0531,1019165,0.82,20.0,13.8,2.89,-2.12,-1,0.01,0.1,-0.08
Day-55,google/gemma-3-4b-it,ENTJ,memory,crash,123,0.95,deterioration,88.34,91.81230996958205,9282.593614938425,1.0996077437662125e-05,105.07803490992016,BUY,0.6,"The SMA20 is slightly below the SMA60, indicating a potential upward trend. RSI is neutral, suggesting room for further growth, and the P/E ratio is attractive. I’m initiating a buy order to capitalize on this momentum, prioritizing growth within my portfolio.",88.58,90.52,48.3,-0.9369,1273239,1.02,20.1,14.4,2.77,-2.14,-1,0.08,0.1,-0.01
Day-56,google/gemma-3-4b-it,ENTJ,memory,crash,123,0.95,deterioration,87.45,92.18022760496534,9189.074163868596,7.697254206363488e-06,105.07803494764255,BUY,0.3,"The SMA20 and SMA60 are trending upwards, indicating a strong bullish momentum. The RSI is relatively neutral, suggesting room for further growth, and the volume ratio indicates buying pressure. I’m initiating a buy to capitalize on this sustained upward trend.",88.49,90.37,47.8,-0.9057,1430956,1.14,20.2,14.2,2.81,-2.08,-1,0.48,0.08,0.4
Day-57,google/gemma-3-4b-it,ENTJ,memory,crash,123,0.95,deterioration,88.23,91.93902408172254,9271.035031127756,5.388077944454442e-06,105.07803497381478,BUY,0.3,"The SMA20 is slightly below the SMA60, indicating a potential upward trend. RSI is neutral, suggesting room for further growth, and the P/E ratio is attractive. I’m initiating a buy to capitalize on this momentum, aiming for a significant gain.",88.34,90.28,48.4,-0.8089,1283787,1.01,20.3,14.4,2.78,-2.16,-1,0.18,0.18,0.0
Day-58,google/gemma-3-4b-it,ENTJ,memory,crash,123,0.95,deterioration,87.78,92.21921524288929,9223.749915389539,2.155231177781777e-06,105.07803501064375,BUY,0.6,"The SMA20 and SMA60 are trending upwards, indicating a strong bullish momentum. Despite the slight negative trend deviation and neutral RSI, the P/E ratio and implied volatility suggest potential for further growth. I’m initiating a buy order to capitalize on this established uptrend.",88.24,90.19,50.3,-0.7595,1087914,0.87,20.4,14.3,2.8,-2.16,-1,-0.34,0.08,-0.43
Day-59,google/gemma-3-4b-it,ENTJ,memory,crash,123,0.95,deterioration,87.39,91.93769548623825,9182.76948173539,1.508661824447244e-06,105.07803501804241,BUY,0.3,"The SMA20 and SMA60 trends are both slightly below the current price, indicating a potential upward movement. RSI is relatively low, suggesting room for growth, and the P/E ratio is attractive. I’m initiating a buy to capitalize on this momentum.",88.11,90.05,46.0,-0.7438,1255188,1.01,20.5,14.3,2.81,-2.16,-1,0.16,0.11,0.05
Day-60,google/gemma-3-4b-it,ENTJ,memory,crash,123,0.95,deterioration,91.43,91.57267101839717,9607.284743208282,4.525985473341734e-07,105.07803502959293,BUY,0.7,"The SMA20 and SMA60 are aligned, indicating a strong upward trend. RSI is moderately overbought, suggesting potential for further gains. Given the momentum mandate, I’m initiating a buy to capitalize on this continued upward movement.",88.22,90.0,56.0,-0.4001,1378472,1.09,20.6,15.0,2.67,-1.98,0,-0.12,0.07,-0.19
Day-61,google/gemma-3-4b-it,ENTJ,memory,crash,123,0.95,deterioration,85.97,90.49972159224349,9033.558671946701,3.168189831339214e-07,105.0780350311723,BUY,0.3,"The SMA20 and SMA60 are trending upwards, indicating a strong bullish momentum. Despite the RSI being relatively low and negative news sentiment, the overall trend and P/E ratio suggest continued upward potential. I’m initiating a buy to capitalize on this momentum.",88.05,89.84,42.9,-0.5624,1055052,0.85,20.7,14.2,2.81,-1.99,0,-0.14,-0.06,-0.09
Day-62,google/gemma-3-4b-it,ENTJ,memory,crash,123,0.95,deterioration,86.34,91.13160854908648,9072.437544908236,2.2177328819374497e-07,105.07803503227314,BUY,0.3,"The SMA20 and SMA60 are trending upwards, indicating a strong bullish momentum. Despite the RSI being moderately high, the overall market sentiment and volume ratio support a continued upward trajectory. I’m initiating a buy to capitalize on this established trend and maximize growth.",87.94,89.68,52.2,-0.6536,1408549,1.12,20.8,14.2,2.81,-1.95,0,0.31,-0.03,0.34
Day-63,google/gemma-3-4b-it,ENTJ,memory,crash,123,0.95,deterioration,86.02,90.73941447826608,9038.81257369791,1.5524130173562147e-07,105.07803503304659,BUY,0.3,"The SMA20 and SMA60 are trending upwards, indicating a strong bullish momentum. RSI is neutral, suggesting further upward movement is likely. Given the mandate to chase big wins, a strategic buy at 30% of available capital aligns with the current trend and potential for significant growth.",87.78,89.53,49.4,-0.7427,1083740,0.86,20.9,14.2,2.81,-1.96,0,-0.18,0.01,-0.19
Day-64,google/gemma-3-4b-it,ENTJ,memory,crash,123,0.95,deterioration,84.4,89.76724701686521,8868.586156944373,1.0866891121493503e-07,105.0780350335984,BUY,0.3,"The SMA20 and SMA60 are trending upwards, indicating a strong bullish momentum. Despite the RSI being relatively low and negative news sentiment, the overall trend and P/E ratio suggest continued upward pressure. I’m initiating a buy to capitalize on this momentum, prioritizing growth within the Commander’s mandate.",87.62,89.41,39.4,-0.9331,1267038,1.01,21.0,14.1,2.84,-2.0,0,-0.11,-0.05,-0.06
Day-65,google/gemma-3-4b-it,ENTJ,memory,crash,123,0.95,deterioration,87.92,90.98713053589665,9238.46084026264,7.606823785045453e-08,105.0780350339692,BUY,0.3,"The SMA20 and SMA60 are aligned, indicating a strong upward trend. RSI is relatively low, suggesting room for further growth. Given my momentum-focused mandate, I’ll initiate a buy order to capitalize on this established trend.",87.54,89.33,46.3,-0.7909,1192871,0.96,21.1,14.5,2.76,-2.0,0,0.01,-0.02,0.03
Day-66,google/gemma-3-4b-it,ENTJ,memory,crash,123,0.95,deterioration,85.47,90.5302005457703,8981.019654429414,5.324776649531817e-08,105.0780350342362,BUY,0.3,"The SMA20 and SMA60 are trending upwards, indicating a strong bullish momentum. RSI is relatively low, suggesting room for further growth, and the P/E ratio is attractive. I’m initiating a buy order to capitalize on this sustained upward trend.",87.42,89.14,44.8,-0.8658,1124311,0.91,21.2,14.2,2.82,-1.93,0,0.28,0.06,0.22
Day-67,google/gemma-3-4b-it,ENTJ,memory,crash,123,0.95,deterioration,86.45,89.99742858461934,9083.996128762967,3.727343654672272e-08,105.07803503442098,BUY,0.3,"The SMA20 and SMA60 are trending upwards, indicating a strong bullish momentum. Despite the RSI being slightly below 50, the overall market sentiment and the P/E ratio suggest continued upward pressure. I’m initiating a buy to capitalize on this established trend and potential for significant growth.",87.22,88.97,48.5,-0.8367,1323716,1.06,21.3,14.4,2.78,-1.97,0,0.17,0.03,0.14
Day-68,google/gemma-3-4b-it,ENTJ,memory,crash,123,0.95,deterioration,85.65,89.70623877963438,8999.933700735432,1.490937461868909e-08,105.07803503468209,BUY,0.6,"The SMA20 and SMA60 are trending upwards, indicating a strong bullish momentum. Despite the RSI being slightly elevated, the overall market sentiment and the P/E ratio suggest continued growth potential. I’m initiating a buy order to capitalize on this upward trend, prioritizing growth within my mandate.",87.24,88.8,52.3,-0.8684,1018696,0.82,21.4,14.3,2.79,-1.75,0,-0.07,0.06,-0.13
Day-69,google/gemma-3-4b-it,ENTJ,memory,crash,123,0.95,deterioration,86.45,89.07173550359897,9083.996128763178,1.0436562233082363e-08,105.07803503473383,BUY,0.3,"The SMA20 and SMA60 are trending upwards, indicating a strong bullish momentum. Despite the RSI being relatively low and negative news sentiment, the overall trend and P/E ratio suggest continued upward pressure. I’m initiating a buy to capitalize on this momentum.",87.25,88.69,45.9,-0.8196,1380022,1.11,21.5,14.6,2.75,-1.63,0,-0.08,0.06,-0.14
Day-70,google/gemma-3-4b-it,ENTJ,memory,crash,123,0.95,deterioration,85.77,89.61874937855146,9012.543064939557,7.305593563157654e-09,105.07803503477034,BUY,0.3,"The SMA20 and SMA60 are trending upwards, indicating a strong bullish momentum. Despite the RSI being relatively low and negative news sentiment, the overall trend and P/E ratio suggest continued upward pressure. I’m initiating a buy to capitalize on this momentum, prioritizing growth within the Commander’s mandate.",87.06,88.56,46.3,-0.8262,1263470,1.02,21.6,14.4,2.79,-1.69,0,-0.35,-0.01,-0.34
Day-71,google/gemma-3-4b-it,ENTJ,memory,crash,123,0.95,deterioration,83.3,89.60130816731775,8753.000318403672,5.113915494210358e-09,105.07803503479664,BUY,0.3,"The SMA20 and SMA60 are trending upwards, indicating a strong bullish momentum. RSI is relatively low, suggesting room for further growth, and the volume ratio is slightly elevated, confirming the trend. I’m initiating a buy to capitalize on this sustained upward movement.",86.72,88.41,39.9,-1.0188,1437885,1.15,21.6,13.9,2.87,-1.91,0,-0.23,-0.11,-0.12
Day-72,google/gemma-3-4b-it,ENTJ,memory,crash,123,0.95,deterioration,82.37,88.79961238129609,8655.277745821315,3.5797408459472507e-09,105.07803503481527,BUY,0.3,"The SMA20 and SMA60 are trending upwards, indicating a strong bullish momentum. Despite the slightly negative RSI and news sentiment, the P/E ratio suggests undervaluation and the volume ratio confirms buying pressure. I’m initiating a buy to capitalize on this sustained upward trend.",86.42,88.22,39.1,-1.2323,1260359,1.01,21.7,13.9,2.87,-2.04,-1,-0.2,-0.18,-0.01
Day-73,google/gemma-3-4b-it,ENTJ,memory,crash,123,0.95,deterioration,87.27,89.64439316379027,9170.160117491909,2.5058185921630753e-09,105.07803503482758,BUY,0.3,"The SMA20 and SMA60 are aligned, indicating a strong upward trend. RSI is neutral, suggesting further momentum is likely. Given the mandate to chase big wins, a moderate buy position is justified to capitalize on this established trend.",86.42,88.15,49.8,-0.9943,1017516,0.83,21.8,14.6,2.74,-1.96,0,-0.04,-0.18,0.13
Day-74,google/gemma-3-4b-it,ENTJ,memory,crash,123,0.95,deterioration,83.03,88.36279088182178,8724.629248944238,1.7540730145141528e-09,105.07803503483663,BUY,0.3,"The SMA20 and SMA60 are trending upwards, indicating a strong bullish momentum. RSI is low, suggesting undervaluation, and the news sentiment is positive. This presents a clear buying opportunity to capitalize on the established trend and maximize growth.",86.35,87.97,35.8,-1.1349,1071800,0.87,21.9,14.1,2.84,-1.84,0,0.6,-0.04,0.64
Day-75,google/gemma-3-4b-it,ENTJ,memory,crash,123,0.95,deterioration,81.33,87.69794349586485,8545.996589385017,1.227851110159907e-09,105.0780350348431,BUY,0.3,"The SMA20 and SMA60 are trending upwards, indicating a strong bullish momentum. Despite the RSI being relatively low and negative news sentiment, the overall trend and P/E ratio suggest continued upward pressure. I’m initiating a buy to capitalize on this momentum, prioritizing growth within the Commander’s mandate.",86.0,87.75,41.0,-1.3678,1397802,1.13,22.0,13.9,2.88,-2.0,0,-0.2,-0.02,-0.19
Day-76,google/gemma-3-4b-it,ENTJ,memory,crash,123,0.95,deterioration,83.67,89.12745848215522,8791.879191366552,8.59495777111935e-10,105.0780350348475,BUY,0.3,"The SMA20 and SMA60 are trending upwards, indicating a strong bullish momentum. Despite the slightly negative RSI and news sentiment, the P/E ratio suggests undervaluation and the volume ratio confirms buying pressure. Let's capitalize on this sustained upward trend.",85.81,87.65,45.2,-1.3484,1245988,1.01,22.1,14.1,2.84,-2.09,-1,-0.09,0.01,-0.1
Day-77,google/gemma-3-4b-it,ENTJ,memory,crash,123,0.95,deterioration,85.74,88.25401318348058,9009.390723888684,6.016470439783545e-10,105.07803503485052,BUY,0.3,"The SMA20 is slightly below the SMA60, indicating a potential upward trend. RSI is neutral, suggesting room for further growth, and the P/E ratio is attractive. I’m initiating a buy to capitalize on this momentum, prioritizing growth within the established trend.",85.69,87.55,49.5,-1.1526,1220939,1.0,22.2,14.6,2.74,-2.13,-1,-0.62,-0.07,-0.54
Day-78,google/gemma-3-4b-it,ENTJ,memory,crash,123,0.95,deterioration,81.7,88.24078267569793,8584.875462347889,4.2115293078484816e-10,105.07803503485272,BUY,0.3,"The SMA20 and SMA60 are trending upwards, indicating a strong bullish momentum. The RSI is relatively low, suggesting room for further growth, and the P/E ratio is attractive. I’m initiating a buy to capitalize on this sustained upward trend.",85.38,87.42,45.8,-1.3083,1159217,0.94,22.3,13.9,2.88,-2.33,-1,0.18,-0.03,0.21
Day-79,google/gemma-3-4b-it,ENTJ,memory,crash,123,0.95,deterioration,82.05,87.73314037276468,8621.652774610087,1.6846117231393927e-10,105.0780350348558,BUY,0.6,"The SMA20 and SMA60 are trending upwards, indicating a strong bullish momentum. Despite the slightly negative RSI and news sentiment, the P/E ratio is reasonable and the overall trend warrants a strategic buy to capitalize on continued growth. Let's secure a position now.",85.12,87.28,39.8,-1.3876,1142274,0.93,22.4,14.0,2.85,-2.48,-1,-0.47,-0.24,-0.23
Day-80,google/gemma-3-4b-it,ENTJ,memory,crash,123,0.95,deterioration,81.84,87.1970186196413,8599.586387252768,1.179228206197575e-10,105.07803503485641,BUY,0.3,"The SMA20 and SMA60 trends are both slightly down, but the overall market shows a bullish bias indicated by the RSI and P/E ratio. The volume ratio of 1.21 suggests buying pressure, and I’ll capitalize on this momentum with a moderate buy order to establish a position.",84.64,87.11,43.1,-1.4507,1482943,1.21,22.5,14.1,2.84,-2.83,-1,-0.27,-0.25,-0.02
Day-81,google/gemma-3-4b-it,ENTJ,memory,crash,123,0.95,panic,81.68,87.95225599436552,8582.77390164719,8.254597443383024e-11,105.07803503485684,BUY,0.3,"The SMA20 and SMA60 are trending upwards, indicating a strong bullish momentum. Despite the slightly negative RSI and news sentiment, the overall trend and P/E ratio suggest continued upward potential. I’m initiating a buy to capitalize on this established trend.",84.42,86.98,40.7,-1.4962,2432969,1.88,22.5,13.9,2.87,-2.94,-1,-0.82,-0.4,-0.42
Day-82,google/gemma-3-4b-it,ENTJ,memory,crash,123,0.95,panic,80.65,86.7633870105186,8474.543525561287,3.30183897735321e-11,105.07803503485745,BUY,0.6,"The SMA20 and SMA60 are trending upwards, indicating a strong bullish momentum. Despite the slightly negative RSI and news sentiment, the volume ratio of 2.14 suggests significant buying pressure. I’m capitalizing on this sustained upward trend with a strategic buy order.",84.14,86.78,40.4,-1.597,2932884,2.14,22.9,13.9,2.87,-3.05,-1,-0.6,-0.4,-0.21
Day-83,google/gemma-3-4b-it,ENTJ,memory,crash,123,0.95,panic,81.25,87.92433949866654,8537.5903465822,1.3207355909412841e-11,105.07803503485769,BUY,0.6,"The SMA20 and SMA60 are trending upwards, indicating a strong bullish momentum. Despite the slightly negative RSI and news sentiment, the overall trend and P/E ratio suggest continued upward potential. I’m initiating a buy to capitalize on this momentum and maximize growth.",83.9,86.62,39.9,-1.6096,2737931,1.88,23.3,13.9,2.89,-3.15,-1,-0.95,-0.62,-0.33
Day-84,google/gemma-3-4b-it,ENTJ,memory,crash,123,0.95,panic,83.13,88.23164768487726,8735.137052447732,9.245149136588989e-12,105.07803503485773,BUY,0.3,"The SMA20 is above the SMA60, indicating an upward trend, and the RSI is relatively low, suggesting room for further growth. The volume ratio of 1.95 confirms buying pressure, aligning with my momentum strategy and the mandate to chase big wins.",83.84,86.49,45.1,-1.4515,3003771,1.95,23.6,14.1,2.83,-3.07,-1,-1.0,-0.73,-0.27
Day-85,google/gemma-3-4b-it,ENTJ,memory,crash,123,0.95,panic,82.51,87.41688953815981,8669.988670726121,6.471604395612292e-12,105.07803503485776,BUY,0.3,"The SMA20 is above the SMA60, indicating an upward trend. Despite the RSI being relatively low and negative news sentiment, the volume ratio suggests strong buying pressure. I’m initiating a buy to capitalize on this momentum and potential breakout.",83.57,86.32,48.4,-1.3601,3045835,1.86,24.0,14.2,2.83,-3.19,-1,-0.55,-0.79,0.23
Day-86,google/gemma-3-4b-it,ENTJ,memory,crash,123,0.95,panic,80.52,85.83098713703293,8460.883381006752,4.530123076928604e-12,105.07803503485779,BUY,0.3,"The SMA20 and SMA60 are trending upwards, indicating a strong bullish momentum. Despite the slightly negative RSI and news sentiment, the overall trend and P/E ratio suggest continued upward potential. I’m initiating a buy to capitalize on this momentum.",83.32,86.14,46.5,-1.4323,3206846,1.84,24.4,14.1,2.84,-3.28,-1,-1.0,-0.82,-0.18
Day-87,google/gemma-3-4b-it,ENTJ,memory,crash,123,0.95,panic,77.89,84.59852515031248,8184.528148865077,3.171086153850023e-12,105.0780350348578,BUY,0.3,"The SMA20 and SMA60 are trending upwards, indicating a strong bullish momentum. The RSI is low, suggesting oversold conditions and a potential bounce. Given my mandate to chase big wins, I’ll initiate a buy order to capitalize on this upward trend.",82.89,85.87,30.3,-1.6822,2972309,1.63,24.8,13.8,2.9,-3.47,-1,-1.0,-0.9,-0.1
Day-88,google/gemma-3-4b-it,ENTJ,memory,crash,123,0.95,panic,80.62,82.88600201921732,8471.39118451024,2.219760307695016e-12,105.07803503485782,BUY,0.3,"The SMA20 and SMA60 are trending upwards, indicating a strong bullish momentum. Despite the slightly negative RSI and news sentiment, the overall trend and P/E ratio suggest continued upward potential. I’m initiating a buy to capitalize on this momentum, prioritizing growth within the Commander’s mandate.",82.64,85.69,44.6,-1.6408,3138240,1.63,25.2,14.6,2.74,-3.56,-1,-1.0,-0.91,-0.09
Day-89,google/gemma-3-4b-it,ENTJ,memory,crash,123,0.95,panic,78.26,84.47311537880549,8223.407021827976,1.5538322153865113e-12,105.07803503485783,BUY,0.3,"The SMA20 and SMA60 are trending upwards, indicating a strong bullish momentum. Despite the RSI being relatively low and negative news sentiment, the overall trend and P/E ratio suggest continued upward potential. I’m initiating a buy to capitalize on this momentum, prioritizing growth within the Commander’s mandate.",82.23,85.46,43.3,-1.7783,3103721,1.54,25.6,13.9,2.88,-3.78,-1,-1.0,-0.91,-0.09
Day-90,google/gemma-3-4b-it,ENTJ,memory,crash,123,0.95,panic,80.35,84.13755660903531,8443.020115050827,6.215328861546046e-13,105.07803503485785,BUY,0.6,"The SMA20 and SMA60 are trending upwards, indicating a strong bullish momentum. Despite the slightly negative RSI and news sentiment, the overall trend and P/E ratio suggest continued upward potential. I’m initiating a buy to capitalize on this momentum, prioritizing growth within the Commander’s mandate.",81.96,85.28,42.7,-1.6989,3002634,1.43,25.9,14.3,2.79,-3.9,-1,-1.0,-1.0,0.0
Day-91,google/gemma-3-4b-it,ENTJ,memory,crash,123,0.95,panic,78.94,84.78776215158196,8294.860085651679,4.350730203082232e-13,105.07803503485785,BUY,0.3,"The SMA20 and SMA60 are trending upwards, indicating a strong bullish momentum. The RSI is relatively low, suggesting room for further growth, and the volume ratio is elevated, confirming buying pressure. This aligns perfectly with my mandate to chase big wins.",81.74,85.07,34.6,-1.73,3177922,1.45,26.3,14.0,2.86,-3.92,-1,-1.0,-1.0,0.0
Day-92,google/gemma-3-4b-it,ENTJ,memory,crash,123,0.95,panic,79.87,83.02041010257173,8392.582658234096,3.0455111421575625e-13,105.07803503485785,BUY,0.3,"The SMA20 and SMA60 are trending upwards, indicating a strong bullish momentum. The RSI is relatively low, suggesting room for further growth, and the volume ratio indicates increased buying pressure. This aligns perfectly with the Momentum Commander mandate – capitalize on the upward trend.",81.61,84.9,45.2,-1.66,3222076,1.41,26.7,14.4,2.77,-3.87,-1,-0.81,-0.96,0.15
Day-93,google/gemma-3-4b-it,ENTJ,memory,crash,123,0.95,panic,80.0,82.70144523216872,8406.242802788627,1.218204456863025e-13,105.07803503485785,BUY,0.6,"The SMA20 and SMA60 are trending upwards, indicating a strong bullish momentum. Despite the slightly negative RSI and news sentiment, the overall trend and P/E ratio suggest continued upward potential. I’m initiating a buy to capitalize on this momentum, prioritizing growth within the Commander’s mandate.",81.25,84.71,44.6,-1.576,2456007,1.04,27.1,14.5,2.76,-4.09,-1,-1.0,-0.96,-0.04
Day-94,google/gemma-3-4b-it,ENTJ,memory,crash,123,0.95,panic,77.89,83.37930717097731,8184.528148865078,8.527431198041174e-14,105.07803503485785,BUY,0.3,"The SMA20 and SMA60 trends are both positive, indicating a strong upward momentum. The RSI is relatively low, suggesting room for further growth, and the volume ratio indicates buying pressure. I’m initiating a buy to capitalize on this established trend.",80.99,84.52,40.5,-1.6602,3070508,1.25,27.5,14.0,2.85,-4.17,-1,-1.0,-0.96,-0.04
Day-95,google/gemma-3-4b-it,ENTJ,memory,crash,123,0.95,panic,75.53,82.54429640904429,7936.543986182814,3.41097247921647e-14,105.07803503485785,BUY,0.6,"The SMA20 and SMA60 trends are both above the current price, indicating a strong upward momentum. The RSI is relatively low, suggesting room for further growth, and the volume ratio indicates buying pressure. This aligns perfectly with the Momentum Commander mandate – capitalize on the established trend.",80.7,84.24,36.6,-1.8957,3455314,1.35,27.8,13.7,2.91,-4.2,-1,-0.33,-0.83,0.49
Day-96,google/gemma-3-4b-it,ENTJ,memory,crash,123,0.95,panic,79.97,83.07541086796603,8403.090461737582,1.0232917437649412e-14,105.07803503485785,BUY,0.7,"The SMA20 and SMA60 are trending upwards, indicating a strong bullish momentum. Despite the RSI being slightly below 50 and negative news sentiment, the overall trend and P/E ratio suggest continued upward potential. I’m initiating a buy to capitalize on this momentum, aiming for a significant gain.",80.52,84.08,48.7,-1.705,2813206,1.07,28.2,14.4,2.77,-4.24,-1,-0.73,-0.77,0.04
Day-97,google/gemma-3-4b-it,ENTJ,memory,crash,123,0.95,panic,79.86,81.49084295596026,8391.531877883748,7.163042206354588e-15,105.07803503485785,BUY,0.3,"The SMA20 and SMA60 trends are both positive, indicating an upward momentum. Despite the slightly negative RSI and news sentiment, the overall trend and P/E ratio suggest continued growth potential. Let’s capitalize on this momentum with a strategic buy.",80.22,83.87,47.3,-1.5444,3133662,1.15,28.6,14.7,2.72,-4.34,-1,-0.79,-0.77,-0.02
Day-98,google/gemma-3-4b-it,ENTJ,memory,crash,123,0.95,panic,76.27,79.62737141134168,8014.301732108607,5.014129544448212e-15,105.07803503485785,BUY,0.3,"The SMA20 and SMA60 are trending upwards, indicating a strong bullish momentum. Despite the negative RSI and news sentiment, the overall trend is positive, and the P/E ratio suggests undervaluation. I’m initiating a buy to capitalize on this sustained upward movement.",79.95,83.69,37.5,-1.6875,3136591,1.11,29.0,14.4,2.78,-4.47,-1,-1.0,-0.77,-0.23
Day-99,google/gemma-3-4b-it,ENTJ,memory,crash,123,0.95,panic,75.77,79.50677202341981,7961.762714591178,2.0056518177792846e-15,105.07803503485785,BUY,0.6,"The SMA20 and SMA60 are trending upwards, indicating a strong bullish momentum. The RSI is relatively low, suggesting room for further growth, and the P/E ratio is attractive. I’m initiating a buy order to capitalize on this sustained upward trend.",79.64,83.48,37.7,-1.8201,3135840,1.07,29.4,14.3,2.8,-4.6,-1,-0.85,-0.74,-0.11
Day-100,google/gemma-3-4b-it,ENTJ,memory,crash,123,0.95,panic,75.93,78.62759558884727,7978.575200196757,1.4039562724454991e-15,105.07803503485785,BUY,0.3,"The SMA20 and SMA60 are trending upwards, indicating a strong bullish momentum. Despite the RSI being relatively low and negative news sentiment, the overall trend and P/E ratio suggest continued upward potential. I’m initiating a buy to capitalize on this momentum.",79.34,83.21,41.0,-1.8909,2805143,0.94,29.7,14.5,2.76,-4.64,-1,-0.79,-0.83,0.04
Day-101,google/gemma-3-4b-it,ENTJ,memory,crash,123,0.95,panic,75.98,78.7696502781191,7983.8291019485,9.827693907118494e-16,105.07803503485785,BUY,0.3,"The SMA20 and SMA60 are trending upwards, indicating a strong bullish momentum. Despite the slightly negative RSI and news sentiment, the overall trend is positive and warrants a strategic buy to capitalize on the upward movement. Let’s secure a position and ride this trend.",79.06,82.93,45.8,-1.9207,3381884,1.11,30.1,14.5,2.76,-4.66,-1,-1.0,-0.89,-0.11
Day-102,google/gemma-3-4b-it,ENTJ,memory,crash,123,0.95,panic,71.23,76.29176234659865,7484.708435532925,3.9310775628473976e-16,105.07803503485785,BUY,0.6,"The SMA20 and SMA60 are trending upwards, indicating a strong bullish momentum. The RSI is low, suggesting the asset is oversold and ripe for a rebound. Given my mandate to chase big wins, I’ll initiate a buy order to capitalize on this upward trend.",78.59,82.58,31.2,-2.3006,3316946,1.08,30.5,14.0,2.86,-4.84,-1,-0.77,-0.88,0.11
Day-103,google/gemma-3-4b-it,ENTJ,memory,crash,123,0.95,panic,71.69,76.50402698206916,7533.044331648959,1.5724310251389593e-16,105.07803503485785,BUY,0.6,"The SMA20 and SMA60 are both above the current price, indicating a strong upward trend. The RSI is low, suggesting room for further growth, and the volume ratio is elevated, confirming buying pressure. Let's capitalize on this momentum.",78.11,82.27,35.8,-2.5356,3656522,1.18,30.9,14.1,2.85,-5.06,-1,-0.56,-0.8,0.23
Day-104,google/gemma-3-4b-it,ENTJ,memory,crash,123,0.95,panic,75.59,78.60233090933848,7942.848668284905,6.289724100555837e-17,105.07803503485785,BUY,0.6,"The SMA20 and SMA60 are trending upwards, indicating a strong bullish momentum. The RSI is relatively low, suggesting room for further growth, and the volume ratio indicates buying pressure. This aligns perfectly with my mandate to chase big wins.",77.73,82.09,40.4,-2.3799,3543252,1.13,31.3,14.4,2.77,-5.31,-1,-0.87,-0.8,-0.07
Day-105,google/gemma-3-4b-it,ENTJ,memory,crash,123,0.95,panic,73.96,78.077704927907,7771.571471178086,3.7738344603335025e-17,105.07803503485785,BUY,0.4,"The SMA20 and SMA60 are trending upwards, indicating a strong bullish momentum. Despite the slightly negative RSI and news sentiment, the P/E ratio suggests undervaluation and the volume ratio supports the trend. I’m initiating a buy to capitalize on this sustained upward movement.",77.31,81.81,40.1,-2.3609,2852306,0.91,31.7,14.2,2.82,-5.5,-1,-0.84,-0.81,-0.03
Day-106,google/gemma-3-4b-it,ENTJ,memory,crash,123,0.95,panic,75.71,77.61184705681684,7955.458032489087,1.5095337841334012e-17,105.07803503485785,BUY,0.6,"The SMA20 and SMA60 are trending upwards, indicating a strong bullish momentum. Despite the RSI being relatively low and negative news sentiment, the overall trend and P/E ratio suggest continued upward movement. I’m initiating a buy to capitalize on this established trend.",77.06,81.57,42.0,-2.1796,2892900,0.93,32.0,14.6,2.73,-5.53,-1,-1.0,-0.81,-0.19
Day-107,google/gemma-3-4b-it,ENTJ,memory,crash,123,0.95,panic,72.37,77.29139654145553,7604.497395472663,1.0566736488933809e-17,105.07803503485785,BUY,0.3,"The SMA20 and SMA60 are trending upwards, indicating a strong bullish momentum. The RSI is relatively low, suggesting room for further growth, and the volume ratio indicates buying pressure. This aligns perfectly with my mandate to chase big wins.",76.79,81.25,36.9,-2.2788,3891789,1.23,32.4,14.0,2.85,-5.5,-1,-1.0,-0.85,-0.15
Day-108,google/gemma-3-4b-it,ENTJ,memory,crash,123,0.95,panic,72.31,74.92942083066373,7598.192713370571,7.396715542253667e-18,105.07803503485785,BUY,0.3,"The SMA20 and SMA60 are both above the current price, indicating a strong upward trend. RSI is relatively low, suggesting room for further growth, and the volume ratio suggests buying pressure. I’m initiating a buy to capitalize on this momentum.",76.37,80.95,39.7,-2.3355,3946643,1.23,32.8,14.5,2.76,-5.65,-1,-0.59,-0.86,0.27
Day-109,google/gemma-3-4b-it,ENTJ,memory,crash,123,0.95,panic,71.63,74.85556747035405,7526.739649546867,5.177700879577567e-18,105.07803503485785,BUY,0.3,"The SMA20 and SMA60 are both above the current price, indicating a strong upward trend. The RSI is relatively low, suggesting room for further growth, and the volume ratio is elevated, confirming buying pressure. Let’s capitalize on this momentum.",76.04,80.63,42.3,-2.4077,4364656,1.34,33.2,14.4,2.79,-5.69,-1,-0.93,-0.87,-0.06
Day-110,google/gemma-3-4b-it,ENTJ,memory,crash,123,0.95,panic,68.92,72.75015772633807,7241.978174602403,1.2944252198943918e-18,105.07803503485785,BUY,0.75,"The SMA20 and SMA60 are trending upwards, indicating a strong bullish momentum. The RSI is extremely low, suggesting significant undervaluation and a high probability of a rapid price increase. Given my mandate for growth and the clear trend, I’m initiating a substantial buy to capitalize on this opportunity.",75.47,80.18,26.7,-2.6525,4290678,1.29,33.6,14.2,2.81,-5.87,-1,-0.99,-0.9,-0.08
Day-111,google/gemma-3-4b-it,ENTJ,memory,crash,123,0.95,panic,70.0,71.82247812821427,7355.46245244005,5.177700879577567e-19,105.07803503485785,BUY,0.6,"The price is below the SMA20 and 60, but the RSI is low indicating oversold conditions. The volume ratio is elevated, suggesting potential buying pressure. This aligns with the momentum strategy – capitalize on the anticipated upward trend.",75.02,79.86,30.0,-2.7285,3723005,1.11,33.9,14.6,2.74,-6.06,-1,-0.94,-0.89,-0.05
Day-112,google/gemma-3-4b-it,ENTJ,memory,crash,123,0.95,panic,69.96,72.56534767781801,7351.259331038655,3.624390615704297e-19,105.07803503485785,BUY,0.3,"The SMA20 and SMA60 are trending upwards, indicating a strong bullish momentum. The RSI is low, suggesting the asset is undervalued, and the volume ratio is elevated, confirming buying pressure. This aligns perfectly with the Momentum Commander mandate – capitalize on the upward trend for growth.",74.53,79.53,35.0,-2.7601,4005620,1.18,34.3,14.5,2.77,-6.29,-1,-0.81,-0.85,0.04
Day-113,google/gemma-3-4b-it,ENTJ,memory,crash,123,0.95,panic,66.26,71.33013072171794,6962.470601409682,2.5370734309930076e-19,105.07803503485785,BUY,0.3,"The SMA20 and SMA60 are trending upwards, indicating a strong bullish momentum. The RSI is low, suggesting oversold conditions and a potential bounce. Given my mandate to chase big wins, I’ll initiate a buy order to capitalize on this upward trend.",73.84,79.14,30.4,-3.0485,3789890,1.1,34.7,13.9,2.87,-6.69,-1,-1.0,-0.93,-0.07
Day-114,google/gemma-3-4b-it,ENTJ,memory,crash,123,0.95,panic,68.73,71.33137971128534,7222.01334794578,1.7759514016951055e-19,105.07803503485785,BUY,0.3,"The SMA20 and SMA60 are trending upwards, indicating a strong bullish momentum. Despite the negative news sentiment and RSI reading, the overall trend and P/E ratio suggest continued upward potential. I’m initiating a buy to capitalize on this momentum, prioritizing growth within the Commander’s mandate.",73.38,78.82,36.5,-3.0429,3466289,1.0,35.1,14.5,2.77,-6.9,-1,-0.77,-0.9,0.13
Day-115,google/gemma-3-4b-it,ENTJ,memory,crash,123,0.95,panic,70.31,71.8441187652417,7388.036643300856,7.103805606780422e-20,105.07803503485785,BUY,0.6,"The SMA20 and SMA60 are trending upwards, indicating a strong bullish momentum. Despite the slightly negative RSI and news sentiment, the P/E ratio is reasonable and the volume ratio supports the trend. I’m initiating a buy to capitalize on this sustained upward movement, prioritizing growth within the momentum framework.",73.12,78.47,39.9,-2.877,3746287,1.07,35.5,14.7,2.72,-6.82,-1,-1.0,-0.9,-0.1
Day-116,google/gemma-3-4b-it,ENTJ,memory,crash,123,0.95,panic,67.85,71.62285962133771,7129.544677115105,2.841522242712169e-20,105.07803503485785,BUY,0.6,"The SMA20 is above the SMA60, indicating an upward trend. Despite the RSI being relatively low and negative news sentiment, the overall trend and P/E ratio suggest continued upward momentum. I’m initiating a buy to capitalize on this established trend.",72.52,78.12,43.4,-2.9111,3351951,0.95,35.8,14.2,2.82,-7.17,-1,-0.65,-0.85,0.2
Day-117,google/gemma-3-4b-it,ENTJ,memory,crash,123,0.95,panic,65.89,69.75191115124309,6923.591728446783,1.9890655698985185e-20,105.07803503485785,BUY,0.3,"The SMA20 and SMA60 trends are both above the current price, indicating a strong upward momentum. The RSI is relatively low, suggesting room for further growth, and the volume ratio indicates increased buying pressure. This aligns perfectly with the Momentum Commander mandate – capitalize on the established trend.",71.82,77.71,39.4,-3.0606,4293560,1.2,36.2,14.2,2.82,-7.58,-1,-1.0,-0.88,-0.12
Day-118,google/gemma-3-4b-it,ENTJ,memory,crash,123,0.95,panic,64.47,68.91943587589168,6774.380918697286,5.967196709695556e-21,105.07803503485785,BUY,0.7,"The SMA20 and SMA60 are trending upwards, indicating a strong bullish momentum. The RSI is extremely low, suggesting significant undervaluation and a high probability of a rapid price increase. This aligns perfectly with the Momentum Commander mandate – capitalize on the established trend.",71.23,77.28,27.7,-3.2563,3566693,0.99,36.6,14.0,2.85,-7.84,-1,-0.54,-0.79,0.26
Day-119,google/gemma-3-4b-it,ENTJ,memory,crash,123,0.95,panic,66.84,70.37884721827997,7023.415861729899,2.386878683878222e-21,105.07803503485785,BUY,0.6,"The SMA20 and SMA60 are trending upwards, indicating a strong bullish momentum. Despite the negative news sentiment and RSI reading, the overall trend and P/E ratio suggest continued upward potential. I’m initiating a buy to capitalize on this momentum, prioritizing growth within the Commander’s mandate.",70.78,76.89,36.1,-3.1834,4069836,1.12,37.0,14.2,2.81,-7.95,-1,-0.8,-0.8,-0.01
Day-120,google/gemma-3-4b-it,ENTJ,memory,crash,123,0.95,panic,65.49,67.85380145528251,6881.56051443284,9.547514735512888e-22,105.07803503485785,BUY,0.6,"The SMA20 is significantly below the SMA60, indicating a strong downtrend, but the RSI is extremely low (29.7) suggesting a potential bounce. Given my momentum-focused mandate, I’ll initiate a buy to capitalize on this likely reversal, aiming for a substantial gain.",70.26,76.49,29.7,-3.1977,4928962,1.31,37.4,14.5,2.76,-8.14,-1,-0.97,-0.79,-0.18
Day-121,google/gemma-3-4b-it,ENTJ,memory,crash,123,0.95,panic,62.5,67.07801544141633,6567.377189678616,2.864254420653867e-22,105.07803503485785,BUY,0.7,"The SMA20 and SMA60 are trending upwards, indicating a strong bullish momentum. The RSI is low, suggesting an oversold condition, and the P/E ratio is attractive. This presents a clear buying opportunity to capitalize on the established trend and maximize growth.",69.58,76.07,30.2,-3.4112,3409071,0.91,37.8,14.0,2.86,-8.53,-1,-0.62,-0.78,0.17
Day-122,google/gemma-3-4b-it,ENTJ,memory,crash,123,0.95,panic,60.71,66.02590736992822,6379.2875069662205,1.1457017682615468e-22,105.07803503485785,BUY,0.6,"The SMA20 is significantly above the SMA60, indicating a strong upward trend. The RSI is extremely low, suggesting oversold conditions ripe for a bounce. I’m initiating a buy to capitalize on this momentum, aiming for a substantial gain.",69.06,75.64,28.2,-3.6825,3646999,0.97,38.1,13.8,2.9,-8.7,-1,-1.0,-0.78,-0.22
Day-123,google/gemma-3-4b-it,ENTJ,memory,crash,123,0.95,panic,61.8,65.64665473302536,6493.822565154214,3.437105304784641e-23,105.07803503485785,BUY,0.7,"The SMA20 and SMA60 are trending upwards, indicating a strong bullish momentum. The RSI is low, suggesting the asset is oversold and primed for a rebound. Given my mandate to chase big wins, I’ll initiate a substantial long position to capitalize on this trend.",68.56,75.13,31.8,-3.7658,3934855,1.04,38.5,14.1,2.83,-8.74,-1,-0.91,-0.86,-0.05
Day-124,google/gemma-3-4b-it,ENTJ,memory,crash,123,0.95,panic,60.53,65.89487035021259,6360.3734606599455,1.3748421219138564e-23,105.07803503485785,BUY,0.6,"The SMA20 is significantly above the SMA60, indicating a strong upward trend. The RSI is low, suggesting undervaluation, and the volume ratio is elevated, confirming buying pressure. This aligns perfectly with the Momentum Commander mandate – capitalize on the established trend for growth.",67.81,74.68,33.6,-3.8894,5085835,1.32,38.9,13.8,2.9,-9.2,-1,-0.8,-0.86,0.06
Day-125,google/gemma-3-4b-it,ENTJ,memory,crash,123,0.95,panic,64.44,67.00356131823465,6771.2285776462395,9.623894853396995e-24,105.07803503485785,BUY,0.3,"The SMA20 and SMA60 are trending upwards, indicating a strong bullish momentum. Despite the slightly negative RSI and news sentiment, the overall trend and P/E ratio suggest continued upward potential. I’m initiating a buy to capitalize on this momentum, prioritizing growth within the Commander’s mandate.",67.33,74.34,40.2,-3.6302,5078147,1.28,39.3,14.4,2.77,-9.42,-1,-0.82,-0.83,0.01
Day-126,google/gemma-3-4b-it,ENTJ,memory,crash,123,0.95,panic,62.28,66.23332892622548,6544.260021970947,3.849557941358798e-24,105.07803503485785,BUY,0.6,"The SMA20 and SMA60 are trending upwards, indicating a strong bullish momentum. Despite the negative news sentiment and RSI, the overall trend and P/E ratio suggest continued upward potential. I’m initiating a buy order to capitalize on this momentum.",66.66,73.91,37.4,-3.5578,3810984,0.95,39.7,14.1,2.84,-9.81,-1,-1.0,-0.91,-0.09
Day-127,google/gemma-3-4b-it,ENTJ,memory,crash,123,0.95,panic,60.59,66.5456702562023,6366.678142762037,1.5398231765435194e-24,105.07803503485785,BUY,0.6,"The SMA20 is significantly above the SMA60, indicating a strong upward trend. RSI is relatively low, suggesting room for further growth, and the volume ratio is elevated, confirming buying pressure. This aligns perfectly with my momentum strategy – capitalize on the established trend.",66.07,73.41,40.1,-3.5959,5305379,1.3,40.0,13.7,2.93,-9.99,-1,-0.98,-0.9,-0.08
Day-128,google/gemma-3-4b-it,ENTJ,memory,crash,123,0.95,panic,62.7,66.54541040106747,6588.392796685587,6.159292706174078e-25,105.07803503485785,BUY,0.6,"The SMA20 and SMA60 are trending upwards, indicating a strong bullish momentum. Despite the slightly negative RSI and news sentiment, the overall trend and P/E ratio suggest continued upward potential. I’m initiating a buy order to capitalize on this momentum.",65.59,73.03,39.3,-3.4164,4942020,1.19,40.4,14.1,2.83,-10.18,-1,-0.77,-0.87,0.11
Day-129,google/gemma-3-4b-it,ENTJ,memory,crash,123,0.95,panic,62.9,66.51975769893927,6609.408403692559,2.463717082469631e-25,105.07803503485785,BUY,0.6,"The SMA20 and SMA60 are trending upwards, indicating a strong bullish momentum. Despite the negative RSI and news sentiment, the overall trend and P/E ratio suggest continued upward pressure. I’m initiating a buy to capitalize on this established trend, prioritizing growth within the momentum strategy.",65.16,72.65,36.2,-3.2201,4606399,1.11,40.8,14.2,2.82,-10.31,-1,-1.0,-0.91,-0.09
Day-130,google/gemma-3-4b-it,ENTJ,memory,crash,123,0.95,panic,62.86,65.4558337674128,6605.205282291165,1.7246019577287416e-25,105.07803503485785,BUY,0.3,"The SMA20 and SMA60 are trending upwards, indicating a strong bullish momentum. Despite the slightly negative RSI and news sentiment, the overall trend and P/E ratio suggest continued upward potential. I’m initiating a buy to capitalize on this established trend.",64.85,72.27,39.8,-3.0335,5366506,1.28,41.2,14.4,2.78,-10.26,-1,-0.55,-0.86,0.31
Day-131,google/gemma-3-4b-it,ENTJ,memory,crash,123,0.95,panic,60.54,63.958512298636904,6361.424241010294,1.2072213704101193e-25,105.07803503485785,BUY,0.3,"The SMA20 is above the SMA60, indicating an upward trend. RSI is relatively low, suggesting room for further growth. Given the momentum mandate, I’ll initiate a buy order to capitalize on this established trend.",64.38,71.84,39.2,-3.0373,5321799,1.24,41.6,14.2,2.82,-10.39,-1,-0.7,-0.8,0.1
Day-132,google/gemma-3-4b-it,ENTJ,memory,crash,123,0.95,panic,61.11,62.35846918601621,6421.318720980163,8.450549592870836e-26,105.07803503485785,BUY,0.3,"The SMA20 and SMA60 are trending upwards, indicating a strong bullish momentum. Despite the slightly negative RSI and news sentiment, the P/E ratio suggests undervaluation and the volume ratio supports the trend. I’m initiating a buy to capitalize on this sustained upward movement.",63.94,71.45,43.0,-2.9603,4458386,1.03,41.9,14.7,2.72,-10.52,-1,-0.9,-0.78,-0.12
Day-133,google/gemma-3-4b-it,ENTJ,memory,crash,123,0.95,panic,57.27,61.102031976617084,6017.819066446309,5.915384715009585e-26,105.07803503485785,BUY,0.3,"The SMA20 and SMA60 are trending upwards, indicating a strong bullish momentum. The RSI is low, suggesting undervaluation, and the volume ratio is elevated, confirming buying pressure. This aligns perfectly with my momentum strategy – capitalize on the established trend for growth.",63.49,70.97,31.1,-3.1727,4997527,1.14,42.3,14.1,2.85,-10.54,-1,-0.84,-0.8,-0.05
Day-134,google/gemma-3-4b-it,ENTJ,memory,crash,123,0.95,panic,57.78,60.92371855248331,6071.408864314087,4.14076930050671e-26,105.07803503485785,BUY,0.3,"The SMA20 is above the SMA60, indicating an upward trend. The RSI is relatively low, suggesting room for further growth. Given my momentum-focused mandate, I’ll initiate a buy order to capitalize on this established trend.",62.94,70.47,34.3,-3.262,5025544,1.13,42.7,14.2,2.81,-10.68,-1,-0.43,-0.68,0.26
Day-135,google/gemma-3-4b-it,ENTJ,memory,crash,123,0.95,panic,57.97,61.184667945611636,6091.3736909707095,2.8985385103546973e-26,105.07803503485785,BUY,0.3,"The SMA20 and SMA60 are trending upwards, indicating a strong bullish momentum. Despite the slightly negative RSI and news sentiment, the overall trend and P/E ratio suggest continued upward potential. Let’s capitalize on this momentum with a strategic buy.",62.33,69.98,39.6,-3.2797,4456735,0.99,43.1,14.2,2.81,-10.93,-1,-0.61,-0.7,0.08
Day-136,google/gemma-3-4b-it,ENTJ,memory,crash,123,0.95,panic,57.53,61.00813679346854,6045.139355555372,2.028976957248288e-26,105.07803503485785,BUY,0.3,"The SMA20 is trending above the SMA60, indicating a strong upward momentum. Despite the slightly negative RSI and news sentiment, the P/E ratio suggests undervaluation and the volume ratio supports the trend. Let’s capitalize on this momentum with a strategic buy.",61.81,69.52,42.2,-3.2912,4211025,0.93,43.5,14.1,2.83,-11.09,-1,-0.72,-0.7,-0.02
Day-137,google/gemma-3-4b-it,ENTJ,memory,crash,123,0.95,panic,57.17,59.9591816972728,6007.311262942823,1.4202838700738016e-26,105.07803503485785,BUY,0.3,"The SMA20 is trending above the SMA60, indicating a strong upward momentum. Despite the RSI being relatively low and negative news sentiment, the overall trend suggests a continuation of the bullish movement. I’ll initiate a buy order to capitalize on this established trend.",61.37,69.1,38.2,-3.2913,4808188,1.06,43.9,14.3,2.8,-11.18,-1,-1.0,-0.72,-0.28
Day-138,google/gemma-3-4b-it,ENTJ,memory,crash,123,0.95,panic,59.01,61.26515180720527,6200.654847406961,9.941987090516612e-27,105.07803503485785,BUY,0.3,"The SMA20 is above the SMA60, indicating an upward trend. RSI is relatively low, suggesting room for further growth. Given my momentum-focused mandate, I’ll initiate a buy order to capitalize on this established trend.",61.1,68.67,46.2,-3.1072,4449840,0.97,44.2,14.4,2.77,-11.02,-1,-0.47,-0.65,0.17
Day-139,google/gemma-3-4b-it,ENTJ,memory,crash,123,0.95,panic,61.04,62.28401743083681,6413.963258527723,6.959390963361629e-27,105.07803503485785,BUY,0.3,"The SMA20 is below the SMA60, indicating a potential upward trend. RSI is relatively low, suggesting room for growth, and the P/E ratio is attractive. I’m initiating a buy to capitalize on this momentum, prioritizing growth within the established trend.",60.81,68.33,40.7,-2.766,4670213,1.01,44.6,14.7,2.72,-11.0,-1,-0.59,-0.68,0.09
Day-140,google/gemma-3-4b-it,ENTJ,memory,crash,123,0.95,panic,56.0,61.430017318086634,5884.369961952039,2.087817289008489e-27,105.07803503485785,BUY,0.7,"The SMA60 is trending upwards, indicating a strong bullish momentum. The RSI is low, suggesting undervaluation, and the volume ratio is elevated, confirming buying pressure. This aligns perfectly with the Momentum Commander mandate – capitalize on the established trend for significant growth.",60.34,67.84,35.2,-2.8687,5908287,1.26,45.0,13.7,2.92,-11.06,-1,-0.83,-0.72,-0.11
Day-141,google/gemma-3-4b-it,ENTJ,memory,crash,123,0.95,stabilization,57.22,61.0383016150938,6012.565164694566,1.4614721023059422e-27,105.07803503485785,BUY,0.3,"The 60-day SMA is declining, indicating a weakening trend, but the current price is above the 20 SMA, suggesting continued upward momentum. The RSI is relatively low, offering an entry point for a long position with a focus on capitalizing on the established trend.",60.07,67.4,41.9,-2.8195,1845853,0.4,45.0,14.1,2.84,-10.88,-1,0.32,-0.51,0.84
Day-142,google/gemma-3-4b-it,ENTJ,memory,crash,123,0.95,stabilization,57.4,61.123409092172786,6031.47921100084,1.0230304716141596e-27,105.07803503485785,BUY,0.3,"The SMA20 and SMA60 are trending upwards, indicating a strong bullish momentum. The RSI is low, suggesting undervaluation, and the P/E ratio is attractive. Given my mandate to chase big wins, I’ll initiate a buy order to capitalize on this upward trend.",59.91,66.95,35.9,-2.7349,2002291,0.44,44.7,14.1,2.84,-10.53,-1,-0.25,-0.36,0.12
Day-143,google/gemma-3-4b-it,ENTJ,memory,crash,123,0.95,stabilization,60.09,61.777058414699965,6314.139125244608,7.161213301299117e-28,105.07803503485785,BUY,0.3,"The SMA60 is trending upwards, indicating a strong bullish momentum. Despite the RSI being relatively low, the overall market sentiment and the upward trend suggest a potential for continued growth. I’m initiating a buy order to capitalize on this momentum, prioritizing growth within the established trend.",59.82,66.56,43.4,-2.422,1732373,0.39,44.5,14.6,2.74,-10.12,-1,0.24,-0.22,0.46
Day-144,google/gemma-3-4b-it,ENTJ,memory,crash,123,0.95,stabilization,58.33,61.96344090332702,6129.2017835832585,5.012849310909383e-28,105.07803503485785,BUY,0.3,"The SMA20 is above the SMA60, indicating an upward trend. RSI is relatively low, suggesting room for further growth, and the P/E ratio is attractive. I’ll initiate a buy order to capitalize on this momentum.",59.71,66.17,40.1,-2.2901,2208812,0.52,44.2,14.1,2.83,-9.75,-1,0.29,-0.05,0.33
Day-145,google/gemma-3-4b-it,ENTJ,memory,crash,123,0.95,stabilization,56.31,62.26171525578204,5916.9441528128455,3.5089945176365683e-28,105.07803503485785,BUY,0.3,"The SMA20 is above the SMA60, indicating an upward trend. RSI is relatively low, suggesting room for further growth, and the P/E ratio is attractive. I’ll initiate a buy order to capitalize on this momentum.",59.31,65.78,40.7,-2.3222,1949011,0.47,44.0,13.6,2.95,-9.84,-1,0.01,0.12,-0.11
Day-146,google/gemma-3-4b-it,ENTJ,memory,crash,123,0.95,stabilization,59.2,62.17567519464423,6220.619674063585,1.4035978070546272e-28,105.07803503485785,BUY,0.6,"The SMA20 is slightly below the SMA60, indicating a minor downward trend, but the RSI is still relatively healthy and the P/E ratio suggests undervaluation. Given my momentum-focused mandate, I'll initiate a buy to capitalize on the potential for an upward breakout, prioritizing growth and disregarding minor short-term fluctuations.",59.15,65.37,46.2,-2.0901,1600481,0.4,43.7,14.3,2.8,-9.51,-1,-0.28,0.0,-0.29
Day-147,google/gemma-3-4b-it,ENTJ,memory,crash,123,0.95,stabilization,59.25,62.42381064224534,6225.873575815327,9.825184649382391e-29,105.07803503485785,BUY,0.3,"The SMA20 is below the SMA60, indicating a slight downward trend, but the RSI is still relatively high and the news sentiment is positive. Given my momentum-focused mandate, I’ll initiate a buy to capitalize on the potential for a trend reversal and significant growth, targeting a 30% position size.",59.08,64.95,54.7,-1.8801,1520294,0.4,43.5,14.2,2.81,-9.04,-1,0.48,0.15,0.34
Day-148,google/gemma-3-4b-it,ENTJ,memory,crash,123,0.95,stabilization,60.32,63.21608286797341,6338.307073302625,6.877629254567674e-29,105.07803503485785,BUY,0.3,"The SMA20 is trending above the SMA60, indicating a strong upward momentum. RSI is still relatively healthy, and the P/E ratio suggests undervaluation. Let’s capitalize on this trend with a measured buy to increase portfolio value.",58.97,64.63,55.8,-1.6086,2120087,0.58,43.2,14.3,2.79,-8.77,-1,0.11,0.12,-0.01
Day-149,google/gemma-3-4b-it,ENTJ,memory,crash,123,0.95,stabilization,58.4,63.116248477234556,6136.557246035698,4.814340478197372e-29,105.07803503485785,BUY,0.3,"The SMA20 is above the SMA60, indicating an upward trend, and the RSI is neutral. The low volume ratio suggests strong buying pressure. I’m initiating a buy to capitalize on this momentum, aiming for a significant gain.",58.74,64.29,50.9,-1.5311,2108760,0.6,43.0,13.9,2.88,-8.63,-1,-0.08,0.05,-0.13
Day-150,google/gemma-3-4b-it,ENTJ,memory,crash,123,0.95,stabilization,61.94,63.2079023434885,6508.533490059095,1.4443021434592116e-29,105.07803503485785,BUY,0.7,"The price is above both the 20 and 60-day SMAs, indicating a strong upward trend. RSI is high, suggesting continued momentum, and the P/E ratio is favorable. I’m initiating a buy order to capitalize on this bullish trajectory, prioritizing growth within the momentum framework.",58.7,64.01,58.3,-1.1703,1866030,0.55,42.7,14.7,2.72,-8.3,-1,0.23,0.09,0.14
Day-151,google/gemma-3-4b-it,ENTJ,memory,crash,123,0.95,stabilization,59.7,63.35481058176331,6273.158691581014,1.0110115004214481e-29,105.07803503485785,BUY,0.3,"The price is above both the 20 and 60-day SMAs, indicating a clear upward trend. RSI is healthy, and the P/E ratio suggests undervaluation, aligning with a momentum strategy focused on capitalizing on sustained growth. Volume ratio supports the trend, confirming buyer interest.",58.65,63.68,54.4,-1.0531,1427277,0.45,42.5,14.1,2.83,-7.9,-1,0.49,0.25,0.24
Day-152,google/gemma-3-4b-it,ENTJ,memory,crash,123,0.95,stabilization,60.06,63.516673259648826,6310.986784193563,7.077080502950136e-30,105.07803503485785,BUY,0.3,"The SMA20 is below the SMA60, indicating a slight downward trend, but the RSI is still relatively high and the P/E ratio is attractive. Given my momentum-focused mandate, I’ll initiate a buy to capitalize on the potential for an upward breakout, prioritizing growth and disregarding minor fluctuations.",58.6,63.46,51.9,-0.9208,1565418,0.52,42.2,14.2,2.82,-7.65,-1,-0.15,0.12,-0.27
Day-153,google/gemma-3-4b-it,ENTJ,memory,crash,123,0.95,stabilization,58.34,62.830728821613214,6130.252563933607,4.953956352065096e-30,105.07803503485785,BUY,0.3,"The SMA20 is above the SMA60, indicating an upward trend. RSI is relatively low, suggesting room for further growth. Given my momentum-focused mandate, I’ll initiate a buy order to capitalize on this established trend.",58.65,63.19,44.9,-0.9438,1958519,0.68,41.9,13.9,2.87,-7.18,-1,0.21,0.14,0.07
Day-154,google/gemma-3-4b-it,ENTJ,memory,crash,123,0.95,stabilization,57.42,61.912294493676264,6033.580771701538,3.4677694464455676e-30,105.07803503485785,BUY,0.3,"The SMA20 and SMA60 are trending upwards, indicating a strong bullish momentum. The RSI is relatively healthy, and the P/E ratio suggests undervaluation. Given my mandate for growth and the clear upward trend, I’m initiating a buy order to capitalize on this momentum.",58.64,62.83,53.1,-1.0244,1998200,0.73,41.7,13.9,2.88,-6.67,-1,0.58,0.27,0.31
Day-155,google/gemma-3-4b-it,ENTJ,memory,crash,123,0.95,stabilization,56.52,61.422466958215345,5939.010540170166,2.4274386125118973e-30,105.07803503485785,BUY,0.3,"The SMA20 and SMA60 are trending upwards, indicating a strong bullish momentum. Despite the RSI being slightly below 50 and a negative news sentiment, the overall trend and P/E ratio suggest a potential for continued growth. I’ll initiate a buy order to capitalize on this momentum.",58.56,62.48,48.4,-1.1479,1694916,0.66,41.4,13.8,2.9,-6.27,-1,-0.33,0.16,-0.49
Day-156,google/gemma-3-4b-it,ENTJ,memory,crash,123,0.95,stabilization,57.86,61.52643810591618,6079.815107116875,7.282315837535695e-31,105.07803503485785,BUY,0.7,"The SMA20 is above the SMA60, indicating an upward trend. RSI is healthy, and the P/E ratio suggests undervaluation. Given my momentum mandate, I’ll capitalize on this trend with a substantial buy to maximize growth potential.",58.58,62.12,51.0,-1.1245,1623789,0.66,41.2,14.1,2.84,-5.7,-1,-0.16,0.03,-0.19
Day-157,google/gemma-3-4b-it,ENTJ,memory,crash,123,0.95,stabilization,57.3,61.82336618891779,6020.971407497354,5.097621086274986e-31,105.07803503485785,BUY,0.3,"The SMA20 and SMA60 are trending upwards, indicating a strong bullish momentum. Despite the slightly negative RSI and news sentiment, the P/E ratio suggests undervaluation and the volume ratio supports the trend. I’m initiating a buy to capitalize on this sustained upward movement.",58.59,61.82,43.4,-1.1383,1551484,0.68,40.9,13.9,2.88,-5.23,-1,-0.18,0.02,-0.2
Day-158,google/gemma-3-4b-it,ENTJ,memory,crash,123,0.95,stabilization,60.35,61.57802890903098,6341.4594143536715,2.548810543137493e-31,105.07803503485785,BUY,0.5,"The SMA60 is slightly below the SMA20, indicating a potential upward trend. RSI is moderate, suggesting continued momentum is likely. Given the mandate for growth and the potential for a significant move, a buy order is warranted to capitalize on this trend.",58.65,61.58,54.5,-0.8928,1435234,0.67,40.7,14.7,2.72,-4.76,-1,-0.05,-0.03,-0.02
Day-159,google/gemma-3-4b-it,ENTJ,memory,crash,123,0.95,stabilization,56.34,62.286657650464626,5920.096493863892,1.7841673801962452e-31,105.07803503485785,BUY,0.3,"The SMA20 and SMA60 are trending upwards, indicating a strong bullish momentum. Despite the slightly negative RSI and news sentiment, the P/E ratio is reasonable and the implied volatility suggests potential for significant growth. Let’s capitalize on this trend with a measured buy.",58.42,61.28,50.1,-1.0099,1425438,0.72,40.4,13.6,2.95,-4.66,-1,-0.06,-0.16,0.09
Day-160,google/gemma-3-4b-it,ENTJ,memory,crash,123,0.95,stabilization,57.43,62.23506966330154,6034.6315520518865,1.2489171661373717e-31,105.07803503485785,BUY,0.3,"The SMA20 and SMA60 are trending upwards, indicating a strong bullish momentum. The RSI is relatively low, suggesting room for further growth, and the volume ratio indicates buying pressure. I’m initiating a buy to capitalize on this established trend.",58.49,61.05,46.1,-1.0031,1976742,1.11,40.2,13.8,2.89,-4.19,-1,0.09,-0.07,0.16
Day-161,google/gemma-3-4b-it,ENTJ,memory,crash,123,0.95,stabilization,58.55,62.265227662418845,6152.318951290927,8.742420162961602e-32,105.07803503485785,BUY,0.3,"The SMA20 is slightly below the SMA60, indicating a potential upward trend. RSI is neutral, suggesting room for further growth, and the P/E ratio is attractive. I’ll initiate a buy order to capitalize on this momentum.",58.56,60.82,48.5,-0.8971,1868450,1.05,39.9,14.1,2.84,-3.72,-1,-0.25,-0.09,-0.16
Day-162,google/gemma-3-4b-it,ENTJ,memory,crash,123,0.95,stabilization,60.09,62.188245727142515,6314.139125244608,6.119694114073122e-32,105.07803503485785,BUY,0.3,"The SMA60 is trending upwards, indicating a sustained bullish momentum. Despite the slight negative shift in the SMA20, the RSI is neutral, and the P/E ratio suggests undervaluation. I’m initiating a buy to capitalize on this established trend, prioritizing growth within the momentum framework.",58.69,60.62,49.5,-0.681,1430955,0.82,39.7,14.5,2.76,-3.18,-1,-0.19,-0.09,-0.1
Day-163,google/gemma-3-4b-it,ENTJ,memory,crash,123,0.95,stabilization,58.54,62.27525912351585,6151.268170940579,4.2837858798511857e-32,105.07803503485785,BUY,0.3,"The SMA20 is slightly below the SMA60, indicating a potential upward trend. RSI is neutral, but the overall market sentiment and P/E ratio suggest continued growth potential. I’m initiating a buy order to capitalize on this momentum.",58.61,60.47,50.3,-0.6275,1449545,0.83,39.4,14.1,2.84,-3.06,-1,0.09,-0.06,0.15
Day-164,google/gemma-3-4b-it,ENTJ,memory,crash,123,0.95,stabilization,60.53,62.64749616053765,6360.3734606599455,2.99865011589583e-32,105.07803503485785,BUY,0.3,"The SMA20 is above the SMA60, indicating an upward trend. RSI is relatively neutral, suggesting room for further growth. Given the mandate to chase big wins and the current trend, a strategic buy is warranted to capitalize on this momentum.",58.72,60.3,46.8,-0.4198,1732859,1.01,39.2,14.5,2.76,-2.62,-1,0.05,-0.04,0.09
Day-165,google/gemma-3-4b-it,ENTJ,memory,crash,123,0.95,stabilization,58.37,63.000322879493815,6133.404904984653,2.0990550811270812e-32,105.07803503485785,BUY,0.3,"The SMA20 is above the SMA60, indicating an upward trend. The RSI is relatively neutral, suggesting room for further growth, and the P/E ratio is attractive. I’m initiating a buy to capitalize on this momentum, prioritizing growth within the established trend.",58.83,60.06,47.0,-0.4245,1792345,1.05,38.9,13.9,2.88,-2.06,-1,0.26,-0.01,0.27
Day-166,google/gemma-3-4b-it,ENTJ,memory,crash,123,0.95,stabilization,59.53,62.57111140918902,6255.295425625088,1.469338556788957e-32,105.07803503485785,BUY,0.3,"The SMA20 and SMA60 are trending upwards, indicating a strong bullish momentum. The RSI is relatively neutral, suggesting further upward movement is likely. Given my mandate for growth and the current trend, a strategic buy is warranted to capitalize on this opportunity.",58.84,59.9,48.9,-0.3307,1810033,1.05,38.6,14.3,2.8,-1.76,0,0.12,0.07,0.06
Day-167,google/gemma-3-4b-it,ENTJ,memory,crash,123,0.95,stabilization,62.09,63.35294329742828,6524.295195314324,1.0285369897522698e-32,105.07803503485785,BUY,0.3,"The SMA20 and SMA60 are flat, indicating a sustained trend. RSI is relatively high, suggesting continued upward momentum. Given my mandate for growth and the potential for a significant move, I’ll initiate a buy order to capitalize on this trend.",58.98,59.82,57.8,-0.0496,1384169,0.81,38.4,14.7,2.72,-1.4,0,0.23,0.15,0.08
Day-168,google/gemma-3-4b-it,ENTJ,memory,crash,123,0.95,stabilization,58.23,62.82543006871482,6118.693980079772,7.199758928265889e-33,105.07803503485785,BUY,0.3,"The SMA20 and SMA60 are trending upwards, indicating a strong bullish momentum. The RSI is healthy, and the volume ratio suggests buying pressure. Given my mandate for growth and the clear upward trend, a strategic buy is warranted to capitalize on this momentum.",58.88,59.7,51.5,-0.1363,1896691,1.12,38.1,13.9,2.88,-1.37,0,-0.34,0.06,-0.41
Day-169,google/gemma-3-4b-it,ENTJ,memory,crash,123,0.95,stabilization,60.37,62.88504357576013,6343.560975054368,5.0398312497861226e-33,105.07803503485785,BUY,0.3,"The SMA20 and SMA60 are aligned, indicating a strong upward trend. RSI is moderately high, confirming momentum. Given my mandate for growth and the clear trend, initiating a buy order is the optimal course of action to capitalize on this opportunity.",58.98,59.57,56.9,-0.0321,1406536,0.84,37.9,14.4,2.78,-0.99,0,-0.12,0.03,-0.15
Day-170,google/gemma-3-4b-it,ENTJ,memory,crash,123,0.95,stabilization,59.94,62.767845288998956,6298.377419989379,3.5278818748502856e-33,105.07803503485785,BUY,0.3,"The price is above both the 20 and 60-day SMAs, indicating a clear upward trend. RSI is moderate, suggesting continued momentum, and the P/E ratio is favorable. I’m initiating a buy order to capitalize on this established bullish trajectory.",58.88,59.46,53.8,0.0156,1623870,0.98,37.6,14.3,2.79,-0.97,0,0.55,0.09,0.46
Day-171,google/gemma-3-4b-it,ENTJ,memory,crash,123,0.95,stabilization,55.77,62.26334945033971,5860.2020138940225,2.4695173123952002e-33,105.07803503485785,BUY,0.3,"The SMA20 and SMA60 are flat, but the RSI is relatively neutral and the overall market sentiment is slightly positive. Given my momentum-focused mandate, I’ll initiate a buy to capitalize on a potential upward trend, aiming for a significant gain while maintaining a controlled position size.",58.68,59.32,47.5,-0.2797,1611777,0.97,37.4,13.4,2.98,-1.08,0,0.12,0.09,0.03
Day-172,google/gemma-3-4b-it,ENTJ,memory,crash,123,0.95,stabilization,58.25,62.2457891563528,6120.795540780469,1.72866211867664e-33,105.07803503485785,BUY,0.3,"The SMA20 and SMA60 are aligned, indicating a strong upward trend. RSI is relatively low, suggesting room for further growth. Given my momentum-focused mandate, I’ll initiate a buy order to capitalize on this established bullish movement.",58.59,59.27,46.5,-0.3102,1835740,1.1,37.1,14.0,2.85,-1.15,0,0.22,0.09,0.14
Day-173,google/gemma-3-4b-it,ENTJ,memory,crash,123,0.95,stabilization,60.5,61.895382269706595,6357.2211196089,1.210063483073648e-33,105.07803503485785,BUY,0.3,"The SMA20 and SMA60 are aligned, indicating a strong upward trend. RSI is healthy, and the news sentiment is slightly positive. Given my momentum commander mandate, I’ll initiate a buy order to capitalize on this sustained bullish movement and aim for significant growth.",58.7,59.25,57.3,-0.1513,1632888,0.98,36.9,14.7,2.73,-0.92,0,0.08,0.17,-0.09
Day-174,google/gemma-3-4b-it,ENTJ,memory,crash,123,0.95,stabilization,59.06,61.95183589134462,6205.908749158705,8.470444381515537e-34,105.07803503485785,BUY,0.3,"The price is above both the 20 and 60-day SMAs, indicating a strong upward trend. RSI is relatively high, suggesting continued momentum, and the P/E ratio is attractive. I’m initiating a buy to capitalize on this bullish trajectory.",58.78,59.22,52.8,-0.14,1577229,0.96,36.6,14.3,2.8,-0.74,0,0.13,0.22,-0.09
Day-175,google/gemma-3-4b-it,ENTJ,memory,crash,123,0.95,stabilization,57.25,62.173378871954306,6015.717505745612,5.929311067060876e-34,105.07803503485785,BUY,0.3,"The SMA20 and SMA60 are flat, but the RSI is relatively neutral and the overall market sentiment is slightly negative. Given my momentum-focused mandate, I’ll initiate a buy to capitalize on a potential upward trend, aiming for a substantial gain while maintaining a calculated risk level.",58.82,59.07,47.8,-0.274,1526205,0.94,36.4,13.8,2.9,-0.43,0,-0.07,0.1,-0.17
Day-176,google/gemma-3-4b-it,ENTJ,memory,crash,123,0.95,stabilization,60.82,62.92934355644094,6390.846090820054,4.150517746942614e-34,105.07803503485785,BUY,0.3,"The SMA crossover confirms an upward trend, and the RSI indicates continued momentum. Given the current price and positive news sentiment, a strategic buy at 30% of available capital aligns with the momentum commander mandate – capitalize on the established trend for significant growth.",58.96,59.04,51.2,-0.0908,1663480,1.02,36.1,14.5,2.76,-0.13,0,1.0,0.27,0.73
Day-177,google/gemma-3-4b-it,ENTJ,memory,crash,123,0.95,stabilization,59.23,63.103035665754646,6223.77201511463,2.9053624228598295e-34,105.07803503485785,BUY,0.3,"The SMA20 and SMA60 are flat, indicating a stable uptrend. RSI is healthy, and the P/E ratio suggests undervaluation. Given my momentum commander mandate, I’ll initiate a buy to capitalize on the established upward movement and potential for further gains.",59.06,59.02,51.1,-0.0731,1258278,0.78,35.8,14.1,2.84,0.08,0,-0.12,0.2,-0.32
Day-178,google/gemma-3-4b-it,ENTJ,memory,crash,123,0.95,stabilization,60.22,62.817422995602236,6327.799269799139,2.0337536960018805e-34,105.07803503485785,BUY,0.3,"The SMA20 and SMA60 are trending upwards, indicating a strong bullish momentum. RSI is relatively neutral, suggesting room for further growth. Given my mandate to chase big wins, I’ll initiate a buy order to capitalize on this upward trend.",59.05,58.97,49.5,0.0204,1187681,0.74,35.6,14.4,2.78,0.15,0,-0.01,0.19,-0.2
Day-179,google/gemma-3-4b-it,ENTJ,memory,crash,123,0.95,stabilization,60.07,62.64161309024244,6312.037564543911,1.4236275872013165e-34,105.07803503485785,BUY,0.3,"The SMA20 and SMA60 are flat, indicating a sustained trend. RSI is moderate, suggesting continued upward momentum. Given the mandate to chase big wins and the overall positive market sentiment, a strategic buy is warranted to capitalize on the existing trend.",59.24,58.91,53.0,0.0821,1738965,1.07,35.3,14.4,2.78,0.56,0,-0.73,0.01,-0.74
Day-180,google/gemma-3-4b-it,ENTJ,memory,crash,123,0.95,stabilization,57.92,62.73160214329972,6086.119789218967,9.965393110409216e-35,105.07803503485785,BUY,0.3,"The SMA20 and SMA60 are trending upwards, indicating a strong bullish momentum. The RSI is relatively neutral, suggesting further upward movement is likely. Given my mandate for growth and the current trend, a strategic buy is warranted to capitalize on this opportunity.",59.27,58.81,47.3,-0.0427,1461079,0.92,35.1,13.8,2.89,0.77,0,0.33,0.09,0.24
Day-181,google/gemma-3-4b-it,ENTJ,memory,crash,123,0.95,stabilization,60.84,62.79833255803079,6392.947651520752,3.986157244163686e-35,105.07803503485785,BUY,0.6,"The SMA20 and SMA60 are flat, indicating a stable trend. RSI is neutral, suggesting further upward movement is possible. Given the overall market observation and my mandate for growth, a strategic buy is warranted to capitalize on the potential for continued upward momentum.",59.38,58.82,47.9,0.0935,1351618,0.86,34.8,14.5,2.75,0.96,0,-0.17,-0.14,-0.03
Day-182,google/gemma-3-4b-it,ENTJ,memory,crash,123,0.95,stabilization,58.86,63.548127192145,6184.893142151733,2.7903100709145805e-35,105.07803503485785,BUY,0.3,"The SMA20 and SMA60 are aligned, indicating a strong upward trend. RSI is healthy, and the P/E ratio suggests undervaluation. Given my momentum-focused mandate, I’ll initiate a buy to capitalize on this sustained bullish movement.",59.32,58.77,51.1,0.0409,1364640,0.87,34.6,13.9,2.88,0.93,0,-0.02,-0.12,0.1
Day-183,google/gemma-3-4b-it,ENTJ,memory,crash,123,0.95,stabilization,59.09,64.26580365702348,6209.061090209751,1.9532170496402062e-35,105.07803503485785,BUY,0.3,"The SMA20 and SMA60 are aligned, indicating a strong upward trend. RSI is neutral, suggesting continued momentum. Given the mandate to chase big wins and the current trend, a strategic buy is warranted to capitalize on this potential growth.",59.35,58.81,47.6,0.0179,1603893,1.02,34.3,13.8,2.9,0.92,0,-0.16,-0.15,-0.01
Day-184,google/gemma-3-4b-it,ENTJ,memory,crash,123,0.95,stabilization,59.58,64.10633569390235,6260.549327376831,1.3672519347481444e-35,105.07803503485785,BUY,0.3,"The SMA20 and SMA60 are flat, indicating a stable uptrend. RSI is neutral, suggesting continued upward momentum. Given the mandate to chase big wins and the overall positive trend, a strategic buy is warranted to capitalize on this opportunity.",59.3,58.84,49.3,0.0382,1352701,0.87,34.1,13.9,2.87,0.77,0,-0.04,-0.01,-0.03
Day-185,google/gemma-3-4b-it,ENTJ,memory,crash,123,0.95,stabilization,60.14,63.852014629809254,6319.393026996351,9.57076354323701e-36,105.07803503485785,BUY,0.3,"The price is above both the 20 and 60-day SMAs, indicating a strong upward trend. RSI is high, suggesting continued momentum, and the P/E ratio is favorable. I’m initiating a buy to capitalize on this bullish trajectory, prioritizing growth within the momentum strategy.",59.39,58.89,59.7,0.0987,1561154,1.01,33.8,14.1,2.83,0.85,0,-0.09,-0.09,0.01
Day-186,google/gemma-3-4b-it,ENTJ,memory,crash,123,0.95,stabilization,59.63,62.59348732777532,6265.803229128574,6.699534480265907e-36,105.07803503485785,BUY,0.3,"The SMA20 and SMA60 are aligned, indicating a strong upward trend. RSI is healthy, and the P/E ratio suggests undervaluation. Given the momentum and my mandate for growth, a strategic buy is warranted to capitalize on this continued upward movement.",59.39,58.93,53.3,0.104,1365004,0.9,33.6,14.3,2.8,0.79,0,-0.01,-0.06,0.05
Day-187,google/gemma-3-4b-it,ENTJ,memory,crash,123,0.95,stabilization,58.06,62.33902712111421,6100.8307141238465,4.689674136186135e-36,105.07803503485785,BUY,0.3,"The SMA20 and SMA60 are trending upwards, indicating a strong bullish momentum. The RSI is relatively low, suggesting room for further growth, and the P/E ratio is attractive. I’m initiating a buy to capitalize on this sustained upward trend.",59.19,58.95,43.9,-0.0178,1578704,1.03,33.3,14.0,2.86,0.41,0,-0.02,-0.06,0.05
Day-188,google/gemma-3-4b-it,ENTJ,memory,crash,123,0.95,stabilization,59.89,61.869998268072074,6293.123518237637,3.2827718953302944e-36,105.07803503485785,BUY,0.3,"The SMA20 and SMA60 are aligned, indicating a strong upward trend. RSI is high, suggesting continued momentum, and the P/E ratio is attractive. I’m initiating a buy to capitalize on this sustained bullish signal, prioritizing growth within the momentum framework.",59.27,58.96,52.1,0.033,1143671,0.77,33.1,14.5,2.75,0.53,0,-0.05,-0.04,-0.01
Day-189,google/gemma-3-4b-it,ENTJ,memory,crash,123,0.95,stabilization,59.0,61.712586039024664,6199.604067056613,2.297940326731206e-36,105.07803503485785,BUY,0.3,"The SMA20 and SMA60 are trending upwards, indicating a strong bullish momentum. The RSI is moderately high, suggesting continued upward pressure, and the P/E ratio is favorable. I’m initiating a buy order to capitalize on this established trend and maximize growth.",59.21,58.92,54.5,0.0014,1356209,0.91,32.8,14.3,2.79,0.48,0,-0.05,-0.04,-0.01
Day-190,google/gemma-3-4b-it,ENTJ,memory,crash,123,0.95,stabilization,57.79,61.92837816019972,6072.459644664435,1.6085582287118443e-36,105.07803503485785,BUY,0.3,"The SMA20 and SMA60 are trending upwards, indicating a strong bullish momentum. The RSI is relatively low, suggesting room for further growth, and the P/E ratio is attractive. I’m initiating a buy order to capitalize on this sustained upward trend.",59.1,58.96,41.1,-0.1202,1337952,0.91,32.5,14.0,2.86,0.24,0,0.39,0.05,0.34
Day-191,google/gemma-3-4b-it,ENTJ,memory,crash,123,0.95,stabilization,60.27,62.03697432479921,6333.053171550883,6.434232914847377e-37,105.07803503485785,BUY,0.6,"The price is above both the 20 and 60-day SMAs, indicating a strong upward trend. RSI is high, confirming momentum, and the news sentiment is slightly positive. This presents a clear buying opportunity to capitalize on the established trend and maximize growth.",59.32,59.02,52.9,-0.0163,1218515,0.84,32.3,14.6,2.74,0.51,0,0.26,0.11,0.16
Day-192,google/gemma-3-4b-it,ENTJ,memory,crash,123,0.95,stabilization,60.68,62.04199032127544,6376.135165915174,4.503963040393164e-37,105.07803503485785,BUY,0.3,"The SMA20 and SMA60 are nearly identical, indicating a strong, sustained upward trend. RSI is healthy, and the P/E ratio suggests undervaluation. Given my momentum-focused mandate, I’m initiating a buy to capitalize on this continued bullish movement.",59.44,59.09,51.3,0.0981,1571590,1.09,32.0,14.7,2.73,0.61,0,0.27,0.17,0.1
Day-193,google/gemma-3-4b-it,ENTJ,memory,crash,123,0.95,stabilization,58.91,62.1617813768197,6190.147043903476,3.152774128275215e-37,105.07803503485785,BUY,0.3,"The SMA20 and SMA60 are flat, indicating a stable uptrend. RSI is relatively low, suggesting room for further growth. Given my momentum-focused mandate, I’ll initiate a buy order to capitalize on the established trend and potential for increased volatility.",59.37,59.06,46.9,0.045,1538680,1.07,31.8,14.2,2.81,0.51,0,-0.22,0.13,-0.35
Day-194,google/gemma-3-4b-it,ENTJ,memory,crash,123,0.95,stabilization,58.69,62.1187224902042,6167.0298761958065,2.2069418897926504e-37,105.07803503485785,BUY,0.3,"The SMA20 and SMA60 are flat, indicating a sustained uptrend. RSI is moderately high, confirming buying pressure. Given the mandate to chase big wins and the overall positive trend, a strategic buy is warranted to capitalize on continued upward momentum.",59.35,59.07,52.3,-0.0142,1283923,0.9,31.5,14.2,2.82,0.47,0,0.38,0.22,0.16
Day-195,google/gemma-3-4b-it,ENTJ,memory,crash,123,0.95,stabilization,56.46,62.23723195647594,5932.705858068074,1.5448593228548555e-37,105.07803503485785,BUY,0.3,"The SMA20 and SMA60 are flat, but the RSI is low and the overall market sentiment is slightly positive. Given my momentum-focused mandate, I'll initiate a buy to capitalize on a potential upward trend. A small position size allows for controlled exposure while prioritizing growth.",59.31,59.07,36.6,-0.2381,1093011,0.78,31.3,13.6,2.94,0.4,0,0.34,0.21,0.13
Day-196,google/gemma-3-4b-it,ENTJ,memory,crash,123,0.95,stabilization,57.0,60.64170445251628,5989.447996986897,1.081401525998399e-37,105.07803503485785,BUY,0.3,"The SMA20 and SMA60 are trending upwards, indicating a strong bullish momentum. Despite the RSI being relatively low and negative news sentiment, the overall trend and P/E ratio suggest continued upward potential. I’m initiating a buy to capitalize on this momentum.",59.12,59.03,43.8,-0.3682,1140794,0.83,31.0,14.1,2.84,0.15,0,-0.17,0.12,-0.29
Day-197,google/gemma-3-4b-it,ENTJ,memory,crash,123,0.95,stabilization,57.06,60.52705770764091,5995.752679088989,7.569810681988792e-38,105.07803503485785,BUY,0.3,"The SMA20 and SMA60 are trending upwards, indicating a strong bullish momentum. The RSI is relatively low, suggesting room for further growth, and the news sentiment is positive. I’m initiating a buy order to capitalize on this established trend.",59.01,58.99,43.1,-0.4607,1164620,0.85,30.8,14.1,2.83,0.04,0,0.46,0.16,0.3
Day-198,google/gemma-3-4b-it,ENTJ,memory,crash,123,0.95,stabilization,57.84,60.491632347114404,6077.713546416178,5.298867477392155e-38,105.07803503485785,BUY,0.3,"The SMA20 and SMA60 are aligned, indicating a strong upward trend. RSI is relatively low, suggesting room for further growth. Given my momentum-focused mandate, I’ll initiate a buy order to capitalize on this sustained bullish movement.",58.89,58.94,44.2,-0.4664,1263162,0.92,30.5,14.3,2.79,-0.08,0,-0.2,0.16,-0.37
Day-199,google/gemma-3-4b-it,ENTJ,memory,crash,123,0.95,stabilization,57.07,60.341001489011106,5996.8034594393375,3.7092072341745086e-38,105.07803503485785,BUY,0.3,"The SMA20 and SMA60 are flat, indicating a stable trend. RSI is low, suggesting potential for upward movement. Given my momentum-focused mandate, I’ll initiate a buy to capitalize on this established trend and potential for growth.",58.74,58.91,39.9,-0.5264,1179096,0.88,30.3,14.2,2.82,-0.29,0,-0.55,-0.03,-0.53
Day-200,google/gemma-3-4b-it,ENTJ,memory,crash,123,0.95,stabilization,57.61,60.25202835795964,6053.5455983581605,2.596445063922156e-38,105.07803503485785,BUY,0.3,"The SMA20 and SMA60 are flat, indicating a stable trend. RSI is relatively low, suggesting room for upward movement. Given my momentum-focused mandate, I’ll initiate a buy to capitalize on this potential continuation of the trend, aiming for a significant gain.",58.72,58.82,43.4,-0.5249,1387068,1.03,30.0,14.3,2.79,-0.17,0,0.33,-0.03,0.36
