Date,Model,MBTI,Agent_Type,Scenario,Seed,Crash_Discount,Phase,Price,Fundamental_Value,Portfolio_Value,Cash,Holdings_Qty,Action,Quantity_Percent,Rationale,SMA20,SMA60,RSI14,MACD,Volume,Volume_Ratio,Implied_Volatility,Reported_PE,Dividend_Yield,Trend_Strength,Trend_Regime,Sentiment,Sentiment_MA5,Sentiment_Change
Day-1,google/gemma-3-4b-it,INTJ,memory,flat,789,0.92,flat,100.19,100.0,10000.0,10000.0,0.0,HOLD,0.0,"The SMA20 and SMA60 are flat, RSI is neutral, and the P/E ratio suggests reasonable valuation. The volume ratio is balanced, and news sentiment is marginally positive. Given the focus on systemic analysis and pre-planned exits, maintaining the current portfolio state aligns with the objective of maximizing long-term alpha.",100.19,100.19,50.0,0.0,1315371,1.0,15.0,15.0,2.66,0.0,0,0.26,0.26,0.0
Day-2,google/gemma-3-4b-it,INTJ,memory,flat,789,0.92,flat,99.05,97.83750183982012,10000.0,10000.0,0.0,HOLD,0.0,"The SMA20 and SMA60 are flat, RSI is neutral, and the P/E ratio suggests reasonable valuation. The volume ratio is slightly elevated, indicating potential interest, but the overall data doesn’t present a compelling entry point. Maintaining a cash position allows for observation and potential future opportunities identified by the system.",99.62,99.62,50.0,-0.0909,1364882,1.02,15.9,15.2,2.63,0.0,0,0.68,0.47,0.21
Day-3,google/gemma-3-4b-it,INTJ,memory,flat,789,0.92,flat,96.48,96.45664041575924,10000.0,8000.0,20.729684908789384,BUY,0.2,"The SMA20 and SMA60 are aligned, RSI is neutral, and the P/E ratio suggests undervaluation. Given the low volume ratio and positive news sentiment, this presents a potential entry point for a long-term strategic position, aligning with the system’s objective of identifying undervalued assets with a stable trend.",98.57,98.57,50.0,-0.3661,1289830,0.97,13.6,15.0,2.67,0.0,0,0.54,0.49,0.05
Day-4,google/gemma-3-4b-it,INTJ,memory,flat,789,0.92,flat,97.56,97.49973616031663,10022.388059701492,6400.0,37.1298489104294,BUY,0.2,"The SMA20 and SMA60 are aligned, RSI is neutral, and the P/E ratio suggests undervaluation. Given the volume ratio of 1.04, indicating slight buying pressure, a small position is warranted to capitalize on the established trend and potential for long-term growth, adhering to the system’s predictive capabilities.",98.32,98.32,50.0,-0.4918,1390197,1.04,17.3,15.0,2.67,0.0,0,0.06,0.39,-0.33
Day-5,google/gemma-3-4b-it,INTJ,memory,flat,789,0.92,flat,100.19,99.96683788948366,10120.039562335922,4480.0,56.29343809098634,BUY,0.3,"The SMA20 and SMA60 are aligned, RSI is neutral, and the P/E ratio suggests undervaluation. The volume ratio is slightly below 1, indicating potential buying pressure. This aligns with a long-term strategic investment, prioritizing a calculated entry point based on established technical indicators.",98.69,98.69,50.0,-0.3742,1301267,0.98,12.2,15.0,2.66,0.0,0,-0.24,0.26,-0.5
Day-6,google/gemma-3-4b-it,INTJ,memory,flat,789,0.92,flat,100.03,100.1908058943271,10111.032612241364,3136.0,69.72940730022357,BUY,0.3,"The SMA20 and SMA60 are aligned, RSI is neutral, and the P/E ratio suggests undervaluation. The volume ratio indicates a slight selling pressure, presenting a potential entry point for a long position, aligning with a systematic approach to capitalize on a stabilizing trend.",98.92,98.92,50.0,-0.2907,1197629,0.91,8.7,15.0,2.67,0.0,0,-0.36,0.14,-0.5
Day-7,google/gemma-3-4b-it,INTJ,memory,flat,789,0.92,flat,98.37,98.2600942193214,9995.281796122992,2508.8,76.10533492043298,BUY,0.2,"The SMA20 and SMA60 are aligned, RSI is neutral, and the P/E ratio suggests undervaluation. Given the low news sentiment and a volume ratio slightly above 1, there’s a potential for a sustained upward trend. I’m initiating a small position to capitalize on this systemic alignment, planning for a 3-month exit strategy.",98.84,98.84,50.0,-0.3544,1432778,1.08,7.5,15.0,2.66,0.0,0,0.04,0.01,0.03
Day-8,google/gemma-3-4b-it,INTJ,memory,flat,789,0.92,flat,98.16,98.42183118318087,9979.2996757897,1756.1600000000003,83.77281658302466,BUY,0.3,"The SMA20 and SMA60 are aligned, RSI is neutral, and the P/E ratio suggests undervaluation. The volume ratio indicates selling pressure, presenting a potential entry point for a long position, aligning with a strategic, long-term investment approach based on system analysis.",98.75,98.75,50.0,-0.417,1055046,0.82,12.6,15.0,2.67,0.0,0,-0.01,-0.1,0.09
Day-9,google/gemma-3-4b-it,INTJ,memory,flat,789,0.92,flat,96.25,97.29142009113761,9819.293596116124,1229.3120000000004,89.24656203757011,BUY,0.3,"The SMA20 and SMA60 are aligned, RSI is neutral, and the P/E ratio suggests undervaluation. The volume ratio indicates selling pressure, presenting a potential entry point for a long position, aligning with a systematic approach to capitalize on market inefficiencies.",98.48,98.48,50.0,-0.6136,1128042,0.88,13.7,14.8,2.7,0.0,0,-0.09,-0.13,0.04
Day-10,google/gemma-3-4b-it,INTJ,memory,flat,789,0.92,flat,94.61,95.52379530100474,9672.92923437451,860.5184000000003,93.14460241385169,BUY,0.3,"The SMA20 and SMA60 are aligned, RSI is neutral, and the P/E ratio suggests undervaluation. The volume ratio indicates selling pressure, creating a potential buying opportunity. My system predicts a sustained upward trend based on these metrics, warranting a strategic entry.",98.09,98.09,50.0,-0.8919,1095689,0.87,16.5,14.9,2.69,0.0,0,-0.25,-0.13,-0.12
Day-11,google/gemma-3-4b-it,INTJ,memory,flat,789,0.92,flat,97.77,97.59074247616059,9967.266178002279,688.4147200000002,94.90489370975023,BUY,0.2,"The SMA20 and SMA60 are aligned, RSI is neutral, and the P/E ratio suggests undervaluation. The volume ratio indicates selling pressure, presenting a potential entry point for a long position. My model predicts a sustained upward trend based on these metrics, prioritizing long-term alpha generation.",98.06,98.06,50.0,-0.8479,1047333,0.85,13.1,15.0,2.66,0.0,0,-0.22,-0.11,-0.11
Day-12,google/gemma-3-4b-it,INTJ,memory,flat,789,0.92,flat,99.83,99.20476904560735,10162.770259044366,550.7317760000002,96.2840677456112,BUY,0.2,"The SMA convergence and neutral RSI suggest a period of consolidation. The P/E ratio indicates value, and the volume ratio is slightly elevated, hinting at potential accumulation. I will initiate a small position to capitalize on the underlying trend, planning for a 3-month exit strategy based on projected volatility.",98.21,98.21,50.0,-0.6391,1333029,1.07,12.7,15.1,2.65,0.0,0,-0.16,-0.15,-0.02
Day-13,google/gemma-3-4b-it,INTJ,memory,flat,789,0.92,flat,102.28,101.92118094816594,10398.666225021114,385.51224320000017,97.89943275147745,BUY,0.3,"The SMA convergence and neutral RSI suggest a period of consolidation. The P/E ratio is reasonable, and the volume ratio indicates potential buying pressure. I’ll initiate a small position to capitalize on the underlying trend, planning for a 3-month exit strategy based on projected volatility.",98.52,98.52,50.0,-0.2723,1076566,0.87,10.0,15.1,2.66,0.0,0,-0.53,-0.25,-0.28
Day-14,google/gemma-3-4b-it,INTJ,memory,flat,789,0.92,flat,101.19,101.08858596452468,10291.955843322003,385.51224320000017,97.89943275147745,HOLD,0.0,"The SMA20 and SMA60 are flat, RSI is neutral, and the P/E ratio suggests reasonable valuation. The volume ratio indicates slight selling pressure, but the overall trend is stable. Maintaining the current position aligns with a long-term, system-driven approach, awaiting further data points to confirm a shift.",98.71,98.71,52.3,-0.0695,1466008,1.17,9.2,15.0,2.66,0.0,0,-0.04,-0.24,0.2
Day-15,google/gemma-3-4b-it,INTJ,memory,flat,789,0.92,flat,100.96,100.47676494447782,10269.438973789163,308.40979456000014,98.66312578475795,BUY,0.2,"The SMA20 and SMA60 are flat, indicating a period of consolidation. The RSI is neutral, and the P/E ratio suggests undervaluation relative to historical norms. A small buy position aligns with a long-term strategic approach, anticipating a breakout based on the underlying system’s predictive capabilities.",98.86,98.86,51.8,0.0723,1096788,0.88,12.1,15.1,2.65,0.0,0,-0.37,-0.26,-0.1
Day-16,google/gemma-3-4b-it,INTJ,memory,flat,789,0.92,flat,98.83,98.78434077590232,10059.286515867627,277.5688151040001,98.97518669193188,BUY,0.1,"The SMA20 and SMA60 are aligned, RSI is neutral, and the P/E ratio suggests undervaluation. The volume ratio indicates potential buying pressure, creating a confluence of factors supporting a long-term investment. I will initiate a small position to test the system’s predictive capabilities.",98.86,98.86,49.5,0.0128,1410217,1.13,8.9,15.0,2.67,0.0,0,-0.02,-0.22,0.21
Day-17,google/gemma-3-4b-it,INTJ,memory,flat,789,0.92,flat,95.74,95.40908258884033,9753.453188989559,222.0550520832001,99.55502545337747,BUY,0.2,"The SMA20 and SMA60 are aligned, indicating a stable trend. RSI is neutral, suggesting no immediate overbought or oversold conditions. Given the P/E ratio and implied volatility, the market appears relatively calm, presenting an opportunity to deploy capital into a position aligned with the long-term trend.",98.68,98.68,48.4,-0.2809,1242195,0.99,10.6,15.1,2.66,0.0,0,0.19,-0.15,0.35
Day-18,google/gemma-3-4b-it,INTJ,memory,flat,789,0.92,flat,95.86,95.94269786576078,9765.399792043965,177.6440416665601,100.01831577693933,BUY,0.2,"The SMA20 and SMA60 are aligned, RSI indicates neutral momentum, and the P/E ratio suggests undervaluation. Given the low volume ratio and positive news sentiment, this presents a statistically probable entry point for a long-term position, aligning with the system’s objective of identifying undervalued assets with a sustainable trend.",98.52,98.52,46.2,-0.4981,1099779,0.89,8.5,15.0,2.67,0.0,0,0.01,-0.04,0.06
Day-19,google/gemma-3-4b-it,INTJ,memory,flat,789,0.92,flat,94.13,93.98099185326339,9592.36810574986,142.11523333324809,100.39575982594934,BUY,0.2,"The SMA20 and SMA60 are aligned, RSI is low indicating potential undervaluation, and the P/E ratio is reasonable. The volume ratio suggests a potential shift in momentum, and with a long-term perspective, this presents an opportunity to establish a position aligned with the system’s predicted trend.",98.29,98.29,36.0,-0.8009,1486539,1.19,11.0,15.0,2.66,0.0,0,-0.11,-0.06,-0.05
Day-20,google/gemma-3-4b-it,INTJ,memory,flat,789,0.92,flat,96.53,96.42126831419058,9833.317929332137,113.69218666659847,100.69020763146732,BUY,0.2,"The SMA20/60 convergence and low RSI indicate a potential long-term trend continuation. The P/E ratio is reasonable, and the volume ratio suggests institutional interest. I’m initiating a small position to capitalize on this systemic alignment, planning for a 3-month exit strategy based on projected trend extension.",98.2,98.2,42.7,-0.8375,1388161,1.1,13.5,15.0,2.66,0.0,0,-0.51,-0.09,-0.42
Day-21,google/gemma-3-4b-it,INTJ,memory,flat,789,0.92,flat,94.65,93.20724600680954,9644.020338984981,90.95374933327878,100.93044468728687,BUY,0.2,"The SMA convergence suggests a period of consolidation. The P/E ratio indicates undervaluation relative to its historical average, and the RSI suggests room for upward movement. I’m initiating a small position to capitalize on the anticipated trend continuation based on the system’s established parameters.",97.92,98.03,42.3,-1.0067,1358231,1.08,18.2,15.2,2.63,-0.11,0,0.12,-0.06,0.18
Day-22,google/gemma-3-4b-it,INTJ,memory,flat,789,0.92,flat,93.62,94.17446953784304,9540.061980957076,72.76299946662303,101.12474878755023,BUY,0.2,"The SMA convergence suggests a period of consolidation. The P/E ratio indicates undervaluation, and the RSI suggests room for upward movement. I’m initiating a small position to capitalize on the potential for a sustained trend, prioritizing a pre-determined exit strategy based on technical indicators.",97.65,97.83,40.9,-1.2093,1334565,1.06,14.1,14.9,2.68,-0.18,0,0.44,-0.01,0.45
Day-23,google/gemma-3-4b-it,INTJ,memory,flat,789,0.92,flat,95.51,94.98781488967334,9731.187756165546,58.210399573298425,101.27711607781643,BUY,0.2,"The SMA convergence and moderate RSI suggest a potential long-term trend continuation. The P/E ratio indicates undervaluation relative to historical averages, and the volume ratio suggests underlying interest. I will initiate a small position to capitalize on this systemic alignment, planning for a 3-month exit strategy based on a pre-defined target price.",97.6,97.73,48.5,-1.2039,1401807,1.11,11.6,15.1,2.65,-0.13,0,0.46,0.08,0.38
Day-24,google/gemma-3-4b-it,INTJ,memory,flat,789,0.92,flat,96.49,96.71759109421069,9830.439329921805,46.56831965863874,101.39777189618786,BUY,0.2,"The SMA convergence suggests a period of consolidation. The P/E ratio is reasonable, and the RSI indicates neutral momentum, presenting an opportunity to establish a long position with a defined exit strategy based on the model’s projected trends.",97.55,97.68,53.9,-1.1075,1313823,1.04,10.3,15.0,2.67,-0.13,0,-0.37,0.03,-0.4
Day-25,google/gemma-3-4b-it,INTJ,memory,flat,789,0.92,flat,97.14,96.74860520452494,9896.347881654328,37.254655726911,101.49365066839013,BUY,0.2,"The SMA convergence and neutral RSI suggest a period of consolidation. The P/E ratio is reasonable, and the volume ratio indicates healthy participation. I’m initiating a small position to capitalize on the underlying trend, anticipating a sustained upward movement based on the established system parameters.",97.4,97.66,48.6,-0.968,1197504,0.95,8.3,15.1,2.66,-0.27,0,0.09,0.15,-0.06
Day-26,google/gemma-3-4b-it,INTJ,memory,flat,789,0.92,flat,98.83,99.09864493193005,10067.872151283907,29.803724581528797,101.56904205911545,BUY,0.2,"The SMA convergence and neutral RSI suggest a period of consolidation. The P/E ratio indicates undervaluation relative to historical averages, and the volume ratio is slightly above 1, hinting at potential accumulation. I will initiate a buy order for 20% of available capital, anticipating a breakout based on my long-term model projections.",97.34,97.7,47.7,-0.7126,1275745,1.01,12.3,15.0,2.67,-0.37,0,0.09,0.14,-0.05
Day-27,google/gemma-3-4b-it,INTJ,memory,flat,789,0.92,flat,99.05,99.08354313525714,10090.217340536914,23.842979665223037,101.62922121021394,BUY,0.2,"The SMA convergence and low RSI indicate a potential long-term trend continuation. The P/E ratio suggests undervaluation, and the volume ratio is slightly elevated, hinting at underlying buying pressure. I’m initiating a small position to capitalize on this systemic alignment.",97.37,97.75,41.5,-0.4871,1368001,1.09,14.9,15.0,2.67,-0.39,0,0.3,0.11,0.19
Day-28,google/gemma-3-4b-it,INTJ,memory,flat,789,0.92,flat,98.19,98.09501057599222,10002.816210296129,19.07438373217843,101.67778619578318,BUY,0.2,"The SMA convergence suggests a period of consolidation. The P/E ratio is attractive, and the RSI indicates neutral momentum, presenting an opportunity for a long-term investment based on the established system's predictive capabilities. Pre-planned exit strategy will be implemented upon a 5% price increase.",97.37,97.77,42.1,-0.3732,1336716,1.05,11.4,15.0,2.66,-0.4,0,-0.06,0.01,-0.07
Day-29,google/gemma-3-4b-it,INTJ,memory,flat,789,0.92,flat,99.35,99.27220170154042,10120.762442283238,15.259506985742743,101.71618455256663,BUY,0.2,"The SMA convergence and low RSI suggest a potential long-term trend continuation. The P/E ratio indicates undervaluation relative to its historical average, and the volume ratio suggests buying pressure. I’m initiating a small position to capitalize on this systemic alignment.",97.53,97.82,45.9,-0.1871,1375201,1.07,10.4,15.0,2.66,-0.3,0,0.06,0.1,-0.04
Day-30,google/gemma-3-4b-it,INTJ,memory,flat,789,0.92,flat,98.41,98.64384256545601,10025.149228803824,12.207605588594195,101.7471966590309,BUY,0.2,"The SMA convergence suggests a period of consolidation. The P/E ratio is attractive, and the RSI indicates neutral momentum. I’ll initiate a small position to capitalize on the potential for a sustained upward trend, planning an exit based on a pre-determined Fibonacci retracement level.",97.72,97.84,48.9,-0.114,1056690,0.82,10.6,15.0,2.67,-0.13,0,-0.48,-0.02,-0.46
Day-31,google/gemma-3-4b-it,INTJ,memory,flat,789,0.92,flat,99.0,98.1244645694444,10085.180074832653,9.766084470875356,101.77185848850282,BUY,0.2,"The SMA convergence suggests a sustained trend. The P/E ratio is reasonable, and the RSI indicates moderate buying pressure. Given the long-term trend and my system’s projected alpha, a strategic entry at this level is warranted, with a defined exit strategy already in place.",97.78,97.88,60.1,-0.0085,1448340,1.11,14.3,15.1,2.64,-0.1,0,0.1,-0.02,0.11
Day-32,google/gemma-3-4b-it,INTJ,memory,flat,789,0.92,flat,99.12,99.37254299317149,10097.392697851275,8.78947602378782,101.78171127751702,BUY,0.1,"The SMA convergence and neutral RSI suggest a period of consolidation. The P/E ratio is reasonable, and the volume ratio indicates buying pressure. I’m initiating a small position to capitalize on the underlying trend, anticipating a breakout within the next quarter based on the established system parameters.",97.74,97.92,60.1,0.0842,1167263,0.9,10.1,15.0,2.67,-0.18,0,-0.2,-0.12,-0.08
Day-33,google/gemma-3-4b-it,INTJ,memory,flat,789,0.92,flat,100.51,100.78285871556017,10238.869276527024,2054.8054361244353,81.42536902201361,SELL,0.2,"The RSI is elevated, indicating potential overbought conditions. The P/E ratio is reasonable, but combined with the negative news sentiment and SMA trend divergence, suggests a short-term correction is likely. Selling a portion of the holding mitigates risk while maintaining exposure to the underlying trend.",97.66,98.0,70.2,0.2662,1317082,1.01,7.5,15.0,2.67,-0.35,0,-0.2,-0.14,-0.06
Day-34,google/gemma-3-4b-it,INTJ,memory,flat,789,0.92,flat,101.96,102.18791234483244,10356.936061608943,2054.8054361244353,81.42536902201361,HOLD,0.0,"The SMA trend is neutral, RSI is elevated but not overbought, and the P/E ratio is reasonable. The volume ratio is slightly above 1, indicating potential divergence, but the overall data doesn't present a compelling entry point. Maintaining the current position aligns with the long-term strategic assessment of the system.",97.69,98.11,68.3,0.5216,1381623,1.06,10.7,15.0,2.67,-0.43,0,0.11,-0.13,0.24
Day-35,google/gemma-3-4b-it,INTJ,memory,flat,789,0.92,flat,100.62,100.70103343235957,10247.826067119446,6970.617814721441,32.57014760880545,SELL,0.6,"The RSI is elevated, indicating potential overbought conditions. The P/E ratio is reasonable, but combined with the negative news sentiment and SMA convergence, suggests a near-term correction is probable. Selling a portion of holdings mitigates risk while preserving capital for future opportunities identified by the system.",97.68,98.18,70.9,0.609,1315374,1.0,9.2,15.0,2.67,-0.52,0,-0.3,-0.1,-0.2
Day-36,google/gemma-3-4b-it,INTJ,memory,flat,789,0.92,flat,102.43,101.98799197322084,10306.778034291383,8972.313946463406,13.02805904352218,SELL,0.6,"The RSI is excessively high, indicating overbought conditions and a potential correction. The low volume ratio suggests a lack of conviction behind the current price movement. My model predicts a decline based on the established trend and P/E ratio, necessitating a strategic exit to preserve capital.",97.86,98.3,79.2,0.8144,1123533,0.86,12.9,15.1,2.66,-0.45,0,0.27,-0.06,0.34
Day-37,google/gemma-3-4b-it,INTJ,memory,flat,789,0.92,flat,102.61,102.86087525720322,10309.123084919216,9774.399429536892,5.211223617408873,SELL,0.6,"The RSI is elevated, indicating potential overbought conditions. The low volume ratio suggests a lack of conviction behind the current price. My system predicts a decline based on the established trend and P/E ratio, necessitating a strategic exit to preserve capital and maintain portfolio stability.",98.2,98.42,76.6,0.9806,1039465,0.81,11.8,15.0,2.67,-0.22,0,0.17,0.01,0.16
Day-38,google/gemma-3-4b-it,INTJ,memory,flat,789,0.92,flat,107.01,107.2462495769708,10332.052468835815,10220.52186097603,1.0422447234817742,SELL,0.8,"The RSI is excessively high, indicating overbought conditions and a potential correction. The P/E ratio is reasonable, but combined with the high RSI and negative news sentiment, suggests a lack of sustainable momentum. Selling a portion of holdings mitigates risk and preserves capital for future opportunities identified by the system.",98.76,98.64,81.3,1.4505,1293720,1.0,8.3,15.0,2.67,0.11,0,-0.18,0.02,-0.19
Day-39,google/gemma-3-4b-it,INTJ,memory,flat,789,0.92,flat,106.55,105.92633374072469,10331.573036263015,10303.810242441268,0.26056118087044355,SELL,0.75,"The RSI is excessively high, indicating overbought conditions and a potential correction. The volume ratio is below 1, suggesting weak momentum supporting the current price. My model predicts a decline based on the established trend and P/E ratio, necessitating a strategic exit to preserve capital.",99.38,98.85,78.4,1.7661,1031478,0.81,12.0,15.1,2.65,0.54,0,0.46,0.09,0.37
Day-40,google/gemma-3-4b-it,INTJ,memory,flat,789,0.92,flat,108.04,107.92692077636703,10331.961272422512,10326.331066426263,0.052112236174088694,SELL,0.8,"The RSI is excessively high, indicating overbought conditions and a potential correction. The volume ratio suggests a short squeeze is unlikely, and the P/E ratio, combined with the SMA trend, points to a lack of sustained upward momentum. Selling a portion of holdings mitigates risk and preserves capital for future opportunities identified by the system.",99.95,99.08,78.1,2.1113,1470687,1.15,11.2,15.0,2.66,0.88,0,0.04,0.15,-0.12
Day-41,google/gemma-3-4b-it,INTJ,memory,flat,789,0.92,flat,104.28,104.32821194308109,10331.765330414497,8261.06485314101,19.857120035227144,BUY,0.2,"The SMA convergence suggests a stable trend, and the P/E ratio indicates undervaluation relative to historical norms. Given the low volume ratio and positive news sentiment, a small, strategic entry position aligns with the system’s long-term alpha generation strategy.",100.44,99.2,63.1,2.0581,1250921,0.98,8.5,15.0,2.67,1.24,0,0.27,0.15,0.12
Day-42,google/gemma-3-4b-it,INTJ,memory,flat,789,0.92,flat,105.61,105.67030006846554,10358.175300061348,8261.06485314101,19.857120035227144,HOLD,0.0,"The SMA crossover is insignificant, RSI is elevated but not overbought, and the P/E ratio suggests reasonable valuation. Volume ratio is slightly above 1, indicating potential divergence, but the overall data doesn't present a compelling entry point. Maintaining the current position aligns with the long-term strategic assessment of the system.",101.03,99.36,68.2,2.099,1361483,1.07,7.5,15.0,2.67,1.69,0,0.14,0.15,-0.01
Day-43,google/gemma-3-4b-it,INTJ,memory,flat,789,0.92,flat,102.39,102.08006834076538,10294.235373547917,6608.851882512808,35.993588153482854,BUY,0.2,"The SMA convergence and neutral RSI suggest a continuation of the established trend. The P/E ratio indicates undervaluation relative to historical averages, and the volume ratio suggests buying pressure. I’m initiating a small position to capitalize on the long-term trend, planning for a 6-month exit strategy based on anticipated price movement.",101.38,99.43,56.8,1.8504,1445038,1.13,7.5,15.0,2.66,1.96,0,-0.39,0.1,-0.49
Day-44,google/gemma-3-4b-it,INTJ,memory,flat,789,0.92,flat,102.93,103.57737185433867,10313.6719111508,4626.196317758966,55.255762104263404,BUY,0.3,"The SMA crossover and RSI suggest a potential upward trend, supported by a reasonable P/E ratio. The volume ratio indicates buying pressure, aligning with the established system’s predictive capabilities. I’m initiating a small position to capitalize on this confluence of data points, pre-planning an exit strategy based on a trailing stop loss.",101.7,99.51,60.2,1.6778,1442468,1.12,16.3,14.9,2.68,2.2,1,0.12,0.04,0.08
Day-45,google/gemma-3-4b-it,INTJ,memory,flat,789,0.92,flat,102.28,102.2513169054956,10277.755665783026,3238.3374224312765,68.82497304802258,BUY,0.3,"The SMA crossover suggests a bullish trend, supported by a reasonable P/E ratio and manageable volatility. The volume ratio indicates potential buying pressure, aligning with the long-term SMA trend. I’m initiating a small position to capitalize on this systemic shift, pre-planning an exit strategy based on a trailing stop loss.",101.96,99.57,57.4,1.4711,1120796,0.87,12.9,15.0,2.67,2.4,1,0.24,0.08,0.16
Day-46,google/gemma-3-4b-it,INTJ,memory,flat,789,0.92,flat,98.3,98.03667165017534,10003.832273051898,2266.8361957018938,78.70799671770095,BUY,0.3,"The SMA20 is below the SMA60, indicating a potential long-term downtrend. However, the RSI is neutral and the P/E ratio is attractive, suggesting undervaluation. I will initiate a small position to capitalize on the anticipated trend reversal, planning an exit strategy based on a predetermined price target.",101.93,99.54,48.4,0.9756,1141958,0.9,11.7,15.0,2.66,2.4,1,0.14,0.05,0.09
Day-47,google/gemma-3-4b-it,INTJ,memory,flat,789,0.92,flat,100.6,100.32482403665963,10184.860665502609,1586.7853369913255,85.46794561144418,BUY,0.3,"The SMA20 is above the SMA60, indicating an upward trend supported by a reasonable P/E ratio and low volatility. The volume ratio is slightly above 1, suggesting potential buying pressure. I’m initiating a small position to capitalize on the established trend, anticipating a further increase based on the system’s predictive model.",102.01,99.56,50.2,0.7593,1282100,1.01,12.2,15.0,2.66,2.46,1,-0.04,0.01,-0.05
Day-48,google/gemma-3-4b-it,INTJ,memory,flat,789,0.92,flat,100.35,100.20188294875369,10163.493679099747,1110.749735893928,90.21169848735248,BUY,0.3,"The SMA20 is above the SMA60, indicating an upward trend supported by a moderate RSI and a reasonable P/E ratio. The volume ratio of 0.85 suggests selling pressure is relatively low, aligning with the long-term trend. This presents an opportunity to establish a position with a defined exit strategy based on the model’s predictive capabilities.",102.12,99.58,46.9,0.5614,1064609,0.85,11.7,15.0,2.66,2.55,1,0.24,0.14,0.1
Day-49,google/gemma-3-4b-it,INTJ,memory,flat,789,0.92,flat,103.7,103.92996411841375,10465.70286903238,888.5997887151423,92.35393520074481,BUY,0.2,"The SMA crossover and P/E ratio suggest a potential long-term uptrend. The RSI is neutral, indicating room for further growth. I’m initiating a small position to capitalize on the established trend, prioritizing a pre-determined exit strategy based on technical indicators.",102.33,99.66,55.6,0.6668,1269099,1.01,13.6,15.0,2.67,2.68,1,-0.56,0.0,-0.56
Day-50,google/gemma-3-4b-it,INTJ,memory,flat,789,0.92,flat,107.42,107.11239378395277,10809.25950797915,710.8798309721138,94.00837532123475,BUY,0.2,"The SMA crossover suggests an upward trend, supported by a reasonable P/E ratio and consistent volume. The RSI indicates moderate momentum, aligning with the long-term SMA trend. I’m initiating a small position to capitalize on the established directional bias, pre-planning an exit strategy based on a trailing stop loss.",102.79,99.82,58.4,1.0391,1333869,1.05,15.5,15.0,2.66,2.97,1,0.71,0.1,0.61
Day-51,google/gemma-3-4b-it,INTJ,memory,flat,789,0.92,flat,108.24,107.85227442996029,10886.346375742563,568.703864777691,95.32190050780555,BUY,0.2,"The SMA20 is above the SMA60, indicating an upward trend supported by a reasonable P/E ratio and RSI. The volume ratio is slightly above 1, suggesting potential buying pressure. I will initiate a 20% position to capitalize on the established trend, prioritizing a pre-determined exit strategy based on the model’s projected volatility.",103.25,99.98,59.3,1.3844,1270436,1.01,13.9,15.1,2.66,3.27,1,0.04,0.08,-0.04
Day-52,google/gemma-3-4b-it,INTJ,memory,flat,789,0.92,flat,108.11,108.20337580622454,10873.954528676548,398.0927053443837,96.9000261153655,BUY,0.3,"The SMA crossover suggests an upward trend, supported by a reasonable P/E ratio and manageable volatility. The volume ratio indicates potential buying pressure, aligning with the long-term strategic outlook. I’m initiating a small position to capitalize on this established momentum.",103.7,100.16,52.1,1.6283,1427457,1.12,11.2,15.0,2.67,3.53,1,0.41,0.17,0.24
Day-53,google/gemma-3-4b-it,INTJ,memory,flat,789,0.92,flat,111.77,111.50987728240523,11228.608624258786,318.47416427550695,97.61236879290757,BUY,0.2,"The SMA crossover suggests a bullish trend, supported by a reasonable P/E ratio and manageable volatility. The volume ratio indicates potential buying pressure, aligning with the overall strategic outlook of the system. I’m initiating a small position to capitalize on this established trend.",104.26,100.47,58.9,2.093,1104802,0.88,16.5,15.0,2.66,3.77,1,-0.34,0.05,-0.39
Day-54,google/gemma-3-4b-it,INTJ,memory,flat,789,0.92,flat,113.43,113.01451600686391,11390.645156455013,254.77933142040555,98.17390306827653,BUY,0.2,"The SMA crossover suggests an upward trend, supported by a reasonable P/E ratio and low volume ratio. RSI indicates moderate overbought conditions, suggesting a potential pullback for entry. I will initiate a 20% position to capitalize on the established trend, planning for a 3-month exit strategy based on a predetermined profit target.",104.83,100.78,59.2,2.5659,1224974,0.98,19.7,15.1,2.66,4.02,1,-0.55,0.05,-0.6
Day-55,google/gemma-3-4b-it,INTJ,memory,flat,789,0.92,flat,110.24,110.72964762982271,11077.470405667209,203.82346513632444,98.63612972179686,BUY,0.2,"The SMA crossover suggests an upward trend, supported by a reasonable P/E ratio and manageable volatility. The volume ratio indicates buying pressure, and the negative news sentiment provides a slight undervaluation opportunity. I will initiate a small position to capitalize on this systemic alignment.",105.31,100.99,60.4,2.6527,1151751,0.93,15.5,14.9,2.68,4.29,1,-0.2,-0.13,-0.07
Day-56,google/gemma-3-4b-it,INTJ,memory,flat,789,0.92,flat,111.35,111.22441203879119,11186.956509658405,163.05877210905956,99.00222485450692,BUY,0.2,"The SMA crossover suggests an upward trend, supported by a reasonable P/E ratio and manageable volatility. The volume ratio indicates potential buying pressure, aligning with the long-term strategic outlook. I’m initiating a small position to capitalize on this established momentum.",105.76,101.21,60.0,2.7785,1039734,0.84,14.0,15.0,2.66,4.49,1,0.26,-0.08,0.35
Day-57,google/gemma-3-4b-it,INTJ,memory,flat,789,0.92,flat,113.62,113.15473069726076,11411.691560078136,6912.238444890506,39.60088994180277,SELL,0.6,"The RSI is elevated, indicating overbought conditions. The volume ratio is below 1, suggesting a potential weakening trend. My model predicts a decline towards the SMA60, necessitating a strategic reduction of holdings to preserve capital and capitalize on the anticipated correction.",106.31,101.52,70.3,3.0271,1101479,0.89,13.2,15.1,2.66,4.72,1,-0.1,-0.18,0.09
Day-58,google/gemma-3-4b-it,INTJ,memory,flat,789,0.92,flat,112.72,113.03179213920087,11376.050759130514,9590.52583343451,15.84035597672111,SELL,0.6,"The RSI is elevated, indicating potential overbought conditions. The SMA crossover suggests a weakening trend, and the volume ratio indicates selling pressure. Selling a portion of the holdings to reduce exposure to this unsustainable position aligns with the mandate of prioritizing alpha and minimizing risk.",106.6,101.81,67.5,3.1148,1151607,0.93,14.6,15.0,2.67,4.7,1,-0.33,-0.18,-0.15
Day-59,google/gemma-3-4b-it,INTJ,memory,flat,789,0.92,flat,111.26,112.40590441242671,11352.923839404502,6713.368083404157,41.70012363832774,BUY,0.3,"The SMA crossover indicates an upward trend, supported by a reasonable P/E ratio and manageable volatility. The volume ratio suggests buying pressure, and the RSI suggests room for further growth. This aligns with a long-term strategic investment based on established technical indicators.",106.83,102.11,65.6,3.0317,1173300,0.95,13.8,14.8,2.69,4.63,1,-0.11,-0.09,-0.02
Day-60,google/gemma-3-4b-it,INTJ,memory,flat,789,0.92,flat,115.25,114.76447669126748,11519.307332721428,10317.82252039211,10.425030909581935,SELL,0.75,"The RSI is excessively high, indicating overbought conditions and a potential correction. The SMA20 is below the SMA60, signaling a weakening trend. Selling a portion of holdings mitigates risk and preserves capital while awaiting a more favorable market alignment with the established system.",107.19,102.52,79.4,3.2506,1285645,1.04,13.3,15.1,2.66,4.56,1,-0.16,-0.09,-0.07
Day-61,google/gemma-3-4b-it,INTJ,memory,flat,789,0.92,flat,114.92,114.92657404453614,11515.867072521265,11036.649251669603,4.170012363832774,SELL,0.6,"The RSI is excessively high, indicating overbought conditions and a potential correction. The volume ratio suggests a potential short squeeze, creating an asymmetric risk profile. Selling a portion of the holding mitigates this risk while maintaining a disciplined approach to the system’s projected trajectory.",107.73,102.86,76.7,3.359,1471168,1.18,9.4,15.0,2.67,4.73,1,-0.05,-0.15,0.1
Day-62,google/gemma-3-4b-it,INTJ,memory,flat,789,0.92,flat,115.12,114.87005798688921,11516.701074994033,11420.690710329147,0.8340024727665547,SELL,0.8,"The RSI is excessively high, indicating overbought conditions and a high probability of a correction. The SMA20 is below the SMA60, confirming a downtrend, and the volume ratio suggests selling pressure. Selling a portion of holdings mitigates risk based on the established systemic analysis.",108.2,103.17,77.5,3.421,1159668,0.94,13.9,15.0,2.66,4.88,1,-0.04,-0.14,0.1
Day-63,google/gemma-3-4b-it,INTJ,memory,flat,789,0.92,flat,111.6,111.85294487225623,11513.765386289895,11490.496717299708,0.20850061819163868,SELL,0.75,"The SMA crossover indicates a weakening trend, while the RSI suggests overbought conditions. The volume ratio is slightly elevated, hinting at potential exhaustion. Selling a portion of holdings allows for capital preservation and realignment with the long-term strategic model.",108.66,103.36,64.6,3.1501,1372388,1.12,12.6,15.0,2.67,5.13,1,-0.3,-0.13,-0.16
Day-64,google/gemma-3-4b-it,INTJ,memory,flat,789,0.92,flat,111.77,111.96172071210928,11513.800831394987,9192.397373839765,20.769468171738584,BUY,0.2,"The SMA20 is above the SMA60, indicating an upward trend supported by a reasonable P/E ratio and low volume volatility. Given the long-term trend and my system’s predictive capabilities, a small position is warranted to capitalize on the established momentum. I’ve already calculated the optimal exit strategy based on projected volatility.",109.1,103.57,59.3,2.9158,1182690,0.97,18.6,15.0,2.67,5.34,1,0.5,-0.01,0.51
Day-65,google/gemma-3-4b-it,INTJ,memory,flat,789,0.92,flat,113.23,113.07126762698219,11544.124254925726,7353.917899071812,37.006149923641374,BUY,0.2,"The SMA crossover suggests an upward trend, supported by a reasonable P/E ratio and manageable volatility. The volume ratio indicates buying pressure, aligning with the long-term trend. I’m initiating a small position to capitalize on this systemic alignment, planning for a strategic exit based on pre-defined volatility thresholds.",109.65,103.81,60.4,2.8154,1127601,0.93,15.5,15.0,2.66,5.62,1,0.02,0.03,-0.0
Day-66,google/gemma-3-4b-it,INTJ,memory,flat,789,0.92,flat,114.82,114.91008511938901,11602.964033304313,5147.742529350268,56.2203579860133,BUY,0.3,"The SMA crossover suggests an upward trend, supported by a reasonable P/E ratio and manageable volatility. The volume ratio indicates potential buying pressure, aligning with the long-term strategic outlook. I’m initiating a small position to capitalize on this established momentum, anticipating a sustained increase.",110.48,104.13,63.1,2.8309,1473285,1.19,14.1,15.0,2.67,6.09,1,-0.12,0.01,-0.13
Day-67,google/gemma-3-4b-it,INTJ,memory,flat,789,0.92,flat,113.88,113.69111210856133,11550.116896797463,3603.419770545188,69.7813235533217,BUY,0.3,"The SMA crossover and P/E ratio suggest a sustained upward trend. The RSI indicates moderate buying pressure, and the volume ratio confirms the trend. I’m initiating a position to capitalize on the projected long-term growth, factoring in a pre-determined exit strategy based on a trailing stop loss.",111.14,104.5,54.6,2.7364,1302137,1.05,13.2,15.0,2.66,6.36,1,0.62,0.15,0.48
Day-68,google/gemma-3-4b-it,INTJ,memory,flat,789,0.92,flat,113.73,113.28864814124364,11539.649698264464,2522.3938393816316,79.28651946612884,BUY,0.3,"The SMA crossover suggests an upward trend, supported by a reasonable P/E ratio and manageable volatility. The volume ratio indicates potential buying pressure, aligning with the long-term strategic outlook. I’m initiating a small position to capitalize on the established momentum.",111.81,104.85,50.7,2.6186,1100824,0.89,14.7,15.1,2.66,6.63,1,-0.01,0.2,-0.21
Day-69,google/gemma-3-4b-it,INTJ,memory,flat,789,0.92,flat,112.05,111.2731492604608,11406.448345561366,1765.6756875671422,86.03991662645448,BUY,0.3,"The SMA crossover and P/E ratio suggest a potential upward trend. The volume ratio indicates selling pressure, creating an entry opportunity. I’m initiating a 30% position size based on the projected long-term trend and a calculated risk-reward ratio within my system.",112.23,105.21,54.6,2.3627,1001896,0.82,12.9,15.1,2.65,6.67,1,-0.21,0.06,-0.27
Day-70,google/gemma-3-4b-it,INTJ,memory,flat,789,0.92,flat,106.84,107.53017624920678,10958.18037993754,1235.9729812969995,90.9978229000425,BUY,0.3,"The SMA crossover suggests an upward trend, supported by a reasonable P/E ratio and low RSI. The volume ratio indicates selling pressure is subdued, aligning with the long-term trend. I’m initiating a position to capitalize on the anticipated continuation of this momentum, planning an exit strategy based on a pre-determined resistance level.",112.2,105.42,40.6,1.7197,1079648,0.89,17.5,14.9,2.68,6.43,1,-0.56,-0.06,-0.5
Day-71,google/gemma-3-4b-it,INTJ,memory,flat,789,0.92,flat,109.83,110.05934322067196,11230.263870408666,865.1810869078997,94.37387583994142,BUY,0.3,"The SMA crossover suggests an upward trend, supported by a reasonable P/E ratio and manageable volatility. The volume ratio indicates potential buying pressure, aligning with the long-term strategic outlook. I’m initiating a small position to capitalize on this established momentum.",112.28,105.72,42.3,1.4349,1435781,1.18,12.5,15.0,2.67,6.2,1,-0.23,-0.08,-0.15
Day-72,google/gemma-3-4b-it,INTJ,memory,flat,789,0.92,flat,110.09,110.289778748349,11254.80107812705,692.1448695263198,95.94564636752412,BUY,0.2,"The SMA crossover suggests an upward trend, supported by a reasonable P/E ratio and manageable volatility. The volume ratio indicates selling pressure is subdued, aligning with the model’s projected growth. I’m initiating a small position to capitalize on the established momentum and pre-position for a calculated exit strategy.",112.38,106.05,44.5,1.2164,1092696,0.91,16.5,15.0,2.67,5.96,1,-0.06,-0.21,0.15
Day-73,google/gemma-3-4b-it,INTJ,memory,flat,789,0.92,flat,111.22,110.50831206693756,11363.219658522352,553.7158956210558,97.19028738447489,BUY,0.2,"The SMA20 is above the SMA60, indicating an upward trend supported by a reasonable RSI and P/E ratio. The volume ratio is near 1, suggesting healthy participation. This aligns with my long-term strategic thesis, and I will initiate a purchase to capitalize on the established momentum.",112.35,106.37,49.9,1.1216,1188957,0.99,12.3,15.1,2.65,5.63,1,0.38,-0.14,0.51
Day-74,google/gemma-3-4b-it,INTJ,memory,flat,789,0.92,flat,110.74,110.94808033297565,11316.568320577804,442.9727164968446,98.19031609247752,BUY,0.2,"The SMA20 is above the SMA60, indicating an upward trend supported by a relatively low RSI and a reasonable P/E ratio. The volume ratio suggests buying pressure is present, aligning with the overall trend. I will initiate a position to capitalize on this established momentum, pre-planning an exit strategy based on a trailing stop loss.",112.21,106.65,38.8,0.9957,1168547,0.97,11.0,15.0,2.67,5.22,1,0.37,-0.02,0.39
Day-75,google/gemma-3-4b-it,INTJ,memory,flat,789,0.92,flat,112.49,112.4837987594258,11488.40137373964,310.0809015477912,99.37168168007689,BUY,0.3,"The SMA crossover suggests an upward trend, supported by a reasonable P/E ratio and low RSI. The volume ratio indicates potential buying pressure. I’m initiating a small position to capitalize on the established trend, prioritizing a pre-determined exit strategy based on the model’s projected volatility.",112.33,106.96,44.3,1.0252,1394352,1.15,8.3,15.0,2.67,5.02,1,0.1,0.11,-0.01
Day-76,google/gemma-3-4b-it,INTJ,memory,flat,789,0.92,flat,106.13,106.14907255775199,10856.397478254352,248.06472123823295,99.95602333945273,BUY,0.2,"The SMA crossover indicates an upward trend, RSI suggests undervaluation, and the P/E ratio is attractive. Given the long-term focus and the model’s consistent performance, this presents a logical entry point for a strategic accumulation.",112.06,107.1,33.8,0.5293,1434786,1.16,9.8,15.0,2.67,4.63,1,-0.56,0.05,-0.61
Day-77,google/gemma-3-4b-it,INTJ,memory,flat,789,0.92,flat,107.62,107.58780660154856,11005.331953030136,198.45177699058635,100.41702449395603,BUY,0.2,"The SMA crossover suggests an upward trend, supported by a reasonable P/E ratio and low volatility. The volume ratio indicates potential buying pressure, aligning with the long-term SMA trend. I’m initiating a small position to capitalize on this established pattern, planning for a strategic exit based on pre-defined trailing stop loss parameters.",111.76,107.27,42.3,0.2542,1086212,0.88,7.5,15.0,2.67,4.19,1,-0.21,0.02,-0.23
Day-78,google/gemma-3-4b-it,INTJ,memory,flat,789,0.92,flat,104.93,105.33295934783511,10735.210157141395,158.76142159246908,100.79528004907009,BUY,0.2,"The SMA crossover suggests an upward trend, supported by a low RSI indicating undervaluation. The P/E ratio is attractive, and the volume ratio confirms market interest. I’m initiating a small position to capitalize on the established momentum, planning for a 3-month exit strategy based on a predetermined profit target.",111.38,107.41,37.9,-0.1792,1196078,0.97,7.5,14.9,2.68,3.69,1,0.37,0.01,0.35
Day-79,google/gemma-3-4b-it,INTJ,memory,flat,789,0.92,flat,107.0,106.53738170921574,10943.856386842968,111.13299511472835,101.24040553017046,BUY,0.3,"The SMA crossover suggests an upward trend, supported by a reasonable P/E ratio and low RSI. The volume ratio indicates potential buying pressure. I’m initiating a small position to capitalize on the established momentum, prioritizing a pre-determined exit strategy based on the model’s predicted volatility.",111.16,107.56,39.2,-0.3512,1340654,1.08,9.4,15.1,2.66,3.35,1,0.12,-0.04,0.16
Day-80,google/gemma-3-4b-it,INTJ,memory,flat,789,0.92,flat,106.04,106.3391041370689,10846.665597534005,88.90639609178268,101.45001133008508,BUY,0.2,"The SMA crossover suggests an upward trend, RSI indicates undervaluation, and the P/E ratio is attractive. The volume ratio suggests potential buying pressure, aligning with the long-term trend. I will initiate a small position to capitalize on this systemic opportunity.",110.7,107.72,34.4,-0.5584,1496118,1.19,13.5,15.0,2.67,2.77,1,-0.54,-0.17,-0.37
Day-81,google/gemma-3-4b-it,INTJ,memory,flat,789,0.92,flat,106.57,106.73619720885297,10900.43410353895,71.12511687342615,101.61686203120506,BUY,0.2,"The SMA crossover indicates an upward trend, supported by a low RSI and reasonable P/E ratio. The volume ratio suggests buying pressure is present, aligning with the long-term trend. I’m initiating a small position to capitalize on this systemic strength, pre-planning an exit strategy based on a trailing stop loss.",110.28,107.87,36.8,-0.6728,1214131,0.98,14.3,15.0,2.67,2.24,1,0.1,-0.03,0.13
Day-82,google/gemma-3-4b-it,INTJ,memory,flat,789,0.92,flat,105.86,106.78396045514505,10828.286131496794,56.90009349874092,101.75123784241501,BUY,0.2,"The SMA20/60 trend is positive, RSI indicates undervaluation, and the P/E ratio is attractive. Volume is slightly elevated, suggesting potential buying interest. This aligns with the long-term strategic thesis – acquire position, plan exit strategy based on pre-defined metrics.",109.82,108.0,36.1,-0.8112,1280683,1.03,13.9,14.9,2.69,1.69,0,-0.08,-0.01,-0.07
Day-83,google/gemma-3-4b-it,INTJ,memory,flat,789,0.92,flat,109.9,110.20817116882804,11239.36113238015,45.52007479899274,101.85478669318614,BUY,0.2,"The SMA convergence and RSI indicate a stable, long-term trend. The P/E ratio suggests undervaluation relative to its historical average, and the volume ratio supports sustained buying interest. This presents an opportunity to establish a position aligned with the system’s long-term projections.",109.74,108.19,46.5,-0.5877,1025793,0.83,15.5,15.0,2.67,1.43,0,0.28,-0.02,0.31
Day-84,google/gemma-3-4b-it,INTJ,memory,flat,789,0.92,flat,107.77,107.16986005995868,11022.410436723663,36.41605983919419,101.93926303131177,BUY,0.2,"The SMA convergence suggests a continuation of the established trend. The P/E ratio indicates undervaluation, and the RSI suggests room for further upward movement. I’m initiating a small position to capitalize on this systemic alignment, planning an exit based on a pre-determined Fibonacci retracement level.",109.54,108.31,51.7,-0.5759,1328574,1.07,13.0,15.1,2.65,1.14,0,-0.02,-0.05,0.03
Day-85,google/gemma-3-4b-it,INTJ,memory,flat,789,0.92,flat,108.52,109.47860007423738,11098.864883997147,29.132847871355352,102.00637703765013,BUY,0.2,"The SMA convergence suggests a potential trend continuation. The P/E ratio indicates undervaluation relative to historical averages, and the RSI suggests room for further upward movement. I’m initiating a small position to capitalize on this systemic alignment, planning an exit based on a pre-defined volatility target.",109.3,108.46,47.4,-0.5008,1208197,0.97,11.4,14.9,2.69,0.77,0,0.03,0.07,-0.03
Day-86,google/gemma-3-4b-it,INTJ,memory,flat,789,0.92,flat,106.84,107.00648122234291,10927.494170573897,23.306278297084283,102.06091250727079,BUY,0.2,"The SMA convergence suggests a period of consolidation. The RSI indicates value, and the P/E ratio is reasonable. Implementing a small position aligns with a long-term strategy, prioritizing a systematic approach to capital deployment based on the model’s projections.",108.9,108.55,43.9,-0.5699,1488839,1.2,10.4,15.0,2.67,0.32,0,0.06,0.06,0.0
Day-87,google/gemma-3-4b-it,INTJ,memory,flat,789,0.92,flat,109.64,109.5655275388922,11213.264725594252,18.645022637667427,102.10342669606517,BUY,0.2,"The SMA convergence and neutral RSI suggest a period of consolidation. The P/E ratio indicates undervaluation relative to historical norms, and the volume ratio suggests a potential shift. I will initiate a small position to capitalize on the underlying trend, planning for a 3-month exit strategy based on projected volatility.",108.69,108.69,47.2,-0.3943,1004538,0.82,9.1,15.0,2.66,-0.0,0,-0.03,0.07,-0.09
Day-88,google/gemma-3-4b-it,INTJ,memory,flat,789,0.92,flat,108.85,108.51334932887036,11132.603018504362,14.916018110133942,102.13768489108156,BUY,0.2,"The SMA convergence and neutral RSI suggest a period of consolidation. The P/E ratio indicates undervaluation relative to historical norms, and the volume ratio supports a potential upward shift. I’m initiating a small position to capitalize on the underlying systemic trend, planning for a 3-month exit strategy based on projected resistance levels.",108.45,108.73,46.7,-0.315,1151707,0.94,10.3,15.0,2.66,-0.26,0,0.09,0.03,0.06
Day-89,google/gemma-3-4b-it,INTJ,memory,flat,789,0.92,flat,109.61,108.93522479798304,11210.227659021584,11.932814488107153,102.1649014189716,BUY,0.2,"The SMA convergence and low RSI indicate a potential long-term trend continuation. The P/E ratio suggests undervaluation, and the volume ratio supports sustained interest. I’m initiating a small position to capitalize on this systemic alignment, prioritizing a pre-determined exit strategy based on technical indicators.",108.32,108.79,44.8,-0.1886,1200482,0.97,12.9,15.1,2.65,-0.43,0,-0.25,-0.02,-0.23
Day-90,google/gemma-3-4b-it,INTJ,memory,flat,789,0.92,flat,106.46,106.47218228525207,10888.408219551822,11.932814488107153,102.1649014189716,HOLD,0.0,"The SMA crossover is insignificant, RSI is neutral, and the P/E ratio suggests reasonable valuation. The volume ratio indicates selling pressure, but the overall trend remains flat. Maintaining the current position aligns with a long-term strategic outlook based on the system’s established parameters.",108.31,108.76,50.7,-0.3386,1120447,0.9,11.0,15.0,2.67,-0.42,0,0.48,0.07,0.41
Day-91,google/gemma-3-4b-it,INTJ,memory,flat,789,0.92,flat,104.74,104.28562754498454,10712.684589111192,11.932814488107153,102.1649014189716,HOLD,0.0,"The SMA crossover is neutral, RSI indicates value, and the P/E ratio is reasonable. The volume ratio suggests potential divergence, but the overall trend remains stable. Maintaining the current position aligns with a long-term, system-driven approach, awaiting further data points to confirm a shift in the underlying market structure.",108.05,108.77,44.2,-0.5899,1412768,1.14,12.9,15.1,2.66,-0.66,0,0.55,0.17,0.38
Day-92,google/gemma-3-4b-it,INTJ,memory,flat,789,0.92,flat,105.33,105.14284111935295,10772.961880948385,11.932814488107153,102.1649014189716,HOLD,0.0,"The SMA trend is neutral, RSI is balanced, and the P/E ratio suggests reasonable valuation. The volume ratio is slightly elevated, indicating potential interest, but doesn’t override the overall systemic stability. Maintaining the current position aligns with the long-term strategic assessment of the model.",107.81,108.76,50.9,-0.7332,1303581,1.04,11.5,15.0,2.66,-0.87,0,-0.07,0.16,-0.23
Day-93,google/gemma-3-4b-it,INTJ,memory,flat,789,0.92,flat,108.6,108.38851643383096,11107.041108588423,9.546251590485722,102.18687713626093,BUY,0.2,"The SMA convergence suggests a continuation of the established trend. The P/E ratio indicates undervaluation relative to historical averages, and the volume ratio suggests buying pressure. Implementing a position size of 20% allows for a controlled entry while aligning with the long-term strategic outlook.",107.68,108.89,53.3,-0.5763,1050659,0.84,9.6,15.0,2.66,-1.11,0,0.17,0.18,-0.01
Day-94,google/gemma-3-4b-it,INTJ,memory,flat,789,0.92,flat,109.24,109.78638949360115,11172.440709955628,8.59162643143715,102.1956159238758,BUY,0.1,"The SMA convergence suggests a period of consolidation. The P/E ratio is attractive, and the RSI indicates neutral momentum. I’m initiating a small position to capitalize on the underlying trend, anticipating a breakout within the next quarter based on the established system parameters.",107.61,109.01,56.8,-0.3956,1116813,0.9,8.8,14.9,2.68,-1.29,0,0.2,0.27,-0.07
Day-95,google/gemma-3-4b-it,INTJ,memory,flat,789,0.92,flat,109.06,109.59290232203067,11154.045499089332,6.87330114514972,102.21137170313756,BUY,0.2,"The SMA convergence suggests a potential shift to a slightly bullish trend. The P/E ratio is attractive, and the RSI indicates moderate buying pressure. I’m initiating a small position to capitalize on this systemic alignment, prioritizing a pre-determined exit strategy based on the model’s projected volatility.",107.44,109.15,55.4,-0.2633,1438980,1.16,12.3,14.9,2.68,-1.57,0,-0.22,0.12,-0.34
Day-96,google/gemma-3-4b-it,INTJ,memory,flat,789,0.92,flat,108.52,108.84549803454324,11098.851358369637,5.4986409161197765,102.2240390476734,BUY,0.2,"The SMA convergence suggests a period of consolidation. The P/E ratio is reasonable, and the RSI indicates neutral momentum. Implementing a small position allows for confirmation of the underlying trend and a pre-planned exit strategy based on the model’s projections.",107.56,109.35,55.8,-0.2,1390082,1.12,9.1,15.0,2.67,-1.64,0,0.08,0.03,0.05
Day-97,google/gemma-3-4b-it,INTJ,memory,flat,789,0.92,flat,108.94,109.2632673031789,11141.785454769659,4.3989127328958215,102.2341338538348,BUY,0.2,"The SMA convergence suggests a period of consolidation. The P/E ratio is reasonable, and RSI indicates neutral momentum. I’m initiating a small position to capitalize on the potential for a sustained upward trend, anticipating a breakout based on my long-term model projections.",107.62,109.52,47.5,-0.115,1469518,1.16,12.1,15.0,2.67,-1.73,0,0.23,0.09,0.14
Day-98,google/gemma-3-4b-it,INTJ,memory,flat,789,0.92,flat,108.52,108.61018971644502,11098.847118551048,4.3989127328958215,102.2341338538348,HOLD,0.0,"The SMA convergence suggests a period of consolidation. The RSI is neutral, and the P/E ratio indicates reasonable valuation. My system flags no immediate deviation from the established trend, prioritizing long-term strategic positioning and awaiting further data points before initiating any action.",107.8,109.68,52.1,-0.0806,1068100,0.85,8.9,15.0,2.67,-1.72,0,-0.03,0.05,-0.08
Day-99,google/gemma-3-4b-it,INTJ,memory,flat,789,0.92,flat,109.58,109.55151226841124,11207.215300436112,3.5191301863166573,102.24216253193828,BUY,0.2,"The SMA convergence suggests a potential shift to a longer-term trend. The RSI is moderately high, indicating potential for further upside, and the P/E ratio is attractive. I’m initiating a small position to capitalize on this systemic alignment, planning for a 3-month exit strategy based on anticipated volatility.",107.93,109.8,52.9,0.0317,1179306,0.95,15.6,15.0,2.67,-1.7,0,0.4,0.09,0.31
Day-100,google/gemma-3-4b-it,INTJ,memory,flat,789,0.92,flat,110.27,110.4821085083386,11277.762392583149,3.5191301863166573,102.24216253193828,HOLD,0.0,"The SMA crossover is insignificant, RSI is neutral, and the P/E ratio suggests reasonable valuation. Volume ratio is slightly elevated, indicating potential accumulation, but lacks a compelling narrative. My system flags no immediate actionable deviation from the established trend; maintaining the current position aligns with long-term strategic objectives.",108.14,109.86,60.1,0.175,1277342,1.03,18.2,15.0,2.67,-1.56,0,-0.04,0.13,-0.16
Day-101,google/gemma-3-4b-it,INTJ,memory,flat,789,0.92,flat,105.31,106.53757848067589,10770.641266424736,2.815304149053326,102.24884590519117,BUY,0.2,"The SMA crossover suggests a potential upward trend, and the RSI indicates undervalued conditions. The P/E ratio is low, and the volume ratio suggests buying pressure. I’m initiating a small position to capitalize on this systemic alignment with my model’s projections.",108.08,109.8,38.7,-0.111,1481775,1.19,16.6,14.8,2.7,-1.57,0,0.28,0.17,0.11
Day-102,google/gemma-3-4b-it,INTJ,memory,flat,789,0.92,flat,106.13,106.23725063930141,10854.485320066993,2.533773734147993,102.25149859919763,BUY,0.1,"The SMA crossover suggests a potential upward trend, and the P/E ratio indicates undervaluation. Given the RSI of 42.9, there's room for further appreciation, aligning with a long-term strategic investment based on the model’s predictive capabilities.",108.09,109.76,42.9,-0.2677,1471112,1.17,13.2,15.0,2.67,-1.52,0,0.53,0.23,0.3
Day-103,google/gemma-3-4b-it,INTJ,memory,flat,789,0.92,flat,106.0,107.41687327131156,10841.192625249096,2.2803963607331936,102.25388895177701,BUY,0.1,"The SMA crossover suggests a potential upward trend, and the P/E ratio indicates undervaluation. Given the RSI of 40.3 and the overall market stability, a small, strategic entry at $106.00 aligns with the long-term objective of maximizing alpha through a systematic approach.",107.9,109.64,40.3,-0.3984,1304506,1.02,15.3,14.8,2.7,-1.59,0,-0.52,0.13,-0.65
Day-104,google/gemma-3-4b-it,INTJ,memory,flat,789,0.92,flat,109.51,109.13372627873778,11200.103775469835,2.0523567246598744,102.25597131536092,BUY,0.1,"The SMA convergence and RSI indicate a sustained upward trend. The P/E ratio is reasonable, and the volume ratio suggests buying pressure. I’m initiating a small position to capitalize on the established momentum, anticipating a further increase based on the system’s predictive model.",107.98,109.56,58.0,-0.2161,1312438,1.03,12.1,15.1,2.66,-1.44,0,0.16,0.08,0.08
Day-105,google/gemma-3-4b-it,INTJ,memory,flat,789,0.92,flat,112.92,113.33225699224563,11548.796637655218,2311.4012129107714,81.80477705228874,SELL,0.2,"The SMA crossover is neutral, RSI is elevated, and the P/E ratio suggests overvaluation. The volume ratio indicates potential selling pressure, suggesting a short-term correction is likely. Selling a portion of the holding mitigates risk while maintaining a disciplined approach to the system’s projected trajectory.",108.2,109.62,69.8,0.2015,1463780,1.14,11.2,14.9,2.68,-1.29,0,0.01,0.09,-0.08
Day-106,google/gemma-3-4b-it,INTJ,memory,flat,789,0.92,flat,113.5,113.76208972464794,11596.243408345543,8810.79074971511,24.54143311568663,SELL,0.7,"The SMA crossover is neutral, RSI is elevated, and the P/E ratio suggests overvaluation. The volume ratio is slightly above 1, indicating potential selling pressure. My system flags this as a period of consolidation with a high probability of downward movement, necessitating a strategic exit to preserve capital.",108.54,109.66,69.8,0.5723,1359687,1.06,15.6,15.0,2.67,-1.03,0,-0.11,0.02,-0.13
Day-107,google/gemma-3-4b-it,INTJ,memory,flat,789,0.92,flat,117.19,116.82145390949708,11686.801296542426,10536.3970778115,9.816573246274652,SELL,0.6,"The RSI is elevated, indicating potential overbought conditions. The volume ratio is below 1, suggesting weak buying pressure. My system flags this as a consolidation phase, and a strategic exit to preserve capital is warranted based on projected long-term trends.",108.91,109.73,70.4,1.1512,1084504,0.85,16.3,15.0,2.66,-0.75,0,-0.3,-0.15,-0.15
Day-108,google/gemma-3-4b-it,INTJ,memory,flat,789,0.92,flat,114.61,115.901664101708,11661.474537567037,10536.3970778115,9.816573246274652,HOLD,0.0,"The SMA crossover is insignificant, RSI is acceptable, and the P/E ratio suggests reasonable valuation. The volume ratio indicates selling pressure, but the overall trend remains neutral. Maintaining the current position aligns with a long-term strategic outlook, awaiting further data points to confirm a shift.",109.2,109.77,61.7,1.3858,1164595,0.91,21.6,14.8,2.7,-0.52,0,-0.31,-0.11,-0.2
Day-109,google/gemma-3-4b-it,INTJ,memory,flat,789,0.92,flat,116.7,116.40599878111067,11681.991175651752,10536.3970778115,9.816573246274652,HOLD,0.0,"The SMA convergence and RSI at 65 indicate a period of consolidation. The P/E ratio is reasonable, and volume is slightly elevated, suggesting potential for a breakout, but the overall data doesn't present a compelling entry point. Maintaining the current position aligns with the long-term strategic assessment of the system.",109.56,109.88,65.3,1.7199,1390415,1.08,15.2,15.0,2.66,-0.29,0,-0.04,-0.15,0.11
Day-110,google/gemma-3-4b-it,INTJ,memory,flat,789,0.92,flat,113.3,113.83301847650714,11648.61482661442,8429.1176622492,28.415685475421164,BUY,0.2,"The SMA convergence suggests a continuation of the established trend. The P/E ratio indicates undervaluation, and the RSI suggests room for further upward movement. I’m initiating a small position to capitalize on this systemic alignment, planning for a 3-month exit strategy based on a pre-defined profit target.",109.9,109.84,58.6,1.691,1297929,1.0,13.6,14.9,2.68,0.05,0,-0.09,-0.17,0.08
Day-111,google/gemma-3-4b-it,INTJ,memory,flat,789,0.92,flat,112.23,112.67772190717318,11618.21004315572,5900.38236357444,50.9474087105166,BUY,0.3,"The SMA convergence suggests a continuation of the established trend. The P/E ratio indicates undervaluation, and the RSI suggests room for further growth. I’m initiating a position to capitalize on the long-term trend, planning an exit strategy based on a predetermined Fibonacci retracement level.",110.27,109.79,55.8,1.5637,1227102,0.95,15.9,14.9,2.68,0.44,0,0.08,-0.13,0.22
Day-112,google/gemma-3-4b-it,INTJ,memory,flat,789,0.92,flat,109.78,108.68712540151564,11493.388891814953,4130.267654502108,67.07160901177669,BUY,0.3,"The SMA convergence and RSI indicate a potential bullish continuation. The P/E ratio suggests undervaluation relative to its historical average, and the volume ratio supports the trend. I’m initiating a small position to capitalize on this systemic alignment, pre-planning an exit strategy based on a trailing stop loss.",110.5,109.68,52.1,1.2512,1270989,0.98,14.6,15.2,2.64,0.74,0,-0.05,-0.08,0.03
Day-113,google/gemma-3-4b-it,INTJ,memory,flat,789,0.92,flat,110.23,109.16844636740785,11523.571115870252,2891.1873581514756,78.31247172021025,BUY,0.3,"The SMA convergence suggests a sustained trend. The P/E ratio is reasonable, and RSI indicates neutral momentum, presenting an entry point. I’ll initiate a 30% position size to capture the anticipated upward movement, prioritizing long-term alpha generation.",110.58,109.65,51.1,1.028,1280301,0.98,11.2,15.1,2.64,0.84,0,-0.09,-0.04,-0.05
Day-114,google/gemma-3-4b-it,INTJ,memory,flat,789,0.92,flat,108.29,108.31302456031786,11371.644920733044,2023.831150706033,86.32204053954207,BUY,0.3,"The SMA crossover suggests a potential upward trend, and the P/E ratio indicates undervaluation. Given the low news sentiment and my system’s projected long-term growth, a modest position is warranted to capitalize on this systemic shift.",110.53,109.58,46.8,0.6865,1164479,0.89,9.8,15.0,2.67,0.86,0,0.0,-0.03,0.03
Day-115,google/gemma-3-4b-it,INTJ,memory,flat,789,0.92,flat,110.59,110.62758307831626,11570.18561397399,1619.0649205648265,89.9821023004717,BUY,0.2,"The SMA convergence suggests a continuation of the established trend. The P/E ratio indicates undervaluation, and the volume ratio suggests buying pressure. Implementing a 20% position size aligns with a calculated risk and allows for a pre-determined exit strategy based on the model’s projected trajectory.",110.61,109.53,59.3,0.5942,1161258,0.9,9.3,15.0,2.67,0.98,0,-0.15,-0.04,-0.11
Day-116,google/gemma-3-4b-it,INTJ,memory,flat,789,0.92,flat,108.55,108.52800879042877,11386.622125281028,1133.3454443953785,94.45671746555182,BUY,0.3,"The SMA convergence suggests a continuation of the established trend. The P/E ratio is reasonable, and the RSI indicates neutral momentum, presenting an entry point with a potential for long-term growth based on the underlying trend. Exit strategy should be pre-defined based on a trailing stop loss.",110.61,109.4,54.1,0.3526,1197491,0.93,9.9,15.0,2.67,1.1,0,0.59,0.06,0.53
Day-117,google/gemma-3-4b-it,INTJ,memory,flat,789,0.92,flat,109.09,109.2065304644636,11437.628752712426,793.341811076765,97.57344341035531,BUY,0.3,"The SMA convergence suggests a period of consolidation. The P/E ratio is attractive, and the RSI indicates moderate buying potential. Implementing a 0.3 position allows for a controlled entry aligned with the long-term trend identified by the SMA analysis.",110.61,109.31,55.1,0.2022,1481287,1.16,9.7,15.0,2.67,1.19,0,0.3,0.13,0.17
Day-118,google/gemma-3-4b-it,INTJ,memory,flat,789,0.92,flat,110.61,110.70058982813411,11585.940386696166,634.673448861412,99.00792819667981,BUY,0.2,"The SMA convergence suggests a continuation of the established trend. The RSI is neutral, and the P/E ratio indicates undervaluation relative to historical averages. A small position is warranted to capitalize on the long-term trend, with a pre-determined exit strategy based on a shift in the SMA relationship.",110.72,109.25,52.0,0.2034,1141457,0.89,8.0,15.0,2.67,1.35,0,0.03,0.15,-0.12
Day-119,google/gemma-3-4b-it,INTJ,memory,flat,789,0.92,flat,111.37,111.24057805895988,11661.186412125644,444.2714142029884,100.71756305937555,BUY,0.3,"The SMA crossover and RSI indicate a potential upward trend, supported by a reasonable P/E ratio and stable volume. Given the long-term focus and the system’s projected alpha, initiating a 30% position aligns with the strategy of capturing sustained growth based on established technical indicators.",110.81,109.23,46.9,0.2626,1397187,1.08,7.5,15.0,2.66,1.44,0,0.29,0.21,0.07
Day-120,google/gemma-3-4b-it,INTJ,memory,flat,789,0.92,flat,111.1,110.89201417954008,11633.992670099613,310.9899899420919,101.91721584300198,BUY,0.3,"The SMA convergence and low RSI indicate a potential long-term trend continuation. The P/E ratio suggests undervaluation, and the volume ratio supports a sustained upward movement. I’m initiating a small position to capitalize on this systemic alignment.",110.85,109.32,45.2,0.2845,1019520,0.79,9.3,15.0,2.66,1.4,0,-0.11,0.22,-0.33
Day-121,google/gemma-3-4b-it,INTJ,memory,flat,789,0.92,flat,109.87,110.01295443878914,11508.634494612721,217.69299295946433,102.76637391147042,BUY,0.3,"The SMA crossover suggests a bullish trend, RSI indicates undervaluation, and the P/E ratio is attractive. Volume ratio is slightly below 1, indicating potential buying pressure. This aligns with a long-term strategic investment, prioritizing a calculated entry point based on established technical indicators.",111.08,109.32,33.8,0.2001,1149673,0.91,7.5,15.0,2.67,1.61,0,-0.2,0.06,-0.26
Day-122,google/gemma-3-4b-it,INTJ,memory,flat,789,0.92,flat,106.93,106.97334915145875,11206.501355312997,152.38509507162502,103.37712765586245,BUY,0.3,"The RSI is extremely low, indicating significant undervaluation. The SMA crossover and P/E ratio suggest a potential long-term uptrend. I’m initiating a small position to capitalize on this systemic alignment with my predictive model.",111.12,109.26,33.3,-0.1024,1482593,1.17,8.8,15.0,2.67,1.7,0,0.28,0.05,0.22
Day-123,google/gemma-3-4b-it,INTJ,memory,flat,789,0.92,flat,101.75,102.16575828797035,10671.007834055628,106.66956655013752,103.82642031946429,BUY,0.3,"The SMA crossover, combined with a low RSI and a P/E ratio indicating undervaluation, suggests a long-term upward trend. The volume ratio of 1.15 indicates buying pressure, confirming the potential for continued growth. I’m initiating a small position to capitalize on this systemic alignment.",110.91,109.07,21.3,-0.752,1467869,1.15,14.9,14.9,2.68,1.69,0,-0.1,0.03,-0.13
Day-124,google/gemma-3-4b-it,INTJ,memory,flat,789,0.92,flat,101.95,102.2082901663117,10691.773118119521,74.66869658509626,104.14030820534012,BUY,0.3,"The RSI is extremely low, indicating significant undervaluation. The SMA crossover suggests a potential upward trend, and the P/E ratio is attractive. This presents an opportunity to establish a position with a defined exit strategy based on the model’s projected performance.",110.53,108.89,25.2,-1.2361,1224723,0.96,11.8,15.0,2.67,1.5,0,-0.17,-0.06,-0.11
Day-125,google/gemma-3-4b-it,INTJ,memory,flat,789,0.92,flat,101.43,101.00346000721557,10637.620157852745,52.26808760956738,104.36115616921204,BUY,0.3,"The RSI is extremely low, indicating significant undervaluation. The SMA trend is positive, and the P/E ratio is attractive. This presents an opportunity to establish a long position with a defined exit strategy based on the model’s predicted trajectory.",109.95,108.67,25.8,-1.6425,1104246,0.88,9.5,15.1,2.66,1.18,0,0.2,0.0,0.2
Day-126,google/gemma-3-4b-it,INTJ,memory,flat,789,0.92,flat,97.67,97.32374656310948,10245.222210656508,36.587661326697166,104.52170112961821,BUY,0.3,"The RSI is extremely low, indicating significant undervaluation. The SMA crossover suggests a potential upward trend, and the P/E ratio is attractive. This presents an opportunity to establish a position with a defined exit strategy based on the model’s projected performance.",109.16,108.5,24.4,-2.2426,1496067,1.19,14.3,15.1,2.66,0.61,0,-0.54,-0.07,-0.47
Day-127,google/gemma-3-4b-it,INTJ,memory,flat,789,0.92,flat,96.62,97.07082535728424,10135.474424470409,29.270129061357732,104.59743630106655,BUY,0.2,"The SMA crossover is neutral, RSI indicates significant undervaluation, and the P/E ratio is low. The volume ratio suggests potential accumulation, indicating a long-term trend is likely establishing. I will initiate a small position to capitalize on this systemic setup.",108.13,108.28,21.9,-2.7706,1478097,1.15,13.5,14.9,2.68,-0.14,0,-0.23,-0.17,-0.06
Day-128,google/gemma-3-4b-it,INTJ,memory,flat,789,0.92,flat,98.38,98.30123596755855,10319.565912360284,20.489090342950412,104.68669264095685,BUY,0.3,"The RSI is extremely low, indicating significant undervaluation. The SMA trend is stable, and the P/E ratio is attractive. This presents a long-term opportunity to capitalize on a reversion to the mean, aligning with the system’s core objective of generating alpha through strategic positioning.",107.32,108.15,29.4,-3.012,1130257,0.88,13.9,15.0,2.66,-0.77,0,-0.2,-0.19,-0.01
Day-129,google/gemma-3-4b-it,INTJ,memory,flat,789,0.92,flat,96.94,96.81372473573326,10168.817074957307,16.39127227436033,104.72896433549563,BUY,0.2,"The SMA crossover suggests an upward trend, supported by a low P/E ratio and RSI indicating oversold conditions. Volume ratio is slightly below average, but within acceptable parameters for a strategic entry point. This aligns with the long-term thesis of the system.",106.33,107.95,20.6,-3.2817,1070108,0.85,10.9,15.0,2.66,-1.5,0,0.36,-0.08,0.44
Day-130,google/gemma-3-4b-it,INTJ,memory,flat,789,0.92,flat,99.13,98.8818568284174,10398.173506852043,13.113017819488263,104.76203459126958,BUY,0.2,"The RSI is extremely low, indicating significant undervaluation. The SMA trends are slightly negative, but the P/E ratio is attractive, and the volume ratio suggests potential buying pressure. This presents an opportunity to establish a long position with a defined exit strategy based on the model’s predicted trajectory.",105.63,107.81,29.8,-3.2813,1312003,1.04,9.0,15.0,2.66,-2.03,-1,0.1,-0.1,0.2
Day-131,google/gemma-3-4b-it,INTJ,memory,flat,789,0.92,flat,101.44,101.31943932437804,10640.173806757874,10.490414255590611,104.78788833302725,BUY,0.2,"The SMA20 and SMA60 trend divergence, coupled with a low RSI and a reasonable P/E ratio, suggests a potential long-term upward trend. The volume ratio indicates buying pressure, aligning with the overall market structure. I will initiate a small position to capitalize on this established pattern, planning for a strategic exit based on pre-defined technical indicators.",105.09,107.71,34.8,-3.0595,1441949,1.13,8.0,15.0,2.66,-2.43,-1,-0.65,-0.12,-0.53
Day-132,google/gemma-3-4b-it,INTJ,memory,flat,789,0.92,flat,104.06,103.76668966871623,10914.718074190409,8.39233140447249,104.8080505745333,BUY,0.2,"The SMA20 is slightly below the SMA60, indicating a potential shift in trend. The RSI is low, suggesting undervaluation. Given the P/E ratio and implied volatility, this presents an opportunity to establish a position with a long-term perspective, anticipating a gradual upward movement.",104.8,107.67,37.5,-2.6415,1407482,1.1,8.0,15.0,2.66,-2.67,-1,0.84,0.09,0.75
Day-133,google/gemma-3-4b-it,INTJ,memory,flat,789,0.92,flat,101.41,101.58134201746111,10636.976740167895,6.713865123577992,104.82460186415852,BUY,0.2,"The SMA20 and SMA60 trend divergence, coupled with the RSI indicating oversold conditions and a reasonable P/E ratio, suggests a potential long-term undervaluation. My system flags this as a high-probability entry point, prioritizing a strategic, long-term position based on established technical indicators and a calculated risk assessment.",104.36,107.5,32.3,-2.4958,1254207,0.98,8.7,15.0,2.67,-2.92,-1,0.51,0.23,0.28
Day-134,google/gemma-3-4b-it,INTJ,memory,flat,789,0.92,flat,103.64,103.37612442906084,10870.735602324967,5.371092098862393,104.837557991375,BUY,0.2,"The SMA20 is below the SMA60, indicating a potential downtrend, but the RSI is low, suggesting undervaluation. The P/E ratio is attractive, and the volume ratio is slightly elevated, hinting at potential buying pressure. I will initiate a small position to capitalize on this systemic imbalance.",104.13,107.42,37.6,-2.1747,1343808,1.04,12.8,15.0,2.66,-3.07,-1,-0.5,0.06,-0.56
Day-135,google/gemma-3-4b-it,INTJ,memory,flat,789,0.92,flat,101.78,101.91180688395103,10675.73774446101,4.296873679089915,104.84811230872391,BUY,0.2,"The SMA20 is below the SMA60, indicating a potential downtrend, but the RSI is low and the P/E ratio is attractive. Volume is slightly below average, suggesting a lack of strong conviction. This presents an opportunity to establish a long position with a defined exit strategy based on the model’s projected performance.",103.69,107.28,36.8,-2.047,1139449,0.89,14.0,15.0,2.67,-3.35,-1,-0.15,0.01,-0.16
Day-136,google/gemma-3-4b-it,INTJ,memory,flat,789,0.92,flat,102.22,101.64500246235629,10721.870913876848,3.437498943271932,104.8565194182506,BUY,0.2,"The SMA crossover suggests a potential upward trend, and the RSI indicates undervaluation. The P/E ratio is reasonable, and the volume ratio suggests institutional interest. I will initiate a small position to capitalize on this systemic shift, prioritizing a pre-determined exit strategy based on technical indicators.",103.37,107.19,41.7,-1.8887,1058127,0.83,14.9,15.1,2.65,-3.57,-1,0.2,0.18,0.02
Day-137,google/gemma-3-4b-it,INTJ,memory,flat,789,0.92,flat,103.44,102.88964115702544,10849.795867567114,3.162499027810177,104.85917796345035,BUY,0.08,"The SMA20 is below the SMA60, indicating a potential shift to a downtrend, but the P/E ratio remains reasonable and RSI is neutral. I will initiate a small buy to capitalize on the potential for a longer-term correction, planning for a sell exit at the 60-day SMA.",103.09,107.07,53.5,-1.6455,1468059,1.15,14.6,15.1,2.65,-3.72,-1,-0.31,-0.05,-0.26
Day-138,google/gemma-3-4b-it,INTJ,memory,flat,789,0.92,flat,101.89,101.57904879112081,10687.264141723766,2.5299992222481418,104.8653856364856,BUY,0.2,"The SMA20 is above the SMA60, indicating an upward trend supported by a reasonable P/E ratio and RSI. The volume ratio suggests moderate buying pressure, aligning with the overall positive trend. I will initiate a buy order for 20% of available capital, anticipating a continued upward trajectory based on the established system.",102.65,106.93,49.9,-1.5601,1107848,0.87,15.2,15.0,2.66,-4.0,-1,0.16,-0.12,0.28
Day-139,google/gemma-3-4b-it,INTJ,memory,flat,789,0.92,flat,101.09,101.58357778046113,10603.371833214576,2.0239993777985132,104.87039107564327,BUY,0.2,"The SMA20 is below the SMA60, indicating a potential downtrend, but the P/E ratio is low and RSI is neutral, suggesting undervaluation. My system flags this as a long-term accumulation opportunity, prioritizing a strategic entry point aligned with the established trend and a calculated risk.",102.14,106.76,49.3,-1.5389,1399071,1.09,18.1,14.9,2.68,-4.33,-1,-0.3,-0.08,-0.22
Day-140,google/gemma-3-4b-it,INTJ,memory,flat,789,0.92,flat,102.45,102.48468446218932,10745.995565077452,2.0239993777985132,104.87039107564327,HOLD,0.0,"The SMA20 is slightly below the SMA60, RSI is moderate, and the P/E ratio is reasonable. The volume ratio indicates selling pressure, but the overall trend remains positive. My system flags no immediate actionable opportunities; maintaining the current position aligns with a long-term strategic outlook.",101.7,106.68,60.2,-1.3968,1205440,0.94,19.5,15.0,2.67,-4.66,-1,0.26,0.0,0.26
Day-141,google/gemma-3-4b-it,INTJ,memory,flat,789,0.92,flat,102.33,101.90580740287058,10733.411118148373,2.0239993777985132,104.87039107564327,HOLD,0.0,"The SMA trend is slightly negative, RSI is elevated but not overbought, and the P/E ratio suggests reasonable valuation. The volume ratio indicates selling pressure, but my model remains stable. I will continue to monitor the system’s projections for a more definitive exit strategy, prioritizing long-term alpha generation.",101.33,106.63,62.6,-1.2792,1164298,0.9,22.3,15.1,2.66,-4.97,-1,-0.56,-0.15,-0.41
Day-142,google/gemma-3-4b-it,INTJ,memory,flat,789,0.92,flat,103.21,103.2514588229002,10825.69706229494,2.0239993777985132,104.87039107564327,HOLD,0.0,"The SMA trend is slightly negative, RSI is elevated, and the P/E ratio is reasonable. The volume ratio suggests selling pressure, but my model indicates a sustained upward trend supported by fundamental factors. I will maintain the current position and monitor for confirmation of the long-term thesis, prioritizing exit strategies based on algorithmic triggers.",101.14,106.59,61.1,-1.1016,1119039,0.88,17.6,15.0,2.67,-5.11,-1,-0.14,-0.12,-0.03
Day-143,google/gemma-3-4b-it,INTJ,memory,flat,789,0.92,flat,106.04,106.00608830183052,11122.480269039013,3338.160880276162,73.4092737529503,SELL,0.3,"The SMA20 is below the SMA60, indicating a weakening trend. RSI is elevated, suggesting overbought conditions. Given the P/E ratio and implied volatility, the market appears poised for a correction, aligning with my long-term strategic outlook and risk management protocols.",101.36,106.54,69.7,-0.7243,1049906,0.84,21.0,15.0,2.67,-4.86,-1,0.14,-0.12,0.26
Day-144,google/gemma-3-4b-it,INTJ,memory,flat,789,0.92,flat,105.62,105.34005323238036,11091.648374062774,7990.2533765481285,29.363709501180118,SELL,0.6,"The SMA20 decline and RSI exceeding 65 indicate potential overbought conditions. The P/E ratio is reasonable, but the volume ratio is below 1, suggesting weak momentum. Selling a portion of holdings mitigates risk while maintaining a strong position based on the established system’s long-term projections.",101.54,106.46,65.2,-0.4541,1169216,0.94,21.1,15.0,2.66,-4.62,-1,0.11,-0.04,0.15
Day-145,google/gemma-3-4b-it,INTJ,memory,flat,789,0.92,flat,101.39,101.58806741154586,10967.439882872779,5593.17736358369,53.00584396182158,BUY,0.3,"The SMA20 is slightly below the SMA60, indicating a potential shift in trend. The RSI is neutral, and the P/E ratio suggests undervaluation. Implementing a buy order for 30% of available capital to capitalize on the anticipated trend reversal, factoring in a pre-determined exit strategy.",101.54,106.31,49.9,-0.5744,1275785,1.02,18.4,15.0,2.67,-4.49,-1,-0.24,-0.14,-0.1
Day-146,google/gemma-3-4b-it,INTJ,memory,flat,789,0.92,flat,104.96,104.44820148122618,11156.670745816482,3915.2241545085826,68.9924408470646,BUY,0.3,"The SMA20 is below the SMA60, indicating a potential downtrend, but the P/E ratio is reasonable and RSI is neutral. A small buy position aligns with a long-term strategy, capitalizing on a potential undervaluation identified by the trend analysis. Exit strategy should be pre-defined based on a trailing stop loss.",101.9,106.24,51.9,-0.3774,1217149,0.98,21.3,15.1,2.65,-4.08,-1,-0.25,-0.08,-0.17
Day-147,google/gemma-3-4b-it,INTJ,memory,flat,789,0.92,flat,105.31,105.92046377809974,11180.818100112956,2740.656908156008,80.1458664130372,BUY,0.3,"The SMA crossover suggests a potential upward trend, supported by a reasonable P/E ratio and manageable volatility. Volume ratio indicates buying pressure, aligning with the established trend. I’m initiating a small position to capitalize on this systemic shift, prioritizing a pre-determined exit strategy based on the model’s projections.",102.34,106.17,58.9,-0.1907,1160170,0.95,22.9,14.9,2.68,-3.61,-1,0.29,0.01,0.28
Day-148,google/gemma-3-4b-it,INTJ,memory,flat,789,0.92,flat,108.52,108.70860915371836,11438.086331298804,1918.4598357092054,87.72232303344636,BUY,0.3,"The SMA crossover suggests a potential upward trend, supported by a reasonable P/E ratio and manageable volatility. The volume ratio indicates selling pressure is subdued, aligning with the model’s projected growth. I’m initiating a small position to capitalize on this systemic shift, pre-planning an exit strategy based on a predetermined profit target and trailing stop loss.",102.84,106.17,60.7,0.2133,1075004,0.88,18.5,15.0,2.67,-3.13,-1,0.32,0.05,0.27
Day-149,google/gemma-3-4b-it,INTJ,memory,flat,789,0.92,flat,104.74,104.55041586417337,11106.495950232376,1342.9218849964439,93.21724331903698,BUY,0.3,"The SMA60 trend is trending upwards, indicating a potential continuation of the long-term trend. The P/E ratio is reasonable, and the RSI suggests moderate buying pressure. Implementing a buy order for 30% of available capital to capitalize on the established momentum and establish a long-term position.",103.23,106.07,56.0,0.2262,1353131,1.09,16.8,15.0,2.66,-2.67,-1,0.01,0.02,-0.02
Day-150,google/gemma-3-4b-it,INTJ,memory,flat,789,0.92,flat,103.15,102.60845412866617,10958.28053335511,940.0453194975107,97.12297832145029,BUY,0.3,"The SMA20 is slightly below the SMA60, indicating a potential shift to a longer-term trend. The P/E ratio is reasonable, and the RSI suggests the asset isn't overbought. This presents an opportunity to establish a position aligned with a long-term strategic outlook, anticipating a sustained upward movement.",103.43,105.93,51.8,0.1068,1014642,0.83,12.9,15.1,2.65,-2.35,-1,0.22,0.12,0.1
Day-151,google/gemma-3-4b-it,INTJ,memory,flat,789,0.92,flat,103.87,103.7924035345567,11028.209077746553,752.0362555980086,98.93302033453878,BUY,0.2,"The SMA20 is slightly below the SMA60, indicating a potential shift in trend. The P/E ratio is reasonable, and RSI is neutral, suggesting a potential buying opportunity. My model predicts a 5% increase over the next 6 months, justifying a 20% allocation.",103.56,105.9,50.8,0.0696,1232566,1.02,11.4,15.0,2.66,-2.21,-1,-0.13,0.14,-0.27
Day-152,google/gemma-3-4b-it,INTJ,memory,flat,789,0.92,flat,107.62,107.18657893248071,11399.207904001074,601.6290044784068,100.33059746815337,BUY,0.2,"The SMA crossover suggests a potential upward trend, while the P/E ratio indicates undervaluation. The RSI is moderately high, suggesting continued momentum, and the volume ratio supports this. I’m initiating a small position to capitalize on this systemic shift, planning for a 3-month exit strategy based on projected trend continuation.",103.73,105.93,60.4,0.3388,1116329,0.93,15.4,15.1,2.66,-2.07,-1,-0.01,0.08,-0.09
Day-153,google/gemma-3-4b-it,INTJ,memory,flat,789,0.92,flat,105.89,105.88870562700106,11225.635970381167,481.3032035827255,101.46692574179282,BUY,0.2,"The SMA convergence and RSI indicate a sustained upward trend. The P/E ratio is reasonable, and the volume ratio suggests buying pressure. My model predicts continued growth, justifying a strategic entry point with a 20% allocation.",103.96,105.93,58.4,0.4073,1125850,0.95,15.5,15.0,2.67,-1.86,0,0.35,0.08,0.26
Day-154,google/gemma-3-4b-it,INTJ,memory,flat,789,0.92,flat,104.16,103.32017797429587,11050.098188847864,385.0425628661804,102.39108703899467,BUY,0.2,"The SMA convergence and RSI indicate a period of consolidation. The P/E ratio is reasonable, and the volume ratio suggests institutional support. My model projects a 10% increase over the next six months, justifying a strategic entry point.",103.98,105.82,53.0,0.3184,1168688,0.99,16.1,15.1,2.65,-1.73,0,-0.16,0.05,-0.21
Day-155,google/gemma-3-4b-it,INTJ,memory,flat,789,0.92,flat,102.36,102.02509871106167,10865.794232177675,308.0340502929443,103.14341717355148,BUY,0.2,"The SMA convergence suggests a potential shift to a downtrend, while the P/E ratio indicates undervaluation. Given the long-term trend and my system’s projected alpha, a modest entry at 20% aligns with a calculated risk and planned exit strategy based on anticipated volatility.",104.01,105.61,50.1,0.1017,1138308,0.96,12.9,15.0,2.66,-1.51,0,-0.13,-0.02,-0.11
Day-156,google/gemma-3-4b-it,INTJ,memory,flat,789,0.92,flat,100.81,100.6325604842508,10705.92193555867,246.42724023435545,103.75453521797752,BUY,0.2,"The SMA convergence suggests a period of consolidation. The P/E ratio is attractive, and the RSI indicates neutral momentum. This presents an opportunity to initiate a long position, anticipating a sustained upward trend based on the established system’s predictive capabilities.",103.94,105.35,46.2,-0.1926,1244469,1.05,10.7,15.0,2.66,-1.34,0,-0.44,-0.08,-0.36
Day-157,google/gemma-3-4b-it,INTJ,memory,flat,789,0.92,flat,101.85,101.42088093654154,10813.826652185364,197.14179218748436,104.23843750611567,BUY,0.2,"The SMA convergence suggests a potential continuation of the established trend. The RSI indicates value, and the P/E ratio is reasonable. I’m initiating a small position to capitalize on the long-term trend, planning for a 3-month exit based on anticipated price movement.",103.86,105.05,42.9,-0.3385,1016804,0.87,16.6,15.1,2.66,-1.13,0,-0.03,-0.08,0.05
Day-158,google/gemma-3-4b-it,INTJ,memory,flat,789,0.92,flat,102.2,100.76321501149918,10850.310105312506,157.71343374998747,104.62423357693267,BUY,0.2,"The SMA convergence suggests a potential trend continuation. The P/E ratio is attractive, and RSI indicates undervaluation. I’ll initiate a small position to capitalize on the long-term trend, pre-defining an exit strategy based on a 5% profit target and a 2% stop-loss.",103.88,104.8,44.2,-0.4208,1230588,1.05,22.9,15.2,2.63,-0.88,0,0.32,-0.09,0.41
Day-159,google/gemma-3-4b-it,INTJ,memory,flat,789,0.92,flat,105.01,103.11533465582738,11144.304201663688,157.71343374998747,104.62423357693267,HOLD,0.0,"The SMA convergence suggests a period of consolidation. The RSI indicates neutral momentum, and the P/E ratio is reasonable. My system flags no immediate deviation from the established trend, prioritizing long-term strategic positioning and awaiting further data points before initiating any action.",104.07,104.57,56.5,-0.256,1235334,1.06,22.3,15.3,2.62,-0.47,0,0.34,0.01,0.33
Day-160,google/gemma-3-4b-it,INTJ,memory,flat,789,0.92,flat,107.65,107.8192537839058,11420.51217830679,110.39940362499124,105.06375080986342,BUY,0.3,"The SMA convergence suggests a period of consolidation. The P/E ratio is reasonable, and the RSI indicates neutral momentum. Implementing a small position allows for confirmation of the underlying trend and a pre-planned exit strategy based on the model’s projected volatility.",104.33,104.45,55.0,0.0864,1434611,1.22,21.5,15.0,2.67,-0.11,0,-0.22,-0.01,-0.21
Day-161,google/gemma-3-4b-it,INTJ,memory,flat,789,0.92,flat,111.19,110.36439790807862,11792.437856173705,110.39940362499124,105.06375080986342,HOLD,0.0,"The SMA trend is flat, RSI is healthy, and the P/E ratio suggests reasonable valuation. The volume ratio indicates slight buying pressure, but overall, the data doesn’t present a compelling entry point. Maintaining the current position aligns with the long-term strategic outlook and avoids unnecessary risk based on short-term fluctuations.",104.78,104.43,59.7,0.6364,1352378,1.14,15.7,15.1,2.65,0.33,0,-0.0,0.08,-0.08
Day-162,google/gemma-3-4b-it,INTJ,memory,flat,789,0.92,flat,110.47,110.79851790924704,11716.791955590605,88.31952289999299,105.26362299891926,BUY,0.2,"The SMA convergence suggests a potential shift to a bullish trend, supported by a reasonable P/E ratio and manageable volatility. The volume ratio indicates buying pressure, aligning with the long-term SMA trend. I’m initiating a small position to capitalize on this systemic alignment.",105.14,104.45,53.5,1.0024,1116639,0.94,14.1,15.0,2.67,0.67,0,0.22,0.13,0.09
Day-163,google/gemma-3-4b-it,INTJ,memory,flat,789,0.92,flat,107.14,107.40579495801119,11366.264091004201,70.65561831999439,105.4284905047994,BUY,0.2,"The SMA convergence suggests a continuation of the established trend. The P/E ratio indicates undervaluation relative to historical averages, and the volume ratio suggests buying pressure. I’m initiating a small position to capitalize on the long-term trend, planning for a 3-month exit strategy based on a 10% profit target.",105.2,104.38,54.4,1.0118,1123550,0.94,22.6,15.0,2.67,0.78,0,0.05,0.08,-0.03
Day-164,google/gemma-3-4b-it,INTJ,memory,flat,789,0.92,flat,107.13,107.86633238473271,11365.209806099154,56.52449465599551,105.560396821088,BUY,0.2,"The SMA convergence suggests a sustained trend. The P/E ratio indicates undervaluation relative to historical averages, and the RSI suggests room for further appreciation. I’m initiating a small position to capitalize on the long-term trend, pre-defining an exit strategy based on a 10% profit target.",105.27,104.36,57.7,1.0072,1045325,0.88,19.4,14.9,2.68,0.87,0,0.17,0.04,0.13
Day-165,google/gemma-3-4b-it,INTJ,memory,flat,789,0.92,flat,108.52,109.0183489379299,11511.938757680466,45.219595724796406,105.66457023549272,BUY,0.2,"The SMA convergence suggests a continuation of the established trend. The P/E ratio indicates undervaluation, and the RSI suggests room for further upward movement. I’m initiating a small position to capitalize on the long-term trend, planning for a 3-month exit strategy based on a pre-determined profit target.",105.63,104.32,58.8,1.1032,1052666,0.9,17.4,14.9,2.68,1.25,0,0.62,0.21,0.41
Day-166,google/gemma-3-4b-it,INTJ,memory,flat,789,0.92,flat,108.44,108.80727776576033,11503.485592061625,36.17567657983712,105.74797044892834,BUY,0.2,"The SMA convergence suggests a sustained trend. The P/E ratio is reasonable, and RSI indicates neutral momentum. I’m initiating a small position to capitalize on the long-term trend, pre-defining an exit strategy based on a 5% drawdown from entry.",105.8,104.32,51.8,1.1594,1271263,1.08,14.1,15.0,2.68,1.42,0,-0.57,0.1,-0.67
Day-167,google/gemma-3-4b-it,INTJ,memory,flat,789,0.92,flat,107.02,107.14869836793699,11353.323474024148,28.940541263869697,105.81557589946065,BUY,0.2,"The SMA convergence suggests a sustained trend. RSI is moderate, indicating potential for further upward movement. Given the P/E ratio and implied volatility, this presents an asymmetric risk/reward profile aligning with a long-term strategic investment.",105.89,104.28,52.5,1.0768,1401835,1.18,10.3,15.0,2.67,1.55,0,0.3,0.12,0.19
Day-168,google/gemma-3-4b-it,INTJ,memory,flat,789,0.92,flat,105.81,105.88018263268569,11225.286627185802,23.15243301109576,105.87027874657127,BUY,0.2,"The SMA convergence suggests a stable trend, RSI indicates neutral momentum, and the P/E ratio is reasonable. The volume ratio suggests potential buying pressure, aligning with the long-term trend. I will initiate a small position to capitalize on this sustained upward movement, planning for a strategic exit based on pre-defined volatility thresholds.",105.75,104.18,53.8,0.9029,1415016,1.17,7.6,15.0,2.67,1.51,0,0.42,0.19,0.23
Day-169,google/gemma-3-4b-it,INTJ,memory,flat,789,0.92,flat,106.54,106.32085893688729,11302.5719306708,18.52194640887661,105.91374117009501,BUY,0.2,"The SMA convergence suggests a stable trend, RSI indicates moderate buying potential, and the P/E ratio is reasonable. Given the long-term focus and the system’s established parameters, this presents an opportunity to capitalize on sustained upward momentum with a measured allocation.",105.84,104.08,60.0,0.8151,1232119,1.03,13.6,15.0,2.66,1.69,0,0.32,0.22,0.1
Day-170,google/gemma-3-4b-it,INTJ,memory,flat,789,0.92,flat,112.14,112.2477547011544,11895.68888122333,7144.822107297549,42.365496468038,SELL,0.6,"The RSI is elevated, indicating overbought conditions. The volume ratio is below 1, suggesting weak momentum supporting the current price. My model predicts a decline based on the SMA convergence and P/E ratio, necessitating a strategic reduction of holdings to mitigate potential losses.",106.29,104.1,72.8,1.1832,1059628,0.88,13.7,15.0,2.67,2.1,1,-0.01,0.09,-0.1
Day-171,google/gemma-3-4b-it,INTJ,memory,flat,789,0.92,flat,112.41,111.71960398511264,11907.1275652697,10002.20538208084,16.946198587215203,SELL,0.6,"The RSI is excessively high, indicating overbought conditions and a potential correction. The P/E ratio, combined with the SMA divergence, suggests a weakening trend. Selling a portion of holdings mitigates risk while preserving capital for more favorable entry points identified by the system.",106.72,104.15,71.9,1.4796,1298073,1.08,11.0,15.1,2.65,2.46,1,-0.34,0.14,-0.48
Day-172,google/gemma-3-4b-it,INTJ,memory,flat,789,0.92,flat,108.34,108.05825277557727,11838.156537019735,8001.764305664672,35.41067224806224,BUY,0.2,"The SMA crossover suggests an upward trend, supported by a moderate RSI and a reasonable P/E ratio. The volume ratio indicates potential buying pressure, aligning with the overall market structure. I’m initiating a small position to capitalize on this established trend, factoring in a pre-determined exit strategy based on the model’s projections.",106.75,104.18,61.0,1.3707,1003258,0.84,7.8,15.0,2.66,2.47,1,0.08,0.09,-0.02
Day-173,google/gemma-3-4b-it,INTJ,memory,flat,789,0.92,flat,103.88,104.14531435838225,11680.224938793377,5601.23501396527,58.519348525491985,BUY,0.3,"The SMA crossover suggests an upward trend, and the RSI indicates value. The P/E ratio is reasonable, and the volume ratio suggests potential buying pressure. This aligns with my long-term strategic model, establishing a position with a defined exit strategy based on anticipated price movement.",106.65,104.23,48.1,0.9139,1341046,1.11,7.5,15.0,2.67,2.33,1,-0.5,-0.09,-0.41
Day-174,google/gemma-3-4b-it,INTJ,memory,flat,789,0.92,flat,103.31,103.22541446054112,11646.868910133846,3920.864509775689,74.78467138087463,BUY,0.3,"The SMA crossover suggests an upward trend, supported by a reasonable P/E ratio and manageable volatility. The volume ratio indicates potential buying pressure, aligning with the long-term strategic outlook. I’m initiating a position to capitalize on this established momentum, pre-planning an exit strategy based on a trailing stop loss.",106.61,104.25,42.1,0.5,1019656,0.85,7.5,15.0,2.66,2.26,1,-0.43,-0.24,-0.19
Day-175,google/gemma-3-4b-it,INTJ,memory,flat,789,0.92,flat,103.96,104.07072373833456,11695.478946531413,2744.605156842982,86.09920921208574,BUY,0.3,"The SMA crossover suggests an upward trend, RSI indicates undervaluation, and the P/E ratio is attractive. Volume ratio is slightly elevated, hinting at potential buying pressure. This aligns with the system’s long-term growth thesis, and I’m initiating a position to capitalize on the anticipated momentum.",106.69,104.3,35.2,0.2216,1445346,1.19,7.5,15.0,2.67,2.29,1,0.2,-0.2,0.4
Day-176,google/gemma-3-4b-it,INTJ,memory,flat,789,0.92,flat,101.84,101.6680736144051,11512.948623001794,1921.2236097900875,94.18425975266797,BUY,0.3,"The RSI is extremely low, indicating significant undervaluation. The SMA crossover suggests a potential upward trend, and the P/E ratio is attractive. My model projects a 15% return within six months, justifying a strategic entry point.",106.74,104.39,33.3,-0.1676,1179029,0.97,9.8,15.0,2.66,2.26,1,0.6,-0.01,0.61
Day-177,google/gemma-3-4b-it,INTJ,memory,flat,789,0.92,flat,101.91,101.89018090412083,11519.541521184481,1344.8565268530613,99.83990770612716,BUY,0.3,"The SMA crossover suggests an upward trend, RSI indicates undervaluation, and the P/E ratio is attractive. Volume ratio is slightly below average, but consistent with the overall trend. This presents a logical entry point for a long position, prioritizing a systematic approach to capital deployment.",106.75,104.49,38.5,-0.4653,1050244,0.86,10.8,15.0,2.67,2.16,1,0.08,-0.01,0.09
Day-178,google/gemma-3-4b-it,INTJ,memory,flat,789,0.92,flat,104.33,104.4035257787155,11761.154097833307,941.3995687971428,103.70703085436755,BUY,0.3,"The SMA crossover suggests an upward trend, supported by a reasonable P/E ratio and low RSI. The volume ratio indicates potential buying pressure, aligning with the long-term SMA trend. I’m initiating a small position to capitalize on this systemic alignment, pre-planning an exit strategy based on a trailing stop loss.",106.85,104.61,44.4,-0.4998,1067871,0.88,7.7,15.0,2.67,2.14,1,0.44,0.18,0.26
Day-179,google/gemma-3-4b-it,INTJ,memory,flat,789,0.92,flat,103.33,103.05432545141902,11657.44706697894,753.1196550377142,105.52915331405427,BUY,0.2,"The SMA crossover suggests a potential upward trend, and the RSI indicates undervaluation. The P/E ratio is attractive, and the volume ratio suggests buying pressure. I’m initiating a small position to capitalize on this systemic shift, planning for a 3-month exit strategy based on projected trend continuation.",106.77,104.74,39.5,-0.601,1499550,1.23,7.5,15.0,2.66,1.94,0,-0.24,0.22,-0.45
Day-180,google/gemma-3-4b-it,INTJ,memory,flat,789,0.92,flat,102.85,103.324616435087,11606.793073388195,527.1837585264,107.72590486010496,BUY,0.3,"The SMA convergence suggests a potential shift to a bullish trend, supported by a reasonable P/E ratio and low RSI. The volume ratio indicates buying pressure, suggesting a continuation of this trend. I’m initiating a small position to capitalize on the identified systemic strength.",106.53,104.81,38.8,-0.7116,1413902,1.16,7.5,14.9,2.68,1.64,0,0.67,0.31,0.36
Day-181,google/gemma-3-4b-it,INTJ,memory,flat,789,0.92,flat,105.94,105.94266321373624,11939.66611940592,421.74700682111995,108.72115454582594,BUY,0.2,"The SMA crossover suggests a potential upward trend, and the RSI indicates value. The P/E ratio is reasonable, and the volume ratio is slightly elevated, hinting at potential buying pressure. I’ll initiate a small position to test the system’s predictive capabilities, planning for a 3-month exit strategy based on a pre-defined profit target.",106.27,104.9,48.0,-0.544,1262376,1.04,7.5,15.0,2.67,1.3,0,-0.15,0.16,-0.31
Day-182,google/gemma-3-4b-it,INTJ,memory,flat,789,0.92,flat,103.37,103.76479192589272,11660.252752223148,295.22290477478396,109.94514701991258,BUY,0.3,"The SMA crossover and RSI indicate a potential upward trend. The P/E ratio suggests undervaluation, and the volume ratio is slightly elevated, hinting at underlying interest. I will initiate a small position to capitalize on this systemic alignment with my model’s projections.",105.91,104.89,45.7,-0.6116,1302750,1.06,7.5,14.9,2.68,0.97,0,-0.3,0.09,-0.38
Day-183,google/gemma-3-4b-it,INTJ,memory,flat,789,0.92,flat,100.41,100.13773000484841,11334.815117044205,236.17832381982717,110.5331818865091,BUY,0.2,"The SMA crossover suggests a potential upward trend, supported by a reasonable P/E ratio and low RSI. Volume ratio is slightly below 1, indicating potential buying pressure. I’m initiating a small position to capitalize on this systemic alignment, planning an exit based on a pre-determined trailing stop loss.",105.57,104.87,39.9,-0.8938,1193566,0.97,7.5,15.0,2.66,0.67,0,0.52,0.1,0.42
Day-184,google/gemma-3-4b-it,INTJ,memory,flat,789,0.92,flat,101.88,101.83591939531942,11497.298894417374,165.32482667387902,111.22864220399975,BUY,0.3,"The SMA crossover, combined with a low RSI and a reasonable P/E ratio, suggests a potential long-term trend. Volume ratio is slightly elevated, indicating underlying interest. I’m initiating a small position to capitalize on this systemic alignment, pre-planning an exit strategy based on a trailing stop loss.",105.31,104.83,30.4,-0.9869,1339815,1.08,13.9,15.0,2.67,0.46,0,0.48,0.24,0.24
Day-185,google/gemma-3-4b-it,INTJ,memory,flat,789,0.92,flat,103.35,103.47947966380633,11660.804998457254,115.72737867171531,111.70854010435934,BUY,0.3,"The RSI is extremely low, indicating significant undervaluation. The SMA crossover is neutral, and the P/E ratio is attractive. My system flags this as a long-term accumulation opportunity, prioritizing a strategic entry point based on fundamental undervaluation and projected growth.",105.05,104.87,33.5,-0.9319,1201632,0.96,11.5,15.0,2.67,0.18,0,-0.17,0.08,-0.24
Day-186,google/gemma-3-4b-it,INTJ,memory,flat,789,0.92,flat,101.37,101.63262273144278,11439.622089050623,92.58190293737225,111.93686678616207,BUY,0.2,"The SMA crossover suggests a potential upward trend, and the RSI indicates undervaluation. The P/E ratio is reasonable, and the volume ratio is slightly above neutral, suggesting potential buying interest. I will initiate a small position to capitalize on this systemic alignment with my model’s projections.",104.7,104.85,36.2,-1.0362,1288606,1.03,9.4,15.0,2.67,-0.14,0,0.04,0.12,-0.07
Day-187,google/gemma-3-4b-it,INTJ,memory,flat,789,0.92,flat,96.47,96.85196140600078,10891.131441798427,74.0655223498978,112.12880604797896,BUY,0.2,"The SMA crossover suggests a potential upward trend, and the RSI indicates undervaluation. The P/E ratio is attractive, and the volume ratio suggests buying pressure. I will initiate a small position to capitalize on this systemic shift, planning for a 3-month exit strategy based on projected trend continuation.",104.17,104.71,35.6,-1.4967,1463976,1.17,9.9,14.9,2.68,-0.51,0,-0.18,0.14,-0.32
Day-188,google/gemma-3-4b-it,INTJ,memory,flat,789,0.92,flat,95.27,95.95706909549558,10756.576874540853,59.25241787991824,112.28429155726813,BUY,0.2,"The SMA crossover suggests a potential upward trend, coupled with a low RSI indicating undervaluation. The P/E ratio is attractive, and the volume ratio suggests institutional buying. I’m initiating a small position to capitalize on this systemic alignment, planning for a 3-month exit strategy based on a pre-defined target price.",103.65,104.58,34.8,-1.9363,1074569,0.87,12.1,14.9,2.69,-0.89,0,-0.24,-0.01,-0.23
Day-189,google/gemma-3-4b-it,INTJ,memory,flat,789,0.92,flat,96.03,95.94743604652636,10841.912936124376,47.401934303934596,112.40769553077624,BUY,0.2,"The SMA crossover suggests a potential upward trend, and the RSI indicates undervaluation. Given the long-term perspective and the model’s consistent performance, a strategic entry at this level aligns with maximizing alpha while maintaining a disciplined approach to risk.",103.12,104.48,35.0,-2.198,1461873,1.17,10.9,15.0,2.66,-1.3,0,-0.46,-0.2,-0.26
Day-190,google/gemma-3-4b-it,INTJ,memory,flat,789,0.92,flat,103.11,103.22546081123222,11637.759420482273,37.921547443147674,112.49963992861143,BUY,0.2,"The SMA crossover suggests a potential upward trend, and the RSI indicates moderate buying pressure. Given the P/E ratio and implied volatility, the asset presents a reasonable entry point with a potential for long-term growth, aligning with a systematic, long-term strategy.",102.67,104.49,52.0,-1.8131,1267517,1.01,15.6,15.0,2.67,-1.74,0,-0.1,-0.19,0.09
Day-191,google/gemma-3-4b-it,INTJ,memory,flat,789,0.92,flat,101.6,102.41782902556311,11467.884964190069,30.337237954518137,112.5742886440507,BUY,0.2,"The SMA20 is below the SMA60, indicating a potential shift to a downtrend, but the P/E ratio is low and RSI is neutral. This suggests a potential undervaluation and an opportunity to establish a long position with a defined exit strategy based on the model’s predictive algorithms.",102.13,104.47,49.5,-1.6113,1309670,1.04,14.6,14.9,2.69,-2.25,-1,-0.03,-0.2,0.17
Day-192,google/gemma-3-4b-it,INTJ,memory,flat,789,0.92,flat,100.42,100.02050867817127,11335.04730359009,24.26979036361451,112.63470935298223,BUY,0.2,"The SMA20 is below the SMA60, indicating a potential downtrend, but the RSI is neutral and the P/E ratio is reasonable. Given the long-term trend and my system’s predictive capabilities, a small, strategic entry is warranted to capitalize on a potential reversion to the mean.",101.73,104.42,43.8,-1.5292,1307105,1.03,10.7,15.1,2.66,-2.57,-1,0.49,-0.07,0.56
Day-193,google/gemma-3-4b-it,INTJ,memory,flat,789,0.92,flat,102.65,102.9463239333505,11586.22270544724,16.98885325453016,112.70563908614427,BUY,0.3,"The SMA20 is below the SMA60, indicating a potential shift to a downtrend, but the RSI is neutral and the P/E ratio is reasonable. Given the volume ratio of 0.81, suggesting selling pressure, a small long position aligns with the system's preference for exploiting short-term imbalances within a larger trend.",101.67,104.35,49.0,-1.2696,1018678,0.81,8.0,15.0,2.67,-2.57,-1,-0.22,-0.06,-0.16
Day-194,google/gemma-3-4b-it,INTJ,memory,flat,789,0.92,flat,103.98,103.39175918078925,11736.121205431811,13.591082603624127,112.73831624185601,BUY,0.2,"The SMA20 is below the SMA60, indicating a potential shift to a downtrend, but the P/E ratio and RSI suggest undervaluation. Given the long-term trend and my system’s predictive capabilities, a small, strategic entry is warranted to capitalize on a potential reversion to the mean.",101.7,104.32,51.7,-0.9455,1379787,1.08,9.8,15.1,2.65,-2.51,-1,0.45,0.12,0.33
Day-195,google/gemma-3-4b-it,INTJ,memory,flat,789,0.92,flat,103.78,103.5575316346165,11713.573542183442,10.872866082899302,112.76450834554386,BUY,0.2,"The SMA20 is below the SMA60, indicating a potential downward trend, but the RSI is neutral and the P/E ratio is reasonable. Given the volume ratio is slightly below 1, there’s a subtle accumulation signal. I’ll initiate a small position to capitalize on the long-term trend, planning for a 3-month exit strategy based on a price target of $108.",101.69,104.37,46.5,-0.6963,1214222,0.96,8.1,15.0,2.66,-2.56,-1,0.01,0.14,-0.13
Day-196,google/gemma-3-4b-it,INTJ,memory,flat,789,0.92,flat,105.2,105.21181969517961,11873.699144034113,8.698292866319441,112.7851791936102,BUY,0.2,"The SMA crossover suggests a potential upward trend, supported by a reasonable P/E ratio and RSI. The volume ratio indicates buying pressure, aligning with the established trend. I will initiate a small position to capitalize on this systemic shift, prioritizing a pre-determined exit strategy based on technical indicators.",101.86,104.37,53.1,-0.3802,1491644,1.16,7.5,15.0,2.67,-2.4,-1,0.23,0.19,0.04
Day-197,google/gemma-3-4b-it,INTJ,memory,flat,789,0.92,flat,105.27,105.46610832678816,11881.594106577666,6.958634293055553,112.80170487588687,BUY,0.2,"The SMA20 is below the SMA60, indicating a potential long-term trend shift. The RSI is healthy, and the P/E ratio suggests undervaluation. I will initiate a small position to capitalize on this established trend, planning for a strategic exit based on pre-defined volatility targets.",102.03,104.37,59.1,-0.1228,1416907,1.09,7.5,15.0,2.67,-2.24,-1,0.47,0.19,0.28
Day-198,google/gemma-3-4b-it,INTJ,memory,flat,789,0.92,flat,102.13,101.91257166656482,11527.396753267381,5.566907434444443,112.81533188909172,BUY,0.2,"The SMA20 is below the SMA60, indicating a potential long-term downtrend, yet the P/E ratio is reasonable and volatility is contained. A small buy position aligns with a strategic, long-term outlook, prioritizing a systematic approach to capital deployment.",101.92,104.24,50.4,-0.1704,1164795,0.89,7.5,15.0,2.66,-2.23,-1,0.02,0.23,-0.21
Day-199,google/gemma-3-4b-it,INTJ,memory,flat,789,0.92,flat,103.28,103.34607684523512,11657.134384939838,4.453525947555554,112.8261121126286,BUY,0.2,"The SMA20 is below the SMA60, indicating a potential downtrend, but the RSI is neutral and the P/E ratio is reasonable. Given the volume ratio is slightly below 1, suggesting selling pressure, a small long position aligns with a strategic, long-term outlook based on the established trend and fundamental metrics.",101.92,104.21,49.9,-0.114,1180204,0.92,7.5,15.0,2.67,-2.2,-1,0.62,0.27,0.35
Day-200,google/gemma-3-4b-it,INTJ,memory,flat,789,0.92,flat,103.03,103.16470994071184,11628.927856911681,3.562820758044443,112.83475721783594,BUY,0.2,"The SMA20 crossing below the SMA60 suggests a potential trend reversal. The RSI is neutral, and the P/E ratio indicates undervaluation relative to its historical average. I will initiate a small position to capitalize on the anticipated shift, planning for an exit based on a predetermined profit target and trailing stop loss.",101.93,104.21,53.1,-0.0884,1003131,0.79,7.5,15.0,2.67,-2.19,-1,-0.03,0.26,-0.29
