Date,Model,MBTI,Agent_Type,Scenario,Seed,Crash_Discount,Phase,Price,Fundamental_Value,Portfolio_Value,Cash,Holdings_Qty,Action,Quantity_Percent,Rationale,SMA20,SMA60,RSI14,MACD,Volume,Volume_Ratio,Implied_Volatility,Reported_PE,Dividend_Yield,Trend_Strength,Trend_Regime,Sentiment,Sentiment_MA5,Sentiment_Change
Day-1,google/gemma-3-4b-it,INTJ,memory,bull_trap,999,0.92,legitimate_rise,97.06,100.22741604288947,10000.0,10000.0,0.0,HOLD,0.0,"The SMA20 and SMA60 are flat, RSI is neutral, and the P/E ratio suggests reasonable valuation. The volume ratio is balanced, and news sentiment is minimal – all indicators suggest market equilibrium. Maintaining a cash position allows for opportunistic entry based on future systemic shifts, prioritizing capital preservation and strategic positioning.",97.06,97.06,50.0,0.0,1288908,1.0,15.0,14.5,2.75,0.0,0,-0.01,-0.01,0.0
Day-2,google/gemma-3-4b-it,INTJ,memory,bull_trap,999,0.92,legitimate_rise,102.88,101.74408330067402,10000.0,5000.0,48.60031104199067,BUY,0.5,"The SMA20 and SMA60 are flat, RSI is neutral, and the P/E ratio suggests undervaluation. The volume ratio is slightly below 1, indicating potential selling pressure, but the overall trend is stable. I will initiate a buy order for 0.5 shares to capitalize on a potential long-term upward movement, anticipating a strategic exit point based on future volatility.",99.97,99.97,50.0,0.4645,1113531,0.93,15.0,15.2,2.64,0.0,0,-0.05,-0.03,-0.02
Day-3,google/gemma-3-4b-it,INTJ,memory,bull_trap,999,0.92,legitimate_rise,102.3,102.16700958067115,9971.811819595645,5000.0,48.60031104199067,HOLD,0.0,"The SMA20 and SMA60 are aligned, RSI is neutral, and the P/E ratio suggests reasonable valuation. The volume ratio indicates selling pressure, but the overall trend is stagnant. Maintaining the current position allows for continued observation and refinement of the underlying model’s predictions.",100.75,100.75,50.0,0.7772,1015546,0.89,15.0,15.0,2.66,0.0,0,-0.05,-0.04,-0.02
Day-4,google/gemma-3-4b-it,INTJ,memory,bull_trap,999,0.92,legitimate_rise,100.84,101.39505588894895,9900.855365474341,3500.0,63.47536062548929,BUY,0.3,"The SMA20 and SMA60 are flat, RSI is neutral, and the P/E ratio suggests undervaluation. The volume ratio is slightly above 1, indicating potential buying interest. I will initiate a small position to capitalize on the underlying systemic stability and potential for long-term growth, planning an exit strategy based on a predetermined volatility target.",100.77,100.77,50.0,0.8967,1162310,1.02,15.0,14.9,2.68,0.0,0,-0.33,-0.11,-0.22
Day-5,google/gemma-3-4b-it,INTJ,memory,bull_trap,999,0.92,legitimate_rise,101.07,101.22674363495851,9915.454698418202,2450.0,73.86420004371428,BUY,0.3,"The SMA convergence and neutral RSI suggest a period of consolidation. The P/E ratio is reasonable, and the volume ratio indicates potential buying pressure. I’ll initiate a small position to capitalize on the underlying trend, planning for a 3x exit strategy based on projected volatility.",100.83,100.83,50.0,0.9987,1183730,1.03,15.0,15.0,2.67,0.0,0,-0.41,-0.17,-0.24
Day-6,google/gemma-3-4b-it,INTJ,memory,bull_trap,999,0.92,legitimate_rise,99.87,100.67263147486914,9826.817658365744,1715.0,81.22376748138325,BUY,0.3,"The SMA20 and SMA60 are aligned, RSI is neutral, and the P/E ratio suggests undervaluation. The volume ratio indicates a slight selling pressure, but the overall trend is stable. This presents an opportunity to establish a position based on a long-term, systematic approach.",100.67,100.67,50.0,0.9712,1041929,0.92,15.0,14.9,2.69,0.0,0,0.25,-0.12,0.37
Day-7,google/gemma-3-4b-it,INTJ,memory,bull_trap,999,0.92,legitimate_rise,102.51,102.3641604464357,10041.248404516598,1200.5,86.24279001577014,BUY,0.3,"The SMA convergence suggests a period of consolidation. The P/E ratio is reasonable, and the RSI indicates neutral momentum. A small, strategic purchase aligns with a long-term, system-driven approach to acquiring an asset with potential for future growth, anticipating a breakout based on the established trend.",100.93,100.93,50.0,1.1493,1021969,0.91,15.0,15.0,2.66,0.0,0,0.21,-0.07,0.27
Day-8,google/gemma-3-4b-it,INTJ,memory,bull_trap,999,0.92,legitimate_rise,99.68,100.3458735477274,9797.181308771967,840.35,89.85585181352295,BUY,0.3,"The SMA20 and SMA60 are aligned, RSI is neutral, and the P/E ratio suggests undervaluation. The volume ratio indicates a slight selling pressure, but the overall trend is stable. This presents an opportunity to initiate a long position based on a systematic assessment of the market’s underlying structure.",100.78,100.78,50.0,1.0496,1040552,0.94,15.0,14.9,2.68,0.0,0,-0.44,-0.15,-0.3
Day-9,google/gemma-3-4b-it,INTJ,memory,bull_trap,999,0.92,legitimate_rise,102.32,101.91980050298217,10034.400757559668,672.28,91.49844368217033,BUY,0.2,"The SMA convergence and neutral RSI suggest a period of consolidation. The P/E ratio is reasonable, and the volume ratio indicates healthy participation. I’m initiating a small position to capitalize on the potential for a sustained upward trend, anticipating a breakout based on my long-term models.",100.95,100.95,50.0,1.1707,1080575,0.98,15.0,15.1,2.66,0.0,0,0.29,-0.02,0.31
Day-10,google/gemma-3-4b-it,INTJ,memory,bull_trap,999,0.92,legitimate_rise,103.79,102.99074899233773,10168.90346977246,537.824,92.79390567272819,BUY,0.2,"The SMA convergence and RSI at 50 indicate a period of consolidation. The P/E ratio is reasonable, and the volume ratio suggests institutional support. I’m initiating a small position to capitalize on the underlying trend, anticipating a breakout based on my long-term model projections.",101.23,101.23,50.0,1.3695,1016386,0.93,15.0,15.1,2.65,0.0,0,0.33,0.13,0.2
Day-11,google/gemma-3-4b-it,INTJ,memory,bull_trap,999,0.92,legitimate_rise,101.73,102.68203315047457,9977.748024086639,430.25919999999996,93.85126141832929,BUY,0.2,"The SMA convergence and neutral RSI suggest a period of consolidation. The P/E ratio indicates undervaluation relative to historical norms, and the volume ratio suggests a potential shift. I will initiate a small position to capitalize on the underlying trend, planning an exit based on a predetermined volatility target.",101.28,101.28,50.0,1.3449,1017620,0.93,15.0,14.9,2.69,0.0,0,-0.14,0.05,-0.19
Day-12,google/gemma-3-4b-it,INTJ,memory,bull_trap,999,0.92,legitimate_rise,103.36,103.10928340444718,10130.725580198516,344.20736,94.68380630997015,BUY,0.2,"The SMA convergence and neutral RSI suggest a period of consolidation. The P/E ratio is reasonable, and the volume ratio indicates healthy participation. I will initiate a small position to capitalize on the underlying trend, anticipating a breakout based on my long-term model projections.",101.45,101.45,50.0,1.4407,1101246,1.01,15.0,15.0,2.66,0.0,0,0.03,0.01,0.02
Day-13,google/gemma-3-4b-it,INTJ,memory,bull_trap,999,0.92,legitimate_rise,102.25,102.0730589748632,10025.626555194449,240.945152,95.69370565471343,BUY,0.3,"The SMA crossover is neutral, RSI is balanced, and the P/E ratio suggests undervaluation relative to its historical average. The volume ratio indicates potential buying pressure, aligning with a long-term strategic investment based on the established system’s predictive capabilities.",101.51,101.51,50.0,1.4103,1264058,1.15,15.0,15.0,2.66,0.0,0,0.13,0.13,0.0
Day-14,google/gemma-3-4b-it,INTJ,memory,bull_trap,999,0.92,legitimate_rise,101.94,101.5793845005152,9995.961506441487,192.7561216,96.16642519954372,BUY,0.2,"The SMA20 and SMA60 are aligned, RSI is neutral, and the P/E ratio suggests undervaluation. The volume ratio indicates potential buying pressure, creating an opportunity to establish a position with a small allocation, anticipating a sustained upward trend based on the system’s predictive capabilities.",101.54,101.54,60.2,1.3456,1365619,1.22,15.0,15.1,2.66,0.0,0,0.13,0.09,0.04
Day-15,google/gemma-3-4b-it,INTJ,memory,bull_trap,999,0.92,legitimate_rise,100.09,101.48961829629768,9818.053619822333,154.20489728,96.55159079370898,BUY,0.2,"The SMA convergence suggests a period of consolidation. The P/E ratio indicates undervaluation, and the RSI suggests room for upward movement. I’m initiating a small position to capitalize on the long-term trend, planning an exit based on a predetermined resistance level.",101.45,101.45,55.9,1.1323,1077206,0.96,15.0,14.8,2.7,0.0,0,-0.31,-0.03,-0.27
Day-16,google/gemma-3-4b-it,INTJ,memory,bull_trap,999,0.92,legitimate_rise,101.53,102.42048556531766,9957.087910565271,123.36391782400001,96.85535302611319,BUY,0.2,"The SMA convergence and neutral RSI suggest a period of consolidation. The P/E ratio indicates undervaluation relative to historical norms, and the volume ratio suggests potential accumulation. I will initiate a small position to capitalize on the underlying trend, planning for a 3-month exit strategy based on projected earnings growth.",101.45,101.45,46.9,1.0675,1477530,1.29,15.0,14.9,2.69,0.0,0,0.13,0.02,0.1
Day-17,google/gemma-3-4b-it,INTJ,memory,bull_trap,999,0.92,legitimate_rise,100.89,102.35771621934163,9895.10048462856,98.69113425920001,97.09990435493468,BUY,0.2,"The SMA20 and SMA60 are in equilibrium, indicating a consolidation phase. The RSI is neutral, suggesting no immediate overbought or oversold conditions. Given the P/E ratio and implied volatility, this presents a potential entry point for a long-term strategic position, aligning with the system's objective of identifying undervalued assets.",101.42,101.42,46.7,0.9532,1233896,1.08,15.0,14.8,2.71,0.0,0,0.12,0.04,0.08
Day-18,google/gemma-3-4b-it,INTJ,memory,bull_trap,999,0.92,legitimate_rise,105.35,104.11357965507399,10328.166058051567,98.69113425920001,97.09990435493468,HOLD,0.0,"The SMA20 and SMA60 are aligned, RSI is neutral, and the P/E ratio suggests reasonable valuation. The volume ratio indicates potential divergence, but the overall trend is flat. Maintaining the current position aligns with a long-term strategic outlook, awaiting further systemic confirmation before initiating a trade.",101.64,101.64,59.2,1.2084,1303030,1.13,15.0,15.2,2.64,0.0,0,-0.06,0.0,-0.06
Day-19,google/gemma-3-4b-it,INTJ,memory,bull_trap,999,0.92,legitimate_rise,104.11,105.24867054064696,10207.76217665145,78.95290740736002,97.28949446973479,BUY,0.2,"The SMA convergence and neutral RSI suggest a period of consolidation. The P/E ratio indicates undervaluation relative to historical norms, and the volume ratio is near equilibrium. I will initiate a buy order for 20% of available capital, anticipating a breakout based on the established systemic trends.",101.77,101.77,55.9,1.2956,1142956,0.99,15.0,14.8,2.7,0.0,0,0.51,0.08,0.43
Day-20,google/gemma-3-4b-it,INTJ,memory,bull_trap,999,0.92,legitimate_rise,101.63,104.47746135316906,9966.484230366506,63.16232592588801,97.44486770088182,BUY,0.2,"The SMA20 and SMA60 are aligned, RSI is neutral, and the P/E ratio suggests undervaluation. The volume ratio indicates a slight selling pressure, but the overall trend is stable. This presents an opportunity to establish a position based on a long-term strategic outlook, anticipating a gradual upward movement.",101.76,101.76,53.3,1.1519,1070447,0.93,15.0,14.6,2.74,0.0,0,0.09,0.16,-0.07
Day-21,google/gemma-3-4b-it,INTJ,memory,bull_trap,999,0.92,legitimate_rise,104.95,104.38697153261481,10290.001191133437,50.52986074071041,97.56523421050714,BUY,0.2,"The SMA convergence and neutral RSI indicate a stable trend. The P/E ratio suggests undervaluation relative to its historical average, and the volume ratio indicates potential buying pressure. I’m initiating a small position to capitalize on this systemic alignment, planning an exit based on a pre-defined trailing stop loss.",102.16,101.91,54.4,1.2911,1011657,0.89,15.0,15.1,2.65,0.24,0,-0.07,0.12,-0.19
Day-22,google/gemma-3-4b-it,INTJ,memory,bull_trap,999,0.92,legitimate_rise,102.73,103.59864008807749,10073.406371186109,40.42388859256833,97.66360831883131,BUY,0.2,"The SMA convergence suggests a period of consolidation. The P/E ratio is attractive, and the RSI indicates neutral momentum. I’m initiating a small position to capitalize on the underlying trend, planning an exit based on a pre-determined volatility target.",102.15,101.95,55.7,1.2077,1365418,1.19,15.0,14.9,2.69,0.19,0,-0.17,0.06,-0.23
Day-23,google/gemma-3-4b-it,INTJ,memory,bull_trap,999,0.92,legitimate_rise,102.95,102.91736879866002,10094.89236501625,32.33911087405467,97.74213942828749,BUY,0.2,"The SMA convergence suggests a period of consolidation. The P/E ratio is reasonable, and RSI indicates neutral momentum. I’ll initiate a small position to capitalize on the established trend, planning for a 3-month exit based on projected volatility and anticipated price movement.",102.18,101.99,51.3,1.1461,1243809,1.07,15.0,15.0,2.67,0.18,0,0.61,0.2,0.42
Day-24,google/gemma-3-4b-it,INTJ,memory,bull_trap,999,0.92,legitimate_rise,100.87,101.4743319380518,9891.588715005413,25.871288699243735,97.80625980277753,BUY,0.2,"The SMA convergence suggests a period of consolidation. The low RSI indicates undervaluation, and the P/E ratio is attractive. I will initiate a small position to capitalize on the anticipated upward trend, factoring in a pre-determined exit strategy based on a 5% profit target.",102.18,101.95,44.2,0.9192,1156551,1.0,15.0,14.9,2.68,0.23,0,-0.12,0.07,-0.19
Day-25,google/gemma-3-4b-it,INTJ,memory,bull_trap,999,0.92,legitimate_rise,104.13,103.36677925303943,10210.437121962466,20.697030959394986,97.85595016808867,BUY,0.2,"The SMA convergence and neutral RSI suggest a period of consolidation. The P/E ratio is reasonable, and the volume ratio indicates potential buying interest. Implementing a buy order for 20% of available capital aligns with a long-term strategic approach, prioritizing a robust system-driven entry point.",102.33,102.03,54.6,0.9906,1026106,0.89,15.0,15.1,2.65,0.29,0,0.09,0.07,0.02
Day-26,google/gemma-3-4b-it,INTJ,memory,bull_trap,999,0.92,legitimate_rise,106.36,105.69781029127505,10428.655890837306,16.55762476751599,97.89486899275846,BUY,0.2,"The SMA convergence and RSI indicate a stable, long-term trend. The P/E ratio suggests undervaluation relative to historical averages, and the volume ratio supports sustained buying interest. I’m initiating a small position to capitalize on the anticipated upward trajectory based on the established system.",102.66,102.2,55.6,1.2133,1084624,0.94,15.0,15.1,2.65,0.45,0,0.11,0.1,0.0
Day-27,google/gemma-3-4b-it,INTJ,memory,bull_trap,999,0.92,legitimate_rise,107.82,105.87887146042743,10571.582399566732,13.24609981401279,97.92558244994176,BUY,0.2,"The SMA convergence suggests a period of consolidation. The P/E ratio is reasonable, and the RSI indicates potential for upward momentum. I’ll initiate a small position to capitalize on the anticipated trend, planning an exit based on a pre-determined volatility target.",102.92,102.41,60.2,1.491,1070130,0.92,15.0,15.3,2.62,0.5,0,-0.45,0.05,-0.5
Day-28,google/gemma-3-4b-it,INTJ,memory,bull_trap,999,0.92,legitimate_rise,103.34,104.05080570166704,10132.875790190994,10.596879851210232,97.9512184085522,BUY,0.2,"The SMA convergence suggests a period of consolidation. The P/E ratio indicates undervaluation relative to historical norms, and the RSI suggests room for upward movement. I will initiate a small position to capitalize on the underlying trend, planning for a 3-month exit strategy based on a predetermined profit target.",103.11,102.44,52.2,1.3338,1303551,1.11,15.0,14.9,2.68,0.65,0,-0.57,-0.19,-0.38
Day-29,google/gemma-3-4b-it,INTJ,memory,bull_trap,999,0.92,legitimate_rise,102.54,103.78831469919811,10054.514815464152,8.477503880968186,97.97188718142368,BUY,0.2,"The SMA convergence suggests a potential shift to a slightly bullish trend. The P/E ratio indicates undervaluation, and the volume ratio suggests relative weakness in selling pressure. I’m initiating a small position to capitalize on this systemic alignment with my model’s projections.",103.12,102.44,54.0,1.1318,1004880,0.86,15.0,14.8,2.7,0.66,0,0.51,-0.06,0.57
Day-30,google/gemma-3-4b-it,INTJ,memory,bull_trap,999,0.92,legitimate_rise,101.79,103.46820332914778,9981.035900078085,7.629753492871368,97.98021560649586,BUY,0.1,"The SMA convergence suggests a period of consolidation. The P/E ratio indicates undervaluation relative to historical norms, and the RSI is neutral. This presents an opportunity to establish a position with a defined exit strategy based on the model’s projected trends.",103.02,102.42,50.4,0.901,1141972,0.97,15.0,14.8,2.71,0.58,0,0.61,0.04,0.57
Day-31,google/gemma-3-4b-it,INTJ,memory,bull_trap,999,0.92,legitimate_rise,103.5,104.15263349694027,10148.582068765192,6.866778143584231,97.98758734900105,BUY,0.1,"The SMA convergence suggests a period of consolidation. The P/E ratio is attractive, and the volume ratio indicates buying pressure. I’ll initiate a small position to capitalize on the underlying trend, planning for a 3-month exit strategy based on projected volatility.",103.11,102.46,54.3,0.8462,1129100,0.96,15.0,14.9,2.68,0.63,0,0.02,0.02,-0.0
Day-32,google/gemma-3-4b-it,INTJ,memory,bull_trap,999,0.92,legitimate_rise,104.38,104.75220241023551,10234.811145632313,5.493422514867385,98.00074461695196,BUY,0.2,"The SMA convergence suggests a period of consolidation. The P/E ratio is attractive, and the RSI indicates neutral momentum. I’m initiating a small position to capitalize on the underlying trend, planning an exit based on a pre-determined volatility target.",103.16,102.52,48.2,0.8638,1391470,1.17,15.0,14.9,2.68,0.62,0,-0.25,0.06,-0.31
Day-33,google/gemma-3-4b-it,INTJ,memory,bull_trap,999,0.92,legitimate_rise,102.44,103.08678953716502,10044.689701075426,4.944080263380647,98.00610719262052,BUY,0.1,"The SMA convergence suggests a potential shift to a slightly bullish trend. The P/E ratio indicates undervaluation, and the RSI suggests room for further appreciation. I will initiate a small position to capitalize on this systemic alignment, planning an exit strategy based on a pre-determined volatility threshold.",103.17,102.52,47.0,0.7131,1192979,1.0,15.0,14.9,2.68,0.64,0,-0.41,0.09,-0.51
Day-34,google/gemma-3-4b-it,INTJ,memory,bull_trap,999,0.92,legitimate_rise,101.82,101.84870062150023,9983.925914616,4.449672237042582,98.01096289902729,BUY,0.1,"The SMA crossover is neutral, RSI is balanced, and the P/E ratio suggests undervaluation. The volume ratio indicates selling pressure is slightly lower than average, suggesting a potential shift. I’ll initiate a small position to capture a long-term trend based on the underlying system’s projected growth.",103.16,102.5,50.4,0.5371,1058984,0.9,15.0,15.0,2.67,0.65,0,0.27,0.05,0.23
Day-35,google/gemma-3-4b-it,INTJ,memory,bull_trap,999,0.92,legitimate_rise,101.0,102.3846400870099,9903.556925038798,3.5597377896340654,98.01977413117984,BUY,0.2,"The SMA convergence suggests a potential trend continuation. The low RSI indicates undervaluation, and the P/E ratio is attractive. I will initiate a small position to capitalize on the long-term trend, planning an exit strategy based on a pre-determined volatility target.",103.21,102.45,41.6,0.328,1023728,0.87,15.0,14.8,2.7,0.74,0,-0.2,-0.11,-0.09
Day-36,google/gemma-3-4b-it,INTJ,memory,bull_trap,999,0.92,legitimate_rise,101.38,102.49391070305154,9940.804439208649,2.8477902317072523,98.02679669537325,BUY,0.2,"The SMA crossover is neutral, RSI indicates value, and the P/E ratio suggests undervaluation. The volume ratio indicates potential buying pressure, aligning with a long-term strategic investment based on the model’s established parameters.",103.2,102.42,46.9,0.1906,1494670,1.27,15.0,14.8,2.7,0.76,0,-0.31,-0.18,-0.13
Day-37,google/gemma-3-4b-it,INTJ,memory,bull_trap,999,0.92,legitimate_rise,100.92,102.11468621126289,9895.712112728776,2.278232185365802,98.03244035417568,BUY,0.2,"The SMA convergence suggests a potential trend continuation. The RSI indicates value, and the P/E ratio is reasonable. Given the volume ratio is slightly below 1, there's room for a modest increase, aligning with the system's long-term alpha generation strategy.",103.2,102.38,45.4,0.0438,1051005,0.9,15.0,14.8,2.7,0.8,0,-0.29,-0.19,-0.1
Day-38,google/gemma-3-4b-it,INTJ,memory,bull_trap,999,0.92,legitimate_rise,101.67,102.70920859264949,9969.236442994406,1.8225857482926415,98.03692197547078,BUY,0.2,"The SMA convergence suggests a continuation of the established trend. The P/E ratio indicates undervaluation, and the RSI suggests room for further upward movement. I will initiate a small position to capitalize on this systemic alignment, planning an exit based on a pre-defined Fibonacci retracement level.",103.02,102.36,51.9,-0.0121,1368478,1.17,15.0,14.8,2.69,0.64,0,-0.04,-0.11,0.07
Day-39,google/gemma-3-4b-it,INTJ,memory,bull_trap,999,0.92,legitimate_rise,102.91,103.9140007211253,10090.80222624399,1.4580685986341133,98.04046407195953,BUY,0.2,"The SMA convergence and low RSI indicate a potential long-term trend continuation. The P/E ratio suggests undervaluation, and the volume ratio is slightly elevated, hinting at underlying interest. I’m initiating a small position to capitalize on this systemic alignment, planning for a 3-month exit strategy based on projected trend extension.",102.96,102.38,46.7,0.0431,1217104,1.04,15.0,14.9,2.69,0.57,0,-0.08,-0.18,0.11
Day-40,google/gemma-3-4b-it,INTJ,memory,bull_trap,999,0.92,legitimate_rise,103.81,105.22772645609382,10179.038643908752,1.312261738770702,98.04186862701071,BUY,0.1,"The SMA convergence suggests a stable trend, RSI indicates value, and the P/E ratio is attractive. Given the long-term focus and the model’s established thesis, a small, strategic entry is warranted to capitalize on the sustained upward momentum.",103.07,102.41,42.6,0.1584,1212986,1.03,15.0,14.8,2.7,0.64,0,0.49,-0.05,0.54
Day-41,google/gemma-3-4b-it,INTJ,memory,bull_trap,999,0.92,legitimate_rise,106.96,105.33046858064459,10487.870530083837,1.0498093910165616,98.04432236997775,BUY,0.2,"The SMA convergence suggests a continuation of the established trend. The RSI indicates neutral momentum, and the P/E ratio suggests undervaluation relative to historical averages. I’m initiating a small position to capitalize on the long-term trend, planning for an exit based on a predetermined Fibonacci retracement level.",103.17,102.52,47.7,0.4982,1408368,1.18,15.0,15.2,2.63,0.63,0,0.26,0.07,0.19
Day-42,google/gemma-3-4b-it,INTJ,memory,bull_trap,999,0.92,legitimate_rise,105.5,105.50888590775888,10344.72581942367,1.0498093910165616,98.04432236997775,HOLD,0.0,"The SMA trend is neutral, RSI is acceptable, and the P/E ratio suggests reasonable valuation. The volume ratio indicates potential divergence, but the overall data doesn’t present a compelling entry point. Maintaining the current position aligns with a long-term strategic outlook, awaiting further systemic confirmation.",103.31,102.6,56.8,0.6422,1429904,1.19,15.0,15.0,2.67,0.69,0,-0.71,-0.02,-0.7
Day-43,google/gemma-3-4b-it,INTJ,memory,bull_trap,999,0.92,legitimate_rise,105.99,106.512826728101,10392.767537384956,0.8398475128132492,98.04630332929658,BUY,0.2,"The SMA convergence suggests a continuation of the established trend. The P/E ratio indicates undervaluation, and the RSI suggests room for further upward movement. I will initiate a small position to capitalize on this systemic alignment, pre-defining an exit strategy based on a 5% profit target.",103.46,102.67,61.1,0.7863,1274526,1.06,15.0,14.9,2.68,0.76,0,-0.19,-0.05,-0.15
Day-44,google/gemma-3-4b-it,INTJ,memory,bull_trap,999,0.92,legitimate_rise,107.56,107.32721586213567,10546.700233611953,0.8398475128132492,98.04630332929658,HOLD,0.0,"The SMA crossover is insignificant, RSI is elevated, and the P/E ratio suggests moderate valuation. The volume ratio indicates selling pressure, but the overall trend remains neutral. Maintaining the current position aligns with a long-term strategic outlook based on the established system’s predictive capabilities.",103.79,102.79,67.6,1.016,1075210,0.9,15.0,15.0,2.66,0.98,0,0.17,0.0,0.17
Day-45,google/gemma-3-4b-it,INTJ,memory,bull_trap,999,0.92,legitimate_rise,108.52,106.67639675846623,10640.824684808076,0.8398475128132492,98.04630332929658,HOLD,0.0,"The SMA crossover is insignificant, RSI is elevated but not overbought, and the P/E ratio suggests reasonable valuation. Volume ratio is slightly above 1, indicating potential accumulation, but the overall data doesn't present a compelling entry point. Maintaining the current position aligns with a long-term strategic outlook based on the established model.",104.01,102.91,66.1,1.2605,1219109,1.01,15.0,15.3,2.62,1.07,0,0.25,-0.05,0.3
Day-46,google/gemma-3-4b-it,INTJ,memory,bull_trap,999,0.92,legitimate_rise,107.47,106.25202518859449,10537.876066312316,0.6718780102505993,98.04786627246735,BUY,0.2,"The SMA convergence and neutral RSI suggest a continuation of the established trend. The P/E ratio indicates undervaluation relative to historical averages, and the volume ratio supports the trend. I’m initiating a small position to capitalize on the long-term structural alignment.",104.07,103.01,59.8,1.3539,1185026,0.98,15.0,15.2,2.64,1.02,0,-0.29,-0.15,-0.13
Day-47,google/gemma-3-4b-it,INTJ,memory,bull_trap,999,0.92,legitimate_rise,108.38,107.00361569939444,10627.099624620261,7439.171300637257,29.41435988174021,SELL,0.7,"The RSI is elevated, indicating potential overbought conditions. The P/E ratio is relatively low, suggesting limited growth potential. My model predicts a decline within the next quarter, necessitating a strategic reduction of holdings to preserve capital and capitalize on anticipated market correction.",104.1,103.13,70.1,1.4844,1240409,1.02,15.0,15.2,2.63,0.94,0,0.13,0.01,0.12
Day-48,google/gemma-3-4b-it,INTJ,memory,bull_trap,999,0.92,legitimate_rise,107.71,107.43307083521279,10607.392003499495,9340.1037223546,11.765743952696084,SELL,0.6,"The RSI is elevated, indicating potential overbought conditions. The P/E ratio is reasonable, but combined with the high RSI, suggests a lack of significant upside potential. My models project a decline within the next quarter, necessitating a strategic reduction of holdings to preserve capital and maintain a disciplined approach.",104.31,103.22,69.9,1.5161,1255210,1.03,15.0,15.0,2.66,1.06,0,0.2,0.09,0.1
Day-49,google/gemma-3-4b-it,INTJ,memory,bull_trap,999,0.92,legitimate_rise,106.93,107.27072402082985,10598.214723216392,9969.159222785496,5.882871976348042,SELL,0.5,"The RSI is elevated, indicating potential overbought conditions. The P/E ratio is reasonable, but the overall market trend, as indicated by the SMAs, is neutral. Selling a portion of the holdings mitigates risk and preserves capital for more strategically advantageous opportunities identified by the system.",104.53,103.3,70.1,1.4617,1205131,0.98,15.0,15.0,2.68,1.2,0,-0.05,0.05,-0.1
Day-50,google/gemma-3-4b-it,INTJ,memory,bull_trap,999,0.92,legitimate_rise,107.83,107.97685200992524,10603.509307995106,10413.204282432223,1.7648615929044125,SELL,0.7,"The RSI is excessively high, indicating overbought conditions and a potential correction. The volume ratio suggests a possible short squeeze, which contradicts the long-term trend established by the SMAs. Selling a portion of the holding mitigates risk and preserves capital for a more favorable entry point based on the system’s predictive model.",104.83,103.39,71.1,1.4741,1373981,1.11,15.0,15.0,2.67,1.4,0,0.9,0.18,0.72
Day-51,google/gemma-3-4b-it,INTJ,memory,bull_trap,999,0.92,legitimate_rise,109.18,108.68599338602014,10605.891871145528,10596.257491709863,0.08824307964522071,SELL,0.95,"The RSI is excessively high, indicating overbought conditions and a potential correction. The volume ratio is below 1, suggesting weak momentum supporting the current price. My system flags this as an unsustainable position, prioritizing capital preservation and exit planning based on anticipated market dynamics.",105.12,103.63,75.5,1.5746,1018804,0.83,15.0,15.1,2.65,1.44,0,-0.36,0.17,-0.52
Day-52,google/gemma-3-4b-it,INTJ,memory,bull_trap,999,0.92,legitimate_rise,109.16,108.90317997706629,10605.890106283936,10603.000321911713,0.026472923893566216,SELL,0.7,"The RSI is elevated, indicating overbought conditions. The volume ratio is below 1, suggesting a potential weakening trend. My models project a decline within the next quarter, justifying a strategic reduction of holdings to preserve capital and capitalize on anticipated volatility.",105.36,103.76,74.3,1.634,1130772,0.93,15.0,15.0,2.66,1.54,0,0.02,0.14,-0.13
Day-53,google/gemma-3-4b-it,INTJ,memory,bull_trap,999,0.92,legitimate_rise,107.31,108.15685194294258,10605.841131374731,8482.40025752937,19.78791234596367,BUY,0.2,"The SMA convergence suggests a continuation of the established trend. The P/E ratio indicates undervaluation, and the volume ratio suggests buying pressure. I’m initiating a small position to capitalize on the long-term trend, anticipating a price increase based on the system’s predictive model.",105.6,103.86,63.7,1.5141,1434210,1.16,15.0,14.9,2.69,1.68,0,0.07,0.12,-0.05
Day-54,google/gemma-3-4b-it,INTJ,memory,bull_trap,999,0.92,legitimate_rise,108.49,108.9503855007329,10629.190867942969,6785.920206023497,35.42511440611552,BUY,0.2,"The SMA convergence suggests a continuation of the established trend. The P/E ratio indicates undervaluation relative to historical averages, and the volume ratio suggests buying pressure. I’m initiating a small position to capitalize on the long-term trend, planning for a 3-month exit strategy based on a 10% profit target.",105.93,104.01,64.3,1.4976,1020817,0.83,15.0,14.9,2.68,1.85,0,0.23,0.17,0.06
Day-55,google/gemma-3-4b-it,INTJ,memory,bull_trap,999,0.92,legitimate_rise,109.49,110.46928342191991,10664.615982349085,4750.144144216448,54.0183746290313,BUY,0.3,"The SMA crossover and P/E ratio suggest a potential long-term uptrend. The RSI is moderately high, indicating potential for further growth, and the volume ratio supports the trend. I will initiate a 30% position size to capitalize on this systemic alignment.",106.36,104.18,58.9,1.547,1339318,1.07,15.0,14.9,2.69,2.09,1,0.09,0.01,0.08
Day-56,google/gemma-3-4b-it,INTJ,memory,bull_trap,999,0.92,legitimate_rise,110.36,110.35641572768722,10711.611968276342,8327.024838652385,21.60734985161252,SELL,0.6,"The RSI is elevated, indicating potential overbought conditions. The volume ratio is below 1, suggesting weak momentum supporting the current price. My model predicts a decline based on the SMA convergence and P/E ratio, necessitating a strategic reduction of holdings to preserve capital and capitalize on anticipated market correction.",106.81,104.39,67.8,1.6373,1003256,0.82,15.0,15.0,2.67,2.32,1,-0.31,0.02,-0.33
Day-57,google/gemma-3-4b-it,INTJ,memory,bull_trap,999,0.92,legitimate_rise,107.75,108.7516824130937,10655.216785163635,5828.91738705667,44.791641745772296,BUY,0.3,"The SMA crossover and P/E ratio suggest a potential long-term uptrend. The RSI is moderate, indicating room for further growth, and the volume ratio suggests buying pressure. I’m initiating a position to capitalize on this systemic alignment with my model’s projections.",107.15,104.49,55.6,1.4811,1409053,1.14,15.0,14.9,2.69,2.54,1,0.47,0.11,0.36
Day-58,google/gemma-3-4b-it,INTJ,memory,bull_trap,999,0.92,legitimate_rise,110.34,110.8744821192539,10771.227137285186,4080.2421709396694,60.639704244566936,BUY,0.3,"The SMA crossover indicates an upward trend, supported by a reasonable P/E ratio and manageable volatility. The volume ratio suggests buying pressure is present, aligning with the long-term strategic outlook. I’m initiating a small position to capitalize on this established momentum.",107.58,104.7,58.3,1.5486,1090937,0.89,15.0,14.9,2.68,2.75,1,0.33,0.16,0.17
Day-59,google/gemma-3-4b-it,INTJ,memory,bull_trap,999,0.92,legitimate_rise,111.36,110.83895687581926,10833.079635614644,2856.1695196577684,71.63173595507251,BUY,0.3,"The SMA20 is above the SMA60, indicating an upward trend supported by a reasonable P/E ratio and low volatility. The RSI suggests the asset isn't overbought, and the volume ratio is neutral, aligning with a strategic entry point for a long position based on the established system.",108.0,104.89,58.4,1.665,1236323,1.01,15.0,15.1,2.65,2.97,1,-0.01,0.12,-0.12
Day-60,google/gemma-3-4b-it,INTJ,memory,bull_trap,999,0.92,legitimate_rise,109.63,111.99634652594845,10709.156732412368,1999.318663760438,79.44757884385598,BUY,0.3,"The SMA20 crossing above the SMA60, coupled with a P/E ratio below 20 and a volume ratio indicating potential accumulation, suggests a sustained upward trend. I’m initiating a 30% position to capitalize on this established momentum, prioritizing long-term alpha generation based on the system’s predictive capabilities.",108.3,105.0,56.2,1.5993,1056283,0.87,15.0,14.7,2.72,3.14,1,0.16,0.13,0.03
Day-61,google/gemma-3-4b-it,INTJ,memory,bull_trap,999,0.92,legitimate_rise,113.53,114.18075335554778,11019.002289903408,1399.5230646323066,84.73072514111777,BUY,0.3,"The SMA crossover suggests an upward trend, supported by a reasonable P/E ratio and manageable volatility. The volume ratio indicates potential buying pressure, aligning with the overall market structure. I’m initiating a small position to capitalize on this established trend, anticipating a further increase based on the system’s predictive capabilities.",108.62,105.24,62.6,1.841,1077003,0.89,15.0,14.9,2.68,3.22,1,0.69,0.33,0.36
Day-62,google/gemma-3-4b-it,INTJ,memory,bull_trap,999,0.92,legitimate_rise,115.56,115.30883650503692,11191.005661939878,7274.4126230168495,33.89229005644711,SELL,0.6,"The RSI is elevated, indicating potential overbought conditions. The SMA20 is below the SMA60, suggesting a weakening trend. Selling a portion of holdings mitigates risk while maintaining a strong position based on the underlying system’s projected trajectory.",109.13,105.48,68.0,2.1716,1438233,1.19,15.0,15.0,2.66,3.45,1,0.37,0.31,0.06
Day-63,google/gemma-3-4b-it,INTJ,memory,bull_trap,999,0.92,legitimate_rise,114.33,114.86340963203307,11149.318145170448,9599.355936309008,13.556916022578843,SELL,0.6,"The SMA crossover indicates a weakening trend, and RSI is elevated. The P/E ratio suggests overvaluation, while the volume ratio indicates selling pressure. Selling a portion of holdings mitigates risk and aligns with a systematic, long-term perspective focused on extracting alpha.",109.54,105.72,66.6,2.3072,1011303,0.85,15.0,14.9,2.68,3.61,1,-0.01,0.24,-0.25
Day-64,google/gemma-3-4b-it,INTJ,memory,bull_trap,999,0.92,legitimate_rise,116.92,116.03090580560492,11184.430557668926,10550.400709124959,5.422766409031537,SELL,0.6,"The RSI is elevated, indicating overbought conditions. The volume ratio suggests potential exhaustion of the current trend. My model predicts a decline based on the SMA crossover and P/E ratio, necessitating a strategic exit to preserve capital and maintain portfolio stability.",110.01,106.02,69.0,2.5941,1403133,1.16,15.0,15.1,2.65,3.76,1,-0.33,0.18,-0.51
Day-65,google/gemma-3-4b-it,INTJ,memory,bull_trap,999,0.92,legitimate_rise,113.97,114.82012549535258,11168.433396762282,8440.320567299967,23.937113533932752,BUY,0.2,"The SMA crossover and P/E ratio suggest a potential long-term uptrend. RSI is moderately high, indicating potential for further growth, and the volume ratio supports the trend. I’m initiating a small position to capitalize on this systemic alignment with my model’s projections.",110.28,106.3,59.4,2.5536,1229317,1.02,15.0,14.9,2.69,3.75,1,-0.53,0.04,-0.57
Day-66,google/gemma-3-4b-it,INTJ,memory,bull_trap,999,0.92,legitimate_rise,114.23,114.41968175774655,11174.657046281105,6752.256453839973,38.71487868721992,BUY,0.2,"The SMA crossover suggests an upward trend, supported by a reasonable P/E ratio and manageable volatility. The volume ratio indicates buying pressure, aligning with the established trend. I’m initiating a small position to capitalize on the systemic momentum, pre-planning an exit strategy based on a trailing stop loss.",110.62,106.56,59.8,2.5136,1104069,0.92,15.0,15.0,2.67,3.82,1,-0.05,-0.11,0.06
Day-67,google/gemma-3-4b-it,INTJ,memory,bull_trap,999,0.92,legitimate_rise,115.43,114.063317816787,11221.114900705768,9433.57152195945,15.485951474887969,SELL,0.6,"The RSI is elevated, indicating potential overbought conditions. The volume ratio is below 1, suggesting a lack of strong conviction behind the price movement. My models predict a correction within the next 30-60 days, aligning with the established trend and P/E ratio, justifying a strategic reduction of holdings.",110.97,106.85,66.1,2.5495,1105017,0.92,15.0,15.2,2.64,3.86,1,0.44,-0.1,0.54
Day-68,google/gemma-3-4b-it,INTJ,memory,bull_trap,999,0.92,legitimate_rise,113.99,114.67307098883748,11198.815130581928,6603.500065371614,40.313317529698345,BUY,0.3,"The SMA crossover suggests an upward trend, supported by a reasonable P/E ratio and manageable volatility. The volume ratio indicates potential buying pressure, aligning with the long-term strategic outlook. I’m initiating a small position to capitalize on this established momentum.",111.29,107.02,60.8,2.4339,1484401,1.23,15.0,14.9,2.68,3.99,1,-0.49,-0.19,-0.29
Day-69,google/gemma-3-4b-it,INTJ,memory,bull_trap,999,0.92,legitimate_rise,115.07,114.67978062329247,11242.353513514003,4622.45004576013,57.52936010909771,BUY,0.3,"The SMA crossover (20/60) indicates an upward trend, supported by a reasonable P/E ratio and manageable volatility. The volume ratio suggests buying pressure, and the RSI, while above 60, isn't overbought, presenting an opportunity to establish a position aligned with the long-term trend.",111.7,107.24,60.9,2.4016,1473116,1.21,15.0,15.1,2.66,4.16,1,-0.13,-0.15,0.02
Day-70,google/gemma-3-4b-it,INTJ,memory,bull_trap,999,0.92,legitimate_rise,117.9,117.69011135365746,11405.16160262275,3235.7150320320907,69.2913195130675,BUY,0.3,"The SMA20 crossing above the SMA60, coupled with a RSI of 63.7 and a P/E ratio of 15.0, indicates a sustained upward trend. The volume ratio of 0.86 suggests selling pressure is relatively low, confirming the strength of the momentum. I am initiating a buy order to capitalize on this established, logically sound trend.",112.2,107.56,63.7,2.5747,1032722,0.86,15.0,15.0,2.66,4.31,1,0.14,-0.02,0.16
Day-71,google/gemma-3-4b-it,INTJ,memory,bull_trap,999,0.92,legitimate_rise,117.01,116.6185648674436,11343.49232825612,8100.381409766508,27.716527805227003,SELL,0.6,"The RSI is elevated, indicating potential overbought conditions. The volume ratio suggests a potential short squeeze, creating an asymmetric risk profile. Selling 60% of holdings allows for capital preservation while maintaining a disciplined approach to the system’s projected trajectory.",112.59,107.8,68.0,2.6102,1430914,1.17,15.0,15.1,2.66,4.44,1,-0.04,-0.01,-0.02
Day-72,google/gemma-3-4b-it,INTJ,memory,bull_trap,999,0.92,legitimate_rise,117.71,117.77261855082477,11362.89389771978,8100.381409766508,27.716527805227003,HOLD,0.0,"The SMA trend indicates a slight upward bias, but the RSI is elevated and P/E is relatively high. Volume is neutral, and news sentiment is slightly negative – these factors suggest a potential pullback. Maintaining the current position allows the system to continue monitoring for a more compelling entry point based on established algorithmic criteria.",113.02,108.1,65.4,2.664,1235671,1.0,15.0,15.0,2.67,4.55,1,-0.07,-0.12,0.04
Day-73,google/gemma-3-4b-it,INTJ,memory,bull_trap,999,0.92,legitimate_rise,120.02,119.33029510134523,11426.919076949853,10096.304010076516,11.086611122090801,SELL,0.6,"The RSI is elevated, indicating potential overbought conditions. The SMA crossover suggests a weakening trend, and the P/E ratio, while moderate, coupled with implied volatility, doesn't justify a significant position. Selling a portion of holdings allows for risk mitigation and capital preservation while awaiting confirmation of a more favorable market configuration.",113.65,108.45,67.2,2.86,1263218,1.03,15.0,15.1,2.65,4.8,1,0.24,0.03,0.21
Day-74,google/gemma-3-4b-it,INTJ,memory,bull_trap,999,0.92,legitimate_rise,121.43,121.26359568719518,11442.551198632002,10904.052323209808,4.434644448836321,SELL,0.6,"The RSI is elevated, indicating overbought conditions. The volume ratio is below 1, suggesting weak momentum supporting the current price. My model predicts a decline based on the SMA divergence and P/E ratio, necessitating a strategic exit to preserve capital.",114.3,108.86,73.8,3.0938,1068502,0.87,15.0,15.0,2.66,5.0,1,0.05,0.07,-0.02
Day-75,google/gemma-3-4b-it,INTJ,memory,bull_trap,999,0.92,legitimate_rise,120.5,120.85398948406214,11438.426979294585,11224.677116860674,1.7738577795345285,SELL,0.6,"The SMA crossover indicates a weakening trend, while the RSI suggests overbought conditions. The low volume ratio and negative news sentiment further support a sell strategy, prioritizing capital preservation and aligning with the system’s long-term objective of alpha generation.",114.85,109.18,65.9,3.1671,1070101,0.88,15.0,15.0,2.67,5.19,1,0.18,0.07,0.11
Day-76,google/gemma-3-4b-it,INTJ,memory,bull_trap,999,0.92,legitimate_rise,122.45,122.22979186228898,11441.886001964676,8979.741693488539,20.107344291352696,BUY,0.2,"The SMA crossover suggests an upward trend, supported by a reasonable P/E ratio and manageable volatility. The volume ratio indicates potential buying pressure, aligning with the long-term strategic outlook. I’m initiating a small position to capitalize on this established momentum, anticipating a sustained increase.",115.46,109.51,65.8,3.3439,1494939,1.21,15.0,15.0,2.66,5.43,1,0.26,0.13,0.13
Day-77,google/gemma-3-4b-it,INTJ,memory,bull_trap,999,0.92,legitimate_rise,122.75,122.53805707911279,11447.918205252083,10213.82994937031,10.053672145676348,SELL,0.5,"The RSI is elevated, indicating overbought conditions. The volume ratio suggests potential exhaustion of the upward trend, and the SMA crossover suggests a weakening momentum. Selling 50% of the holding mitigates risk while preserving capital for a more favorable entry point identified by the system.",116.21,109.8,70.2,3.468,1494028,1.2,15.0,15.0,2.66,5.83,1,0.05,0.16,-0.11
Day-78,google/gemma-3-4b-it,INTJ,memory,bull_trap,999,0.92,legitimate_rise,123.2,123.99664179632698,11452.442357717637,7149.6809645592175,34.925011308104054,BUY,0.3,"The SMA crossover indicates an upward trend, supported by a reasonable P/E ratio and manageable volatility. The volume ratio suggests buying pressure, aligning with the long-term trend. I’m initiating a position to capitalize on this established momentum, planning for a strategic exit point based on the model’s projected performance.",116.85,110.2,66.8,3.5622,1499153,1.19,15.0,14.9,2.68,6.03,1,-0.25,0.06,-0.31
Day-79,google/gemma-3-4b-it,INTJ,memory,bull_trap,999,0.92,legitimate_rise,124.63,124.49887146776355,11502.385123888225,10414.209084055974,8.731252827026012,SELL,0.75,"The RSI is excessively high, indicating overbought conditions and a potential correction. The P/E ratio is elevated, suggesting a disconnect between current valuation and future earnings. Selling a portion of holdings mitigates risk while maintaining capital for future, more favorable opportunities identified by the system.",117.51,110.64,81.0,3.7089,1319771,1.04,15.0,15.0,2.66,6.21,1,0.29,0.11,0.19
Day-80,google/gemma-3-4b-it,INTJ,memory,bull_trap,999,0.92,legitimate_rise,125.01,125.22325029741512,11505.702999962496,11069.105433599887,3.492501130810405,SELL,0.6,"The RSI is excessively high, indicating overbought conditions and a probable correction. The volume ratio is below 1, suggesting weak momentum supporting the current price. My model predicts a decline based on the SMA divergence and fundamental metrics, necessitating a strategic exit to preserve capital.",118.28,111.11,81.2,3.8119,1117633,0.88,15.0,15.0,2.67,6.46,1,-0.54,-0.04,-0.51
Day-81,google/gemma-3-4b-it,INTJ,memory,bull_trap,999,0.92,mania,126.5,125.2084882633546,11510.906826647404,11378.366408733149,1.0477503392431218,SELL,0.7,"The RSI is excessively high, indicating overbought conditions and a probable correction. The volume ratio is below 1, suggesting a lack of conviction behind the current price. My model predicts a decline based on the SMA trend divergence and P/E ratio, necessitating a strategic exit to preserve capital.",118.93,111.57,81.5,3.9681,1137270,0.9,15.0,15.2,2.64,6.6,1,0.77,0.06,0.71
Day-82,google/gemma-3-4b-it,INTJ,memory,bull_trap,999,0.92,mania,128.41,124.84248657658077,11512.908029795359,11499.453867689137,0.1047750339243122,SELL,0.9,"The RSI is excessively high, indicating overbought conditions and a high probability of a correction. The P/E ratio is elevated, suggesting potential future undervaluation, and the trend lines show a lack of momentum. Selling a significant portion of holdings mitigates risk based on systemic analysis.",119.57,112.05,89.9,4.1978,1364322,1.08,15.1,15.4,2.59,6.72,1,0.74,0.2,0.54
Day-83,google/gemma-3-4b-it,INTJ,memory,bull_trap,999,0.92,mania,129.59,125.09457778736447,11513.031664335389,11510.316105006139,0.020955006784862437,SELL,0.8,"The RSI is excessively high, indicating overbought conditions and a probable correction. The P/E ratio is elevated, suggesting potential future undervaluation, and the trend divergence between the SMA20 and SMA60 confirms a weakening momentum. Selling a significant portion of holdings mitigates risk associated with this unsustainable valuation.",120.34,112.59,90.0,4.4244,1390486,1.08,15.3,15.5,2.57,6.88,1,0.77,0.41,0.37
Day-84,google/gemma-3-4b-it,INTJ,memory,bull_trap,999,0.92,mania,131.08,125.15642348540021,11513.062887295499,11512.513530837627,0.004191001356972486,SELL,0.8,"The RSI is excessively high, indicating overbought conditions and a probable correction. The P/E ratio, combined with the SMA divergence, suggests a fundamental weakness despite the current price. Selling a significant portion of holdings mitigates risk and prepares for a potential downturn based on systemic analysis.",121.04,113.18,89.2,4.67,1221170,0.96,15.4,15.7,2.55,6.95,1,0.76,0.5,0.26
Day-85,google/gemma-3-4b-it,INTJ,memory,bull_trap,999,0.92,mania,132.28,124.80006819656396,11513.067916497126,11513.040197214152,0.00020955006784862448,SELL,0.95,"The RSI is excessively high, indicating overbought conditions and a high probability of a correction. The volume ratio suggests potential selling pressure. My model predicts a decline based on the current SMA trends and P/E ratio, necessitating a proactive exit to preserve capital and maintain strategic alignment.",121.96,113.8,94.5,4.9049,1696736,1.31,15.5,15.9,2.52,7.17,1,0.72,0.75,-0.04
Day-86,google/gemma-3-4b-it,INTJ,memory,bull_trap,999,0.92,mania,134.38,125.16069642325401,11513.068356552269,11513.066948585363,1.047750339243123e-05,SELL,0.95,"The RSI is excessively high, indicating overbought conditions and a high probability of a correction. The P/E ratio is elevated, suggesting potential future undervaluation, and the volume ratio indicates potential selling pressure. Selling a significant portion of holdings mitigates risk based on the system’s predictive model.",122.97,114.46,95.0,5.2007,1473548,1.12,15.6,16.1,2.48,7.43,1,1.0,0.8,0.2
Day-87,google/gemma-3-4b-it,INTJ,memory,bull_trap,999,0.92,mania,135.24,125.49303853248912,11513.068365562922,11513.068365562922,0.0,SELL,1.0,"The RSI is excessively high, indicating overbought conditions and a high probability of a correction. The low volume ratio suggests a lack of conviction behind the current price. My system predicts a significant decline based on the current SMA divergence and P/E ratio, necessitating immediate liquidation.",123.96,115.15,94.5,5.4416,1215532,0.92,15.8,16.2,2.47,7.65,1,1.0,0.85,0.15
Day-88,google/gemma-3-4b-it,INTJ,memory,bull_trap,999,0.92,mania,137.15,125.76446034187663,11513.068365562922,11513.068365562922,0.0,SELL,1.0,"The RSI is excessively high, indicating overbought conditions and a high probability of a correction. The P/E ratio is elevated, suggesting potential future undervaluation, and the volume ratio indicates potential selling pressure. My system flags this as a high-risk scenario requiring immediate liquidation.",125.12,115.86,94.7,5.7211,1700974,1.27,15.9,16.4,2.45,7.99,1,0.96,0.89,0.07
Day-89,google/gemma-3-4b-it,INTJ,memory,bull_trap,999,0.92,mania,139.28,126.28599951032429,11513.068365562922,11513.068365562922,0.0,SELL,1.0,"The RSI is at 100, indicating extreme overbought conditions and a high probability of a correction. The volume ratio of 1.2 suggests a potential short squeeze, which contradicts a long-term strategic approach. Selling completely clears the portfolio to re-evaluate the system’s parameters.",126.33,116.59,100.0,6.0445,1612777,1.2,16.0,16.5,2.42,8.35,1,0.08,0.75,-0.67
Day-90,google/gemma-3-4b-it,INTJ,memory,bull_trap,999,0.92,mania,140.67,126.20973260387272,11513.068365562922,11513.068365562922,0.0,SELL,1.0,"The RSI is at 100, indicating extreme overbought conditions and a high probability of a correction. The SMA20 is above the SMA60, suggesting a short-term uptrend that is likely unsustainable given the P/E ratio and volume ratio. Selling now locks in profits and minimizes exposure to potential downside risk based on my system’s predictive model.",127.46,117.32,100.0,6.34,1443742,1.06,16.1,16.7,2.39,8.64,1,0.64,0.73,-0.1
Day-91,google/gemma-3-4b-it,INTJ,memory,bull_trap,999,0.92,mania,141.85,126.08919461463351,11513.068365562922,11513.068365562922,0.0,SELL,1.0,"The RSI is at 100, indicating overbought conditions and a high probability of a correction. The SMA crossover suggests a weakening trend, and the P/E ratio is elevated. Selling all holdings secures capital and prepares for a potential market downturn, aligning with a systematic, risk-averse approach.",128.71,118.02,100.0,6.5929,1415979,1.04,16.3,16.9,2.37,9.05,1,0.53,0.64,-0.11
Day-92,google/gemma-3-4b-it,INTJ,memory,bull_trap,999,0.92,mania,143.93,126.54805553369852,11513.068365562922,11513.068365562922,0.0,SELL,1.0,"The RSI is at 100, indicating extreme overbought conditions and a high probability of a correction. The volume ratio of 1.29 suggests potential exhaustion of the upward trend, confirming a bearish outlook. Selling all holdings secures capital and prepares for a strategic re-entry point based on system recalibration.",130.02,118.79,100.0,6.882,1791667,1.29,16.4,17.1,2.34,9.45,1,0.62,0.57,0.06
Day-93,google/gemma-3-4b-it,INTJ,memory,bull_trap,999,0.92,mania,145.24,126.32093735743919,11513.068365562922,11513.068365562922,0.0,SELL,1.0,"The RSI is at 100, indicating extreme overbought conditions and a high probability of a correction. The volume ratio is elevated, suggesting a potential short squeeze. My system flags this as unsustainable and a necessary exit to preserve capital, prioritizing long-term alpha generation.",131.28,119.57,100.0,7.1345,1751619,1.24,16.5,17.2,2.32,9.79,1,0.69,0.51,0.18
Day-94,google/gemma-3-4b-it,INTJ,memory,bull_trap,999,0.92,mania,146.53,126.33458759192526,11513.068365562922,11513.068365562922,0.0,SELL,1.0,"The RSI is at 100, indicating extreme overbought conditions. The volume ratio is elevated, suggesting a potential short-term correction. My system flags this as unsustainable and a high probability of a significant decline, prioritizing capital preservation and exit strategy adherence.",132.53,120.35,100.0,7.3547,1722782,1.19,16.7,17.4,2.3,10.12,1,0.57,0.61,-0.04
Day-95,google/gemma-3-4b-it,INTJ,memory,bull_trap,999,0.92,mania,148.31,126.48950611398665,11513.068365562922,11513.068365562922,0.0,SELL,1.0,"The RSI is at 100, indicating extreme overbought conditions and a high probability of a correction. The volume ratio of 1.41 suggests a potential short squeeze, which contradicts a long-term strategic approach. Selling all holdings secures capital and prepares for a recalibration of the system.",133.92,121.15,100.0,7.5848,2117948,1.41,16.8,17.6,2.27,10.54,1,0.35,0.55,-0.2
Day-96,google/gemma-3-4b-it,INTJ,memory,bull_trap,999,0.92,mania,149.58,126.55404765106695,11513.068365562922,11513.068365562922,0.0,SELL,1.0,"The RSI is at 100, indicating extreme overbought conditions and a high probability of a correction. The volume ratio of 1.17 suggests a potential short squeeze, creating an unsustainable price level. My system prioritizes exiting overbought positions before a significant decline.",135.28,121.99,100.0,7.7799,1762366,1.17,16.9,17.7,2.26,10.89,1,0.81,0.61,0.2
Day-97,google/gemma-3-4b-it,INTJ,memory,bull_trap,999,0.92,mania,149.92,126.58162155710805,11513.068365562922,11513.068365562922,0.0,SELL,1.0,"The RSI is at 100, indicating extreme overbought conditions and a high probability of a correction. The volume ratio of 1.37 suggests a potential short squeeze, creating an unsustainable price level. Selling all holdings secures capital and prepares for a subsequent market downturn, aligning with a long-term strategic approach.",136.64,122.82,100.0,7.8715,2120175,1.37,17.0,17.8,2.25,11.25,1,0.75,0.63,0.11
Day-98,google/gemma-3-4b-it,INTJ,memory,bull_trap,999,0.92,mania,151.29,126.5717163850196,11513.068365562922,11513.068365562922,0.0,SELL,1.0,"The RSI is at 100, indicating extreme overbought conditions and a high probability of a correction. The volume ratio is elevated, suggesting a potential short squeeze, which contradicts a long-term strategic approach. Selling all holdings secures capital and prepares for a recalibration of the system based on observed market dynamics.",138.04,123.69,100.0,7.9627,1818625,1.17,17.2,17.9,2.23,11.6,1,0.54,0.6,-0.06
Day-99,google/gemma-3-4b-it,INTJ,memory,bull_trap,999,0.92,mania,151.6,126.29881298074467,11513.068365562922,11513.068365562922,0.0,SELL,1.0,"The RSI is at 100, indicating extreme overbought conditions and a high probability of a correction. The volume ratio of 1.25 suggests a potential short squeeze, creating an unsustainable price level. Selling all holdings secures capital and prepares for a subsequent market downturn, aligning with a long-term strategic outlook.",139.39,124.59,100.0,7.9687,1986702,1.25,17.3,18.0,2.22,11.88,1,0.75,0.64,0.11
Day-100,google/gemma-3-4b-it,INTJ,memory,bull_trap,999,0.92,mania,153.13,126.347280196084,11513.068365562922,11513.068365562922,0.0,SELL,1.0,"The RSI is at 100, indicating extreme overbought conditions and a high probability of a correction. The price is significantly above both the SMA20 and SMA60, suggesting a lack of sustained upward momentum. Selling now locks in profits and minimizes exposure to a potential downturn, aligning with the system’s exit strategy before entry.",140.8,125.49,100.0,8.0043,2229535,1.35,17.4,18.2,2.2,12.2,1,1.0,0.77,0.23
Day-101,google/gemma-3-4b-it,INTJ,memory,bull_trap,999,0.92,mania,153.97,126.88807151435644,11513.068365562922,11513.068365562922,0.0,SELL,0.95,"The RSI is overbought at 100, indicating potential exhaustion and a high probability of a correction. The volume ratio of 1.39 suggests selling pressure is present, and the P/E ratio of 18.2 is elevated, signaling potential overvaluation. Selling a significant portion of holdings mitigates risk and prepares for a strategic re-entry point.",142.17,126.39,100.0,8.0081,2381773,1.39,17.5,18.2,2.2,12.49,1,0.78,0.76,0.02
Day-102,google/gemma-3-4b-it,INTJ,memory,bull_trap,999,0.92,mania,155.97,126.82972248871725,11513.068365562922,11513.068365562922,0.0,SELL,0.95,"The RSI is overbought, indicating a potential correction. The volume ratio suggests a short squeeze is unlikely, and the P/E ratio is elevated. Selling a significant portion of holdings mitigates risk and prepares for a potential market downturn, aligning with the system’s long-term alpha strategy.",143.55,127.33,100.0,8.0791,2179994,1.24,17.7,18.4,2.17,12.74,1,0.85,0.78,0.06
Day-103,google/gemma-3-4b-it,INTJ,memory,bull_trap,999,0.92,mania,157.18,126.84824205892053,11513.068365562922,11513.068365562922,0.0,SELL,1.0,"The RSI is overbought at 100, indicating potential exhaustion and a likely correction. The P/E ratio is elevated, suggesting overvaluation. Selling all holdings secures capital and prepares for a recalibration of the system based on these indicators.",144.93,128.32,100.0,8.1389,2028939,1.14,17.8,18.6,2.15,12.94,1,0.8,0.84,-0.04
Day-104,google/gemma-3-4b-it,INTJ,memory,bull_trap,999,0.92,mania,159.24,127.03482823939062,11513.068365562922,11513.068365562922,0.0,SELL,1.0,"The RSI is at 100, indicating extreme overbought conditions and a high probability of a correction. The P/E ratio is elevated, suggesting potential overvaluation. My system predicts a significant decline based on these indicators, prioritizing capital preservation and awaiting a more favorable entry point.",146.34,129.34,100.0,8.2573,2309168,1.26,17.9,18.8,2.13,13.14,1,0.96,0.88,0.09
Day-105,google/gemma-3-4b-it,INTJ,memory,bull_trap,999,0.92,mania,160.16,126.7993522214948,11513.068365562922,11513.068365562922,0.0,SELL,1.0,"The RSI is at 100, indicating extreme overbought conditions. The price is significantly above both the SMA20 and SMA60, suggesting a potential correction. My system prioritizes exiting overbought positions to preserve capital and await a more favorable entry point based on established trends.",147.73,130.35,100.0,8.3298,2085134,1.12,18.1,18.9,2.11,13.33,1,0.98,0.87,0.1
Day-106,google/gemma-3-4b-it,INTJ,memory,bull_trap,999,0.92,mania,161.37,126.61851093715156,11513.068365562922,11513.068365562922,0.0,SELL,1.0,"The RSI is at 100, indicating extreme overbought conditions and a high probability of a correction. The P/E ratio is elevated, suggesting potential overvaluation. My system flags this as a high-risk scenario, prioritizing capital preservation and awaiting a more favorable entry point based on a shift in the underlying trend.",149.08,131.37,100.0,8.3881,2129117,1.13,18.2,19.1,2.09,13.48,1,0.69,0.86,-0.16
Day-107,google/gemma-3-4b-it,INTJ,memory,bull_trap,999,0.92,mania,163.25,126.6140261137455,11513.068365562922,11513.068365562922,0.0,SELL,1.0,"The RSI is at 100, indicating extreme overbought conditions and a high probability of a correction. The P/E ratio is elevated, suggesting potential overvaluation. My system predicts a decline based on these indicators, prioritizing capital preservation and a pre-determined exit strategy.",150.48,132.48,100.0,8.4881,2246841,1.16,18.3,19.3,2.07,13.59,1,1.0,0.89,0.11
Day-108,google/gemma-3-4b-it,INTJ,memory,bull_trap,999,0.92,mania,165.21,127.04571486391735,11513.068365562922,11513.068365562922,0.0,SELL,1.0,"The RSI is at 100, indicating extreme overbought conditions and a high probability of a correction. The volume ratio is elevated, suggesting a potential short squeeze, which contradicts the long-term trend indicated by the SMAs. Selling all holdings secures capital and prepares for a recalibration of the system.",151.88,133.58,100.0,8.6259,2717280,1.36,18.4,19.5,2.05,13.7,1,0.78,0.88,-0.1
Day-109,google/gemma-3-4b-it,INTJ,memory,bull_trap,999,0.92,mania,166.69,126.7441526829557,11513.068365562922,11513.068365562922,0.0,SELL,1.0,"The RSI is at 100, indicating extreme overbought conditions. The P/E ratio is elevated, suggesting potential overvaluation. My system predicts a significant correction within the next quarter, necessitating a complete liquidation of holdings to preserve capital and re-evaluate the underlying model.",153.25,134.69,100.0,8.7538,1999063,0.99,18.6,19.7,2.03,13.79,1,0.89,0.87,0.02
Day-110,google/gemma-3-4b-it,INTJ,memory,bull_trap,999,0.92,mania,167.5,126.3179134518072,11513.068365562922,11513.068365562922,0.0,SELL,1.0,"The RSI is overbought, indicating potential exhaustion. The volume ratio suggests a short squeeze is unlikely, and the P/E ratio is elevated. Selling all holdings secures capital and avoids exposure to a likely correction based on the established trend and systemic indicators.",154.6,135.84,100.0,8.8188,2700146,1.3,18.7,19.9,2.01,13.8,1,0.64,0.8,-0.16
Day-111,google/gemma-3-4b-it,INTJ,memory,bull_trap,999,0.92,mania,169.58,126.42865873216022,11513.068365562922,11513.068365562922,0.0,SELL,1.0,"The RSI is at 100, indicating extreme overbought conditions. The P/E ratio is elevated, suggesting potential overvaluation. My system flags this as a high-probability shorting opportunity, prioritizing capital preservation and exit planning based on algorithmic analysis.",155.98,136.96,100.0,8.9351,2232274,1.06,18.8,20.1,1.99,13.89,1,0.92,0.85,0.08
Day-112,google/gemma-3-4b-it,INTJ,memory,bull_trap,999,0.92,mania,170.73,126.47624196852269,11513.068365562922,11513.068365562922,0.0,SELL,1.0,"The RSI is at 100, indicating extreme overbought conditions and a high probability of a correction. The P/E ratio is elevated, suggesting potential overvaluation. My system flags this as a high-risk scenario, prioritizing capital preservation and awaiting a more favorable entry point based on a shift in the underlying market dynamics.",157.32,138.07,100.0,9.0159,2152134,1.01,18.9,20.2,1.98,13.95,1,0.76,0.8,-0.04
Day-113,google/gemma-3-4b-it,INTJ,memory,bull_trap,999,0.92,mania,173.53,126.08128161112296,11513.068365562922,11513.068365562922,0.0,SELL,1.0,"The RSI is at 100, indicating extreme overbought conditions and a high probability of a correction. The volume ratio is elevated, suggesting a potential short squeeze. My system flags this as unsustainable and a necessary exit to preserve capital and avoid a significant loss.",158.74,139.25,100.0,9.2004,2475155,1.14,19.1,20.6,1.94,13.99,1,0.66,0.77,-0.12
Day-114,google/gemma-3-4b-it,INTJ,memory,bull_trap,999,0.92,mania,174.44,125.77603221485617,11513.068365562922,11513.068365562922,0.0,SELL,1.0,"The RSI is at 100, indicating extreme overbought conditions. The P/E ratio is elevated, suggesting potential overvaluation. My system flags this as a high-probability shorting opportunity based on the divergence between price and moving averages, prioritizing capital preservation and system integrity.",160.13,140.4,100.0,9.3124,2151304,0.98,19.2,20.8,1.92,14.05,1,1.0,0.8,0.2
Day-115,google/gemma-3-4b-it,INTJ,memory,bull_trap,999,0.92,mania,174.99,125.4992645179287,11513.068365562922,11513.068365562922,0.0,SELL,1.0,"The RSI is at 100, indicating extreme overbought conditions and a high probability of a correction. The P/E ratio is elevated, suggesting potential overvaluation. My system predicts a decline based on these indicators, prioritizing capital preservation and awaiting a more favorable entry point.",161.47,141.62,100.0,9.338,2303527,1.05,19.3,20.9,1.91,14.01,1,0.83,0.83,0.0
Day-116,google/gemma-3-4b-it,INTJ,memory,bull_trap,999,0.92,mania,176.73,125.39195665992564,11513.068365562922,11513.068365562922,0.0,SELL,1.0,"The RSI is at 100, indicating overbought conditions and a high probability of a correction. The P/E ratio is elevated, suggesting potential overvaluation. My system flags this as a high-risk scenario, prioritizing capital preservation and awaiting a more favorable entry point based on a confirmed trend reversal.",162.82,142.87,100.0,9.3904,2462929,1.1,19.4,21.1,1.89,13.96,1,0.65,0.78,-0.13
Day-117,google/gemma-3-4b-it,INTJ,memory,bull_trap,999,0.92,mania,178.21,125.51245617678197,11513.068365562922,11513.068365562922,0.0,SELL,1.0,"The RSI is at 100, indicating extreme overbought conditions. The P/E ratio is elevated, suggesting potential overvaluation. My system predicts a significant correction within the next quarter, necessitating a complete liquidation of holdings to preserve capital and re-evaluate the underlying model.",164.24,144.13,100.0,9.4429,3020554,1.32,19.6,21.3,1.88,13.95,1,0.59,0.75,-0.16
Day-118,google/gemma-3-4b-it,INTJ,memory,bull_trap,999,0.92,mania,179.71,125.24032640146527,11513.068365562922,11513.068365562922,0.0,SELL,1.0,"The RSI is at 100, indicating extreme overbought conditions and a high probability of a correction. The P/E ratio is elevated, suggesting potential overvaluation. My system flags this as a high-risk scenario requiring immediate liquidation to preserve capital and maintain strategic alignment.",165.66,145.44,100.0,9.4958,2368058,1.03,19.7,21.5,1.86,13.9,1,0.36,0.69,-0.32
Day-119,google/gemma-3-4b-it,INTJ,memory,bull_trap,999,0.92,mania,181.25,125.29356434710327,11513.068365562922,11513.068365562922,0.0,SELL,1.0,"The RSI is overbought at 100, indicating potential exhaustion and a high probability of a correction. The P/E ratio is elevated, suggesting overvaluation, and the volume ratio indicates potential selling pressure. My system flags this as an unsustainable position, prioritizing capital preservation and exit planning.",167.14,146.77,100.0,9.5517,3104267,1.31,19.8,21.7,1.84,13.88,1,0.53,0.59,-0.07
Day-120,google/gemma-3-4b-it,INTJ,memory,bull_trap,999,0.92,mania,182.95,125.23167322348901,11513.068365562922,11513.068365562922,0.0,SELL,1.0,"The RSI is overbought at 100, indicating potential exhaustion and a high probability of a correction. The P/E ratio is elevated, suggesting overvaluation, and the trend lines show a recent divergence. Selling all holdings secures capital and prepares for a recalibration of the system.",168.63,148.07,100.0,9.6219,2411429,1.02,20.0,21.9,1.83,13.89,1,0.75,0.58,0.17
Day-121,google/gemma-3-4b-it,INTJ,memory,bull_trap,999,0.92,mania,183.97,125.32562976724142,11513.068365562922,11513.068365562922,0.0,SELL,1.0,"The RSI is at 100, indicating extreme overbought conditions. The P/E ratio is elevated, suggesting potential overvaluation. My system flags this as a high-probability shorting opportunity based on the current market dynamics and a desire to de-risk the portfolio.",170.13,149.41,100.0,9.649,3085977,1.28,20.1,22.0,1.82,13.87,1,0.78,0.6,0.18
Day-122,google/gemma-3-4b-it,INTJ,memory,bull_trap,999,0.92,mania,185.19,125.14726197604674,11513.068365562922,11513.068365562922,0.0,SELL,1.0,"The RSI is at 100, indicating extreme overbought conditions and a high probability of a correction. The volume ratio is elevated, suggesting a potential short squeeze, which contradicts a long-term strategic approach. Selling all holdings secures capital and resets the system for a more favorable opportunity.",171.59,150.75,100.0,9.6576,3433400,1.39,20.2,22.2,1.8,13.82,1,0.74,0.63,0.11
Day-123,google/gemma-3-4b-it,INTJ,memory,bull_trap,999,0.92,mania,186.79,125.15855024077541,11513.068365562922,11513.068365562922,0.0,SELL,1.0,"The RSI is at 100, indicating extreme overbought conditions and a high probability of a correction. The P/E ratio is elevated, suggesting potential overvaluation. My system flags this as a high-risk scenario, prioritizing capital preservation and awaiting a more favorable entry point based on trend confirmation and a lower volatility profile.",173.07,152.09,100.0,9.682,2823889,1.12,20.3,22.4,1.79,13.8,1,0.58,0.67,-0.1
Day-124,google/gemma-3-4b-it,INTJ,memory,bull_trap,999,0.92,mania,188.69,125.37377907968647,11513.068365562922,11513.068365562922,0.0,SELL,1.0,"The RSI is overbought at 100, indicating potential exhaustion and a high probability of a correction. The P/E ratio is elevated, suggesting overvaluation, and the volume ratio indicates potential selling pressure. My system flags this as an unsustainable position, prioritizing capital preservation and exit planning.",174.55,153.44,100.0,9.7426,3445366,1.34,20.5,22.6,1.77,13.76,1,0.65,0.7,-0.05
Day-125,google/gemma-3-4b-it,INTJ,memory,bull_trap,999,0.92,mania,190.4,125.72043722489909,11513.068365562922,11513.068365562922,0.0,SELL,1.0,"The RSI is at 100, indicating extreme overbought conditions and a high probability of a correction. The P/E ratio is elevated, suggesting potential overvaluation. My system flags this as a high-risk scenario requiring immediate liquidation to preserve capital and maintain strategic alignment.",176.06,154.83,100.0,9.8154,2691536,1.04,20.6,22.7,1.76,13.71,1,0.41,0.63,-0.22
Day-126,google/gemma-3-4b-it,INTJ,memory,bull_trap,999,0.92,mania,191.35,125.5916394633279,11513.068365562922,11513.068365562922,0.0,SELL,1.0,"The RSI is overbought at 100, indicating potential exhaustion and a high probability of a correction. The P/E ratio is elevated, suggesting overvaluation, and the volume ratio indicates potential selling pressure. My system flags this as an unsustainable position based on long-term trends and valuation metrics.",177.56,156.21,100.0,9.8365,3328446,1.25,20.7,22.9,1.75,13.66,1,0.86,0.65,0.21
Day-127,google/gemma-3-4b-it,INTJ,memory,bull_trap,999,0.92,mania,192.66,125.75895132848409,11513.068365562922,11513.068365562922,0.0,SELL,1.0,"The RSI is at 100, indicating extreme overbought conditions and a high probability of a correction. The P/E ratio is elevated, suggesting potential overvaluation. My system predicts a significant decline based on these metrics, prioritizing capital preservation and awaiting a more favorable entry point.",179.03,157.61,100.0,9.8454,2905228,1.08,20.8,23.0,1.74,13.59,1,0.34,0.57,-0.22
Day-128,google/gemma-3-4b-it,INTJ,memory,bull_trap,999,0.92,mania,194.23,126.0305459135364,11513.068365562922,11513.068365562922,0.0,SELL,1.0,"The RSI is at 100, indicating extreme overbought conditions and a high probability of a correction. The P/E ratio is elevated, suggesting potential overvaluation. My system flags this as a high-risk scenario, prioritizing capital preservation and exit strategy adherence.",180.48,159.03,100.0,9.865,2967459,1.1,21.0,23.1,1.73,13.49,1,0.61,0.57,0.04
Day-129,google/gemma-3-4b-it,INTJ,memory,bull_trap,999,0.92,mania,195.22,126.3385246331673,11513.068365562922,11513.068365562922,0.0,SELL,1.0,"The RSI is at 100, indicating extreme overbought conditions. The P/E ratio is elevated, suggesting potential overvaluation. My system flags this as a high-probability short-term reversal, prioritizing capital preservation and awaiting a more favorable entry point based on algorithmic signals.",181.91,160.44,100.0,9.8474,2851267,1.04,21.1,23.2,1.73,13.38,1,0.42,0.53,-0.11
Day-130,google/gemma-3-4b-it,INTJ,memory,bull_trap,999,0.92,mania,196.64,126.42903918867087,11513.068365562922,11513.068365562922,0.0,SELL,1.0,"The RSI is overbought at 100, indicating potential exhaustion and a likely correction. The P/E ratio is elevated, suggesting overvaluation. My system predicts a decline based on these indicators, prioritizing capital preservation and awaiting a more favorable entry point.",183.36,161.88,100.0,9.8343,3898468,1.39,21.2,23.3,1.71,13.27,1,0.58,0.56,0.02
Day-131,google/gemma-3-4b-it,INTJ,memory,bull_trap,999,0.92,mania,198.46,126.9504744339475,11513.068365562922,11513.068365562922,0.0,SELL,1.0,"The RSI is at 100, indicating extreme overbought conditions and a high probability of a correction. The P/E ratio is elevated, suggesting potential overvaluation. My system flags this as an unsustainable position, prioritizing capital preservation and awaiting a more favorable entry point based on a shift in the underlying trend.",184.81,163.31,100.0,9.857,2834930,1.0,21.4,23.4,1.71,13.16,1,0.9,0.57,0.33
Day-132,google/gemma-3-4b-it,INTJ,memory,bull_trap,999,0.92,mania,200.22,126.82209201335888,11513.068365562922,11513.068365562922,0.0,SELL,1.0,"The RSI is at 100, indicating extreme overbought conditions and a high probability of a correction. The P/E ratio is elevated, suggesting potential overvaluation. My system flags this as a premature entry point, prioritizing capital preservation and awaiting a more favorable signal based on long-term trend analysis.",186.28,164.75,100.0,9.9031,3657802,1.26,21.5,23.7,1.69,13.07,1,0.58,0.62,-0.04
Day-133,google/gemma-3-4b-it,INTJ,memory,bull_trap,999,0.92,mania,201.72,126.97477812244006,11513.068365562922,11513.068365562922,0.0,SELL,1.0,"The RSI is at 100, indicating extreme overbought conditions. The P/E ratio is elevated, suggesting potential overvaluation. Given the current market conditions and my system’s predictive model, a sell order is the optimal course of action to mitigate risk and preserve capital.",187.69,166.19,100.0,9.9458,3921843,1.31,21.6,23.8,1.68,12.94,1,0.54,0.6,-0.06
Day-134,google/gemma-3-4b-it,INTJ,memory,bull_trap,999,0.92,mania,204.78,126.98038078062258,11513.068365562922,11513.068365562922,0.0,SELL,1.0,"The RSI is at 100, indicating extreme overbought conditions and a high probability of a correction. The P/E ratio is elevated, suggesting potential overvaluation. My system flags this as a high-risk scenario requiring immediate liquidation to preserve capital and maintain strategic alignment.",189.21,167.67,100.0,10.1098,4057303,1.32,21.7,24.2,1.65,12.85,1,0.24,0.57,-0.33
Day-135,google/gemma-3-4b-it,INTJ,memory,bull_trap,999,0.92,mania,206.59,126.88456415958599,11513.068365562922,11513.068365562922,0.0,SELL,1.0,"The RSI is at 100, indicating extreme overbought conditions and a high probability of a correction. The P/E ratio is elevated, suggesting potential overvaluation. My system predicts a decline based on these indicators, prioritizing capital preservation and a pre-determined exit strategy.",190.79,169.15,100.0,10.268,3034297,0.97,21.9,24.4,1.64,12.79,1,0.71,0.59,0.11
Day-136,google/gemma-3-4b-it,INTJ,memory,bull_trap,999,0.92,mania,206.34,127.18924270283624,11513.068365562922,11513.068365562922,0.0,SELL,1.0,"The RSI is excessively high, indicating extreme overbought conditions. The P/E ratio is inflated, and the volume ratio suggests potential exhaustion. My system flags this as a high-probability short-term reversal, prioritizing capital preservation and awaiting a more favorable entry point based on algorithmic confirmation.",192.27,170.59,98.8,10.2546,4132035,1.29,22.0,24.3,1.64,12.71,1,0.43,0.5,-0.07
Day-137,google/gemma-3-4b-it,INTJ,memory,bull_trap,999,0.92,mania,207.87,127.11112185421112,11513.068365562922,11513.068365562922,0.0,SELL,1.0,"The RSI is excessively high, indicating extreme overbought conditions. The P/E ratio is inflated, suggesting a disconnect between current valuation and future earnings. Selling all holdings secures capital and avoids potential significant losses based on the system’s projected trajectory.",193.75,172.04,98.8,10.2493,4346145,1.33,22.1,24.5,1.63,12.62,1,0.47,0.48,-0.01
Day-138,google/gemma-3-4b-it,INTJ,memory,bull_trap,999,0.92,mania,210.14,127.24444099574264,11513.068365562922,11513.068365562922,0.0,SELL,1.0,"The RSI is excessively high, indicating extreme overbought conditions. The P/E ratio is inflated, suggesting a potential correction. My system predicts a significant decline based on current valuations and historical trends, prioritizing capital preservation and subsequent re-entry opportunities.",195.27,173.5,98.8,10.3099,3652836,1.1,22.2,24.8,1.61,12.55,1,0.99,0.57,0.42
Day-139,google/gemma-3-4b-it,INTJ,memory,bull_trap,999,0.92,mania,212.29,126.82885872043023,11513.068365562922,11513.068365562922,0.0,SELL,1.0,"The RSI is excessively high, indicating extreme overbought conditions. The P/E ratio is inflated, and the volume ratio suggests potential exhaustion. My system flags this as a high-probability short-term reversal, prioritizing capital preservation and awaiting a more favorable entry point based on algorithmic confirmation.",196.83,174.96,98.9,10.4109,3694290,1.1,22.4,25.1,1.59,12.49,1,0.99,0.71,0.27
Day-140,google/gemma-3-4b-it,INTJ,memory,bull_trap,999,0.92,mania,213.12,126.90014274549304,11513.068365562922,11513.068365562922,0.0,SELL,1.0,"The RSI is excessively high, indicating extreme overbought conditions. The P/E ratio is inflated, suggesting a potential correction. My system flags this as a high-probability short opportunity, prioritizing capital preservation and exit planning based on established algorithmic parameters.",198.33,176.41,98.9,10.4374,3993077,1.16,22.5,25.2,1.59,12.43,1,1.0,0.77,0.23
Day-141,google/gemma-3-4b-it,INTJ,memory,bull_trap,999,0.92,blowoff,215.83,126.51222513932854,11513.068365562922,11513.068365562922,0.0,SELL,1.0,"The RSI is excessively high, indicating extreme overbought conditions. The P/E ratio is inflated, suggesting a disconnect between current valuation and future earnings potential. My model consistently predicts a significant correction within the next quarter, necessitating a complete portfolio liquidation.",199.93,177.89,98.9,10.5556,3339270,0.97,22.5,25.6,1.56,12.39,1,0.8,0.85,-0.05
Day-142,google/gemma-3-4b-it,INTJ,memory,bull_trap,999,0.92,blowoff,218.63,127.22791853343533,11513.068365562922,11513.068365562922,0.0,SELL,1.0,"The RSI is excessively high, indicating overbought conditions and a high probability of a correction. The P/E ratio is inflated, suggesting unsustainable growth expectations. My model predicts a significant decline based on these fundamental indicators, prioritizing capital preservation and system integrity.",201.6,179.39,99.0,10.7511,3458007,1.0,22.8,25.8,1.55,12.38,1,0.73,0.9,-0.17
Day-143,google/gemma-3-4b-it,INTJ,memory,bull_trap,999,0.92,blowoff,220.91,127.16789887751952,11513.068365562922,11513.068365562922,0.0,SELL,0.95,"The RSI is excessively high, indicating overbought conditions and a high probability of a correction. The P/E ratio is elevated, suggesting potential future undervaluation. Selling a significant portion of holdings mitigates risk and prepares for a strategic re-entry point based on a revised system analysis.",203.3,180.9,99.0,10.9638,3496721,1.0,23.0,26.1,1.54,12.38,1,0.67,0.84,-0.17
Day-144,google/gemma-3-4b-it,INTJ,memory,bull_trap,999,0.92,blowoff,216.29,127.21176248398712,11513.068365562922,11513.068365562922,0.0,SELL,0.8,"The RSI is excessively high, indicating overbought conditions and a significant probability of a correction. The P/E ratio is elevated, suggesting potential overvaluation, and the volume ratio indicates selling pressure. Selling a substantial portion of holdings mitigates risk and prepares for a potential market downturn, aligning with a systematic, long-term alpha generation strategy.",204.68,182.3,83.4,10.6375,4505281,1.27,23.3,25.5,1.57,12.28,1,1.0,0.84,0.16
Day-145,google/gemma-3-4b-it,INTJ,memory,bull_trap,999,0.92,blowoff,218.09,126.89240066217434,11513.068365562922,11513.068365562922,0.0,SELL,0.95,"The RSI is excessively high, indicating overbought conditions and a high probability of a correction. The P/E ratio is elevated, suggesting potential future undervaluation, and the volume ratio is slightly below 1, hinting at a lack of conviction. Selling a significant portion of holdings mitigates risk and prepares for a potential market downturn, aligning with the system’s long-term alpha strategy.",206.07,183.69,83.4,10.4043,3461324,0.97,23.5,25.8,1.55,12.18,1,0.87,0.81,0.06
Day-146,google/gemma-3-4b-it,INTJ,memory,bull_trap,999,0.92,blowoff,217.81,126.6498041427534,11513.068365562922,11513.068365562922,0.0,SELL,1.0,"The RSI is excessively high, indicating overbought conditions and a strong probability of a correction. The P/E ratio is elevated, suggesting potential future undervaluation. My system flags this as a high-risk scenario, prioritizing capital preservation and awaiting a more favorable entry point based on a revised algorithmic assessment.",207.39,185.06,81.5,10.0799,3615278,1.01,23.8,25.8,1.55,12.07,1,0.66,0.79,-0.12
Day-147,google/gemma-3-4b-it,INTJ,memory,bull_trap,999,0.92,blowoff,215.71,126.06361563502757,11513.068365562922,11513.068365562922,0.0,SELL,0.8,"The RSI is elevated, indicating overbought conditions. The P/E ratio is stretched, suggesting potential downside risk. My model predicts a decline based on the SMA divergence and overall market structure, necessitating a strategic exit to preserve capital.",208.54,186.37,74.6,9.544,3755087,1.03,24.0,25.7,1.56,11.9,1,0.64,0.77,-0.13
Day-148,google/gemma-3-4b-it,INTJ,memory,bull_trap,999,0.92,blowoff,218.27,126.26395789491731,11513.068365562922,11513.068365562922,0.0,SELL,0.8,"The RSI is elevated, indicating overbought conditions. The P/E ratio is stretched, suggesting potential downside risk. My models project a decline within the next quarter, necessitating a strategic reduction of holdings to preserve capital and capitalize on anticipated market correction.",209.75,187.71,74.1,9.2192,4639735,1.25,24.3,25.9,1.54,11.74,1,0.96,0.83,0.13
Day-149,google/gemma-3-4b-it,INTJ,memory,bull_trap,999,0.92,blowoff,224.16,126.20139805410732,11513.068365562922,11513.068365562922,0.0,SELL,0.95,"The RSI is excessively high, indicating overbought conditions and a significant probability of a correction. The P/E ratio is elevated, suggesting potential future undervaluation, and the volume ratio indicates potential selling pressure. Selling a substantial portion of holdings mitigates risk and prepares for a strategic re-entry point based on a revised model.",211.19,189.16,77.4,9.3296,4469352,1.18,24.5,26.6,1.5,11.65,1,1.0,0.83,0.17
Day-150,google/gemma-3-4b-it,INTJ,memory,bull_trap,999,0.92,blowoff,228.69,125.91818964345913,11513.068365562922,11513.068365562922,0.0,SELL,0.8,"The RSI is excessively high, indicating overbought conditions and a strong probability of a correction. The P/E ratio is elevated, suggesting potential future undervaluation. Selling a significant portion of holdings mitigates risk and prepares for a strategic re-entry point based on a revised system analysis.",212.8,190.67,80.7,9.6707,4777152,1.24,24.8,27.2,1.47,11.6,1,0.68,0.79,-0.11
Day-151,google/gemma-3-4b-it,INTJ,memory,bull_trap,999,0.92,blowoff,228.03,126.19350456234851,11513.068365562922,11513.068365562922,0.0,SELL,1.0,"The RSI is excessively high, indicating overbought conditions and a high probability of a correction. The P/E ratio is elevated, suggesting potential overvaluation. My system flags this as a premature entry point, prioritizing capital preservation and awaiting a more favorable signal based on established algorithmic parameters.",214.27,192.16,78.4,9.7755,3754008,0.97,25.0,27.1,1.48,11.51,1,0.6,0.78,-0.18
Day-152,google/gemma-3-4b-it,INTJ,memory,bull_trap,999,0.92,blowoff,229.38,125.94579782860467,11513.068365562922,11513.068365562922,0.0,SELL,0.95,"The RSI is excessively high, indicating overbought conditions and a high probability of a correction. The P/E ratio is elevated, suggesting potential overvaluation. My system flags this as a premature entry point, prioritizing capital preservation and awaiting a more favorable signal based on trend divergence and volume confirmation.",215.73,193.62,77.8,9.8537,4340546,1.11,25.3,27.3,1.46,11.42,1,0.65,0.78,-0.13
Day-153,google/gemma-3-4b-it,INTJ,memory,bull_trap,999,0.92,blowoff,227.59,125.83280852092108,11513.068365562922,11513.068365562922,0.0,SELL,0.8,"The RSI is excessively high, indicating overbought conditions and a potential correction. The P/E ratio is elevated, suggesting a disconnect between current valuation and future earnings. Selling a significant portion of holdings mitigates risk and prepares for a strategic re-entry point based on a revised model assessment.",217.02,195.03,72.4,9.6598,5022379,1.26,25.6,27.1,1.47,11.28,1,0.71,0.73,-0.02
Day-154,google/gemma-3-4b-it,INTJ,memory,bull_trap,999,0.92,blowoff,224.73,125.7899851144505,11513.068365562922,11513.068365562922,0.0,SELL,0.8,"The SMA20 is below the SMA60, indicating a weakening trend. RSI is elevated, suggesting overbought conditions. Given the high P/E ratio and volume ratio, the current price is unsustainable without a significant correction, aligning with a strategic exit to preserve capital and await a more favorable entry point based on the system’s predictive model.",218.02,196.34,66.0,9.1701,4835302,1.2,25.8,26.8,1.49,11.04,1,0.52,0.63,-0.11
Day-155,google/gemma-3-4b-it,INTJ,memory,bull_trap,999,0.92,blowoff,226.56,125.78403823224814,11513.068365562922,11513.068365562922,0.0,SELL,0.8,"The SMA crossover indicates a potential trend reversal, coupled with a high RSI suggesting overbought conditions. The P/E ratio is elevated, and the volume ratio suggests potential divergence. Selling a significant portion of holdings to capitalize on this systemic weakness aligns with the mandate to prioritize alpha and anticipate a decline.",219.02,197.67,65.2,8.8277,5092615,1.24,26.1,27.0,1.48,10.8,1,0.84,0.66,0.18
Day-156,google/gemma-3-4b-it,INTJ,memory,bull_trap,999,0.92,blowoff,225.93,125.5472113927078,11513.068365562922,11513.068365562922,0.0,SELL,0.8,"The P/E ratio is elevated, indicating potential overvaluation. The RSI is high, suggesting a possible correction. My model predicts a decline in the asset's value within the next quarter, aligning with the SMA trend divergence and volume ratio indicating potential selling pressure.",220.0,198.96,61.0,8.4085,4807492,1.16,26.3,27.0,1.48,10.57,1,1.0,0.74,0.26
Day-157,google/gemma-3-4b-it,INTJ,memory,bull_trap,999,0.92,blowoff,227.23,125.29919424583356,11513.068365562922,11513.068365562922,0.0,SELL,0.8,"The P/E ratio is elevated, indicating potential overvaluation. The RSI is high, suggesting a possible correction. My system flags this as an unsustainable trend, prioritizing capital preservation and a strategic exit to re-evaluate the underlying market dynamics.",220.97,200.24,59.8,8.088,4508369,1.08,26.6,27.2,1.47,10.35,1,0.83,0.78,0.05
Day-158,google/gemma-3-4b-it,INTJ,memory,bull_trap,999,0.92,blowoff,226.54,125.47510451260938,11513.068365562922,11513.068365562922,0.0,SELL,0.8,"The RSI is elevated, indicating overbought conditions. The P/E ratio is high, suggesting potential overvaluation. Given the SMA divergence and volume ratio, the current trend is weakening, necessitating a strategic exit to preserve capital and align with the system’s long-term objectives.",221.79,201.47,68.1,7.69,4765153,1.13,26.8,27.1,1.48,10.09,1,0.76,0.79,-0.03
Day-159,google/gemma-3-4b-it,INTJ,memory,bull_trap,999,0.92,blowoff,227.64,125.14735954661128,11513.068365562922,11513.068365562922,0.0,SELL,0.8,"The RSI is elevated, indicating overbought conditions. The P/E ratio is high, suggesting potential overvaluation. Given the volume ratio and the SMA trend divergence, a strategic exit to realize gains is warranted, prioritizing capital preservation and system integrity.",222.56,202.69,67.3,7.378,5206118,1.21,27.1,27.3,1.47,9.8,1,0.82,0.85,-0.03
Day-160,google/gemma-3-4b-it,INTJ,memory,bull_trap,999,0.92,blowoff,227.54,124.85314514450829,11513.068365562922,11513.068365562922,0.0,SELL,0.8,"The RSI is elevated, indicating overbought conditions. The P/E ratio is high, suggesting potential overvaluation. My system flags this as a period of unsustainable growth, necessitating a reduction in exposure to preserve capital and capitalize on anticipated market correction.",223.28,203.89,67.8,7.0418,4627062,1.07,27.3,27.3,1.46,9.51,1,0.9,0.86,0.04
Day-161,google/gemma-3-4b-it,INTJ,memory,bull_trap,999,0.92,blowoff,227.73,124.69524446741048,11513.068365562922,11513.068365562922,0.0,SELL,0.8,"The RSI is excessively high, indicating overbought conditions and a potential correction. The P/E ratio is elevated, suggesting a disconnect between current valuation and future earnings. Selling a significant portion of holdings mitigates risk and prepares for a potential downturn, aligning with the system’s long-term alpha generation strategy.",223.87,205.05,73.6,6.7132,4543934,1.04,27.6,27.4,1.46,9.18,1,0.73,0.81,-0.08
Day-162,google/gemma-3-4b-it,INTJ,memory,bull_trap,999,0.92,blowoff,230.18,124.58303993375237,11513.068365562922,11513.068365562922,0.0,SELL,0.8,"The RSI is excessively high, indicating overbought conditions and a probable correction. The P/E ratio is elevated, suggesting potential future undervaluation, and the volume ratio indicates potential selling pressure. My system flags this as a high-probability exit point for a previously established, long-term position.",224.45,206.24,73.5,6.5746,5027139,1.13,27.8,27.7,1.44,8.83,1,0.78,0.8,-0.02
Day-163,google/gemma-3-4b-it,INTJ,memory,bull_trap,999,0.92,blowoff,226.66,124.47885015416031,11513.068365562922,8059.147855894045,15.2383327877388,BUY,0.3,"The SMA crossover suggests an upward trend, supported by a moderate RSI and a P/E ratio indicating potential undervaluation. The volume ratio aligns with the trend, and the overall data points to a strategically advantageous entry point for a long position, prioritizing a calculated risk with a defined exit strategy.",224.74,207.3,55.4,6.1103,4675699,1.03,28.1,27.3,1.46,8.41,1,0.75,0.8,-0.04
Day-164,google/gemma-3-4b-it,INTJ,memory,bull_trap,999,0.92,blowoff,225.96,124.4201094005511,11502.401532611504,5641.403499125832,25.938210450901366,BUY,0.3,"The SMA crossover and RSI indicate a potential upward trend. The P/E ratio is relatively low, suggesting undervaluation, and the volume ratio suggests buying pressure. I’m initiating a small position to capitalize on this systemic shift, planning for a 3-month exit strategy based on projected trend continuation.",225.22,208.33,42.9,5.6211,5059017,1.11,28.3,27.2,1.47,8.11,1,0.53,0.74,-0.21
Day-165,google/gemma-3-4b-it,INTJ,memory,bull_trap,999,0.92,blowoff,220.11,124.52809302065087,11350.663001473731,3948.9824493880824,33.627188915022714,BUY,0.3,"The RSI is extremely low, indicating significant undervaluation. The SMA crossover suggests a potential upward trend, and the P/E ratio is relatively low considering the overall market. This presents an opportunity to establish a position with a defined exit strategy based on the model’s predictive algorithms.",225.32,209.23,33.7,4.7072,5233338,1.13,28.6,26.5,1.51,7.69,1,0.91,0.74,0.17
Day-166,google/gemma-3-4b-it,INTJ,memory,bull_trap,999,0.92,blowoff,222.03,124.58542168024667,11415.227204190574,2764.2877145716575,38.96293063828725,BUY,0.3,"The RSI is low, indicating potential undervaluation. The SMA crossover suggests a bullish trend, and the P/E ratio, while elevated, doesn't immediately negate the long-term outlook. This presents an opportunity to establish a position with a defined exit strategy based on the model’s predicted trajectory.",225.53,210.14,35.2,4.0904,4932401,1.05,28.9,26.7,1.5,7.33,1,0.41,0.68,-0.27
Day-167,google/gemma-3-4b-it,INTJ,memory,bull_trap,999,0.92,blowoff,216.35,124.44628489299109,11193.917758165104,1935.0014002001603,42.79600812556017,BUY,0.3,"The SMA20 is below the SMA60, indicating a downtrend, yet the RSI is low (30.5) suggesting potential undervaluation. The P/E ratio is elevated, but the low volume ratio (0.88) suggests limited selling pressure. This presents an opportunity to establish a long position with a defined exit strategy based on the model’s predicted trend continuation.",225.56,210.9,30.5,3.1072,4143015,0.88,29.1,26.1,1.53,6.95,1,0.3,0.58,-0.28
Day-168,google/gemma-3-4b-it,INTJ,memory,bull_trap,999,0.92,blowoff,210.16,124.25520656827733,10929.010467867885,1354.5009801401122,45.55819131960303,BUY,0.3,"The RSI is exceptionally low, indicating significant undervaluation. The SMA crossover suggests an upward trend, and the P/E ratio, while elevated, is supported by the overall market momentum. This presents an asymmetric risk-reward opportunity aligning with a long-term strategic investment.",225.16,211.51,27.3,1.8084,5597545,1.17,29.4,25.4,1.58,6.45,1,0.6,0.55,0.05
Day-169,google/gemma-3-4b-it,INTJ,memory,bull_trap,999,0.92,blowoff,209.19,124.24556222536125,10884.819022287871,948.1506860980785,47.50068519618429,BUY,0.3,"The RSI is exceptionally low, indicating significant undervaluation. The SMA crossover suggests a potential upward trend, and the P/E ratio, while elevated, is supported by the long-term SMA. This presents an asymmetric risk-reward opportunity aligning with a systematic, long-term approach.",224.41,212.07,22.2,0.6927,4414923,0.93,29.6,25.3,1.58,5.82,1,0.72,0.59,0.14
Day-170,google/gemma-3-4b-it,INTJ,memory,bull_trap,999,0.92,blowoff,207.05,123.88463403817687,10783.167555968037,663.705480268655,48.874484789661345,BUY,0.3,"The RSI is exceptionally low, indicating significant undervaluation. The SMA crossover suggests a potential upward trend, and the P/E ratio, while elevated, is not yet alarming given the long-term trend. This presents an opportunity to establish a position with a defined exit strategy based on the model’s projections.",223.33,212.55,21.2,-0.36,4775819,1.0,29.9,25.1,1.6,5.07,1,0.74,0.56,0.19
Day-171,google/gemma-3-4b-it,INTJ,memory,bull_trap,999,0.92,blowoff,202.83,123.82851476848101,10576.917230155666,530.964384214924,49.5289298720147,BUY,0.2,"The RSI is extremely low, indicating significant undervaluation. The SMA crossover suggests a potential upward trend, and the P/E ratio, while elevated, doesn't immediately negate the long-term potential. This presents an asymmetric risk-reward scenario aligning with a strategic, long-term investment.",222.07,212.93,15.8,-1.5173,5160445,1.07,30.1,24.6,1.63,4.29,1,0.5,0.57,-0.07
Day-172,google/gemma-3-4b-it,INTJ,memory,bull_trap,999,0.92,blowoff,205.24,123.95010139945518,10696.28195114722,371.67506895044687,50.30504230265433,BUY,0.3,"The RSI is exceptionally low, indicating significant undervaluation. The SMA crossover suggests a potential upward trend, and the volume ratio indicates buying pressure. This presents an opportunity to establish a position based on a long-term strategic outlook, anticipating a return to the 220.86 SMA.",220.86,213.33,21.5,-2.2148,5503983,1.12,30.4,24.8,1.61,3.53,1,0.62,0.64,-0.02
Day-173,google/gemma-3-4b-it,INTJ,memory,bull_trap,999,0.92,blowoff,206.9,124.09520265985877,10779.788321369628,260.1725482653128,50.843962170634676,BUY,0.3,"The SMA crossover suggests an upward trend, supported by a low RSI indicating potential undervaluation. The volume ratio exceeding 1.0 confirms buying pressure. I’m initiating a position to capitalize on the established momentum, planning for a 20% profit target based on projected trend continuation.",219.83,213.73,22.7,-2.6038,5801917,1.18,30.6,25.0,1.6,2.85,1,0.85,0.69,0.16
Day-174,google/gemma-3-4b-it,INTJ,memory,bull_trap,999,0.92,blowoff,204.62,123.85323995132887,10663.864087620579,182.12078378571897,51.22540955837582,BUY,0.3,"The SMA20 is below the SMA60, indicating a downtrend, yet the RSI is extremely low suggesting a potential oversold condition. The P/E ratio is elevated, presenting a possible undervaluation opportunity. I will initiate a buy order for 30% of available cash, anticipating a reversion to the longer-term trend.",218.82,214.05,21.5,-3.0602,4707731,0.96,30.9,24.8,1.61,2.23,1,0.5,0.64,-0.14
Day-175,google/gemma-3-4b-it,INTJ,memory,bull_trap,999,0.92,blowoff,202.39,123.47030877263246,10549.6314243054,127.48454865000329,51.495364769284045,BUY,0.3,"The SMA crossover suggests a potential upward trend, and the RSI indicates significant undervaluation. Given the long-term focus and the system's projected alpha, initiating a position with 30% of available capital aligns with the strategic objective of capturing sustained growth.",217.61,214.29,20.0,-3.5615,6072707,1.22,31.1,24.6,1.63,1.55,0,0.44,0.58,-0.15
Day-176,google/gemma-3-4b-it,INTJ,memory,bull_trap,999,0.92,blowoff,204.62,123.12845088741666,10664.466087740906,101.98763892000264,51.619970915946155,BUY,0.2,"The SMA crossover suggests a potential upward trend, and the RSI indicates significant undervaluation. The P/E ratio is low relative to the trend, presenting an asymmetric risk-reward profile. I will initiate a small position to capitalize on this systemic shift, planning for a 3-month exit strategy.",216.55,214.56,19.6,-3.7351,5369935,1.07,31.4,24.9,1.6,0.93,0,0.63,0.61,0.02
Day-177,google/gemma-3-4b-it,INTJ,memory,bull_trap,999,0.92,blowoff,206.42,122.9449606684434,10757.382035389606,71.39134724400185,51.76819440047285,BUY,0.3,"The SMA crossover, combined with a low RSI and a P/E ratio suggesting undervaluation, indicates a potential long-term trend. The volume ratio of 0.96 suggests selling pressure is minimal, confirming the upward trajectory. I’m initiating a small position to capitalize on this systemic alignment.",215.51,214.83,24.9,-3.6854,4800347,0.96,31.7,25.2,1.59,0.31,0,1.0,0.68,0.32
Day-178,google/gemma-3-4b-it,INTJ,memory,bull_trap,999,0.92,blowoff,206.38,123.02976699700707,10755.311307613589,57.11307779520148,51.83737876644242,BUY,0.2,"The RSI is extremely low, indicating significant undervaluation. The SMA crossover suggests a potential upward trend, and the P/E ratio is relatively low considering the long-term SMA trend. This presents an asymmetric risk-reward opportunity aligning with a long-term strategic investment.",214.5,215.08,25.3,-3.6074,4446162,0.89,31.9,25.2,1.59,-0.27,0,0.66,0.65,0.01
Day-179,google/gemma-3-4b-it,INTJ,memory,bull_trap,999,0.92,blowoff,204.24,122.8637900544251,10644.379317053403,45.69046223616118,51.893306183006466,BUY,0.2,"The RSI is extremely low, indicating significant undervaluation. The SMA crossover is neutral, and the P/E ratio, while elevated, doesn't immediately negate the long-term trend. This presents an opportunity to establish a position based on a calculated, long-term alpha generation strategy.",213.33,215.26,27.9,-3.6764,5871503,1.17,32.2,24.9,1.6,-0.89,0,0.93,0.73,0.2
Day-180,google/gemma-3-4b-it,INTJ,memory,bull_trap,999,0.92,blowoff,200.63,122.65988737858919,10457.04448173275,36.55236978892894,51.93885317222659,BUY,0.2,"The SMA crossover suggests a bullish trend, confirmed by the RSI indicating oversold conditions. The P/E ratio is relatively low, and the volatility is manageable, presenting an asymmetric risk-reward profile aligning with a long-term strategic investment.",211.98,215.34,21.5,-3.9758,4856771,0.96,32.4,24.5,1.63,-1.56,0,0.71,0.78,-0.08
Day-181,google/gemma-3-4b-it,INTJ,memory,bull_trap,999,0.92,blowoff,201.21,122.45683700555273,10487.16901657264,25.58665885225026,51.99335200894782,BUY,0.3,"The RSI is extremely low, indicating significant undervaluation. The SMA20 is below the 60-day SMA, confirming a downtrend, but the P/E ratio is reasonable. A strategic entry at 30% of available capital aligns with a long-term thesis, anticipating a reversion to the mean.",210.66,215.39,26.7,-4.119,6158095,1.2,32.7,24.6,1.62,-2.2,-1,0.23,0.7,-0.47
Day-182,google/gemma-3-4b-it,INTJ,memory,bull_trap,999,0.92,blowoff,201.9,122.20207121992637,10523.044429458816,20.46932708180021,52.018697882006016,BUY,0.2,"The SMA20 is below the 60-day SMA, indicating a short-term downtrend, but the RSI is low, suggesting potential for a rebound. The P/E ratio is reasonable, and the volume ratio suggests selling pressure is waning. This presents an entry point for a long-term position based on a systemic trend analysis.",209.25,215.42,34.7,-4.129,4490183,0.88,32.9,24.8,1.61,-2.87,-1,0.67,0.64,0.03
Day-183,google/gemma-3-4b-it,INTJ,memory,bull_trap,999,0.92,blowoff,201.22,122.40229279366885,10487.67171489905,16.375461665440167,52.0390431032383,BUY,0.2,"The SMA20 is below the 60-day SMA, indicating a potential downtrend, but the RSI is low, suggesting oversold conditions. The P/E ratio is elevated, presenting a potential entry point for a long-term strategy based on a correction to a more sustainable valuation. Volume ratio indicates potential buying pressure.",207.97,215.41,35.1,-4.1446,5816194,1.13,33.2,24.7,1.62,-3.45,-1,0.17,0.54,-0.37
Day-184,google/gemma-3-4b-it,INTJ,memory,bull_trap,999,0.92,blowoff,197.75,122.21869264887823,10307.096235330815,13.100369332352134,52.055604884947975,BUY,0.2,"The SMA20 is below the SMA60, indicating a short-term downtrend, but the RSI is low, suggesting potential for a reversion. The P/E ratio is reasonable, and the volume ratio is slightly elevated, hinting at possible accumulation. I will initiate a small position to capitalize on this undervaluation, planning for a 10% profit target based on the established trend.",206.56,215.27,33.4,-4.3862,5500103,1.06,33.4,24.3,1.65,-4.05,-1,0.74,0.5,0.23
Day-185,google/gemma-3-4b-it,INTJ,memory,bull_trap,999,0.92,blowoff,202.69,122.37663777810425,10564.250923462458,3178.445535571384,36.438923419463585,SELL,0.3,"The SMA20/60 crossover and RSI indicate a potential trend reversal. The elevated P/E ratio suggests overvaluation, and the volume ratio indicates potential selling pressure. Selling a portion of the holding mitigates risk while maintaining a disciplined approach to the underlying system’s projected trajectory.",205.69,215.2,49.8,-4.1313,6032431,1.16,33.7,24.8,1.61,-4.42,-1,0.31,0.42,-0.12
Day-186,google/gemma-3-4b-it,INTJ,memory,bull_trap,999,0.92,blowoff,205.01,122.19694525071769,10648.789225795615,2224.911874899969,41.09008024435708,BUY,0.3,"The SMA20 is slightly below the SMA60, indicating a potential shift in trend. The RSI is neutral, and the P/E ratio suggests undervaluation relative to historical averages. A small, strategic purchase aligns with a long-term, system-driven approach, anticipating a reversion to the longer-term trend.",204.84,215.17,49.6,-3.6995,6155262,1.16,33.9,25.2,1.59,-4.8,-1,0.98,0.57,0.41
Day-187,google/gemma-3-4b-it,INTJ,memory,bull_trap,999,0.92,blowoff,202.48,122.15701752639532,10544.83132277739,1557.4383124299784,44.386571564339256,BUY,0.3,"The SMA20 is below the 60-day SMA, indicating a potential short-term downtrend. However, the RSI is relatively neutral, and the P/E ratio suggests undervaluation relative to its historical average. A measured buy of 0.3 aligns with a long-term strategic position, anticipating a reversion to the mean.",204.15,215.06,42.5,-3.5209,6309308,1.17,34.2,24.9,1.61,-5.07,-1,0.77,0.59,0.18
Day-188,google/gemma-3-4b-it,INTJ,memory,bull_trap,999,0.92,blowoff,204.06,121.97294331436149,10614.962105849047,1090.206818700985,46.67624858937598,BUY,0.3,"The SMA20 is slightly below the SMA60, indicating a potential shift to a longer-term trend. The RSI is neutral, and the P/E ratio suggests undervaluation relative to its historical average. This presents an opportunity to establish a position with a defined exit strategy based on the model’s projected trajectory.",203.84,214.94,49.0,-3.2151,6342107,1.17,34.4,25.1,1.59,-5.16,-1,0.79,0.72,0.07
Day-189,google/gemma-3-4b-it,INTJ,memory,bull_trap,999,0.92,blowoff,202.07,122.31208625385277,10522.076371156189,872.165454960788,47.755287356833776,BUY,0.2,"The SMA20 is slightly below the 60-day SMA, indicating a potential short-term pullback. The RSI is neutral, suggesting room for upward movement. Given the P/E ratio and implied volatility, a measured entry of 20% aligns with a long-term strategic position based on the overall trend.",203.49,214.73,49.4,-3.0976,5220939,0.95,34.7,24.8,1.61,-5.24,-1,1.0,0.77,0.23
Day-190,google/gemma-3-4b-it,INTJ,memory,bull_trap,999,0.92,blowoff,205.07,122.65038757245979,10665.342233226691,6748.071521920329,19.10211494273351,SELL,0.6,"The SMA20 is below the SMA60, indicating a weakening trend. The RSI is neutral, and the P/E ratio is elevated, suggesting overvaluation. Selling a portion of holdings to reduce exposure to this potentially unsustainable uptrend aligns with a systematic approach prioritizing risk management and capital preservation.",203.39,214.57,50.8,-2.7303,6216030,1.12,35.0,25.1,1.59,-5.21,-1,0.73,0.85,-0.12
Day-191,google/gemma-3-4b-it,INTJ,memory,bull_trap,999,0.92,blowoff,206.19,122.7786626364883,10686.736601962552,4723.650065344231,28.920347915118683,BUY,0.3,"The SMA20 is below the SMA60, indicating a potential downtrend, but the RSI is neutral and the P/E ratio is reasonable. Given the volume ratio exceeding 1, there’s potential for a short-term bounce. I’ll initiate a small position to capitalize on this anticipated reversal, prioritizing a pre-determined exit strategy based on the model’s projected volatility.",203.55,214.38,49.6,-2.3221,6270380,1.12,35.2,25.2,1.59,-5.05,-1,0.81,0.82,-0.01
Day-192,google/gemma-3-4b-it,INTJ,memory,bull_trap,999,0.92,blowoff,206.77,122.7904162156122,10703.51040375332,8311.566268389684,11.568139166047473,SELL,0.6,"The SMA20 is below the 60-day SMA, indicating a weakening trend. The RSI is neutral, and the P/E ratio is elevated, suggesting potential overvaluation. Selling a portion of holdings to reduce exposure to this deteriorating trend aligns with a systematic, risk-managed approach prioritizing long-term alpha.",203.63,214.14,50.7,-1.9301,6374764,1.13,35.5,25.3,1.58,-4.91,-1,0.95,0.86,0.1
Day-193,google/gemma-3-4b-it,INTJ,memory,bull_trap,999,0.92,blowoff,210.54,122.91664568536702,10747.12228840932,9772.899880401466,4.627255666418989,SELL,0.6,"The SMA20 is below the 60-day SMA, indicating a weakening trend. The RSI is elevated, suggesting potential overbought conditions. Selling a portion of holdings mitigates risk while maintaining a disciplined approach to the underlying system’s projected trajectory.",203.81,213.94,60.2,-1.2999,6748069,1.19,35.7,25.7,1.56,-4.73,-1,0.58,0.82,-0.23
Day-194,google/gemma-3-4b-it,INTJ,memory,bull_trap,999,0.92,blowoff,206.98,122.38863288072967,10730.649258236868,10347.549507102707,1.8509022665675956,SELL,0.6,"The SMA20 is below the 60-day SMA, indicating a weakening trend. The RSI is elevated, suggesting overbought conditions, and the P/E ratio is high. Selling a portion of holdings to reduce exposure to this deteriorating trend aligns with a systematic, risk-managed approach prioritizing capital preservation and exit planning.",203.93,213.75,60.3,-1.0755,6001102,1.04,36.0,25.4,1.58,-4.59,-1,0.71,0.76,-0.05
Day-195,google/gemma-3-4b-it,INTJ,memory,bull_trap,999,0.92,blowoff,204.09,122.52142679853637,10725.30015068649,8278.039605682166,11.991085036034702,BUY,0.2,"The SMA20 is slightly below the SMA60, indicating a potential shift in trend. The RSI is moderate, suggesting room for further upward movement. Given the P/E ratio and implied volatility, this presents a calculated entry point with a long-term strategic alignment.",204.02,213.47,54.3,-1.118,5892021,1.03,36.2,25.0,1.6,-4.43,-1,0.94,0.8,0.15
Day-196,google/gemma-3-4b-it,INTJ,memory,bull_trap,999,0.92,blowoff,207.42,122.60080332181413,10765.230463856484,9770.354120586757,4.796434014413881,SELL,0.6,"The SMA20 is below the 60-day SMA, indicating a weakening trend. The RSI is elevated, suggesting overbought conditions. Given the P/E ratio and implied volatility, the current valuation doesn't justify further investment, and a strategic exit is warranted to preserve capital.",204.16,213.26,57.7,-0.8727,5276715,0.92,36.5,25.4,1.58,-4.27,-1,0.61,0.76,-0.15
Day-197,google/gemma-3-4b-it,INTJ,memory,bull_trap,999,0.92,blowoff,213.2,122.60725573520025,10792.953852459796,10383.91395971058,1.9185736057655527,SELL,0.6,"The SMA20 is below the SMA60, indicating a weakening trend. The RSI is elevated, suggesting overbought conditions, and the P/E ratio is high. Selling a portion of holdings to reduce exposure to this potentially unsustainable momentum aligns with a systematic risk management approach prioritizing capital preservation and exit planning.",204.5,213.21,64.7,-0.2098,6761055,1.16,36.7,26.1,1.53,-4.09,-1,0.97,0.76,0.21
Day-198,google/gemma-3-4b-it,INTJ,memory,bull_trap,999,0.92,blowoff,213.7,122.54528118828985,10793.913139262679,10629.91346744184,0.7674294423062211,SELL,0.6,"The RSI is excessively high, indicating overbought conditions and a potential correction. The P/E ratio is elevated, suggesting a disconnect between current valuation and future earnings. Selling a portion of holdings mitigates risk associated with this unsustainable premium, aligning with a systematic approach prioritizing capital preservation and exit planning.",204.86,213.12,71.0,0.3523,5173523,0.88,37.0,26.2,1.53,-3.88,-1,0.61,0.77,-0.16
Day-199,google/gemma-3-4b-it,INTJ,memory,bull_trap,999,0.92,blowoff,216.1,122.70449929448101,10795.754969924214,10762.58666942774,0.15348588846124422,SELL,0.8,"The RSI is elevated, indicating overbought conditions. The P/E ratio is high, suggesting potential overvaluation. The trend divergence on the SMAs, coupled with the volume ratio, points to a weakening momentum, justifying a strategic exit to preserve capital and await a more favorable entry point based on the system’s projections.",205.45,212.96,69.0,0.9796,6531415,1.11,37.2,26.4,1.51,-3.52,-1,0.49,0.73,-0.24
Day-200,google/gemma-3-4b-it,INTJ,memory,bull_trap,999,0.92,blowoff,217.35,122.58123652535855,10795.946827284792,10787.606787820529,0.038371472115311056,SELL,0.75,"The SMA20 is below the SMA60, indicating a weakening trend. The RSI is elevated, suggesting overbought conditions. Given the P/E ratio and implied volatility, the current valuation doesn't justify further investment; a strategic exit minimizes risk and preserves capital for more promising opportunities identified by the system.",206.29,212.73,68.0,1.5601,5388494,0.91,37.5,26.6,1.5,-3.03,-1,0.79,0.69,0.09
