Date,Model,MBTI,Agent_Type,Scenario,Seed,Crash_Discount,Phase,Price,Fundamental_Value,Portfolio_Value,Cash,Holdings_Qty,Action,Quantity_Percent,Rationale,SMA20,SMA60,RSI14,MACD,Volume,Volume_Ratio,Implied_Volatility,Reported_PE,Dividend_Yield,Trend_Strength,Trend_Regime,Sentiment,Sentiment_MA5,Sentiment_Change
Day-1,google/gemma-3-4b-it,INTJ,memory,crash,42,0.92,deterioration,92.77,100.24835707650561,10000.0,8000.0,21.558693543171284,BUY,0.2,"The SMA20 and SMA60 are flat, RSI is neutral, and the P/E ratio suggests undervaluation. With a volume ratio of 1.0, there's no immediate divergence signaling a trend reversal. A small, strategic buy at 20% aligns with a long-term, system-driven approach, anticipating a gradual upward movement based on the current equilibrium.",92.77,92.77,50.0,0.0,1207409,1.0,15.0,13.9,2.88,0.0,0,0.1,0.1,0.0
Day-2,google/gemma-3-4b-it,INTJ,memory,crash,42,0.92,deterioration,92.64,99.7789691152372,9997.197369839389,6400.0,38.82985071070151,BUY,0.2,"The SMA20 and SMA60 are aligned, RSI is neutral, and the P/E ratio suggests undervaluation. Given the low volume ratio and negative news sentiment, a small, strategic entry at 20% of available cash allows for a long-term position based on a fundamentally sound market trend, anticipating a correction and subsequent upward movement.",92.7,92.7,50.0,-0.0102,1136703,0.97,15.1,13.9,2.87,0.0,0,-0.12,-0.01,-0.11
Day-3,google/gemma-3-4b-it,INTJ,memory,crash,42,0.92,deterioration,93.64,100.02004680069591,10036.02722055009,5120.0,52.499222773922355,BUY,0.2,"The SMA convergence and neutral RSI suggest a period of consolidation. The P/E ratio indicates undervaluation relative to historical norms, and the volume ratio suggests a potential shift in momentum. I will initiate a small position to capitalize on this systemic alignment.",93.02,93.02,50.0,0.0622,1028187,0.91,15.2,14.0,2.85,0.0,0,-0.15,-0.06,-0.09
Day-4,google/gemma-3-4b-it,INTJ,memory,crash,42,0.92,deterioration,93.86,100.30581872567237,10047.577049560352,4096.0,63.40908853143354,BUY,0.2,"The SMA20 and SMA60 are aligned, RSI is neutral, and the P/E ratio suggests undervaluation. The volume ratio indicates potential buying pressure, creating a confluence of data supporting a long position. I will initiate a small buy to capture potential upward momentum, planning an exit strategy based on a pre-determined profit target and trailing stop loss.",93.23,93.23,50.0,0.1356,1432361,1.19,15.3,14.0,2.85,0.0,0,-0.13,-0.07,-0.06
Day-5,google/gemma-3-4b-it,INTJ,memory,crash,42,0.92,deterioration,89.27,99.27532837592946,9756.529333201071,2867.2,77.17407116837764,BUY,0.3,"The SMA20 and SMA60 are aligned, RSI is neutral, and the P/E ratio suggests undervaluation. The volume ratio indicates potential buying pressure, creating a confluence of data supporting a long-term investment. I will initiate a position to capitalize on this systemic alignment.",92.43,92.43,50.0,-0.1749,1406450,1.13,15.4,13.5,2.97,0.0,0,0.12,-0.04,0.15
Day-6,google/gemma-3-4b-it,INTJ,memory,crash,42,0.92,deterioration,89.79,99.12343785063933,9796.659850208627,2007.04,86.75375710222328,BUY,0.3,"The SMA convergence and neutral RSI suggest a period of consolidation. The P/E ratio indicates undervaluation relative to historical averages, and the volume ratio suggests potential buying pressure. I’m initiating a small position to capitalize on the underlying trend, anticipating a breakout within the next quarter.",91.99,91.99,50.0,-0.3748,1499858,1.17,15.5,13.6,2.94,0.0,0,-0.13,-0.08,-0.04
Day-7,google/gemma-3-4b-it,INTJ,memory,crash,42,0.92,deterioration,92.66,99.8782140026904,10045.64313309201,1404.9279999999999,93.25183610071238,BUY,0.3,"The SMA convergence and neutral RSI suggest a period of consolidation. The P/E ratio indicates undervaluation relative to historical norms, and the volume ratio suggests potential buying pressure. I’m initiating a small position to capitalize on a likely upward trend, anticipating a strategic exit point based on future SMA divergence.",92.09,92.09,50.0,-0.2979,1498318,1.14,15.6,13.9,2.87,0.0,0,0.09,-0.04,0.13
Day-8,google/gemma-3-4b-it,INTJ,memory,crash,42,0.92,deterioration,92.15,99.32042622533595,9998.084696680648,1123.9424,96.30105585111933,BUY,0.2,"The SMA convergence and neutral RSI indicate a period of consolidation. The P/E ratio suggests undervaluation relative to historical norms, and the volume ratio supports a potential upward trend. I’m initiating a small position to capitalize on this systemic alignment.",92.1,92.1,50.0,-0.2753,1277715,0.97,15.7,13.9,2.87,0.0,0,0.62,0.11,0.51
Day-9,google/gemma-3-4b-it,INTJ,memory,crash,42,0.92,deterioration,91.44,98.5500729336148,9929.710947026351,899.15392,98.75937256153053,BUY,0.2,"The SMA convergence and neutral RSI suggest a period of consolidation. The P/E ratio indicates undervaluation relative to historical averages, and the volume ratio is slightly elevated, hinting at potential accumulation. I'll initiate a small position to capitalize on this systemic alignment.",92.02,92.02,50.0,-0.3108,1384493,1.05,15.8,13.9,2.87,0.0,0,0.26,0.19,0.07
Day-10,google/gemma-3-4b-it,INTJ,memory,crash,42,0.92,deterioration,96.77,98.90419141419804,10456.09840277931,719.323136,100.61770452391556,BUY,0.2,"The SMA convergence and neutral RSI suggest a period of consolidation. The P/E ratio indicates undervaluation relative to historical averages, and the volume ratio suggests potential buying pressure. I will initiate a small position to capitalize on this systemic alignment, planning an exit based on a predetermined volatility target.",92.5,92.5,50.0,0.0902,1472382,1.1,15.9,14.7,2.73,0.0,0,-0.1,0.15,-0.25
Day-11,google/gemma-3-4b-it,INTJ,memory,crash,42,0.92,deterioration,91.25,98.24930381182162,9900.688673807295,575.4585088,102.19430317816214,BUY,0.2,"The SMA20 and SMA60 are flat, RSI is neutral, and the P/E ratio suggests undervaluation. The volume ratio is slightly elevated, indicating potential buying pressure. This aligns with a long-term strategic investment based on a stable market condition and a potential undervaluation, prioritizing a calculated entry point.",92.38,92.38,50.0,-0.0374,1424823,1.06,15.9,13.9,2.87,0.0,0,0.36,0.25,0.11
Day-12,google/gemma-3-4b-it,INTJ,memory,crash,42,0.92,deterioration,91.95,98.0962490472655,9972.22468603201,460.36680704,103.44598019567167,BUY,0.2,"The SMA convergence and neutral RSI suggest a period of consolidation. The P/E ratio indicates undervaluation relative to historical norms, and the volume ratio suggests potential buying interest. I will initiate a small position to capitalize on a likely upward trend, planning for a 3-month exit strategy based on a predetermined profit target.",92.35,92.35,50.0,-0.0805,1123674,0.85,16.0,14.1,2.84,0.0,0,-0.12,0.2,-0.33
Day-13,google/gemma-3-4b-it,INTJ,memory,crash,42,0.92,deterioration,91.87,98.29819632565643,9963.949007616357,368.29344563200004,104.44819377364054,BUY,0.2,"The SMA convergence and neutral RSI suggest a period of consolidation. The P/E ratio indicates undervaluation relative to historical norms, and the volume ratio suggests potential buying pressure. I will initiate a small position to capitalize on this systemic alignment with my long-term strategy.",92.31,92.31,50.0,-0.1204,1225272,0.93,16.1,14.0,2.85,0.0,0,-0.61,-0.04,-0.57
Day-14,google/gemma-3-4b-it,INTJ,memory,crash,42,0.92,deterioration,90.28,97.0686763333673,9797.876379516269,257.80541194240004,105.67203109851427,BUY,0.3,"The SMA20 and SMA60 are aligned, RSI is neutral, and the P/E ratio suggests undervaluation. The volume ratio indicates selling pressure, creating a potential buying opportunity. My system predicts a long-term upward trend, justifying a modest entry position.",92.17,92.17,44.8,-0.2766,1064579,0.82,16.2,14.0,2.87,0.0,0,-0.3,-0.15,-0.15
Day-15,google/gemma-3-4b-it,INTJ,memory,crash,42,0.92,deterioration,88.78,97.01095880526248,9639.368332868497,206.24432955392004,106.25280472307476,BUY,0.2,"The SMA convergence and low RSI suggest a potential long-term trend continuation. The P/E ratio indicates undervaluation, and the volume ratio suggests buying pressure. I’m initiating a small position to capitalize on this systemic alignment, planning an exit strategy based on a pre-determined trailing stop loss.",91.94,91.94,42.1,-0.5158,1477025,1.13,16.3,13.7,2.91,0.0,0,-0.56,-0.25,-0.31
Day-16,google/gemma-3-4b-it,INTJ,memory,crash,42,0.92,deterioration,90.78,97.44037522272129,9851.873942314647,164.99546364313602,106.70718747159628,BUY,0.2,"The SMA20 and SMA60 are aligned, RSI is neutral, and the P/E ratio suggests undervaluation. The volume ratio is slightly below 1, indicating potential buying pressure. This aligns with the long-term trend and my system’s predictive model, warranting a strategic entry point.",91.87,91.87,46.6,-0.5373,1303087,0.99,16.4,14.0,2.86,0.0,0,-0.11,-0.34,0.24
Day-17,google/gemma-3-4b-it,INTJ,memory,crash,42,0.92,deterioration,88.14,97.06320469299735,9570.166967389632,131.99637091450882,107.08158153477562,BUY,0.2,"The SMA convergence and low RSI indicate a potential long-term trend continuation. The P/E ratio suggests undervaluation, and the volume ratio supports a sustained upward movement. I’m initiating a small position to capitalize on this systemic alignment.",91.65,91.65,40.5,-0.759,1114321,0.86,16.5,13.6,2.94,0.0,0,0.01,-0.32,0.32
Day-18,google/gemma-3-4b-it,INTJ,memory,crash,42,0.92,deterioration,89.41,97.57484518528497,9706.160575938797,105.59709673160705,107.37684240249625,BUY,0.2,"The SMA convergence suggests a period of consolidation. The low RSI indicates potential undervaluation, and the P/E ratio is attractive. I will initiate a small position to capitalize on the anticipated breakout, planning an exit based on a pre-determined volatility target.",91.52,91.52,42.6,-0.8223,1335850,1.03,16.6,13.7,2.91,0.0,0,0.5,-0.09,0.6
Day-19,google/gemma-3-4b-it,INTJ,memory,crash,42,0.92,deterioration,88.34,96.81181074704952,9591.267354568126,84.47767738528565,107.61591212568304,BUY,0.2,"The SMA convergence and low RSI suggest a potential long-term trend continuation. The P/E ratio indicates undervaluation, and the volume ratio is neutral, aligning with a methodical, long-term investment strategy. I'm initiating a small position to capitalize on this systemic alignment.",91.36,91.36,48.2,-0.9483,1309064,1.01,16.7,13.7,2.92,0.0,0,0.1,-0.01,0.11
Day-20,google/gemma-3-4b-it,INTJ,memory,crash,42,0.92,deterioration,88.82,96.40777219996527,9642.922992388452,67.58214190822852,107.80613432200208,BUY,0.2,"The SMA convergence and low RSI indicate a potential long-term trend continuation. The P/E ratio suggests undervaluation, and the volume ratio supports sustained interest. I’m initiating a small position to capitalize on this systemic alignment, planning for a strategic exit based on pre-defined technical indicators.",91.23,91.23,48.2,-0.998,1179081,0.91,16.8,13.8,2.89,0.0,0,-0.07,0.09,-0.15
Day-21,google/gemma-3-4b-it,INTJ,memory,crash,42,0.92,deterioration,93.35,97.69484970091648,10131.284780867123,54.06571352658282,107.95092734162336,BUY,0.2,"The SMA convergence and RSI indicate a stable, long-term trend. The P/E ratio suggests undervaluation, and the volume ratio indicates potential buying pressure. This aligns with my system’s predictive model for sustained growth, warranting a strategic entry point.",91.26,91.33,51.2,-0.6639,1056778,0.82,16.9,14.3,2.79,-0.08,0,0.25,0.16,0.09
Day-22,google/gemma-3-4b-it,INTJ,memory,crash,42,0.92,deterioration,86.16,96.69723843203522,9355.11761328085,43.252570821266254,108.07642806940093,BUY,0.2,"The SMA convergence and low RSI suggest a potential long-term trend continuation. The P/E ratio indicates undervaluation, and the volume ratio is neutral. I’m initiating a small position to capitalize on the underlying structural trend, planning for a 6-month exit strategy based on anticipated price movement.",90.93,91.1,41.4,-0.9682,1335786,1.03,17.0,13.4,2.99,-0.18,0,-0.66,0.02,-0.69
Day-23,google/gemma-3-4b-it,INTJ,memory,crash,42,0.92,deterioration,89.99,96.69199195044523,9769.050332786655,34.602056657013,108.17255557428207,BUY,0.2,"The SMA convergence and low RSI indicate a potential long-term trend continuation. The P/E ratio suggests undervaluation, and the volume ratio supports sustained interest. I’m initiating a small position to capitalize on this systemic alignment, planning for a strategic exit based on pre-defined volatility thresholds.",90.75,91.05,48.1,-0.8904,1260153,0.96,17.1,14.0,2.87,-0.32,0,0.07,-0.06,0.13
Day-24,google/gemma-3-4b-it,INTJ,memory,crash,42,0.92,deterioration,85.71,95.79395502081732,9306.07179492873,27.6816453256104,108.25329774359024,BUY,0.2,"The SMA convergence suggests a potential long-term trend continuation. RSI at 34.9 indicates undervaluation, and the P/E ratio is attractive. I’m initiating a small position to capitalize on this systemic alignment, planning for a 6-month exit strategy based on anticipated price movement.",90.34,90.82,34.9,-1.1603,1386159,1.06,17.2,13.4,2.98,-0.53,0,0.23,-0.04,0.27
Day-25,google/gemma-3-4b-it,INTJ,memory,crash,42,0.92,deterioration,87.69,96.08223901748424,9520.413324461038,22.145316260488322,108.3164329821023,BUY,0.2,"The SMA convergence suggests a period of consolidation. The P/E ratio indicates undervaluation, and the RSI suggests room for upward movement. I’m initiating a small position to capitalize on the long-term trend, anticipating a breakout within the next quarter based on the established system parameters.",90.27,90.7,44.6,-1.2009,1260081,0.97,17.3,13.7,2.92,-0.48,0,-0.44,-0.11,-0.33
Day-26,google/gemma-3-4b-it,INTJ,memory,crash,42,0.92,deterioration,90.19,96.25799294042456,9791.204406916295,17.71625300839066,108.36554112327202,BUY,0.2,"The SMA convergence suggests a period of consolidation. The P/E ratio indicates undervaluation, and the RSI suggests room for upward movement. I’ll initiate a small position to capitalize on the anticipated trend continuation, planning an exit based on a pre-determined volatility target.",90.29,90.68,47.5,-1.0194,1426090,1.1,17.4,14.1,2.85,-0.43,0,0.34,-0.09,0.44
Day-27,google/gemma-3-4b-it,INTJ,memory,crash,42,0.92,deterioration,87.93,95.47513612268125,9546.298283977701,14.173002406712527,108.40583738850208,BUY,0.2,"The SMA convergence suggests a potential long-term trend continuation. The low RSI and P/E ratio indicate undervaluation, creating an asymmetric risk/reward profile. I’m initiating a small position to capitalize on this systemic alignment, planning for a strategic exit based on pre-defined technical indicators.",90.05,90.58,44.7,-1.0456,1275953,0.99,17.5,13.8,2.9,-0.58,0,0.1,0.06,0.04
Day-28,google/gemma-3-4b-it,INTJ,memory,crash,42,0.92,deterioration,86.78,96.08658318638803,9421.631570980922,11.338401925370022,108.43850160239171,BUY,0.2,"The SMA convergence suggests a potential trend continuation. The low RSI indicates undervaluation, and the P/E ratio is attractive. I’ll initiate a small position to capitalize on the long-term trend, planning for a 6-month exit strategy based on anticipated price movement.",89.78,90.44,45.2,-1.1459,1280468,1.0,17.6,13.5,2.95,-0.73,0,-0.12,0.02,-0.15
Day-29,google/gemma-3-4b-it,INTJ,memory,crash,42,0.92,deterioration,86.74,95.44651609807858,9417.294030916826,9.070721540296017,108.46464502393971,BUY,0.2,"The SMA convergence suggests a potential trend continuation. The P/E ratio is attractive, and the RSI indicates neutral momentum, presenting an opportunity for a long position. I’ll initiate a 20% allocation based on the system’s projected growth trajectory.",89.55,90.31,47.1,-1.2151,1438326,1.12,17.7,13.6,2.93,-0.85,0,0.19,0.01,0.18
Day-30,google/gemma-3-4b-it,INTJ,memory,crash,42,0.92,deterioration,88.83,95.44908983396412,9643.985139016859,7.256577232236813,108.4850676774133,BUY,0.2,"The SMA convergence and neutral RSI suggest a potential long-term trend continuation. The P/E ratio indicates undervaluation relative to historical averages, and the volume ratio supports this. I’m initiating a small position to capitalize on this systemic alignment, planning for a 60-day exit strategy based on a 10% profit target.",89.15,90.27,47.2,-1.0884,1201741,0.94,17.8,14.0,2.87,-1.24,0,0.68,0.24,0.44
Day-31,google/gemma-3-4b-it,INTJ,memory,crash,42,0.92,deterioration,86.44,95.14218466856885,9384.705827267844,6.530919509013131,108.49346260711279,BUY,0.1,"The SMA crossover suggests a potential upward trend, and the P/E ratio indicates undervaluation. Given the low RSI and volume ratio, this presents a calculated entry point with a long-term strategic alignment, prioritizing the system’s projected alpha.",88.91,90.14,47.6,-1.168,1067007,0.85,17.8,13.6,2.94,-1.37,0,0.05,0.18,-0.13
Day-32,google/gemma-3-4b-it,INTJ,memory,crash,42,0.92,deterioration,88.84,96.2172783327608,9645.090137524914,5.877827558111818,108.50081393479066,BUY,0.1,"The SMA convergence suggests a period of consolidation. The P/E ratio indicates undervaluation, and the RSI is neutral, presenting a potential entry point. My system flags this as a long-term opportunity based on the overall trend and fundamental metrics.",88.75,90.1,49.2,-1.0248,1014391,0.81,17.9,13.9,2.89,-1.5,0,0.07,0.18,-0.1
Day-33,google/gemma-3-4b-it,INTJ,memory,crash,42,0.92,deterioration,87.59,95.13249189396015,9509.464120106426,5.290044802300637,108.50752454965321,BUY,0.1,"The SMA convergence suggests a potential continuation of the established trend. The P/E ratio indicates undervaluation, and the RSI suggests room for further upward movement. I’m initiating a small position to capitalize on this systemic alignment, planning for a 3-month exit strategy based on a pre-defined profit target.",88.54,90.03,49.0,-1.001,1377568,1.09,18.0,13.8,2.9,-1.65,0,-0.14,0.17,-0.31
Day-34,google/gemma-3-4b-it,INTJ,memory,crash,42,0.92,deterioration,85.92,94.45848630767394,9328.256554108504,4.232035841840509,108.51983843420233,BUY,0.2,"The SMA convergence suggests a potential trend continuation. The P/E ratio is low, indicating undervaluation relative to earnings. Given the long-term trend and my system’s projected alpha, a modest position is warranted to capitalize on this confluence of factors.",88.32,89.9,46.1,-1.1038,1310154,1.03,18.1,13.6,2.93,-1.76,0,-0.25,0.08,-0.34
Day-35,google/gemma-3-4b-it,INTJ,memory,crash,42,0.92,deterioration,90.84,95.24671549402628,9862.17415920478,4.232035841840509,108.51983843420233,HOLD,0.0,"The SMA trend is flat, RSI indicates neutral momentum, and the P/E ratio suggests reasonable valuation. Given the long-term focus and the model’s established performance, maintaining the current position aligns with the strategic objective of preserving capital and awaiting further systemic confirmation.",88.43,89.93,46.7,-0.7794,1352039,1.07,18.2,14.3,2.8,-1.67,0,0.25,-0.0,0.25
Day-36,google/gemma-3-4b-it,INTJ,memory,crash,42,0.92,deterioration,87.5,94.07312247881197,9499.717898834544,5701.523553637462,43.40793537368093,SELL,0.6,"The SMA convergence suggests a potential trend reversal. RSI is elevated, indicating overbought conditions, and the negative news sentiment further supports a sell signal. My model predicts a decline based on the current data, necessitating a strategic reduction of holdings to preserve capital.",88.26,89.86,52.0,-0.7832,1106482,0.88,18.3,14.0,2.87,-1.78,0,-0.26,-0.07,-0.19
Day-37,google/gemma-3-4b-it,INTJ,memory,crash,42,0.92,deterioration,84.03,94.63607736712262,9349.092363087871,3991.0664875462235,63.763249738684365,BUY,0.3,"The SMA convergence and low RSI indicate a potential long-term trend continuation. The P/E ratio suggests undervaluation, and the volume ratio indicates institutional support. I’m initiating a position to capitalize on this systemic alignment, planning for a 3-month exit strategy based on projected trend extension.",88.06,89.71,41.2,-1.0541,1068185,0.85,18.4,13.3,3.0,-1.84,0,0.02,-0.08,0.1
Day-38,google/gemma-3-4b-it,INTJ,memory,crash,42,0.92,deterioration,86.21,93.39991177350315,9488.096247518202,2793.7465412823567,77.65166113253504,BUY,0.3,"The SMA convergence suggests a potential trend continuation. The P/E ratio indicates undervaluation, and the volume ratio suggests buying pressure. I’m initiating a small position to capitalize on the underlying structural trend, anticipating a move towards the 60-day SMA.",87.9,89.61,50.8,-1.0805,1007272,0.82,18.5,13.8,2.89,-1.92,0,-0.14,-0.08,-0.07
Day-39,google/gemma-3-4b-it,INTJ,memory,crash,42,0.92,deterioration,85.09,93.5637550768166,9401.126387049764,1955.6225788976499,87.50151378719137,BUY,0.3,"The SMA20/60 trend is stable, RSI indicates value, and the P/E ratio is attractive. Given the volume ratio is slightly below 1, there's room for upward movement, aligning with the long-term strategic outlook. I’m initiating a small position to capitalize on this confluence of factors.",87.73,89.5,45.8,-1.1783,1175293,0.96,18.6,13.6,2.93,-1.97,0,0.14,0.0,0.14
Day-40,google/gemma-3-4b-it,INTJ,memory,crash,42,0.92,deterioration,87.92,94.17437998502318,9648.755671067516,1368.935805228355,94.17447527114605,BUY,0.3,"The SMA convergence suggests a period of consolidation. The P/E ratio is attractive, and the RSI indicates neutral momentum. Implementing a buy order for 30% of available capital aligns with a long-term strategic approach, anticipating a breakout based on the established trend.",87.69,89.46,46.4,-1.0154,1294958,1.05,18.7,14.0,2.86,-1.98,0,0.1,-0.03,0.13
Day-41,google/gemma-3-4b-it,INTJ,memory,crash,42,0.92,deterioration,85.56,94.2932839229091,9426.50390942761,958.2550636598486,98.97439043674336,BUY,0.3,"The SMA20/60 trend is slightly declining, but still trending upwards. The P/E ratio is low, indicating undervaluation, and the RSI suggests room for further growth. I’m initiating a position to capitalize on the long-term trend, planning an exit strategy based on a predetermined resistance level.",87.3,89.36,46.2,-1.0644,1196122,0.96,18.8,13.6,2.94,-2.31,-1,0.31,0.09,0.22
Day-42,google/gemma-3-4b-it,INTJ,memory,crash,42,0.92,deterioration,86.18,93.85783603932917,9487.868031498392,670.778544561894,102.31015881801459,BUY,0.3,"The SMA20/60 trend is slightly declining, but still positive, and the P/E ratio indicates undervaluation. The RSI is neutral, suggesting room for upward movement, and the volume ratio is near 1, indicating potential buying interest. This aligns with my long-term strategic thesis, and I will initiate a purchase to capitalize on the anticipated trend.",87.3,89.29,49.0,-1.0415,1218737,0.99,18.9,13.8,2.9,-2.23,-1,-0.15,0.05,-0.2
Day-43,google/gemma-3-4b-it,INTJ,memory,crash,42,0.92,deterioration,86.83,93.56242902336284,9554.369634730101,536.6228356495152,103.85519750179184,BUY,0.2,"The SMA20 is slightly below the SMA60, indicating a potential bullish trend. The P/E ratio is low, suggesting undervaluation, and the RSI is neutral. I will initiate a small position to capitalize on the long-term trend, planning an exit based on a predetermined profit target and trailing stop loss.",87.14,89.23,50.2,-0.9592,1452079,1.17,19.0,13.9,2.87,-2.34,-1,-0.08,0.06,-0.15
Day-44,google/gemma-3-4b-it,INTJ,memory,crash,42,0.92,deterioration,87.15,93.3178025825851,9587.603297930675,375.63598495466067,105.70243617872649,BUY,0.3,"The SMA20 is slightly below the SMA60, indicating a potential shift to a longer-term trend. The P/E ratio is low, suggesting undervaluation, and the RSI is neutral. I’m initiating a small position to capitalize on the anticipated trend continuation, planning an exit based on a predetermined trailing stop loss.",87.21,89.18,47.2,-0.8586,1174127,0.95,19.1,14.0,2.86,-2.21,-1,-0.29,-0.02,-0.27
Day-45,google/gemma-3-4b-it,INTJ,memory,crash,42,0.92,deterioration,83.37,92.57719470101881,9188.048089175089,300.50878796372854,106.6035660454763,BUY,0.2,"The SMA20/60 trend is declining, but the P/E ratio is low and RSI indicates value. This suggests a potential long-term uptrend, aligning with my system’s focus on undervalued assets. I will initiate a small position to capture this anticipated growth.",87.0,89.05,45.0,-1.0716,1256994,1.02,19.2,13.5,2.96,-2.31,-1,-0.13,-0.07,-0.06
Day-46,google/gemma-3-4b-it,INTJ,memory,crash,42,0.92,deterioration,84.88,92.80463485782796,9349.019473903756,240.40703037098282,107.3116451877094,BUY,0.2,"The SMA20 is below the SMA60, indicating a potential downtrend, but the P/E ratio is low and RSI is neutral. A small buy position aligns with a long-term strategy, capitalizing on a potential undervaluation identified by the system’s analysis of the trend and valuation metrics. Pre-determined exit strategy will be implemented upon trend reversal.",86.73,88.96,43.4,-1.1059,1391826,1.13,19.3,13.7,2.92,-2.51,-1,0.11,-0.11,0.22
Day-47,google/gemma-3-4b-it,INTJ,memory,crash,42,0.92,deterioration,84.65,92.78233884236822,9324.337795510583,192.32562429678626,107.87964762213582,BUY,0.2,"The SMA20/60 trend is slightly declining, but still above the 60-day SMA, indicating a long-term uptrend. The P/E ratio is low and RSI is neutral, suggesting undervaluation. I’ll initiate a small position to capitalize on the sustained trend and potential for further price appreciation, planning an exit strategy based on a predetermined volatility target.",86.57,88.87,44.9,-1.1386,1198271,0.97,19.4,13.7,2.92,-2.59,-1,0.23,-0.03,0.26
Day-48,google/gemma-3-4b-it,INTJ,memory,crash,42,0.92,deterioration,84.94,93.38932060678034,9355.622893321002,153.860499437429,108.33249816203877,BUY,0.2,"The SMA20/60 trend divergence suggests a potential upward shift. The P/E ratio is attractive, and RSI indicates value. I’ll initiate a small position to capture the anticipated trend, planning an exit based on a pre-determined volatility target.",86.48,88.79,48.2,-1.1281,1311043,1.07,19.5,13.6,2.93,-2.61,-1,-0.28,-0.07,-0.2
Day-49,google/gemma-3-4b-it,INTJ,memory,crash,42,0.92,deterioration,88.1,92.88066990427791,9697.953587513044,123.0883995499432,108.68178419935417,BUY,0.2,"The SMA60 trend is above the SMA20, indicating an upward bias. The P/E ratio is low, suggesting undervaluation, and the RSI is relatively low, presenting a potential entry point. My system flags this as a high-probability long-term setup.",86.54,88.78,44.7,-0.8549,1431181,1.16,19.6,14.2,2.81,-2.51,-1,0.26,0.04,0.22
Day-50,google/gemma-3-4b-it,INTJ,memory,crash,42,0.92,deterioration,84.95,91.67544194763508,9355.605967285079,98.47071963995457,108.97157442784138,BUY,0.2,"The SMA20/60 trend divergence suggests a potential upward shift. The P/E ratio is attractive, and RSI indicates value. I’ll initiate a small position to capitalize on the established trend and potential for further growth, planning an exit strategy based on a predetermined profit target.",86.35,88.7,45.0,-0.8824,1474760,1.19,19.7,13.9,2.88,-2.65,-1,0.41,0.15,0.26
Day-51,google/gemma-3-4b-it,INTJ,memory,crash,42,0.92,deterioration,83.27,92.56710527583664,9172.533722246306,78.77657571196366,109.20808390217776,BUY,0.2,"The SMA20/60 trend divergence suggests a potential upward shift. The P/E ratio is attractive, and RSI indicates value. I will initiate a small position to capitalize on the anticipated trend continuation, planning an exit based on a predetermined resistance level.",86.19,88.51,48.4,-1.0277,1073536,0.86,19.7,13.5,2.96,-2.62,-1,0.12,0.15,-0.02
Day-52,google/gemma-3-4b-it,INTJ,memory,crash,42,0.92,deterioration,86.07,92.06062341675386,9478.316357172402,63.02126056957093,109.39113624494983,BUY,0.2,"The SMA20 is slightly below the SMA60, indicating a potential shift in momentum towards the longer-term trend. The P/E ratio is attractive, and the RSI suggests the asset isn't overbought. This presents an opportunity to establish a position aligned with the long-term trend, anticipating a gradual upward movement.",86.05,88.38,49.7,-0.9064,1463293,1.16,19.8,14.0,2.85,-2.63,-1,0.56,0.22,0.35
Day-53,google/gemma-3-4b-it,INTJ,memory,crash,42,0.92,deterioration,87.61,91.76280482263184,9646.778706989626,50.41700845565674,109.53500397824413,BUY,0.2,"The SMA20 is below the SMA60, indicating a potential shift to a downtrend, but the P/E ratio is low and RSI is neutral. A small buy position allows for entry into a potential long-term correction, aligning with the system’s focus on identifying undervalued assets and establishing a strategic entry point.",86.05,88.26,55.1,-0.6787,1246058,0.99,19.9,14.3,2.79,-2.5,-1,-0.23,0.22,-0.46
Day-54,google/gemma-3-4b-it,INTJ,memory,crash,42,0.92,deterioration,86.42,92.25520523302804,9516.432052255515,40.33360676452539,109.65168300730143,BUY,0.2,"The SMA20 is below the SMA60, indicating a potential shift to a downtrend, but the P/E ratio and RSI suggest undervaluation. A small, strategic purchase aligns with a long-term thesis, anticipating a reversion to the mean and capitalizing on the volume ratio’s slight underperformance.",86.08,88.11,46.8,-0.5869,1129122,0.9,20.0,14.1,2.85,-2.3,-1,-0.37,0.1,-0.47
Day-55,google/gemma-3-4b-it,INTJ,memory,crash,42,0.92,deterioration,82.65,92.31296811567836,9103.04520731799,32.266885411620315,109.7492839916076,BUY,0.2,"The SMA trend is slightly declining, but still above the 60-day SMA, indicating a sustained uptrend. The P/E ratio is low, suggesting undervaluation, and RSI is neutral. I will initiate a buy order for 20% of available capital, anticipating continued upward momentum based on the established systemic trend.",85.67,87.98,44.1,-0.8093,1229567,0.99,20.1,13.4,2.98,-2.62,-1,-0.53,-0.09,-0.44
Day-56,google/gemma-3-4b-it,INTJ,memory,crash,42,0.92,deterioration,84.02,92.11120967981127,9253.40172638649,25.81350832929625,109.82609162172334,BUY,0.2,"The SMA trend is slightly declining, but still above the 60-day SMA, indicating a long-term uptrend. The low RSI suggests undervaluation, and the P/E ratio is attractive. I will initiate a small position to capitalize on the sustained trend, planning an exit based on a predetermined profit target and trailing stop loss.",85.49,87.86,45.8,-0.8653,1490016,1.18,20.2,13.7,2.92,-2.69,-1,0.45,-0.03,0.47
Day-57,google/gemma-3-4b-it,INTJ,memory,crash,42,0.92,deterioration,85.69,91.07406212446463,9436.811299394769,20.650806663437002,109.88634021159216,BUY,0.2,"The SMA20 is slightly below the SMA60, indicating a potential shift to a slightly bearish trend. However, the P/E ratio is low and RSI is neutral, suggesting undervaluation. A small buy position aligns with a long-term strategic approach, anticipating a reversion to the mean based on the established model’s predictive capabilities.",85.58,87.72,47.8,-0.7659,1246309,0.98,20.3,14.1,2.83,-2.44,-1,0.2,-0.1,0.3
Day-58,google/gemma-3-4b-it,INTJ,memory,crash,42,0.92,deterioration,82.83,91.18716596397313,9122.536366389613,16.520645330749602,109.9362033207638,BUY,0.2,"The SMA20 is below the SMA60, indicating a potential long-term downtrend, but the P/E ratio is low and RSI is neutral. Given the long-term trend and my system’s predictive capabilities, a small, strategic purchase is warranted to capitalize on a potential reversion to the mean.",85.41,87.53,42.5,-0.9073,1164375,0.91,20.4,13.6,2.94,-2.43,-1,-0.02,-0.06,0.04
Day-59,google/gemma-3-4b-it,INTJ,memory,crash,42,0.92,deterioration,84.71,91.35550513342329,9329.21642863265,13.216516264599681,109.97520850393165,BUY,0.2,"The SMA20 is above the SMA60, indicating an upward trend supported by a reasonable P/E ratio and low volatility. The RSI suggests the asset is neither overbought nor oversold, presenting a potential entry point for a long-term strategic position aligned with the model’s predictive capabilities.",85.39,87.4,52.5,-0.8576,1316700,1.02,20.5,13.9,2.88,-2.3,-1,0.08,0.04,0.05
Day-60,google/gemma-3-4b-it,INTJ,memory,crash,42,0.92,deterioration,85.37,91.52574724710549,9401.800066245245,10.573213011679744,110.0061714095533,BUY,0.2,"The SMA60 trend is slightly declining, but the P/E ratio is attractive and RSI is neutral. The volume ratio indicates potential buying pressure, suggesting a continuation of the longer-term trend. I’ll initiate a small position to capitalize on this systemic alignment.",85.26,87.17,50.9,-0.7568,1120072,0.88,20.6,14.0,2.86,-2.19,-1,-0.34,0.07,-0.41
Day-61,google/gemma-3-4b-it,INTJ,memory,crash,42,0.92,deterioration,82.0,90.64648883044444,9031.079268595051,8.458570409343796,110.03195973397203,BUY,0.2,"The SMA20/60 trend indicates a long-term upward bias, supported by a reasonable P/E ratio and low RSI. The volume ratio suggests potential buying interest, and the overall market data aligns with the system’s established parameters for a strategic entry point. I’m prioritizing long-term alpha generation, not short-term speculation.",85.08,86.99,45.5,-0.9373,1037931,0.82,20.7,13.6,2.95,-2.19,-1,0.73,0.13,0.6
Day-62,google/gemma-3-4b-it,INTJ,memory,crash,42,0.92,deterioration,83.3,90.64134772685796,9174.120816249213,7.612713368409416,110.04211408020173,BUY,0.1,"The SMA trend is slightly declining, but the P/E ratio is low and RSI indicates value. Volume ratio is below 1, suggesting potential accumulation. I will initiate a small position to capitalize on the long-term trend, planning an exit based on a predetermined volatility target.",84.94,86.81,47.3,-0.9646,1064439,0.84,20.8,13.8,2.9,-2.16,-1,0.04,0.1,-0.06
Day-63,google/gemma-3-4b-it,INTJ,memory,crash,42,0.92,deterioration,77.96,90.02911099400964,8586.495927060936,6.090170694727533,110.06164387334798,BUY,0.2,"The SMA trend is still positive, RSI indicates undervaluation, and the P/E ratio is attractive. The volume ratio suggests selling pressure is subdued, aligning with the model’s projected upward trajectory. I’m initiating a small position to capitalize on the sustained trend.",84.5,86.54,34.4,-1.4007,1064022,0.86,20.9,13.0,3.08,-2.36,-1,0.03,0.11,-0.08
Day-64,google/gemma-3-4b-it,INTJ,memory,crash,42,0.92,deterioration,81.11,89.8322764347951,8933.190105261981,4.872136555782026,110.07666093830846,BUY,0.2,"The SMA20/60 trend indicates an upward bias, coupled with a reasonable P/E ratio and low RSI. The volume ratio suggests selling pressure is subdued, presenting an opportunity to establish a position. I’m prioritizing long-term alpha based on the established trend and system validation.",84.19,86.35,44.1,-1.4756,1075951,0.87,21.0,13.5,2.95,-2.5,-1,0.22,0.14,0.08
Day-65,google/gemma-3-4b-it,INTJ,memory,crash,42,0.92,deterioration,83.05,90.68474392385534,9146.7388274823,3.897709244625621,110.08839395831035,BUY,0.2,"The SMA20 is slightly below the SMA60, indicating a potential shift to a longer-term trend. The P/E ratio is attractive, and the RSI suggests the asset isn't overbought. This presents an opportunity to establish a position aligned with the long-term trend, anticipating a sustained upward movement.",84.18,86.24,49.7,-1.3625,1069413,0.87,21.1,13.7,2.91,-2.39,-1,0.14,0.23,-0.09
Day-66,google/gemma-3-4b-it,INTJ,memory,crash,42,0.92,deterioration,81.67,90.80470229276642,8994.816843819832,3.118167395700497,110.09793897911267,BUY,0.2,"The SMA crossover suggests an upward trend, supported by a reasonable P/E ratio and low RSI. The volume ratio indicates potential buying pressure, aligning with the overall market direction. I’m initiating a small position to capitalize on this systemic shift, planning for a 3-month exit strategy based on projected trend continuation.",84.02,86.06,43.0,-1.3687,1320437,1.08,21.2,13.5,2.96,-2.37,-1,0.07,0.1,-0.03
Day-67,google/gemma-3-4b-it,INTJ,memory,crash,42,0.92,deterioration,85.19,89.93867848351364,9382.361589026308,2.4945339165603975,110.10525948010034,BUY,0.2,"The SMA20 dipping slightly below the SMA60, coupled with a neutral RSI and a reasonable P/E ratio, suggests a potential long-term trend continuation. The volume ratio indicates selling pressure is subdued, supporting the underlying strength. I’m initiating a small position to capitalize on this systemic alignment.",84.05,86.0,46.4,-1.0769,1090940,0.89,21.3,14.2,2.82,-2.27,-1,-0.24,0.04,-0.28
Day-68,google/gemma-3-4b-it,INTJ,memory,crash,42,0.92,deterioration,80.95,90.32455125907259,8915.515288830684,1.995627133248318,110.11142262751618,BUY,0.2,"The SMA20/60 trend is above the current price, RSI is neutral, and the P/E ratio suggests undervaluation. Volume ratio is slightly below 1, indicating potential buying pressure. This aligns with the long-term strategic thesis – establish a position with a small allocation to capitalize on the upward trend.",83.85,85.83,42.5,-1.1741,1172833,0.97,21.4,13.4,2.98,-2.31,-1,0.14,0.07,0.07
Day-69,google/gemma-3-4b-it,INTJ,memory,crash,42,0.92,deterioration,82.0,89.85170408847318,9031.132282589575,1.5965017065986544,110.116290010768,BUY,0.2,"The SMA20 is below the SMA60, indicating a potential shift to a downtrend, but the P/E ratio is low and RSI is neutral. A small buy position allows entry into a potential long-term correction, aligning with a strategic, system-driven approach focused on identifying undervalued assets.",83.54,85.7,49.0,-1.1531,1448394,1.19,21.5,13.7,2.92,-2.52,-1,0.56,0.14,0.43
Day-70,google/gemma-3-4b-it,INTJ,memory,crash,42,0.92,deterioration,82.26,89.19642746446958,9059.762517992374,1.436851535938789,110.11823081031407,BUY,0.1,"The SMA crossover suggests a potential upward trend, and the P/E ratio indicates undervaluation. Given the RSI is neutral and volume is slightly elevated, this presents a calculated entry point aligned with a long-term strategic investment, prioritizing a systematic approach to capital deployment.",83.41,85.57,47.3,-1.1033,1236980,1.03,21.6,13.8,2.89,-2.53,-1,0.4,0.19,0.22
Day-71,google/gemma-3-4b-it,INTJ,memory,crash,42,0.92,deterioration,84.55,89.54778641034915,9311.933266547994,1.1494812287510312,110.12162963121517,BUY,0.2,"The SMA20 is below the SMA60, indicating a potential long-term trend shift. The P/E ratio is low, suggesting undervaluation, and the RSI is neutral, offering a buying opportunity. I will initiate a position size of 20% to test the system’s predictive accuracy.",83.47,85.39,48.3,-0.8691,1333778,1.1,21.6,14.2,2.82,-2.25,-1,0.48,0.27,0.21
Day-72,google/gemma-3-4b-it,INTJ,memory,crash,42,0.92,deterioration,80.63,89.98420815665071,8880.25647839363,1.0345331058759282,110.12305525595627,BUY,0.1,"The SMA20/60 trend is still above the current price, indicating an upward bias. The P/E ratio is low, suggesting undervaluation, and RSI is neutral. I will initiate a small position to capitalize on the long-term trend, planning an exit based on a predetermined trailing stop loss.",83.2,85.28,46.8,-0.988,1086159,0.91,21.7,13.4,2.98,-2.44,-1,-0.15,0.29,-0.44
Day-73,google/gemma-3-4b-it,INTJ,memory,crash,42,0.92,deterioration,83.67,89.04537811968552,9215.030566371737,0.8276264847007425,110.12552814493888,BUY,0.2,"The SMA20 is below the SMA60, indicating a potential shift to a downtrend, but the P/E ratio is low and RSI is neutral. A small buy position allows entry into a potential long-term correction, aligning with a strategic, long-horizon approach to capital deployment.",83.0,85.16,48.5,-0.8277,1096144,0.92,21.8,14.1,2.84,-2.53,-1,-0.3,0.2,-0.5
Day-74,google/gemma-3-4b-it,INTJ,memory,crash,42,0.92,deterioration,82.53,89.6937142329703,9089.487464286507,0.662101187760594,110.12753378285164,BUY,0.2,"The SMA20 is slightly below the SMA60, indicating a potential long-term trend. The P/E ratio is low, suggesting undervaluation, and the RSI is neutral, offering a buying opportunity. My system predicts a 10% increase over the next 6 months based on current trends.",82.81,85.09,46.1,-0.7832,1020434,0.86,21.9,13.8,2.9,-2.69,-1,-0.04,0.08,-0.12
Day-75,google/gemma-3-4b-it,INTJ,memory,crash,42,0.92,deterioration,78.98,87.44962111884121,8698.534719357383,0.5296809502084752,110.12921041285357,BUY,0.2,"The SMA crossover, coupled with a relatively low RSI and a reasonable P/E ratio, suggests a potential long-term trend. The volume ratio indicates buying pressure is slightly below average, presenting an opportunity to establish a position. My model predicts a sustained upward movement, justifying a small, strategic allocation.",82.62,84.92,45.8,-1.0227,1084467,0.92,22.0,13.5,2.95,-2.7,-1,0.02,0.0,0.02
Day-76,google/gemma-3-4b-it,INTJ,memory,crash,42,0.92,deterioration,82.59,89.01854618889648,9096.101168947784,0.42374476016678014,110.13049308860174,BUY,0.2,"The SMA20 is slightly below the SMA60, indicating a potential shift in trend. The P/E ratio is low, suggesting undervaluation, and RSI is neutral. I’m initiating a small position to capitalize on the long-term trend, anticipating a rise based on the systemic indicators and pre-planned exit strategy.",82.55,84.77,49.1,-0.9108,1139295,0.98,22.1,13.9,2.87,-2.61,-1,0.33,-0.03,0.36
Day-77,google/gemma-3-4b-it,INTJ,memory,crash,42,0.92,deterioration,81.72,88.49921973665073,9000.287639960701,0.3389958081334241,110.1315301536046,BUY,0.2,"The SMA20 is slightly below the SMA60, indicating a potential shift to a longer-term trend. The P/E ratio is attractive, and the RSI suggests room for further upward movement. I’m initiating a small position to capitalize on this systemic alignment with my model’s projections.",82.35,84.64,55.5,-0.8823,1088505,0.95,22.2,13.9,2.89,-2.7,-1,-0.51,-0.1,-0.41
Day-78,google/gemma-3-4b-it,INTJ,memory,crash,42,0.92,deterioration,80.2,88.1542937931215,8832.887714127222,0.2711966465067393,110.13237552968474,BUY,0.2,"The SMA20 is below the SMA60, indicating a potential long-term downtrend, but the P/E ratio is low and RSI is neutral, suggesting undervaluation. Given the long-term trend and my system’s projected alpha, a small buy position is warranted to capitalize on a potential reversion to the mean.",82.22,84.51,48.6,-0.9709,1044351,0.91,22.3,13.6,2.93,-2.71,-1,0.46,0.05,0.41
Day-79,google/gemma-3-4b-it,INTJ,memory,crash,42,0.92,deterioration,81.25,88.19777912244496,8948.52670843339,0.21695731720539144,110.13304309066075,BUY,0.2,"The SMA20/60 trend divergence suggests a potential upward shift. The P/E ratio is attractive, and the RSI indicates value. I’ll initiate a small position to capitalize on the underlying trend, planning an exit based on a pre-determined volatility target.",82.05,84.4,47.1,-0.9459,1060317,0.94,22.4,13.8,2.89,-2.79,-1,-0.05,0.05,-0.1
Day-80,google/gemma-3-4b-it,INTJ,memory,crash,42,0.92,deterioration,79.47,87.00621554269955,8752.489891732015,0.18441371962458272,110.13345259862075,BUY,0.15,"The SMA crossover, combined with a reasonable P/E ratio and low RSI, suggests a potential long-term trend. The volume ratio is slightly elevated, indicating potential buying pressure. I’m initiating a small position to capitalize on this systemic alignment with my model’s predictive capabilities, planning for a strategic exit based on pre-defined volatility thresholds.",81.75,84.21,46.5,-1.0574,1230389,1.08,22.5,13.7,2.92,-2.92,-1,-0.13,0.02,-0.15
Day-81,google/gemma-3-4b-it,INTJ,memory,crash,42,0.92,panic,79.55,86.28654365486204,8761.300567939905,0.14753097569966617,110.13391624090768,BUY,0.2,"The SMA20 crossing the SMA60 suggests a potential bullish trend, despite the slight negative movement. The low RSI indicates undervaluation, and the P/E ratio is attractive. I will initiate a buy order for 20% of available capital, anticipating a sustained upward trajectory based on the established system.",81.63,84.08,40.1,-1.1259,2206333,1.84,22.5,13.8,2.89,-2.91,-1,-0.99,-0.24,-0.75
Day-82,google/gemma-3-4b-it,INTJ,memory,crash,42,0.92,panic,80.25,86.14365622637378,8838.394309308542,0.11802478055973294,110.13428391935179,BUY,0.2,"The SMA20/60 trend divergence suggests a potential upward shift. The P/E ratio is low, indicating undervaluation, and the volume ratio suggests buying pressure. I’m initiating a small position to capitalize on this systemic trend, planning an exit based on a predetermined resistance level.",81.48,83.9,48.6,-1.1115,2404342,1.9,22.9,14.0,2.86,-2.89,-1,-0.27,-0.2,-0.08
Day-83,google/gemma-3-4b-it,INTJ,memory,crash,42,0.92,panic,82.53,87.1215502711153,9089.500476644662,0.09441982444778635,110.13456993602587,BUY,0.2,"The SMA20 crossing below the SMA60 suggests a potential trend reversal. Despite negative news sentiment and a slightly elevated RSI, the P/E ratio indicates undervaluation and the volume ratio suggests buying pressure. I’m initiating a small position to capitalize on the anticipated shift.",81.71,83.8,51.0,-0.9053,2588278,1.93,23.3,14.2,2.81,-2.5,-1,-0.7,-0.43,-0.27
Day-84,google/gemma-3-4b-it,INTJ,memory,crash,42,0.92,panic,77.36,86.10328005284165,8520.104750075408,0.08497784200300772,110.13469198853937,BUY,0.1,"The SMA trend divergence suggests a potential shift in momentum. The low RSI and P/E ratio indicate undervaluation, creating an asymmetric risk/reward profile. I’ll initiate a small position to capitalize on this systemic shift, planning for a 60-day exit strategy based on the SMA crossover.",81.52,83.63,42.1,-1.146,2827194,1.98,23.6,13.5,2.97,-2.53,-1,-0.76,-0.57,-0.19
Day-85,google/gemma-3-4b-it,INTJ,memory,crash,42,0.92,panic,81.21,84.79478644994846,8944.123314231285,0.06798227360240618,110.13490126779563,BUY,0.2,"The SMA20 is slightly below the SMA60, indicating a potential shift to a longer-term trend. The P/E ratio is low, suggesting undervaluation, and the RSI is neutral. Given the long-term trend and potential undervaluation, a strategic entry point is warranted to capitalize on a sustained upward movement.",81.43,83.44,44.9,-1.0143,2177570,1.47,24.0,14.4,2.78,-2.41,-1,-0.97,-0.74,-0.23
Day-86,google/gemma-3-4b-it,INTJ,memory,crash,42,0.92,panic,74.16,83.79302940636393,8167.672260293326,0.05438581888192494,110.13508460726058,BUY,0.2,"The SMA trend divergence, coupled with a low RSI and reasonable P/E ratio, suggests a potential long-term undervaluation. The volume ratio indicates buying pressure, aligning with the overall trend. I’m initiating a small position to capitalize on the anticipated upward movement, factoring in a pre-determined exit strategy based on the model’s projections.",81.05,83.17,40.9,-1.4618,3036648,1.94,24.4,13.3,3.01,-2.55,-1,-0.66,-0.67,0.01
Day-87,google/gemma-3-4b-it,INTJ,memory,crash,42,0.92,panic,77.24,84.208431524066,8506.888320883689,0.04350865510553995,110.13522543019917,BUY,0.2,"The SMA trend is still positive, RSI indicates undervaluation, and the P/E ratio is attractive. The volume ratio suggests potential buying pressure, aligning with the long-term trend. I will initiate a position to capitalize on this sustained upward momentum, planning for a 3-month exit strategy.",80.66,83.04,41.0,-1.5499,2895144,1.75,24.8,13.8,2.91,-2.87,-1,-0.92,-0.8,-0.11
Day-88,google/gemma-3-4b-it,INTJ,memory,crash,42,0.92,panic,78.2,84.03718263372569,8612.618137296682,0.034806924084431964,110.13533670553193,BUY,0.2,"The SMA trend is still positive, RSI indicates value, and the P/E ratio is attractive. The volume ratio suggests potential buying pressure, aligning with the overall trend. I will initiate a small position to capitalize on the long-term outlook, planning for a 3-month exit strategy based on a predetermined profit target.",80.52,82.88,43.9,-1.5252,2328747,1.36,25.2,14.0,2.87,-2.85,-1,-0.78,-0.82,0.04
Day-89,google/gemma-3-4b-it,INTJ,memory,crash,42,0.92,panic,76.79,83.00742242995865,8457.327312541882,0.02784553926754557,110.13542736036742,BUY,0.2,"The SMA convergence suggests a continuation of the established trend, supported by a reasonable P/E ratio and manageable volatility. The volume ratio indicates potential buying pressure, justifying a modest entry position to capitalize on the long-term outlook.",80.26,82.71,46.7,-1.6009,3263216,1.81,25.6,13.9,2.88,-2.97,-1,-0.29,-0.72,0.43
Day-90,google/gemma-3-4b-it,INTJ,memory,crash,42,0.92,panic,75.44,83.02068986307201,8308.644485605386,0.022276431414036457,110.13550118205158,BUY,0.2,"The SMA crossover suggests an upward trend, supported by a reasonable P/E ratio and low RSI. The volume ratio indicates potential buying pressure. I’m initiating a small position to capitalize on this systemic shift, prioritizing a pre-determined exit strategy based on the model’s projected volatility.",79.92,82.46,38.5,-1.7491,3366429,1.76,25.9,13.6,2.93,-3.09,-1,-0.82,-0.69,-0.13
Day-91,google/gemma-3-4b-it,INTJ,memory,crash,42,0.92,panic,75.7,82.61776741242005,8337.279715912719,0.017821145131229166,110.13556003655994,BUY,0.2,"The SMA crossover suggests an upward trend, supported by a reasonable P/E ratio and manageable volatility. The volume ratio indicates potential buying pressure, aligning with the overall strategic outlook of the system. I’m initiating a small position to capitalize on the established momentum.",79.47,82.26,40.1,-1.8252,2410413,1.22,26.3,13.7,2.91,-3.39,-1,-0.57,-0.67,0.1
Day-92,google/gemma-3-4b-it,INTJ,memory,crash,42,0.92,panic,75.7,83.08641240295293,8337.279715912719,0.014256916104983332,110.13560712016663,BUY,0.2,"The SMA crossover suggests an upward trend, supported by a reasonable P/E ratio and manageable volatility. The volume ratio indicates potential buying pressure, aligning with the long-term strategic outlook. I’m initiating a small position to capitalize on this established momentum.",79.23,82.05,42.2,-1.8637,2701380,1.32,26.7,13.7,2.93,-3.45,-1,-0.94,-0.68,-0.26
Day-93,google/gemma-3-4b-it,INTJ,memory,crash,42,0.92,panic,74.45,81.88435930907558,8199.610207012509,0.011405532883986666,110.13564541947113,BUY,0.2,"The SMA crossover, coupled with a low RSI and a reasonable P/E ratio, suggests a potential long-term trend. The volume ratio indicates buying pressure, and the negative news sentiment provides a slight undervaluation opportunity. I’m initiating a small position to capitalize on this systemic alignment.",78.77,81.81,38.4,-1.9725,3376954,1.56,27.1,13.6,2.93,-3.72,-1,-0.81,-0.68,-0.12
Day-94,google/gemma-3-4b-it,INTJ,memory,crash,42,0.92,panic,75.85,81.05669716247782,8353.800110599768,0.009124426307189333,110.13567549338777,BUY,0.2,"The SMA20/60 trend divergence suggests a potential shift in momentum. The low RSI and P/E ratio indicate undervaluation, presenting an opportunity for a long-term investment. My system flags this as a high-probability entry point based on the established framework.",78.43,81.58,43.7,-1.9237,3353808,1.47,27.5,14.0,2.85,-3.86,-1,-0.45,-0.72,0.27
Day-95,google/gemma-3-4b-it,INTJ,memory,crash,42,0.92,panic,74.29,80.16458900934566,8181.988456830085,0.0072995410457514665,110.13570005773373,BUY,0.2,"The SMA crossover suggests a potential bullish trend, coupled with a reasonable P/E ratio and manageable volatility. The volume ratio indicates buying pressure, aligning with the established trend. I’m initiating a small position to capitalize on this systemic shift, prioritizing a pre-determined exit strategy based on the model’s projections.",78.2,81.4,41.3,-1.988,2702881,1.15,27.8,13.9,2.88,-3.93,-1,-0.93,-0.74,-0.19
Day-96,google/gemma-3-4b-it,INTJ,memory,crash,42,0.92,panic,70.91,78.20107406121353,7809.729790634944,0.005109678732026026,110.13573094001146,BUY,0.3,"The SMA crossover, coupled with a low RSI and a reasonable P/E ratio, suggests a potential long-term trend reversal. The volume ratio indicates buying pressure, aligning with the overall market structure. I’m initiating a small position to capitalize on this systemic shift, prioritizing a pre-determined exit strategy based on technical indicators.",77.61,81.12,35.8,-2.2855,2771048,1.13,28.2,13.6,2.94,-4.32,-1,-0.44,-0.71,0.27
Day-97,google/gemma-3-4b-it,INTJ,memory,crash,42,0.92,panic,73.11,77.99719433827812,8052.028398702969,0.004087742985620821,110.13574491806844,BUY,0.2,"The SMA crossover, combined with a low RSI and a reasonable P/E ratio, suggests a potential long-term trend reversal. The volume ratio indicates buying pressure, aligning with the overall market trend. I’m initiating a small position to capitalize on this systemic shift, prioritizing a pre-determined exit strategy based on technical indicators.",77.18,80.89,35.7,-2.3169,3013311,1.19,28.6,14.1,2.85,-4.58,-1,-0.66,-0.65,-0.0
Day-98,google/gemma-3-4b-it,INTJ,memory,crash,42,0.92,panic,72.0,77.75824961045801,7929.777721843913,0.002861420089934575,110.13576195033087,BUY,0.3,"The SMA crossover suggests an upward trend, supported by a reasonable P/E ratio and low RSI. The volume ratio indicates potential buying pressure. I’m initiating a small position to capitalize on the established momentum, prioritizing a pre-determined exit strategy based on the model’s projected volatility.",76.77,80.63,40.7,-2.4035,3200402,1.21,29.0,13.9,2.88,-4.78,-1,-0.91,-0.68,-0.24
Day-99,google/gemma-3-4b-it,INTJ,memory,crash,42,0.92,panic,72.3,77.26336306710047,7962.818450429013,0.0020029940629542023,110.13577382344329,BUY,0.3,"The SMA crossover, combined with a low RSI and a reasonable P/E ratio, suggests a potential long-term upward trend. The volume ratio indicates buying pressure, supporting the thesis. I’m initiating a small position to capitalize on this systemic alignment, planning for a strategic exit based on pre-defined volatility thresholds.",76.32,80.31,32.4,-2.4198,3417044,1.24,29.4,14.0,2.85,-4.97,-1,-0.67,-0.72,0.05
Day-100,google/gemma-3-4b-it,INTJ,memory,crash,42,0.92,panic,71.35,76.52877593372531,7858.189465296741,0.0014020958440679417,110.13578224528237,BUY,0.3,"The SMA20/60 trend divergence suggests a potential upward shift. The P/E ratio is attractive, and the RSI indicates value. I’m initiating a small position to capitalize on the long-term trend, planning an exit strategy based on a predetermined profit target and trailing stop loss.",75.92,80.04,42.7,-2.4808,3131784,1.1,29.7,14.0,2.86,-5.15,-1,-0.61,-0.66,0.05
Day-101,google/gemma-3-4b-it,INTJ,memory,crash,42,0.92,panic,67.4,74.6134051916749,7423.153125427876,0.0009814670908475593,110.13578848606505,BUY,0.3,"The RSI is extremely low, indicating significant undervaluation. The SMA trend divergence suggests a potential upward shift. Given the low P/E ratio and volume ratio, this presents a compelling entry point for a long-term strategic position, aligning with the system’s core objective of identifying undervalued assets.",75.31,79.72,25.5,-2.8155,3297292,1.13,30.1,13.6,2.95,-5.54,-1,-0.68,-0.71,0.03
Day-102,google/gemma-3-4b-it,INTJ,memory,crash,42,0.92,panic,66.96,73.69275986890955,7374.693378494006,0.0006870269635932915,110.13579288331904,BUY,0.3,"The RSI is exceptionally low, indicating significant undervaluation. The SMA trends are positive, and the P/E ratio is attractive. This presents a clear entry point for a long-term position, aligning with the system’s objective of identifying asymmetric edges.",74.65,79.34,21.3,-3.081,3725384,1.25,30.5,13.6,2.93,-5.92,-1,-1.0,-0.77,-0.23
Day-103,google/gemma-3-4b-it,INTJ,memory,crash,42,0.92,panic,68.14,72.85004535238278,7504.6536140963235,0.000480918874515304,110.13579590809287,BUY,0.3,"The RSI is extremely low, indicating significant undervaluation. The SMA trends are trending upwards, suggesting a potential long-term uptrend. Given the low P/E ratio and my system’s projected alpha, this presents a compelling entry point with a pre-determined exit strategy.",73.93,78.95,27.6,-3.1593,2796124,0.94,30.9,14.0,2.85,-6.37,-1,-0.95,-0.78,-0.17
Day-104,google/gemma-3-4b-it,INTJ,memory,crash,42,0.92,panic,66.74,71.54776808316116,7350.463499824992,0.0003366432121607128,110.13579806984987,BUY,0.3,"The RSI is extremely low, indicating significant undervaluation. The SMA trends are trending upwards, suggesting a potential long-term recovery. Given the low P/E ratio and my system’s projected growth, a strategic entry at 30% of available capital is warranted, anticipating a significant upward movement.",73.4,78.56,27.6,-3.2966,3130505,1.04,31.3,14.0,2.86,-6.57,-1,-0.85,-0.82,-0.03
Day-105,google/gemma-3-4b-it,INTJ,memory,crash,42,0.92,panic,65.18,70.88648237149515,7178.651654836027,0.00023565024851249895,110.13579961929699,BUY,0.3,"The RSI is extremely low, indicating significant undervaluation. The SMA trend divergence suggests a potential upward shift. Given the low P/E ratio and volume ratio, this presents a compelling entry point for a long-term strategic position, aligning with the system’s established parameters.",72.6,78.21,24.6,-3.4906,3817085,1.24,31.7,13.8,2.9,-7.18,-1,-0.81,-0.86,0.04
Day-106,google/gemma-3-4b-it,INTJ,memory,crash,42,0.92,panic,65.3,70.79053322830968,7191.867950790342,0.00016495517395874926,110.1358007019168,BUY,0.3,"The RSI is extremely low, indicating significant undervaluation. The P/E ratio is attractive, and the trend lines suggest a potential upward shift. I’m initiating a position to capitalize on the long-term trend, anticipating a correction and subsequent recovery.",72.15,77.84,25.0,-3.5934,4121989,1.31,32.0,13.8,2.89,-7.3,-1,-0.68,-0.86,0.18
Day-107,google/gemma-3-4b-it,INTJ,memory,crash,42,0.92,panic,68.32,72.17671912952022,7524.478068910129,0.00011546862177112448,110.13580142625159,BUY,0.3,"The SMA crossover, combined with a low RSI and a reasonable P/E ratio, suggests a potential long-term trend reversal. The volume ratio indicates buying pressure, and the negative news sentiment provides a slight undervaluation opportunity. I’m initiating a position to capitalize on this emerging trend, planning an exit strategy based on a predetermined profit target.",71.71,77.49,36.4,-3.3924,3618518,1.14,32.4,14.2,2.82,-7.46,-1,-0.76,-0.81,0.05
Day-108,google/gemma-3-4b-it,INTJ,memory,crash,42,0.92,panic,65.22,71.85129694235205,7183.057084488751,8.082803523978714e-05,110.13580195738601,BUY,0.3,"The RSI is extremely low, indicating significant undervaluation. The SMA trend is slightly negative, but the P/E ratio is attractive, suggesting a potential long-term recovery. This presents an opportunity to establish a position with a defined exit strategy based on the model’s predictive algorithms.",71.06,77.14,28.1,-3.4438,3690877,1.14,32.8,13.6,2.94,-7.88,-1,-1.0,-0.82,-0.18
Day-109,google/gemma-3-4b-it,INTJ,memory,crash,42,0.92,panic,66.7,71.60884733307482,7346.0580713856825,5.6579624667851e-05,110.1358023209304,BUY,0.3,"The SMA20/60 trend divergence, coupled with the RSI indicating oversold conditions and a reasonable P/E ratio, suggests a potential long-term uptrend. The volume ratio of 0.96 supports the trend, indicating buying pressure. I’m initiating a small position to capitalize on this systemic alignment.",70.55,76.78,34.3,-3.3264,3107185,0.96,33.2,14.0,2.86,-8.11,-1,-0.72,-0.8,0.07
Day-110,google/gemma-3-4b-it,INTJ,memory,crash,42,0.92,panic,65.05,71.03440141730866,7164.333997556147,3.96057372674957e-05,110.1358025818664,BUY,0.3,"The SMA crossover suggests a potential upward trend, coupled with a low RSI indicating undervaluation. The volume ratio indicates buying pressure, and the P/E ratio suggests a reasonable valuation. I’m initiating a position to capitalize on this systemic shift, planning for a 30% allocation.",70.03,76.37,37.0,-3.3283,3650377,1.12,33.6,13.7,2.91,-8.3,-1,-0.68,-0.77,0.09
Day-111,google/gemma-3-4b-it,INTJ,memory,crash,42,0.92,panic,62.8,68.61563020200961,6916.528441746947,2.7724016087246994e-05,110.13580277106578,BUY,0.3,"The RSI is extremely low, indicating significant undervaluation. The SMA20 is below the SMA60, confirming a downtrend, but the P/E ratio is attractive. This presents an opportunity to establish a long position with a defined exit strategy based on the model’s predicted trend reversal.",69.39,75.99,27.1,-3.4712,3820388,1.15,33.9,13.7,2.91,-8.68,-1,-0.69,-0.77,0.08
Day-112,google/gemma-3-4b-it,INTJ,memory,crash,42,0.92,panic,64.29,68.0891163265604,7080.630787875837,1.9406811261072897e-05,110.1358029004359,BUY,0.3,"The SMA20 is above the SMA60, indicating an upward trend. The RSI is low, suggesting undervaluation, and the P/E ratio is attractive. This presents an opportunity to enter a long position with a defined exit strategy based on the model’s projected alpha.",68.82,75.61,33.2,-3.4248,3420717,1.02,34.3,14.2,2.82,-8.98,-1,-0.58,-0.73,0.15
Day-113,google/gemma-3-4b-it,INTJ,memory,crash,42,0.92,panic,63.48,67.64934653650141,6991.420787526482,1.3584767882751028e-05,110.13580299215052,BUY,0.3,"The RSI is extremely low, indicating significant undervaluation. The SMA trends are positive, and the P/E ratio is attractive. This presents a clear entry point for a long-term position, aligning with the system’s objective of identifying undervalued assets with strong underlying trends.",68.27,75.32,31.2,-3.4143,3500019,1.04,34.7,14.1,2.84,-9.36,-1,-0.63,-0.66,0.03
Day-114,google/gemma-3-4b-it,INTJ,memory,crash,42,0.92,panic,65.26,69.6125886489867,7187.462516852511,9.50933751792572e-06,110.13580305459965,BUY,0.3,"The SMA20 is below the SMA60, indicating a potential downtrend, but the RSI is low and the P/E ratio is attractive. Volume is slightly elevated, suggesting underlying interest, and the overall market data aligns with a long-term strategic buy, establishing a position with a defined exit strategy based on the model’s predicted volatility.",67.74,75.0,37.5,-3.2246,3706951,1.1,35.1,14.1,2.84,-9.68,-1,-0.71,-0.66,-0.05
Day-115,google/gemma-3-4b-it,INTJ,memory,crash,42,0.92,panic,65.36,68.92022768420559,7198.47609715797,6.656536262548004e-06,110.13580309824715,BUY,0.3,"The SMA crossover suggests an upward trend, supported by a reasonable P/E ratio and RSI. The volume ratio indicates potential buying pressure, aligning with the overall market direction. I’m initiating a small position to capitalize on this systemic shift, anticipating a sustained increase.",67.29,74.64,45.0,-3.0311,3184180,0.93,35.5,14.2,2.81,-9.85,-1,-0.81,-0.69,-0.13
Day-116,google/gemma-3-4b-it,INTJ,memory,crash,42,0.92,panic,63.26,68.72177502653919,6967.1909106516505,4.659575383783603e-06,110.13580312981466,BUY,0.3,"The SMA crossover suggests an upward trend, supported by a reasonable P/E ratio and low RSI. The volume ratio indicates potential buying pressure. I’m initiating a small position to capitalize on this systemic shift, prioritizing a pre-determined exit strategy based on the model’s predicted volatility.",66.91,74.28,41.6,-3.0133,3699583,1.07,35.8,13.8,2.9,-9.92,-1,-1.0,-0.75,-0.25
Day-117,google/gemma-3-4b-it,INTJ,memory,crash,42,0.92,panic,63.76,68.18706325683395,7022.258812216558,3.2617027686485226e-06,110.13580315173864,BUY,0.3,"The SMA crossover suggests an upward trend, supported by a reasonable P/E ratio and low RSI. The volume ratio indicates potential buying pressure. I’m initiating a small position to capitalize on this systemic shift, planning an exit based on a predetermined trailing stop loss.",66.44,73.85,39.7,-2.9251,3560806,1.02,36.2,14.0,2.85,-10.03,-1,-0.71,-0.77,0.06
Day-118,google/gemma-3-4b-it,INTJ,memory,crash,42,0.92,panic,60.73,66.51838521921442,6688.54732866679,2.283191938053966e-06,110.13580316785112,BUY,0.3,"The SMA crossover suggests a potential upward trend, while the low RSI indicates undervaluation. The P/E ratio is attractive, and the volume ratio supports the momentum. I’m initiating a position to capitalize on this systemic shift, planning for a 30% allocation.",65.88,73.44,36.9,-3.0639,3787114,1.08,36.6,13.7,2.92,-10.3,-1,-0.76,-0.8,0.04
Day-119,google/gemma-3-4b-it,INTJ,memory,crash,42,0.92,panic,62.27,67.16120803372944,6858.156465545281,1.5982343566377763e-06,110.13580317885092,BUY,0.3,"The SMA crossover suggests a potential upward trend, supported by a reasonable P/E ratio and manageable volatility. The volume ratio indicates buying pressure, aligning with the long-term SMA trend. I’m initiating a small position to capitalize on this systemic shift, pre-planning an exit strategy based on a trailing stop loss.",65.38,73.05,43.7,-3.0146,3485032,0.99,37.0,13.9,2.88,-10.5,-1,-0.75,-0.81,0.06
Day-120,google/gemma-3-4b-it,INTJ,memory,crash,42,0.92,panic,61.82,67.41314106641622,6808.595354114798,1.1187640496464434e-06,110.13580318660684,BUY,0.3,"The SMA trend divergence suggests a potential shift in momentum. The P/E ratio is attractive, and the volume ratio indicates buying pressure. I’m initiating a position to capitalize on the anticipated upward trend, factoring in a pre-determined exit strategy based on the model’s predicted volatility.",64.9,72.64,42.5,-2.9775,4801214,1.34,37.4,13.8,2.91,-10.65,-1,-1.0,-0.84,-0.16
Day-121,google/gemma-3-4b-it,INTJ,memory,crash,42,0.92,panic,62.43,67.70417301345927,6875.778194058629,7.831348347525103e-07,110.13580319198293,BUY,0.3,"The RSI is low, indicating potential undervaluation. The SMA trend shows a slight downward pressure, but the P/E ratio is attractive and the volume ratio suggests potential buying interest. This aligns with a long-term strategic investment based on a fundamental assessment of the asset’s value.",64.65,72.2,35.9,-2.866,4351960,1.19,37.8,13.8,2.89,-10.45,-1,-1.0,-0.84,-0.16
Day-122,google/gemma-3-4b-it,INTJ,memory,crash,42,0.92,panic,61.88,66.29478555866453,6815.203502303039,5.481943843267572e-07,110.13580319577964,BUY,0.3,"The SMA trend divergence suggests a potential shift in momentum. The P/E ratio is attractive, and the RSI indicates undervaluation. I’m initiating a small position to capitalize on the long-term trend, anticipating a price increase based on the established system.",64.4,71.82,40.9,-2.7898,4540851,1.23,38.1,14.0,2.86,-10.33,-1,-0.59,-0.82,0.23
Day-123,google/gemma-3-4b-it,INTJ,memory,crash,42,0.92,panic,60.59,67.19757986960062,6673.128316180483,3.837360690287301e-07,110.13580319849393,BUY,0.3,"The SMA20 is below the SMA60, indicating a downtrend, yet the RSI is extremely low (33.2) suggesting a potential oversold condition. Combined with a P/E ratio of 13.5 and a volume ratio of 1.26, the asset presents a compelling entry point for a long-term strategic investment, aligning with the model’s objective of identifying undervalued assets.",64.02,71.36,33.2,-2.8011,4774682,1.26,38.5,13.5,2.96,-10.28,-1,-0.81,-0.83,0.02
Day-124,google/gemma-3-4b-it,INTJ,memory,crash,42,0.92,panic,63.21,65.29572880680834,6961.684120560538,2.6861524832011106e-07,110.13580320031518,BUY,0.3,"The SMA20 is above the SMA60, indicating an upward trend supported by a reasonable P/E ratio and RSI. The volume ratio suggests potential buying pressure, and the negative news sentiment provides a slight undervaluation opportunity. I’m initiating a position to capitalize on this systemic trend.",63.85,70.98,45.2,-2.5694,4319340,1.12,38.9,14.5,2.75,-10.04,-1,-0.66,-0.81,0.15
Day-125,google/gemma-3-4b-it,INTJ,memory,crash,42,0.92,panic,58.64,65.3825859006086,6458.363499935098,1.8803067382407775e-07,110.13580320168941,BUY,0.3,"The SMA crossover suggests a potential upward trend, supported by a reasonable P/E ratio and low volatility. The volume ratio indicates buying pressure, aligning with the long-term trend. I’m initiating a small position to capitalize on this systemic shift, prioritizing a pre-determined exit strategy based on the model’s projections.",63.52,70.57,40.3,-2.7229,3643267,0.95,39.3,13.5,2.97,-9.99,-1,-0.79,-0.77,-0.02
Day-126,google/gemma-3-4b-it,INTJ,memory,crash,42,0.92,panic,59.89,67.07304152641859,6596.033253937209,1.3162147167685442e-07,110.1358032026313,BUY,0.3,"The SMA crossover, coupled with a low RSI and reasonable P/E ratio, suggests a potential long-term trend. The volume ratio indicates buying pressure, aligning with the established trend. I’m initiating a position to capitalize on this systemic shift, planning for a strategic exit based on pre-defined volatility targets.",63.25,70.11,39.6,-2.7131,4472187,1.16,39.7,13.4,2.99,-9.79,-1,-0.79,-0.73,-0.06
Day-127,google/gemma-3-4b-it,INTJ,memory,crash,42,0.92,panic,62.07,65.5825052012879,6836.129304918946,9.213503017379809e-08,110.13580320326746,BUY,0.3,"The SMA20 is slightly below the SMA60, indicating a potential shift to a longer-term trend. The P/E ratio is attractive, and the RSI suggests the asset is undervalued. I’m initiating a small position to capitalize on this systemic alignment with my predictive model.",62.94,69.72,46.9,-2.4999,4603700,1.18,40.0,14.2,2.82,-9.73,-1,-0.61,-0.73,0.12
Day-128,google/gemma-3-4b-it,INTJ,memory,crash,42,0.92,panic,60.54,64.51620747168512,6667.621526017946,6.449452112165866e-08,110.13580320372402,BUY,0.3,"The SMA crossover suggests a potential upward trend, supported by a reasonable P/E ratio and manageable volatility. The volume ratio indicates buying pressure, aligning with the long-term trend. This trade aligns with a systematic approach prioritizing long-term alpha generation.",62.7,69.33,39.4,-2.4265,4932484,1.24,40.4,14.1,2.84,-9.56,-1,-0.9,-0.75,-0.15
Day-129,google/gemma-3-4b-it,INTJ,memory,crash,42,0.92,panic,59.92,64.11585883677276,6599.337328031638,4.514616478516107e-08,110.13580320404692,BUY,0.3,"The SMA crossover suggests a potential upward trend, supported by a reasonable P/E ratio and low RSI. The volume ratio indicates buying pressure, aligning with the long-term trend. I’m initiating a small position to capitalize on this systemic shift, planning for a strategic exit based on pre-defined volatility thresholds.",62.36,68.9,38.1,-2.3908,4409958,1.09,40.8,14.0,2.85,-9.49,-1,-0.78,-0.78,-0.0
Day-130,google/gemma-3-4b-it,INTJ,memory,crash,42,0.92,panic,59.01,63.112383182656565,6499.1137471159545,3.160231534961275e-08,110.13580320427644,BUY,0.3,"The SMA crossover suggests a potential upward trend, supported by a reasonable P/E ratio and low RSI. The volume ratio indicates buying pressure, aligning with the long-term SMA trend. I’m initiating a small position to capitalize on this systemic shift, planning for a strategic exit based on pre-defined volatility thresholds.",62.06,68.49,40.2,-2.4088,3894553,0.96,41.2,14.0,2.85,-9.39,-1,-0.89,-0.8,-0.1
Day-131,google/gemma-3-4b-it,INTJ,memory,crash,42,0.92,panic,56.16,61.06171975159043,6185.226707983767,2.2121620744728926e-08,110.13580320444525,BUY,0.3,"The SMA crossover suggests a potential bullish trend, coupled with a low RSI indicating undervaluation. The P/E ratio is attractive, and the volume ratio is slightly above neutral, suggesting underlying interest. I’m initiating a small position to capitalize on this systemic shift, planning for a 3x exit based on projected trend continuation.",61.73,68.02,34.2,-2.6225,4219179,1.04,41.6,13.8,2.9,-9.25,-1,-0.89,-0.82,-0.07
Day-132,google/gemma-3-4b-it,INTJ,memory,crash,42,0.92,panic,54.43,60.63028272639646,5994.691768440077,1.5485134521310248e-08,110.13580320456718,BUY,0.3,"The SMA crossover, combined with a low RSI and reasonable P/E ratio, suggests a potential long-term trend reversal. Volume ratio is neutral, indicating a lack of immediate strong momentum either way. I’m initiating a small position to capitalize on this systemic shift, prioritizing a pre-determined exit strategy based on the model’s projected performance.",61.24,67.51,36.1,-2.8976,4405746,1.07,41.9,13.5,2.97,-9.29,-1,-0.86,-0.87,0.0
Day-133,google/gemma-3-4b-it,INTJ,memory,crash,42,0.92,panic,54.46,59.06797901267035,5997.995842536214,1.0839594164917174e-08,110.13580320465249,BUY,0.3,"The RSI is extremely low, indicating significant undervaluation. The P/E ratio is attractive, and the trend lines suggest a potential upward shift. This presents a clear entry point for a long-term position, aligning with the system's objective of identifying asymmetric edges.",60.79,66.95,31.5,-3.0784,4977912,1.19,42.3,13.8,2.89,-9.2,-1,-0.76,-0.84,0.08
Day-134,google/gemma-3-4b-it,INTJ,memory,crash,42,0.92,panic,53.3,59.041571443305536,5870.238310818817,7.587715915442021e-09,110.1358032047135,BUY,0.3,"The RSI is low, indicating potential undervaluation. The P/E ratio is attractive, and the volume ratio suggests buying pressure. My models project a sustained upward trend based on the SMA convergence, justifying a strategic entry point.",60.19,66.47,30.5,-3.277,4880121,1.15,42.7,13.5,2.95,-9.45,-1,-0.9,-0.86,-0.04
Day-135,google/gemma-3-4b-it,INTJ,memory,crash,42,0.92,panic,54.48,57.622147209071734,6000.198558600378,5.311401140809415e-09,110.13580320475528,BUY,0.3,"The SMA20/60 trend divergence, coupled with the RSI indicating oversold conditions and a reasonable P/E ratio, suggests a potential long-term undervaluation. Given the low cash balance and the system’s projected alpha, initiating a small position aligns with the mandate to prioritize long-term strategic gains.",59.64,65.93,32.3,-3.3017,4512524,1.05,43.1,14.2,2.82,-9.54,-1,-0.55,-0.79,0.24
Day-136,google/gemma-3-4b-it,INTJ,memory,crash,42,0.92,panic,53.76,58.67208161408927,5920.9007802929555,3.7179807985665906e-09,110.13580320478492,BUY,0.3,"The RSI is low, indicating potential undervaluation. The P/E ratio is attractive, and the trend lines, while slightly negative, remain above the 60-day SMA. This presents an opportunity to establish a position with a defined exit strategy based on the model’s predictive algorithms.",59.17,65.52,32.0,-3.3406,5770554,1.31,43.5,13.7,2.91,-9.7,-1,-0.98,-0.81,-0.17
Day-137,google/gemma-3-4b-it,INTJ,memory,crash,42,0.92,panic,51.56,57.38882832175304,5678.602013242429,2.602586558996613e-09,110.13580320480655,BUY,0.3,"The RSI is low, indicating potential undervaluation. The P/E ratio is attractive, and the trend lines, while slightly negative, remain above the price. This presents an opportunity to establish a long position with a defined exit strategy based on the model’s predictive algorithms.",58.56,65.01,30.8,-3.5084,5079052,1.13,43.9,13.5,2.97,-9.92,-1,-0.84,-0.8,-0.03
Day-138,google/gemma-3-4b-it,INTJ,memory,crash,42,0.92,panic,51.56,56.56676680554736,5678.602013242429,1.8218105912976291e-09,110.1358032048217,BUY,0.3,"The RSI is extremely low, indicating significant undervaluation. The P/E ratio is attractive, and the trend lines, while slightly negative, remain above the current price. This presents a clear entry point for a long-term position based on a systematic assessment of market fundamentals.",58.1,64.48,22.1,-3.5999,4398615,0.97,44.2,13.7,2.93,-9.89,-1,-0.89,-0.83,-0.06
Day-139,google/gemma-3-4b-it,INTJ,memory,crash,42,0.92,panic,52.95,56.880284022917024,5831.690779697131,1.2752674139083404e-09,110.13580320483202,BUY,0.3,"The RSI is extremely low, indicating significant undervaluation. The P/E ratio is attractive, and the trend lines suggest a potential upward shift. I’m initiating a position to capitalize on this systemic undervaluation, planning an exit strategy based on a predetermined resistance level.",57.63,64.0,33.9,-3.5197,4167941,0.91,44.6,14.0,2.86,-9.95,-1,-0.51,-0.75,0.24
Day-140,google/gemma-3-4b-it,INTJ,memory,crash,42,0.92,panic,49.89,55.14941970648307,5494.675221890345,5.101069655633362e-10,110.13580320484735,BUY,0.6,"The RSI is extremely low, indicating significant undervaluation. The P/E ratio is attractive, and the trend lines (SMA20 and 60) are aligned. This presents a clear entry point for a long-term position, aligning with the system's objective of identifying undervalued assets with strong underlying trends.",57.04,63.49,24.4,-3.6606,4305718,0.95,45.0,13.6,2.95,-10.16,-1,-0.76,-0.8,0.03
Day-141,google/gemma-3-4b-it,INTJ,memory,crash,42,0.92,stabilization,49.63,55.28314967378514,5466.039913057085,3.5707487589433537e-10,110.13580320485043,BUY,0.3,"The low RSI and SMA trend divergence, coupled with a reasonable P/E ratio and controlled volatility, suggest a potential undervaluation. The volume ratio indicates selling pressure, creating an opportunity to establish a position with a modest allocation, prioritizing long-term strategic alignment with the model’s predictive framework.",56.4,62.97,14.7,-3.7505,1684468,0.38,45.0,13.5,2.97,-10.43,-1,0.18,-0.56,0.74
Day-142,google/gemma-3-4b-it,INTJ,memory,crash,42,0.92,stabilization,51.85,55.956721050926355,5710.541396171852,2.499524131260348e-10,110.1358032048525,BUY,0.3,"The RSI is extremely low, indicating significant undervaluation. The P/E ratio is attractive, and the trend lines suggest a potential upward shift. A modest position is warranted to capitalize on the anticipated long-term recovery, aligning with the system’s predictive model.",55.89,62.49,26.2,-3.6011,1611355,0.38,44.7,13.9,2.88,-10.55,-1,-0.09,-0.41,0.32
Day-143,google/gemma-3-4b-it,INTJ,memory,crash,42,0.92,stabilization,51.13,55.172979433645736,5631.2436178643575,1.7496668918822434e-10,110.13580320485396,BUY,0.3,"The RSI is extremely low, indicating significant undervaluation. The P/E ratio is attractive, and the trend lines (SMA20 and 60) are trending upwards. This presents a clear entry point for a long position, aligning with a systematic approach to capital deployment.",55.42,62.02,26.1,-3.5004,1621395,0.4,44.5,13.9,2.88,-10.64,-1,0.1,-0.22,0.32
Day-144,google/gemma-3-4b-it,INTJ,memory,crash,42,0.92,stabilization,50.1,55.28529636291189,5517.803740563359,1.2247668243175704e-10,110.13580320485501,BUY,0.3,"The RSI is extremely low, indicating significant undervaluation. Combined with the low P/E ratio and a slight negative trend divergence, this presents a compelling entry point. My system predicts a medium-term upward trend, and this position aligns with that projection.",54.77,61.51,25.9,-3.4634,1684773,0.43,44.2,13.6,2.94,-10.96,-1,-0.38,-0.19,-0.18
Day-145,google/gemma-3-4b-it,INTJ,memory,crash,42,0.92,stabilization,50.29,55.4352377600361,5538.7295431722805,8.573367770222993e-11,110.13580320485573,BUY,0.3,"The RSI is extremely low, indicating significant undervaluation. The SMA trend divergence suggests a potential upward shift, and the P/E ratio is attractive. This presents an opportunity to establish a position based on a long-term, systematic view, anticipating a return to the 60-day SMA.",54.35,61.03,31.5,-3.3796,1593193,0.41,44.0,13.6,2.94,-10.95,-1,0.28,0.02,0.26
Day-146,google/gemma-3-4b-it,INTJ,memory,crash,42,0.92,stabilization,51.73,55.84614919592476,5697.325099787273,6.001357439156095e-11,110.13580320485623,BUY,0.3,"The SMA crossover suggests a potential upward trend, supported by a reasonable P/E ratio and manageable volatility. The volume ratio indicates potential buying interest, aligning with the long-term strategic outlook of the system. I am initiating a small position to capitalize on this emerging trend.",53.94,60.65,41.3,-3.1612,2111201,0.56,43.7,13.9,2.88,-11.06,-1,-0.06,-0.03,-0.03
Day-147,google/gemma-3-4b-it,INTJ,memory,crash,42,0.92,stabilization,48.66,55.24767384048572,5359.2081839483635,4.2009502074092664e-11,110.1358032048566,BUY,0.3,"The SMA crossover suggests an upward trend, supported by a low RSI indicating undervaluation. The P/E ratio is attractive, and the volume ratio suggests potential buying interest. This aligns with a long-term strategic investment based on fundamental analysis, prioritizing a scalable entry point.",53.27,60.16,34.4,-3.1989,1507288,0.42,43.5,13.2,3.03,-11.45,-1,-0.16,-0.04,-0.11
Day-148,google/gemma-3-4b-it,INTJ,memory,crash,42,0.92,stabilization,48.13,54.607445533943576,5300.83620824979,2.940665145186486e-11,110.13580320485686,BUY,0.3,"The RSI is low, indicating potential undervaluation. The P/E ratio is attractive, and the trend lines, while slightly negative, remain above the SMA60. A small, strategic purchase aligns with a long-term, system-driven approach to capitalize on a potential market correction.",52.65,59.68,35.6,-3.2342,1818503,0.53,43.2,13.2,3.03,-11.78,-1,0.31,0.0,0.31
Day-149,google/gemma-3-4b-it,INTJ,memory,crash,42,0.92,stabilization,49.42,54.88841631675203,5442.911394384056,2.0584656016305405e-11,110.13580320485704,BUY,0.3,"The SMA trend divergence, coupled with a low RSI and reasonable P/E ratio, suggests a potential undervaluation. The volume ratio indicates selling pressure, creating an opportunity for a long position. My system predicts a sustained upward movement based on these metrics, prioritizing a calculated entry point.",52.12,59.22,36.0,-3.1219,1726089,0.52,43.0,13.5,2.96,-11.98,-1,-0.21,0.03,-0.24
Day-150,google/gemma-3-4b-it,INTJ,memory,crash,42,0.92,stabilization,50.33,55.05690865336862,5543.134975300476,1.4409259211413785e-11,110.13580320485717,BUY,0.3,"The SMA crossover, combined with a relatively low RSI and a P/E ratio indicating undervaluation, suggests a potential long-term trend. The volume ratio of 0.66 indicates selling pressure, creating an entry opportunity. My system anticipates a 10% increase within the next 6 months, justifying a 30% allocation.",51.69,58.8,40.6,-2.9256,2123049,0.66,42.7,13.7,2.92,-12.09,-1,-0.42,-0.11,-0.32
Day-151,google/gemma-3-4b-it,INTJ,memory,crash,42,0.92,stabilization,51.25,55.20215507854156,5644.459914248944,1.008648144798965e-11,110.13580320485725,BUY,0.3,"The SMA20 is slightly below the SMA60, indicating a potential long-term trend. The RSI is neutral, and the P/E ratio suggests undervaluation. Given the low volume ratio and my system’s projected growth, a strategic entry at this level aligns with maximizing long-term alpha.",51.44,58.48,49.1,-2.665,1494536,0.49,42.5,13.9,2.87,-12.03,-1,-0.47,-0.19,-0.28
Day-152,google/gemma-3-4b-it,INTJ,memory,crash,42,0.92,stabilization,53.18,55.395379183290046,5857.022014434319,7.0605370135927545e-12,110.13580320485731,BUY,0.3,"The SMA crossover, combined with a moderate RSI and a reasonable P/E ratio, suggests a potential upward trend. The volume ratio indicates selling pressure, creating an entry opportunity. I’m initiating a position to capitalize on this systemic shift, planning for a 30% allocation.",51.38,58.2,54.3,-2.277,1686627,0.57,42.2,14.4,2.78,-11.72,-1,0.18,-0.12,0.3
Day-153,google/gemma-3-4b-it,INTJ,memory,crash,42,0.92,stabilization,51.96,55.0753668225008,5722.656334524393,4.942375909514929e-12,110.13580320485735,BUY,0.3,"The SMA crossover, coupled with a moderate RSI and a reasonable P/E ratio, suggests a potential long-term trend. The volume ratio indicates selling pressure, presenting an opportunity to establish a position. My model anticipates a sustained upward movement, justifying a strategic entry.",51.26,57.88,47.4,-2.0444,2076112,0.74,41.9,14.2,2.83,-11.44,-1,-0.38,-0.26,-0.12
Day-154,google/gemma-3-4b-it,INTJ,memory,crash,42,0.92,stabilization,50.55,55.2114936710813,5567.364852005544,3.4596631366604505e-12,110.13580320485738,BUY,0.3,"The SMA crossover, combined with a moderate RSI and a reasonable P/E ratio, suggests a potential upward trend. The volume ratio indicates selling pressure, creating an entry opportunity. I’m initiating a position to capitalize on the anticipated continuation of this trend, factoring in a pre-determined exit strategy based on the model’s projections.",51.12,57.55,51.9,-1.9507,1991284,0.75,41.7,13.7,2.91,-11.18,-1,0.53,-0.11,0.64
Day-155,google/gemma-3-4b-it,INTJ,memory,crash,42,0.92,stabilization,50.92,55.37802990773064,5608.115099191342,2.4217641956623153e-12,110.1358032048574,BUY,0.3,"The SMA crossover, coupled with a moderate RSI and a reasonable P/E ratio, suggests a potential long-term trend. The volume ratio indicates selling pressure, creating an entry opportunity. I’m initiating a 30% position based on the projected continuation of the established trend.",50.94,57.27,53.8,-1.8259,1945689,0.77,41.4,13.8,2.9,-11.05,-1,-0.62,-0.15,-0.47
Day-156,google/gemma-3-4b-it,INTJ,memory,crash,42,0.92,stabilization,49.13,55.04085419871746,5410.972011454646,1.6952349369636209e-12,110.13580320485741,BUY,0.3,"The SMA convergence suggests a potential shift to a bullish trend, supported by a reasonable P/E ratio and manageable volatility. The volume ratio indicates potential buying interest, aligning with the overall market structure. I’m initiating a position to capitalize on this emerging trend, planning for a strategic exit based on pre-defined volatility thresholds.",50.71,56.95,41.9,-1.8498,1549916,0.67,41.2,13.4,2.99,-10.95,-1,0.51,0.04,0.47
Day-157,google/gemma-3-4b-it,INTJ,memory,crash,42,0.92,stabilization,51.49,55.99374145428984,5670.89250701811,1.1866644558745348e-12,110.13580320485742,BUY,0.3,"The SMA crossover, combined with a relatively low RSI and a P/E ratio indicating undervaluation, suggests a potential long-term trend. The volume ratio of 0.7 indicates selling pressure, creating an entry opportunity. I’m initiating a position to capitalize on this systemic shift, planning for a strategic exit based on pre-defined technical indicators.",50.71,56.61,51.0,-1.6597,1480986,0.7,40.9,13.8,2.9,-10.43,-1,0.06,0.02,0.05
Day-158,google/gemma-3-4b-it,INTJ,memory,crash,42,0.92,stabilization,51.32,56.25065791474573,5652.169420473284,8.306651191121744e-13,110.13580320485742,BUY,0.3,"The SMA crossover, combined with a moderate RSI and a low P/E ratio, suggests a potential long-term trend. The volume ratio indicates buying pressure is slightly below average, presenting an opportunity to establish a position. My model predicts a 10% increase within six months, justifying a 30% allocation.",50.69,56.33,53.5,-1.5054,1809249,0.9,40.7,13.7,2.92,-10.01,-1,-0.03,0.09,-0.12
Day-159,google/gemma-3-4b-it,INTJ,memory,crash,42,0.92,stabilization,51.71,55.67500616614441,5695.122383723178,5.814655833785221e-13,110.13580320485742,BUY,0.3,"The SMA convergence suggests a potential shift to a longer-term trend. The P/E ratio indicates undervaluation, and the RSI is within acceptable parameters. I’m initiating a position to capitalize on the anticipated upward movement, factoring in a pre-determined exit strategy based on technical indicators.",50.63,56.03,54.0,-1.3364,1973605,1.04,40.4,13.9,2.87,-9.64,-1,-0.16,-0.05,-0.11
Day-160,google/gemma-3-4b-it,INTJ,memory,crash,42,0.92,stabilization,50.3,56.023282970461324,5539.830901204328,4.070259083649655e-13,110.13580320485742,BUY,0.3,"The SMA20 crossing above the SMA60 suggests an upward trend, supported by a reasonable P/E ratio and RSI. Given the volume ratio is slightly below 1, indicating potential buying pressure, a modest position is warranted to capitalize on the established momentum and planned exit strategy.",50.65,55.74,46.0,-1.3008,1711731,0.97,40.2,13.5,2.97,-9.12,-1,0.12,0.1,0.02
Day-161,google/gemma-3-4b-it,INTJ,memory,crash,42,0.92,stabilization,51.89,55.555942135347664,5714.9468283000515,2.849181358554759e-13,110.13580320485742,BUY,0.3,"The SMA crossover, combined with a P/E ratio below 15 and relatively low volatility, suggests a potential long-term uptrend. The volume ratio indicates buying pressure is slightly below average, presenting an opportunity to establish a position before a more significant surge. My model predicts continued upward momentum based on these metrics.",50.77,55.52,60.0,-1.1313,1710776,0.97,39.9,14.0,2.86,-8.56,-1,-0.01,-0.0,-0.01
Day-162,google/gemma-3-4b-it,INTJ,memory,crash,42,0.92,stabilization,53.79,55.96948443721889,5924.2048543892815,3554.5229126335685,44.054321281942975,SELL,0.6,"The RSI is elevated, indicating potential overbought conditions. The volume ratio is below 1, suggesting weak momentum supporting the current price. My model predicts a decline within the next 30-60 days, triggering a pre-planned exit strategy based on projected volatility and a desire to preserve capital.",50.86,55.31,66.1,-0.834,1507104,0.86,39.7,14.4,2.77,-8.04,-1,0.33,0.05,0.28
Day-163,google/gemma-3-4b-it,INTJ,memory,crash,42,0.92,stabilization,51.88,56.56878222672259,5840.06110074077,2488.166038843498,64.60861723009391,BUY,0.3,"The SMA20 is below the SMA60, indicating a potential downtrend, but the P/E ratio is low and RSI is moderately high, suggesting potential undervaluation. Given the long-term trend and my system’s projected alpha, a strategic entry at this level aligns with my objective of capturing sustained market gains.",50.9,55.08,56.7,-0.7439,1818946,1.03,39.4,13.8,2.91,-7.58,-1,0.03,0.06,-0.03
Day-164,google/gemma-3-4b-it,INTJ,memory,crash,42,0.92,stabilization,52.29,56.178441067546736,5866.550633805109,1741.7162271904485,78.88380965030905,BUY,0.3,"The SMA20 is below the SMA60, indicating a potential downtrend, but the P/E ratio is low and RSI is high, suggesting undervaluation. Given my long-term strategic focus and the potential for a reversion to the mean, a modest purchase aligns with my system’s predictive capabilities.",51.01,54.82,55.5,-0.6325,1427138,0.81,39.2,14.0,2.87,-6.94,-1,0.05,0.1,-0.06
Day-165,google/gemma-3-4b-it,INTJ,memory,crash,42,0.92,stabilization,53.18,56.680129132168894,5936.757224393884,4258.74082551251,31.55352386012362,SELL,0.6,"The RSI is elevated, indicating potential overbought conditions. The volume ratio is below 1, suggesting weak momentum supporting the current price. My model predicts a decline based on the established trend and P/E ratio, necessitating a strategic exit to preserve capital and maintain portfolio stability.",51.15,54.57,55.4,-0.4666,1506453,0.86,38.9,14.1,2.84,-6.26,-1,-0.11,0.06,-0.17
Day-166,google/gemma-3-4b-it,INTJ,memory,crash,42,0.92,stabilization,51.75,56.90651959563714,5891.635685273907,2981.118577858757,56.24187647179035,BUY,0.3,"The SMA20 is below the SMA60, indicating a potential downtrend, but the RSI is neutral and the P/E ratio is attractive. Given the volume ratio is slightly below 1, there’s a small selling pressure, presenting a potential entry point for a long position with a pre-defined exit strategy based on the model’s projections.",51.16,54.34,45.9,-0.4454,1562145,0.91,38.6,13.6,2.93,-5.87,-1,-0.02,0.06,-0.07
Day-167,google/gemma-3-4b-it,INTJ,memory,crash,42,0.92,stabilization,53.09,57.33754967563439,5966.999799746107,2384.8948622870057,67.47230999169525,BUY,0.2,"The SMA convergence suggests a potential shift in momentum towards the 60-day SMA, indicating a long-term bullish trend. The P/E ratio is low, suggesting undervaluation, and the RSI is relatively healthy. I’m initiating a small position to capitalize on this systemic alignment, planning for a 3-month exit strategy based on projected trend continuation.",51.38,54.13,53.3,-0.3172,1604445,0.93,38.4,13.9,2.88,-5.08,-1,0.09,0.01,0.08
Day-168,google/gemma-3-4b-it,INTJ,memory,crash,42,0.92,stabilization,53.66,58.30594616696136,6005.459016441373,4557.233354779626,26.988923996678103,SELL,0.6,"The RSI is elevated, indicating potential overbought conditions. The volume ratio is below 1, suggesting weak momentum supporting the current price. My model predicts a decline based on the SMA trend divergence and the P/E ratio, necessitating a strategic reduction of holdings to preserve capital.",51.65,53.99,59.4,-0.1673,1425260,0.84,38.1,13.8,2.9,-4.32,-1,-0.51,-0.1,-0.41
Day-169,google/gemma-3-4b-it,INTJ,memory,crash,42,0.92,stabilization,53.69,58.20325210895993,6006.268684161274,3190.0633483457386,52.45307013998017,BUY,0.3,"The SMA crossover, coupled with a relatively low P/E ratio and manageable RSI, suggests a potential long-term trend. The volume ratio indicates selling pressure, creating an entry opportunity. I’m prioritizing a strategic, long-term position based on the established system’s predictive capabilities.",51.87,53.82,58.6,-0.0454,1335214,0.79,37.9,13.8,2.89,-3.62,-1,-0.4,-0.19,-0.21
Day-170,google/gemma-3-4b-it,INTJ,memory,crash,42,0.92,stabilization,52.06,57.84638402678118,5920.770179833106,4828.487447238159,20.98122805599207,SELL,0.6,"The RSI is elevated, indicating overbought conditions. The SMA trend divergence suggests a potential correction. My model projects a decline within the next quarter, necessitating a reduction in exposure to preserve capital and maintain strategic alignment with the system’s long-term projections.",51.95,53.62,59.1,-0.0797,1637168,0.98,37.6,13.5,2.96,-3.11,-1,0.22,-0.12,0.35
Day-171,google/gemma-3-4b-it,INTJ,memory,crash,42,0.92,stabilization,52.86,57.42162681196842,5937.5551622779,3862.7899577905273,39.250193047434216,BUY,0.2,"The SMA20 is below the SMA60, indicating a potential downtrend, but the P/E ratio is low and RSI is moderate, suggesting undervaluation. Given the volume ratio is below 1, indicating selling pressure, a strategic buy of 20% aligns with a long-term thesis of eventual market recovery and capital appreciation.",52.03,53.43,54.8,-0.0414,1425545,0.86,37.4,13.8,2.9,-2.61,-1,0.05,-0.11,0.16
Day-172,google/gemma-3-4b-it,INTJ,memory,crash,42,0.92,stabilization,53.22,57.0337216694857,5951.685231774976,2703.952970453369,61.024657296535274,BUY,0.3,"The SMA20 crossing below the SMA60 suggests a potential trend reversal. Despite the RSI being elevated, the P/E ratio indicates undervaluation and the volume ratio supports a slight buying pressure. I’m initiating a small position to capitalize on the long-term trend, planning an exit based on a pre-determined Fibonacci retracement level.",52.04,53.26,56.5,0.0172,1596867,0.97,37.1,14.0,2.86,-2.29,-1,-0.06,-0.14,0.08
Day-173,google/gemma-3-4b-it,INTJ,memory,crash,42,0.92,stabilization,54.63,57.01517081477865,6037.729998563091,2703.952970453369,61.024657296535274,HOLD,0.0,"The SMA convergence suggests a period of consolidation. RSI is elevated, indicating potential overbought conditions, but the P/E ratio remains attractive. My system flags no immediate actionable opportunities; maintaining the current position aligns with a long-term strategic outlook focused on system validation.",52.17,53.14,59.3,0.1756,1323655,0.82,36.9,14.4,2.78,-1.82,0,0.01,-0.04,0.04
Day-174,google/gemma-3-4b-it,INTJ,memory,crash,42,0.92,stabilization,54.07,57.20574680218697,6003.556190477031,2703.952970453369,61.024657296535274,HOLD,0.0,"The SMA convergence suggests a period of consolidation. RSI at 62.7 indicates potential overbought conditions, but the P/E ratio and volume ratio remain within acceptable parameters. My system flags no immediate deviation from the established trend, necessitating a continued observation period before initiating any action.",52.35,52.95,62.7,0.2529,1513915,0.95,36.6,14.2,2.82,-1.15,0,0.1,0.07,0.04
Day-175,google/gemma-3-4b-it,INTJ,memory,crash,42,0.92,stabilization,56.0,57.36409220185198,6121.333779059344,2703.952970453369,61.024657296535274,HOLD,0.0,"The SMA convergence and RSI reading suggest overbought conditions, but the P/E ratio and volume ratio indicate a stable market. My system flags no immediate actionable opportunities; maintaining the current position aligns with a long-term, data-driven strategy focused on exit points identified within the model’s projections.",52.6,52.9,63.5,0.465,1534577,0.98,36.4,14.6,2.73,-0.57,0,-0.16,-0.01,-0.15
Day-176,google/gemma-3-4b-it,INTJ,memory,crash,42,0.92,stabilization,52.02,57.79768382636999,5878.455643019134,1892.7670793173584,76.61838838334825,BUY,0.3,"The SMA convergence and low RSI indicate a potential long-term trend continuation. The P/E ratio suggests undervaluation, and the volume ratio indicates institutional interest. I’m initiating a small position to capitalize on this systemic alignment, planning for a 3-month exit strategy based on projected trend extension.",52.75,52.74,44.9,0.3083,1234571,0.79,36.1,13.5,2.96,0.0,0,-0.23,-0.07,-0.17
Day-177,google/gemma-3-4b-it,INTJ,memory,crash,42,0.92,stabilization,54.51,57.824184772308946,6069.235430093671,1892.7670793173584,76.61838838334825,HOLD,0.0,"The SMA convergence suggests a period of consolidation. RSI is elevated, indicating potential overbought conditions, but the P/E ratio remains attractive. My system flags no immediate actionable opportunities based on the current data; maintaining the existing position aligns with a long-term strategic outlook.",52.9,52.59,57.4,0.3801,1396022,0.9,35.8,14.1,2.83,0.58,0,0.06,-0.05,0.1
Day-178,google/gemma-3-4b-it,INTJ,memory,crash,42,0.92,stabilization,54.16,58.57095181088761,6042.4189941595,1324.936955522151,87.10269642978857,BUY,0.3,"The SMA convergence suggests a period of consolidation. The P/E ratio is attractive, and the RSI indicates potential upward momentum. I’m initiating a small position to capitalize on the long-term trend, planning for a 60-day exit strategy based on a 10% profit target.",53.04,52.47,55.3,0.4044,1266178,0.83,35.6,13.9,2.88,1.09,0,-0.29,-0.11,-0.19
Day-179,google/gemma-3-4b-it,INTJ,memory,crash,42,0.92,stabilization,57.07,58.45862339426863,6295.887840770184,1324.936955522151,87.10269642978857,HOLD,0.0,"The SMA crossover is insignificant, RSI is elevated, and the P/E ratio suggests potential overvaluation. The volume ratio indicates selling pressure, but the overall trend is neutral. Maintaining the current position aligns with the system’s long-term objective of identifying and exploiting systemic inefficiencies, not reacting to short-term market fluctuations.",53.31,52.41,59.8,0.6507,1215292,0.82,35.3,14.6,2.73,1.71,0,0.12,-0.1,0.22
Day-180,google/gemma-3-4b-it,INTJ,memory,crash,42,0.92,stabilization,53.84,59.83870797756344,6014.546131301969,927.4558688655057,94.4853317688793,BUY,0.3,"The SMA convergence suggests a potential shift to a bullish trend, supported by a reasonable P/E ratio and manageable volatility. The volume ratio indicates buying pressure, aligning with the established trend. I’m initiating a small position to capitalize on this systemic alignment.",53.48,52.31,54.8,0.5788,1748366,1.17,35.1,13.5,2.96,2.25,1,-0.51,-0.17,-0.34
Day-181,google/gemma-3-4b-it,INTJ,memory,crash,42,0.92,stabilization,54.1,60.17154165144594,6039.112317561877,649.219108205854,99.62834028384515,BUY,0.3,"The SMA crossover suggests a bullish trend, supported by a reasonable P/E ratio and low volatility. The volume ratio indicates buying pressure, aligning with the overall market sentiment. I’m initiating a small position to capitalize on the established trend, anticipating a further increase based on the system’s predictive capabilities.",53.59,52.26,52.5,0.5365,1348146,0.92,34.8,13.5,2.97,2.54,1,0.31,-0.06,0.37
Day-182,google/gemma-3-4b-it,INTJ,memory,crash,42,0.92,stabilization,54.08,59.7629628732378,6037.119750756199,454.4533757440978,103.22977764445454,BUY,0.3,"The SMA crossover suggests a bullish trend, supported by a reasonable P/E ratio and RSI. The volume ratio indicates potential buying pressure, aligning with the long-term SMA trend. I’m initiating a small position to capitalize on this systemic strength, pre-planning an exit strategy based on a trailing stop loss.",53.61,52.26,51.1,0.496,1619249,1.1,34.6,13.6,2.95,2.59,1,0.14,-0.05,0.19
Day-183,google/gemma-3-4b-it,INTJ,memory,crash,42,0.92,stabilization,51.32,59.24751662420724,5752.205564457505,363.5627005952782,105.00083522724526,BUY,0.2,"The SMA20 is above the SMA60, indicating an upward trend supported by a reasonable P/E ratio and low RSI. The volume ratio suggests buying pressure is slightly below average, presenting a potential entry point for a long position. My model anticipates a sustained increase based on these metrics, prioritizing long-term alpha generation.",53.58,52.19,44.8,0.2384,1289730,0.89,34.3,13.0,3.08,2.66,1,0.08,0.03,0.05
Day-184,google/gemma-3-4b-it,INTJ,memory,crash,42,0.92,stabilization,53.96,59.508752831828836,6029.407769457433,290.8501604762226,106.34836191588603,BUY,0.2,"The SMA crossover suggests a bullish trend, supported by a reasonable P/E ratio and manageable volatility. The volume ratio indicates buying pressure, aligning with the overall positive indicators. I’m initiating a small position to capitalize on the established trend, anticipating a further increase based on the system’s projections.",53.66,52.21,54.0,0.2443,1522548,1.05,34.1,13.6,2.94,2.79,1,0.29,0.06,0.23
Day-185,google/gemma-3-4b-it,INTJ,memory,crash,42,0.92,stabilization,53.52,59.41702143916591,5982.614490214443,203.59511233335581,107.97868792752405,BUY,0.3,"The SMA crossover suggests a bullish trend, supported by a reasonable P/E ratio and stable RSI. The volume ratio indicates potential buying pressure, aligning with my long-term strategic thesis. I will initiate a position size of 30% to capture this momentum while maintaining capital flexibility.",53.68,52.19,51.4,0.2114,1555552,1.07,33.8,13.5,2.96,2.86,1,0.5,0.26,0.24
Day-186,google/gemma-3-4b-it,INTJ,memory,crash,42,0.92,stabilization,55.24,59.794021686211956,6168.337833449785,162.87608986668465,108.71581722634141,BUY,0.2,"The SMA crossover suggests a bullish trend, supported by a reasonable P/E ratio and stable volume. RSI indicates moderate momentum, aligning with the system’s parameters. I’m initiating a small position to capitalize on the established trend, pre-planning an exit strategy based on a trailing stop loss.",53.86,52.22,54.1,0.3198,1451797,1.0,33.6,13.9,2.89,3.14,1,0.3,0.26,0.04
Day-187,google/gemma-3-4b-it,INTJ,memory,crash,42,0.92,stabilization,55.76,60.05064049849873,6224.870058407481,130.30087189334773,109.30002127894788,BUY,0.2,"The SMA crossover suggests an upward trend, supported by a reasonable P/E ratio and low volatility. The volume ratio indicates buying pressure, aligning with the overall market sentiment. I’m initiating a small position to capitalize on the established trend, planning for a 3-month exit strategy based on a pre-determined profit target.",53.99,52.3,52.4,0.4428,1371934,0.95,33.3,13.9,2.87,3.23,1,-0.55,0.12,-0.68
Day-188,google/gemma-3-4b-it,INTJ,memory,crash,42,0.92,stabilization,58.05,60.03422604217029,6475.1671071362725,3937.2206130391023,43.72000851157915,SELL,0.6,"The RSI is elevated, indicating potential overbought conditions. The volume ratio is below 1, suggesting a lack of strong conviction behind the current price movement. My model predicts a decline based on the SMA convergence and P/E ratio, necessitating a strategic exit to preserve capital.",54.21,52.43,57.8,0.7165,1328556,0.93,33.1,14.5,2.76,3.39,1,-0.38,0.03,-0.42
Day-189,google/gemma-3-4b-it,INTJ,memory,crash,42,0.92,stabilization,56.29,59.630829183136086,6398.219892155893,2756.054429127372,64.70359678501548,BUY,0.3,"The SMA20 is above the SMA60, indicating an upward trend supported by a reasonable P/E ratio and low volatility. The volume ratio of 0.9 suggests buying pressure is present, aligning with the overall market structure. I’m initiating a position to capitalize on this sustained momentum.",54.34,52.5,50.6,0.7824,1283915,0.9,32.8,14.2,2.83,3.5,1,-0.19,-0.06,-0.12
Day-190,google/gemma-3-4b-it,INTJ,memory,crash,42,0.92,stabilization,53.32,58.893405570793156,6206.050209704397,1929.2381003891603,80.21027961956558,BUY,0.3,"The SMA20 is above the SMA60, indicating an upward trend supported by a reasonable P/E ratio and manageable volatility. The volume ratio suggests buying pressure, and the RSI, while high, isn't overbought, suggesting continued momentum. This aligns with a long-term strategic investment.",54.4,52.57,52.7,0.5882,1588897,1.11,32.5,13.6,2.95,3.49,1,0.01,-0.16,0.17
Day-191,google/gemma-3-4b-it,INTJ,memory,crash,42,0.92,stabilization,52.65,58.69014809475964,6152.309322359288,1350.466670272412,91.2030893083927,BUY,0.3,"The SMA20 is above the SMA60, indicating an upward trend supported by a relatively low RSI and a reasonable P/E ratio. The volume ratio is slightly elevated, suggesting potential buying pressure. This aligns with a long-term strategic investment based on established technical indicators.",54.39,52.63,45.9,0.376,1523257,1.06,32.3,13.5,2.97,3.35,1,0.16,-0.19,0.35
Day-192,google/gemma-3-4b-it,INTJ,memory,crash,42,0.92,stabilization,55.15,59.13834749192138,6380.31704563027,945.3266691906886,98.54923620017374,BUY,0.3,"The SMA crossover suggests a bullish trend, supported by a reasonable P/E ratio and manageable volatility. The volume ratio indicates potential buying pressure, aligning with the long-term trend. I’m initiating a small position to capitalize on this systemic strength, planning for a strategic exit based on pre-defined trailing stop loss parameters.",54.49,52.69,52.0,0.4047,1583022,1.1,32.0,14.0,2.86,3.4,1,-0.22,-0.13,-0.09
Day-193,google/gemma-3-4b-it,INTJ,memory,crash,42,0.92,stabilization,52.54,59.26539436398649,6123.103539147817,661.728668433482,103.94699030670603,BUY,0.3,"The SMA crossover suggests an upward trend, supported by a reasonable P/E ratio and low RSI. The volume ratio indicates potential buying pressure, aligning with the long-term SMA trend. I’m initiating a small position to capitalize on this systemic shift, planning for a strategic exit based on pre-defined volatility thresholds.",54.38,52.72,40.7,0.2151,1125157,0.79,31.8,13.3,3.01,3.15,1,0.06,-0.04,0.09
Day-194,google/gemma-3-4b-it,INTJ,memory,crash,42,0.92,stabilization,56.72,58.66252497463049,6557.601958629847,529.3829347467856,106.28030719116823,BUY,0.2,"The SMA crossover suggests a bullish trend, supported by a reasonable P/E ratio and stable volume. Despite the RSI being high, the long-term SMA trend is positive, indicating a potential for continued upward movement. I’m initiating a small position to capitalize on this systemic trend, planning for a strategic exit based on pre-defined volatility thresholds.",54.51,52.85,55.7,0.3969,1434862,1.01,31.5,14.5,2.76,3.14,1,-0.23,-0.05,-0.18
Day-195,google/gemma-3-4b-it,INTJ,memory,crash,42,0.92,stabilization,55.84,58.76911543755608,6464.075288301619,423.5063477974285,108.17637787435872,BUY,0.2,"The SMA crossover suggests a bullish trend, supported by a reasonable P/E ratio and manageable volatility. The volume ratio indicates potential buying pressure, aligning with the long-term SMA trend. I’m initiating a small position to capitalize on this systemic alignment.",54.51,52.96,53.4,0.4647,1531423,1.08,31.3,14.3,2.81,2.91,1,-0.18,-0.08,-0.1
Day-196,google/gemma-3-4b-it,INTJ,memory,crash,42,0.92,stabilization,53.56,58.9817741274205,6217.433146748082,338.8050782379428,109.75780561071954,BUY,0.2,"The SMA20 is above the SMA60, indicating an upward trend. The RSI is neutral, and the P/E ratio suggests undervaluation. A small, strategic purchase aligns with a long-term, system-driven approach, prioritizing a potential upward trajectory based on technical indicators.",54.58,53.0,49.1,0.3308,1127586,0.8,31.0,13.6,2.94,2.98,1,-0.42,-0.2,-0.22
Day-197,google/gemma-3-4b-it,INTJ,memory,crash,42,0.92,stabilization,51.31,58.559845409319934,5970.478084123963,271.0440625903542,111.0784256779109,BUY,0.2,"The SMA crossover suggests an upward trend, supported by a reasonable P/E ratio and low volatility. The volume ratio indicates potential buying interest, aligning with the overall market structure. I’m initiating a small position to capitalize on the established momentum, pre-planning a sell strategy based on a trailing stop loss.",54.42,53.05,50.0,0.0423,1059517,0.76,30.8,13.1,3.04,2.58,1,-0.28,-0.21,-0.07
Day-198,google/gemma-3-4b-it,INTJ,memory,crash,42,0.92,stabilization,55.99,58.6567079622927,6490.325116296585,216.83525007228337,112.04661307776928,BUY,0.2,"The SMA crossover, combined with a relatively low P/E ratio and stable volume, suggests a potential upward trend. The RSI indicates moderate overbought conditions, presenting an entry point for a calculated long position. Pre-planned exit strategy based on a trailing stop loss is already implemented within the system.",54.51,53.21,53.4,0.19,1393790,0.99,30.5,14.3,2.79,2.45,1,-0.41,-0.3,-0.1
Day-199,google/gemma-3-4b-it,INTJ,memory,crash,42,0.92,stabilization,53.84,58.705812321515694,6249.424898179383,151.78467505059837,113.25483326762227,BUY,0.3,"The SMA20 and SMA60 are in equilibrium, indicating a consolidation phase. The P/E ratio is attractive, and the RSI is neutral, suggesting potential for upward momentum. I’ll initiate a small position to capitalize on this systemic alignment, planning for a 3x exit based on projected trend continuation.",54.35,53.3,50.5,0.1313,1298145,0.92,30.3,13.8,2.91,1.97,0,-0.29,-0.32,0.02
Day-200,google/gemma-3-4b-it,INTJ,memory,crash,42,0.92,stabilization,55.36,58.15432717260038,6421.572244746168,121.4277400404787,113.80318830754496,BUY,0.2,"The SMA convergence suggests a stable trend, RSI is neutral, and the P/E ratio indicates undervaluation. Volume ratio is slightly elevated, hinting at potential buying pressure. I’m initiating a small position to capitalize on the long-term trend, with a pre-determined exit strategy based on a 5% profit target.",54.43,53.4,50.2,0.2053,1420914,1.02,30.0,14.3,2.8,1.93,0,0.32,-0.22,0.53
