Date,Model,MBTI,Agent_Type,Scenario,Seed,Crash_Discount,Phase,Price,Fundamental_Value,Portfolio_Value,Cash,Holdings_Qty,Action,Quantity_Percent,Rationale,SMA20,SMA60,RSI14,MACD,Volume,Volume_Ratio,Implied_Volatility,Reported_PE,Dividend_Yield,Trend_Strength,Trend_Regime,Sentiment,Sentiment_MA5,Sentiment_Change
Day-1,Qwen/Qwen2.5-7B-Instruct,ENTJ,static,flat,42,0.92,flat,100.01,100.0,10000.0,0.0,99.9900009999,BUY,1.0,"The price and trend are aligned, with RSI at 50 indicating a neutral position. The P/E ratio and implied volatility suggest a balanced risk-reward scenario, making this a suitable entry point.",100.01,100.01,50.0,0.0,1328378,1.0,15.0,15.0,2.67,0.0,0,-0.18,-0.18,0.0
Day-2,Qwen/Qwen2.5-7B-Instruct,ENTJ,static,flat,42,0.92,flat,100.77,101.02868324505536,10075.992400759924,0.0,99.9900009999,HOLD,0.0,"The price is in line with the 20 and 60-day SMA, and the RSI is neutral at 50. Given the current market conditions and the lack of strong news sentiment, it's prudent to hold the current position.",100.39,100.39,50.0,0.0606,1484268,1.06,10.6,15.0,2.67,0.0,0,0.07,-0.05,0.12
Day-3,Qwen/Qwen2.5-7B-Instruct,ENTJ,static,flat,42,0.92,flat,100.71,100.77992539989415,10069.99300069993,0.0,99.9900009999,HOLD,0.0,"The price and trend indicators suggest a neutral market, with no clear upward or downward momentum. The RSI is at 50, indicating a balanced market condition, and the volume ratio is slightly below 1, suggesting reduced trading activity. Given these conditions, it is prudent to hold the current position.",100.5,100.5,50.0,0.1025,1301818,0.95,11.7,15.0,2.67,0.0,0,0.21,0.04,0.18
Day-4,Qwen/Qwen2.5-7B-Instruct,ENTJ,static,flat,42,0.92,flat,102.61,102.12453028804345,10259.97400259974,0.0,99.9900009999,HOLD,0.0,"The price is slightly above the SMA20/60, and the RSI is neutral at 50.0, indicating no strong trend. The volume ratio and news sentiment are also neutral, suggesting no immediate action is needed.",101.02,101.02,50.0,0.2855,1038489,0.81,10.5,15.1,2.65,0.0,0,-0.61,-0.13,-0.49
Day-5,Qwen/Qwen2.5-7B-Instruct,ENTJ,static,flat,42,0.92,flat,105.15,105.31475690985374,10513.948605139487,0.0,99.9900009999,BUY,0.5,"The price is slightly above the 20 and 60-day SMA, indicating a potential uptrend. The RSI is neutral, and the P/E ratio is reasonable, suggesting the stock is not overvalued.",101.85,101.85,50.0,0.6283,1037791,0.84,7.8,15.0,2.67,0.0,0,0.35,-0.03,0.38
Day-6,Qwen/Qwen2.5-7B-Instruct,ENTJ,static,flat,42,0.92,flat,104.65,104.85416536145573,10463.953604639537,0.0,99.9900009999,HOLD,0.0,"The price is slightly above the SMA20 and 60, and the RSI is neutral at 50. The P/E ratio is reasonable, but the implied volatility and volume ratio are not indicating a strong trend. Given the current market sentiment, it's prudent to hold the position.",102.32,102.32,50.0,0.8504,1475711,1.15,7.5,15.0,2.67,0.0,0,-0.1,-0.02,-0.08
Day-7,Qwen/Qwen2.5-7B-Instruct,ENTJ,static,flat,42,0.92,flat,104.27,104.39562247795129,10425.957404259572,0.0,99.9900009999,HOLD,0.0,"The price is slightly above the SMA20/60, and the RSI is neutral at 50.0, indicating no strong trend. The P/E ratio is reasonable, but the volume and news sentiment are not compelling enough to take a position.",102.6,102.6,50.0,0.9845,1148645,0.91,7.5,15.0,2.67,0.0,0,0.13,-0.01,0.13
Day-8,Qwen/Qwen2.5-7B-Instruct,ENTJ,static,flat,42,0.92,flat,107.54,107.77783235975143,10752.924707529248,0.0,99.9900009999,BUY,0.5,"The price is slightly above the SMA20/60, indicating a potential uptrend. The RSI is neutral, and the implied volatility is low, suggesting a good entry point for a medium-to-high risk appetite.",103.21,103.21,50.0,1.3388,1046033,0.85,7.5,15.0,2.67,0.0,0,0.36,0.02,0.34
Day-9,Qwen/Qwen2.5-7B-Instruct,ENTJ,static,flat,42,0.92,flat,109.51,109.47768025311326,10949.90500949905,0.0,99.9900009999,HOLD,0.0,"The price is slightly above the SMA20/60, and the RSI is neutral at 50. The implied volatility is low, and there is negative news sentiment, which suggests caution. Given these factors, it's prudent to hold the current position.",103.91,103.91,50.0,1.7581,1299522,1.05,7.5,15.0,2.67,0.0,0,-0.41,0.06,-0.48
Day-10,Qwen/Qwen2.5-7B-Instruct,ENTJ,static,flat,42,0.92,flat,108.89,108.48709300836232,10887.911208879112,0.0,99.9900009999,HOLD,0.0,"The price is slightly above the SMA20/60, and the RSI is neutral at 50.0, indicating no strong trend. The P/E ratio is reasonable, but the news sentiment is slightly negative, and there's no compelling reason to buy or sell.",104.41,104.41,50.0,2.0176,1311824,1.05,7.5,15.1,2.66,0.0,0,-0.21,-0.05,-0.17
Day-11,Qwen/Qwen2.5-7B-Instruct,ENTJ,static,flat,42,0.92,flat,109.81,109.70362466269938,10979.90200979902,0.0,99.9900009999,HOLD,0.0,"The RSI is neutral and the price is in line with the short-term moving averages, indicating no clear trend. The volume ratio and news sentiment are also neutral, suggesting no immediate action is needed.",104.9,104.9,50.0,2.271,1324252,1.06,9.9,15.0,2.66,0.0,0,-0.09,-0.04,-0.04
Day-12,Qwen/Qwen2.5-7B-Instruct,ENTJ,static,flat,42,0.92,flat,108.63,108.72416238451,10861.913808619138,0.0,99.9900009999,HOLD,0.0,"The price is slightly above the SMA20/60, and the RSI is neutral at 50.0, indicating no strong trend. The volume ratio and news sentiment are also neutral, suggesting no immediate action is needed.",105.21,105.21,50.0,2.3497,1133701,0.91,10.9,15.0,2.67,0.0,0,-0.24,-0.12,-0.12
Day-13,Qwen/Qwen2.5-7B-Instruct,ENTJ,static,flat,42,0.92,flat,107.67,107.7484624633297,10765.923407659233,0.0,99.9900009999,HOLD,0.0,"The price is slightly above the SMA20 and 60, and the RSI is neutral at 50. The P/E ratio is reasonable, but the volume ratio is low, and there's no significant news sentiment to justify a trade.",105.4,105.4,50.0,2.3075,1007555,0.82,8.5,15.0,2.67,0.0,0,0.52,-0.09,0.61
Day-14,Qwen/Qwen2.5-7B-Instruct,ENTJ,static,flat,42,0.92,flat,107.89,108.30363361525532,10787.921207879212,5393.960603939606,49.99500049995,SELL,0.5,"The RSI is overbought at 75.8, indicating potential for a correction. Selling a portion of the holdings will help manage risk.",105.58,105.58,75.8,2.2661,1482507,1.19,7.9,14.9,2.68,0.0,0,-0.26,-0.05,-0.2
Day-15,Qwen/Qwen2.5-7B-Instruct,ENTJ,static,flat,42,0.92,flat,104.62,104.26889590508503,10624.437556244375,5393.960603939606,49.99500049995,HOLD,0.0,"The price is slightly below the SMA20 and 60, and the RSI is in a neutral range. Given the current volume and news sentiment, it's prudent to hold the position.",105.52,105.52,62.4,1.9472,1125446,0.91,12.1,15.1,2.66,0.0,0,-0.17,-0.04,-0.12
Day-16,Qwen/Qwen2.5-7B-Instruct,ENTJ,static,flat,42,0.92,flat,100.74,100.76335453797809,10430.456954304569,5393.960603939606,49.99500049995,HOLD,0.0,"The RSI is neutral and the price is not showing a clear trend deviation from the SMA20/60. The current volume and news sentiment do not indicate a significant market shift, suggesting a HOLD position is appropriate.",105.22,105.22,49.9,1.3653,1338013,1.08,9.3,15.0,2.67,0.0,0,0.06,-0.02,0.08
Day-17,Qwen/Qwen2.5-7B-Instruct,ENTJ,static,flat,42,0.92,flat,99.6,99.66643822900451,10373.462653734627,5393.960603939606,49.99500049995,HOLD,0.0,"The price is slightly below the SMA20/60, and the RSI is neutral, indicating no strong buying or selling pressure. The current holdings are valued at $5036.50, and given the medium implied volatility and negative news sentiment, it's prudent to hold.",104.89,104.89,47.6,0.8029,1353314,1.08,11.2,15.0,2.67,0.0,0,-0.36,-0.04,-0.32
Day-18,Qwen/Qwen2.5-7B-Instruct,ENTJ,static,flat,42,0.92,flat,99.24,97.69714830053367,10355.464453554643,5393.960603939606,49.99500049995,HOLD,0.0,"The RSI is slightly oversold but not severely, and the implied volatility is low. The current price is close to the SMA, suggesting a potential trend continuation but not a clear buy signal.",104.57,104.57,42.1,0.3245,1305003,1.04,14.5,15.2,2.63,0.0,0,-0.12,-0.17,0.05
Day-19,Qwen/Qwen2.5-7B-Instruct,ENTJ,static,flat,42,0.92,flat,98.46,98.34260161564093,10316.468353164682,3775.772422757724,66.42998101164898,BUY,0.3,"The price is below the SMA20 and 60, indicating a potential buy opportunity. The RSI is low, suggesting the stock is oversold and could rebound.",104.25,104.25,32.8,-0.1166,1156453,0.93,11.4,15.0,2.66,0.0,0,0.1,-0.1,0.19
Day-20,Qwen/Qwen2.5-7B-Instruct,ENTJ,static,flat,42,0.92,flat,96.3,96.60174791742627,10172.97959417952,3775.772422757724,66.42998101164898,HOLD,0.0,"The RSI indicates oversold conditions, but the trend is flat and the volume ratio is close to 1, suggesting limited momentum. Given the current market sentiment and the lack of a clear trend, it's prudent to hold the position.",103.85,103.85,30.2,-0.6327,1135548,0.91,12.0,15.0,2.67,0.0,0,-0.1,-0.08,-0.02
Day-21,Qwen/Qwen2.5-7B-Instruct,ENTJ,static,flat,42,0.92,flat,93.82,93.93948152895804,10008.233241270631,1887.886211378862,86.55240918665284,BUY,0.5,"The price is below the short-term moving average and the RSI indicates overselling. The P/E ratio is reasonable, and the implied volatility is low, suggesting potential for a rebound.",103.54,103.38,27.5,-1.2282,1298834,1.05,8.7,15.0,2.67,0.16,0,-0.03,-0.1,0.07
Day-22,Qwen/Qwen2.5-7B-Instruct,ENTJ,static,flat,42,0.92,flat,97.18,96.76290778309178,10299.049336137785,1887.886211378862,86.55240918665284,HOLD,0.0,"The RSI indicates oversold conditions, but the negative news sentiment and medium implied volatility suggest caution. The current price is slightly below the trend line, but a clear breakout is needed before considering a buy.",103.36,103.09,27.8,-1.4123,1433047,1.16,10.9,15.1,2.66,0.26,0,-0.16,-0.06,-0.1
Day-23,Qwen/Qwen2.5-7B-Instruct,ENTJ,static,flat,42,0.92,flat,96.39,96.35585979204414,10230.672932880329,1510.3089691030896,90.46959190556322,BUY,0.2,"The price is below the short-term moving averages and the RSI is in the oversold region, indicating potential for a rebound. The medium-to-high implied volatility suggests market uncertainty, which can lead to volatility-driven gains.",103.15,102.8,20.4,-1.6033,1473366,1.18,10.0,15.0,2.67,0.34,0,-0.45,-0.13,-0.33
Day-24,Qwen/Qwen2.5-7B-Instruct,ENTJ,static,flat,42,0.92,flat,95.88,96.51503264079751,10184.53344100849,1510.3089691030896,90.46959190556322,HOLD,0.0,"The current RSI indicates oversold conditions, but the trend is slightly bearish with SMA20 and SMA60 close to each other. Given the medium implied volatility and low news sentiment, it's prudent to hold and observe further developments.",102.81,102.51,20.5,-1.7758,1052952,0.84,13.3,14.9,2.68,0.29,0,0.1,-0.13,0.23
Day-25,Qwen/Qwen2.5-7B-Instruct,ENTJ,static,flat,42,0.92,flat,94.43,93.83179938086266,10053.352532745424,5781.830750924257,45.23479595278161,SELL,0.5,"The RSI is extremely low, indicating oversold conditions. The price is significantly below the short-term moving averages, suggesting a potential reversal. However, due to the medium volume ratio and neutral news sentiment, a cautious approach is warranted, hence a partial sell to lock in gains.",102.28,102.19,15.9,-2.0058,1077414,0.86,19.7,15.1,2.65,0.08,0,0.53,-0.0,0.53
Day-26,Qwen/Qwen2.5-7B-Instruct,ENTJ,static,flat,42,0.92,flat,92.5,92.84358139554702,9966.049376556555,2890.9153754621284,76.48793514696678,BUY,0.5,"The price is significantly below the trend line and the RSI is at a low level, indicating potential for a rebound. The P/E ratio is reasonable, and the volume ratio suggests some buying interest.",101.67,101.82,15.4,-2.3174,1472368,1.18,15.4,14.9,2.68,-0.15,0,0.01,0.0,0.0
Day-27,Qwen/Qwen2.5-7B-Instruct,ENTJ,static,flat,42,0.92,flat,93.88,93.077698161845,10071.60272705937,1445.4576877310642,91.88480016327551,BUY,0.5,"The RSI indicates overselling, and the price is below the short-term moving averages, suggesting a potential reversal. The medium-to-high implied volatility also supports the possibility of a significant move.",101.15,101.52,20.9,-2.4254,1368267,1.09,12.8,15.1,2.64,-0.37,0,0.07,0.05,0.02
Day-28,Qwen/Qwen2.5-7B-Instruct,ENTJ,static,flat,42,0.92,flat,91.54,90.9868269188571,9856.592294677304,1156.3661501848514,95.04288993328002,BUY,0.2,"The price is below the short-term moving average and the RSI is in the oversold region, indicating potential for a rebound. The medium-to-high implied volatility suggests market uncertainty, which could lead to significant price movements.",100.35,101.17,18.4,-2.6684,1441496,1.13,15.5,15.1,2.65,-0.81,0,0.21,0.18,0.03
Day-29,Qwen/Qwen2.5-7B-Instruct,ENTJ,static,flat,42,0.92,flat,91.43,91.70057936328223,9846.137576784646,1040.7295351663663,96.30764564823666,BUY,0.1,"The price is below the trend lines and the RSI is in the oversold region, indicating potential for a rebound. The P/E ratio is reasonable, and the implied volatility suggests market uncertainty, which could lead to volatility-driven gains.",99.45,100.83,20.9,-2.8373,1101316,0.87,18.0,15.0,2.67,-1.38,0,-0.38,0.09,-0.47
Day-30,Qwen/Qwen2.5-7B-Instruct,ENTJ,static,flat,42,0.92,flat,91.27,90.63277689196511,9830.728353480925,936.6565816497297,97.4479212428092,BUY,0.1,"The RSI indicates oversold conditions, suggesting potential for a rebound. The medium-to-high implied volatility and medium patience level align with a buy strategy to capitalize on potential price movement.",98.56,100.51,25.0,-2.9502,1293792,1.02,14.9,15.1,2.65,-1.94,0,0.51,0.08,0.43
Day-31,Qwen/Qwen2.5-7B-Instruct,ENTJ,static,flat,42,0.92,flat,90.16,90.13261163652882,9722.561160901407,655.6596071548108,100.56456914093386,BUY,0.3,"The price is below the trend line and the RSI is in the oversold region, indicating potential for a rebound. The P/E ratio is reasonable, and the implied volatility suggests market stability with room for growth.",97.58,100.18,25.1,-3.0936,1350569,1.06,12.3,15.0,2.67,-2.59,-1,0.06,0.09,-0.03
Day-32,Qwen/Qwen2.5-7B-Instruct,ENTJ,static,flat,42,0.92,flat,89.36,89.08116462561111,9642.109505588662,458.9617250083676,102.76575403514204,BUY,0.3,"The price is below the short-term moving average and the RSI indicates overselling, suggesting a potential rebound. The medium-to-high implied volatility also supports the possibility of significant price movement.",96.62,99.84,24.5,-3.2343,1340055,1.05,9.9,15.0,2.66,-3.23,-1,0.49,0.18,0.31
Day-33,Qwen/Qwen2.5-7B-Instruct,ENTJ,static,flat,42,0.92,flat,92.68,92.47085186840374,9983.291808985334,5221.12676699685,51.38287701757102,SELL,0.5,"The trend is declining, and the RSI indicates oversold conditions. A medium-to-high risk appetite suggests taking profits, but only selling 50% to maintain some exposure.",95.87,99.62,36.8,-3.0431,1204075,0.93,13.0,15.0,2.66,-3.77,-1,-0.22,0.09,-0.31
Day-34,Qwen/Qwen2.5-7B-Instruct,ENTJ,static,flat,42,0.92,flat,92.1,92.47363116834316,9953.48974031514,7587.308253655996,25.69143850878551,SELL,0.5,"The trend is showing a decline, and the RSI is in the oversold region, indicating a potential reversal. Selling a portion of the holdings to lock in profits and reallocate to other opportunities seems prudent.",95.08,99.4,39.7,-2.9048,1007697,0.8,13.2,14.9,2.68,-4.35,-1,0.55,0.28,0.27
Day-35,Qwen/Qwen2.5-7B-Instruct,ENTJ,static,flat,42,0.92,flat,90.27,90.565135114414,9906.474407844064,7587.308253655996,25.69143850878551,HOLD,0.0,"The price is below the short-term and medium-term moving averages, indicating a downward trend. The RSI is in the neutral range, and there is no strong news sentiment to justify a trade at this time.",94.36,99.14,41.0,-2.9094,1291463,1.01,13.8,15.0,2.68,-4.82,-1,0.23,0.22,0.01
Day-36,Qwen/Qwen2.5-7B-Instruct,ENTJ,static,flat,42,0.92,flat,92.54,92.09495967346687,9964.793973259008,7587.308253655996,25.69143850878551,HOLD,0.0,"The RSI indicates oversold conditions, but the negative trend and low volume ratio suggest caution. The current holding does not warrant an immediate action.",93.95,98.96,37.5,-2.6984,1126550,0.89,13.1,15.1,2.65,-5.06,-1,0.17,0.24,-0.08
Day-37,Qwen/Qwen2.5-7B-Instruct,ENTJ,static,flat,42,0.92,flat,89.8,89.90048551653229,9894.399431744936,8740.853842700466,12.845719254392755,SELL,0.5,"The price is below the short-term and medium-term moving averages, indicating a downtrend. The RSI is in the oversold region, suggesting a potential rebound, but the trend is still negative, warranting a partial sell.",93.46,98.71,33.9,-2.7215,1225127,0.97,9.3,15.0,2.67,-5.32,-1,0.07,0.16,-0.09
Day-38,Qwen/Qwen2.5-7B-Instruct,ENTJ,static,flat,42,0.92,flat,90.2,90.30389685135998,9899.537719446691,9320.195781073578,6.422859627196377,SELL,0.5,"The trend is declining, and the RSI indicates oversold conditions, suggesting a potential reversal. Selling a portion of the holdings allows for a strategic reallocation of capital.",93.01,98.49,36.1,-2.6763,1478790,1.17,7.6,15.0,2.67,-5.56,-1,-0.07,0.19,-0.26
Day-39,Qwen/Qwen2.5-7B-Instruct,ENTJ,static,flat,42,0.92,flat,86.47,86.85909530635996,9875.58045303725,9597.888117055414,3.2114298135981887,SELL,0.5,"The trend is declining, and the RSI indicates oversold conditions, suggesting a potential reversal. Selling half the holdings allows for a strategic exit while keeping an eye on the market.",92.41,98.18,32.5,-2.9083,1199517,0.95,12.3,14.9,2.68,-5.88,-1,0.36,0.15,0.21
Day-40,Qwen/Qwen2.5-7B-Instruct,ENTJ,static,flat,42,0.92,flat,84.79,84.60754868074206,9870.185250950406,8638.099305349873,14.53102896096865,BUY,0.1,"The price is below the short-term moving average and the RSI indicates overselling, suggesting potential for a rebound. The medium-to-high implied volatility also suggests market uncertainty, which could lead to price movements.",91.84,97.84,32.8,-3.1905,1419900,1.11,13.1,15.0,2.66,-6.14,-1,0.04,0.11,-0.07
Day-41,Qwen/Qwen2.5-7B-Instruct,ENTJ,static,flat,42,0.92,flat,85.9,84.96681047625167,9886.314693097082,9262.206999223477,7.265514480484325,SELL,0.5,"The trend is declining and the RSI indicates oversold conditions, suggesting a potential reversal. Selling half the holdings allows for a strategic exit while keeping an eye on the market.",91.44,97.55,32.0,-3.2868,1094270,0.86,13.6,15.2,2.64,-6.27,-1,-0.59,-0.04,-0.55
Day-42,Qwen/Qwen2.5-7B-Instruct,ENTJ,static,flat,42,0.92,flat,85.88,86.2568994947078,9886.16938280747,9574.188191015473,3.6327572402421624,SELL,0.5,"The trend is downward with both SMA20 and SMA60 indicating a negative direction. The RSI is also below 30, suggesting oversold conditions, which may lead to a potential bounce but not enough to justify holding the position.",90.87,97.28,35.8,-3.3262,1336230,1.05,10.5,14.9,2.68,-6.58,-1,-0.34,-0.12,-0.22
Day-43,Qwen/Qwen2.5-7B-Instruct,ENTJ,static,flat,42,0.92,flat,86.59,86.57901043639475,9888.74864044804,9731.468415731757,1.8163786201210812,SELL,0.5,"The trend is declining, and the RSI suggests oversold conditions. A medium risk appetite suggests taking some profit while the trend is still negative.",90.38,97.03,38.2,-3.2632,1488503,1.17,7.6,15.0,2.67,-6.85,-1,-0.06,-0.12,0.06
Day-44,Qwen/Qwen2.5-7B-Instruct,ENTJ,static,flat,42,0.92,flat,86.8,86.40490515533375,9889.130079958268,9731.468415731757,1.8163786201210812,HOLD,0.0,"The price is below the short-term and long-term moving averages, and the RSI is in the neutral range, suggesting a potential trend reversal. Given the current cash position and holdings value, it's prudent to hold and reassess the situation.",89.93,96.79,39.1,-3.1598,1050946,0.83,8.3,15.1,2.65,-7.09,-1,0.09,-0.17,0.26
Day-45,Qwen/Qwen2.5-7B-Instruct,ENTJ,static,flat,42,0.92,flat,85.88,85.91190174782673,9887.459011627756,9731.468415731757,1.8163786201210812,HOLD,0.0,"The price is below the short-term and long-term moving averages, and the RSI indicates a neutral to slightly oversold condition. Given the current market sentiment and the medium implied volatility, it is prudent to hold the position.",89.5,96.55,39.5,-3.1156,1004159,0.79,10.9,15.0,2.67,-7.3,-1,-0.02,-0.18,0.16
Day-46,Qwen/Qwen2.5-7B-Instruct,ENTJ,static,flat,42,0.92,flat,83.57,83.43366901475349,9883.263177015277,9731.468415731757,1.8163786201210812,HOLD,0.0,"The price is below the short-term and long-term moving averages, indicating a downtrend. The RSI is in the oversold region, but the implied volatility is low, suggesting caution before making a trade.",89.06,96.27,36.7,-3.2297,1216791,0.97,9.3,15.0,2.66,-7.49,-1,0.37,0.01,0.36
Day-47,Qwen/Qwen2.5-7B-Instruct,ENTJ,static,flat,42,0.92,flat,82.0,82.26576548794537,9880.411462581686,9731.468415731757,1.8163786201210812,SELL,0.0,"The price is below the short-term and long-term moving averages, and the RSI indicates oversold conditions. The negative news sentiment further suggests potential for a downturn.",88.46,95.97,23.4,-3.4079,1046312,0.85,7.5,15.0,2.68,-7.82,-1,-0.59,-0.04,-0.55
Day-48,Qwen/Qwen2.5-7B-Instruct,ENTJ,static,flat,42,0.92,flat,81.64,81.53580700564282,9879.757566278442,8758.321574158581,13.736354631551455,BUY,0.1,"The price is below the trend lines and the RSI is in the oversold region, indicating potential for a rebound. The P/E ratio is reasonable, and the implied volatility is low, suggesting a good entry point for a medium-to-high risk appetite.",87.97,95.67,23.7,-3.5371,1374192,1.11,7.5,15.0,2.66,-8.05,-1,0.04,-0.02,0.06
Day-49,Qwen/Qwen2.5-7B-Instruct,ENTJ,static,flat,42,0.92,flat,83.26,83.30301292177748,9902.010460781556,9330.166017470068,6.8681773157757275,SELL,0.5,"The price is below the short-term and long-term moving averages, indicating a downward trend. The RSI is also low, suggesting oversold conditions, which may lead to a further decline.",87.56,95.41,32.1,-3.4693,1457274,1.17,7.5,15.0,2.67,-8.23,-1,-0.55,-0.15,-0.4
Day-50,Qwen/Qwen2.5-7B-Instruct,ENTJ,static,flat,42,0.92,flat,84.41,83.90264040525825,9909.908864694698,4665.083008735034,62.13512446344821,BUY,0.5,"The price is below the short-term moving average and the RSI indicates overselling, suggesting a potential rebound. The medium-to-high implied volatility also supports a trade opportunity.",87.22,95.19,28.1,-3.2844,1217010,0.98,15.5,15.1,2.65,-8.38,-1,0.23,-0.1,0.33
Day-51,Qwen/Qwen2.5-7B-Instruct,ENTJ,static,flat,42,0.92,flat,81.56,81.0200196844115,9732.823759973871,7198.953384354452,31.067562231724104,SELL,0.5,"The price is below the short-term and long-term moving averages, indicating a downward trend. The RSI is in the oversold region, suggesting a potential rebound, but the volume is low, and news sentiment is negative, which supports a sell recommendation.",86.79,94.83,27.9,-3.3294,1129355,0.91,13.8,15.1,2.65,-8.48,-1,-0.03,-0.18,0.15
Day-52,Qwen/Qwen2.5-7B-Instruct,ENTJ,static,flat,42,0.92,flat,82.61,81.57133880368293,9765.44470031718,3599.476692177226,74.63948684348087,BUY,0.5,"The price is below the short-term and medium-term moving averages, and the RSI indicates overselling. The P/E ratio is reasonable, and the implied volatility is low, suggesting potential for a rebound.",86.45,94.46,30.3,-3.2434,1217201,0.99,12.0,15.2,2.63,-8.48,-1,0.13,-0.04,0.16
Day-53,Qwen/Qwen2.5-7B-Instruct,ENTJ,static,flat,42,0.92,flat,81.19,80.96980557616234,9659.456628999438,6629.466660588332,37.319743421740434,SELL,0.5,"The trend is declining, indicated by the SMA20 and SMA60, and the RSI is in the oversold region. A cautious approach is warranted given the current market conditions.",85.87,94.07,34.4,-3.2525,1361723,1.1,11.2,15.0,2.66,-8.71,-1,-0.26,-0.1,-0.16
Day-54,Qwen/Qwen2.5-7B-Instruct,ENTJ,static,flat,42,0.92,flat,80.02,79.90495569015917,9615.792529196002,3314.733330294166,78.7435540977485,BUY,0.5,"The price is below the short-term and long-term simple moving averages, indicating a potential trend reversal. The RSI is in the oversold region, suggesting a buying opportunity.",85.27,93.62,35.5,-3.3158,1004527,0.81,10.3,15.0,2.66,-8.92,-1,0.38,0.09,0.29
Day-55,Qwen/Qwen2.5-7B-Instruct,ENTJ,static,flat,42,0.92,flat,80.98,80.91274892045479,9691.38634112984,3314.733330294166,78.7435540977485,HOLD,0.0,"The RSI indicates oversold conditions, but the negative trend in SMA20/60 suggests a potential reversal is not imminent. The current holdings are valued and should be monitored.",84.8,93.14,34.9,-3.2509,1294726,1.05,10.1,15.0,2.66,-8.95,-1,0.31,0.11,0.21
Day-56,Qwen/Qwen2.5-7B-Instruct,ENTJ,static,flat,42,0.92,flat,82.48,82.62327254085221,9809.501672276463,3314.733330294166,78.7435540977485,HOLD,0.0,"The current RSI indicates a neutral market condition, and the price is below the short-term and long-term moving averages, suggesting a potential downtrend. Given the medium-to-high risk appetite and the need for a clearer trend, it's prudent to hold the position.",84.3,92.69,40.4,-3.0435,1306645,1.05,12.4,15.0,2.67,-9.05,-1,0.18,0.15,0.03
Day-57,Qwen/Qwen2.5-7B-Instruct,ENTJ,static,flat,42,0.92,flat,84.37,84.20185847164234,9958.326989521207,3314.733330294166,78.7435540977485,HOLD,0.0,"The current trend is bearish, and the RSI is neutral, indicating no strong buying or selling pressure. Given the medium-to-high implied volatility and negative news sentiment, it's prudent to hold the position.",84.03,92.29,44.2,-2.6952,1318844,1.05,15.1,15.0,2.66,-8.95,-1,-0.04,0.11,-0.15
Day-58,Qwen/Qwen2.5-7B-Instruct,ENTJ,static,flat,42,0.92,flat,82.7,82.82522316928558,9826.825254177968,3314.733330294166,78.7435540977485,HOLD,0.0,"The price is below the short-term and long-term moving averages, and the RSI is in the neutral range. Given the current market sentiment and volume, it's prudent to hold the position until there is a clearer trend.",83.65,91.8,40.0,-2.5253,1121011,0.91,13.1,15.0,2.67,-8.87,-1,0.17,0.2,-0.03
Day-59,Qwen/Qwen2.5-7B-Instruct,ENTJ,static,flat,42,0.92,flat,82.41,82.33929013272953,9803.989623489619,3314.733330294166,78.7435540977485,HOLD,0.0,"The current trend is downward, and the RSI is in a neutral range, suggesting no strong buying or selling pressure. Given the medium-to-high risk appetite and the need for a clearer trend, it's prudent to hold the position.",83.45,91.26,41.2,-2.386,1357026,1.09,12.9,15.0,2.66,-8.55,-1,-0.21,0.08,-0.29
Day-60,Qwen/Qwen2.5-7B-Instruct,ENTJ,static,flat,42,0.92,flat,83.4,82.91149087059024,9881.945742046391,3314.733330294166,78.7435540977485,HOLD,0.0,"The current price is below the 20-day SMA, indicating a downward trend. The RSI is neutral, and there is no strong sentiment or volatility to justify a trade.",83.38,90.75,49.5,-2.1707,1045695,0.86,11.2,15.1,2.65,-8.11,-1,0.26,0.07,0.19
Day-61,Qwen/Qwen2.5-7B-Instruct,ENTJ,static,flat,42,0.92,flat,84.22,84.57042052616318,9946.515456406545,3314.733330294166,78.7435540977485,HOLD,0.0,"The current price is slightly below the 20-day SMA, indicating a potential trend reversal. However, the RSI is neutral and the volume ratio is low, suggesting caution. Given the medium implied volatility and news sentiment, it's prudent to hold the position.",83.3,90.23,56.3,-1.9117,1099635,0.9,10.3,14.9,2.68,-7.69,-1,0.49,0.13,0.36
Day-62,Qwen/Qwen2.5-7B-Instruct,ENTJ,static,flat,42,0.92,flat,84.17,83.78894533532191,9942.578278701658,3314.733330294166,78.7435540977485,HOLD,0.0,"The current price is slightly below the 20-day SMA, but the trend is negative, indicating a potential reversal. The RSI is neutral, and the volume ratio is slightly above 1, suggesting some buying interest. However, the overall sentiment and technical indicators do not strongly indicate a clear buy or sell signal.",83.21,89.75,57.3,-1.6912,1438735,1.17,10.1,15.1,2.65,-7.28,-1,0.32,0.21,0.11
Day-63,Qwen/Qwen2.5-7B-Instruct,ENTJ,static,flat,42,0.92,flat,83.85,83.50344612917937,9917.380341390377,3314.733330294166,78.7435540977485,HOLD,0.0,"The RSI is neutral, and the trend is slightly downward. Given the current market conditions, it's prudent to hold the position and reassess in the next period.",83.08,89.27,51.8,-1.5246,1369361,1.12,8.0,15.1,2.66,-6.94,-1,-0.22,0.13,-0.35
Day-64,Qwen/Qwen2.5-7B-Instruct,ENTJ,static,flat,42,0.92,flat,81.65,81.70058829663186,9744.144522375333,3314.733330294166,78.7435540977485,HOLD,0.0,"The current price is below the short-term and medium-term moving averages, indicating a downtrend. The RSI is in the neutral range, and there is no strong news sentiment to justify a trade at this time.",82.82,88.74,42.0,-1.5523,1006872,0.83,12.4,15.0,2.67,-6.68,-1,0.11,0.19,-0.08
Day-65,Qwen/Qwen2.5-7B-Instruct,ENTJ,static,flat,42,0.92,flat,78.69,79.79310283262735,9511.063602245995,3314.733330294166,78.7435540977485,HOLD,0.0,"The trend is showing a decline, and the RSI is in a neutral range, suggesting no strong buying or selling pressure. Given the current market sentiment and volume ratio, it's prudent to hold the position.",82.46,88.23,41.7,-1.7928,1124188,0.92,15.6,14.8,2.7,-6.54,-1,-0.39,0.06,-0.45
Day-66,Qwen/Qwen2.5-7B-Instruct,ENTJ,static,flat,42,0.92,flat,80.74,81.12470888144934,9672.48788814638,3314.733330294166,78.7435540977485,HOLD,0.0,"The current trend is downward, indicated by the SMA20 and SMA60 values, and the RSI is neutral. Given the medium-to-high implied volatility and the slight negative news sentiment, it's prudent to hold rather than make a risky trade.",82.32,87.83,44.9,-1.7971,1107203,0.91,19.0,14.9,2.68,-6.27,-1,0.17,-0.0,0.17
Day-67,Qwen/Qwen2.5-7B-Instruct,ENTJ,static,flat,42,0.92,flat,84.08,83.38032640150746,9935.49135883286,3314.733330294166,78.7435540977485,HOLD,0.0,"The RSI is neutral and the volume ratio is slightly below average, indicating no strong buying or selling pressure. The trend is slightly downward, and the implied volatility is moderate, suggesting caution is warranted.",82.42,87.52,57.1,-1.5138,1135403,0.93,16.1,15.1,2.64,-5.82,-1,0.14,-0.04,0.17
Day-68,Qwen/Qwen2.5-7B-Instruct,ENTJ,static,flat,42,0.92,flat,83.28,83.28531012978225,9872.496515554662,3314.733330294166,78.7435540977485,HOLD,0.0,"The RSI is in a neutral range, and the price is below the short-term moving average, indicating a potential downtrend. Given the current market sentiment and volume, it's prudent to hold rather than make a decisive move.",82.5,87.2,58.2,-1.3385,1123779,0.93,13.0,15.0,2.67,-5.38,-1,-0.56,-0.11,-0.45
Day-69,Qwen/Qwen2.5-7B-Instruct,ENTJ,static,flat,42,0.92,flat,84.65,84.99928482208715,9980.375184668577,3314.733330294166,78.7435540977485,HOLD,0.0,"The price is slightly below the trend line, but the RSI is neutral and the volume ratio is low, indicating potential hesitation in the market. Given the current holdings and cash, it's prudent to hold and reassess after more market movement.",82.57,86.92,59.1,-1.0759,1031263,0.87,10.4,14.9,2.68,-5.0,-1,-0.35,-0.2,-0.15
Day-70,Qwen/Qwen2.5-7B-Instruct,ENTJ,static,flat,42,0.92,flat,85.49,85.64197825345948,10046.519770110684,3314.733330294166,78.7435540977485,HOLD,0.0,"The RSI is neutral, and the price is slightly below the trend line. Given the current market sentiment and volume, it's prudent to hold the position.",82.63,86.7,57.7,-0.7909,1229470,1.03,8.8,15.0,2.67,-4.7,-1,-0.08,-0.14,0.05
Day-71,Qwen/Qwen2.5-7B-Instruct,ENTJ,static,flat,42,0.92,flat,84.82,84.56945657284136,9993.761588865193,3314.733330294166,78.7435540977485,HOLD,0.0,"The trend is slightly downward, and the RSI is neutral, indicating no strong buying or selling pressure. Given the current market conditions, it's prudent to hold the position.",82.79,86.52,51.2,-0.6119,1366366,1.14,9.1,15.0,2.66,-4.32,-1,-0.09,-0.19,0.1
Day-72,Qwen/Qwen2.5-7B-Instruct,ENTJ,static,flat,42,0.92,flat,85.49,85.20849028613581,10046.519770110684,3314.733330294166,78.7435540977485,HOLD,0.0,"The price is slightly below the trend line, but the RSI is neutral and the volume ratio is normal. Given the current market sentiment and the medium implied volatility, it's prudent to hold the position.",82.93,86.29,58.0,-0.4117,1303365,1.08,15.4,15.0,2.66,-3.89,-1,-0.36,-0.29,-0.07
Day-73,Qwen/Qwen2.5-7B-Instruct,ENTJ,static,flat,42,0.92,flat,87.8,87.89666045714588,10228.417380076484,3314.733330294166,78.7435540977485,HOLD,0.0,"The RSI is in a neutral range, and the price is slightly below the short-term moving average, indicating a potential pullback. Given the current cash reserves and portfolio value, it's prudent to hold and reassess the trend.",83.26,86.12,63.9,-0.0655,1336435,1.11,11.6,15.0,2.67,-3.31,-1,0.12,-0.15,0.27
Day-74,Qwen/Qwen2.5-7B-Instruct,ENTJ,static,flat,42,0.92,flat,87.72,87.86005729489766,10222.117895748665,3314.733330294166,78.7435540977485,HOLD,0.0,"The current price is slightly below the trend line, but the RSI is neutral and the volume ratio is low, indicating potential hesitation in the market. Given the medium implied volatility and neutral news sentiment, it's prudent to hold the position.",83.65,85.95,61.7,0.1995,1040574,0.86,11.7,15.0,2.67,-2.68,-1,0.08,-0.07,0.14
Day-75,Qwen/Qwen2.5-7B-Instruct,ENTJ,static,flat,42,0.92,flat,90.49,90.68012134263563,10440.237540599428,3314.733330294166,78.7435540977485,HOLD,0.0,"The RSI is in a neutral range, and the trend is slightly downward. Given the current market conditions, it's prudent to hold the position and reassess in the next period.",84.13,85.88,65.3,0.6262,1475745,1.21,14.4,15.0,2.67,-2.04,-1,-0.06,-0.06,0.01
Day-76,Qwen/Qwen2.5-7B-Instruct,ENTJ,static,flat,42,0.92,flat,85.67,86.0770875569412,10060.69360984828,3314.733330294166,78.7435540977485,HOLD,0.0,"The RSI is neutral and the volume ratio is slightly above 1, indicating some buying interest. However, the trend is flat, and the news sentiment is slightly negative, suggesting caution.",84.29,85.74,53.0,0.5684,1419245,1.16,13.4,14.9,2.68,-1.7,0,-0.23,-0.09,-0.14
Day-77,Qwen/Qwen2.5-7B-Instruct,ENTJ,static,flat,42,0.92,flat,88.04,87.5299754951837,10247.315833059944,3314.733330294166,78.7435540977485,HOLD,0.0,"The current price and indicators suggest a neutral market condition. The RSI is in the middle range, and the volume ratio is slightly above 1, indicating some buying interest but not a strong trend. Given the medium implied volatility, it's prudent to hold the current position.",84.47,85.62,57.7,0.7062,1402545,1.14,9.5,15.1,2.65,-1.35,0,0.31,0.04,0.27
Day-78,Qwen/Qwen2.5-7B-Instruct,ENTJ,static,flat,42,0.92,flat,87.55,87.7088014674164,10208.731491552047,3314.733330294166,78.7435540977485,HOLD,0.0,"The RSI is neutral and the price is close to the short-term moving averages, suggesting a lack of strong momentum. The current holdings are valued and the market sentiment is not strong enough to warrant a trade.",84.71,85.54,61.5,0.7669,1411491,1.14,14.7,15.0,2.67,-0.97,0,0.5,0.12,0.38
Day-79,Qwen/Qwen2.5-7B-Instruct,ENTJ,static,flat,42,0.92,flat,87.72,87.21201482734024,10222.117895748665,3314.733330294166,78.7435540977485,HOLD,0.0,"The RSI is slightly overbought, and the news sentiment is negative, indicating potential for a correction. Given the current holding value and cash balance, it's prudent to hold and reassess after the market adjusts.",84.98,85.47,69.8,0.8196,1466355,1.18,12.6,15.1,2.65,-0.58,0,-0.15,0.08,-0.22
Day-80,Qwen/Qwen2.5-7B-Instruct,ENTJ,static,flat,42,0.92,flat,87.9,87.39843022356412,10236.291735486258,3314.733330294166,78.7435540977485,HOLD,0.0,"The RSI is neutral and the price is close to the short-term moving averages, suggesting a consolidation phase. The current holdings are valued and do not warrant an immediate action.",85.2,85.4,67.1,0.8654,1272126,1.01,9.9,15.1,2.65,-0.23,0,-0.18,0.05,-0.23
Day-81,Qwen/Qwen2.5-7B-Instruct,ENTJ,static,flat,42,0.92,flat,84.27,84.01756997829872,9950.452634111432,3314.733330294166,78.7435540977485,HOLD,0.0,"The RSI is neutral and the volume ratio is slightly below average, indicating no strong buying or selling pressure. The current price is close to the short-term moving averages, suggesting a potential consolidation phase.",85.2,85.28,50.5,0.6018,1100141,0.87,7.5,15.0,2.66,-0.09,0,0.15,0.13,0.02
Day-82,Qwen/Qwen2.5-7B-Instruct,ENTJ,static,flat,42,0.92,flat,83.53,83.67435223460745,9892.182404079098,3314.733330294166,78.7435540977485,HOLD,0.0,"The price is slightly below the SMA20/60, and the RSI is neutral, indicating no strong buying or selling pressure. The current holdings are valued, and the market sentiment is slightly negative, suggesting a cautious approach.",85.17,85.17,50.6,0.3294,1308391,1.05,10.2,15.0,2.67,0.01,0,-0.11,0.04,-0.15
Day-83,Qwen/Qwen2.5-7B-Instruct,ENTJ,static,flat,42,0.92,flat,84.55,84.29940080152838,9972.500829258803,3314.733330294166,78.7435540977485,HOLD,0.0,"The price is slightly below the short-term moving average, but the RSI is neutral and the volume ratio is slightly above 1, indicating some buying interest. Given the current market sentiment and the P/E ratio, it's prudent to hold the position for now.",85.21,85.0,49.7,0.1936,1371440,1.1,18.5,15.0,2.66,0.24,0,-0.04,-0.07,0.02
Day-84,Qwen/Qwen2.5-7B-Instruct,ENTJ,static,flat,42,0.92,flat,86.84,86.85435522507822,10152.823568142645,3314.733330294166,78.7435540977485,HOLD,0.0,"The RSI is neutral and the price is close to the short-term moving averages, suggesting a lack of clear trend. The volume ratio is also neutral, and the news sentiment is slightly positive but not strong enough to warrant a trade.",85.47,84.9,53.0,0.268,1368958,1.08,15.4,15.0,2.67,0.67,0,0.22,0.01,0.21
Day-85,Qwen/Qwen2.5-7B-Instruct,ENTJ,static,flat,42,0.92,flat,85.59,85.9845160043568,10054.39412552046,3314.733330294166,78.7435540977485,HOLD,0.0,"The current price is slightly below the 20-day SMA but above the 60-day SMA, indicating a neutral trend. The RSI is in the middle range, and the volume ratio is close to 1, suggesting no significant buying or selling pressure. Given the medium implied volatility and negative news sentiment, it's prudent to hold the position.",85.81,84.81,51.7,0.2237,1260724,0.99,13.0,14.9,2.68,1.19,0,-0.57,-0.07,-0.5
Day-86,Qwen/Qwen2.5-7B-Instruct,ENTJ,static,flat,42,0.92,flat,84.78,84.63072340699004,9990.611846701284,3314.733330294166,78.7435540977485,HOLD,0.0,"The current price is slightly below the 20-day SMA, but the RSI is neutral and the volume ratio is low, indicating potential lack of momentum. Given the medium implied volatility and neutral news sentiment, it's prudent to hold the position.",86.01,84.65,48.5,0.1215,1034229,0.81,13.8,15.0,2.66,1.61,0,0.4,-0.02,0.42
Day-87,Qwen/Qwen2.5-7B-Instruct,ENTJ,static,flat,42,0.92,flat,83.31,83.81082876279102,9874.858822177594,3314.733330294166,78.7435540977485,HOLD,0.0,"The RSI is in a neutral range, and the volume ratio is slightly below average, indicating no strong buying or selling pressure. Given the current market conditions, it's prudent to hold the position.",85.98,84.52,39.8,-0.0771,1185556,0.93,12.7,14.9,2.68,1.72,0,0.02,0.0,0.02
Day-88,Qwen/Qwen2.5-7B-Instruct,ENTJ,static,flat,42,0.92,flat,86.07,85.38498477308214,10092.191031487378,3314.733330294166,78.7435540977485,HOLD,0.0,"The current price is close to the short-term moving average, and the RSI is neutral. The market sentiment and implied volatility are also within a normal range, suggesting no strong buying or selling pressure.",86.11,84.44,46.7,-0.0121,1460383,1.13,17.2,15.1,2.65,1.99,0,-0.12,-0.01,-0.11
Day-89,Qwen/Qwen2.5-7B-Instruct,ENTJ,static,flat,42,0.92,flat,85.75,85.97403097105499,10066.993094176101,3314.733330294166,78.7435540977485,HOLD,0.0,"The RSI is in a neutral range, and the volume ratio is close to 1, indicating stable trading activity. Given the current market conditions, it's prudent to hold the position rather than make a decisive trade.",86.17,84.42,39.4,0.0135,1292224,0.99,14.7,15.0,2.67,2.07,1,-0.03,-0.06,0.03
Day-90,Qwen/Qwen2.5-7B-Instruct,ENTJ,static,flat,42,0.92,flat,85.17,85.09345142787423,10021.321832799407,3314.733330294166,78.7435540977485,HOLD,0.0,"The current price is slightly below the short-term moving average, but the RSI is neutral and the volume ratio is close to 1, indicating stable trading activity. Given the medium risk appetite and the need for clear trend confirmation, it's prudent to hold.",86.15,84.43,48.6,-0.0123,1269165,0.97,11.9,15.0,2.66,2.04,1,-0.01,0.05,-0.06
Day-91,Qwen/Qwen2.5-7B-Instruct,ENTJ,static,flat,42,0.92,flat,86.1,85.99725952753118,10094.553338110312,3314.733330294166,78.7435540977485,HOLD,0.0,"The current price is slightly below the short-term moving average, but the RSI is neutral and the volume ratio is low, indicating potential lack of interest. Given the medium implied volatility and negative news sentiment, it's prudent to hold rather than act on the current trend.",86.22,84.43,44.2,0.0416,1134426,0.88,11.0,15.0,2.66,2.11,1,-0.52,-0.13,-0.39
Day-92,Qwen/Qwen2.5-7B-Instruct,ENTJ,static,flat,42,0.92,flat,86.08,86.19024297982043,10092.978467028357,3314.733330294166,78.7435540977485,HOLD,0.0,"The current price is slightly above the short-term moving average, and the RSI is neutral. Given the medium implied volatility and news sentiment, it's prudent to hold the position for now.",86.25,84.44,45.5,0.0817,1184224,0.92,12.7,15.0,2.67,2.14,1,0.45,-0.05,0.49
Day-93,Qwen/Qwen2.5-7B-Instruct,ENTJ,static,flat,42,0.92,flat,88.15,87.90264371077903,10255.977624010697,3314.733330294166,78.7435540977485,HOLD,0.0,"The RSI is neutral, and the implied volatility is low, suggesting no strong momentum or risk. The current holdings are valued and do not warrant an immediate change.",86.26,84.47,51.2,0.2772,1447673,1.12,12.6,15.0,2.66,2.12,1,0.01,-0.02,0.03
Day-94,Qwen/Qwen2.5-7B-Instruct,ENTJ,static,flat,42,0.92,flat,86.53,86.70302891050686,10128.413066372344,3314.733330294166,78.7435540977485,HOLD,0.0,"The current price is slightly above the short-term moving average, and the RSI is neutral. Given the medium implied volatility and the lack of strong news sentiment, it's prudent to hold the position.",86.2,84.46,46.5,0.2979,1333231,1.02,11.1,15.0,2.67,2.06,1,0.13,0.01,0.12
Day-95,Qwen/Qwen2.5-7B-Instruct,ENTJ,static,flat,42,0.92,flat,86.53,86.16254545617478,10128.413066372344,3314.733330294166,78.7435540977485,HOLD,0.0,"The RSI is neutral and the volume ratio is close to 1, indicating no significant buying or selling pressure. The current price is slightly above the short-term moving average, but the trend is not strong enough to warrant a trade.",86.01,84.48,57.1,0.3106,1393693,1.07,12.6,15.1,2.66,1.81,0,0.29,0.07,0.21
Day-96,Qwen/Qwen2.5-7B-Instruct,ENTJ,static,flat,42,0.92,flat,84.88,85.51513798375079,9998.486202111058,3314.733330294166,78.7435540977485,HOLD,0.0,"The RSI is neutral, and the volume ratio is slightly below average, indicating a lack of significant buying or selling pressure. Given the current trend and news sentiment, it's prudent to hold the position.",85.97,84.5,54.0,0.1861,1227172,0.95,14.0,14.9,2.69,1.73,0,-0.31,0.11,-0.42
Day-97,Qwen/Qwen2.5-7B-Instruct,ENTJ,static,flat,42,0.92,flat,83.14,83.07328032451015,9861.472417980976,3314.733330294166,78.7435540977485,HOLD,0.0,"The RSI is neutral and the price is slightly below the short-term moving average, suggesting a potential buying opportunity but not strong enough to trigger an action given the current market conditions.",85.72,84.53,46.0,-0.0527,1315123,1.02,16.1,15.0,2.66,1.41,0,0.14,0.05,0.09
Day-98,Qwen/Qwen2.5-7B-Instruct,ENTJ,static,flat,42,0.92,flat,84.51,83.59180753458604,9969.351087094892,3314.733330294166,78.7435540977485,HOLD,0.0,"The RSI is neutral and the volume ratio is below 1, indicating lackluster trading activity. Given the current market sentiment and the P/E ratio, it's prudent to hold the position until clearer trends emerge.",85.57,84.58,43.0,-0.1303,1124191,0.88,14.2,15.2,2.64,1.17,0,-0.08,0.03,-0.12
Day-99,Qwen/Qwen2.5-7B-Instruct,ENTJ,static,flat,42,0.92,flat,83.7,84.05460311420171,9905.568808275715,3314.733330294166,78.7435540977485,HOLD,0.0,"The RSI is neutral and the price is slightly below the short-term moving average, indicating a potential consolidation phase. Given the current market conditions, it is prudent to hold the position and reassess after further price movement.",85.37,84.59,44.1,-0.254,1352730,1.06,10.7,14.9,2.68,0.92,0,0.25,0.06,0.2
Day-100,Qwen/Qwen2.5-7B-Instruct,ENTJ,static,flat,42,0.92,flat,83.9,84.08842248829754,9921.317519095266,3314.733330294166,78.7435540977485,HOLD,0.0,"The RSI is neutral, and the volume ratio is slightly below average, indicating lackluster market interest. Given the current cash reserves and portfolio value, it's prudent to hold and reassess after further market movement.",85.17,84.58,47.2,-0.3316,1213800,0.96,8.1,15.0,2.67,0.69,0,-0.64,-0.13,-0.51
Day-101,Qwen/Qwen2.5-7B-Instruct,ENTJ,static,flat,42,0.92,flat,83.91,83.71993751326593,9922.104954636243,3314.733330294166,78.7435540977485,HOLD,0.0,"The RSI is neutral, and the volume ratio is close to 1, indicating no significant buying or selling pressure. The current price is slightly below the short-term moving average, but the trend is not clearly bullish or bearish.",85.15,84.63,52.1,-0.3882,1221272,0.96,11.1,15.0,2.66,0.62,0,-0.03,-0.07,0.04
Day-102,Qwen/Qwen2.5-7B-Instruct,ENTJ,static,flat,42,0.92,flat,81.48,81.40768967991337,9730.758118178714,6522.74572423644,39.37177704887425,SELL,0.5,"The RSI is in oversold territory, indicating potential for a rebound. Selling half the holdings allows for potential gains if the trend reverses.",85.05,84.61,33.3,-0.6222,1324661,1.04,11.5,15.0,2.66,0.52,0,-0.18,-0.14,-0.05
Day-103,Qwen/Qwen2.5-7B-Instruct,ENTJ,static,flat,42,0.92,flat,80.86,80.74990857496816,9706.347616408413,3261.37286211822,79.70535189574811,BUY,0.5,"The price is below the short-term and long-term moving averages, indicating a potential buy opportunity. The RSI is in the oversold region, suggesting a possible reversal.",84.86,84.6,32.6,-0.8475,1468140,1.15,9.7,15.0,2.66,0.31,0,0.13,-0.09,0.22
Day-104,Qwen/Qwen2.5-7B-Instruct,ENTJ,static,flat,42,0.92,flat,80.36,80.22238090325405,9666.494940460538,3261.37286211822,79.70535189574811,HOLD,0.0,"The RSI indicates oversold conditions, but the low volume ratio and neutral news sentiment suggest caution. The current holding is valued and may benefit from a trend reversal, but a clear signal is needed before additional action is taken.",84.54,84.61,32.8,-1.0543,1032003,0.82,8.5,15.0,2.66,-0.08,0,0.14,-0.12,0.26
Day-105,Qwen/Qwen2.5-7B-Instruct,ENTJ,static,flat,42,0.92,flat,79.13,78.96912822964286,9568.457357628766,1630.68643105911,100.3130409019292,BUY,0.5,"The price is below the short-term moving average, and the RSI indicates overselling. The P/E ratio is reasonable, and the volume ratio suggests buying interest.",84.22,84.57,25.6,-1.3027,1412371,1.11,7.5,15.0,2.66,-0.42,0,-0.21,-0.03,-0.18
Day-106,Qwen/Qwen2.5-7B-Instruct,ENTJ,static,flat,42,0.92,flat,79.11,78.73842477793933,9566.451096810728,1630.68643105911,100.3130409019292,HOLD,0.0,"The RSI indicates oversold conditions, but the trend is slightly bearish with SMA20 and SMA60 converging. Given the medium volume ratio and negative news sentiment, it's prudent to hold for now.",83.93,84.5,25.6,-1.484,1146191,0.9,10.0,15.1,2.65,-0.67,0,-0.21,-0.07,-0.15
Day-107,Qwen/Qwen2.5-7B-Instruct,ENTJ,static,flat,42,0.92,flat,79.51,79.40110595747932,9606.576313171503,815.343215529555,110.56764051870137,BUY,0.5,"The RSI is extremely low, indicating potential for a rebound. The price is below the short-term moving averages, suggesting a possible trend reversal.",83.74,84.41,15.7,-1.5772,1221959,0.96,7.9,15.0,2.66,-0.78,0,-0.03,-0.04,0.0
Day-108,Qwen/Qwen2.5-7B-Instruct,ENTJ,static,flat,42,0.92,flat,82.42,82.47836488378519,9928.328147080923,815.343215529555,110.56764051870137,HOLD,0.0,"The RSI indicates oversold conditions, but the trend is slightly bearish with SMA20 and SMA60 below the current price. Given the medium implied volatility and negative news sentiment, it's prudent to hold.",83.56,84.4,35.2,-1.4002,1010956,0.8,7.5,15.0,2.67,-0.99,0,-0.27,-0.12,-0.15
Day-109,Qwen/Qwen2.5-7B-Instruct,ENTJ,static,flat,42,0.92,flat,83.02,82.79167984449867,9994.668731392143,815.343215529555,110.56764051870137,HOLD,0.0,"The RSI indicates oversold conditions, but the trend is slightly bearish with SMA20 and SMA60 below the current price. Given the medium implied volatility and low news sentiment, it's prudent to hold for now.",83.42,84.41,37.9,-1.1977,1150523,0.92,10.1,15.0,2.66,-1.17,0,0.25,-0.1,0.35
Day-110,Qwen/Qwen2.5-7B-Instruct,ENTJ,static,flat,42,0.92,flat,83.91,83.24421019100984,10093.073931453786,815.343215529555,110.56764051870137,HOLD,0.0,"The RSI is neutral and the volume ratio is normal, indicating no strong buying or selling pressure. The current price is close to the trend lines, suggesting a consolidation phase.",83.36,84.42,46.4,-0.9546,1251315,1.0,10.4,15.1,2.65,-1.26,0,-0.11,-0.07,-0.04
Day-111,Qwen/Qwen2.5-7B-Instruct,ENTJ,static,flat,42,0.92,flat,83.1,83.1452984355192,10003.514142633638,815.343215529555,110.56764051870137,HOLD,0.0,"The RSI is neutral, and the volume ratio is slightly below average, suggesting a lack of significant buying or selling pressure. Given the current market sentiment and the trend not showing a clear direction, it's prudent to hold the position.",83.21,84.4,49.8,-0.8175,1028088,0.83,10.2,15.0,2.67,-1.41,0,-0.87,-0.21,-0.67
Day-112,Qwen/Qwen2.5-7B-Instruct,ENTJ,static,flat,42,0.92,flat,79.49,80.03901766310676,9604.364960361127,815.343215529555,110.56764051870137,HOLD,0.0,"The RSI indicates oversold conditions, but the negative news sentiment and medium implied volatility suggest caution. The current holding value is substantial, and a clear trend is not yet established.",82.88,84.31,33.3,-0.9887,1245547,1.0,16.9,14.9,2.69,-1.69,0,-0.11,-0.22,0.11
Day-113,Qwen/Qwen2.5-7B-Instruct,ENTJ,static,flat,42,0.92,flat,80.51,80.02058859947861,9717.143953690203,815.343215529555,110.56764051870137,HOLD,0.0,"The price is below the short-term and medium-term moving averages, indicating a downtrend. The RSI is in the neutral range, and the news sentiment is slightly negative, suggesting caution.",82.5,84.24,39.5,-1.0305,1463555,1.17,13.2,15.1,2.65,-2.07,-1,-0.31,-0.23,-0.08
Day-114,Qwen/Qwen2.5-7B-Instruct,ENTJ,static,flat,42,0.92,flat,80.1,80.1410785351783,9671.811221077533,5243.577218303544,55.283820259350684,SELL,0.5,"The price is below the short-term and medium-term moving averages, indicating a downtrend. The RSI is in the oversold region, suggesting a potential reversal, but the negative news sentiment and volume ratio below 1 indicate caution.",82.18,84.21,37.7,-1.084,1052696,0.85,10.2,15.0,2.67,-2.41,-1,-0.49,-0.38,-0.11
Day-115,Qwen/Qwen2.5-7B-Instruct,ENTJ,static,flat,42,0.92,flat,83.61,84.21334543191932,9865.857430187854,5243.577218303544,55.283820259350684,HOLD,0.0,"The current trend is slightly downward, and the RSI is neutral, indicating no strong buying or selling pressure. Given the medium-to-high risk appetite and the need for a clear trend, it's prudent to hold the position.",82.03,84.31,49.2,-0.8332,1382220,1.12,8.3,14.9,2.69,-2.7,-1,-0.37,-0.43,0.06
Day-116,Qwen/Qwen2.5-7B-Instruct,ENTJ,static,flat,42,0.92,flat,84.28,83.91515142050521,9902.89758976162,5243.577218303544,55.283820259350684,HOLD,0.0,"The RSI is neutral, and the price is slightly below the short-term moving average, indicating a potential reversal. However, the volume and news sentiment are not strong enough to justify a trade at this moment.",82.0,84.38,58.2,-0.5742,1204835,0.98,12.9,15.1,2.66,-2.82,-1,0.03,-0.25,0.28
Day-117,Qwen/Qwen2.5-7B-Instruct,ENTJ,static,flat,42,0.92,flat,84.28,84.44809903520597,9902.89758976162,2621.788609151772,86.39189583068163,BUY,0.5,"The price is below the 20-day SMA, indicating a potential trend reversal. The RSI is neutral, suggesting the stock is not overbought or oversold, and the implied volatility is low, which can lead to potential price movements.",82.06,84.38,60.3,-0.3647,1327586,1.08,9.5,15.0,2.67,-2.75,-1,0.4,-0.15,0.55
Day-118,Qwen/Qwen2.5-7B-Instruct,ENTJ,static,flat,42,0.92,flat,84.39,84.41481316726616,9912.400698302994,2621.788609151772,86.39189583068163,HOLD,0.0,"The price is slightly below the trend line, but the RSI is neutral and the volume ratio is close to 1, indicating no significant buying or selling pressure. Given the current cash reserves, it's prudent to hold and wait for clearer signals.",82.05,84.4,62.5,-0.1875,1130118,0.92,7.9,15.0,2.67,-2.78,-1,0.09,-0.07,0.16
Day-119,Qwen/Qwen2.5-7B-Instruct,ENTJ,static,flat,42,0.92,flat,82.58,82.48936178039483,9756.03136684946,2621.788609151772,86.39189583068163,HOLD,0.0,"The current price is slightly below the 20-day moving average, but the trend is still upward. The RSI is in a neutral range, and the volume ratio is slightly below average, suggesting caution. Given the medium-to-high implied volatility and negative news sentiment, it's prudent to hold rather than act on the current conditions.",82.0,84.36,60.3,-0.1909,1079746,0.89,8.2,15.0,2.66,-2.8,-1,-0.18,-0.01,-0.18
Day-120,Qwen/Qwen2.5-7B-Instruct,ENTJ,static,flat,42,0.92,flat,84.47,84.4218110686546,9919.312049969449,2621.788609151772,86.39189583068163,HOLD,0.0,"The RSI is in a neutral range, and the price is slightly below the short-term moving average, indicating a potential pullback. Given the current cash reserves and portfolio value, it's prudent to hold and reassess the trend.",82.03,84.34,64.4,-0.0408,1080231,0.89,7.5,15.0,2.67,-2.75,-1,0.14,0.1,0.04
Day-121,Qwen/Qwen2.5-7B-Instruct,ENTJ,static,flat,42,0.92,flat,85.9,85.72671070271255,10042.852461007325,2621.788609151772,86.39189583068163,HOLD,0.0,"The RSI is in the overbought range, and the implied volatility is low, suggesting that the current trend may be losing momentum. Given the medium volume ratio and negative news sentiment, it is prudent to hold the position for now.",82.13,84.36,66.3,0.1918,1035245,0.86,7.5,15.0,2.66,-2.65,-1,-0.14,0.06,-0.2
Day-122,Qwen/Qwen2.5-7B-Instruct,ENTJ,static,flat,42,0.92,flat,87.01,87.1198792665634,10138.747465379382,2621.788609151772,86.39189583068163,HOLD,0.0,"The RSI is in a neutral range, and the volume ratio is slightly below 1, indicating a lack of significant buying pressure. Given the current trend and news sentiment, it's prudent to hold the position.",82.4,84.39,62.9,0.4601,1092823,0.92,7.5,15.0,2.67,-2.36,-1,-0.21,-0.06,-0.15
Day-123,Qwen/Qwen2.5-7B-Instruct,ENTJ,static,flat,42,0.92,flat,85.72,85.57535593133491,10027.301919757801,2621.788609151772,86.39189583068163,HOLD,0.0,"The trend is slightly downward, and the RSI is in a neutral range. Given the current market sentiment and volume ratio, it's prudent to hold the position rather than make a decisive move.",82.65,84.35,57.3,0.5624,1332109,1.13,8.7,15.0,2.66,-2.02,-1,-0.35,-0.15,-0.2
Day-124,Qwen/Qwen2.5-7B-Instruct,ENTJ,static,flat,42,0.92,flat,87.94,88.03665218938905,10219.091928501915,2621.788609151772,86.39189583068163,HOLD,0.0,"The RSI is in a neutral range, and the volume ratio is slightly above 1, indicating some buying interest. However, the news sentiment is negative, and the trend is not strongly bullish, making it prudent to hold the current position.",83.02,84.36,60.2,0.8132,1440845,1.2,10.7,15.0,2.67,-1.58,0,-0.53,-0.22,-0.31
Day-125,Qwen/Qwen2.5-7B-Instruct,ENTJ,static,flat,42,0.92,flat,85.83,85.62833191160473,10036.805028299175,2621.788609151772,86.39189583068163,HOLD,0.0,"The RSI is neutral and the volume ratio is slightly above 1, indicating some buying interest. However, the trend is not strongly bullish, and the news sentiment is slightly negative, suggesting caution.",83.36,84.26,56.4,0.8317,1407062,1.17,8.1,15.0,2.66,-1.07,0,-0.12,-0.27,0.15
Day-126,Qwen/Qwen2.5-7B-Instruct,ENTJ,static,flat,42,0.92,flat,86.85,86.66528072089507,10124.92476204647,2621.788609151772,86.39189583068163,HOLD,0.0,"The RSI is slightly overbought, and the volume ratio is close to 1, indicating a balanced market. Given the current cash reserves and portfolio value, it's prudent to hold and reassess in the next cycle.",83.75,84.29,69.8,0.9179,1342567,1.11,8.8,15.0,2.66,-0.64,0,0.05,-0.23,0.28
Day-127,Qwen/Qwen2.5-7B-Instruct,ENTJ,static,flat,42,0.92,flat,90.21,90.57357130591126,10415.201532037561,2621.788609151772,86.39189583068163,HOLD,0.0,"The RSI is slightly overbought, and the news sentiment is neutral, indicating potential for a pullback. Given the current holdings, it's prudent to hold and reassess after a potential correction.",84.28,84.33,73.2,1.2436,1055215,0.88,11.5,14.9,2.68,-0.06,0,-0.03,-0.19,0.17
Day-128,Qwen/Qwen2.5-7B-Instruct,ENTJ,static,flat,42,0.92,flat,89.36,88.82354280621198,10341.768420581484,2621.788609151772,86.39189583068163,HOLD,0.0,"The RSI is slightly overbought, and the news sentiment is negative, indicating potential for a correction. Given the current holdings and cash, it's prudent to hold for now.",84.63,84.37,71.7,1.4168,1144593,0.94,14.9,15.1,2.65,0.31,0,-0.12,-0.15,0.02
Day-129,Qwen/Qwen2.5-7B-Instruct,ENTJ,static,flat,42,0.92,flat,87.62,87.84955788070108,10191.446521836097,2621.788609151772,86.39189583068163,HOLD,0.0,"The RSI is in a neutral range, and the volume ratio is close to 1, indicating stable trading activity. Given the current market conditions, it's prudent to hold the position rather than make a new trade.",84.86,84.36,60.2,1.3971,1154903,0.95,13.0,15.0,2.67,0.59,0,-0.28,-0.1,-0.18
Day-130,Qwen/Qwen2.5-7B-Instruct,ENTJ,static,flat,42,0.92,flat,88.34,88.05123044735336,10253.648686834189,2621.788609151772,86.39189583068163,HOLD,0.0,"The RSI is neutral, and the volume ratio is close to 1, indicating stable trading activity. Given the current cash reserves and portfolio value, it's prudent to hold and reassess in the next period.",85.08,84.37,60.3,1.4235,1124978,0.93,10.8,15.0,2.66,0.84,0,0.18,-0.04,0.22
Day-131,Qwen/Qwen2.5-7B-Instruct,ENTJ,static,flat,42,0.92,flat,87.37,87.19520110303971,10169.848547878428,2621.788609151772,86.39189583068163,HOLD,0.0,"The RSI is neutral, and the volume ratio is close to 1, indicating no significant buying or selling pressure. The current price is slightly above the short-term moving average, but the trend is not strong enough to justify a trade.",85.29,84.44,57.5,1.3507,1257502,1.03,14.6,15.0,2.66,1.02,0,-0.4,-0.13,-0.27
Day-132,Qwen/Qwen2.5-7B-Instruct,ENTJ,static,flat,42,0.92,flat,85.2,84.5578594748489,9982.378133925848,2621.788609151772,86.39189583068163,HOLD,0.0,"The RSI is neutral, and the volume ratio is close to 1, indicating no significant buying or selling pressure. The current price is slightly above the short-term moving average but below the long-term moving average, suggesting a neutral trend.",85.58,84.47,51.8,1.105,1267776,1.04,10.5,15.1,2.65,1.31,0,0.23,-0.08,0.31
Day-133,Qwen/Qwen2.5-7B-Instruct,ENTJ,static,flat,42,0.92,flat,84.63,84.6992957559112,9933.134753302358,2621.788609151772,86.39189583068163,HOLD,0.0,"The RSI is neutral, and the volume ratio is close to 1, indicating no significant buying or selling pressure. The current price is slightly above the short-term moving average but below the long-term, suggesting a neutral trend. Given the current market sentiment and the lack of strong indicators, it's prudent to hold the position.",85.79,84.47,54.8,0.854,1178442,0.98,9.9,15.0,2.67,1.56,0,-0.3,-0.11,-0.19
Day-134,Qwen/Qwen2.5-7B-Instruct,ENTJ,static,flat,42,0.92,flat,82.76,82.94362936465585,9771.581908098986,2621.788609151772,86.39189583068163,HOLD,0.0,"The RSI is neutral and the volume ratio is close to 1, indicating no significant buying or selling pressure. The current price is slightly below the short-term moving average, but the trend is not clearly bullish or bearish.",85.92,84.39,46.0,0.4992,1176894,0.97,15.4,15.0,2.67,1.81,0,-0.23,-0.1,-0.12
Day-135,Qwen/Qwen2.5-7B-Instruct,ENTJ,static,flat,42,0.92,flat,83.75,83.75811498810738,9857.10988497136,2621.788609151772,86.39189583068163,HOLD,0.0,"The price is slightly below the 20-day SMA, and the RSI is neutral, suggesting no strong trend. Given the medium implied volatility and negative news sentiment, it's prudent to hold.",85.93,84.35,44.9,0.2938,1414277,1.17,17.3,15.0,2.67,1.86,0,-0.44,-0.23,-0.21
Day-136,Qwen/Qwen2.5-7B-Instruct,ENTJ,static,flat,42,0.92,flat,82.03,82.25667790687227,9708.515824142587,2621.788609151772,86.39189583068163,HOLD,0.0,"The RSI is in a neutral range, and the volume ratio is slightly above 1, indicating some buying interest. However, the trend is slightly bearish, and the news sentiment is negative, suggesting caution.",85.81,84.3,38.5,-0.007,1394646,1.14,22.0,15.0,2.67,1.8,0,-0.15,-0.18,0.03
Day-137,Qwen/Qwen2.5-7B-Instruct,ENTJ,static,flat,42,0.92,flat,85.34,84.87191730502514,9994.472999342142,2621.788609151772,86.39189583068163,HOLD,0.0,"The RSI is neutral, and the volume ratio is slightly below 1, indicating lackluster trading activity. Given the current market conditions, it is prudent to hold the position until clearer trends emerge.",85.87,84.34,49.2,0.0206,1153897,0.95,17.4,15.1,2.65,1.81,0,0.29,-0.16,0.46
Day-138,Qwen/Qwen2.5-7B-Instruct,ENTJ,static,flat,42,0.92,flat,82.8,83.57782209577888,9775.037583932211,2621.788609151772,86.39189583068163,HOLD,0.0,"The RSI is in a neutral range, and the volume ratio is slightly above 1, indicating some buying interest. However, the price is below the short-term moving average, suggesting a potential downtrend. Given the current market conditions, it's prudent to hold the position and monitor further developments.",85.79,84.27,39.3,-0.1601,1456894,1.18,14.4,14.9,2.69,1.8,0,0.15,-0.07,0.23
Day-139,Qwen/Qwen2.5-7B-Instruct,ENTJ,static,flat,42,0.92,flat,82.55,83.0661242755962,9753.43960997454,2621.788609151772,86.39189583068163,HOLD,0.0,"The RSI is in a neutral range, and the price is slightly below the short-term moving average, suggesting a potential buying opportunity. However, the current holding is already valued, and the market sentiment is neutral, making it prudent to hold for now.",85.78,84.21,42.6,-0.3198,1476407,1.18,14.7,14.9,2.68,1.87,0,0.29,0.03,0.26
Day-140,Qwen/Qwen2.5-7B-Instruct,ENTJ,static,flat,42,0.92,flat,83.97,84.45402580464626,9876.116102054108,2621.788609151772,86.39189583068163,HOLD,0.0,"The RSI is neutral, and the volume ratio is slightly below average, indicating lackluster market interest. Given the current cash reserves and the existing portfolio value, it's prudent to hold and reassess the situation.",85.76,84.18,43.6,-0.3277,1163371,0.93,13.5,14.9,2.68,1.87,0,0.16,0.15,0.01
Day-141,Qwen/Qwen2.5-7B-Instruct,ENTJ,static,flat,42,0.92,flat,82.76,82.42510201726014,9771.581908098986,6196.685258625379,43.19594791534082,SELL,0.5,"The RSI is in oversold territory, indicating potential for a rebound. Selling half the holdings allows for potential gains if the price recovers.",85.6,84.12,31.7,-0.4272,1177212,0.93,10.5,15.1,2.66,1.77,0,-0.33,0.11,-0.44
Day-142,Qwen/Qwen2.5-7B-Instruct,ENTJ,static,flat,42,0.92,flat,83.39,82.82576838443912,9798.795355285649,3098.3426293126895,80.35079417163881,BUY,0.5,"The price is below the short-term moving average, indicating a potential buying opportunity. The RSI suggests the stock is oversold, and the medium-to-high risk appetite aligns with the potential for significant gains.",85.42,84.06,35.1,-0.4498,1252817,0.99,9.9,15.1,2.65,1.62,0,-0.1,0.03,-0.13
Day-143,Qwen/Qwen2.5-7B-Instruct,ENTJ,static,flat,42,0.92,flat,85.0,85.04513201262695,9928.160133901987,3098.3426293126895,80.35079417163881,HOLD,0.0,"The RSI is neutral, and the volume ratio is slightly above 1, indicating some buying interest. However, the trend is slightly bearish, and the news sentiment is negative, suggesting caution.",85.39,84.0,43.4,-0.334,1470560,1.15,12.7,15.0,2.67,1.65,0,-0.23,-0.04,-0.19
Day-144,Qwen/Qwen2.5-7B-Instruct,ENTJ,static,flat,42,0.92,flat,82.31,82.37915369266369,9712.01649758028,3098.3426293126895,80.35079417163881,HOLD,0.0,"The RSI indicates oversold conditions, but the trend is neutral with SMA20 and SMA60 converging. Given the medium volume ratio and low news sentiment, it's prudent to hold the position.",85.1,83.92,36.2,-0.4543,1438159,1.13,12.8,15.0,2.67,1.41,0,0.4,-0.02,0.42
Day-145,Qwen/Qwen2.5-7B-Instruct,ENTJ,static,flat,42,0.92,flat,82.74,82.70872455616069,9746.567339074085,3098.3426293126895,80.35079417163881,HOLD,0.0,"The RSI is slightly oversold, but the trend is neutral with SMA20 and SMA60 crossing. Given the medium volume ratio and negative news sentiment, it's prudent to hold for further clarity.",84.95,83.84,39.2,-0.5091,1051283,0.84,11.9,15.0,2.67,1.32,0,-0.36,-0.12,-0.23
Day-146,Qwen/Qwen2.5-7B-Instruct,ENTJ,static,flat,42,0.92,flat,83.5,83.16468085947247,9807.63394264453,3098.3426293126895,80.35079417163881,HOLD,0.0,"The RSI is neutral, and the volume ratio is close to 1, indicating no significant buying or selling pressure. The current price is slightly below the short-term moving average, but the trend is not clearly bearish, suggesting a hold position.",84.78,83.81,45.8,-0.485,1196365,0.96,8.8,15.1,2.66,1.16,0,0.27,-0.01,0.27
Day-147,Qwen/Qwen2.5-7B-Instruct,ENTJ,static,flat,42,0.92,flat,84.05,84.5006482754678,9851.826879438931,3098.3426293126895,80.35079417163881,HOLD,0.0,"The RSI is neutral, and the volume ratio is close to 1, indicating no significant buying or selling pressure. The current price is slightly above the short-term moving average but below the long-term moving average, suggesting a neutral trend. Given these conditions, it is prudent to hold the position.",84.47,83.83,48.6,-0.4168,1276685,1.01,14.5,14.9,2.68,0.77,0,0.27,0.07,0.2
Day-148,Qwen/Qwen2.5-7B-Instruct,ENTJ,static,flat,42,0.92,flat,82.58,82.46056606810738,9733.711212006623,3098.3426293126895,80.35079417163881,HOLD,0.0,"The RSI is neutral and the volume ratio is close to 1, indicating no significant buying or selling pressure. The current price is slightly below the short-term moving average, but the trend is not strong enough to warrant a trade.",84.13,83.79,49.5,-0.4762,1251566,0.99,14.9,15.0,2.66,0.41,0,0.55,0.23,0.32
Day-149,Qwen/Qwen2.5-7B-Instruct,ENTJ,static,flat,42,0.92,flat,80.9,80.33545536081151,9598.72187779827,3098.3426293126895,80.35079417163881,HOLD,0.0,"The RSI is in a neutral range, and the volume ratio is slightly below average, suggesting no strong buying or selling pressure. The current trend is slightly positive but not strong enough to warrant a trade.",83.8,83.74,43.0,-0.6514,1096931,0.87,17.3,15.1,2.65,0.07,0,-0.12,0.12,-0.24
Day-150,Qwen/Qwen2.5-7B-Instruct,ENTJ,static,flat,42,0.92,flat,81.46,81.20281313326129,9643.718322534387,3098.3426293126895,80.35079417163881,HOLD,0.0,"The RSI is neutral and the volume ratio is slightly above 1, indicating some buying interest but not overwhelming. Given the current cash reserves and portfolio value, it's prudent to hold and reassess in the next period.",83.45,83.69,48.5,-0.7367,1429408,1.12,15.2,15.0,2.66,-0.28,0,0.21,0.24,-0.02
Day-151,Qwen/Qwen2.5-7B-Instruct,ENTJ,static,flat,42,0.92,flat,81.78,81.71107785465715,9669.43057666931,3098.3426293126895,80.35079417163881,HOLD,0.0,"The RSI is slightly oversold, but the trend indicators suggest a potential reversal. Given the current volume and news sentiment, it's prudent to hold and observe further developments.",83.18,83.65,39.0,-0.7694,1338470,1.04,10.9,15.0,2.66,-0.56,0,0.68,0.32,0.37
Day-152,Qwen/Qwen2.5-7B-Instruct,ENTJ,static,flat,42,0.92,flat,82.44,82.14610594029176,9722.462100822593,3098.3426293126895,80.35079417163881,HOLD,0.0,"The RSI is neutral, and the volume ratio is slightly above 1, indicating some buying interest. However, the trend is slightly negative, and the news sentiment is slightly negative, suggesting caution.",83.04,83.66,48.7,-0.7338,1418954,1.1,8.7,15.1,2.66,-0.75,0,-0.19,0.23,-0.41
Day-153,Qwen/Qwen2.5-7B-Instruct,ENTJ,static,flat,42,0.92,flat,82.07,82.74208877235266,9692.732306979087,3098.3426293126895,80.35079417163881,HOLD,0.0,"The RSI is neutral and the price is slightly below the short-term moving average, suggesting a potential buying opportunity but not strong enough to warrant an immediate action. The market sentiment is slightly negative, which aligns with the current price action.",82.91,83.69,48.3,-0.7272,1429382,1.1,7.5,14.9,2.69,-0.93,0,-0.46,0.03,-0.49
Day-154,Qwen/Qwen2.5-7B-Instruct,ENTJ,static,flat,42,0.92,flat,81.82,81.64886440984134,9672.644608436176,3098.3426293126895,80.35079417163881,HOLD,0.0,"The current price and indicators suggest a neutral market sentiment. The RSI is slightly oversold, but the trend indicators are not strong enough to warrant a buy. Given the medium-to-high risk appetite and the need for clear signals, it's best to hold the current position.",82.86,83.72,41.8,-0.7334,1374177,1.05,7.5,15.0,2.66,-1.02,0,-0.56,-0.06,-0.5
Day-155,Qwen/Qwen2.5-7B-Instruct,ENTJ,static,flat,42,0.92,flat,81.83,82.05362404005416,9673.448116377893,3098.3426293126895,80.35079417163881,HOLD,0.0,"The current price and indicators suggest a neutral market condition. The RSI is in a balanced range, and the volume ratio is slightly below average, indicating no strong buying or selling pressure.",82.77,83.77,46.1,-0.729,1219605,0.94,10.3,15.0,2.67,-1.2,0,0.21,-0.06,0.28
Day-156,Qwen/Qwen2.5-7B-Instruct,ENTJ,static,flat,42,0.92,flat,81.73,82.56075402158754,9665.41303696073,3098.3426293126895,80.35079417163881,HOLD,0.0,"The current price and technical indicators suggest a neutral market, with the RSI indicating neither overbought nor oversold conditions. Given the medium volume and negative news sentiment, it's prudent to hold the position.",82.75,83.82,42.7,-0.7256,1305273,1.0,13.7,14.8,2.69,-1.28,0,-0.56,-0.31,-0.25
Day-157,Qwen/Qwen2.5-7B-Instruct,ENTJ,static,flat,42,0.92,flat,81.58,81.41401285955105,9653.360417834983,3098.3426293126895,80.35079417163881,HOLD,0.0,"The RSI indicates oversold conditions, but the negative news sentiment and low volume ratio suggest caution. The current trend is not strongly bullish, and a more significant breakout would be needed before taking action.",82.56,83.87,32.9,-0.726,1080182,0.83,9.9,15.0,2.66,-1.55,0,-0.11,-0.3,0.19
Day-158,Qwen/Qwen2.5-7B-Instruct,ENTJ,static,flat,42,0.92,flat,85.08,84.53476725673244,9934.588197435718,3098.3426293126895,80.35079417163881,HOLD,0.0,"The RSI is neutral, and the volume ratio is close to 1, indicating no significant buying or selling pressure. The current price is slightly above the short-term moving average, but the trend is not strong enough to warrant a trade.",82.68,83.92,62.8,-0.4388,1336822,1.04,12.0,15.1,2.65,-1.48,0,0.13,-0.18,0.31
Day-159,Qwen/Qwen2.5-7B-Instruct,ENTJ,static,flat,42,0.92,flat,85.32,85.36528804439305,9953.872388036913,3098.3426293126895,80.35079417163881,HOLD,0.0,"The RSI is neutral, and the volume ratio is slightly below average, suggesting a lack of significant buying or selling pressure. Given the current market conditions, it's prudent to hold the position.",82.82,83.97,62.2,-0.19,1089626,0.86,9.9,15.0,2.67,-1.37,0,0.06,-0.06,0.11
Day-160,Qwen/Qwen2.5-7B-Instruct,ENTJ,static,flat,42,0.92,flat,83.67,83.38041795070679,9821.293577653709,3098.3426293126895,80.35079417163881,HOLD,0.0,"The RSI is neutral and the price is slightly below the short-term moving average, indicating a potential for consolidation. Given the current market conditions, it's prudent to hold the position rather than make a new trade.",82.8,83.96,50.7,-0.1247,1346974,1.05,9.0,15.1,2.66,-1.38,0,0.13,-0.07,0.2
Day-161,Qwen/Qwen2.5-7B-Instruct,ENTJ,static,flat,42,0.92,flat,84.98,84.50786079652582,9926.553118018557,3098.3426293126895,80.35079417163881,HOLD,0.0,"The current price is slightly above the short-term moving average, and the RSI is neutral. Given the medium implied volatility and neutral news sentiment, there's no strong indication to make a trade at this moment.",82.91,84.0,53.8,0.033,1114799,0.87,8.9,15.1,2.65,-1.29,0,0.07,0.05,0.01
Day-162,Qwen/Qwen2.5-7B-Instruct,ENTJ,static,flat,42,0.92,flat,83.26,82.90131494273837,9788.349752043338,3098.3426293126895,80.35079417163881,HOLD,0.0,"The RSI is neutral and the volume ratio is slightly below average, indicating no strong buying or selling pressure. The current price is close to the short-term moving average, suggesting a potential consolidation phase.",82.9,84.07,52.7,0.0187,1058775,0.84,8.2,15.1,2.66,-1.39,0,0.38,0.15,0.23
Day-163,Qwen/Qwen2.5-7B-Instruct,ENTJ,static,flat,42,0.92,flat,84.71,84.2419163182671,9904.858403592212,3098.3426293126895,80.35079417163881,HOLD,0.0,"The RSI is neutral and the volume ratio is slightly below average, indicating a lack of significant buying or selling pressure. The current price is close to the short-term moving average, suggesting a potential consolidation phase rather than a clear trend.",82.89,84.16,65.5,0.1232,1082642,0.87,8.6,15.1,2.65,-1.51,0,-0.29,0.07,-0.36
Day-164,Qwen/Qwen2.5-7B-Instruct,ENTJ,static,flat,42,0.92,flat,86.54,86.24262348691632,10051.900356926311,3098.3426293126895,80.35079417163881,HOLD,0.0,"The RSI is slightly overbought, and the news sentiment is negative, suggesting a potential correction. Given the current holding value and cash balance, it's prudent to hold for now.",83.1,84.29,68.7,0.3493,1000996,0.82,12.0,15.1,2.66,-1.4,0,-0.2,0.02,-0.22
Day-165,Qwen/Qwen2.5-7B-Instruct,ENTJ,static,flat,42,0.92,flat,84.89,84.86407688463467,9919.32154654311,3098.3426293126895,80.35079417163881,HOLD,0.0,"The RSI is neutral, and the volume ratio is slightly above 1, indicating some buying interest but not overwhelming. Given the current market sentiment and the P/E ratio, it's prudent to hold the position.",83.21,84.31,60.4,0.3906,1359369,1.1,9.3,15.0,2.67,-1.31,0,-0.23,-0.05,-0.18
Day-166,Qwen/Qwen2.5-7B-Instruct,ENTJ,static,flat,42,0.92,flat,86.02,86.54100983126487,10010.117943957059,3098.3426293126895,80.35079417163881,HOLD,0.0,"The RSI is neutral, and the volume ratio is close to 1, indicating no significant buying or selling pressure. The current price is slightly above the short-term moving average, but the trend is not strong enough to warrant a trade.",83.34,84.35,61.7,0.5091,1366200,1.09,9.7,14.9,2.68,-1.2,0,0.25,-0.02,0.27
Day-167,Qwen/Qwen2.5-7B-Instruct,ENTJ,static,flat,42,0.92,flat,87.22,87.28459809229665,10106.538896963026,3098.3426293126895,80.35079417163881,HOLD,0.0,"The RSI is neutral and the price is close to the short-term moving averages, suggesting a lack of clear trend. The volume ratio is also neutral, and the news sentiment is slightly positive but not strong enough to warrant a trade.",83.49,84.41,65.9,0.6919,1257466,1.01,7.5,15.0,2.67,-1.08,0,0.27,-0.04,0.31
Day-168,Qwen/Qwen2.5-7B-Instruct,ENTJ,static,flat,42,0.92,flat,88.43,88.75814736351711,10203.76335791071,3098.3426293126895,80.35079417163881,HOLD,0.0,"The RSI is slightly overbought, and the volume ratio is below 1, indicating reduced buying interest. Given the current market conditions, it's prudent to hold the position to avoid potential losses.",83.79,84.49,69.3,0.9238,1080681,0.87,11.5,14.9,2.68,-0.83,0,0.14,0.04,0.09
Day-169,Qwen/Qwen2.5-7B-Instruct,ENTJ,static,flat,42,0.92,flat,93.02,92.21760768705359,10572.573503158532,6835.45806623561,40.175397085819405,SELL,0.5,"The RSI is above 70, indicating overbought conditions, and the volume ratio is below 1, suggesting lack of buying interest. Selling a portion of the holdings is advisable to avoid potential losses.",84.39,84.7,75.7,1.4609,1041777,0.84,11.1,15.1,2.64,-0.36,0,0.36,0.16,0.2
Day-170,Qwen/Qwen2.5-7B-Instruct,ENTJ,static,flat,42,0.92,flat,91.7,91.79366832508755,10519.54197900525,6835.45806623561,40.175397085819405,HOLD,0.0,"The RSI is slightly overbought, and the news sentiment is negative, suggesting potential for a correction. Given the current holdings and market conditions, it's prudent to hold and reassess.",84.91,84.84,71.7,1.7597,1009564,0.83,15.9,15.0,2.67,0.08,0,-0.35,0.13,-0.48
Day-171,Qwen/Qwen2.5-7B-Instruct,ENTJ,static,flat,42,0.92,flat,90.49,90.44741204776659,10470.92974853141,5468.366452988488,55.28305111661974,BUY,0.2,"The price is slightly above the 20 and 60-day SMA, indicating a slight upward trend. The RSI is in the overbought zone, suggesting potential for a pullback, but the overall sentiment is positive.",85.34,84.93,68.5,1.8775,1082874,0.9,11.3,15.0,2.67,0.48,0,0.5,0.18,0.32
Day-172,Qwen/Qwen2.5-7B-Instruct,ENTJ,static,flat,42,0.92,flat,89.14,88.87921479693902,10396.297629523971,3827.856517091942,73.68679731245265,BUY,0.3,"The price is slightly above the 20-day and 60-day moving averages, indicating a potential uptrend. The RSI is in the neutral zone, suggesting the stock is not overbought or oversold, making it a good entry point.",85.68,84.97,59.3,1.8406,1445427,1.2,14.3,15.0,2.66,0.83,0,0.46,0.22,0.24
Day-173,Qwen/Qwen2.5-7B-Instruct,ENTJ,static,flat,42,0.92,flat,87.48,87.46704599059733,10273.9775459853,3827.856517091942,73.68679731245265,HOLD,0.0,"The current price is slightly above the short-term and long-term moving averages, and the RSI is in a neutral range. Given the medium implied volatility and neutral news sentiment, there's no strong indication to make a trade at this moment.",85.95,85.01,54.6,1.6583,1120768,0.94,10.6,15.0,2.67,1.1,0,0.22,0.24,-0.02
Day-174,Qwen/Qwen2.5-7B-Instruct,ENTJ,static,flat,42,0.92,flat,87.95,87.35847636667839,10308.610340722153,3827.856517091942,73.68679731245265,HOLD,0.0,"The RSI is in a neutral range, and the volume ratio is normal, indicating no significant buying or selling pressure. The current trend is not strong enough to warrant a trade at this moment.",86.25,85.01,59.7,1.534,1177135,1.0,10.5,15.1,2.65,1.46,0,0.53,0.27,0.26
Day-175,Qwen/Qwen2.5-7B-Instruct,ENTJ,static,flat,42,0.92,flat,87.75,87.98295569926862,10293.872981259661,3827.856517091942,73.68679731245265,HOLD,0.0,"The current price and technical indicators suggest a neutral market, with the RSI and trend indicators not indicating a strong buy or sell signal. The volume ratio and news sentiment also do not support a significant market move at this time.",86.55,85.05,56.6,1.4032,1052672,0.9,11.1,15.0,2.67,1.77,0,-0.5,0.24,-0.74
Day-176,Qwen/Qwen2.5-7B-Instruct,ENTJ,static,flat,42,0.92,flat,88.57,88.49773216840728,10354.296155055872,3827.856517091942,73.68679731245265,HOLD,0.0,"The current market conditions show a slight downward trend and neutral RSI, suggesting no strong buying or selling signal. The P/E ratio is reasonable, but the implied volatility and news sentiment are not favorable for aggressive action.",86.89,85.08,63.2,1.3497,1111180,0.96,10.7,15.0,2.66,2.13,1,-0.16,0.11,-0.27
Day-177,Qwen/Qwen2.5-7B-Instruct,ENTJ,static,flat,42,0.92,flat,89.77,90.00098290619158,10442.720311830817,3827.856517091942,73.68679731245265,HOLD,0.0,"The current market conditions suggest a neutral trend with the RSI at 62.7, and the news sentiment is slightly negative. Given the medium-to-high risk appetite and the need for clear trends, it's prudent to hold the current position.",87.3,85.07,62.7,1.3881,1259612,1.08,9.5,15.0,2.67,2.62,1,-0.22,-0.02,-0.2
Day-178,Qwen/Qwen2.5-7B-Instruct,ENTJ,static,flat,42,0.92,flat,89.38,90.05140097873287,10413.98246087896,3827.856517091942,73.68679731245265,HOLD,0.0,"The current price is slightly above the short-term moving averages, and the RSI is in a neutral range. Given the medium implied volatility and the existing portfolio holdings, it is prudent to hold the current position.",87.52,85.07,57.7,1.3719,1303876,1.12,15.2,14.9,2.69,2.87,1,0.22,-0.02,0.24
Day-179,Qwen/Qwen2.5-7B-Instruct,ENTJ,static,flat,42,0.92,flat,92.48,92.73549590081015,10642.411532547565,3827.856517091942,73.68679731245265,HOLD,0.0,"The RSI is slightly overbought, and the news sentiment is negative, indicating potential for a pullback. Given the current holding value and cash balance, it's prudent to hold and reassess the situation.",87.87,85.17,69.1,1.5903,1122676,0.96,12.7,15.0,2.67,3.17,1,-0.32,-0.19,-0.12
Day-180,Qwen/Qwen2.5-7B-Instruct,ENTJ,static,flat,42,0.92,flat,92.25,92.27360898796701,10625.463569165699,3827.856517091942,73.68679731245265,HOLD,0.0,"The RSI is slightly overbought, and the trend indicators suggest a potential reversal. Given the current market sentiment and volume, it's prudent to hold the position and await further clarity.",88.3,85.25,66.5,1.7251,1028866,0.89,19.8,15.0,2.67,3.58,1,0.23,-0.05,0.28
Day-181,Qwen/Qwen2.5-7B-Instruct,ENTJ,static,flat,42,0.92,flat,97.16,97.46190244584865,10987.265743969841,3827.856517091942,73.68679731245265,HOLD,0.0,"The RSI is slightly overbought, and the implied volatility is moderate, suggesting potential for a correction. Given the current holding value and cash balance, it's prudent to hold and reassess after a potential pullback.",88.91,85.45,72.0,2.203,1195516,1.03,21.0,15.0,2.67,4.06,1,0.41,0.06,0.35
Day-182,Qwen/Qwen2.5-7B-Instruct,ENTJ,static,flat,42,0.92,flat,98.3,98.7187506368559,11071.268692906036,3827.856517091942,73.68679731245265,HOLD,0.0,"The RSI is slightly overbought, and the volume ratio is close to neutral, indicating potential consolidation. Given the current market conditions, it's prudent to hold the position and reassess after further price action.",89.66,85.71,71.9,2.6431,1117101,0.96,18.1,14.9,2.68,4.62,1,0.21,0.15,0.06
Day-183,Qwen/Qwen2.5-7B-Instruct,ENTJ,static,flat,42,0.92,flat,96.31,97.06994036031838,10924.631966254257,3827.856517091942,73.68679731245265,HOLD,0.0,"The current price and technical indicators suggest a neutral market condition. The RSI is in the middle range, and the volume ratio is slightly below 1, indicating lack of strong buying or selling pressure. Given the current portfolio status and market sentiment, it is prudent to hold the current positions.",90.24,85.94,58.2,2.799,1109776,0.95,16.2,14.9,2.69,5.01,1,0.09,0.12,-0.04
Day-184,Qwen/Qwen2.5-7B-Instruct,ENTJ,static,flat,42,0.92,flat,95.0,95.04152519036855,10828.102261774944,3827.856517091942,73.68679731245265,HOLD,0.0,"The current price is slightly above the short-term moving averages, and the RSI is in a neutral range. Given the medium-to-high implied volatility and negative news sentiment, it's prudent to hold the position for now.",90.67,86.19,58.3,2.7852,1479931,1.25,13.3,15.0,2.67,5.2,1,-0.3,0.13,-0.42
Day-185,Qwen/Qwen2.5-7B-Instruct,ENTJ,static,flat,42,0.92,flat,95.31,95.99185572478535,10850.945168941806,3827.856517091942,73.68679731245265,HOLD,0.0,"The current price and technical indicators suggest a neutral to slightly bullish trend, but the RSI is not overbought, and the volume ratio is slightly above 1, indicating some buying interest. Given the medium-to-high risk appetite and the need for clear signals, it's prudent to hold the position.",91.19,86.42,62.6,2.7667,1308150,1.11,13.6,14.9,2.69,5.52,1,-0.25,0.03,-0.28
Day-186,Qwen/Qwen2.5-7B-Instruct,ENTJ,static,flat,42,0.92,flat,95.84,95.59247427275153,10889.999171517404,3827.856517091942,73.68679731245265,HOLD,0.0,"The RSI is in the overbought range, and the implied volatility is low, suggesting that the current trend might be nearing a reversal. Given the medium volume ratio and the news sentiment, it's prudent to hold the position for now.",91.68,86.69,68.4,2.7632,1278439,1.08,9.8,15.0,2.66,5.75,1,0.37,0.02,0.35
Day-187,Qwen/Qwen2.5-7B-Instruct,ENTJ,static,flat,42,0.92,flat,97.02,96.9964234180001,10976.949592346098,3827.856517091942,73.68679731245265,HOLD,0.0,"The RSI indicates overbought conditions, and the implied volatility is low, suggesting limited potential for significant price movement. Given the current cash reserves and portfolio value, it's prudent to hold and reassess the situation.",92.17,86.93,76.9,2.8228,1207887,1.03,7.5,15.0,2.67,6.03,1,0.23,0.03,0.21
Day-188,Qwen/Qwen2.5-7B-Instruct,ENTJ,static,flat,42,0.92,flat,97.46,97.94820889730218,11009.371783163577,3827.856517091942,73.68679731245265,HOLD,0.0,"The RSI is above 70, indicating overbought conditions, and the implied volatility is low, suggesting limited potential for significant price movement. Given the current trend and volume ratio, it is prudent to hold the position.",92.62,87.22,76.8,2.8729,1214472,1.03,10.0,14.9,2.68,6.19,1,-0.01,0.01,-0.02
Day-189,Qwen/Qwen2.5-7B-Instruct,ENTJ,static,flat,42,0.92,flat,97.69,97.8349896150585,11026.319746545441,7427.088131818691,36.84339865622633,SELL,0.5,"The RSI is overbought at 78.0, indicating potential for a correction. Additionally, the negative news sentiment suggests a possible downturn in market sentiment.",92.85,87.52,78.0,2.8978,1270452,1.06,13.8,15.0,2.67,6.09,1,-0.13,0.04,-0.17
Day-190,Qwen/Qwen2.5-7B-Instruct,ENTJ,static,flat,42,0.92,flat,95.88,96.22088228851173,10959.633194977672,5198.961692273084,60.08209744164151,BUY,0.3,"The price is above the short-term and medium-term moving averages, indicating an upward trend. The RSI is in the overbought zone, suggesting potential for a pullback, but the overall sentiment is positive.",93.06,87.76,69.5,2.7397,1348214,1.11,13.6,14.9,2.68,6.04,1,-0.61,-0.03,-0.58
Day-191,Qwen/Qwen2.5-7B-Instruct,ENTJ,static,flat,42,0.92,flat,93.49,93.37741076581234,10816.036982092148,5198.961692273084,60.08209744164151,HOLD,0.0,"The price is slightly above the short-term moving average, and the RSI is in a neutral range. Given the current market sentiment and the medium implied volatility, it's prudent to hold the position rather than make a decisive move.",93.21,87.98,59.3,2.3938,1351073,1.1,10.5,15.0,2.66,5.95,1,-0.32,-0.17,-0.15
Day-192,Qwen/Qwen2.5-7B-Instruct,ENTJ,static,flat,42,0.92,flat,92.91,92.57500327590027,10781.189365575996,5198.961692273084,60.08209744164151,HOLD,0.0,"The RSI is neutral, and the volume ratio is close to 1, indicating stable trading activity. Given the current cash position and portfolio value, it's prudent to hold the current position without additional risk.",93.4,88.17,58.8,2.0494,1085846,0.9,7.5,15.1,2.66,5.94,1,0.57,-0.1,0.67
Day-193,Qwen/Qwen2.5-7B-Instruct,ENTJ,static,flat,42,0.92,flat,93.73,94.20253933560946,10830.456685478142,5198.961692273084,60.08209744164151,HOLD,0.0,"The RSI is neutral, and the implied volatility is low, suggesting no strong momentum or risk. The current price is close to the short-term moving average, indicating a potential consolidation phase.",93.71,88.34,53.5,1.8219,1250056,1.03,7.5,14.9,2.68,6.08,1,-0.38,-0.17,-0.21
Day-194,Qwen/Qwen2.5-7B-Instruct,ENTJ,static,flat,42,0.92,flat,94.69,94.63515392057545,10888.135499022119,5198.961692273084,60.08209744164151,HOLD,0.0,"The current price is slightly above the short-term and medium-term moving averages, and the RSI is in a neutral range. Given the medium-to-high implied volatility and the lack of significant news sentiment, it's prudent to hold the position.",94.05,88.59,56.6,1.6989,1205979,0.99,13.5,15.0,2.67,6.17,1,0.06,-0.14,0.19
Day-195,Qwen/Qwen2.5-7B-Instruct,ENTJ,static,flat,42,0.92,flat,92.28,92.33416617098882,10743.337644187763,5198.961692273084,60.08209744164151,HOLD,0.0,"The current RSI indicates a neutral market condition, and the volume ratio is slightly above 1, suggesting some buying interest. However, the trend is slightly downward, and the P/E ratio is within a reasonable range, making a decisive action less warranted at this moment.",94.28,88.78,34.8,1.391,1435263,1.16,10.6,15.0,2.67,6.19,1,0.3,0.05,0.26
Day-196,Qwen/Qwen2.5-7B-Instruct,ENTJ,static,flat,42,0.92,flat,92.92,92.68233151834305,10781.790186550414,5198.961692273084,60.08209744164151,HOLD,0.0,"The current RSI indicates oversold conditions, but the trend is showing a decline, and the news sentiment is negative. Given these factors, it's prudent to hold the position rather than make a decisive move.",94.49,88.97,32.7,1.1849,1315709,1.06,10.5,15.0,2.66,6.21,1,-0.38,0.03,-0.41
Day-197,Qwen/Qwen2.5-7B-Instruct,ENTJ,static,flat,42,0.92,flat,93.51,93.42735696693603,10817.238624040981,5198.961692273084,60.08209744164151,HOLD,0.0,"The RSI is in a neutral range, and the volume ratio is close to 1, indicating no significant buying or selling pressure. The current price is slightly above the 20-day SMA but below the 60-day SMA, suggesting a potential trend reversal. Given the medium implied volatility and neutral news sentiment, it's prudent to hold the position.",94.68,89.16,40.1,1.0574,1266252,1.02,11.8,15.0,2.66,6.2,1,0.06,-0.07,0.12
Day-198,Qwen/Qwen2.5-7B-Instruct,ENTJ,static,flat,42,0.92,flat,91.58,91.81788044675957,10701.280175978613,5198.961692273084,60.08209744164151,HOLD,0.0,"The RSI is in a neutral range, and the volume ratio is slightly below average, suggesting no strong buying or selling pressure. The current trend is slightly positive, but not strong enough to warrant a trade given the medium-to-high risk appetite.",94.79,89.34,38.4,0.7912,1057697,0.86,9.5,15.0,2.67,6.11,1,0.28,0.06,0.22
Day-199,Qwen/Qwen2.5-7B-Instruct,ENTJ,static,flat,42,0.92,flat,91.97,92.12824344466267,10724.712193980853,5198.961692273084,60.08209744164151,HOLD,0.0,"The current price and RSI indicate a neutral market condition. The trend is slightly downward, and there is no significant news sentiment to prompt a trade.",94.77,89.56,38.8,0.605,1302818,1.05,14.8,15.0,2.67,5.81,1,0.0,0.05,-0.05
Day-200,Qwen/Qwen2.5-7B-Instruct,ENTJ,static,flat,42,0.92,flat,91.91,92.26323405814998,10721.107268134354,5198.961692273084,60.08209744164151,HOLD,0.0,"The current RSI indicates a neutral to slightly oversold condition, and the volume ratio is below 1, suggesting limited buying interest. Given the medium implied volatility and the trend showing a slight downward pressure, it's prudent to hold the position for now.",94.75,89.77,36.4,0.4475,1058601,0.85,13.2,14.9,2.68,5.55,1,0.86,0.16,0.7
Day-201,Qwen/Qwen2.5-7B-Instruct,ENTJ,static,flat,42,0.92,flat,90.63,90.20513236646177,10644.202183409054,7921.581937841069,30.041048720820754,SELL,0.5,"The RSI is in oversold territory, indicating potential for a rebound. The volume ratio is slightly below 1, suggesting reduced buying interest. Selling a portion of the holdings allows for potential gains if the market reverses.",94.42,89.94,28.0,0.2166,1168603,0.94,11.8,15.1,2.65,4.98,1,-0.5,0.14,-0.64
Day-202,Qwen/Qwen2.5-7B-Instruct,ENTJ,static,flat,42,0.92,flat,90.89,90.88019244168241,10652.012856076468,3960.7909689205344,73.61890072786811,BUY,0.5,"The price is below the short-term moving average and the RSI indicates oversold conditions, suggesting potential for a rebound. The medium-to-high implied volatility also supports a trade opportunity.",94.05,90.11,27.1,0.0539,1071420,0.86,10.9,15.0,2.67,4.37,1,0.32,0.19,0.13
Day-203,Qwen/Qwen2.5-7B-Instruct,ENTJ,static,flat,42,0.92,flat,92.81,91.93278967273974,10793.361145473973,3960.7909689205344,73.61890072786811,HOLD,0.0,"The RSI indicates oversold conditions, but the trend is bearish with SMA20 and SMA60 diverging. The current volume ratio and news sentiment are neutral, suggesting caution before making a move.",93.88,90.33,34.8,0.0795,1346036,1.08,13.9,15.1,2.64,3.93,1,-0.05,0.13,-0.18
Day-204,Qwen/Qwen2.5-7B-Instruct,ENTJ,static,flat,42,0.92,flat,93.95,93.97406010878952,10877.286692303744,3960.7909689205344,73.61890072786811,HOLD,0.0,"The current price is slightly above the short-term moving average, and the RSI is neutral. Given the medium implied volatility and news sentiment, there's no strong indication to make a trade at this moment.",93.82,90.57,43.7,0.1889,1103126,0.9,13.9,15.0,2.67,3.59,1,0.23,0.17,0.06
Day-205,Qwen/Qwen2.5-7B-Instruct,ENTJ,static,flat,42,0.92,flat,95.77,96.00447730156733,11011.273091628464,3960.7909689205344,73.61890072786811,HOLD,0.0,"The current price is slightly above the short-term moving average, and the RSI is in a neutral range. Given the medium implied volatility and the lack of significant news sentiment, it's prudent to hold the position for now.",93.85,90.85,57.7,0.4179,1195929,0.97,10.0,15.0,2.67,3.3,1,0.13,0.03,0.11
Day-206,Qwen/Qwen2.5-7B-Instruct,ENTJ,static,flat,42,0.92,flat,92.92,93.42336191980559,10801.459224554039,3960.7909689205344,73.61890072786811,HOLD,0.0,"The RSI is neutral, and the price is slightly above the 20-day SMA but below the 60-day SMA, indicating a potential consolidation phase. Given the current market sentiment and volatility, it's prudent to hold the position.",93.7,91.07,50.0,0.3656,1447837,1.17,9.9,14.9,2.68,2.89,1,-0.22,0.08,-0.3
Day-207,Qwen/Qwen2.5-7B-Instruct,ENTJ,static,flat,42,0.92,flat,91.11,91.71490810294841,10668.209014236598,3960.7909689205344,73.61890072786811,HOLD,0.0,"The current price is slightly below the short-term moving average, but the RSI is neutral and the volume ratio is low, indicating lack of significant buying interest. Given the medium implied volatility and neutral news sentiment, it's prudent to hold the position.",93.41,91.26,42.7,0.1757,1102158,0.9,10.1,14.9,2.68,2.35,1,0.07,0.03,0.04
Day-208,Qwen/Qwen2.5-7B-Instruct,ENTJ,static,flat,42,0.92,flat,92.23,92.69232230634455,10750.66218305181,3960.7909689205344,73.61890072786811,HOLD,0.0,"The RSI is neutral, and the volume ratio is close to 1, indicating no significant buying or selling pressure. The current price is slightly above the short-term moving average but below the long-term moving average, suggesting a potential trend reversal. Given the current market sentiment and the lack of strong momentum, it is prudent to hold the position.",93.14,91.41,43.2,0.114,1253902,1.02,8.8,14.9,2.68,1.9,0,-0.56,-0.07,-0.49
Day-209,Qwen/Qwen2.5-7B-Instruct,ENTJ,static,flat,42,0.92,flat,93.77,93.67781220913078,10864.035290172727,3960.7909689205344,73.61890072786811,HOLD,0.0,"The current RSI is neutral, and the volume ratio is close to 1, indicating stable trading activity. Given the medium implied volatility and the neutral news sentiment, there's no strong indication to alter the current position.",92.95,91.58,54.3,0.1874,1209635,0.98,10.2,15.0,2.66,1.5,0,0.18,-0.08,0.26
Day-210,Qwen/Qwen2.5-7B-Instruct,ENTJ,static,flat,42,0.92,flat,94.85,94.67616877780732,10943.543702958825,3960.7909689205344,73.61890072786811,HOLD,0.0,"The RSI is neutral and the volume ratio is slightly below average, indicating no strong buying or selling pressure. The current price is close to the short-term moving averages, suggesting a consolidation phase.",92.9,91.8,55.4,0.3288,1009062,0.83,10.0,15.0,2.66,1.19,0,0.09,-0.09,0.18
Day-211,Qwen/Qwen2.5-7B-Instruct,ENTJ,static,flat,42,0.92,flat,101.67,102.29051474642002,11445.624605922885,3960.7909689205344,73.61890072786811,HOLD,0.0,"The RSI is in the overbought range, and the implied volatility is low, suggesting that the current trend might be nearing a reversal. Given the medium volume ratio and the slight negative trend in SMAs, it's prudent to hold rather than make a decisive move.",93.3,92.13,67.0,0.9803,1396379,1.15,11.7,14.9,2.68,1.27,0,0.19,-0.01,0.2
Day-212,Qwen/Qwen2.5-7B-Instruct,ENTJ,static,flat,42,0.92,flat,103.81,103.4961857010457,11603.169053480524,3960.7909689205344,73.61890072786811,HOLD,0.0,"The RSI is above 70, indicating overbought conditions, and the volume ratio is below 1, suggesting lackluster trading activity. Given these factors, it's prudent to hold rather than act on the current market conditions.",93.85,92.54,75.2,1.6504,1034522,0.85,10.6,15.0,2.66,1.41,0,0.32,0.04,0.27
Day-213,Qwen/Qwen2.5-7B-Instruct,ENTJ,static,flat,42,0.92,flat,105.69,105.90538187865508,11741.572586848913,7851.181777884724,36.809450363934054,SELL,0.5,"The RSI is overbought at 76.7, indicating potential for a correction. Additionally, the implied volatility is relatively low, suggesting reduced market uncertainty and less potential for price swings.",94.45,92.96,76.7,2.3063,1237127,1.02,13.4,15.0,2.67,1.6,0,0.11,0.18,-0.07
Day-214,Qwen/Qwen2.5-7B-Instruct,ENTJ,static,flat,42,0.92,flat,108.03,107.9778492951798,11827.70670070052,7851.181777884724,36.809450363934054,SELL,0.0,"The RSI is overbought at 78.8, indicating potential for a correction. Given the current holdings, it's prudent to reduce exposure to avoid potential losses.",95.11,93.39,78.8,2.9804,1280339,1.05,10.2,15.0,2.67,1.84,0,0.04,0.15,-0.11
Day-215,Qwen/Qwen2.5-7B-Instruct,ENTJ,static,flat,42,0.92,flat,110.31,109.42659202703943,11911.63224753029,7851.181777884724,36.809450363934054,SELL,0.0,"The RSI is overbought at 83.9, indicating potential for a correction. Additionally, the negative news sentiment suggests a possible downturn in the near future.",96.02,93.9,83.9,3.6569,1314213,1.09,16.5,15.1,2.65,2.25,1,-0.26,0.08,-0.34
Day-216,Qwen/Qwen2.5-7B-Instruct,ENTJ,static,flat,42,0.92,flat,109.21,108.77141249610456,11871.141852129962,7851.181777884724,36.809450363934054,SELL,0.0,"The RSI is overbought at 80.7, indicating potential for a correction. Additionally, the negative news sentiment suggests a possible downturn in market perception.",96.83,94.37,80.7,4.0572,1344315,1.11,14.7,15.1,2.66,2.61,1,-0.21,-0.0,-0.21
Day-217,Qwen/Qwen2.5-7B-Instruct,ENTJ,static,flat,42,0.92,flat,110.31,110.4682259355092,11911.63224753029,7851.181777884724,36.809450363934054,SELL,0.0,"The RSI is overbought at 80.1, indicating potential for a correction. Given the current holdings, it's prudent to reduce exposure to this asset.",97.67,94.83,80.1,4.412,1126636,0.94,18.1,15.0,2.67,3.0,1,0.36,0.01,0.35
Day-218,Qwen/Qwen2.5-7B-Instruct,ENTJ,static,flat,42,0.92,flat,108.4,108.80653829313309,11841.326197335176,5888.386333413543,54.91641940887115,BUY,0.25,"The price is slightly above the trend lines, and the RSI is in the overbought zone, indicating potential for a pullback. However, the P/E ratio is reasonable, and the volume ratio suggests moderate interest. Given the medium-to-high risk appetite, a small position can be initiated to capitalize on potential corrections.",98.51,95.23,74.3,4.4881,1004989,0.84,13.5,14.9,2.68,3.45,1,0.43,0.07,0.36
Day-219,Qwen/Qwen2.5-7B-Instruct,ENTJ,static,flat,42,0.92,flat,107.43,108.32490114930809,11788.057270508572,5888.386333413543,54.91641940887115,HOLD,0.0,"The RSI is in the overbought zone, and the trend indicators suggest a potential reversal. Given the current market sentiment and volume ratio, it's prudent to hold the position and await further confirmation.",99.29,95.51,70.2,4.4191,1361721,1.13,12.4,14.9,2.69,3.95,1,-0.07,0.05,-0.12
Day-220,Qwen/Qwen2.5-7B-Instruct,ENTJ,static,flat,42,0.92,flat,107.05,107.31063765849854,11767.189031133199,8827.78768227337,27.458209704435575,SELL,0.5,"The RSI is overbought, indicating potential for a correction. The trend is declining, suggesting a sell signal.",100.04,95.82,76.7,4.2841,1267828,1.04,10.9,15.0,2.67,4.4,1,0.01,0.1,-0.09
Day-221,Qwen/Qwen2.5-7B-Instruct,ENTJ,static,flat,42,0.92,flat,107.46,107.51875171550127,11778.446897112019,7062.230145818697,43.88811419405659,BUY,0.2,"The RSI indicates overbought conditions, but the trend lines suggest a potential reversal. The P/E ratio is reasonable, and the volume ratio is slightly above average, indicating some buying interest. A medium-to-high risk appetite and the potential for a trend change warrant a cautious buy.",100.88,96.16,82.6,4.1618,1418058,1.16,9.0,15.0,2.67,4.91,1,-0.27,0.09,-0.36
Day-222,Qwen/Qwen2.5-7B-Instruct,ENTJ,static,flat,42,0.92,flat,112.38,112.64693273701714,11994.376418946777,5649.784116654957,56.45659638985424,BUY,0.2,"The RSI is overbought, indicating potential for a correction, but the trend is still positive with SMA20/60 showing upward momentum. The P/E ratio is reasonable, and the implied volatility is low, suggesting potential for gains.",101.96,96.63,84.9,4.411,1410694,1.13,8.2,15.0,2.67,5.52,1,0.35,0.09,0.26
Day-223,Qwen/Qwen2.5-7B-Instruct,ENTJ,static,flat,42,0.92,flat,108.51,108.55024294341243,11775.88939091804,5649.784116654957,56.45659638985424,HOLD,0.0,"The RSI is in the overbought zone, and the implied volatility is low, suggesting potential for a correction. Given the current trend and volume ratio, it's prudent to hold rather than take a position.",102.74,97.05,73.6,4.248,1421663,1.14,8.1,15.0,2.67,5.87,1,0.2,0.04,0.16
Day-224,Qwen/Qwen2.5-7B-Instruct,ENTJ,static,flat,42,0.92,flat,110.1,110.08340857238707,11865.655379177908,5649.784116654957,56.45659638985424,HOLD,0.0,"The RSI is in the overbought zone, and the implied volatility is low, suggesting potential for a pullback. Given the current cash position, it's prudent to hold and wait for a clearer trend or a more favorable entry point.",103.55,97.49,74.1,4.1988,1242547,0.99,8.3,15.0,2.67,6.22,1,0.58,0.18,0.41
Day-225,Qwen/Qwen2.5-7B-Instruct,ENTJ,static,flat,42,0.92,flat,106.57,106.62137640797124,11666.363593921724,5649.784116654957,56.45659638985424,HOLD,0.0,"The current market conditions suggest a neutral trend with RSI at 58.6, and the implied volatility is low at 7.5%. Given the medium volume ratio and negative news sentiment, it's prudent to hold the position for now.",104.09,97.87,58.6,3.83,1166814,0.93,7.5,15.0,2.67,6.36,1,-0.26,0.12,-0.38
Day-226,Qwen/Qwen2.5-7B-Instruct,ENTJ,static,flat,42,0.92,flat,105.35,105.65144101307735,11597.486546326101,5649.784116654957,56.45659638985424,HOLD,0.0,"The current price is slightly above the short-term moving average, and the RSI is neutral. Given the medium implied volatility and negative news sentiment, it's prudent to hold the position for now.",104.71,98.2,52.8,3.4007,1395779,1.12,13.8,15.0,2.67,6.63,1,-0.11,0.15,-0.26
Day-227,Qwen/Qwen2.5-7B-Instruct,ENTJ,static,flat,42,0.92,flat,108.11,108.01006264334355,11753.3067523621,5649.784116654957,56.45659638985424,HOLD,0.0,"The current price is slightly above the short-term and medium-term trends, and the RSI is in a neutral range. Given the medium implied volatility and neutral news sentiment, there is no strong indication to make a trade at this moment.",105.56,98.57,54.3,3.2454,1225647,0.98,17.4,15.0,2.66,7.1,1,0.07,0.09,-0.03
Day-228,Qwen/Qwen2.5-7B-Instruct,ENTJ,static,flat,42,0.92,flat,108.39,108.1814592873035,11769.114599351258,5649.784116654957,56.45659638985424,HOLD,0.0,"The current price is slightly above the short-term moving average, and the RSI is neutral. Given the medium implied volatility and the low news sentiment, there is no clear trend to capitalize on, making it prudent to hold the current position.",106.37,98.95,50.7,3.1092,1091721,0.87,14.2,15.0,2.66,7.5,1,0.19,0.09,0.1
Day-229,Qwen/Qwen2.5-7B-Instruct,ENTJ,static,flat,42,0.92,flat,105.54,105.90633805297848,11608.213299640174,5649.784116654957,56.45659638985424,HOLD,0.0,"The current price is slightly above the short-term moving average but below the long-term moving average, indicating a potential consolidation phase. The RSI is neutral, and the volume ratio is slightly above 1, suggesting some buying interest but not overwhelming. Given the medium-to-high risk appetite and the need for clear trend confirmation, it's prudent to hold.",106.96,99.21,41.1,2.7397,1427487,1.13,10.1,14.9,2.68,7.81,1,-0.06,-0.04,-0.03
Day-230,Qwen/Qwen2.5-7B-Instruct,ENTJ,static,flat,42,0.92,flat,104.79,104.43334552650627,11565.870852347784,5649.784116654957,56.45659638985424,HOLD,0.0,"The current price is slightly below the 20-day SMA but above the 60-day SMA, indicating a potential trend reversal. The RSI is neutral, and the volume ratio is slightly above 1, suggesting some buying interest. However, the implied volatility is low, and the news sentiment is negative, which may dampen potential gains.",107.46,99.46,41.7,2.3592,1441279,1.13,7.6,15.1,2.66,8.04,1,-0.26,-0.04,-0.23
Day-231,Qwen/Qwen2.5-7B-Instruct,ENTJ,static,flat,42,0.92,flat,105.87,105.89425279530906,11626.843976448825,5649.784116654957,56.45659638985424,HOLD,0.0,"The current price is slightly below the 20-day SMA but above the 60-day SMA, indicating a potential trend reversal. The RSI is neutral, and the volume ratio is close to 1, suggesting stable trading activity. Given the medium implied volatility and neutral news sentiment, it's prudent to hold the position for further confirmation.",107.67,99.63,41.6,2.1202,1233154,0.97,8.1,15.0,2.67,8.06,1,0.26,0.04,0.22
Day-232,Qwen/Qwen2.5-7B-Instruct,ENTJ,static,flat,42,0.92,flat,104.4,104.389975256414,11543.85277975574,5649.784116654957,56.45659638985424,HOLD,0.0,"The current price is slightly below the 20-day SMA, but the RSI is neutral and the volume ratio is low, indicating a lack of significant buying interest. Given the medium implied volatility and neutral news sentiment, it's prudent to hold the position.",107.69,99.76,42.3,1.7913,1037849,0.82,10.3,15.0,2.67,7.96,1,0.22,0.07,0.15
Day-233,Qwen/Qwen2.5-7B-Instruct,ENTJ,static,flat,42,0.92,flat,105.07,104.87433461157917,11581.678699336942,5649.784116654957,56.45659638985424,HOLD,0.0,"The current price is slightly below the 20-day SMA but above the 60-day SMA, indicating a potential trend reversal. The RSI is neutral, and the volume ratio is close to 1, suggesting stable trading activity. Given the medium implied volatility and the slight negative news sentiment, it's prudent to hold the position for now.",107.66,99.93,45.4,1.5671,1193913,0.94,8.3,15.0,2.66,7.74,1,-0.27,-0.02,-0.25
Day-234,Qwen/Qwen2.5-7B-Instruct,ENTJ,static,flat,42,0.92,flat,105.11,105.00146022647809,11583.936963192536,4237.338087491218,69.89438565028368,BUY,0.25,"The price is below the 20-day SMA, indicating a potential buying opportunity. The RSI is neutral, and the implied volatility is low, suggesting the stock may have room to grow.",107.52,100.13,46.2,1.3763,1401768,1.1,13.3,15.0,2.66,7.37,1,0.41,0.07,0.34
Day-235,Qwen/Qwen2.5-7B-Instruct,ENTJ,static,flat,42,0.92,flat,104.03,103.67305547906045,11508.451026690229,4237.338087491218,69.89438565028368,HOLD,0.0,"The current price is slightly below the 20-day SMA but above the 60-day SMA, indicating a potential consolidation phase. The RSI is neutral, and the volume ratio is slightly above 1, suggesting some buying interest but not a strong trend. Given the medium-to-high implied volatility, it's prudent to hold for now.",107.2,100.31,43.4,1.1251,1450887,1.13,11.1,15.1,2.66,6.87,1,0.35,0.19,0.16
Day-236,Qwen/Qwen2.5-7B-Instruct,ENTJ,static,flat,42,0.92,flat,108.35,108.24759308058889,11810.394772699456,4237.338087491218,69.89438565028368,HOLD,0.0,"The current price is slightly above the short-term and long-term moving averages, and the RSI is neutral. Given the medium implied volatility and low news sentiment, there's no strong indication to make a trade at this moment.",107.16,100.56,42.1,1.2604,1101736,0.87,10.7,15.0,2.66,6.57,1,0.04,0.15,-0.11
Day-237,Qwen/Qwen2.5-7B-Instruct,ENTJ,static,flat,42,0.92,flat,109.46,109.66162761699812,11887.97754077127,4237.338087491218,69.89438565028368,HOLD,0.0,"The current price is slightly above the short-term moving average, and the RSI is neutral. Given the medium implied volatility and low news sentiment, there is no strong indication to make a trade at this time.",107.12,100.81,52.1,1.4408,1033486,0.82,9.7,15.0,2.67,6.26,1,0.02,0.11,-0.09
Day-238,Qwen/Qwen2.5-7B-Instruct,ENTJ,static,flat,42,0.92,flat,105.51,105.34036305198791,11611.89471745265,4237.338087491218,69.89438565028368,HOLD,0.0,"The current price is slightly below the 20-day SMA but above the 60-day SMA, indicating a potential consolidation phase. The RSI is neutral, and the volume ratio is slightly above 1, suggesting some buying interest. Given the medium implied volatility and the P/E ratio, it's prudent to hold and monitor the trend without immediate action.",106.97,100.97,40.8,1.2502,1438675,1.12,13.9,15.0,2.66,5.95,1,0.17,0.2,-0.03
Day-239,Qwen/Qwen2.5-7B-Instruct,ENTJ,static,flat,42,0.92,flat,105.19,105.76564463789812,11589.52851404456,4237.338087491218,69.89438565028368,HOLD,0.0,"The current price is slightly above the short-term moving average but below the long-term moving average, indicating a potential consolidation phase. The RSI is neutral, and the news sentiment is slightly negative, suggesting caution.",106.86,101.12,46.9,1.0609,1194702,0.93,15.2,14.9,2.68,5.68,1,-0.26,0.06,-0.32
Day-240,Qwen/Qwen2.5-7B-Instruct,ENTJ,static,flat,42,0.92,flat,104.47,104.40629990309344,11539.204556376353,4237.338087491218,69.89438565028368,HOLD,0.0,"The current price is slightly below the 20-day SMA but above the 60-day SMA, indicating a potential consolidation. The RSI is neutral, and the volume ratio is close to 1, suggesting no significant buying or selling pressure. Given the medium implied volatility and lack of strong news sentiment, it's prudent to hold the position.",106.73,101.29,47.9,0.8433,1270880,0.99,17.2,15.0,2.67,5.37,1,0.01,-0.0,0.01
Day-241,Qwen/Qwen2.5-7B-Instruct,ENTJ,static,flat,42,0.92,flat,106.22,106.23341316431647,11661.51973126435,4237.338087491218,69.89438565028368,HOLD,0.0,"The current price is slightly below the 20-day SMA but above the 60-day SMA, indicating a potential trend reversal. The RSI is neutral, and the volume ratio is slightly above 1, suggesting some buying interest. However, the news sentiment is negative, which could impact the stock. Given the medium-to-high risk appetite and the current market conditions, it's prudent to hold the position.",106.67,101.54,45.4,0.8028,1484032,1.16,13.1,15.0,2.67,5.05,1,-0.65,-0.14,-0.5
Day-242,Qwen/Qwen2.5-7B-Instruct,ENTJ,static,flat,42,0.92,flat,104.5,104.59421764419415,11541.301387945863,4237.338087491218,69.89438565028368,HOLD,0.0,"The current price is slightly below the 20-day SMA but above the 60-day SMA, indicating a potential consolidation phase. The RSI is neutral, and the volume ratio is low, suggesting caution. Given the current market sentiment, it's prudent to hold rather than make a decisive move.",106.28,101.78,41.1,0.6247,1033282,0.82,13.9,15.0,2.67,4.42,1,0.26,-0.09,0.36
Day-243,Qwen/Qwen2.5-7B-Instruct,ENTJ,static,flat,42,0.92,flat,104.31,104.38578849180742,11528.02145467231,4237.338087491218,69.89438565028368,HOLD,0.0,"The current price is slightly below the 20-day SMA but above the 60-day SMA, indicating a potential trend reversal. The RSI is neutral, and the volume ratio is close to 1, suggesting no significant buying or selling pressure. Given the medium-to-high implied volatility and negative news sentiment, it's prudent to hold the position.",106.07,101.99,46.8,0.4631,1324159,1.05,17.3,15.0,2.67,4.0,1,-0.47,-0.22,-0.25
Day-244,Qwen/Qwen2.5-7B-Instruct,ENTJ,static,flat,42,0.92,flat,104.59,105.47703866100824,11547.59188265439,4237.338087491218,69.89438565028368,HOLD,0.0,"The current price is slightly below the 20-day SMA but above the 60-day SMA, indicating a potential consolidation. The RSI is neutral, and the volume ratio is low, suggesting caution. Given the medium implied volatility and news sentiment, it's prudent to hold the position.",105.79,102.19,49.5,0.3534,1037052,0.83,14.2,14.9,2.69,3.53,1,0.45,-0.08,0.53
Day-245,Qwen/Qwen2.5-7B-Instruct,ENTJ,static,flat,42,0.92,flat,107.08,107.35148850002435,11721.628902923596,4237.338087491218,69.89438565028368,HOLD,0.0,"The current price is slightly above the short-term and medium-term moving averages, and the RSI is neutral. Given the medium-to-high implied volatility and negative news sentiment, it's prudent to hold the position for now.",105.82,102.48,53.0,0.4622,1187734,0.95,14.8,15.0,2.67,3.25,1,-0.1,-0.1,0.0
Day-246,Qwen/Qwen2.5-7B-Instruct,ENTJ,static,flat,42,0.92,flat,104.87,104.83654909008749,11567.162310636468,4237.338087491218,69.89438565028368,HOLD,0.0,"The current price is slightly below the 20-day SMA but above the 60-day SMA, indicating a potential consolidation phase. The RSI is neutral, and the volume ratio is slightly above 1, suggesting some buying interest. Given the medium-to-high risk appetite and the need for clear trend confirmation, it's prudent to hold.",105.79,102.72,51.1,0.3657,1401907,1.12,10.5,15.0,2.67,2.99,1,-0.06,0.02,-0.08
Day-247,Qwen/Qwen2.5-7B-Instruct,ENTJ,static,flat,42,0.92,flat,104.21,104.16877676324093,11521.032016107281,4237.338087491218,69.89438565028368,HOLD,0.0,"The current price is slightly below the 20-day SMA but above the 60-day SMA, indicating a potential consolidation phase. The RSI is neutral, and the volume ratio is close to 1, suggesting no significant buying or selling pressure.",105.6,102.93,47.9,0.2336,1216736,0.97,8.1,15.0,2.67,2.59,1,-0.19,-0.07,-0.11
Day-248,Qwen/Qwen2.5-7B-Instruct,ENTJ,static,flat,42,0.92,flat,102.88,103.2149318455601,11428.072483192402,4237.338087491218,69.89438565028368,HOLD,0.0,"The current price is slightly below the short-term moving average, but the RSI is neutral and the implied volatility is low, suggesting no strong buying or selling pressure. Given the medium volume ratio and negative news sentiment, it's prudent to hold the position.",105.32,103.16,45.0,0.0214,1498591,1.18,9.7,15.0,2.68,2.1,1,-0.09,0.0,-0.09
Day-249,Qwen/Qwen2.5-7B-Instruct,ENTJ,static,flat,42,0.92,flat,102.32,101.90560527849388,11388.931627228245,4237.338087491218,69.89438565028368,HOLD,0.0,"The RSI is neutral and the volume ratio is close to 1, indicating no significant buying or selling pressure. The current price is slightly above the short-term moving average but below the long-term, suggesting a neutral trend. Given these conditions, it is prudent to hold the position.",105.16,103.37,46.0,-0.1905,1279529,1.01,9.7,15.1,2.66,1.73,0,0.43,-0.0,0.43
Day-250,Qwen/Qwen2.5-7B-Instruct,ENTJ,static,flat,42,0.92,flat,105.2,105.59975288457369,11590.227457901063,4237.338087491218,69.89438565028368,HOLD,0.0,"The current market sentiment and technical indicators suggest a neutral to slightly bearish trend. Given the medium volume ratio and RSI not indicating overbought or oversold conditions, it's prudent to hold the current position.",105.18,103.63,42.2,-0.1242,1160581,0.93,13.9,14.9,2.68,1.49,0,-0.75,-0.13,-0.61
Day-251,Qwen/Qwen2.5-7B-Instruct,ENTJ,static,flat,42,0.92,flat,107.02,106.49048786941407,11717.435239784578,4237.338087491218,69.89438565028368,HOLD,0.0,"The current price and technical indicators suggest a neutral market sentiment. The RSI is in a neutral range, and the volume ratio is slightly below average, indicating lack of significant buying or selling pressure. Given the current cash reserves and portfolio value, it is prudent to hold the current position.",105.24,103.96,44.1,0.0743,1110055,0.89,16.4,15.1,2.65,1.23,0,0.38,-0.04,0.43
Day-252,Qwen/Qwen2.5-7B-Instruct,ENTJ,static,flat,42,0.92,flat,104.12,103.86977865887663,11514.741521398755,4237.338087491218,69.89438565028368,HOLD,0.0,"The current price is slightly below the short-term moving average, but the RSI is neutral and the volume ratio is low, indicating a lack of significant buying interest. Given the medium implied volatility and neutral news sentiment, it's prudent to hold the position for now.",105.22,104.23,46.5,-0.0022,1175260,0.94,17.7,15.0,2.66,0.96,0,0.1,0.02,0.09
Day-253,Qwen/Qwen2.5-7B-Instruct,ENTJ,static,flat,42,0.92,flat,105.5,105.82589304272487,11611.195773596148,4237.338087491218,69.89438565028368,HOLD,0.0,"The current price is slightly above the short-term and long-term moving averages, and the RSI is neutral. Given the medium implied volatility and negative news sentiment, it's prudent to hold the position for now.",105.25,104.48,50.7,0.0478,1186266,0.95,15.2,15.0,2.67,0.73,0,-0.36,-0.04,-0.32
Day-254,Qwen/Qwen2.5-7B-Instruct,ENTJ,static,flat,42,0.92,flat,111.18,110.44728509604182,12008.195884089759,4237.338087491218,69.89438565028368,HOLD,0.0,"The current price is slightly above the short-term moving average, and the RSI is in a neutral range. Given the medium implied volatility and negative news sentiment, it's prudent to hold the position for now.",105.55,104.82,63.0,0.5398,1034356,0.84,12.4,15.1,2.65,0.69,0,-0.32,-0.19,-0.13
Day-255,Qwen/Qwen2.5-7B-Instruct,ENTJ,static,flat,42,0.92,flat,112.35,112.78548530226816,12089.972315300589,4237.338087491218,69.89438565028368,HOLD,0.0,"The RSI is in a neutral range, and the volume ratio is close to 1, indicating stable trading activity. Given the current market conditions, it's prudent to hold the position rather than making a new trade.",105.97,105.16,62.1,1.0124,1184787,0.97,10.9,14.9,2.68,0.77,0,0.5,0.06,0.44
Day-256,Qwen/Qwen2.5-7B-Instruct,ENTJ,static,flat,42,0.92,flat,109.71,109.44260483353767,11905.451137183842,4237.338087491218,69.89438565028368,HOLD,0.0,"The current price and technical indicators suggest a neutral market condition. The RSI is in the middle range, and the volume ratio is close to 1, indicating no significant buying or selling pressure. Given the medium-to-high risk appetite, it's prudent to hold the current position until clearer signals emerge.",106.03,105.49,60.0,1.1606,1232119,1.01,8.8,15.0,2.66,0.51,0,-0.28,-0.07,-0.21
Day-257,Qwen/Qwen2.5-7B-Instruct,ENTJ,static,flat,42,0.92,flat,108.71,108.42032523636558,11835.556751533557,4237.338087491218,69.89438565028368,HOLD,0.0,"The current market conditions suggest a neutral trend with RSI at 58.1 and a slight negative news sentiment. Given the medium-to-high risk appetite and the existing portfolio, it is prudent to hold the current positions.",106.0,105.84,58.1,1.1834,1361368,1.1,8.6,15.0,2.66,0.14,0,-0.35,-0.16,-0.18
Day-258,Qwen/Qwen2.5-7B-Instruct,ENTJ,static,flat,42,0.92,flat,111.03,111.235969539424,11997.711726242214,4237.338087491218,69.89438565028368,HOLD,0.0,"The current price and technical indicators suggest a neutral market condition. The RSI is in the middle range, and the volume ratio is close to 1, indicating no significant buying or selling pressure. Given the medium cash balance and holdings, it's prudent to hold the current position.",106.27,106.22,61.1,1.3733,1328364,1.08,9.1,15.0,2.67,0.05,0,0.34,-0.02,0.36
Day-259,Qwen/Qwen2.5-7B-Instruct,ENTJ,static,flat,42,0.92,flat,110.05,109.70559923087751,11929.215228304936,4237.338087491218,69.89438565028368,HOLD,0.0,"The current price and technical indicators suggest a neutral market sentiment. The RSI is in a neutral range, and the volume ratio is close to 1, indicating no significant buying or selling pressure.",106.52,106.55,55.4,1.4282,1354382,1.09,7.5,15.0,2.66,-0.03,0,0.1,0.06,0.04
Day-260,Qwen/Qwen2.5-7B-Instruct,ENTJ,static,flat,42,0.92,flat,110.64,110.71693353853512,11970.452915838605,4237.338087491218,69.89438565028368,HOLD,0.0,"The current price is slightly above the short-term moving averages, and the RSI is in a neutral range. Given the medium implied volatility and negative news sentiment, it's prudent to hold the position for now.",106.82,106.86,61.1,1.5014,1004181,0.82,9.8,15.0,2.67,-0.03,0,-0.28,-0.09,-0.19
Day-261,Qwen/Qwen2.5-7B-Instruct,ENTJ,static,flat,42,0.92,flat,112.57,112.47933061666417,12105.349080143653,4237.338087491218,69.89438565028368,HOLD,0.0,"The current market conditions indicate a neutral trend with an RSI of 65.4, which suggests the market is neither overbought nor oversold. Given the medium-to-high risk appetite and the existing portfolio, it is prudent to hold the current positions without making immediate changes.",107.14,107.08,65.4,1.6958,1108833,0.92,9.3,15.0,2.66,0.06,0,0.06,-0.02,0.09
Day-262,Qwen/Qwen2.5-7B-Instruct,ENTJ,static,flat,42,0.92,flat,110.52,110.44645876633439,11962.06558956057,4237.338087491218,69.89438565028368,HOLD,0.0,"The current price is slightly above the short-term moving averages, and the RSI is in a neutral range. Given the medium implied volatility and the negative news sentiment, it's prudent to hold the position for now.",107.44,107.21,63.7,1.6652,1330842,1.09,8.2,15.0,2.66,0.21,0,-0.31,-0.02,-0.29
Day-263,Qwen/Qwen2.5-7B-Instruct,ENTJ,static,flat,42,0.92,flat,110.31,110.34814918747435,11947.387768574012,4237.338087491218,69.89438565028368,HOLD,0.0,"The current price is slightly above the short-term moving averages, and the RSI is in a neutral range. Given the medium implied volatility and the existing portfolio value, it's prudent to hold the current positions without immediate action.",107.74,107.31,64.5,1.6054,1241994,1.02,9.2,15.0,2.67,0.41,0,0.33,-0.02,0.35
Day-264,Qwen/Qwen2.5-7B-Instruct,ENTJ,static,flat,42,0.92,flat,103.97,103.45275277562426,11504.257363551213,4237.338087491218,69.89438565028368,HOLD,0.0,"The current price is slightly below the 20 and 60 SMA, and the RSI is neutral, indicating no strong buying or selling pressure. The volume ratio is also low, suggesting lack of significant interest. Given these conditions, it's prudent to hold the position.",107.71,107.22,48.0,1.0351,1002656,0.82,19.3,15.1,2.65,0.45,0,0.32,0.02,0.29
Day-265,Qwen/Qwen2.5-7B-Instruct,ENTJ,static,flat,42,0.92,flat,101.88,101.38521387302663,11358.178097542119,4237.338087491218,69.89438565028368,HOLD,0.0,"The current price is below the short-term and long-term moving averages, and the RSI is neutral. Given the medium implied volatility and the existing portfolio, it's prudent to hold the current position.",107.45,107.06,41.8,0.4093,1402247,1.14,18.7,15.1,2.65,0.37,0,0.16,0.11,0.05
Day-266,Qwen/Qwen2.5-7B-Instruct,ENTJ,static,flat,42,0.92,flat,99.69,100.90463851435409,11205.109392968,4237.338087491218,69.89438565028368,HOLD,0.0,"The current price is below the short-term and long-term moving averages, indicating a potential downtrend. The RSI is in the neutral range, and the volume ratio is slightly above 1, suggesting some buying interest but not enough to justify a trade at this moment.",107.19,106.87,42.7,-0.2604,1386404,1.13,20.9,14.8,2.7,0.31,0,0.11,0.12,-0.01
Day-267,Qwen/Qwen2.5-7B-Instruct,ENTJ,static,flat,42,0.92,flat,99.15,98.44718722320523,11167.366424716845,4237.338087491218,69.89438565028368,HOLD,0.0,"The current price is below the short-term and long-term moving averages, indicating a potential downtrend. The RSI is in the neutral range, and the volume ratio is close to 1, suggesting no significant buying or selling pressure. Given these factors, it is prudent to hold the position.",106.94,106.64,39.3,-0.8247,1274209,1.03,16.3,15.1,2.65,0.28,0,0.53,0.29,0.24
Day-268,Qwen/Qwen2.5-7B-Instruct,ENTJ,static,flat,42,0.92,flat,100.84,101.74487557377813,11285.487936465825,4237.338087491218,69.89438565028368,HOLD,0.0,"The RSI indicates oversold conditions, but the trend is neutral and the volume ratio is low, suggesting caution. Given the current market sentiment and lack of strong positive news, it's prudent to hold the position.",106.84,106.49,29.9,-1.1233,1033231,0.85,16.4,14.9,2.69,0.33,0,-0.0,0.22,-0.22
Day-269,Qwen/Qwen2.5-7B-Instruct,ENTJ,static,flat,42,0.92,flat,99.5,98.90557751944688,11191.829459694443,7714.583773592831,34.94719282514184,SELL,0.5,"The price is below the short-term and long-term moving averages, and the RSI indicates oversold conditions. A medium risk appetite suggests a cautious approach, hence selling a portion of the holdings.",106.7,106.33,25.2,-1.4509,1383257,1.14,17.3,15.1,2.65,0.34,0,-0.35,0.09,-0.44
Day-270,Qwen/Qwen2.5-7B-Instruct,ENTJ,static,flat,42,0.92,flat,98.72,98.06835571781389,11164.570649290834,9439.577211441832,17.47359641257092,SELL,0.5,"The RSI is in oversold territory, indicating potential for a rebound. Selling half the holdings allows for potential recovery while maintaining some position.",106.37,106.17,27.1,-1.7533,1291856,1.06,17.3,15.1,2.65,0.2,0,0.13,0.08,0.05
Day-271,Qwen/Qwen2.5-7B-Instruct,ENTJ,static,flat,42,0.92,flat,97.84,98.3546234989664,11149.193884447772,8495.61949029765,27.121569850266987,BUY,0.1,"The RSI indicates overselling, and the price is below the short-term moving averages, suggesting a potential buying opportunity. The P/E ratio is reasonable, and the implied volatility is moderate, supporting a cautious entry into the market.",105.91,105.97,27.3,-2.0407,1390979,1.13,14.2,14.9,2.68,-0.06,0,0.63,0.19,0.44
Day-272,Qwen/Qwen2.5-7B-Instruct,ENTJ,static,flat,42,0.92,flat,101.1,101.2613724504121,11237.610202159642,4247.809745148825,69.1374921563879,BUY,0.5,"The price is below the short-term moving averages and the RSI is in the oversold territory, indicating potential for a rebound. The medium-to-high risk appetite aligns with the potential for significant gains.",105.76,105.75,30.0,-1.9821,1375873,1.1,11.5,15.0,2.67,0.01,0,-0.3,0.02,-0.32
Day-273,Qwen/Qwen2.5-7B-Instruct,ENTJ,static,flat,42,0.92,flat,98.12,98.42430515381099,11031.580475533607,4247.809745148825,69.1374921563879,HOLD,0.0,"The current RSI indicates oversold conditions, but the price is significantly below the short-term moving averages, suggesting a potential trend reversal. Given the medium-to-high risk appetite and the need for clearer signals, it's prudent to hold the position.",105.39,105.54,27.8,-2.1516,1401501,1.12,8.3,15.0,2.67,-0.14,0,-0.11,-0.0,-0.11
Day-274,Qwen/Qwen2.5-7B-Instruct,ENTJ,static,flat,42,0.92,flat,100.71,100.77104397296101,11210.64658021865,4247.809745148825,69.1374921563879,HOLD,0.0,"The RSI indicates oversold conditions, but the low volume ratio and neutral news sentiment suggest caution. The current holding is valued and may benefit from further consolidation.",104.87,105.35,32.8,-2.0529,1259004,0.99,7.9,15.0,2.67,-0.46,0,0.12,0.09,0.03
Day-275,Qwen/Qwen2.5-7B-Instruct,ENTJ,static,flat,42,0.92,flat,100.74,100.82191204548474,11212.720704983341,4247.809745148825,69.1374921563879,HOLD,0.0,"The RSI indicates oversold conditions, but the price is below the short-term moving averages, suggesting a potential reversal may not be imminent. The current market sentiment and volume ratio do not support a strong buy signal.",104.29,105.24,28.1,-1.9497,1070162,0.85,7.5,15.0,2.67,-0.9,0,-0.02,0.06,-0.08
Day-276,Qwen/Qwen2.5-7B-Instruct,ENTJ,static,flat,42,0.92,flat,99.15,98.89172259119775,11102.792092454685,7675.300918801755,34.56874607819395,SELL,0.5,"The RSI is in oversold territory, indicating potential for a rebound. Selling half the holdings allows for potential recovery while managing risk.",103.76,105.11,28.6,-1.9739,1335578,1.05,9.9,15.0,2.66,-1.28,0,-0.29,-0.12,-0.17
Day-277,Qwen/Qwen2.5-7B-Instruct,ENTJ,static,flat,42,0.92,flat,100.34,99.83987073325824,11143.928900287738,3837.6504594008775,72.81521268573708,BUY,0.5,"The price is below the short-term moving averages and the RSI is in the oversold region, indicating potential for a rebound. The medium-to-high implied volatility suggests market uncertainty, which could lead to significant price movements.",103.34,104.96,31.9,-1.8755,1310236,1.04,11.4,15.1,2.65,-1.54,0,0.34,0.01,0.33
Day-278,Qwen/Qwen2.5-7B-Instruct,ENTJ,static,flat,42,0.92,flat,100.74,100.26822085066527,11173.05498536203,3837.6504594008775,72.81521268573708,HOLD,0.0,"The current RSI is neutral, and the volume ratio is close to 1, indicating no significant buying or selling pressure. The P/E ratio is reasonable, but the implied volatility is low, suggesting limited potential for price movement in the near term.",102.83,104.8,42.5,-1.7447,1371126,1.08,10.2,15.1,2.65,-1.88,0,0.7,0.17,0.53
Day-279,Qwen/Qwen2.5-7B-Instruct,ENTJ,static,flat,42,0.92,flat,98.84,99.10148898012666,11034.70608125913,3837.6504594008775,72.81521268573708,HOLD,0.0,"The current price is below the short-term and medium-term moving averages, indicating a downtrend. The RSI is in a neutral range, and the volume ratio is below 1, suggesting lackluster trading activity. Given these conditions, it is prudent to hold the position rather than make a trade.",102.27,104.67,42.9,-1.7746,1084940,0.87,14.2,15.0,2.67,-2.29,-1,0.06,0.16,-0.1
Day-280,Qwen/Qwen2.5-7B-Instruct,ENTJ,static,flat,42,0.92,flat,99.19,99.26971185412862,11060.191405699137,3837.6504594008775,72.81521268573708,HOLD,0.0,"The trend is showing a decline, and the RSI is neutral, suggesting no strong buying or selling pressure. Given the current market sentiment and volume, it's prudent to hold the position.",101.7,104.56,48.7,-1.7497,1097487,0.87,11.8,15.0,2.67,-2.74,-1,-0.27,0.11,-0.38
Day-281,Qwen/Qwen2.5-7B-Instruct,ENTJ,static,flat,42,0.92,flat,97.69,98.53720927796182,10950.968586670533,3837.6504594008775,72.81521268573708,HOLD,0.0,"The current trend is slightly downward, and the RSI is neutral, indicating no strong buying or selling pressure. Given the medium-to-high risk appetite and the need for a clear trend to emerge, it's prudent to hold the position.",100.95,104.39,46.4,-1.8294,1445204,1.13,15.0,14.9,2.69,-3.3,-1,-0.46,0.07,-0.54
Day-282,Qwen/Qwen2.5-7B-Instruct,ENTJ,static,flat,42,0.92,flat,98.41,98.79080986998609,11003.395539804264,3837.6504594008775,72.81521268573708,HOLD,0.0,"The current price is below the short-term moving average, indicating a potential downtrend. The RSI is in a neutral range, and the implied volatility is low, suggesting that the market is not showing significant sentiment either way. Given these conditions, it is prudent to hold the position and reassess in the next period.",100.35,104.27,43.8,-1.8143,1374988,1.08,14.4,14.9,2.68,-3.77,-1,0.08,0.02,0.06
Day-283,Qwen/Qwen2.5-7B-Instruct,ENTJ,static,flat,42,0.92,flat,100.51,100.13779589336616,11156.307486444312,3837.6504594008775,72.81521268573708,HOLD,0.0,"The RSI is in a neutral range, and the trend is slightly downward. Given the current market conditions, it is prudent to hold the position and reassess in the next cycle.",99.86,104.18,52.5,-1.6137,1454114,1.13,11.6,15.1,2.66,-4.15,-1,0.33,-0.05,0.38
Day-284,Qwen/Qwen2.5-7B-Instruct,ENTJ,static,flat,42,0.92,flat,103.92,103.39612987827569,11404.607361702674,3837.6504594008775,72.81521268573708,HOLD,0.0,"The RSI is in a neutral range, and the price is slightly below the trend line, suggesting a potential buying opportunity. However, the current holding is stable, and there is no strong indication to sell or buy at this moment.",99.85,104.16,61.3,-1.1664,1379357,1.06,9.7,15.1,2.65,-4.13,-1,0.14,-0.04,0.18
Day-285,Qwen/Qwen2.5-7B-Instruct,ENTJ,static,flat,42,0.92,flat,100.56,100.89811272294446,11159.948247078599,3837.6504594008775,72.81521268573708,HOLD,0.0,"The trend is slightly downward, and the RSI is in a neutral range, suggesting no strong buying or selling signal. Given the current holdings and cash, it's prudent to hold and reassess in the next period.",99.79,104.09,55.4,-1.0706,1298577,1.0,8.2,14.9,2.68,-4.13,-1,-0.0,0.02,-0.02
Day-286,Qwen/Qwen2.5-7B-Instruct,ENTJ,static,flat,42,0.92,flat,105.03,105.32722052529095,11485.432247783843,3837.6504594008775,72.81521268573708,HOLD,0.0,"The current trend is slightly downward, and the RSI is in a neutral range, suggesting no strong buying or selling pressure. Given the medium-to-high risk appetite and the need for clear trends, it's prudent to hold the position for now.",100.05,104.02,57.4,-0.6268,1327066,1.02,15.1,15.0,2.67,-3.81,-1,-0.18,0.07,-0.25
Day-287,Qwen/Qwen2.5-7B-Instruct,ENTJ,static,flat,42,0.92,flat,101.31,101.32469214900186,11214.5596565929,3837.6504594008775,72.81521268573708,HOLD,0.0,"The trend is slightly downward, and the RSI is neutral, suggesting no strong buying or selling pressure. Given the current cash reserves and portfolio value, it's prudent to hold and reassess in the next period.",100.16,103.86,55.8,-0.5683,1444563,1.11,12.3,15.0,2.67,-3.56,-1,-0.33,-0.01,-0.32
Day-288,Qwen/Qwen2.5-7B-Instruct,ENTJ,static,flat,42,0.92,flat,101.15,101.04787681086613,11202.909222563183,3837.6504594008775,72.81521268573708,HOLD,0.0,"The trend is slightly downward with a negative slope, and the RSI is neutral. Given the current market conditions, it's prudent to hold the position to reassess the trend.",100.18,103.77,50.9,-0.5294,1289403,0.98,10.5,15.0,2.66,-3.46,-1,0.25,-0.02,0.27
Day-289,Qwen/Qwen2.5-7B-Instruct,ENTJ,static,flat,42,0.92,flat,101.95,102.274541059369,11261.161392711772,3837.6504594008775,72.81521268573708,HOLD,0.0,"The RSI is neutral and the price is slightly below the short-term moving average, suggesting a potential trend reversal. Given the current cash reserves and portfolio value, it is prudent to hold and observe further developments.",100.3,103.71,52.3,-0.4287,1316195,1.0,12.0,15.0,2.68,-3.29,-1,0.27,0.0,0.27
Day-290,Qwen/Qwen2.5-7B-Instruct,ENTJ,static,flat,42,0.92,flat,103.02,102.88178532824162,11339.07367028551,3837.6504594008775,72.81521268573708,HOLD,0.0,"The trend is slightly downward, and the RSI is in a neutral range, suggesting no strong buying or selling pressure. Given the current market sentiment and volume, it's prudent to hold the position.",100.52,103.68,57.7,-0.26,1078238,0.83,9.5,15.0,2.66,-3.05,-1,-0.46,-0.09,-0.38
Day-291,Qwen/Qwen2.5-7B-Instruct,ENTJ,static,flat,42,0.92,flat,101.52,101.63892922742055,11229.850851256906,3837.6504594008775,72.81521268573708,HOLD,0.0,"The current price is slightly above the short-term moving average but below the long-term moving average, indicating a potential reversal. The RSI is neutral, and the volume ratio is close to 1, suggesting no significant buying or selling pressure. Given the medium-to-high risk appetite and the need for clear signals, it's prudent to hold.",100.7,103.58,52.3,-0.2445,1236960,0.95,7.8,15.0,2.67,-2.79,-1,0.48,0.04,0.43
Day-292,Qwen/Qwen2.5-7B-Instruct,ENTJ,static,flat,42,0.92,flat,101.24,101.24711162677234,11209.462591704898,3837.6504594008775,72.81521268573708,HOLD,0.0,"The current trend is slightly downward, and the RSI is neutral. Given the medium-to-high implied volatility and the existing portfolio value, it's prudent to hold the current position.",100.71,103.52,51.0,-0.2512,1358198,1.05,7.5,15.0,2.67,-2.72,-1,0.17,0.14,0.03
Day-293,Qwen/Qwen2.5-7B-Instruct,ENTJ,static,flat,42,0.92,flat,100.42,100.28379932552632,11149.754117302597,3837.6504594008775,72.81521268573708,HOLD,0.0,"The trend is showing a decline, and the RSI is neutral, indicating no strong buying or selling pressure. Given the current market conditions, it's prudent to hold the position and reassess in the next observation.",100.82,103.44,53.3,-0.3193,1135471,0.88,7.5,15.0,2.66,-2.53,-1,0.42,0.18,0.24
Day-294,Qwen/Qwen2.5-7B-Instruct,ENTJ,static,flat,42,0.92,flat,99.14,99.13840108418951,11056.550645064852,3837.6504594008775,72.81521268573708,HOLD,0.0,"The current trend is slightly downward, and the RSI is neutral, indicating no strong buying or selling pressure. Given the medium-to-high risk appetite and the need for clear trends, it's prudent to hold the position.",100.74,103.33,49.9,-0.4712,1101127,0.86,7.5,15.0,2.67,-2.51,-1,-0.4,0.04,-0.44
Day-295,Qwen/Qwen2.5-7B-Instruct,ENTJ,static,flat,42,0.92,flat,100.76,100.86761419835821,11174.511289615746,3837.6504594008775,72.81521268573708,HOLD,0.0,"The current trend is slightly downward, and the RSI is in a neutral range. Given the medium-to-high risk appetite and the need for a clear trend before making a decision, it is prudent to hold the position.",100.74,103.21,56.1,-0.4557,1156913,0.9,7.5,15.0,2.67,-2.39,-1,-0.41,0.05,-0.46
Day-296,Qwen/Qwen2.5-7B-Instruct,ENTJ,static,flat,42,0.92,flat,101.59,101.62089935102247,11234.947916144909,3837.6504594008775,72.81521268573708,HOLD,0.0,"The price is slightly below the short-term moving average, but the RSI is neutral and the volume ratio is low, indicating a lack of significant buying interest. Given the current market sentiment and the medium implied volatility, it's prudent to hold the position.",100.87,103.14,56.3,-0.3717,1120750,0.88,7.5,15.0,2.67,-2.21,-1,-0.04,-0.05,0.01
Day-297,Qwen/Qwen2.5-7B-Instruct,ENTJ,static,flat,42,0.92,flat,100.23,100.25240183556694,11135.919226892305,3837.6504594008775,72.81521268573708,HOLD,0.0,"The trend is slightly downward, and the RSI is in a neutral range. Given the current market sentiment and volume ratio, it's prudent to hold the position rather than make a decisive move.",100.86,103.06,49.4,-0.4105,1107456,0.88,7.5,15.0,2.67,-2.14,-1,0.15,-0.06,0.21
Day-298,Qwen/Qwen2.5-7B-Instruct,ENTJ,static,flat,42,0.92,flat,102.01,102.10309333964747,11265.530305472917,3837.6504594008775,72.81521268573708,HOLD,0.0,"The current trend is slightly downward, and the RSI is in a neutral range. Given the medium-to-high risk appetite and the need for a clear trend to emerge, it's prudent to hold the position for now.",100.92,103.04,45.9,-0.2941,1212425,0.97,7.5,15.0,2.67,-2.06,-1,0.54,-0.03,0.57
Day-299,Qwen/Qwen2.5-7B-Instruct,ENTJ,static,flat,42,0.92,flat,102.7,102.76337469830439,11315.772802226076,3837.6504594008775,72.81521268573708,HOLD,0.0,"The current RSI is neutral, and the volume ratio is slightly above 1, indicating some buying interest. However, the trend is not strongly bullish, and the P/E ratio is reasonable. Given the medium implied volatility, it's prudent to hold and monitor the situation.",101.12,103.05,55.2,-0.1447,1453919,1.15,7.5,15.0,2.67,-1.88,0,0.21,0.09,0.12
Day-300,Qwen/Qwen2.5-7B-Instruct,ENTJ,static,flat,42,0.92,flat,105.1,104.4790167573527,11490.529312671844,3837.6504594008775,72.81521268573708,HOLD,0.0,"The current price is slightly above the short-term moving average, and the RSI is neutral. Given the medium implied volatility and negative news sentiment, it's prudent to hold the position for now.",101.41,103.05,50.2,0.1652,1253529,0.98,11.6,15.1,2.65,-1.59,0,-0.07,0.16,-0.23
Day-301,Qwen/Qwen2.5-7B-Instruct,ENTJ,static,flat,42,0.92,flat,106.06,105.834741120341,11560.431916850153,3837.6504594008775,72.81521268573708,HOLD,0.0,"The RSI is in a neutral range, and the volume ratio is slightly below average, suggesting no strong buying or selling pressure. Given the current market sentiment and the medium implied volatility, it's prudent to hold the position.",101.83,103.03,65.3,0.4833,1093960,0.87,12.2,15.0,2.66,-1.16,0,-0.31,0.1,-0.41
Day-302,Qwen/Qwen2.5-7B-Instruct,ENTJ,static,flat,42,0.92,flat,104.03,104.12571125897946,11412.617035098105,3837.6504594008775,72.81521268573708,HOLD,0.0,"The current price is slightly above the short-term moving average, and the RSI is in a neutral range. Given the medium implied volatility and the lack of strong news sentiment, it's prudent to hold the position for now.",102.11,103.03,58.3,0.5645,1038485,0.84,10.1,15.0,2.67,-0.89,0,0.37,0.15,0.22
Day-303,Qwen/Qwen2.5-7B-Instruct,ENTJ,static,flat,42,0.92,flat,103.27,102.99653125001926,11357.277473456947,3837.6504594008775,72.81521268573708,HOLD,0.0,"The current price is slightly above the short-term moving average, and the RSI is neutral. Given the medium implied volatility and negative news sentiment, it's prudent to hold the position for now.",102.25,102.98,53.8,0.561,1348078,1.09,11.6,15.0,2.66,-0.71,0,-0.29,-0.02,-0.27
Day-304,Qwen/Qwen2.5-7B-Instruct,ENTJ,static,flat,42,0.92,flat,104.34,104.57883433907023,11435.189751030684,3837.6504594008775,72.81521268573708,HOLD,0.0,"The RSI is neutral and the price is close to the short-term moving averages, suggesting a consolidation phase. Given the current market sentiment and volume, it's prudent to hold the position.",102.27,102.85,53.8,0.6379,1191399,0.97,21.1,15.0,2.67,-0.56,0,0.49,0.04,0.45
Day-305,Qwen/Qwen2.5-7B-Instruct,ENTJ,static,flat,42,0.92,flat,106.84,105.89505832167009,11617.227782745027,3837.6504594008775,72.81521268573708,HOLD,0.0,"The current price is slightly above the short-term moving averages, and the RSI is in a neutral range. Given the medium implied volatility and the slight negative news sentiment, it's prudent to hold the position for now.",102.59,102.74,64.5,0.8901,1410915,1.14,24.2,15.1,2.64,-0.15,0,-0.09,0.03,-0.12
Day-306,Qwen/Qwen2.5-7B-Instruct,ENTJ,static,flat,42,0.92,flat,106.1,105.88256006654039,11563.344525357581,3837.6504594008775,72.81521268573708,HOLD,0.0,"The RSI is neutral and the price is slightly above the short-term moving averages, indicating a balanced market. Given the current holdings and cash levels, it's prudent to hold and reassess in the next period.",102.64,102.66,62.9,1.0184,1329755,1.08,17.6,15.0,2.66,-0.03,0,0.48,0.19,0.29
Day-307,Qwen/Qwen2.5-7B-Instruct,ENTJ,static,flat,42,0.92,flat,106.1,106.16315444819757,11563.344525357581,3837.6504594008775,72.81521268573708,HOLD,0.0,"The current RSI is neutral, and the volume ratio is slightly above 1, indicating some buying interest. However, the price is not significantly above the trend lines, and the news sentiment is mildly positive, which does not justify a significant action at this moment.",102.88,102.61,65.7,1.1074,1398120,1.14,17.3,15.0,2.67,0.26,0,0.2,0.16,0.04
Day-308,Qwen/Qwen2.5-7B-Instruct,ENTJ,static,flat,42,0.92,flat,109.19,108.9436092023896,11788.343532556508,3837.6504594008775,72.81521268573708,HOLD,0.0,"The RSI is slightly overbought, and the implied volatility is moderate, suggesting potential for a correction. Given the current holdings and cash balance, it's prudent to hold and reassess after a potential market movement.",103.28,102.58,75.3,1.4113,1135973,0.93,16.8,15.0,2.66,0.69,0,-0.04,0.21,-0.25
Day-309,Qwen/Qwen2.5-7B-Instruct,ENTJ,static,flat,42,0.92,flat,106.94,107.69454940355799,11624.509304013602,3837.6504594008775,72.81521268573708,HOLD,0.0,"The current market sentiment and technical indicators suggest a neutral stance. The RSI is in the overbought range, and the volume ratio is slightly above 1, indicating some buying pressure but not strong enough to warrant a significant trade.",103.53,102.51,65.1,1.4531,1346179,1.1,14.5,14.9,2.69,0.99,0,-0.16,0.08,-0.24
Day-310,Qwen/Qwen2.5-7B-Instruct,ENTJ,static,flat,42,0.92,flat,108.35,108.9120767539241,11727.17875390049,3837.6504594008775,72.81521268573708,HOLD,0.0,"The RSI is slightly overbought, and the news sentiment is negative, indicating potential for a pullback. Given the current holding value and cash balance, it's prudent to hold and reassess the situation.",103.8,102.47,66.0,1.5824,1132030,0.92,14.9,14.9,2.68,1.3,0,-0.1,0.08,-0.18
Day-311,Qwen/Qwen2.5-7B-Instruct,ENTJ,static,flat,42,0.92,flat,107.98,108.50508827124412,11700.237125206768,3837.6504594008775,72.81521268573708,HOLD,0.0,"The RSI is slightly overbought, and the implied volatility is low, suggesting potential for a pullback. Given the current cash reserves, it's prudent to hold and wait for a clearer trend or a more favorable entry point.",104.12,102.38,69.3,1.6358,1469534,1.19,13.2,14.9,2.68,1.7,0,0.13,0.01,0.12
Day-312,Qwen/Qwen2.5-7B-Instruct,ENTJ,static,flat,42,0.92,flat,108.15,108.0661397016067,11712.615711363344,3837.6504594008775,72.81521268573708,HOLD,0.0,"The RSI is in the neutral range, and the implied volatility is moderate. Given the current price and trend, there is no strong signal to enter a trade, hence holding the current position is advisable.",104.46,102.33,66.6,1.6727,1318187,1.07,17.9,15.0,2.66,2.09,1,0.02,-0.03,0.05
Day-313,Qwen/Qwen2.5-7B-Instruct,ENTJ,static,flat,42,0.92,flat,111.27,110.50038237568609,11939.799174942842,3837.6504594008775,72.81521268573708,HOLD,0.0,"The RSI is overbought, indicating potential for a correction. The volume ratio is slightly below 1, suggesting reduced trading activity. Given the current market conditions, it is prudent to hold the position.",105.01,102.35,70.5,1.9316,1162255,0.94,13.4,15.1,2.65,2.6,1,-0.18,-0.06,-0.12
Day-314,Qwen/Qwen2.5-7B-Instruct,ENTJ,static,flat,42,0.92,flat,113.14,112.37340603410073,12075.963622665171,3837.6504594008775,72.81521268573708,HOLD,0.0,"The RSI is slightly overbought, and the implied volatility is low, suggesting that the current price may not justify a significant move. Given the medium volume ratio and negative news sentiment, it's prudent to hold the position for now.",105.71,102.53,69.7,2.2616,1134755,0.91,10.3,15.1,2.65,3.1,1,-0.05,-0.04,-0.01
Day-315,Qwen/Qwen2.5-7B-Instruct,ENTJ,static,flat,42,0.92,flat,114.49,114.25096784906519,12174.264159790917,3837.6504594008775,72.81521268573708,HOLD,0.0,"The RSI is slightly overbought, and the implied volatility is low, suggesting that the current price may not offer significant upside potential. Given the medium volume ratio and neutral news sentiment, it's prudent to hold the current position.",106.39,102.78,70.3,2.6017,1095463,0.89,11.2,15.0,2.66,3.51,1,0.02,-0.01,0.03
Day-316,Qwen/Qwen2.5-7B-Instruct,ENTJ,static,flat,42,0.92,flat,117.48,117.30848362443315,12391.98164572127,8114.816052561074,36.40760634286854,SELL,0.5,"The RSI is overbought at 81.0, indicating potential for a correction. Additionally, the negative news sentiment suggests a possible downturn in market perception.",107.19,103.14,81.0,3.0769,1347320,1.08,10.0,15.0,2.66,3.93,1,-0.64,-0.16,-0.47
Day-317,Qwen/Qwen2.5-7B-Instruct,ENTJ,static,flat,42,0.92,flat,116.93,117.39298516591494,12371.957462232693,10243.386757396884,18.20380317143427,SELL,0.5,"The RSI is overbought at 81.8, indicating potential for a correction. Selling a portion of the holdings will help manage risk.",108.02,103.49,81.8,3.3706,1109357,0.89,7.7,14.9,2.68,4.38,1,0.14,-0.14,0.28
Day-318,Qwen/Qwen2.5-7B-Instruct,ENTJ,static,flat,42,0.92,flat,118.91,119.0407907117677,12408.000992512132,10243.386757396884,18.20380317143427,SELL,0.0,"The RSI is overbought at 82.5, indicating potential for a correction. Given the current holdings, it's prudent to reduce exposure to avoid potential losses.",108.87,103.86,82.5,3.7198,1297651,1.04,7.5,15.0,2.67,4.83,1,-0.29,-0.16,-0.13
Day-319,Qwen/Qwen2.5-7B-Instruct,ENTJ,static,flat,42,0.92,flat,117.93,118.33988652220317,12390.161265404127,10243.386757396884,18.20380317143427,SELL,0.0,"The RSI is overbought at 76.5, and the implied volatility is relatively low at 15.7%, indicating potential for a correction. Additionally, the negative news sentiment suggests a possible downturn in market sentiment.",109.63,104.22,76.5,3.873,1132317,0.92,15.7,14.9,2.68,5.19,1,-0.35,-0.22,-0.12
Day-320,Qwen/Qwen2.5-7B-Instruct,ENTJ,static,flat,42,0.92,flat,118.91,119.14535345981984,12408.000992512132,10243.386757396884,18.20380317143427,SELL,0.0,"The RSI is overbought at 80.3, indicating potential for a correction. Given the current holdings, it's prudent to reduce exposure to avoid potential losses.",110.32,104.63,80.3,4.0274,1330984,1.07,11.3,15.0,2.67,5.44,1,-0.51,-0.33,-0.18
Day-321,Qwen/Qwen2.5-7B-Instruct,ENTJ,static,flat,42,0.92,flat,118.82,118.87129394321177,12406.362650226703,10243.386757396884,18.20380317143427,SELL,0.0,"The RSI is overbought at 80.0, indicating potential for a correction. Additionally, the negative news sentiment suggests a possible decline in the asset's value.",110.96,105.05,80.0,4.0954,1407469,1.12,8.8,15.0,2.67,5.63,1,-0.54,-0.31,-0.23
Day-322,Qwen/Qwen2.5-7B-Instruct,ENTJ,static,flat,42,0.92,flat,118.97,119.1378544743031,12409.09322070242,10243.386757396884,18.20380317143427,SELL,0.0,"The RSI is overbought at 76.7, and the news sentiment is negative, indicating potential for a correction.",111.71,105.41,76.7,4.1135,1389012,1.09,10.9,15.0,2.67,5.98,1,-0.41,-0.42,0.01
Day-323,Qwen/Qwen2.5-7B-Instruct,ENTJ,static,flat,42,0.92,flat,119.77,120.60061745099671,12423.656263239565,10243.386757396884,18.20380317143427,SELL,0.0,"The RSI is overbought at 88.2, indicating potential for a correction. Given the current holdings, it is prudent to reduce exposure to this asset.",112.53,105.84,88.2,4.1448,1380425,1.08,12.6,14.9,2.69,6.32,1,-0.21,-0.4,0.19
Day-324,Qwen/Qwen2.5-7B-Instruct,ENTJ,static,flat,42,0.92,flat,119.03,118.67871767172713,12410.185448892706,10243.386757396884,18.20380317143427,SELL,0.0,"The RSI is overbought at 83.1, indicating potential for a correction. Given the current holdings and market conditions, it is prudent to reduce exposure to avoid potential losses.",113.26,106.2,83.1,4.0633,1093861,0.86,14.2,15.0,2.66,6.65,1,0.59,-0.22,0.8
Day-325,Qwen/Qwen2.5-7B-Instruct,ENTJ,static,flat,42,0.92,flat,123.33,123.78766712653766,12488.461802529873,10243.386757396884,18.20380317143427,SELL,0.0,"The RSI is overbought at 88.3, indicating potential for a correction. The volume ratio is low, suggesting lack of interest, and the news sentiment is negative, adding to the bearish outlook.",114.09,106.66,88.3,4.296,1044192,0.83,12.8,14.9,2.68,6.97,1,-0.16,-0.15,-0.01
Day-326,Qwen/Qwen2.5-7B-Instruct,ENTJ,static,flat,42,0.92,flat,121.47,121.35830743842084,12454.602728631005,10243.386757396884,18.20380317143427,SELL,0.0,"The RSI is overbought at 80.6, indicating potential for a correction. Given the current holdings, it is prudent to reduce exposure to this asset.",114.86,107.1,80.6,4.2811,1349474,1.08,14.1,15.0,2.66,7.24,1,0.05,-0.03,0.08
Day-327,Qwen/Qwen2.5-7B-Instruct,ENTJ,static,flat,42,0.92,flat,119.67,118.48230399746367,12421.835882922423,10243.386757396884,18.20380317143427,HOLD,0.0,"The RSI is slightly overbought, and the implied volatility is moderate. Given the current market conditions, it's prudent to hold the position rather than make a new trade.",115.54,107.49,70.6,4.0771,1184173,0.95,17.2,15.2,2.64,7.49,1,0.12,0.08,0.04
Day-328,Qwen/Qwen2.5-7B-Instruct,ENTJ,static,flat,42,0.92,flat,120.77,121.29502893542285,12441.860066411002,5121.693378698442,60.61245911826248,BUY,0.5,"The price is above the short-term and medium-term moving averages, indicating a bullish trend. The RSI is in the overbought zone, suggesting potential for a pullback, but the overall sentiment is positive.",116.12,107.89,69.4,3.9582,1216173,0.98,17.2,14.9,2.68,7.62,1,0.04,0.13,-0.09
Day-329,Qwen/Qwen2.5-7B-Instruct,ENTJ,static,flat,42,0.92,flat,122.14,123.26778311437356,12524.899135403022,5121.693378698442,60.61245911826248,HOLD,0.0,"The current price is slightly above the short-term moving averages, and the RSI is in the overbought zone. Given the medium implied volatility and negative news sentiment, it's prudent to hold rather than take a position.",116.88,108.36,69.4,3.9292,1015574,0.83,13.4,14.9,2.69,7.86,1,-0.02,0.01,-0.03
Day-330,Qwen/Qwen2.5-7B-Instruct,ENTJ,static,flat,42,0.92,flat,124.73,124.85355415973717,12681.885404519322,5121.693378698442,60.61245911826248,HOLD,0.0,"The current market conditions suggest a neutral trend with the RSI indicating overbought levels. Given the medium-to-high implied volatility and negative news sentiment, it's prudent to hold the position rather than make a decisive move.",117.69,108.87,68.8,4.0686,1129788,0.92,12.8,15.0,2.67,8.11,1,-0.36,-0.03,-0.32
Day-331,Qwen/Qwen2.5-7B-Instruct,ENTJ,static,flat,42,0.92,flat,126.81,126.47041331131513,12807.959319485308,5121.693378698442,60.61245911826248,HOLD,0.0,"The RSI is slightly overbought, and the implied volatility is low, suggesting potential for a pullback. Given the current holdings, it's prudent to hold and reassess after a potential correction.",118.64,109.45,73.7,4.2973,1016838,0.84,9.2,15.0,2.66,8.39,1,0.44,0.04,0.39
Day-332,Qwen/Qwen2.5-7B-Instruct,ENTJ,static,flat,42,0.92,flat,127.0,126.47737753857417,12819.475686717777,5121.693378698442,60.61245911826248,HOLD,0.0,"The RSI is slightly overbought, and the implied volatility is low, suggesting that the current trend might be due for a correction. Given the medium volume ratio and mixed news sentiment, it's prudent to hold rather than make a decisive move.",119.58,110.02,71.3,4.4423,1439592,1.19,7.9,15.1,2.66,8.69,1,0.54,0.13,0.42
Day-333,Qwen/Qwen2.5-7B-Instruct,ENTJ,static,flat,42,0.92,flat,123.96,124.26524716604351,12635.213810998259,5121.693378698442,60.61245911826248,HOLD,0.0,"The current price is slightly above the short-term moving average, and the RSI is in a neutral range. Given the medium implied volatility and negative news sentiment, it's prudent to hold the position for now.",120.21,110.49,64.3,4.263,1121698,0.93,7.5,15.0,2.67,8.8,1,-0.5,0.02,-0.52
Day-334,Qwen/Qwen2.5-7B-Instruct,ENTJ,static,flat,42,0.92,flat,124.62,124.49112923252753,12675.218034016312,5121.693378698442,60.61245911826248,HOLD,0.0,"The current price is slightly above the short-term moving average, and the RSI is in a neutral range. Given the medium implied volatility and negative news sentiment, it's prudent to hold the position for now.",120.79,110.9,63.7,4.1264,1278668,1.05,7.5,15.0,2.66,8.91,1,-0.31,-0.04,-0.27
Day-335,Qwen/Qwen2.5-7B-Instruct,ENTJ,static,flat,42,0.92,flat,122.67,122.85333284586697,12557.023738735701,5121.693378698442,60.61245911826248,HOLD,0.0,"The current price is slightly above the short-term and medium-term moving averages, and the RSI is in a neutral range. Given the medium-to-high implied volatility and negative news sentiment, it's prudent to hold the position for now.",121.19,111.35,58.5,3.8168,1019489,0.84,12.0,15.0,2.67,8.84,1,-0.08,0.02,-0.1
Day-336,Qwen/Qwen2.5-7B-Instruct,ENTJ,static,flat,42,0.92,flat,125.27,125.31037035210207,12714.616132443181,5121.693378698442,60.61245911826248,HOLD,0.0,"The current price is slightly above the short-term moving average, and the RSI is in a neutral range. Given the medium implied volatility and negative news sentiment, it's prudent to hold the position for now.",121.58,111.75,62.6,3.7388,1333423,1.1,10.5,15.0,2.67,8.8,1,-0.29,-0.13,-0.16
Day-337,Qwen/Qwen2.5-7B-Instruct,ENTJ,static,flat,42,0.92,flat,125.72,124.97984384121898,12741.891739046401,5121.693378698442,60.61245911826248,HOLD,0.0,"The current price is slightly above the short-term and medium-term moving averages, and the RSI is in a neutral range. Given the medium implied volatility and the low news sentiment, there is no strong indication to make a trade at this moment.",122.02,112.24,62.0,3.6708,1161513,0.95,8.4,15.1,2.65,8.72,1,0.15,-0.21,0.36
Day-338,Qwen/Qwen2.5-7B-Instruct,ENTJ,static,flat,42,0.92,flat,122.46,122.97025920993951,12544.295122320866,5121.693378698442,60.61245911826248,HOLD,0.0,"The current price is slightly above the short-term moving average, and the RSI is in a neutral range. Given the medium implied volatility and negative news sentiment, it's prudent to hold the position for now.",122.2,112.67,56.3,3.3153,1448959,1.18,10.2,14.9,2.68,8.46,1,-0.22,-0.15,-0.07
Day-339,Qwen/Qwen2.5-7B-Instruct,ENTJ,static,flat,42,0.92,flat,122.32,122.21903627396043,12535.809378044309,5121.693378698442,60.61245911826248,HOLD,0.0,"The current price is slightly above the 20-day SMA but below the 60-day SMA, indicating a mixed trend. The RSI is neutral, and the volume ratio is slightly above 1, suggesting some buying interest. Given the medium implied volatility and the P/E ratio, it's prudent to hold for now.",122.42,113.07,47.8,2.9884,1444059,1.16,12.5,15.0,2.66,8.27,1,0.65,0.04,0.61
Day-340,Qwen/Qwen2.5-7B-Instruct,ENTJ,static,flat,42,0.92,flat,123.49,123.26955275052222,12606.725955212674,5121.693378698442,60.61245911826248,HOLD,0.0,"The current price is slightly above the short-term moving average, and the RSI is in a neutral range. Given the medium implied volatility and the volume ratio, there is no strong indication to make a trade at this moment.",122.65,113.48,54.5,2.7914,1162645,0.94,14.3,15.0,2.66,8.08,1,0.36,0.13,0.23
Day-341,Qwen/Qwen2.5-7B-Instruct,ENTJ,static,flat,42,0.92,flat,122.38,121.92412832403046,12539.446125591403,5121.693378698442,60.61245911826248,HOLD,0.0,"The current price is slightly below the 20-day SMA but above the 60-day SMA, indicating a potential consolidation phase. The RSI is neutral, and the volume ratio is slightly above 1, suggesting some buying interest. Given the medium implied volatility and the current cash position, it's prudent to hold and monitor the trend.",122.83,113.9,56.2,2.5167,1450480,1.18,12.7,15.1,2.66,7.84,1,0.06,0.2,-0.14
Day-342,Qwen/Qwen2.5-7B-Instruct,ENTJ,static,flat,42,0.92,flat,120.01,119.97153956717483,12395.794597481123,5121.693378698442,60.61245911826248,HOLD,0.0,"The current price is slightly below the 20-day SMA but above the 60-day SMA, indicating a potential trend reversal. The RSI is neutral, and the volume ratio is slightly above 1, suggesting some buying interest. Given the medium implied volatility and the P/E ratio, it's prudent to hold and monitor the situation.",122.88,114.28,48.4,2.0836,1498078,1.21,12.0,15.0,2.67,7.53,1,0.31,0.23,0.08
Day-343,Qwen/Qwen2.5-7B-Instruct,ENTJ,static,flat,42,0.92,flat,120.69,120.59385007731333,12437.011069681539,5121.693378698442,60.61245911826248,HOLD,0.0,"The current price is slightly below the 20-day SMA but above the 60-day SMA, indicating a potential trend reversal. The RSI is neutral, and the volume ratio is slightly above 1, suggesting some buying interest. Given the medium implied volatility and the current holdings, it is prudent to hold for now.",122.93,114.68,46.8,1.775,1412707,1.14,9.8,15.0,2.66,7.19,1,0.33,0.34,-0.01
Day-344,Qwen/Qwen2.5-7B-Instruct,ENTJ,static,flat,42,0.92,flat,121.05,121.22249030962675,12458.831554964116,5121.693378698442,60.61245911826248,HOLD,0.0,"The current price is slightly below the 20-day SMA but above the 60-day SMA, indicating a potential trend reversal. The RSI is neutral, and the volume ratio is slightly above 1, suggesting some buying interest. However, the implied volatility is low, and the news sentiment is slightly negative, which may dampen potential gains.",123.03,115.12,40.8,1.5416,1422435,1.13,13.0,15.0,2.67,6.87,1,-0.17,0.18,-0.35
Day-345,Qwen/Qwen2.5-7B-Instruct,ENTJ,static,flat,42,0.92,flat,120.12,120.03564694256144,12402.46196798413,5121.693378698442,60.61245911826248,HOLD,0.0,"The RSI indicates oversold conditions, but the price is below the short-term moving average, suggesting a potential reversal is not imminent. The current holdings are valued and the market sentiment is negative, warranting a hold.",122.87,115.51,32.3,1.2671,1124504,0.89,9.8,15.0,2.66,6.37,1,-0.24,0.06,-0.3
Day-346,Qwen/Qwen2.5-7B-Instruct,ENTJ,static,flat,42,0.92,flat,118.86,118.94580752203277,12326.09026949512,5121.693378698442,60.61245911826248,HOLD,0.0,"The current RSI indicates oversold conditions, but the price is below the short-term moving average, suggesting a potential reversal may not be imminent. Given the medium implied volatility and the existing holdings, it's prudent to hold and monitor the situation.",122.74,115.85,29.6,0.9367,1288351,1.02,7.5,15.0,2.67,5.94,1,0.02,0.05,-0.03
Day-347,Qwen/Qwen2.5-7B-Instruct,ENTJ,static,flat,42,0.92,flat,119.69,119.53497294214905,12376.398610563278,5121.693378698442,60.61245911826248,HOLD,0.0,"The current price is slightly below the short-term moving average, but the RSI is in a neutral range, and the volume ratio is low. Given the medium implied volatility and the news sentiment, it's prudent to hold the position for now.",122.74,116.24,38.0,0.7335,1033627,0.83,7.5,15.0,2.66,5.59,1,0.26,0.04,0.22
Day-348,Qwen/Qwen2.5-7B-Instruct,ENTJ,static,flat,42,0.92,flat,116.07,116.15753177167088,12156.981508555167,5121.693378698442,60.61245911826248,HOLD,0.0,"The current RSI indicates oversold conditions, but the price is below the short-term moving average, suggesting a potential reversal may not be imminent. Given the medium implied volatility and low news sentiment, it's prudent to hold the position.",122.5,116.52,29.4,0.2767,1047458,0.84,7.5,15.0,2.67,5.13,1,0.04,-0.02,0.06
Day-349,Qwen/Qwen2.5-7B-Instruct,ENTJ,static,flat,42,0.92,flat,113.07,112.96725826292185,11975.14413120038,5121.693378698442,60.61245911826248,SELL,0.0,"The RSI indicates oversold conditions, and the implied volatility is low, suggesting limited potential for a quick rebound. Selling to lock in current gains is prudent given the current market sentiment and technical indicators.",122.05,116.73,28.0,-0.3235,1499446,1.18,7.9,15.0,2.66,4.56,1,-0.47,-0.08,-0.39
Day-350,Qwen/Qwen2.5-7B-Instruct,ENTJ,static,flat,42,0.92,flat,111.38,111.3890627193534,11872.709075290517,8497.201226994479,30.30622955913124,SELL,0.5,"The RSI is extremely low, indicating oversold conditions. The price is significantly below the short-term moving average, suggesting a potential reversal. Reducing exposure to this asset is prudent given the current market sentiment and technical indicators.",121.38,116.85,16.7,-0.9249,1163319,0.92,12.0,15.0,2.67,3.87,1,-0.24,-0.08,-0.16
Day-351,Qwen/Qwen2.5-7B-Instruct,ENTJ,static,flat,42,0.92,flat,111.53,110.94784204384081,11877.255009724387,4248.6006134972395,68.4000214850457,BUY,0.5,"The price is below the short-term moving average and the RSI is in the oversold region, indicating potential for a rebound. The medium-to-high implied volatility suggests market uncertainty, which could lead to significant price movements.",120.62,116.96,15.5,-1.373,1374091,1.07,15.6,15.1,2.65,3.12,1,-0.02,-0.09,0.06
Day-352,Qwen/Qwen2.5-7B-Instruct,ENTJ,static,flat,42,0.92,flat,111.65,111.67337887666811,11885.463012302593,4248.6006134972395,68.4000214850457,SELL,0.0,"The price is significantly below the short-term moving averages and the RSI is in an oversold condition, indicating a potential rebound. Given the current holding, it is prudent to sell to avoid potential losses as the market may reverse.",119.85,117.12,19.0,-1.6993,1403332,1.09,14.7,15.0,2.67,2.33,1,-0.02,-0.14,0.12
Day-353,Qwen/Qwen2.5-7B-Instruct,ENTJ,static,flat,42,0.92,flat,114.18,115.0521466863627,12058.515066659758,2124.3003067486197,87.00485864346766,BUY,0.5,"The price is below the short-term moving average and the RSI indicates overselling, suggesting a potential rebound. The medium-to-high implied volatility also supports the possibility of significant price movement.",119.36,117.33,29.5,-1.7337,1429011,1.1,14.8,14.9,2.69,1.73,0,0.59,-0.03,0.63
Day-354,Qwen/Qwen2.5-7B-Instruct,ENTJ,static,flat,42,0.92,flat,117.92,117.07779958088496,12383.913237986326,2124.3003067486197,87.00485864346766,HOLD,0.0,"The current price is slightly below the 20-day SMA, but the RSI is in a neutral range, and the implied volatility is moderate. Given the medium volume ratio and negative news sentiment, it's prudent to hold the position for now.",119.03,117.61,37.6,-1.4425,1498814,1.14,20.0,15.1,2.65,1.21,0,-0.42,-0.02,-0.39
Day-355,Qwen/Qwen2.5-7B-Instruct,ENTJ,static,flat,42,0.92,flat,116.23,116.73890931750299,12236.875026878864,2124.3003067486197,87.00485864346766,HOLD,0.0,"The current RSI indicates oversold conditions, but the price is below the short-term moving averages, suggesting a potential reversal may not be imminent. Given the medium volume ratio and low news sentiment, it's prudent to hold the position.",118.71,117.79,36.6,-1.3328,1120748,0.85,16.9,14.9,2.68,0.77,0,0.15,0.06,0.1
Day-356,Qwen/Qwen2.5-7B-Instruct,ENTJ,static,flat,42,0.92,flat,116.34,116.72953273948785,12246.445561329649,2124.3003067486197,87.00485864346766,HOLD,0.0,"The current price is slightly below the short-term moving average, but the RSI is neutral and the volume ratio is low, indicating potential lack of interest. Given the medium implied volatility and neutral news sentiment, it's prudent to hold the position for now.",118.26,118.0,41.1,-1.2226,1020175,0.78,17.8,15.0,2.68,0.22,0,0.45,0.15,0.3
Day-357,Qwen/Qwen2.5-7B-Instruct,ENTJ,static,flat,42,0.92,flat,114.05,114.44667402238748,12047.204435036107,2124.3003067486197,87.00485864346766,HOLD,0.0,"The current price is below the short-term and medium-term moving averages, and the RSI indicates oversold conditions. Given the medium implied volatility and neutral news sentiment, it's prudent to hold the position.",117.68,118.16,35.1,-1.305,1205595,0.93,19.8,14.9,2.68,-0.41,0,0.68,0.29,0.39
Day-358,Qwen/Qwen2.5-7B-Instruct,ENTJ,static,flat,42,0.92,flat,115.28,114.43863297028953,12154.220411167571,2124.3003067486197,87.00485864346766,HOLD,0.0,"The current price is below the short-term and medium-term moving averages, and the RSI indicates a neutral to slightly oversold condition. Given the medium-to-high implied volatility and negative news sentiment, it's prudent to hold the position until there is a clear trend reversal or a stronger signal emerges.",117.32,118.28,37.6,-1.2565,1065040,0.83,18.4,15.1,2.65,-0.81,0,-0.12,0.15,-0.27
Day-359,Qwen/Qwen2.5-7B-Instruct,ENTJ,static,flat,42,0.92,flat,112.68,113.81400147683006,11928.007778694555,2124.3003067486197,87.00485864346766,HOLD,0.0,"The current RSI indicates a neutral market condition, and the volume ratio is below 1, suggesting lackluster trading activity. Given the medium implied volatility and the P/E ratio, it's prudent to hold the position until clearer trends emerge.",116.83,118.39,35.0,-1.4122,1011212,0.8,16.0,14.8,2.69,-1.32,0,0.15,0.26,-0.11
Day-360,Qwen/Qwen2.5-7B-Instruct,ENTJ,static,flat,42,0.92,flat,116.82,114.58534553087696,12288.20789347851,2124.3003067486197,87.00485864346766,HOLD,0.0,"The RSI is neutral and the volume ratio is slightly below average, suggesting no strong buying or selling pressure. The current price is close to the short-term trend, making it a cautious time to hold rather than act.",116.5,118.56,46.3,-1.1878,1180213,0.93,21.3,15.3,2.62,-1.74,0,0.17,0.27,-0.09
Day-361,Qwen/Qwen2.5-7B-Instruct,ENTJ,static,flat,42,0.92,flat,113.42,112.73898755771658,11992.391374090723,2124.3003067486197,87.00485864346766,HOLD,0.0,"The current price is below the short-term and medium-term moving averages, indicating a downtrend. The RSI is in the neutral range, and the volume ratio is slightly above 1, suggesting some buying interest but not enough to reverse the trend.",116.05,118.67,39.7,-1.2693,1391869,1.11,19.4,15.1,2.65,-2.21,-1,0.06,0.19,-0.13
Day-362,Qwen/Qwen2.5-7B-Instruct,ENTJ,static,flat,42,0.92,flat,114.06,113.95028224051866,12048.074483622542,2124.3003067486197,87.00485864346766,HOLD,0.0,"The current price is below the short-term and medium-term moving averages, indicating a downtrend. The RSI is neutral, and there is no strong news sentiment to justify a trade at this time.",115.75,118.79,46.3,-1.2676,1283090,1.03,15.0,15.0,2.66,-2.56,-1,-0.03,0.05,-0.07
Day-363,Qwen/Qwen2.5-7B-Instruct,ENTJ,static,flat,42,0.92,flat,117.49,117.53274913927649,12346.501148769636,2124.3003067486197,87.00485864346766,HOLD,0.0,"The current price is slightly above the short-term moving average but below the long-term moving average, indicating a neutral trend. The RSI is in the middle range, and the volume ratio is close to neutral, suggesting no strong buying or selling pressure. Given these conditions, it's prudent to hold the position.",115.59,118.92,58.0,-0.978,1156388,0.94,21.8,15.0,2.67,-2.79,-1,0.13,0.1,0.04
Day-364,Qwen/Qwen2.5-7B-Instruct,ENTJ,static,flat,42,0.92,flat,117.56,117.31255789528005,12352.591488874677,2124.3003067486197,87.00485864346766,HOLD,0.0,"The RSI is neutral, and the implied volatility is moderate. Given the current trend and news sentiment, it's prudent to hold the position rather than make a decisive move.",115.42,119.0,61.8,-0.7351,1327171,1.08,25.5,15.0,2.66,-3.01,-1,-0.76,-0.09,-0.67
Day-365,Qwen/Qwen2.5-7B-Instruct,ENTJ,static,flat,42,0.92,flat,118.71,118.2943538316096,12452.647076314664,2124.3003067486197,87.00485864346766,HOLD,0.0,"The RSI is in a neutral range, and the price is slightly below the short-term moving average, indicating a potential pullback. Given the current market sentiment and volume, it's prudent to hold the position.",115.35,119.09,63.2,-0.4439,1116009,0.91,24.1,15.1,2.66,-3.14,-1,0.2,-0.08,0.28
Day-366,Qwen/Qwen2.5-7B-Instruct,ENTJ,static,flat,42,0.92,flat,120.5,119.97446423985323,12608.38577328647,2124.3003067486197,87.00485864346766,HOLD,0.0,"The RSI is neutral, and the price is slightly below the short-term moving average, indicating a potential pullback. Given the current cash reserves and portfolio value, it's prudent to hold and reassess the trend.",115.43,119.15,65.4,-0.0685,1007190,0.83,24.3,15.1,2.66,-3.12,-1,0.04,-0.08,0.12
Day-367,Qwen/Qwen2.5-7B-Instruct,ENTJ,static,flat,42,0.92,flat,119.45,119.05130238620991,12517.030671710832,2124.3003067486197,87.00485864346766,HOLD,0.0,"The RSI is neutral and the trend is slightly downward, suggesting a consolidation phase. Given the current market conditions, it's prudent to hold the position and reassess in the next cycle.",115.42,119.2,59.6,0.143,1382176,1.12,21.6,15.1,2.66,-3.17,-1,-0.07,-0.09,0.02
Day-368,Qwen/Qwen2.5-7B-Instruct,ENTJ,static,flat,42,0.92,flat,119.7,119.62195110402256,12538.7818863717,2124.3003067486197,87.00485864346766,HOLD,0.0,"The current price is slightly above the short-term moving average, and the RSI is neutral. Given the medium implied volatility and the lack of strong news sentiment, it's prudent to hold the position for now.",115.6,119.21,53.7,0.3269,1311871,1.05,26.1,15.0,2.66,-3.03,-1,0.61,0.01,0.61
Day-369,Qwen/Qwen2.5-7B-Instruct,ENTJ,static,flat,42,0.92,flat,119.53,119.68798245832599,12523.99106040231,2124.3003067486197,87.00485864346766,HOLD,0.0,"The current price is slightly above the short-term moving average, and the RSI is neutral. Given the medium implied volatility and negative news sentiment, it's prudent to hold the position for now.",115.92,119.25,57.4,0.4534,1381151,1.11,24.5,15.0,2.67,-2.79,-1,-0.2,0.12,-0.32
Day-370,Qwen/Qwen2.5-7B-Instruct,ENTJ,static,flat,42,0.92,flat,119.86,119.95800609428274,12552.702663754651,2124.3003067486197,87.00485864346766,HOLD,0.0,"The current trend is slightly downward, and the RSI is in a neutral range, suggesting no strong buy or sell signal. Given the medium-to-high risk appetite and the need for a clear trend confirmation, it's prudent to hold the position.",116.35,119.27,57.8,0.5739,1019469,0.83,19.7,15.0,2.67,-2.45,-1,-0.12,0.05,-0.17
Day-371,Qwen/Qwen2.5-7B-Instruct,ENTJ,static,flat,42,0.92,flat,118.05,118.15313491686175,12395.223869609978,2124.3003067486197,87.00485864346766,HOLD,0.0,"The current trend is slightly downward, and the RSI is in a neutral range. Given the medium-to-high implied volatility and the volume ratio, it's prudent to hold the position for now.",116.67,119.25,59.0,0.5171,1418559,1.15,16.5,15.0,2.67,-2.16,-1,0.6,0.16,0.43
Day-372,Qwen/Qwen2.5-7B-Instruct,ENTJ,static,flat,42,0.92,flat,118.83,118.24653683425801,12463.08765935188,2124.3003067486197,87.00485864346766,HOLD,0.0,"The current price is close to the short-term moving average, and the RSI is neutral. Given the medium implied volatility and negative news sentiment, it's prudent to hold the position for now.",117.03,119.25,58.2,0.529,1309763,1.06,15.4,15.1,2.65,-1.86,0,-0.25,0.13,-0.38
Day-373,Qwen/Qwen2.5-7B-Instruct,ENTJ,static,flat,42,0.92,flat,119.75,119.46598732397065,12543.13212930387,2124.3003067486197,87.00485864346766,HOLD,0.0,"The RSI is neutral and the volume ratio is normal, suggesting no strong buying or selling pressure. The current price is close to the short-term moving average, indicating a potential consolidation phase.",117.31,119.25,67.7,0.6057,1281697,1.05,14.2,15.0,2.66,-1.62,0,-0.17,-0.03,-0.14
Day-374,Qwen/Qwen2.5-7B-Instruct,ENTJ,static,flat,42,0.92,flat,121.92,123.02093917884646,12731.932672560197,2124.3003067486197,87.00485864346766,HOLD,0.0,"The current price is slightly above the short-term moving average, and the RSI is in a neutral range. Given the medium implied volatility and the slight negative news sentiment, it's prudent to hold the position for now.",117.51,119.31,64.2,0.8326,1312307,1.08,11.2,14.9,2.69,-1.5,0,-0.04,0.0,-0.05
Day-375,Qwen/Qwen2.5-7B-Instruct,ENTJ,static,flat,42,0.92,flat,125.62,125.44156023614939,13053.850649541026,7589.075478144823,43.50242932173383,SELL,0.5,"The RSI is overbought at 83.4, indicating potential for a correction. Selling 50% of the holdings can help mitigate potential losses.",117.98,119.35,83.4,1.296,1432216,1.16,8.3,15.0,2.66,-1.15,0,0.25,0.08,0.17
Day-376,Qwen/Qwen2.5-7B-Instruct,ENTJ,static,flat,42,0.92,flat,131.05,131.00082799871237,13290.068840758042,7589.075478144823,43.50242932173383,SELL,0.0,"The RSI is overbought at 86.8, indicating potential for a correction. With the current holdings, it is prudent to reduce exposure to avoid potential losses.",118.72,119.54,86.8,2.0771,1293468,1.04,7.5,15.0,2.67,-0.69,0,0.06,-0.03,0.09
Day-377,Qwen/Qwen2.5-7B-Instruct,ENTJ,static,flat,42,0.92,flat,129.04,129.04442081931793,13202.628957821356,7589.075478144823,43.50242932173383,SELL,0.0,"The RSI is overbought at 76.7, indicating potential for a correction. Given the current cash balance, it's prudent to reduce exposure to this asset.",119.47,119.73,76.7,2.5051,1290475,1.03,7.7,15.0,2.67,-0.22,0,-0.39,-0.06,-0.33
Day-378,Qwen/Qwen2.5-7B-Instruct,ENTJ,static,flat,42,0.92,flat,131.26,131.35493742464575,13299.204350915605,7589.075478144823,43.50242932173383,SELL,0.0,"The RSI is overbought at 78.8, indicating potential for a correction. The current trend is neutral with SMA20 and SMA60 converging, suggesting a lack of clear direction.",120.26,119.94,78.8,2.9888,1495339,1.18,7.5,15.0,2.67,0.27,0,-0.16,-0.06,-0.1
Day-379,Qwen/Qwen2.5-7B-Instruct,ENTJ,static,flat,42,0.92,flat,132.34,131.87703631647085,13346.186974583077,7589.075478144823,43.50242932173383,SELL,0.0,"The RSI is overbought at 78.7, indicating potential for a correction. Given the current holdings and market conditions, it is prudent to reduce exposure to avoid potential losses.",121.25,120.14,78.7,3.4197,1378365,1.07,12.3,15.1,2.66,0.92,0,-0.18,-0.08,-0.1
Day-380,Qwen/Qwen2.5-7B-Instruct,ENTJ,static,flat,42,0.92,flat,138.11,137.82241436689483,13597.195991769484,7589.075478144823,43.50242932173383,SELL,0.0,"The RSI is overbought at 81.8, indicating potential for a correction. Given the current cash balance and the slight negative news sentiment, it's prudent to reduce exposure.",122.31,120.41,81.8,4.1787,1221146,0.95,9.0,15.0,2.66,1.58,0,-0.02,-0.14,0.11
Day-381,Qwen/Qwen2.5-7B-Instruct,ENTJ,static,flat,42,0.92,flat,135.38,135.6529842278001,13478.434359721148,10533.754918932986,21.751214660866914,SELL,0.5,"The RSI is overbought, indicating potential for a correction. Reducing exposure to this asset is prudent given the current market conditions.",123.41,120.58,77.1,4.5079,1353698,1.05,10.8,15.0,2.67,2.34,1,0.13,-0.13,0.25
Day-382,Qwen/Qwen2.5-7B-Instruct,ENTJ,static,flat,42,0.92,flat,133.6,133.43381691751475,13439.717197624805,10533.754918932986,21.751214660866914,HOLD,0.0,"The current price is slightly above the short-term moving average, and the RSI is in the overbought zone, indicating potential for a pullback. Given the medium-to-high risk appetite and the need for patience, it's prudent to hold for now.",124.39,120.71,72.5,4.573,1194615,0.93,12.5,15.0,2.66,3.04,1,0.13,-0.02,0.15
Day-383,Qwen/Qwen2.5-7B-Instruct,ENTJ,static,flat,42,0.92,flat,131.57,131.88334061212188,13395.562231863245,7373.62844325309,45.76980914045873,BUY,0.3,"The price is below the short-term and medium-term moving averages, indicating a potential buy signal. The RSI is slightly overbought but not excessively so, and the implied volatility is low, suggesting room for growth.",125.09,120.87,68.4,4.4101,1114437,0.87,9.6,15.0,2.67,3.49,1,-0.53,-0.1,-0.44
Day-384,Qwen/Qwen2.5-7B-Instruct,ENTJ,static,flat,42,0.92,flat,125.84,126.4364529961394,13133.301225488416,5898.902754602472,57.48886261034603,BUY,0.2,"The price is slightly above the short-term moving average but below the long-term moving average, suggesting a potential buying opportunity. The RSI is in the neutral range, and the implied volatility is low, indicating stable market conditions.",125.5,120.89,57.8,3.7748,1298425,1.01,13.0,14.9,2.68,3.82,1,0.32,0.0,0.32
Day-385,Qwen/Qwen2.5-7B-Instruct,ENTJ,static,flat,42,0.92,flat,124.88,125.15146623853288,13078.111917382485,5898.902754602472,57.48886261034603,HOLD,0.0,"The RSI is neutral and the volume ratio is slightly above 1, indicating some buying interest. However, the trend is slightly bearish, and the price is not significantly below the SMA20, suggesting a cautious approach is warranted.",125.81,120.94,59.2,3.157,1464091,1.13,13.2,15.0,2.67,4.03,1,0.08,0.02,0.05
Day-386,Qwen/Qwen2.5-7B-Instruct,ENTJ,static,flat,42,0.92,flat,123.77,123.3026719716422,13014.299279885,5898.902754602472,57.48886261034603,HOLD,0.0,"The current price is slightly below the 20-day SMA but above the 60-day SMA, indicating a potential consolidation phase. The RSI is neutral, and the volume ratio is slightly above 1, suggesting some buying interest but not overwhelming. Given the medium implied volatility and the existing portfolio, it's prudent to hold for now.",125.98,120.91,56.6,2.549,1464569,1.11,16.3,15.1,2.66,4.19,1,0.42,0.08,0.33
Day-387,Qwen/Qwen2.5-7B-Instruct,ENTJ,static,flat,42,0.92,flat,124.22,123.71121722357779,13040.169268059657,5898.902754602472,57.48886261034603,HOLD,0.0,"The current price is slightly below the 20-day SMA but above the 60-day SMA, indicating a potential trend reversal. The RSI is neutral, and the volume ratio is low, suggesting caution. Given the current portfolio status and market conditions, it's prudent to hold.",126.21,120.88,56.0,2.079,1170952,0.89,15.9,15.1,2.66,4.42,1,0.13,0.08,0.05
Day-388,Qwen/Qwen2.5-7B-Instruct,ENTJ,static,flat,42,0.92,flat,124.86,124.59706811164692,13076.962140130277,5898.902754602472,57.48886261034603,HOLD,0.0,"The current price is slightly below the 20-day SMA but above the 60-day SMA, indicating a potential trend reversal. The RSI is neutral, and the volume ratio is close to 1, suggesting stable trading activity. Given the medium risk appetite and the need for clearer signals, it's prudent to hold the position.",126.47,120.92,54.1,1.7384,1263838,0.97,15.3,15.0,2.66,4.59,1,0.33,0.25,0.08
Day-389,Qwen/Qwen2.5-7B-Instruct,ENTJ,static,flat,42,0.92,flat,129.77,129.40001428445493,13359.232455547077,5898.902754602472,57.48886261034603,HOLD,0.0,"The current price is slightly above the short-term moving average, and the RSI is in a neutral range. Given the medium implied volatility and the low news sentiment, there isn't a strong enough signal to warrant a trade at this moment.",126.98,121.07,55.6,1.8432,1105817,0.85,15.2,15.0,2.66,4.88,1,0.14,0.22,-0.08
Day-390,Qwen/Qwen2.5-7B-Instruct,ENTJ,static,flat,42,0.92,flat,132.12,131.92280873454206,13494.331282681389,5898.902754602472,57.48886261034603,HOLD,0.0,"The current price is slightly above the short-term moving averages, and the RSI is neutral. Given the medium implied volatility and the lack of strong positive news sentiment, it's prudent to hold the position for now.",127.6,121.24,51.6,2.0923,1497815,1.14,11.6,15.0,2.66,5.24,1,0.4,0.28,0.12
Day-391,Qwen/Qwen2.5-7B-Instruct,ENTJ,static,flat,42,0.92,flat,130.22,130.44854999427247,13385.102443721731,5898.902754602472,57.48886261034603,HOLD,0.0,"The current price is slightly above the short-term moving average, and the RSI is neutral. Given the medium implied volatility and the existing portfolio value, it's prudent to hold and reassess in the next cycle.",128.21,121.4,51.8,2.1119,1490558,1.13,10.6,15.0,2.67,5.61,1,0.16,0.23,-0.08
Day-392,Qwen/Qwen2.5-7B-Instruct,ENTJ,static,flat,42,0.92,flat,128.33,128.16398831925542,13276.44849338818,5898.902754602472,57.48886261034603,HOLD,0.0,"The current price is slightly below the short-term moving average, but the RSI is neutral and the volume ratio is stable. Given the medium implied volatility and news sentiment, it's prudent to hold the position.",128.68,121.57,45.6,1.9526,1324754,1.0,11.8,15.0,2.66,5.85,1,-0.03,0.2,-0.23
Day-393,Qwen/Qwen2.5-7B-Instruct,ENTJ,static,flat,42,0.92,flat,129.7,129.4699730753942,13355.208235164351,5898.902754602472,57.48886261034603,HOLD,0.0,"The current price is slightly above the short-term moving average but below the long-term moving average, indicating a potential consolidation phase. The RSI is neutral, and the volume ratio is close to 1, suggesting no significant buying or selling pressure.",129.18,121.75,46.1,1.9148,1402207,1.06,8.7,15.0,2.66,6.1,1,0.68,0.27,0.41
Day-394,Qwen/Qwen2.5-7B-Instruct,ENTJ,static,flat,42,0.92,flat,126.44,126.13393542723179,13167.794543054624,5898.902754602472,57.48886261034603,HOLD,0.0,"The RSI indicates oversold conditions, but the trend is bearish with SMA20 above SMA60. Given the medium implied volatility and current volume ratio, it's prudent to hold and monitor the situation.",129.41,121.86,31.2,1.6029,1357550,1.02,12.1,15.0,2.66,6.2,1,0.27,0.3,-0.03
Day-395,Qwen/Qwen2.5-7B-Instruct,ENTJ,static,flat,42,0.92,flat,131.32,130.87903468929613,13448.340192593112,5898.902754602472,57.48886261034603,HOLD,0.0,"The current price is slightly above the short-term moving average, and the RSI is neutral. The market sentiment and volume ratio are also neutral, suggesting no strong buying or selling pressure. Given the medium-to-high risk appetite and the need for clear trends, it's prudent to hold the position.",129.69,122.08,43.9,1.7299,1296579,0.98,11.2,15.1,2.66,6.23,1,0.17,0.25,-0.08
Day-396,Qwen/Qwen2.5-7B-Instruct,ENTJ,static,flat,42,0.92,flat,134.26,134.04322193572852,13617.35744866753,5898.902754602472,57.48886261034603,HOLD,0.0,"The current price is slightly above the short-term moving average, and the RSI is neutral. Given the medium implied volatility and negative news sentiment, it's prudent to hold the position for now.",129.85,122.39,51.0,2.0442,1026673,0.78,9.3,15.0,2.66,6.1,1,-0.38,0.14,-0.52
Day-397,Qwen/Qwen2.5-7B-Instruct,ENTJ,static,flat,42,0.92,flat,132.99,132.83115184232335,13544.346593152392,5898.902754602472,57.48886261034603,HOLD,0.0,"The current price is slightly above the short-term moving average, and the RSI is neutral. Given the medium implied volatility and negative news sentiment, it's prudent to hold the position for now.",130.05,122.65,52.1,2.1658,1227382,0.94,13.7,15.0,2.66,6.03,1,-0.39,0.07,-0.46
Day-398,Qwen/Qwen2.5-7B-Instruct,ENTJ,static,flat,42,0.92,flat,128.81,128.3955965746112,13304.043147441145,5898.902754602472,57.48886261034603,HOLD,0.0,"The current price is slightly below the 20-day SMA but above the 60-day SMA, indicating a potential trend reversal. The RSI is neutral, and the volume ratio is close to 1, suggesting no significant buying or selling pressure. Given the medium-to-high risk appetite and the need for clear signals, it's prudent to hold the position.",129.93,122.91,54.6,1.9026,1337393,1.03,11.5,15.0,2.66,5.71,1,0.09,-0.05,0.14
Day-399,Qwen/Qwen2.5-7B-Instruct,ENTJ,static,flat,42,0.92,flat,131.95,131.95930024442805,13484.55817603763,5898.902754602472,57.48886261034603,HOLD,0.0,"The current price is slightly above the short-term moving average, and the RSI is in a neutral range. Given the medium implied volatility and the existing portfolio value, it is prudent to hold the current position without immediate action.",129.91,123.29,60.3,1.9256,1338765,1.03,8.2,15.0,2.67,5.37,1,0.04,-0.09,0.14
Day-400,Qwen/Qwen2.5-7B-Instruct,ENTJ,static,flat,42,0.92,flat,131.46,131.69685739978772,13456.388633358561,5898.902754602472,57.48886261034603,HOLD,0.0,"The current price is slightly above the short-term moving average, and the RSI is in a neutral range. Given the medium implied volatility and negative news sentiment, it's prudent to hold the position for now.",129.57,123.69,61.4,1.882,1186561,0.92,8.2,15.0,2.67,4.76,1,-0.18,-0.16,-0.02
Day-401,Qwen/Qwen2.5-7B-Instruct,ENTJ,static,flat,42,0.92,flat,135.0,135.03838520776418,13659.899206999187,2949.451377301236,79.33665059035519,BUY,0.5,"The price is above the short-term and medium-term moving averages, indicating a potential uptrend. The RSI is in the neutral range, suggesting the stock is not overbought or oversold, making it a good entry point.",129.56,124.16,64.7,2.109,1470845,1.13,7.5,15.0,2.67,4.35,1,0.04,-0.08,0.12
Day-402,Qwen/Qwen2.5-7B-Instruct,ENTJ,static,flat,42,0.92,flat,130.57,130.83938728415032,13308.437844883912,2949.451377301236,79.33665059035519,HOLD,0.0,"The current price is slightly above the short-term moving average, and the RSI is neutral. Given the medium implied volatility and the overall market sentiment, it's prudent to hold the position for now.",129.4,124.54,57.0,1.9096,1083678,0.84,10.9,15.0,2.67,3.91,1,0.48,0.09,0.38
Day-403,Qwen/Qwen2.5-7B-Instruct,ENTJ,static,flat,42,0.92,flat,129.14,129.31910335035258,13194.986434539704,2949.451377301236,79.33665059035519,HOLD,0.0,"The current price is slightly below the short-term moving average, but the RSI is neutral and the volume ratio is close to 1, indicating stable trading activity. Given the medium implied volatility and neutral news sentiment, there isn't a strong case for immediate action.",129.28,124.83,49.1,1.6172,1250179,0.96,8.2,15.0,2.67,3.56,1,0.21,0.12,0.09
Day-404,Qwen/Qwen2.5-7B-Instruct,ENTJ,static,flat,42,0.92,flat,129.33,129.37147189288868,13210.060398151873,2949.451377301236,79.33665059035519,HOLD,0.0,"The current price is slightly below the 20-day SMA but above the 60-day SMA, indicating a potential trend reversal. The RSI is neutral, and the volume ratio is close to 1, suggesting no significant buying or selling pressure. Given the medium risk appetite and the need for clearer signals, it's prudent to hold.",129.46,125.06,46.0,1.3855,1345441,1.03,7.6,15.0,2.67,3.51,1,-0.34,0.04,-0.38
Day-405,Qwen/Qwen2.5-7B-Instruct,ENTJ,static,flat,42,0.92,flat,129.33,129.5319417453902,13210.060398151873,2949.451377301236,79.33665059035519,HOLD,0.0,"The current price is slightly below the 20-day SMA but above the 60-day SMA, indicating a potential consolidation phase. The RSI is neutral, and the volume ratio is close to 1, suggesting no significant buying or selling pressure. Given the medium implied volatility and neutral news sentiment, it's prudent to hold the position.",129.68,125.33,48.7,1.1882,1348567,1.04,7.5,15.0,2.67,3.47,1,-0.03,0.07,-0.1
Day-406,Qwen/Qwen2.5-7B-Instruct,ENTJ,static,flat,42,0.92,flat,128.33,128.40973365959746,13130.723747561518,2949.451377301236,79.33665059035519,HOLD,0.0,"The current price is slightly below the 20-day SMA but above the 60-day SMA, indicating a potential trend reversal. The RSI is neutral, and the volume ratio is close to 1, suggesting no significant buying or selling pressure. Given the medium risk appetite and the need for clearer signals, it's prudent to hold the position.",129.91,125.57,50.0,0.9402,1324319,1.02,7.5,15.0,2.67,3.46,1,-0.24,0.01,-0.26
Day-407,Qwen/Qwen2.5-7B-Instruct,ENTJ,static,flat,42,0.92,flat,129.58,130.05834979700404,13229.894560799461,2949.451377301236,79.33665059035519,HOLD,0.0,"The current price is slightly below the 20-day SMA but above the 60-day SMA, indicating a potential consolidation. The RSI is neutral, and the volume ratio is slightly below average, suggesting caution. Given the medium-to-high implied volatility and negative news sentiment, it's prudent to hold rather than act on the current trend.",130.18,125.88,49.8,0.835,1137644,0.88,7.5,14.9,2.68,3.42,1,-0.12,-0.1,-0.01
Day-408,Qwen/Qwen2.5-7B-Instruct,ENTJ,static,flat,42,0.92,flat,127.4,127.34892826947014,13056.940662512487,2949.451377301236,79.33665059035519,HOLD,0.0,"The current price is slightly below the 20-day SMA but above the 60-day SMA, indicating a potential trend reversal. The RSI is neutral, and the volume ratio is slightly below average, suggesting caution. Given the medium-to-high implied volatility and negative news sentiment, it's prudent to hold for now.",130.3,126.12,51.6,0.569,1078103,0.84,7.5,15.0,2.67,3.32,1,-0.12,-0.17,0.05
Day-409,Qwen/Qwen2.5-7B-Instruct,ENTJ,static,flat,42,0.92,flat,127.03,127.02490836158708,13027.586101794055,2949.451377301236,79.33665059035519,HOLD,0.0,"The current price is slightly below the short-term moving average, but the RSI is neutral and the implied volatility is low, suggesting no strong buying or selling pressure. Given the medium volume ratio and negative news sentiment, it's prudent to hold the position.",130.17,126.41,41.9,0.3241,1317970,1.02,7.5,15.0,2.67,2.98,1,-0.14,-0.13,-0.01
Day-410,Qwen/Qwen2.5-7B-Instruct,ENTJ,static,flat,42,0.92,flat,127.16,127.36909212156957,13037.8998663708,2949.451377301236,79.33665059035519,HOLD,0.0,"The current RSI indicates a neutral market condition, and the volume ratio is close to 1, suggesting no significant buying or selling pressure. Given the medium implied volatility and the slight negative news sentiment, it's prudent to hold the current position.",129.92,126.61,35.0,0.1396,1299651,1.01,7.5,15.0,2.67,2.61,1,-0.38,-0.2,-0.18
Day-411,Qwen/Qwen2.5-7B-Instruct,ENTJ,static,flat,42,0.92,flat,128.97,128.72494071474287,13181.499203939344,2949.451377301236,79.33665059035519,HOLD,0.0,"The current price is slightly below the short-term moving average, but the RSI is neutral and the volume ratio is low, indicating a lack of significant buying pressure. Given the medium implied volatility and negative news sentiment, it's prudent to hold the position for now.",129.86,126.92,41.7,0.1375,1089678,0.86,11.2,15.0,2.66,2.31,1,-0.04,-0.16,0.12
Day-412,Qwen/Qwen2.5-7B-Instruct,ENTJ,static,flat,42,0.92,flat,131.1,130.60926850076032,13350.486269696801,2949.451377301236,79.33665059035519,HOLD,0.0,"The current price is slightly above the short-term moving average, and the RSI is neutral. Given the medium-to-high implied volatility and the slight negative news sentiment, it's prudent to hold the position for now.",129.99,127.26,55.2,0.3041,1352569,1.07,15.7,15.1,2.66,2.15,1,-0.17,-0.17,0.0
Day-413,Qwen/Qwen2.5-7B-Instruct,ENTJ,static,flat,42,0.92,flat,126.85,127.74260502406835,13013.305504687793,2949.451377301236,79.33665059035519,HOLD,0.0,"The current RSI indicates a neutral market condition, and the volume ratio is close to 1, suggesting stable trading activity. Given the medium implied volatility and the neutral news sentiment, it's prudent to hold the current position.",129.85,127.45,39.0,0.0926,1227585,0.98,16.6,14.9,2.69,1.88,0,-0.88,-0.32,-0.56
Day-414,Qwen/Qwen2.5-7B-Instruct,ENTJ,static,flat,42,0.92,flat,123.55,123.91985892662143,12751.494557739621,2949.451377301236,79.33665059035519,HOLD,0.0,"The RSI indicates oversold conditions, but the trend is neutral with SMA20 and SMA60 crossing. Given the medium volume ratio and medium-to-high implied volatility, it's prudent to hold and observe further developments.",129.71,127.57,34.8,-0.3382,1333880,1.06,14.7,15.0,2.67,1.67,0,0.62,-0.17,0.79
Day-415,Qwen/Qwen2.5-7B-Instruct,ENTJ,static,flat,42,0.92,flat,126.82,127.16539908411133,13010.925405170081,2949.451377301236,79.33665059035519,HOLD,0.0,"The RSI is indicating a neutral market condition, and the volume ratio is slightly above 1, suggesting some buying interest. However, the current price is slightly above the short-term moving average, which could indicate a potential reversal. Given the medium implied volatility and the neutral sentiment, it's prudent to hold the current position.",129.48,127.73,34.1,-0.4107,1418683,1.13,13.5,15.0,2.67,1.37,0,0.33,-0.03,0.36
Day-416,Qwen/Qwen2.5-7B-Instruct,ENTJ,static,flat,42,0.92,flat,127.63,128.05180061552036,13075.18809214827,2949.451377301236,79.33665059035519,HOLD,0.0,"The current price is slightly below the short-term moving average, but the RSI is neutral and the volume ratio is low, indicating potential hesitation in the market. Given the medium implied volatility and negative news sentiment, it's prudent to hold the position.",129.15,127.88,43.4,-0.3983,1084864,0.86,13.5,15.0,2.68,1.0,0,-0.11,-0.04,-0.07
Day-417,Qwen/Qwen2.5-7B-Instruct,ENTJ,static,flat,42,0.92,flat,126.49,126.187026489656,12984.744310475264,2949.451377301236,79.33665059035519,HOLD,0.0,"The current price is slightly below the short-term moving average, but the RSI is neutral and the volume ratio is low, indicating a lack of significant buying interest. Given the medium implied volatility and neutral news sentiment, it's prudent to hold the position.",128.82,128.02,43.9,-0.4752,1009572,0.81,10.8,15.0,2.66,0.63,0,0.01,-0.01,0.01
Day-418,Qwen/Qwen2.5-7B-Instruct,ENTJ,static,flat,42,0.92,flat,130.12,130.20214224605567,13272.736352118252,2949.451377301236,79.33665059035519,HOLD,0.0,"The current price is slightly above the short-term moving averages, and the RSI is neutral. Given the medium implied volatility and negative news sentiment, it's prudent to hold the position for now.",128.89,128.22,51.5,-0.2403,1389551,1.11,13.2,15.0,2.67,0.52,0,-0.35,0.1,-0.45
Day-419,Qwen/Qwen2.5-7B-Instruct,ENTJ,static,flat,42,0.92,flat,130.43,130.54286964283796,13297.330713801264,2949.451377301236,79.33665059035519,HOLD,0.0,"The current price is slightly above the short-term moving averages, and the RSI is neutral. Given the medium implied volatility and the lack of strong news sentiment, it's prudent to hold the position for now.",128.81,128.44,52.1,-0.0282,1304848,1.04,12.2,15.0,2.67,0.29,0,0.51,0.08,0.43
Day-420,Qwen/Qwen2.5-7B-Instruct,ENTJ,static,flat,42,0.92,flat,133.04,133.69854741101523,13504.39937184209,2949.451377301236,79.33665059035519,HOLD,0.0,"The current price is slightly above the short-term moving averages, and the RSI is in a neutral range. Given the medium implied volatility and the existing portfolio holdings, it's prudent to hold the position.",128.89,128.71,58.6,0.3464,1349819,1.07,9.8,14.9,2.68,0.15,0,0.57,0.12,0.45
Day-421,Qwen/Qwen2.5-7B-Instruct,ENTJ,static,flat,42,0.92,flat,134.14,133.91938161190194,13591.669687491481,2949.451377301236,79.33665059035519,HOLD,0.0,"The RSI is in a neutral range, and the implied volatility is low, indicating no significant market movement. The current price is slightly above the short-term moving average, but the trend is not strong enough to justify a trade.",128.85,129.03,58.4,0.7238,1419077,1.13,10.6,15.0,2.66,-0.14,0,0.05,0.16,-0.11
Day-422,Qwen/Qwen2.5-7B-Instruct,ENTJ,static,flat,42,0.92,flat,138.89,139.59605737566935,13968.518777795667,2949.451377301236,79.33665059035519,HOLD,0.0,"The RSI is slightly overbought, and the implied volatility is moderate, suggesting caution. The current holdings are valued and do not warrant an immediate trade.",129.27,129.43,69.4,1.3897,1401405,1.1,17.1,14.9,2.68,-0.13,0,0.31,0.22,0.09
Day-423,Qwen/Qwen2.5-7B-Instruct,ENTJ,static,flat,42,0.92,flat,144.66,144.6272531260641,14426.291251702016,8687.871314501626,39.668325295177596,SELL,0.5,"The RSI is above 70, indicating overbought conditions, and the price is slightly above the short-term moving average, suggesting a potential reversal. Selling half the holdings helps manage risk.",130.04,129.93,75.2,2.3561,1480460,1.15,17.3,15.0,2.67,0.09,0,0.05,0.3,-0.24
Day-424,Qwen/Qwen2.5-7B-Instruct,ENTJ,static,flat,42,0.92,flat,144.08,143.95208217348792,14403.283623030815,6950.297051601301,51.72811334973288,BUY,0.2,"The price is above the short-term and long-term moving averages, indicating an upward trend. The RSI is slightly overbought but the P/E ratio is favorable and the implied volatility is low, suggesting potential for growth.",130.78,130.37,73.8,3.0398,1267967,0.99,13.5,15.0,2.66,0.31,0,-0.4,0.11,-0.52
Day-425,Qwen/Qwen2.5-7B-Instruct,ENTJ,static,flat,42,0.92,flat,147.38,146.8206685978606,14573.986397084933,6950.297051601301,51.72811334973288,HOLD,0.0,"The RSI is slightly overbought, and the implied volatility is low, suggesting potential for a pullback. Given the current cash reserves and portfolio value, it's prudent to hold and reassess the situation.",131.68,130.81,74.9,3.8041,1244247,0.97,12.3,15.1,2.66,0.67,0,-0.12,-0.02,-0.1
Day-426,Qwen/Qwen2.5-7B-Instruct,ENTJ,static,flat,42,0.92,flat,148.32,148.7726675229381,14622.61082363368,6950.297051601301,51.72811334973288,HOLD,0.0,"The RSI is above 70, indicating overbought conditions. The trend indicators are neutral, and the volume ratio is slightly below 1, suggesting lackluster trading activity. Given these factors, it's prudent to hold the position.",132.68,131.15,74.1,4.4344,1200943,0.95,10.5,15.0,2.67,1.17,0,0.04,-0.03,0.06
Day-427,Qwen/Qwen2.5-7B-Instruct,ENTJ,static,flat,42,0.92,flat,152.12,152.9470909306911,14819.177654362666,10884.737352981983,25.86405667486644,SELL,0.5,"The RSI is overbought at 85.7, indicating potential for a correction. Additionally, the news sentiment is slightly negative, which adds to the risk.",133.81,131.61,85.7,5.1815,1076845,0.85,8.2,14.9,2.68,1.67,0,-0.14,-0.11,-0.02
Day-428,Qwen/Qwen2.5-7B-Instruct,ENTJ,static,flat,42,0.92,flat,150.11,150.06875885960707,14767.190900446185,8163.553014736488,43.99199177742787,BUY,0.25,"The RSI is overbought, indicating potential for a correction. However, the medium-to-high implied volatility and positive news sentiment suggest potential for further gains. A moderate buy is justified to capture potential upside while managing risk.",134.94,131.99,89.0,5.5474,1286303,1.01,7.5,15.0,2.67,2.24,1,-0.07,-0.14,0.07
Day-429,Qwen/Qwen2.5-7B-Instruct,ENTJ,static,flat,42,0.92,flat,152.64,152.1876974462116,14878.490639643078,8163.553014736488,43.99199177742787,SELL,0.0,"The RSI is overbought at 88.8, indicating potential for a correction. Given the current market conditions, it's prudent to reduce exposure to avoid potential losses.",136.23,132.4,88.8,5.9722,1138506,0.9,7.5,15.0,2.66,2.89,1,-0.03,-0.06,0.04
Day-430,Qwen/Qwen2.5-7B-Instruct,ENTJ,static,flat,42,0.92,flat,155.8,155.49026115052126,15017.50533365975,6530.84241178919,54.47152067952862,BUY,0.2,"The RSI is overbought at 89.5, indicating potential for a correction. However, the medium-to-high implied volatility and positive news sentiment suggest potential for volatility and growth, justifying a moderate buy.",137.66,132.75,89.5,6.4892,1460653,1.14,7.5,15.0,2.66,3.7,1,-0.02,-0.04,0.02
Day-431,Qwen/Qwen2.5-7B-Instruct,ENTJ,static,flat,42,0.92,flat,150.21,150.1610388696639,14713.009533061186,10621.925972425188,27.23576033976431,SELL,0.5,"The RSI is overbought at 79.6, indicating potential for a correction. Additionally, the implied volatility is low, suggesting limited potential for significant price movement in the near term.",138.72,133.05,79.6,6.3746,1291595,1.0,7.5,15.0,2.67,4.26,1,0.02,-0.05,0.06
Day-432,Qwen/Qwen2.5-7B-Instruct,ENTJ,static,flat,42,0.92,flat,146.45,146.69317204703972,14610.603074183671,10621.925972425188,27.23576033976431,HOLD,0.0,"The RSI is slightly overbought, and the implied volatility is relatively low, suggesting caution. The current holdings should be maintained until clearer signals emerge.",139.49,133.3,70.3,5.9119,1296420,1.01,14.9,15.0,2.67,4.64,1,-0.32,-0.08,-0.23
Day-433,Qwen/Qwen2.5-7B-Instruct,ENTJ,static,flat,42,0.92,flat,141.22,140.87296077925714,14468.160047606703,7966.44447931889,46.03962305826238,BUY,0.25,"The price is slightly above the 20-day SMA but below the 60-day SMA, indicating a potential trend reversal. The RSI is in the neutral zone, suggesting no overbought or oversold conditions. Given the medium-to-high risk appetite and the potential for growth, a modest buy is warranted.",140.21,133.5,61.9,5.065,1177462,0.92,12.9,15.0,2.66,5.02,1,-0.22,-0.11,-0.1
Day-434,Qwen/Qwen2.5-7B-Instruct,ENTJ,static,flat,42,0.92,flat,139.66,140.15800034971474,14396.338235635814,7966.44447931889,46.03962305826238,HOLD,0.0,"The current price is slightly below the 20-day SMA but above the 60-day SMA, indicating a potential trend reversal. The RSI is neutral, and the volume ratio is low, suggesting caution. Given the medium-to-high risk appetite and the need for clear signals, it's prudent to hold.",141.01,133.77,57.5,4.2195,1025994,0.81,15.2,14.9,2.68,5.41,1,-0.39,-0.19,-0.2
Day-435,Qwen/Qwen2.5-7B-Instruct,ENTJ,static,flat,42,0.92,flat,142.4,142.2265495006391,14522.486802815454,6373.155583455113,57.2284495741597,BUY,0.2,"The price is slightly above the short-term moving average but below the long-term moving average, indicating a potential buying opportunity. The RSI is in the neutral zone, suggesting the stock is not overbought or oversold.",141.79,134.12,59.0,3.7274,1015871,0.82,11.0,15.0,2.66,5.72,1,0.29,-0.12,0.42
Day-436,Qwen/Qwen2.5-7B-Instruct,ENTJ,static,flat,42,0.92,flat,146.93,146.60887790746062,14781.731679386397,6373.155583455113,57.2284495741597,HOLD,0.0,"The current market sentiment and technical indicators suggest a balanced market. The RSI is in the neutral range, and the volume ratio is close to 1, indicating no significant buying or selling pressure. Given the medium-to-high risk appetite and the current cash position, it is prudent to hold the current holdings.",142.76,134.59,58.8,3.661,1211667,0.97,19.3,15.0,2.66,6.07,1,-0.63,-0.25,-0.38
Day-437,Qwen/Qwen2.5-7B-Instruct,ENTJ,static,flat,42,0.92,flat,147.48,146.87035251419732,14813.207326652184,6373.155583455113,57.2284495741597,HOLD,0.0,"The current price is slightly above the short-term moving average, and the RSI is in a neutral range. Given the medium implied volatility and the volume ratio, there's no strong signal to enter a trade at this moment.",143.81,135.05,53.5,3.6105,1042282,0.83,17.2,15.1,2.66,6.48,1,0.35,-0.12,0.46
Day-438,Qwen/Qwen2.5-7B-Instruct,ENTJ,static,flat,42,0.92,flat,153.56,151.77855033746195,15161.156300063074,3186.5777917275564,77.9798027372722,BUY,0.5,"The price is below the short-term moving average, indicating a potential buying opportunity. The RSI is in a neutral range, suggesting the stock is not overbought or oversold.",144.98,135.63,60.4,4.0152,1303423,1.04,19.4,15.2,2.64,6.89,1,0.42,0.01,0.41
Day-439,Qwen/Qwen2.5-7B-Instruct,ENTJ,static,flat,42,0.92,flat,147.97,147.69074454411438,14725.249202761723,3186.5777917275564,77.9798027372722,HOLD,0.0,"The current price is slightly above the short-term moving average, and the RSI is neutral. Given the medium implied volatility and negative news sentiment, it's prudent to hold the position for now.",145.85,135.99,50.6,3.8402,1440486,1.15,21.1,15.0,2.66,7.25,1,-0.09,0.07,-0.16
Day-440,Qwen/Qwen2.5-7B-Instruct,ENTJ,static,flat,42,0.92,flat,142.49,142.78683801601284,14297.919883761471,3186.5777917275564,77.9798027372722,HOLD,0.0,"The current price is slightly below the 20-day SMA but above the 60-day SMA, indicating a potential trend reversal. The RSI is neutral, and the implied volatility is moderate, suggesting no strong directional bias. Given the current portfolio status and market conditions, it is prudent to hold the position.",146.33,136.2,44.5,3.2227,1441457,1.14,17.3,15.0,2.67,7.44,1,-0.78,-0.15,-0.63
Day-441,Qwen/Qwen2.5-7B-Instruct,ENTJ,static,flat,42,0.92,flat,142.66,142.6710914006598,14311.176450226809,3186.5777917275564,77.9798027372722,HOLD,0.0,"The current price is slightly below the 20-day SMA but above the 60-day SMA, indicating a potential trend reversal. The RSI is neutral, and the volume ratio is close to 1, suggesting no significant buying or selling pressure. Given the medium-to-high risk appetite and the need for clear signals, it's prudent to hold the position.",146.75,136.45,40.3,2.7153,1329522,1.06,14.7,15.0,2.67,7.55,1,-0.11,-0.04,-0.06
Day-442,Qwen/Qwen2.5-7B-Instruct,ENTJ,static,flat,42,0.92,flat,142.78,143.81434974359476,14320.53402655528,3186.5777917275564,77.9798027372722,HOLD,0.0,"The current price is slightly below the 20-day SMA but above the 60-day SMA, indicating a potential trend reversal. The RSI is neutral, and the volume ratio is slightly below 1, suggesting caution. Given the medium-to-high implied volatility and the slight negative news sentiment, it's prudent to hold the position for now.",146.95,136.74,42.2,2.2963,1105615,0.89,17.6,14.9,2.69,7.47,1,-0.02,-0.12,0.1
Day-443,Qwen/Qwen2.5-7B-Instruct,ENTJ,static,flat,42,0.92,flat,143.44,143.76346357448472,14372.00069636188,3186.5777917275564,77.9798027372722,HOLD,0.0,"The current price is slightly below the 20-day SMA but above the 60-day SMA, indicating a potential consolidation. The RSI is in the neutral range, and the volume ratio is slightly above 1, suggesting some buying interest. Given the medium-to-high risk appetite and the need for clear trend confirmation, it's prudent to hold.",146.89,137.01,39.8,1.9947,1431498,1.15,14.0,15.0,2.67,7.21,1,-0.3,-0.26,-0.04
Day-444,Qwen/Qwen2.5-7B-Instruct,ENTJ,static,flat,42,0.92,flat,137.84,137.98162069796848,13935.313801033157,3186.5777917275564,77.9798027372722,HOLD,0.0,"The current price is below the short-term and long-term moving averages, and the RSI is in the oversold region, suggesting a potential rebound. However, the implied volatility is low, and the news sentiment is slightly negative, indicating cautiousness. Given these factors, it is prudent to hold the position for now.",146.57,137.24,31.1,1.2886,1443046,1.16,10.7,15.0,2.67,6.8,1,-0.15,-0.27,0.12
Day-445,Qwen/Qwen2.5-7B-Instruct,ENTJ,static,flat,42,0.92,flat,137.6,137.77722816765888,13916.59864837621,3186.5777917275564,77.9798027372722,HOLD,0.0,"The current price is below the short-term and long-term moving averages, and the RSI indicates a neutral to slightly oversold condition. Given the medium implied volatility and the lack of strong positive news sentiment, it's prudent to hold the position for now.",146.08,137.36,35.1,0.702,1098326,0.89,10.1,15.0,2.67,6.35,1,0.46,-0.03,0.48
Day-446,Qwen/Qwen2.5-7B-Instruct,ENTJ,static,flat,42,0.92,flat,134.33,134.2694634654685,13661.604693425332,3186.5777917275564,77.9798027372722,HOLD,0.0,"The current price is below the short-term and long-term moving averages, and the RSI is in the oversold region, suggesting a potential rebound. However, the volume ratio is slightly above 1, indicating some buying interest but not strong enough to justify a purchase. Given the medium implied volatility and the P/E ratio, the market sentiment is neutral, and there is no clear signal to buy or sell.",145.39,137.37,35.5,-0.0266,1368713,1.1,11.7,15.0,2.67,5.84,1,0.2,0.04,0.16
Day-447,Qwen/Qwen2.5-7B-Instruct,ENTJ,static,flat,42,0.92,flat,135.82,136.12072191202077,13777.794599503864,3186.5777917275564,77.9798027372722,HOLD,0.0,"The current price is below the short-term moving average, indicating a potential downtrend. The RSI is neutral, and the volume ratio is slightly below average, suggesting caution. Given the current market sentiment and the portfolio's cash position, it's prudent to hold rather than make a new trade.",144.57,137.42,42.9,-0.4784,1143259,0.91,11.1,15.0,2.67,5.2,1,-0.28,-0.02,-0.26
Day-448,Qwen/Qwen2.5-7B-Instruct,ENTJ,static,flat,42,0.92,flat,137.66,137.16356489547815,13921.277436540448,3186.5777917275564,77.9798027372722,HOLD,0.0,"The current price is slightly below the short-term moving average, but the RSI is neutral and the volume ratio is slightly above 1, indicating some buying interest. Given the medium risk appetite and the need for clear trend confirmation, it is prudent to hold the position.",143.95,137.6,47.4,-0.68,1401320,1.11,13.3,15.1,2.66,4.61,1,-0.48,-0.05,-0.43
Day-449,Qwen/Qwen2.5-7B-Instruct,ENTJ,static,flat,42,0.92,flat,134.65,134.6496907165077,13686.558230301256,3186.5777917275564,77.9798027372722,HOLD,0.0,"The current price is below the short-term moving average, and the RSI is neutral, suggesting a lack of strong buying or selling pressure. Given the medium-to-high risk appetite and the need for clear trend confirmation, it's prudent to hold the position.",143.05,137.65,40.0,-1.0702,1498618,1.17,9.4,15.0,2.67,3.92,1,-0.1,-0.04,-0.06
Day-450,Qwen/Qwen2.5-7B-Instruct,ENTJ,static,flat,42,0.92,flat,133.31,133.31292496530563,13582.065294633314,3186.5777917275564,77.9798027372722,HOLD,0.0,"The current price is below the short-term and medium-term moving averages, and the RSI indicates oversold conditions. However, the P/E ratio is reasonable, and the implied volatility is low, suggesting that the market is not showing significant fear or excitement. Given the medium volume ratio and negative news sentiment, it is prudent to hold the position for further confirmation of a trend reversal.",141.92,137.69,30.8,-1.4707,1015013,0.81,10.1,15.0,2.67,3.07,1,-0.06,-0.14,0.08
Day-451,Qwen/Qwen2.5-7B-Instruct,ENTJ,static,flat,42,0.92,flat,130.47,130.55765285399477,13360.60265485946,3186.5777917275564,77.9798027372722,HOLD,0.0,"The current RSI indicates oversold conditions, but the price is below the short-term moving average, suggesting a potential reversal may not be imminent. Given the medium implied volatility and the existing portfolio, it is prudent to hold the current positions.",140.94,137.6,27.5,-1.9943,1448682,1.15,8.1,15.0,2.67,2.42,1,0.15,-0.15,0.3
Day-452,Qwen/Qwen2.5-7B-Instruct,ENTJ,static,flat,42,0.92,flat,130.5,130.43321477377393,13362.942048941579,8274.759920334567,38.9899013686361,SELL,0.5,"The RSI is extremely low, indicating oversold conditions. The price is significantly below the short-term moving average, suggesting a potential reversal. Reducing exposure to this asset is prudent.",140.14,137.6,13.6,-2.3794,1311315,1.04,12.7,15.0,2.67,1.85,0,-0.16,-0.13,-0.03
Day-453,Qwen/Qwen2.5-7B-Instruct,ENTJ,static,flat,42,0.92,flat,133.27,132.98870209921574,13470.944075732701,4137.379960167284,70.03499749054863,BUY,0.5,"The price is below the short-term moving average and the RSI is in the oversold region, indicating potential for a rebound. The medium-to-high implied volatility suggests market uncertainty, which could lead to significant price movements.",139.74,137.68,24.5,-2.4326,1486691,1.16,10.4,15.0,2.66,1.5,0,0.15,-0.0,0.16
Day-454,Qwen/Qwen2.5-7B-Instruct,ENTJ,static,flat,42,0.92,flat,130.11,130.43169203792024,13249.633483662567,2068.689980083642,85.93454387502055,BUY,0.5,"The price is below the short-term moving average, indicating a potential buy opportunity. The RSI is low, suggesting the stock is oversold and could rebound.",139.26,137.7,26.7,-2.6987,1232504,0.96,11.0,15.0,2.67,1.14,0,0.58,0.13,0.45
Day-455,Qwen/Qwen2.5-7B-Instruct,ENTJ,static,flat,42,0.92,flat,131.43,131.7927466269771,13363.067081577594,7715.878530830618,42.967271937510276,SELL,0.5,"The RSI is indicating oversold conditions, and the price is below the short-term moving average, suggesting a potential reversal. Selling half the holdings allows for a strategic exit while keeping an eye on the market.",138.71,137.74,29.7,-2.7717,1423693,1.09,16.7,15.0,2.67,0.71,0,0.24,0.19,0.05
Day-456,Qwen/Qwen2.5-7B-Instruct,ENTJ,static,flat,42,0.92,flat,130.31,130.4415762577311,13314.943737007583,3857.939265415309,72.5731292425161,BUY,0.5,"The price is below the short-term moving average and the RSI is in the oversold region, indicating potential for a rebound. The medium-to-high risk appetite aligns with the opportunity for significant gains.",137.88,137.78,28.3,-2.8866,1031197,0.79,13.4,15.0,2.67,0.08,0,-0.01,0.16,-0.18
Day-457,Qwen/Qwen2.5-7B-Instruct,ENTJ,static,flat,42,0.92,flat,127.76,128.42794122415557,13129.882257439165,1928.9696327076545,87.67151396940757,BUY,0.5,"The price is below the short-term moving averages and the RSI is in the oversold region, indicating potential for a rebound. The medium-to-high risk appetite aligns with the opportunity for significant gains.",136.9,137.74,24.4,-3.1469,1167639,0.89,14.9,14.9,2.68,-0.61,0,-0.05,0.18,-0.24
Day-458,Qwen/Qwen2.5-7B-Instruct,ENTJ,static,flat,42,0.92,flat,127.76,128.19177324389113,13129.882257439165,7529.42594507341,43.835756984703785,SELL,0.5,"The RSI is in oversold territory, indicating potential for a rebound. Selling half the holdings allows for potential gains if the trend reverses.",135.61,137.75,29.8,-3.3151,1033508,0.8,15.9,14.9,2.68,-1.55,0,-0.11,0.13,-0.24
Day-459,Qwen/Qwen2.5-7B-Instruct,ENTJ,static,flat,42,0.92,flat,125.31,125.60254602327807,13022.484652826643,3764.712972536705,73.87895363729899,BUY,0.5,"The price is below the short-term moving average and the RSI indicates overselling, suggesting a potential reversal. The medium-to-high implied volatility also suggests potential for significant movement.",134.47,137.71,27.4,-3.6047,1487671,1.15,18.6,15.0,2.67,-2.35,-1,0.35,0.08,0.27
Day-460,Qwen/Qwen2.5-7B-Instruct,ENTJ,static,flat,42,0.92,flat,124.69,124.25669397895678,12976.679701571516,8370.69633705411,36.939476818649496,SELL,0.5,"The price is below the short-term and medium-term moving averages, indicating a downtrend. The RSI is in the oversold region, suggesting a potential rebound is likely, hence a partial sell to lock in profits.",133.58,137.66,30.4,-3.8395,1408486,1.09,14.9,15.1,2.66,-2.96,-1,-0.19,-0.0,-0.19
Day-461,Qwen/Qwen2.5-7B-Instruct,ENTJ,static,flat,42,0.92,flat,121.47,121.35158345591286,12857.734586215465,6278.022252790583,54.16738563781084,BUY,0.25,"The price is below the short-term moving average and the RSI is in the oversold region, indicating potential for a rebound. The medium-to-high implied volatility suggests market uncertainty, which could lead to volatility-driven gains.",132.52,137.51,22.7,-4.2368,1426273,1.1,13.6,15.0,2.66,-3.63,-1,0.01,0.0,0.01
Day-462,Qwen/Qwen2.5-7B-Instruct,ENTJ,static,flat,42,0.92,flat,126.32,126.25282995813502,13120.446406558847,3139.0111263952913,79.01706206589263,BUY,0.5,"The price is below the short-term moving average and the RSI is in the oversold region, indicating potential for a rebound. The medium-to-high implied volatility suggests market uncertainty, which could lead to price movements.",131.7,137.42,30.6,-4.1132,1468982,1.12,9.8,15.0,2.67,-4.16,-1,0.02,0.02,-0.0
Day-463,Qwen/Qwen2.5-7B-Instruct,ENTJ,static,flat,42,0.92,flat,126.65,126.37981208677314,13146.522037040593,8142.766581717942,39.508531032946316,SELL,0.5,"The price is below the short-term and medium-term moving averages, indicating a downtrend. The RSI is in the oversold region, suggesting a potential reversal, but the volume is low, and news sentiment is negative, which justifies a cautious approach and a partial sell.",130.86,137.41,34.9,-3.9432,1042551,0.8,9.4,15.0,2.66,-4.77,-1,-0.15,0.01,-0.16
Day-464,Qwen/Qwen2.5-7B-Instruct,ENTJ,static,flat,42,0.92,flat,124.63,124.66089916499037,13066.71480435404,4071.383290858971,72.1762939380171,BUY,0.5,"The price is below the short-term and medium-term moving averages, indicating a potential buy opportunity. The RSI is in the oversold region, suggesting the stock may rebound.",130.2,137.44,34.1,-3.9261,1192798,0.93,7.5,15.0,2.67,-5.26,-1,-0.41,-0.14,-0.27
Day-465,Qwen/Qwen2.5-7B-Instruct,ENTJ,static,flat,42,0.92,flat,125.33,125.23310523313191,13117.238210110652,4071.383290858971,72.1762939380171,HOLD,0.0,"The current price is below the short-term and medium-term moving averages, indicating a downtrend. The RSI is in the neutral range, and there is no significant news sentiment to justify a trade at this time.",129.59,137.41,39.8,-3.8118,1035517,0.81,7.5,15.0,2.66,-5.69,-1,0.1,-0.09,0.18
Day-466,Qwen/Qwen2.5-7B-Instruct,ENTJ,static,flat,42,0.92,flat,124.96,124.98956846183908,13090.532981353586,4071.383290858971,72.1762939380171,HOLD,0.0,"The current trend is downward, and the RSI is in a neutral range, indicating no strong buying or selling pressure. Given the medium-to-high risk appetite and the need for a clear trend, it's prudent to hold the position for now.",129.12,137.35,39.1,-3.7086,1105396,0.87,9.2,15.0,2.67,-5.99,-1,-0.02,-0.09,0.08
Day-467,Qwen/Qwen2.5-7B-Instruct,ENTJ,static,flat,42,0.92,flat,124.54,124.47574647828623,13060.218937899619,8565.801114379296,36.08814696900855,SELL,0.5,"The price is below the short-term and medium-term moving averages, indicating a downtrend. The RSI is in the oversold region, suggesting potential for a rebound, but the trend suggests a cautious approach.",128.56,137.31,31.1,-3.6186,1114682,0.88,7.5,15.0,2.67,-6.38,-1,0.15,-0.07,0.22
Day-468,Qwen/Qwen2.5-7B-Instruct,ENTJ,static,flat,42,0.92,flat,125.83,126.05196260003315,13106.77264748964,4282.900557189648,70.12534443534923,BUY,0.5,"The price is below the short-term and medium-term moving averages, indicating a potential trend reversal. The RSI is in the neutral range, suggesting the stock may have room to rise.",127.96,137.23,39.9,-3.4041,1234553,0.98,11.4,15.0,2.67,-6.75,-1,-0.16,-0.07,-0.09
Day-469,Qwen/Qwen2.5-7B-Instruct,ENTJ,static,flat,42,0.92,flat,127.32,128.014607400632,13211.259410698312,4282.900557189648,70.12534443534923,HOLD,0.0,"The current trend is downward, and the RSI is in a neutral range, suggesting no strong buying or selling pressure. Given the medium-to-high risk appetite and the current market conditions, it is prudent to hold the position.",127.6,137.17,40.4,-3.0781,1134281,0.91,8.5,14.9,2.68,-6.98,-1,0.37,0.09,0.28
Day-470,Qwen/Qwen2.5-7B-Instruct,ENTJ,static,flat,42,0.92,flat,126.66,126.70155429500802,13164.97668337098,4282.900557189648,70.12534443534923,HOLD,0.0,"The current trend is downward, and the RSI is neutral, suggesting no strong buying or selling pressure. Given the medium-to-high risk appetite and the need for a clear trend to emerge, it's prudent to hold the position.",127.27,137.04,41.3,-2.8408,1050489,0.85,10.0,15.0,2.67,-7.13,-1,-0.26,0.01,-0.28
Day-471,Qwen/Qwen2.5-7B-Instruct,ENTJ,static,flat,42,0.92,flat,125.78,125.28836368610699,13103.266380267876,4282.900557189648,70.12534443534923,HOLD,0.0,"The current price is below the short-term and medium-term moving averages, indicating a downtrend. The RSI is neutral, and the volume ratio is low, suggesting cautious market sentiment. Given these factors, it's prudent to hold the position and reassess in the next cycle.",127.03,136.87,44.9,-2.6927,1083745,0.89,10.3,15.1,2.66,-7.19,-1,0.51,0.12,0.39
Day-472,Qwen/Qwen2.5-7B-Instruct,ENTJ,static,flat,42,0.92,flat,125.03,124.63842629223907,13050.672371941364,4282.900557189648,70.12534443534923,HOLD,0.0,"The current price is below the short-term and medium-term moving averages, indicating a downtrend. The RSI is neutral, and the volume ratio is low, suggesting caution. Given the current market sentiment, it's prudent to hold rather than make a decisive move.",126.76,136.59,43.2,-2.6053,1073637,0.89,12.8,15.0,2.66,-7.2,-1,-0.52,-0.01,-0.51
Day-473,Qwen/Qwen2.5-7B-Instruct,ENTJ,static,flat,42,0.92,flat,119.51,119.0660680472579,12663.580470658235,4282.900557189648,70.12534443534923,HOLD,0.0,"The price is below the short-term and medium-term moving averages, indicating a downward trend. The RSI is in the oversold region, suggesting potential for a rebound, but the current market sentiment and volume ratio do not justify an immediate trade.",126.07,136.09,37.5,-2.9476,1486538,1.23,13.9,15.1,2.66,-7.36,-1,0.13,0.04,0.09
Day-474,Qwen/Qwen2.5-7B-Instruct,ENTJ,static,flat,42,0.92,flat,116.06,115.54669240069886,12421.64803235628,8352.274294772964,35.06267221767462,SELL,0.5,"The price is below the short-term and long-term moving averages, indicating a downtrend. The RSI is in the oversold region, suggesting a potential reversal, but the trend is still negative, warranting a partial sell.",125.37,135.53,33.4,-3.4576,1379646,1.13,12.4,15.1,2.65,-7.5,-1,0.14,-0.0,0.14
Day-475,Qwen/Qwen2.5-7B-Instruct,ENTJ,static,flat,42,0.92,flat,118.82,118.78465083169827,12518.421007677061,8352.274294772964,35.06267221767462,HOLD,0.0,"The current trend is downward, and the RSI is neutral, indicating a lack of strong buying or selling pressure. Given the medium-to-high risk appetite and the need for a clear trend before making a move, it's prudent to hold the position.",124.74,134.96,44.8,-3.5972,1483880,1.21,13.6,15.0,2.67,-7.57,-1,-0.24,0.0,-0.24
Day-476,Qwen/Qwen2.5-7B-Instruct,ENTJ,static,flat,42,0.92,flat,122.87,122.79441707217717,12660.424830158645,8352.274294772964,35.06267221767462,HOLD,0.0,"The current price is below the short-term and medium-term moving averages, indicating a downtrend. The RSI is neutral, and there is no significant news sentiment to prompt an action.",124.36,134.45,43.0,-3.3432,1219870,0.99,11.0,15.0,2.67,-7.5,-1,0.13,-0.07,0.2
Day-477,Qwen/Qwen2.5-7B-Instruct,ENTJ,static,flat,42,0.92,flat,121.95,122.22099375530802,12628.167171718384,8352.274294772964,35.06267221767462,HOLD,0.0,"The current price is below the short-term and medium-term moving averages, indicating a downward trend. The RSI is in a neutral range, and the volume ratio is slightly below average, suggesting caution.",124.07,133.85,40.7,-3.1791,1139184,0.93,13.1,15.0,2.67,-7.3,-1,0.38,0.11,0.27
Day-478,Qwen/Qwen2.5-7B-Instruct,ENTJ,static,flat,42,0.92,flat,123.57,123.67559518169773,12684.968700711015,8352.274294772964,35.06267221767462,HOLD,0.0,"The current trend is downward, and the RSI is neutral, indicating a lack of strong buying or selling pressure. Given the medium-to-high implied volatility and negative news sentiment, it's prudent to hold the position.",123.86,133.32,47.9,-2.885,1399146,1.12,9.8,15.0,2.67,-7.09,-1,-0.67,-0.05,-0.62
Day-479,Qwen/Qwen2.5-7B-Instruct,ENTJ,static,flat,42,0.92,flat,124.84,124.48521734356308,12729.498294427463,8352.274294772964,35.06267221767462,HOLD,0.0,"The current RSI is neutral, and the volume ratio is slightly below average. Given the medium-to-high implied volatility and the trend showing a slight downward movement, it is prudent to hold the position for now.",123.84,132.76,49.0,-2.5205,1163126,0.94,17.3,15.0,2.66,-6.72,-1,0.15,-0.05,0.2
Day-480,Qwen/Qwen2.5-7B-Instruct,ENTJ,static,flat,42,0.92,flat,132.99,132.43137527799306,13015.25907300151,4176.137147386482,66.46456068587885,BUY,0.5,"The price is below the trend line, indicating a potential buy opportunity. The RSI is in the neutral range, and the implied volatility is low, suggesting potential for a trend reversal.",124.26,132.3,62.1,-1.5561,1149691,0.94,13.9,15.1,2.66,-6.08,-1,-0.75,-0.15,-0.6
Day-481,Qwen/Qwen2.5-7B-Instruct,ENTJ,static,flat,42,0.92,flat,135.42,135.47079568049568,13176.767955468194,4176.137147386482,66.46456068587885,HOLD,0.0,"The RSI is in a neutral range, and the implied volatility is low, suggesting no strong momentum or risk. The current price is slightly below the trend lines, but without a clear trend or significant news sentiment, it's prudent to hold.",124.95,132.01,65.4,-0.5888,1116252,0.93,10.6,15.0,2.67,-5.34,-1,-0.29,-0.23,-0.06
Day-482,Qwen/Qwen2.5-7B-Instruct,ENTJ,static,flat,42,0.92,flat,135.03,135.16520016219212,13150.846776800703,4176.137147386482,66.46456068587885,HOLD,0.0,"The RSI is in a neutral range, and the price is below the short-term moving average, indicating a potential downtrend. Given the current market sentiment and volume ratio, it's prudent to hold the position.",125.39,131.78,63.4,0.1448,1064839,0.9,8.8,15.0,2.67,-4.85,-1,0.49,-0.21,0.7
Day-483,Qwen/Qwen2.5-7B-Instruct,ENTJ,static,flat,42,0.92,flat,132.65,132.6463980484136,12992.661122368312,4176.137147386482,66.46456068587885,HOLD,0.0,"The current trend is slightly downward, and the RSI is neutral, indicating no strong buying or selling pressure. Given the medium-to-high risk appetite and the need for a clear trend to emerge, it's prudent to hold the position.",125.69,131.61,57.6,0.5275,1128231,0.95,7.5,15.0,2.67,-4.5,-1,-0.17,-0.11,-0.06
Day-484,Qwen/Qwen2.5-7B-Instruct,ENTJ,static,flat,42,0.92,flat,128.64,128.49088911718118,12726.138234017937,4176.137147386482,66.46456068587885,HOLD,0.0,"The current trend is slightly downward, and the RSI is neutral, indicating no strong buying or selling pressure. Given the medium-to-high risk appetite and the need for clear trends, it's prudent to hold the position for now.",125.89,131.39,52.6,0.5018,1177659,0.99,7.5,15.0,2.66,-4.18,-1,-0.35,-0.22,-0.14
Day-485,Qwen/Qwen2.5-7B-Instruct,ENTJ,static,flat,42,0.92,flat,128.69,129.0535291221482,12729.461462052232,4176.137147386482,66.46456068587885,HOLD,0.0,"The price is slightly below the 20-day SMA, indicating a potential reversal. However, the RSI is neutral, and the volume ratio is close to 1, suggesting no strong buying or selling pressure. Given the current market sentiment and the medium implied volatility, it's prudent to hold the position.",126.06,131.11,53.9,0.4801,1336997,1.11,7.5,15.0,2.67,-3.86,-1,-0.06,-0.08,0.02
Day-486,Qwen/Qwen2.5-7B-Instruct,ENTJ,static,flat,42,0.92,flat,126.45,127.15416625922155,12580.580846115863,4176.137147386482,66.46456068587885,HOLD,0.0,"The current price is slightly below the 20-day moving average but above the 60-day moving average, indicating a potential trend reversal. The RSI is neutral, and the volume ratio is low, suggesting caution. Given the medium-to-high risk appetite and the need for clearer signals, it's best to hold.",126.13,130.7,51.8,0.2787,1031282,0.86,9.2,14.9,2.68,-3.5,-1,0.62,0.1,0.52
Day-487,Qwen/Qwen2.5-7B-Instruct,ENTJ,static,flat,42,0.92,flat,123.44,123.62529591986396,12380.522518451367,4176.137147386482,66.46456068587885,HOLD,0.0,"The price is below the short-term and medium-term moving averages, and the RSI is neutral. Given the current market sentiment and implied volatility, it's prudent to hold the position rather than make a trade.",126.08,130.22,55.4,-0.1222,1105253,0.92,10.0,15.0,2.67,-3.18,-1,-0.55,-0.1,-0.45
Day-488,Qwen/Qwen2.5-7B-Instruct,ENTJ,static,flat,42,0.92,flat,121.55,122.07354926894587,12254.904498755055,4176.137147386482,66.46456068587885,HOLD,0.0,"The price is below the short-term and medium-term moving averages, and the RSI is neutral. Given the current market sentiment and implied volatility, it is prudent to hold the position rather than make a decisive move.",125.86,129.58,57.8,-0.5862,1404511,1.16,13.0,14.9,2.68,-2.87,-1,-0.32,-0.13,-0.18
Day-489,Qwen/Qwen2.5-7B-Instruct,ENTJ,static,flat,42,0.92,flat,119.2,119.49717917613964,12098.71278114324,4176.137147386482,66.46456068587885,HOLD,0.0,"The price is below the short-term and medium-term moving averages, indicating a downtrend. The RSI is neutral, and there is no strong sentiment or news to justify a trade at this time.",125.46,129.01,50.5,-1.1299,1073460,0.89,17.3,15.0,2.67,-2.75,-1,0.45,0.03,0.42
Day-490,Qwen/Qwen2.5-7B-Instruct,ENTJ,static,flat,42,0.92,flat,123.56,123.63523764087714,12388.498265733673,4176.137147386482,66.46456068587885,HOLD,0.0,"The price is below the short-term and medium-term moving averages, indicating a downtrend. The RSI is neutral, and there is no strong news sentiment to justify a trade at this time.",125.3,128.63,51.0,-1.1951,1171322,0.97,14.4,15.0,2.67,-2.59,-1,0.56,0.15,0.4
Day-491,Qwen/Qwen2.5-7B-Instruct,ENTJ,static,flat,42,0.92,flat,125.64,125.87236202424275,12526.7445519603,4176.137147386482,66.46456068587885,HOLD,0.0,"The trend is slightly downward, and the RSI is in a neutral range. Given the current market conditions, it's prudent to hold the position rather than make a risky trade.",125.3,128.29,55.1,-1.0666,1432329,1.17,15.1,15.0,2.67,-2.33,-1,-0.03,0.02,-0.05
Day-492,Qwen/Qwen2.5-7B-Instruct,ENTJ,static,flat,42,0.92,flat,126.87,125.89005427223674,12608.495961603932,4176.137147386482,66.46456068587885,HOLD,0.0,"The current price is slightly below the 20-day SMA, but the trend is slightly negative and the RSI is in a neutral range. Given the medium implied volatility and negative news sentiment, it's prudent to hold rather than make a decisive move.",125.39,127.97,54.6,-0.8561,1077462,0.88,20.2,15.1,2.65,-2.02,-1,-0.37,0.06,-0.43
Day-493,Qwen/Qwen2.5-7B-Instruct,ENTJ,static,flat,42,0.92,flat,129.88,129.7108605394246,12808.554289268426,4176.137147386482,66.46456068587885,HOLD,0.0,"The current price is slightly above the short-term moving average, and the RSI is in a neutral range. Given the medium implied volatility and neutral news sentiment, there's no strong indication to make a trade at this moment.",125.91,127.7,56.7,-0.441,1041368,0.86,15.9,15.0,2.66,-1.4,0,0.63,0.25,0.38
Day-494,Qwen/Qwen2.5-7B-Instruct,ENTJ,static,flat,42,0.92,flat,130.17,129.95070546534336,12827.82901186733,4176.137147386482,66.46456068587885,HOLD,0.0,"The price is slightly above the short-term moving averages, and the RSI is neutral. Given the current market conditions and the medium implied volatility, it's prudent to hold the position.",126.61,127.55,45.3,-0.0875,1242268,1.04,22.4,15.0,2.66,-0.73,0,0.48,0.25,0.23
Day-495,Qwen/Qwen2.5-7B-Instruct,ENTJ,static,flat,42,0.92,flat,128.09,127.76971036968656,12689.582725640705,4176.137147386482,66.46456068587885,HOLD,0.0,"The RSI is slightly oversold, but the volume ratio and news sentiment are neutral. The current price is close to the short-term moving averages, suggesting a potential trend continuation. Given the medium risk appetite and the need for clearer signals, it's prudent to hold the position.",127.08,127.36,37.5,0.0246,1151209,0.97,15.7,15.0,2.66,-0.22,0,0.2,0.18,0.02
Day-496,Qwen/Qwen2.5-7B-Instruct,ENTJ,static,flat,42,0.92,flat,131.2,131.76130462370764,12896.287509373786,4176.137147386482,66.46456068587885,HOLD,0.0,"The current price is slightly above the short-term moving averages, and the RSI is neutral. Given the medium implied volatility and the slight negative news sentiment, it's prudent to hold the position for now.",127.49,127.29,44.0,0.3599,1281704,1.08,14.7,14.9,2.68,0.16,0,-0.24,0.14,-0.38
Day-497,Qwen/Qwen2.5-7B-Instruct,ENTJ,static,flat,42,0.92,flat,133.6,133.22909806761243,13055.802455019895,4176.137147386482,66.46456068587885,HOLD,0.0,"The current price is slightly above the short-term moving averages, and the RSI is neutral. Given the medium implied volatility and the slight negative news sentiment, it's prudent to hold the position for now.",128.08,127.25,51.5,0.8098,1401902,1.17,10.7,15.0,2.66,0.65,0,-0.01,0.21,-0.23
Day-498,Qwen/Qwen2.5-7B-Instruct,ENTJ,static,flat,42,0.92,flat,130.51,130.53289515128768,12850.42696250053,4176.137147386482,66.46456068587885,HOLD,0.0,"The current price is slightly above the short-term moving averages, and the RSI is neutral. The market sentiment and volume ratio are also neutral, indicating no strong buying or selling pressure. Given these conditions, it is prudent to hold the current position.",128.42,127.11,53.0,0.9068,1068574,0.9,7.9,15.0,2.67,1.04,0,-0.05,0.08,-0.12
Day-499,Qwen/Qwen2.5-7B-Instruct,ENTJ,static,flat,42,0.92,flat,130.29,130.07594751985366,12835.804759149636,4176.137147386482,66.46456068587885,HOLD,0.0,"The current price is slightly above the short-term moving averages, and the RSI is neutral. Given the medium implied volatility and lack of significant news sentiment, it's prudent to hold the position.",128.7,127.02,52.6,0.9549,1290349,1.09,9.7,15.0,2.66,1.32,0,0.1,-0.0,0.1
Day-500,Qwen/Qwen2.5-7B-Instruct,ENTJ,static,flat,42,0.92,flat,127.57,127.85619125504265,12655.021154084046,4176.137147386482,66.46456068587885,HOLD,0.0,"The RSI is neutral, and the volume ratio is close to 1, indicating no significant buying or selling pressure. The current price is slightly above the short-term moving average but below the long-term moving average, suggesting a potential trend reversal. Given the current market conditions, it is prudent to hold the position.",128.42,126.9,51.8,0.7643,1252754,1.05,8.1,15.0,2.67,1.2,0,0.44,0.05,0.39
Day-501,Qwen/Qwen2.5-7B-Instruct,ENTJ,static,flat,42,0.92,flat,124.02,124.40596531826644,12419.071963649178,4176.137147386482,66.46456068587885,HOLD,0.0,"The current price is slightly below the short-term moving average, but the RSI is neutral and the volume ratio is low, indicating lack of significant buying interest. Given the medium implied volatility and neutral news sentiment, it's prudent to hold the position.",127.85,126.78,50.9,0.3231,1072039,0.9,7.5,15.0,2.68,0.85,0,0.26,0.15,0.12
Day-502,Qwen/Qwen2.5-7B-Instruct,ENTJ,static,flat,42,0.92,flat,126.97,126.76990642787318,12615.14241767252,4176.137147386482,66.46456068587885,HOLD,0.0,"The current price is slightly below the short-term moving average, but the RSI is neutral and the volume ratio is close to 1. Given the medium implied volatility and negative news sentiment, it's prudent to hold the position for now.",127.45,126.7,58.1,0.2096,1311999,1.09,7.5,15.0,2.66,0.59,0,-0.32,0.09,-0.41
Day-503,Qwen/Qwen2.5-7B-Instruct,ENTJ,static,flat,42,0.92,flat,131.84,131.74418049560998,12938.82482821275,4176.137147386482,66.46456068587885,HOLD,0.0,"The RSI is neutral at 67.6, and the volume ratio is slightly below 1, indicating lackluster trading activity. Given the current market conditions, it's prudent to hold the position.",127.41,126.68,67.6,0.5064,1136820,0.94,7.5,15.0,2.66,0.58,0,0.41,0.18,0.24
Day-504,Qwen/Qwen2.5-7B-Instruct,ENTJ,static,flat,42,0.92,flat,127.86,128.14861744172217,12674.295876682952,4176.137147386482,66.46456068587885,HOLD,0.0,"The RSI is neutral and the volume ratio is close to 1, indicating no significant buying or selling pressure. The current price is slightly above the short-term moving average, but the trend is not strong enough to warrant a trade.",127.37,126.63,56.0,0.4156,1243917,1.03,9.6,15.0,2.67,0.58,0,0.09,0.18,-0.08
Day-505,Qwen/Qwen2.5-7B-Instruct,ENTJ,static,flat,42,0.92,flat,129.42,129.63853126732627,12777.980591352922,4176.137147386482,66.46456068587885,HOLD,0.0,"The current price is slightly above the short-term moving averages, and the RSI is in a neutral range. Given the medium implied volatility and the lack of significant news sentiment, it's prudent to hold the position for now.",127.41,126.59,55.4,0.4643,1041136,0.87,7.5,15.0,2.67,0.65,0,0.21,0.13,0.08
Day-506,Qwen/Qwen2.5-7B-Instruct,ENTJ,static,flat,42,0.92,flat,128.33,128.00088750259397,12705.534220205316,4176.137147386482,66.46456068587885,HOLD,0.0,"The current price is slightly above the short-term and medium-term moving averages, and the RSI is neutral. Given the medium implied volatility and the lack of strong news sentiment, it's prudent to hold the position for now.",127.5,126.55,52.1,0.4099,1229792,1.02,8.7,15.0,2.66,0.75,0,0.44,0.17,0.27
Day-507,Qwen/Qwen2.5-7B-Instruct,ENTJ,static,flat,42,0.92,flat,126.46,126.79792656194573,12581.24549172272,4176.137147386482,66.46456068587885,HOLD,0.0,"The current price is slightly below the short-term moving average, but the RSI is neutral and the volume ratio is close to 1, indicating a balanced market. Given the medium implied volatility and negative news sentiment, it's prudent to hold the position for now.",127.65,126.53,44.9,0.2139,1153231,0.96,8.5,15.0,2.67,0.89,0,-0.33,0.16,-0.5
Day-508,Qwen/Qwen2.5-7B-Instruct,ENTJ,static,flat,42,0.92,flat,125.89,125.34210153737004,12543.360692131771,4176.137147386482,66.46456068587885,HOLD,0.0,"The current price is slightly below the 20-day SMA but above the 60-day SMA, indicating a neutral trend. The RSI is in the middle range, suggesting no overbought or oversold conditions. Given the medium-to-high risk appetite and the current market sentiment, it's prudent to hold the position.",127.87,126.49,43.7,0.0122,1411190,1.17,10.0,15.1,2.66,1.09,0,-0.01,0.08,-0.09
Day-509,Qwen/Qwen2.5-7B-Instruct,ENTJ,static,flat,42,0.92,flat,123.01,123.23178290526404,12351.942757356439,4176.137147386482,66.46456068587885,HOLD,0.0,"The current price is slightly below the short-term moving average, and the RSI is in a neutral range. Given the medium implied volatility and negative news sentiment, it's prudent to hold the position for now.",128.06,126.44,42.7,-0.3759,1028489,0.86,7.5,15.0,2.67,1.28,0,-0.16,0.03,-0.19
Day-510,Qwen/Qwen2.5-7B-Instruct,ENTJ,static,flat,42,0.92,flat,123.55,123.38844006466533,12387.833620126814,4176.137147386482,66.46456068587885,HOLD,0.0,"The current price is slightly below the SMA20, indicating a potential buying opportunity. However, the RSI is in a neutral range, and the implied volatility is low, suggesting no strong momentum. Given the medium volume and negative news sentiment, it's prudent to hold.",128.06,126.42,38.2,-0.6325,1209303,1.0,7.5,15.0,2.66,1.3,0,-0.47,-0.11,-0.36
Day-511,Qwen/Qwen2.5-7B-Instruct,ENTJ,static,flat,42,0.92,flat,121.3,121.39120459255854,12238.288358583584,8207.212752985033,33.232280342939426,SELL,0.5,"The RSI is indicating oversold conditions, and the price is below the short-term moving average, suggesting a potential reversal. Selling half the holdings allows for a strategic exit while keeping an eye on the market.",127.84,126.42,30.9,-1.0057,1229215,1.03,8.4,15.0,2.67,1.13,0,0.1,-0.17,0.28
Day-512,Qwen/Qwen2.5-7B-Instruct,ENTJ,static,flat,42,0.92,flat,122.25,122.08622564860943,12269.859024909376,4103.606376492517,66.79961266598659,BUY,0.5,"The price is below the short-term moving averages and the RSI indicates oversold conditions, suggesting a potential reversal. The medium-to-high implied volatility also supports the possibility of a significant move.",127.61,126.33,36.2,-1.2111,1362503,1.13,8.0,15.0,2.66,1.01,0,0.75,0.04,0.71
Day-513,Qwen/Qwen2.5-7B-Instruct,ENTJ,static,flat,42,0.92,flat,121.86,122.00021420534326,12243.807175969643,4103.606376492517,66.79961266598659,HOLD,0.0,"The current RSI indicates oversold conditions, but the price is below the short-term moving averages, suggesting a potential reversal may not be imminent. Given the medium-to-high risk appetite and the need for clearer signals, it's prudent to hold.",127.21,126.24,36.0,-1.3887,1287143,1.05,7.5,15.0,2.67,0.77,0,-0.55,-0.06,-0.49
Day-514,Qwen/Qwen2.5-7B-Instruct,ENTJ,static,flat,42,0.92,flat,121.41,121.45500191530915,12213.747350269947,4103.606376492517,66.79961266598659,HOLD,0.0,"The current price is slightly below the short-term moving averages, and the RSI is in a neutral range, suggesting no strong buying or selling pressure. Given the medium-to-high risk appetite and the need for clear trends, it's prudent to hold the position.",126.77,126.17,39.0,-1.548,1333606,1.09,7.7,15.0,2.67,0.47,0,-0.01,-0.03,0.03
Day-515,Qwen/Qwen2.5-7B-Instruct,ENTJ,static,flat,42,0.92,flat,119.32,119.30611275827965,12074.136159798036,4103.606376492517,66.79961266598659,HOLD,0.0,"The RSI is in a neutral range, and the volume ratio is slightly above 1, indicating some buying interest. However, the price is above the trend lines, suggesting a potential correction. Given the current cash reserves and portfolio value, it's prudent to hold and reassess after the market moves.",126.33,126.05,41.1,-1.822,1388524,1.12,11.6,15.0,2.67,0.22,0,0.19,0.1,0.09
Day-516,Qwen/Qwen2.5-7B-Instruct,ENTJ,static,flat,42,0.92,flat,117.62,117.97315985342469,11960.57681826586,4103.606376492517,66.79961266598659,HOLD,0.0,"The RSI indicates oversold conditions, but the price is below the short-term moving averages, suggesting a potential reversal might not be imminent. Given the current market sentiment and technical indicators, it's prudent to hold the position.",125.65,125.91,31.4,-2.1519,1431101,1.15,10.7,15.0,2.67,-0.2,0,0.04,0.08,-0.05
Day-517,Qwen/Qwen2.5-7B-Instruct,ENTJ,static,flat,42,0.92,flat,119.99,119.8049452734172,12118.891900284247,8111.249138388382,33.39980633299329,SELL,0.5,"The RSI indicates oversold conditions, suggesting a potential rebound. Given the current price is below the short-term moving averages and the volume ratio is slightly below 1, it's prudent to reduce exposure to this asset.",124.97,125.82,23.9,-2.1965,1156937,0.94,7.5,15.0,2.66,-0.67,0,-0.03,-0.07,0.04
Day-518,Qwen/Qwen2.5-7B-Instruct,ENTJ,static,flat,42,0.92,flat,120.86,121.04753358400133,12147.949731793951,10129.599435091166,16.699903166496647,SELL,0.5,"The RSI is in oversold territory, and the price is below the short-term moving averages, indicating a potential reversal. Reducing exposure to this asset is prudent.",124.49,125.72,32.1,-2.1374,1269011,1.02,11.2,15.0,2.67,-0.98,0,-0.39,-0.04,-0.35
Day-519,Qwen/Qwen2.5-7B-Instruct,ENTJ,static,flat,42,0.92,flat,118.64,118.73952198390505,12110.875946764329,5064.799717545583,59.39039303117621,BUY,0.5,"The price is below the short-term moving average and the RSI indicates oversold conditions, suggesting potential for a rebound. The medium-to-high implied volatility also supports a bullish outlook.",123.91,125.54,23.4,-2.2432,1420054,1.14,12.6,15.0,2.67,-1.3,0,0.07,-0.02,0.09
Day-520,Qwen/Qwen2.5-7B-Instruct,ENTJ,static,flat,42,0.92,flat,118.67,119.01134791619738,12112.657658555265,5064.799717545583,59.39039303117621,SELL,0.0,"The RSI is significantly below 30, indicating oversold conditions. The implied volatility is low, suggesting limited potential for a quick rebound. Given the current price and trend, it is prudent to sell to avoid potential losses.",123.46,125.38,24.8,-2.2982,1494725,1.19,10.2,15.0,2.67,-1.53,0,-0.23,-0.11,-0.12
Day-521,Qwen/Qwen2.5-7B-Instruct,ENTJ,static,flat,42,0.92,flat,120.01,120.8495751553816,12192.24078521704,8628.520251381311,29.695196515588105,SELL,0.5,"The price is below the short-term moving averages and the RSI is in oversold territory, indicating a potential reversal. Additionally, the negative news sentiment suggests a bearish outlook.",123.26,125.27,32.7,-2.2088,1444759,1.13,9.9,14.9,2.69,-1.6,0,-0.66,-0.25,-0.41
Day-522,Qwen/Qwen2.5-7B-Instruct,ENTJ,static,flat,42,0.92,flat,116.87,116.91632243362375,12098.997868158094,4314.2601256906555,66.61023138929954,BUY,0.5,"The price is below the short-term moving average and the RSI indicates overselling, suggesting potential for a rebound. The medium-to-high implied volatility also suggests potential for increased price movement.",122.76,125.1,28.7,-2.3639,1185733,0.93,7.8,15.0,2.67,-1.88,0,0.36,-0.17,0.53
Day-523,Qwen/Qwen2.5-7B-Instruct,ENTJ,static,flat,42,0.92,flat,118.83,118.22926816127153,12229.55392168112,4314.2601256906555,66.61023138929954,HOLD,0.0,"The current price is below the short-term and medium-term moving averages, indicating a downward trend. The RSI is in the neutral range, and there is no strong news sentiment to justify a trade at this time.",122.11,125.09,39.7,-2.3018,1097583,0.86,7.5,15.1,2.65,-2.39,-1,0.29,-0.03,0.32
Day-524,Qwen/Qwen2.5-7B-Instruct,ENTJ,static,flat,42,0.92,flat,116.9,116.70778128167825,12100.996175099772,4314.2601256906555,66.61023138929954,HOLD,0.0,"The current price is below the short-term and medium-term moving averages, and the RSI indicates oversold conditions. Given the low volume ratio and neutral news sentiment, it's prudent to hold the position until there is a clear trend reversal or further confirmation of the oversold condition.",121.56,125.11,34.7,-2.3807,1244696,0.98,7.5,15.0,2.66,-2.84,-1,0.02,-0.04,0.06
Day-525,Qwen/Qwen2.5-7B-Instruct,ENTJ,static,flat,42,0.92,flat,118.08,118.08269547111038,12179.596248139145,4314.2601256906555,66.61023138929954,HOLD,0.0,"The current price is below the short-term and medium-term moving averages, indicating a downtrend. The RSI is in a neutral range, and there is no strong news sentiment to justify a trade at this moment.",120.99,125.09,42.2,-2.3217,1370820,1.06,7.5,15.0,2.67,-3.28,-1,0.07,0.01,0.05
Day-526,Qwen/Qwen2.5-7B-Instruct,ENTJ,static,flat,42,0.92,flat,116.26,116.328723300534,12058.36562701062,4314.2601256906555,66.61023138929954,HOLD,0.0,"The current price is below the short-term and medium-term moving averages, indicating a downtrend. The RSI is in the oversold region, suggesting potential for a rebound, but the volume is low and news sentiment is neutral, making it prudent to hold rather than act on this signal.",120.39,124.96,36.1,-2.3938,1246284,0.97,7.5,15.0,2.67,-3.66,-1,0.32,0.21,0.11
Day-527,Qwen/Qwen2.5-7B-Instruct,ENTJ,static,flat,42,0.92,flat,112.24,112.23808375995606,11790.592496825637,4314.2601256906555,66.61023138929954,HOLD,0.0,"The current price is below the short-term and medium-term moving averages, and the RSI indicates oversold conditions. Given the medium-to-high implied volatility and the news sentiment, it's prudent to hold the position and await further confirmation of a trend reversal.",119.68,124.77,30.8,-2.7437,1241590,0.96,7.5,15.0,2.67,-4.08,-1,0.07,0.15,-0.08
Day-528,Qwen/Qwen2.5-7B-Instruct,ENTJ,static,flat,42,0.92,flat,108.89,108.67605820777277,11567.448221671482,7940.854173681069,33.30511569464977,SELL,0.5,"The price is below the short-term and long-term moving averages, indicating a downtrend. The RSI is in the oversold region, suggesting potential for a rebound, but the current position is riskier given the low volume ratio and negative trend.",118.83,124.47,27.6,-3.254,1419115,1.1,11.8,15.0,2.66,-4.54,-1,0.27,0.15,0.12
Day-529,Qwen/Qwen2.5-7B-Instruct,ENTJ,static,flat,42,0.92,flat,108.32,108.8132612107212,11548.464305725533,6352.683338944856,47.96695870366209,BUY,0.2,"The price is below the short-term moving average and the RSI indicates overselling, suggesting potential for a rebound. The medium-to-high risk appetite aligns with the opportunity for significant gains.",118.09,124.14,29.2,-3.6621,1180701,0.91,12.5,14.9,2.68,-4.87,-1,-0.09,0.13,-0.22
Day-530,Qwen/Qwen2.5-7B-Instruct,ENTJ,static,flat,42,0.92,flat,109.76,109.41277573058703,11617.536726258808,3176.341669472428,76.9059316398176,BUY,0.5,"The price is below the short-term moving average and the RSI is in the oversold region, indicating potential for a rebound. The medium-to-high implied volatility suggests market uncertainty, which could lead to volatility-driven gains.",117.4,123.68,35.0,-3.8253,1429897,1.09,9.4,15.0,2.66,-5.07,-1,0.39,0.19,0.2
Day-531,Qwen/Qwen2.5-7B-Instruct,ENTJ,static,flat,42,0.92,flat,107.77,107.48392813338046,11464.493922295569,7320.417795883999,38.4529658199088,SELL,0.5,"The price is below the short-term and medium-term moving averages, indicating a downtrend. The RSI is in the oversold region, suggesting potential for a bounce, but the overall trend is bearish, warranting a partial sell.",116.73,123.13,26.4,-4.0684,1203402,0.92,12.0,15.0,2.66,-5.2,-1,0.1,0.15,-0.05
Day-532,Qwen/Qwen2.5-7B-Instruct,ENTJ,static,flat,42,0.92,flat,109.16,108.89816503861769,11517.943544785243,3660.2088979419996,71.98364462113635,BUY,0.5,"The price is below the short-term moving average and the RSI indicates overselling, suggesting potential for a rebound. With a medium-to-high risk appetite and the current low volume, a strategic buy could capitalize on this opportunity.",116.07,122.61,27.8,-4.1013,1164116,0.9,11.1,15.0,2.66,-5.33,-1,0.06,0.15,-0.09
Day-533,Qwen/Qwen2.5-7B-Instruct,ENTJ,static,flat,42,0.92,flat,105.58,105.3705071442231,11260.242097041575,7460.225497491787,35.991822310568175,SELL,0.5,"The price is below the short-term and medium-term moving averages, indicating a downtrend. The RSI is in the oversold region, suggesting potential for a rebound, but the implied volatility and negative news sentiment add caution.",115.26,122.07,26.5,-4.3658,1226994,0.95,14.7,15.0,2.66,-5.58,-1,-0.38,0.02,-0.4
Day-534,Qwen/Qwen2.5-7B-Instruct,ENTJ,static,flat,42,0.92,flat,105.27,105.26291602514159,11249.084632125298,3730.1127487458934,71.42559022873948,BUY,0.5,"The price is below the short-term moving average and the RSI indicates overselling, suggesting potential for a rebound. With a medium-to-high risk appetite, a strategic buy could capitalize on this opportunity.",114.45,121.6,26.1,-4.5482,1381223,1.06,15.8,15.0,2.67,-5.88,-1,0.09,0.05,0.04
Day-535,Qwen/Qwen2.5-7B-Instruct,ENTJ,static,flat,42,0.92,flat,103.04,102.77486904753464,11089.805565915209,7409.9591573305515,35.71279511436974,SELL,0.5,"The price is below the short-term and medium-term moving averages, indicating a downward trend. The RSI is in the oversold region, suggesting a potential rebound, but the implied volatility is low, indicating market complacency which could lead to a sudden shift.",113.64,121.09,20.7,-4.8172,1063001,0.83,12.0,15.0,2.66,-6.15,-1,-0.25,-0.08,-0.17
Day-536,Qwen/Qwen2.5-7B-Instruct,ENTJ,static,flat,42,0.92,flat,101.77,101.47415509583679,11044.45031611996,3704.9795786652758,72.11821496958518,BUY,0.5,"The price is below the short-term and medium-term simple moving averages, indicating a potential reversal. The RSI is in the oversold region, suggesting a buying opportunity.",112.85,120.59,22.1,-5.0744,1098209,0.87,15.1,15.0,2.66,-6.42,-1,-0.19,-0.14,-0.06
Day-537,Qwen/Qwen2.5-7B-Instruct,ENTJ,static,flat,42,0.92,flat,101.47,101.60087119757331,11022.814851629084,7363.89721514718,36.05910748479259,SELL,0.5,"The price is below the short-term and medium-term moving averages, indicating a downtrend. The RSI is very low, suggesting the asset may be oversold, but the negative news sentiment and medium-to-high implied volatility indicate potential for further decline.",111.92,120.15,15.8,-5.2423,1475722,1.15,11.2,15.0,2.67,-6.85,-1,-0.24,-0.2,-0.05
Day-538,Qwen/Qwen2.5-7B-Instruct,ENTJ,static,flat,42,0.92,flat,99.72,99.89741831033649,10959.711413530697,3681.94860757359,72.98197759684223,BUY,0.5,"The price is below the trend line and the RSI is very low, indicating potential for a rebound. The medium implied volatility suggests moderate market activity, which could support a trade.",110.86,119.72,15.9,-5.4538,1087745,0.85,9.4,15.0,2.67,-7.39,-1,-0.32,-0.18,-0.14
Day-539,Qwen/Qwen2.5-7B-Instruct,ENTJ,static,flat,42,0.92,flat,99.19,99.16178732846474,10921.03096540437,7301.48978648898,36.490988798421114,SELL,0.5,"The price is below the short-term and long-term moving averages, indicating a downtrend. The RSI is very low, suggesting the asset may be oversold, but the current position size is reduced to avoid excessive risk.",109.89,119.32,11.5,-5.5992,1283863,1.01,9.3,15.0,2.67,-7.9,-1,0.64,-0.07,0.71
Day-540,Qwen/Qwen2.5-7B-Instruct,ENTJ,static,flat,42,0.92,flat,101.62,101.2080792224682,11009.704068184534,9155.596927336757,18.245494399210557,SELL,0.5,"The price is below the short-term and medium-term moving averages, indicating a downtrend. The RSI is in the oversold region, suggesting a potential reversal, but the volume ratio is neutral, and news sentiment is slightly positive, not strong enough to justify holding.",109.04,118.88,20.9,-5.456,1289657,1.03,7.9,15.1,2.66,-8.28,-1,0.4,0.06,0.34
Day-541,Qwen/Qwen2.5-7B-Instruct,ENTJ,static,flat,42,0.92,flat,99.77,100.07708614634392,10975.949903545994,10065.773415441376,9.122747199605278,SELL,0.5,"The price is below the short-term and long-term moving averages, indicating a downtrend. The RSI is in the oversold region, suggesting a potential reversal, but the current position is already in cash, so a partial sell is recommended to lock in some gains.",108.03,118.36,22.9,-5.4292,1244812,1.0,7.5,15.0,2.67,-8.73,-1,0.58,0.21,0.37
Day-542,Qwen/Qwen2.5-7B-Instruct,ENTJ,static,flat,42,0.92,flat,101.43,101.79434909788512,10991.093663897338,9059.196073897238,19.046609385784294,BUY,0.1,"The price is below the short-term and medium-term moving averages, indicating a potential trend reversal. The RSI suggests the stock is oversold, making it a good entry point for a long position.",107.25,117.85,32.5,-5.2138,1322372,1.05,7.5,14.9,2.68,-8.99,-1,-0.37,0.19,-0.55
Day-543,Qwen/Qwen2.5-7B-Instruct,ENTJ,static,flat,42,0.92,flat,99.59,99.5500423215391,10956.047902627495,8153.276466507514,28.143101075609813,BUY,0.1,"The price is below the short-term moving average and the RSI indicates oversold conditions, suggesting potential for a rebound. The low implied volatility and positive P/E ratio also support a bullish outlook.",106.29,117.25,30.7,-5.1321,1114913,0.89,7.5,15.0,2.67,-9.34,-1,0.02,0.25,-0.23
Day-544,Qwen/Qwen2.5-7B-Instruct,ENTJ,static,flat,42,0.92,flat,100.65,100.64067894436273,10985.879589767643,4076.638233253757,68.64621317947228,BUY,0.5,"The price is below the trend line and the RSI is in the oversold region, indicating potential for a rebound. The medium implied volatility suggests moderate market movement, making this a suitable entry point for a trend-following strategy.",105.48,116.65,29.5,-4.9249,1276331,1.02,7.5,15.0,2.67,-9.58,-1,-0.39,0.05,-0.44
Day-545,Qwen/Qwen2.5-7B-Instruct,ENTJ,static,flat,42,0.92,flat,103.66,103.6156014475087,11192.504691437854,4076.638233253757,68.64621317947228,HOLD,0.0,"The current trend is showing a decline, and the RSI is neutral, suggesting no strong buying or selling pressure. Given the medium-to-high risk appetite and the need for clear signals, it's prudent to hold the position.",104.76,116.17,41.1,-4.4667,1186086,0.95,7.5,15.0,2.67,-9.82,-1,-0.21,-0.07,-0.14
Day-546,Qwen/Qwen2.5-7B-Instruct,ENTJ,static,flat,42,0.92,flat,98.72,98.6477102751236,10853.39239833126,7465.015315792509,34.32310658973614,SELL,0.5,"The price is below the short-term and medium-term moving averages, indicating a downward trend. The RSI is in the oversold region, suggesting a potential rebound, but the implied volatility is low, indicating lack of market excitement, which is a concern.",103.88,115.52,30.5,-4.4511,1330833,1.06,8.4,15.0,2.66,-10.07,-1,-0.28,-0.24,-0.03
Day-547,Qwen/Qwen2.5-7B-Instruct,ENTJ,static,flat,42,0.92,flat,97.04,97.11706597015205,10795.729579260504,3732.5076578962544,72.78670570243456,BUY,0.5,"The price is below the trend line and the RSI is in the oversold region, indicating potential for a rebound. The medium implied volatility suggests moderate market movement, making this a suitable entry point for a trend-following strategy.",103.12,114.79,32.8,-4.5217,1070611,0.86,10.1,15.0,2.67,-10.16,-1,0.37,-0.1,0.47
Day-548,Qwen/Qwen2.5-7B-Instruct,ENTJ,static,flat,42,0.92,flat,98.96,98.27390794810474,10935.480054209178,7333.993856052716,36.39335285121728,SELL,0.5,"The trend is declining with both SMA20 and SMA60 moving downwards, indicating a potential bearish trend. The RSI is also below 30, suggesting oversold conditions, which may lead to a bounce but not a strong buy signal.",102.63,114.15,38.1,-4.3726,1285438,1.04,13.8,15.1,2.65,-10.1,-1,-0.12,-0.12,0.0
Day-549,Qwen/Qwen2.5-7B-Instruct,ENTJ,static,flat,42,0.92,flat,96.78,97.9050029925205,10856.142544993525,7333.993856052716,36.39335285121728,HOLD,0.0,"The current trend is downward, and the RSI is in a neutral range, suggesting no strong buying or selling pressure. Given the medium-to-high implied volatility and the trend against the current price, it's prudent to hold the position.",102.05,113.48,38.1,-4.38,1092635,0.89,21.1,14.8,2.7,-10.08,-1,0.32,0.02,0.3
Day-550,Qwen/Qwen2.5-7B-Instruct,ENTJ,static,flat,42,0.92,flat,98.14,98.66404247728654,10905.63750487118,7333.993856052716,36.39335285121728,HOLD,0.0,"The current trend is downward, and the RSI is neutral, suggesting no strong buying or selling pressure. Given the medium-to-high implied volatility and the slight negative trend, it's prudent to hold and reassess the situation.",101.47,112.9,43.1,-4.2272,1139321,0.94,19.0,14.9,2.68,-10.12,-1,0.18,0.1,0.09
Day-551,Qwen/Qwen2.5-7B-Instruct,ENTJ,static,flat,42,0.92,flat,97.44,97.50862786911149,10880.162157875327,7333.993856052716,36.39335285121728,HOLD,0.0,"The current price is below the trend lines and the RSI is neutral, indicating a potential reversal. However, the volume and news sentiment are not strong enough to justify a trade at this moment.",100.95,112.36,42.5,-4.1149,1109354,0.92,19.5,15.0,2.67,-10.16,-1,0.69,0.29,0.4
Day-552,Qwen/Qwen2.5-7B-Instruct,ENTJ,static,flat,42,0.92,flat,96.91,97.7069468883967,10860.873680864182,7333.993856052716,36.39335285121728,SELL,0.0,"The trend is declining with both SMA20 and SMA60 moving downward, indicating a potential sell signal. The current price is above the SMA20, suggesting overbought conditions and a risk of a correction.",100.34,111.76,44.5,-4.0229,1091418,0.9,14.6,14.9,2.69,-10.22,-1,-0.44,0.13,-0.57
Day-553,Qwen/Qwen2.5-7B-Instruct,ENTJ,static,flat,42,0.92,flat,97.34,97.43243038837255,10876.522822590206,7333.993856052716,36.39335285121728,HOLD,0.0,"The trend is showing a decline, and the RSI is neutral, indicating no strong buying or selling pressure. Given the current market conditions, it's prudent to hold the position and reassess in the next period.",99.93,111.07,46.4,-3.8701,1412855,1.16,15.5,15.0,2.67,-10.04,-1,0.38,0.23,0.15
Day-554,Qwen/Qwen2.5-7B-Instruct,ENTJ,static,flat,42,0.92,flat,100.81,99.7647343186037,11002.80775698393,3666.996928026358,72.76868196565393,BUY,0.5,"The price is below the 20-day SMA, indicating a potential trend reversal. The RSI is neutral, and the implied volatility suggests room for growth, justifying a moderate buy.",99.7,110.53,48.5,-3.4292,1142853,0.95,19.0,15.2,2.64,-9.8,-1,0.34,0.23,0.11
Day-555,Qwen/Qwen2.5-7B-Instruct,ENTJ,static,flat,42,0.92,flat,100.31,100.30375923690427,10966.423416001104,3666.996928026358,72.76868196565393,HOLD,0.0,"The trend is showing a decline, and the RSI is neutral, indicating no strong buying or selling pressure. Given the current market sentiment and volume ratio, it's prudent to hold the position.",99.57,109.95,51.1,-3.0846,1463561,1.19,15.7,15.0,2.67,-9.44,-1,-0.29,0.14,-0.43
Day-556,Qwen/Qwen2.5-7B-Instruct,ENTJ,static,flat,42,0.92,flat,101.12,101.01360668656032,11025.366048393282,1833.498464013179,90.90058924426526,BUY,0.5,"The price is below the trend line, indicating a potential buying opportunity. The medium volume ratio and positive news sentiment support this decision.",99.53,109.41,49.4,-2.7149,1484963,1.19,14.4,15.0,2.66,-9.02,-1,0.3,0.06,0.24
Day-557,Qwen/Qwen2.5-7B-Instruct,ENTJ,static,flat,42,0.92,flat,99.68,100.2149809659959,10894.469199881541,1833.498464013179,90.90058924426526,HOLD,0.0,"The current trend is downward, indicated by the SMA20/60 values, and the RSI is neutral. Given the medium-to-high implied volatility and the lack of positive news sentiment, it's prudent to hold the position and reassess in the next period.",99.44,108.87,50.2,-2.5094,1285630,1.04,12.7,14.9,2.68,-8.66,-1,0.1,0.17,-0.07
Day-558,Qwen/Qwen2.5-7B-Instruct,ENTJ,static,flat,42,0.92,flat,98.85,99.27219915572284,10819.0217108088,1833.498464013179,90.90058924426526,HOLD,0.0,"The trend is showing a decline, and the RSI is neutral, indicating no strong buying or selling pressure. Given the current market conditions, it is prudent to hold the position.",99.4,108.33,46.2,-2.3861,1071500,0.87,20.5,14.9,2.68,-8.24,-1,-0.07,0.08,-0.15
Day-559,Qwen/Qwen2.5-7B-Instruct,ENTJ,static,flat,42,0.92,flat,98.24,98.44661286542879,10763.572351369798,6298.535407691488,45.45029462213263,SELL,0.5,"The trend is showing a decline with the SMA20 and SMA60 indicating a negative direction, and the RSI is below 30 suggesting oversold conditions. Given the medium-to-high risk appetite and the current market sentiment, it is prudent to sell a portion of the holdings to avoid potential losses.",99.35,107.83,37.3,-2.3113,1187274,0.97,16.8,15.0,2.67,-7.86,-1,-0.25,-0.04,-0.21
Day-560,Qwen/Qwen2.5-7B-Instruct,ENTJ,static,flat,42,0.92,flat,99.11,99.25610636109901,10803.114107691054,6298.535407691488,45.45029462213263,HOLD,0.0,"The trend is currently negative, with the SMA20 and SMA60 indicating a downward movement. The RSI is neutral, and the implied volatility is low, suggesting that the market is not showing significant fear or greed. Given these conditions, it is prudent to hold the current position.",99.23,107.35,51.1,-2.1564,1398866,1.13,13.5,15.0,2.67,-7.56,-1,-0.22,-0.03,-0.19
Day-561,Qwen/Qwen2.5-7B-Instruct,ENTJ,static,flat,42,0.92,flat,99.14,98.45344069289105,10804.477616529717,6298.535407691488,45.45029462213263,HOLD,0.0,"The trend is showing a decline, and the RSI is neutral, indicating no strong buying or selling pressure. Given the current market conditions, it's prudent to hold the position and reassess in the next cycle.",99.2,106.9,56.7,-2.0081,1183695,0.96,16.1,15.1,2.65,-7.21,-1,0.61,0.04,0.58
Day-562,Qwen/Qwen2.5-7B-Instruct,ENTJ,static,flat,42,0.92,flat,99.28,99.05539610378833,10810.840657776815,6298.535407691488,45.45029462213263,HOLD,0.0,"The current price is below the short-term moving average, indicating a potential downtrend. The RSI is neutral, and there is no significant news sentiment, suggesting caution before making a trade.",99.09,106.44,51.2,-1.858,1043508,0.86,12.1,15.0,2.66,-6.91,-1,0.0,0.02,-0.02
Day-563,Qwen/Qwen2.5-7B-Instruct,ENTJ,static,flat,42,0.92,flat,102.97,103.28449481031605,10978.552244932485,6298.535407691488,45.45029462213263,HOLD,0.0,"The RSI is in the overbought zone, and the trend is showing a decline, suggesting a potential reversal. Given the current market conditions, it is prudent to hold and reassess before making any trades.",99.26,106.06,70.1,-1.4252,1278392,1.04,8.6,15.0,2.67,-6.42,-1,0.23,0.08,0.16
Day-564,Qwen/Qwen2.5-7B-Instruct,ENTJ,static,flat,42,0.92,flat,105.2,105.1312700515463,11079.906401939841,6298.535407691488,45.45029462213263,HOLD,0.0,"The RSI is above 70, indicating overbought conditions, and the trend is slightly downward. Given the current market sentiment and the P/E ratio, it's prudent to hold rather than make a new trade.",99.49,105.74,71.7,-0.8916,1422560,1.15,8.6,15.0,2.66,-5.92,-1,-0.24,0.08,-0.32
Day-565,Qwen/Qwen2.5-7B-Instruct,ENTJ,static,flat,42,0.92,flat,104.6,104.47933384967516,11052.636225166561,6298.535407691488,45.45029462213263,HOLD,0.0,"The RSI is slightly overbought, and the trend is showing a decline. Given the current market conditions, it's prudent to hold the position and reassess in the next period.",99.53,105.45,72.1,-0.511,1397963,1.12,7.5,15.0,2.66,-5.61,-1,-0.23,0.08,-0.31
Day-566,Qwen/Qwen2.5-7B-Instruct,ENTJ,static,flat,42,0.92,flat,107.39,107.05187907058666,11179.44254716231,6298.535407691488,45.45029462213263,SELL,0.0,"The RSI is above 70, indicating overbought conditions, and the trend is declining. Selling is advisable to avoid potential losses.",99.97,105.24,78.4,0.0154,1087561,0.88,9.0,15.0,2.66,-5.01,-1,0.32,0.02,0.31
Day-567,Qwen/Qwen2.5-7B-Instruct,ENTJ,static,flat,42,0.92,flat,106.83,106.21358935247464,11153.990382173917,6298.535407691488,45.45029462213263,HOLD,0.0,"The RSI is in the overbought zone, and the trend is showing a decline. Given the current market sentiment and the P/E ratio, it's prudent to hold rather than make a decisive move.",100.46,104.98,75.5,0.3826,1336382,1.07,11.7,15.1,2.65,-4.31,-1,-0.4,-0.06,-0.34
Day-568,Qwen/Qwen2.5-7B-Instruct,ENTJ,static,flat,42,0.92,flat,101.7,102.00170919142637,10920.830370762378,6298.535407691488,45.45029462213263,HOLD,0.0,"The current trend is slightly downward, and the RSI is neutral, indicating no strong buying or selling pressure. Given the medium-to-high risk appetite and the need for a clear trend to emerge, it's prudent to hold the position.",100.59,104.6,52.2,0.257,1110252,0.9,8.9,15.0,2.67,-3.83,-1,-0.12,-0.14,0.01
Day-569,Qwen/Qwen2.5-7B-Instruct,ENTJ,static,flat,42,0.92,flat,99.79,99.99576586125501,10834.020308034103,6298.535407691488,45.45029462213263,HOLD,0.0,"The current trend is slightly downward, and the RSI is neutral, indicating no strong buying or selling pressure. Given the medium-to-high risk appetite and the need for clear trends, it's prudent to hold the position for now.",100.74,104.22,48.8,0.0034,1109103,0.9,7.5,15.0,2.67,-3.33,-1,0.01,-0.09,0.1
Day-570,Qwen/Qwen2.5-7B-Instruct,ENTJ,static,flat,42,0.92,flat,95.99,96.35237124346611,10661.309188469999,6298.535407691488,45.45029462213263,HOLD,0.0,"The current price is below the trend lines and the RSI is in a neutral range, suggesting no strong buying or selling pressure. The volume ratio is slightly above 1, indicating some interest but not enough to trigger a trade.",100.64,103.76,39.6,-0.4986,1437035,1.15,8.6,14.9,2.68,-3.01,-1,0.03,-0.03,0.07
Day-571,Qwen/Qwen2.5-7B-Instruct,ENTJ,static,flat,42,0.92,flat,95.64,95.70607112724316,10645.401585352254,6298.535407691488,45.45029462213263,HOLD,0.0,"The current trend is slightly downward, and the RSI is in a neutral range, suggesting no strong buying or selling signal. Given the medium-to-high risk appetite and the need for clear signals, it's prudent to hold the position.",100.55,103.28,41.4,-0.914,1124834,0.9,8.0,15.0,2.67,-2.64,-1,-0.05,-0.11,0.05
Day-572,Qwen/Qwen2.5-7B-Instruct,ENTJ,static,flat,42,0.92,flat,95.92,95.77005934419955,10658.12766784645,6298.535407691488,45.45029462213263,HOLD,0.0,"The RSI is neutral, and the trend is slightly downward. Given the current market conditions, it's prudent to hold the position and reassess in the next period.",100.5,102.86,43.6,-1.2069,1131623,0.9,9.6,15.0,2.66,-2.3,-1,0.12,-0.0,0.12
Day-573,Qwen/Qwen2.5-7B-Instruct,ENTJ,static,flat,42,0.92,flat,99.31,99.06526243204732,10812.20416661548,6298.535407691488,45.45029462213263,HOLD,0.0,"The current price is slightly below the short-term moving average, but the RSI is neutral and the volume ratio is low, indicating a lack of significant buying interest. Given the medium implied volatility and neutral news sentiment, it's prudent to hold the position.",100.6,102.47,52.1,-1.1521,1000326,0.81,7.5,15.0,2.66,-1.83,0,0.21,0.06,0.14
Day-574,Qwen/Qwen2.5-7B-Instruct,ENTJ,static,flat,42,0.92,flat,99.71,99.74504665145382,10830.384284464333,6298.535407691488,45.45029462213263,HOLD,0.0,"The current price is slightly below the short-term moving average, but the RSI is neutral and the volume ratio is slightly above 1, indicating some buying interest. Given the medium implied volatility and the neutral P/E ratio, it's not a strong signal to take a decisive action at this moment.",100.54,102.12,51.2,-1.064,1435334,1.15,13.0,15.0,2.67,-1.55,0,0.22,0.11,0.12
Day-575,Qwen/Qwen2.5-7B-Instruct,ENTJ,static,flat,42,0.92,flat,99.18,99.33871620291258,10806.295628314603,6298.535407691488,45.45029462213263,HOLD,0.0,"The current price is slightly below the short-term moving average, but the RSI is neutral and the implied volatility is low, indicating no strong trend. Given the medium volume ratio and negative news sentiment, it's prudent to hold the position.",100.48,101.75,50.1,-1.0257,1396297,1.12,15.2,15.0,2.67,-1.24,0,-0.3,0.04,-0.34
Day-576,Qwen/Qwen2.5-7B-Instruct,ENTJ,static,flat,42,0.92,flat,101.12,101.0306057287274,10894.46919988154,6298.535407691488,45.45029462213263,HOLD,0.0,"The RSI is neutral and the volume ratio is close to 1, indicating no significant buying or selling pressure. The current price is slightly above the short-term moving average but below the long-term average, suggesting a neutral trend. Given the current portfolio status and market conditions, it is prudent to hold.",100.48,101.44,53.3,-0.8288,1313664,1.06,17.9,15.0,2.66,-0.95,0,-0.09,0.03,-0.12
Day-577,Qwen/Qwen2.5-7B-Instruct,ENTJ,static,flat,42,0.92,flat,96.16,96.68911115992434,10669.035738555762,6298.535407691488,45.45029462213263,HOLD,0.0,"The RSI is in a neutral range, and the volume ratio is slightly above 1, indicating some buying interest. However, the trend is slightly downward, and the implied volatility is moderate, suggesting caution. Given these factors, it is prudent to hold the position for now.",100.31,101.12,38.2,-1.0613,1375132,1.11,19.2,14.9,2.68,-0.81,0,0.36,0.08,0.28
Day-578,Qwen/Qwen2.5-7B-Instruct,ENTJ,static,flat,42,0.92,flat,98.18,97.17496173236383,10760.84533369247,6298.535407691488,45.45029462213263,HOLD,0.0,"The RSI indicates a neutral position, and the volume ratio is below 1, suggesting lackluster market interest. Given the current cash reserves and portfolio value, it is prudent to hold and reassess the situation.",100.27,100.91,37.7,-1.0702,1076024,0.87,14.4,15.2,2.64,-0.63,0,0.27,0.09,0.18
Day-579,Qwen/Qwen2.5-7B-Instruct,ENTJ,static,flat,42,0.92,flat,98.01,98.7143560089851,10753.118783606707,6298.535407691488,45.45029462213263,HOLD,0.0,"The current price is slightly below the short-term moving average, and the RSI is in a neutral range. Given the medium implied volatility and negative news sentiment, it's prudent to hold the position for now.",100.26,100.7,38.3,-1.0778,1229161,0.99,13.1,14.9,2.69,-0.44,0,-0.41,-0.03,-0.38
Day-580,Qwen/Qwen2.5-7B-Instruct,ENTJ,static,flat,42,0.92,flat,95.95,95.8666977965267,10659.491176685115,3149.267703845744,78.27226131150985,BUY,0.5,"The price is below the short-term and medium-term moving averages, and the RSI indicates overselling. The P/E ratio is reasonable, and the implied volatility is low, suggesting potential for a rebound.",100.1,100.42,29.2,-1.236,1175609,0.95,13.8,15.0,2.66,-0.32,0,0.11,0.05,0.06
Day-581,Qwen/Qwen2.5-7B-Instruct,ENTJ,static,flat,42,0.92,flat,98.95,98.11436055542401,10894.307960619644,3149.267703845744,78.27226131150985,HOLD,0.0,"The current price is slightly below the short-term and long-term moving averages, and the RSI indicates oversold conditions. However, the negative news sentiment and medium implied volatility suggest caution. Given the current portfolio status and market conditions, it is prudent to hold the position.",100.09,100.25,36.8,-1.1066,1046888,0.85,12.4,15.1,2.64,-0.15,0,-0.59,-0.05,-0.54
Day-582,Qwen/Qwen2.5-7B-Instruct,ENTJ,static,flat,42,0.92,flat,98.81,98.81047989231094,10883.349844036033,3149.267703845744,78.27226131150985,HOLD,0.0,"The RSI is neutral and the volume ratio is close to 1, indicating no significant buying or selling pressure. The current price is slightly below the short-term moving averages, but given the medium implied volatility and neutral news sentiment, it's not a strong signal to make a trade.",100.07,100.04,44.2,-1.0035,1243065,1.01,16.9,15.0,2.67,0.03,0,0.01,-0.12,0.14
Day-583,Qwen/Qwen2.5-7B-Instruct,ENTJ,static,flat,42,0.92,flat,97.93,98.02258513061595,10814.470254081905,3149.267703845744,78.27226131150985,HOLD,0.0,"The RSI is neutral and the volume ratio is slightly above 1, indicating some buying interest but not overwhelming. Given the current market conditions, it's prudent to hold the position and monitor further developments.",99.82,99.89,46.1,-0.982,1460369,1.17,14.9,15.0,2.67,-0.07,0,0.57,-0.06,0.63
Day-584,Qwen/Qwen2.5-7B-Instruct,ENTJ,static,flat,42,0.92,flat,99.15,99.30079230853805,10909.962412881945,3149.267703845744,78.27226131150985,HOLD,0.0,"The RSI is neutral and the volume ratio is below 1, indicating lackluster trading activity. The current price is slightly below the short-term moving averages, but given the neutral sentiment and low implied volatility, it's not a strong signal to act.",99.52,99.77,57.4,-0.8565,1020029,0.83,12.6,15.0,2.67,-0.25,0,-0.28,-0.04,-0.25
Day-585,Qwen/Qwen2.5-7B-Instruct,ENTJ,static,flat,42,0.92,flat,103.83,103.94557107688016,11276.27659581981,3149.267703845744,78.27226131150985,HOLD,0.0,"The RSI is in a neutral range, and the volume ratio is close to 1, indicating stable trading activity. Given the current market sentiment and the medium implied volatility, it's prudent to hold the position.",99.48,99.78,65.9,-0.3747,1145730,0.94,18.5,15.0,2.67,-0.3,0,-0.25,-0.11,-0.14
Day-586,Qwen/Qwen2.5-7B-Instruct,ENTJ,static,flat,42,0.92,flat,105.07,104.35564535113775,11373.334199846084,3149.267703845744,78.27226131150985,HOLD,0.0,"The RSI is in the neutral range, and the volume ratio is slightly below 1, indicating a lack of significant buying pressure. Given the current market conditions, it is prudent to hold the position rather than making a new trade.",99.36,99.85,67.2,0.1059,1103770,0.91,15.7,15.1,2.65,-0.49,0,0.23,0.06,0.17
Day-587,Qwen/Qwen2.5-7B-Instruct,ENTJ,static,flat,42,0.92,flat,103.85,104.90646503287613,11277.842041046042,3149.267703845744,78.27226131150985,HOLD,0.0,"The RSI is neutral and the volume ratio is close to 1, indicating no significant buying or selling pressure. The current trend is slightly bearish, and the news sentiment is negative, which suggests caution.",99.21,99.9,59.3,0.3836,1119073,0.93,14.3,14.8,2.69,-0.68,0,-0.46,-0.04,-0.42
Day-588,Qwen/Qwen2.5-7B-Instruct,ENTJ,static,flat,42,0.92,flat,104.56,103.97826905873733,11333.415346577214,3149.267703845744,78.27226131150985,HOLD,0.0,"The RSI is in a neutral range, and the volume ratio is slightly above 1, indicating some buying interest. However, the trend is slightly negative, and the news sentiment is slightly negative, suggesting caution. Given these factors, it's best to hold the position for now.",99.36,99.99,59.8,0.6534,1454217,1.19,11.4,15.1,2.65,-0.64,0,-0.19,-0.19,0.0
Day-589,Qwen/Qwen2.5-7B-Instruct,ENTJ,static,flat,42,0.92,flat,101.6,102.2565691229437,11101.729453095144,3149.267703845744,78.27226131150985,HOLD,0.0,"The price is slightly above the short-term moving average, and the RSI is neutral. Given the current market conditions and the lack of strong news sentiment, it's prudent to hold the position.",99.45,100.04,54.5,0.6213,1234034,1.01,13.8,14.9,2.68,-0.59,0,0.18,-0.1,0.28
Day-590,Qwen/Qwen2.5-7B-Instruct,ENTJ,static,flat,42,0.92,flat,103.85,104.00008899802951,11277.842041046042,3149.267703845744,78.27226131150985,HOLD,0.0,"The current market sentiment and technical indicators suggest a neutral to slightly bearish trend, with the RSI indicating a balanced market and the news sentiment slightly negative. Given the medium-to-high risk appetite and the current holding value, it is prudent to hold the position for further analysis.",99.84,100.09,55.0,0.7686,1233149,1.01,16.7,15.0,2.67,-0.25,0,-0.19,-0.09,-0.1
Day-591,Qwen/Qwen2.5-7B-Instruct,ENTJ,static,flat,42,0.92,flat,102.1,102.2652653721885,11140.8655837509,3149.267703845744,78.27226131150985,HOLD,0.0,"The current price is slightly above the short-term and long-term moving averages, and the RSI is in a neutral range. Given the medium implied volatility and the slight negative news sentiment, it's prudent to hold the position for now.",100.16,100.13,62.2,0.7353,1380287,1.12,11.8,15.0,2.67,0.03,0,-0.07,-0.15,0.08
Day-592,Qwen/Qwen2.5-7B-Instruct,ENTJ,static,flat,42,0.92,flat,102.67,102.44247311442847,11185.480772698462,3149.267703845744,78.27226131150985,HOLD,0.0,"The RSI is slightly overbought but not excessively so, and the volume ratio is below 1, indicating lower than average trading activity. Given the current market conditions, it's prudent to hold the position rather than make a new trade.",100.5,100.16,59.8,0.7466,1077246,0.88,11.7,15.0,2.66,0.34,0,0.22,-0.01,0.23
Day-593,Qwen/Qwen2.5-7B-Instruct,ENTJ,static,flat,42,0.92,flat,100.95,101.49892975922864,11050.852483242663,3149.267703845744,78.27226131150985,HOLD,0.0,"The current market sentiment and indicators suggest a neutral trend with no strong buy or sell signals. The price and trend are close to the moving averages, and the RSI is in a neutral range, indicating no immediate need for action.",100.58,100.18,56.0,0.61,1243632,1.0,10.2,14.9,2.68,0.4,0,0.13,0.05,0.07
Day-594,Qwen/Qwen2.5-7B-Instruct,ENTJ,static,flat,42,0.92,flat,102.66,102.50666805904633,11184.698050085346,3149.267703845744,78.27226131150985,HOLD,0.0,"The current price and technical indicators suggest a neutral market condition. The RSI is in the middle range, and the volume ratio is close to 1, indicating no significant buying or selling pressure. Given the current portfolio status and market sentiment, it is prudent to hold the current positions.",100.73,100.22,63.9,0.6324,1214992,0.99,10.2,15.0,2.66,0.5,0,0.08,0.03,0.05
Day-595,Qwen/Qwen2.5-7B-Instruct,ENTJ,static,flat,42,0.92,flat,104.32,103.22396992603471,11314.63000386245,3149.267703845744,78.27226131150985,HOLD,0.0,"The current price and technical indicators suggest a neutral market sentiment. The RSI is in the middle range, and the volume ratio is close to 1, indicating no significant buying or selling pressure. Given the current cash reserves and portfolio value, it is prudent to hold the current positions.",100.99,100.24,61.8,0.7748,1298455,1.06,16.2,15.2,2.64,0.75,0,-0.1,0.05,-0.15
Day-596,Qwen/Qwen2.5-7B-Instruct,ENTJ,static,flat,42,0.92,flat,104.88,105.4199494259228,11358.462470196897,3149.267703845744,78.27226131150985,HOLD,0.0,"The RSI is neutral and the price is slightly above the short-term moving average, suggesting no clear trend. The volume ratio is slightly elevated, but not excessively so, and the implied volatility is low, indicating stable market conditions. Given these factors, it is prudent to hold the current position.",101.17,100.36,63.1,0.922,1499778,1.22,12.0,14.9,2.68,0.81,0,0.11,0.09,0.02
Day-597,Qwen/Qwen2.5-7B-Instruct,ENTJ,static,flat,42,0.92,flat,104.44,104.38140679047709,11324.022675219832,3149.267703845744,78.27226131150985,HOLD,0.0,"The RSI is slightly overbought, and the implied volatility is low, suggesting the market is not showing significant potential for a strong move. Given the current trend and news sentiment, it is prudent to hold the position.",101.59,100.51,64.4,0.9924,1384724,1.12,10.0,15.0,2.67,1.08,0,-0.04,0.04,-0.07
Day-598,Qwen/Qwen2.5-7B-Instruct,ENTJ,static,flat,42,0.92,flat,103.68,103.85067655202702,11264.535756623085,3149.267703845744,78.27226131150985,HOLD,0.0,"The current price is slightly above the short-term moving averages, and the RSI is in a neutral range. Given the medium implied volatility and the volume ratio, there is no strong signal to buy or sell at this moment.",101.86,100.6,60.2,0.975,1198932,0.97,7.8,15.0,2.67,1.25,0,0.14,0.04,0.1
Day-599,Qwen/Qwen2.5-7B-Instruct,ENTJ,static,flat,42,0.92,flat,102.03,101.86809505771865,11135.386525459095,3149.267703845744,78.27226131150985,HOLD,0.0,"The current price is slightly above the short-term moving average, and the RSI is neutral. Given the medium implied volatility and the slight negative news sentiment, it's prudent to hold the position for now.",102.06,100.71,45.3,0.8191,1413776,1.13,11.6,15.0,2.66,1.35,0,-0.15,-0.01,-0.14
Day-600,Qwen/Qwen2.5-7B-Instruct,ENTJ,static,flat,42,0.92,flat,101.01,100.99721331175435,11055.548818921356,1574.633851922872,93.86115203443701,BUY,0.5,"The price is slightly above the short-term moving average, indicating a potential uptrend. The RSI is in the neutral range, suggesting the stock is not overbought or oversold, which could be a good entry point.",102.32,100.77,39.3,0.6056,1085354,0.87,12.5,15.0,2.67,1.54,0,-0.05,0.0,-0.06
Day-601,Qwen/Qwen2.5-7B-Instruct,ENTJ,static,flat,42,0.92,flat,101.49,101.79275527725702,11100.602171897885,1574.633851922872,93.86115203443701,HOLD,0.0,"The current price is slightly above the short-term moving average, and the RSI is neutral. Given the medium implied volatility and negative news sentiment, it's prudent to hold the position for now.",102.44,100.85,43.5,0.4702,1015231,0.82,14.1,15.0,2.67,1.59,0,-0.3,-0.08,-0.22
Day-602,Qwen/Qwen2.5-7B-Instruct,ENTJ,static,flat,42,0.92,flat,103.59,103.37660794217953,11297.710591170202,1574.633851922872,93.86115203443701,HOLD,0.0,"The current price and technical indicators suggest a neutral market sentiment. The RSI is in the middle range, and the volume ratio is slightly below average, indicating no strong buying or selling pressure. Given the current portfolio status and market conditions, it is prudent to hold the current positions.",102.68,100.98,47.5,0.5259,1102224,0.89,12.8,15.0,2.66,1.69,0,-0.01,-0.07,0.06
Day-603,Qwen/Qwen2.5-7B-Instruct,ENTJ,static,flat,42,0.92,flat,102.34,101.51792675861519,11180.384151127157,1574.633851922872,93.86115203443701,HOLD,0.0,"The current price is slightly below the 20-day SMA, but the RSI is neutral and the volume ratio is close to 1, indicating a balanced market. Given the medium implied volatility and negative news sentiment, it's prudent to hold the position.",102.9,101.08,52.1,0.4643,1170205,0.96,13.7,15.1,2.65,1.8,0,-0.24,-0.15,-0.09
Day-604,Qwen/Qwen2.5-7B-Instruct,ENTJ,static,flat,42,0.92,flat,103.25,103.3299761694175,11265.797799478494,1574.633851922872,93.86115203443701,HOLD,0.0,"The current price is slightly above the short-term moving average, and the RSI is neutral, indicating no strong buying or selling pressure. The market sentiment is slightly negative, and the implied volatility is low, suggesting limited potential for significant price movement in the near term.",103.11,101.13,48.2,0.4835,1255290,1.02,12.0,15.0,2.67,1.96,0,-0.33,-0.19,-0.15
Day-605,Qwen/Qwen2.5-7B-Instruct,ENTJ,static,flat,42,0.92,flat,106.53,106.20171705213717,11573.662378151446,1574.633851922872,93.86115203443701,HOLD,0.0,"The RSI is in a neutral range, and the volume ratio is close to 1, indicating no significant buying or selling pressure. Given the current market conditions, it's prudent to hold the position.",103.24,101.25,62.3,0.7545,1307564,1.05,13.7,15.0,2.66,1.97,0,0.08,-0.16,0.24
Day-606,Qwen/Qwen2.5-7B-Instruct,ENTJ,static,flat,42,0.92,flat,106.56,107.11563746164781,11576.47821271248,1574.633851922872,93.86115203443701,HOLD,0.0,"The RSI is neutral and the volume ratio is slightly above 1, indicating some buying interest. However, the trend indicators suggest a potential reversal, and the current position is well-managed with sufficient cash for potential opportunities.",103.32,101.36,61.1,0.9606,1455302,1.16,12.9,14.9,2.68,1.93,0,0.06,-0.09,0.15
Day-607,Qwen/Qwen2.5-7B-Instruct,ENTJ,static,flat,42,0.92,flat,110.82,111.2461029858342,11976.32672037918,1574.633851922872,93.86115203443701,HOLD,0.0,"The RSI is slightly overbought, indicating potential for a correction. The current trend is not strong enough to warrant a trade, and the volume ratio is close to neutral, suggesting market indecision.",103.67,101.58,74.5,1.4506,1254927,0.99,13.5,14.9,2.68,2.05,1,0.23,-0.04,0.28
Day-608,Qwen/Qwen2.5-7B-Instruct,ENTJ,static,flat,42,0.92,flat,109.77,109.57060183598301,11877.772510743023,1574.633851922872,93.86115203443701,HOLD,0.0,"The current market sentiment and technical indicators suggest a balanced market. The RSI is in the overbought range, and the implied volatility is low, indicating potential for a pullback. Given the medium-to-high risk appetite and the current cash reserves, it is prudent to hold the position and reassess after further market movement.",103.93,101.8,68.3,1.7347,1250637,1.0,12.8,15.0,2.66,2.09,1,-0.13,-0.02,-0.11
Day-609,Qwen/Qwen2.5-7B-Instruct,ENTJ,static,flat,42,0.92,flat,107.67,106.90878700797597,11680.664091470706,1574.633851922872,93.86115203443701,HOLD,0.0,"The current price is slightly above the short-term and medium-term moving averages, and the RSI is in a neutral range. Given the medium-to-high implied volatility and the volume ratio, it suggests market activity but not a strong enough signal for a trade.",104.23,101.99,58.4,1.7697,1025121,0.82,15.4,15.1,2.65,2.2,1,0.12,0.07,0.05
Day-610,Qwen/Qwen2.5-7B-Instruct,ENTJ,static,flat,42,0.92,flat,103.41,103.20338037323424,11280.815583804004,1574.633851922872,93.86115203443701,HOLD,0.0,"The current price is slightly below the short-term moving average, but the RSI is neutral and the volume ratio is low, suggesting a lack of significant buying interest. Given the medium implied volatility and neutral news sentiment, it's prudent to hold the position for now.",104.21,102.08,46.9,1.4373,1017455,0.83,17.5,15.0,2.66,2.09,1,0.17,0.09,0.07
Day-611,Qwen/Qwen2.5-7B-Instruct,ENTJ,static,flat,42,0.92,flat,106.23,106.36988427288725,11545.504032541116,1574.633851922872,93.86115203443701,HOLD,0.0,"The current price is slightly above the short-term and medium-term moving averages, and the RSI is in a neutral range. Given the medium implied volatility and the lack of strong news sentiment, it's prudent to hold the position for now.",104.42,102.22,53.4,1.3851,1275579,1.04,13.7,15.0,2.67,2.15,1,0.13,0.11,0.03
Day-612,Qwen/Qwen2.5-7B-Instruct,ENTJ,static,flat,42,0.92,flat,107.8,107.80346571225769,11692.866041235182,1574.633851922872,93.86115203443701,HOLD,0.0,"The current market conditions suggest a neutral trend with RSI at 57.7, and the volume ratio is close to 1, indicating stable trading. Given the medium-to-high risk appetite and the need for clear trends to make a decisive move, it's prudent to hold the position.",104.67,102.39,57.7,1.4541,1219089,0.99,10.7,15.0,2.67,2.23,1,-0.25,0.01,-0.26
Day-613,Qwen/Qwen2.5-7B-Instruct,ENTJ,static,flat,42,0.92,flat,107.15,107.71599785202449,11631.856292412798,1574.633851922872,93.86115203443701,HOLD,0.0,"The current price is slightly above the short-term moving averages, and the RSI is in a neutral range. Given the medium implied volatility and the lack of strong news sentiment, it's prudent to hold the position for further confirmation.",104.98,102.47,59.9,1.4399,1419590,1.14,13.5,14.9,2.68,2.45,1,0.04,0.04,0.0
Day-614,Qwen/Qwen2.5-7B-Instruct,ENTJ,static,flat,42,0.92,flat,108.59,108.3533327399621,11767.016351342387,1574.633851922872,93.86115203443701,HOLD,0.0,"The current RSI is neutral, and the volume ratio is below 1, indicating lackluster trading activity. Given the medium implied volatility and the P/E ratio, there is no strong signal to buy or sell at this time.",105.28,102.54,64.5,1.5272,1080339,0.87,11.9,15.0,2.66,2.67,1,0.11,0.04,0.07
Day-615,Qwen/Qwen2.5-7B-Instruct,ENTJ,static,flat,42,0.92,flat,106.28,105.97335616521562,11550.197090142838,1574.633851922872,93.86115203443701,HOLD,0.0,"The current price is slightly above the short-term and medium-term moving averages, and the RSI is in a neutral range. Given the medium-to-high implied volatility and the lack of news sentiment, it's prudent to hold the position for now.",105.38,102.57,58.5,1.3935,1012485,0.83,10.4,15.0,2.66,2.73,1,0.0,0.01,-0.01
Day-616,Qwen/Qwen2.5-7B-Instruct,ENTJ,static,flat,42,0.92,flat,111.06,111.31931076650632,11998.853396867447,1574.633851922872,93.86115203443701,HOLD,0.0,"The current market sentiment and technical indicators suggest a balanced market with no clear trend. The RSI is in the neutral range, and the implied volatility is moderate, indicating that the market is neither overbought nor oversold. Given the cash reserves and the current holdings, it is prudent to hold the position.",105.69,102.65,62.2,1.6545,1224519,1.01,17.0,15.0,2.67,2.96,1,-0.63,-0.14,-0.48
Day-617,Qwen/Qwen2.5-7B-Instruct,ENTJ,static,flat,42,0.92,flat,111.41,111.64086634633004,12031.704800079498,1574.633851922872,93.86115203443701,HOLD,0.0,"The current price and technical indicators suggest a balanced market with no clear trend. The RSI is in the neutral range, and the volume ratio is close to 1, indicating stable trading activity. Given the medium risk appetite and the lack of strong sentiment, it is prudent to hold the current position.",106.03,102.74,65.2,1.8677,1118739,0.94,14.8,15.0,2.67,3.21,1,0.05,-0.08,0.13
Day-618,Qwen/Qwen2.5-7B-Instruct,ENTJ,static,flat,42,0.92,flat,112.05,111.91896299341342,12091.775937381539,1574.633851922872,93.86115203443701,HOLD,0.0,"The current price is slightly above the short-term moving averages, and the RSI is in a neutral range. Given the medium volume ratio and news sentiment, it's prudent to hold the position for now.",106.45,102.95,64.9,2.0645,1024807,0.86,14.5,15.0,2.66,3.41,1,0.66,0.04,0.62
Day-619,Qwen/Qwen2.5-7B-Instruct,ENTJ,static,flat,42,0.92,flat,113.44,113.58942329859039,12222.242938709407,1574.633851922872,93.86115203443701,HOLD,0.0,"The current market conditions suggest a balanced approach. The RSI is in the neutral zone, and the implied volatility is low, indicating no significant market movement. Given the medium volume ratio and negative news sentiment, it's prudent to hold the current position.",107.02,103.22,62.5,2.306,1362299,1.15,10.4,15.0,2.67,3.68,1,-0.11,-0.0,-0.1
Day-620,Qwen/Qwen2.5-7B-Instruct,ENTJ,static,flat,42,0.92,flat,114.7,114.72185904922445,12340.507990272798,1574.633851922872,93.86115203443701,HOLD,0.0,"The current market sentiment and technical indicators suggest a balanced market with no strong trend. The RSI is in the neutral range, and the volume ratio is slightly below average, indicating lack of significant buying or selling pressure.",107.71,103.59,64.1,2.5698,1055796,0.89,8.5,15.0,2.67,3.97,1,-0.22,-0.05,-0.17
Day-621,Qwen/Qwen2.5-7B-Instruct,ENTJ,static,flat,42,0.92,flat,116.17,115.27127485797706,12478.48388376342,1574.633851922872,93.86115203443701,HOLD,0.0,"The current price and technical indicators suggest a balanced market. The RSI is in the neutral range, and the volume ratio is close to 1, indicating no significant buying or selling pressure. Given the medium-to-high risk appetite and the need for clear trends, it's prudent to hold the current position.",108.44,104.0,60.3,2.8643,1304159,1.09,12.8,15.1,2.65,4.27,1,0.11,0.1,0.01
Day-622,Qwen/Qwen2.5-7B-Instruct,ENTJ,static,flat,42,0.92,flat,113.4,113.49726880025075,12218.48849262803,1574.633851922872,93.86115203443701,HOLD,0.0,"The current price and technical indicators suggest a balanced market. The RSI is in the neutral range, and the volume ratio is close to 1, indicating no significant buying or selling pressure. Given the medium cash balance, it's prudent to hold the current position.",108.93,104.35,56.5,2.8418,1140524,0.95,11.3,15.0,2.67,4.39,1,0.09,0.11,-0.01
Day-623,Qwen/Qwen2.5-7B-Instruct,ENTJ,static,flat,42,0.92,flat,114.48,114.6069147210883,12319.858536825222,1574.633851922872,93.86115203443701,HOLD,0.0,"The current market conditions suggest a balanced trend with moderate RSI and implied volatility. Given the medium volume ratio and neutral news sentiment, it is prudent to hold the current position.",109.54,104.66,62.7,2.8778,1086748,0.91,10.3,15.0,2.67,4.66,1,0.36,0.05,0.31
Day-624,Qwen/Qwen2.5-7B-Instruct,ENTJ,static,flat,42,0.92,flat,118.78,119.03869761256094,12723.4614905733,1574.633851922872,93.86115203443701,SELL,0.0,"The RSI is overbought at 78.6, indicating potential for a correction. Given the current market conditions and the overbought signal, it is prudent to sell to avoid potential losses.",110.32,105.04,78.6,3.2159,1189875,1.0,12.0,15.0,2.67,5.02,1,-0.38,-0.01,-0.37
Day-625,Qwen/Qwen2.5-7B-Instruct,ENTJ,static,flat,42,0.92,flat,122.57,122.32201457470111,13079.195256783816,7326.914554353344,46.930576017218506,SELL,0.5,"The RSI is overbought, indicating potential for a correction. Reducing exposure to this asset is prudent given the current market conditions.",111.12,105.51,79.4,3.7467,1400722,1.17,10.1,15.0,2.66,5.32,1,0.22,0.08,0.14
Day-626,Qwen/Qwen2.5-7B-Instruct,ENTJ,static,flat,42,0.92,flat,126.25,126.32030238249182,13251.899776527182,7326.914554353344,46.930576017218506,SELL,0.0,"The RSI is overbought at 80.8, indicating potential for a correction. Given the current holdings and market conditions, it is prudent to reduce exposure to avoid potential losses.",112.1,106.01,80.8,4.4137,1196046,1.01,10.8,15.0,2.67,5.75,1,0.18,0.09,0.08
Day-627,Qwen/Qwen2.5-7B-Instruct,ENTJ,static,flat,42,0.92,flat,124.81,125.07286033816732,13184.319747062385,7326.914554353344,46.930576017218506,SELL,0.0,"The RSI is overbought at 78.7, indicating potential for a correction. Given the current cash position, it's prudent to reduce exposure to this asset.",112.8,106.58,78.7,4.7704,1375384,1.16,12.3,15.0,2.67,5.84,1,-0.04,0.07,-0.11
Day-628,Qwen/Qwen2.5-7B-Instruct,ENTJ,static,flat,42,0.92,flat,123.43,122.65853466265284,13119.555552158625,3663.457277176672,76.61102061882809,BUY,0.5,"The price is above the short-term and medium-term moving averages, indicating an upward trend. The RSI is slightly overbought but not excessively so, suggesting potential for further gains.",113.48,107.09,74.2,4.8855,1062743,0.9,17.4,15.1,2.65,5.97,1,0.1,0.02,0.09
Day-629,Qwen/Qwen2.5-7B-Instruct,ENTJ,static,flat,42,0.92,flat,123.4,122.38705631064204,13117.257221540058,8390.357249358365,38.305510309414046,SELL,0.5,"The RSI is overbought at 80.2, indicating potential for a correction. Additionally, the implied volatility is relatively high, suggesting increased market uncertainty that could lead to volatility.",114.27,107.6,80.2,4.918,1386385,1.16,21.5,15.1,2.64,6.21,1,0.31,0.15,0.16
Day-630,Qwen/Qwen2.5-7B-Instruct,ENTJ,static,flat,42,0.92,flat,122.16,122.56029508118264,13069.758388756385,6292.767937018774,55.476346199554776,BUY,0.25,"The price is above the short-term and medium-term moving averages, indicating an upward trend. The RSI is in the overbought zone, suggesting potential for a pullback, but the overall sentiment is positive.",115.21,108.12,72.4,4.7884,1118466,0.93,20.0,15.0,2.68,6.56,1,0.26,0.16,0.1
Day-631,Qwen/Qwen2.5-7B-Instruct,ENTJ,static,flat,42,0.92,flat,124.38,125.30953345022698,13192.915877319396,6292.767937018774,55.476346199554776,HOLD,0.0,"The RSI is above 70, indicating overbought conditions, and the news sentiment is negative. Given these factors, it is prudent to hold rather than add to the position.",116.12,108.63,74.3,4.809,1338696,1.11,15.0,14.9,2.69,6.89,1,-0.34,0.06,-0.4
Day-632,Qwen/Qwen2.5-7B-Instruct,ENTJ,static,flat,42,0.92,flat,121.57,121.17522655866047,13037.027344498649,6292.767937018774,55.476346199554776,HOLD,0.0,"The RSI is in the neutral range, and the implied volatility is low, suggesting no immediate strong buying or selling pressure. The current holdings are valued, and there's no clear trend to justify a trade.",116.8,109.08,66.5,4.5465,1282890,1.06,11.7,15.0,2.66,7.08,1,0.25,0.12,0.13
Day-633,Qwen/Qwen2.5-7B-Instruct,ENTJ,static,flat,42,0.92,flat,124.76,124.97686720303702,13213.996888875228,6292.767937018774,55.476346199554776,HOLD,0.0,"The current market conditions do not indicate a clear trend shift, and the RSI is in a neutral range. Given the medium volume ratio and negative news sentiment, it's prudent to hold the position.",117.68,109.62,68.5,4.5433,1464572,1.21,9.6,15.0,2.67,7.36,1,-0.02,0.09,-0.11
Day-634,Qwen/Qwen2.5-7B-Instruct,ENTJ,static,flat,42,0.92,flat,124.89,124.6199243198905,13221.20881388117,6292.767937018774,55.476346199554776,HOLD,0.0,"The RSI is in the neutral range, and the volume ratio is close to 1, indicating stable trading activity. Given the current cash reserves and portfolio value, it's prudent to hold and reassess the trend in the coming days.",118.5,110.13,67.3,4.4999,1193661,0.98,10.4,15.0,2.66,7.6,1,0.02,0.03,-0.01
Day-635,Qwen/Qwen2.5-7B-Instruct,ENTJ,static,flat,42,0.92,flat,122.87,123.5975692329242,13109.146594558071,6292.767937018774,55.476346199554776,HOLD,0.0,"The current price is slightly above the short-term moving average, and the RSI is neutral. Given the medium implied volatility and low news sentiment, there's no strong signal to enter a trade at this moment.",119.33,110.52,61.1,4.2528,1033082,0.85,11.1,14.9,2.68,7.98,1,0.02,-0.01,0.04
Day-636,Qwen/Qwen2.5-7B-Instruct,ENTJ,static,flat,42,0.92,flat,121.47,121.15718969800209,13031.479709878693,6292.767937018774,55.476346199554776,HOLD,0.0,"The current price is slightly above the short-term moving average, and the RSI is in a neutral range. Given the medium implied volatility and negative news sentiment, it's prudent to hold the position for now.",119.85,110.84,64.0,3.8992,1009577,0.84,10.4,15.0,2.66,8.13,1,-0.05,0.05,-0.09
Day-637,Qwen/Qwen2.5-7B-Instruct,ENTJ,static,flat,42,0.92,flat,116.92,117.24803609782566,12779.062334670718,6292.767937018774,55.476346199554776,HOLD,0.0,"The current price is slightly above the short-term moving average, and the RSI is neutral. Given the medium implied volatility and the existing portfolio value, it's prudent to hold the current position without immediate action.",120.13,111.1,53.8,3.2152,1413429,1.16,8.1,15.0,2.67,8.12,1,0.36,0.07,0.29
Day-638,Qwen/Qwen2.5-7B-Instruct,ENTJ,static,flat,42,0.92,flat,119.41,119.23007968722945,12917.198436707611,6292.767937018774,55.476346199554776,HOLD,0.0,"The current price is slightly below the 20-day SMA but above the 60-day SMA, indicating a potential trend reversal. The RSI is neutral, and the volume ratio is close to 1, suggesting no significant buying or selling pressure. Given the medium-to-high risk appetite and the need for clear signals, it's prudent to hold the position.",120.49,111.4,51.0,2.8413,1262367,1.02,7.5,15.0,2.66,8.16,1,-0.03,0.07,-0.09
Day-639,Qwen/Qwen2.5-7B-Instruct,ENTJ,static,flat,42,0.92,flat,119.44,119.44086896254053,12918.862727093598,6292.767937018774,55.476346199554776,HOLD,0.0,"The current price is slightly below the 20-day SMA but above the 60-day SMA, indicating a potential trend reversal. The RSI is neutral, and the volume ratio is slightly above 1, suggesting some buying interest. However, the news sentiment is negative, which may dampen investor confidence.",120.79,111.76,44.1,2.5185,1387622,1.12,7.5,15.0,2.67,8.08,1,-0.34,-0.01,-0.33
Day-640,Qwen/Qwen2.5-7B-Instruct,ENTJ,static,flat,42,0.92,flat,116.07,116.43372307953797,12731.907440401097,6292.767937018774,55.476346199554776,HOLD,0.0,"The current price is below the short-term moving average, and the RSI is in the oversold region, suggesting a potential rebound. However, the volume ratio and news sentiment are neutral, and the P/E ratio is favorable. Given the medium-to-high risk appetite and the need for clearer signals, it's prudent to hold.",120.86,112.0,30.6,1.9678,1117212,0.9,11.4,15.0,2.67,7.91,1,-0.12,-0.03,-0.08
Day-641,Qwen/Qwen2.5-7B-Instruct,ENTJ,static,flat,42,0.92,flat,113.35,113.49067047380603,12581.011778738308,9436.889857878541,27.738173099777388,SELL,0.5,"The RSI indicates oversold conditions, suggesting a potential rebound. Selling half the holdings allows for potential gains if the trend reverses.",120.72,112.23,29.2,1.297,1172541,0.95,10.2,15.0,2.67,7.57,1,0.05,-0.01,0.07
Day-642,Qwen/Qwen2.5-7B-Instruct,ENTJ,static,flat,42,0.92,flat,113.0,112.76487977683598,12571.303418153384,4718.4449289392705,69.49432291339924,BUY,0.5,"The price is below the short-term moving average, indicating a potential buy opportunity. The RSI is in the oversold region, suggesting the stock may rebound.",120.7,112.43,30.4,0.7289,1015051,0.83,10.4,15.0,2.66,7.35,1,0.37,-0.01,0.38
Day-643,Qwen/Qwen2.5-7B-Instruct,ENTJ,static,flat,42,0.92,flat,116.66,116.62753223926438,12825.652640016426,4718.4449289392705,69.49432291339924,HOLD,0.0,"The current price is slightly below the short-term moving average, but the RSI is not indicating oversold conditions. The P/E ratio is reasonable, and the implied volatility is low, suggesting the market is not expecting significant movement. Given the medium volume ratio and neutral news sentiment, it's prudent to hold the current position.",120.81,112.75,38.8,0.5674,1480746,1.19,10.3,15.0,2.67,7.15,1,0.18,0.03,0.15
Day-644,Qwen/Qwen2.5-7B-Instruct,ENTJ,static,flat,42,0.92,flat,116.3,116.05840369905516,12800.634683767603,4718.4449289392705,69.49432291339924,HOLD,0.0,"The current price is slightly below the 20-day SMA but above the 60-day SMA, indicating a potential trend reversal. The RSI is neutral, and the volume ratio is close to 1, suggesting no significant buying or selling pressure. Given the medium risk appetite and the need for clearer signals, it's prudent to hold.",120.69,113.02,40.0,0.4056,1333933,1.07,12.5,15.0,2.66,6.78,1,-0.26,0.05,-0.3
Day-645,Qwen/Qwen2.5-7B-Instruct,ENTJ,static,flat,42,0.92,flat,113.28,112.65507146241897,12590.761828569137,8654.603378754204,34.74716145669962,SELL,0.5,"The RSI is in oversold territory, and the price is below the short-term moving average, indicating a potential reversal. Reducing exposure to this asset is prudent.",120.22,113.2,31.6,0.0335,1466602,1.17,9.6,15.1,2.65,6.2,1,0.75,0.22,0.53
Day-646,Qwen/Qwen2.5-7B-Instruct,ENTJ,static,flat,42,0.92,flat,111.48,112.13638169613954,12528.216937947078,8654.603378754204,34.74716145669962,HOLD,0.0,"The current RSI indicates oversold conditions, but the price is below the short-term moving average, suggesting a potential trend reversal. Given the medium volume ratio and low news sentiment, it's prudent to hold and observe further developments.",119.48,113.33,32.7,-0.4021,1132748,0.9,12.5,14.9,2.68,5.43,1,0.08,0.22,-0.14
Day-647,Qwen/Qwen2.5-7B-Instruct,ENTJ,static,flat,42,0.92,flat,112.13,111.55986502014576,12550.802592893931,4327.301689377102,73.33898959704655,BUY,0.5,"The price is below the short-term moving average and the RSI is in the oversold region, indicating potential for a rebound. The medium-to-high implied volatility suggests market uncertainty, which could lead to price movements.",118.85,113.49,26.2,-0.6873,1305731,1.05,10.6,15.1,2.65,4.73,1,0.38,0.23,0.16
Day-648,Qwen/Qwen2.5-7B-Instruct,ENTJ,static,flat,42,0.92,flat,105.77,105.7336948231676,12084.366619056715,3461.8413515016814,81.52146419168983,BUY,0.2,"The price is below the short-term moving average and the RSI is in the oversold region, indicating potential for a rebound. The medium-to-high risk appetite aligns with the opportunity for significant gains.",117.97,113.53,20.8,-1.4102,1339249,1.06,10.3,15.0,2.67,3.91,1,-0.05,0.18,-0.23
Day-649,Qwen/Qwen2.5-7B-Instruct,ENTJ,static,flat,42,0.92,flat,105.36,105.65063163852014,12050.942818738122,3461.8413515016814,81.52146419168983,HOLD,0.0,"The current RSI indicates oversold conditions, but the price is below the short-term moving averages, suggesting a potential bearish trend. Given the medium implied volatility and low news sentiment, it's prudent to hold rather than act on the current signals.",117.06,113.6,21.9,-1.993,1158774,0.93,9.6,15.0,2.67,3.05,1,0.16,0.26,-0.1
Day-650,Qwen/Qwen2.5-7B-Instruct,ENTJ,static,flat,42,0.92,flat,104.78,105.19534308118061,12003.660369506943,2423.288946051177,91.43320694269674,BUY,0.3,"The price is below the short-term moving averages and the RSI is in the oversold region, indicating potential for a rebound. The medium-to-high implied volatility suggests market uncertainty, which could lead to significant price movements.",116.2,113.67,22.5,-2.4733,1424054,1.12,9.4,14.9,2.68,2.22,1,0.25,0.17,0.09
Day-651,Qwen/Qwen2.5-7B-Instruct,ENTJ,static,flat,42,0.92,flat,106.63,106.70234753499805,12172.81180235093,2423.288946051177,91.43320694269674,HOLD,0.0,"The RSI indicates oversold conditions, but the price is significantly below the SMA20 and SMA60, suggesting a potential downtrend. Given the current market sentiment and volume ratio, it's prudent to hold and await further confirmation of a trend reversal.",115.31,113.77,31.4,-2.6743,1473580,1.16,12.1,15.0,2.67,1.35,0,0.37,0.22,0.14
Day-652,Qwen/Qwen2.5-7B-Instruct,ENTJ,static,flat,42,0.92,flat,111.02,110.75519122939114,12574.20358082937,2423.288946051177,91.43320694269674,HOLD,0.0,"The current RSI indicates a neutral market condition, and the volume ratio is slightly above 1, suggesting some buying interest. However, the price is below the short-term moving average, and the P/E ratio is reasonable. Given the medium implied volatility, it's prudent to hold and monitor the trend.",114.78,113.92,35.8,-2.4508,1442427,1.13,8.6,15.0,2.66,0.75,0,0.32,0.21,0.11
Day-653,Qwen/Qwen2.5-7B-Instruct,ENTJ,static,flat,42,0.92,flat,113.28,113.31296382364995,12780.842628519866,2423.288946051177,91.43320694269674,HOLD,0.0,"The current RSI is neutral, and the volume ratio is balanced. Given the medium implied volatility and the P/E ratio, there's no strong signal to buy or sell at this moment.",114.21,114.14,40.3,-2.0673,1369533,1.07,7.5,15.0,2.67,0.06,0,0.26,0.27,-0.01
Day-654,Qwen/Qwen2.5-7B-Instruct,ENTJ,static,flat,42,0.92,flat,113.39,112.73904457270999,12790.90028128356,2423.288946051177,91.43320694269674,HOLD,0.0,"The current price is slightly below the short-term and medium-term moving averages, and the RSI is neutral. Given the medium-to-high implied volatility and negative news sentiment, it's prudent to hold the position for now.",113.63,114.34,45.3,-1.7349,1138732,0.89,12.8,15.1,2.65,-0.62,0,-0.09,0.22,-0.31
Day-655,Qwen/Qwen2.5-7B-Instruct,ENTJ,static,flat,42,0.92,flat,109.82,110.30456249672325,12464.48373249813,2423.288946051177,91.43320694269674,HOLD,0.0,"The current price is below the short-term and medium-term moving averages, and the RSI is neutral. Given the low implied volatility and negative news sentiment, it's prudent to hold the position and await further clarity.",112.98,114.41,44.0,-1.7394,1140808,0.89,10.1,14.9,2.68,-1.25,0,-0.17,0.14,-0.31
Day-656,Qwen/Qwen2.5-7B-Instruct,ENTJ,static,flat,42,0.92,flat,116.16,116.16510358119059,13044.170264514829,2423.288946051177,91.43320694269674,HOLD,0.0,"The current market sentiment and indicators suggest a neutral position. The RSI is in a balanced range, and the volume ratio is slightly above 1, indicating some buying interest but not enough to justify a significant move.",112.71,114.6,54.5,-1.2173,1481680,1.14,18.8,15.0,2.67,-1.65,0,0.1,0.08,0.02
Day-657,Qwen/Qwen2.5-7B-Instruct,ENTJ,static,flat,42,0.92,flat,115.68,116.33766346224644,13000.282325182336,2423.288946051177,91.43320694269674,HOLD,0.0,"The current price is slightly above the short-term moving average but below the long-term moving average, indicating a neutral trend. The RSI is in the middle, suggesting no overbought or oversold conditions. Given the medium-to-high risk appetite and the current market sentiment, it's prudent to hold the position.",112.65,114.7,48.5,-0.8322,1005142,0.78,15.7,14.9,2.68,-1.78,0,0.28,0.08,0.2
Day-658,Qwen/Qwen2.5-7B-Instruct,ENTJ,static,flat,42,0.92,flat,116.63,116.40499426322748,13087.143871777898,2423.288946051177,91.43320694269674,HOLD,0.0,"The price is slightly below the short-term moving average, but the RSI is neutral and the volume ratio is stable. Given the current market sentiment and the medium implied volatility, it's prudent to hold the position.",112.51,114.84,50.5,-0.4452,1358024,1.06,18.9,15.0,2.66,-2.02,-1,-0.07,0.01,-0.08
Day-659,Qwen/Qwen2.5-7B-Instruct,ENTJ,static,flat,42,0.92,flat,116.88,116.38375208739966,13110.00217351357,2423.288946051177,91.43320694269674,HOLD,0.0,"The current price is slightly above the short-term moving average, and the RSI is neutral. Given the medium implied volatility and the lack of strong news sentiment, it's prudent to hold the position for now.",112.38,115.02,56.0,-0.1177,1353123,1.05,16.6,15.1,2.66,-2.29,-1,0.32,0.09,0.23
Day-660,Qwen/Qwen2.5-7B-Instruct,ENTJ,static,flat,42,0.92,flat,116.69,116.88080255332447,13092.62986419446,2423.288946051177,91.43320694269674,HOLD,0.0,"The current price is slightly above the short-term moving average, and the RSI is in a neutral range. Given the medium implied volatility and the existing portfolio value, it's prudent to hold the current position.",112.42,115.29,59.2,0.1258,1311344,1.01,13.3,15.0,2.67,-2.49,-1,0.44,0.21,0.22
Day-661,Qwen/Qwen2.5-7B-Instruct,ENTJ,static,flat,42,0.92,flat,115.26,116.57879842028808,12961.880378266404,2423.288946051177,91.43320694269674,HOLD,0.0,"The current trend is slightly downward, and the RSI is in a neutral range, suggesting no strong buying or selling pressure. Given the medium-to-high risk appetite and the need for clear trends, it's prudent to hold the position for now.",112.51,115.47,55.4,0.2011,1495054,1.14,15.1,14.8,2.7,-2.56,-1,-0.27,0.14,-0.41
Day-662,Qwen/Qwen2.5-7B-Instruct,ENTJ,static,flat,42,0.92,flat,115.37,115.28348540793975,12971.938031030102,2423.288946051177,91.43320694269674,HOLD,0.0,"The RSI is slightly overbought, and the implied volatility is low, suggesting that the current trend may not sustain. Given the medium volume ratio and negative news sentiment, it's prudent to hold rather than make a decisive move.",112.63,115.62,71.0,0.2665,1155939,0.88,13.6,15.0,2.66,-2.58,-1,-0.25,0.03,-0.28
Day-663,Qwen/Qwen2.5-7B-Instruct,ENTJ,static,flat,42,0.92,flat,114.21,114.06369343235185,12865.87551097657,2423.288946051177,91.43320694269674,HOLD,0.0,"The current trend is slightly downward, and the RSI is in the overbought zone, suggesting a potential correction. Given the medium-to-high risk appetite and the need for patience, it's prudent to hold the position for now.",112.51,115.76,68.7,0.222,1169985,0.9,10.2,15.0,2.66,-2.81,-1,-0.04,0.04,-0.08
Day-664,Qwen/Qwen2.5-7B-Instruct,ENTJ,static,flat,42,0.92,flat,114.19,114.02320055016126,12864.046846837718,2423.288946051177,91.43320694269674,HOLD,0.0,"The RSI is slightly overbought, and the trend is showing a slight downward movement. Given the current market conditions, it is prudent to hold the position and reassess in the next trading period.",112.4,115.87,70.4,0.1832,1039469,0.81,12.6,15.0,2.66,-2.99,-1,0.09,-0.01,0.1
Day-665,Qwen/Qwen2.5-7B-Instruct,ENTJ,static,flat,42,0.92,flat,113.23,112.82449230563125,12776.270968172728,2423.288946051177,91.43320694269674,HOLD,0.0,"The RSI is neutral and the volume ratio is close to 1, indicating no significant buying or selling pressure. The trend is slightly downward, and the news sentiment is negative, which suggests caution in making a trade at this time.",112.4,116.01,64.9,0.0736,1221399,0.96,9.8,15.1,2.66,-3.11,-1,-0.16,-0.13,-0.03
Day-666,Qwen/Qwen2.5-7B-Instruct,ENTJ,static,flat,42,0.92,flat,110.88,111.26074828865045,12561.402931857392,2423.288946051177,91.43320694269674,HOLD,0.0,"The current price is below the short-term and medium-term moving averages, indicating a downward trend. The RSI is neutral, and there is no strong news sentiment to justify a trade at this time.",112.37,116.01,49.7,-0.2003,1130524,0.89,10.7,14.9,2.68,-3.14,-1,0.41,0.01,0.4
Day-667,Qwen/Qwen2.5-7B-Instruct,ENTJ,static,flat,42,0.92,flat,111.76,111.53128502901599,12641.864153966966,2423.288946051177,91.43320694269674,HOLD,0.0,"The current price is slightly below the short-term and medium-term moving averages, and the RSI is neutral. Given the medium-to-high implied volatility and the slight negative trend, it's prudent to hold the position for now.",112.35,116.01,45.9,-0.3425,1171693,0.92,10.1,15.0,2.66,-3.16,-1,0.13,0.09,0.04
Day-668,Qwen/Qwen2.5-7B-Instruct,ENTJ,static,flat,42,0.92,flat,111.38,110.99726822406957,12607.11953532874,2423.288946051177,91.43320694269674,HOLD,0.0,"The trend is slightly downward, and the RSI is in a neutral range, suggesting no strong buying or selling signal. Given the current market conditions, it is prudent to hold the position.",112.63,116.0,44.7,-0.48,1417285,1.11,9.7,15.1,2.66,-2.9,-1,0.01,0.1,-0.08
Day-669,Qwen/Qwen2.5-7B-Instruct,ENTJ,static,flat,42,0.92,flat,113.57,114.42109401453003,12807.358258533244,2423.288946051177,91.43320694269674,HOLD,0.0,"The current trend is slightly downward, and the RSI is in a neutral range. Given the medium-to-high implied volatility and negative news sentiment, it's prudent to hold the position for now.",113.04,116.0,60.6,-0.4076,1467742,1.14,14.3,14.9,2.69,-2.55,-1,-0.43,-0.01,-0.42
Day-670,Qwen/Qwen2.5-7B-Instruct,ENTJ,static,flat,42,0.92,flat,108.67,108.54513247692998,12359.335544514033,7391.312245282605,45.71660347134837,SELL,0.5,"The price is below the short-term moving averages and the RSI indicates oversold conditions, suggesting a potential rebound. Selling half the holdings allows for potential recovery while maintaining some exposure.",113.24,115.88,26.9,-0.7373,1092866,0.86,11.8,15.0,2.66,-2.28,-1,-0.39,-0.06,-0.34
Day-671,Qwen/Qwen2.5-7B-Instruct,ENTJ,static,flat,42,0.92,flat,110.74,110.97402790072994,12453.968913699722,7391.312245282605,45.71660347134837,HOLD,0.0,"The current price is below the short-term and medium-term moving averages, and the RSI is in the oversold region, suggesting a potential rebound. However, the volume ratio is low, and the news sentiment is neutral, indicating caution. Given the medium-to-high implied volatility, it's prudent to hold and observe further developments.",113.44,115.77,36.2,-0.8217,1186254,0.94,13.6,15.0,2.67,-2.01,-1,0.08,-0.12,0.2
Day-672,Qwen/Qwen2.5-7B-Instruct,ENTJ,static,flat,42,0.92,flat,113.78,113.80857779518618,12592.947388252622,3695.6561226413023,78.1973217227221,BUY,0.5,"The price is slightly below the 20-day SMA, indicating a potential buying opportunity. The medium-to-high implied volatility suggests market uncertainty, which can lead to significant price movements.",113.58,115.78,42.8,-0.6366,1464315,1.16,11.5,15.0,2.67,-1.9,0,-0.64,-0.27,-0.37
Day-673,Qwen/Qwen2.5-7B-Instruct,ENTJ,static,flat,42,0.92,flat,109.37,109.2184593028192,12248.097199455417,3695.6561226413023,78.1973217227221,HOLD,0.0,"The current RSI indicates a neutral market condition, and the volume ratio suggests low trading activity. Given the medium implied volatility and the P/E ratio, there is no strong signal to buy or sell at this time.",113.38,115.68,34.4,-0.8355,1030904,0.83,13.5,15.0,2.66,-1.98,0,0.3,-0.22,0.52
Day-674,Qwen/Qwen2.5-7B-Instruct,ENTJ,static,flat,42,0.92,flat,108.31,108.5050090612431,12165.208038429333,7930.432080535317,39.09866086136105,SELL,0.5,"The price is below the short-term and medium-term moving averages, indicating a downtrend. The RSI is in the oversold region, suggesting potential for a rebound, but the volume is low, and the news sentiment is negative, which may delay any recovery.",113.13,115.47,33.2,-1.067,1046180,0.85,12.2,15.0,2.67,-2.03,-1,-0.05,-0.14,0.09
Day-675,Qwen/Qwen2.5-7B-Instruct,ENTJ,static,flat,42,0.92,flat,107.53,107.73424724760883,12134.71108295747,5947.824060401488,57.536380754728754,BUY,0.25,"The price is below the short-term moving averages and the RSI is in the oversold region, indicating potential for a rebound. The medium-to-high implied volatility suggests market uncertainty, which could lead to volatility-driven gains.",113.02,115.17,34.1,-1.2983,1081395,0.88,9.1,15.0,2.67,-1.87,0,0.97,0.13,0.84
Day-676,Qwen/Qwen2.5-7B-Instruct,ENTJ,static,flat,42,0.92,flat,104.78,104.77521933124179,11976.486035881968,2973.912030200744,85.91882043979025,BUY,0.5,"The price is below the short-term moving averages and the RSI is in the oversold region, indicating potential for a rebound. The medium-to-high risk appetite aligns with the opportunity for significant gains.",112.45,114.74,30.3,-1.6837,1297606,1.06,7.5,15.0,2.67,-2.0,0,0.69,0.26,0.44
Day-677,Qwen/Qwen2.5-7B-Instruct,ENTJ,static,flat,42,0.92,flat,102.9,103.18886535832814,11814.95865345516,7394.4353418279525,42.959410219895126,SELL,0.5,"The price has fallen below the 20 and 60-day moving averages, indicating a potential downtrend. The RSI is in the oversold region, suggesting a possible bounce, but the overall trend is negative, warranting a partial sell.",111.81,114.3,29.6,-2.1169,1075236,0.88,8.0,15.0,2.67,-2.18,-1,-0.05,0.37,-0.43
Day-678,Qwen/Qwen2.5-7B-Instruct,ENTJ,static,flat,42,0.92,flat,100.64,100.95243209082237,11717.870386358198,3697.2176709139762,79.69646974805467,BUY,0.5,"The price is below the short-term moving average and the RSI indicates overselling, suggesting potential for a rebound. The medium-to-high risk appetite aligns with the opportunity for significant gains.",111.01,113.84,27.3,-2.6121,1484038,1.2,8.6,15.0,2.67,-2.49,-1,-0.03,0.31,-0.34
Day-679,Qwen/Qwen2.5-7B-Instruct,ENTJ,static,flat,42,0.92,flat,104.75,104.58444648170526,12045.422877022704,7871.32027396834,39.848234874027334,SELL,0.5,"The price is below the short-term and medium-term moving averages, indicating a downtrend. The RSI is in the oversold region, suggesting a potential reversal, but the trend is still negative.",110.4,113.47,37.2,-2.6423,1223357,1.0,7.5,15.0,2.66,-2.71,-1,0.3,0.38,-0.08
Day-680,Qwen/Qwen2.5-7B-Instruct,ENTJ,static,flat,42,0.92,flat,106.3,106.59199480072934,12107.187641077446,7871.32027396834,39.848234874027334,HOLD,0.0,"The current price is below the short-term and medium-term moving averages, indicating a downtrend. The RSI is in the neutral range, and there is no strong news sentiment to justify a trade at this time.",109.88,113.15,42.9,-2.5121,1250758,1.02,7.5,15.0,2.67,-2.89,-1,0.51,0.28,0.23
Day-681,Qwen/Qwen2.5-7B-Instruct,ENTJ,static,flat,42,0.92,flat,109.56,109.37031561894787,12237.092886766775,5509.924191777838,61.401685788508004,BUY,0.3,"The price is slightly below the 20-day moving average and the RSI is in a neutral range, suggesting potential for a rebound. The medium implied volatility and positive news sentiment also support a bullish outlook.",109.6,112.86,46.8,-2.1219,1123329,0.93,8.5,15.0,2.66,-2.89,-1,-0.49,0.05,-0.54
Day-682,Qwen/Qwen2.5-7B-Instruct,ENTJ,static,flat,42,0.92,flat,111.12,110.99364599823247,12332.879516596848,5509.924191777838,61.401685788508004,HOLD,0.0,"The current price is slightly below the 20-day SMA, indicating a potential reversal, but the RSI is neutral and the volume ratio is stable. Given the medium-to-high risk appetite and the need for clear signals, it's prudent to hold the position.",109.38,112.65,49.6,-1.6678,1235480,1.02,7.9,15.0,2.66,-2.9,-1,-0.54,-0.05,-0.49
Day-683,Qwen/Qwen2.5-7B-Instruct,ENTJ,static,flat,42,0.92,flat,108.04,108.54794024704353,12143.762324368243,5509.924191777838,61.401685788508004,HOLD,0.0,"The current trend is slightly downward, and the RSI is in a neutral range, indicating no strong buying or selling pressure. Given the medium-to-high risk appetite and the need for clear trends, it's prudent to hold the position for now.",109.08,112.32,42.5,-1.5383,1330956,1.09,8.8,14.9,2.68,-2.88,-1,-0.19,-0.08,-0.11
Day-684,Qwen/Qwen2.5-7B-Instruct,ENTJ,static,flat,42,0.92,flat,107.27,107.44740968854103,12096.483026311093,5509.924191777838,61.401685788508004,HOLD,0.0,"The current price is below the short-term and medium-term moving averages, indicating a downtrend. The RSI is neutral, and the volume ratio is slightly above 1, suggesting some buying interest but not enough to reverse the trend. Given the medium-to-high implied volatility, it's prudent to hold and reassess the situation.",108.73,111.96,47.8,-1.4808,1375588,1.11,7.8,15.0,2.67,-2.89,-1,0.17,-0.11,0.28
Day-685,Qwen/Qwen2.5-7B-Instruct,ENTJ,static,flat,42,0.92,flat,109.06,108.53676970816642,12206.392043872522,5509.924191777838,61.401685788508004,HOLD,0.0,"The current price is slightly below the short-term moving average, but the RSI is neutral and the volume ratio is close to 1. Given the medium implied volatility and the P/E ratio, it's not a strong signal to make a move at this time.",108.52,111.69,47.4,-1.2758,1376934,1.11,13.3,15.1,2.65,-2.83,-1,0.15,-0.18,0.33
Day-686,Qwen/Qwen2.5-7B-Instruct,ENTJ,static,flat,42,0.92,flat,105.59,105.94779266039522,11993.328194186399,5509.924191777838,61.401685788508004,HOLD,0.0,"The RSI indicates a neutral position, and the price is below the short-term and medium-term moving averages, suggesting a potential downtrend. Given the current market conditions, it is prudent to hold the position and reassess in the next trading period.",108.26,111.37,37.5,-1.3782,1288945,1.03,11.1,14.9,2.68,-2.79,-1,0.32,-0.02,0.34
Day-687,Qwen/Qwen2.5-7B-Instruct,ENTJ,static,flat,42,0.92,flat,107.37,107.50167397585938,12102.623194889944,5509.924191777838,61.401685788508004,HOLD,0.0,"The trend is slightly downward, and the RSI is neutral, indicating no strong buying or selling pressure. The current volume ratio and news sentiment also suggest caution.",108.04,111.18,46.7,-1.3006,1452179,1.15,8.8,15.0,2.67,-2.82,-1,-0.36,0.02,-0.38
Day-688,Qwen/Qwen2.5-7B-Instruct,ENTJ,static,flat,42,0.92,flat,107.18,107.01830679310578,12090.956874590127,5509.924191777838,61.401685788508004,HOLD,0.0,"The price is slightly below the short-term and medium-term moving averages, and the RSI is neutral. Given the current market sentiment and implied volatility, it's prudent to hold the position rather than make a trade.",107.83,110.93,48.1,-1.2401,1408703,1.11,10.3,15.0,2.66,-2.8,-1,-0.69,-0.08,-0.61
Day-689,Qwen/Qwen2.5-7B-Instruct,ENTJ,static,flat,42,0.92,flat,106.61,106.25092303986155,12055.957913690676,5509.924191777838,61.401685788508004,HOLD,0.0,"The price is slightly below the 20 and 60-day moving averages, indicating a downtrend. The RSI is neutral, and the volume ratio is close to 1, suggesting no significant buying or selling pressure.",107.48,110.68,48.4,-1.2241,1378524,1.09,13.6,15.1,2.66,-2.89,-1,0.26,-0.07,0.32
Day-690,Qwen/Qwen2.5-7B-Instruct,ENTJ,static,flat,42,0.92,flat,107.66,107.8048549998214,12120.429683768609,5509.924191777838,61.401685788508004,HOLD,0.0,"The current trend is slightly downward, and the RSI is in a neutral range. Given the medium-to-high implied volatility and negative news sentiment, it's prudent to hold the position for now.",107.43,110.51,55.3,-1.1136,1027802,0.82,17.5,15.0,2.67,-2.79,-1,-0.25,-0.14,-0.1
Day-691,Qwen/Qwen2.5-7B-Instruct,ENTJ,static,flat,42,0.92,flat,108.42,108.79963294997216,12167.094964967877,5509.924191777838,61.401685788508004,HOLD,0.0,"The current price is slightly below the 20-day SMA, indicating a potential reversal. However, the RSI is neutral, and the volume ratio is low, suggesting caution. Given the medium-to-high risk appetite and the need for clearer signals, it's prudent to hold.",107.31,110.41,60.5,-0.9537,1003438,0.8,19.1,14.9,2.68,-2.81,-1,-0.61,-0.33,-0.28
Day-692,Qwen/Qwen2.5-7B-Instruct,ENTJ,static,flat,42,0.92,flat,108.95,108.0494116180602,12199.637858435784,5509.924191777838,61.401685788508004,HOLD,0.0,"The current price is slightly below the 20-day SMA, but the RSI is neutral and the volume ratio is low, indicating a lack of significant buying interest. Given the medium implied volatility and neutral news sentiment, it's prudent to hold the position.",107.07,110.33,67.0,-0.7751,1106223,0.9,19.0,15.1,2.64,-2.95,-1,0.04,-0.25,0.29
Day-693,Qwen/Qwen2.5-7B-Instruct,ENTJ,static,flat,42,0.92,flat,111.53,110.6171603080998,12358.054207770136,5509.924191777838,61.401685788508004,HOLD,0.0,"The current price is slightly above the short-term moving average, and the RSI is in a neutral range. Given the medium implied volatility and the lack of strong news sentiment, it's prudent to hold the position for now.",107.18,110.23,64.8,-0.4204,1331761,1.07,15.8,15.1,2.64,-2.76,-1,0.24,-0.06,0.3
Day-694,Qwen/Qwen2.5-7B-Instruct,ENTJ,static,flat,42,0.92,flat,109.02,108.28362768411345,12203.93597644098,5509.924191777838,61.401685788508004,HOLD,0.0,"The current trend is slightly downward, and the RSI is neutral, indicating no strong buying or selling pressure. Given the medium-to-high risk appetite and the need for clear trends, it's prudent to hold the position for now.",107.21,110.08,55.7,-0.3381,1205598,0.96,22.6,15.1,2.65,-2.6,-1,-0.04,-0.12,0.09
Day-695,Qwen/Qwen2.5-7B-Instruct,ENTJ,static,flat,42,0.92,flat,109.71,109.65868509198091,12246.30313963505,5509.924191777838,61.401685788508004,HOLD,0.0,"The current trend is slightly downward, and the RSI is neutral, indicating no strong buying or selling pressure. Given the medium-to-high risk appetite and the need for clear trends, it's prudent to hold the position for now.",107.32,110.01,50.4,-0.2148,1201203,0.95,18.3,15.0,2.67,-2.44,-1,-0.14,-0.1,-0.04
Day-696,Qwen/Qwen2.5-7B-Instruct,ENTJ,static,flat,42,0.92,flat,110.63,111.0004998318384,12302.792690560478,5509.924191777838,61.401685788508004,HOLD,0.0,"The current price is slightly above the short-term moving average, and the RSI is neutral. Given the medium implied volatility and the slight negative news sentiment, it's prudent to hold the position for now.",107.62,109.99,48.8,-0.0422,1442293,1.14,13.7,15.0,2.68,-2.16,-1,-0.05,0.01,-0.06
Day-697,Qwen/Qwen2.5-7B-Instruct,ENTJ,static,flat,42,0.92,flat,109.89,110.34852604312253,12257.355443076984,5509.924191777838,61.401685788508004,HOLD,0.0,"The current price is in line with the short-term moving averages, and the RSI is neutral. Given the medium implied volatility and negative news sentiment, it's prudent to hold the position.",107.97,109.95,55.0,0.0344,1447781,1.13,16.5,14.9,2.68,-1.8,0,-0.11,-0.02,-0.09
Day-698,Qwen/Qwen2.5-7B-Instruct,ENTJ,static,flat,42,0.92,flat,111.46,111.1039707077079,12353.75608976494,5509.924191777838,61.401685788508004,HOLD,0.0,"The current price is slightly above the short-term moving average, and the RSI is in a neutral range. Given the medium implied volatility and negative news sentiment, it's prudent to hold the position for now.",108.51,110.06,60.9,0.2194,1454587,1.13,20.6,15.0,2.66,-1.41,0,-0.4,-0.15,-0.26
Day-699,Qwen/Qwen2.5-7B-Instruct,ENTJ,static,flat,42,0.92,flat,108.72,108.3909029569454,12185.515470704428,5509.924191777838,61.401685788508004,HOLD,0.0,"The current price is slightly below the 20-day SMA, but the RSI is neutral and the volume ratio is low, indicating a lack of significant buying interest. Given the medium implied volatility and negative news sentiment, it's prudent to hold the position.",108.7,110.13,49.1,0.1431,1156939,0.9,23.7,15.0,2.66,-1.29,0,-0.21,-0.18,-0.03
Day-700,Qwen/Qwen2.5-7B-Instruct,ENTJ,static,flat,42,0.92,flat,111.47,110.44577812288043,12354.370106622824,5509.924191777838,61.401685788508004,HOLD,0.0,"The current price is slightly above the short-term moving average, and the RSI is in a neutral range. Given the medium implied volatility and the lack of strong positive news sentiment, it's prudent to hold the position for now.",108.96,110.26,65.2,0.3013,1345527,1.05,22.0,15.1,2.64,-1.18,0,0.16,-0.12,0.28
Day-701,Qwen/Qwen2.5-7B-Instruct,ENTJ,static,flat,42,0.92,flat,110.51,110.0711155697883,12295.424488265857,5509.924191777838,61.401685788508004,HOLD,0.0,"The RSI is neutral and the volume ratio is below 1, indicating lackluster trading activity. Given the current market conditions and the absence of significant news sentiment, it's prudent to hold the position.",109.01,110.34,58.4,0.3446,1135816,0.88,20.0,15.1,2.66,-1.2,0,0.1,-0.1,0.19
Day-702,Qwen/Qwen2.5-7B-Instruct,ENTJ,static,flat,42,0.92,flat,108.12,108.95905850972171,12148.674459231323,5509.924191777838,61.401685788508004,HOLD,0.0,"The current price is slightly below the short-term and medium-term moving averages, and the RSI is neutral. Given the medium implied volatility and the lack of significant news sentiment, it's prudent to hold the position for now.",108.86,110.28,52.3,0.1845,1095304,0.86,16.7,14.9,2.69,-1.29,0,0.05,-0.06,0.11
Day-703,Qwen/Qwen2.5-7B-Instruct,ENTJ,static,flat,42,0.92,flat,111.83,111.3025741653405,12376.474713506688,5509.924191777838,61.401685788508004,HOLD,0.0,"The current price is slightly above the short-term moving average, and the RSI is in a neutral range. Given the medium implied volatility and negative news sentiment, it's prudent to hold the position for now.",109.05,110.25,60.9,0.3531,1092316,0.86,15.2,15.1,2.65,-1.09,0,-0.3,-0.04,-0.26
Day-704,Qwen/Qwen2.5-7B-Instruct,ENTJ,static,flat,42,0.92,flat,109.34,109.77858925390788,12223.584515893304,5509.924191777838,61.401685788508004,HOLD,0.0,"The RSI is neutral and the volume ratio is close to 1, indicating no significant buying or selling pressure. The current price is slightly below the short-term moving average, but given the medium implied volatility and neutral news sentiment, it's prudent to hold.",109.15,110.17,53.3,0.2823,1171053,0.93,13.1,14.9,2.68,-0.92,0,-0.05,-0.01,-0.04
Day-705,Qwen/Qwen2.5-7B-Instruct,ENTJ,static,flat,42,0.92,flat,106.6,106.76138382245581,12055.34389683279,5509.924191777838,61.401685788508004,HOLD,0.0,"The current market sentiment and technical indicators suggest a neutral to slightly bearish trend, with the RSI indicating neither overbought nor oversold conditions. Given the medium-to-high risk appetite and the need for clear signals, it's prudent to hold the current position.",109.03,110.11,46.7,0.0046,1214978,0.97,12.9,15.0,2.67,-0.98,0,-0.65,-0.17,-0.48
Day-706,Qwen/Qwen2.5-7B-Instruct,ENTJ,static,flat,42,0.92,flat,103.6,103.51988325259364,11871.138839467267,5509.924191777838,61.401685788508004,HOLD,0.0,"The current price is slightly below the short-term and medium-term moving averages, and the RSI is in a neutral range. Given the medium implied volatility and the lack of strong news sentiment, it's prudent to hold the position.",108.93,109.86,41.0,-0.4525,1415474,1.13,9.0,15.0,2.66,-0.84,0,0.05,-0.18,0.23
Day-707,Qwen/Qwen2.5-7B-Instruct,ENTJ,static,flat,42,0.92,flat,105.31,104.81363852348579,11976.135722165616,5509.924191777838,61.401685788508004,HOLD,0.0,"The current price is slightly below the short-term and medium-term moving averages, and the RSI is in a neutral range. Given the medium implied volatility and lack of significant news sentiment, it's prudent to hold the position for now.",108.83,109.65,39.3,-0.6684,1059945,0.86,7.5,15.1,2.65,-0.75,0,0.43,-0.1,0.53
Day-708,Qwen/Qwen2.5-7B-Instruct,ENTJ,static,flat,42,0.92,flat,102.97,102.19423988243246,11832.455777420506,5509.924191777838,61.401685788508004,HOLD,0.0,"The current price is below the short-term and medium-term moving averages, and the RSI is in the neutral range, suggesting a lack of strong buying or selling pressure. Given the medium-to-high implied volatility and negative news sentiment, it's prudent to hold the position.",108.62,109.38,39.5,-1.0167,1367462,1.11,7.5,15.1,2.65,-0.69,0,-0.44,-0.13,-0.31
Day-709,Qwen/Qwen2.5-7B-Instruct,ENTJ,static,flat,42,0.92,flat,106.04,105.87627533770643,12020.958952791229,5509.924191777838,61.401685788508004,HOLD,0.0,"The current price is slightly below the short-term moving averages, and the RSI is in a neutral range. Given the medium-to-high risk appetite and the need for clear trends, it's prudent to hold the position for now.",108.59,109.16,44.1,-1.0334,1265727,1.03,8.0,15.0,2.66,-0.52,0,-0.18,-0.16,-0.02
Day-710,Qwen/Qwen2.5-7B-Instruct,ENTJ,static,flat,42,0.92,flat,101.53,101.58873067452292,11744.037349885057,5509.924191777838,61.401685788508004,HOLD,0.0,"The current RSI indicates oversold conditions, but the price is significantly below the short-term moving averages, suggesting a potential trend reversal. Given the medium implied volatility and neutral news sentiment, it's prudent to hold and monitor the situation.",108.28,108.86,36.9,-1.3944,1143972,0.93,9.9,15.0,2.67,-0.53,0,0.1,-0.01,0.11
Day-711,Qwen/Qwen2.5-7B-Instruct,ENTJ,static,flat,42,0.92,flat,105.26,105.12622150780227,11973.065637876192,5509.924191777838,61.401685788508004,HOLD,0.0,"The current price is slightly below the short-term moving averages, and the RSI is neutral, indicating no strong buying or selling pressure. Given the medium implied volatility and neutral news sentiment, it's prudent to hold the position.",108.13,108.66,43.9,-1.3638,1246409,1.0,7.5,15.0,2.66,-0.49,0,0.38,0.06,0.32
Day-712,Qwen/Qwen2.5-7B-Instruct,ENTJ,static,flat,42,0.92,flat,105.95,105.60250442581314,12015.432801070261,5509.924191777838,61.401685788508004,HOLD,0.0,"The current price is slightly below the short-term and medium-term moving averages, and the RSI is in a neutral range. Given the medium-to-high implied volatility and negative news sentiment, it's prudent to hold the position for now.",107.98,108.47,42.5,-1.269,1149971,0.92,11.8,15.0,2.66,-0.45,0,-0.13,-0.06,-0.08
Day-713,Qwen/Qwen2.5-7B-Instruct,ENTJ,static,flat,42,0.92,flat,105.29,105.43006318613728,11974.907688449846,5509.924191777838,61.401685788508004,HOLD,0.0,"The current price is slightly below the short-term moving averages, and the RSI is neutral, indicating no strong buying or selling pressure. Given the medium implied volatility and negative news sentiment, it's prudent to hold the position.",107.66,108.29,45.1,-1.2333,1298040,1.04,13.4,15.0,2.67,-0.58,0,-0.21,-0.01,-0.2
Day-714,Qwen/Qwen2.5-7B-Instruct,ENTJ,static,flat,42,0.92,flat,104.93,104.3185755193476,11952.803081565984,5509.924191777838,61.401685788508004,HOLD,0.0,"The current price is below the short-term and medium-term moving averages, and the RSI indicates a neutral to slightly oversold condition. Given the medium implied volatility and negative news sentiment, it's prudent to hold the position for now.",107.46,108.1,39.9,-1.2197,1216921,0.98,10.2,15.1,2.65,-0.6,0,-0.59,-0.09,-0.5
Day-715,Qwen/Qwen2.5-7B-Instruct,ENTJ,static,flat,42,0.92,flat,105.27,105.18620551872242,11973.679654734075,5509.924191777838,61.401685788508004,HOLD,0.0,"The current price is slightly below the short-term moving averages, and the RSI is neutral. Given the low implied volatility and neutral news sentiment, there isn't a strong enough signal to justify a trade at this time.",107.24,107.94,41.7,-1.1684,1082202,0.87,10.4,15.0,2.66,-0.66,0,0.03,-0.11,0.14
Day-716,Qwen/Qwen2.5-7B-Instruct,ENTJ,static,flat,42,0.92,flat,105.4,105.13859912587849,11981.661873886582,5509.924191777838,61.401685788508004,HOLD,0.0,"The current price is slightly below the short-term and medium-term moving averages, and the RSI is neutral. Given the medium implied volatility and the volume ratio, there is no strong signal to make a trade at this moment.",106.97,107.83,45.4,-1.1043,1058291,0.87,15.7,15.0,2.66,-0.8,0,0.61,-0.06,0.67
Day-717,Qwen/Qwen2.5-7B-Instruct,ENTJ,static,flat,42,0.92,flat,107.77,107.51662739509513,12127.183869205346,5509.924191777838,61.401685788508004,HOLD,0.0,"The current price is in line with the short-term moving averages, and the RSI is neutral. Given the medium implied volatility and the lack of strong news sentiment, it's prudent to hold the position.",106.87,107.75,42.8,-0.8525,1273347,1.05,11.3,15.0,2.66,-0.82,0,0.08,-0.01,0.1
Day-718,Qwen/Qwen2.5-7B-Instruct,ENTJ,static,flat,42,0.92,flat,107.91,107.79486922458985,12135.780105215737,5509.924191777838,61.401685788508004,HOLD,0.0,"The current price is in line with the short-term moving averages, and the RSI is neutral. Given the medium implied volatility and the slight negative news sentiment, it's prudent to hold the position.",106.69,107.68,47.2,-0.6338,1451206,1.2,8.5,15.0,2.66,-0.92,0,-0.01,0.03,-0.03
Day-719,Qwen/Qwen2.5-7B-Instruct,ENTJ,static,flat,42,0.92,flat,108.51,108.15183260139685,12172.621116688842,5509.924191777838,61.401685788508004,HOLD,0.0,"The current price is slightly above the short-term moving average, and the RSI is in a neutral range. Given the medium implied volatility and neutral news sentiment, there is no strong signal to make a trade at this moment.",106.68,107.58,54.0,-0.4079,1171978,0.97,12.8,15.0,2.66,-0.84,0,0.1,0.16,-0.07
Day-720,Qwen/Qwen2.5-7B-Instruct,ENTJ,static,flat,42,0.92,flat,107.16,107.40039425894892,12089.728840874355,5509.924191777838,61.401685788508004,HOLD,0.0,"The current price is in line with the short-term moving averages, and the RSI is neutral. Given the medium implied volatility and lack of significant news sentiment, it's prudent to hold the position.",106.46,107.55,58.1,-0.3339,1366500,1.13,11.8,15.0,2.67,-1.01,0,-0.0,0.16,-0.16
Day-721,Qwen/Qwen2.5-7B-Instruct,ENTJ,static,flat,42,0.92,flat,107.07,107.31033251069128,12084.20268915339,5509.924191777838,61.401685788508004,HOLD,0.0,"The current price is in line with the short-term moving averages, and the RSI is neutral. The volume ratio is close to 1, indicating no significant buying or selling pressure. Given the medium implied volatility and negative news sentiment, it's prudent to hold the position.",106.29,107.48,54.3,-0.2791,1329330,1.09,12.8,15.0,2.67,-1.1,0,-0.24,-0.01,-0.23
Day-722,Qwen/Qwen2.5-7B-Instruct,ENTJ,static,flat,42,0.92,flat,107.37,108.00537300266242,12102.623194889944,5509.924191777838,61.401685788508004,HOLD,0.0,"The RSI is neutral and the price is close to the short-term moving average, suggesting a lack of strong momentum. The current holdings are valued and the market sentiment is neutral, making it prudent to hold.",106.26,107.35,62.0,-0.2092,1465777,1.18,17.3,14.9,2.68,-1.02,0,0.25,0.02,0.23
Day-723,Qwen/Qwen2.5-7B-Instruct,ENTJ,static,flat,42,0.92,flat,104.66,104.4050042843869,11936.224626403085,5509.924191777838,61.401685788508004,HOLD,0.0,"The current RSI is neutral, and the price is slightly below the short-term moving averages. Given the medium implied volatility and the neutral news sentiment, it's prudent to hold the position.",105.9,107.26,46.2,-0.3679,1410490,1.12,17.6,15.0,2.66,-1.27,0,0.07,0.03,0.03
Day-724,Qwen/Qwen2.5-7B-Instruct,ENTJ,static,flat,42,0.92,flat,102.05,101.65796555950644,11775.966226495078,5509.924191777838,61.401685788508004,HOLD,0.0,"The current price and technical indicators suggest a neutral market sentiment. The RSI is in the middle range, and the volume ratio is close to 1, indicating no significant buying or selling pressure. Given the current portfolio status and market conditions, it is prudent to hold the current positions.",105.53,107.13,51.6,-0.6969,1283302,1.02,15.0,15.1,2.66,-1.49,0,0.01,0.01,-0.01
Day-725,Qwen/Qwen2.5-7B-Instruct,ENTJ,static,flat,42,0.92,flat,103.39,103.21138652406697,11858.24448545168,5509.924191777838,61.401685788508004,HOLD,0.0,"The RSI is neutral and the volume ratio is close to 1, indicating no significant buying or selling pressure. The current price is slightly below the short-term and medium-term moving averages, suggesting a potential trend reversal, but the implied volatility is low, making it a cautious market.",105.37,107.05,43.2,-0.8397,1328515,1.05,11.5,15.0,2.66,-1.57,0,-0.29,-0.04,-0.25
Day-726,Qwen/Qwen2.5-7B-Instruct,ENTJ,static,flat,42,0.92,flat,104.29,103.59576910733243,11913.50600266134,5509.924191777838,61.401685788508004,HOLD,0.0,"The current price is slightly below the short-term moving averages, and the RSI is neutral, indicating no strong buying or selling pressure. Given the medium implied volatility and the lack of strong news sentiment, it's prudent to hold the position.",105.41,107.04,44.0,-0.8703,1449193,1.14,12.4,15.1,2.65,-1.53,0,0.39,0.08,0.31
Day-727,Qwen/Qwen2.5-7B-Instruct,ENTJ,static,flat,42,0.92,flat,103.24,103.24624091052215,11849.034232583404,5509.924191777838,61.401685788508004,HOLD,0.0,"The current price is slightly below the short-term and medium-term moving averages, and the RSI is in a neutral range. Given the medium implied volatility and lack of significant news sentiment, it's prudent to hold the position for now.",105.3,107.05,42.8,-0.9675,1199759,0.94,10.3,15.0,2.67,-1.63,0,0.2,0.07,0.13
Day-728,Qwen/Qwen2.5-7B-Instruct,ENTJ,static,flat,42,0.92,flat,103.59,103.31530255613033,11870.524822609383,5509.924191777838,61.401685788508004,HOLD,0.0,"The current price is slightly below the short-term and medium-term moving averages, and the RSI is in a neutral range. Given the medium-to-high implied volatility and the slightly negative news sentiment, it's prudent to hold the position for now.",105.33,107.11,45.3,-1.0053,1163397,0.92,12.1,15.0,2.66,-1.65,0,-0.17,0.03,-0.19
Day-729,Qwen/Qwen2.5-7B-Instruct,ENTJ,static,flat,42,0.92,flat,103.45,104.06723038561019,11861.928586598991,5509.924191777838,61.401685788508004,HOLD,0.0,"The current price is slightly below the 20 and 60-day moving averages, and the RSI is in a neutral range. Given the medium implied volatility and the volume ratio, it's not a strong signal to enter a trade at this moment.",105.2,107.08,43.5,-1.0344,1005405,0.8,17.0,14.9,2.68,-1.75,0,0.3,0.09,0.21
Day-730,Qwen/Qwen2.5-7B-Instruct,ENTJ,static,flat,42,0.92,flat,102.74,102.9807361115439,11818.333389689149,5509.924191777838,61.401685788508004,HOLD,0.0,"The current price is below the short-term and medium-term moving averages, and the RSI is in a neutral range. Given the medium-to-high implied volatility and negative news sentiment, it's prudent to hold the position for now.",105.26,107.01,40.9,-1.1021,1413275,1.11,18.8,15.0,2.67,-1.63,0,-0.15,0.12,-0.26
Day-731,Qwen/Qwen2.5-7B-Instruct,ENTJ,static,flat,42,0.92,flat,101.78,101.42056164721167,11759.387771332182,8634.65598155501,30.700842894254002,SELL,0.5,"The RSI indicates oversold conditions, and the implied volatility is low, suggesting a potential for a rebound. Selling half the holdings allows for potential gains if the price recovers.",105.09,106.85,27.4,-1.2193,1400490,1.1,15.4,15.1,2.66,-1.65,0,-0.23,-0.01,-0.22
Day-732,Qwen/Qwen2.5-7B-Instruct,ENTJ,static,flat,42,0.92,flat,102.3,101.84914554477689,11775.352209637194,4317.327990777505,72.90346254994809,BUY,0.5,"The price is below the short-term moving averages and the RSI indicates overselling, suggesting potential for a rebound. The medium-to-high implied volatility also supports a bullish outlook.",104.91,106.68,29.4,-1.2558,1052227,0.83,15.8,15.1,2.66,-1.66,0,-0.23,-0.1,-0.13
Day-733,Qwen/Qwen2.5-7B-Instruct,ENTJ,static,flat,42,0.92,flat,99.79,99.90555580142986,11592.364518636825,7954.846254707165,36.451731274974044,SELL,0.5,"The RSI is in the oversold region, indicating potential for a rebound. Selling half the holdings allows for potential recovery while maintaining some exposure.",104.63,106.51,21.9,-1.4699,1288428,1.01,11.7,15.0,2.67,-1.76,0,-0.53,-0.17,-0.36
Day-734,Qwen/Qwen2.5-7B-Instruct,ENTJ,static,flat,42,0.92,flat,100.72,100.75485143317498,11626.26462872255,3977.4231273535825,75.94163523996195,BUY,0.5,"The price is below the short-term moving averages and the RSI indicates overselling. The P/E ratio is reasonable, and the implied volatility suggests potential for volatility-driven gains.",104.42,106.38,28.7,-1.5471,1231990,0.97,16.1,15.0,2.67,-1.84,0,0.14,-0.2,0.34
Day-735,Qwen/Qwen2.5-7B-Instruct,ENTJ,static,flat,42,0.92,flat,96.77,97.41095520546033,11326.295169524701,7651.859148439142,37.97081761998098,SELL,0.5,"The price is below the short-term moving averages and the RSI indicates oversold conditions, suggesting a potential reversal. However, the negative news sentiment and medium volume ratio suggest caution, hence a partial sell to lock in profits.",104.0,106.13,22.8,-1.9051,1059354,0.83,12.8,14.9,2.68,-2.01,-1,-0.55,-0.28,-0.27
Day-736,Qwen/Qwen2.5-7B-Instruct,ENTJ,static,flat,42,0.92,flat,99.35,99.46658847103741,11424.259878984252,6121.487318751313,53.37466089816748,BUY,0.2,"The price is below the short-term moving average and the RSI indicates oversold conditions, suggesting potential for a rebound. The medium-to-high implied volatility also supports a trade in this direction.",103.69,106.01,31.1,-1.9576,1490284,1.15,9.6,15.0,2.67,-2.18,-1,-0.37,-0.31,-0.06
Day-737,Qwen/Qwen2.5-7B-Instruct,ENTJ,static,flat,42,0.92,flat,100.7,100.44132670776295,11496.315671196779,3060.7436593756565,83.7693347747877,BUY,0.5,"The price is below the short-term moving average and the RSI is in the oversold region, indicating potential for a rebound. The medium-to-high implied volatility suggests market uncertainty, which could lead to volatility-driven gains.",103.34,105.88,40.0,-1.8686,1107347,0.86,8.8,15.0,2.66,-2.39,-1,-0.62,-0.39,-0.24
Day-738,Qwen/Qwen2.5-7B-Instruct,ENTJ,static,flat,42,0.92,flat,101.24,100.98725672552689,11541.55111197516,3060.7436593756565,83.7693347747877,HOLD,0.0,"The current trend is slightly downward, and the RSI is neutral, indicating no strong buying or selling pressure. Given the medium-to-high risk appetite and the need for clear trends, it's prudent to hold the position.",103.01,105.76,47.7,-1.7345,1033617,0.82,13.3,15.0,2.66,-2.6,-1,-0.03,-0.28,0.26
Day-739,Qwen/Qwen2.5-7B-Instruct,ENTJ,static,flat,42,0.92,flat,103.22,103.02257691147148,11707.414394829244,3060.7436593756565,83.7693347747877,HOLD,0.0,"The current price is slightly below the 20-day SMA, but the RSI is neutral and the implied volatility is low, suggesting no strong trend. Given the medium volume ratio and negative news sentiment, it's prudent to hold the position.",102.74,105.69,49.5,-1.4522,1297423,1.02,11.7,15.0,2.66,-2.79,-1,-0.05,-0.32,0.28
Day-740,Qwen/Qwen2.5-7B-Instruct,ENTJ,static,flat,42,0.92,flat,106.56,106.54395749391028,11987.203972977033,3060.7436593756565,83.7693347747877,HOLD,0.0,"The current trend is slightly downward, and the RSI is in a neutral range, suggesting no strong buying or selling pressure. Given the medium-to-high risk appetite and the need for clear signals, it's prudent to hold the position.",102.71,105.67,55.4,-0.9477,1369433,1.08,10.6,15.0,2.67,-2.8,-1,-0.1,-0.23,0.13
Day-741,Qwen/Qwen2.5-7B-Instruct,ENTJ,static,flat,42,0.92,flat,108.76,108.76015530404992,12171.496509481567,3060.7436593756565,83.7693347747877,HOLD,0.0,"The current trend is slightly downward, and the RSI is in a neutral range, suggesting no strong buying or selling pressure. Given the medium-to-high risk appetite and the need for clear trends, it's prudent to hold the position for now.",102.8,105.67,62.5,-0.366,1016221,0.81,12.7,15.0,2.67,-2.72,-1,-0.31,-0.22,-0.09
Day-742,Qwen/Qwen2.5-7B-Instruct,ENTJ,static,flat,42,0.92,flat,104.38,104.8601505732109,11804.586823167996,3060.7436593756565,83.7693347747877,HOLD,0.0,"The current trend is slightly downward, and the RSI is neutral, indicating no strong buying or selling pressure. Given the medium-to-high risk appetite and the need for clear trends, it's prudent to hold the position for now.",102.65,105.58,51.5,-0.2557,1329358,1.07,21.8,14.9,2.68,-2.78,-1,-0.35,-0.17,-0.18
Day-743,Qwen/Qwen2.5-7B-Instruct,ENTJ,static,flat,42,0.92,flat,102.6,102.24133251534153,11655.477407268874,3060.7436593756565,83.7693347747877,HOLD,0.0,"The RSI is neutral and the price is below the short-term moving average, indicating a potential downtrend. Given the current market conditions, it's prudent to hold and reassess the position.",102.55,105.4,48.5,-0.3084,1266145,1.02,15.4,15.1,2.66,-2.71,-1,0.14,-0.13,0.27
Day-744,Qwen/Qwen2.5-7B-Instruct,ENTJ,static,flat,42,0.92,flat,101.26,101.00193268971415,11543.226498670658,3060.7436593756565,83.7693347747877,HOLD,0.0,"The trend is slightly downward, and the RSI is in a neutral range, suggesting no strong buying or selling pressure. Given the current market sentiment and volume, it's prudent to hold the position.",102.51,105.25,47.4,-0.4527,1051632,0.86,18.7,15.0,2.66,-2.61,-1,-0.17,-0.16,-0.01
Day-745,Qwen/Qwen2.5-7B-Instruct,ENTJ,static,flat,42,0.92,flat,101.42,101.08497231664617,11556.629592234625,3060.7436593756565,83.7693347747877,HOLD,0.0,"The current trend is slightly downward, and the RSI is neutral, indicating no strong buying or selling pressure. Given the medium-to-high risk appetite and the need for clear signals, it's prudent to hold the position.",102.41,105.08,49.4,-0.548,1086261,0.89,20.6,15.1,2.66,-2.55,-1,0.09,-0.12,0.21
Day-746,Qwen/Qwen2.5-7B-Instruct,ENTJ,static,flat,42,0.92,flat,101.88,102.16760526647408,11595.163486231027,3060.7436593756565,83.7693347747877,HOLD,0.0,"The current trend is slightly downward, and the RSI is neutral, indicating no strong buying or selling pressure. Given the medium-to-high risk appetite and the need for clear trends, it's prudent to hold the position for now.",102.29,104.91,49.2,-0.58,1283987,1.06,16.5,15.0,2.67,-2.5,-1,-0.27,-0.11,-0.16
Day-747,Qwen/Qwen2.5-7B-Instruct,ENTJ,static,flat,42,0.92,flat,99.7,100.72557879501294,11412.54633642199,3060.7436593756565,83.7693347747877,HOLD,0.0,"The current trend is slightly downward, and the RSI is neutral, indicating no strong buying or selling pressure. Given the medium-to-high risk appetite and the need for a clear trend before making a decision, it's prudent to hold the position.",102.11,104.7,49.8,-0.772,1148178,0.95,14.2,14.8,2.69,-2.48,-1,0.05,-0.03,0.08
Day-748,Qwen/Qwen2.5-7B-Instruct,ENTJ,static,flat,42,0.92,flat,101.57,101.13286148611196,11569.19499245084,3060.7436593756565,83.7693347747877,HOLD,0.0,"The trend is slightly downward, and the RSI is neutral, indicating no strong buying or selling pressure. Given the current market conditions, it's prudent to hold the position.",102.01,104.51,51.5,-0.7644,1469157,1.2,12.1,15.1,2.66,-2.39,-1,0.39,0.02,0.37
Day-749,Qwen/Qwen2.5-7B-Instruct,ENTJ,static,flat,42,0.92,flat,99.44,99.64635360755936,11390.766309380546,3060.7436593756565,83.7693347747877,HOLD,0.0,"The price is below the short-term and medium-term moving averages, indicating a downtrend. The RSI is neutral, and the volume ratio is slightly above 1, suggesting some buying interest but not enough to reverse the trend.",101.81,104.32,55.1,-0.92,1409370,1.14,12.9,15.0,2.67,-2.41,-1,0.18,0.09,0.09
Day-750,Qwen/Qwen2.5-7B-Instruct,ENTJ,static,flat,42,0.92,flat,98.16,98.46460051342811,11283.541560868816,3060.7436593756565,83.7693347747877,HOLD,0.0,"The current trend is slightly downward, and the RSI is in a neutral range. Given the medium-to-high risk appetite and the need for a clear trend to emerge, it is prudent to hold the position for now.",101.58,104.05,47.6,-1.1331,1491783,1.2,10.4,15.0,2.67,-2.38,-1,-0.12,0.05,-0.17
Day-751,Qwen/Qwen2.5-7B-Instruct,ENTJ,static,flat,42,0.92,flat,96.01,95.76180171706325,11103.437491103025,3060.7436593756565,83.7693347747877,HOLD,0.0,"The current RSI is neutral, and the price is below the short-term and medium-term moving averages, indicating a potential downtrend. Given the current market conditions, it is prudent to hold the position and reassess in the next period.",101.29,103.77,40.9,-1.4591,1129835,0.92,10.7,15.0,2.66,-2.38,-1,0.08,0.11,-0.04
Day-752,Qwen/Qwen2.5-7B-Instruct,ENTJ,static,flat,42,0.92,flat,93.87,94.03802399604618,10924.171114684978,3060.7436593756565,83.7693347747877,HOLD,0.0,"The price is below the short-term and medium-term moving averages, and the RSI indicates oversold conditions. However, the current volume ratio and news sentiment do not suggest a strong buying opportunity at this time.",100.87,103.48,36.5,-1.8688,1484861,1.19,13.0,15.0,2.67,-2.52,-1,-0.07,0.09,-0.16
Day-753,Qwen/Qwen2.5-7B-Instruct,ENTJ,static,flat,42,0.92,flat,91.9,91.55734698463299,10759.145525178646,1530.3718296878283,100.42191181165198,BUY,0.5,"The price is below the trend line and the RSI is in the oversold region, indicating potential for a rebound. The P/E ratio is favorable, and there is no negative news sentiment.",100.48,103.08,29.3,-2.3257,1215616,0.97,9.6,15.1,2.66,-2.53,-1,0.0,0.01,-0.01
Day-754,Qwen/Qwen2.5-7B-Instruct,ENTJ,static,flat,42,0.92,flat,89.97,89.81464565189214,10565.331235382157,765.1859148439141,108.9268124990357,BUY,0.5,"The price is below the trend line and the RSI is at a low level, indicating potential for a rebound. The medium implied volatility suggests moderate market activity, which aligns with a trend-oriented approach.",99.94,102.69,18.1,-2.8108,1173759,0.94,7.6,15.0,2.66,-2.68,-1,-0.1,-0.04,-0.05
Day-755,Qwen/Qwen2.5-7B-Instruct,ENTJ,static,flat,42,0.92,flat,91.97,91.75489984685996,10783.184860380228,382.59295742195707,113.08678811523617,BUY,0.5,"The price is below the short-term moving average and the RSI is in the oversold region, indicating potential for a rebound. The medium-to-high implied volatility suggests market uncertainty, which could lead to significant price movements.",99.7,102.4,17.4,-2.9996,1025174,0.82,9.3,15.0,2.66,-2.64,-1,-0.05,-0.03,-0.02
Day-756,Qwen/Qwen2.5-7B-Instruct,ENTJ,static,flat,42,0.92,flat,89.59,90.05610923844695,10514.038304665966,382.59295742195707,113.08678811523617,HOLD,0.0,"The RSI indicates oversold conditions, but the negative trend in SMA20/60 suggests a potential reversal is not imminent. The current volume and news sentiment do not support a decisive action.",99.21,102.12,18.9,-3.3029,1026382,0.84,10.2,14.9,2.68,-2.85,-1,0.06,-0.03,0.09
Day-757,Qwen/Qwen2.5-7B-Instruct,ENTJ,static,flat,42,0.92,flat,95.28,94.95285956637282,11157.50212904166,382.59295742195707,113.08678811523617,HOLD,0.0,"The RSI indicates oversold conditions, but the negative news sentiment and the trend showing a decline suggest caution. A more definitive signal is needed before making a move.",98.94,101.92,36.8,-3.0487,1346005,1.09,8.2,15.1,2.66,-2.92,-1,-0.3,-0.08,-0.22
Day-758,Qwen/Qwen2.5-7B-Instruct,ENTJ,static,flat,42,0.92,flat,95.99,95.92310792094996,11237.793748603477,382.59295742195707,113.08678811523617,HOLD,0.0,"The trend is slightly downward, and the RSI is in a neutral range, suggesting no strong buying or selling signal. The volume ratio is close to 1, indicating stable trading volume without significant buying or selling pressure.",98.68,101.78,40.2,-2.7586,1228964,0.99,7.5,15.0,2.66,-3.05,-1,-0.3,-0.14,-0.17
Day-759,Qwen/Qwen2.5-7B-Instruct,ENTJ,static,flat,42,0.92,flat,96.19,96.30725311164773,11260.411106226524,382.59295742195707,113.08678811523617,HOLD,0.0,"The trend is slightly downward, and the RSI is in a neutral range, suggesting no strong buying or selling pressure. Given the current market sentiment and volume, it's prudent to hold the position.",98.33,101.58,40.3,-2.4836,1113260,0.9,9.3,15.0,2.67,-3.21,-1,-0.42,-0.2,-0.22
Day-760,Qwen/Qwen2.5-7B-Instruct,ENTJ,static,flat,42,0.92,flat,94.74,94.69644673801095,11096.435263459432,5739.514110440695,56.54339405761809,SELL,0.5,"The trend is showing a decline, and the RSI is in the oversold region, indicating potential for a pullback. Selling half the position to lock in gains and reduce risk.",97.74,101.45,37.3,-2.3553,1306985,1.06,10.1,15.0,2.67,-3.66,-1,-0.48,-0.29,-0.19
Day-761,Qwen/Qwen2.5-7B-Instruct,ENTJ,static,flat,42,0.92,flat,95.24,96.06092982626811,11124.706960488242,5739.514110440695,56.54339405761809,HOLD,0.0,"The trend is showing a decline, and the RSI is neutral, suggesting a lack of strong buying or selling pressure. Given the current market sentiment and volume, it is prudent to hold the position.",97.06,101.25,41.6,-2.1881,1126429,0.91,13.8,14.9,2.69,-4.14,-1,-0.37,-0.37,0.01
Day-762,Qwen/Qwen2.5-7B-Instruct,ENTJ,static,flat,42,0.92,flat,95.14,94.98983817550648,11119.05262108248,4591.611288352556,68.60880105875472,BUY,0.2,"The price is below the short-term and medium-term moving averages, indicating a potential buy signal. The RSI is in the oversold region, suggesting the asset may rebound.",96.6,101.03,36.9,-2.0407,1288815,1.04,10.9,15.0,2.66,-4.39,-1,0.05,-0.3,0.35
Day-763,Qwen/Qwen2.5-7B-Instruct,ENTJ,static,flat,42,0.92,flat,94.99,95.25048592784795,11108.761300923667,4591.611288352556,68.60880105875472,HOLD,0.0,"The price is below the short-term and long-term moving averages, and the RSI is in a neutral range. Given the current market sentiment and implied volatility, it is prudent to hold the position rather than make a decisive move.",96.22,100.83,40.2,-1.914,1179604,0.96,7.7,15.0,2.67,-4.57,-1,-0.27,-0.3,0.03
Day-764,Qwen/Qwen2.5-7B-Instruct,ENTJ,static,flat,42,0.92,flat,99.89,100.28456616059387,11444.944426111564,4591.611288352556,68.60880105875472,HOLD,0.0,"The current trend is slightly downward, and the RSI is in a neutral range, suggesting no strong buying or selling pressure. Given the medium-to-high risk appetite and the need for clear trends, it's prudent to hold the position for now.",96.15,100.72,53.3,-1.4018,1411776,1.13,8.8,14.9,2.68,-4.54,-1,0.15,-0.18,0.34
Day-765,Qwen/Qwen2.5-7B-Instruct,ENTJ,static,flat,42,0.92,flat,99.26,100.12211673997342,11401.72088144455,4591.611288352556,68.60880105875472,HOLD,0.0,"The RSI is neutral and the trend is slightly negative, indicating a potential correction. Given the current holdings and market conditions, it is prudent to hold and reassess after the correction.",96.04,100.6,56.6,-1.035,1410348,1.12,17.0,14.9,2.69,-4.54,-1,0.01,-0.08,0.09
Day-766,Qwen/Qwen2.5-7B-Instruct,ENTJ,static,flat,42,0.92,flat,103.07,102.48086260921261,11663.120413478406,4591.611288352556,68.60880105875472,HOLD,0.0,"The trend is slightly downward, and the RSI is in the overbought range, suggesting a potential correction. Given the current market sentiment and volume, it's prudent to hold the position.",96.1,100.56,67.4,-0.4316,1238675,0.98,15.9,15.1,2.65,-4.43,-1,-0.59,-0.13,-0.46
Day-767,Qwen/Qwen2.5-7B-Instruct,ENTJ,static,flat,42,0.92,flat,100.78,101.08002667224444,11506.006259053856,4591.611288352556,68.60880105875472,HOLD,0.0,"The RSI is in the neutral range, and the trend is slightly downward. Given the current market conditions, it is prudent to hold the position and reassess in the next cycle.",96.15,100.42,66.6,-0.1369,1175409,0.93,14.4,15.0,2.67,-4.25,-1,0.2,-0.1,0.3
Day-768,Qwen/Qwen2.5-7B-Instruct,ENTJ,static,flat,42,0.92,flat,101.62,101.03962600521457,11563.63765194321,4591.611288352556,68.60880105875472,HOLD,0.0,"The RSI is slightly overbought, and the trend is showing a slight downward movement. Given the current market conditions, it's prudent to hold the position and reassess in the next cycle.",96.16,100.29,72.7,0.1629,1181279,0.95,11.4,15.1,2.65,-4.13,-1,0.24,0.0,0.24
Day-769,Qwen/Qwen2.5-7B-Instruct,ENTJ,static,flat,42,0.92,flat,104.57,104.71357747784087,11766.033615066535,4591.611288352556,68.60880105875472,HOLD,0.0,"The RSI is above 70, indicating overbought conditions, and the trend is slightly downward. Given the current market sentiment and the P/E ratio, it is prudent to hold the position rather than make a trade.",96.41,100.21,73.7,0.6309,1402857,1.12,8.3,15.0,2.67,-3.79,-1,-0.3,-0.09,-0.21
Day-770,Qwen/Qwen2.5-7B-Instruct,ENTJ,static,flat,42,0.92,flat,102.98,103.439763502915,11656.945621383118,4591.611288352556,68.60880105875472,HOLD,0.0,"The RSI is in the overbought territory, and the trend is slightly downward. Given the current market conditions, it's prudent to hold the position and reassess in the next cycle.",96.65,100.13,75.9,0.8636,1164089,0.95,8.1,14.9,2.68,-3.47,-1,0.13,-0.06,0.19
Day-771,Qwen/Qwen2.5-7B-Instruct,ENTJ,static,flat,42,0.92,flat,106.82,107.29031872160613,11920.403417448735,4591.611288352556,68.60880105875472,HOLD,0.0,"The RSI is slightly overbought, and the trend is showing a slight downward movement. Given the current market conditions, it's prudent to hold the position and reassess in a few days.",97.19,100.12,74.1,1.3424,1104529,0.9,12.7,14.9,2.68,-2.93,-1,-0.26,0.0,-0.26
Day-772,Qwen/Qwen2.5-7B-Instruct,ENTJ,static,flat,42,0.92,flat,109.32,108.85246769318375,12091.92542009562,4591.611288352556,68.60880105875472,HOLD,0.0,"The RSI is in the overbought range, and the trend is slightly negative. Given the current market conditions, it's prudent to hold the position and reassess in the next cycle.",97.96,100.16,75.9,1.9016,1042344,0.86,11.3,15.1,2.66,-2.2,-1,0.03,-0.03,0.06
Day-773,Qwen/Qwen2.5-7B-Instruct,ENTJ,static,flat,42,0.92,flat,107.61,107.6671068020316,11974.604370285151,4591.611288352556,68.60880105875472,HOLD,0.0,"The RSI is slightly overbought, and the trend indicators suggest a potential reversal. Given the current market sentiment and volume ratio, it's prudent to hold rather than make a risky trade.",98.75,100.22,70.9,2.1817,1233346,1.02,11.5,15.0,2.67,-1.47,0,-0.38,-0.16,-0.22
Day-774,Qwen/Qwen2.5-7B-Instruct,ENTJ,static,flat,42,0.92,flat,108.82,109.07026169536967,12057.621019566244,8324.6161539594,34.30440052937736,SELL,0.5,"The RSI indicates overbought conditions, and the negative news sentiment suggests potential for a correction. Selling half the holdings helps mitigate risk.",99.69,100.36,76.0,2.473,1241066,1.02,13.7,15.0,2.67,-0.66,0,-0.54,-0.2,-0.33
Day-775,Qwen/Qwen2.5-7B-Instruct,ENTJ,static,flat,42,0.92,flat,111.3,111.24593335483645,12142.695932879098,10233.656043419249,17.15220026468868,SELL,0.5,"The RSI is overbought, indicating potential for a correction. Reducing exposure to this asset is prudent given the current market conditions.",100.66,100.52,77.7,2.8712,1420454,1.15,10.9,15.0,2.67,0.14,0,-0.11,-0.25,0.14
Day-776,Qwen/Qwen2.5-7B-Instruct,ENTJ,static,flat,42,0.92,flat,112.9,112.67184479849482,12170.139453302601,10233.656043419249,17.15220026468868,SELL,0.0,"The RSI is overbought at 79.1, indicating potential for a correction. Given the current cash balance, it's prudent to reduce exposure to this asset.",101.83,100.69,79.1,3.2779,1110619,0.9,13.7,15.0,2.66,1.13,0,-0.04,-0.21,0.17
Day-777,Qwen/Qwen2.5-7B-Instruct,ENTJ,static,flat,42,0.92,flat,109.66,109.22118770699821,12114.56632444501,5116.828021709624,63.81304306707446,BUY,0.5,"The price is below the short-term moving averages, indicating a potential buy opportunity. The RSI is slightly overbought but not excessively so, suggesting the stock may have room to rise.",102.54,100.82,71.8,3.3004,1190495,0.97,11.7,15.1,2.66,1.71,0,-0.12,-0.24,0.12
Day-778,Qwen/Qwen2.5-7B-Instruct,ENTJ,static,flat,42,0.92,flat,108.08,107.67660400919516,12013.741716399032,5116.828021709624,63.81304306707446,HOLD,0.0,"The current price and technical indicators suggest a balanced market with no clear trend. The RSI is in the neutral range, and the implied volatility is low, indicating limited potential for significant price movement in the near term.",103.15,100.91,63.5,3.1546,1404202,1.13,8.4,15.1,2.66,2.22,1,-0.36,-0.23,-0.12
Day-779,Qwen/Qwen2.5-7B-Instruct,ENTJ,static,flat,42,0.92,flat,107.02,107.17703017088043,11946.099890747933,5116.828021709624,63.81304306707446,HOLD,0.0,"The current price is slightly above the short-term moving averages, and the RSI is in a neutral range. Given the medium implied volatility and negative news sentiment, it's prudent to hold the position for now.",103.69,100.98,62.6,2.9198,1411811,1.13,13.1,15.0,2.67,2.69,1,-0.12,-0.15,0.03
Day-780,Qwen/Qwen2.5-7B-Instruct,ENTJ,static,flat,42,0.92,flat,106.41,107.04970788939352,11907.173934477018,5116.828021709624,63.81304306707446,HOLD,0.0,"The current price is slightly above the short-term and medium-term moving averages, and the RSI is in a neutral range. Given the medium-to-high implied volatility and the lack of strong news sentiment, it's prudent to hold the position for now.",104.27,101.05,56.1,2.6541,1192305,0.96,14.4,14.9,2.68,3.19,1,0.08,-0.11,0.19
Day-781,Qwen/Qwen2.5-7B-Instruct,ENTJ,static,flat,42,0.92,flat,108.23,108.41936622409372,12023.313672859094,5116.828021709624,63.81304306707446,HOLD,0.0,"The current price is slightly above the short-term moving averages, and the RSI is in a neutral range. Given the medium implied volatility and the slight negative news sentiment, it's prudent to hold the position for now.",104.92,101.18,63.8,2.5611,1229562,0.98,13.4,15.0,2.67,3.7,1,-0.01,-0.11,0.09
Day-782,Qwen/Qwen2.5-7B-Instruct,ENTJ,static,flat,42,0.92,flat,108.95,108.83802286926955,12069.259063867386,5116.828021709624,63.81304306707446,HOLD,0.0,"The current price is slightly above the short-term moving averages, and the RSI is in a neutral range. Given the medium implied volatility and the lack of significant news sentiment, it's prudent to hold the position for now.",105.61,101.31,63.6,2.5162,1151642,0.93,13.0,15.0,2.66,4.24,1,0.05,-0.07,0.13
Day-783,Qwen/Qwen2.5-7B-Instruct,ENTJ,static,flat,42,0.92,flat,105.68,106.00156531194816,11860.590413038055,5116.828021709624,63.81304306707446,HOLD,0.0,"The current price is slightly above the short-term moving average but below the long-term moving average, indicating a mixed trend. The RSI is neutral, and the implied volatility is low, suggesting no strong momentum. Given the current portfolio status and market conditions, it is prudent to hold the position.",106.15,101.43,52.0,2.1914,1466277,1.16,10.0,15.0,2.67,4.65,1,-0.2,-0.04,-0.16
Day-784,Qwen/Qwen2.5-7B-Instruct,ENTJ,static,flat,42,0.92,flat,106.45,106.84271696241696,11909.7264561997,5116.828021709624,63.81304306707446,HOLD,0.0,"The current price is slightly above the short-term moving average, and the RSI is neutral. Given the medium implied volatility and news sentiment, there's no strong indication to make a trade at this moment.",106.48,101.55,56.6,1.9736,1059321,0.85,12.2,14.9,2.68,4.85,1,0.35,0.05,0.3
Day-785,Qwen/Qwen2.5-7B-Instruct,ENTJ,static,flat,42,0.92,flat,108.34,108.18790030382206,12030.33310759647,5116.828021709624,63.81304306707446,HOLD,0.0,"The current price is slightly above the short-term moving average, and the RSI is neutral. Given the medium implied volatility and negative news sentiment, it's prudent to hold the position for now.",106.93,101.78,53.1,1.9309,1466874,1.18,13.1,15.0,2.66,5.06,1,-0.35,-0.03,-0.32
Day-786,Qwen/Qwen2.5-7B-Instruct,ENTJ,static,flat,42,0.92,flat,109.42,109.43878392119328,12099.251194108912,5116.828021709624,63.81304306707446,HOLD,0.0,"The current price is slightly above the short-term moving average, and the RSI is neutral. Given the medium implied volatility and the lack of strong news sentiment, it's prudent to hold the position.",107.25,101.98,50.2,1.962,1341933,1.07,9.4,15.0,2.67,5.17,1,0.15,-0.0,0.15
Day-787,Qwen/Qwen2.5-7B-Instruct,ENTJ,static,flat,42,0.92,flat,111.87,111.86367657410763,12255.593149623244,5116.828021709624,63.81304306707446,HOLD,0.0,"The current price and technical indicators suggest a balanced market with no clear trend. The RSI is in the neutral zone, and the volume ratio is close to 1, indicating no significant buying or selling pressure.",107.8,102.2,59.0,2.1594,1265786,1.01,8.5,15.0,2.67,5.48,1,0.35,0.06,0.29
Day-788,Qwen/Qwen2.5-7B-Instruct,ENTJ,static,flat,42,0.92,flat,113.55,113.77916261196337,12362.79906197593,5116.828021709624,63.81304306707446,HOLD,0.0,"The current price and trend indicators suggest a balanced market with no strong directional movement. The RSI is in a neutral range, and the volume ratio is slightly below average, indicating lack of significant buying or selling pressure. Given these conditions, it is prudent to hold the current position.",108.4,102.45,59.7,2.4231,1016329,0.82,9.1,15.0,2.67,5.81,1,0.14,0.13,0.02
Day-789,Qwen/Qwen2.5-7B-Instruct,ENTJ,static,flat,42,0.92,flat,114.81,114.86333164667164,12443.203496240443,5116.828021709624,63.81304306707446,HOLD,0.0,"The current price and technical indicators suggest a balanced market. The RSI is in the neutral range, and the volume ratio is stable, indicating no strong buying or selling pressure.",108.91,102.68,57.6,2.7024,1237798,1.0,7.5,15.0,2.67,6.07,1,-0.06,0.05,-0.11
Day-790,Qwen/Qwen2.5-7B-Instruct,ENTJ,static,flat,42,0.92,flat,114.51,114.73667118444946,12424.059583320322,5116.828021709624,63.81304306707446,HOLD,0.0,"The current price and technical indicators suggest a neutral market condition. The RSI is in the middle range, and the volume ratio is close to neutral, indicating no strong buying or selling pressure. Given the medium risk appetite and the need for clear trends, it's prudent to hold the current position.",109.49,102.84,53.7,2.8665,1203874,0.97,7.5,15.0,2.67,6.46,1,-0.16,0.09,-0.24
Day-791,Qwen/Qwen2.5-7B-Instruct,ENTJ,static,flat,42,0.92,flat,111.27,111.02112164144016,12217.305323782999,5116.828021709624,63.81304306707446,HOLD,0.0,"The current price is slightly above the short-term moving average, and the RSI is neutral. Given the medium implied volatility and the volume ratio, there is no strong signal to buy or sell, suggesting a hold strategy.",109.71,102.89,53.7,2.7042,1080609,0.87,8.4,15.0,2.66,6.63,1,0.31,0.12,0.19
Day-792,Qwen/Qwen2.5-7B-Instruct,ENTJ,static,flat,42,0.92,flat,112.27,112.01276439918291,12281.118366850074,5116.828021709624,63.81304306707446,HOLD,0.0,"The current price and technical indicators suggest a balanced market with no clear trend. The RSI is in a neutral range, and the volume ratio is close to 1, indicating no significant buying or selling pressure. Given the medium implied volatility and negative news sentiment, it's prudent to hold the current position.",109.86,103.05,59.9,2.6262,1328204,1.06,7.5,15.0,2.66,6.61,1,-0.43,-0.04,-0.39
Day-793,Qwen/Qwen2.5-7B-Instruct,ENTJ,static,flat,42,0.92,flat,111.95,112.51275425729025,12260.69819306861,5116.828021709624,63.81304306707446,HOLD,0.0,"The current price is slightly above the short-term moving average, and the RSI is in a neutral range. Given the medium implied volatility and negative news sentiment, it's prudent to hold the position for now.",110.07,103.23,62.1,2.5092,1485575,1.17,9.2,14.9,2.68,6.63,1,-0.29,-0.13,-0.17
Day-794,Qwen/Qwen2.5-7B-Instruct,ENTJ,static,flat,42,0.92,flat,112.55,113.1594813555154,12298.986018908854,5116.828021709624,63.81304306707446,HOLD,0.0,"The current price is slightly above the short-term moving average, and the RSI is in a neutral range. Given the medium implied volatility and the slight negative news sentiment, it's prudent to hold the position for now.",110.26,103.46,65.0,2.4373,1281094,1.01,19.6,14.9,2.68,6.57,1,-0.12,-0.14,0.02
Day-795,Qwen/Qwen2.5-7B-Instruct,ENTJ,static,flat,42,0.92,flat,109.56,110.33963408862475,12108.185020138302,5116.828021709624,63.81304306707446,HOLD,0.0,"The current price is slightly below the 20-day SMA but above the 60-day SMA, indicating a potential trend reversal. The RSI is neutral, and the volume ratio is close to 1, suggesting no significant buying or selling pressure. Given the medium-to-high risk appetite and the need for clear signals, it's prudent to hold the position.",110.17,103.62,53.1,2.1142,1357376,1.07,15.7,14.9,2.69,6.32,1,0.37,-0.03,0.4
Day-796,Qwen/Qwen2.5-7B-Instruct,ENTJ,static,flat,42,0.92,flat,107.69,108.01197070182992,11988.854629602873,5116.828021709624,63.81304306707446,HOLD,0.0,"The current price is slightly below the 20-day SMA but above the 60-day SMA, indicating a potential trend reversal. The RSI is neutral, and the volume ratio is low, suggesting caution. Given the medium-to-high risk appetite and the need for clear signals, it's prudent to hold the position.",109.91,103.74,47.2,1.6878,1034225,0.82,15.0,15.0,2.67,5.95,1,0.11,-0.07,0.18
Day-797,Qwen/Qwen2.5-7B-Instruct,ENTJ,static,flat,42,0.92,flat,110.29,110.34426031362503,12154.768541577267,5116.828021709624,63.81304306707446,HOLD,0.0,"The current price is slightly above the short-term moving average, and the RSI is in a neutral range. Given the medium implied volatility and negative news sentiment, it's prudent to hold the position for now.",109.94,103.95,60.4,1.5418,1208833,0.96,21.2,15.0,2.67,5.77,1,-0.29,-0.04,-0.25
Day-798,Qwen/Qwen2.5-7B-Instruct,ENTJ,static,flat,42,0.92,flat,109.35,110.2900832122005,12094.784281094217,5116.828021709624,63.81304306707446,HOLD,0.0,"The current price is slightly below the 20-day SMA but above the 60-day SMA, indicating a potential trend reversal. The RSI is neutral, and the volume ratio is low, suggesting caution. Given the medium-to-high risk appetite and the need for clear signals, it's prudent to hold the position.",110.01,104.11,56.5,1.3356,1058179,0.85,19.4,14.9,2.69,5.67,1,-0.09,-0.0,-0.09
Day-799,Qwen/Qwen2.5-7B-Instruct,ENTJ,static,flat,42,0.92,flat,111.34,111.83717610530866,12221.772236797695,5116.828021709624,63.81304306707446,HOLD,0.0,"The current price is slightly above the short-term moving average but below the long-term moving average, indicating a potential consolidation phase. The RSI is neutral, and the news sentiment is slightly negative, suggesting caution.",110.22,104.34,56.7,1.3168,1306397,1.05,16.3,14.9,2.68,5.64,1,-0.18,-0.02,-0.17
Day-800,Qwen/Qwen2.5-7B-Instruct,ENTJ,static,flat,42,0.92,flat,111.24,111.93411018671344,12215.390932490987,2558.414010854812,86.81209027001236,BUY,0.5,"The price is above the 20-day and 60-day moving averages, indicating a bullish trend. The RSI is neutral, and the implied volatility suggests potential for movement, justifying a buy.",110.47,104.61,54.3,1.2796,1469241,1.17,20.7,14.9,2.68,5.6,1,-0.21,-0.13,-0.08
