Date,Model,MBTI,Agent_Type,Scenario,Seed,Crash_Discount,Phase,Price,Fundamental_Value,Portfolio_Value,Cash,Holdings_Qty,Action,Quantity_Percent,Rationale,SMA20,SMA60,RSI14,MACD,Volume,Volume_Ratio,Implied_Volatility,Reported_PE,Dividend_Yield,Trend_Strength,Trend_Regime,Sentiment,Sentiment_MA5,Sentiment_Change
Day-1,google/gemma-3-4b-it,ENTJ,memory,crash,456,0.92,deterioration,92.46,99.66593574976102,10000.0,5000.0,54.07743889249406,BUY,0.5,"The SMA20 and SMA60 are flat, indicating a stable trend at $92.46. RSI is neutral, suggesting continued momentum is possible. Given my mandate to chase big wins and the current stability, a moderate buy position is warranted to capitalize on the potential for upward movement.",92.46,92.46,50.0,0.0,1308603,1.0,15.0,13.9,2.87,0.0,0,0.06,0.06,0.0
Day-2,google/gemma-3-4b-it,ENTJ,memory,crash,456,0.92,deterioration,90.29,99.59899650387224,9882.65195760329,1500.0,92.8414216148332,BUY,0.7,"The SMA20 and SMA60 are flat, indicating a stable trend. RSI at 50 suggests neutral momentum, but the overall market sentiment and the potential for a breakout justify a buy position. Let's capitalize on this sustained trend.",91.37,91.37,50.0,-0.1731,1140262,0.93,15.1,13.6,2.94,0.0,0,-0.18,-0.06,-0.12
Day-3,google/gemma-3-4b-it,ENTJ,memory,crash,456,0.92,deterioration,90.25,100.00549044178328,9878.938300738695,600.0,102.81372078380826,BUY,0.6,"The SMA20 and SMA60 are aligned and trending upwards, indicating strong momentum. Despite a slightly negative news sentiment and RSI at 50, the overall market picture suggests a continuation of the uptrend, justifying a strategic buy to capitalize on this growth opportunity.",91.0,91.0,50.0,-0.3093,1014985,0.88,15.2,13.5,2.95,0.0,0,-0.14,-0.09,-0.05
Day-4,google/gemma-3-4b-it,ENTJ,memory,crash,456,0.92,deterioration,92.88,99.82864992140844,10149.338386400112,420.0,104.7517052799323,BUY,0.3,"The SMA20 and SMA60 are flat, RSI is neutral, and the overall market sentiment is slightly negative, but the price is trending upwards. Given my momentum-focused mandate, I’ll initiate a buy order to capitalize on the existing upward trend and potential for further gains, allocating 30% of my capital.",91.47,91.47,50.0,-0.2034,1045023,0.93,15.3,14.0,2.87,0.0,0,-0.24,-0.13,-0.11
Day-5,google/gemma-3-4b-it,ENTJ,memory,crash,456,0.92,deterioration,89.9,100.0676598039291,9837.178304665915,294.0,106.15326256580549,BUY,0.3,"The SMA20 and SMA60 are flat, indicating a sustained trend. RSI is neutral, suggesting potential for continuation. Given the overall positive market sentiment and my mandate for growth, a strategic buy is warranted to capitalize on the momentum.",91.16,91.16,50.0,-0.3551,1077446,0.96,15.4,13.5,2.97,0.0,0,0.31,-0.04,0.35
Day-6,google/gemma-3-4b-it,ENTJ,memory,crash,456,0.92,deterioration,95.0,100.05530059551093,10378.559943751521,205.8,107.08168361843707,BUY,0.3,"The SMA20 and SMA60 are flat, indicating a strong, sustained upward trend. RSI is neutral, suggesting continued momentum. Given my mandate to chase big wins and the overall positive market indicators, a strategic buy is warranted to capitalize on this trend.",91.8,91.8,50.0,-0.0634,1456476,1.24,15.5,14.2,2.81,0.0,0,0.21,-0.01,0.22
Day-7,google/gemma-3-4b-it,ENTJ,memory,crash,456,0.92,deterioration,92.67,99.23959070083943,10129.059620920561,144.06,107.74791864595406,BUY,0.3,"The SMA20 and SMA60 are flat, indicating a stable uptrend. RSI is neutral, suggesting continued upward momentum. Given my mandate for growth and a solid price, I’ll initiate a buy order to capitalize on the established trend.",91.92,91.92,50.0,-0.0197,1075196,0.93,15.6,14.0,2.86,0.0,0,0.34,0.1,0.24
Day-8,google/gemma-3-4b-it,ENTJ,memory,crash,456,0.92,deterioration,89.86,99.16145044908968,9826.287969525432,100.84200000000001,108.22886678750758,BUY,0.3,"The SMA20 and SMA60 are aligned, indicating a strong upward trend. RSI is neutral, suggesting continued momentum. Given the mandate for growth and the clear trend, a strategic buy is warranted to capitalize on this opportunity.",91.66,91.66,50.0,-0.2095,1319341,1.12,15.7,13.6,2.94,0.0,0,0.1,0.14,-0.04
Day-9,google/gemma-3-4b-it,ENTJ,memory,crash,456,0.92,deterioration,90.56,98.61190456809847,9902.048176276689,70.58940000000001,108.5629281832673,BUY,0.3,"The SMA20 and SMA60 are flat, indicating a sustained trend. RSI is neutral, suggesting further upward movement is likely. Given the mandate to chase big wins and the overall market observation, a strategic buy is warranted to capitalize on the potential for continued growth.",91.54,91.54,50.0,-0.3002,1188669,1.01,15.8,13.8,2.9,0.0,0,0.02,0.2,-0.18
Day-10,google/gemma-3-4b-it,ENTJ,memory,crash,456,0.92,deterioration,88.21,98.47529597754891,9646.925295046007,49.412580000000005,108.80300096413114,BUY,0.3,"The SMA20 and SMA60 are aligned and trending upwards, indicating strong momentum. The RSI is neutral, suggesting continued upward pressure, and the volume ratio is slightly elevated, confirming the trend. I’m initiating a buy to capitalize on this established bullish trajectory.",91.21,91.21,50.0,-0.5555,1445363,1.2,15.9,13.4,2.98,0.0,0,-0.33,0.07,-0.4
Day-11,google/gemma-3-4b-it,ENTJ,memory,crash,456,0.92,deterioration,89.18,97.47302698548346,9752.464205981216,34.588806000000005,108.96922404105422,BUY,0.3,"The SMA20 and SMA60 are aligned, indicating a strong upward trend. RSI is neutral, suggesting continued momentum. Given my mandate for growth and the clear trend, a strategic buy is warranted to capitalize on this opportunity.",91.02,91.02,50.0,-0.6714,1175023,0.98,15.9,13.7,2.91,0.0,0,0.08,0.04,0.03
Day-12,google/gemma-3-4b-it,ENTJ,memory,crash,456,0.92,deterioration,91.82,97.7639983057186,10040.142957449598,24.212164200000004,109.08223473371378,BUY,0.3,"The SMA20 and SMA60 are flat, indicating a stable trend. RSI is neutral, suggesting potential for continuation. Given the momentum mandate and the overall market observation, a strategic buy is warranted to capitalize on the established trend.",91.09,91.09,50.0,-0.5439,1353630,1.11,16.0,14.1,2.84,0.0,0,-0.31,-0.09,-0.22
Day-13,google/gemma-3-4b-it,ENTJ,memory,crash,456,0.92,deterioration,92.58,97.62129215702745,10123.045455847221,16.948514940000003,109.16069281602097,BUY,0.3,"The SMA20 and SMA60 are flat, RSI is neutral, and the overall market sentiment is slightly negative, but the price is above both SMAs indicating an upward trend. Given my momentum-focused mandate, I’ll initiate a buy to capitalize on this sustained movement, aiming for a significant gain.",91.21,91.21,50.0,-0.3773,1184715,0.98,16.1,14.2,2.81,0.0,0,-0.27,-0.16,-0.11
Day-14,google/gemma-3-4b-it,ENTJ,memory,crash,456,0.92,deterioration,91.32,98.14424201029634,9985.502982899035,11.863960458000001,109.21637124880678,BUY,0.3,"The SMA20 and SMA60 are flat, indicating a stable trend. RSI is neutral, suggesting continued upward momentum. Given the overall market observation and my mandate to chase big wins, a strategic buy is warranted to capitalize on this sustained trend.",91.21,91.21,47.9,-0.3429,1027091,0.86,16.2,14.0,2.87,0.0,0,0.06,-0.15,0.22
Day-15,google/gemma-3-4b-it,ENTJ,memory,crash,456,0.92,deterioration,86.35,97.71085288807261,9442.697617792464,8.304772320600001,109.2575894090546,BUY,0.3,"The SMA20 and SMA60 are aligned, indicating a strong upward trend. RSI is relatively low, suggesting room for further growth. Given my momentum-focused mandate, I’ll initiate a buy order to capitalize on this sustained bullish movement.",90.89,90.89,40.4,-0.709,1344927,1.11,16.3,13.3,3.02,0.0,0,-0.2,-0.13,-0.07
Day-16,google/gemma-3-4b-it,ENTJ,memory,crash,456,0.92,deterioration,91.53,98.69387018394882,10008.651930931368,5.813340624420001,109.28480924622471,BUY,0.3,"The SMA20 and SMA60 are flat, indicating a sustained, albeit weak, upward trend. RSI is moderate, suggesting continued momentum. Given my mandate for growth and the potential for a significant breakout, a strategic buy is warranted to capitalize on this established trend.",90.93,90.93,51.8,-0.5745,1022336,0.85,16.4,13.9,2.88,0.0,0,-0.39,-0.22,-0.17
Day-17,google/gemma-3-4b-it,ENTJ,memory,crash,456,0.92,deterioration,91.38,98.52745826899044,9992.259209544432,4.650672499536001,109.29753268816916,BUY,0.2,"The SMA20 and SMA60 are flat, indicating a strong, sustained upward trend. RSI is healthy, and the P/E ratio suggests undervaluation. Given my momentum-focused mandate, I’ll initiate a buy order to capitalize on this continued upward movement.",90.96,90.96,51.6,-0.4741,1167250,0.98,16.5,13.9,2.88,0.0,0,-0.02,-0.16,0.14
Day-18,google/gemma-3-4b-it,ENTJ,memory,crash,456,0.92,deterioration,89.42,97.8778956969069,9778.036045475621,3.255470749675201,109.31313548116692,BUY,0.3,"The SMA20 and SMA60 are flat, indicating a potential continuation of the upward trend. RSI is relatively low, suggesting room for further growth, and the volume ratio is slightly elevated, hinting at buying pressure. Let’s capitalize on this momentum.",90.87,90.87,44.9,-0.547,1463309,1.21,16.6,13.7,2.92,0.0,0,-0.14,-0.14,-0.0
Day-19,google/gemma-3-4b-it,ENTJ,memory,crash,456,0.92,deterioration,91.28,97.73402195041945,9981.358477470592,2.2788295247726404,109.32383488108917,BUY,0.3,"The SMA20 and SMA60 are flat, indicating a strong, sustained upward trend. RSI is relatively low, suggesting room for further growth. Given my momentum-focused mandate, I’ll initiate a buy order to capitalize on this established trend and potential for significant gains.",90.89,90.89,52.1,-0.4492,1256638,1.04,16.7,14.0,2.86,0.0,0,0.38,-0.07,0.45
Day-20,google/gemma-3-4b-it,ENTJ,memory,crash,456,0.92,deterioration,88.11,97.69270006961743,9634.80192089754,1.8230636198181123,109.32900757323483,BUY,0.2,"The SMA20 and SMA60 are aligned, indicating a strong upward trend. RSI is relatively low, suggesting room for further growth. Given my momentum-focused mandate, I’ll initiate a buy order to capitalize on this established trend.",90.75,90.75,38.9,-0.6205,1338823,1.1,16.8,13.5,2.96,0.0,0,0.07,-0.02,0.09
Day-21,google/gemma-3-4b-it,ENTJ,memory,crash,456,0.92,deterioration,90.16,96.90892146327774,9858.92638642267,1.2761445338726785,109.33507366779945,BUY,0.3,"The SMA20 and SMA60 are flat, indicating a stable trend, and the RSI is relatively low, suggesting potential for upward movement. Given the mandate to chase big wins and the overall market observation, initiating a buy order is the optimal course of action to capitalize on this momentum.",90.64,90.72,45.9,-0.5841,1012424,0.84,16.9,14.0,2.87,-0.1,0,-0.04,0.05,-0.09
Day-22,google/gemma-3-4b-it,ENTJ,memory,crash,456,0.92,deterioration,88.85,96.7657507649607,9715.697439917854,0.8933011737108749,109.33938254073318,BUY,0.3,"The SMA20 and SMA60 are aligned, indicating a strong upward trend. RSI is relatively neutral, suggesting room for further growth. Given my momentum-focused mandate, I’ll initiate a buy to capitalize on this established trend and potential for increased gains.",90.57,90.64,48.3,-0.6532,1219642,1.01,17.0,13.8,2.9,-0.08,0,-0.22,0.01,-0.23
Day-23,google/gemma-3-4b-it,ENTJ,memory,crash,456,0.92,deterioration,89.25,96.1724852550317,9759.433192934146,0.6253108215976124,109.34238523375406,BUY,0.3,"The SMA20 and SMA60 are aligned, indicating a strong upward trend. RSI is relatively neutral, suggesting room for further growth. Given the mandate to chase big wins and the overall positive trend, a strategic buy is warranted to capitalize on the momentum.",90.52,90.58,47.7,-0.6682,1252228,1.03,17.1,13.9,2.87,-0.07,0,0.03,0.04,-0.02
Day-24,google/gemma-3-4b-it,ENTJ,memory,crash,456,0.92,deterioration,92.12,96.31429886777933,10073.245838555022,0.4377175751183287,109.34442163460598,BUY,0.3,"The SMA20 and SMA60 are trending upwards, indicating a strong bullish momentum. RSI is moderately high, confirming the uptrend, and the P/E ratio suggests undervaluation. I’m initiating a buy to capitalize on this sustained positive trend.",90.48,90.64,56.6,-0.4431,1351122,1.09,17.2,14.3,2.79,-0.18,0,0.06,-0.02,0.08
Day-25,google/gemma-3-4b-it,ENTJ,memory,crash,456,0.92,deterioration,89.69,96.92436672240862,9807.538893982928,0.3064023025828301,109.34588573620633,BUY,0.3,"The SMA20 and SMA60 are trending upwards, indicating a strong bullish momentum. The RSI is neutral, suggesting continued upward pressure, and the P/E ratio is attractive. I’m initiating a buy order to capitalize on this sustained trend.",90.47,90.6,50.8,-0.4557,1079156,0.87,17.3,13.9,2.88,-0.15,0,0.52,0.07,0.45
Day-26,google/gemma-3-4b-it,ENTJ,memory,crash,456,0.92,deterioration,87.86,96.27071755558306,9607.435923085672,0.21448161180798106,109.3469319539479,BUY,0.3,"The SMA20 and SMA60 are trending upwards, indicating a strong bullish momentum. Despite the RSI being relatively low, the overall market sentiment and the price are showing upward movement. I’ll initiate a buy order to capitalize on this established trend and potential for further growth.",90.11,90.5,43.4,-0.6066,1118904,0.92,17.4,13.7,2.92,-0.43,0,-0.07,0.06,-0.13
Day-27,google/gemma-3-4b-it,ENTJ,memory,crash,456,0.92,deterioration,86.82,95.86715888401008,9493.715113853563,0.15013712826558673,109.3476730790751,BUY,0.3,"The SMA20 and SMA60 are trending upwards, indicating a strong bullish momentum. The RSI is relatively low, suggesting room for further growth, and the P/E ratio is attractive. I’ll initiate a buy order to capitalize on this sustained upward trend.",89.82,90.36,40.6,-0.8005,1043772,0.86,17.5,13.6,2.94,-0.6,0,-0.05,0.1,-0.14
Day-28,google/gemma-3-4b-it,ENTJ,memory,crash,456,0.92,deterioration,87.68,95.74819143367792,9587.75411270157,0.10509598978591071,109.34818677819096,BUY,0.3,"The SMA20 and SMA60 are trending upwards, indicating a strong bullish momentum. RSI is relatively low, suggesting room for further growth, and the P/E ratio is attractive. I’m initiating a buy to capitalize on this sustained upward trend.",89.71,90.27,43.9,-0.875,1127068,0.93,17.6,13.7,2.91,-0.62,0,-0.68,-0.04,-0.63
Day-29,google/gemma-3-4b-it,ENTJ,memory,crash,456,0.92,deterioration,88.17,95.8006552787998,9641.334724222885,0.07356719285013749,109.34854436917357,BUY,0.3,"The SMA20 and SMA60 are trending upwards, indicating a strong bullish momentum. RSI is moderately high, suggesting continued upward pressure, and the P/E ratio is attractive. I’m initiating a buy to capitalize on this established trend and potential for further growth, prioritizing a significant return.",89.59,90.19,53.6,-0.8844,1247809,1.03,17.7,13.8,2.9,-0.67,0,0.21,-0.01,0.22
Day-30,google/gemma-3-4b-it,ENTJ,memory,crash,456,0.92,deterioration,87.64,96.16575412869507,9583.379995707222,0.051497034995096246,109.34879619662513,BUY,0.3,"The SMA20 and SMA60 are trending upwards, indicating a strong bullish momentum. The RSI is relatively low, suggesting room for further growth, and the P/E ratio is attractive. I’m initiating a buy to capitalize on this sustained upward trend.",89.56,90.11,40.7,-0.9238,1169321,0.98,17.8,13.7,2.93,-0.61,0,-0.23,-0.16,-0.07
Day-31,google/gemma-3-4b-it,ENTJ,memory,crash,456,0.92,deterioration,90.11,94.78827341208657,9853.471522312886,0.03604792449656737,109.34896764386183,BUY,0.3,"The SMA20 and SMA60 are aligned, indicating a strong upward trend. RSI is relatively neutral, suggesting room for further growth. Given the momentum mandate, I’m initiating a buy to capitalize on this established trend and potential for significant gains.",89.61,90.11,47.3,-0.7467,1441644,1.19,17.8,14.3,2.81,-0.56,0,-0.44,-0.24,-0.21
Day-32,google/gemma-3-4b-it,ENTJ,memory,crash,456,0.92,deterioration,88.4,95.15394879230178,9666.484787641883,0.02523354714759716,109.34908997844722,BUY,0.3,"The SMA20 and SMA60 are trending upwards, indicating a strong bullish momentum. The RSI is relatively neutral, suggesting room for further growth, and the volume ratio indicates buying pressure. I’m initiating a buy order to capitalize on this established trend and potential for significant gains.",89.43,90.06,47.8,-0.7357,1357280,1.12,17.9,13.9,2.87,-0.69,0,0.11,-0.21,0.32
Day-33,google/gemma-3-4b-it,ENTJ,memory,crash,456,0.92,deterioration,87.33,95.5716589020368,9549.481261364945,0.017663483003318013,109.34917666187954,BUY,0.3,"The SMA20 and SMA60 are trending upwards, indicating a strong bullish momentum. The RSI is relatively low, suggesting room for further growth, and the P/E ratio is attractive. I’m initiating a buy order to capitalize on this sustained upward trend.",89.17,89.97,41.1,-0.8043,1305026,1.07,18.0,13.7,2.92,-0.89,0,0.34,-0.0,0.35
Day-34,google/gemma-3-4b-it,ENTJ,memory,crash,456,0.92,deterioration,88.84,94.26739774017575,9714.598518124381,0.01236443810232261,109.34923630894056,BUY,0.3,"The SMA20 and SMA60 are trending upwards, indicating a strong bullish momentum. RSI is moderate, suggesting continued upward pressure, and the P/E ratio is favorable. I’m initiating a buy to capitalize on this established trend and maximize growth potential.",89.05,89.94,51.8,-0.7283,1291147,1.05,18.1,14.1,2.83,-0.99,0,-0.5,-0.14,-0.36
Day-35,google/gemma-3-4b-it,ENTJ,memory,crash,456,0.92,deterioration,85.36,95.49784164611026,9334.06317576927,0.008655106671625827,109.34927976408854,BUY,0.3,"The SMA20 and SMA60 are trending upwards, indicating a strong bullish momentum. RSI is relatively low, suggesting room for further growth, and the P/E ratio is attractive. I’m initiating a buy to capitalize on this sustained upward trend.",89.0,89.81,39.1,-0.9382,1271412,1.04,18.2,13.4,2.98,-0.9,0,0.06,-0.09,0.14
Day-36,google/gemma-3-4b-it,ENTJ,memory,crash,456,0.92,deterioration,88.71,94.26699178908879,9700.383262978965,0.006058574670138079,109.34930903397921,BUY,0.3,"The SMA20 and SMA60 are aligned, indicating a strong upward trend. RSI is neutral, suggesting continued momentum. Given the mandate to chase big wins, I’ll initiate a buy order to capitalize on this established trend.",88.86,89.78,49.7,-0.825,1337741,1.08,18.3,14.1,2.83,-1.03,0,-0.18,-0.03,-0.15
Day-37,google/gemma-3-4b-it,ENTJ,memory,crash,456,0.92,deterioration,89.17,94.86679232827079,9750.683945134595,0.004241002269096655,109.34932941720676,BUY,0.3,"The SMA20 and SMA60 are aligned, indicating a strong upward trend. RSI is neutral, suggesting further momentum is likely. Given the mandate to chase big wins, a strategic buy at 30% of available capital aligns with maximizing potential gains within this established trend.",88.75,89.76,49.8,-0.6901,1044370,0.84,18.4,14.1,2.84,-1.13,0,0.13,-0.03,0.16
Day-38,google/gemma-3-4b-it,ENTJ,memory,crash,456,0.92,deterioration,89.95,94.42292010718262,9835.976422080017,0.002968701588367659,109.34934356173906,BUY,0.3,"The SMA20 and SMA60 are trending upwards, indicating a strong bullish momentum. The RSI is relatively low, suggesting room for further growth, and the volume ratio is slightly elevated, confirming buying pressure. This aligns perfectly with my mandate to chase big wins.",88.77,89.77,45.1,-0.5142,1431274,1.16,18.5,14.3,2.8,-1.11,0,-0.13,-0.12,-0.0
Day-39,google/gemma-3-4b-it,ENTJ,memory,crash,456,0.92,deterioration,87.14,94.40534166049264,9528.704766671532,0.0020780911118573613,109.34935378219438,BUY,0.3,"The SMA20 and SMA60 are trending upwards, indicating a strong bullish momentum. The RSI is relatively low, suggesting room for further growth, and the P/E ratio is attractive. I’m initiating a buy order to capitalize on this sustained upward trend.",88.57,89.7,44.3,-0.5945,1348176,1.09,18.6,13.8,2.89,-1.26,0,0.33,0.04,0.29
Day-40,google/gemma-3-4b-it,ENTJ,memory,crash,456,0.92,deterioration,87.68,93.46969808623925,9587.753417713915,0.0014546637783001528,109.34936089245139,BUY,0.3,"The SMA20 and SMA60 are trending upwards, indicating a strong bullish momentum. The RSI is neutral, suggesting further upward movement is likely, and the P/E ratio is favorable. I’m initiating a buy order to capitalize on this established trend.",88.55,89.65,49.6,-0.6075,1128572,0.92,18.7,14.1,2.84,-1.23,0,0.33,0.1,0.23
Day-41,google/gemma-3-4b-it,ENTJ,memory,crash,456,0.92,deterioration,87.17,93.98423035479327,9531.985243658766,0.0010182646448101068,109.34936589875096,BUY,0.3,"The SMA20 and SMA60 are trending upwards, indicating a strong bullish momentum. Despite the neutral RSI and slightly negative news sentiment, the overall trend and P/E ratio suggest continued upward pressure. I'm initiating a buy to capitalize on this momentum.",88.4,89.59,50.9,-0.6515,1409798,1.13,18.8,13.9,2.88,-1.33,0,-0.05,0.12,-0.18
Day-42,google/gemma-3-4b-it,ENTJ,memory,crash,456,0.92,deterioration,87.04,93.59271175547805,9517.769826091928,0.0007127852513670748,109.34936940839472,BUY,0.3,"The SMA20 and SMA60 are trending upwards, indicating a strong bullish momentum. The RSI is relatively neutral, suggesting room for further growth, and the volume ratio indicates buying pressure. I’m initiating a buy to capitalize on this sustained upward trend.",88.31,89.53,48.4,-0.6896,1421023,1.13,18.9,13.9,2.87,-1.36,0,0.26,0.15,0.11
Day-43,google/gemma-3-4b-it,ENTJ,memory,crash,456,0.92,deterioration,85.19,94.22022122201557,9315.473492686397,0.0004989496759569524,109.34937191849656,BUY,0.3,"The SMA20 and SMA60 are trending upwards, indicating a strong bullish momentum. RSI is relatively low, suggesting room for further growth, and the P/E ratio is attractive. I’m initiating a buy order to capitalize on this sustained upward trend.",88.1,89.43,43.0,-0.859,1138794,0.91,19.0,13.6,2.95,-1.48,0,0.44,0.26,0.17
Day-44,google/gemma-3-4b-it,ENTJ,memory,crash,456,0.92,deterioration,88.0,93.19781251467616,9622.745227777374,0.0003492647731698666,109.34937361946136,BUY,0.3,"The SMA20 and SMA60 are aligned, indicating a strong upward trend. RSI is neutral, suggesting continued momentum. Given my mandate for growth and the clear trend, a strategic buy is warranted to capitalize on this opportunity.",87.9,89.39,50.8,-0.7576,1150159,0.93,19.1,14.2,2.82,-1.68,0,-0.66,0.06,-0.72
Day-45,google/gemma-3-4b-it,ENTJ,memory,crash,456,0.92,deterioration,86.36,93.31058300643501,9443.412255041456,0.00024448534121890666,109.34937483274797,BUY,0.3,"The SMA20 and SMA60 are trending upwards, indicating a strong bullish momentum. Despite the RSI being relatively low, the overall market sentiment and the P/E ratio suggest further growth potential. I’m initiating a buy order to capitalize on this upward trend.",87.73,89.33,41.7,-0.8004,1350192,1.07,19.2,13.9,2.88,-1.79,0,-0.04,-0.01,-0.03
Day-46,google/gemma-3-4b-it,ENTJ,memory,crash,456,0.92,deterioration,83.69,93.01892511840302,9151.449424238019,0.00017113973885323467,109.34937570914423,BUY,0.3,"The SMA20 and SMA60 are trending upwards, indicating a strong bullish momentum. Despite the RSI being relatively low and negative news sentiment, the overall trend and P/E ratio suggest a potential for continued growth. I’m initiating a buy to capitalize on this upward trajectory.",87.52,89.2,40.0,-1.0377,1478680,1.16,19.3,13.5,2.96,-1.89,0,-0.25,-0.05,-0.2
Day-47,google/gemma-3-4b-it,ENTJ,memory,crash,456,0.92,deterioration,85.59,93.20724176575243,9359.213238085393,0.00011979781719726428,109.3493763090031,BUY,0.3,"The SMA20 and SMA60 are trending upwards, indicating a strong bullish momentum. RSI is relatively low, suggesting room for further growth. Given my mandate for growth and the clear upward trend, a strategic buy is warranted to capitalize on this momentum.",87.46,89.13,46.4,-1.0599,1119591,0.88,19.4,13.8,2.9,-1.87,0,0.34,-0.03,0.38
Day-48,google/gemma-3-4b-it,ENTJ,memory,crash,456,0.92,deterioration,83.16,93.46157493662938,9093.494253654517,8.3858472038085e-05,109.34937674117417,BUY,0.3,"The SMA20 and SMA60 are trending upwards, indicating a strong bullish momentum. Despite the RSI being relatively low and negative news sentiment, the overall trend and P/E ratio suggest potential for significant growth. I’m initiating a buy to capitalize on this upward trajectory.",87.24,89.0,38.8,-1.2597,1421436,1.1,19.5,13.3,3.0,-1.99,0,-0.33,-0.19,-0.14
Day-49,google/gemma-3-4b-it,ENTJ,memory,crash,456,0.92,deterioration,82.67,92.71696296784981,9039.913059051341,5.8700930426659496e-05,109.349377045487,BUY,0.3,"The SMA20 and SMA60 are trending upwards, indicating a strong bullish momentum. Despite the RSI being relatively low, the overall market sentiment and P/E ratio suggest continued growth potential. I’m initiating a buy order to capitalize on this upward trend, prioritizing growth within my mandate.",86.96,88.87,44.0,-1.441,1289276,1.0,19.6,13.4,2.99,-2.15,-1,0.31,0.01,0.3
Day-50,google/gemma-3-4b-it,ENTJ,memory,crash,456,0.92,deterioration,83.93,92.77967803678895,9177.693274128655,4.109065129866165e-05,109.34937725530803,BUY,0.3,"The SMA20 and SMA60 are trending upwards, indicating a strong bullish momentum. Despite the RSI being relatively low, the overall market sentiment and volume ratio suggest continued upward pressure. I’m initiating a buy to capitalize on this established trend and maximize growth.",86.77,88.78,38.3,-1.4653,1436343,1.1,19.7,13.6,2.95,-2.25,-1,0.01,0.02,-0.01
Day-51,google/gemma-3-4b-it,ENTJ,memory,crash,456,0.92,deterioration,85.63,91.88950895950585,9363.587215462678,2.8763455909063156e-05,109.34937739926687,BUY,0.3,"The SMA20 is above the SMA60, indicating an upward trend. Despite the RSI being relatively low and negative news sentiment, the overall trend and P/E ratio suggest continued upward momentum. I’ll initiate a buy to capitalize on this established trend.",86.55,88.64,41.8,-1.3328,1494000,1.14,19.7,14.0,2.86,-2.36,-1,-0.06,0.05,-0.11
Day-52,google/gemma-3-4b-it,ENTJ,memory,crash,456,0.92,deterioration,86.85,92.28673083726413,9496.993455889782,1.1505382363625262e-05,109.34937759797813,BUY,0.6,"The SMA20 is trending downwards, but the SMA60 remains positive, indicating an overall upward trend. The RSI is relatively low, suggesting room for further growth, and the P/E ratio is attractive. I’ll initiate a buy order to capitalize on this momentum.",86.47,88.57,43.0,-1.1161,1095191,0.84,19.8,14.1,2.83,-2.37,-1,-0.22,-0.06,-0.16
Day-53,google/gemma-3-4b-it,ENTJ,memory,crash,456,0.92,deterioration,82.87,91.49454037321668,9061.78293304983,3.45161470908758e-06,109.3493776951637,BUY,0.7,"The SMA20 and SMA60 are trending upwards, indicating a strong bullish momentum. Despite the slightly negative RSI and news sentiment, the P/E ratio is attractive and the volume ratio supports the trend. I’m initiating a buy to capitalize on this established upward movement.",86.25,88.42,40.8,-1.2512,1425527,1.09,19.9,13.6,2.94,-2.46,-1,-0.36,-0.07,-0.29
Day-54,google/gemma-3-4b-it,ENTJ,memory,crash,456,0.92,deterioration,83.64,91.50095870964448,9145.981953875107,2.416130296361306e-06,109.34937770754395,BUY,0.3,"The SMA20 and SMA60 are trending upwards, indicating a strong bullish momentum. Despite the RSI being relatively low and negative news sentiment, the overall trend and P/E ratio suggest continued upward potential. I’m initiating a buy to capitalize on this momentum.",85.99,88.24,41.4,-1.2814,1497879,1.14,20.0,13.7,2.92,-2.55,-1,-0.09,-0.14,0.05
Day-55,google/gemma-3-4b-it,ENTJ,memory,crash,456,0.92,deterioration,85.31,92.42084271884889,9328.595414646705,1.6912912074529142e-06,109.34937771604048,BUY,0.3,"The SMA20 is above the SMA60, indicating an upward trend. RSI is relatively neutral, suggesting room for further growth. Given the mandate for momentum and a desire for significant gains, initiating a buy order is the optimal course of action.",85.99,88.15,46.2,-1.1568,1064051,0.82,20.1,13.8,2.89,-2.45,-1,0.11,-0.12,0.23
Day-56,google/gemma-3-4b-it,ENTJ,memory,crash,456,0.92,deterioration,84.18,91.60593222463535,9205.03061782758,6.765164829811658e-07,109.3493777280953,BUY,0.6,"The SMA20 and SMA60 trends are slightly declining, but the overall trend remains positive. The RSI is relatively low, indicating potential for further upward movement, and the P/E ratio suggests undervaluation. I’m initiating a buy to capitalize on this momentum.",85.76,87.93,44.4,-1.1366,1231374,0.95,20.2,13.8,2.9,-2.47,-1,-0.58,-0.23,-0.35
Day-57,google/gemma-3-4b-it,ENTJ,memory,crash,456,0.92,deterioration,84.18,91.17522267823827,9205.03061782758,4.7356153808681604e-07,109.34937773050628,BUY,0.3,"The SMA20 and SMA60 trends are both slightly negative, but the RSI is relatively neutral and the P/E ratio suggests undervaluation. Given my momentum-focused mandate, I’ll initiate a buy to capitalize on the existing upward pressure, aiming for a significant gain while maintaining a controlled position size.",85.51,87.76,47.9,-1.1081,1131518,0.87,20.3,13.8,2.89,-2.56,-1,-0.29,-0.24,-0.05
Day-58,google/gemma-3-4b-it,ENTJ,memory,crash,456,0.92,deterioration,82.22,91.34867338560164,8990.705837475787,1.894246152347264e-07,109.34937773396209,BUY,0.6,"The SMA20 and SMA60 are trending upwards, indicating a strong bullish momentum. The RSI is relatively low, suggesting room for further growth, and the P/E ratio is attractive. I’m initiating a buy order to capitalize on this upward trend, prioritizing growth within the momentum strategy.",85.12,87.61,37.3,-1.2292,1420793,1.09,20.4,13.5,2.96,-2.83,-1,-0.22,-0.21,-0.01
Day-59,google/gemma-3-4b-it,ENTJ,memory,crash,456,0.92,deterioration,84.07,90.49124222429167,9193.002186283617,1.3259723066430848e-07,109.34937773463804,BUY,0.3,"The SMA20 and SMA60 are trending upwards, indicating a strong bullish momentum. The RSI is relatively low, suggesting room for further growth, and the P/E ratio is attractive. I’m initiating a buy to capitalize on this sustained upward trend.",84.97,87.48,45.0,-1.1621,1129735,0.87,20.5,13.9,2.87,-2.86,-1,0.09,-0.18,0.27
Day-60,google/gemma-3-4b-it,ENTJ,memory,crash,456,0.92,deterioration,84.24,91.90104238178921,9211.591580498505,9.281806146501594e-08,109.34937773511025,BUY,0.3,"The SMA60 is trending downwards, but the SMA20 is still rising, indicating a potential short-term upward trend. The RSI is moderate, suggesting room for further growth, and the P/E ratio is attractive. I’m initiating a buy to capitalize on this momentum.",84.8,87.4,51.3,-1.0833,1051143,0.82,20.6,13.7,2.91,-2.97,-1,-0.36,-0.27,-0.09
Day-61,google/gemma-3-4b-it,ENTJ,memory,crash,456,0.92,deterioration,82.7,90.64013745948535,9043.193538786436,6.497264302551116e-08,109.34937773544695,BUY,0.3,"The SMA20 and SMA60 are trending upwards, indicating a strong bullish momentum. Despite the slightly negative RSI and news sentiment, the P/E ratio is reasonable and the volume ratio is near 1, suggesting continued buying pressure. I’m initiating a buy to capitalize on this established trend.",84.58,87.27,42.8,-1.1314,1256498,0.98,20.7,13.7,2.92,-3.09,-1,-0.36,-0.23,-0.13
Day-62,google/gemma-3-4b-it,ENTJ,memory,crash,456,0.92,deterioration,84.54,90.86127997302448,9244.396393819658,4.548085011785781e-08,109.3493777356775,BUY,0.3,"The SMA20 is slightly below the SMA60, indicating a minor downward trend, but the RSI is still relatively high, suggesting continued upward momentum. Given the overall positive indicators and my mandate for growth, a strategic buy is warranted to capitalize on the existing trend.",84.45,87.12,53.5,-1.0098,1289913,1.01,20.8,14.0,2.87,-3.07,-1,-0.11,-0.19,0.08
Day-63,google/gemma-3-4b-it,ENTJ,memory,crash,456,0.92,deterioration,83.6,90.44819450374368,9141.60797874812,1.8192340047143125e-08,109.34937773600393,BUY,0.6,"The SMA20 and SMA60 are trending upwards, indicating a strong bullish momentum. The RSI is relatively high, suggesting continued upward pressure, and the news sentiment is positive. Given my mandate to chase big wins, I’m initiating a buy order to capitalize on this trend.",84.37,86.94,52.3,-0.9779,1431854,1.11,20.9,13.9,2.89,-2.96,-1,0.8,0.01,0.79
Day-64,google/gemma-3-4b-it,ENTJ,memory,crash,456,0.92,deterioration,83.86,90.39710389374666,9170.038816959483,1.2734638033000187e-08,109.34937773606902,BUY,0.3,"The SMA20 is above the SMA60, indicating an upward trend, and the RSI is neutral, suggesting continued momentum. The P/E ratio is attractive, and the volume ratio is slightly below 1, hinting at potential buying pressure. Let's capitalize on this trend with a measured purchase.",84.16,86.79,49.8,-0.9215,1251865,0.97,21.0,13.9,2.87,-3.03,-1,0.11,0.02,0.1
Day-65,google/gemma-3-4b-it,ENTJ,memory,crash,456,0.92,deterioration,82.32,89.76965333148688,9001.640775245936,8.91424662310013e-09,109.34937773611543,BUY,0.3,"The SMA20 and SMA60 are trending upwards, indicating a strong bullish momentum. Despite the slightly negative RSI and news sentiment, the P/E ratio is reasonable and the volume ratio is near 1, suggesting continued buying pressure. Let’s capitalize on this trend with a measured buy.",83.96,86.71,41.2,-0.9896,1269303,0.98,21.1,13.8,2.91,-3.17,-1,-0.13,0.06,-0.2
Day-66,google/gemma-3-4b-it,ENTJ,memory,crash,456,0.92,deterioration,84.98,89.96351554501268,9292.510120024002,6.239972636170091e-09,109.34937773614689,BUY,0.3,"The SMA20 is below the SMA60, but the overall trend is still slightly upward, indicated by the RSI and positive news sentiment. Given my mandate for growth and a manageable RSI, I’ll initiate a buy order to capitalize on the momentum, aiming for a significant gain.",84.03,86.58,45.4,-0.819,1301615,1.02,21.2,14.2,2.82,-2.95,-1,0.15,0.17,-0.01
Day-67,google/gemma-3-4b-it,ENTJ,memory,crash,456,0.92,deterioration,82.59,90.31021851260975,9031.165107234612,4.367980845319064e-09,109.34937773616956,BUY,0.3,"The SMA20 and SMA60 are trending upwards, indicating a strong bullish momentum. The RSI is relatively neutral, suggesting further upward movement is likely. Given my mandate for growth and a calculated risk appetite, I’ll initiate a buy order to capitalize on this trend.",83.88,86.41,49.3,-0.8666,1166634,0.91,21.3,13.7,2.92,-2.93,-1,-0.05,0.18,-0.22
Day-68,google/gemma-3-4b-it,ENTJ,memory,crash,456,0.92,deterioration,84.41,89.50596207833443,9230.18097471444,1.3103942535957191e-09,109.34937773620578,BUY,0.7,"The SMA20 is below the SMA60, but the overall trend is still slightly bullish, indicated by the SMA60 being above the current price. The RSI is relatively high, suggesting continued upward momentum, and the P/E ratio is attractive. I’m initiating a buy to capitalize on this trend.",83.94,86.31,52.0,-0.7487,1393037,1.09,21.4,14.1,2.83,-2.74,-1,0.29,0.08,0.22
Day-69,google/gemma-3-4b-it,ENTJ,memory,crash,456,0.92,deterioration,81.98,89.60311781972352,8964.46198681546,9.172759775170034e-10,109.34937773621057,BUY,0.3,"The SMA20 and SMA60 are trending upwards, indicating a strong bullish momentum. Despite the RSI being relatively low and negative news sentiment, the overall trend and P/E ratio suggest a potential for continued growth. I’m initiating a buy to capitalize on this upward trajectory.",83.9,86.12,41.9,-0.8422,1228343,0.96,21.5,13.7,2.91,-2.57,-1,-0.01,0.05,-0.06
Day-70,google/gemma-3-4b-it,ENTJ,memory,crash,456,0.92,deterioration,84.21,90.42582294888166,9208.31109916721,2.751827932551011e-10,109.3493777362182,BUY,0.7,"The SMA20 is below the SMA60, but the overall trend is still slightly upward, indicated by the SMA60. The RSI is neutral, and the volume ratio suggests buying pressure. Given my mandate for growth and the potential for a breakout, I’m initiating a buy order to capitalize on the momentum.",83.92,86.04,50.1,-0.7278,1464054,1.14,21.6,14.0,2.86,-2.47,-1,-0.29,0.02,-0.31
Day-71,google/gemma-3-4b-it,ENTJ,memory,crash,456,0.92,deterioration,80.72,89.40730522877175,8826.681770867808,1.9262795527857078e-10,109.34937773621922,BUY,0.3,"The SMA20 and SMA60 are trending upwards, indicating a strong bullish momentum. Despite the RSI being relatively low, the overall market sentiment and P/E ratio suggest further growth potential. Let’s capitalize on this trend with a measured buy.",83.67,85.85,43.1,-0.9081,1137841,0.9,21.6,13.5,2.95,-2.54,-1,0.18,0.02,0.15
Day-72,google/gemma-3-4b-it,ENTJ,memory,crash,456,0.92,deterioration,78.87,88.7739685210242,8624.385422055804,1.3483956869499956e-10,109.34937773621996,BUY,0.3,"The SMA20 and SMA60 are trending upwards, indicating a strong bullish momentum. The RSI is relatively low, suggesting room for further growth, and the P/E ratio is attractive. I’m initiating a buy to capitalize on this sustained upward trend.",83.27,85.65,43.3,-1.1871,1325668,1.04,21.7,13.3,3.0,-2.78,-1,0.62,0.16,0.47
Day-73,google/gemma-3-4b-it,ENTJ,memory,crash,456,0.92,deterioration,83.91,89.63962665701666,9175.506285846352,5.393582747799982e-11,109.34937773622093,BUY,0.6,"The SMA20 is below the SMA60, but the overall trend is still slightly upward, indicated by the RSI and news sentiment. Given my mandate for growth and the potential for a significant upward move, I’m initiating a buy order to capitalize on this momentum. A quantity of 0.6 reflects a calculated risk based on the current data.",83.33,85.55,49.7,-0.9895,1185967,0.94,21.8,14.0,2.85,-2.6,-1,0.85,0.27,0.58
Day-74,google/gemma-3-4b-it,ENTJ,memory,crash,456,0.92,deterioration,81.56,89.3383615506795,8918.535248166234,3.7755079234599876e-11,109.34937773622113,BUY,0.3,"The SMA20 and SMA60 are trending upwards, indicating a strong bullish momentum. The RSI is relatively low, suggesting room for further growth, and the P/E ratio is attractive. I’m initiating a buy order to capitalize on this sustained upward trend.",83.22,85.34,45.6,-1.0112,1311241,1.05,21.9,13.7,2.92,-2.48,-1,0.01,0.27,-0.27
Day-75,google/gemma-3-4b-it,ENTJ,memory,crash,456,0.92,deterioration,83.27,89.19772020154565,9105.522684095171,1.5102031693839952e-11,109.3493777362214,BUY,0.6,"The SMA20 is below the SMA60, but the overall trend is still slightly upward, indicated by the RSI and P/E ratio. The volume ratio suggests buying pressure, and I’m prioritizing growth, so a strategic buy is warranted to capitalize on this momentum.",83.12,85.21,50.9,-0.88,1495036,1.17,22.0,14.0,2.86,-2.45,-1,-0.32,0.27,-0.59
Day-76,google/gemma-3-4b-it,ENTJ,memory,crash,456,0.92,deterioration,83.72,88.7534364239669,9154.729904076472,1.0571422185687967e-11,109.34937773622146,BUY,0.3,"The SMA20 is below the SMA60, but the overall trend is still slightly upward, and the RSI is relatively neutral. Given my mandate for growth and the potential for a trend breakout, a measured buy is warranted to capitalize on the momentum.",83.1,85.12,48.6,-0.7312,1253365,0.98,22.1,14.1,2.83,-2.38,-1,-0.81,0.07,-0.88
Day-77,google/gemma-3-4b-it,ENTJ,memory,crash,456,0.92,deterioration,80.37,88.58030868191621,8788.409488660129,7.399995529981577e-12,109.3493777362215,BUY,0.3,"The SMA20 and SMA60 are both above the current price, indicating a strong upward trend. RSI is relatively low, suggesting room for further growth, and the volume ratio is slightly elevated, hinting at potential buying pressure. Let’s capitalize on this momentum.",82.91,85.0,44.9,-0.8736,1467165,1.14,22.2,13.6,2.94,-2.46,-1,-0.18,-0.09,-0.09
Day-78,google/gemma-3-4b-it,ENTJ,memory,crash,456,0.92,deterioration,80.96,88.99650094600725,8852.9256215245,2.959998211992631e-12,109.34937773622156,BUY,0.6,"The SMA20 and SMA60 are trending upwards, indicating a strong bullish momentum. Despite the slightly negative RSI and news sentiment, the overall trend and P/E ratio suggest continued upward potential. I’m initiating a buy to capitalize on this momentum, prioritizing growth within the Commander’s mandate.",82.84,84.86,45.5,-0.9281,1165374,0.91,22.3,13.6,2.93,-2.38,-1,-0.14,-0.29,0.15
Day-79,google/gemma-3-4b-it,ENTJ,memory,crash,456,0.92,deterioration,81.19,88.02810399509899,8878.075978403831,2.0719987483948416e-12,109.34937773622157,BUY,0.3,"The SMA20 is above the SMA60, indicating an upward trend. Despite the RSI being relatively low and negative news sentiment, the overall trend and P/E ratio suggest continued upward momentum. I’m initiating a buy to capitalize on this established trend.",82.7,84.72,48.2,-0.9418,1461354,1.13,22.4,13.8,2.89,-2.39,-1,-0.07,-0.3,0.24
Day-80,google/gemma-3-4b-it,ENTJ,memory,crash,456,0.92,deterioration,81.06,88.50518712122022,8863.860559298122,6.215996245184525e-13,109.34937773622158,BUY,0.7,"The SMA20 is above the SMA60, indicating an upward trend, and the RSI is relatively low, suggesting room for further growth. Given my mandate for momentum and growth, I’ll initiate a buy order to capitalize on this established trend, targeting a significant position.",82.54,84.59,43.0,-0.9526,1376366,1.05,22.5,13.7,2.91,-2.42,-1,-0.38,-0.31,-0.06
Day-81,google/gemma-3-4b-it,ENTJ,memory,crash,456,0.92,panic,81.41,88.3124606425931,8902.1328415058,4.3511973716291675e-13,109.34937773622158,BUY,0.3,"The SMA20 and SMA60 trends are slightly negative, but the RSI is still relatively neutral and the P/E ratio is attractive. Given the volume ratio of 1.67, there’s a potential for upward momentum. I’ll initiate a buy order to capitalize on this trend, aiming for a significant gain.",82.48,84.42,47.7,-0.9222,2268662,1.67,22.5,13.8,2.89,-2.3,-1,-0.73,-0.3,-0.43
Day-82,google/gemma-3-4b-it,ENTJ,memory,crash,456,0.92,panic,82.91,88.61861072688454,9066.156908110132,3.0458381601404174e-13,109.34937773622158,BUY,0.3,"The SMA20 is below the SMA60, but the overall trend is slightly up, and the RSI is neutral. The volume ratio indicates buying pressure, suggesting a potential continuation of the upward movement. I’ll initiate a small buy to capitalize on this momentum.",82.4,84.31,47.1,-0.7678,2184560,1.55,22.9,14.0,2.85,-2.27,-1,-0.8,-0.42,-0.38
Day-83,google/gemma-3-4b-it,ENTJ,memory,crash,456,0.92,panic,79.69,88.19032927057687,8714.051911799497,2.1320867120982923e-13,109.34937773622158,BUY,0.3,"The SMA20 and SMA60 are both above the current price, indicating a strong upward trend. The RSI is relatively low, suggesting room for further growth, and the volume ratio is elevated, confirming buying pressure. Let's capitalize on this momentum.",82.2,84.15,45.7,-0.895,3096649,2.08,23.3,13.6,2.95,-2.32,-1,-0.8,-0.56,-0.24
Day-84,google/gemma-3-4b-it,ENTJ,memory,crash,456,0.92,panic,80.3,87.44335260031188,8780.755032218593,8.52834684839317e-14,109.34937773622158,BUY,0.6,"The SMA20 and SMA60 are trending upwards, indicating a strong bullish momentum. Despite the slightly negative RSI and news sentiment, the overall trend and P/E ratio suggest continued upward potential. I’m initiating a buy to capitalize on this momentum, prioritizing growth within the Commander’s mandate.",82.02,83.98,42.1,-0.9364,3036569,1.92,23.6,13.8,2.9,-2.33,-1,-0.76,-0.69,-0.07
Day-85,google/gemma-3-4b-it,ENTJ,memory,crash,456,0.92,panic,81.14,86.16999248014685,8872.60850951702,3.4113387393572685e-14,109.34937773622158,BUY,0.6,"The SMA20 and SMA60 are trending upwards, indicating a strong bullish momentum. Despite the slightly negative RSI and news sentiment, the P/E ratio is reasonable and the volume ratio suggests buying pressure. I’m initiating a buy to capitalize on this sustained upward trend and maximize growth.",81.96,83.9,50.9,-0.8906,2447527,1.49,24.0,14.1,2.83,-2.31,-1,-0.64,-0.75,0.11
Day-86,google/gemma-3-4b-it,ENTJ,memory,crash,456,0.92,panic,79.41,84.80834576397922,8683.434086033356,2.3879371175500878e-14,109.34937773622158,BUY,0.3,"The SMA20 and SMA60 are trending upwards, indicating a strong bullish momentum. Despite the slightly negative RSI and news sentiment, the overall trend and P/E ratio suggest continued upward potential. I’m initiating a buy to capitalize on this established trend.",81.69,83.71,51.2,-0.983,2444121,1.44,24.4,14.0,2.85,-2.42,-1,-0.76,-0.75,-0.01
Day-87,google/gemma-3-4b-it,ENTJ,memory,crash,456,0.92,panic,80.04,85.4421986726139,8752.324194007177,9.551748470200352e-15,109.34937773622158,BUY,0.6,"The SMA20 and SMA60 are trending upwards, indicating a strong bullish momentum. The RSI is relatively low, suggesting room for further growth, and the volume ratio is elevated, confirming buying pressure. I’m initiating a buy order to capitalize on this established trend.",81.56,83.53,39.1,-0.9937,2755060,1.55,24.8,14.1,2.85,-2.36,-1,-0.36,-0.66,0.3
Day-88,google/gemma-3-4b-it,ENTJ,memory,crash,456,0.92,panic,76.46,84.15227682889136,8360.853421711501,6.686223929140247e-15,109.34937773622158,BUY,0.3,"The SMA20 and SMA60 are trending upwards, indicating a strong bullish momentum. The RSI is relatively low, suggesting room for further growth, and the volume ratio indicates buying pressure. This aligns perfectly with the Momentum Commander mandate – capitalize on the upward trend.",81.16,83.26,36.5,-1.2768,2868167,1.55,25.2,13.6,2.94,-2.52,-1,-0.66,-0.64,-0.02
Day-89,google/gemma-3-4b-it,ENTJ,memory,crash,456,0.92,panic,77.7,84.20352199812181,8496.446650104417,4.680356750398173e-15,109.34937773622158,BUY,0.3,"The SMA20 and SMA60 are trending upwards, indicating a strong bullish momentum. The RSI is low, suggesting the asset is undervalued and ripe for a bounce. Given my mandate to chase big wins, I’ll initiate a buy order to capitalize on this upward trend.",80.95,83.07,34.9,-1.3849,2274883,1.2,25.6,13.8,2.89,-2.56,-1,-0.88,-0.66,-0.22
Day-90,google/gemma-3-4b-it,ENTJ,memory,crash,456,0.92,panic,77.58,83.41742404242389,8483.32472477607,1.872142700159269e-15,109.34937773622158,BUY,0.6,"The SMA20 and SMA60 trends are both above the current price, indicating a strong upward momentum. The RSI is low, suggesting the asset is oversold and ripe for a bounce. Given my mandate for growth and the clear trend, a strategic buy is warranted.",80.61,82.87,33.1,-1.4636,2317365,1.19,25.9,13.9,2.87,-2.72,-1,-0.82,-0.7,-0.13
Day-91,google/gemma-3-4b-it,ENTJ,memory,crash,456,0.92,panic,76.29,82.15021779261417,8342.264027496345,1.3104998901114884e-15,109.34937773622158,BUY,0.3,"The SMA20 and SMA60 trends are strongly bullish, indicating a clear upward momentum. The RSI is relatively low, suggesting room for further growth, and the volume ratio indicates buying pressure. This aligns perfectly with my momentum strategy – capitalize on the established trend.",80.39,82.65,37.3,-1.6108,2651283,1.31,26.3,13.9,2.87,-2.73,-1,-0.48,-0.64,0.16
Day-92,google/gemma-3-4b-it,ENTJ,memory,crash,456,0.92,panic,75.23,82.74466237805241,8226.35368709595,5.241999560445954e-16,109.34937773622158,BUY,0.6,"The SMA20 and SMA60 trends are strongly upward, indicating a clear bullish momentum. The RSI is low, suggesting the asset is undervalued and ripe for a significant increase. Given my mandate to chase big wins, I’m initiating a substantial long position.",80.21,82.42,32.7,-1.7929,2918548,1.39,26.7,13.6,2.93,-2.67,-1,-0.94,-0.76,-0.18
Day-93,google/gemma-3-4b-it,ENTJ,memory,crash,456,0.92,panic,78.84,83.84856968764288,8621.10494072371,3.669399692312168e-16,109.34937773622158,BUY,0.3,"The SMA20 is above the SMA60, indicating an upward trend, and the RSI is relatively low, suggesting room for further growth. The volume ratio is slightly elevated, reinforcing the potential for continued momentum. Let’s capitalize on this trend with a measured buy.",79.96,82.29,44.1,-1.6268,2573817,1.19,27.1,14.1,2.84,-2.83,-1,-1.0,-0.83,-0.17
Day-94,google/gemma-3-4b-it,ENTJ,memory,crash,456,0.92,panic,76.05,81.43764923068117,8316.020176839651,2.5685797846185176e-16,109.34937773622158,BUY,0.3,"The SMA20 and SMA60 are trending upwards, indicating a strong bullish momentum. Despite the RSI being relatively low and negative news sentiment, the overall trend and P/E ratio suggest a potential for continued growth. I’m initiating a buy to capitalize on this upward trajectory.",79.68,82.05,38.9,-1.7011,2735709,1.22,27.5,14.0,2.86,-2.89,-1,-0.81,-0.81,-0.0
Day-95,google/gemma-3-4b-it,ENTJ,memory,crash,456,0.92,panic,72.94,81.06671563953861,7975.943612080002,1.0274319138474071e-16,109.34937773622158,BUY,0.6,"The SMA20 and SMA60 are significantly above the current price, indicating a strong upward trend. The RSI is low, suggesting undervaluation, and the negative news sentiment could be a buying opportunity. Let’s capitalize on this momentum for substantial growth.",79.17,81.78,33.3,-1.9874,2499536,1.09,27.8,13.5,2.96,-3.2,-1,-1.0,-0.85,-0.15
Day-96,google/gemma-3-4b-it,ENTJ,memory,crash,456,0.92,panic,75.82,81.1929153148478,8290.86981996032,4.109727655389629e-17,109.34937773622158,BUY,0.6,"The SMA20 and SMA60 are trending upwards, indicating a strong bullish momentum. Despite the negative news sentiment and RSI, the overall trend is positive, and the volume ratio suggests increased buying pressure. This warrants a strategic purchase to capitalize on the anticipated upward movement.",78.77,81.62,36.7,-1.9596,3490057,1.45,28.2,14.0,2.86,-3.5,-1,-0.6,-0.87,0.27
Day-97,google/gemma-3-4b-it,ENTJ,memory,crash,456,0.92,panic,76.43,80.7760644926076,8357.572940379416,2.8768093587727406e-17,109.34937773622158,BUY,0.3,"The SMA20 and SMA60 are above the current price, indicating an upward trend. RSI is relatively low, suggesting room for further growth, and the volume ratio is elevated, confirming momentum. Let’s capitalize on this established trend.",78.57,81.44,43.2,-1.8672,3702754,1.47,28.6,14.2,2.82,-3.52,-1,-0.98,-0.88,-0.11
Day-98,google/gemma-3-4b-it,ENTJ,memory,crash,456,0.92,panic,75.45,82.59870446118573,8250.41055019792,1.1507237435090962e-17,109.34937773622158,BUY,0.6,"The SMA20 and SMA60 are trending upwards, indicating a strong bullish momentum. The RSI is relatively low, suggesting room for further growth, and the volume ratio indicates increased buying pressure. This aligns perfectly with the Momentum Commander mandate – capitalize on the upward trend.",78.3,81.29,40.1,-1.8516,3454676,1.31,29.0,13.7,2.92,-3.68,-1,-0.79,-0.84,0.04
Day-99,google/gemma-3-4b-it,ENTJ,memory,crash,456,0.92,panic,77.51,84.3833761885968,8475.670268334536,8.055066204563673e-18,109.34937773622158,BUY,0.3,"The SMA20 and SMA60 are trending upwards, indicating a strong bullish momentum. Despite the RSI being moderate and negative news sentiment, the overall trend and P/E ratio suggest continued upward potential. I’m initiating a buy to capitalize on this momentum.",78.11,81.18,42.9,-1.6539,2923025,1.08,29.4,13.8,2.9,-3.78,-1,-0.84,-0.84,0.01
Day-100,google/gemma-3-4b-it,ENTJ,memory,crash,456,0.92,panic,79.65,84.28022127662553,8709.67793669005,5.638546343194571e-18,109.34937773622158,BUY,0.3,"The SMA20 is trending upwards, indicating a strong bullish momentum. Despite the slight negative trend on the longer SMA, the RSI is neutral and the P/E ratio suggests undervaluation. I’m initiating a buy to capitalize on this upward trend, prioritizing growth within the momentum strategy.",78.04,81.1,50.5,-1.309,3382245,1.21,29.7,14.2,2.82,-3.77,-1,-1.0,-0.84,-0.16
Day-101,google/gemma-3-4b-it,ENTJ,memory,crash,456,0.92,panic,74.21,83.04020310359448,8114.817321805003,3.9469824402362e-18,109.34937773622158,BUY,0.3,"The SMA20 and SMA60 are trending upwards, indicating a strong bullish momentum. Despite the slightly negative RSI and news sentiment, the overall trend and P/E ratio suggest continued upward potential. I’m initiating a buy to capitalize on this momentum.",77.68,80.87,40.6,-1.4585,3707657,1.29,30.1,13.4,2.98,-3.94,-1,-0.54,-0.83,0.29
Day-102,google/gemma-3-4b-it,ENTJ,memory,crash,456,0.92,panic,72.99,81.68682625830063,7981.411080966813,2.76288770816534e-18,109.34937773622158,BUY,0.3,"The SMA20 and SMA60 are trending upwards, indicating a strong bullish momentum. Despite the RSI being relatively low and negative news sentiment, the overall trend and P/E ratio suggest a potential for continued growth. I’ll initiate a buy order to capitalize on this upward trajectory.",77.19,80.59,43.9,-1.6557,4047601,1.36,30.5,13.4,2.98,-4.23,-1,-0.76,-0.79,0.03
Day-103,google/gemma-3-4b-it,ENTJ,memory,crash,456,0.92,panic,73.94,79.14730409142194,8085.292989816224,1.9340213957157378e-18,109.34937773622158,BUY,0.3,"The SMA20 and SMA60 are trending upwards, indicating a strong bullish momentum. Despite the RSI being relatively low and negative news sentiment, the overall trend and P/E ratio suggest continued upward potential. I’m initiating a buy to capitalize on this momentum, prioritizing growth within the Commander’s mandate.",76.9,80.41,43.3,-1.716,3578640,1.2,30.9,14.0,2.85,-4.37,-1,-0.81,-0.79,-0.02
Day-104,google/gemma-3-4b-it,ENTJ,memory,crash,456,0.92,panic,72.91,79.82159923236847,7972.663130747916,1.3538149770010165e-18,109.34937773622158,BUY,0.3,"The SMA20 and SMA60 are trending upwards, indicating a strong bullish momentum. Despite the RSI being relatively low and negative news sentiment, the overall trend and P/E ratio suggest continued upward pressure. I’m initiating a buy to capitalize on this established trend.",76.53,80.2,42.0,-1.8252,3612663,1.2,31.3,13.7,2.92,-4.58,-1,-0.66,-0.75,0.09
Day-105,google/gemma-3-4b-it,ENTJ,memory,crash,456,0.92,panic,69.62,78.37065710002028,7612.903677995747,9.476704839007116e-19,109.34937773622158,BUY,0.3,"The SMA20 and SMA60 are trending upwards, indicating a strong bullish momentum. Despite the slightly negative RSI and news sentiment, the overall trend and P/E ratio suggest continued upward potential. I’m initiating a buy to capitalize on this momentum.",75.95,79.88,39.3,-2.1531,3567176,1.16,31.7,13.3,3.0,-4.92,-1,-1.0,-0.75,-0.25
Day-106,google/gemma-3-4b-it,ENTJ,memory,crash,456,0.92,panic,69.58,78.56117255203853,7608.529702886298,3.7906819356028466e-19,109.34937773622158,BUY,0.6,"The SMA20 and SMA60 trends are both above the current price, indicating a strong upward momentum. The RSI is relatively low, suggesting room for further growth, and the P/E ratio is attractive. Let’s capitalize on this trend with a strategic buy order.",75.46,79.59,40.6,-2.3882,2936685,0.95,32.0,13.3,3.01,-5.19,-1,-0.74,-0.79,0.05
Day-107,google/gemma-3-4b-it,ENTJ,memory,crash,456,0.92,panic,73.24,78.82613487888955,8008.748425400869,1.5162727742411387e-19,109.34937773622158,BUY,0.6,"The SMA20 and SMA60 are trending upwards, indicating a strong bullish momentum. Despite the negative news sentiment and RSI reading, the overall trend and P/E ratio suggest continued upward potential. I’m initiating a buy order to capitalize on this momentum.",75.12,79.37,40.7,-2.253,2959012,0.95,32.4,13.9,2.87,-5.36,-1,-1.0,-0.84,-0.16
Day-108,google/gemma-3-4b-it,ENTJ,memory,crash,456,0.92,panic,74.13,77.85408659254568,8106.069371586105,1.0613909419687971e-19,109.34937773622158,BUY,0.3,"The SMA20 and SMA60 are trending upwards, indicating a strong bullish momentum. Despite the slight negative trend and RSI of 46.6, the P/E ratio is favorable and volume is balanced, suggesting continued upward pressure. I’m initiating a buy to capitalize on this established trend.",75.01,79.21,46.6,-2.0505,3126895,1.0,32.8,14.3,2.8,-5.31,-1,-1.0,-0.88,-0.12
Day-109,google/gemma-3-4b-it,ENTJ,memory,crash,456,0.92,panic,69.5,76.56476115557795,7599.7817526674,4.245563767875189e-20,109.34937773622158,BUY,0.6,"The SMA20 and SMA60 are trending upwards, indicating a strong bullish momentum. Despite the negative news sentiment and RSI reading, the overall trend and P/E ratio suggest continued upward potential. I’m initiating a buy order to capitalize on this momentum, prioritizing growth within the Commander’s mandate.",74.6,78.92,44.2,-2.2383,3047410,0.96,33.2,13.6,2.94,-5.48,-1,-0.9,-0.93,0.03
Day-110,google/gemma-3-4b-it,ENTJ,memory,crash,456,0.92,panic,68.88,75.9935056779828,7531.985138470942,2.971894637512633e-20,109.34937773622158,BUY,0.3,"The SMA20 and SMA60 trends are both above 70, indicating a strong upward momentum. The RSI is relatively low, suggesting room for further growth, and the volume ratio indicates buying pressure. This aligns perfectly with the Momentum Commander mandate – capitalize on the current trend.",74.16,78.61,37.4,-2.4094,4342825,1.33,33.6,13.6,2.94,-5.66,-1,-0.85,-0.9,0.05
Day-111,google/gemma-3-4b-it,ENTJ,memory,crash,456,0.92,panic,68.5,75.25494042982075,7490.432374931179,8.915683912537898e-21,109.34937773622158,BUY,0.7,"The SMA20 and SMA60 are trending upwards, indicating a strong bullish momentum. The RSI is low, suggesting the asset is undervalued and ripe for a move. Given my mandate to chase big wins, I’ll initiate a substantial buy to capitalize on this upward trend.",73.77,78.33,35.5,-2.5457,3541086,1.07,33.9,13.7,2.93,-5.82,-1,-0.47,-0.84,0.37
Day-112,google/gemma-3-4b-it,ENTJ,memory,crash,456,0.92,panic,69.02,75.83251339797926,7547.294051354013,6.240978738776529e-21,109.34937773622158,BUY,0.3,"The SMA20 and SMA60 are trending upwards, indicating a strong bullish momentum. Despite the RSI being relatively low and negative news sentiment, the overall trend and P/E ratio suggest a potential for significant growth. I’m initiating a buy order to capitalize on this upward trajectory.",73.46,78.02,38.0,-2.5821,4063408,1.21,34.3,13.7,2.93,-5.84,-1,-0.72,-0.79,0.07
Day-113,google/gemma-3-4b-it,ENTJ,memory,crash,456,0.92,panic,72.66,77.47576541019177,7945.32578631386,4.36868511714357e-21,109.34937773622158,BUY,0.3,"The SMA20 and SMA60 are trending upwards, indicating a strong bullish momentum. Despite the RSI being relatively low and negative news sentiment, the overall trend and P/E ratio suggest continued upward pressure. I’m initiating a buy to capitalize on this momentum.",73.15,77.8,41.5,-2.2911,3732512,1.09,34.7,14.1,2.84,-5.98,-1,-0.84,-0.76,-0.09
Day-114,google/gemma-3-4b-it,ENTJ,memory,crash,456,0.92,panic,67.94,77.32785352832167,7429.196723398894,1.7474740468574282e-21,109.34937773622158,BUY,0.6,"The SMA20 and SMA60 are trending upwards, indicating a strong bullish momentum. The RSI is low, suggesting an oversold condition, and the negative news sentiment could be a temporary dip. This presents a high-probability buying opportunity to capitalize on the established trend.",72.75,77.48,31.1,-2.4138,3730182,1.07,35.1,13.2,3.04,-6.11,-1,-0.78,-0.73,-0.04
Day-115,google/gemma-3-4b-it,ENTJ,memory,crash,456,0.92,panic,71.95,77.76835365356405,7867.687728121144,1.2232318328001999e-21,109.34937773622158,BUY,0.3,"The SMA20 is above the SMA60, indicating an upward trend. Despite the slightly negative RSI and news sentiment, the P/E ratio is attractive, and the volume ratio suggests strong buying pressure. Let’s capitalize on this momentum with a strategic purchase.",72.7,77.27,46.2,-2.1624,4436648,1.24,35.5,13.9,2.88,-5.92,-1,-0.5,-0.66,0.16
Day-116,google/gemma-3-4b-it,ENTJ,memory,crash,456,0.92,panic,72.76,76.11371027629156,7956.260724087483,4.8929273312008e-22,109.34937773622158,BUY,0.6,"The SMA20 is below the SMA60, indicating a slight downward trend, but the RSI is neutral and the P/E ratio is attractive. Given my momentum-focused mandate, I’ll initiate a buy to capitalize on the potential for an upward breakout, aiming for a significant gain.",72.54,77.03,49.6,-1.876,3265374,0.92,35.8,14.3,2.79,-5.82,-1,-0.85,-0.74,-0.11
Day-117,google/gemma-3-4b-it,ENTJ,memory,crash,456,0.92,panic,72.05,77.15660226007468,7878.622665894764,3.42504913184056e-22,109.34937773622158,BUY,0.3,"The SMA20 is above the SMA60, indicating an upward trend. Despite the slightly negative RSI and negative news sentiment, the P/E ratio is reasonable and the volume ratio suggests strong buying pressure. I’m initiating a buy to capitalize on this momentum.",72.32,76.82,46.7,-1.687,4335581,1.21,36.2,14.0,2.86,-5.85,-1,-1.0,-0.79,-0.21
Day-118,google/gemma-3-4b-it,ENTJ,memory,crash,456,0.92,panic,72.73,79.22916195966934,7952.980242755396,1.370019652736224e-22,109.34937773622158,BUY,0.6,"The SMA20 is below the SMA60, indicating a slight downward trend, but the RSI is neutral and the volume ratio is elevated. This suggests a potential trend reversal and a buying opportunity to capitalize on the momentum shift. Let’s establish a position to benefit from the anticipated upward movement.",72.19,76.59,49.7,-1.4653,4415031,1.21,36.6,13.8,2.9,-5.74,-1,-0.82,-0.79,-0.03
Day-119,google/gemma-3-4b-it,ENTJ,memory,crash,456,0.92,panic,73.64,79.37644994010576,8052.488176495357,9.590137569153568e-23,109.34937773622158,BUY,0.3,"The SMA20 is trending upwards, indicating a strong bullish momentum. Despite the slightly elevated RSI and negative news sentiment, the overall trend and P/E ratio suggest continued upward potential. I’m initiating a buy to capitalize on this momentum, prioritizing growth within the Commander’s mandate.",72.0,76.42,57.7,-1.2028,4836376,1.3,37.0,13.9,2.87,-5.79,-1,-0.6,-0.75,0.15
Day-120,google/gemma-3-4b-it,ENTJ,memory,crash,456,0.92,panic,73.44,78.07293400083698,8030.618300948113,6.713096298407497e-23,109.34937773622158,BUY,0.3,"The SMA20 is below the SMA60, but the overall trend is still slightly upward, and the RSI indicates continued buying pressure. Given my mandate for growth and the potential for a significant breakout, a measured buy is warranted to capitalize on this momentum.",71.68,76.2,57.3,-0.9992,3387512,0.91,37.4,14.1,2.83,-5.93,-1,-0.44,-0.74,0.3
Day-121,google/gemma-3-4b-it,ENTJ,memory,crash,456,0.92,panic,70.27,77.43341300667119,7683.98077352429,4.699167408885248e-23,109.34937773622158,BUY,0.3,"The SMA20 is below the SMA60, but the overall trend is still slightly bullish, indicated by the SMA60 being above the current price. The RSI is relatively low, suggesting room for upward movement, and the P/E ratio is attractive. I’ll initiate a small buy to capitalize on this momentum.",71.49,75.99,44.2,-1.0813,4090172,1.09,37.8,13.6,2.94,-5.93,-1,-0.64,-0.7,0.06
Day-122,google/gemma-3-4b-it,ENTJ,memory,crash,456,0.92,panic,67.56,75.94130576132666,7387.6439598591305,3.289417186219674e-23,109.34937773622158,BUY,0.3,"The SMA20 and SMA60 trends are both above the current price, indicating a strong upward momentum. The RSI is relatively low, suggesting room for further growth, and the negative news sentiment is a minor concern overshadowed by the overall bullish trend. Let's capitalize on this momentum.",71.22,75.77,38.1,-1.3492,3488152,0.94,38.1,13.3,3.0,-6.01,-1,-0.89,-0.68,-0.22
Day-123,google/gemma-3-4b-it,ENTJ,memory,crash,456,0.92,panic,69.29,74.54868648654619,7576.818383342794,2.3025920303537716e-23,109.34937773622158,BUY,0.3,"The SMA20 and SMA60 are trending upwards, indicating a strong bullish momentum. The RSI is relatively neutral, suggesting room for further growth, and the P/E ratio is attractive. I’m initiating a buy to capitalize on this sustained upward trend, prioritizing growth within the momentum framework.",70.98,75.48,49.6,-1.4054,3568296,0.96,38.5,13.9,2.87,-5.95,-1,-0.81,-0.68,-0.13
Day-124,google/gemma-3-4b-it,ENTJ,memory,crash,456,0.92,panic,68.37,73.36576916704719,7476.21695582547,9.210368121415086e-24,109.34937773622158,BUY,0.6,"The SMA20 and SMA60 trends are both trending upwards, indicating a strong bullish momentum. The RSI is relatively neutral, suggesting further upward movement is likely, and the news sentiment is slightly negative, presenting an opportune entry point. Let’s capitalize on this trend and build a position.",70.76,75.21,49.0,-1.5067,4052678,1.08,38.9,14.0,2.86,-5.92,-1,-1.0,-0.76,-0.24
Day-125,google/gemma-3-4b-it,ENTJ,memory,crash,456,0.92,panic,66.95,74.05972681391685,7320.940839440035,6.44725768499056e-24,109.34937773622158,BUY,0.3,"The SMA20 is trending above the SMA60, indicating a strong upward momentum. Despite the slightly negative RSI and news sentiment, the overall trend and P/E ratio suggest continued growth potential. Let’s capitalize on this momentum with a strategic buy.",70.62,74.89,47.0,-1.6825,4728880,1.24,39.3,13.6,2.95,-5.69,-1,-1.0,-0.87,-0.13
Day-126,google/gemma-3-4b-it,ENTJ,memory,crash,456,0.92,panic,67.58,73.01522933306099,7389.830947413854,4.513080379493392e-24,109.34937773622158,BUY,0.3,"The SMA20 and SMA60 trends are both trending upwards, indicating a strong bullish momentum. Despite the slightly negative RSI and news sentiment, the overall trend and P/E ratio suggest continued upward potential. I’m initiating a buy to capitalize on this momentum.",70.52,74.56,47.2,-1.7511,4477586,1.15,39.7,13.9,2.88,-5.42,-1,-0.65,-0.87,0.22
Day-127,google/gemma-3-4b-it,ENTJ,memory,crash,456,0.92,panic,65.63,72.77484176777926,7176.599660828222,1.8052321517973566e-24,109.34937773622158,BUY,0.6,"The SMA20 and SMA60 trends are both above the current price, indicating a strong upward momentum. The RSI is low, suggesting the asset is undervalued, and the negative news sentiment provides a potential buying opportunity. Let’s capitalize on this trend and build a position.",70.14,74.27,35.7,-1.9404,3901661,0.99,40.0,13.5,2.96,-5.56,-1,-0.96,-0.88,-0.07
Day-128,google/gemma-3-4b-it,ENTJ,memory,crash,456,0.92,panic,68.77,71.6130814804589,7519.9567069199575,1.2636625062581496e-24,109.34937773622158,BUY,0.3,"The SMA20 and SMA60 are trending upwards, indicating a strong bullish momentum. Despite the slight negative trend deviation and moderate RSI, the P/E ratio and implied volatility suggest potential for continued growth. I’m initiating a buy to capitalize on this upward trend, prioritizing growth within the momentum strategy.",69.87,74.02,51.8,-1.8158,3610692,0.91,40.4,14.4,2.78,-5.61,-1,-0.48,-0.82,0.34
Day-129,google/gemma-3-4b-it,ENTJ,memory,crash,456,0.92,panic,63.41,70.89977287833513,6933.844042253811,5.054650025032599e-25,109.34937773622158,BUY,0.6,"The SMA20 and SMA60 are trending upwards, indicating a strong bullish momentum. Despite the negative RSI and news sentiment, the overall trend and P/E ratio suggest undervaluation and potential for significant growth. I’m initiating a buy to capitalize on this upward trajectory.",69.57,73.67,32.5,-2.1248,4756718,1.18,40.8,13.4,2.98,-5.56,-1,-0.92,-0.8,-0.12
Day-130,google/gemma-3-4b-it,ENTJ,memory,crash,456,0.92,panic,63.45,68.89079662912687,6938.21801736326,2.0218600100130398e-25,109.34937773622158,BUY,0.6,"The SMA20 and SMA60 are trending upwards, indicating a strong bullish momentum. The RSI is low, suggesting oversold conditions and a potential bounce. Given my mandate for growth and the clear upward trend, I’m initiating a buy order to capitalize on this momentum.",69.3,73.32,30.2,-2.3403,3825253,0.95,41.2,13.8,2.9,-5.48,-1,-0.91,-0.78,-0.13
Day-131,google/gemma-3-4b-it,ENTJ,memory,crash,456,0.92,panic,62.8,67.3137955822887,6867.140921834715,8.087440040052159e-26,109.34937773622158,BUY,0.6,"The SMA20 is significantly below the SMA60, indicating a downtrend, but the RSI is low (30.3) suggesting potential for a bounce. Given the mandate to chase big wins and the current market observation, a buy order is warranted to capitalize on a potential upward trend.",69.01,72.94,30.3,-2.5341,4280048,1.06,41.6,14.0,2.86,-5.39,-1,-0.78,-0.81,0.03
Day-132,google/gemma-3-4b-it,ENTJ,memory,crash,456,0.92,panic,61.69,67.19575781080249,6745.763112547509,2.0218600100130403e-26,109.34937773622158,BUY,0.75,"The SMA20 and SMA60 are trending upwards, indicating a strong bullish momentum. The RSI is extremely low, suggesting significant undervaluation and a high probability of a rapid price increase. This aligns perfectly with the Momentum Commander mandate – capitalize on the established trend.",68.65,72.52,26.9,-2.7453,5065755,1.24,41.9,13.8,2.9,-5.34,-1,-0.75,-0.77,0.02
Day-133,google/gemma-3-4b-it,ENTJ,memory,crash,456,0.92,panic,61.17,66.90114541256915,6688.901436124675,6.065580030039123e-27,109.34937773622158,BUY,0.7,"The SMA20 is significantly above the SMA60, indicating a strong upward trend. The RSI is extremely low, suggesting oversold conditions and a potential for a rapid price increase. This aligns perfectly with the Momentum Commander mandate – capitalize on the momentum.",68.07,72.15,23.5,-2.9207,5266479,1.26,42.3,13.7,2.92,-5.65,-1,-0.95,-0.86,-0.09
Day-134,google/gemma-3-4b-it,ENTJ,memory,crash,456,0.92,panic,65.65,66.98692665531657,7178.7866483829475,1.8196740090117374e-27,109.34937773622158,BUY,0.7,"The SMA20 and SMA60 are trending upwards, indicating a strong bullish momentum. Despite the negative news sentiment and RSI reading, the overall trend and P/E ratio suggest continued upward movement. I’m initiating a buy to capitalize on this established trend, prioritizing growth within my mandate.",67.96,71.86,36.0,-2.668,5033079,1.19,42.7,14.7,2.72,-5.43,-1,-1.0,-0.88,-0.12
Day-135,google/gemma-3-4b-it,ENTJ,memory,crash,456,0.92,panic,63.86,67.87282442481472,6983.051262235111,1.2737718063082162e-27,109.34937773622158,BUY,0.3,"The SMA20 and SMA60 are trending upwards, indicating a strong bullish momentum. Despite the negative RSI and news sentiment, the overall trend is positive, and the P/E ratio suggests undervaluation. I’m initiating a buy to capitalize on this sustained upward movement.",67.55,71.51,37.9,-2.5819,5153735,1.21,43.1,14.1,2.83,-5.53,-1,-0.44,-0.78,0.34
Day-136,google/gemma-3-4b-it,ENTJ,memory,crash,456,0.92,panic,60.36,69.78171792530307,6600.328440158335,3.8213154189246498e-28,109.34937773622158,BUY,0.7,"The SMA20 is significantly above the SMA60, indicating a strong upward trend. RSI is low, suggesting room for further growth, and the P/E ratio is attractive. I’m initiating a buy to capitalize on this momentum, prioritizing growth and leveraging the current market conditions.",66.93,71.13,36.8,-2.7643,4566576,1.05,43.5,13.0,3.08,-5.9,-1,-0.75,-0.78,0.03
Day-137,google/gemma-3-4b-it,ENTJ,memory,crash,456,0.92,panic,65.44,69.25773147399315,7155.823279058341,2.6749207932472547e-28,109.34937773622158,BUY,0.3,"The SMA20 is above the SMA60, indicating an upward trend. Despite the slightly negative RSI and news sentiment, the overall trend and P/E ratio suggest continued upward momentum. I’ll initiate a buy order to capitalize on this established trend.",66.6,70.84,43.7,-2.4706,5043712,1.15,43.9,14.2,2.82,-5.98,-1,-0.25,-0.68,0.43
Day-138,google/gemma-3-4b-it,ENTJ,memory,crash,456,0.92,panic,62.73,67.46465113920912,6859.48646539318,1.8724445552730783e-28,109.34937773622158,BUY,0.3,"The SMA20 is significantly above the SMA60, indicating a strong upward trend. RSI is relatively low, suggesting room for further growth, and the volume ratio supports continued momentum. We capitalize on this trend with a measured buy.",66.1,70.56,41.3,-2.4288,5052299,1.15,44.2,13.9,2.87,-6.32,-1,-0.67,-0.62,-0.04
Day-139,google/gemma-3-4b-it,ENTJ,memory,crash,456,0.92,panic,60.56,67.11149885660399,6622.198315705579,5.617333665819236e-29,109.34937773622158,BUY,0.7,"The SMA20 is significantly above the SMA60, indicating a strong upward trend. RSI is relatively low, suggesting room for further growth, and the P/E ratio is attractive. I’m initiating a buy to capitalize on this momentum, prioritizing growth within the established trend.",65.45,70.22,40.3,-2.5416,4564740,1.04,44.6,13.5,2.96,-6.79,-1,-0.56,-0.53,-0.02
Day-140,google/gemma-3-4b-it,ENTJ,memory,crash,456,0.92,panic,59.23,68.45790122267067,6476.763643316404,3.932133566073465e-29,109.34937773622158,BUY,0.3,"The SMA20 and SMA60 are trending upwards, indicating a strong bullish momentum. The RSI is low, suggesting room for further growth, and the volume ratio is elevated, confirming buying pressure. This aligns perfectly with my mandate to chase big wins.",64.74,69.85,37.6,-2.7071,5760687,1.28,45.0,13.0,3.08,-7.32,-1,-0.97,-0.64,-0.33
Day-141,google/gemma-3-4b-it,ENTJ,memory,crash,456,0.92,stabilization,64.11,68.12050538235667,7010.388606669166,2.752493496251426e-29,109.34937773622158,BUY,0.3,"The SMA20 is above the SMA60, indicating an upward trend. RSI is neutral, suggesting room for further growth. Given the momentum mandate, I’ll initiate a buy order to capitalize on this established trend and potential for increased gains.",64.43,69.61,47.9,-2.4161,1760897,0.4,45.0,14.1,2.83,-7.44,-1,-0.11,-0.51,0.4
Day-142,google/gemma-3-4b-it,ENTJ,memory,crash,456,0.92,stabilization,64.82,67.77625718783034,7088.026664861883,1.926745447375998e-29,109.34937773622158,BUY,0.3,"The SMA20 is below the SMA60, indicating a slight downward trend, but the RSI is relatively low and the P/E ratio is attractive. Given my momentum-focused mandate, I’ll initiate a buy to capitalize on the potential for an upward breakout and significant growth.",64.29,69.4,44.2,-2.1045,2202890,0.51,44.7,14.3,2.79,-7.36,-1,0.04,-0.45,0.49
Day-143,google/gemma-3-4b-it,ENTJ,memory,crash,456,0.92,stabilization,60.46,67.73271775393248,6611.263377931957,1.3487218131631987e-29,109.34937773622158,BUY,0.3,"The SMA20 is above the SMA60, indicating an upward trend, and the RSI is relatively low, suggesting room for further growth. Given my momentum-focused mandate, I’ll initiate a buy order to capitalize on this established bullish movement, prioritizing significant gains.",63.85,69.03,45.6,-2.1836,2066347,0.49,44.5,13.4,2.99,-7.51,-1,-0.38,-0.4,0.01
Day-144,google/gemma-3-4b-it,ENTJ,memory,crash,456,0.92,stabilization,61.49,67.9286473564316,6723.893237000266,9.44105269214239e-30,109.34937773622158,BUY,0.3,"The SMA20 and SMA60 are trending upwards, indicating a strong bullish momentum. Despite the slightly negative RSI and news sentiment, the P/E ratio is reasonable and the implied volatility suggests potential for significant growth. I’m initiating a buy to capitalize on this established trend.",63.51,68.74,47.1,-2.1388,2094422,0.5,44.2,13.6,2.95,-7.62,-1,-0.08,-0.3,0.22
Day-145,google/gemma-3-4b-it,ENTJ,memory,crash,456,0.92,stabilization,63.27,68.52322440075957,6918.53512937074,6.608736884499673e-30,109.34937773622158,BUY,0.3,"The SMA20 is slightly below the SMA60, indicating a potential upward trend. RSI is neutral, suggesting room for further growth, and the P/E ratio is attractive. Given the momentum mandate, I’ll initiate a buy to capitalize on this developing trend.",63.32,68.55,50.7,-1.9372,1865069,0.46,44.0,13.9,2.89,-7.62,-1,-0.19,-0.15,-0.04
Day-146,google/gemma-3-4b-it,ENTJ,memory,crash,456,0.92,stabilization,63.76,68.98545513121051,6972.116324461488,4.626115819149771e-30,109.34937773622158,BUY,0.3,"The SMA20 is below the SMA60, indicating a slight downward trend, but the RSI is still relatively high and the P/E ratio is attractive. Given my momentum-focused mandate, I’ll initiate a buy to capitalize on the potential for a trend reversal and significant growth.",63.13,68.31,53.0,-1.7182,1637313,0.42,43.7,13.9,2.89,-7.58,-1,0.15,-0.09,0.24
Day-147,google/gemma-3-4b-it,ENTJ,memory,crash,456,0.92,stabilization,64.06,69.3084874720535,7004.921137782355,3.238281073404839e-30,109.34937773622158,BUY,0.3,"The SMA20 is below the SMA60, indicating a slight downward trend, but the RSI is still relatively high and the P/E ratio is attractive. Given my momentum-focused mandate, I’ll initiate a buy to capitalize on the potential for a trend reversal and significant growth.",63.05,68.06,54.2,-1.5031,1459711,0.39,43.5,13.9,2.89,-7.36,-1,-0.14,-0.13,-0.01
Day-148,google/gemma-3-4b-it,ENTJ,memory,crash,456,0.92,stabilization,63.05,68.16823744239356,6894.47826626877,2.2667967513833874e-30,109.34937773622158,BUY,0.3,"The SMA20 is below the SMA60, but the price is trending upwards and the RSI is relatively low, indicating potential for continued momentum. Given my mandate for growth and the current trend, a strategic buy is warranted to capitalize on this upward movement.",62.77,67.81,45.8,-1.3979,1690359,0.46,43.2,13.9,2.88,-7.44,-1,-0.07,-0.07,-0.0
Day-149,google/gemma-3-4b-it,ENTJ,memory,crash,456,0.92,stabilization,61.32,68.12832508055195,6705.303842785108,1.586757725968371e-30,109.34937773622158,BUY,0.3,"The SMA20 is above the SMA60, indicating an upward trend. RSI is relatively low, suggesting room for further growth. Given my momentum-focused mandate, I’ll initiate a buy order to capitalize on this established bullish movement.",62.66,67.49,45.9,-1.4374,2089359,0.59,43.0,13.5,2.96,-7.15,-1,0.01,-0.05,0.06
Day-150,google/gemma-3-4b-it,ENTJ,memory,crash,456,0.92,stabilization,61.87,67.65192583624571,6765.446000540029,1.1107304081778598e-30,109.34937773622158,BUY,0.3,"The SMA20 and SMA60 are trending upwards, indicating a strong bullish momentum. Despite the RSI being slightly elevated, the overall market sentiment and P/E ratio suggest continued growth potential. Let’s capitalize on this trend with a strategic buy.",62.59,67.13,52.7,-1.4082,1585067,0.46,42.7,13.7,2.92,-6.77,-1,0.04,-0.0,0.04
Day-151,google/gemma-3-4b-it,ENTJ,memory,crash,456,0.92,stabilization,60.9,67.60836923690286,6659.377104135894,7.77511285724502e-31,109.34937773622158,BUY,0.3,"The SMA20 is above the SMA60, indicating an upward trend. RSI is relatively low, suggesting room for further growth. Given the mandate to chase big wins and the positive trend, a strategic buy is warranted.",62.49,66.87,40.5,-1.4469,1629057,0.5,42.5,13.5,2.96,-6.55,-1,0.1,-0.01,0.11
Day-152,google/gemma-3-4b-it,ENTJ,memory,crash,456,0.92,stabilization,62.81,67.34671292838279,6868.234415612078,2.3325338571735064e-31,109.34937773622158,BUY,0.7,"The SMA20 is slightly below the SMA60, indicating a subtle upward trend. RSI is neutral, suggesting room for further growth, and the P/E ratio is attractive. Given my momentum-focused mandate, I’ll initiate a buy to capitalize on this potential continuation.",62.55,66.66,50.2,-1.3081,1610299,0.52,42.2,14.0,2.86,-6.18,-1,-0.16,-0.02,-0.14
Day-153,google/gemma-3-4b-it,ENTJ,memory,crash,456,0.92,stabilization,62.18,67.31601951923182,6799.344307638258,1.6327737000214545e-31,109.34937773622158,BUY,0.3,"The SMA20 is above the SMA60, indicating an upward trend. RSI is moderately high, suggesting continued momentum. Given the mandate to chase big wins and the current trend, a strategic buy is warranted to capitalize on this opportunity.",62.6,66.43,53.7,-1.2349,1964255,0.67,41.9,13.9,2.89,-5.77,-1,-0.11,-0.02,-0.09
Day-154,google/gemma-3-4b-it,ENTJ,memory,crash,456,0.92,stabilization,63.69,67.76280625910924,6964.461868019953,1.1429415900150182e-31,109.34937773622158,BUY,0.3,"The price is above both the 20 and 60-day SMAs, indicating a strong upward trend. RSI is healthy, and the P/E ratio suggests undervaluation, aligning with a momentum strategy focused on growth. Let's capitalize on this sustained bullish movement.",62.5,66.24,60.2,-1.0433,1746847,0.63,41.7,14.1,2.84,-5.65,-1,0.16,0.01,0.16
Day-155,google/gemma-3-4b-it,ENTJ,memory,crash,456,0.92,stabilization,61.43,67.70225193653732,6717.332274336092,8.000591130105128e-32,109.34937773622158,BUY,0.3,"The SMA20 and SMA60 are trending upwards, indicating a strong bullish momentum. Despite the RSI being relatively low, the overall market sentiment and P/E ratio suggest continued growth potential. Let’s capitalize on this trend with a measured buy.",62.38,66.08,43.0,-1.0609,1591306,0.61,41.4,13.6,2.94,-5.6,-1,0.15,0.03,0.13
Day-156,google/gemma-3-4b-it,ENTJ,memory,crash,456,0.92,stabilization,59.31,66.85300954003628,6485.511593535302,5.60041379107359e-32,109.34937773622158,BUY,0.3,"The SMA20 and SMA60 are trending upwards, indicating a strong bullish momentum. The RSI is relatively low, suggesting room for further growth, and the P/E ratio is attractive. I’m initiating a buy to capitalize on this sustained upward trend.",62.32,65.88,36.7,-1.2319,1612587,0.66,41.2,13.3,3.01,-5.39,-1,0.26,0.06,0.2
Day-157,google/gemma-3-4b-it,ENTJ,memory,crash,456,0.92,stabilization,60.12,67.19667196655604,6574.084589501641,3.9202896537515133e-32,109.34937773622158,BUY,0.3,"The SMA20 is above the SMA60, indicating an upward trend. RSI is neutral, suggesting room for further growth, and the P/E ratio is attractive. I’ll initiate a buy order to capitalize on this momentum, prioritizing growth within acceptable risk parameters.",62.06,65.61,49.0,-1.2872,1735491,0.76,40.9,13.4,2.98,-5.42,-1,-0.18,0.06,-0.24
Day-158,google/gemma-3-4b-it,ENTJ,memory,crash,456,0.92,stabilization,61.06,66.8086603156715,6676.87300457369,2.7442027576260594e-32,109.34937773622158,BUY,0.3,"The SMA20 is above the SMA60, indicating an upward trend. Despite the RSI being relatively low and negative news sentiment, the overall trend and P/E ratio suggest continued upward momentum. I'm initiating a buy to capitalize on this established trend.",61.98,65.35,48.7,-1.2413,1923666,0.9,40.7,13.7,2.92,-5.17,-1,-0.01,0.08,-0.09
Day-159,google/gemma-3-4b-it,ENTJ,memory,crash,456,0.92,stabilization,60.48,66.66168007522364,6613.450365486681,1.9209419303382418e-32,109.34937773622158,BUY,0.3,"The SMA20 is above the SMA60, indicating an upward trend. RSI is relatively low, suggesting room for further growth, and the P/E ratio is attractive. I’m initiating a buy to capitalize on this momentum.",61.97,65.17,41.1,-1.2376,1982393,0.99,40.4,13.6,2.94,-4.91,-1,0.18,0.08,0.1
Day-160,google/gemma-3-4b-it,ENTJ,memory,crash,456,0.92,stabilization,63.81,66.52671099536745,6977.5837933483,1.3446593512367693e-32,109.34937773622158,BUY,0.3,"The SMA20 is below the SMA60, but the overall trend is still slightly upward, and the RSI is neutral. Given my mandate for growth and the potential for a breakout, a measured buy of 0.3 is warranted to capitalize on the momentum.",62.2,65.07,50.1,-0.9545,1975990,1.09,40.2,14.4,2.78,-4.41,-1,-0.15,0.02,-0.17
Day-161,google/gemma-3-4b-it,ENTJ,memory,crash,456,0.92,stabilization,60.46,65.97105911260826,6611.263377931957,9.412615458657385e-33,109.34937773622158,BUY,0.3,"The SMA20 is above the SMA60, indicating an upward trend. RSI is relatively low, suggesting room for further growth. Given my momentum-focused mandate, I’ll initiate a buy order to capitalize on this established trend and potential for increased volatility.",62.02,64.91,41.7,-0.9889,1501312,0.83,39.9,13.7,2.91,-4.45,-1,0.37,0.04,0.33
Day-162,google/gemma-3-4b-it,ENTJ,memory,crash,456,0.92,stabilization,59.58,65.15419967804034,6515.035925524082,6.58883082106017e-33,109.34937773622158,BUY,0.3,"The SMA20 is below the SMA60, but the overall trend is still slightly bullish, indicated by the RSI and P/E ratio. The volume ratio of 1.1 suggests buying pressure, justifying a strategic purchase to capitalize on the upward momentum.",61.76,64.72,42.0,-1.0749,1962362,1.1,39.7,13.7,2.92,-4.58,-1,-0.3,0.02,-0.31
Day-163,google/gemma-3-4b-it,ENTJ,memory,crash,456,0.92,stabilization,59.9,65.21166452107985,6550.027726399673,4.6121815747421196e-33,109.34937773622158,BUY,0.3,"The SMA20 is above the SMA60, indicating an upward trend. RSI is relatively neutral, suggesting room for further growth. Given my momentum-focused mandate, I’ll initiate a buy order to capitalize on this established trend and potential for significant gains.",61.73,64.46,46.5,-1.1047,1827714,1.03,39.4,13.8,2.9,-4.24,-1,-0.07,0.01,-0.08
Day-164,google/gemma-3-4b-it,ENTJ,memory,crash,456,0.92,stabilization,58.41,65.60633558428513,6387.097153572702,3.228527102319484e-33,109.34937773622158,BUY,0.3,"The SMA20 is below the SMA60, but the overall trend is still slightly bullish, indicated by the SMA60. The RSI is relatively low, suggesting room for upward movement, and the volume ratio is elevated, indicating potential buying pressure. Let's capitalize on this momentum.",61.57,64.27,41.8,-1.2342,1941952,1.1,39.2,13.4,3.0,-4.2,-1,-0.17,-0.06,-0.11
Day-165,google/gemma-3-4b-it,ENTJ,memory,crash,456,0.92,stabilization,59.94,66.07142590592092,6554.401701509121,2.2599689716236388e-33,109.34937773622158,BUY,0.3,"The SMA20 is above the SMA60, indicating an upward trend. RSI is neutral, suggesting room for further growth, and the P/E ratio is attractive. I’m initiating a buy to capitalize on this momentum, prioritizing growth within the established trend.",61.41,64.03,47.8,-1.1997,1542121,0.88,38.9,13.6,2.94,-4.1,-1,0.41,0.05,0.36
Day-166,google/gemma-3-4b-it,ENTJ,memory,crash,456,0.92,stabilization,59.86,64.62633717598743,6545.653751290224,1.581978280136547e-33,109.34937773622158,BUY,0.3,"The SMA20 is above the SMA60, indicating an upward trend. RSI is relatively low, suggesting room for further growth. Given my momentum-focused mandate, I’ll initiate a buy order to capitalize on this established bullish movement.",61.21,63.78,42.5,-1.1655,1748584,1.0,38.6,13.9,2.88,-4.02,-1,-0.41,-0.11,-0.3
Day-167,google/gemma-3-4b-it,ENTJ,memory,crash,456,0.92,stabilization,61.48,64.45025858741965,6722.799743222902,1.107384796095583e-33,109.34937773622158,BUY,0.3,"The SMA20 is below the SMA60, indicating a slight downward trend, but the RSI is still relatively neutral and the P/E ratio is attractive. Given my momentum-focused mandate, I’ll initiate a buy to capitalize on the potential for an upward breakout, prioritizing growth and leveraging the current market conditions.",61.08,63.56,48.3,-0.9957,1771711,1.0,38.4,14.3,2.8,-3.9,-1,0.01,-0.05,0.05
Day-168,google/gemma-3-4b-it,ENTJ,memory,crash,456,0.92,stabilization,59.03,64.83861541816755,6454.89376776916,7.75169357266908e-34,109.34937773622158,BUY,0.3,"The SMA60 is slightly below the SMA20, indicating a potential upward trend. RSI is low, suggesting room for growth, and the P/E ratio is attractive. I’m initiating a buy order to capitalize on this momentum, prioritizing growth within the established trend.",60.88,63.29,39.3,-1.0472,1699114,0.96,38.1,13.7,2.93,-3.8,-1,0.29,0.03,0.27
Day-169,google/gemma-3-4b-it,ENTJ,memory,crash,456,0.92,stabilization,59.28,65.87062036610979,6482.231112203215,5.426185500868356e-34,109.34937773622158,BUY,0.3,"The SMA20 is trending above the SMA60, indicating an upward momentum. Despite the slightly negative RSI and news sentiment, the P/E ratio suggests undervaluation and the volume ratio supports the trend. This aligns with my mandate to capitalize on established upward movement for growth.",60.78,63.0,44.6,-1.0554,1673685,0.96,37.9,13.5,2.96,-3.53,-1,-0.13,0.04,-0.16
Day-170,google/gemma-3-4b-it,ENTJ,memory,crash,456,0.92,stabilization,59.82,66.46211180082139,6541.279776180775,3.798329850607849e-34,109.34937773622158,BUY,0.3,"The SMA20 is trending above the SMA60, indicating a strong upward momentum. The RSI is healthy, and the P/E ratio suggests undervaluation. I’m initiating a buy to capitalize on this established trend, prioritizing growth within the momentum framework.",60.68,62.73,51.4,-1.0071,1309270,0.75,37.6,13.5,2.96,-3.27,-1,0.15,-0.02,0.16
Day-171,google/gemma-3-4b-it,ENTJ,memory,crash,456,0.92,stabilization,58.94,65.8584139045785,6445.0523237729,2.6588308954254943e-34,109.34937773622158,BUY,0.3,"The SMA60 is slightly below the SMA20, indicating a potential upward trend. RSI is relatively neutral, suggesting room for further growth. Given the momentum mandate and the slight trend shift, a strategic buy is warranted to capitalize on the anticipated increase.",60.58,62.5,46.8,-1.0276,1387207,0.8,37.4,13.4,2.98,-3.08,-1,-0.3,0.01,-0.3
Day-172,google/gemma-3-4b-it,ENTJ,memory,crash,456,0.92,stabilization,60.86,65.64265185963585,6655.003129026445,1.8611816267978461e-34,109.34937773622158,BUY,0.3,"The SMA20 is below the SMA60, but the overall trend is still slightly bullish, indicated by the RSI and positive news sentiment. A small buy position allows us to capitalize on the momentum, prioritizing growth and leveraging the current market conditions.",60.48,62.37,49.5,-0.8791,1541493,0.9,37.1,13.9,2.88,-3.03,-1,0.59,0.12,0.46
Day-173,google/gemma-3-4b-it,ENTJ,memory,crash,456,0.92,stabilization,58.2,66.24950829749321,6364.133784248096,1.3028271387584923e-34,109.34937773622158,BUY,0.3,"The SMA60 is slightly below the SMA20, indicating a potential upward trend. RSI is relatively low, suggesting room for growth, and the P/E ratio is attractive. I’m initiating a buy to capitalize on this momentum, prioritizing growth within the established trend.",60.28,62.15,44.7,-0.9648,1641774,0.96,36.9,13.2,3.04,-3.0,-1,0.15,0.09,0.06
Day-174,google/gemma-3-4b-it,ENTJ,memory,crash,456,0.92,stabilization,62.76,65.87001799677485,6862.766946725266,9.119789971309446e-35,109.34937773622158,BUY,0.3,"The SMA60 is trending upwards, indicating a sustained bullish momentum. The RSI is relatively neutral, suggesting room for further growth, and the P/E ratio is attractive. I’m initiating a buy order to capitalize on this established trend and potential upside.",60.24,62.04,47.7,-0.6568,1822388,1.07,36.6,14.3,2.8,-2.9,-1,0.06,0.13,-0.07
Day-175,google/gemma-3-4b-it,ENTJ,memory,crash,456,0.92,stabilization,56.8,64.78441613751201,6211.044655417386,6.383852979916612e-35,109.34937773622158,BUY,0.3,"The SMA60 is slightly below the SMA20, indicating a potential upward trend. RSI is moderate, suggesting room for further growth, and the P/E ratio is attractive. Given my momentum-focused mandate, I’ll initiate a buy order to capitalize on this established trend.",60.01,61.83,42.7,-0.8841,1229654,0.73,36.4,13.2,3.04,-2.96,-1,0.33,0.17,0.17
Day-176,google/gemma-3-4b-it,ENTJ,memory,crash,456,0.92,stabilization,59.74,64.5712300249867,6532.531825961878,4.468697085941629e-35,109.34937773622158,BUY,0.3,"The SMA20 is below the SMA60, indicating a slight downward trend, but the RSI is neutral and the P/E ratio is attractive. Given my momentum-focused mandate, I’ll initiate a buy to capitalize on the potential for an upward breakout, prioritizing growth and leveraging the current market conditions.",60.03,61.68,50.3,-0.8176,1747556,1.03,36.1,13.9,2.88,-2.68,-1,0.1,0.25,-0.15
Day-177,google/gemma-3-4b-it,ENTJ,memory,crash,456,0.92,stabilization,61.52,64.58853439961037,6727.173718332352,1.7874788343766516e-35,109.34937773622158,BUY,0.6,"The SMA20 is trending upwards, indicating a strong bullish momentum. Despite the RSI being relatively high, the overall market sentiment and the price action suggest a continuation of the uptrend. I’m initiating a buy order to capitalize on this momentum, prioritizing growth within the established trend.",60.1,61.59,52.8,-0.6141,1395202,0.83,35.8,14.3,2.8,-2.43,-1,0.68,0.26,0.42
Day-178,google/gemma-3-4b-it,ENTJ,memory,crash,456,0.92,stabilization,60.0,64.82160152510696,6560.962664173295,7.149915337506606e-36,109.34937773622158,BUY,0.6,"The SMA20 is above the SMA60, indicating an upward trend. Despite the negative news sentiment and RSI reading, the price is holding above key moving averages and the P/E ratio suggests undervaluation. This presents a clear opportunity for a momentum buy.",60.04,61.42,52.8,-0.5686,1406370,0.85,35.6,13.9,2.88,-2.24,-1,-0.2,0.19,-0.4
Day-179,google/gemma-3-4b-it,ENTJ,memory,crash,456,0.92,stabilization,59.59,64.57026138874991,6516.129419301445,5.004940736254624e-36,109.34937773622158,BUY,0.3,"The SMA20 is below the SMA60, indicating a slight downward trend, but the RSI is neutral and the P/E ratio is attractive. Given my momentum-focused mandate, I’ll initiate a buy to capitalize on the potential for a trend reversal and significant growth, targeting a 30% position size.",60.0,61.34,49.4,-0.559,1354859,0.83,35.3,13.8,2.89,-2.19,-1,-0.19,0.14,-0.33
Day-180,google/gemma-3-4b-it,ENTJ,memory,crash,456,0.92,stabilization,60.67,64.98117715787883,6634.226747256564,2.0019762945018498e-36,109.34937773622158,BUY,0.6,"The SMA20 is below the SMA60, indicating a slight downward trend, but the RSI is healthy and the volume ratio is slightly elevated. Given my momentum-focused mandate, I’ll initiate a buy to capitalize on the potential for an upward breakout, aiming for a significant gain.",59.84,61.29,51.4,-0.4593,1691117,1.05,35.1,14.0,2.86,-2.36,-1,-0.36,0.01,-0.37
Day-181,google/gemma-3-4b-it,ENTJ,memory,crash,456,0.92,stabilization,58.76,64.8386215858535,6425.36943578038,1.4013834061512948e-36,109.34937773622158,BUY,0.3,"The SMA20 is above the SMA60, indicating an upward trend. The RSI is relatively low, suggesting room for further growth, and the P/E ratio is attractive. I’ll initiate a buy order to capitalize on this momentum.",59.76,61.21,45.3,-0.528,1241619,0.78,34.8,13.6,2.94,-2.37,-1,-0.39,-0.09,-0.3
Day-182,google/gemma-3-4b-it,ENTJ,memory,crash,456,0.92,stabilization,58.14,65.14824555021234,6357.572821583923,9.809683843059064e-37,109.34937773622158,BUY,0.3,"The SMA20 and SMA60 are trending upwards, indicating a strong bullish momentum. Despite the RSI being slightly below 50 and a moderate volume ratio, the overall market sentiment and the established trend strongly suggest a buying opportunity for growth. Let’s capitalize on this momentum.",59.68,61.14,48.3,-0.6259,1298848,0.83,34.6,13.4,2.99,-2.37,-1,0.12,-0.21,0.33
Day-183,google/gemma-3-4b-it,ENTJ,memory,crash,456,0.92,stabilization,60.01,65.18842703605559,6562.056157950657,6.866778690141345e-37,109.34937773622158,BUY,0.3,"The SMA20 is below the SMA60, indicating a slight downward trend, but the RSI is healthy and the overall market sentiment is positive. Given my momentum-focused mandate, I’ll initiate a buy order to capitalize on the potential for an upward breakout and continued growth, targeting a 30% position size.",59.69,61.11,51.3,-0.5459,1284226,0.84,34.3,13.8,2.9,-2.33,-1,0.23,-0.12,0.35
Day-184,google/gemma-3-4b-it,ENTJ,memory,crash,456,0.92,stabilization,58.81,64.29882111648818,6430.836904667191,4.806745083098941e-37,109.34937773622158,BUY,0.3,"The SMA20 is above the SMA60, indicating an upward trend. Despite the slightly negative RSI and news sentiment, the P/E ratio is reasonable and the volume ratio is near 1, suggesting continued momentum. I’m buying a small quantity to capitalize on this established trend.",59.71,60.98,48.3,-0.5726,1565611,1.03,34.1,13.7,2.92,-2.07,-1,-0.06,-0.09,0.04
Day-185,google/gemma-3-4b-it,ENTJ,memory,crash,456,0.92,stabilization,56.2,63.390062758643076,6145.435028775653,3.364721558169259e-37,109.34937773622158,BUY,0.3,"The SMA20 is above the SMA60, indicating an upward trend. RSI is relatively low, suggesting room for further growth, and the P/E ratio is attractive. I’m initiating a buy to capitalize on this momentum.",59.52,60.82,45.6,-0.7952,1493089,0.99,33.8,13.3,3.01,-2.14,-1,0.23,0.02,0.2
Day-186,google/gemma-3-4b-it,ENTJ,memory,crash,456,0.92,stabilization,58.71,62.46219347681398,6419.901966893569,2.3553050907184814e-37,109.34937773622158,BUY,0.3,"The SMA20 is above the SMA60, indicating an upward trend. RSI is relatively low, suggesting room for further growth. Given my momentum-focused mandate, I’ll initiate a buy order to capitalize on this established trend.",59.47,60.79,46.6,-0.7608,1529782,1.02,33.6,14.1,2.84,-2.18,-1,-0.48,0.01,-0.48
Day-187,google/gemma-3-4b-it,ENTJ,memory,crash,456,0.92,stabilization,58.62,62.663156413970626,6410.060522897309,1.6487135635029371e-37,109.34937773622158,BUY,0.3,"The SMA20 is above the SMA60, indicating an upward trend. RSI is neutral, suggesting continued momentum is possible. Given the mandate to chase big wins, a moderate buy position aligns with the current trend and potential for growth.",59.32,60.65,50.7,-0.732,1235533,0.84,33.3,14.0,2.85,-2.19,-1,-0.05,-0.03,-0.02
Day-188,google/gemma-3-4b-it,ENTJ,memory,crash,456,0.92,stabilization,56.05,62.701591979506084,6129.032622115219,1.154099494452056e-37,109.34937773622158,BUY,0.3,"The SMA20 is above the SMA60, indicating an upward trend. RSI is low, suggesting undervaluation, and the P/E ratio is attractive. I’m initiating a buy to capitalize on this momentum, prioritizing growth within the established trend.",59.17,60.52,37.6,-0.9057,1321337,0.91,33.1,13.4,2.98,-2.22,-1,0.39,0.01,0.38
Day-189,google/gemma-3-4b-it,ENTJ,memory,crash,456,0.92,stabilization,53.78,62.2013249491611,5880.809534653997,8.078696461164391e-38,109.34937773622158,BUY,0.3,"The SMA20 is trending above the SMA60, indicating a strong upward momentum. Despite the slightly negative RSI and news sentiment, the P/E ratio suggests undervaluation and the volume ratio confirms buying pressure. Let’s capitalize on this trend with a measured purchase.",58.9,60.38,43.6,-1.2128,1531205,1.05,32.8,13.0,3.08,-2.46,-1,-0.06,0.01,-0.06
Day-190,google/gemma-3-4b-it,ENTJ,memory,crash,456,0.92,stabilization,57.14,62.51198187825727,6248.223443847702,5.655087522815073e-38,109.34937773622158,BUY,0.3,"The SMA20 and SMA60 are trending upwards, indicating a strong bullish momentum. The RSI is relatively low, suggesting room for further growth, and the news sentiment is positive. I’m initiating a buy order to capitalize on this established trend and maximize potential gains.",58.77,60.34,44.5,-1.1714,1388221,0.95,32.5,13.7,2.92,-2.61,-1,0.78,0.12,0.66
Day-191,google/gemma-3-4b-it,ENTJ,memory,crash,456,0.92,stabilization,58.27,62.00323124818932,6371.788240689632,3.958561265970551e-38,109.34937773622158,BUY,0.3,"The SMA20 is above the SMA60, indicating an upward trend. RSI is relatively low, suggesting room for further growth. Given my momentum-focused mandate, I’ll initiate a buy order to capitalize on this established trend and potential for increased volatility.",58.73,60.22,43.0,-1.0357,1315668,0.91,32.3,14.1,2.84,-2.48,-1,0.31,0.27,0.04
Day-192,google/gemma-3-4b-it,ENTJ,memory,crash,456,0.92,stabilization,56.34,61.11598146740488,6160.743941658724,2.7709928861793856e-38,109.34937773622158,BUY,0.3,"The SMA20 and SMA60 are trending upwards, indicating a strong bullish momentum. Despite the RSI being relatively low and negative news sentiment, the overall trend and P/E ratio suggest a potential for continued growth. I’m initiating a buy to capitalize on this upward trajectory.",58.51,60.06,42.2,-1.0713,1201418,0.84,32.0,13.8,2.89,-2.58,-1,-0.36,0.21,-0.57
Day-193,google/gemma-3-4b-it,ENTJ,memory,crash,456,0.92,stabilization,56.24,61.19079526675401,6149.809003885102,1.93969502032557e-38,109.34937773622158,BUY,0.3,"The SMA20 and SMA60 are trending upwards, indicating a strong bullish momentum. Despite the RSI being moderate and negative news sentiment, the overall trend and P/E ratio suggest continued upward potential. I’m initiating a buy to capitalize on this momentum.",58.41,59.97,42.8,-1.0953,1285985,0.91,31.8,13.8,2.9,-2.61,-1,-0.09,0.12,-0.21
Day-194,google/gemma-3-4b-it,ENTJ,memory,crash,456,0.92,stabilization,56.08,61.75695340970832,6132.313103447306,1.357786514227899e-38,109.34937773622158,BUY,0.3,"The SMA20 and SMA60 are trending upwards, indicating a strong bullish momentum. Despite the slightly negative RSI and news sentiment, the P/E ratio is reasonable and the implied volatility suggests potential for significant growth. Let's capitalize on this trend with a measured buy.",58.07,59.86,39.7,-1.1146,1261740,0.91,31.5,13.6,2.94,-2.99,-1,-0.24,0.08,-0.32
Day-195,google/gemma-3-4b-it,ENTJ,memory,crash,456,0.92,stabilization,57.39,62.118851213633754,6275.560788281757,9.504505599595293e-39,109.34937773622158,BUY,0.3,"The SMA20 is above the SMA60, indicating an upward trend. RSI is relatively low, suggesting room for further growth. Given my momentum-focused mandate, I’ll initiate a buy order to capitalize on this established bullish movement.",58.1,59.74,46.8,-1.0123,1290497,0.93,31.3,13.9,2.89,-2.75,-1,-0.42,-0.16,-0.26
Day-196,google/gemma-3-4b-it,ENTJ,memory,crash,456,0.92,stabilization,58.43,61.717139033760596,6389.284141127427,6.653153919716705e-39,109.34937773622158,BUY,0.3,"The SMA20 is below the SMA60, indicating a slight downward trend, but the RSI is neutral and the overall market sentiment is positive. Given my momentum-focused mandate, I’ll initiate a buy order to capitalize on the potential for an upward breakout and significant growth.",58.04,59.64,50.7,-0.8379,1321014,0.96,31.0,14.2,2.82,-2.68,-1,0.06,-0.21,0.27
Day-197,google/gemma-3-4b-it,ENTJ,memory,crash,456,0.92,stabilization,55.02,60.867810202561984,6016.402763046912,4.6572077438016934e-39,109.34937773622158,BUY,0.3,"The SMA20 and SMA60 are trending upwards, indicating a strong bullish momentum. The RSI is relatively low, suggesting room for further growth, and the news sentiment is slightly positive. I’m initiating a buy order to capitalize on this upward trend and maximize potential gains.",57.71,59.46,39.5,-0.9637,1148721,0.85,30.8,13.6,2.95,-2.93,-1,0.24,-0.09,0.33
Day-198,google/gemma-3-4b-it,ENTJ,memory,crash,456,0.92,stabilization,53.8,60.85686853782802,5882.996522208721,3.260045420661186e-39,109.34937773622158,BUY,0.3,"The SMA20 and SMA60 are trending upwards, indicating a strong bullish momentum. Despite the slightly negative RSI and news sentiment, the P/E ratio is reasonable and the volume ratio is healthy, confirming the trend. I’m initiating a buy to capitalize on this upward trajectory.",57.4,59.27,39.4,-1.1485,1397550,1.03,30.5,13.3,3.02,-3.15,-1,-0.1,-0.09,-0.01
Day-199,google/gemma-3-4b-it,ENTJ,memory,crash,456,0.92,stabilization,57.44,61.61409792478504,6281.0282571685675,2.2820317944628303e-39,109.34937773622158,BUY,0.3,"The SMA20 and SMA60 are trending upwards, indicating a strong bullish momentum. The RSI is relatively high, confirming the uptrend, and the P/E ratio suggests undervaluation. I’m initiating a buy to capitalize on this sustained positive trend.",57.29,59.19,52.5,-0.9899,1251223,0.92,30.3,14.0,2.86,-3.21,-1,0.08,-0.03,0.11
Day-200,google/gemma-3-4b-it,ENTJ,memory,crash,456,0.92,stabilization,55.62,62.128826036407034,6082.012389688644,1.5974222561239812e-39,109.34937773622158,BUY,0.3,"The SMA20 and SMA60 are trending upwards, indicating a strong bullish momentum. The RSI is relatively low, suggesting room for further growth, and the P/E ratio is attractive. I’m initiating a buy order to capitalize on this established trend.",57.04,59.07,43.6,-0.9991,1184947,0.89,30.0,13.4,2.98,-3.43,-1,0.33,0.12,0.21
