Date,Model,MBTI,Agent_Type,Scenario,Seed,Crash_Discount,Phase,Price,Fundamental_Value,Portfolio_Value,Cash,Holdings_Qty,Action,Quantity_Percent,Rationale,SMA20,SMA60,RSI14,MACD,Volume,Volume_Ratio,Implied_Volatility,Reported_PE,Dividend_Yield,Trend_Strength,Trend_Regime,Sentiment,Sentiment_MA5,Sentiment_Change
Day-1,meta-llama/Llama-3.1-8B-Instruct,INTJ,memory,flat,42,0.92,flat,99.94,100.0,10000.0,10000.0,0.0,HOLD,0.0,"The market is neutral, with a flat trend and RSI at 50.0, indicating no clear direction. The P/E ratio and implied volatility are within normal ranges, but the news sentiment is slightly bearish. Given the lack of clear signals, it's best to wait for a more defined opportunity.",99.94,99.94,50.0,0.0,1398647,1.0,15.0,15.0,2.67,0.0,0,-0.17,-0.17,0.0
Day-2,meta-llama/Llama-3.1-8B-Instruct,INTJ,memory,flat,42,0.92,flat,101.67,101.02868324505536,10000.0,10000.0,0.0,HOLD,0.0,"Current market conditions indicate a neutral trend with no clear direction. The RSI is at 50, suggesting a balanced market, and the P/E ratio is within a reasonable range. The system is not indicating a strong buy or sell signal, so it's best to hold and wait for further analysis.",100.81,100.81,50.0,0.1381,1074958,0.87,15.6,15.1,2.65,0.0,0,0.04,-0.07,0.1
Day-3,meta-llama/Llama-3.1-8B-Instruct,INTJ,memory,flat,42,0.92,flat,100.11,100.77992539989415,10000.0,10000.0,0.0,HOLD,0.0,"Market conditions are neutral, with a flat trend and RSI at 50.0. Implied volatility is relatively low, and the P/E ratio is within a reasonable range. No clear alpha-generating opportunities present themselves at this time.",100.58,100.58,50.0,0.1202,1114625,0.93,12.6,14.9,2.68,0.0,0,0.77,0.21,0.56
Day-4,meta-llama/Llama-3.1-8B-Instruct,INTJ,memory,flat,42,0.92,flat,101.9,102.12453028804345,10000.0,10000.0,0.0,HOLD,0.0,"The market is in a neutral state with a flat trend and RSI at 50.0, indicating no clear bias. The P/E ratio is relatively low, and implied volatility is within a normal range. The system does not currently indicate a strong enough signal to initiate a trade.",100.91,100.91,50.0,0.2472,1361126,1.1,11.3,15.0,2.67,0.0,0,-0.03,0.15,-0.18
Day-5,meta-llama/Llama-3.1-8B-Instruct,INTJ,memory,flat,42,0.92,flat,105.32,105.31475690985374,10000.0,10000.0,0.0,HOLD,0.0,"The market is in a neutral state with a flat trend and RSI at 50.0, indicating no clear direction. The P/E ratio is relatively low, suggesting undervaluation, but the implied volatility is also low, which may indicate a lack of market uncertainty. The system is not indicating a strong buy or sell signal, so it's best to hold cash for now.",101.79,101.79,50.0,0.6166,1360018,1.08,12.8,15.0,2.67,0.0,0,0.34,0.19,0.16
Day-6,meta-llama/Llama-3.1-8B-Instruct,INTJ,memory,flat,42,0.92,flat,104.88,104.85416536145573,10000.0,10000.0,0.0,HOLD,0.0,"The market is in a neutral state with a flat trend, RSI at 50, and no clear indication of a strong buying or selling pressure. The P/E ratio is relatively low, and implied volatility is within a reasonable range. No immediate trading opportunity presents itself, and it's best to wait for a clearer signal.",102.3,102.3,50.0,0.8638,1320573,1.04,13.7,15.0,2.67,0.0,0,-0.21,0.18,-0.39
Day-7,meta-llama/Llama-3.1-8B-Instruct,INTJ,memory,flat,42,0.92,flat,104.16,104.39562247795129,10000.0,10000.0,0.0,HOLD,0.0,"The market is in a neutral state with a flat trend and RSI at 50.0. The P/E ratio is reasonable, but the implied volatility is high, indicating potential for increased market fluctuations. The model suggests caution and a wait-and-see approach.",102.57,102.57,50.0,0.9905,1346974,1.05,15.8,15.0,2.67,0.0,0,-0.01,0.17,-0.18
Day-8,meta-llama/Llama-3.1-8B-Instruct,INTJ,memory,flat,42,0.92,flat,108.09,107.77783235975143,10000.0,10000.0,0.0,HOLD,0.0,"The market is in a neutral state with a flat trend, RSI at 50, and a low volume ratio. The P/E ratio is reasonable, and implied volatility is within a normal range. There is no clear indication to enter the market based on the provided data.",103.26,103.26,50.0,1.3924,1271362,0.99,15.3,15.0,2.66,0.0,0,0.53,0.13,0.41
Day-9,meta-llama/Llama-3.1-8B-Instruct,INTJ,memory,flat,42,0.92,flat,109.01,109.47768025311326,10000.0,10000.0,0.0,HOLD,0.0,"The market is in a neutral state with the SMA20/60 indicating a flat trend, RSI at 50, and neutral news sentiment. The P/E ratio and implied volatility are within normal ranges. The system does not indicate a strong buy or sell signal, thus holding is the most logical action.",103.9,103.9,50.0,1.7648,1125899,0.89,13.0,14.9,2.68,0.0,0,-0.19,0.09,-0.28
Day-10,meta-llama/Llama-3.1-8B-Instruct,INTJ,memory,flat,42,0.92,flat,108.43,108.48709300836232,10000.0,10000.0,0.0,HOLD,0.0,"The market is currently in a neutral state with a flat trend and RSI at 50.0, indicating no clear direction. The P/E ratio is at a reasonable level, and implied volatility is low. The system does not indicate a strong buy or sell signal, so it's best to hold cash and wait for a more favorable entry point.",104.35,104.35,50.0,1.9901,1172847,0.93,11.4,15.0,2.67,0.0,0,0.54,0.13,0.41
Day-11,meta-llama/Llama-3.1-8B-Instruct,INTJ,memory,flat,42,0.92,flat,109.74,109.70362466269938,10000.0,10000.0,0.0,HOLD,0.0,"The market is in a neutral state with a flat trend and RSI at 50.0, indicating no clear direction. The P/E ratio is within a reasonable range, and implied volatility is low. The system does not currently see a compelling opportunity to generate alpha.",104.84,104.84,50.0,2.2485,1090798,0.88,10.3,15.0,2.67,0.0,0,0.21,0.22,-0.01
Day-12,meta-llama/Llama-3.1-8B-Instruct,INTJ,memory,flat,42,0.92,flat,109.15,108.72416238451,10000.0,10000.0,0.0,HOLD,0.0,"The market is currently in a neutral state with a flat trend and RSI at 50.0. The P/E ratio is relatively low at 15.1, indicating potential undervaluation. The system does not indicate a clear buying or selling opportunity at this time.",105.2,105.2,50.0,2.3776,1454225,1.16,24.6,15.1,2.66,0.0,0,-0.17,0.19,-0.35
Day-13,meta-llama/Llama-3.1-8B-Instruct,INTJ,memory,flat,42,0.92,flat,108.22,107.7484624633297,10000.0,10000.0,0.0,HOLD,0.0,"Market conditions are neutral, with a flat trend and neutral RSI. The P/E ratio is within a reasonable range, and implied volatility is slightly high. No clear alpha-generating opportunities present themselves at this time.",105.43,105.43,50.0,2.3775,1291695,1.02,19.8,15.1,2.66,0.0,0,0.19,0.12,0.07
Day-14,meta-llama/Llama-3.1-8B-Instruct,INTJ,memory,flat,42,0.92,flat,107.59,108.30363361525532,10000.0,10000.0,0.0,HOLD,0.0,"The market is overbought (RSI: 70.6), and the trend is neutral (SMA20/60: 0). The system is not indicating a strong buy signal, and the P/E ratio is not undervalued. The model suggests caution and waiting for a clearer signal.",105.59,105.59,70.6,2.3007,1200425,0.96,18.9,14.9,2.68,0.0,0,0.29,0.21,0.08
Day-15,meta-llama/Llama-3.1-8B-Instruct,INTJ,memory,flat,42,0.92,flat,103.37,104.26889590508503,10000.0,5000.0,48.369933249492114,BUY,0.5,"The RSI is below 60, indicating a potential buying opportunity. The trend is flat, and the P/E ratio is relatively low. The model suggests a long position with a 50% allocation.",105.44,105.44,57.5,1.8774,1231002,0.98,17.6,14.9,2.69,0.0,0,0.19,0.14,0.04
Day-16,meta-llama/Llama-3.1-8B-Instruct,INTJ,memory,flat,42,0.92,flat,101.41,100.76335453797809,9905.194930830996,5000.0,48.369933249492114,HOLD,0.0,"The market is in a neutral state with a flat trend and RSI at 49.4, indicating a balanced market. The P/E ratio is at 15.1, which is not significantly high or low. The system is not indicating a clear buy or sell signal, so it's best to hold and wait for a more favorable entry point.",105.19,105.19,49.4,1.3681,1473641,1.16,15.2,15.1,2.65,0.0,0,-0.47,0.01,-0.48
Day-17,meta-llama/Llama-3.1-8B-Instruct,INTJ,memory,flat,42,0.92,flat,99.8,99.66643822900451,9827.319338299312,5000.0,48.369933249492114,HOLD,0.0,"The current market conditions indicate a neutral trend, with the SMA20/60 lines aligned and the RSI at 49.3, suggesting a balanced market. The P/E ratio is relatively low at 15.0, and the implied volatility is 12.1%, which is not excessively high. Given the lack of strong indicators for a clear trend or significant undervaluation, the system does not recommend taking a position at this time.",104.87,104.87,49.3,0.8249,1076675,0.86,12.1,15.0,2.66,0.0,0,-0.22,-0.0,-0.21
Day-18,meta-llama/Llama-3.1-8B-Instruct,INTJ,memory,flat,42,0.92,flat,97.4,97.69714830053367,9711.231498500532,5000.0,48.369933249492114,HOLD,0.0,"The market is in a neutral state with a flat trend, and the RSI is below 50, indicating a potential buying opportunity. However, the P/E ratio is relatively low, which may indicate a lack of growth potential. The system is not indicating a strong buy signal, so it's best to hold and wait for further analysis.",104.46,104.46,40.5,0.1985,1293114,1.03,11.9,15.0,2.67,0.0,0,-0.07,-0.06,-0.02
Day-19,meta-llama/Llama-3.1-8B-Instruct,INTJ,memory,flat,42,0.92,flat,98.95,98.34260161564093,9786.204895037245,5000.0,48.369933249492114,HOLD,0.0,"The RSI is oversold, but the trend is neutral and the P/E ratio is relatively low. Implied volatility is also low, indicating a lack of market uncertainty. The model suggests caution and no immediate action.",104.17,104.17,35.4,-0.1708,1252944,1.0,11.8,15.1,2.65,0.0,0,-0.02,-0.12,0.1
Day-20,meta-llama/Llama-3.1-8B-Instruct,INTJ,memory,flat,42,0.92,flat,96.64,96.60174791742627,9674.470349230918,5000.0,48.369933249492114,HOLD,0.0,"The RSI is oversold, but the trend is neutral and the P/E ratio is relatively low, indicating a potentially undervalued stock. The implied volatility is low, suggesting a lack of market uncertainty. The system is not indicating a strong buy signal, so it's best to hold and wait for further confirmation.",103.79,103.79,32.6,-0.6428,1305727,1.04,9.3,15.0,2.67,0.0,0,0.19,-0.12,0.31
Day-21,meta-llama/Llama-3.1-8B-Instruct,INTJ,memory,flat,42,0.92,flat,94.28,93.93948152895804,9560.317306762117,5000.0,48.369933249492114,HOLD,0.0,"The market is currently oversold with an RSI of 30.5, but the trend is neutral (SMA20/60 is 0), and the P/E ratio is relatively low at 15.1. The system does not indicate a strong buy signal, and the news sentiment is neutral. The focus should be on waiting for a more favorable entry point.",103.51,103.34,30.5,-1.1932,1009055,0.81,8.7,15.1,2.66,0.16,0,0.05,-0.02,0.07
Day-22,meta-llama/Llama-3.1-8B-Instruct,INTJ,memory,flat,42,0.92,flat,96.78,96.76290778309178,9681.242139885846,5000.0,48.369933249492114,HOLD,0.0,"The RSI is oversold, but the trend is neutral and the P/E ratio is relatively low. The Implied Volatility is low, which may indicate a potential for a mean reversion. The model suggests caution and no immediate action is warranted.",103.26,103.04,26.3,-1.4115,1436061,1.14,7.5,15.0,2.67,0.22,0,-0.4,-0.05,-0.35
Day-23,meta-llama/Llama-3.1-8B-Instruct,INTJ,memory,flat,42,0.92,flat,97.38,96.35585979204414,9710.264099835542,5000.0,48.369933249492114,HOLD,0.0,"The market is oversold according to RSI (25.3), but the trend is neutral (SMA20/60 is 0), and the P/E ratio is relatively low (15.2). The system does not indicate a strong buy signal, and the news sentiment is neutral. It is best to wait for a clearer signal before entering the trade.",103.13,102.79,25.3,-1.5185,1466059,1.15,14.9,15.2,2.64,0.32,0,0.11,-0.01,0.13
Day-24,meta-llama/Llama-3.1-8B-Instruct,INTJ,memory,flat,42,0.92,flat,97.62,96.51503264079751,9721.87288381542,5000.0,48.369933249492114,HOLD,0.0,"The RSI is oversold, but the trend is neutral and the P/E ratio is relatively low. The Implied Volatility is high, indicating potential for increased price movement. The system is not indicating a clear buy signal, so it's best to hold and wait for further analysis.",102.91,102.58,26.7,-1.5661,1282566,1.01,18.9,15.2,2.64,0.33,0,0.18,0.03,0.16
Day-25,meta-llama/Llama-3.1-8B-Instruct,INTJ,memory,flat,42,0.92,flat,93.7,93.83179938086266,9532.262745477412,5000.0,48.369933249492114,HOLD,0.0,"The RSI is oversold, but the trend is neutral and the P/E ratio is relatively low. The Implied Volatility is high, indicating potential for increased price movement. The model suggests caution and waiting for a clearer signal before entering the trade.",102.33,102.22,18.9,-1.8984,1348325,1.06,16.3,15.0,2.67,0.11,0,0.17,0.02,0.14
Day-26,meta-llama/Llama-3.1-8B-Instruct,INTJ,memory,flat,42,0.92,flat,93.45,92.84358139554702,9520.170262165038,5000.0,48.369933249492114,HOLD,0.0,"The market is oversold with an RSI of 19.2, but the trend is neutral with a flat SMA20/60. The P/E ratio is relatively low at 15.1, indicating potential undervaluation. The model suggests caution and no immediate entry.",101.76,101.88,19.2,-2.157,1461249,1.14,18.7,15.1,2.65,-0.12,0,0.32,0.08,0.25
Day-27,meta-llama/Llama-3.1-8B-Instruct,INTJ,memory,flat,42,0.92,flat,93.4,93.077698161845,9517.751765502564,5000.0,48.369933249492114,HOLD,0.0,"The stock is trading below its long-term trend, and the RSI is oversold. The P/E ratio is relatively low, indicating potential undervaluation. The model suggests caution and no immediate entry.",101.22,101.57,19.9,-2.3385,1353619,1.06,15.2,15.1,2.66,-0.34,0,0.25,0.21,0.04
Day-28,meta-llama/Llama-3.1-8B-Instruct,INTJ,memory,flat,42,0.92,flat,91.7,90.9868269188571,9435.522878978427,5000.0,48.369933249492114,HOLD,0.0,"The stock is trading below its short-term and long-term moving averages, indicating a potential downtrend. The RSI is oversold, but the low reading is not extreme enough to trigger a strong buy signal. The model's current assessment suggests caution and no immediate entry.",100.4,101.22,19.0,-2.5903,1076269,0.85,15.5,15.1,2.65,-0.81,0,0.14,0.21,-0.07
Day-29,meta-llama/Llama-3.1-8B-Instruct,INTJ,memory,flat,42,0.92,flat,91.34,91.70057936328223,9418.10970300861,5000.0,48.369933249492114,HOLD,0.0,"The RSI is oversold, but the trend indicators are neutral and the P/E ratio is relatively high, indicating potential overvaluation. Implied volatility is low, and the news sentiment is slightly negative, which does not provide a compelling reason to enter the market. The system's current stance is to wait for a more favorable setup.",99.52,100.88,22.4,-2.7864,1288144,1.01,11.2,14.9,2.68,-1.35,0,-0.02,0.17,-0.19
Day-30,meta-llama/Llama-3.1-8B-Instruct,INTJ,memory,flat,42,0.92,flat,90.92,90.63277689196511,9397.794331043824,5000.0,48.369933249492114,HOLD,0.0,"The market is in a neutral state with a flat trend, low RSI, and a relatively low P/E ratio. The Implied Volatility is within a normal range, and the Volume Ratio is balanced. The system does not indicate a strong buy or sell signal, so it's best to hold the current position and wait for a more favorable entry point.",98.64,100.55,24.1,-2.9416,1303357,1.01,12.7,15.0,2.66,-1.89,0,-0.5,0.04,-0.54
Day-31,meta-llama/Llama-3.1-8B-Instruct,INTJ,memory,flat,42,0.92,flat,90.56,90.13261163652882,9380.381155074007,5000.0,48.369933249492114,HOLD,0.0,"The RSI is oversold, but the trend is bearish and the P/E ratio is low, indicating a potentially undervalued stock. The Implied Volatility is relatively low, suggesting a lack of market uncertainty. The system is not indicating a strong buy signal, so it's best to hold and wait for further analysis.",97.68,100.22,25.7,-3.0588,1212065,0.94,12.1,15.1,2.65,-2.53,-1,0.13,-0.0,0.13
Day-32,meta-llama/Llama-3.1-8B-Instruct,INTJ,memory,flat,42,0.92,flat,88.41,89.08116462561111,9276.385798587598,5000.0,48.369933249492114,HOLD,0.0,"The RSI is oversold, but the trend is bearish and the P/E ratio is relatively high. The Implied Volatility is low, which may indicate a potential for a mean reversion. The system's analysis suggests a cautious approach at this time.",96.65,99.85,26.0,-3.2874,1368222,1.06,11.5,14.9,2.69,-3.21,-1,0.06,-0.04,0.1
Day-33,meta-llama/Llama-3.1-8B-Instruct,INTJ,memory,flat,42,0.92,flat,92.02,92.47085186840374,9451.001257618263,5000.0,48.369933249492114,HOLD,0.0,"The RSI is oversold, but the trend is bearish and the P/E ratio is relatively high. The Implied Volatility is low, which may indicate a potential for a mean reversion. The model suggests caution and no immediate entry.",95.84,99.62,33.4,-3.1405,1467183,1.13,11.3,14.9,2.68,-3.8,-1,0.08,-0.05,0.13
Day-34,meta-llama/Llama-3.1-8B-Instruct,INTJ,memory,flat,42,0.92,flat,91.87,92.47363116834316,9443.74576763084,5000.0,48.369933249492114,HOLD,0.0,"The stock is trading below its 60-day SMA, indicating a bearish trend. The RSI is below 50, suggesting a potential oversold condition, but the news sentiment and volume ratio are bearish, supporting the trend. The system should wait for a more favorable setup before entering the trade.",95.05,99.39,37.2,-3.0021,1462784,1.12,8.9,14.9,2.68,-4.37,-1,-0.38,-0.12,-0.26
Day-35,meta-llama/Llama-3.1-8B-Instruct,INTJ,memory,flat,42,0.92,flat,90.5,90.565135114414,9377.478959079035,5000.0,48.369933249492114,HOLD,0.0,"The stock's price is above the SMA20 and SMA60, indicating a short-term uptrend. However, the RSI is below 50, suggesting a potential for a pullback. The model should wait for a more favorable entry point to maximize potential alpha.",94.41,99.13,39.3,-2.9687,1225419,0.94,7.5,15.0,2.67,-4.77,-1,-0.32,-0.09,-0.24
Day-36,meta-llama/Llama-3.1-8B-Instruct,INTJ,memory,flat,42,0.92,flat,92.27,92.09495967346687,9463.093740930637,5000.0,48.369933249492114,HOLD,0.0,"The stock's price is above the SMA20 and SMA60, indicating a short-term uptrend. However, the RSI is below 40, suggesting a potential oversold condition. The model should wait for a more favorable entry signal before initiating a trade.",93.95,98.94,36.7,-2.767,1056619,0.82,7.5,15.0,2.66,-5.05,-1,0.32,-0.05,0.37
Day-37,meta-llama/Llama-3.1-8B-Instruct,INTJ,memory,flat,42,0.92,flat,90.64,89.90048551653229,9384.250749733965,5000.0,48.369933249492114,HOLD,0.0,"The stock price is trading below its 60-day SMA, indicating a short-term downtrend. The RSI is oversold at 31.3, suggesting a potential bounce. However, the model's primary focus is on long-term alpha generation, and the current market conditions do not provide a clear, logical entry point.",93.49,98.72,31.3,-2.7074,1492420,1.14,14.9,15.1,2.64,-5.3,-1,-0.01,-0.06,0.05
Day-38,meta-llama/Llama-3.1-8B-Instruct,INTJ,memory,flat,42,0.92,flat,90.34,90.30389685135998,9369.739769759119,5000.0,48.369933249492114,HOLD,0.0,"The stock is trading below its 60-day SMA, indicating a bearish trend. The RSI is oversold at 29.9, suggesting a potential bounce. However, the model's primary focus is on long-term alpha, and the current market conditions do not provide a clear indication for a strategic entry or exit.",93.14,98.5,29.9,-2.6544,1419449,1.08,13.3,15.0,2.67,-5.44,-1,0.2,-0.04,0.24
Day-39,meta-llama/Llama-3.1-8B-Instruct,INTJ,memory,flat,42,0.92,flat,87.86,86.85909530635996,9249.782335300377,5000.0,48.369933249492114,HOLD,0.0,"The market is oversold with an RSI of 32.4, but the trend is bearish and the P/E ratio is relatively high. The Implied Volatility is above average, indicating potential for increased price movement. The model suggests caution and no immediate entry.",92.58,98.23,32.4,-2.7804,1062331,0.81,18.4,15.2,2.64,-5.74,-1,0.01,0.04,-0.03
Day-40,meta-llama/Llama-3.1-8B-Instruct,INTJ,memory,flat,42,0.92,flat,83.98,84.60754868074206,9062.106994292348,5000.0,48.369933249492114,HOLD,0.0,"The RSI is oversold, but the trend is bearish and the P/E ratio is relatively high. The system's long-term focus suggests waiting for a more favorable entry point. The current setup does not align with the system's criteria for a buy signal.",91.95,97.87,26.6,-3.1571,1460420,1.11,13.7,14.9,2.69,-6.05,-1,0.01,0.11,-0.1
Day-41,meta-llama/Llama-3.1-8B-Instruct,INTJ,memory,flat,42,0.92,flat,84.25,84.96681047625167,9075.16687626971,5000.0,48.369933249492114,HOLD,0.0,"The RSI is oversold, but the trend is bearish and the P/E ratio is relatively high, indicating potential for further decline. Implied volatility is low, suggesting a lack of market uncertainty. The system's current assessment is to wait for a more favorable entry point.",91.45,97.54,27.7,-3.3942,1434948,1.08,12.6,14.9,2.69,-6.24,-1,0.28,0.1,0.18
Day-42,meta-llama/Llama-3.1-8B-Instruct,INTJ,memory,flat,42,0.92,flat,86.23,86.2568994947078,9170.939344103706,5000.0,48.369933249492114,HOLD,0.0,"The RSI is oversold, but the trend is bearish and the P/E ratio is relatively high. The Implied Volatility is low, indicating a potential for a mean reversion. The model suggests caution and holding cash for now.",90.92,97.27,36.8,-3.3832,1259419,0.95,12.6,15.0,2.67,-6.53,-1,-0.15,0.07,-0.22
Day-43,meta-llama/Llama-3.1-8B-Instruct,INTJ,memory,flat,42,0.92,flat,86.74,86.57901043639475,9195.608010060947,5000.0,48.369933249492114,HOLD,0.0,"The market is oversold with an RSI of 39.0, but the trend is bearish and the P/E ratio is relatively high. The system is not indicating a strong buy signal, and the news sentiment is neutral. The model suggests caution and patience at this time.",90.39,97.02,39.0,-3.2958,1295637,0.98,12.4,15.0,2.66,-6.84,-1,0.03,0.03,-0.01
Day-44,meta-llama/Llama-3.1-8B-Instruct,INTJ,memory,flat,42,0.92,flat,86.39,86.40490515533375,9178.678533423623,5000.0,48.369933249492114,HOLD,0.0,"The RSI is below 50, indicating a potential buying opportunity, but the trend is bearish and the P/E ratio is relatively high. The implied volatility is low, which may indicate a lack of market uncertainty. The system's current mandate is to prioritize alpha, and the current conditions do not provide a clear indication of a profitable trade.",89.83,96.78,39.1,-3.2172,1199501,0.91,9.2,15.0,2.67,-7.19,-1,-0.14,0.01,-0.14
Day-45,meta-llama/Llama-3.1-8B-Instruct,INTJ,memory,flat,42,0.92,flat,85.31,85.91190174782673,9126.439005514172,5000.0,48.369933249492114,HOLD,0.0,"The stock's RSI is below 40, indicating oversold conditions, but the trend is still bearish and the P/E ratio is relatively high. The model suggests caution and no immediate entry. The system is not yet ready to buy.",89.41,96.53,37.8,-3.2054,1027380,0.79,8.7,14.9,2.69,-7.37,-1,-0.13,-0.02,-0.11
Day-46,meta-llama/Llama-3.1-8B-Instruct,INTJ,memory,flat,42,0.92,flat,83.4,83.43366901475349,9034.052433007642,5000.0,48.369933249492114,HOLD,0.0,"The stock price is below the SMA60, indicating a short-term downtrend. The RSI is below 50, suggesting oversold conditions, but the trend is still bearish. The system's analysis suggests waiting for a more favorable entry point.",88.91,96.24,38.3,-3.3117,1167598,0.91,10.0,15.0,2.67,-7.62,-1,-0.09,-0.1,0.0
Day-47,meta-llama/Llama-3.1-8B-Instruct,INTJ,memory,flat,42,0.92,flat,81.73,82.26576548794537,8953.27464448099,5000.0,48.369933249492114,HOLD,0.0,"The RSI is oversold, but the trend is bearish and the P/E ratio is relatively high. The Implied Volatility is low, indicating a potential for a mean reversion. The model suggests caution and no immediate action.",88.32,95.93,23.4,-3.4911,1401426,1.09,12.4,14.9,2.68,-7.93,-1,0.07,-0.05,0.12
Day-48,meta-llama/Llama-3.1-8B-Instruct,INTJ,memory,flat,42,0.92,flat,81.76,81.53580700564282,8954.725742478475,5000.0,48.369933249492114,HOLD,0.0,"The stock price is below the 60-day SMA, indicating a bearish trend. The RSI is oversold, suggesting a potential bounce, but the news sentiment and volume ratio are bearish. The system's current assessment is that the stock is not yet ready for a strategic entry.",87.83,95.64,23.8,-3.5889,1002316,0.78,10.2,15.0,2.66,-8.17,-1,-0.14,-0.09,-0.06
Day-49,meta-llama/Llama-3.1-8B-Instruct,INTJ,memory,flat,42,0.92,flat,83.42,83.30301292177748,9035.019831672633,5000.0,48.369933249492114,HOLD,0.0,"The RSI is oversold, but the trend is bearish and the P/E ratio is relatively high. The system's analysis suggests a potential short-term bounce, but the long-term implications are unclear. The model indicates a wait-and-see approach is warranted.",87.43,95.39,31.9,-3.4928,1166749,0.92,9.3,15.0,2.66,-8.34,-1,0.38,0.02,0.36
Day-50,meta-llama/Llama-3.1-8B-Instruct,INTJ,memory,flat,42,0.92,flat,83.61,83.90264040525825,9044.210118990035,5000.0,48.369933249492114,HOLD,0.0,"The stock is trading below its 60-day SMA, indicating a bearish trend. The RSI is oversold at 25.9, suggesting a potential bounce. However, the model's primary focus is on long-term alpha generation, and the current market conditions do not indicate a strong buy signal.",87.06,95.15,25.9,-3.3625,1199084,0.94,9.4,14.9,2.68,-8.5,-1,-0.27,-0.01,-0.26
Day-51,meta-llama/Llama-3.1-8B-Instruct,INTJ,memory,flat,42,0.92,flat,80.77,81.0200196844115,8906.839508561477,5000.0,48.369933249492114,HOLD,0.0,"The current market conditions indicate a bearish trend, with the RSI at 24.2 and a negative news sentiment. The price is below the SMA20, and the P/E ratio is relatively low at 15.0. The model suggests caution and no immediate action.",86.58,94.77,24.2,-3.4483,1268697,1.0,14.5,15.0,2.67,-8.65,-1,-0.06,-0.0,-0.05
Day-52,meta-llama/Llama-3.1-8B-Instruct,INTJ,memory,flat,42,0.92,flat,81.15,81.57133880368293,8925.220083196285,5000.0,48.369933249492114,HOLD,0.0,"The RSI is oversold and the trend is bearish, but the P/E ratio is relatively low and the implied volatility is within a normal range. The system is not indicating a strong buy signal, and the news sentiment is slightly bearish. Therefore, it is best to hold cash and wait for a more favorable entry point.",86.21,94.36,26.1,-3.4462,1459927,1.14,12.0,14.9,2.68,-8.63,-1,-0.13,-0.04,-0.09
Day-53,meta-llama/Llama-3.1-8B-Instruct,INTJ,memory,flat,42,0.92,flat,80.94,80.96980557616234,8915.062397213891,5000.0,48.369933249492114,HOLD,0.0,"The stock is trading below its 60-day SMA, indicating a short-term downtrend. The RSI is oversold at 29.6, suggesting a potential bounce, but the news sentiment and volume ratio are neutral. The system suggests caution and no immediate entry.",85.66,93.98,29.6,-3.4218,1173172,0.93,14.1,15.0,2.67,-8.85,-1,0.43,0.07,0.36
Day-54,meta-llama/Llama-3.1-8B-Instruct,INTJ,memory,flat,42,0.92,flat,80.35,79.90495569015917,8886.52413659669,5000.0,48.369933249492114,HOLD,0.0,"The trend is bearish, RSI is oversold, and the P/E ratio is relatively low, indicating a potential buying opportunity. However, the Implied Volatility is high and the news sentiment is bearish, suggesting caution. The system's current mandate is to trust the model and ignore the news cycle, but the current market conditions do not align with the system's optimal entry criteria.",85.08,93.54,36.7,-3.4108,1173476,0.94,14.0,15.1,2.65,-9.05,-1,0.06,0.01,0.05
Day-55,meta-llama/Llama-3.1-8B-Instruct,INTJ,memory,flat,42,0.92,flat,80.28,80.91274892045479,8883.138241269227,5000.0,48.369933249492114,HOLD,0.0,"The stock is trading below its 60-day SMA, indicating a bearish trend. The RSI is oversold, but the price is still above the 20-day SMA, suggesting a potential bounce. The system is not indicating a strong buy signal, so it's best to hold cash and wait for a more favorable entry point.",84.57,93.04,35.2,-3.3691,1368750,1.09,19.3,14.9,2.69,-9.11,-1,0.31,0.12,0.19
Day-56,meta-llama/Llama-3.1-8B-Instruct,INTJ,memory,flat,42,0.92,flat,82.93,82.62327254085221,9011.31856438038,5000.0,48.369933249492114,HOLD,0.0,"The RSI is below 50, indicating a potential oversold condition, but the trend is bearish and the news sentiment is negative. The P/E ratio is relatively low, which could be a buying opportunity, but the overall market conditions do not strongly suggest a clear entry point. The system is not indicating a strong buy signal, so it's best to hold and wait for further confirmation.",84.1,92.61,38.3,-3.0865,1226108,0.97,18.2,15.1,2.66,-9.18,-1,-0.45,0.05,-0.49
Day-57,meta-llama/Llama-3.1-8B-Instruct,INTJ,memory,flat,42,0.92,flat,83.86,84.20185847164234,9056.302602302409,5000.0,48.369933249492114,HOLD,0.0,"The RSI is below 50, indicating a potential buying opportunity, but the trend is bearish and the P/E ratio is relatively high, suggesting a potential overvaluation. The implied volatility is high, which may indicate a potential for increased price movement. The model should reassess the situation after the next data point.",83.76,92.2,40.1,-2.756,1112302,0.89,19.6,14.9,2.68,-9.15,-1,0.08,0.09,-0.01
Day-58,meta-llama/Llama-3.1-8B-Instruct,INTJ,memory,flat,42,0.92,flat,82.41,82.82522316928558,8986.166199090645,5000.0,48.369933249492114,HOLD,0.0,"The RSI is oversold, but the trend is bearish and the P/E ratio is relatively high. The system's current state does not indicate a strong buy signal. The focus should be on waiting for a more favorable setup.",83.37,91.69,37.3,-2.5813,1226219,0.99,15.9,14.9,2.68,-9.07,-1,0.27,0.05,0.21
Day-59,meta-llama/Llama-3.1-8B-Instruct,INTJ,memory,flat,42,0.92,flat,82.28,82.33929013272953,8979.87810776821,5000.0,48.369933249492114,HOLD,0.0,"The RSI is below 50, indicating a potential buying opportunity, but the trend is bearish and the P/E ratio is relatively high. The Implied Volatility is above average, suggesting a potential for increased market volatility. The model suggests caution and no immediate action.",83.09,91.15,39.7,-2.4251,1070428,0.87,16.8,15.0,2.67,-8.84,-1,0.02,0.05,-0.02
Day-60,meta-llama/Llama-3.1-8B-Instruct,INTJ,memory,flat,42,0.92,flat,82.4,82.91149087059024,8985.68249975815,5000.0,48.369933249492114,HOLD,0.0,"The stock price is below the 60-day SMA, indicating a bearish trend. The RSI is below 50, suggesting a potential oversold condition. However, the system is not indicating a strong buy signal, and the P/E ratio is relatively high, suggesting potential overvaluation.",83.01,90.63,46.1,-2.2659,1088193,0.89,15.0,14.9,2.68,-8.41,-1,0.32,0.05,0.27
Day-61,meta-llama/Llama-3.1-8B-Instruct,INTJ,memory,flat,42,0.92,flat,84.34,84.57042052616318,9079.520170262165,5000.0,48.369933249492114,HOLD,0.0,"The short-term trend is bearish, indicated by the negative SMA20/60 spread, and the RSI is below 60, suggesting a potential oversold condition. However, the long-term trend is still bullish, and the P/E ratio is relatively low. The system indicates no clear entry signal, so it's best to hold cash and wait for a more favorable setup.",83.01,90.12,59.9,-1.9601,1249183,1.04,12.5,15.0,2.67,-7.89,-1,-0.16,0.11,-0.26
Day-62,meta-llama/Llama-3.1-8B-Instruct,INTJ,memory,flat,42,0.92,flat,83.3,83.78894533532191,9029.215439682694,5000.0,48.369933249492114,HOLD,0.0,"The market is in a neutral state with a negative trend, RSI at 55.4, and a relatively high P/E ratio. The Implied Volatility is low, and the Volume Ratio is at 1.0, indicating a lack of market momentum. The system is not indicating a clear buy or sell signal, so it's best to hold and wait for further analysis.",82.87,89.6,55.4,-1.7811,1209462,1.0,12.2,14.9,2.68,-7.52,-1,0.42,0.18,0.25
Day-63,meta-llama/Llama-3.1-8B-Instruct,INTJ,memory,flat,42,0.92,flat,84.34,83.50344612917937,9079.520170262165,5000.0,48.369933249492114,HOLD,0.0,"The stock is trading below its 60-day SMA, indicating a short-term downtrend. The RSI is at 53.4, suggesting a neutral market sentiment. The system does not indicate a strong buy signal, and the current market conditions do not justify an entry.",82.75,89.13,53.4,-1.538,1457422,1.2,12.7,15.1,2.64,-7.16,-1,0.69,0.26,0.43
Day-64,meta-llama/Llama-3.1-8B-Instruct,INTJ,memory,flat,42,0.92,flat,81.71,81.70058829663186,8952.307245816,5000.0,48.369933249492114,HOLD,0.0,"The market is in a neutral state with a bearish trend, but the RSI is below 50, indicating potential for a bounce. The P/E ratio is relatively low, and implied volatility is within a normal range. The system is not indicating a strong buy or sell signal, so it's best to hold and wait for further analysis.",82.51,88.61,44.1,-1.5394,1181196,0.98,9.2,15.0,2.67,-6.88,-1,-0.11,0.23,-0.34
Day-65,meta-llama/Llama-3.1-8B-Instruct,INTJ,memory,flat,42,0.92,flat,79.3,79.79310283262735,8835.735706684725,5000.0,48.369933249492114,HOLD,0.0,"The stock price is below the 60-day SMA, and the RSI is below 50, indicating a potential bearish trend. However, the price is not significantly undervalued based on the P/E ratio, and the implied volatility is relatively high. The model suggests caution and no immediate entry or exit.",82.21,88.13,45.3,-1.715,1290294,1.05,21.0,14.9,2.68,-6.71,-1,-0.13,0.14,-0.28
Day-66,meta-llama/Llama-3.1-8B-Instruct,INTJ,memory,flat,42,0.92,flat,81.26,81.12470888144934,8930.54077585373,5000.0,48.369933249492114,HOLD,0.0,"The RSI is at 50.3, indicating a neutral market condition. The trend is bearish, with the SMA20 below the SMA60. The P/E ratio is at 15.0, which is relatively low. The model suggests holding cash to wait for a more favorable entry point.",82.11,87.73,50.3,-1.6768,1316132,1.07,19.3,15.0,2.66,-6.41,-1,0.44,0.26,0.17
Day-67,meta-llama/Llama-3.1-8B-Instruct,INTJ,memory,flat,42,0.92,flat,83.33,83.38032640150746,9030.666537680177,5000.0,48.369933249492114,HOLD,0.0,"The trend is bearish, RSI is below 60, and the P/E ratio is relatively low, indicating a potentially undervalued stock. However, the Implied Volatility is high, and the Volume Ratio is low, suggesting a lack of conviction in the market. The model recommends caution and holding cash to wait for a more favorable entry point.",82.19,87.4,56.3,-1.4632,1006547,0.83,14.7,15.0,2.67,-5.96,-1,0.47,0.27,0.2
Day-68,meta-llama/Llama-3.1-8B-Instruct,INTJ,memory,flat,42,0.92,flat,83.17,83.28531012978225,9022.92734836026,5000.0,48.369933249492114,HOLD,0.0,"The RSI is at 57.6, indicating a neutral market sentiment. The trend is bearish, with the SMA20 below the SMA60. The Implied Volatility is high, suggesting a potential for increased price movement. The model indicates no clear entry or exit signals, thus holding the current position is the most logical decision.",82.26,87.11,57.6,-1.2917,1331768,1.08,15.9,15.0,2.67,-5.57,-1,-0.16,0.1,-0.26
Day-69,meta-llama/Llama-3.1-8B-Instruct,INTJ,memory,flat,42,0.92,flat,85.38,84.99928482208715,9129.824900841635,5000.0,48.369933249492114,HOLD,0.0,"The market is in a neutral state with a bearish trend, but the RSI is not oversold. The P/E ratio is relatively low, and implied volatility is high, indicating potential for volatility. The system is not indicating a clear buy or sell signal, so it's best to hold and wait for further analysis.",82.35,86.84,62.3,-0.9664,1089017,0.89,18.5,15.1,2.65,-5.17,-1,-0.13,0.1,-0.22
Day-70,meta-llama/Llama-3.1-8B-Instruct,INTJ,memory,flat,42,0.92,flat,86.13,85.64197825345948,9166.102350778756,5000.0,48.369933249492114,HOLD,0.0,"The stock price is near the 60-day SMA, indicating a potential short-term consolidation. The RSI is below 70, suggesting some downward momentum, but the trend is still slightly positive. The model suggests caution and no immediate entry or exit.",82.48,86.63,58.5,-0.6404,1480535,1.19,19.4,15.1,2.65,-4.79,-1,-0.08,0.11,-0.19
Day-71,meta-llama/Llama-3.1-8B-Instruct,INTJ,memory,flat,42,0.92,flat,84.29,84.56945657284136,9077.101673599691,5000.0,48.369933249492114,HOLD,0.0,"The market is in a neutral state with a bearish trend, but the RSI is not oversold. The P/E ratio is relatively low, and implied volatility is moderate. The system does not indicate a strong buy or sell signal at this time.",82.66,86.43,51.1,-0.5242,1074331,0.87,15.5,15.0,2.68,-4.37,-1,-0.4,-0.06,-0.34
Day-72,meta-llama/Llama-3.1-8B-Instruct,INTJ,memory,flat,42,0.92,flat,84.99,85.20849028613581,9110.960626874334,5000.0,48.369933249492114,HOLD,0.0,"The market is currently in a neutral state with a bearish trend, but the RSI is not oversold. The P/E ratio is reasonable, and implied volatility is low. The system does not indicate a strong buy or sell signal, so it's best to hold and wait for a clearer indication of the market's direction.",82.85,86.19,56.8,-0.3718,1207312,0.99,11.5,15.0,2.67,-3.88,-1,-0.28,-0.21,-0.07
Day-73,meta-llama/Llama-3.1-8B-Instruct,INTJ,memory,flat,42,0.92,flat,87.76,87.89666045714588,9244.945341975428,5000.0,48.369933249492114,HOLD,0.0,"The market is in a neutral state with a bearish trend, but the RSI is not oversold. The P/E ratio is relatively low, and the implied volatility is within a normal range. The system does not indicate a strong buy or sell signal at this time.",83.19,86.0,62.7,-0.0268,1042674,0.86,14.5,15.0,2.67,-3.27,-1,-0.3,-0.24,-0.06
Day-74,meta-llama/Llama-3.1-8B-Instruct,INTJ,memory,flat,42,0.92,flat,86.59,87.86005729489766,9188.352520073522,5000.0,48.369933249492114,HOLD,0.0,"The stock's trend is bearish, with the SMA20 below SMA60, and the RSI is below 60, indicating a potential sell signal. However, the P/E ratio is relatively low at 14.8, suggesting the stock may be undervalued. The system is not indicating a strong buy or sell signal, so it's best to hold and wait for further analysis.",83.5,85.78,59.2,0.1498,1498437,1.22,16.6,14.8,2.71,-2.66,-1,-0.23,-0.26,0.03
Day-75,meta-llama/Llama-3.1-8B-Instruct,INTJ,memory,flat,42,0.92,flat,89.83,90.68012134263563,9345.071103801876,5000.0,48.369933249492114,HOLD,0.0,"The market is in a neutral state, with the SMA20 and SMA60 trending downwards, but the RSI is not oversold. The P/E ratio is relatively low, and implied volatility is moderate. The system does not indicate a clear buy or sell signal, so holding is the most logical choice.",83.98,85.7,61.4,0.5452,1251097,1.03,16.9,14.9,2.69,-2.01,-1,-0.01,-0.24,0.23
Day-76,meta-llama/Llama-3.1-8B-Instruct,INTJ,memory,flat,42,0.92,flat,86.62,86.0770875569412,9189.803618071008,5000.0,48.369933249492114,HOLD,0.0,"The market is in a neutral state, with the SMA20 and SMA60 lines aligned and the RSI at 56.3, indicating a balanced market. The P/E ratio is within a reasonable range, and the implied volatility is low. The system does not indicate a strong buy or sell signal, so it's best to hold the current position and wait for a more favorable entry point.",84.16,85.57,56.3,0.5926,1297692,1.06,11.9,15.1,2.65,-1.64,0,0.07,-0.15,0.22
Day-77,meta-llama/Llama-3.1-8B-Instruct,INTJ,memory,flat,42,0.92,flat,88.23,87.5299754951837,9267.67921060269,5000.0,48.369933249492114,HOLD,0.0,"The market is in a neutral state with a flat trend and moderate RSI. The system is not indicating a clear buy or sell signal, and the current holding value is $4189.80. No changes are warranted at this time.",84.38,85.46,57.3,0.7514,1033538,0.85,12.7,15.1,2.65,-1.27,0,0.47,-0.0,0.47
Day-78,meta-llama/Llama-3.1-8B-Instruct,INTJ,memory,flat,42,0.92,flat,87.62,87.7088014674164,9238.173551320499,5000.0,48.369933249492114,HOLD,0.0,"The market is in a neutral state with a flat trend and moderate RSI. The P/E ratio is reasonable, and implied volatility is low. The system does not indicate a strong buy or sell signal, so it's best to hold and wait for a more favorable entry point.",84.64,85.38,62.0,0.8186,1374980,1.12,11.0,15.0,2.67,-0.87,0,-0.3,-0.0,-0.3
Day-79,meta-llama/Llama-3.1-8B-Instruct,INTJ,memory,flat,42,0.92,flat,87.38,87.21201482734024,9226.56476734062,5000.0,48.369933249492114,HOLD,0.0,"The market is currently in a neutral state with a flat trend, and the RSI is not indicating overbought or oversold conditions. The P/E ratio is reasonable, and implied volatility is low. The system is not indicating a strong buy or sell signal, so it's best to hold and wait for a more favorable entry point.",84.9,85.3,67.9,0.8427,1104952,0.9,8.6,15.0,2.66,-0.47,0,0.3,0.1,0.19
Day-80,meta-llama/Llama-3.1-8B-Instruct,INTJ,memory,flat,42,0.92,flat,87.49,87.39843022356412,9231.885459998066,5000.0,48.369933249492114,HOLD,0.0,"The market is in a neutral state with a flat short-term trend and a moderate RSI. The P/E ratio is reasonable, and implied volatility is low. No compelling reason to enter or exit the trade at this time.",85.15,85.23,65.0,0.861,1449027,1.16,8.7,15.0,2.66,-0.1,0,-0.06,0.09,-0.16
Day-81,meta-llama/Llama-3.1-8B-Instruct,INTJ,memory,flat,42,0.92,flat,84.79,84.01756997829872,9101.286640224436,5000.0,48.369933249492114,HOLD,0.0,"The market is currently in a neutral state, with the SMA20 and SMA60 lines converging. The RSI is at 53.4, indicating a balanced market with no clear overbought or oversold conditions. The system does not indicate a strong buy or sell signal, so a hold position is the most logical choice.",85.17,85.12,53.4,0.65,1102569,0.89,7.5,15.1,2.64,0.07,0,-0.01,0.08,-0.09
Day-82,meta-llama/Llama-3.1-8B-Instruct,INTJ,memory,flat,42,0.92,flat,83.95,83.67435223460745,9060.655896294862,5000.0,48.369933249492114,HOLD,0.0,"The market is in a neutral state with a flat trend and a moderate RSI. The P/E ratio is within a reasonable range, and implied volatility is low. The system does not indicate a strong buy or sell signal, so it's best to hold and wait for a more favorable entry point.",85.21,85.03,51.8,0.4108,1095343,0.89,7.5,15.1,2.66,0.21,0,0.2,0.02,0.18
Day-83,meta-llama/Llama-3.1-8B-Instruct,INTJ,memory,flat,42,0.92,flat,84.27,84.29940080152838,9076.1342749347,5000.0,48.369933249492114,HOLD,0.0,"The market is in a neutral state with a flat trend and low RSI, indicating a lack of clear direction. The P/E ratio is at a reasonable level, and implied volatility is low. The system does not indicate a strong buy or sell signal, so holding the current position is the most logical choice.",85.2,84.87,47.2,0.2437,1018274,0.84,7.5,15.0,2.67,0.39,0,-0.34,0.02,-0.35
Day-84,meta-llama/Llama-3.1-8B-Instruct,INTJ,memory,flat,42,0.92,flat,86.62,86.85435522507822,9189.803618071008,5000.0,48.369933249492114,HOLD,0.0,"The market is currently in a neutral state, with the SMA20 and SMA60 lines converging. The RSI is at 51.1, indicating a balanced market condition. The system does not indicate a strong buy or sell signal at this time.",85.45,84.77,51.1,0.2973,1236033,1.02,7.5,15.0,2.67,0.8,0,0.11,-0.02,0.13
Day-85,meta-llama/Llama-3.1-8B-Instruct,INTJ,memory,flat,42,0.92,flat,85.36,85.9845160043568,9128.857502176646,5000.0,48.369933249492114,HOLD,0.0,"The market is currently in a neutral state, with the SMA20 and SMA60 lines crossing over, indicating a lack of clear trend direction. The RSI is also in a neutral range, and the P/E ratio is within a relatively normal range. The model suggests that the current market conditions do not provide a clear alpha opportunity, and therefore, it is best to hold cash and wait for a more favorable setup.",85.75,84.67,52.5,0.236,1282420,1.06,11.6,14.9,2.69,1.28,0,0.05,0.0,0.05
Day-86,meta-llama/Llama-3.1-8B-Instruct,INTJ,memory,flat,42,0.92,flat,84.72,84.63072340699004,9097.900744896971,5000.0,48.369933249492114,HOLD,0.0,"The market is in a neutral state with a flat trend, and the RSI is at 49.4, indicating a balanced market. The P/E ratio is at 15.0, which is within a reasonable range. The system does not indicate a strong buy or sell signal, so it's best to hold and wait for further analysis.",85.93,84.52,49.4,0.1343,1032854,0.86,13.7,15.0,2.66,1.67,0,0.15,0.04,0.11
Day-87,meta-llama/Llama-3.1-8B-Instruct,INTJ,memory,flat,42,0.92,flat,83.33,83.81082876279102,9030.666537680177,5000.0,48.369933249492114,HOLD,0.0,"The RSI is below 50, indicating a potential buying opportunity, but the trend is neutral and the P/E ratio is relatively high. The implied volatility is above average, suggesting a market in a state of uncertainty. The system is not indicating a strong buy signal, so it's best to hold and wait for further confirmation.",85.93,84.37,38.7,-0.0584,1387763,1.14,19.2,14.9,2.68,1.84,0,0.09,0.01,0.07
Day-88,meta-llama/Llama-3.1-8B-Instruct,INTJ,memory,flat,42,0.92,flat,84.33,85.38498477308214,9079.03647092967,5000.0,48.369933249492114,HOLD,0.0,"The stock price is near the 20-day SMA, indicating a potential short-term trend reversal. The RSI is below 50, suggesting a possible oversold condition. The system's analysis indicates no clear buy signal, and the current market conditions do not justify an entry.",85.98,84.25,44.2,-0.1285,1226644,1.01,22.2,14.8,2.7,2.06,1,0.74,0.23,0.51
Day-89,meta-llama/Llama-3.1-8B-Instruct,INTJ,memory,flat,42,0.92,flat,85.62,85.97403097105499,9141.433684821515,5000.0,48.369933249492114,HOLD,0.0,"The RSI is below 50, indicating a potential buying opportunity, but the trend is still bearish (SMA20/SMA60 is below 1) and the news sentiment is negative. The P/E ratio is relatively low, which could be a buying signal, but the implied volatility is high, indicating potential market uncertainty. The model suggests caution and waiting for a clearer signal before entering the market.",86.0,84.2,38.0,-0.0788,1262195,1.03,16.2,14.9,2.68,2.13,1,-0.19,0.17,-0.36
Day-90,meta-llama/Llama-3.1-8B-Instruct,INTJ,memory,flat,42,0.92,flat,84.59,85.09345142787423,9091.612653574539,5000.0,48.369933249492114,HOLD,0.0,"The stock's price is near the lower end of the trend, but the RSI is not oversold. The P/E ratio is relatively low, indicating potential value. The model should be re-evaluated for a potential buy signal when the stock breaks above the SMA60 or the RSI falls further.",85.92,84.22,43.4,-0.1217,1220381,1.01,14.0,14.9,2.68,2.02,1,-0.16,0.12,-0.28
Day-91,meta-llama/Llama-3.1-8B-Instruct,INTJ,memory,flat,42,0.92,flat,86.62,85.99725952753118,9189.803618071008,5000.0,48.369933249492114,HOLD,0.0,"The stock's price is trading above its 60-day SMA, indicating a short-term uptrend. The RSI is below 50, suggesting a potential buying opportunity, but the news sentiment is bearish and the volume ratio is neutral. The system is not indicating a clear buy signal, so it's best to hold and wait for further confirmation.",86.03,84.26,44.9,0.0082,1200381,0.99,11.1,15.1,2.65,2.1,1,-0.19,0.06,-0.24
Day-92,meta-llama/Llama-3.1-8B-Instruct,INTJ,memory,flat,42,0.92,flat,86.5,86.19024297982043,9183.999226081069,5000.0,48.369933249492114,HOLD,0.0,"The stock is trading above its 60-day SMA, but the 20-day SMA is trending downwards, indicating a potential short-term weakness. The RSI is below 50, suggesting a possible oversold condition, but the news sentiment is negative, which may weigh on the stock's performance. The system's current mandate is to prioritize alpha, and the current market conditions do not provide a clear, logical entry point.",86.11,84.27,46.4,0.1003,1279820,1.05,10.6,15.1,2.66,2.18,1,-0.17,0.01,-0.17
Day-93,meta-llama/Llama-3.1-8B-Instruct,INTJ,memory,flat,42,0.92,flat,87.9,87.90264371077903,9251.717132630358,5000.0,48.369933249492114,HOLD,0.0,"The stock price is near the 20-day SMA, and the 60-day SMA is trending downwards, indicating a potential bearish trend. The RSI is at 51.6, which is not overbought or oversold. The system does not indicate a strong buy or sell signal, so it's best to hold and wait for further analysis.",86.12,84.29,51.6,0.283,1077620,0.88,8.3,15.0,2.67,2.16,1,-0.19,-0.18,-0.01
Day-94,meta-llama/Llama-3.1-8B-Instruct,INTJ,memory,flat,42,0.92,flat,87.1,86.70302891050686,9213.021186030763,5000.0,48.369933249492114,HOLD,0.0,"The market is in a neutral state with a bearish trend (SMA20/60), low RSI (48.9), and low volume ratio (0.91). The P/E ratio is relatively low at 15.1, indicating undervaluation. The system does not indicate a strong buy signal, and the current conditions suggest caution.",86.14,84.31,48.9,0.3591,1090964,0.91,8.0,15.1,2.65,2.18,1,0.36,-0.07,0.43
Day-95,meta-llama/Llama-3.1-8B-Instruct,INTJ,memory,flat,42,0.92,flat,86.18,86.16254545617478,9168.520847441232,5000.0,48.369933249492114,HOLD,0.0,"The RSI is at 54.5, indicating a neutral market condition. The trend is flat, and the P/E ratio is at 15.0, which is relatively low. The system is not indicating a clear buy or sell signal, so it's best to hold the current position and wait for further analysis.",85.96,84.32,54.5,0.3416,1430892,1.18,8.3,15.0,2.67,1.94,0,0.43,0.05,0.38
Day-96,meta-llama/Llama-3.1-8B-Instruct,INTJ,memory,flat,42,0.92,flat,85.24,85.51513798375079,9123.053110186707,5000.0,48.369933249492114,HOLD,0.0,"The market is in a neutral state with a flat trend, and the RSI is at a moderate level. The P/E ratio is at a relatively normal level, and implied volatility is low. The system does not indicate a strong buy or sell signal, so it's best to hold the current position and wait for a more favorable entry point.",85.89,84.36,54.1,0.2485,1473057,1.21,9.6,15.0,2.68,1.81,0,-0.17,0.05,-0.22
Day-97,meta-llama/Llama-3.1-8B-Instruct,INTJ,memory,flat,42,0.92,flat,83.5,83.07328032451015,9038.889426332591,5000.0,48.369933249492114,HOLD,0.0,"The RSI is below 50, indicating a potential buying opportunity, but the trend is neutral and the P/E ratio is relatively high. The Implied Volatility is low, suggesting a lack of market uncertainty. The model is not indicating a strong buy signal, so it's best to hold and wait for further confirmation.",85.66,84.4,47.7,0.0338,1186654,0.97,8.3,15.1,2.65,1.49,0,-0.25,0.03,-0.28
Day-98,meta-llama/Llama-3.1-8B-Instruct,INTJ,memory,flat,42,0.92,flat,83.75,83.59180753458604,9050.981909644965,5000.0,48.369933249492114,HOLD,0.0,"The RSI is below 50, indicating a potential buying opportunity, but the trend is neutral and the P/E ratio is relatively high. The implied volatility is low, which may indicate a lack of market uncertainty. The system is currently not indicating a strong buy signal, so it's best to hold and wait for further confirmation.",85.46,84.44,40.3,-0.1144,1135372,0.93,9.0,15.0,2.66,1.22,0,0.14,0.1,0.04
Day-99,meta-llama/Llama-3.1-8B-Instruct,INTJ,memory,flat,42,0.92,flat,83.7,84.05460311420171,9048.56341298249,5000.0,48.369933249492114,HOLD,0.0,"The RSI is below 50, indicating a potential buying opportunity, but the trend is neutral and the P/E ratio is not undervalued. The implied volatility is relatively low, suggesting a lack of market uncertainty. The system does not currently indicate a strong enough signal to enter the market.",85.28,84.44,43.9,-0.2335,1321999,1.08,10.3,14.9,2.68,0.99,0,-0.17,-0.0,-0.16
Day-100,meta-llama/Llama-3.1-8B-Instruct,INTJ,memory,flat,42,0.92,flat,84.03,84.08842248829754,9064.525490954822,5000.0,48.369933249492114,HOLD,0.0,"The market is currently in a neutral state, with the SMA20 and SMA60 lines crossing over, indicating a lack of clear trend direction. The RSI is below 50, suggesting a potential for a short-term bounce, but the overall market conditions do not indicate a strong buying or selling opportunity. The system's proprietary model is not indicating a clear entry or exit signal, thus a hold position is the most logical choice.",85.11,84.45,47.4,-0.2974,1204367,0.99,8.6,15.0,2.67,0.78,0,0.19,-0.05,0.24
Day-101,meta-llama/Llama-3.1-8B-Instruct,INTJ,memory,flat,42,0.92,flat,83.44,83.71993751326593,9035.987230337621,5000.0,48.369933249492114,HOLD,0.0,"The current market conditions do not present a clear opportunity for alpha generation. The RSI is at 50.4, indicating a neutral market sentiment, and the trend is flat. The system does not indicate a strong buy or sell signal, thus holding the current position is the most logical decision.",85.04,84.5,50.4,-0.3917,1012693,0.84,9.7,14.9,2.68,0.63,0,0.06,-0.0,0.07
Day-102,meta-llama/Llama-3.1-8B-Instruct,INTJ,memory,flat,42,0.92,flat,80.96,81.40768967991337,8916.029795878881,5000.0,48.369933249492114,HOLD,0.0,"The market is in a neutral state with a flat trend, low RSI, and low implied volatility. The system is not indicating a strong buy or sell signal, and the portfolio is already underweight. Holding cash to wait for a more favorable entry point.",84.89,84.5,38.0,-0.6583,1078076,0.89,9.6,14.9,2.68,0.46,0,-0.45,-0.05,-0.41
Day-103,meta-llama/Llama-3.1-8B-Instruct,INTJ,memory,flat,42,0.92,flat,81.07,80.74990857496816,8921.350488536325,5000.0,48.369933249492114,HOLD,0.0,"The RSI is oversold, but the trend is neutral and the P/E ratio is reasonable. The model is not indicating a strong buy signal, and the implied volatility is relatively low. No clear alpha opportunity exists at this time.",84.73,84.5,32.2,-0.8511,1357986,1.11,10.5,15.1,2.66,0.27,0,0.46,0.02,0.45
Day-104,meta-llama/Llama-3.1-8B-Instruct,INTJ,memory,flat,42,0.92,flat,80.85,80.22238090325405,8910.709103221438,5000.0,48.369933249492114,HOLD,0.0,"The market is in a neutral state, with the SMA20/60 indicating a flat trend. The RSI is below 50, suggesting a potential for a short-term bounce, but the overall picture is not strong enough to warrant a trade. The system's current setup does not provide a clear indication for entry or exit.",84.44,84.51,34.4,-1.0103,1329461,1.08,9.8,15.1,2.65,-0.09,0,0.54,0.16,0.38
Day-105,meta-llama/Llama-3.1-8B-Instruct,INTJ,memory,flat,42,0.92,flat,78.49,78.96912822964286,8796.556060752635,5000.0,48.369933249492114,HOLD,0.0,"The market is oversold, indicated by the RSI of 17.0, but the trend is neutral, and the P/E ratio is relatively low. The system is not indicating a strong buy signal, and the news sentiment is slightly negative. It's best to wait for a more favorable setup before entering the market.",84.1,84.48,17.0,-1.3116,1013547,0.83,10.3,14.9,2.68,-0.45,0,-0.18,0.09,-0.27
Day-106,meta-llama/Llama-3.1-8B-Instruct,INTJ,memory,flat,42,0.92,flat,78.92,78.73842477793933,8817.355132049917,5000.0,48.369933249492114,HOLD,0.0,"The RSI is oversold, but the trend is neutral and the P/E ratio is relatively low. The Implied Volatility is low, suggesting a lack of market uncertainty. The system suggests a wait-and-see approach before entering the market.",83.81,84.4,20.0,-1.4981,1110986,0.91,9.9,15.0,2.66,-0.7,0,-0.12,0.05,-0.17
Day-107,meta-llama/Llama-3.1-8B-Instruct,INTJ,memory,flat,42,0.92,flat,79.24,79.40110595747932,8832.833510689754,5000.0,48.369933249492114,HOLD,0.0,"The RSI is oversold, but the trend is neutral and the P/E ratio is relatively high. The Implied Volatility is low, indicating a potential for a mean reversion. The model suggests caution and no immediate entry.",83.6,84.3,12.5,-1.6022,1115537,0.92,7.5,15.0,2.67,-0.83,0,0.09,0.16,-0.07
Day-108,meta-llama/Llama-3.1-8B-Instruct,INTJ,memory,flat,42,0.92,flat,82.36,82.47836488378519,8983.74770242817,5000.0,48.369933249492114,HOLD,0.0,"The RSI is oversold, but the trend indicators are neutral and the P/E ratio is reasonable. The model suggests a wait-and-see approach to allow for potential mean reversion or further analysis of the system.",83.5,84.3,32.9,-1.4167,1335946,1.1,7.5,15.0,2.67,-0.95,0,0.1,0.08,0.02
Day-109,meta-llama/Llama-3.1-8B-Instruct,INTJ,memory,flat,42,0.92,flat,82.6,82.79167984449867,8995.356486408047,5000.0,48.369933249492114,HOLD,0.0,"The RSI is oversold, but the trend indicators are neutral. The P/E ratio is reasonable, and implied volatility is low. The system does not indicate a strong buy signal at this time.",83.35,84.31,36.4,-1.2356,1009855,0.84,9.6,15.0,2.67,-1.14,0,0.2,0.02,0.18
Day-110,meta-llama/Llama-3.1-8B-Instruct,INTJ,memory,flat,42,0.92,flat,82.97,83.24421019100984,9013.25336171036,5000.0,48.369933249492114,HOLD,0.0,"The RSI is below 50, indicating a potential buying opportunity, but the trend is neutral and the P/E ratio is relatively high. The Implied Volatility is low, suggesting a lack of market uncertainty. The model suggests caution and no immediate action.",83.27,84.32,41.0,-1.0499,1052054,0.88,9.4,15.0,2.68,-1.24,0,0.6,0.17,0.43
Day-111,meta-llama/Llama-3.1-8B-Instruct,INTJ,memory,flat,42,0.92,flat,83.16,83.1452984355192,9022.443649027764,5000.0,48.369933249492114,HOLD,0.0,"The market is in a neutral state with a flat trend, low RSI, and low implied volatility. The system does not indicate a strong buy or sell signal, and the portfolio is adequately allocated. Therefore, no action is warranted at this time.",83.1,84.3,48.5,-0.8777,1399958,1.17,9.0,15.0,2.67,-1.42,0,-0.05,0.19,-0.24
Day-112,meta-llama/Llama-3.1-8B-Instruct,INTJ,memory,flat,42,0.92,flat,79.83,80.03901766310676,8861.371771306956,5000.0,48.369933249492114,HOLD,0.0,"The RSI is oversold, but the trend indicators are neutral, and the P/E ratio is relatively low. Implied volatility is low, and the news sentiment is bearish, which may indicate a potential buying opportunity. However, the system's current mandate is to prioritize alpha, and the current market conditions do not provide a clear, logical entry point.",82.77,84.23,36.1,-0.9984,1089272,0.91,7.5,15.0,2.67,-1.74,0,-0.24,0.12,-0.36
Day-113,meta-llama/Llama-3.1-8B-Instruct,INTJ,memory,flat,42,0.92,flat,80.09,80.02058859947861,8873.947953951823,5000.0,48.369933249492114,HOLD,0.0,"The market is in a downtrend, with a negative news sentiment and a low RSI. The system is not indicating a strong buy signal, and the price is above the SMA20/60. It's best to wait for a clearer signal before entering the market.",82.37,84.14,37.4,-1.061,1326373,1.1,7.5,15.0,2.66,-2.1,-1,-0.41,0.02,-0.43
Day-114,meta-llama/Llama-3.1-8B-Instruct,INTJ,memory,flat,42,0.92,flat,80.13,80.1410785351783,8875.882751281802,5000.0,48.369933249492114,HOLD,0.0,"The stock is trading below its 60-day SMA, indicating a short-term downtrend. The RSI is at 36.1, suggesting the stock is oversold. The system's analysis indicates no clear buy signal, and the current market conditions do not support an entry.",82.03,84.11,36.1,-1.095,1119091,0.93,9.2,15.0,2.67,-2.48,-1,-0.22,-0.06,-0.15
Day-115,meta-llama/Llama-3.1-8B-Instruct,INTJ,memory,flat,42,0.92,flat,84.13,84.21334543191932,9069.36248427977,5000.0,48.369933249492114,HOLD,0.0,"The short-term trend is bearish, indicated by the negative SMA20/SMA60 spread, but the RSI is in a neutral zone. The P/E ratio is relatively low, suggesting undervaluation. The system is not indicating a strong buy signal, so it's best to hold and wait for a more favorable entry point.",81.92,84.21,52.0,-0.7895,1049720,0.89,10.1,15.0,2.67,-2.71,-1,-0.01,-0.19,0.18
Day-116,meta-llama/Llama-3.1-8B-Instruct,INTJ,memory,flat,42,0.92,flat,83.59,83.91515142050521,9043.242720325046,5000.0,48.369933249492114,HOLD,0.0,"The trend is neutral, with the SMA20 below the SMA60, and the RSI is in a neutral zone. The P/E ratio is reasonable, and the implied volatility is relatively low. The system does not indicate a strong buy or sell signal, so it's best to hold and wait for further analysis.",81.84,84.25,58.5,-0.5844,1121586,0.96,10.8,14.9,2.68,-2.86,-1,0.54,-0.07,0.61
Day-117,meta-llama/Llama-3.1-8B-Instruct,INTJ,memory,flat,42,0.92,flat,84.19,84.44809903520597,9072.26468027474,5000.0,48.369933249492114,HOLD,0.0,"The market is slightly overbought with an RSI of 59.7, and the short-term trend is negative. The P/E ratio is relatively high at 15.0, indicating potential overvaluation. The system does not indicate a strong buy signal at this time.",81.88,84.27,59.7,-0.3692,1361133,1.16,13.4,15.0,2.67,-2.84,-1,-0.16,-0.05,-0.1
Day-118,meta-llama/Llama-3.1-8B-Instruct,INTJ,memory,flat,42,0.92,flat,84.65,84.41481316726616,9094.514849569507,5000.0,48.369933249492114,HOLD,0.0,"The short-term trend is bearish, indicated by the negative SMA20/60 spread, and the RSI is above 50 but not excessively high. The P/E ratio is relatively low, and implied volatility is within a normal range. The system does not indicate a strong buy signal, and the current market conditions do not justify a trade.",81.92,84.3,61.7,-0.1595,1427848,1.2,9.5,15.0,2.66,-2.82,-1,0.07,0.04,0.02
Day-119,meta-llama/Llama-3.1-8B-Instruct,INTJ,memory,flat,42,0.92,flat,82.65,82.48936178039483,8997.774983070523,5000.0,48.369933249492114,HOLD,0.0,"The trend is bearish, with the SMA20 below SMA60, and the RSI is in the neutral zone. The P/E ratio is reasonable, but the Implied Volatility is low, indicating a lack of market uncertainty. The model suggests caution and no immediate action.",81.87,84.25,63.1,-0.153,1415109,1.18,9.7,15.0,2.66,-2.82,-1,-0.0,0.09,-0.09
Day-120,meta-llama/Llama-3.1-8B-Instruct,INTJ,memory,flat,42,0.92,flat,84.16,84.4218110686546,9070.813582277257,5000.0,48.369933249492114,HOLD,0.0,"The market is currently in a neutral state with a bearish trend, but the RSI is not oversold. The P/E ratio is reasonable, and implied volatility is low. The system does not indicate a strong buy or sell signal at this time.",81.87,84.21,65.4,-0.0263,1198591,1.0,8.2,15.0,2.68,-2.77,-1,0.36,0.16,0.2
Day-121,meta-llama/Llama-3.1-8B-Instruct,INTJ,memory,flat,42,0.92,flat,85.75,85.72671070271255,9147.72177614395,5000.0,48.369933249492114,HOLD,0.0,"The short-term trend is bearish, with the SMA20 below SMA60, and the RSI is above 60, indicating overbought conditions. The P/E ratio is relatively low, but the Implied Volatility is also low, suggesting a lack of market uncertainty. The model indicates no clear entry or exit signals, so a hold position is the most logical choice.",81.99,84.24,67.8,0.2007,1334042,1.1,7.5,15.0,2.67,-2.67,-1,0.76,0.2,0.55
Day-122,meta-llama/Llama-3.1-8B-Instruct,INTJ,memory,flat,42,0.92,flat,87.31,87.1198792665634,9223.178872013155,5000.0,48.369933249492114,HOLD,0.0,"The market is currently in a downtrend, as indicated by the SMA20/60 crossover. The RSI is above 60, suggesting overbought conditions. The model is not indicating a strong buy signal, and the P/E ratio is relatively high, suggesting a potential for mean reversion.",82.31,84.28,64.8,0.5004,1102492,0.91,7.5,15.0,2.66,-2.34,-1,-0.16,0.2,-0.36
Day-123,meta-llama/Llama-3.1-8B-Instruct,INTJ,memory,flat,42,0.92,flat,85.16,85.57535593133491,9119.183515526747,5000.0,48.369933249492114,HOLD,0.0,"The market is experiencing a short-term downtrend, as indicated by the negative SMA20/60 spread. The RSI is at 56.9, suggesting a neutral market condition. The system does not currently indicate a strong buy or sell signal, thus a hold position is the most logical choice.",82.51,84.23,56.9,0.5579,1146573,0.95,7.5,14.9,2.68,-2.04,-1,-0.15,0.16,-0.31
Day-124,meta-llama/Llama-3.1-8B-Instruct,INTJ,memory,flat,42,0.92,flat,88.17,88.03665218938905,9264.77701460772,5000.0,48.369933249492114,HOLD,0.0,"The market is in a neutral state, with the SMA20 and SMA60 lines crossing over, indicating a potential short-term consolidation. The RSI is at 62.2, which is not overbought or oversold. The system does not indicate a strong buy or sell signal, so it's best to hold and wait for further confirmation.",82.88,84.26,62.2,0.8372,1448167,1.2,7.5,15.0,2.66,-1.64,0,0.31,0.22,0.09
Day-125,meta-llama/Llama-3.1-8B-Instruct,INTJ,memory,flat,42,0.92,flat,85.46,85.62833191160473,9133.694495501597,5000.0,48.369933249492114,HOLD,0.0,"The market is currently in a neutral state with a flat trend and moderate RSI, indicating no clear direction. The P/E ratio is within a reasonable range, and implied volatility is low, suggesting a stable market environment. Given the lack of strong signals, it's best to hold cash and wait for a more favorable entry point.",83.23,84.18,54.8,0.8299,1006500,0.83,7.7,15.0,2.67,-1.13,0,0.2,0.19,0.01
Day-126,meta-llama/Llama-3.1-8B-Instruct,INTJ,memory,flat,42,0.92,flat,86.95,86.66528072089507,9205.76569604334,5000.0,48.369933249492114,HOLD,0.0,"The market is in a neutral state with a flat trend, and the RSI is not indicating overbought or oversold conditions. The P/E ratio is reasonable, and implied volatility is within a normal range. The system does not indicate a strong buy or sell signal, so it's best to hold the current position and wait for a more favorable entry point.",83.63,84.18,66.2,0.9335,1042754,0.87,14.8,15.0,2.66,-0.66,0,0.55,0.15,0.4
Day-127,meta-llama/Llama-3.1-8B-Instruct,INTJ,memory,flat,42,0.92,flat,90.19,90.57357130591126,9362.484279771694,5000.0,48.369933249492114,HOLD,0.0,"The market is currently in a neutral state with a flat trend and RSI at 70.3, indicating a potential for a pullback. The P/E ratio and implied volatility are within normal ranges, and the news sentiment is bearish, which is not aligned with the current market conditions. The system does not indicate a strong buy or sell signal, so it's best to hold the current position and wait for a more favorable entry point.",84.18,84.22,70.3,1.2631,1103943,0.92,14.9,14.9,2.68,-0.06,0,0.18,0.22,-0.04
Day-128,meta-llama/Llama-3.1-8B-Instruct,INTJ,memory,flat,42,0.92,flat,87.87,88.82354280621198,9250.266034632872,5000.0,48.369933249492114,HOLD,0.0,"The market is in a neutral state with a flat trend and RSI at 64.2, indicating a balanced market condition. The P/E ratio is within a reasonable range, and implied volatility is relatively low. The system does not indicate a clear buy or sell signal, so holding the current position is the most logical decision.",84.45,84.23,64.2,1.3213,1013266,0.85,15.9,14.8,2.7,0.27,0,-0.11,0.23,-0.34
Day-129,meta-llama/Llama-3.1-8B-Instruct,INTJ,memory,flat,42,0.92,flat,86.96,87.84955788070108,9206.249395375835,5000.0,48.369933249492114,HOLD,0.0,"The market is in a neutral state with a flat trend and RSI at 55.9, indicating a balanced market. The P/E ratio is within a reasonable range, and implied volatility is relatively low. The system does not indicate a strong buy or sell signal, so holding the current position is the most logical decision.",84.67,84.22,55.9,1.2797,1090717,0.91,16.3,14.8,2.69,0.53,0,0.18,0.2,-0.02
Day-130,meta-llama/Llama-3.1-8B-Instruct,INTJ,memory,flat,42,0.92,flat,88.08,88.05123044735336,9260.423720615265,5000.0,48.369933249492114,HOLD,0.0,"The market is in a neutral state with a flat trend, and the RSI is below 70, indicating a potential buying opportunity. However, the P/E ratio is relatively high, and the implied volatility is at 15%, which may indicate a market that is due for a correction. The system is not indicating a strong buy signal, so it's best to hold and wait for further confirmation.",84.92,84.23,59.1,1.3213,1291520,1.07,15.0,15.0,2.67,0.82,0,0.33,0.23,0.11
Day-131,meta-llama/Llama-3.1-8B-Instruct,INTJ,memory,flat,42,0.92,flat,87.31,87.19520110303971,9223.178872013155,5000.0,48.369933249492114,HOLD,0.0,"The market is currently in a neutral state, with the SMA20 and SMA60 lines converging. The RSI is at 56.3, indicating a moderate level of buying pressure. The system is not indicating a strong buy or sell signal, so it's best to hold and wait for further analysis.",85.13,84.28,56.3,1.2777,1210712,1.01,13.3,15.0,2.66,1.01,0,0.25,0.16,0.08
Day-132,meta-llama/Llama-3.1-8B-Instruct,INTJ,memory,flat,42,0.92,flat,84.19,84.5578594748489,9072.26468027474,5000.0,48.369933249492114,HOLD,0.0,"The market is currently in a neutral state, with the SMA20 and SMA60 lines converging, and the RSI at 49.2, indicating a balanced market. The P/E ratio is relatively low at 14.9, suggesting undervaluation. The model indicates no clear entry or exit signals, thus a hold position is the most logical choice.",85.35,84.29,49.2,0.9803,1446335,1.19,12.1,14.9,2.68,1.26,0,0.15,0.16,-0.01
Day-133,meta-llama/Llama-3.1-8B-Instruct,INTJ,memory,flat,42,0.92,flat,84.88,84.6992957559112,9105.639934216892,5000.0,48.369933249492114,HOLD,0.0,"The market is neutral, with a flat trend and RSI in the middle range. The P/E ratio is reasonable, and implied volatility is low. The system does not indicate a strong buy or sell signal, so it's best to hold current positions and wait for a more favorable entry point.",85.59,84.3,54.3,0.7911,1408721,1.16,8.6,15.0,2.66,1.53,0,0.32,0.25,0.07
Day-134,meta-llama/Llama-3.1-8B-Instruct,INTJ,memory,flat,42,0.92,flat,82.39,82.94362936465585,8985.198800425656,5000.0,48.369933249492114,HOLD,0.0,"The market is in a neutral state with a flat trend and low RSI, indicating a lack of clear direction. The P/E ratio is reasonable, and implied volatility is low, suggesting a stable market. The system does not indicate a strong buy or sell signal, so holding is the most logical decision.",85.7,84.21,46.7,0.4349,1170908,0.96,10.0,14.9,2.68,1.77,0,0.35,0.28,0.07
Day-135,meta-llama/Llama-3.1-8B-Instruct,INTJ,memory,flat,42,0.92,flat,83.74,83.75811498810738,9050.49821031247,5000.0,48.369933249492114,HOLD,0.0,"The market is in a neutral state with a flat trend, low RSI, and moderate implied volatility. The system does not indicate a strong buying or selling opportunity at this time. The focus should be on maintaining a cash reserve for future strategic trades.",85.68,84.18,46.3,0.2589,1129711,0.92,7.5,15.0,2.67,1.78,0,0.41,0.3,0.12
Day-136,meta-llama/Llama-3.1-8B-Instruct,INTJ,memory,flat,42,0.92,flat,81.93,82.25667790687227,8962.94863113089,5000.0,48.369933249492114,HOLD,0.0,"The RSI is below 50, indicating a potential buying opportunity, but the trend is neutral and the P/E ratio is relatively high, suggesting a lack of clear value. The Implied Volatility is low, which may indicate a lack of market uncertainty. The model requires more data to confirm a clear trading opportunity.",85.6,84.12,40.1,-0.0268,1189846,0.97,8.2,14.9,2.68,1.75,0,0.19,0.29,-0.09
Day-137,meta-llama/Llama-3.1-8B-Instruct,INTJ,memory,flat,42,0.92,flat,84.65,84.87191730502514,9094.514849569507,5000.0,48.369933249492114,HOLD,0.0,"The market is in a neutral state with a flat trend, RSI at 49.1, and a low volatility environment. The P/E ratio is reasonable at 15.0. The system is not indicating a strong buy or sell signal, so it's best to hold the current position and wait for a more favorable entry point.",85.62,84.15,49.1,-0.0329,1295147,1.06,10.1,15.0,2.67,1.75,0,-0.05,0.25,-0.3
Day-138,meta-llama/Llama-3.1-8B-Instruct,INTJ,memory,flat,42,0.92,flat,83.59,83.57782209577888,9043.242720325046,5000.0,48.369933249492114,HOLD,0.0,"The market is currently in a neutral state, with the SMA20 and SMA60 lines converging. The RSI is below 50, indicating a potential buying opportunity, but the news sentiment and volume ratio are neutral. The system does not indicate a strong enough signal to initiate a trade at this time.",85.57,84.14,41.1,-0.122,1134031,0.94,7.8,15.0,2.67,1.7,0,0.04,0.19,-0.15
Day-139,meta-llama/Llama-3.1-8B-Instruct,INTJ,memory,flat,42,0.92,flat,82.8,83.0661242755962,9005.030473057946,5000.0,48.369933249492114,HOLD,0.0,"The market is in a neutral state, with the SMA20 and SMA60 lines crossing over, indicating a possible short-term trend reversal. The RSI is below 50, suggesting a potential buying opportunity, but the news sentiment and volume ratio do not provide strong confirmation. The model suggests caution and a wait-and-see approach.",85.58,84.08,44.4,-0.2531,1312074,1.09,9.1,15.0,2.68,1.78,0,0.36,0.19,0.17
Day-140,meta-llama/Llama-3.1-8B-Instruct,INTJ,memory,flat,42,0.92,flat,84.35,84.45402580464626,9080.00386959466,5000.0,48.369933249492114,HOLD,0.0,"The market is in a neutral state, with the SMA20 and SMA60 lines crossing over, indicating a potential short-term trend reversal. The RSI is below 50, suggesting a potential buying opportunity, but the news sentiment is bearish and the P/E ratio is relatively high. The system is not indicating a strong buy or sell signal, so it's best to hold the current position and wait for further analysis.",85.59,84.07,44.6,-0.2293,1204705,1.0,7.8,15.0,2.67,1.8,0,-0.25,0.06,-0.31
Day-141,meta-llama/Llama-3.1-8B-Instruct,INTJ,memory,flat,42,0.92,flat,82.68,82.42510201726014,8999.226081068009,5000.0,48.369933249492114,HOLD,0.0,"The RSI is oversold, but the trend indicators are neutral, and the P/E ratio is relatively low. The system is not signaling a strong buy opportunity, and the implied volatility is low, indicating a lack of market uncertainty. The current market conditions do not justify a trade based on the system's criteria.",85.43,84.0,33.2,-0.3418,1276023,1.06,7.5,15.0,2.66,1.71,0,0.11,0.04,0.07
Day-142,meta-llama/Llama-3.1-8B-Instruct,INTJ,memory,flat,42,0.92,flat,82.68,82.82576838443912,8999.226081068009,5000.0,48.369933249492114,HOLD,0.0,"The RSI is oversold, but the trend is neutral and the P/E ratio is relatively low, indicating a potentially undervalued stock. The Implied Volatility is low, suggesting a lack of market uncertainty. The model suggests caution and no immediate action.",85.2,83.92,37.1,-0.426,1218063,1.01,7.7,15.0,2.67,1.53,0,-0.12,0.03,-0.15
Day-143,meta-llama/Llama-3.1-8B-Instruct,INTJ,memory,flat,42,0.92,flat,85.3,85.04513201262695,9125.955306181677,5000.0,48.369933249492114,HOLD,0.0,"The RSI is below 50, indicating a potential buying opportunity, but the trend is neutral and the P/E ratio is relatively high. Implied volatility is low, and the volume ratio is near parity. The model suggests caution and no immediate action.",85.21,83.87,46.2,-0.2781,1147232,0.95,9.1,15.0,2.66,1.6,0,0.01,0.02,-0.01
Day-144,meta-llama/Llama-3.1-8B-Instruct,INTJ,memory,flat,42,0.92,flat,82.1,82.37915369266369,8971.171519783302,5000.0,48.369933249492114,HOLD,0.0,"The market is in a neutral state, with the SMA20 and SMA60 lines crossing over, indicating a possible short-term trend reversal. The RSI is below 50, suggesting a potential buying opportunity, but the news sentiment and volume ratio do not provide strong confirmation. The system is not indicating a clear entry or exit signal, so it is best to hold and wait for further analysis.",84.9,83.77,37.5,-0.4144,1474226,1.22,7.5,14.9,2.68,1.36,0,0.38,0.03,0.36
Day-145,meta-llama/Llama-3.1-8B-Instruct,INTJ,memory,flat,42,0.92,flat,82.84,82.70872455616069,9006.965270387927,5000.0,48.369933249492114,HOLD,0.0,"The RSI is below 50, indicating a potential buying opportunity, but the trend is neutral and the P/E ratio is relatively high. The Implied Volatility is low, suggesting a lack of market uncertainty. The model should be waiting for a clearer signal before entering the trade.",84.77,83.7,40.6,-0.4571,1381802,1.13,7.5,15.0,2.66,1.28,0,0.06,0.09,-0.03
Day-146,meta-llama/Llama-3.1-8B-Instruct,INTJ,memory,flat,42,0.92,flat,83.53,83.16468085947247,9040.340524330077,5000.0,48.369933249492114,HOLD,0.0,"The market is in a neutral state with a flat trend and RSI in the middle range. The P/E ratio is reasonable, and implied volatility is low. The system does not indicate a strong buy or sell signal at this time.",84.6,83.67,48.4,-0.4308,1070056,0.87,7.5,15.1,2.66,1.12,0,0.01,0.07,-0.06
Day-147,meta-llama/Llama-3.1-8B-Instruct,INTJ,memory,flat,42,0.92,flat,83.88,84.5006482754678,9057.270000967397,5000.0,48.369933249492114,HOLD,0.0,"The current market conditions do not present a clear opportunity for alpha generation. The RSI is at a neutral level, and the trend is flat. The system is not indicating a strong buy or sell signal, and the news sentiment is slightly bearish, which aligns with the current market conditions.",84.29,83.67,47.6,-0.3767,1434233,1.15,7.5,14.9,2.69,0.73,0,-0.41,0.01,-0.42
Day-148,meta-llama/Llama-3.1-8B-Instruct,INTJ,memory,flat,42,0.92,flat,82.26,82.46056606810738,8978.910709103222,5000.0,48.369933249492114,HOLD,0.0,"The market is in a neutral state with a flat trend and RSI at 49.7, indicating no clear direction. The P/E ratio is at 15.0, which is not significantly deviating from historical norms. The model does not indicate a strong buy or sell signal, and the current conditions do not warrant an entry or exit.",84.01,83.64,49.7,-0.4594,1243715,0.99,7.5,15.0,2.67,0.43,0,0.22,0.05,0.17
Day-149,meta-llama/Llama-3.1-8B-Instruct,INTJ,memory,flat,42,0.92,flat,80.54,80.33545536081151,8895.714423914094,5000.0,48.369933249492114,HOLD,0.0,"The RSI is below 50, indicating a potential buying opportunity, but the trend is neutral and the P/E ratio is reasonable. Implied volatility is low, which may indicate a lack of market uncertainty. The model suggests holding cash to wait for a more favorable entry point.",83.69,83.58,42.2,-0.6563,1447276,1.14,10.6,15.0,2.66,0.13,0,0.19,0.02,0.18
Day-150,meta-llama/Llama-3.1-8B-Instruct,INTJ,memory,flat,42,0.92,flat,81.11,81.20281313326129,8923.285285866306,5000.0,48.369933249492114,HOLD,0.0,"The market is in a neutral state with a flat trend and a moderate RSI. The P/E ratio is within a reasonable range, and implied volatility is relatively low. The system does not indicate a strong buy or sell signal, so holding the current position is the most logical decision.",83.34,83.52,47.9,-0.7576,1399927,1.09,13.7,15.0,2.67,-0.22,0,0.65,0.13,0.51
Day-151,meta-llama/Llama-3.1-8B-Instruct,INTJ,memory,flat,42,0.92,flat,81.87,81.71107785465715,8960.046435135919,5000.0,48.369933249492114,HOLD,0.0,"The market is neutral, with a flat trend and low RSI. The system is not indicating a strong buy or sell signal, and the P/E ratio is reasonable. No immediate action is warranted based on the current market conditions.",83.07,83.49,42.0,-0.7677,1212606,0.95,12.9,15.0,2.66,-0.51,0,-0.09,0.11,-0.21
Day-152,meta-llama/Llama-3.1-8B-Instruct,INTJ,memory,flat,42,0.92,flat,81.95,82.14610594029176,8963.916029795879,5000.0,48.369933249492114,HOLD,0.0,"The RSI is at 45.0, indicating a potential oversold condition, but the trend is neutral and the P/E ratio is relatively low, suggesting the stock may not be overvalued. The system's analysis indicates no clear buy signal, and the news sentiment is neutral. Therefore, it's best to hold and wait for a more compelling entry signal.",82.95,83.51,45.0,-0.7608,1011234,0.8,10.0,15.0,2.67,-0.67,0,0.07,0.21,-0.14
Day-153,meta-llama/Llama-3.1-8B-Instruct,INTJ,memory,flat,42,0.92,flat,82.77,82.74208877235266,9003.579375060463,5000.0,48.369933249492114,HOLD,0.0,"The RSI is at 49.9, indicating a neutral market condition. The trend is flat, and the P/E ratio is within a reasonable range. The system does not indicate a strong buy or sell signal, so holding the current position is the most logical decision.",82.85,83.54,49.9,-0.6813,1134338,0.91,8.4,15.0,2.67,-0.83,0,0.07,0.18,-0.1
Day-154,meta-llama/Llama-3.1-8B-Instruct,INTJ,memory,flat,42,0.92,flat,81.58,81.64886440984134,8946.019154493566,5000.0,48.369933249492114,HOLD,0.0,"The RSI is below 50, indicating a potential buying opportunity, but the trend is neutral and the P/E ratio is relatively high. The Implied Volatility is low, which could be a sign of a potential mean reversion. The model is not indicating a strong buy signal, so it's best to hold and wait for further confirmation.",82.81,83.56,41.4,-0.7056,1270817,1.02,12.5,15.0,2.67,-0.9,0,0.47,0.23,0.24
Day-155,meta-llama/Llama-3.1-8B-Instruct,INTJ,memory,flat,42,0.92,flat,82.54,82.05362404005416,8992.45429041308,5000.0,48.369933249492114,HOLD,0.0,"The market is in a neutral state, with the RSI at 49.6, indicating neither overbought nor oversold conditions. The trend is flat, and the P/E ratio is within a reasonable range. The system does not indicate a strong buy or sell signal, so it's best to hold and wait for a more favorable entry point.",82.75,83.64,49.6,-0.6399,1316739,1.05,12.6,15.1,2.65,-1.07,0,-0.03,0.1,-0.13
Day-156,meta-llama/Llama-3.1-8B-Instruct,INTJ,memory,flat,42,0.92,flat,82.64,82.56075402158754,8997.291283738028,5000.0,48.369933249492114,HOLD,0.0,"The market is currently in a neutral state, with the RSI at 49.9 and the trend indicators showing no clear direction. The P/E ratio is at 15.0, which is relatively low, but not alarming. The system's current position is to wait for a clearer signal before making any adjustments.",82.78,83.71,49.9,-0.5734,1128943,0.9,9.5,15.0,2.66,-1.11,0,0.08,0.13,-0.05
Day-157,meta-llama/Llama-3.1-8B-Instruct,INTJ,memory,flat,42,0.92,flat,81.5,81.41401285955105,8942.149559833608,5000.0,48.369933249492114,HOLD,0.0,"The RSI is below 50, indicating a potential buying opportunity, but the trend is neutral and the P/E ratio is relatively high. The implied volatility is low, suggesting a lack of market uncertainty. The system is not indicating a strong buy signal, so it's best to hold and wait for further confirmation.",82.63,83.76,36.4,-0.606,1069678,0.86,7.5,15.0,2.66,-1.35,0,0.18,0.16,0.03
Day-158,meta-llama/Llama-3.1-8B-Instruct,INTJ,memory,flat,42,0.92,flat,84.41,84.53476725673244,9082.906065589628,5000.0,48.369933249492114,HOLD,0.0,"The market is in a neutral state with the SMA20 and SMA60 lines converging, and the RSI is at 58.5, indicating a balanced market. The P/E ratio is at 15.0, which is relatively low, but not indicative of a clear buy signal. The system's proprietary indicators do not suggest a strong entry point at this time.",82.67,83.8,58.5,-0.3925,1417465,1.13,9.2,15.0,2.67,-1.35,0,0.06,0.15,-0.1
Day-159,meta-llama/Llama-3.1-8B-Instruct,INTJ,memory,flat,42,0.92,flat,85.24,85.36528804439305,9123.053110186707,5000.0,48.369933249492114,HOLD,0.0,"The market is in a neutral state with a flat trend and moderate RSI. The P/E ratio and implied volatility are within normal ranges. The system does not indicate a strong buy or sell signal, so holding cash is the most logical decision.",82.79,83.85,58.7,-0.1541,1492201,1.18,7.5,15.0,2.67,-1.27,0,-0.13,0.03,-0.17
Day-160,meta-llama/Llama-3.1-8B-Instruct,INTJ,memory,flat,42,0.92,flat,83.27,83.38041795070679,9027.764341685208,5000.0,48.369933249492114,HOLD,0.0,"The market is in a neutral state, with the RSI at 49.2 and the trend indicators showing a flat line. The P/E ratio is at 15.0, which is not particularly high or low. The system is not indicating a strong buy or sell signal, so it's best to hold the current position and wait for a clearer signal.",82.73,83.86,49.2,-0.1228,1262845,0.99,7.5,15.0,2.67,-1.34,0,0.06,0.05,0.01
Day-161,meta-llama/Llama-3.1-8B-Instruct,INTJ,memory,flat,42,0.92,flat,84.61,84.50786079652582,9092.580052239528,5000.0,48.369933249492114,HOLD,0.0,"The market is currently in a neutral state with a flat trend and moderate RSI. The P/E ratio is reasonable, and implied volatility is low. The system does not indicate a strong buy or sell signal, so it's best to hold and wait for a more favorable entry point.",82.83,83.89,52.3,0.0095,1085839,0.86,7.5,15.0,2.66,-1.26,0,0.32,0.1,0.23
Day-162,meta-llama/Llama-3.1-8B-Instruct,INTJ,memory,flat,42,0.92,flat,82.79,82.90131494273837,9004.546773725453,5000.0,48.369933249492114,HOLD,0.0,"The RSI is at 51.6, indicating a neutral market condition. The trend is flat, and the P/E ratio is at 15.0, which is not particularly high or low. The system does not indicate a strong buy or sell signal at this time.",82.84,83.95,51.6,-0.0315,1136153,0.9,7.6,15.0,2.67,-1.32,0,-0.31,-0.0,-0.31
Day-163,meta-llama/Llama-3.1-8B-Instruct,INTJ,memory,flat,42,0.92,flat,84.32,84.2419163182671,9078.552771597175,5000.0,48.369933249492114,HOLD,0.0,"The market is in a neutral state with a flat trend and moderate RSI. The P/E ratio is within a reasonable range, and implied volatility is low. The system does not indicate a strong buy or sell signal, so holding cash is the most logical decision.",82.79,84.03,61.8,0.0582,1009195,0.81,7.7,15.0,2.66,-1.48,0,0.04,-0.0,0.04
Day-164,meta-llama/Llama-3.1-8B-Instruct,INTJ,memory,flat,42,0.92,flat,87.09,86.24262348691632,9212.537486698267,5000.0,48.369933249492114,HOLD,0.0,"The market is in a neutral state with a flat trend and moderate RSI. The P/E ratio is relatively low, indicating potential undervaluation. The system does not indicate a clear buy or sell signal, thus holding cash is the most logical decision.",83.04,84.17,66.4,0.3492,1457149,1.17,12.3,15.1,2.64,-1.35,0,-0.21,-0.02,-0.19
Day-165,meta-llama/Llama-3.1-8B-Instruct,INTJ,memory,flat,42,0.92,flat,85.13,84.86407688463467,9117.732417529263,5000.0,48.369933249492114,HOLD,0.0,"The market is in a neutral state with a flat trend and RSI at 58.4, indicating a balanced market. The P/E ratio is at 15.0, which is relatively low, but not indicative of a strong buy signal. The system does not currently indicate a clear alpha-generating opportunity, so a hold position is the most logical choice.",83.15,84.19,58.4,0.4165,1058875,0.86,9.1,15.0,2.66,-1.24,0,0.36,0.04,0.32
Day-166,meta-llama/Llama-3.1-8B-Instruct,INTJ,memory,flat,42,0.92,flat,86.45,86.54100983126487,9181.580729418594,5000.0,48.369933249492114,HOLD,0.0,"The market is in a neutral state with a flat trend and moderate RSI. The P/E ratio is reasonable, and implied volatility is low. The system does not indicate a strong buy or sell signal, so it's best to hold and wait for a more favorable entry point.",83.3,84.25,60.9,0.5702,1288258,1.04,8.2,15.0,2.67,-1.13,0,-0.46,-0.12,-0.34
Day-167,meta-llama/Llama-3.1-8B-Instruct,INTJ,memory,flat,42,0.92,flat,87.64,87.28459809229665,9239.140949985489,5000.0,48.369933249492114,HOLD,0.0,"The market is in a neutral state with a flat trend, and the RSI is not indicating overbought or oversold conditions. The P/E ratio is within a reasonable range, and the implied volatility is low. The system does not see a clear opportunity for alpha generation at this time.",83.49,84.32,61.6,0.7786,1137027,0.93,8.8,15.1,2.66,-0.99,0,-0.17,-0.09,-0.08
Day-168,meta-llama/Llama-3.1-8B-Instruct,INTJ,memory,flat,42,0.92,flat,88.65,88.75814736351711,9287.994582567477,5000.0,48.369933249492114,HOLD,0.0,"The market is in a neutral state with a flat trend, and the RSI is at 66.9, indicating a possible overbought condition. The P/E ratio is at 15.0, which is relatively low. The system is not indicating a strong buy or sell signal, so it's best to hold and wait for further analysis.",83.8,84.4,66.9,1.0138,1277089,1.04,8.0,15.0,2.67,-0.7,0,0.11,-0.07,0.19
Day-169,meta-llama/Llama-3.1-8B-Instruct,INTJ,memory,flat,42,0.92,flat,91.71,92.21760768705359,9436.00657831092,5000.0,48.369933249492114,HOLD,0.0,"Current market conditions do not present a compelling opportunity for entry. The RSI is at 70, indicating overbought conditions, and the trend is neutral. The model requires a more favorable setup before initiating a trade.",84.36,84.58,70.0,1.4305,1325710,1.08,7.5,14.9,2.68,-0.26,0,0.47,0.06,0.41
Day-170,meta-llama/Llama-3.1-8B-Instruct,INTJ,memory,flat,42,0.92,flat,91.54,91.79366832508755,9427.783689658509,5000.0,48.369933249492114,HOLD,0.0,"The market is in a neutral state with a flat trend, and the RSI is above 60, indicating a possible overbought condition. The P/E ratio is relatively low, and implied volatility is stable. The system does not indicate a strong buy or sell signal, so it's best to hold and wait for a more favorable entry point.",84.88,84.73,69.3,1.7274,1414870,1.15,7.5,15.0,2.67,0.19,0,-0.02,-0.01,-0.01
Day-171,meta-llama/Llama-3.1-8B-Instruct,INTJ,memory,flat,42,0.92,flat,89.98,90.44741204776659,9352.326593789301,5000.0,48.369933249492114,HOLD,0.0,"The market is in a neutral state with a flat trend and RSI in the middle range. The P/E ratio is reasonable, and implied volatility is low. There is no clear indication to enter a trade based on the provided data.",85.29,84.81,68.1,1.8157,1103210,0.9,7.5,14.9,2.68,0.56,0,-0.17,0.05,-0.21
Day-172,meta-llama/Llama-3.1-8B-Instruct,INTJ,memory,flat,42,0.92,flat,88.79,88.87921479693902,9294.766373222406,5000.0,48.369933249492114,HOLD,0.0,"The market is in a neutral state with a flat trend and RSI at 60.1, indicating a balanced market. The system is not indicating a clear buy or sell signal, and the P/E ratio and implied volatility are within normal ranges. Therefore, it is best to hold cash and wait for a clear signal to enter the market.",85.63,84.84,60.1,1.7694,1005497,0.82,7.5,15.0,2.67,0.93,0,0.56,0.19,0.37
Day-173,meta-llama/Llama-3.1-8B-Instruct,INTJ,memory,flat,42,0.92,flat,87.47,87.46704599059733,9230.918061333075,5000.0,48.369933249492114,HOLD,0.0,"The market is in a neutral state with a flat trend and RSI at 55, indicating no clear directional bias. The P/E ratio is reasonable, and implied volatility is low, suggesting a stable environment. The system does not indicate a strong buy or sell signal, so it's best to hold and wait for a more favorable entry point.",85.87,84.89,55.0,1.6077,1068442,0.88,7.5,15.0,2.67,1.16,0,-0.43,0.08,-0.52
Day-174,meta-llama/Llama-3.1-8B-Instruct,INTJ,memory,flat,42,0.92,flat,87.78,87.35847636667839,9245.912740640419,5000.0,48.369933249492114,HOLD,0.0,"The market is in a neutral state with a flat trend and moderate RSI. The P/E ratio is relatively low, indicating potential undervaluation. The system does not indicate a strong buy or sell signal, so holding cash is the most logical decision.",86.18,84.88,61.0,1.4871,1450009,1.18,7.5,15.1,2.65,1.53,0,-0.66,-0.14,-0.52
Day-175,meta-llama/Llama-3.1-8B-Instruct,INTJ,memory,flat,42,0.92,flat,88.09,87.98295569926862,9260.907419947762,5000.0,48.369933249492114,HOLD,0.0,"The market is in a neutral state with a flat trend and moderate RSI. The P/E ratio is reasonable, and implied volatility is low. The system does not indicate a clear buy or sell signal, so holding is the most logical choice.",86.46,84.93,58.9,1.4009,1436945,1.17,10.2,15.0,2.66,1.79,0,0.13,-0.11,0.24
Day-176,meta-llama/Llama-3.1-8B-Instruct,INTJ,memory,flat,42,0.92,flat,88.41,88.49773216840728,9276.385798587598,5000.0,48.369933249492114,HOLD,0.0,"The market is in a neutral state with the SMA20 and SMA60 trending downwards, but the RSI is not oversold. The P/E ratio is relatively low, and implied volatility is moderate. The system does not indicate a strong buy or sell signal, so it's best to hold and wait for further analysis.",86.74,84.96,65.6,1.3429,1298706,1.05,11.5,15.0,2.67,2.1,1,-0.15,-0.11,-0.04
Day-177,meta-llama/Llama-3.1-8B-Instruct,INTJ,memory,flat,42,0.92,flat,90.49,90.00098290619158,9376.995259746542,5000.0,48.369933249492114,HOLD,0.0,"The stock's price is above the SMA20 and SMA60, indicating a short-term uptrend. However, the RSI is in the neutral zone, and the P/E ratio is relatively low, suggesting a potentially undervalued stock. The model should reassess the situation after the next price movement to determine the optimal entry point.",87.19,84.97,66.6,1.4479,1300258,1.04,17.7,15.1,2.65,2.62,1,-0.31,-0.28,-0.02
Day-178,meta-llama/Llama-3.1-8B-Instruct,INTJ,memory,flat,42,0.92,flat,88.88,90.05140097873287,9299.119667214858,5000.0,48.369933249492114,HOLD,0.0,"The short-term trend is bearish, with the SMA20 above SMA60 indicating a potential reversal. The RSI is in the neutral zone, and the P/E ratio is relatively low. The system is not indicating a strong buy signal, and the current market conditions do not justify an entry.",87.42,84.99,55.1,1.3853,1332518,1.07,15.9,14.8,2.7,2.86,1,0.21,-0.15,0.37
Day-179,meta-llama/Llama-3.1-8B-Instruct,INTJ,memory,flat,42,0.92,flat,92.85,92.73549590081015,9491.148302215342,5000.0,48.369933249492114,HOLD,0.0,"The stock is trading above its 60-day SMA, but the 20-day SMA is still below, indicating a potential trend reversal. The RSI is above 60, but not excessively high, suggesting some overbought conditions. The model is not indicating a strong buy signal, and the current price is not significantly deviating from the mean.",87.8,85.11,69.9,1.6372,1087685,0.89,15.0,15.0,2.66,3.16,1,0.07,-0.01,0.08
Day-180,meta-llama/Llama-3.1-8B-Instruct,INTJ,memory,flat,42,0.92,flat,92.57,92.27360898796701,9477.604720905485,5000.0,48.369933249492114,HOLD,0.0,"The stock's price is above the 60-day SMA, indicating a short-term uptrend. The RSI is at 66.6, suggesting a moderate level of momentum, but not overbought. The system's logic does not indicate a clear entry or exit signal, so a cautious HOLD is warranted.",88.26,85.2,66.6,1.793,1457205,1.18,11.3,15.0,2.66,3.6,1,-0.17,-0.07,-0.1
Day-181,meta-llama/Llama-3.1-8B-Instruct,INTJ,memory,flat,42,0.92,flat,96.58,97.46190244584865,9671.568153235949,5000.0,48.369933249492114,HOLD,0.0,"The stock's price is above the SMA20, but below the SMA60, indicating a potential short-term downtrend. The RSI is above 70, suggesting overbought conditions. The model is not indicating a strong buy signal, so it's best to hold and wait for further analysis.",88.86,85.38,71.1,2.2152,1209385,0.97,17.8,14.9,2.69,4.08,1,-0.38,-0.11,-0.27
Day-182,meta-llama/Llama-3.1-8B-Instruct,INTJ,memory,flat,42,0.92,flat,99.33,98.7187506368559,9804.585469672053,5000.0,48.369933249492114,HOLD,0.0,"The stock's price is above the 60-day SMA, indicating a short-term uptrend. However, the RSI is overbought, and the P/E ratio is relatively high, suggesting potential for a correction. The system's current assessment does not indicate a strong buy signal, and the model advises caution.",89.69,85.68,73.3,2.74,1191569,0.96,16.1,15.1,2.65,4.67,1,0.26,-0.0,0.26
Day-183,meta-llama/Llama-3.1-8B-Instruct,INTJ,memory,flat,42,0.92,flat,97.24,97.06994036031838,9703.492309180612,5000.0,48.369933249492114,HOLD,0.0,"The stock's price is above the 60-day SMA, but the 20-day SMA is trending downwards, indicating a potential reversal. The RSI is above 50, but not excessively high, suggesting some overbought conditions. The model requires further analysis to determine a clear entry or exit strategy.",90.33,85.93,62.6,2.9529,1259458,1.0,15.0,15.0,2.66,5.12,1,0.2,-0.0,0.2
Day-184,meta-llama/Llama-3.1-8B-Instruct,INTJ,memory,flat,42,0.92,flat,94.86,95.04152519036855,9588.371868046823,5000.0,48.369933249492114,HOLD,0.0,"The current market conditions do not present a clear opportunity for alpha generation. The RSI is at 56.9, indicating a neutral market sentiment. The system requires a more compelling setup before initiating a trade.",90.72,86.18,56.9,2.8962,1023482,0.83,13.2,15.0,2.67,5.27,1,-0.03,-0.03,-0.0
Day-185,meta-llama/Llama-3.1-8B-Instruct,INTJ,memory,flat,42,0.92,flat,96.39,95.99185572478535,9662.377865918545,5000.0,48.369933249492114,HOLD,0.0,"The stock is trading above its 60-day SMA, but the 20-day SMA is still below, indicating a potential short-term downtrend. The RSI is above 50, but not excessively high, suggesting some upward momentum. The model is not indicating a strong buy signal, and the P/E ratio is relatively high, suggesting potential overvaluation.",91.29,86.43,63.3,2.9408,1083141,0.88,18.8,15.1,2.66,5.61,1,0.55,0.12,0.43
Day-186,meta-llama/Llama-3.1-8B-Instruct,INTJ,memory,flat,42,0.92,flat,96.77,95.59247427275153,9680.758440553353,5000.0,48.369933249492114,HOLD,0.0,"The stock price is above the SMA20 and SMA60, indicating a short-term uptrend. The RSI is at 67.1, which is not overbought. The system is not indicating a strong buy signal, and the news sentiment is negative, suggesting a potential correction.",91.8,86.73,67.1,2.9725,1369016,1.1,15.5,15.2,2.63,5.85,1,-0.32,0.13,-0.45
Day-187,meta-llama/Llama-3.1-8B-Instruct,INTJ,memory,flat,42,0.92,flat,97.08,96.9964234180001,9695.753119860694,5000.0,48.369933249492114,HOLD,0.0,"The stock is trading above its 60-day SMA, but the 20-day SMA is still below, indicating a potential short-term downtrend. The RSI is above 70, suggesting overbought conditions. The system does not indicate a strong buy signal, and the news sentiment is negative, which aligns with the model's focus on ignoring the news cycle.",92.27,86.98,71.5,2.9886,1041399,0.84,14.3,15.0,2.66,6.09,1,-0.46,-0.01,-0.45
Day-188,meta-llama/Llama-3.1-8B-Instruct,INTJ,memory,flat,42,0.92,flat,98.04,97.94820889730218,9742.188255780207,5000.0,48.369933249492114,HOLD,0.0,"The stock price is above the SMA60, indicating a potential uptrend. However, the RSI is overbought and the P/E ratio is relatively high, suggesting a potential for a correction. The model should wait for a more favorable entry point.",92.74,87.27,72.3,3.0432,1301576,1.05,10.7,15.0,2.66,6.27,1,-0.21,-0.09,-0.12
Day-189,meta-llama/Llama-3.1-8B-Instruct,INTJ,memory,flat,42,0.92,flat,97.7,97.8349896150585,9725.742478475378,5000.0,48.369933249492114,HOLD,0.0,"The stock is trading above its 60-day SMA, but the 20-day SMA is trending downwards, indicating a potential reversal. The RSI is overbought, and the P/E ratio is relatively high. The system is not indicating a strong buy signal, and the current market conditions suggest caution.",93.04,87.57,70.9,3.0242,1122674,0.91,9.0,15.0,2.67,6.25,1,-0.01,-0.09,0.08
Day-190,meta-llama/Llama-3.1-8B-Instruct,INTJ,memory,flat,42,0.92,flat,95.8,96.22088228851173,9633.839605301344,5000.0,48.369933249492114,HOLD,0.0,"The market is in a neutral state with a short-term trend pointing downwards and a medium-term trend pointing upwards. The RSI is above 50, indicating a potential overbought condition. The system does not indicate a strong buy or sell signal, so it is best to hold and wait for further analysis.",93.26,87.79,65.0,2.8238,1194647,0.98,14.8,14.9,2.68,6.22,1,0.07,-0.19,0.26
Day-191,meta-llama/Llama-3.1-8B-Instruct,INTJ,memory,flat,42,0.92,flat,93.78,93.37741076581234,9536.13234013737,5000.0,48.369933249492114,HOLD,0.0,"The stock price is above the SMA20, indicating a short-term uptrend, but the SMA60 is still below, suggesting a longer-term downtrend. The RSI is at 56.7, which is not overbought or oversold. The model indicates no clear entry or exit signals, so it's best to hold cash and wait for a more favorable entry point.",93.45,88.02,56.7,2.4733,1144346,0.94,14.6,15.1,2.66,6.17,1,-0.07,-0.14,0.06
Day-192,meta-llama/Llama-3.1-8B-Instruct,INTJ,memory,flat,42,0.92,flat,92.21,92.57500327590027,9460.191544935667,5000.0,48.369933249492114,HOLD,0.0,"The market is currently in a neutral state with the RSI at 56.8, and the trend indicators (SMA20/60) show a slight upward bias. The P/E ratio is relatively low at 14.9, indicating potential undervaluation. The model suggests caution and no immediate entry or exit.",93.62,88.21,56.8,2.0451,1177836,0.96,12.8,14.9,2.68,6.13,1,0.11,-0.02,0.13
Day-193,meta-llama/Llama-3.1-8B-Instruct,INTJ,memory,flat,42,0.92,flat,94.23,94.20253933560946,9557.898810099643,5000.0,48.369933249492114,HOLD,0.0,"The stock's price is above the 20-day SMA, indicating a short-term uptrend, but the 60-day SMA suggests a longer-term downtrend. The RSI is at 53.1, indicating a neutral momentum. The system's analysis indicates no clear buy or sell signal, thus holding the current position is the most logical decision.",93.95,88.39,53.1,1.8478,1359522,1.09,13.0,15.0,2.67,6.3,1,-0.38,-0.06,-0.32
Day-194,meta-llama/Llama-3.1-8B-Instruct,INTJ,memory,flat,42,0.92,flat,94.45,94.63515392057545,9568.54019541453,5000.0,48.369933249492114,HOLD,0.0,"The stock price is near the 20-day SMA, indicating a potential short-term trend reversal. The RSI is at 54.2, suggesting a neutral market sentiment. The system does not indicate a strong buy signal, and the long-term trend is still bearish based on the 60-day SMA.",94.29,88.63,54.2,1.6898,1148560,0.94,11.3,15.0,2.67,6.38,1,0.43,0.03,0.4
Day-195,meta-llama/Llama-3.1-8B-Instruct,INTJ,memory,flat,42,0.92,flat,92.56,92.33416617098882,9477.12102157299,5000.0,48.369933249492114,HOLD,0.0,"The stock is trading below its 60-day SMA, indicating a potential bearish trend. The RSI is at 40.1, suggesting a possible oversold condition, but the news sentiment is slightly negative and the P/E ratio is relatively high. The system suggests caution and no immediate action.",94.51,88.83,40.1,1.3953,1283202,1.05,13.9,15.0,2.66,6.4,1,-0.02,0.01,-0.04
Day-196,meta-llama/Llama-3.1-8B-Instruct,INTJ,memory,flat,42,0.92,flat,92.88,92.68233151834305,9492.599400212828,5000.0,48.369933249492114,HOLD,0.0,"The RSI is oversold, but the trend is bearish and the P/E ratio is low, indicating a potential value opportunity. However, the Implied Volatility is high, suggesting a potential for increased market uncertainty. The system's current mandate is to prioritize alpha, and the current market conditions do not provide a clear, logical entry point.",94.74,89.01,32.0,1.1746,1238025,1.02,17.9,15.0,2.66,6.43,1,0.34,0.09,0.24
Day-197,meta-llama/Llama-3.1-8B-Instruct,INTJ,memory,flat,42,0.92,flat,94.05,93.42735696693603,9549.192222114732,5000.0,48.369933249492114,HOLD,0.0,"The current market conditions do not indicate a clear buying opportunity. The RSI is below 50, but not in oversold territory, and the trend is still slightly bearish. The model suggests waiting for a more favorable entry point.",94.91,89.22,40.6,1.0812,1331835,1.09,17.9,15.1,2.65,6.38,1,0.1,0.09,0.01
Day-198,meta-llama/Llama-3.1-8B-Instruct,INTJ,memory,flat,42,0.92,flat,91.57,91.81788044675957,9429.234787655992,5000.0,48.369933249492114,HOLD,0.0,"The stock's price is above the SMA60, indicating a short-term uptrend. The RSI is below 50, suggesting a potential buying opportunity, but the RSI is not extreme enough to trigger a buy signal. The system's analysis indicates that the current market conditions do not provide a clear, asymmetric edge for entry.",95.05,89.4,40.4,0.7982,1468414,1.2,14.6,15.0,2.67,6.31,1,0.14,0.2,-0.06
Day-199,meta-llama/Llama-3.1-8B-Instruct,INTJ,memory,flat,42,0.92,flat,91.97,92.12824344466267,9448.58276095579,5000.0,48.369933249492114,HOLD,0.0,"The RSI is oversold, but the trend is bearish and the P/E ratio is relatively high, indicating a potential for further decline. The model suggests caution and patience, as the system is not yet indicating a clear buy signal. The current market conditions do not align with the system's parameters for a strategic entry.",95.0,89.63,36.2,0.599,1366286,1.1,17.9,15.0,2.67,5.99,1,0.17,0.14,0.03
Day-200,meta-llama/Llama-3.1-8B-Instruct,INTJ,memory,flat,42,0.92,flat,91.65,92.26323405814998,9433.104382315953,5000.0,48.369933249492114,HOLD,0.0,"The stock price is above the 60-day SMA, indicating a short-term uptrend. The RSI is below 40, suggesting oversold conditions. However, the model does not indicate a strong buy signal, and the news sentiment is neutral, so it's best to hold and wait for a more favorable entry point.",94.96,89.84,33.9,0.4113,1107470,0.91,18.7,14.9,2.68,5.69,1,0.13,0.18,-0.04
