C:\Users\ayesha.gull01\AppData\Local\Programs\Python\Python313\Lib\site-packages\statsmodels\regression\mixed_linear_model.py:2237: ConvergenceWarning: The MLE may be on the boundary of the parameter space.
  warnings.warn(msg, ConvergenceWarning)
C:\Users\ayesha.gull01\AppData\Local\Programs\Python\Python313\Lib\site-packages\statsmodels\regression\mixed_linear_model.py:2237: ConvergenceWarning: The MLE may be on the boundary of the parameter space.
  warnings.warn(msg, ConvergenceWarning)
C:\Users\ayesha.gull01\AppData\Local\Programs\Python\Python313\Lib\site-packages\statsmodels\regression\mixed_linear_model.py:2237: ConvergenceWarning: The MLE may be on the boundary of the parameter space.
  warnings.warn(msg, ConvergenceWarning)
C:\Users\ayesha.gull01\AppData\Local\Programs\Python\Python313\Lib\site-packages\statsmodels\base\model.py:607: ConvergenceWarning: Maximum Likelihood optimization failed to converge. Check mle_retvals
  warnings.warn("Maximum Likelihood optimization failed to "
C:\Users\ayesha.gull01\AppData\Local\Programs\Python\Python313\Lib\site-packages\statsmodels\regression\mixed_linear_model.py:2237: ConvergenceWarning: The MLE may be on the boundary of the parameter space.
  warnings.warn(msg, ConvergenceWarning)
C:\Users\ayesha.gull01\AppData\Local\Programs\Python\Python313\Lib\site-packages\statsmodels\regression\mixed_linear_model.py:2206: ConvergenceWarning: MixedLM optimization failed, trying a different optimizer may help.
  warnings.warn(msg, ConvergenceWarning)
C:\Users\ayesha.gull01\AppData\Local\Programs\Python\Python313\Lib\site-packages\statsmodels\regression\mixed_linear_model.py:2218: ConvergenceWarning: Gradient optimization failed, |grad| = 1.273122
  warnings.warn(msg, ConvergenceWarning)
C:\Users\ayesha.gull01\AppData\Local\Programs\Python\Python313\Lib\site-packages\statsmodels\regression\mixed_linear_model.py:2237: ConvergenceWarning: The MLE may be on the boundary of the parameter space.
  warnings.warn(msg, ConvergenceWarning)
C:\Users\ayesha.gull01\AppData\Local\Programs\Python\Python313\Lib\site-packages\statsmodels\base\model.py:607: ConvergenceWarning: Maximum Likelihood optimization failed to converge. Check mle_retvals
  warnings.warn("Maximum Likelihood optimization failed to "
C:\Users\ayesha.gull01\AppData\Local\Programs\Python\Python313\Lib\site-packages\statsmodels\regression\mixed_linear_model.py:2206: ConvergenceWarning: MixedLM optimization failed, trying a different optimizer may help.
  warnings.warn(msg, ConvergenceWarning)
C:\Users\ayesha.gull01\AppData\Local\Programs\Python\Python313\Lib\site-packages\statsmodels\base\model.py:607: ConvergenceWarning: Maximum Likelihood optimization failed to converge. Check mle_retvals
  warnings.warn("Maximum Likelihood optimization failed to "
C:\Users\ayesha.gull01\AppData\Local\Programs\Python\Python313\Lib\site-packages\statsmodels\regression\mixed_linear_model.py:2206: ConvergenceWarning: MixedLM optimization failed, trying a different optimizer may help.
  warnings.warn(msg, ConvergenceWarning)
C:\Users\ayesha.gull01\AppData\Local\Programs\Python\Python313\Lib\site-packages\statsmodels\regression\mixed_linear_model.py:2218: ConvergenceWarning: Gradient optimization failed, |grad| = 10.509553
  warnings.warn(msg, ConvergenceWarning)
C:\Users\ayesha.gull01\AppData\Local\Programs\Python\Python313\Lib\site-packages\statsmodels\regression\mixed_linear_model.py:2237: ConvergenceWarning: The MLE may be on the boundary of the parameter space.
  warnings.warn(msg, ConvergenceWarning)
C:\Users\ayesha.gull01\AppData\Local\Programs\Python\Python313\Lib\site-packages\statsmodels\regression\mixed_linear_model.py:2218: ConvergenceWarning: Gradient optimization failed, |grad| = 10.436543
  warnings.warn(msg, ConvergenceWarning)
C:\Users\ayesha.gull01\AppData\Local\Programs\Python\Python313\Lib\site-packages\statsmodels\regression\mixed_linear_model.py:2261: ConvergenceWarning: The Hessian matrix at the estimated parameter values is not positive definite.
  warnings.warn(msg, ConvergenceWarning)
C:\Users\ayesha.gull01\AppData\Local\Programs\Python\Python313\Lib\site-packages\statsmodels\regression\mixed_linear_model.py:2237: ConvergenceWarning: The MLE may be on the boundary of the parameter space.
  warnings.warn(msg, ConvergenceWarning)
C:\Users\ayesha.gull01\AppData\Local\Programs\Python\Python313\Lib\site-packages\statsmodels\regression\mixed_linear_model.py:2261: ConvergenceWarning: The Hessian matrix at the estimated parameter values is not positive definite.
  warnings.warn(msg, ConvergenceWarning)
C:\Users\ayesha.gull01\AppData\Local\Programs\Python\Python313\Lib\site-packages\statsmodels\regression\mixed_linear_model.py:2237: ConvergenceWarning: The MLE may be on the boundary of the parameter space.
  warnings.warn(msg, ConvergenceWarning)
C:\Users\ayesha.gull01\AppData\Local\Programs\Python\Python313\Lib\site-packages\statsmodels\regression\mixed_linear_model.py:2261: ConvergenceWarning: The Hessian matrix at the estimated parameter values is not positive definite.
  warnings.warn(msg, ConvergenceWarning)
C:\Users\ayesha.gull01\AppData\Local\Programs\Python\Python313\Lib\site-packages\statsmodels\base\model.py:607: ConvergenceWarning: Maximum Likelihood optimization failed to converge. Check mle_retvals
  warnings.warn("Maximum Likelihood optimization failed to "
C:\Users\ayesha.gull01\AppData\Local\Programs\Python\Python313\Lib\site-packages\statsmodels\regression\mixed_linear_model.py:2206: ConvergenceWarning: MixedLM optimization failed, trying a different optimizer may help.
  warnings.warn(msg, ConvergenceWarning)
C:\Users\ayesha.gull01\AppData\Local\Programs\Python\Python313\Lib\site-packages\statsmodels\regression\mixed_linear_model.py:2218: ConvergenceWarning: Gradient optimization failed, |grad| = 3.464854
  warnings.warn(msg, ConvergenceWarning)
C:\Users\ayesha.gull01\AppData\Local\Programs\Python\Python313\Lib\site-packages\statsmodels\regression\mixed_linear_model.py:2237: ConvergenceWarning: The MLE may be on the boundary of the parameter space.
  warnings.warn(msg, ConvergenceWarning)
C:\Users\ayesha.gull01\AppData\Local\Programs\Python\Python313\Lib\site-packages\statsmodels\regression\mixed_linear_model.py:2237: ConvergenceWarning: The MLE may be on the boundary of the parameter space.
  warnings.warn(msg, ConvergenceWarning)
C:\Users\ayesha.gull01\AppData\Local\Programs\Python\Python313\Lib\site-packages\statsmodels\regression\mixed_linear_model.py:2261: ConvergenceWarning: The Hessian matrix at the estimated parameter values is not positive definite.
  warnings.warn(msg, ConvergenceWarning)
C:\Users\ayesha.gull01\AppData\Local\Programs\Python\Python313\Lib\site-packages\statsmodels\base\model.py:607: ConvergenceWarning: Maximum Likelihood optimization failed to converge. Check mle_retvals
  warnings.warn("Maximum Likelihood optimization failed to "
C:\Users\ayesha.gull01\AppData\Local\Programs\Python\Python313\Lib\site-packages\statsmodels\regression\mixed_linear_model.py:2206: ConvergenceWarning: MixedLM optimization failed, trying a different optimizer may help.
  warnings.warn(msg, ConvergenceWarning)
C:\Users\ayesha.gull01\AppData\Local\Programs\Python\Python313\Lib\site-packages\statsmodels\regression\mixed_linear_model.py:2218: ConvergenceWarning: Gradient optimization failed, |grad| = 2.218018
  warnings.warn(msg, ConvergenceWarning)
C:\Users\ayesha.gull01\AppData\Local\Programs\Python\Python313\Lib\site-packages\statsmodels\regression\mixed_linear_model.py:2237: ConvergenceWarning: The MLE may be on the boundary of the parameter space.
  warnings.warn(msg, ConvergenceWarning)
C:\Users\ayesha.gull01\AppData\Local\Programs\Python\Python313\Lib\site-packages\statsmodels\base\model.py:607: ConvergenceWarning: Maximum Likelihood optimization failed to converge. Check mle_retvals
  warnings.warn("Maximum Likelihood optimization failed to "
C:\Users\ayesha.gull01\AppData\Local\Programs\Python\Python313\Lib\site-packages\statsmodels\regression\mixed_linear_model.py:2206: ConvergenceWarning: MixedLM optimization failed, trying a different optimizer may help.
  warnings.warn(msg, ConvergenceWarning)
C:\Users\ayesha.gull01\AppData\Local\Programs\Python\Python313\Lib\site-packages\statsmodels\regression\mixed_linear_model.py:2218: ConvergenceWarning: Gradient optimization failed, |grad| = 5.119204
  warnings.warn(msg, ConvergenceWarning)
C:\Users\ayesha.gull01\AppData\Local\Programs\Python\Python313\Lib\site-packages\statsmodels\regression\mixed_linear_model.py:2237: ConvergenceWarning: The MLE may be on the boundary of the parameter space.
  warnings.warn(msg, ConvergenceWarning)
C:\Users\ayesha.gull01\AppData\Local\Programs\Python\Python313\Lib\site-packages\statsmodels\regression\mixed_linear_model.py:2261: ConvergenceWarning: The Hessian matrix at the estimated parameter values is not positive definite.
  warnings.warn(msg, ConvergenceWarning)
M3_S5_R1_sma0.0_rho0.0_beta0.0: 300 datasets in 32s
C:\Users\ayesha.gull01\AppData\Local\Programs\Python\Python313\Lib\site-packages\statsmodels\base\model.py:607: ConvergenceWarning: Maximum Likelihood optimization failed to converge. Check mle_retvals
  warnings.warn("Maximum Likelihood optimization failed to "
C:\Users\ayesha.gull01\AppData\Local\Programs\Python\Python313\Lib\site-packages\statsmodels\regression\mixed_linear_model.py:2206: ConvergenceWarning: MixedLM optimization failed, trying a different optimizer may help.
  warnings.warn(msg, ConvergenceWarning)
C:\Users\ayesha.gull01\AppData\Local\Programs\Python\Python313\Lib\site-packages\statsmodels\regression\mixed_linear_model.py:2218: ConvergenceWarning: Gradient optimization failed, |grad| = 1.044608
  warnings.warn(msg, ConvergenceWarning)
C:\Users\ayesha.gull01\AppData\Local\Programs\Python\Python313\Lib\site-packages\statsmodels\regression\mixed_linear_model.py:2237: ConvergenceWarning: The MLE may be on the boundary of the parameter space.
  warnings.warn(msg, ConvergenceWarning)
C:\Users\ayesha.gull01\AppData\Local\Programs\Python\Python313\Lib\site-packages\statsmodels\base\model.py:607: ConvergenceWarning: Maximum Likelihood optimization failed to converge. Check mle_retvals
  warnings.warn("Maximum Likelihood optimization failed to "
C:\Users\ayesha.gull01\AppData\Local\Programs\Python\Python313\Lib\site-packages\statsmodels\regression\mixed_linear_model.py:2206: ConvergenceWarning: MixedLM optimization failed, trying a different optimizer may help.
  warnings.warn(msg, ConvergenceWarning)
C:\Users\ayesha.gull01\AppData\Local\Programs\Python\Python313\Lib\site-packages\statsmodels\regression\mixed_linear_model.py:2218: ConvergenceWarning: Gradient optimization failed, |grad| = 3.507234
  warnings.warn(msg, ConvergenceWarning)
C:\Users\ayesha.gull01\AppData\Local\Programs\Python\Python313\Lib\site-packages\statsmodels\regression\mixed_linear_model.py:2237: ConvergenceWarning: The MLE may be on the boundary of the parameter space.
  warnings.warn(msg, ConvergenceWarning)
C:\Users\ayesha.gull01\AppData\Local\Programs\Python\Python313\Lib\site-packages\statsmodels\regression\mixed_linear_model.py:2237: ConvergenceWarning: The MLE may be on the boundary of the parameter space.
  warnings.warn(msg, ConvergenceWarning)
C:\Users\ayesha.gull01\AppData\Local\Programs\Python\Python313\Lib\site-packages\statsmodels\base\model.py:607: ConvergenceWarning: Maximum Likelihood optimization failed to converge. Check mle_retvals
  warnings.warn("Maximum Likelihood optimization failed to "
C:\Users\ayesha.gull01\AppData\Local\Programs\Python\Python313\Lib\site-packages\statsmodels\regression\mixed_linear_model.py:2206: ConvergenceWarning: MixedLM optimization failed, trying a different optimizer may help.
  warnings.warn(msg, ConvergenceWarning)
C:\Users\ayesha.gull01\AppData\Local\Programs\Python\Python313\Lib\site-packages\statsmodels\regression\mixed_linear_model.py:2218: ConvergenceWarning: Gradient optimization failed, |grad| = 3.801834
  warnings.warn(msg, ConvergenceWarning)
C:\Users\ayesha.gull01\AppData\Local\Programs\Python\Python313\Lib\site-packages\statsmodels\regression\mixed_linear_model.py:2237: ConvergenceWarning: The MLE may be on the boundary of the parameter space.
  warnings.warn(msg, ConvergenceWarning)
C:\Users\ayesha.gull01\AppData\Local\Programs\Python\Python313\Lib\site-packages\statsmodels\regression\mixed_linear_model.py:2261: ConvergenceWarning: The Hessian matrix at the estimated parameter values is not positive definite.
  warnings.warn(msg, ConvergenceWarning)
C:\Users\ayesha.gull01\AppData\Local\Programs\Python\Python313\Lib\site-packages\statsmodels\regression\mixed_linear_model.py:2237: ConvergenceWarning: The MLE may be on the boundary of the parameter space.
  warnings.warn(msg, ConvergenceWarning)
C:\Users\ayesha.gull01\AppData\Local\Programs\Python\Python313\Lib\site-packages\statsmodels\regression\mixed_linear_model.py:2261: ConvergenceWarning: The Hessian matrix at the estimated parameter values is not positive definite.
  warnings.warn(msg, ConvergenceWarning)
C:\Users\ayesha.gull01\AppData\Local\Programs\Python\Python313\Lib\site-packages\statsmodels\regression\mixed_linear_model.py:2237: ConvergenceWarning: The MLE may be on the boundary of the parameter space.
  warnings.warn(msg, ConvergenceWarning)
C:\Users\ayesha.gull01\AppData\Local\Programs\Python\Python313\Lib\site-packages\statsmodels\regression\mixed_linear_model.py:2237: ConvergenceWarning: The MLE may be on the boundary of the parameter space.
  warnings.warn(msg, ConvergenceWarning)
C:\Users\ayesha.gull01\AppData\Local\Programs\Python\Python313\Lib\site-packages\statsmodels\base\model.py:607: ConvergenceWarning: Maximum Likelihood optimization failed to converge. Check mle_retvals
  warnings.warn("Maximum Likelihood optimization failed to "
C:\Users\ayesha.gull01\AppData\Local\Programs\Python\Python313\Lib\site-packages\statsmodels\regression\mixed_linear_model.py:2206: ConvergenceWarning: MixedLM optimization failed, trying a different optimizer may help.
  warnings.warn(msg, ConvergenceWarning)
C:\Users\ayesha.gull01\AppData\Local\Programs\Python\Python313\Lib\site-packages\statsmodels\regression\mixed_linear_model.py:2218: ConvergenceWarning: Gradient optimization failed, |grad| = 1.794970
  warnings.warn(msg, ConvergenceWarning)
C:\Users\ayesha.gull01\AppData\Local\Programs\Python\Python313\Lib\site-packages\statsmodels\regression\mixed_linear_model.py:2237: ConvergenceWarning: The MLE may be on the boundary of the parameter space.
  warnings.warn(msg, ConvergenceWarning)
C:\Users\ayesha.gull01\AppData\Local\Programs\Python\Python313\Lib\site-packages\statsmodels\regression\mixed_linear_model.py:2237: ConvergenceWarning: The MLE may be on the boundary of the parameter space.
  warnings.warn(msg, ConvergenceWarning)
C:\Users\ayesha.gull01\AppData\Local\Programs\Python\Python313\Lib\site-packages\statsmodels\base\model.py:607: ConvergenceWarning: Maximum Likelihood optimization failed to converge. Check mle_retvals
  warnings.warn("Maximum Likelihood optimization failed to "
C:\Users\ayesha.gull01\AppData\Local\Programs\Python\Python313\Lib\site-packages\statsmodels\regression\mixed_linear_model.py:2206: ConvergenceWarning: MixedLM optimization failed, trying a different optimizer may help.
  warnings.warn(msg, ConvergenceWarning)
C:\Users\ayesha.gull01\AppData\Local\Programs\Python\Python313\Lib\site-packages\statsmodels\regression\mixed_linear_model.py:2218: ConvergenceWarning: Gradient optimization failed, |grad| = 9.669796
  warnings.warn(msg, ConvergenceWarning)
C:\Users\ayesha.gull01\AppData\Local\Programs\Python\Python313\Lib\site-packages\statsmodels\regression\mixed_linear_model.py:2237: ConvergenceWarning: The MLE may be on the boundary of the parameter space.
  warnings.warn(msg, ConvergenceWarning)
C:\Users\ayesha.gull01\AppData\Local\Programs\Python\Python313\Lib\site-packages\statsmodels\regression\mixed_linear_model.py:2261: ConvergenceWarning: The Hessian matrix at the estimated parameter values is not positive definite.
  warnings.warn(msg, ConvergenceWarning)
C:\Users\ayesha.gull01\AppData\Local\Programs\Python\Python313\Lib\site-packages\statsmodels\base\model.py:607: ConvergenceWarning: Maximum Likelihood optimization failed to converge. Check mle_retvals
  warnings.warn("Maximum Likelihood optimization failed to "
C:\Users\ayesha.gull01\AppData\Local\Programs\Python\Python313\Lib\site-packages\statsmodels\regression\mixed_linear_model.py:2206: ConvergenceWarning: MixedLM optimization failed, trying a different optimizer may help.
  warnings.warn(msg, ConvergenceWarning)
C:\Users\ayesha.gull01\AppData\Local\Programs\Python\Python313\Lib\site-packages\statsmodels\regression\mixed_linear_model.py:2218: ConvergenceWarning: Gradient optimization failed, |grad| = 3.225527
  warnings.warn(msg, ConvergenceWarning)
C:\Users\ayesha.gull01\AppData\Local\Programs\Python\Python313\Lib\site-packages\statsmodels\regression\mixed_linear_model.py:2237: ConvergenceWarning: The MLE may be on the boundary of the parameter space.
  warnings.warn(msg, ConvergenceWarning)
C:\Users\ayesha.gull01\AppData\Local\Programs\Python\Python313\Lib\site-packages\statsmodels\regression\mixed_linear_model.py:2261: ConvergenceWarning: The Hessian matrix at the estimated parameter values is not positive definite.
  warnings.warn(msg, ConvergenceWarning)
C:\Users\ayesha.gull01\AppData\Local\Programs\Python\Python313\Lib\site-packages\statsmodels\regression\mixed_linear_model.py:2237: ConvergenceWarning: The MLE may be on the boundary of the parameter space.
  warnings.warn(msg, ConvergenceWarning)
C:\Users\ayesha.gull01\AppData\Local\Programs\Python\Python313\Lib\site-packages\statsmodels\regression\mixed_linear_model.py:2261: ConvergenceWarning: The Hessian matrix at the estimated parameter values is not positive definite.
  warnings.warn(msg, ConvergenceWarning)
M3_S5_R1_sma0.0_rho0.0_beta0.05: 300 datasets in 39s
C:\Users\ayesha.gull01\AppData\Local\Programs\Python\Python313\Lib\site-packages\statsmodels\regression\mixed_linear_model.py:2237: ConvergenceWarning: The MLE may be on the boundary of the parameter space.
  warnings.warn(msg, ConvergenceWarning)
C:\Users\ayesha.gull01\AppData\Local\Programs\Python\Python313\Lib\site-packages\statsmodels\base\model.py:607: ConvergenceWarning: Maximum Likelihood optimization failed to converge. Check mle_retvals
  warnings.warn("Maximum Likelihood optimization failed to "
C:\Users\ayesha.gull01\AppData\Local\Programs\Python\Python313\Lib\site-packages\statsmodels\regression\mixed_linear_model.py:2206: ConvergenceWarning: MixedLM optimization failed, trying a different optimizer may help.
  warnings.warn(msg, ConvergenceWarning)
C:\Users\ayesha.gull01\AppData\Local\Programs\Python\Python313\Lib\site-packages\statsmodels\base\model.py:607: ConvergenceWarning: Maximum Likelihood optimization failed to converge. Check mle_retvals
  warnings.warn("Maximum Likelihood optimization failed to "
C:\Users\ayesha.gull01\AppData\Local\Programs\Python\Python313\Lib\site-packages\statsmodels\regression\mixed_linear_model.py:2218: ConvergenceWarning: Gradient optimization failed, |grad| = 0.258406
  warnings.warn(msg, ConvergenceWarning)
C:\Users\ayesha.gull01\AppData\Local\Programs\Python\Python313\Lib\site-packages\statsmodels\regression\mixed_linear_model.py:2237: ConvergenceWarning: The MLE may be on the boundary of the parameter space.
  warnings.warn(msg, ConvergenceWarning)
C:\Users\ayesha.gull01\AppData\Local\Programs\Python\Python313\Lib\site-packages\statsmodels\regression\mixed_linear_model.py:2206: ConvergenceWarning: MixedLM optimization failed, trying a different optimizer may help.
  warnings.warn(msg, ConvergenceWarning)
C:\Users\ayesha.gull01\AppData\Local\Programs\Python\Python313\Lib\site-packages\statsmodels\regression\mixed_linear_model.py:2261: ConvergenceWarning: The Hessian matrix at the estimated parameter values is not positive definite.
  warnings.warn(msg, ConvergenceWarning)
C:\Users\ayesha.gull01\AppData\Local\Programs\Python\Python313\Lib\site-packages\statsmodels\regression\mixed_linear_model.py:2237: ConvergenceWarning: The MLE may be on the boundary of the parameter space.
  warnings.warn(msg, ConvergenceWarning)
C:\Users\ayesha.gull01\AppData\Local\Programs\Python\Python313\Lib\site-packages\statsmodels\regression\mixed_linear_model.py:2261: ConvergenceWarning: The Hessian matrix at the estimated parameter values is not positive definite.
  warnings.warn(msg, ConvergenceWarning)
C:\Users\ayesha.gull01\AppData\Local\Programs\Python\Python313\Lib\site-packages\statsmodels\regression\mixed_linear_model.py:2218: ConvergenceWarning: Gradient optimization failed, |grad| = 2.803268
  warnings.warn(msg, ConvergenceWarning)
C:\Users\ayesha.gull01\AppData\Local\Programs\Python\Python313\Lib\site-packages\statsmodels\regression\mixed_linear_model.py:2237: ConvergenceWarning: The MLE may be on the boundary of the parameter space.
  warnings.warn(msg, ConvergenceWarning)
C:\Users\ayesha.gull01\AppData\Local\Programs\Python\Python313\Lib\site-packages\statsmodels\regression\mixed_linear_model.py:2261: ConvergenceWarning: The Hessian matrix at the estimated parameter values is not positive definite.
  warnings.warn(msg, ConvergenceWarning)
C:\Users\ayesha.gull01\AppData\Local\Programs\Python\Python313\Lib\site-packages\statsmodels\regression\mixed_linear_model.py:2237: ConvergenceWarning: The MLE may be on the boundary of the parameter space.
  warnings.warn(msg, ConvergenceWarning)
C:\Users\ayesha.gull01\AppData\Local\Programs\Python\Python313\Lib\site-packages\statsmodels\regression\mixed_linear_model.py:2237: ConvergenceWarning: The MLE may be on the boundary of the parameter space.
  warnings.warn(msg, ConvergenceWarning)
C:\Users\ayesha.gull01\AppData\Local\Programs\Python\Python313\Lib\site-packages\statsmodels\base\model.py:607: ConvergenceWarning: Maximum Likelihood optimization failed to converge. Check mle_retvals
  warnings.warn("Maximum Likelihood optimization failed to "
C:\Users\ayesha.gull01\AppData\Local\Programs\Python\Python313\Lib\site-packages\statsmodels\regression\mixed_linear_model.py:2206: ConvergenceWarning: MixedLM optimization failed, trying a different optimizer may help.
  warnings.warn(msg, ConvergenceWarning)
C:\Users\ayesha.gull01\AppData\Local\Programs\Python\Python313\Lib\site-packages\statsmodels\regression\mixed_linear_model.py:2218: ConvergenceWarning: Gradient optimization failed, |grad| = 4.078664
  warnings.warn(msg, ConvergenceWarning)
C:\Users\ayesha.gull01\AppData\Local\Programs\Python\Python313\Lib\site-packages\statsmodels\regression\mixed_linear_model.py:2237: ConvergenceWarning: The MLE may be on the boundary of the parameter space.
  warnings.warn(msg, ConvergenceWarning)
C:\Users\ayesha.gull01\AppData\Local\Programs\Python\Python313\Lib\site-packages\statsmodels\regression\mixed_linear_model.py:2237: ConvergenceWarning: The MLE may be on the boundary of the parameter space.
  warnings.warn(msg, ConvergenceWarning)
C:\Users\ayesha.gull01\AppData\Local\Programs\Python\Python313\Lib\site-packages\statsmodels\regression\mixed_linear_model.py:2261: ConvergenceWarning: The Hessian matrix at the estimated parameter values is not positive definite.
  warnings.warn(msg, ConvergenceWarning)
C:\Users\ayesha.gull01\AppData\Local\Programs\Python\Python313\Lib\site-packages\statsmodels\base\model.py:607: ConvergenceWarning: Maximum Likelihood optimization failed to converge. Check mle_retvals
  warnings.warn("Maximum Likelihood optimization failed to "
C:\Users\ayesha.gull01\AppData\Local\Programs\Python\Python313\Lib\site-packages\statsmodels\regression\mixed_linear_model.py:2206: ConvergenceWarning: MixedLM optimization failed, trying a different optimizer may help.
  warnings.warn(msg, ConvergenceWarning)
C:\Users\ayesha.gull01\AppData\Local\Programs\Python\Python313\Lib\site-packages\statsmodels\regression\mixed_linear_model.py:2218: ConvergenceWarning: Gradient optimization failed, |grad| = 8.865138
  warnings.warn(msg, ConvergenceWarning)
C:\Users\ayesha.gull01\AppData\Local\Programs\Python\Python313\Lib\site-packages\statsmodels\regression\mixed_linear_model.py:2237: ConvergenceWarning: The MLE may be on the boundary of the parameter space.
  warnings.warn(msg, ConvergenceWarning)
C:\Users\ayesha.gull01\AppData\Local\Programs\Python\Python313\Lib\site-packages\statsmodels\regression\mixed_linear_model.py:2261: ConvergenceWarning: The Hessian matrix at the estimated parameter values is not positive definite.
  warnings.warn(msg, ConvergenceWarning)
C:\Users\ayesha.gull01\AppData\Local\Programs\Python\Python313\Lib\site-packages\statsmodels\regression\mixed_linear_model.py:2237: ConvergenceWarning: The MLE may be on the boundary of the parameter space.
  warnings.warn(msg, ConvergenceWarning)
C:\Users\ayesha.gull01\AppData\Local\Programs\Python\Python313\Lib\site-packages\statsmodels\regression\mixed_linear_model.py:2237: ConvergenceWarning: The MLE may be on the boundary of the parameter space.
  warnings.warn(msg, ConvergenceWarning)
C:\Users\ayesha.gull01\AppData\Local\Programs\Python\Python313\Lib\site-packages\statsmodels\regression\mixed_linear_model.py:2237: ConvergenceWarning: The MLE may be on the boundary of the parameter space.
  warnings.warn(msg, ConvergenceWarning)
M3_S5_R1_sma0.03_rho0.0_beta0.0: 300 datasets in 37s
C:\Users\ayesha.gull01\AppData\Local\Programs\Python\Python313\Lib\site-packages\statsmodels\regression\mixed_linear_model.py:2237: ConvergenceWarning: The MLE may be on the boundary of the parameter space.
  warnings.warn(msg, ConvergenceWarning)
C:\Users\ayesha.gull01\AppData\Local\Programs\Python\Python313\Lib\site-packages\statsmodels\regression\mixed_linear_model.py:2237: ConvergenceWarning: The MLE may be on the boundary of the parameter space.
  warnings.warn(msg, ConvergenceWarning)
C:\Users\ayesha.gull01\AppData\Local\Programs\Python\Python313\Lib\site-packages\statsmodels\regression\mixed_linear_model.py:2237: ConvergenceWarning: The MLE may be on the boundary of the parameter space.
  warnings.warn(msg, ConvergenceWarning)
C:\Users\ayesha.gull01\AppData\Local\Programs\Python\Python313\Lib\site-packages\statsmodels\regression\mixed_linear_model.py:2261: ConvergenceWarning: The Hessian matrix at the estimated parameter values is not positive definite.
  warnings.warn(msg, ConvergenceWarning)
C:\Users\ayesha.gull01\AppData\Local\Programs\Python\Python313\Lib\site-packages\statsmodels\regression\mixed_linear_model.py:2237: ConvergenceWarning: The MLE may be on the boundary of the parameter space.
  warnings.warn(msg, ConvergenceWarning)
C:\Users\ayesha.gull01\AppData\Local\Programs\Python\Python313\Lib\site-packages\statsmodels\regression\mixed_linear_model.py:2237: ConvergenceWarning: The MLE may be on the boundary of the parameter space.
  warnings.warn(msg, ConvergenceWarning)
C:\Users\ayesha.gull01\AppData\Local\Programs\Python\Python313\Lib\site-packages\statsmodels\regression\mixed_linear_model.py:2237: ConvergenceWarning: The MLE may be on the boundary of the parameter space.
  warnings.warn(msg, ConvergenceWarning)
C:\Users\ayesha.gull01\AppData\Local\Programs\Python\Python313\Lib\site-packages\statsmodels\regression\mixed_linear_model.py:2237: ConvergenceWarning: The MLE may be on the boundary of the parameter space.
  warnings.warn(msg, ConvergenceWarning)
C:\Users\ayesha.gull01\AppData\Local\Programs\Python\Python313\Lib\site-packages\statsmodels\regression\mixed_linear_model.py:2237: ConvergenceWarning: The MLE may be on the boundary of the parameter space.
  warnings.warn(msg, ConvergenceWarning)
C:\Users\ayesha.gull01\AppData\Local\Programs\Python\Python313\Lib\site-packages\statsmodels\base\model.py:607: ConvergenceWarning: Maximum Likelihood optimization failed to converge. Check mle_retvals
  warnings.warn("Maximum Likelihood optimization failed to "
C:\Users\ayesha.gull01\AppData\Local\Programs\Python\Python313\Lib\site-packages\statsmodels\regression\mixed_linear_model.py:2206: ConvergenceWarning: MixedLM optimization failed, trying a different optimizer may help.
  warnings.warn(msg, ConvergenceWarning)
C:\Users\ayesha.gull01\AppData\Local\Programs\Python\Python313\Lib\site-packages\statsmodels\regression\mixed_linear_model.py:2218: ConvergenceWarning: Gradient optimization failed, |grad| = 0.697913
  warnings.warn(msg, ConvergenceWarning)
C:\Users\ayesha.gull01\AppData\Local\Programs\Python\Python313\Lib\site-packages\statsmodels\regression\mixed_linear_model.py:2237: ConvergenceWarning: The MLE may be on the boundary of the parameter space.
  warnings.warn(msg, ConvergenceWarning)
C:\Users\ayesha.gull01\AppData\Local\Programs\Python\Python313\Lib\site-packages\statsmodels\base\model.py:607: ConvergenceWarning: Maximum Likelihood optimization failed to converge. Check mle_retvals
  warnings.warn("Maximum Likelihood optimization failed to "
C:\Users\ayesha.gull01\AppData\Local\Programs\Python\Python313\Lib\site-packages\statsmodels\regression\mixed_linear_model.py:2206: ConvergenceWarning: MixedLM optimization failed, trying a different optimizer may help.
  warnings.warn(msg, ConvergenceWarning)
C:\Users\ayesha.gull01\AppData\Local\Programs\Python\Python313\Lib\site-packages\statsmodels\regression\mixed_linear_model.py:2218: ConvergenceWarning: Gradient optimization failed, |grad| = 0.613780
  warnings.warn(msg, ConvergenceWarning)
C:\Users\ayesha.gull01\AppData\Local\Programs\Python\Python313\Lib\site-packages\statsmodels\regression\mixed_linear_model.py:2237: ConvergenceWarning: The MLE may be on the boundary of the parameter space.
  warnings.warn(msg, ConvergenceWarning)
C:\Users\ayesha.gull01\AppData\Local\Programs\Python\Python313\Lib\site-packages\statsmodels\regression\mixed_linear_model.py:2261: ConvergenceWarning: The Hessian matrix at the estimated parameter values is not positive definite.
  warnings.warn(msg, ConvergenceWarning)
C:\Users\ayesha.gull01\AppData\Local\Programs\Python\Python313\Lib\site-packages\statsmodels\regression\mixed_linear_model.py:2237: ConvergenceWarning: The MLE may be on the boundary of the parameter space.
  warnings.warn(msg, ConvergenceWarning)
C:\Users\ayesha.gull01\AppData\Local\Programs\Python\Python313\Lib\site-packages\statsmodels\regression\mixed_linear_model.py:2261: ConvergenceWarning: The Hessian matrix at the estimated parameter values is not positive definite.
  warnings.warn(msg, ConvergenceWarning)
C:\Users\ayesha.gull01\AppData\Local\Programs\Python\Python313\Lib\site-packages\statsmodels\base\model.py:607: ConvergenceWarning: Maximum Likelihood optimization failed to converge. Check mle_retvals
  warnings.warn("Maximum Likelihood optimization failed to "
C:\Users\ayesha.gull01\AppData\Local\Programs\Python\Python313\Lib\site-packages\statsmodels\regression\mixed_linear_model.py:2206: ConvergenceWarning: MixedLM optimization failed, trying a different optimizer may help.
  warnings.warn(msg, ConvergenceWarning)
C:\Users\ayesha.gull01\AppData\Local\Programs\Python\Python313\Lib\site-packages\statsmodels\regression\mixed_linear_model.py:2218: ConvergenceWarning: Gradient optimization failed, |grad| = 2.429588
  warnings.warn(msg, ConvergenceWarning)
C:\Users\ayesha.gull01\AppData\Local\Programs\Python\Python313\Lib\site-packages\statsmodels\regression\mixed_linear_model.py:2237: ConvergenceWarning: The MLE may be on the boundary of the parameter space.
  warnings.warn(msg, ConvergenceWarning)
C:\Users\ayesha.gull01\AppData\Local\Programs\Python\Python313\Lib\site-packages\statsmodels\regression\mixed_linear_model.py:2261: ConvergenceWarning: The Hessian matrix at the estimated parameter values is not positive definite.
  warnings.warn(msg, ConvergenceWarning)
M3_S5_R1_sma0.03_rho0.0_beta0.05: 300 datasets in 41s
C:\Users\ayesha.gull01\AppData\Local\Programs\Python\Python313\Lib\site-packages\statsmodels\regression\mixed_linear_model.py:2237: ConvergenceWarning: The MLE may be on the boundary of the parameter space.
  warnings.warn(msg, ConvergenceWarning)
C:\Users\ayesha.gull01\AppData\Local\Programs\Python\Python313\Lib\site-packages\statsmodels\regression\mixed_linear_model.py:2237: ConvergenceWarning: The MLE may be on the boundary of the parameter space.
  warnings.warn(msg, ConvergenceWarning)
C:\Users\ayesha.gull01\AppData\Local\Programs\Python\Python313\Lib\site-packages\statsmodels\regression\mixed_linear_model.py:2237: ConvergenceWarning: The MLE may be on the boundary of the parameter space.
  warnings.warn(msg, ConvergenceWarning)
C:\Users\ayesha.gull01\AppData\Local\Programs\Python\Python313\Lib\site-packages\statsmodels\regression\mixed_linear_model.py:2237: ConvergenceWarning: The MLE may be on the boundary of the parameter space.
  warnings.warn(msg, ConvergenceWarning)
C:\Users\ayesha.gull01\AppData\Local\Programs\Python\Python313\Lib\site-packages\statsmodels\base\model.py:607: ConvergenceWarning: Maximum Likelihood optimization failed to converge. Check mle_retvals
  warnings.warn("Maximum Likelihood optimization failed to "
C:\Users\ayesha.gull01\AppData\Local\Programs\Python\Python313\Lib\site-packages\statsmodels\regression\mixed_linear_model.py:2206: ConvergenceWarning: MixedLM optimization failed, trying a different optimizer may help.
  warnings.warn(msg, ConvergenceWarning)
C:\Users\ayesha.gull01\AppData\Local\Programs\Python\Python313\Lib\site-packages\statsmodels\regression\mixed_linear_model.py:2218: ConvergenceWarning: Gradient optimization failed, |grad| = 1.420517
  warnings.warn(msg, ConvergenceWarning)
C:\Users\ayesha.gull01\AppData\Local\Programs\Python\Python313\Lib\site-packages\statsmodels\regression\mixed_linear_model.py:2237: ConvergenceWarning: The MLE may be on the boundary of the parameter space.
  warnings.warn(msg, ConvergenceWarning)
C:\Users\ayesha.gull01\AppData\Local\Programs\Python\Python313\Lib\site-packages\statsmodels\base\model.py:607: ConvergenceWarning: Maximum Likelihood optimization failed to converge. Check mle_retvals
  warnings.warn("Maximum Likelihood optimization failed to "
C:\Users\ayesha.gull01\AppData\Local\Programs\Python\Python313\Lib\site-packages\statsmodels\regression\mixed_linear_model.py:2206: ConvergenceWarning: MixedLM optimization failed, trying a different optimizer may help.
  warnings.warn(msg, ConvergenceWarning)
C:\Users\ayesha.gull01\AppData\Local\Programs\Python\Python313\Lib\site-packages\statsmodels\regression\mixed_linear_model.py:2218: ConvergenceWarning: Gradient optimization failed, |grad| = 3.627122
  warnings.warn(msg, ConvergenceWarning)
C:\Users\ayesha.gull01\AppData\Local\Programs\Python\Python313\Lib\site-packages\statsmodels\regression\mixed_linear_model.py:2237: ConvergenceWarning: The MLE may be on the boundary of the parameter space.
  warnings.warn(msg, ConvergenceWarning)
C:\Users\ayesha.gull01\AppData\Local\Programs\Python\Python313\Lib\site-packages\statsmodels\regression\mixed_linear_model.py:2237: ConvergenceWarning: The MLE may be on the boundary of the parameter space.
  warnings.warn(msg, ConvergenceWarning)
C:\Users\ayesha.gull01\AppData\Local\Programs\Python\Python313\Lib\site-packages\statsmodels\regression\mixed_linear_model.py:2237: ConvergenceWarning: The MLE may be on the boundary of the parameter space.
  warnings.warn(msg, ConvergenceWarning)
C:\Users\ayesha.gull01\AppData\Local\Programs\Python\Python313\Lib\site-packages\statsmodels\regression\mixed_linear_model.py:2237: ConvergenceWarning: The MLE may be on the boundary of the parameter space.
  warnings.warn(msg, ConvergenceWarning)
C:\Users\ayesha.gull01\AppData\Local\Programs\Python\Python313\Lib\site-packages\statsmodels\regression\mixed_linear_model.py:2237: ConvergenceWarning: The MLE may be on the boundary of the parameter space.
  warnings.warn(msg, ConvergenceWarning)
C:\Users\ayesha.gull01\AppData\Local\Programs\Python\Python313\Lib\site-packages\statsmodels\regression\mixed_linear_model.py:2261: ConvergenceWarning: The Hessian matrix at the estimated parameter values is not positive definite.
  warnings.warn(msg, ConvergenceWarning)
C:\Users\ayesha.gull01\AppData\Local\Programs\Python\Python313\Lib\site-packages\statsmodels\regression\mixed_linear_model.py:2237: ConvergenceWarning: The MLE may be on the boundary of the parameter space.
  warnings.warn(msg, ConvergenceWarning)
C:\Users\ayesha.gull01\AppData\Local\Programs\Python\Python313\Lib\site-packages\statsmodels\regression\mixed_linear_model.py:2237: ConvergenceWarning: The MLE may be on the boundary of the parameter space.
  warnings.warn(msg, ConvergenceWarning)
M3_S5_R1_sma0.03_rho0.5_beta0.0: 300 datasets in 42s
C:\Users\ayesha.gull01\AppData\Local\Programs\Python\Python313\Lib\site-packages\statsmodels\regression\mixed_linear_model.py:2237: ConvergenceWarning: The MLE may be on the boundary of the parameter space.
  warnings.warn(msg, ConvergenceWarning)
C:\Users\ayesha.gull01\AppData\Local\Programs\Python\Python313\Lib\site-packages\statsmodels\regression\mixed_linear_model.py:2237: ConvergenceWarning: The MLE may be on the boundary of the parameter space.
  warnings.warn(msg, ConvergenceWarning)
C:\Users\ayesha.gull01\AppData\Local\Programs\Python\Python313\Lib\site-packages\statsmodels\regression\mixed_linear_model.py:2237: ConvergenceWarning: The MLE may be on the boundary of the parameter space.
  warnings.warn(msg, ConvergenceWarning)
C:\Users\ayesha.gull01\AppData\Local\Programs\Python\Python313\Lib\site-packages\statsmodels\regression\mixed_linear_model.py:2237: ConvergenceWarning: The MLE may be on the boundary of the parameter space.
  warnings.warn(msg, ConvergenceWarning)
C:\Users\ayesha.gull01\AppData\Local\Programs\Python\Python313\Lib\site-packages\statsmodels\base\model.py:607: ConvergenceWarning: Maximum Likelihood optimization failed to converge. Check mle_retvals
  warnings.warn("Maximum Likelihood optimization failed to "
C:\Users\ayesha.gull01\AppData\Local\Programs\Python\Python313\Lib\site-packages\statsmodels\regression\mixed_linear_model.py:2206: ConvergenceWarning: MixedLM optimization failed, trying a different optimizer may help.
  warnings.warn(msg, ConvergenceWarning)
C:\Users\ayesha.gull01\AppData\Local\Programs\Python\Python313\Lib\site-packages\statsmodels\regression\mixed_linear_model.py:2218: ConvergenceWarning: Gradient optimization failed, |grad| = 8.846297
  warnings.warn(msg, ConvergenceWarning)
C:\Users\ayesha.gull01\AppData\Local\Programs\Python\Python313\Lib\site-packages\statsmodels\regression\mixed_linear_model.py:2237: ConvergenceWarning: The MLE may be on the boundary of the parameter space.
  warnings.warn(msg, ConvergenceWarning)
C:\Users\ayesha.gull01\AppData\Local\Programs\Python\Python313\Lib\site-packages\statsmodels\regression\mixed_linear_model.py:2261: ConvergenceWarning: The Hessian matrix at the estimated parameter values is not positive definite.
  warnings.warn(msg, ConvergenceWarning)
C:\Users\ayesha.gull01\AppData\Local\Programs\Python\Python313\Lib\site-packages\statsmodels\regression\mixed_linear_model.py:2237: ConvergenceWarning: The MLE may be on the boundary of the parameter space.
  warnings.warn(msg, ConvergenceWarning)
C:\Users\ayesha.gull01\AppData\Local\Programs\Python\Python313\Lib\site-packages\statsmodels\regression\mixed_linear_model.py:2237: ConvergenceWarning: The MLE may be on the boundary of the parameter space.
  warnings.warn(msg, ConvergenceWarning)
C:\Users\ayesha.gull01\AppData\Local\Programs\Python\Python313\Lib\site-packages\statsmodels\regression\mixed_linear_model.py:2261: ConvergenceWarning: The Hessian matrix at the estimated parameter values is not positive definite.
  warnings.warn(msg, ConvergenceWarning)
C:\Users\ayesha.gull01\AppData\Local\Programs\Python\Python313\Lib\site-packages\statsmodels\regression\mixed_linear_model.py:2237: ConvergenceWarning: The MLE may be on the boundary of the parameter space.
  warnings.warn(msg, ConvergenceWarning)
C:\Users\ayesha.gull01\AppData\Local\Programs\Python\Python313\Lib\site-packages\statsmodels\regression\mixed_linear_model.py:2237: ConvergenceWarning: The MLE may be on the boundary of the parameter space.
  warnings.warn(msg, ConvergenceWarning)
C:\Users\ayesha.gull01\AppData\Local\Programs\Python\Python313\Lib\site-packages\statsmodels\regression\mixed_linear_model.py:2237: ConvergenceWarning: The MLE may be on the boundary of the parameter space.
  warnings.warn(msg, ConvergenceWarning)
C:\Users\ayesha.gull01\AppData\Local\Programs\Python\Python313\Lib\site-packages\statsmodels\regression\mixed_linear_model.py:2237: ConvergenceWarning: The MLE may be on the boundary of the parameter space.
  warnings.warn(msg, ConvergenceWarning)
C:\Users\ayesha.gull01\AppData\Local\Programs\Python\Python313\Lib\site-packages\statsmodels\regression\mixed_linear_model.py:2237: ConvergenceWarning: The MLE may be on the boundary of the parameter space.
  warnings.warn(msg, ConvergenceWarning)
M3_S5_R1_sma0.03_rho0.5_beta0.05: 300 datasets in 41s
C:\Users\ayesha.gull01\AppData\Local\Programs\Python\Python313\Lib\site-packages\statsmodels\regression\mixed_linear_model.py:2237: ConvergenceWarning: The MLE may be on the boundary of the parameter space.
  warnings.warn(msg, ConvergenceWarning)
C:\Users\ayesha.gull01\AppData\Local\Programs\Python\Python313\Lib\site-packages\statsmodels\regression\mixed_linear_model.py:2237: ConvergenceWarning: The MLE may be on the boundary of the parameter space.
  warnings.warn(msg, ConvergenceWarning)
C:\Users\ayesha.gull01\AppData\Local\Programs\Python\Python313\Lib\site-packages\statsmodels\regression\mixed_linear_model.py:2237: ConvergenceWarning: The MLE may be on the boundary of the parameter space.
  warnings.warn(msg, ConvergenceWarning)
C:\Users\ayesha.gull01\AppData\Local\Programs\Python\Python313\Lib\site-packages\statsmodels\regression\mixed_linear_model.py:2237: ConvergenceWarning: The MLE may be on the boundary of the parameter space.
  warnings.warn(msg, ConvergenceWarning)
C:\Users\ayesha.gull01\AppData\Local\Programs\Python\Python313\Lib\site-packages\statsmodels\regression\mixed_linear_model.py:2237: ConvergenceWarning: The MLE may be on the boundary of the parameter space.
  warnings.warn(msg, ConvergenceWarning)
C:\Users\ayesha.gull01\AppData\Local\Programs\Python\Python313\Lib\site-packages\statsmodels\regression\mixed_linear_model.py:2237: ConvergenceWarning: The MLE may be on the boundary of the parameter space.
  warnings.warn(msg, ConvergenceWarning)
C:\Users\ayesha.gull01\AppData\Local\Programs\Python\Python313\Lib\site-packages\statsmodels\regression\mixed_linear_model.py:2237: ConvergenceWarning: The MLE may be on the boundary of the parameter space.
  warnings.warn(msg, ConvergenceWarning)
C:\Users\ayesha.gull01\AppData\Local\Programs\Python\Python313\Lib\site-packages\statsmodels\regression\mixed_linear_model.py:2261: ConvergenceWarning: The Hessian matrix at the estimated parameter values is not positive definite.
  warnings.warn(msg, ConvergenceWarning)
C:\Users\ayesha.gull01\AppData\Local\Programs\Python\Python313\Lib\site-packages\statsmodels\regression\mixed_linear_model.py:2261: ConvergenceWarning: The Hessian matrix at the estimated parameter values is not positive definite.
  warnings.warn(msg, ConvergenceWarning)
C:\Users\ayesha.gull01\AppData\Local\Programs\Python\Python313\Lib\site-packages\statsmodels\regression\mixed_linear_model.py:2237: ConvergenceWarning: The MLE may be on the boundary of the parameter space.
  warnings.warn(msg, ConvergenceWarning)
C:\Users\ayesha.gull01\AppData\Local\Programs\Python\Python313\Lib\site-packages\statsmodels\regression\mixed_linear_model.py:2237: ConvergenceWarning: The MLE may be on the boundary of the parameter space.
  warnings.warn(msg, ConvergenceWarning)
C:\Users\ayesha.gull01\AppData\Local\Programs\Python\Python313\Lib\site-packages\statsmodels\regression\mixed_linear_model.py:2261: ConvergenceWarning: The Hessian matrix at the estimated parameter values is not positive definite.
  warnings.warn(msg, ConvergenceWarning)
C:\Users\ayesha.gull01\AppData\Local\Programs\Python\Python313\Lib\site-packages\statsmodels\base\model.py:607: ConvergenceWarning: Maximum Likelihood optimization failed to converge. Check mle_retvals
  warnings.warn("Maximum Likelihood optimization failed to "
C:\Users\ayesha.gull01\AppData\Local\Programs\Python\Python313\Lib\site-packages\statsmodels\regression\mixed_linear_model.py:2206: ConvergenceWarning: MixedLM optimization failed, trying a different optimizer may help.
  warnings.warn(msg, ConvergenceWarning)
C:\Users\ayesha.gull01\AppData\Local\Programs\Python\Python313\Lib\site-packages\statsmodels\regression\mixed_linear_model.py:2218: ConvergenceWarning: Gradient optimization failed, |grad| = 9.913895
  warnings.warn(msg, ConvergenceWarning)
C:\Users\ayesha.gull01\AppData\Local\Programs\Python\Python313\Lib\site-packages\statsmodels\regression\mixed_linear_model.py:2237: ConvergenceWarning: The MLE may be on the boundary of the parameter space.
  warnings.warn(msg, ConvergenceWarning)
C:\Users\ayesha.gull01\AppData\Local\Programs\Python\Python313\Lib\site-packages\statsmodels\regression\mixed_linear_model.py:2261: ConvergenceWarning: The Hessian matrix at the estimated parameter values is not positive definite.
  warnings.warn(msg, ConvergenceWarning)
C:\Users\ayesha.gull01\AppData\Local\Programs\Python\Python313\Lib\site-packages\statsmodels\regression\mixed_linear_model.py:2237: ConvergenceWarning: The MLE may be on the boundary of the parameter space.
  warnings.warn(msg, ConvergenceWarning)
C:\Users\ayesha.gull01\AppData\Local\Programs\Python\Python313\Lib\site-packages\statsmodels\regression\mixed_linear_model.py:2261: ConvergenceWarning: The Hessian matrix at the estimated parameter values is not positive definite.
  warnings.warn(msg, ConvergenceWarning)
C:\Users\ayesha.gull01\AppData\Local\Programs\Python\Python313\Lib\site-packages\statsmodels\regression\mixed_linear_model.py:2237: ConvergenceWarning: The MLE may be on the boundary of the parameter space.
  warnings.warn(msg, ConvergenceWarning)
C:\Users\ayesha.gull01\AppData\Local\Programs\Python\Python313\Lib\site-packages\statsmodels\regression\mixed_linear_model.py:2261: ConvergenceWarning: The Hessian matrix at the estimated parameter values is not positive definite.
  warnings.warn(msg, ConvergenceWarning)
M3_S10_R1_sma0.0_rho0.0_beta0.0: 300 datasets in 51s
C:\Users\ayesha.gull01\AppData\Local\Programs\Python\Python313\Lib\site-packages\statsmodels\regression\mixed_linear_model.py:2237: ConvergenceWarning: The MLE may be on the boundary of the parameter space.
  warnings.warn(msg, ConvergenceWarning)
C:\Users\ayesha.gull01\AppData\Local\Programs\Python\Python313\Lib\site-packages\statsmodels\base\model.py:607: ConvergenceWarning: Maximum Likelihood optimization failed to converge. Check mle_retvals
  warnings.warn("Maximum Likelihood optimization failed to "
C:\Users\ayesha.gull01\AppData\Local\Programs\Python\Python313\Lib\site-packages\statsmodels\base\model.py:607: ConvergenceWarning: Maximum Likelihood optimization failed to converge. Check mle_retvals
  warnings.warn("Maximum Likelihood optimization failed to "
C:\Users\ayesha.gull01\AppData\Local\Programs\Python\Python313\Lib\site-packages\statsmodels\regression\mixed_linear_model.py:2206: ConvergenceWarning: MixedLM optimization failed, trying a different optimizer may help.
  warnings.warn(msg, ConvergenceWarning)
C:\Users\ayesha.gull01\AppData\Local\Programs\Python\Python313\Lib\site-packages\statsmodels\regression\mixed_linear_model.py:2218: ConvergenceWarning: Gradient optimization failed, |grad| = 4.869853
  warnings.warn(msg, ConvergenceWarning)
C:\Users\ayesha.gull01\AppData\Local\Programs\Python\Python313\Lib\site-packages\statsmodels\regression\mixed_linear_model.py:2237: ConvergenceWarning: The MLE may be on the boundary of the parameter space.
  warnings.warn(msg, ConvergenceWarning)
C:\Users\ayesha.gull01\AppData\Local\Programs\Python\Python313\Lib\site-packages\statsmodels\regression\mixed_linear_model.py:2206: ConvergenceWarning: MixedLM optimization failed, trying a different optimizer may help.
  warnings.warn(msg, ConvergenceWarning)
C:\Users\ayesha.gull01\AppData\Local\Programs\Python\Python313\Lib\site-packages\statsmodels\regression\mixed_linear_model.py:2218: ConvergenceWarning: Gradient optimization failed, |grad| = 0.133495
  warnings.warn(msg, ConvergenceWarning)
C:\Users\ayesha.gull01\AppData\Local\Programs\Python\Python313\Lib\site-packages\statsmodels\regression\mixed_linear_model.py:2237: ConvergenceWarning: The MLE may be on the boundary of the parameter space.
  warnings.warn(msg, ConvergenceWarning)
C:\Users\ayesha.gull01\AppData\Local\Programs\Python\Python313\Lib\site-packages\statsmodels\regression\mixed_linear_model.py:2237: ConvergenceWarning: The MLE may be on the boundary of the parameter space.
  warnings.warn(msg, ConvergenceWarning)
C:\Users\ayesha.gull01\AppData\Local\Programs\Python\Python313\Lib\site-packages\statsmodels\regression\mixed_linear_model.py:2261: ConvergenceWarning: The Hessian matrix at the estimated parameter values is not positive definite.
  warnings.warn(msg, ConvergenceWarning)
C:\Users\ayesha.gull01\AppData\Local\Programs\Python\Python313\Lib\site-packages\statsmodels\base\model.py:607: ConvergenceWarning: Maximum Likelihood optimization failed to converge. Check mle_retvals
  warnings.warn("Maximum Likelihood optimization failed to "
C:\Users\ayesha.gull01\AppData\Local\Programs\Python\Python313\Lib\site-packages\statsmodels\regression\mixed_linear_model.py:2206: ConvergenceWarning: MixedLM optimization failed, trying a different optimizer may help.
  warnings.warn(msg, ConvergenceWarning)
C:\Users\ayesha.gull01\AppData\Local\Programs\Python\Python313\Lib\site-packages\statsmodels\regression\mixed_linear_model.py:2218: ConvergenceWarning: Gradient optimization failed, |grad| = 7.503918
  warnings.warn(msg, ConvergenceWarning)
C:\Users\ayesha.gull01\AppData\Local\Programs\Python\Python313\Lib\site-packages\statsmodels\regression\mixed_linear_model.py:2237: ConvergenceWarning: The MLE may be on the boundary of the parameter space.
  warnings.warn(msg, ConvergenceWarning)
C:\Users\ayesha.gull01\AppData\Local\Programs\Python\Python313\Lib\site-packages\statsmodels\regression\mixed_linear_model.py:2237: ConvergenceWarning: The MLE may be on the boundary of the parameter space.
  warnings.warn(msg, ConvergenceWarning)
C:\Users\ayesha.gull01\AppData\Local\Programs\Python\Python313\Lib\site-packages\statsmodels\regression\mixed_linear_model.py:2237: ConvergenceWarning: The MLE may be on the boundary of the parameter space.
  warnings.warn(msg, ConvergenceWarning)
C:\Users\ayesha.gull01\AppData\Local\Programs\Python\Python313\Lib\site-packages\statsmodels\regression\mixed_linear_model.py:2261: ConvergenceWarning: The Hessian matrix at the estimated parameter values is not positive definite.
  warnings.warn(msg, ConvergenceWarning)
C:\Users\ayesha.gull01\AppData\Local\Programs\Python\Python313\Lib\site-packages\statsmodels\regression\mixed_linear_model.py:2237: ConvergenceWarning: The MLE may be on the boundary of the parameter space.
  warnings.warn(msg, ConvergenceWarning)
C:\Users\ayesha.gull01\AppData\Local\Programs\Python\Python313\Lib\site-packages\statsmodels\regression\mixed_linear_model.py:2237: ConvergenceWarning: The MLE may be on the boundary of the parameter space.
  warnings.warn(msg, ConvergenceWarning)
C:\Users\ayesha.gull01\AppData\Local\Programs\Python\Python313\Lib\site-packages\statsmodels\regression\mixed_linear_model.py:2261: ConvergenceWarning: The Hessian matrix at the estimated parameter values is not positive definite.
  warnings.warn(msg, ConvergenceWarning)
C:\Users\ayesha.gull01\AppData\Local\Programs\Python\Python313\Lib\site-packages\statsmodels\regression\mixed_linear_model.py:2237: ConvergenceWarning: The MLE may be on the boundary of the parameter space.
  warnings.warn(msg, ConvergenceWarning)
C:\Users\ayesha.gull01\AppData\Local\Programs\Python\Python313\Lib\site-packages\statsmodels\regression\mixed_linear_model.py:2261: ConvergenceWarning: The Hessian matrix at the estimated parameter values is not positive definite.
  warnings.warn(msg, ConvergenceWarning)
C:\Users\ayesha.gull01\AppData\Local\Programs\Python\Python313\Lib\site-packages\statsmodels\regression\mixed_linear_model.py:2237: ConvergenceWarning: The MLE may be on the boundary of the parameter space.
  warnings.warn(msg, ConvergenceWarning)
C:\Users\ayesha.gull01\AppData\Local\Programs\Python\Python313\Lib\site-packages\statsmodels\regression\mixed_linear_model.py:2237: ConvergenceWarning: The MLE may be on the boundary of the parameter space.
  warnings.warn(msg, ConvergenceWarning)
C:\Users\ayesha.gull01\AppData\Local\Programs\Python\Python313\Lib\site-packages\statsmodels\regression\mixed_linear_model.py:2261: ConvergenceWarning: The Hessian matrix at the estimated parameter values is not positive definite.
  warnings.warn(msg, ConvergenceWarning)
M3_S10_R1_sma0.0_rho0.0_beta0.05: 300 datasets in 55s
C:\Users\ayesha.gull01\AppData\Local\Programs\Python\Python313\Lib\site-packages\statsmodels\regression\mixed_linear_model.py:2237: ConvergenceWarning: The MLE may be on the boundary of the parameter space.
  warnings.warn(msg, ConvergenceWarning)
C:\Users\ayesha.gull01\AppData\Local\Programs\Python\Python313\Lib\site-packages\statsmodels\regression\mixed_linear_model.py:2237: ConvergenceWarning: The MLE may be on the boundary of the parameter space.
  warnings.warn(msg, ConvergenceWarning)
C:\Users\ayesha.gull01\AppData\Local\Programs\Python\Python313\Lib\site-packages\statsmodels\regression\mixed_linear_model.py:2237: ConvergenceWarning: The MLE may be on the boundary of the parameter space.
  warnings.warn(msg, ConvergenceWarning)
C:\Users\ayesha.gull01\AppData\Local\Programs\Python\Python313\Lib\site-packages\statsmodels\regression\mixed_linear_model.py:2237: ConvergenceWarning: The MLE may be on the boundary of the parameter space.
  warnings.warn(msg, ConvergenceWarning)
C:\Users\ayesha.gull01\AppData\Local\Programs\Python\Python313\Lib\site-packages\statsmodels\regression\mixed_linear_model.py:2237: ConvergenceWarning: The MLE may be on the boundary of the parameter space.
  warnings.warn(msg, ConvergenceWarning)
C:\Users\ayesha.gull01\AppData\Local\Programs\Python\Python313\Lib\site-packages\statsmodels\regression\mixed_linear_model.py:2261: ConvergenceWarning: The Hessian matrix at the estimated parameter values is not positive definite.
  warnings.warn(msg, ConvergenceWarning)
C:\Users\ayesha.gull01\AppData\Local\Programs\Python\Python313\Lib\site-packages\statsmodels\regression\mixed_linear_model.py:2237: ConvergenceWarning: The MLE may be on the boundary of the parameter space.
  warnings.warn(msg, ConvergenceWarning)
C:\Users\ayesha.gull01\AppData\Local\Programs\Python\Python313\Lib\site-packages\statsmodels\regression\mixed_linear_model.py:2237: ConvergenceWarning: The MLE may be on the boundary of the parameter space.
  warnings.warn(msg, ConvergenceWarning)
C:\Users\ayesha.gull01\AppData\Local\Programs\Python\Python313\Lib\site-packages\statsmodels\regression\mixed_linear_model.py:2237: ConvergenceWarning: The MLE may be on the boundary of the parameter space.
  warnings.warn(msg, ConvergenceWarning)
C:\Users\ayesha.gull01\AppData\Local\Programs\Python\Python313\Lib\site-packages\statsmodels\regression\mixed_linear_model.py:2261: ConvergenceWarning: The Hessian matrix at the estimated parameter values is not positive definite.
  warnings.warn(msg, ConvergenceWarning)
C:\Users\ayesha.gull01\AppData\Local\Programs\Python\Python313\Lib\site-packages\statsmodels\regression\mixed_linear_model.py:2237: ConvergenceWarning: The MLE may be on the boundary of the parameter space.
  warnings.warn(msg, ConvergenceWarning)
C:\Users\ayesha.gull01\AppData\Local\Programs\Python\Python313\Lib\site-packages\statsmodels\regression\mixed_linear_model.py:2237: ConvergenceWarning: The MLE may be on the boundary of the parameter space.
  warnings.warn(msg, ConvergenceWarning)
C:\Users\ayesha.gull01\AppData\Local\Programs\Python\Python313\Lib\site-packages\statsmodels\base\model.py:607: ConvergenceWarning: Maximum Likelihood optimization failed to converge. Check mle_retvals
  warnings.warn("Maximum Likelihood optimization failed to "
C:\Users\ayesha.gull01\AppData\Local\Programs\Python\Python313\Lib\site-packages\statsmodels\regression\mixed_linear_model.py:2206: ConvergenceWarning: MixedLM optimization failed, trying a different optimizer may help.
  warnings.warn(msg, ConvergenceWarning)
C:\Users\ayesha.gull01\AppData\Local\Programs\Python\Python313\Lib\site-packages\statsmodels\regression\mixed_linear_model.py:2218: ConvergenceWarning: Gradient optimization failed, |grad| = 11.406120
  warnings.warn(msg, ConvergenceWarning)
C:\Users\ayesha.gull01\AppData\Local\Programs\Python\Python313\Lib\site-packages\statsmodels\regression\mixed_linear_model.py:2237: ConvergenceWarning: The MLE may be on the boundary of the parameter space.
  warnings.warn(msg, ConvergenceWarning)
C:\Users\ayesha.gull01\AppData\Local\Programs\Python\Python313\Lib\site-packages\statsmodels\regression\mixed_linear_model.py:2237: ConvergenceWarning: The MLE may be on the boundary of the parameter space.
  warnings.warn(msg, ConvergenceWarning)
C:\Users\ayesha.gull01\AppData\Local\Programs\Python\Python313\Lib\site-packages\statsmodels\regression\mixed_linear_model.py:2261: ConvergenceWarning: The Hessian matrix at the estimated parameter values is not positive definite.
  warnings.warn(msg, ConvergenceWarning)
M3_S10_R1_sma0.03_rho0.0_beta0.0: 300 datasets in 53s
C:\Users\ayesha.gull01\AppData\Local\Programs\Python\Python313\Lib\site-packages\statsmodels\regression\mixed_linear_model.py:2237: ConvergenceWarning: The MLE may be on the boundary of the parameter space.
  warnings.warn(msg, ConvergenceWarning)
C:\Users\ayesha.gull01\AppData\Local\Programs\Python\Python313\Lib\site-packages\statsmodels\regression\mixed_linear_model.py:2237: ConvergenceWarning: The MLE may be on the boundary of the parameter space.
  warnings.warn(msg, ConvergenceWarning)
C:\Users\ayesha.gull01\AppData\Local\Programs\Python\Python313\Lib\site-packages\statsmodels\regression\mixed_linear_model.py:2237: ConvergenceWarning: The MLE may be on the boundary of the parameter space.
  warnings.warn(msg, ConvergenceWarning)
C:\Users\ayesha.gull01\AppData\Local\Programs\Python\Python313\Lib\site-packages\statsmodels\regression\mixed_linear_model.py:2237: ConvergenceWarning: The MLE may be on the boundary of the parameter space.
  warnings.warn(msg, ConvergenceWarning)
C:\Users\ayesha.gull01\AppData\Local\Programs\Python\Python313\Lib\site-packages\statsmodels\regression\mixed_linear_model.py:2237: ConvergenceWarning: The MLE may be on the boundary of the parameter space.
  warnings.warn(msg, ConvergenceWarning)
C:\Users\ayesha.gull01\AppData\Local\Programs\Python\Python313\Lib\site-packages\statsmodels\regression\mixed_linear_model.py:2237: ConvergenceWarning: The MLE may be on the boundary of the parameter space.
  warnings.warn(msg, ConvergenceWarning)
C:\Users\ayesha.gull01\AppData\Local\Programs\Python\Python313\Lib\site-packages\statsmodels\regression\mixed_linear_model.py:2237: ConvergenceWarning: The MLE may be on the boundary of the parameter space.
  warnings.warn(msg, ConvergenceWarning)
C:\Users\ayesha.gull01\AppData\Local\Programs\Python\Python313\Lib\site-packages\statsmodels\regression\mixed_linear_model.py:2237: ConvergenceWarning: The MLE may be on the boundary of the parameter space.
  warnings.warn(msg, ConvergenceWarning)
C:\Users\ayesha.gull01\AppData\Local\Programs\Python\Python313\Lib\site-packages\statsmodels\regression\mixed_linear_model.py:2237: ConvergenceWarning: The MLE may be on the boundary of the parameter space.
  warnings.warn(msg, ConvergenceWarning)
C:\Users\ayesha.gull01\AppData\Local\Programs\Python\Python313\Lib\site-packages\statsmodels\regression\mixed_linear_model.py:2237: ConvergenceWarning: The MLE may be on the boundary of the parameter space.
  warnings.warn(msg, ConvergenceWarning)
C:\Users\ayesha.gull01\AppData\Local\Programs\Python\Python313\Lib\site-packages\statsmodels\regression\mixed_linear_model.py:2237: ConvergenceWarning: The MLE may be on the boundary of the parameter space.
  warnings.warn(msg, ConvergenceWarning)
C:\Users\ayesha.gull01\AppData\Local\Programs\Python\Python313\Lib\site-packages\statsmodels\base\model.py:607: ConvergenceWarning: Maximum Likelihood optimization failed to converge. Check mle_retvals
  warnings.warn("Maximum Likelihood optimization failed to "
C:\Users\ayesha.gull01\AppData\Local\Programs\Python\Python313\Lib\site-packages\statsmodels\regression\mixed_linear_model.py:2206: ConvergenceWarning: MixedLM optimization failed, trying a different optimizer may help.
  warnings.warn(msg, ConvergenceWarning)
C:\Users\ayesha.gull01\AppData\Local\Programs\Python\Python313\Lib\site-packages\statsmodels\regression\mixed_linear_model.py:2218: ConvergenceWarning: Gradient optimization failed, |grad| = 8.103213
  warnings.warn(msg, ConvergenceWarning)
C:\Users\ayesha.gull01\AppData\Local\Programs\Python\Python313\Lib\site-packages\statsmodels\regression\mixed_linear_model.py:2237: ConvergenceWarning: The MLE may be on the boundary of the parameter space.
  warnings.warn(msg, ConvergenceWarning)
C:\Users\ayesha.gull01\AppData\Local\Programs\Python\Python313\Lib\site-packages\statsmodels\regression\mixed_linear_model.py:2261: ConvergenceWarning: The Hessian matrix at the estimated parameter values is not positive definite.
  warnings.warn(msg, ConvergenceWarning)
M3_S10_R1_sma0.03_rho0.0_beta0.05: 300 datasets in 53s
C:\Users\ayesha.gull01\AppData\Local\Programs\Python\Python313\Lib\site-packages\statsmodels\base\model.py:607: ConvergenceWarning: Maximum Likelihood optimization failed to converge. Check mle_retvals
  warnings.warn("Maximum Likelihood optimization failed to "
C:\Users\ayesha.gull01\AppData\Local\Programs\Python\Python313\Lib\site-packages\statsmodels\regression\mixed_linear_model.py:2206: ConvergenceWarning: MixedLM optimization failed, trying a different optimizer may help.
  warnings.warn(msg, ConvergenceWarning)
C:\Users\ayesha.gull01\AppData\Local\Programs\Python\Python313\Lib\site-packages\statsmodels\regression\mixed_linear_model.py:2218: ConvergenceWarning: Gradient optimization failed, |grad| = 10.875854
  warnings.warn(msg, ConvergenceWarning)
C:\Users\ayesha.gull01\AppData\Local\Programs\Python\Python313\Lib\site-packages\statsmodels\regression\mixed_linear_model.py:2237: ConvergenceWarning: The MLE may be on the boundary of the parameter space.
  warnings.warn(msg, ConvergenceWarning)
C:\Users\ayesha.gull01\AppData\Local\Programs\Python\Python313\Lib\site-packages\statsmodels\regression\mixed_linear_model.py:2261: ConvergenceWarning: The Hessian matrix at the estimated parameter values is not positive definite.
  warnings.warn(msg, ConvergenceWarning)
C:\Users\ayesha.gull01\AppData\Local\Programs\Python\Python313\Lib\site-packages\statsmodels\regression\mixed_linear_model.py:2237: ConvergenceWarning: The MLE may be on the boundary of the parameter space.
  warnings.warn(msg, ConvergenceWarning)
C:\Users\ayesha.gull01\AppData\Local\Programs\Python\Python313\Lib\site-packages\statsmodels\regression\mixed_linear_model.py:2237: ConvergenceWarning: The MLE may be on the boundary of the parameter space.
  warnings.warn(msg, ConvergenceWarning)
C:\Users\ayesha.gull01\AppData\Local\Programs\Python\Python313\Lib\site-packages\statsmodels\regression\mixed_linear_model.py:2237: ConvergenceWarning: The MLE may be on the boundary of the parameter space.
  warnings.warn(msg, ConvergenceWarning)
C:\Users\ayesha.gull01\AppData\Local\Programs\Python\Python313\Lib\site-packages\statsmodels\regression\mixed_linear_model.py:2237: ConvergenceWarning: The MLE may be on the boundary of the parameter space.
  warnings.warn(msg, ConvergenceWarning)
C:\Users\ayesha.gull01\AppData\Local\Programs\Python\Python313\Lib\site-packages\statsmodels\regression\mixed_linear_model.py:2261: ConvergenceWarning: The Hessian matrix at the estimated parameter values is not positive definite.
  warnings.warn(msg, ConvergenceWarning)
C:\Users\ayesha.gull01\AppData\Local\Programs\Python\Python313\Lib\site-packages\statsmodels\regression\mixed_linear_model.py:2237: ConvergenceWarning: The MLE may be on the boundary of the parameter space.
  warnings.warn(msg, ConvergenceWarning)
C:\Users\ayesha.gull01\AppData\Local\Programs\Python\Python313\Lib\site-packages\statsmodels\regression\mixed_linear_model.py:2237: ConvergenceWarning: The MLE may be on the boundary of the parameter space.
  warnings.warn(msg, ConvergenceWarning)
C:\Users\ayesha.gull01\AppData\Local\Programs\Python\Python313\Lib\site-packages\statsmodels\regression\mixed_linear_model.py:2237: ConvergenceWarning: The MLE may be on the boundary of the parameter space.
  warnings.warn(msg, ConvergenceWarning)
C:\Users\ayesha.gull01\AppData\Local\Programs\Python\Python313\Lib\site-packages\statsmodels\regression\mixed_linear_model.py:2237: ConvergenceWarning: The MLE may be on the boundary of the parameter space.
  warnings.warn(msg, ConvergenceWarning)
C:\Users\ayesha.gull01\AppData\Local\Programs\Python\Python313\Lib\site-packages\statsmodels\regression\mixed_linear_model.py:2237: ConvergenceWarning: The MLE may be on the boundary of the parameter space.
  warnings.warn(msg, ConvergenceWarning)
C:\Users\ayesha.gull01\AppData\Local\Programs\Python\Python313\Lib\site-packages\statsmodels\base\model.py:607: ConvergenceWarning: Maximum Likelihood optimization failed to converge. Check mle_retvals
  warnings.warn("Maximum Likelihood optimization failed to "
C:\Users\ayesha.gull01\AppData\Local\Programs\Python\Python313\Lib\site-packages\statsmodels\regression\mixed_linear_model.py:2206: ConvergenceWarning: MixedLM optimization failed, trying a different optimizer may help.
  warnings.warn(msg, ConvergenceWarning)
C:\Users\ayesha.gull01\AppData\Local\Programs\Python\Python313\Lib\site-packages\statsmodels\regression\mixed_linear_model.py:2218: ConvergenceWarning: Gradient optimization failed, |grad| = 2.688554
  warnings.warn(msg, ConvergenceWarning)
C:\Users\ayesha.gull01\AppData\Local\Programs\Python\Python313\Lib\site-packages\statsmodels\regression\mixed_linear_model.py:2237: ConvergenceWarning: The MLE may be on the boundary of the parameter space.
  warnings.warn(msg, ConvergenceWarning)
C:\Users\ayesha.gull01\AppData\Local\Programs\Python\Python313\Lib\site-packages\statsmodels\regression\mixed_linear_model.py:2237: ConvergenceWarning: The MLE may be on the boundary of the parameter space.
  warnings.warn(msg, ConvergenceWarning)
C:\Users\ayesha.gull01\AppData\Local\Programs\Python\Python313\Lib\site-packages\statsmodels\regression\mixed_linear_model.py:2261: ConvergenceWarning: The Hessian matrix at the estimated parameter values is not positive definite.
  warnings.warn(msg, ConvergenceWarning)
M3_S10_R1_sma0.03_rho0.5_beta0.0: 300 datasets in 49s
C:\Users\ayesha.gull01\AppData\Local\Programs\Python\Python313\Lib\site-packages\statsmodels\regression\mixed_linear_model.py:2237: ConvergenceWarning: The MLE may be on the boundary of the parameter space.
  warnings.warn(msg, ConvergenceWarning)
C:\Users\ayesha.gull01\AppData\Local\Programs\Python\Python313\Lib\site-packages\statsmodels\regression\mixed_linear_model.py:2261: ConvergenceWarning: The Hessian matrix at the estimated parameter values is not positive definite.
  warnings.warn(msg, ConvergenceWarning)
C:\Users\ayesha.gull01\AppData\Local\Programs\Python\Python313\Lib\site-packages\statsmodels\base\model.py:607: ConvergenceWarning: Maximum Likelihood optimization failed to converge. Check mle_retvals
  warnings.warn("Maximum Likelihood optimization failed to "
C:\Users\ayesha.gull01\AppData\Local\Programs\Python\Python313\Lib\site-packages\statsmodels\regression\mixed_linear_model.py:2206: ConvergenceWarning: MixedLM optimization failed, trying a different optimizer may help.
  warnings.warn(msg, ConvergenceWarning)
C:\Users\ayesha.gull01\AppData\Local\Programs\Python\Python313\Lib\site-packages\statsmodels\regression\mixed_linear_model.py:2218: ConvergenceWarning: Gradient optimization failed, |grad| = 5.188895
  warnings.warn(msg, ConvergenceWarning)
C:\Users\ayesha.gull01\AppData\Local\Programs\Python\Python313\Lib\site-packages\statsmodels\regression\mixed_linear_model.py:2237: ConvergenceWarning: The MLE may be on the boundary of the parameter space.
  warnings.warn(msg, ConvergenceWarning)
C:\Users\ayesha.gull01\AppData\Local\Programs\Python\Python313\Lib\site-packages\statsmodels\regression\mixed_linear_model.py:2237: ConvergenceWarning: The MLE may be on the boundary of the parameter space.
  warnings.warn(msg, ConvergenceWarning)
C:\Users\ayesha.gull01\AppData\Local\Programs\Python\Python313\Lib\site-packages\statsmodels\regression\mixed_linear_model.py:2237: ConvergenceWarning: The MLE may be on the boundary of the parameter space.
  warnings.warn(msg, ConvergenceWarning)
C:\Users\ayesha.gull01\AppData\Local\Programs\Python\Python313\Lib\site-packages\statsmodels\regression\mixed_linear_model.py:2237: ConvergenceWarning: The MLE may be on the boundary of the parameter space.
  warnings.warn(msg, ConvergenceWarning)
C:\Users\ayesha.gull01\AppData\Local\Programs\Python\Python313\Lib\site-packages\statsmodels\regression\mixed_linear_model.py:2237: ConvergenceWarning: The MLE may be on the boundary of the parameter space.
  warnings.warn(msg, ConvergenceWarning)
C:\Users\ayesha.gull01\AppData\Local\Programs\Python\Python313\Lib\site-packages\statsmodels\regression\mixed_linear_model.py:2237: ConvergenceWarning: The MLE may be on the boundary of the parameter space.
  warnings.warn(msg, ConvergenceWarning)
C:\Users\ayesha.gull01\AppData\Local\Programs\Python\Python313\Lib\site-packages\statsmodels\regression\mixed_linear_model.py:2237: ConvergenceWarning: The MLE may be on the boundary of the parameter space.
  warnings.warn(msg, ConvergenceWarning)
C:\Users\ayesha.gull01\AppData\Local\Programs\Python\Python313\Lib\site-packages\statsmodels\regression\mixed_linear_model.py:2237: ConvergenceWarning: The MLE may be on the boundary of the parameter space.
  warnings.warn(msg, ConvergenceWarning)
C:\Users\ayesha.gull01\AppData\Local\Programs\Python\Python313\Lib\site-packages\statsmodels\regression\mixed_linear_model.py:2237: ConvergenceWarning: The MLE may be on the boundary of the parameter space.
  warnings.warn(msg, ConvergenceWarning)
C:\Users\ayesha.gull01\AppData\Local\Programs\Python\Python313\Lib\site-packages\statsmodels\regression\mixed_linear_model.py:2261: ConvergenceWarning: The Hessian matrix at the estimated parameter values is not positive definite.
  warnings.warn(msg, ConvergenceWarning)
C:\Users\ayesha.gull01\AppData\Local\Programs\Python\Python313\Lib\site-packages\statsmodels\regression\mixed_linear_model.py:2237: ConvergenceWarning: The MLE may be on the boundary of the parameter space.
  warnings.warn(msg, ConvergenceWarning)
C:\Users\ayesha.gull01\AppData\Local\Programs\Python\Python313\Lib\site-packages\statsmodels\regression\mixed_linear_model.py:2237: ConvergenceWarning: The MLE may be on the boundary of the parameter space.
  warnings.warn(msg, ConvergenceWarning)
M3_S10_R1_sma0.03_rho0.5_beta0.05: 300 datasets in 51s
C:\Users\ayesha.gull01\AppData\Local\Programs\Python\Python313\Lib\site-packages\statsmodels\regression\mixed_linear_model.py:2237: ConvergenceWarning: The MLE may be on the boundary of the parameter space.
  warnings.warn(msg, ConvergenceWarning)
C:\Users\ayesha.gull01\AppData\Local\Programs\Python\Python313\Lib\site-packages\statsmodels\regression\mixed_linear_model.py:2237: ConvergenceWarning: The MLE may be on the boundary of the parameter space.
  warnings.warn(msg, ConvergenceWarning)
C:\Users\ayesha.gull01\AppData\Local\Programs\Python\Python313\Lib\site-packages\statsmodels\regression\mixed_linear_model.py:2237: ConvergenceWarning: The MLE may be on the boundary of the parameter space.
  warnings.warn(msg, ConvergenceWarning)
C:\Users\ayesha.gull01\AppData\Local\Programs\Python\Python313\Lib\site-packages\statsmodels\regression\mixed_linear_model.py:2237: ConvergenceWarning: The MLE may be on the boundary of the parameter space.
  warnings.warn(msg, ConvergenceWarning)
C:\Users\ayesha.gull01\AppData\Local\Programs\Python\Python313\Lib\site-packages\statsmodels\regression\mixed_linear_model.py:2237: ConvergenceWarning: The MLE may be on the boundary of the parameter space.
  warnings.warn(msg, ConvergenceWarning)
C:\Users\ayesha.gull01\AppData\Local\Programs\Python\Python313\Lib\site-packages\statsmodels\regression\mixed_linear_model.py:2237: ConvergenceWarning: The MLE may be on the boundary of the parameter space.
  warnings.warn(msg, ConvergenceWarning)
C:\Users\ayesha.gull01\AppData\Local\Programs\Python\Python313\Lib\site-packages\statsmodels\regression\mixed_linear_model.py:2237: ConvergenceWarning: The MLE may be on the boundary of the parameter space.
  warnings.warn(msg, ConvergenceWarning)
C:\Users\ayesha.gull01\AppData\Local\Programs\Python\Python313\Lib\site-packages\statsmodels\regression\mixed_linear_model.py:2261: ConvergenceWarning: The Hessian matrix at the estimated parameter values is not positive definite.
  warnings.warn(msg, ConvergenceWarning)
C:\Users\ayesha.gull01\AppData\Local\Programs\Python\Python313\Lib\site-packages\statsmodels\base\model.py:607: ConvergenceWarning: Maximum Likelihood optimization failed to converge. Check mle_retvals
  warnings.warn("Maximum Likelihood optimization failed to "
C:\Users\ayesha.gull01\AppData\Local\Programs\Python\Python313\Lib\site-packages\statsmodels\regression\mixed_linear_model.py:2206: ConvergenceWarning: MixedLM optimization failed, trying a different optimizer may help.
  warnings.warn(msg, ConvergenceWarning)
C:\Users\ayesha.gull01\AppData\Local\Programs\Python\Python313\Lib\site-packages\statsmodels\regression\mixed_linear_model.py:2218: ConvergenceWarning: Gradient optimization failed, |grad| = 11.714110
  warnings.warn(msg, ConvergenceWarning)
C:\Users\ayesha.gull01\AppData\Local\Programs\Python\Python313\Lib\site-packages\statsmodels\regression\mixed_linear_model.py:2237: ConvergenceWarning: The MLE may be on the boundary of the parameter space.
  warnings.warn(msg, ConvergenceWarning)
C:\Users\ayesha.gull01\AppData\Local\Programs\Python\Python313\Lib\site-packages\statsmodels\regression\mixed_linear_model.py:2261: ConvergenceWarning: The Hessian matrix at the estimated parameter values is not positive definite.
  warnings.warn(msg, ConvergenceWarning)
C:\Users\ayesha.gull01\AppData\Local\Programs\Python\Python313\Lib\site-packages\statsmodels\regression\mixed_linear_model.py:2237: ConvergenceWarning: The MLE may be on the boundary of the parameter space.
  warnings.warn(msg, ConvergenceWarning)
C:\Users\ayesha.gull01\AppData\Local\Programs\Python\Python313\Lib\site-packages\statsmodels\regression\mixed_linear_model.py:2261: ConvergenceWarning: The Hessian matrix at the estimated parameter values is not positive definite.
  warnings.warn(msg, ConvergenceWarning)
C:\Users\ayesha.gull01\AppData\Local\Programs\Python\Python313\Lib\site-packages\statsmodels\base\model.py:607: ConvergenceWarning: Maximum Likelihood optimization failed to converge. Check mle_retvals
  warnings.warn("Maximum Likelihood optimization failed to "
C:\Users\ayesha.gull01\AppData\Local\Programs\Python\Python313\Lib\site-packages\statsmodels\regression\mixed_linear_model.py:2206: ConvergenceWarning: MixedLM optimization failed, trying a different optimizer may help.
  warnings.warn(msg, ConvergenceWarning)
C:\Users\ayesha.gull01\AppData\Local\Programs\Python\Python313\Lib\site-packages\statsmodels\regression\mixed_linear_model.py:2218: ConvergenceWarning: Gradient optimization failed, |grad| = 14.228678
  warnings.warn(msg, ConvergenceWarning)
C:\Users\ayesha.gull01\AppData\Local\Programs\Python\Python313\Lib\site-packages\statsmodels\regression\mixed_linear_model.py:2237: ConvergenceWarning: The MLE may be on the boundary of the parameter space.
  warnings.warn(msg, ConvergenceWarning)
C:\Users\ayesha.gull01\AppData\Local\Programs\Python\Python313\Lib\site-packages\statsmodels\regression\mixed_linear_model.py:2261: ConvergenceWarning: The Hessian matrix at the estimated parameter values is not positive definite.
  warnings.warn(msg, ConvergenceWarning)
C:\Users\ayesha.gull01\AppData\Local\Programs\Python\Python313\Lib\site-packages\statsmodels\base\model.py:607: ConvergenceWarning: Maximum Likelihood optimization failed to converge. Check mle_retvals
  warnings.warn("Maximum Likelihood optimization failed to "
C:\Users\ayesha.gull01\AppData\Local\Programs\Python\Python313\Lib\site-packages\statsmodels\regression\mixed_linear_model.py:2206: ConvergenceWarning: MixedLM optimization failed, trying a different optimizer may help.
  warnings.warn(msg, ConvergenceWarning)
C:\Users\ayesha.gull01\AppData\Local\Programs\Python\Python313\Lib\site-packages\statsmodels\regression\mixed_linear_model.py:2218: ConvergenceWarning: Gradient optimization failed, |grad| = 14.903695
  warnings.warn(msg, ConvergenceWarning)
C:\Users\ayesha.gull01\AppData\Local\Programs\Python\Python313\Lib\site-packages\statsmodels\regression\mixed_linear_model.py:2237: ConvergenceWarning: The MLE may be on the boundary of the parameter space.
  warnings.warn(msg, ConvergenceWarning)
C:\Users\ayesha.gull01\AppData\Local\Programs\Python\Python313\Lib\site-packages\statsmodels\regression\mixed_linear_model.py:2261: ConvergenceWarning: The Hessian matrix at the estimated parameter values is not positive definite.
  warnings.warn(msg, ConvergenceWarning)
C:\Users\ayesha.gull01\AppData\Local\Programs\Python\Python313\Lib\site-packages\statsmodels\base\model.py:607: ConvergenceWarning: Maximum Likelihood optimization failed to converge. Check mle_retvals
  warnings.warn("Maximum Likelihood optimization failed to "
C:\Users\ayesha.gull01\AppData\Local\Programs\Python\Python313\Lib\site-packages\statsmodels\regression\mixed_linear_model.py:2206: ConvergenceWarning: MixedLM optimization failed, trying a different optimizer may help.
  warnings.warn(msg, ConvergenceWarning)
C:\Users\ayesha.gull01\AppData\Local\Programs\Python\Python313\Lib\site-packages\statsmodels\regression\mixed_linear_model.py:2218: ConvergenceWarning: Gradient optimization failed, |grad| = 17.017770
  warnings.warn(msg, ConvergenceWarning)
C:\Users\ayesha.gull01\AppData\Local\Programs\Python\Python313\Lib\site-packages\statsmodels\regression\mixed_linear_model.py:2237: ConvergenceWarning: The MLE may be on the boundary of the parameter space.
  warnings.warn(msg, ConvergenceWarning)
C:\Users\ayesha.gull01\AppData\Local\Programs\Python\Python313\Lib\site-packages\statsmodels\regression\mixed_linear_model.py:2261: ConvergenceWarning: The Hessian matrix at the estimated parameter values is not positive definite.
  warnings.warn(msg, ConvergenceWarning)
M6_S5_R1_sma0.0_rho0.0_beta0.0: 300 datasets in 57s
C:\Users\ayesha.gull01\AppData\Local\Programs\Python\Python313\Lib\site-packages\statsmodels\regression\mixed_linear_model.py:2237: ConvergenceWarning: The MLE may be on the boundary of the parameter space.
  warnings.warn(msg, ConvergenceWarning)
C:\Users\ayesha.gull01\AppData\Local\Programs\Python\Python313\Lib\site-packages\statsmodels\regression\mixed_linear_model.py:2237: ConvergenceWarning: The MLE may be on the boundary of the parameter space.
  warnings.warn(msg, ConvergenceWarning)
C:\Users\ayesha.gull01\AppData\Local\Programs\Python\Python313\Lib\site-packages\statsmodels\regression\mixed_linear_model.py:2237: ConvergenceWarning: The MLE may be on the boundary of the parameter space.
  warnings.warn(msg, ConvergenceWarning)
C:\Users\ayesha.gull01\AppData\Local\Programs\Python\Python313\Lib\site-packages\statsmodels\regression\mixed_linear_model.py:2237: ConvergenceWarning: The MLE may be on the boundary of the parameter space.
  warnings.warn(msg, ConvergenceWarning)
C:\Users\ayesha.gull01\AppData\Local\Programs\Python\Python313\Lib\site-packages\statsmodels\base\model.py:607: ConvergenceWarning: Maximum Likelihood optimization failed to converge. Check mle_retvals
  warnings.warn("Maximum Likelihood optimization failed to "
C:\Users\ayesha.gull01\AppData\Local\Programs\Python\Python313\Lib\site-packages\statsmodels\regression\mixed_linear_model.py:2206: ConvergenceWarning: MixedLM optimization failed, trying a different optimizer may help.
  warnings.warn(msg, ConvergenceWarning)
C:\Users\ayesha.gull01\AppData\Local\Programs\Python\Python313\Lib\site-packages\statsmodels\regression\mixed_linear_model.py:2218: ConvergenceWarning: Gradient optimization failed, |grad| = 13.553356
  warnings.warn(msg, ConvergenceWarning)
C:\Users\ayesha.gull01\AppData\Local\Programs\Python\Python313\Lib\site-packages\statsmodels\regression\mixed_linear_model.py:2237: ConvergenceWarning: The MLE may be on the boundary of the parameter space.
  warnings.warn(msg, ConvergenceWarning)
C:\Users\ayesha.gull01\AppData\Local\Programs\Python\Python313\Lib\site-packages\statsmodels\regression\mixed_linear_model.py:2261: ConvergenceWarning: The Hessian matrix at the estimated parameter values is not positive definite.
  warnings.warn(msg, ConvergenceWarning)
C:\Users\ayesha.gull01\AppData\Local\Programs\Python\Python313\Lib\site-packages\statsmodels\base\model.py:607: ConvergenceWarning: Maximum Likelihood optimization failed to converge. Check mle_retvals
  warnings.warn("Maximum Likelihood optimization failed to "
C:\Users\ayesha.gull01\AppData\Local\Programs\Python\Python313\Lib\site-packages\statsmodels\regression\mixed_linear_model.py:2206: ConvergenceWarning: MixedLM optimization failed, trying a different optimizer may help.
  warnings.warn(msg, ConvergenceWarning)
C:\Users\ayesha.gull01\AppData\Local\Programs\Python\Python313\Lib\site-packages\statsmodels\regression\mixed_linear_model.py:2218: ConvergenceWarning: Gradient optimization failed, |grad| = 11.251923
  warnings.warn(msg, ConvergenceWarning)
C:\Users\ayesha.gull01\AppData\Local\Programs\Python\Python313\Lib\site-packages\statsmodels\regression\mixed_linear_model.py:2237: ConvergenceWarning: The MLE may be on the boundary of the parameter space.
  warnings.warn(msg, ConvergenceWarning)
C:\Users\ayesha.gull01\AppData\Local\Programs\Python\Python313\Lib\site-packages\statsmodels\regression\mixed_linear_model.py:2261: ConvergenceWarning: The Hessian matrix at the estimated parameter values is not positive definite.
  warnings.warn(msg, ConvergenceWarning)
C:\Users\ayesha.gull01\AppData\Local\Programs\Python\Python313\Lib\site-packages\statsmodels\base\model.py:607: ConvergenceWarning: Maximum Likelihood optimization failed to converge. Check mle_retvals
  warnings.warn("Maximum Likelihood optimization failed to "
C:\Users\ayesha.gull01\AppData\Local\Programs\Python\Python313\Lib\site-packages\statsmodels\regression\mixed_linear_model.py:2206: ConvergenceWarning: MixedLM optimization failed, trying a different optimizer may help.
  warnings.warn(msg, ConvergenceWarning)
C:\Users\ayesha.gull01\AppData\Local\Programs\Python\Python313\Lib\site-packages\statsmodels\regression\mixed_linear_model.py:2218: ConvergenceWarning: Gradient optimization failed, |grad| = 15.079010
  warnings.warn(msg, ConvergenceWarning)
C:\Users\ayesha.gull01\AppData\Local\Programs\Python\Python313\Lib\site-packages\statsmodels\regression\mixed_linear_model.py:2237: ConvergenceWarning: The MLE may be on the boundary of the parameter space.
  warnings.warn(msg, ConvergenceWarning)
C:\Users\ayesha.gull01\AppData\Local\Programs\Python\Python313\Lib\site-packages\statsmodels\regression\mixed_linear_model.py:2261: ConvergenceWarning: The Hessian matrix at the estimated parameter values is not positive definite.
  warnings.warn(msg, ConvergenceWarning)
C:\Users\ayesha.gull01\AppData\Local\Programs\Python\Python313\Lib\site-packages\statsmodels\regression\mixed_linear_model.py:2237: ConvergenceWarning: The MLE may be on the boundary of the parameter space.
  warnings.warn(msg, ConvergenceWarning)
C:\Users\ayesha.gull01\AppData\Local\Programs\Python\Python313\Lib\site-packages\statsmodels\regression\mixed_linear_model.py:2261: ConvergenceWarning: The Hessian matrix at the estimated parameter values is not positive definite.
  warnings.warn(msg, ConvergenceWarning)
C:\Users\ayesha.gull01\AppData\Local\Programs\Python\Python313\Lib\site-packages\statsmodels\regression\mixed_linear_model.py:2237: ConvergenceWarning: The MLE may be on the boundary of the parameter space.
  warnings.warn(msg, ConvergenceWarning)
C:\Users\ayesha.gull01\AppData\Local\Programs\Python\Python313\Lib\site-packages\statsmodels\regression\mixed_linear_model.py:2237: ConvergenceWarning: The MLE may be on the boundary of the parameter space.
  warnings.warn(msg, ConvergenceWarning)
C:\Users\ayesha.gull01\AppData\Local\Programs\Python\Python313\Lib\site-packages\statsmodels\base\model.py:607: ConvergenceWarning: Maximum Likelihood optimization failed to converge. Check mle_retvals
  warnings.warn("Maximum Likelihood optimization failed to "
C:\Users\ayesha.gull01\AppData\Local\Programs\Python\Python313\Lib\site-packages\statsmodels\regression\mixed_linear_model.py:2206: ConvergenceWarning: MixedLM optimization failed, trying a different optimizer may help.
  warnings.warn(msg, ConvergenceWarning)
C:\Users\ayesha.gull01\AppData\Local\Programs\Python\Python313\Lib\site-packages\statsmodels\regression\mixed_linear_model.py:2218: ConvergenceWarning: Gradient optimization failed, |grad| = 11.392842
  warnings.warn(msg, ConvergenceWarning)
C:\Users\ayesha.gull01\AppData\Local\Programs\Python\Python313\Lib\site-packages\statsmodels\regression\mixed_linear_model.py:2237: ConvergenceWarning: The MLE may be on the boundary of the parameter space.
  warnings.warn(msg, ConvergenceWarning)
C:\Users\ayesha.gull01\AppData\Local\Programs\Python\Python313\Lib\site-packages\statsmodels\regression\mixed_linear_model.py:2261: ConvergenceWarning: The Hessian matrix at the estimated parameter values is not positive definite.
  warnings.warn(msg, ConvergenceWarning)
C:\Users\ayesha.gull01\AppData\Local\Programs\Python\Python313\Lib\site-packages\statsmodels\regression\mixed_linear_model.py:2237: ConvergenceWarning: The MLE may be on the boundary of the parameter space.
  warnings.warn(msg, ConvergenceWarning)
C:\Users\ayesha.gull01\AppData\Local\Programs\Python\Python313\Lib\site-packages\statsmodels\regression\mixed_linear_model.py:2261: ConvergenceWarning: The Hessian matrix at the estimated parameter values is not positive definite.
  warnings.warn(msg, ConvergenceWarning)
M6_S5_R1_sma0.0_rho0.0_beta0.05: 300 datasets in 54s
C:\Users\ayesha.gull01\AppData\Local\Programs\Python\Python313\Lib\site-packages\statsmodels\regression\mixed_linear_model.py:2237: ConvergenceWarning: The MLE may be on the boundary of the parameter space.
  warnings.warn(msg, ConvergenceWarning)
C:\Users\ayesha.gull01\AppData\Local\Programs\Python\Python313\Lib\site-packages\statsmodels\regression\mixed_linear_model.py:2237: ConvergenceWarning: The MLE may be on the boundary of the parameter space.
  warnings.warn(msg, ConvergenceWarning)
C:\Users\ayesha.gull01\AppData\Local\Programs\Python\Python313\Lib\site-packages\statsmodels\regression\mixed_linear_model.py:2237: ConvergenceWarning: The MLE may be on the boundary of the parameter space.
  warnings.warn(msg, ConvergenceWarning)
C:\Users\ayesha.gull01\AppData\Local\Programs\Python\Python313\Lib\site-packages\statsmodels\regression\mixed_linear_model.py:2237: ConvergenceWarning: The MLE may be on the boundary of the parameter space.
  warnings.warn(msg, ConvergenceWarning)
C:\Users\ayesha.gull01\AppData\Local\Programs\Python\Python313\Lib\site-packages\statsmodels\regression\mixed_linear_model.py:2237: ConvergenceWarning: The MLE may be on the boundary of the parameter space.
  warnings.warn(msg, ConvergenceWarning)
C:\Users\ayesha.gull01\AppData\Local\Programs\Python\Python313\Lib\site-packages\statsmodels\base\model.py:607: ConvergenceWarning: Maximum Likelihood optimization failed to converge. Check mle_retvals
  warnings.warn("Maximum Likelihood optimization failed to "
C:\Users\ayesha.gull01\AppData\Local\Programs\Python\Python313\Lib\site-packages\statsmodels\regression\mixed_linear_model.py:2237: ConvergenceWarning: The MLE may be on the boundary of the parameter space.
  warnings.warn(msg, ConvergenceWarning)
C:\Users\ayesha.gull01\AppData\Local\Programs\Python\Python313\Lib\site-packages\statsmodels\regression\mixed_linear_model.py:2206: ConvergenceWarning: MixedLM optimization failed, trying a different optimizer may help.
  warnings.warn(msg, ConvergenceWarning)
C:\Users\ayesha.gull01\AppData\Local\Programs\Python\Python313\Lib\site-packages\statsmodels\regression\mixed_linear_model.py:2218: ConvergenceWarning: Gradient optimization failed, |grad| = 4.569017
  warnings.warn(msg, ConvergenceWarning)
C:\Users\ayesha.gull01\AppData\Local\Programs\Python\Python313\Lib\site-packages\statsmodels\regression\mixed_linear_model.py:2237: ConvergenceWarning: The MLE may be on the boundary of the parameter space.
  warnings.warn(msg, ConvergenceWarning)
C:\Users\ayesha.gull01\AppData\Local\Programs\Python\Python313\Lib\site-packages\statsmodels\regression\mixed_linear_model.py:2261: ConvergenceWarning: The Hessian matrix at the estimated parameter values is not positive definite.
  warnings.warn(msg, ConvergenceWarning)
C:\Users\ayesha.gull01\AppData\Local\Programs\Python\Python313\Lib\site-packages\statsmodels\regression\mixed_linear_model.py:2237: ConvergenceWarning: The MLE may be on the boundary of the parameter space.
  warnings.warn(msg, ConvergenceWarning)
C:\Users\ayesha.gull01\AppData\Local\Programs\Python\Python313\Lib\site-packages\statsmodels\regression\mixed_linear_model.py:2237: ConvergenceWarning: The MLE may be on the boundary of the parameter space.
  warnings.warn(msg, ConvergenceWarning)
C:\Users\ayesha.gull01\AppData\Local\Programs\Python\Python313\Lib\site-packages\statsmodels\regression\mixed_linear_model.py:2261: ConvergenceWarning: The Hessian matrix at the estimated parameter values is not positive definite.
  warnings.warn(msg, ConvergenceWarning)
C:\Users\ayesha.gull01\AppData\Local\Programs\Python\Python313\Lib\site-packages\statsmodels\regression\mixed_linear_model.py:2237: ConvergenceWarning: The MLE may be on the boundary of the parameter space.
  warnings.warn(msg, ConvergenceWarning)
C:\Users\ayesha.gull01\AppData\Local\Programs\Python\Python313\Lib\site-packages\statsmodels\base\model.py:607: ConvergenceWarning: Maximum Likelihood optimization failed to converge. Check mle_retvals
  warnings.warn("Maximum Likelihood optimization failed to "
C:\Users\ayesha.gull01\AppData\Local\Programs\Python\Python313\Lib\site-packages\statsmodels\regression\mixed_linear_model.py:2206: ConvergenceWarning: MixedLM optimization failed, trying a different optimizer may help.
  warnings.warn(msg, ConvergenceWarning)
C:\Users\ayesha.gull01\AppData\Local\Programs\Python\Python313\Lib\site-packages\statsmodels\regression\mixed_linear_model.py:2218: ConvergenceWarning: Gradient optimization failed, |grad| = 5.122643
  warnings.warn(msg, ConvergenceWarning)
C:\Users\ayesha.gull01\AppData\Local\Programs\Python\Python313\Lib\site-packages\statsmodels\regression\mixed_linear_model.py:2237: ConvergenceWarning: The MLE may be on the boundary of the parameter space.
  warnings.warn(msg, ConvergenceWarning)
C:\Users\ayesha.gull01\AppData\Local\Programs\Python\Python313\Lib\site-packages\statsmodels\regression\mixed_linear_model.py:2261: ConvergenceWarning: The Hessian matrix at the estimated parameter values is not positive definite.
  warnings.warn(msg, ConvergenceWarning)
C:\Users\ayesha.gull01\AppData\Local\Programs\Python\Python313\Lib\site-packages\statsmodels\regression\mixed_linear_model.py:2237: ConvergenceWarning: The MLE may be on the boundary of the parameter space.
  warnings.warn(msg, ConvergenceWarning)
C:\Users\ayesha.gull01\AppData\Local\Programs\Python\Python313\Lib\site-packages\statsmodels\regression\mixed_linear_model.py:2261: ConvergenceWarning: The Hessian matrix at the estimated parameter values is not positive definite.
  warnings.warn(msg, ConvergenceWarning)
M6_S5_R1_sma0.03_rho0.0_beta0.0: 300 datasets in 53s
C:\Users\ayesha.gull01\AppData\Local\Programs\Python\Python313\Lib\site-packages\statsmodels\regression\mixed_linear_model.py:2237: ConvergenceWarning: The MLE may be on the boundary of the parameter space.
  warnings.warn(msg, ConvergenceWarning)
C:\Users\ayesha.gull01\AppData\Local\Programs\Python\Python313\Lib\site-packages\statsmodels\regression\mixed_linear_model.py:2237: ConvergenceWarning: The MLE may be on the boundary of the parameter space.
  warnings.warn(msg, ConvergenceWarning)
C:\Users\ayesha.gull01\AppData\Local\Programs\Python\Python313\Lib\site-packages\statsmodels\base\model.py:607: ConvergenceWarning: Maximum Likelihood optimization failed to converge. Check mle_retvals
  warnings.warn("Maximum Likelihood optimization failed to "
C:\Users\ayesha.gull01\AppData\Local\Programs\Python\Python313\Lib\site-packages\statsmodels\regression\mixed_linear_model.py:2261: ConvergenceWarning: The Hessian matrix at the estimated parameter values is not positive definite.
  warnings.warn(msg, ConvergenceWarning)
C:\Users\ayesha.gull01\AppData\Local\Programs\Python\Python313\Lib\site-packages\statsmodels\regression\mixed_linear_model.py:2206: ConvergenceWarning: MixedLM optimization failed, trying a different optimizer may help.
  warnings.warn(msg, ConvergenceWarning)
C:\Users\ayesha.gull01\AppData\Local\Programs\Python\Python313\Lib\site-packages\statsmodels\regression\mixed_linear_model.py:2218: ConvergenceWarning: Gradient optimization failed, |grad| = 3.486253
  warnings.warn(msg, ConvergenceWarning)
C:\Users\ayesha.gull01\AppData\Local\Programs\Python\Python313\Lib\site-packages\statsmodels\regression\mixed_linear_model.py:2237: ConvergenceWarning: The MLE may be on the boundary of the parameter space.
  warnings.warn(msg, ConvergenceWarning)
C:\Users\ayesha.gull01\AppData\Local\Programs\Python\Python313\Lib\site-packages\statsmodels\base\model.py:607: ConvergenceWarning: Maximum Likelihood optimization failed to converge. Check mle_retvals
  warnings.warn("Maximum Likelihood optimization failed to "
C:\Users\ayesha.gull01\AppData\Local\Programs\Python\Python313\Lib\site-packages\statsmodels\regression\mixed_linear_model.py:2206: ConvergenceWarning: MixedLM optimization failed, trying a different optimizer may help.
  warnings.warn(msg, ConvergenceWarning)
C:\Users\ayesha.gull01\AppData\Local\Programs\Python\Python313\Lib\site-packages\statsmodels\regression\mixed_linear_model.py:2218: ConvergenceWarning: Gradient optimization failed, |grad| = 2.752811
  warnings.warn(msg, ConvergenceWarning)
C:\Users\ayesha.gull01\AppData\Local\Programs\Python\Python313\Lib\site-packages\statsmodels\regression\mixed_linear_model.py:2237: ConvergenceWarning: The MLE may be on the boundary of the parameter space.
  warnings.warn(msg, ConvergenceWarning)
C:\Users\ayesha.gull01\AppData\Local\Programs\Python\Python313\Lib\site-packages\statsmodels\regression\mixed_linear_model.py:2237: ConvergenceWarning: The MLE may be on the boundary of the parameter space.
  warnings.warn(msg, ConvergenceWarning)
C:\Users\ayesha.gull01\AppData\Local\Programs\Python\Python313\Lib\site-packages\statsmodels\regression\mixed_linear_model.py:2237: ConvergenceWarning: The MLE may be on the boundary of the parameter space.
  warnings.warn(msg, ConvergenceWarning)
C:\Users\ayesha.gull01\AppData\Local\Programs\Python\Python313\Lib\site-packages\statsmodels\regression\mixed_linear_model.py:2237: ConvergenceWarning: The MLE may be on the boundary of the parameter space.
  warnings.warn(msg, ConvergenceWarning)
C:\Users\ayesha.gull01\AppData\Local\Programs\Python\Python313\Lib\site-packages\statsmodels\regression\mixed_linear_model.py:2261: ConvergenceWarning: The Hessian matrix at the estimated parameter values is not positive definite.
  warnings.warn(msg, ConvergenceWarning)
C:\Users\ayesha.gull01\AppData\Local\Programs\Python\Python313\Lib\site-packages\statsmodels\regression\mixed_linear_model.py:2237: ConvergenceWarning: The MLE may be on the boundary of the parameter space.
  warnings.warn(msg, ConvergenceWarning)
C:\Users\ayesha.gull01\AppData\Local\Programs\Python\Python313\Lib\site-packages\statsmodels\base\model.py:607: ConvergenceWarning: Maximum Likelihood optimization failed to converge. Check mle_retvals
  warnings.warn("Maximum Likelihood optimization failed to "
C:\Users\ayesha.gull01\AppData\Local\Programs\Python\Python313\Lib\site-packages\statsmodels\regression\mixed_linear_model.py:2206: ConvergenceWarning: MixedLM optimization failed, trying a different optimizer may help.
  warnings.warn(msg, ConvergenceWarning)
C:\Users\ayesha.gull01\AppData\Local\Programs\Python\Python313\Lib\site-packages\statsmodels\regression\mixed_linear_model.py:2218: ConvergenceWarning: Gradient optimization failed, |grad| = 12.818649
  warnings.warn(msg, ConvergenceWarning)
C:\Users\ayesha.gull01\AppData\Local\Programs\Python\Python313\Lib\site-packages\statsmodels\regression\mixed_linear_model.py:2237: ConvergenceWarning: The MLE may be on the boundary of the parameter space.
  warnings.warn(msg, ConvergenceWarning)
C:\Users\ayesha.gull01\AppData\Local\Programs\Python\Python313\Lib\site-packages\statsmodels\regression\mixed_linear_model.py:2261: ConvergenceWarning: The Hessian matrix at the estimated parameter values is not positive definite.
  warnings.warn(msg, ConvergenceWarning)
C:\Users\ayesha.gull01\AppData\Local\Programs\Python\Python313\Lib\site-packages\statsmodels\regression\mixed_linear_model.py:2237: ConvergenceWarning: The MLE may be on the boundary of the parameter space.
  warnings.warn(msg, ConvergenceWarning)
C:\Users\ayesha.gull01\AppData\Local\Programs\Python\Python313\Lib\site-packages\statsmodels\regression\mixed_linear_model.py:2261: ConvergenceWarning: The Hessian matrix at the estimated parameter values is not positive definite.
  warnings.warn(msg, ConvergenceWarning)
C:\Users\ayesha.gull01\AppData\Local\Programs\Python\Python313\Lib\site-packages\statsmodels\regression\mixed_linear_model.py:2237: ConvergenceWarning: The MLE may be on the boundary of the parameter space.
  warnings.warn(msg, ConvergenceWarning)
C:\Users\ayesha.gull01\AppData\Local\Programs\Python\Python313\Lib\site-packages\statsmodels\base\model.py:607: ConvergenceWarning: Maximum Likelihood optimization failed to converge. Check mle_retvals
  warnings.warn("Maximum Likelihood optimization failed to "
C:\Users\ayesha.gull01\AppData\Local\Programs\Python\Python313\Lib\site-packages\statsmodels\regression\mixed_linear_model.py:2206: ConvergenceWarning: MixedLM optimization failed, trying a different optimizer may help.
  warnings.warn(msg, ConvergenceWarning)
C:\Users\ayesha.gull01\AppData\Local\Programs\Python\Python313\Lib\site-packages\statsmodels\regression\mixed_linear_model.py:2218: ConvergenceWarning: Gradient optimization failed, |grad| = 4.664836
  warnings.warn(msg, ConvergenceWarning)
C:\Users\ayesha.gull01\AppData\Local\Programs\Python\Python313\Lib\site-packages\statsmodels\regression\mixed_linear_model.py:2237: ConvergenceWarning: The MLE may be on the boundary of the parameter space.
  warnings.warn(msg, ConvergenceWarning)
M6_S5_R1_sma0.03_rho0.0_beta0.05: 300 datasets in 57s
C:\Users\ayesha.gull01\AppData\Local\Programs\Python\Python313\Lib\site-packages\statsmodels\regression\mixed_linear_model.py:2237: ConvergenceWarning: The MLE may be on the boundary of the parameter space.
  warnings.warn(msg, ConvergenceWarning)
C:\Users\ayesha.gull01\AppData\Local\Programs\Python\Python313\Lib\site-packages\statsmodels\base\model.py:607: ConvergenceWarning: Maximum Likelihood optimization failed to converge. Check mle_retvals
  warnings.warn("Maximum Likelihood optimization failed to "
C:\Users\ayesha.gull01\AppData\Local\Programs\Python\Python313\Lib\site-packages\statsmodels\regression\mixed_linear_model.py:2206: ConvergenceWarning: MixedLM optimization failed, trying a different optimizer may help.
  warnings.warn(msg, ConvergenceWarning)
C:\Users\ayesha.gull01\AppData\Local\Programs\Python\Python313\Lib\site-packages\statsmodels\regression\mixed_linear_model.py:2218: ConvergenceWarning: Gradient optimization failed, |grad| = 4.191298
  warnings.warn(msg, ConvergenceWarning)
C:\Users\ayesha.gull01\AppData\Local\Programs\Python\Python313\Lib\site-packages\statsmodels\regression\mixed_linear_model.py:2237: ConvergenceWarning: The MLE may be on the boundary of the parameter space.
  warnings.warn(msg, ConvergenceWarning)
C:\Users\ayesha.gull01\AppData\Local\Programs\Python\Python313\Lib\site-packages\statsmodels\regression\mixed_linear_model.py:2237: ConvergenceWarning: The MLE may be on the boundary of the parameter space.
  warnings.warn(msg, ConvergenceWarning)
C:\Users\ayesha.gull01\AppData\Local\Programs\Python\Python313\Lib\site-packages\statsmodels\regression\mixed_linear_model.py:2261: ConvergenceWarning: The Hessian matrix at the estimated parameter values is not positive definite.
  warnings.warn(msg, ConvergenceWarning)
C:\Users\ayesha.gull01\AppData\Local\Programs\Python\Python313\Lib\site-packages\statsmodels\regression\mixed_linear_model.py:2237: ConvergenceWarning: The MLE may be on the boundary of the parameter space.
  warnings.warn(msg, ConvergenceWarning)
C:\Users\ayesha.gull01\AppData\Local\Programs\Python\Python313\Lib\site-packages\statsmodels\base\model.py:607: ConvergenceWarning: Maximum Likelihood optimization failed to converge. Check mle_retvals
  warnings.warn("Maximum Likelihood optimization failed to "
C:\Users\ayesha.gull01\AppData\Local\Programs\Python\Python313\Lib\site-packages\statsmodels\regression\mixed_linear_model.py:2206: ConvergenceWarning: MixedLM optimization failed, trying a different optimizer may help.
  warnings.warn(msg, ConvergenceWarning)
C:\Users\ayesha.gull01\AppData\Local\Programs\Python\Python313\Lib\site-packages\statsmodels\regression\mixed_linear_model.py:2218: ConvergenceWarning: Gradient optimization failed, |grad| = 4.236401
  warnings.warn(msg, ConvergenceWarning)
C:\Users\ayesha.gull01\AppData\Local\Programs\Python\Python313\Lib\site-packages\statsmodels\regression\mixed_linear_model.py:2237: ConvergenceWarning: The MLE may be on the boundary of the parameter space.
  warnings.warn(msg, ConvergenceWarning)
C:\Users\ayesha.gull01\AppData\Local\Programs\Python\Python313\Lib\site-packages\statsmodels\base\model.py:607: ConvergenceWarning: Maximum Likelihood optimization failed to converge. Check mle_retvals
  warnings.warn("Maximum Likelihood optimization failed to "
C:\Users\ayesha.gull01\AppData\Local\Programs\Python\Python313\Lib\site-packages\statsmodels\regression\mixed_linear_model.py:2206: ConvergenceWarning: MixedLM optimization failed, trying a different optimizer may help.
  warnings.warn(msg, ConvergenceWarning)
C:\Users\ayesha.gull01\AppData\Local\Programs\Python\Python313\Lib\site-packages\statsmodels\regression\mixed_linear_model.py:2218: ConvergenceWarning: Gradient optimization failed, |grad| = 10.542929
  warnings.warn(msg, ConvergenceWarning)
C:\Users\ayesha.gull01\AppData\Local\Programs\Python\Python313\Lib\site-packages\statsmodels\regression\mixed_linear_model.py:2237: ConvergenceWarning: The MLE may be on the boundary of the parameter space.
  warnings.warn(msg, ConvergenceWarning)
C:\Users\ayesha.gull01\AppData\Local\Programs\Python\Python313\Lib\site-packages\statsmodels\regression\mixed_linear_model.py:2237: ConvergenceWarning: The MLE may be on the boundary of the parameter space.
  warnings.warn(msg, ConvergenceWarning)
C:\Users\ayesha.gull01\AppData\Local\Programs\Python\Python313\Lib\site-packages\statsmodels\regression\mixed_linear_model.py:2261: ConvergenceWarning: The Hessian matrix at the estimated parameter values is not positive definite.
  warnings.warn(msg, ConvergenceWarning)
C:\Users\ayesha.gull01\AppData\Local\Programs\Python\Python313\Lib\site-packages\statsmodels\regression\mixed_linear_model.py:2237: ConvergenceWarning: The MLE may be on the boundary of the parameter space.
  warnings.warn(msg, ConvergenceWarning)
C:\Users\ayesha.gull01\AppData\Local\Programs\Python\Python313\Lib\site-packages\statsmodels\regression\mixed_linear_model.py:2237: ConvergenceWarning: The MLE may be on the boundary of the parameter space.
  warnings.warn(msg, ConvergenceWarning)
C:\Users\ayesha.gull01\AppData\Local\Programs\Python\Python313\Lib\site-packages\statsmodels\regression\mixed_linear_model.py:2237: ConvergenceWarning: The MLE may be on the boundary of the parameter space.
  warnings.warn(msg, ConvergenceWarning)
C:\Users\ayesha.gull01\AppData\Local\Programs\Python\Python313\Lib\site-packages\statsmodels\regression\mixed_linear_model.py:2261: ConvergenceWarning: The Hessian matrix at the estimated parameter values is not positive definite.
  warnings.warn(msg, ConvergenceWarning)
C:\Users\ayesha.gull01\AppData\Local\Programs\Python\Python313\Lib\site-packages\statsmodels\regression\mixed_linear_model.py:2237: ConvergenceWarning: The MLE may be on the boundary of the parameter space.
  warnings.warn(msg, ConvergenceWarning)
C:\Users\ayesha.gull01\AppData\Local\Programs\Python\Python313\Lib\site-packages\statsmodels\regression\mixed_linear_model.py:2237: ConvergenceWarning: The MLE may be on the boundary of the parameter space.
  warnings.warn(msg, ConvergenceWarning)
C:\Users\ayesha.gull01\AppData\Local\Programs\Python\Python313\Lib\site-packages\statsmodels\regression\mixed_linear_model.py:2261: ConvergenceWarning: The Hessian matrix at the estimated parameter values is not positive definite.
  warnings.warn(msg, ConvergenceWarning)
M6_S5_R1_sma0.03_rho0.5_beta0.0: 300 datasets in 54s
C:\Users\ayesha.gull01\AppData\Local\Programs\Python\Python313\Lib\site-packages\statsmodels\regression\mixed_linear_model.py:2237: ConvergenceWarning: The MLE may be on the boundary of the parameter space.
  warnings.warn(msg, ConvergenceWarning)
C:\Users\ayesha.gull01\AppData\Local\Programs\Python\Python313\Lib\site-packages\statsmodels\regression\mixed_linear_model.py:2237: ConvergenceWarning: The MLE may be on the boundary of the parameter space.
  warnings.warn(msg, ConvergenceWarning)
C:\Users\ayesha.gull01\AppData\Local\Programs\Python\Python313\Lib\site-packages\statsmodels\regression\mixed_linear_model.py:2237: ConvergenceWarning: The MLE may be on the boundary of the parameter space.
  warnings.warn(msg, ConvergenceWarning)
C:\Users\ayesha.gull01\AppData\Local\Programs\Python\Python313\Lib\site-packages\statsmodels\regression\mixed_linear_model.py:2237: ConvergenceWarning: The MLE may be on the boundary of the parameter space.
  warnings.warn(msg, ConvergenceWarning)
C:\Users\ayesha.gull01\AppData\Local\Programs\Python\Python313\Lib\site-packages\statsmodels\regression\mixed_linear_model.py:2237: ConvergenceWarning: The MLE may be on the boundary of the parameter space.
  warnings.warn(msg, ConvergenceWarning)
C:\Users\ayesha.gull01\AppData\Local\Programs\Python\Python313\Lib\site-packages\statsmodels\regression\mixed_linear_model.py:2237: ConvergenceWarning: The MLE may be on the boundary of the parameter space.
  warnings.warn(msg, ConvergenceWarning)
C:\Users\ayesha.gull01\AppData\Local\Programs\Python\Python313\Lib\site-packages\statsmodels\regression\mixed_linear_model.py:2237: ConvergenceWarning: The MLE may be on the boundary of the parameter space.
  warnings.warn(msg, ConvergenceWarning)
C:\Users\ayesha.gull01\AppData\Local\Programs\Python\Python313\Lib\site-packages\statsmodels\regression\mixed_linear_model.py:2261: ConvergenceWarning: The Hessian matrix at the estimated parameter values is not positive definite.
  warnings.warn(msg, ConvergenceWarning)
C:\Users\ayesha.gull01\AppData\Local\Programs\Python\Python313\Lib\site-packages\statsmodels\base\model.py:607: ConvergenceWarning: Maximum Likelihood optimization failed to converge. Check mle_retvals
  warnings.warn("Maximum Likelihood optimization failed to "
C:\Users\ayesha.gull01\AppData\Local\Programs\Python\Python313\Lib\site-packages\statsmodels\regression\mixed_linear_model.py:2206: ConvergenceWarning: MixedLM optimization failed, trying a different optimizer may help.
  warnings.warn(msg, ConvergenceWarning)
C:\Users\ayesha.gull01\AppData\Local\Programs\Python\Python313\Lib\site-packages\statsmodels\regression\mixed_linear_model.py:2218: ConvergenceWarning: Gradient optimization failed, |grad| = 21.227454
  warnings.warn(msg, ConvergenceWarning)
C:\Users\ayesha.gull01\AppData\Local\Programs\Python\Python313\Lib\site-packages\statsmodels\regression\mixed_linear_model.py:2237: ConvergenceWarning: The MLE may be on the boundary of the parameter space.
  warnings.warn(msg, ConvergenceWarning)
C:\Users\ayesha.gull01\AppData\Local\Programs\Python\Python313\Lib\site-packages\statsmodels\regression\mixed_linear_model.py:2261: ConvergenceWarning: The Hessian matrix at the estimated parameter values is not positive definite.
  warnings.warn(msg, ConvergenceWarning)
C:\Users\ayesha.gull01\AppData\Local\Programs\Python\Python313\Lib\site-packages\statsmodels\regression\mixed_linear_model.py:2237: ConvergenceWarning: The MLE may be on the boundary of the parameter space.
  warnings.warn(msg, ConvergenceWarning)
C:\Users\ayesha.gull01\AppData\Local\Programs\Python\Python313\Lib\site-packages\statsmodels\base\model.py:607: ConvergenceWarning: Maximum Likelihood optimization failed to converge. Check mle_retvals
  warnings.warn("Maximum Likelihood optimization failed to "
C:\Users\ayesha.gull01\AppData\Local\Programs\Python\Python313\Lib\site-packages\statsmodels\regression\mixed_linear_model.py:2206: ConvergenceWarning: MixedLM optimization failed, trying a different optimizer may help.
  warnings.warn(msg, ConvergenceWarning)
C:\Users\ayesha.gull01\AppData\Local\Programs\Python\Python313\Lib\site-packages\statsmodels\regression\mixed_linear_model.py:2218: ConvergenceWarning: Gradient optimization failed, |grad| = 6.123361
  warnings.warn(msg, ConvergenceWarning)
C:\Users\ayesha.gull01\AppData\Local\Programs\Python\Python313\Lib\site-packages\statsmodels\regression\mixed_linear_model.py:2237: ConvergenceWarning: The MLE may be on the boundary of the parameter space.
  warnings.warn(msg, ConvergenceWarning)
C:\Users\ayesha.gull01\AppData\Local\Programs\Python\Python313\Lib\site-packages\statsmodels\base\model.py:607: ConvergenceWarning: Maximum Likelihood optimization failed to converge. Check mle_retvals
  warnings.warn("Maximum Likelihood optimization failed to "
C:\Users\ayesha.gull01\AppData\Local\Programs\Python\Python313\Lib\site-packages\statsmodels\regression\mixed_linear_model.py:2206: ConvergenceWarning: MixedLM optimization failed, trying a different optimizer may help.
  warnings.warn(msg, ConvergenceWarning)
C:\Users\ayesha.gull01\AppData\Local\Programs\Python\Python313\Lib\site-packages\statsmodels\regression\mixed_linear_model.py:2218: ConvergenceWarning: Gradient optimization failed, |grad| = 11.684549
  warnings.warn(msg, ConvergenceWarning)
C:\Users\ayesha.gull01\AppData\Local\Programs\Python\Python313\Lib\site-packages\statsmodels\regression\mixed_linear_model.py:2237: ConvergenceWarning: The MLE may be on the boundary of the parameter space.
  warnings.warn(msg, ConvergenceWarning)
C:\Users\ayesha.gull01\AppData\Local\Programs\Python\Python313\Lib\site-packages\statsmodels\regression\mixed_linear_model.py:2261: ConvergenceWarning: The Hessian matrix at the estimated parameter values is not positive definite.
  warnings.warn(msg, ConvergenceWarning)
C:\Users\ayesha.gull01\AppData\Local\Programs\Python\Python313\Lib\site-packages\statsmodels\regression\mixed_linear_model.py:2237: ConvergenceWarning: The MLE may be on the boundary of the parameter space.
  warnings.warn(msg, ConvergenceWarning)
M6_S5_R1_sma0.03_rho0.5_beta0.05: 300 datasets in 53s
C:\Users\ayesha.gull01\AppData\Local\Programs\Python\Python313\Lib\site-packages\statsmodels\regression\mixed_linear_model.py:2237: ConvergenceWarning: The MLE may be on the boundary of the parameter space.
  warnings.warn(msg, ConvergenceWarning)
C:\Users\ayesha.gull01\AppData\Local\Programs\Python\Python313\Lib\site-packages\statsmodels\regression\mixed_linear_model.py:2237: ConvergenceWarning: The MLE may be on the boundary of the parameter space.
  warnings.warn(msg, ConvergenceWarning)
C:\Users\ayesha.gull01\AppData\Local\Programs\Python\Python313\Lib\site-packages\statsmodels\regression\mixed_linear_model.py:2237: ConvergenceWarning: The MLE may be on the boundary of the parameter space.
  warnings.warn(msg, ConvergenceWarning)
C:\Users\ayesha.gull01\AppData\Local\Programs\Python\Python313\Lib\site-packages\statsmodels\regression\mixed_linear_model.py:2237: ConvergenceWarning: The MLE may be on the boundary of the parameter space.
  warnings.warn(msg, ConvergenceWarning)
C:\Users\ayesha.gull01\AppData\Local\Programs\Python\Python313\Lib\site-packages\statsmodels\base\model.py:607: ConvergenceWarning: Maximum Likelihood optimization failed to converge. Check mle_retvals
  warnings.warn("Maximum Likelihood optimization failed to "
C:\Users\ayesha.gull01\AppData\Local\Programs\Python\Python313\Lib\site-packages\statsmodels\regression\mixed_linear_model.py:2206: ConvergenceWarning: MixedLM optimization failed, trying a different optimizer may help.
  warnings.warn(msg, ConvergenceWarning)
C:\Users\ayesha.gull01\AppData\Local\Programs\Python\Python313\Lib\site-packages\statsmodels\regression\mixed_linear_model.py:2218: ConvergenceWarning: Gradient optimization failed, |grad| = 2.748163
  warnings.warn(msg, ConvergenceWarning)
C:\Users\ayesha.gull01\AppData\Local\Programs\Python\Python313\Lib\site-packages\statsmodels\regression\mixed_linear_model.py:2237: ConvergenceWarning: The MLE may be on the boundary of the parameter space.
  warnings.warn(msg, ConvergenceWarning)
C:\Users\ayesha.gull01\AppData\Local\Programs\Python\Python313\Lib\site-packages\statsmodels\regression\mixed_linear_model.py:2237: ConvergenceWarning: The MLE may be on the boundary of the parameter space.
  warnings.warn(msg, ConvergenceWarning)
C:\Users\ayesha.gull01\AppData\Local\Programs\Python\Python313\Lib\site-packages\statsmodels\regression\mixed_linear_model.py:2237: ConvergenceWarning: The MLE may be on the boundary of the parameter space.
  warnings.warn(msg, ConvergenceWarning)
C:\Users\ayesha.gull01\AppData\Local\Programs\Python\Python313\Lib\site-packages\statsmodels\regression\mixed_linear_model.py:2261: ConvergenceWarning: The Hessian matrix at the estimated parameter values is not positive definite.
  warnings.warn(msg, ConvergenceWarning)
C:\Users\ayesha.gull01\AppData\Local\Programs\Python\Python313\Lib\site-packages\statsmodels\base\model.py:607: ConvergenceWarning: Maximum Likelihood optimization failed to converge. Check mle_retvals
  warnings.warn("Maximum Likelihood optimization failed to "
C:\Users\ayesha.gull01\AppData\Local\Programs\Python\Python313\Lib\site-packages\statsmodels\regression\mixed_linear_model.py:2206: ConvergenceWarning: MixedLM optimization failed, trying a different optimizer may help.
  warnings.warn(msg, ConvergenceWarning)
C:\Users\ayesha.gull01\AppData\Local\Programs\Python\Python313\Lib\site-packages\statsmodels\regression\mixed_linear_model.py:2218: ConvergenceWarning: Gradient optimization failed, |grad| = 13.944249
  warnings.warn(msg, ConvergenceWarning)
C:\Users\ayesha.gull01\AppData\Local\Programs\Python\Python313\Lib\site-packages\statsmodels\regression\mixed_linear_model.py:2237: ConvergenceWarning: The MLE may be on the boundary of the parameter space.
  warnings.warn(msg, ConvergenceWarning)
C:\Users\ayesha.gull01\AppData\Local\Programs\Python\Python313\Lib\site-packages\statsmodels\regression\mixed_linear_model.py:2261: ConvergenceWarning: The Hessian matrix at the estimated parameter values is not positive definite.
  warnings.warn(msg, ConvergenceWarning)
C:\Users\ayesha.gull01\AppData\Local\Programs\Python\Python313\Lib\site-packages\statsmodels\base\model.py:607: ConvergenceWarning: Maximum Likelihood optimization failed to converge. Check mle_retvals
  warnings.warn("Maximum Likelihood optimization failed to "
C:\Users\ayesha.gull01\AppData\Local\Programs\Python\Python313\Lib\site-packages\statsmodels\regression\mixed_linear_model.py:2206: ConvergenceWarning: MixedLM optimization failed, trying a different optimizer may help.
  warnings.warn(msg, ConvergenceWarning)
C:\Users\ayesha.gull01\AppData\Local\Programs\Python\Python313\Lib\site-packages\statsmodels\regression\mixed_linear_model.py:2218: ConvergenceWarning: Gradient optimization failed, |grad| = 35.990923
  warnings.warn(msg, ConvergenceWarning)
C:\Users\ayesha.gull01\AppData\Local\Programs\Python\Python313\Lib\site-packages\statsmodels\regression\mixed_linear_model.py:2237: ConvergenceWarning: The MLE may be on the boundary of the parameter space.
  warnings.warn(msg, ConvergenceWarning)
C:\Users\ayesha.gull01\AppData\Local\Programs\Python\Python313\Lib\site-packages\statsmodels\regression\mixed_linear_model.py:2261: ConvergenceWarning: The Hessian matrix at the estimated parameter values is not positive definite.
  warnings.warn(msg, ConvergenceWarning)
C:\Users\ayesha.gull01\AppData\Local\Programs\Python\Python313\Lib\site-packages\statsmodels\base\model.py:607: ConvergenceWarning: Maximum Likelihood optimization failed to converge. Check mle_retvals
  warnings.warn("Maximum Likelihood optimization failed to "
C:\Users\ayesha.gull01\AppData\Local\Programs\Python\Python313\Lib\site-packages\statsmodels\regression\mixed_linear_model.py:2206: ConvergenceWarning: MixedLM optimization failed, trying a different optimizer may help.
  warnings.warn(msg, ConvergenceWarning)
C:\Users\ayesha.gull01\AppData\Local\Programs\Python\Python313\Lib\site-packages\statsmodels\regression\mixed_linear_model.py:2218: ConvergenceWarning: Gradient optimization failed, |grad| = 22.750559
  warnings.warn(msg, ConvergenceWarning)
C:\Users\ayesha.gull01\AppData\Local\Programs\Python\Python313\Lib\site-packages\statsmodels\regression\mixed_linear_model.py:2237: ConvergenceWarning: The MLE may be on the boundary of the parameter space.
  warnings.warn(msg, ConvergenceWarning)
C:\Users\ayesha.gull01\AppData\Local\Programs\Python\Python313\Lib\site-packages\statsmodels\regression\mixed_linear_model.py:2261: ConvergenceWarning: The Hessian matrix at the estimated parameter values is not positive definite.
  warnings.warn(msg, ConvergenceWarning)
C:\Users\ayesha.gull01\AppData\Local\Programs\Python\Python313\Lib\site-packages\statsmodels\base\model.py:607: ConvergenceWarning: Maximum Likelihood optimization failed to converge. Check mle_retvals
  warnings.warn("Maximum Likelihood optimization failed to "
C:\Users\ayesha.gull01\AppData\Local\Programs\Python\Python313\Lib\site-packages\statsmodels\regression\mixed_linear_model.py:2206: ConvergenceWarning: MixedLM optimization failed, trying a different optimizer may help.
  warnings.warn(msg, ConvergenceWarning)
C:\Users\ayesha.gull01\AppData\Local\Programs\Python\Python313\Lib\site-packages\statsmodels\regression\mixed_linear_model.py:2218: ConvergenceWarning: Gradient optimization failed, |grad| = 19.587327
  warnings.warn(msg, ConvergenceWarning)
C:\Users\ayesha.gull01\AppData\Local\Programs\Python\Python313\Lib\site-packages\statsmodels\regression\mixed_linear_model.py:2237: ConvergenceWarning: The MLE may be on the boundary of the parameter space.
  warnings.warn(msg, ConvergenceWarning)
C:\Users\ayesha.gull01\AppData\Local\Programs\Python\Python313\Lib\site-packages\statsmodels\regression\mixed_linear_model.py:2261: ConvergenceWarning: The Hessian matrix at the estimated parameter values is not positive definite.
  warnings.warn(msg, ConvergenceWarning)
C:\Users\ayesha.gull01\AppData\Local\Programs\Python\Python313\Lib\site-packages\statsmodels\base\model.py:607: ConvergenceWarning: Maximum Likelihood optimization failed to converge. Check mle_retvals
  warnings.warn("Maximum Likelihood optimization failed to "
C:\Users\ayesha.gull01\AppData\Local\Programs\Python\Python313\Lib\site-packages\statsmodels\regression\mixed_linear_model.py:2206: ConvergenceWarning: MixedLM optimization failed, trying a different optimizer may help.
  warnings.warn(msg, ConvergenceWarning)
C:\Users\ayesha.gull01\AppData\Local\Programs\Python\Python313\Lib\site-packages\statsmodels\regression\mixed_linear_model.py:2218: ConvergenceWarning: Gradient optimization failed, |grad| = 14.657845
  warnings.warn(msg, ConvergenceWarning)
C:\Users\ayesha.gull01\AppData\Local\Programs\Python\Python313\Lib\site-packages\statsmodels\regression\mixed_linear_model.py:2237: ConvergenceWarning: The MLE may be on the boundary of the parameter space.
  warnings.warn(msg, ConvergenceWarning)
C:\Users\ayesha.gull01\AppData\Local\Programs\Python\Python313\Lib\site-packages\statsmodels\regression\mixed_linear_model.py:2261: ConvergenceWarning: The Hessian matrix at the estimated parameter values is not positive definite.
  warnings.warn(msg, ConvergenceWarning)
M6_S10_R1_sma0.0_rho0.0_beta0.0: 300 datasets in 79s
C:\Users\ayesha.gull01\AppData\Local\Programs\Python\Python313\Lib\site-packages\statsmodels\regression\mixed_linear_model.py:2237: ConvergenceWarning: The MLE may be on the boundary of the parameter space.
  warnings.warn(msg, ConvergenceWarning)
C:\Users\ayesha.gull01\AppData\Local\Programs\Python\Python313\Lib\site-packages\statsmodels\regression\mixed_linear_model.py:2237: ConvergenceWarning: The MLE may be on the boundary of the parameter space.
  warnings.warn(msg, ConvergenceWarning)
C:\Users\ayesha.gull01\AppData\Local\Programs\Python\Python313\Lib\site-packages\statsmodels\regression\mixed_linear_model.py:2237: ConvergenceWarning: The MLE may be on the boundary of the parameter space.
  warnings.warn(msg, ConvergenceWarning)
C:\Users\ayesha.gull01\AppData\Local\Programs\Python\Python313\Lib\site-packages\statsmodels\base\model.py:607: ConvergenceWarning: Maximum Likelihood optimization failed to converge. Check mle_retvals
  warnings.warn("Maximum Likelihood optimization failed to "
C:\Users\ayesha.gull01\AppData\Local\Programs\Python\Python313\Lib\site-packages\statsmodels\regression\mixed_linear_model.py:2206: ConvergenceWarning: MixedLM optimization failed, trying a different optimizer may help.
  warnings.warn(msg, ConvergenceWarning)
C:\Users\ayesha.gull01\AppData\Local\Programs\Python\Python313\Lib\site-packages\statsmodels\regression\mixed_linear_model.py:2218: ConvergenceWarning: Gradient optimization failed, |grad| = 8.460061
  warnings.warn(msg, ConvergenceWarning)
C:\Users\ayesha.gull01\AppData\Local\Programs\Python\Python313\Lib\site-packages\statsmodels\regression\mixed_linear_model.py:2237: ConvergenceWarning: The MLE may be on the boundary of the parameter space.
  warnings.warn(msg, ConvergenceWarning)
C:\Users\ayesha.gull01\AppData\Local\Programs\Python\Python313\Lib\site-packages\statsmodels\regression\mixed_linear_model.py:2237: ConvergenceWarning: The MLE may be on the boundary of the parameter space.
  warnings.warn(msg, ConvergenceWarning)
C:\Users\ayesha.gull01\AppData\Local\Programs\Python\Python313\Lib\site-packages\statsmodels\regression\mixed_linear_model.py:2237: ConvergenceWarning: The MLE may be on the boundary of the parameter space.
  warnings.warn(msg, ConvergenceWarning)
C:\Users\ayesha.gull01\AppData\Local\Programs\Python\Python313\Lib\site-packages\statsmodels\regression\mixed_linear_model.py:2261: ConvergenceWarning: The Hessian matrix at the estimated parameter values is not positive definite.
  warnings.warn(msg, ConvergenceWarning)
C:\Users\ayesha.gull01\AppData\Local\Programs\Python\Python313\Lib\site-packages\statsmodels\regression\mixed_linear_model.py:2237: ConvergenceWarning: The MLE may be on the boundary of the parameter space.
  warnings.warn(msg, ConvergenceWarning)
C:\Users\ayesha.gull01\AppData\Local\Programs\Python\Python313\Lib\site-packages\statsmodels\base\model.py:607: ConvergenceWarning: Maximum Likelihood optimization failed to converge. Check mle_retvals
  warnings.warn("Maximum Likelihood optimization failed to "
C:\Users\ayesha.gull01\AppData\Local\Programs\Python\Python313\Lib\site-packages\statsmodels\regression\mixed_linear_model.py:2206: ConvergenceWarning: MixedLM optimization failed, trying a different optimizer may help.
  warnings.warn(msg, ConvergenceWarning)
C:\Users\ayesha.gull01\AppData\Local\Programs\Python\Python313\Lib\site-packages\statsmodels\regression\mixed_linear_model.py:2218: ConvergenceWarning: Gradient optimization failed, |grad| = 13.296749
  warnings.warn(msg, ConvergenceWarning)
C:\Users\ayesha.gull01\AppData\Local\Programs\Python\Python313\Lib\site-packages\statsmodels\regression\mixed_linear_model.py:2237: ConvergenceWarning: The MLE may be on the boundary of the parameter space.
  warnings.warn(msg, ConvergenceWarning)
C:\Users\ayesha.gull01\AppData\Local\Programs\Python\Python313\Lib\site-packages\statsmodels\regression\mixed_linear_model.py:2261: ConvergenceWarning: The Hessian matrix at the estimated parameter values is not positive definite.
  warnings.warn(msg, ConvergenceWarning)
C:\Users\ayesha.gull01\AppData\Local\Programs\Python\Python313\Lib\site-packages\statsmodels\base\model.py:607: ConvergenceWarning: Maximum Likelihood optimization failed to converge. Check mle_retvals
  warnings.warn("Maximum Likelihood optimization failed to "
C:\Users\ayesha.gull01\AppData\Local\Programs\Python\Python313\Lib\site-packages\statsmodels\regression\mixed_linear_model.py:2206: ConvergenceWarning: MixedLM optimization failed, trying a different optimizer may help.
  warnings.warn(msg, ConvergenceWarning)
C:\Users\ayesha.gull01\AppData\Local\Programs\Python\Python313\Lib\site-packages\statsmodels\regression\mixed_linear_model.py:2218: ConvergenceWarning: Gradient optimization failed, |grad| = 12.265445
  warnings.warn(msg, ConvergenceWarning)
C:\Users\ayesha.gull01\AppData\Local\Programs\Python\Python313\Lib\site-packages\statsmodels\regression\mixed_linear_model.py:2237: ConvergenceWarning: The MLE may be on the boundary of the parameter space.
  warnings.warn(msg, ConvergenceWarning)
C:\Users\ayesha.gull01\AppData\Local\Programs\Python\Python313\Lib\site-packages\statsmodels\regression\mixed_linear_model.py:2261: ConvergenceWarning: The Hessian matrix at the estimated parameter values is not positive definite.
  warnings.warn(msg, ConvergenceWarning)
C:\Users\ayesha.gull01\AppData\Local\Programs\Python\Python313\Lib\site-packages\statsmodels\regression\mixed_linear_model.py:2237: ConvergenceWarning: The MLE may be on the boundary of the parameter space.
  warnings.warn(msg, ConvergenceWarning)
C:\Users\ayesha.gull01\AppData\Local\Programs\Python\Python313\Lib\site-packages\statsmodels\regression\mixed_linear_model.py:2237: ConvergenceWarning: The MLE may be on the boundary of the parameter space.
  warnings.warn(msg, ConvergenceWarning)
C:\Users\ayesha.gull01\AppData\Local\Programs\Python\Python313\Lib\site-packages\statsmodels\regression\mixed_linear_model.py:2237: ConvergenceWarning: The MLE may be on the boundary of the parameter space.
  warnings.warn(msg, ConvergenceWarning)
C:\Users\ayesha.gull01\AppData\Local\Programs\Python\Python313\Lib\site-packages\statsmodels\regression\mixed_linear_model.py:2261: ConvergenceWarning: The Hessian matrix at the estimated parameter values is not positive definite.
  warnings.warn(msg, ConvergenceWarning)
M6_S10_R1_sma0.0_rho0.0_beta0.05: 300 datasets in 79s
C:\Users\ayesha.gull01\AppData\Local\Programs\Python\Python313\Lib\site-packages\statsmodels\regression\mixed_linear_model.py:2237: ConvergenceWarning: The MLE may be on the boundary of the parameter space.
  warnings.warn(msg, ConvergenceWarning)
C:\Users\ayesha.gull01\AppData\Local\Programs\Python\Python313\Lib\site-packages\statsmodels\regression\mixed_linear_model.py:2237: ConvergenceWarning: The MLE may be on the boundary of the parameter space.
  warnings.warn(msg, ConvergenceWarning)
C:\Users\ayesha.gull01\AppData\Local\Programs\Python\Python313\Lib\site-packages\statsmodels\regression\mixed_linear_model.py:2237: ConvergenceWarning: The MLE may be on the boundary of the parameter space.
  warnings.warn(msg, ConvergenceWarning)
C:\Users\ayesha.gull01\AppData\Local\Programs\Python\Python313\Lib\site-packages\statsmodels\regression\mixed_linear_model.py:2261: ConvergenceWarning: The Hessian matrix at the estimated parameter values is not positive definite.
  warnings.warn(msg, ConvergenceWarning)
C:\Users\ayesha.gull01\AppData\Local\Programs\Python\Python313\Lib\site-packages\statsmodels\regression\mixed_linear_model.py:2237: ConvergenceWarning: The MLE may be on the boundary of the parameter space.
  warnings.warn(msg, ConvergenceWarning)
C:\Users\ayesha.gull01\AppData\Local\Programs\Python\Python313\Lib\site-packages\statsmodels\regression\mixed_linear_model.py:2237: ConvergenceWarning: The MLE may be on the boundary of the parameter space.
  warnings.warn(msg, ConvergenceWarning)
C:\Users\ayesha.gull01\AppData\Local\Programs\Python\Python313\Lib\site-packages\statsmodels\base\model.py:607: ConvergenceWarning: Maximum Likelihood optimization failed to converge. Check mle_retvals
  warnings.warn("Maximum Likelihood optimization failed to "
C:\Users\ayesha.gull01\AppData\Local\Programs\Python\Python313\Lib\site-packages\statsmodels\regression\mixed_linear_model.py:2206: ConvergenceWarning: MixedLM optimization failed, trying a different optimizer may help.
  warnings.warn(msg, ConvergenceWarning)
C:\Users\ayesha.gull01\AppData\Local\Programs\Python\Python313\Lib\site-packages\statsmodels\regression\mixed_linear_model.py:2218: ConvergenceWarning: Gradient optimization failed, |grad| = 18.466291
  warnings.warn(msg, ConvergenceWarning)
C:\Users\ayesha.gull01\AppData\Local\Programs\Python\Python313\Lib\site-packages\statsmodels\regression\mixed_linear_model.py:2237: ConvergenceWarning: The MLE may be on the boundary of the parameter space.
  warnings.warn(msg, ConvergenceWarning)
C:\Users\ayesha.gull01\AppData\Local\Programs\Python\Python313\Lib\site-packages\statsmodels\base\model.py:607: ConvergenceWarning: Maximum Likelihood optimization failed to converge. Check mle_retvals
  warnings.warn("Maximum Likelihood optimization failed to "
C:\Users\ayesha.gull01\AppData\Local\Programs\Python\Python313\Lib\site-packages\statsmodels\regression\mixed_linear_model.py:2206: ConvergenceWarning: MixedLM optimization failed, trying a different optimizer may help.
  warnings.warn(msg, ConvergenceWarning)
C:\Users\ayesha.gull01\AppData\Local\Programs\Python\Python313\Lib\site-packages\statsmodels\regression\mixed_linear_model.py:2218: ConvergenceWarning: Gradient optimization failed, |grad| = 0.663243
  warnings.warn(msg, ConvergenceWarning)
C:\Users\ayesha.gull01\AppData\Local\Programs\Python\Python313\Lib\site-packages\statsmodels\regression\mixed_linear_model.py:2237: ConvergenceWarning: The MLE may be on the boundary of the parameter space.
  warnings.warn(msg, ConvergenceWarning)
C:\Users\ayesha.gull01\AppData\Local\Programs\Python\Python313\Lib\site-packages\statsmodels\regression\mixed_linear_model.py:2237: ConvergenceWarning: The MLE may be on the boundary of the parameter space.
  warnings.warn(msg, ConvergenceWarning)
C:\Users\ayesha.gull01\AppData\Local\Programs\Python\Python313\Lib\site-packages\statsmodels\regression\mixed_linear_model.py:2237: ConvergenceWarning: The MLE may be on the boundary of the parameter space.
  warnings.warn(msg, ConvergenceWarning)
C:\Users\ayesha.gull01\AppData\Local\Programs\Python\Python313\Lib\site-packages\statsmodels\regression\mixed_linear_model.py:2261: ConvergenceWarning: The Hessian matrix at the estimated parameter values is not positive definite.
  warnings.warn(msg, ConvergenceWarning)
C:\Users\ayesha.gull01\AppData\Local\Programs\Python\Python313\Lib\site-packages\statsmodels\regression\mixed_linear_model.py:2237: ConvergenceWarning: The MLE may be on the boundary of the parameter space.
  warnings.warn(msg, ConvergenceWarning)
C:\Users\ayesha.gull01\AppData\Local\Programs\Python\Python313\Lib\site-packages\statsmodels\regression\mixed_linear_model.py:2237: ConvergenceWarning: The MLE may be on the boundary of the parameter space.
  warnings.warn(msg, ConvergenceWarning)
C:\Users\ayesha.gull01\AppData\Local\Programs\Python\Python313\Lib\site-packages\statsmodels\regression\mixed_linear_model.py:2261: ConvergenceWarning: The Hessian matrix at the estimated parameter values is not positive definite.
  warnings.warn(msg, ConvergenceWarning)
C:\Users\ayesha.gull01\AppData\Local\Programs\Python\Python313\Lib\site-packages\statsmodels\base\model.py:607: ConvergenceWarning: Maximum Likelihood optimization failed to converge. Check mle_retvals
  warnings.warn("Maximum Likelihood optimization failed to "
C:\Users\ayesha.gull01\AppData\Local\Programs\Python\Python313\Lib\site-packages\statsmodels\regression\mixed_linear_model.py:2206: ConvergenceWarning: MixedLM optimization failed, trying a different optimizer may help.
  warnings.warn(msg, ConvergenceWarning)
C:\Users\ayesha.gull01\AppData\Local\Programs\Python\Python313\Lib\site-packages\statsmodels\regression\mixed_linear_model.py:2218: ConvergenceWarning: Gradient optimization failed, |grad| = 6.399872
  warnings.warn(msg, ConvergenceWarning)
C:\Users\ayesha.gull01\AppData\Local\Programs\Python\Python313\Lib\site-packages\statsmodels\regression\mixed_linear_model.py:2237: ConvergenceWarning: The MLE may be on the boundary of the parameter space.
  warnings.warn(msg, ConvergenceWarning)
C:\Users\ayesha.gull01\AppData\Local\Programs\Python\Python313\Lib\site-packages\statsmodels\regression\mixed_linear_model.py:2261: ConvergenceWarning: The Hessian matrix at the estimated parameter values is not positive definite.
  warnings.warn(msg, ConvergenceWarning)
M6_S10_R1_sma0.03_rho0.0_beta0.0: 300 datasets in 199s
C:\Users\ayesha.gull01\AppData\Local\Programs\Python\Python313\Lib\site-packages\statsmodels\regression\mixed_linear_model.py:2237: ConvergenceWarning: The MLE may be on the boundary of the parameter space.
  warnings.warn(msg, ConvergenceWarning)
C:\Users\ayesha.gull01\AppData\Local\Programs\Python\Python313\Lib\site-packages\statsmodels\regression\mixed_linear_model.py:2237: ConvergenceWarning: The MLE may be on the boundary of the parameter space.
  warnings.warn(msg, ConvergenceWarning)
C:\Users\ayesha.gull01\AppData\Local\Programs\Python\Python313\Lib\site-packages\statsmodels\regression\mixed_linear_model.py:2237: ConvergenceWarning: The MLE may be on the boundary of the parameter space.
  warnings.warn(msg, ConvergenceWarning)
C:\Users\ayesha.gull01\AppData\Local\Programs\Python\Python313\Lib\site-packages\statsmodels\regression\mixed_linear_model.py:2237: ConvergenceWarning: The MLE may be on the boundary of the parameter space.
  warnings.warn(msg, ConvergenceWarning)
C:\Users\ayesha.gull01\AppData\Local\Programs\Python\Python313\Lib\site-packages\statsmodels\regression\mixed_linear_model.py:2237: ConvergenceWarning: The MLE may be on the boundary of the parameter space.
  warnings.warn(msg, ConvergenceWarning)
C:\Users\ayesha.gull01\AppData\Local\Programs\Python\Python313\Lib\site-packages\statsmodels\base\model.py:607: ConvergenceWarning: Maximum Likelihood optimization failed to converge. Check mle_retvals
  warnings.warn("Maximum Likelihood optimization failed to "
C:\Users\ayesha.gull01\AppData\Local\Programs\Python\Python313\Lib\site-packages\statsmodels\regression\mixed_linear_model.py:2206: ConvergenceWarning: MixedLM optimization failed, trying a different optimizer may help.
  warnings.warn(msg, ConvergenceWarning)
C:\Users\ayesha.gull01\AppData\Local\Programs\Python\Python313\Lib\site-packages\statsmodels\regression\mixed_linear_model.py:2237: ConvergenceWarning: The MLE may be on the boundary of the parameter space.
  warnings.warn(msg, ConvergenceWarning)
C:\Users\ayesha.gull01\AppData\Local\Programs\Python\Python313\Lib\site-packages\statsmodels\regression\mixed_linear_model.py:2218: ConvergenceWarning: Gradient optimization failed, |grad| = 5.013913
  warnings.warn(msg, ConvergenceWarning)
C:\Users\ayesha.gull01\AppData\Local\Programs\Python\Python313\Lib\site-packages\statsmodels\regression\mixed_linear_model.py:2237: ConvergenceWarning: The MLE may be on the boundary of the parameter space.
  warnings.warn(msg, ConvergenceWarning)
C:\Users\ayesha.gull01\AppData\Local\Programs\Python\Python313\Lib\site-packages\statsmodels\regression\mixed_linear_model.py:2237: ConvergenceWarning: The MLE may be on the boundary of the parameter space.
  warnings.warn(msg, ConvergenceWarning)
C:\Users\ayesha.gull01\AppData\Local\Programs\Python\Python313\Lib\site-packages\statsmodels\regression\mixed_linear_model.py:2237: ConvergenceWarning: The MLE may be on the boundary of the parameter space.
  warnings.warn(msg, ConvergenceWarning)
C:\Users\ayesha.gull01\AppData\Local\Programs\Python\Python313\Lib\site-packages\statsmodels\regression\mixed_linear_model.py:2237: ConvergenceWarning: The MLE may be on the boundary of the parameter space.
  warnings.warn(msg, ConvergenceWarning)
C:\Users\ayesha.gull01\AppData\Local\Programs\Python\Python313\Lib\site-packages\statsmodels\regression\mixed_linear_model.py:2237: ConvergenceWarning: The MLE may be on the boundary of the parameter space.
  warnings.warn(msg, ConvergenceWarning)
C:\Users\ayesha.gull01\AppData\Local\Programs\Python\Python313\Lib\site-packages\statsmodels\regression\mixed_linear_model.py:2237: ConvergenceWarning: The MLE may be on the boundary of the parameter space.
  warnings.warn(msg, ConvergenceWarning)
M6_S10_R1_sma0.03_rho0.0_beta0.05: 300 datasets in 252s
C:\Users\ayesha.gull01\AppData\Local\Programs\Python\Python313\Lib\site-packages\statsmodels\regression\mixed_linear_model.py:2237: ConvergenceWarning: The MLE may be on the boundary of the parameter space.
  warnings.warn(msg, ConvergenceWarning)
C:\Users\ayesha.gull01\AppData\Local\Programs\Python\Python313\Lib\site-packages\statsmodels\regression\mixed_linear_model.py:2237: ConvergenceWarning: The MLE may be on the boundary of the parameter space.
  warnings.warn(msg, ConvergenceWarning)
C:\Users\ayesha.gull01\AppData\Local\Programs\Python\Python313\Lib\site-packages\statsmodels\regression\mixed_linear_model.py:2237: ConvergenceWarning: The MLE may be on the boundary of the parameter space.
  warnings.warn(msg, ConvergenceWarning)
C:\Users\ayesha.gull01\AppData\Local\Programs\Python\Python313\Lib\site-packages\statsmodels\regression\mixed_linear_model.py:2237: ConvergenceWarning: The MLE may be on the boundary of the parameter space.
  warnings.warn(msg, ConvergenceWarning)
C:\Users\ayesha.gull01\AppData\Local\Programs\Python\Python313\Lib\site-packages\statsmodels\regression\mixed_linear_model.py:2237: ConvergenceWarning: The MLE may be on the boundary of the parameter space.
  warnings.warn(msg, ConvergenceWarning)
C:\Users\ayesha.gull01\AppData\Local\Programs\Python\Python313\Lib\site-packages\statsmodels\regression\mixed_linear_model.py:2237: ConvergenceWarning: The MLE may be on the boundary of the parameter space.
  warnings.warn(msg, ConvergenceWarning)
C:\Users\ayesha.gull01\AppData\Local\Programs\Python\Python313\Lib\site-packages\statsmodels\base\model.py:607: ConvergenceWarning: Maximum Likelihood optimization failed to converge. Check mle_retvals
  warnings.warn("Maximum Likelihood optimization failed to "
C:\Users\ayesha.gull01\AppData\Local\Programs\Python\Python313\Lib\site-packages\statsmodels\regression\mixed_linear_model.py:2206: ConvergenceWarning: MixedLM optimization failed, trying a different optimizer may help.
  warnings.warn(msg, ConvergenceWarning)
C:\Users\ayesha.gull01\AppData\Local\Programs\Python\Python313\Lib\site-packages\statsmodels\regression\mixed_linear_model.py:2218: ConvergenceWarning: Gradient optimization failed, |grad| = 5.079252
  warnings.warn(msg, ConvergenceWarning)
C:\Users\ayesha.gull01\AppData\Local\Programs\Python\Python313\Lib\site-packages\statsmodels\regression\mixed_linear_model.py:2237: ConvergenceWarning: The MLE may be on the boundary of the parameter space.
  warnings.warn(msg, ConvergenceWarning)
C:\Users\ayesha.gull01\AppData\Local\Programs\Python\Python313\Lib\site-packages\statsmodels\regression\mixed_linear_model.py:2237: ConvergenceWarning: The MLE may be on the boundary of the parameter space.
  warnings.warn(msg, ConvergenceWarning)
C:\Users\ayesha.gull01\AppData\Local\Programs\Python\Python313\Lib\site-packages\statsmodels\regression\mixed_linear_model.py:2237: ConvergenceWarning: The MLE may be on the boundary of the parameter space.
  warnings.warn(msg, ConvergenceWarning)
C:\Users\ayesha.gull01\AppData\Local\Programs\Python\Python313\Lib\site-packages\statsmodels\base\model.py:607: ConvergenceWarning: Maximum Likelihood optimization failed to converge. Check mle_retvals
  warnings.warn("Maximum Likelihood optimization failed to "
C:\Users\ayesha.gull01\AppData\Local\Programs\Python\Python313\Lib\site-packages\statsmodels\regression\mixed_linear_model.py:2206: ConvergenceWarning: MixedLM optimization failed, trying a different optimizer may help.
  warnings.warn(msg, ConvergenceWarning)
C:\Users\ayesha.gull01\AppData\Local\Programs\Python\Python313\Lib\site-packages\statsmodels\regression\mixed_linear_model.py:2218: ConvergenceWarning: Gradient optimization failed, |grad| = 13.453747
  warnings.warn(msg, ConvergenceWarning)
C:\Users\ayesha.gull01\AppData\Local\Programs\Python\Python313\Lib\site-packages\statsmodels\regression\mixed_linear_model.py:2237: ConvergenceWarning: The MLE may be on the boundary of the parameter space.
  warnings.warn(msg, ConvergenceWarning)
C:\Users\ayesha.gull01\AppData\Local\Programs\Python\Python313\Lib\site-packages\statsmodels\base\model.py:607: ConvergenceWarning: Maximum Likelihood optimization failed to converge. Check mle_retvals
  warnings.warn("Maximum Likelihood optimization failed to "
C:\Users\ayesha.gull01\AppData\Local\Programs\Python\Python313\Lib\site-packages\statsmodels\regression\mixed_linear_model.py:2206: ConvergenceWarning: MixedLM optimization failed, trying a different optimizer may help.
  warnings.warn(msg, ConvergenceWarning)
C:\Users\ayesha.gull01\AppData\Local\Programs\Python\Python313\Lib\site-packages\statsmodels\regression\mixed_linear_model.py:2218: ConvergenceWarning: Gradient optimization failed, |grad| = 10.256952
  warnings.warn(msg, ConvergenceWarning)
C:\Users\ayesha.gull01\AppData\Local\Programs\Python\Python313\Lib\site-packages\statsmodels\regression\mixed_linear_model.py:2237: ConvergenceWarning: The MLE may be on the boundary of the parameter space.
  warnings.warn(msg, ConvergenceWarning)
C:\Users\ayesha.gull01\AppData\Local\Programs\Python\Python313\Lib\site-packages\statsmodels\regression\mixed_linear_model.py:2237: ConvergenceWarning: The MLE may be on the boundary of the parameter space.
  warnings.warn(msg, ConvergenceWarning)
C:\Users\ayesha.gull01\AppData\Local\Programs\Python\Python313\Lib\site-packages\statsmodels\regression\mixed_linear_model.py:2261: ConvergenceWarning: The Hessian matrix at the estimated parameter values is not positive definite.
  warnings.warn(msg, ConvergenceWarning)
M6_S10_R1_sma0.03_rho0.5_beta0.0: 300 datasets in 228s
C:\Users\ayesha.gull01\AppData\Local\Programs\Python\Python313\Lib\site-packages\statsmodels\regression\mixed_linear_model.py:2237: ConvergenceWarning: The MLE may be on the boundary of the parameter space.
  warnings.warn(msg, ConvergenceWarning)
C:\Users\ayesha.gull01\AppData\Local\Programs\Python\Python313\Lib\site-packages\statsmodels\regression\mixed_linear_model.py:2237: ConvergenceWarning: The MLE may be on the boundary of the parameter space.
  warnings.warn(msg, ConvergenceWarning)
C:\Users\ayesha.gull01\AppData\Local\Programs\Python\Python313\Lib\site-packages\statsmodels\base\model.py:607: ConvergenceWarning: Maximum Likelihood optimization failed to converge. Check mle_retvals
  warnings.warn("Maximum Likelihood optimization failed to "
C:\Users\ayesha.gull01\AppData\Local\Programs\Python\Python313\Lib\site-packages\statsmodels\regression\mixed_linear_model.py:2206: ConvergenceWarning: MixedLM optimization failed, trying a different optimizer may help.
  warnings.warn(msg, ConvergenceWarning)
C:\Users\ayesha.gull01\AppData\Local\Programs\Python\Python313\Lib\site-packages\statsmodels\regression\mixed_linear_model.py:2218: ConvergenceWarning: Gradient optimization failed, |grad| = 2.575448
  warnings.warn(msg, ConvergenceWarning)
C:\Users\ayesha.gull01\AppData\Local\Programs\Python\Python313\Lib\site-packages\statsmodels\regression\mixed_linear_model.py:2237: ConvergenceWarning: The MLE may be on the boundary of the parameter space.
  warnings.warn(msg, ConvergenceWarning)
C:\Users\ayesha.gull01\AppData\Local\Programs\Python\Python313\Lib\site-packages\statsmodels\regression\mixed_linear_model.py:2237: ConvergenceWarning: The MLE may be on the boundary of the parameter space.
  warnings.warn(msg, ConvergenceWarning)
C:\Users\ayesha.gull01\AppData\Local\Programs\Python\Python313\Lib\site-packages\statsmodels\base\model.py:607: ConvergenceWarning: Maximum Likelihood optimization failed to converge. Check mle_retvals
  warnings.warn("Maximum Likelihood optimization failed to "
C:\Users\ayesha.gull01\AppData\Local\Programs\Python\Python313\Lib\site-packages\statsmodels\regression\mixed_linear_model.py:2206: ConvergenceWarning: MixedLM optimization failed, trying a different optimizer may help.
  warnings.warn(msg, ConvergenceWarning)
C:\Users\ayesha.gull01\AppData\Local\Programs\Python\Python313\Lib\site-packages\statsmodels\regression\mixed_linear_model.py:2218: ConvergenceWarning: Gradient optimization failed, |grad| = 4.175957
  warnings.warn(msg, ConvergenceWarning)
C:\Users\ayesha.gull01\AppData\Local\Programs\Python\Python313\Lib\site-packages\statsmodels\regression\mixed_linear_model.py:2237: ConvergenceWarning: The MLE may be on the boundary of the parameter space.
  warnings.warn(msg, ConvergenceWarning)
C:\Users\ayesha.gull01\AppData\Local\Programs\Python\Python313\Lib\site-packages\statsmodels\base\model.py:607: ConvergenceWarning: Maximum Likelihood optimization failed to converge. Check mle_retvals
  warnings.warn("Maximum Likelihood optimization failed to "
C:\Users\ayesha.gull01\AppData\Local\Programs\Python\Python313\Lib\site-packages\statsmodels\regression\mixed_linear_model.py:2206: ConvergenceWarning: MixedLM optimization failed, trying a different optimizer may help.
  warnings.warn(msg, ConvergenceWarning)
C:\Users\ayesha.gull01\AppData\Local\Programs\Python\Python313\Lib\site-packages\statsmodels\regression\mixed_linear_model.py:2218: ConvergenceWarning: Gradient optimization failed, |grad| = 4.873265
  warnings.warn(msg, ConvergenceWarning)
C:\Users\ayesha.gull01\AppData\Local\Programs\Python\Python313\Lib\site-packages\statsmodels\regression\mixed_linear_model.py:2237: ConvergenceWarning: The MLE may be on the boundary of the parameter space.
  warnings.warn(msg, ConvergenceWarning)
C:\Users\ayesha.gull01\AppData\Local\Programs\Python\Python313\Lib\site-packages\statsmodels\regression\mixed_linear_model.py:2237: ConvergenceWarning: The MLE may be on the boundary of the parameter space.
  warnings.warn(msg, ConvergenceWarning)
C:\Users\ayesha.gull01\AppData\Local\Programs\Python\Python313\Lib\site-packages\statsmodels\regression\mixed_linear_model.py:2237: ConvergenceWarning: The MLE may be on the boundary of the parameter space.
  warnings.warn(msg, ConvergenceWarning)
C:\Users\ayesha.gull01\AppData\Local\Programs\Python\Python313\Lib\site-packages\statsmodels\regression\mixed_linear_model.py:2261: ConvergenceWarning: The Hessian matrix at the estimated parameter values is not positive definite.
  warnings.warn(msg, ConvergenceWarning)
C:\Users\ayesha.gull01\AppData\Local\Programs\Python\Python313\Lib\site-packages\statsmodels\regression\mixed_linear_model.py:2237: ConvergenceWarning: The MLE may be on the boundary of the parameter space.
  warnings.warn(msg, ConvergenceWarning)
C:\Users\ayesha.gull01\AppData\Local\Programs\Python\Python313\Lib\site-packages\statsmodels\regression\mixed_linear_model.py:2237: ConvergenceWarning: The MLE may be on the boundary of the parameter space.
  warnings.warn(msg, ConvergenceWarning)
C:\Users\ayesha.gull01\AppData\Local\Programs\Python\Python313\Lib\site-packages\statsmodels\regression\mixed_linear_model.py:2261: ConvergenceWarning: The Hessian matrix at the estimated parameter values is not positive definite.
  warnings.warn(msg, ConvergenceWarning)
C:\Users\ayesha.gull01\AppData\Local\Programs\Python\Python313\Lib\site-packages\statsmodels\regression\mixed_linear_model.py:2237: ConvergenceWarning: The MLE may be on the boundary of the parameter space.
  warnings.warn(msg, ConvergenceWarning)
C:\Users\ayesha.gull01\AppData\Local\Programs\Python\Python313\Lib\site-packages\statsmodels\regression\mixed_linear_model.py:2261: ConvergenceWarning: The Hessian matrix at the estimated parameter values is not positive definite.
  warnings.warn(msg, ConvergenceWarning)
C:\Users\ayesha.gull01\AppData\Local\Programs\Python\Python313\Lib\site-packages\statsmodels\regression\mixed_linear_model.py:2237: ConvergenceWarning: The MLE may be on the boundary of the parameter space.
  warnings.warn(msg, ConvergenceWarning)
M6_S10_R1_sma0.03_rho0.5_beta0.05: 300 datasets in 253s
C:\Users\ayesha.gull01\AppData\Local\Programs\Python\Python313\Lib\site-packages\statsmodels\regression\mixed_linear_model.py:2237: ConvergenceWarning: The MLE may be on the boundary of the parameter space.
  warnings.warn(msg, ConvergenceWarning)
C:\Users\ayesha.gull01\AppData\Local\Programs\Python\Python313\Lib\site-packages\statsmodels\regression\mixed_linear_model.py:2237: ConvergenceWarning: The MLE may be on the boundary of the parameter space.
  warnings.warn(msg, ConvergenceWarning)
C:\Users\ayesha.gull01\AppData\Local\Programs\Python\Python313\Lib\site-packages\statsmodels\regression\mixed_linear_model.py:2237: ConvergenceWarning: The MLE may be on the boundary of the parameter space.
  warnings.warn(msg, ConvergenceWarning)
C:\Users\ayesha.gull01\AppData\Local\Programs\Python\Python313\Lib\site-packages\statsmodels\regression\mixed_linear_model.py:2237: ConvergenceWarning: The MLE may be on the boundary of the parameter space.
  warnings.warn(msg, ConvergenceWarning)
C:\Users\ayesha.gull01\AppData\Local\Programs\Python\Python313\Lib\site-packages\statsmodels\regression\mixed_linear_model.py:2237: ConvergenceWarning: The MLE may be on the boundary of the parameter space.
  warnings.warn(msg, ConvergenceWarning)
C:\Users\ayesha.gull01\AppData\Local\Programs\Python\Python313\Lib\site-packages\statsmodels\base\model.py:607: ConvergenceWarning: Maximum Likelihood optimization failed to converge. Check mle_retvals
  warnings.warn("Maximum Likelihood optimization failed to "
C:\Users\ayesha.gull01\AppData\Local\Programs\Python\Python313\Lib\site-packages\statsmodels\regression\mixed_linear_model.py:2206: ConvergenceWarning: MixedLM optimization failed, trying a different optimizer may help.
  warnings.warn(msg, ConvergenceWarning)
C:\Users\ayesha.gull01\AppData\Local\Programs\Python\Python313\Lib\site-packages\statsmodels\regression\mixed_linear_model.py:2218: ConvergenceWarning: Gradient optimization failed, |grad| = 2.490780
  warnings.warn(msg, ConvergenceWarning)
C:\Users\ayesha.gull01\AppData\Local\Programs\Python\Python313\Lib\site-packages\statsmodels\regression\mixed_linear_model.py:2237: ConvergenceWarning: The MLE may be on the boundary of the parameter space.
  warnings.warn(msg, ConvergenceWarning)
C:\Users\ayesha.gull01\AppData\Local\Programs\Python\Python313\Lib\site-packages\statsmodels\base\model.py:607: ConvergenceWarning: Maximum Likelihood optimization failed to converge. Check mle_retvals
  warnings.warn("Maximum Likelihood optimization failed to "
C:\Users\ayesha.gull01\AppData\Local\Programs\Python\Python313\Lib\site-packages\statsmodels\regression\mixed_linear_model.py:2206: ConvergenceWarning: MixedLM optimization failed, trying a different optimizer may help.
  warnings.warn(msg, ConvergenceWarning)
C:\Users\ayesha.gull01\AppData\Local\Programs\Python\Python313\Lib\site-packages\statsmodels\regression\mixed_linear_model.py:2218: ConvergenceWarning: Gradient optimization failed, |grad| = 47.058313
  warnings.warn(msg, ConvergenceWarning)
C:\Users\ayesha.gull01\AppData\Local\Programs\Python\Python313\Lib\site-packages\statsmodels\regression\mixed_linear_model.py:2237: ConvergenceWarning: The MLE may be on the boundary of the parameter space.
  warnings.warn(msg, ConvergenceWarning)
C:\Users\ayesha.gull01\AppData\Local\Programs\Python\Python313\Lib\site-packages\statsmodels\regression\mixed_linear_model.py:2261: ConvergenceWarning: The Hessian matrix at the estimated parameter values is not positive definite.
  warnings.warn(msg, ConvergenceWarning)
C:\Users\ayesha.gull01\AppData\Local\Programs\Python\Python313\Lib\site-packages\statsmodels\regression\mixed_linear_model.py:2237: ConvergenceWarning: The MLE may be on the boundary of the parameter space.
  warnings.warn(msg, ConvergenceWarning)
C:\Users\ayesha.gull01\AppData\Local\Programs\Python\Python313\Lib\site-packages\statsmodels\regression\mixed_linear_model.py:2261: ConvergenceWarning: The Hessian matrix at the estimated parameter values is not positive definite.
  warnings.warn(msg, ConvergenceWarning)
C:\Users\ayesha.gull01\AppData\Local\Programs\Python\Python313\Lib\site-packages\statsmodels\base\model.py:607: ConvergenceWarning: Maximum Likelihood optimization failed to converge. Check mle_retvals
  warnings.warn("Maximum Likelihood optimization failed to "
C:\Users\ayesha.gull01\AppData\Local\Programs\Python\Python313\Lib\site-packages\statsmodels\regression\mixed_linear_model.py:2206: ConvergenceWarning: MixedLM optimization failed, trying a different optimizer may help.
  warnings.warn(msg, ConvergenceWarning)
C:\Users\ayesha.gull01\AppData\Local\Programs\Python\Python313\Lib\site-packages\statsmodels\regression\mixed_linear_model.py:2218: ConvergenceWarning: Gradient optimization failed, |grad| = 34.101937
  warnings.warn(msg, ConvergenceWarning)
C:\Users\ayesha.gull01\AppData\Local\Programs\Python\Python313\Lib\site-packages\statsmodels\regression\mixed_linear_model.py:2237: ConvergenceWarning: The MLE may be on the boundary of the parameter space.
  warnings.warn(msg, ConvergenceWarning)
C:\Users\ayesha.gull01\AppData\Local\Programs\Python\Python313\Lib\site-packages\statsmodels\regression\mixed_linear_model.py:2261: ConvergenceWarning: The Hessian matrix at the estimated parameter values is not positive definite.
  warnings.warn(msg, ConvergenceWarning)
C:\Users\ayesha.gull01\AppData\Local\Programs\Python\Python313\Lib\site-packages\statsmodels\regression\mixed_linear_model.py:2237: ConvergenceWarning: The MLE may be on the boundary of the parameter space.
  warnings.warn(msg, ConvergenceWarning)
C:\Users\ayesha.gull01\AppData\Local\Programs\Python\Python313\Lib\site-packages\statsmodels\regression\mixed_linear_model.py:2261: ConvergenceWarning: The Hessian matrix at the estimated parameter values is not positive definite.
  warnings.warn(msg, ConvergenceWarning)
C:\Users\ayesha.gull01\AppData\Local\Programs\Python\Python313\Lib\site-packages\statsmodels\base\model.py:607: ConvergenceWarning: Maximum Likelihood optimization failed to converge. Check mle_retvals
  warnings.warn("Maximum Likelihood optimization failed to "
C:\Users\ayesha.gull01\AppData\Local\Programs\Python\Python313\Lib\site-packages\statsmodels\regression\mixed_linear_model.py:2206: ConvergenceWarning: MixedLM optimization failed, trying a different optimizer may help.
  warnings.warn(msg, ConvergenceWarning)
C:\Users\ayesha.gull01\AppData\Local\Programs\Python\Python313\Lib\site-packages\statsmodels\regression\mixed_linear_model.py:2218: ConvergenceWarning: Gradient optimization failed, |grad| = 39.430308
  warnings.warn(msg, ConvergenceWarning)
C:\Users\ayesha.gull01\AppData\Local\Programs\Python\Python313\Lib\site-packages\statsmodels\regression\mixed_linear_model.py:2237: ConvergenceWarning: The MLE may be on the boundary of the parameter space.
  warnings.warn(msg, ConvergenceWarning)
C:\Users\ayesha.gull01\AppData\Local\Programs\Python\Python313\Lib\site-packages\statsmodels\regression\mixed_linear_model.py:2261: ConvergenceWarning: The Hessian matrix at the estimated parameter values is not positive definite.
  warnings.warn(msg, ConvergenceWarning)
C:\Users\ayesha.gull01\AppData\Local\Programs\Python\Python313\Lib\site-packages\statsmodels\regression\mixed_linear_model.py:2237: ConvergenceWarning: The MLE may be on the boundary of the parameter space.
  warnings.warn(msg, ConvergenceWarning)
C:\Users\ayesha.gull01\AppData\Local\Programs\Python\Python313\Lib\site-packages\statsmodels\regression\mixed_linear_model.py:2261: ConvergenceWarning: The Hessian matrix at the estimated parameter values is not positive definite.
  warnings.warn(msg, ConvergenceWarning)
M6_S5_R3_sma0.03_rho0.0_beta0.0: 300 datasets in 391s
C:\Users\ayesha.gull01\AppData\Local\Programs\Python\Python313\Lib\site-packages\statsmodels\regression\mixed_linear_model.py:2237: ConvergenceWarning: The MLE may be on the boundary of the parameter space.
  warnings.warn(msg, ConvergenceWarning)
C:\Users\ayesha.gull01\AppData\Local\Programs\Python\Python313\Lib\site-packages\statsmodels\regression\mixed_linear_model.py:2237: ConvergenceWarning: The MLE may be on the boundary of the parameter space.
  warnings.warn(msg, ConvergenceWarning)
C:\Users\ayesha.gull01\AppData\Local\Programs\Python\Python313\Lib\site-packages\statsmodels\regression\mixed_linear_model.py:2237: ConvergenceWarning: The MLE may be on the boundary of the parameter space.
  warnings.warn(msg, ConvergenceWarning)
C:\Users\ayesha.gull01\AppData\Local\Programs\Python\Python313\Lib\site-packages\statsmodels\regression\mixed_linear_model.py:2261: ConvergenceWarning: The Hessian matrix at the estimated parameter values is not positive definite.
  warnings.warn(msg, ConvergenceWarning)
C:\Users\ayesha.gull01\AppData\Local\Programs\Python\Python313\Lib\site-packages\statsmodels\regression\mixed_linear_model.py:2237: ConvergenceWarning: The MLE may be on the boundary of the parameter space.
  warnings.warn(msg, ConvergenceWarning)
C:\Users\ayesha.gull01\AppData\Local\Programs\Python\Python313\Lib\site-packages\statsmodels\regression\mixed_linear_model.py:2237: ConvergenceWarning: The MLE may be on the boundary of the parameter space.
  warnings.warn(msg, ConvergenceWarning)
C:\Users\ayesha.gull01\AppData\Local\Programs\Python\Python313\Lib\site-packages\statsmodels\regression\mixed_linear_model.py:2237: ConvergenceWarning: The MLE may be on the boundary of the parameter space.
  warnings.warn(msg, ConvergenceWarning)
C:\Users\ayesha.gull01\AppData\Local\Programs\Python\Python313\Lib\site-packages\statsmodels\base\model.py:607: ConvergenceWarning: Maximum Likelihood optimization failed to converge. Check mle_retvals
  warnings.warn("Maximum Likelihood optimization failed to "
C:\Users\ayesha.gull01\AppData\Local\Programs\Python\Python313\Lib\site-packages\statsmodels\regression\mixed_linear_model.py:2206: ConvergenceWarning: MixedLM optimization failed, trying a different optimizer may help.
  warnings.warn(msg, ConvergenceWarning)
C:\Users\ayesha.gull01\AppData\Local\Programs\Python\Python313\Lib\site-packages\statsmodels\regression\mixed_linear_model.py:2218: ConvergenceWarning: Gradient optimization failed, |grad| = 29.383621
  warnings.warn(msg, ConvergenceWarning)
C:\Users\ayesha.gull01\AppData\Local\Programs\Python\Python313\Lib\site-packages\statsmodels\regression\mixed_linear_model.py:2237: ConvergenceWarning: The MLE may be on the boundary of the parameter space.
  warnings.warn(msg, ConvergenceWarning)
C:\Users\ayesha.gull01\AppData\Local\Programs\Python\Python313\Lib\site-packages\statsmodels\regression\mixed_linear_model.py:2261: ConvergenceWarning: The Hessian matrix at the estimated parameter values is not positive definite.
  warnings.warn(msg, ConvergenceWarning)
C:\Users\ayesha.gull01\AppData\Local\Programs\Python\Python313\Lib\site-packages\statsmodels\base\model.py:607: ConvergenceWarning: Maximum Likelihood optimization failed to converge. Check mle_retvals
  warnings.warn("Maximum Likelihood optimization failed to "
C:\Users\ayesha.gull01\AppData\Local\Programs\Python\Python313\Lib\site-packages\statsmodels\regression\mixed_linear_model.py:2206: ConvergenceWarning: MixedLM optimization failed, trying a different optimizer may help.
  warnings.warn(msg, ConvergenceWarning)
C:\Users\ayesha.gull01\AppData\Local\Programs\Python\Python313\Lib\site-packages\statsmodels\regression\mixed_linear_model.py:2218: ConvergenceWarning: Gradient optimization failed, |grad| = 28.514470
  warnings.warn(msg, ConvergenceWarning)
C:\Users\ayesha.gull01\AppData\Local\Programs\Python\Python313\Lib\site-packages\statsmodels\regression\mixed_linear_model.py:2237: ConvergenceWarning: The MLE may be on the boundary of the parameter space.
  warnings.warn(msg, ConvergenceWarning)
C:\Users\ayesha.gull01\AppData\Local\Programs\Python\Python313\Lib\site-packages\statsmodels\regression\mixed_linear_model.py:2261: ConvergenceWarning: The Hessian matrix at the estimated parameter values is not positive definite.
  warnings.warn(msg, ConvergenceWarning)
C:\Users\ayesha.gull01\AppData\Local\Programs\Python\Python313\Lib\site-packages\statsmodels\regression\mixed_linear_model.py:2237: ConvergenceWarning: The MLE may be on the boundary of the parameter space.
  warnings.warn(msg, ConvergenceWarning)
C:\Users\ayesha.gull01\AppData\Local\Programs\Python\Python313\Lib\site-packages\statsmodels\regression\mixed_linear_model.py:2261: ConvergenceWarning: The Hessian matrix at the estimated parameter values is not positive definite.
  warnings.warn(msg, ConvergenceWarning)
C:\Users\ayesha.gull01\AppData\Local\Programs\Python\Python313\Lib\site-packages\statsmodels\base\model.py:607: ConvergenceWarning: Maximum Likelihood optimization failed to converge. Check mle_retvals
  warnings.warn("Maximum Likelihood optimization failed to "
C:\Users\ayesha.gull01\AppData\Local\Programs\Python\Python313\Lib\site-packages\statsmodels\regression\mixed_linear_model.py:2206: ConvergenceWarning: MixedLM optimization failed, trying a different optimizer may help.
  warnings.warn(msg, ConvergenceWarning)
C:\Users\ayesha.gull01\AppData\Local\Programs\Python\Python313\Lib\site-packages\statsmodels\regression\mixed_linear_model.py:2218: ConvergenceWarning: Gradient optimization failed, |grad| = 23.807926
  warnings.warn(msg, ConvergenceWarning)
C:\Users\ayesha.gull01\AppData\Local\Programs\Python\Python313\Lib\site-packages\statsmodels\regression\mixed_linear_model.py:2237: ConvergenceWarning: The MLE may be on the boundary of the parameter space.
  warnings.warn(msg, ConvergenceWarning)
C:\Users\ayesha.gull01\AppData\Local\Programs\Python\Python313\Lib\site-packages\statsmodels\regression\mixed_linear_model.py:2261: ConvergenceWarning: The Hessian matrix at the estimated parameter values is not positive definite.
  warnings.warn(msg, ConvergenceWarning)
C:\Users\ayesha.gull01\AppData\Local\Programs\Python\Python313\Lib\site-packages\statsmodels\regression\mixed_linear_model.py:2237: ConvergenceWarning: The MLE may be on the boundary of the parameter space.
  warnings.warn(msg, ConvergenceWarning)
C:\Users\ayesha.gull01\AppData\Local\Programs\Python\Python313\Lib\site-packages\statsmodels\regression\mixed_linear_model.py:2261: ConvergenceWarning: The Hessian matrix at the estimated parameter values is not positive definite.
  warnings.warn(msg, ConvergenceWarning)
C:\Users\ayesha.gull01\AppData\Local\Programs\Python\Python313\Lib\site-packages\statsmodels\base\model.py:607: ConvergenceWarning: Maximum Likelihood optimization failed to converge. Check mle_retvals
  warnings.warn("Maximum Likelihood optimization failed to "
C:\Users\ayesha.gull01\AppData\Local\Programs\Python\Python313\Lib\site-packages\statsmodels\regression\mixed_linear_model.py:2206: ConvergenceWarning: MixedLM optimization failed, trying a different optimizer may help.
  warnings.warn(msg, ConvergenceWarning)
C:\Users\ayesha.gull01\AppData\Local\Programs\Python\Python313\Lib\site-packages\statsmodels\regression\mixed_linear_model.py:2218: ConvergenceWarning: Gradient optimization failed, |grad| = 33.931084
  warnings.warn(msg, ConvergenceWarning)
C:\Users\ayesha.gull01\AppData\Local\Programs\Python\Python313\Lib\site-packages\statsmodels\regression\mixed_linear_model.py:2237: ConvergenceWarning: The MLE may be on the boundary of the parameter space.
  warnings.warn(msg, ConvergenceWarning)
C:\Users\ayesha.gull01\AppData\Local\Programs\Python\Python313\Lib\site-packages\statsmodels\regression\mixed_linear_model.py:2261: ConvergenceWarning: The Hessian matrix at the estimated parameter values is not positive definite.
  warnings.warn(msg, ConvergenceWarning)
M6_S5_R3_sma0.03_rho0.0_beta0.05: 300 datasets in 299s
 M  S  R  s_ma  rho  beta  n_datasets  e0_reject  e1_reject  e2_reject  e3_reject  e2_coverage  e1_fit_fail  e1_vc_model_arm_at_boundary  t_e1_median_s
 3  5  1  0.00  0.0  0.00         300      0.077      0.023      0.017      0.013        0.983            0                        0.023          0.183
 3  5  1  0.00  0.0  0.05         300      1.000      0.920      0.950      0.820        0.980            0                        0.020          0.197
 3  5  1  0.03  0.0  0.00         300      0.360      0.077      0.063      0.077        0.937            0                        0.003          0.174
 3  5  1  0.03  0.0  0.05         300      0.960      0.627      0.690      0.653        0.910            0                        0.007          0.173
 3  5  1  0.03  0.5  0.00         300      0.383      0.100      0.087      0.073        0.913            0                        0.007          0.188
 3  5  1  0.03  0.5  0.05         300      0.977      0.623      0.683      0.620        0.877            0                        0.010          0.189
 3 10  1  0.00  0.0  0.00         300      0.047      0.017      0.000      0.007        1.000            0                        0.027          0.322
 3 10  1  0.00  0.0  0.05         300      1.000      0.970      1.000      0.993        0.993            0                        0.033          0.331
 3 10  1  0.03  0.0  0.00         300      0.523      0.093      0.107      0.177        0.893            0                        0.003          0.256
 3 10  1  0.03  0.0  0.05         300      0.987      0.733      0.797      0.867        0.873            0                        0.000          0.270
 3 10  1  0.03  0.5  0.00         300      0.520      0.090      0.123      0.187        0.877            0                        0.003          0.237
 3 10  1  0.03  0.5  0.05         300      0.980      0.693      0.787      0.817        0.897            0                        0.000          0.265
 6  5  1  0.00  0.0  0.00         300      0.040      0.027      0.003      0.003        0.997            0                        0.027          0.347
 6  5  1  0.00  0.0  0.05         300      1.000      1.000      1.000      0.983        0.990            0                        0.023          0.330
 6  5  1  0.03  0.0  0.00         300      0.373      0.053      0.023      0.040        0.977            0                        0.000          0.260
 6  5  1  0.03  0.0  0.05         300      0.997      0.880      0.863      0.897        0.950            0                        0.000          0.292
 6  5  1  0.03  0.5  0.00         300      0.410      0.073      0.057      0.053        0.943            0                        0.000          0.271
 6  5  1  0.03  0.5  0.05         300      1.000      0.860      0.907      0.817        0.943            0                        0.000          0.255
 6 10  1  0.00  0.0  0.00         300      0.043      0.013      0.003      0.003        0.997            0                        0.020          0.686
 6 10  1  0.00  0.0  0.05         300      1.000      1.000      1.000      1.000        0.997            0                        0.030          0.686
 6 10  1  0.03  0.0  0.00         300      0.517      0.057      0.053      0.140        0.947            0                        0.000          1.068
 6 10  1  0.03  0.0  0.05         300      1.000      0.937      0.957      0.987        0.937            0                        0.000          1.455
 6 10  1  0.03  0.5  0.00         300      0.513      0.070      0.073      0.133        0.927            0                        0.000          1.422
 6 10  1  0.03  0.5  0.05         300      0.997      0.887      0.947      0.957        0.933            0                        0.000          1.634
 6  5  3  0.03  0.0  0.00         300      0.580      0.027      0.077      0.207        0.923            0                        0.000          3.849
 6  5  3  0.03  0.0  0.05         300      1.000      0.857      0.970      0.990        0.940            0                        0.000          3.212
[stage mixed] 2652s
