Date,Model,MBTI,Agent_Type,Scenario,Seed,Crash_Discount,Phase,Price,Fundamental_Value,Portfolio_Value,Cash,Holdings_Qty,Action,Quantity_Percent,Rationale,SMA20,SMA60,RSI14,MACD,Volume,Volume_Ratio,Implied_Volatility,Reported_PE,Dividend_Yield,Trend_Strength,Trend_Regime,Sentiment,Sentiment_MA5,Sentiment_Change
Day-1,meta-llama/Llama-3.1-8B-Instruct,ISFJ,memory,crash,456,0.85,deterioration,85.48,99.66593574976102,10000.0,10000.0,0.0,HOLD,0.0,"The current market conditions are neutral, with a flat trend, moderate RSI, and low news sentiment. Given the conservative nature of a Guardian Investor, it's best to hold cash and wait for a more favorable entry point. There are no compelling reasons to invest in the current market.",85.48,85.48,50.0,0.0,1308603,1.0,15.0,12.9,3.11,0.0,0,0.06,0.06,0.0
Day-2,meta-llama/Llama-3.1-8B-Instruct,ISFJ,memory,crash,456,0.85,deterioration,83.31,99.59899650387224,10000.0,10000.0,0.0,HOLD,0.0,"The market is stable, with a flat trend and neutral RSI. The low P/E ratio and high implied volatility suggest a cautious approach. As a Guardian Investor, it's best to maintain a conservative stance and avoid taking on unnecessary risk.",84.4,84.4,50.0,-0.1727,1140262,0.93,15.1,12.5,3.19,0.0,0,-0.18,-0.06,-0.12
Day-3,meta-llama/Llama-3.1-8B-Instruct,ISFJ,memory,crash,456,0.85,deterioration,83.25,100.00549044178328,10000.0,10000.0,0.0,HOLD,0.0,"The current market conditions do not present a compelling opportunity for investment. The RSI is at 50.0, indicating a neutral market sentiment, and the P/E ratio is relatively stable at 12.5. Given the low risk appetite and focus on security, it is best to maintain a cash position and wait for a more favorable market environment.",84.02,84.02,50.0,-0.3109,1014985,0.88,15.2,12.5,3.2,0.0,0,-0.14,-0.09,-0.05
Day-4,meta-llama/Llama-3.1-8B-Instruct,ISFJ,memory,crash,456,0.85,deterioration,85.89,99.82864992140844,10000.0,10000.0,0.0,HOLD,0.0,"The current market conditions do not present a compelling opportunity to invest, with the RSI at 50.0 indicating a neutral market sentiment and the trend being flat. The P/E ratio of 12.9 is reasonable, but the implied volatility of 15.3% is slightly higher than desired. Given the current market state, it is prudent to maintain a cash position and wait for a more favorable entry point.",84.48,84.48,50.0,-0.2055,1045023,0.93,15.3,12.9,3.1,0.0,0,-0.24,-0.13,-0.11
Day-5,meta-llama/Llama-3.1-8B-Instruct,ISFJ,memory,crash,456,0.85,deterioration,82.9,100.0676598039291,10000.0,10000.0,0.0,HOLD,0.0,"The current market conditions and stock price are stable, with a neutral RSI and a low P/E ratio. Given the conservative nature of the Guardian Investor mandate, it's best to maintain a cash position and avoid taking on unnecessary risk. The current price of $82.90 is close to the SMA20/60, indicating a stable trend.",84.17,84.17,50.0,-0.359,1077446,0.96,15.4,12.4,3.22,0.0,0,0.31,-0.04,0.35
Day-6,meta-llama/Llama-3.1-8B-Instruct,ISFJ,memory,crash,456,0.85,deterioration,88.0,100.05530059551093,10000.0,10000.0,0.0,HOLD,0.0,"The current market conditions and stock price of $88.00 do not justify a purchase, and the RSI of 50.0 indicates a neutral market sentiment. The trend is flat, and the P/E ratio is relatively low at 13.2. Given the conservative approach of a Guardian Investor, it is best to maintain a cash position to avoid unnecessary risk.",84.81,84.81,50.0,-0.0686,1456476,1.24,15.5,13.2,3.03,0.0,0,0.21,-0.01,0.22
Day-7,meta-llama/Llama-3.1-8B-Instruct,ISFJ,memory,crash,456,0.85,deterioration,85.73,99.23959070083943,10000.0,10000.0,0.0,HOLD,0.0,"The current market conditions do not present a compelling opportunity for investment, and the RSI is at 50.0, indicating a neutral market sentiment. The P/E ratio is reasonable at 13.0, but the implied volatility is relatively high at 15.6%. Given the conservative nature of a Guardian Investor, it is best to maintain a cash position to wait for a more favorable market environment.",84.94,84.94,50.0,-0.0212,1075196,0.93,15.6,13.0,3.09,0.0,0,0.34,0.1,0.24
Day-8,meta-llama/Llama-3.1-8B-Instruct,ISFJ,memory,crash,456,0.85,deterioration,82.92,99.16145044908968,10000.0,10000.0,0.0,HOLD,0.0,"The market is neutral with a flat trend, RSI at 50, and low news sentiment. Given the current market conditions, it's not a suitable time to take on new positions, and I should prioritize preserving capital.",84.69,84.69,50.0,-0.2077,1319341,1.12,15.7,12.5,3.19,0.0,0,0.1,0.14,-0.04
Day-9,meta-llama/Llama-3.1-8B-Instruct,ISFJ,memory,crash,456,0.85,deterioration,83.66,98.61190456809847,10000.0,10000.0,0.0,HOLD,0.0,"The current market conditions are neutral, with a flat trend and RSI at 50.0. The P/E ratio is reasonable, and implied volatility is moderate. Given the conservative nature of a Guardian Investor, it's best to hold cash and wait for a more favorable entry point.",84.57,84.57,50.0,-0.2928,1188669,1.01,15.8,12.7,3.14,0.0,0,0.02,0.2,-0.18
Day-10,meta-llama/Llama-3.1-8B-Instruct,ISFJ,memory,crash,456,0.85,deterioration,81.31,98.47529597754891,10000.0,10000.0,0.0,HOLD,0.0,"The current market conditions do not present a compelling opportunity for investment, with the stock price at $81.31 and the RSI at 50.0, indicating a neutral market sentiment. Given the low risk appetite and focus on security, it's best to maintain a cash position and wait for a more favorable entry point.",84.25,84.25,50.0,-0.543,1445363,1.2,15.9,12.4,3.23,0.0,0,-0.33,0.07,-0.4
Day-11,meta-llama/Llama-3.1-8B-Instruct,ISFJ,memory,crash,456,0.85,deterioration,82.36,97.47302698548346,10000.0,9000.0,12.141816415735795,BUY,0.1,"The current market conditions are stable, with a neutral RSI and low implied volatility. The price is slightly below the SMA20/60, indicating a potential buying opportunity. I will invest a small portion of the cash to start building a position, prioritizing security and minimizing risk.",84.07,84.07,50.0,-0.6494,1175023,0.98,15.9,12.7,3.16,0.0,0,0.08,0.04,0.03
Day-12,meta-llama/Llama-3.1-8B-Instruct,ISFJ,memory,crash,456,0.85,deterioration,84.98,97.7639983057186,10031.811559009227,9000.0,12.141816415735795,HOLD,0.0,"The current market conditions are stable, with a neutral RSI and no significant price movement. The P/E ratio is reasonable, and implied volatility is within a normal range. Given the conservative approach of a Guardian Investor, it's best to maintain the current position and avoid taking on any new risk.",84.15,84.15,50.0,-0.5164,1353630,1.11,16.0,13.0,3.07,0.0,0,-0.31,-0.09,-0.22
Day-13,meta-llama/Llama-3.1-8B-Instruct,ISFJ,memory,crash,456,0.85,deterioration,85.75,97.62129215702745,10041.160757649344,9000.0,12.141816415735795,HOLD,0.0,"The current market conditions and portfolio status do not warrant any action. The stock price is stable, and the RSI is at 50, indicating a neutral market sentiment. Given the conservative investment mandate, it is best to maintain the current position and avoid taking on any risk.",84.27,84.27,50.0,-0.345,1184715,0.98,16.1,13.2,3.04,0.0,0,-0.27,-0.16,-0.11
Day-14,meta-llama/Llama-3.1-8B-Instruct,ISFJ,memory,crash,456,0.85,deterioration,84.45,98.14424201029634,10025.376396308888,9000.0,12.141816415735795,HOLD,0.0,"The current market conditions and stock price of $84.45 are stable, with a neutral RSI of 48.1 and a low P/E ratio of 12.9. Given the conservative nature of a Guardian Investor, it's best to maintain the current position and avoid taking on any new risk. The current holdings value of $1041.16 is sufficient to meet the mandate of security and protection of principal.",84.29,84.29,48.1,-0.3101,1027091,0.86,16.2,12.9,3.1,0.0,0,0.06,-0.15,0.22
Day-15,meta-llama/Llama-3.1-8B-Instruct,ISFJ,memory,crash,456,0.85,deterioration,79.51,97.71085288807261,9965.395823215153,9000.0,12.141816415735795,HOLD,0.0,"The current market conditions and stock price suggest a neutral position. The RSI is below 50, indicating a potential buying opportunity, but the trend is flat and the P/E ratio is relatively low, indicating a stable stock. Given the conservative approach, it's best to hold the current position and avoid taking on any new risk.",83.97,83.97,40.6,-0.6738,1344927,1.11,16.3,12.2,3.28,0.0,0,-0.2,-0.13,-0.07
Day-16,meta-llama/Llama-3.1-8B-Instruct,ISFJ,memory,crash,456,0.85,deterioration,84.62,98.69387018394882,10027.440505099563,9000.0,12.141816415735795,HOLD,0.0,"The current market conditions and portfolio status suggest a stable environment, with a neutral RSI and low volatility. Given the conservative approach of a Guardian Investor, it's best to maintain the current holdings and avoid taking on any new risk. The current price is close to the SMA20/60, indicating a neutral trend.",84.01,84.01,51.9,-0.5433,1022336,0.85,16.4,12.9,3.11,0.0,0,-0.39,-0.22,-0.17
Day-17,meta-llama/Llama-3.1-8B-Instruct,ISFJ,memory,crash,456,0.85,deterioration,84.49,98.52745826899044,10025.862068965518,9000.0,12.141816415735795,HOLD,0.0,"The current market conditions and stock price do not justify taking any action. The RSI is at 51.8, indicating a neutral market sentiment, and the trend is flat. As a Guardian Investor, it's best to maintain the current portfolio and avoid taking any unnecessary risks.",84.04,84.04,51.8,-0.4454,1167250,0.98,16.5,12.9,3.11,0.0,0,-0.02,-0.16,0.14
Day-18,meta-llama/Llama-3.1-8B-Instruct,ISFJ,memory,crash,456,0.85,deterioration,82.56,97.8778956969069,10002.428363283147,9000.0,12.141816415735795,HOLD,0.0,"The current market conditions are stable, with a flat trend and low RSI. The P/E ratio is reasonable, and implied volatility is moderate. Given the guardian investor mandate, it's best to maintain the current position and avoid taking on unnecessary risk.",83.95,83.95,45.1,-0.517,1463309,1.21,16.6,12.7,3.16,0.0,0,-0.14,-0.14,-0.0
Day-19,meta-llama/Llama-3.1-8B-Instruct,ISFJ,memory,crash,456,0.85,deterioration,84.44,97.73402195041945,10025.25497814473,9000.0,12.141816415735795,HOLD,0.0,"The current market conditions and portfolio status do not warrant any action. The price is near the 20/60 SMA, and the RSI is in a neutral zone, indicating a stable market. Given the low risk appetite and focus on security, it's best to maintain the current holdings and cash allocation.",83.98,83.98,52.3,-0.4178,1256638,1.04,16.7,13.0,3.09,0.0,0,0.38,-0.07,0.45
Day-20,meta-llama/Llama-3.1-8B-Instruct,ISFJ,memory,crash,456,0.85,deterioration,81.27,97.69270006961743,9986.765420106847,9000.0,12.141816415735795,HOLD,0.0,"The current market conditions and stock price do not justify taking on any risk. The RSI is below 50, indicating a potential buying opportunity, but the trend is flat and the P/E ratio is relatively low, suggesting a stable stock. As a Guardian Investor, it's best to maintain a conservative stance and hold the current cash position.",83.84,83.84,39.2,-0.588,1338823,1.1,16.8,12.5,3.21,0.0,0,0.07,-0.02,0.09
Day-21,meta-llama/Llama-3.1-8B-Instruct,ISFJ,memory,crash,456,0.85,deterioration,83.37,96.90892146327774,10012.263234579894,9000.0,12.141816415735795,HOLD,0.0,"The current market conditions and portfolio status do not justify taking any action. The stock price is relatively stable, and the RSI is below 50, indicating a potential buying opportunity. However, as a Guardian Investor, it's essential to prioritize caution and maintain the current portfolio status to avoid unnecessary risks.",83.74,83.82,46.2,-0.5468,1012424,0.84,16.9,12.9,3.1,-0.1,0,-0.04,0.05,-0.09
Day-22,meta-llama/Llama-3.1-8B-Instruct,ISFJ,memory,crash,456,0.85,deterioration,82.08,96.7657507649607,9996.600291403594,9000.0,12.141816415735795,HOLD,0.0,"The current market conditions are stable, with a neutral RSI and low volume ratio. The price is near the SMA20 and SMA60, indicating a balanced trend. Given the conservative approach as a Guardian Investor, it's best to hold the current position and avoid taking on unnecessary risk.",83.68,83.74,48.6,-0.6118,1219642,1.01,17.0,12.7,3.14,-0.08,0,-0.22,0.01,-0.23
Day-23,meta-llama/Llama-3.1-8B-Instruct,ISFJ,memory,crash,456,0.85,deterioration,82.52,96.1724852550317,10001.942690626518,9000.0,12.141816415735795,HOLD,0.0,"The current market conditions and stock price do not warrant a trade. The RSI is at 48, indicating a neutral market sentiment, and the trend is flat. As a guardian investor, it's best to maintain the current portfolio and avoid taking unnecessary risks.",83.64,83.69,48.0,-0.6207,1252228,1.03,17.1,12.9,3.11,-0.06,0,0.03,0.04,-0.02
Day-24,meta-llama/Llama-3.1-8B-Instruct,ISFJ,memory,crash,456,0.85,deterioration,85.38,96.31429886777933,10036.668285575523,9000.0,12.141816415735795,HOLD,0.0,"The current market conditions and stock price do not warrant a trade. The RSI is at 56.9, indicating a neutral market sentiment, and the trend is flat. As a Guardian Investor, it's best to maintain the current portfolio and avoid taking unnecessary risks.",83.61,83.76,56.9,-0.3922,1351122,1.09,17.2,13.3,3.01,-0.17,0,0.06,-0.02,0.08
Day-25,meta-llama/Llama-3.1-8B-Instruct,ISFJ,memory,crash,456,0.85,deterioration,82.9,96.92436672240862,10006.556580864497,9000.0,12.141816415735795,HOLD,0.0,"The current market conditions are stable, with a neutral RSI and a slight positive trend. Given the low risk appetite and focus on security, it's best to maintain the current position and avoid taking on any new risk. The current holdings value is relatively low, and there's no compelling reason to make a change.",83.61,83.72,50.9,-0.406,1079156,0.87,17.3,12.8,3.12,-0.13,0,0.52,0.07,0.45
Day-26,meta-llama/Llama-3.1-8B-Instruct,ISFJ,memory,crash,456,0.85,deterioration,81.12,96.27071755558306,9984.944147644488,9000.0,12.141816415735795,HOLD,0.0,"The current market conditions are neutral, with a stable trend and moderate RSI. Given the low risk appetite and focus on security, it's best to maintain the current holdings and avoid taking on any new risk. The current portfolio is already under-invested, and adding new positions may increase exposure to potential losses.",83.27,83.62,43.6,-0.5548,1118904,0.92,17.4,12.6,3.16,-0.42,0,-0.07,0.06,-0.13
Day-27,meta-llama/Llama-3.1-8B-Instruct,ISFJ,memory,crash,456,0.85,deterioration,80.11,95.86715888401008,9972.680913064594,9000.0,12.141816415735795,HOLD,0.0,"The current market conditions and stock price are stable, with a low RSI and a positive trend. Given the conservative nature of the Guardian Investor mandate, it's best to maintain the current position and avoid taking on any new risk. The current holdings value is also relatively low, so it's not worth taking any action at this time.",82.99,83.49,40.7,-0.7455,1043772,0.86,17.5,12.5,3.19,-0.6,0,-0.05,0.1,-0.14
Day-28,meta-llama/Llama-3.1-8B-Instruct,ISFJ,memory,crash,456,0.85,deterioration,80.97,95.74819143367792,9983.122875182127,9000.0,12.141816415735795,HOLD,0.0,"The current market conditions suggest a neutral trend, with the RSI at 44.2 and a relatively low P/E ratio of 12.7. Given the guardian investor mandate, it's best to maintain a conservative stance and avoid taking on unnecessary risks. The current holdings value is $972.68, and the cash reserve is $9000.00, providing a stable foundation for future investments.",82.89,83.4,44.2,-0.8174,1127068,0.93,17.6,12.7,3.15,-0.61,0,-0.68,-0.04,-0.63
Day-29,meta-llama/Llama-3.1-8B-Instruct,ISFJ,memory,crash,456,0.85,deterioration,81.46,95.8006552787998,9989.072365225838,9000.0,12.141816415735795,HOLD,0.0,"The current market conditions and stock price do not justify taking on any risk. The RSI is at 53.8, indicating a neutral market sentiment, and the P/E ratio is at 12.8, which is relatively low. Given the guardian investor mandate, it's best to maintain a conservative stance and hold cash.",82.78,83.34,53.8,-0.8257,1247809,1.03,17.7,12.8,3.14,-0.67,0,0.21,-0.01,0.22
Day-30,meta-llama/Llama-3.1-8B-Instruct,ISFJ,memory,crash,456,0.85,deterioration,80.91,96.16575412869507,9982.394366197183,9000.0,12.141816415735795,HOLD,0.0,"The current market conditions and stock price do not justify taking on any risk. The RSI is below 50, indicating a potential buying opportunity, but the news sentiment is negative and the implied volatility is high, suggesting potential market uncertainty. As a guardian investor, it's best to maintain a conservative stance and hold cash to protect the principal.",82.76,83.26,41.1,-0.8669,1169321,0.98,17.8,12.6,3.17,-0.59,0,-0.23,-0.16,-0.07
Day-31,meta-llama/Llama-3.1-8B-Instruct,ISFJ,memory,crash,456,0.85,deterioration,83.48,94.78827341208657,10013.598834385624,9000.0,12.141816415735795,HOLD,0.0,"The current market conditions and stock price do not justify taking any action. The RSI is at 47.8, indicating a neutral market sentiment, and the trend is flat. Given the conservative nature of a Guardian Investor, it's best to maintain the current portfolio and avoid taking any risk.",82.82,83.26,47.8,-0.6842,1441644,1.19,17.8,13.2,3.03,-0.54,0,-0.44,-0.24,-0.21
Day-32,meta-llama/Llama-3.1-8B-Instruct,ISFJ,memory,crash,456,0.85,deterioration,81.74,95.15394879230178,9992.472073822244,9000.0,12.141816415735795,HOLD,0.0,"The current market conditions and stock price are stable, with a low RSI and a positive trend. Given the conservative approach of a Guardian Investor, it's best to maintain the current holdings and avoid taking on unnecessary risk. The current price of $81.74 is close to the SMA20/60, indicating a neutral market sentiment.",82.66,83.22,48.2,-0.6716,1357280,1.12,17.9,12.9,3.1,-0.67,0,0.11,-0.21,0.32
Day-33,meta-llama/Llama-3.1-8B-Instruct,ISFJ,memory,crash,456,0.85,deterioration,80.64,95.5716589020368,9979.116075764934,9000.0,12.141816415735795,HOLD,0.0,"The current market conditions do not justify taking on any new risk. The RSI is below 50, indicating a potential buying opportunity, but the trend is neutral and the P/E ratio is relatively low, suggesting the stock may not be overvalued. Given the low cash balance, it's best to maintain the current holdings and wait for a more favorable entry point.",82.4,83.14,41.5,-0.742,1305026,1.07,18.0,12.7,3.16,-0.89,0,0.34,-0.0,0.35
Day-34,meta-llama/Llama-3.1-8B-Instruct,ISFJ,memory,crash,456,0.85,deterioration,82.24,94.26739774017575,9998.542982030112,9000.0,12.141816415735795,HOLD,0.0,"The current market conditions do not justify taking on any new risk. The RSI is at a neutral level, and the trend is flat. Given the low price and stable trend, it's best to maintain a conservative stance and hold the current cash position.",82.29,83.11,52.3,-0.6608,1291147,1.05,18.1,13.1,3.06,-0.99,0,-0.5,-0.14,-0.36
Day-35,meta-llama/Llama-3.1-8B-Instruct,ISFJ,memory,crash,456,0.85,deterioration,78.68,95.49784164611026,9955.318115590093,9000.0,12.141816415735795,HOLD,0.0,"The current market conditions and stock price suggest a stable environment, but the RSI is below 50, indicating a potential for a slight pullback. Given the low risk appetite and focus on security, it's best to hold the current position and avoid taking on any new risk. The current holdings value is relatively low, and there's no pressing need to make a move.",82.25,82.98,39.5,-0.8742,1271412,1.04,18.2,12.4,3.24,-0.89,0,0.06,-0.09,0.14
Day-36,meta-llama/Llama-3.1-8B-Instruct,ISFJ,memory,crash,456,0.85,deterioration,82.11,94.26699178908879,9996.964545896066,9000.0,12.141816415735795,HOLD,0.0,"The current market conditions do not warrant any action. The stock price is stable, and the RSI is at 50.1, indicating a neutral market sentiment. Given the conservative nature of a Guardian Investor, it is best to maintain the current portfolio and avoid taking on any unnecessary risk.",82.12,82.96,50.1,-0.7578,1337741,1.08,18.3,13.1,3.06,-1.01,0,-0.18,-0.03,-0.15
Day-37,meta-llama/Llama-3.1-8B-Instruct,ISFJ,memory,crash,456,0.85,deterioration,82.53,94.86679232827079,10002.064108790675,9000.0,12.141816415735795,HOLD,0.0,"The current market conditions are stable, with a neutral RSI and a slight uptrend. Given the low volatility and conservative nature of the stock, it's best to hold onto the current position and avoid taking on unnecessary risks. The current holding value is relatively low, and there's no compelling reason to make a move at this time.",82.03,82.95,50.0,-0.6243,1044370,0.84,18.4,13.0,3.07,-1.11,0,0.13,-0.03,0.16
Day-38,meta-llama/Llama-3.1-8B-Instruct,ISFJ,memory,crash,456,0.85,deterioration,83.34,94.42292010718262,10011.89898008742,9000.0,12.141816415735795,HOLD,0.0,"The current market conditions do not justify taking on any new risk. The RSI is below 50, indicating a potential buying opportunity, but the trend is neutral and the P/E ratio is relatively low, suggesting the stock is undervalued. Given the low cash balance, it's best to maintain a conservative stance and hold current positions.",82.06,82.96,45.5,-0.4479,1431274,1.16,18.5,13.2,3.02,-1.08,0,-0.13,-0.12,-0.0
Day-39,meta-llama/Llama-3.1-8B-Instruct,ISFJ,memory,crash,456,0.85,deterioration,80.54,94.40534166049264,9977.90189412336,9000.0,12.141816415735795,HOLD,0.0,"The current market conditions do not warrant any action. The RSI is below 50, indicating a potential buying opportunity, but the price is above the 20/60 SMA, suggesting a neutral trend. Given the low P/E ratio and high implied volatility, it's best to maintain a conservative stance and hold the current position.",81.87,82.9,44.8,-0.5284,1348176,1.09,18.6,12.8,3.13,-1.24,0,0.33,0.04,0.29
Day-40,meta-llama/Llama-3.1-8B-Instruct,ISFJ,memory,crash,456,0.85,deterioration,81.14,93.46969808623925,9985.186983972802,9000.0,12.141816415735795,HOLD,0.0,"The current market conditions do not warrant any action. The RSI is at 50.1, indicating a neutral market sentiment. Given the low volatility and stable trend, it is best to maintain the current portfolio and avoid taking any unnecessary risks.",81.86,82.85,50.1,-0.5372,1128572,0.92,18.7,13.0,3.07,-1.2,0,0.33,0.1,0.23
Day-41,meta-llama/Llama-3.1-8B-Instruct,ISFJ,memory,crash,456,0.85,deterioration,80.59,93.98423035479327,9978.508984944148,9000.0,12.141816415735795,HOLD,0.0,"The current market conditions are stable, with a positive trend and a moderate RSI. The P/E ratio is reasonable, and implied volatility is within a normal range. Given the conservative nature of a Guardian Investor, it's best to maintain the current portfolio and avoid taking on unnecessary risk.",81.72,82.8,51.1,-0.5815,1409798,1.13,18.8,12.9,3.11,-1.3,0,-0.05,0.12,-0.18
Day-42,meta-llama/Llama-3.1-8B-Instruct,ISFJ,memory,crash,456,0.85,deterioration,80.48,93.59271175547805,9977.173385138416,9000.0,12.141816415735795,HOLD,0.0,"The current market conditions are stable, with a positive trend and a relatively low RSI. The price is near the SMA20 and SMA60, indicating a neutral position. Given the conservative approach of a Guardian Investor, it's best to hold the current position and avoid taking on any new risk.",81.64,82.74,48.8,-0.6184,1421023,1.13,18.9,12.9,3.1,-1.33,0,0.26,0.15,0.11
Day-43,meta-llama/Llama-3.1-8B-Instruct,ISFJ,memory,crash,456,0.85,deterioration,78.59,94.22022122201557,9954.225352112677,9000.0,12.141816415735795,HOLD,0.0,"The current market conditions and stock price suggest a neutral stance. The RSI is below 50, indicating a potential buying opportunity, but the trend is flat and the P/E ratio is relatively low, suggesting a stable stock. Given the conservative approach of a Guardian Investor, it's best to maintain the current position and avoid taking on unnecessary risk.",81.45,82.65,43.4,-0.7913,1138794,0.91,19.0,12.5,3.2,-1.45,0,0.44,0.26,0.17
Day-44,meta-llama/Llama-3.1-8B-Instruct,ISFJ,memory,crash,456,0.85,deterioration,81.48,93.19781251467616,9989.315201554153,9000.0,12.141816415735795,HOLD,0.0,"The current market conditions are stable, with a positive trend and a relatively low RSI. The price is near the SMA20, and the P/E ratio is reasonable. Given the conservative approach of a Guardian Investor, it's best to maintain the current holdings and avoid taking on unnecessary risk.",81.25,82.62,51.2,-0.6875,1150159,0.93,19.1,13.1,3.05,-1.65,0,-0.66,0.06,-0.72
Day-45,meta-llama/Llama-3.1-8B-Instruct,ISFJ,memory,crash,456,0.85,deterioration,79.83,93.31058300643501,9969.281204468189,9000.0,12.141816415735795,HOLD,0.0,"The current market conditions and stock price suggest a stable environment, and the RSI is below 50, indicating a potential buying opportunity. However, as a Guardian Investor, it's essential to prioritize security and avoid taking unnecessary risks. Given the current market status, it's best to maintain the current holdings and wait for a more favorable entry point.",81.1,82.56,42.1,-0.7301,1350192,1.07,19.2,12.8,3.12,-1.77,0,-0.04,-0.01,-0.03
Day-46,meta-llama/Llama-3.1-8B-Instruct,ISFJ,memory,crash,456,0.85,deterioration,77.18,93.01892511840302,9937.105390966488,9000.0,12.141816415735795,HOLD,0.0,"The current market conditions and stock price of $77.18 are within a relatively stable range, and the RSI of 40.5 suggests a neutral market sentiment. Given the low risk appetite and focus on security, it's best to hold the current position and avoid taking on unnecessary risks.",80.9,82.44,40.5,-0.9663,1478680,1.16,19.3,12.4,3.21,-1.87,0,-0.25,-0.05,-0.2
Day-47,meta-llama/Llama-3.1-8B-Instruct,ISFJ,memory,crash,456,0.85,deterioration,79.07,93.20724176575243,9960.053423992229,9000.0,12.141816415735795,HOLD,0.0,"The current market conditions and stock price suggest a stable environment, but the RSI is slightly below the neutral zone, indicating a potential for a minor correction. Given the conservative approach of a Guardian Investor, it's best to hold the current position and avoid taking on unnecessary risk. The current holdings value is relatively low, and there's no compelling reason to make a trade at this time.",80.85,82.37,46.8,-0.9894,1119591,0.88,19.4,12.7,3.14,-1.84,0,0.34,-0.03,0.38
Day-48,meta-llama/Llama-3.1-8B-Instruct,ISFJ,memory,crash,456,0.85,deterioration,76.61,93.46157493662938,9930.18455560952,9000.0,12.141816415735795,HOLD,0.0,"The current market conditions are stable, with a slight downward trend and low RSI. Given the conservative nature of a Guardian Investor, it's best to hold onto current holdings and avoid taking on unnecessary risks. The current price is within a relatively stable range, and there's no clear indication to buy or sell.",80.63,82.25,39.1,-1.1923,1421436,1.1,19.5,12.3,3.25,-1.97,0,-0.33,-0.19,-0.14
Day-49,meta-llama/Llama-3.1-8B-Instruct,ISFJ,memory,crash,456,0.85,deterioration,76.18,92.71696296784981,9924.963574550753,9000.0,12.141816415735795,HOLD,0.0,"The current market conditions and portfolio status suggest a stable environment, but the RSI is slightly below 50, indicating a potential for a slight pullback. Given the low risk appetite and focus on security, it's best to maintain the current position and avoid taking on any new risk. The current holdings value is relatively low, and adding new positions may not be necessary at this time.",80.37,82.13,44.5,-1.3725,1289276,1.0,19.6,12.3,3.25,-2.14,-1,0.31,0.01,0.3
Day-50,meta-llama/Llama-3.1-8B-Instruct,ISFJ,memory,crash,456,0.85,deterioration,77.44,92.77967803678895,9940.26226323458,9000.0,12.141816415735795,HOLD,0.0,"The current market conditions are not favorable for a new investment. The RSI is below 50, indicating a potential downtrend, and the Implied Volatility is high. Given the conservative nature of a Guardian Investor, it's best to maintain the current cash position to avoid unnecessary risk.",80.19,82.03,38.6,-1.3972,1436343,1.1,19.7,12.5,3.19,-2.24,-1,0.01,0.02,-0.01
Day-51,meta-llama/Llama-3.1-8B-Instruct,ISFJ,memory,crash,456,0.85,deterioration,79.19,91.88950895950585,9961.510441962117,9000.0,12.141816415735795,HOLD,0.0,"The current market conditions and stock price do not justify taking any action. The RSI is below 50, indicating a potential buying opportunity, but the trend is negative and the P/E ratio is relatively low, suggesting the stock may not be overvalued. Given the strict mandate to prioritize security and avoid volatility, it's best to hold the current position and maintain a cash reserve.",79.98,81.91,42.3,-1.2607,1494000,1.14,19.7,12.9,3.09,-2.35,-1,-0.06,0.05,-0.11
Day-52,meta-llama/Llama-3.1-8B-Instruct,ISFJ,memory,crash,456,0.85,deterioration,80.39,92.28673083726413,9976.080621661,9000.0,12.141816415735795,HOLD,0.0,"The current market conditions and stock price suggest a neutral stance. The RSI is below 50, indicating a potential oversold condition, but the trend is slightly bearish and the news sentiment is negative. Given the conservative approach of a Guardian Investor, it's best to hold cash and wait for more favorable conditions.",79.91,81.85,43.3,-1.044,1095191,0.84,19.8,13.1,3.06,-2.36,-1,-0.22,-0.06,-0.16
Day-53,meta-llama/Llama-3.1-8B-Instruct,ISFJ,memory,crash,456,0.85,deterioration,76.47,91.49454037321668,9928.484701311316,9000.0,12.141816415735795,HOLD,0.0,"The current market conditions indicate a potential pullback, with the RSI at 41.3 and a negative news sentiment. Given the strict mandate to prioritize security and avoid volatility, it's best to hold the current position and maintain a cash reserve to take advantage of potential future opportunities.",79.7,81.71,41.3,-1.1754,1425527,1.09,19.9,12.5,3.19,-2.46,-1,-0.36,-0.07,-0.29
Day-54,meta-llama/Llama-3.1-8B-Instruct,ISFJ,memory,crash,456,0.85,deterioration,77.23,91.50095870964448,9937.712481787275,9000.0,12.141816415735795,HOLD,0.0,"The current market conditions and portfolio status suggest a cautious approach. The RSI is below 50, indicating a potential for a short-term downtrend, and the Implied Volatility is high. Given the Guardian Investor mandate, it's best to maintain the current portfolio and avoid taking on unnecessary risks.",79.45,81.54,41.7,-1.2037,1497879,1.14,20.0,12.7,3.16,-2.56,-1,-0.09,-0.14,0.05
Day-55,meta-llama/Llama-3.1-8B-Instruct,ISFJ,memory,crash,456,0.85,deterioration,78.85,92.42084271884889,9957.382224380768,9000.0,12.141816415735795,HOLD,0.0,"The current market conditions and stock price are not favorable for a buy, and the RSI is below 50, indicating a potential sell signal. The trend is also negative, and the P/E ratio is relatively low. Given the strict mandate to prioritize security and avoid volatility, it's best to hold the current cash position.",79.46,81.46,46.4,-1.0836,1064051,0.82,20.1,12.8,3.13,-2.45,-1,0.11,-0.12,0.23
Day-56,meta-llama/Llama-3.1-8B-Instruct,ISFJ,memory,crash,456,0.85,deterioration,77.77,91.60593222463535,9944.269062651772,9000.0,12.141816415735795,HOLD,0.0,"The current market conditions and stock price of $77.77 are not alarming, but the trend is slightly bearish and the RSI is below 50, indicating a potential for further decline. Given the low risk appetite and focus on security, it's best to hold the current position and avoid taking on any new risk. The current holdings value is $957.38, which is a relatively stable position.",79.24,81.25,44.7,-1.0632,1231374,0.95,20.2,12.7,3.14,-2.47,-1,-0.58,-0.23,-0.35
Day-57,meta-llama/Llama-3.1-8B-Instruct,ISFJ,memory,crash,456,0.85,deterioration,77.79,91.17522267823827,9944.511898980087,9000.0,12.141816415735795,HOLD,0.0,"The current market conditions and stock price do not justify taking on any risk. The RSI is at 48.3, indicating a neutral market sentiment, and the price is slightly below the SMA20. Given the conservative approach of a Guardian Investor, it's best to maintain the current cash position and avoid any potential losses.",79.01,81.09,48.3,-1.0329,1131518,0.87,20.3,12.8,3.13,-2.57,-1,-0.29,-0.24,-0.05
Day-58,meta-llama/Llama-3.1-8B-Instruct,ISFJ,memory,crash,456,0.85,deterioration,75.82,91.34867338560164,9920.592520641088,9000.0,12.141816415735795,HOLD,0.0,"The current market conditions and stock price of $75.82 indicate a potential for volatility, but the RSI of 37.5 and negative news sentiment suggest a cautious approach. Given the Guardian Investor mandate, it's best to prioritize security and avoid taking any action that may increase risk. Holding the current position is the most prudent decision to protect the principal.",78.63,80.95,37.5,-1.1545,1420793,1.09,20.4,12.5,3.21,-2.87,-1,-0.22,-0.21,-0.01
Day-59,meta-llama/Llama-3.1-8B-Instruct,ISFJ,memory,crash,456,0.85,deterioration,77.74,90.49124222429167,9943.904808159301,9000.0,12.141816415735795,HOLD,0.0,"The current market conditions and stock price suggest a neutral stance. The RSI is below 50, indicating a potential sell-off, but the trend is still slightly positive. Given the low risk appetite and focus on security, it's best to hold the current position and avoid taking on any new risk.",78.49,80.83,45.5,-1.0839,1129735,0.87,20.5,12.9,3.1,-2.9,-1,0.09,-0.18,0.27
Day-60,meta-llama/Llama-3.1-8B-Instruct,ISFJ,memory,crash,456,0.85,deterioration,77.8,91.90104238178921,9944.633317144246,9000.0,12.141816415735795,HOLD,0.0,"The current market conditions indicate a neutral trend with a slight downtrend, and the RSI is at 51.5, which is not overbought or oversold. The P/E ratio is relatively low at 12.7, and the implied volatility is high at 20.6%. Given the conservative approach of a Guardian Investor, it's best to hold the current position and avoid taking on any new risk.",78.32,80.76,51.5,-1.0111,1051143,0.82,20.6,12.7,3.15,-3.02,-1,-0.36,-0.27,-0.09
Day-61,meta-llama/Llama-3.1-8B-Instruct,ISFJ,memory,crash,456,0.85,deterioration,76.36,90.64013745948535,9927.149101505585,9000.0,12.141816415735795,HOLD,0.0,"The current market conditions are not favorable for a new investment. The RSI is below 50, indicating a potential downtrend, and the news sentiment is negative. Given the low cash balance, it's best to hold off on any new trades and maintain a conservative stance.",78.11,80.64,43.2,-1.0576,1256498,0.98,20.7,12.6,3.17,-3.14,-1,-0.36,-0.23,-0.13
Day-62,meta-llama/Llama-3.1-8B-Instruct,ISFJ,memory,crash,456,0.85,deterioration,78.18,90.86127997302448,9949.247207382225,9000.0,12.141816415735795,HOLD,0.0,"The current market conditions and portfolio status do not justify taking any action. The RSI is at 54.1, indicating a neutral market sentiment. The price is slightly below the SMA20, and the trend is bearish, suggesting a cautious approach to avoid potential losses.",78.0,80.51,54.1,-0.9368,1289913,1.01,20.8,12.9,3.1,-3.12,-1,-0.11,-0.19,0.08
Day-63,meta-llama/Llama-3.1-8B-Instruct,ISFJ,memory,crash,456,0.85,deterioration,77.27,90.44819450374368,9938.198154443904,9000.0,12.141816415735795,HOLD,0.0,"The current market conditions and portfolio status do not warrant any action. The price is slightly below the 20-day SMA, but the 60-day SMA is still above, indicating a neutral trend. The RSI is at 52.8, which is not overbought or oversold, and the P/E ratio is reasonable at 12.8.",77.93,80.34,52.8,-0.9042,1431854,1.11,20.9,12.8,3.12,-2.99,-1,0.8,0.01,0.79
Day-64,meta-llama/Llama-3.1-8B-Instruct,ISFJ,memory,crash,456,0.85,deterioration,77.53,90.39710389374666,9941.355026711995,9000.0,12.141816415735795,HOLD,0.0,"The current market conditions and portfolio status do not warrant any action. The RSI is at 50.2, indicating a neutral market, and the trend is slightly bearish. Given the conservative nature of a Guardian Investor, it's best to maintain the current position and avoid taking on any risk.",77.73,80.2,50.2,-0.8477,1251865,0.97,21.0,12.9,3.11,-3.07,-1,0.11,0.02,0.1
Day-65,meta-llama/Llama-3.1-8B-Instruct,ISFJ,memory,crash,456,0.85,deterioration,76.03,89.76965333148688,9923.142302088392,9000.0,12.141816415735795,HOLD,0.0,"The current market conditions and stock price indicate a potential for volatility, and the RSI is below 50, suggesting a possible downtrend. Given the Guardian Investor mandate, it's best to maintain a conservative stance and avoid taking on unnecessary risk. Holding cash is the safest option at this time.",77.54,80.13,41.4,-0.9131,1269303,0.98,21.1,12.7,3.15,-3.23,-1,-0.13,0.06,-0.2
Day-66,meta-llama/Llama-3.1-8B-Instruct,ISFJ,memory,crash,456,0.85,deterioration,78.69,89.96351554501268,9955.43953375425,9000.0,12.141816415735795,HOLD,0.0,"The current market conditions and stock price do not justify a buy or sell decision. The RSI is below 50, indicating a potential buying opportunity, but the trend is negative and the P/E ratio is relatively low, suggesting the stock may not be overvalued. Given the conservative approach of a Guardian Investor, it is best to maintain the current cash position and wait for more favorable conditions.",77.62,80.01,45.7,-0.7423,1301615,1.02,21.2,13.1,3.05,-2.99,-1,0.15,0.17,-0.01
Day-67,meta-llama/Llama-3.1-8B-Instruct,ISFJ,memory,crash,456,0.85,deterioration,76.27,90.31021851260975,9926.05633802817,9000.0,12.141816415735795,HOLD,0.0,"The current market conditions and stock price do not meet the criteria for a buy or sell. The RSI is at 49.5, indicating a neutral market sentiment, and the price is slightly below the SMA20. Given the conservative approach as a Guardian Investor, it's best to maintain the current portfolio and avoid taking on unnecessary risk.",77.48,79.85,49.5,-0.7926,1166634,0.91,21.3,12.7,3.16,-2.96,-1,-0.05,0.18,-0.22
Day-68,meta-llama/Llama-3.1-8B-Instruct,ISFJ,memory,crash,456,0.85,deterioration,78.15,89.50596207833443,9948.882952889753,9000.0,12.141816415735795,HOLD,0.0,"The current market conditions and stock price do not warrant a trade. The RSI is in a neutral zone, and the trend is slightly bearish, indicating a potential for volatility. As a Guardian Investor, it's best to maintain a conservative stance and hold the current cash position to avoid unnecessary risk.",77.56,79.76,52.3,-0.6731,1393037,1.09,21.4,13.1,3.05,-2.76,-1,0.29,0.08,0.22
Day-69,meta-llama/Llama-3.1-8B-Instruct,ISFJ,memory,crash,456,0.85,deterioration,75.7,89.60311781972352,9919.135502671199,9000.0,12.141816415735795,HOLD,0.0,"The current market conditions and portfolio status suggest a cautious approach. The RSI is below 50, indicating a potential oversold condition, but the trend and other indicators do not strongly support a buy signal. Given the low risk appetite and focus on security, it's best to maintain the current holdings and avoid taking on additional risk.",77.53,79.58,42.3,-0.7669,1228343,0.96,21.5,12.7,3.16,-2.58,-1,-0.01,0.05,-0.06
Day-70,meta-llama/Llama-3.1-8B-Instruct,ISFJ,memory,crash,456,0.85,deterioration,77.88,90.42582294888166,9945.604662457503,9000.0,12.141816415735795,HOLD,0.0,"The current market conditions are neutral with a slight downtrend, and the RSI is at 50.3, indicating a balanced market. Given the low risk appetite and conservative decision style, it's best to hold the current position and avoid taking any new risks. The current holdings are already aligned with the guardian investor mandate.",77.56,79.52,50.3,-0.658,1464054,1.14,21.6,12.9,3.1,-2.47,-1,-0.29,0.02,-0.31
Day-71,meta-llama/Llama-3.1-8B-Instruct,ISFJ,memory,crash,456,0.85,deterioration,74.46,89.40730522877175,9904.079650315687,9000.0,12.141816415735795,HOLD,0.0,"The current market conditions and stock price indicate a potential for volatility, and the RSI is below 50, suggesting a possible sell-off. Given the Guardian Investor mandate, it's best to hold cash and avoid taking on unnecessary risks. The current holdings value is relatively low, and it's prudent to maintain a conservative approach.",77.32,79.34,43.3,-0.8378,1137841,0.9,21.6,12.5,3.2,-2.54,-1,0.18,0.02,0.15
Day-72,meta-llama/Llama-3.1-8B-Instruct,ISFJ,memory,crash,456,0.85,deterioration,72.65,88.7739685210242,9882.102962603205,9000.0,12.141816415735795,HOLD,0.0,"The current market conditions and portfolio status do not warrant any action. The RSI is below 50, indicating a potential buying opportunity, but the trend is slightly negative and the P/E ratio is relatively low, suggesting a stable market. Given the conservative nature of a Guardian Investor, it's best to maintain the current portfolio and avoid taking on any risk.",76.93,79.15,43.6,-1.1137,1325668,1.04,21.7,12.3,3.26,-2.8,-1,0.62,0.16,0.47
Day-73,meta-llama/Llama-3.1-8B-Instruct,ISFJ,memory,crash,456,0.85,deterioration,77.64,89.63962665701666,9942.690626517728,9000.0,12.141816415735795,HOLD,0.0,"The current market conditions are stable, but the RSI is slightly below the neutral zone, indicating a potential for a slight pullback. Given the low risk appetite and focus on security, it's best to hold the current position and avoid taking on any new risk. The portfolio is already conservatively positioned with a low cash allocation.",76.99,79.05,49.8,-0.9194,1185967,0.94,21.8,13.0,3.08,-2.61,-1,0.85,0.27,0.58
Day-74,meta-llama/Llama-3.1-8B-Instruct,ISFJ,memory,crash,456,0.85,deterioration,75.31,89.3383615506795,9914.400194269063,9000.0,12.141816415735795,HOLD,0.0,"The current market conditions are not favorable for a new investment. The RSI is below 50, indicating a potential downward trend, and the Implied Volatility is high. As a Guardian Investor, it's best to maintain a conservative stance and hold the current cash position to avoid potential losses.",76.89,78.85,45.8,-0.9426,1311241,1.05,21.9,12.6,3.16,-2.48,-1,0.01,0.27,-0.27
Day-75,meta-llama/Llama-3.1-8B-Instruct,ISFJ,memory,crash,456,0.85,deterioration,77.03,89.19772020154565,9935.284118504129,9000.0,12.141816415735795,HOLD,0.0,"The current market conditions and portfolio status do not warrant any action. The price is slightly below the SMA20, but the RSI is not oversold, and the Implied Volatility is relatively high. Given the conservative nature of a Guardian Investor, it's best to maintain the current portfolio and avoid taking on any unnecessary risk.",76.8,78.73,51.1,-0.8128,1495036,1.17,22.0,13.0,3.09,-2.45,-1,-0.32,0.27,-0.59
Day-76,meta-llama/Llama-3.1-8B-Instruct,ISFJ,memory,crash,456,0.85,deterioration,77.51,88.7534364239669,9941.112190383681,9000.0,12.141816415735795,HOLD,0.0,"The current market conditions and portfolio status do not warrant any action. The RSI is at 48.8, indicating a neutral market sentiment, and the trend is slightly bearish. Given the conservative nature of a Guardian Investor, it's best to maintain the current portfolio and avoid taking any unnecessary risks.",76.79,78.66,48.8,-0.6632,1253365,0.98,22.1,13.1,3.05,-2.38,-1,-0.81,0.07,-0.88
Day-77,meta-llama/Llama-3.1-8B-Instruct,ISFJ,memory,crash,456,0.85,deterioration,74.17,88.58030868191621,9900.558523555124,9000.0,12.141816415735795,HOLD,0.0,"The current market conditions and stock price suggest a neutral stance. The RSI is below 50, indicating a potential buying opportunity, but the trend is negative and the news sentiment is negative. Given the strict mandate to prioritize security and avoid volatility, it's best to hold cash and wait for a more favorable entry point.",76.61,78.54,45.1,-0.8049,1467165,1.14,22.2,12.6,3.18,-2.46,-1,-0.18,-0.09,-0.09
Day-78,meta-llama/Llama-3.1-8B-Instruct,ISFJ,memory,crash,456,0.85,deterioration,74.73,88.99650094600725,9907.357940747936,9000.0,12.141816415735795,HOLD,0.0,"The current market conditions and portfolio status indicate a stable position. The RSI is below 50, suggesting a potential buying opportunity, but the trend is slightly negative and the P/E ratio is relatively low. Given the current portfolio value and the importance of preserving capital, it's best to maintain the current holdings and avoid taking on unnecessary risk.",76.56,78.42,45.6,-0.8618,1165374,0.91,22.3,12.6,3.18,-2.37,-1,-0.14,-0.29,0.15
Day-79,meta-llama/Llama-3.1-8B-Instruct,ISFJ,memory,crash,456,0.85,deterioration,75.03,88.02810399509899,9911.000485672657,9000.0,12.141816415735795,HOLD,0.0,"The RSI is below 50, indicating a potential sell-off, but the trend is still positive. The P/E ratio is relatively low, and implied volatility is high, which could indicate a potential opportunity for hedging. Given the current market conditions, it's best to hold and wait for a clearer signal to act.",76.42,78.29,48.4,-0.8729,1461354,1.13,22.4,12.8,3.13,-2.39,-1,-0.07,-0.3,0.24
Day-80,meta-llama/Llama-3.1-8B-Instruct,ISFJ,memory,crash,456,0.85,deterioration,74.86,88.50518712122022,9908.936376881982,9000.0,12.141816415735795,HOLD,0.0,"The current market conditions and stock price suggest a cautious approach. The RSI is below 50, indicating a potential for further decline, and the news sentiment is negative. As a Guardian Investor, it's best to maintain a defensive position and avoid taking on unnecessary risk.",76.27,78.17,43.2,-0.885,1376366,1.05,22.5,12.7,3.15,-2.42,-1,-0.38,-0.31,-0.06
Day-81,meta-llama/Llama-3.1-8B-Instruct,ISFJ,memory,crash,456,0.85,panic,75.23,88.3124606425931,9913.428848955804,9000.0,12.141816415735795,HOLD,0.0,"The current market conditions and portfolio status do not warrant any action. The stock price is slightly below the trend, and the RSI is at a neutral level. Given the low risk appetite and focus on security, it's best to maintain the current position and avoid taking on any new risk.",76.22,78.0,48.0,-0.8554,2268662,1.67,22.5,12.8,3.13,-2.29,-1,-0.73,-0.3,-0.43
Day-82,meta-llama/Llama-3.1-8B-Instruct,ISFJ,memory,crash,456,0.85,panic,76.71,88.61861072688454,9931.398737251093,9000.0,12.141816415735795,HOLD,0.0,"The current market conditions suggest a neutral trend, with a slight downtrend in the short term. The RSI is below 50, indicating a potential sell-off, but the P/E ratio is reasonable and the implied volatility is not extremely high. Given the conservative approach of a Guardian Investor, it is best to hold the current position and avoid taking any action that could increase risk.",76.14,77.9,47.2,-0.7041,2184560,1.55,22.9,13.0,3.08,-2.26,-1,-0.8,-0.42,-0.38
Day-83,meta-llama/Llama-3.1-8B-Instruct,ISFJ,memory,crash,456,0.85,panic,73.52,88.19032927057687,9892.666342884895,9000.0,12.141816415735795,HOLD,0.0,"The current market conditions are not favorable for a new trade. The RSI is below 50, indicating a potential downtrend, and the news sentiment is negative. Given the conservative nature of a Guardian Investor, it's best to maintain the current portfolio and avoid taking on unnecessary risk.",75.96,77.76,45.9,-0.832,3096649,2.08,23.3,12.5,3.2,-2.32,-1,-0.8,-0.56,-0.24
Day-84,meta-llama/Llama-3.1-8B-Instruct,ISFJ,memory,crash,456,0.85,panic,74.18,87.44335260031188,9900.679941719281,9000.0,12.141816415735795,HOLD,0.0,"The current market conditions are not favorable for a new trade. The RSI is below 50, indicating a potential sell-off, and the news sentiment is negative. Given the conservative nature of a Guardian Investor, it's best to hold cash and wait for more favorable conditions.",75.79,77.6,42.5,-0.8705,3036569,1.92,23.6,12.7,3.14,-2.33,-1,-0.76,-0.69,-0.07
Day-85,meta-llama/Llama-3.1-8B-Instruct,ISFJ,memory,crash,456,0.85,panic,75.11,86.16999248014685,9911.971830985916,9000.0,12.141816415735795,HOLD,0.0,"The current market conditions and stock price do not justify taking any action. The RSI is at 51.5, indicating a neutral market sentiment, and the trend is slightly bearish. As a Guardian Investor, it's best to maintain the current portfolio and avoid taking any unnecessary risks.",75.74,77.53,51.5,-0.8161,2447527,1.49,24.0,13.1,3.06,-2.3,-1,-0.64,-0.75,0.11
Day-86,meta-llama/Llama-3.1-8B-Instruct,ISFJ,memory,crash,456,0.85,panic,73.47,84.80834576397922,9892.05925206411,9000.0,12.141816415735795,HOLD,0.0,"The current market conditions and stock price do not justify taking on any risk. The RSI is at 51.8, indicating a neutral market sentiment, and the trend is slightly bearish. Given the strict mandate to prioritize security and avoid volatility, it is best to maintain the current cash position.",75.48,77.35,51.8,-0.895,2444121,1.44,24.4,13.0,3.08,-2.42,-1,-0.76,-0.75,-0.01
Day-87,meta-llama/Llama-3.1-8B-Instruct,ISFJ,memory,crash,456,0.85,panic,74.06,85.4421986726139,9899.222923749392,9000.0,12.141816415735795,HOLD,0.0,"The current market conditions and stock price do not justify taking on any risk. The RSI is below 50, indicating a potential oversold condition, but the trend is still negative and the news sentiment is negative. Given the Guardian Investor mandate, it's best to err on the side of caution and hold cash to protect the principal.",75.37,77.18,39.9,-0.8997,2755060,1.55,24.8,13.0,3.08,-2.35,-1,-0.36,-0.66,0.3
Day-88,meta-llama/Llama-3.1-8B-Instruct,ISFJ,memory,crash,456,0.85,panic,70.56,84.15227682889136,9856.726566294317,9000.0,12.141816415735795,HOLD,0.0,"The current market conditions indicate a potential pullback, with a declining trend, low RSI, and negative news sentiment. Given the strict mandate to prioritize security and avoid volatility, it's best to maintain a conservative stance and hold the current cash position.",74.99,76.93,37.5,-1.1719,2868167,1.55,25.2,12.6,3.18,-2.52,-1,-0.66,-0.64,-0.02
Day-89,meta-llama/Llama-3.1-8B-Instruct,ISFJ,memory,crash,456,0.85,panic,71.8,84.20352199812181,9871.78241864983,9000.0,12.141816415735795,HOLD,0.0,"The current market conditions and portfolio status suggest a cautious approach. The RSI is below 40, indicating oversold conditions, but the trend is bearish and the news sentiment is negative. Given the priority on security, it's best to hold the current position and wait for more favorable conditions before making any adjustments.",74.8,76.75,35.8,-1.273,2274883,1.2,25.6,12.8,3.13,-2.55,-1,-0.88,-0.66,-0.22
Day-90,meta-llama/Llama-3.1-8B-Instruct,ISFJ,memory,crash,456,0.85,panic,71.74,83.41742404242389,9871.053909664886,9000.0,12.141816415735795,HOLD,0.0,"The current market conditions and stock price of $71.74 indicate a potential for volatility, and the RSI of 34.0 suggests oversold conditions. Given the Guardian Investor mandate, it's best to err on the side of caution and hold the current position to avoid potential losses. The current portfolio value of $871.78 is relatively low, and adding new positions may increase overall risk.",74.49,76.57,34.0,-1.343,2317365,1.19,25.9,12.9,3.1,-2.71,-1,-0.82,-0.7,-0.13
Day-91,meta-llama/Llama-3.1-8B-Instruct,ISFJ,memory,crash,456,0.85,panic,70.54,82.15021779261417,9856.483729966003,9000.0,12.141816415735795,HOLD,0.0,"The current market conditions and stock price are not favorable for a new investment. The RSI is below 50, indicating a potential downtrend, and the news sentiment is negative. Given the conservative nature of a Guardian Investor, it's best to maintain the current cash position and wait for more favorable conditions.",74.29,76.37,38.6,-1.4778,2651283,1.31,26.3,12.9,3.11,-2.71,-1,-0.48,-0.64,0.16
Day-92,meta-llama/Llama-3.1-8B-Instruct,ISFJ,memory,crash,456,0.85,panic,69.43,82.74466237805241,9843.006313744536,9000.0,12.141816415735795,HOLD,0.0,"The current market conditions indicate a potential pullback, with a negative news sentiment and a low RSI. Given the strict mandate to prioritize security and avoid volatility, it's best to hold the current position and maintain a cash reserve to take advantage of potential future opportunities.",74.13,76.14,33.9,-1.655,2918548,1.39,26.7,12.6,3.18,-2.64,-1,-0.94,-0.76,-0.18
Day-93,meta-llama/Llama-3.1-8B-Instruct,ISFJ,memory,crash,456,0.85,panic,72.97,83.84856968764288,9885.988343856241,9000.0,12.141816415735795,HOLD,0.0,"The current market conditions and stock price do not justify taking any action. The stock price is slightly below the 60-day SMA, and the RSI is below 50, indicating a potential buying opportunity, but the overall trend is still slightly negative. Given the low risk appetite and focus on security, it's best to hold the current position and wait for more favorable conditions.",73.9,76.03,44.8,-1.4927,2573817,1.19,27.1,13.1,3.06,-2.81,-1,-1.0,-0.83,-0.17
Day-94,meta-llama/Llama-3.1-8B-Instruct,ISFJ,memory,crash,456,0.85,panic,70.35,81.43764923068117,9854.176784847014,9000.0,12.141816415735795,HOLD,0.0,"The stock price is slightly below the 20-day SMA and the RSI is below 50, indicating a potential downtrend. The P/E ratio is relatively low, but the implied volatility is high, suggesting a volatile market. Given the Guardian Investor mandate, it's best to err on the side of caution and hold cash to protect the principal.",73.65,75.81,39.8,-1.5581,2735709,1.22,27.5,13.0,3.09,-2.85,-1,-0.81,-0.81,-0.0
Day-95,meta-llama/Llama-3.1-8B-Instruct,ISFJ,memory,crash,456,0.85,panic,67.27,81.06671563953861,9816.779990286546,9000.0,12.141816415735795,HOLD,0.0,"The current market conditions and stock price suggest a potential for volatility, but the RSI is below 50, indicating a possible oversold condition. Given the strict mandate to prioritize security and avoid unnecessary risks, it's best to hold the current position and maintain a cash reserve. The current holdings value is relatively low, and adding more exposure could increase potential losses.",73.16,75.56,34.0,-1.837,2499536,1.09,27.8,12.4,3.21,-3.17,-1,-1.0,-0.85,-0.15
Day-96,meta-llama/Llama-3.1-8B-Instruct,ISFJ,memory,crash,456,0.85,panic,70.14,81.1929153148478,9851.627003399708,9000.0,12.141816415735795,HOLD,0.0,"The current market conditions indicate a potential pullback, with a declining trend, low RSI, and negative news sentiment. Given the strict mandate to prioritize security and avoid volatility, it's best to hold the current position and maintain a conservative stance.",72.79,75.42,37.5,-1.8058,3490057,1.45,28.2,13.0,3.09,-3.48,-1,-0.6,-0.87,0.27
Day-97,meta-llama/Llama-3.1-8B-Instruct,ISFJ,memory,crash,456,0.85,panic,70.77,80.7760644926076,9859.276347741623,9000.0,12.141816415735795,HOLD,0.0,"The current market conditions and stock price ($70.77) do not justify a purchase, and the RSI (44.2) and Implied Volatility (28.6%) indicate a relatively stable but slightly volatile environment. Given the conservative nature of a Guardian Investor, it's best to maintain the current cash position to avoid unnecessary risk.",72.62,75.25,44.2,-1.7103,3702754,1.47,28.6,13.1,3.04,-3.49,-1,-0.98,-0.88,-0.11
Day-98,meta-llama/Llama-3.1-8B-Instruct,ISFJ,memory,crash,456,0.85,panic,69.67,82.59870446118573,9845.920349684313,9000.0,12.141816415735795,HOLD,0.0,"The current market conditions indicate a potential for volatility, with a negative news sentiment and a relatively low RSI. Given the strict mandate to prioritize security and avoid unnecessary risks, it is best to hold the current position and maintain a cash reserve to be prepared for potential market fluctuations.",72.37,75.11,40.6,-1.7041,3454676,1.31,29.0,12.7,3.16,-3.65,-1,-0.79,-0.84,0.04
Day-99,meta-llama/Llama-3.1-8B-Instruct,ISFJ,memory,crash,456,0.85,panic,71.6,84.3833761885968,9869.354055366683,9000.0,12.141816415735795,HOLD,0.0,"The current market conditions are not favorable for a new investment, with a negative trend, low RSI, and bearish news sentiment. The price is also below the SMA20, indicating a potential downtrend. Given the strict mandate to prioritize security and avoid volatility, it is best to hold cash and wait for more favorable conditions.",72.2,75.02,43.0,-1.5254,2923025,1.08,29.4,12.7,3.14,-3.76,-1,-0.84,-0.84,0.01
Day-100,meta-llama/Llama-3.1-8B-Instruct,ISFJ,memory,crash,456,0.85,panic,73.75,84.28022127662553,9895.458960660515,9000.0,12.141816415735795,HOLD,0.0,"The current market conditions and stock price do not justify taking on any risk. The RSI is at 50.6, indicating a neutral market sentiment, and the trend is slightly bearish. Given the low cash balance and the importance of preserving capital, it's best to hold and maintain the current portfolio.",72.14,74.95,50.6,-1.1963,3382245,1.21,29.7,13.1,3.05,-3.74,-1,-1.0,-0.84,-0.16
Day-101,meta-llama/Llama-3.1-8B-Instruct,ISFJ,memory,crash,456,0.85,panic,68.39,83.04020310359448,9830.37882467217,9000.0,12.141816415735795,HOLD,0.0,"The current market conditions and stock price of $68.39 are not suitable for a buy or sell decision. The RSI is at 40.7, indicating a potential for a rebound, but the trend is negative and the news sentiment is negative. Given the conservative approach of a Guardian Investor, it's best to hold the current position and wait for more favorable conditions.",71.8,74.73,40.7,-1.3525,3707657,1.29,30.1,12.4,3.24,-3.92,-1,-0.54,-0.83,0.29
Day-102,meta-llama/Llama-3.1-8B-Instruct,ISFJ,memory,crash,456,0.85,panic,67.27,81.68682625830063,9816.779990286546,9000.0,12.141816415735795,HOLD,0.0,"The current market conditions and stock price do not meet the criteria for a buy, and the portfolio is already relatively conservative. The RSI is below 50, indicating a potential buying opportunity, but the trend is negative and the news sentiment is negative. Given the low cash balance, it's best to maintain the current holdings and wait for a more favorable entry point.",71.33,74.47,44.1,-1.5487,4047601,1.36,30.5,12.4,3.24,-4.22,-1,-0.76,-0.79,0.03
Day-103,meta-llama/Llama-3.1-8B-Instruct,ISFJ,memory,crash,456,0.85,panic,68.4,79.14730409142194,9830.500242836328,9000.0,12.141816415735795,HOLD,0.0,"The current market conditions and stock price suggest a potential decline, with a negative news sentiment, low RSI, and a downward trend. Given the strict mandate to prioritize security and avoid volatility, it's best to hold the current cash position to protect the principal.",71.07,74.31,43.9,-1.5951,3578640,1.2,30.9,13.0,3.09,-4.35,-1,-0.81,-0.79,-0.02
Day-104,meta-llama/Llama-3.1-8B-Instruct,ISFJ,memory,crash,456,0.85,panic,67.33,79.82159923236847,9817.508499271491,9000.0,12.141816415735795,HOLD,0.0,"The current market conditions and stock price suggest a neutral stance. The RSI is below 50, indicating a potential buying opportunity, but the trend is negative and the news sentiment is bearish. Given the conservative approach of a Guardian Investor, it's best to hold cash and wait for more favorable conditions.",70.73,74.11,42.4,-1.6988,3612663,1.2,31.3,12.7,3.16,-4.56,-1,-0.66,-0.75,0.09
Day-105,meta-llama/Llama-3.1-8B-Instruct,ISFJ,memory,crash,456,0.85,panic,64.13,78.37065710002028,9778.654686741136,9000.0,12.141816415735795,HOLD,0.0,"The current market conditions and stock price do not justify taking on any risk. The RSI is below 50, indicating a potential oversold condition, but the trend is also bearish and the news sentiment is negative. Given the priority of security, it's best to hold cash and wait for more favorable conditions.",70.18,73.82,39.6,-2.0155,3567176,1.16,31.7,12.3,3.26,-4.92,-1,-1.0,-0.75,-0.25
Day-106,meta-llama/Llama-3.1-8B-Instruct,ISFJ,memory,crash,456,0.85,panic,64.08,78.56117255203853,9778.04759592035,9000.0,12.141816415735795,HOLD,0.0,"The current market conditions indicate a potential pullback, with a declining trend and negative news sentiment. Given the low RSI and high implied volatility, it's best to err on the side of caution and protect the principal. Holding cash is the safest option to avoid potential losses.",69.71,73.54,41.0,-2.2446,2936685,0.95,32.0,12.2,3.27,-5.21,-1,-0.74,-0.79,0.05
Day-107,meta-llama/Llama-3.1-8B-Instruct,ISFJ,memory,crash,456,0.85,panic,67.73,78.82613487888955,9822.365225837786,9000.0,12.141816415735795,HOLD,0.0,"The current market conditions and stock price suggest a potential downtrend, with a negative news sentiment and a declining trend. Given my conservative investment approach, I will hold onto cash to avoid potential losses and wait for more favorable conditions to invest.",69.4,73.34,41.2,-2.1078,2959012,0.95,32.4,12.9,3.1,-5.38,-1,-1.0,-0.84,-0.16
Day-108,meta-llama/Llama-3.1-8B-Instruct,ISFJ,memory,crash,456,0.85,panic,68.68,77.85408659254568,9833.899951432735,9000.0,12.141816415735795,HOLD,0.0,"The current market conditions and portfolio status do not warrant any action. The price is slightly below the SMA20, indicating a potential short-term downtrend, and the RSI is below 50, suggesting a possible oversold condition. Given the low cash balance and the importance of preserving capital, it is prudent to maintain the current holdings and avoid taking on any additional risk.",69.3,73.2,47.1,-1.9001,3126895,1.0,32.8,13.2,3.02,-5.32,-1,-1.0,-0.88,-0.12
Day-109,meta-llama/Llama-3.1-8B-Instruct,ISFJ,memory,crash,456,0.85,panic,64.14,76.56476115557795,9778.776104905293,9000.0,12.141816415735795,HOLD,0.0,"The current market conditions are not favorable for a new investment, with a declining trend, low RSI, and negative news sentiment. The price is also below the SMA20, indicating a potential downtrend. As a Guardian Investor, it's best to maintain a conservative stance and avoid taking on unnecessary risk.",68.92,72.93,44.7,-2.0785,3047410,0.96,33.2,12.6,3.18,-5.49,-1,-0.9,-0.93,0.03
Day-110,meta-llama/Llama-3.1-8B-Instruct,ISFJ,memory,crash,456,0.85,panic,63.56,75.9935056779828,9771.733851384168,9000.0,12.141816415735795,HOLD,0.0,"The current market conditions are uncertain, with a declining trend and negative news sentiment. The RSI is below 50, indicating potential undervaluation, but the Implied Volatility is high, suggesting increased risk. Given the Guardian Investor mandate, it's best to err on the side of caution and hold current positions to avoid potential losses.",68.51,72.64,38.0,-2.2408,4342825,1.33,33.6,12.5,3.19,-5.69,-1,-0.85,-0.9,0.05
Day-111,meta-llama/Llama-3.1-8B-Instruct,ISFJ,memory,crash,456,0.85,panic,63.24,75.25494042982075,9767.848470131132,9000.0,12.141816415735795,HOLD,0.0,"The current market conditions are uncertain, with a negative news sentiment and a low RSI. The price is below the SMA20 and SMA60, indicating a potential downtrend. Given the conservative nature of a Guardian Investor, it's best to hold cash and avoid taking on unnecessary risk.",68.15,72.38,36.1,-2.3681,3541086,1.07,33.9,12.6,3.17,-5.85,-1,-0.47,-0.84,0.37
Day-112,meta-llama/Llama-3.1-8B-Instruct,ISFJ,memory,crash,456,0.85,panic,63.72,75.83251339797926,9773.676542010684,9000.0,12.141816415735795,HOLD,0.0,"The current market conditions are not favorable for a new investment, with a bearish trend, low RSI, and negative news sentiment. The Implied Volatility is high, indicating potential market uncertainty. As a Guardian Investor, it's best to maintain a cautious stance and hold cash to protect the principal.",67.86,72.09,38.8,-2.4026,4063408,1.21,34.3,12.6,3.17,-5.87,-1,-0.72,-0.79,0.07
Day-113,meta-llama/Llama-3.1-8B-Instruct,ISFJ,memory,crash,456,0.85,panic,67.24,77.47576541019177,9816.415735794075,9000.0,12.141816415735795,HOLD,0.0,"The current market conditions and stock price do not justify a buy or sell decision. The RSI is below 50, indicating a potential buying opportunity, but the trend is negative and the news sentiment is negative, suggesting caution. Given the strict mandate to prioritize security and avoid volatility, it is best to hold the current position and maintain a cash reserve.",67.57,71.89,42.2,-2.1214,3732512,1.09,34.7,13.0,3.07,-6.0,-1,-0.84,-0.76,-0.09
Day-114,meta-llama/Llama-3.1-8B-Instruct,ISFJ,memory,crash,456,0.85,panic,62.52,77.32785352832167,9759.106362311803,9000.0,12.141816415735795,HOLD,0.0,"The current market conditions indicate a potential downturn, with a declining trend, low RSI, and negative news sentiment. Given the strict mandate to prioritize security and avoid volatility, it's best to hold the current cash position and wait for more favorable conditions to invest.",67.18,71.59,31.7,-2.2528,3730182,1.07,35.1,12.1,3.3,-6.16,-1,-0.78,-0.73,-0.04
Day-115,meta-llama/Llama-3.1-8B-Instruct,ISFJ,memory,crash,456,0.85,panic,66.5,77.76835365356405,9807.43079164643,9000.0,12.141816415735795,HOLD,0.0,"The current market conditions and stock price do not justify taking on any new risk. The RSI is below 50, indicating a potential buying opportunity, but the trend is negative and the news sentiment is negative. Given the low cash balance, it's best to hold off on any new trades and maintain a conservative stance.",67.14,71.4,46.8,-2.0126,4436648,1.24,35.5,12.8,3.12,-5.96,-1,-0.5,-0.66,0.16
Day-116,meta-llama/Llama-3.1-8B-Instruct,ISFJ,memory,crash,456,0.85,panic,67.43,76.11371027629156,9818.722680913064,9000.0,12.141816415735795,HOLD,0.0,"The current market conditions and stock price do not justify a buy or sell decision. The stock price is near the SMA20, and the RSI is at 50.3, indicating a neutral market sentiment. Given the low risk appetite and focus on security, it's best to maintain the current position and avoid taking on unnecessary risks.",67.01,71.17,50.3,-1.7274,3265374,0.92,35.8,13.3,3.01,-5.85,-1,-0.85,-0.74,-0.11
Day-117,meta-llama/Llama-3.1-8B-Instruct,ISFJ,memory,crash,456,0.85,panic,66.65,77.15660226007468,9809.25206410879,9000.0,12.141816415735795,HOLD,0.0,"The current market conditions and stock price do not justify taking on any risk. The RSI is below 50, indicating a potential sell-off, and the trend is negative. It's best to maintain a conservative stance and hold cash to protect the principal.",66.8,70.98,47.0,-1.5468,4335581,1.21,36.2,13.0,3.09,-5.89,-1,-1.0,-0.79,-0.21
Day-118,meta-llama/Llama-3.1-8B-Instruct,ISFJ,memory,crash,456,0.85,panic,67.18,79.22916195966934,9815.68722680913,9000.0,12.141816415735795,HOLD,0.0,"The current market conditions and stock price suggest a neutral position. The RSI is at 49.7, indicating a balanced market, and the trend is slightly bearish. Given the priority on security and avoiding volatility, holding cash is the most prudent decision at this time.",66.68,70.76,49.7,-1.345,4415031,1.21,36.6,12.7,3.14,-5.77,-1,-0.82,-0.79,-0.03
Day-119,meta-llama/Llama-3.1-8B-Instruct,ISFJ,memory,crash,456,0.85,panic,68.08,79.37644994010576,9826.614861583294,9000.0,12.141816415735795,HOLD,0.0,"The current market conditions and stock price do not justify taking on any risk. The RSI is slightly below 60, indicating a potential for a pullback, but the trend is still slightly bearish. Given the low cash balance and the importance of preserving capital, it's best to hold off on any trades and maintain a conservative stance.",66.5,70.61,57.6,-1.1002,4836376,1.3,37.0,12.9,3.11,-5.82,-1,-0.6,-0.75,0.15
Day-120,meta-llama/Llama-3.1-8B-Instruct,ISFJ,memory,crash,456,0.85,panic,67.97,78.07293400083698,9825.279261777561,9000.0,12.141816415735795,HOLD,0.0,"The current market conditions and stock price do not justify taking on any risk. The RSI is at 57.5, which is not overbought, but the trend is slightly negative and the news sentiment is negative. It's best to maintain a conservative stance and hold the current cash position to avoid any potential losses.",66.21,70.41,57.5,-0.9043,3387512,0.91,37.4,13.1,3.06,-5.96,-1,-0.44,-0.74,0.3
Day-121,meta-llama/Llama-3.1-8B-Instruct,ISFJ,memory,crash,456,0.85,panic,64.85,77.43341300667119,9787.396794560465,9000.0,12.141816415735795,HOLD,0.0,"The current market conditions and stock price of $64.85 do not justify taking any action. The RSI of 44.3 indicates a neutral market sentiment, and the trend is slightly bearish. Given the conservative nature of a Guardian Investor, it's best to maintain the current portfolio and avoid taking any unnecessary risks.",66.04,70.22,44.3,-0.99,4090172,1.09,37.8,12.6,3.18,-5.96,-1,-0.64,-0.7,0.06
Day-122,meta-llama/Llama-3.1-8B-Instruct,ISFJ,memory,crash,456,0.85,panic,62.24,75.94130576132666,9755.706653715395,9000.0,12.141816415735795,HOLD,0.0,"The current market conditions and stock price suggest a neutral position. The RSI is below 50, indicating a potential buying opportunity, but the trend is bearish and the news sentiment is negative. Given the conservative nature of a Guardian Investor, it's best to maintain a cash position to avoid potential losses.",65.78,70.01,38.1,-1.2534,3488152,0.94,38.1,12.3,3.25,-6.04,-1,-0.89,-0.68,-0.22
Day-123,meta-llama/Llama-3.1-8B-Instruct,ISFJ,memory,crash,456,0.85,panic,64.07,74.54868648654619,9777.926177756191,9000.0,12.141816415735795,HOLD,0.0,"The current market conditions and stock price are not favorable for a new investment. The RSI is at 49.9, indicating a neutral market sentiment, but the trend is negative and the news sentiment is negative. As a Guardian Investor, it's best to err on the side of caution and hold cash to maintain a stable portfolio.",65.57,69.74,49.9,-1.2995,3568296,0.96,38.5,12.9,3.1,-5.98,-1,-0.81,-0.68,-0.13
Day-124,meta-llama/Llama-3.1-8B-Instruct,ISFJ,memory,crash,456,0.85,panic,63.24,73.36576916704719,9767.848470131132,9000.0,12.141816415735795,HOLD,0.0,"The current market conditions and stock price are not favorable for a buy, and the RSI is below 50, indicating a potential sell signal. Given the low P/E ratio and high implied volatility, it's better to err on the side of caution and hold cash to maintain a safe position. The news sentiment is negative, which further supports a conservative approach.",65.36,69.5,49.4,-1.3874,4052678,1.08,38.9,12.9,3.09,-5.95,-1,-1.0,-0.76,-0.24
Day-125,meta-llama/Llama-3.1-8B-Instruct,ISFJ,memory,crash,456,0.85,panic,61.77,74.05972681391685,9750.0,9000.0,12.141816415735795,HOLD,0.0,"The current market conditions and stock price do not justify taking on any risk. The RSI is below 50, indicating a potential sell-off, and the news sentiment is negative. Given the strict mandate to prioritize security and avoid volatility, it's best to hold cash and wait for more favorable conditions.",65.24,69.19,47.2,-1.5579,4728880,1.24,39.3,12.5,3.2,-5.7,-1,-1.0,-0.87,-0.13
Day-126,meta-llama/Llama-3.1-8B-Instruct,ISFJ,memory,crash,456,0.85,panic,62.47,73.01522933306099,9758.499271491015,9000.0,12.141816415735795,HOLD,0.0,"The current market conditions indicate a potential for volatility, and the RSI is below 50, suggesting a possible downward trend. Given the Guardian Investor mandate, it's best to prioritize security and avoid taking on unnecessary risks. Holding cash is the most conservative approach at this time.",65.16,68.89,47.6,-1.618,4477586,1.15,39.7,12.8,3.12,-5.41,-1,-0.65,-0.87,0.22
Day-127,meta-llama/Llama-3.1-8B-Instruct,ISFJ,memory,crash,456,0.85,panic,60.53,72.77484176777926,9734.944147644488,9000.0,12.141816415735795,HOLD,0.0,"The current market conditions are uncertain, with a declining trend, low RSI, and negative news sentiment. Given the low price and high implied volatility, it's prudent to maintain a conservative stance and avoid taking on unnecessary risk. Holding cash is the safest option to protect the principal.",64.8,68.62,36.3,-1.8008,3901661,0.99,40.0,12.5,3.21,-5.56,-1,-0.96,-0.88,-0.07
Day-128,meta-llama/Llama-3.1-8B-Instruct,ISFJ,memory,crash,456,0.85,panic,63.76,71.6130814804589,9774.162214667314,9000.0,12.141816415735795,HOLD,0.0,"The current market conditions and stock price do not justify a buy or sell decision. The RSI is at a neutral level, and the trend is slightly bearish. Given the low risk appetite and focus on security, it is best to maintain the current cash position and wait for a more favorable opportunity.",64.56,68.4,52.7,-1.6662,3610692,0.91,40.4,13.4,3.0,-5.62,-1,-0.48,-0.82,0.34
Day-129,meta-llama/Llama-3.1-8B-Instruct,ISFJ,memory,crash,456,0.85,panic,58.45,70.89977287833513,9709.689169499758,9000.0,12.141816415735795,HOLD,0.0,"The current market conditions and stock price suggest a potential for volatility, and the RSI is low, indicating oversold territory. Given the Guardian Investor mandate, it's best to err on the side of caution and hold the current position to avoid unnecessary risks. The current holdings value is relatively low, and it's essential to prioritize preserving the principal.",64.27,68.07,33.4,-1.9651,4756718,1.18,40.8,12.4,3.23,-5.57,-1,-0.92,-0.8,-0.12
Day-130,meta-llama/Llama-3.1-8B-Instruct,ISFJ,memory,crash,456,0.85,panic,58.62,68.89079662912687,9711.753278290433,9000.0,12.141816415735795,HOLD,0.0,"The current market conditions and stock price suggest a potential pullback, and the RSI is below 40, indicating oversold. Given the low P/E ratio and high implied volatility, it's prudent to maintain a cautious stance and avoid taking on unnecessary risk. The portfolio's current value is relatively low, and it's essential to prioritize preserving capital.",64.03,67.74,31.3,-2.1632,3825253,0.95,41.2,12.8,3.13,-5.48,-1,-0.91,-0.78,-0.13
Day-131,meta-llama/Llama-3.1-8B-Instruct,ISFJ,memory,crash,456,0.85,panic,58.08,67.3137955822887,9705.196697425936,9000.0,12.141816415735795,HOLD,0.0,"The current market conditions indicate a potential downtrend, with a negative news sentiment and a low RSI. Given the strict mandate to prioritize security and avoid volatility, it's best to hold the current cash position and avoid taking on any new risk. The current holdings value is relatively low, and there's no compelling reason to invest in the current market conditions.",63.77,67.4,31.6,-2.3368,4280048,1.06,41.6,12.9,3.09,-5.39,-1,-0.78,-0.81,0.03
Day-132,meta-llama/Llama-3.1-8B-Instruct,ISFJ,memory,crash,456,0.85,panic,56.99,67.19575781080249,9691.962117532783,9000.0,12.141816415735795,HOLD,0.0,"The stock is trading below its 20-day and 60-day SMA, indicating a bearish trend. The RSI is at 28.6, suggesting the stock is oversold. Given the current market conditions, it's best to err on the side of caution and hold current positions to avoid further potential losses.",63.43,67.01,28.6,-2.5335,5065755,1.24,41.9,12.7,3.14,-5.33,-1,-0.75,-0.77,0.02
Day-133,meta-llama/Llama-3.1-8B-Instruct,ISFJ,memory,crash,456,0.85,panic,56.49,66.90114541256915,9685.891209324915,9000.0,12.141816415735795,HOLD,0.0,"The current market conditions and stock price indicate a potential bearish trend, with a declining trend, low RSI, and negative news sentiment. Given the guardian investor mandate, it's best to prioritize security and avoid taking unnecessary risks. Holding cash is the most prudent decision to protect the principal.",62.9,66.66,25.3,-2.6985,5266479,1.26,42.3,12.7,3.16,-5.65,-1,-0.95,-0.86,-0.09
Day-134,meta-llama/Llama-3.1-8B-Instruct,ISFJ,memory,crash,456,0.85,panic,61.15,66.98692665531657,9742.472073822244,9000.0,12.141816415735795,HOLD,0.0,"The current market conditions and stock price indicate a potential downtrend, with a negative trend, low RSI, and bearish news sentiment. Given the Guardian Investor mandate, it's best to prioritize security and avoid taking on unnecessary risks. Holding cash is the most conservative approach to protect the principal.",62.83,66.4,37.8,-2.4249,5033079,1.19,42.7,13.7,2.92,-5.39,-1,-1.0,-0.88,-0.12
Day-135,meta-llama/Llama-3.1-8B-Instruct,ISFJ,memory,crash,456,0.85,panic,59.11,67.87282442481472,9717.702768334142,9000.0,12.141816415735795,HOLD,0.0,"The current market conditions and stock price suggest a potential decline, with a negative news sentiment and a low RSI. Given the conservative nature of a Guardian Investor, it's best to maintain a cautious stance and avoid taking on unnecessary risk. Holding cash is the most secure option at this time.",62.46,66.08,39.4,-2.3458,5153735,1.21,43.1,13.1,3.06,-5.49,-1,-0.44,-0.78,0.34
Day-136,meta-llama/Llama-3.1-8B-Instruct,ISFJ,memory,crash,456,0.85,panic,55.48,69.78171792530307,9673.627974745023,9000.0,12.141816415735795,HOLD,0.0,"The current market conditions and stock price suggest a potential for volatility, and the RSI is below 40, indicating oversold territory. Given the strict mandate to prioritize security and avoid unnecessary risks, it's best to hold onto cash and wait for more favorable conditions before making a move.",61.86,65.72,37.9,-2.547,4566576,1.05,43.5,11.9,3.35,-5.88,-1,-0.75,-0.78,0.03
Day-137,meta-llama/Llama-3.1-8B-Instruct,ISFJ,memory,crash,456,0.85,panic,60.59,69.25773147399315,9735.672656629431,9000.0,12.141816415735795,HOLD,0.0,"The current market conditions and stock price do not justify taking on any risk. The RSI is below 50, indicating a potential sell-off, but the trend is still slightly positive. Given the low cash balance and the importance of preserving capital, it's best to hold and wait for a more favorable entry point.",61.56,65.46,44.4,-2.2677,5043712,1.15,43.9,13.1,3.05,-5.96,-1,-0.25,-0.68,0.43
Day-138,meta-llama/Llama-3.1-8B-Instruct,ISFJ,memory,crash,456,0.85,panic,58.01,67.46465113920912,9704.346770276834,9000.0,12.141816415735795,HOLD,0.0,"The current market conditions and stock price suggest a neutral stance. The RSI is below 50, indicating a potential buying opportunity, but the trend is negative and the news sentiment is negative, which warrants caution. Given the strict mandate to prioritize security and avoid volatility, it's best to hold the current cash position and wait for more favorable conditions.",61.1,65.2,42.1,-2.2294,5052299,1.15,44.2,12.9,3.1,-6.3,-1,-0.67,-0.62,-0.04
Day-139,meta-llama/Llama-3.1-8B-Instruct,ISFJ,memory,crash,456,0.85,panic,55.86,67.11149885660399,9678.241864983002,9000.0,12.141816415735795,HOLD,0.0,"The current market conditions indicate a potential for volatility, with a low RSI and negative news sentiment. Given the Guardian Investor mandate, it's best to err on the side of caution and hold the current position to avoid potential losses. The current holdings value is relatively low, and it's not worth taking on unnecessary risk at this time.",60.49,64.89,41.2,-2.3453,4564740,1.04,44.6,12.5,3.2,-6.78,-1,-0.56,-0.53,-0.02
Day-140,meta-llama/Llama-3.1-8B-Instruct,ISFJ,memory,crash,456,0.85,panic,54.43,68.45790122267067,9660.8790675085,9000.0,12.141816415735795,HOLD,0.0,"The current market conditions and stock price indicate a potential for volatility, and the RSI is below 50, suggesting a possible downtrend. Given the strict mandate to prioritize security and avoid unnecessary risks, it's best to hold the current cash position and wait for more favorable conditions to invest.",59.81,64.54,38.3,-2.523,5760687,1.28,45.0,11.9,3.35,-7.33,-1,-0.97,-0.64,-0.33
Day-141,meta-llama/Llama-3.1-8B-Instruct,ISFJ,memory,crash,456,0.85,stabilization,59.35,68.12050538235667,9720.61680427392,9000.0,12.141816415735795,HOLD,0.0,"The current market conditions and stock price do not justify taking on any new risk. The RSI is below 50, indicating a potential sell-off, and the Implied Volatility is high. As a Guardian Investor, it's best to maintain a conservative stance and hold cash to protect the principal.",59.54,64.32,48.4,-2.2417,1760897,0.4,45.0,13.1,3.06,-7.43,-1,-0.11,-0.51,0.4
Day-142,meta-llama/Llama-3.1-8B-Instruct,ISFJ,memory,crash,456,0.85,stabilization,60.07,67.77625718783034,9729.358912093248,9000.0,12.141816415735795,HOLD,0.0,"The current market conditions and stock price of $60.07 are not suitable for a buy, given the negative trend and relatively high implied volatility. The RSI of 44.7 is not oversold, and the P/E ratio of 13.3 is not undervalued. As a Guardian Investor, it's best to maintain a conservative stance and avoid taking on unnecessary risk.",59.43,64.13,44.7,-1.9378,2202890,0.51,44.7,13.3,3.01,-7.33,-1,0.04,-0.45,0.49
Day-143,meta-llama/Llama-3.1-8B-Instruct,ISFJ,memory,crash,456,0.85,stabilization,55.72,67.73271775393248,9676.542010684798,9000.0,12.141816415735795,HOLD,0.0,"The current market conditions and stock price suggest a neutral stance. The RSI is below 50, indicating a potential buying opportunity, but the trend is bearish and the news sentiment is negative. Given the priority on security, it's best to hold cash and avoid taking on unnecessary risk.",59.01,63.78,46.0,-2.0246,2066347,0.49,44.5,12.3,3.24,-7.48,-1,-0.38,-0.4,0.01
Day-144,meta-llama/Llama-3.1-8B-Instruct,ISFJ,memory,crash,456,0.85,stabilization,56.73,67.9286473564316,9688.805245264692,9000.0,12.141816415735795,HOLD,0.0,"The current market conditions and stock price are not favorable for a buy, and the RSI is below 50, indicating a potential sell signal. The trend is also negative, and the implied volatility is high. Given the conservative nature of a Guardian Investor, it's best to hold cash and wait for more favorable conditions.",58.68,63.51,47.3,-1.9887,2094422,0.5,44.2,12.5,3.19,-7.6,-1,-0.08,-0.3,0.22
Day-145,meta-llama/Llama-3.1-8B-Instruct,ISFJ,memory,crash,456,0.85,stabilization,58.48,68.52322440075957,9710.053423992229,9000.0,12.141816415735795,HOLD,0.0,"The current market conditions and stock price do not justify a buy or sell decision. The RSI is at 50.5, indicating a neutral market sentiment. Given the low risk appetite and focus on security, it's best to maintain the current portfolio and avoid taking any action.",58.52,63.33,50.5,-1.7991,1865069,0.46,44.0,12.8,3.12,-7.6,-1,-0.19,-0.15,-0.04
Day-146,meta-llama/Llama-3.1-8B-Instruct,ISFJ,memory,crash,456,0.85,stabilization,58.93,68.98545513121051,9715.51724137931,9000.0,12.141816415735795,HOLD,0.0,"The current market conditions and stock price do not justify a buy or sell decision. The stock price is slightly below the 20-day SMA, but the 60-day SMA is still above, indicating a potential short-term downtrend. Given the low RSI and high implied volatility, it's best to hold the current position and maintain a cautious stance.",58.34,63.11,52.8,-1.5937,1637313,0.42,43.7,12.8,3.12,-7.56,-1,0.15,-0.09,0.24
Day-147,meta-llama/Llama-3.1-8B-Instruct,ISFJ,memory,crash,456,0.85,stabilization,59.21,69.3084874720535,9718.916949975717,9000.0,12.141816415735795,HOLD,0.0,"The current market conditions and stock price are not favorable for a buy. The stock is trading below its 60-day SMA, and the RSI is below 55, indicating a potential downtrend. Given the low cash balance and the need to prioritize security, it's best to hold off on any new purchases.",58.28,62.88,53.9,-1.3925,1459711,0.39,43.5,12.8,3.12,-7.32,-1,-0.14,-0.13,-0.01
Day-148,meta-llama/Llama-3.1-8B-Instruct,ISFJ,memory,crash,456,0.85,stabilization,58.28,68.16823744239356,9707.625060709082,9000.0,12.141816415735795,HOLD,0.0,"The current market conditions and stock price are not favorable for a buy. The RSI is below 50, indicating a potential downtrend, and the implied volatility is high. As a Guardian Investor, it's best to maintain a conservative stance and avoid taking on unnecessary risk.",58.0,62.65,45.4,-1.293,1690359,0.46,43.2,12.8,3.12,-7.42,-1,-0.07,-0.07,-0.0
Day-149,meta-llama/Llama-3.1-8B-Instruct,ISFJ,memory,crash,456,0.85,stabilization,56.55,68.12832508055195,9686.61971830986,9000.0,12.141816415735795,HOLD,0.0,"The current market conditions and stock price of $56.55 suggest a stable trend, but the RSI of 45.9 indicates a potential oversold condition. Given the low P/E ratio of 12.5 and high implied volatility of 43.0%, it's prudent to maintain a conservative stance and avoid taking on unnecessary risk. As a Guardian Investor, prioritizing security and avoiding volatility is key.",57.91,62.35,45.9,-1.338,2089359,0.59,43.0,12.5,3.21,-7.13,-1,0.01,-0.05,0.06
Day-150,meta-llama/Llama-3.1-8B-Instruct,ISFJ,memory,crash,456,0.85,stabilization,57.14,67.65192583624571,9693.783389995144,9000.0,12.141816415735795,HOLD,0.0,"The current market conditions and stock price do not warrant a buy or sell decision. The RSI is at 53.0, indicating a neutral market sentiment, and the trend is slightly bearish. Given the low risk appetite and conservative approach, it's best to maintain the current portfolio with no new trades.",57.83,62.02,53.0,-1.3116,1585067,0.46,42.7,12.7,3.16,-6.75,-1,0.04,-0.0,0.04
Day-151,meta-llama/Llama-3.1-8B-Instruct,ISFJ,memory,crash,456,0.85,stabilization,56.17,67.60836923690286,9682.00582807188,9000.0,12.141816415735795,HOLD,0.0,"The current market conditions and stock price of $56.17 are not alarming, but the trend is slightly negative and the RSI is below 50, indicating a potential for further decline. Given the low cash balance and the importance of preserving capital, it's best to hold off on any new purchases and maintain a conservative stance. The focus should be on protecting the principal and avoiding unnecessary risks.",57.74,61.77,40.7,-1.3532,1629057,0.5,42.5,12.5,3.21,-6.53,-1,0.1,-0.01,0.11
Day-152,meta-llama/Llama-3.1-8B-Instruct,ISFJ,memory,crash,456,0.85,stabilization,58.1,67.34671292838279,9705.43953375425,9000.0,12.141816415735795,HOLD,0.0,"The current market conditions and stock price do not justify a buy or sell decision. The RSI is at 50.2, indicating a neutral market sentiment. Given the conservative approach of a Guardian Investor, it is best to maintain the current portfolio and avoid taking on any new risk.",57.79,61.59,50.2,-1.2164,1610299,0.52,42.2,12.9,3.09,-6.17,-1,-0.16,-0.02,-0.14
Day-153,meta-llama/Llama-3.1-8B-Instruct,ISFJ,memory,crash,456,0.85,stabilization,57.47,67.31601951923182,9697.790189412335,9000.0,12.141816415735795,HOLD,0.0,"The current market conditions and stock price do not justify taking on any new risk. The stock price is slightly below the SMA20, and the RSI is below 60, indicating a potential sell-off. Given the low cash balance and the importance of preserving capital, it's best to hold off on any new trades.",57.84,61.37,53.7,-1.1457,1964255,0.67,41.9,12.8,3.12,-5.75,-1,-0.11,-0.02,-0.09
Day-154,meta-llama/Llama-3.1-8B-Instruct,ISFJ,memory,crash,456,0.85,stabilization,58.94,67.76280625910924,9715.638659543467,9000.0,12.141816415735795,HOLD,0.0,"The current market conditions and stock price do not align with my conservative investment approach. The RSI is above 50, indicating potential overbought conditions, and the Implied Volatility is high. I will maintain a cash position to wait for a more favorable entry point.",57.73,61.2,60.4,-0.9595,1746847,0.63,41.7,13.0,3.07,-5.67,-1,0.16,0.01,0.16
Day-155,meta-llama/Llama-3.1-8B-Instruct,ISFJ,memory,crash,456,0.85,stabilization,56.7,67.70225193653732,9688.44099077222,9000.0,12.141816415735795,HOLD,0.0,"The current market conditions and stock price are not favorable for a new investment. The RSI is below 50, indicating a potential sell-off, and the Implied Volatility is high. As a Guardian Investor, it's best to maintain a conservative approach and hold cash to avoid potential losses.",57.61,61.06,43.0,-0.982,1591306,0.61,41.4,12.6,3.18,-5.64,-1,0.15,0.03,0.13
Day-156,meta-llama/Llama-3.1-8B-Instruct,ISFJ,memory,crash,456,0.85,stabilization,54.63,66.85300954003628,9663.307430791647,9000.0,12.141816415735795,HOLD,0.0,"The current market conditions and stock price indicate a potential for volatility, and the RSI is below 50, suggesting a possible downtrend. Given the low cash reserves and the importance of preserving capital, it's best to hold off on any new purchases. The current portfolio value is relatively low, and it's essential to prioritize capital protection over potential gains.",57.57,60.87,36.7,-1.1529,1612587,0.66,41.2,12.3,3.26,-5.42,-1,0.26,0.06,0.2
Day-157,meta-llama/Llama-3.1-8B-Instruct,ISFJ,memory,crash,456,0.85,stabilization,55.42,67.19667196655604,9672.899465760078,9000.0,12.141816415735795,HOLD,0.0,"The current market conditions and stock price do not justify a buy or sell decision. The RSI is at 49.1, indicating a neutral market sentiment, and the trend is negative. Given the conservative approach of a Guardian Investor, it is best to maintain the current holdings and wait for more favorable conditions.",57.31,60.62,49.1,-1.211,1735491,0.76,40.9,12.4,3.23,-5.46,-1,-0.18,0.06,-0.24
Day-158,meta-llama/Llama-3.1-8B-Instruct,ISFJ,memory,crash,456,0.85,stabilization,56.38,66.8086603156715,9684.555609519184,9000.0,12.141816415735795,HOLD,0.0,"The current market conditions are not favorable for a new investment. The RSI is below 50, indicating a potential downward trend, and the Implied Volatility is high. Given the conservative approach of a Guardian Investor, it's best to maintain the current cash position and wait for more stable market conditions.",57.23,60.37,48.9,-1.1659,1923666,0.9,40.7,12.7,3.16,-5.21,-1,-0.01,0.08,-0.09
Day-159,meta-llama/Llama-3.1-8B-Instruct,ISFJ,memory,crash,456,0.85,stabilization,55.81,66.66168007522364,9677.634774162214,9000.0,12.141816415735795,HOLD,0.0,"The current market conditions and stock price suggest a neutral stance. The RSI is below 50, indicating a potential buying opportunity, but the trend is negative and the P/E ratio is relatively low, indicating a cautious approach. Given the emphasis on security and avoiding volatility, holding cash is the most prudent decision at this time.",57.23,60.21,41.5,-1.163,1982393,0.99,40.4,12.6,3.19,-4.95,-1,0.18,0.08,0.1
Day-160,meta-llama/Llama-3.1-8B-Instruct,ISFJ,memory,crash,456,0.85,stabilization,59.15,66.52671099536745,9718.188440990773,9000.0,12.141816415735795,HOLD,0.0,"The current market conditions and stock price do not warrant a trade. The RSI is at 50.6, indicating a neutral market sentiment, and the trend is slightly bearish. Given the conservative approach of a Guardian Investor, it's best to maintain the current portfolio and avoid taking on unnecessary risk.",57.46,60.12,50.6,-0.8806,1975990,1.09,40.2,13.3,3.0,-4.42,-1,-0.15,0.02,-0.17
Day-161,meta-llama/Llama-3.1-8B-Instruct,ISFJ,memory,crash,456,0.85,stabilization,55.85,65.97105911260826,9678.120446818844,9000.0,12.141816415735795,HOLD,0.0,"The current market conditions and stock price suggest a neutral stance. The RSI is below 50, indicating a potential oversold condition, but the trend is bearish and the P/E ratio is relatively low. As a Guardian Investor, it's best to maintain a conservative approach and avoid taking on unnecessary risk.",57.29,59.97,42.2,-0.9132,1501312,0.83,39.9,12.7,3.15,-4.48,-1,0.37,0.04,0.33
Day-162,meta-llama/Llama-3.1-8B-Instruct,ISFJ,memory,crash,456,0.85,stabilization,55.02,65.15419967804034,9668.042739193783,9000.0,12.141816415735795,HOLD,0.0,"The current market conditions and stock price suggest a neutral stance. The RSI is below 50, indicating a potential buying opportunity, but the trend is bearish and the news sentiment is negative. As a Guardian Investor, it's best to err on the side of caution and maintain a conservative position.",57.03,59.8,42.4,-0.9942,1962362,1.1,39.7,12.7,3.16,-4.62,-1,-0.3,0.02,-0.31
Day-163,meta-llama/Llama-3.1-8B-Instruct,ISFJ,memory,crash,456,0.85,stabilization,55.34,65.21166452107985,9671.928120446819,9000.0,12.141816415735795,HOLD,0.0,"The current market conditions suggest a neutral trend, with a slight downtrend indicated by the SMA20/60. The RSI is below 50, indicating a potential sell-off, but the P/E ratio is relatively low, which is a positive sign. Given the emphasis on security and avoiding volatility, it's best to hold the current position and maintain a cautious stance.",57.01,59.56,47.0,-1.0213,1827714,1.03,39.4,12.7,3.14,-4.27,-1,-0.07,0.01,-0.08
Day-164,meta-llama/Llama-3.1-8B-Instruct,ISFJ,memory,crash,456,0.85,stabilization,53.82,65.60633558428513,9653.472559494901,9000.0,12.141816415735795,HOLD,0.0,"The current market conditions indicate a potential for volatility, with a declining trend and low RSI. Given the Guardian Investor mandate, it's best to prioritize security and avoid taking on unnecessary risks. Holding cash is the most prudent decision to protect the principal.",56.87,59.39,42.1,-1.1517,1941952,1.1,39.2,12.3,3.25,-4.24,-1,-0.17,-0.06,-0.11
Day-165,meta-llama/Llama-3.1-8B-Instruct,ISFJ,memory,crash,456,0.85,stabilization,55.31,66.07142590592092,9671.563865954347,9000.0,12.141816415735795,HOLD,0.0,"The current market conditions and stock price do not meet the criteria for a buy, and the portfolio's current holdings are sufficient. The RSI is below 50, indicating a potential oversold condition, but the price is still above the SMA20 and SMA60, suggesting a short-term uptrend. Given the low cash balance, it's best to maintain the current holdings and avoid taking on unnecessary risk.",56.71,59.16,48.0,-1.1216,1542121,0.88,38.9,12.6,3.19,-4.14,-1,0.41,0.05,0.36
Day-166,meta-llama/Llama-3.1-8B-Instruct,ISFJ,memory,crash,456,0.85,stabilization,55.33,64.62633717598743,9671.806702282662,9000.0,12.141816415735795,HOLD,0.0,"The current market conditions and stock price do not justify taking on any risk. The RSI is below 50, indicating a potential buying opportunity, but the trend is negative and the news sentiment is negative. Given the low cash balance, it's best to hold off on any trades and maintain a conservative position.",56.53,58.92,42.9,-1.0837,1748584,1.0,38.6,12.8,3.11,-4.05,-1,-0.41,-0.11,-0.3
Day-167,meta-llama/Llama-3.1-8B-Instruct,ISFJ,memory,crash,456,0.85,stabilization,56.97,64.45025858741965,9691.719281204469,9000.0,12.141816415735795,HOLD,0.0,"The current market conditions and portfolio status do not warrant any action. The RSI is at a relatively neutral level, and the price is slightly below the SMA20. Given the low risk appetite and focus on security, it's best to maintain the current position and avoid taking on any new risk.",56.42,58.73,48.8,-0.9108,1771711,1.0,38.4,13.3,3.02,-3.93,-1,0.01,-0.05,0.05
Day-168,meta-llama/Llama-3.1-8B-Instruct,ISFJ,memory,crash,456,0.85,stabilization,54.49,64.83861541816755,9661.607576493443,9000.0,12.141816415735795,HOLD,0.0,"The current market conditions and stock price indicate a potential pullback, and the RSI is below 50, suggesting oversold territory. Given the low P/E ratio and high implied volatility, it's best to err on the side of caution and maintain a conservative stance. As a Guardian Investor, prioritizing security and avoiding unnecessary risks is crucial, and holding cash is the safest option at this time.",56.23,58.47,39.7,-0.9631,1699114,0.96,38.1,12.6,3.17,-3.84,-1,0.29,0.03,0.27
Day-169,meta-llama/Llama-3.1-8B-Instruct,ISFJ,memory,crash,456,0.85,stabilization,54.67,65.87062036610979,9663.793103448275,9000.0,12.141816415735795,HOLD,0.0,"The current market conditions and stock price indicate a neutral trend with a slightly bearish sentiment. The RSI is below 50, and the price is below the SMA20. Given the conservative nature of a Guardian Investor, it's best to maintain the current position and avoid taking on any new risk.",56.14,58.2,44.8,-0.9787,1673685,0.96,37.9,12.4,3.21,-3.55,-1,-0.13,0.04,-0.16
Day-170,meta-llama/Llama-3.1-8B-Instruct,ISFJ,memory,crash,456,0.85,stabilization,55.17,66.46211180082139,9669.864011656144,9000.0,12.141816415735795,HOLD,0.0,"The current market conditions and stock price do not justify taking any action. The stock price is slightly below the 20-day SMA, but the 60-day SMA is still above, indicating a potential short-term downtrend. Given the low RSI and high implied volatility, it's best to maintain a cautious stance and avoid taking on unnecessary risk.",56.04,57.95,51.5,-0.9402,1309270,0.75,37.6,12.5,3.21,-3.3,-1,0.15,-0.02,0.16
Day-171,meta-llama/Llama-3.1-8B-Instruct,ISFJ,memory,crash,456,0.85,stabilization,54.33,65.8584139045785,9659.664885866925,9000.0,12.141816415735795,HOLD,0.0,"The current market conditions and portfolio status do not warrant any action. The RSI is below 50, indicating a potential buying opportunity, but the trend is negative and the news sentiment is negative, suggesting caution. As a Guardian Investor, it's best to maintain the current position and wait for more favorable conditions.",55.95,57.74,47.0,-0.9659,1387207,0.8,37.4,12.4,3.23,-3.1,-1,-0.3,0.01,-0.3
Day-172,meta-llama/Llama-3.1-8B-Instruct,ISFJ,memory,crash,456,0.85,stabilization,56.26,65.64265185963585,9683.098591549297,9000.0,12.141816415735795,HOLD,0.0,"The current market conditions and stock price are not favorable for a new investment. The RSI is below 50, indicating a potential downtrend, and the Implied Volatility is high. Given the conservative nature of a Guardian Investor, it's best to maintain the current cash position to avoid unnecessary risk.",55.85,57.62,49.7,-0.821,1541493,0.9,37.1,12.9,3.11,-3.06,-1,0.59,0.12,0.46
Day-173,meta-llama/Llama-3.1-8B-Instruct,ISFJ,memory,crash,456,0.85,stabilization,53.56,66.24950829749321,9650.315687226808,9000.0,12.141816415735795,HOLD,0.0,"The current market conditions and stock price ($53.56) do not justify a trade. The RSI (44.7) is below 50, indicating a potential buying opportunity, but the trend is negative (-1) and implied volatility is high (36.9%). As a Guardian Investor, it's best to prioritize security and avoid taking unnecessary risks.",55.66,57.41,44.7,-0.9135,1641774,0.96,36.9,12.1,3.3,-3.05,-1,0.15,0.09,0.06
Day-174,meta-llama/Llama-3.1-8B-Instruct,ISFJ,memory,crash,456,0.85,stabilization,58.15,65.87001799677485,9706.046624575036,9000.0,12.141816415735795,HOLD,0.0,"The current market conditions indicate a neutral trend with a slight downtick in the SMA20, and the RSI is below 50. Given the low P/E ratio and high implied volatility, it's prudent to maintain a cautious stance and avoid taking on unnecessary risk. Holding cash is the safest option to preserve principal.",55.62,57.31,47.8,-0.6093,1822388,1.07,36.6,13.2,3.02,-2.94,-1,0.06,0.13,-0.07
Day-175,meta-llama/Llama-3.1-8B-Instruct,ISFJ,memory,crash,456,0.85,stabilization,52.26,64.78441613751201,9634.531325886353,9000.0,12.141816415735795,HOLD,0.0,"The current market conditions and stock price suggest a neutral stance. The RSI is below 50, indicating a potential buying opportunity, but the trend is slightly negative and the P/E ratio is relatively low. Given the conservative approach of a Guardian Investor, it's best to hold the current cash position and wait for more favorable conditions.",55.4,57.12,42.8,-0.8341,1229654,0.73,36.4,12.1,3.31,-3.01,-1,0.33,0.17,0.17
Day-176,meta-llama/Llama-3.1-8B-Instruct,ISFJ,memory,crash,456,0.85,stabilization,55.22,64.5712300249867,9670.471102476931,9000.0,12.141816415735795,HOLD,0.0,"The current market conditions are neutral, with a slight downtrend and a neutral RSI. The price is near the SMA20, and the P/E ratio is reasonable. Given the low cash balance and the importance of preserving capital, it's best to maintain the current holdings and avoid taking on any new risk.",55.43,56.97,50.4,-0.765,1747556,1.03,36.1,12.8,3.12,-2.71,-1,0.1,0.25,-0.15
Day-177,meta-llama/Llama-3.1-8B-Instruct,ISFJ,memory,crash,456,0.85,stabilization,57.0,64.58853439961037,9692.08353569694,9000.0,12.141816415735795,HOLD,0.0,"The current market conditions and stock price of $57.00 do not justify a buy or sell decision. The RSI is at 52.9, indicating a neutral market sentiment, and the trend is slightly bearish. As a Guardian Investor, it's best to maintain the current portfolio and avoid taking unnecessary risks.",55.5,56.9,52.9,-0.5601,1395202,0.83,35.8,13.2,3.02,-2.45,-1,0.68,0.26,0.42
Day-178,meta-llama/Llama-3.1-8B-Instruct,ISFJ,memory,crash,456,0.85,stabilization,55.46,64.82160152510696,9673.385138416706,9000.0,12.141816415735795,HOLD,0.0,"The current market conditions and stock price do not justify a trade. The RSI is slightly above the neutral zone, and the trend is slightly bearish, indicating a potential for volatility. As a Guardian Investor, it's best to maintain a conservative stance and wait for more favorable conditions.",55.46,56.73,52.9,-0.5155,1406370,0.85,35.6,12.8,3.12,-2.25,-1,-0.2,0.19,-0.4
Day-179,meta-llama/Llama-3.1-8B-Instruct,ISFJ,memory,crash,456,0.85,stabilization,55.07,64.57026138874991,9668.64983001457,9000.0,12.141816415735795,HOLD,0.0,"The current market conditions and stock price of $55.07 are within a relatively stable range, with a slight downtrend. The RSI of 49.6 indicates a neutral market sentiment, and the P/E ratio of 12.8 is reasonable. Given the conservative approach of a Guardian Investor, it's best to maintain the current position and avoid taking on unnecessary risks.",55.42,56.67,49.6,-0.5057,1354859,0.83,35.3,12.8,3.13,-2.2,-1,-0.19,0.14,-0.33
Day-180,meta-llama/Llama-3.1-8B-Instruct,ISFJ,memory,crash,456,0.85,stabilization,56.12,64.98117715787883,9681.398737251093,9000.0,12.141816415735795,HOLD,0.0,"The current market conditions and stock price do not warrant a trade. The RSI is neutral, and the trend is slightly bearish, indicating a potential for volatility. As a Guardian Investor, it's best to maintain a conservative stance and avoid taking on unnecessary risk.",55.27,56.62,51.4,-0.4089,1691117,1.05,35.1,13.0,3.09,-2.38,-1,-0.36,0.01,-0.37
Day-181,meta-llama/Llama-3.1-8B-Instruct,ISFJ,memory,crash,456,0.85,stabilization,54.22,64.8386215858535,9658.329286061195,9000.0,12.141816415735795,HOLD,0.0,"The current market conditions and stock price do not justify taking on any risk. The RSI is below 50, indicating a potential sell-off, and the news sentiment is negative. As a Guardian Investor, it's best to prioritize security and hold cash to avoid potential losses.",55.19,56.54,45.2,-0.4795,1241619,0.78,34.8,12.5,3.19,-2.39,-1,-0.39,-0.09,-0.3
Day-182,meta-llama/Llama-3.1-8B-Instruct,ISFJ,memory,crash,456,0.85,stabilization,53.58,65.14824555021234,9650.558523555124,9000.0,12.141816415735795,HOLD,0.0,"The current market conditions and stock price of $53.58 do not justify a buy or sell decision. The RSI of 48.3 indicates a neutral market sentiment, and the price is relatively stable. As a Guardian Investor, it's best to maintain the current portfolio and avoid taking unnecessary risks.",55.12,56.47,48.3,-0.5812,1298848,0.83,34.6,12.3,3.24,-2.4,-1,0.12,-0.21,0.33
Day-183,meta-llama/Llama-3.1-8B-Instruct,ISFJ,memory,crash,456,0.85,stabilization,55.45,65.18842703605559,9673.26372025255,9000.0,12.141816415735795,HOLD,0.0,"The current market conditions and stock price do not meet the criteria for a buy or sell. The RSI is at 51.4, which is not overbought or oversold. The trend is slightly negative, and the implied volatility is high, indicating a potential for increased risk.",55.12,56.45,51.4,-0.505,1284226,0.84,34.3,12.8,3.14,-2.35,-1,0.23,-0.12,0.35
Day-184,meta-llama/Llama-3.1-8B-Instruct,ISFJ,memory,crash,456,0.85,stabilization,54.31,64.29882111648818,9659.42204953861,9000.0,12.141816415735795,HOLD,0.0,"The current market conditions and stock price ($54.31) are not alarming, but the RSI (48.5) is slightly below the neutral zone, indicating a potential for a short-term correction. Given the conservative nature of a Guardian Investor, it's best to hold and wait for more favorable conditions before making any moves.",55.15,56.31,48.5,-0.5301,1565611,1.03,34.1,12.7,3.16,-2.07,-1,-0.06,-0.09,0.04
Day-185,meta-llama/Llama-3.1-8B-Instruct,ISFJ,memory,crash,456,0.85,stabilization,51.76,63.390062758643076,9628.460417678485,9000.0,12.141816415735795,HOLD,0.0,"The current market conditions indicate a potential pullback, with the RSI at 45.8 and a negative trend. Given the strict mandate to prioritize security and avoid volatility, it's best to hold the current position and maintain a cash reserve to take advantage of potential future opportunities. The current holdings value is relatively low, and there's no compelling reason to take on additional risk.",54.97,56.17,45.8,-0.7469,1493089,0.99,33.8,12.2,3.27,-2.13,-1,0.23,0.02,0.2
Day-186,meta-llama/Llama-3.1-8B-Instruct,ISFJ,memory,crash,456,0.85,stabilization,54.33,62.46219347681398,9659.664885866925,9000.0,12.141816415735795,HOLD,0.0,"The current market conditions suggest a neutral trend, with a slight downtrend indicated by the SMA20/60. The RSI is below 50, indicating a potential sell-off. Given the conservative approach of a Guardian Investor, it's best to hold the current position and maintain a cautious stance.",54.92,56.14,46.9,-0.7033,1529782,1.02,33.6,13.0,3.07,-2.18,-1,-0.48,0.01,-0.48
Day-187,meta-llama/Llama-3.1-8B-Instruct,ISFJ,memory,crash,456,0.85,stabilization,54.23,62.663156413970626,9658.450704225352,9000.0,12.141816415735795,HOLD,0.0,"The current market conditions and stock price do not warrant a buy or sell decision. The stock price is slightly below the 20-day SMA, but the 60-day SMA is still above, indicating a neutral trend. The RSI is at 51.2, which is not overly bullish or bearish, and the P/E ratio is reasonable at 13.0.",54.78,56.02,51.2,-0.669,1235533,0.84,33.3,13.0,3.08,-2.2,-1,-0.05,-0.03,-0.02
Day-188,meta-llama/Llama-3.1-8B-Instruct,ISFJ,memory,crash,456,0.85,stabilization,51.67,62.701591979506084,9627.367654201069,9000.0,12.141816415735795,HOLD,0.0,"The stock's price is below its short-term and long-term moving averages, indicating a potential downtrend. The RSI is below 50, suggesting the stock may be oversold, but the overall market conditions and sentiment do not justify a buy. As a Guardian Investor, it's best to maintain a cautious stance and protect the principal.",54.64,55.89,38.0,-0.8395,1321337,0.91,33.1,12.4,3.24,-2.23,-1,0.39,0.01,0.38
Day-189,meta-llama/Llama-3.1-8B-Instruct,ISFJ,memory,crash,456,0.85,stabilization,49.43,62.2013249491611,9600.16998542982,9000.0,12.141816415735795,HOLD,0.0,"The current market conditions and stock price do not justify taking on any risk. The RSI is below 50, indicating a potential buying opportunity, but the trend is negative and the price is below the SMA20/60. Given the low P/E ratio and high implied volatility, it's best to maintain a conservative stance and hold cash to protect the principal.",54.38,55.76,43.9,-1.1419,1531205,1.05,32.8,11.9,3.36,-2.48,-1,-0.06,0.01,-0.06
Day-190,meta-llama/Llama-3.1-8B-Instruct,ISFJ,memory,crash,456,0.85,stabilization,52.77,62.51198187825727,9640.723652258377,9000.0,12.141816415735795,HOLD,0.0,"The current market conditions and stock price indicate a stable trend, but the RSI is below 50, suggesting a potential for a pullback. The P/E ratio is relatively low, and implied volatility is high, which may indicate a potential for increased risk. As a guardian investor, it's best to maintain a conservative stance and avoid taking on unnecessary risk.",54.26,55.73,44.8,-1.0995,1388221,0.95,32.5,12.7,3.16,-2.63,-1,0.78,0.12,0.66
Day-191,meta-llama/Llama-3.1-8B-Instruct,ISFJ,memory,crash,456,0.85,stabilization,53.93,62.00323124818932,9654.808159300632,9000.0,12.141816415735795,HOLD,0.0,"The current market conditions and stock price suggest a neutral stance. The RSI is below 50, indicating a potential buying opportunity, but the trend is negative and the P/E ratio is relatively low, indicating a cautious approach. As a Guardian Investor, it's best to maintain a conservative stance and avoid taking unnecessary risks.",54.24,55.62,43.3,-0.9608,1315668,0.91,32.3,13.0,3.07,-2.48,-1,0.31,0.27,0.04
Day-192,meta-llama/Llama-3.1-8B-Instruct,ISFJ,memory,crash,456,0.85,stabilization,52.06,61.11598146740488,9632.102962603205,9000.0,12.141816415735795,HOLD,0.0,"The current market conditions and stock price do not justify taking on any risk. The RSI is below 50, indicating a potential buying opportunity, but the trend is negative and the news sentiment is negative. As a Guardian Investor, it's best to err on the side of caution and hold cash to maintain a safe position.",54.03,55.46,42.7,-0.9901,1201418,0.84,32.0,12.8,3.13,-2.58,-1,-0.36,0.21,-0.57
Day-193,meta-llama/Llama-3.1-8B-Instruct,ISFJ,memory,crash,456,0.85,stabilization,51.96,61.19079526675401,9630.888780961632,9000.0,12.141816415735795,HOLD,0.0,"The current market conditions and stock price suggest a neutral stance. The RSI is below 50, indicating a potential buying opportunity, but the trend is bearish and the news sentiment is negative. Given the guardian investor mandate, it's best to hold cash and wait for a more favorable situation to invest.",53.95,55.38,43.3,-1.0104,1285985,0.91,31.8,12.7,3.14,-2.59,-1,-0.09,0.12,-0.21
Day-194,meta-llama/Llama-3.1-8B-Instruct,ISFJ,memory,crash,456,0.85,stabilization,51.75,61.75695340970832,9628.338999514328,9000.0,12.141816415735795,HOLD,0.0,"The current market conditions and stock price suggest a neutral stance. The RSI is below 50, indicating a potential buying opportunity, but the trend is negative and the news sentiment is negative. Given the conservative nature of a Guardian Investor, it's best to hold cash and wait for more favorable conditions.",53.63,55.28,40.2,-1.0311,1261740,0.91,31.5,12.6,3.18,-2.99,-1,-0.24,0.08,-0.32
Day-195,meta-llama/Llama-3.1-8B-Instruct,ISFJ,memory,crash,456,0.85,stabilization,53.04,62.118851213633754,9644.001942690626,9000.0,12.141816415735795,HOLD,0.0,"The current market conditions and stock price suggest a neutral stance. The RSI is below 50, indicating a potential buying opportunity, but the trend is bearish and the news sentiment is negative. Given the strict mandate to prioritize security and avoid volatility, it's best to hold cash and wait for a more favorable entry point.",53.67,55.18,47.3,-0.9328,1290497,0.93,31.3,12.8,3.12,-2.73,-1,-0.42,-0.16,-0.26
Day-196,meta-llama/Llama-3.1-8B-Instruct,ISFJ,memory,crash,456,0.85,stabilization,54.11,61.717139033760596,9656.993686255464,9000.0,12.141816415735795,HOLD,0.0,"The current market conditions and stock price do not warrant a new investment. The RSI is slightly below the neutral zone, indicating a potential for a pullback, and the Implied Volatility is high, suggesting a higher risk of price fluctuations. Given the Guardian Investor mandate, it is best to maintain a conservative stance and hold cash to preserve principal.",53.61,55.08,51.2,-0.7601,1321014,0.96,31.0,13.2,3.04,-2.66,-1,0.06,-0.21,0.27
Day-197,meta-llama/Llama-3.1-8B-Instruct,ISFJ,memory,crash,456,0.85,stabilization,50.76,60.867810202561984,9616.318601262748,9000.0,12.141816415735795,HOLD,0.0,"The current market conditions are uncertain, with a declining trend and low RSI. Given the low P/E ratio and high implied volatility, it's best to maintain a cautious stance and avoid taking on unnecessary risk. Holding cash is the safest option to protect the principal.",53.3,54.91,40.0,-0.8834,1148721,0.85,30.8,12.5,3.2,-2.93,-1,0.24,-0.09,0.33
Day-198,meta-llama/Llama-3.1-8B-Instruct,ISFJ,memory,crash,456,0.85,stabilization,49.54,60.85686853782802,9601.50558523555,9000.0,12.141816415735795,HOLD,0.0,"The current market conditions suggest a potential pullback, with the RSI at 39.9 and the trend indicators showing a negative slope. Given the Guardian Investor mandate, it's best to prioritize preserving capital and avoid taking on unnecessary risk. Holding cash is the most conservative approach to ensure principal security.",53.0,54.74,39.9,-1.0672,1397550,1.03,30.5,12.2,3.28,-3.16,-1,-0.1,-0.09,-0.01
Day-199,meta-llama/Llama-3.1-8B-Instruct,ISFJ,memory,crash,456,0.85,stabilization,53.12,61.61409792478504,9644.973288003885,9000.0,12.141816415735795,HOLD,0.0,"The current market conditions and stock price do not justify taking on any new risk. The RSI is at 52.8, indicating a neutral market sentiment, and the Implied Volatility is high at 30.3%. Given the conservative nature of a Guardian Investor, it is best to maintain the current cash position and avoid taking on any new positions.",52.91,54.67,52.8,-0.9129,1251223,0.92,30.3,12.9,3.09,-3.22,-1,0.08,-0.03,0.11
Day-200,meta-llama/Llama-3.1-8B-Instruct,ISFJ,memory,crash,456,0.85,stabilization,51.27,62.128826036407034,9622.510927634774,9000.0,12.141816415735795,HOLD,0.0,"The current market conditions indicate a potential for volatility, and the RSI is below 50, suggesting a possible downtrend. Given the strict mandate to prioritize security and avoid risk, it's best to hold the current position and maintain a cash reserve. The current holdings value is relatively low, and there's no compelling reason to take on additional risk.",52.66,54.55,43.6,-0.9292,1184947,0.89,30.0,12.4,3.23,-3.46,-1,0.33,0.12,0.21
