Date,Model,MBTI,Agent_Type,Scenario,Seed,Crash_Discount,Phase,Price,Fundamental_Value,Portfolio_Value,Cash,Holdings_Qty,Action,Quantity_Percent,Rationale,SMA20,SMA60,RSI14,MACD,Volume,Volume_Ratio,Implied_Volatility,Reported_PE,Dividend_Yield,Trend_Strength,Trend_Regime,Sentiment,Sentiment_MA5,Sentiment_Change
Day-1,google/gemma-3-4b-it,ISFJ,static,crash,456,0.85,deterioration,85.48,99.66593574976102,10000.0,10000.0,0.0,HOLD,0.0,"The market shows stability with a flat trend and a neutral RSI. The P/E ratio is reasonable, and volatility is manageable. Given my conservative approach and focus on long-term security, maintaining the current portfolio with cash is the most prudent course of action.",85.48,85.48,50.0,0.0,1308603,1.0,15.0,12.9,3.11,0.0,0,0.06,0.06,0.0
Day-2,google/gemma-3-4b-it,ISFJ,static,crash,456,0.85,deterioration,83.31,99.59899650387224,10000.0,10000.0,0.0,HOLD,0.0,"The market shows a neutral trend with a healthy RSI and reasonable P/E ratio. The low volume ratio suggests a lack of strong momentum, and the negative news sentiment warrants caution. Maintaining a strong cash position is the prudent course of action given my risk aversion.",84.4,84.4,50.0,-0.1727,1140262,0.93,15.1,12.5,3.19,0.0,0,-0.18,-0.06,-0.12
Day-3,google/gemma-3-4b-it,ISFJ,static,crash,456,0.85,deterioration,83.25,100.00549044178328,10000.0,10000.0,0.0,HOLD,0.0,"The market shows stability with a neutral trend and RSI at 50. While the P/E ratio is attractive, the low volume ratio and negative news sentiment suggest potential headwinds. Given my conservative approach and the current portfolio status, maintaining a strong cash position is the most prudent course of action.",84.02,84.02,50.0,-0.3109,1014985,0.88,15.2,12.5,3.2,0.0,0,-0.14,-0.09,-0.05
Day-4,google/gemma-3-4b-it,ISFJ,static,crash,456,0.85,deterioration,85.89,99.82864992140844,10000.0,10000.0,0.0,HOLD,0.0,"The market shows stability with a neutral trend and RSI at 50. While the P/E ratio is reasonable, the lack of holdings and significant cash reserves necessitate a cautious approach. Maintaining the current position allows for continued observation and preservation of capital, prioritizing long-term security.",84.48,84.48,50.0,-0.2055,1045023,0.93,15.3,12.9,3.1,0.0,0,-0.24,-0.13,-0.11
Day-5,google/gemma-3-4b-it,ISFJ,static,crash,456,0.85,deterioration,82.9,100.0676598039291,10000.0,10000.0,0.0,HOLD,0.0,"The market shows stability with a neutral trend and RSI at 50. The P/E ratio is reasonable, and volume is slightly below average, suggesting a lack of strong momentum. Given my conservative approach and the current portfolio status, maintaining the cash position is the most prudent course of action.",84.17,84.17,50.0,-0.359,1077446,0.96,15.4,12.4,3.22,0.0,0,0.31,-0.04,0.35
Day-6,google/gemma-3-4b-it,ISFJ,static,crash,456,0.85,deterioration,88.0,100.05530059551093,10000.0,10000.0,0.0,HOLD,0.0,"The market shows stability with a neutral trend and a reasonable RSI. While the volume ratio is slightly elevated, the overall picture suggests a lack of immediate urgency. Given my conservative approach and the current portfolio status, maintaining the existing cash position is the most prudent course of action.",84.81,84.81,50.0,-0.0686,1456476,1.24,15.5,13.2,3.03,0.0,0,0.21,-0.01,0.22
Day-7,google/gemma-3-4b-it,ISFJ,static,crash,456,0.85,deterioration,85.73,99.23959070083943,10000.0,10000.0,0.0,HOLD,0.0,"The market shows stability with a neutral trend and a reasonable RSI. Given my conservative approach and the current portfolio status of zero holdings, maintaining the cash position is the most prudent course of action. Further observation is warranted before considering any investment.",84.94,84.94,50.0,-0.0212,1075196,0.93,15.6,13.0,3.09,0.0,0,0.34,0.1,0.24
Day-8,google/gemma-3-4b-it,ISFJ,static,crash,456,0.85,deterioration,82.92,99.16145044908968,10000.0,10000.0,0.0,HOLD,0.0,"The market shows stability with a neutral trend and a reasonable RSI. While the P/E ratio is attractive, the low holdings value and significant cash reserve suggest a cautious approach. Maintaining the current position aligns with a protective strategy and prioritizes capital preservation.",84.69,84.69,50.0,-0.2077,1319341,1.12,15.7,12.5,3.19,0.0,0,0.1,0.14,-0.04
Day-9,google/gemma-3-4b-it,ISFJ,static,crash,456,0.85,deterioration,83.66,98.61190456809847,10000.0,10000.0,0.0,HOLD,0.0,"The market shows stability with a neutral trend and a reasonable RSI. Given my conservative approach and the current portfolio holding only cash, maintaining the status quo is the most prudent course of action. Further observation is warranted before considering any investment.",84.57,84.57,50.0,-0.2928,1188669,1.01,15.8,12.7,3.14,0.0,0,0.02,0.2,-0.18
Day-10,google/gemma-3-4b-it,ISFJ,static,crash,456,0.85,deterioration,81.31,98.47529597754891,10000.0,10000.0,0.0,HOLD,0.0,"The market shows a slight downward trend, indicated by the SMA20/60 and negative news sentiment. With a low risk appetite and a focus on preserving capital, maintaining the current holdings and holding cash is the most prudent course of action. A wait-and-see approach is warranted until the market demonstrates more stability.",84.25,84.25,50.0,-0.543,1445363,1.2,15.9,12.4,3.23,0.0,0,-0.33,0.07,-0.4
Day-11,google/gemma-3-4b-it,ISFJ,static,crash,456,0.85,deterioration,82.36,97.47302698548346,10000.0,10000.0,0.0,HOLD,0.0,"The market shows stability with a neutral trend and reasonable metrics. Given my conservative approach and low risk tolerance, maintaining the current cash position is the most prudent course of action. Further observation is warranted before considering any investment.",84.07,84.07,50.0,-0.6494,1175023,0.98,15.9,12.7,3.16,0.0,0,0.08,0.04,0.03
Day-12,google/gemma-3-4b-it,ISFJ,static,crash,456,0.85,deterioration,84.98,97.7639983057186,10000.0,10000.0,0.0,HOLD,0.0,"The market shows stability with a neutral trend and RSI at 50. Given my conservative approach and low risk tolerance, maintaining the current cash position is prudent. A lack of holdings and negative news sentiment suggest a cautious stance is warranted until further developments.",84.15,84.15,50.0,-0.5164,1353630,1.11,16.0,13.0,3.07,0.0,0,-0.31,-0.09,-0.22
Day-13,google/gemma-3-4b-it,ISFJ,static,crash,456,0.85,deterioration,85.75,97.62129215702745,10000.0,10000.0,0.0,HOLD,0.0,"The market shows stability with a neutral trend and RSI at 50. Given my conservative approach and low risk appetite, maintaining the current cash position is prudent. Further observation and a confirmed upward trend would be necessary before considering any investment.",84.27,84.27,50.0,-0.345,1184715,0.98,16.1,13.2,3.04,0.0,0,-0.27,-0.16,-0.11
Day-14,google/gemma-3-4b-it,ISFJ,static,crash,456,0.85,deterioration,84.45,98.14424201029634,10000.0,10000.0,0.0,HOLD,0.0,"The market shows stability with a slight upward trend and a reasonable RSI. Given my conservative approach and the current low holdings, maintaining the cash position is the most prudent course of action. Further observation is warranted before considering any investment.",84.29,84.29,48.1,-0.3101,1027091,0.86,16.2,12.9,3.1,0.0,0,0.06,-0.15,0.22
Day-15,google/gemma-3-4b-it,ISFJ,static,crash,456,0.85,deterioration,79.51,97.71085288807261,10000.0,10000.0,0.0,HOLD,0.0,"The market shows stability with a neutral trend and a reasonable RSI. Given my conservative approach and the current portfolio status of zero holdings, maintaining cash is the most prudent course of action. I'll continue to monitor the situation closely for any significant shifts.",83.97,83.97,40.6,-0.6738,1344927,1.11,16.3,12.2,3.28,0.0,0,-0.2,-0.13,-0.07
Day-16,google/gemma-3-4b-it,ISFJ,static,crash,456,0.85,deterioration,84.62,98.69387018394882,10000.0,10000.0,0.0,HOLD,0.0,"The market shows stability with a neutral trend and reasonable RSI. Given my conservative approach and current portfolio status, maintaining the cash position is the most prudent course of action. A low volume ratio further supports a cautious stance, prioritizing capital preservation.",84.01,84.01,51.9,-0.5433,1022336,0.85,16.4,12.9,3.11,0.0,0,-0.39,-0.22,-0.17
Day-17,google/gemma-3-4b-it,ISFJ,static,crash,456,0.85,deterioration,84.49,98.52745826899044,10000.0,10000.0,0.0,HOLD,0.0,"The market shows stability with a slight downward trend and a reasonable RSI. Given my conservative approach and the current portfolio status of zero holdings, maintaining cash is the most prudent course of action. I'll continue to monitor the situation closely for any significant shifts.",84.04,84.04,51.8,-0.4454,1167250,0.98,16.5,12.9,3.11,0.0,0,-0.02,-0.16,0.14
Day-18,google/gemma-3-4b-it,ISFJ,static,crash,456,0.85,deterioration,82.56,97.8778956969069,10000.0,10000.0,0.0,HOLD,0.0,"The market shows stability with a neutral trend and low RSI, indicating a lack of immediate pressure. Given my conservative approach and current portfolio of cash, maintaining the status quo is the most prudent course of action to preserve capital and avoid unnecessary risk.",83.95,83.95,45.1,-0.517,1463309,1.21,16.6,12.7,3.16,0.0,0,-0.14,-0.14,-0.0
Day-19,google/gemma-3-4b-it,ISFJ,static,crash,456,0.85,deterioration,84.44,97.73402195041945,10000.0,10000.0,0.0,HOLD,0.0,"The market shows stability with a slight upward trend and low volatility. Given my conservative approach and the current low holdings, maintaining the cash position is prudent. A wait-and-see strategy aligns with my preference for established, reliable investments.",83.98,83.98,52.3,-0.4178,1256638,1.04,16.7,13.0,3.09,0.0,0,0.38,-0.07,0.45
Day-20,google/gemma-3-4b-it,ISFJ,static,crash,456,0.85,deterioration,81.27,97.69270006961743,10000.0,10000.0,0.0,HOLD,0.0,"The market shows a slight downward trend, but the RSI is low and the P/E ratio is attractive. Given my conservative approach and the current portfolio status of zero holdings, maintaining cash is the most prudent course of action to avoid unnecessary risk.",83.84,83.84,39.2,-0.588,1338823,1.1,16.8,12.5,3.21,0.0,0,0.07,-0.02,0.09
Day-21,google/gemma-3-4b-it,ISFJ,static,crash,456,0.85,deterioration,83.37,96.90892146327774,10000.0,10000.0,0.0,HOLD,0.0,"The market shows stability with a neutral trend and reasonable RSI. Given my conservative approach and current portfolio status, maintaining the cash position is the most prudent course of action. Further observation is warranted before considering any trades.",83.74,83.82,46.2,-0.5468,1012424,0.84,16.9,12.9,3.1,-0.1,0,-0.04,0.05,-0.09
Day-22,google/gemma-3-4b-it,ISFJ,static,crash,456,0.85,deterioration,82.08,96.7657507649607,10000.0,10000.0,0.0,HOLD,0.0,"The market shows a slight downward trend, but the RSI is relatively neutral and the P/E ratio is reasonable. Given my conservative approach and the current portfolio status of zero holdings, maintaining cash is the most prudent course of action to avoid unnecessary risk and preserve capital.",83.68,83.74,48.6,-0.6118,1219642,1.01,17.0,12.7,3.14,-0.08,0,-0.22,0.01,-0.23
Day-23,google/gemma-3-4b-it,ISFJ,static,crash,456,0.85,deterioration,82.52,96.1724852550317,10000.0,10000.0,0.0,HOLD,0.0,"The market shows stability with a neutral trend and reasonable RSI. Given my conservative approach and low risk appetite, maintaining the current cash position is the most prudent course of action. A lack of holdings and a low news sentiment further support a 'hold' strategy.",83.64,83.69,48.0,-0.6207,1252228,1.03,17.1,12.9,3.11,-0.06,0,0.03,0.04,-0.02
Day-24,google/gemma-3-4b-it,ISFJ,static,crash,456,0.85,deterioration,85.38,96.31429886777933,10000.0,10000.0,0.0,HOLD,0.0,"The market shows a stable trend and reasonable valuation metrics. Given my low-risk tolerance and focus on capital preservation, maintaining the current portfolio with cash is the most prudent course of action. Further observation is warranted before considering any adjustments.",83.61,83.76,56.9,-0.3922,1351122,1.09,17.2,13.3,3.01,-0.17,0,0.06,-0.02,0.08
Day-25,google/gemma-3-4b-it,ISFJ,static,crash,456,0.85,deterioration,82.9,96.92436672240862,10000.0,10000.0,0.0,HOLD,0.0,"The market shows stability with a neutral trend and RSI at 50. The P/E ratio is reasonable, and volatility is manageable. Given my conservative approach and current portfolio status, maintaining the existing cash position is the most prudent course of action.",83.61,83.72,50.9,-0.406,1079156,0.87,17.3,12.8,3.12,-0.13,0,0.52,0.07,0.45
Day-26,google/gemma-3-4b-it,ISFJ,static,crash,456,0.85,deterioration,81.12,96.27071755558306,10000.0,10000.0,0.0,HOLD,0.0,"The market shows a slight downward trend, indicated by the SMA20 and 60, and the RSI is relatively low, suggesting potential undervaluation. Given my conservative approach and low risk appetite, maintaining the current cash position is the most prudent course of action, prioritizing capital preservation.",83.27,83.62,43.6,-0.5548,1118904,0.92,17.4,12.6,3.16,-0.42,0,-0.07,0.06,-0.13
Day-27,google/gemma-3-4b-it,ISFJ,static,crash,456,0.85,deterioration,80.11,95.86715888401008,10000.0,10000.0,0.0,HOLD,0.0,"The market shows a slight downward trend, indicated by the SMA20/60 and negative news sentiment. With a low RSI and a conservative P/E ratio, and a completely empty portfolio, maintaining a 'HOLD' strategy is prudent to preserve capital and avoid unnecessary risk given my low risk appetite.",82.99,83.49,40.7,-0.7455,1043772,0.86,17.5,12.5,3.19,-0.6,0,-0.05,0.1,-0.14
Day-28,google/gemma-3-4b-it,ISFJ,static,crash,456,0.85,deterioration,80.97,95.74819143367792,10000.0,10000.0,0.0,HOLD,0.0,"The market shows a slight downward trend, indicated by the SMA20/60 and negative news sentiment. While the RSI is relatively low, suggesting potential undervaluation, the overall picture warrants caution given my risk aversion. Maintaining cash and avoiding new investments aligns with my conservative strategy and prioritizes capital preservation.",82.89,83.4,44.2,-0.8174,1127068,0.93,17.6,12.7,3.15,-0.61,0,-0.68,-0.04,-0.63
Day-29,google/gemma-3-4b-it,ISFJ,static,crash,456,0.85,deterioration,81.46,95.8006552787998,10000.0,10000.0,0.0,HOLD,0.0,"The market shows a slight downward trend, but the RSI is still relatively healthy and the P/E ratio is reasonable. Given my conservative approach and the current portfolio status of zero holdings, maintaining cash is the most prudent course of action to avoid unnecessary risk.",82.78,83.34,53.8,-0.8257,1247809,1.03,17.7,12.8,3.14,-0.67,0,0.21,-0.01,0.22
Day-30,google/gemma-3-4b-it,ISFJ,static,crash,456,0.85,deterioration,80.91,96.16575412869507,10000.0,10000.0,0.0,HOLD,0.0,"The market shows a slight downward trend, indicated by the SMA20/60 and negative news sentiment. While the RSI is relatively low, suggesting potential undervaluation, the overall picture leans towards caution. Maintaining a strong cash position is paramount given my low risk tolerance and the need for stability.",82.76,83.26,41.1,-0.8669,1169321,0.98,17.8,12.6,3.17,-0.59,0,-0.23,-0.16,-0.07
Day-31,google/gemma-3-4b-it,ISFJ,static,crash,456,0.85,deterioration,83.48,94.78827341208657,10000.0,10000.0,0.0,HOLD,0.0,"The current market indicators suggest stability with a neutral RSI and a reasonable P/E ratio. While the volume ratio is slightly elevated, it doesn't indicate immediate selling pressure. Given my conservative approach and the lack of significant negative signals, maintaining the current portfolio and holding cash is the most prudent course of action.",82.82,83.26,47.8,-0.6842,1441644,1.19,17.8,13.2,3.03,-0.54,0,-0.44,-0.24,-0.21
Day-32,google/gemma-3-4b-it,ISFJ,static,crash,456,0.85,deterioration,81.74,95.15394879230178,10000.0,10000.0,0.0,HOLD,0.0,"The market shows a slight downward trend, but the RSI is relatively neutral and the P/E ratio is attractive. Given my conservative approach and the current portfolio status of zero holdings, maintaining cash is the most prudent course of action to avoid unnecessary risk.",82.66,83.22,48.2,-0.6716,1357280,1.12,17.9,12.9,3.1,-0.67,0,0.11,-0.21,0.32
Day-33,google/gemma-3-4b-it,ISFJ,static,crash,456,0.85,deterioration,80.64,95.5716589020368,10000.0,10000.0,0.0,HOLD,0.0,"The market shows a slight downward trend, but the RSI is relatively low and the P/E ratio is reasonable. Given my conservative approach and the current portfolio status of zero holdings, maintaining cash is the most prudent course of action to preserve capital and avoid unnecessary risk.",82.4,83.14,41.5,-0.742,1305026,1.07,18.0,12.7,3.16,-0.89,0,0.34,-0.0,0.35
Day-34,google/gemma-3-4b-it,ISFJ,static,crash,456,0.85,deterioration,82.24,94.26739774017575,10000.0,10000.0,0.0,HOLD,0.0,"The current market indicators suggest stability, with a low RSI and reasonable P/E ratio. While the volume ratio is slightly elevated, it doesn't indicate an imminent trend reversal. Given my conservative approach and desire for security, maintaining the current portfolio and cash reserves is the most prudent course of action.",82.29,83.11,52.3,-0.6608,1291147,1.05,18.1,13.1,3.06,-0.99,0,-0.5,-0.14,-0.36
Day-35,google/gemma-3-4b-it,ISFJ,static,crash,456,0.85,deterioration,78.68,95.49784164611026,10000.0,10000.0,0.0,HOLD,0.0,"The current market indicators suggest stability with a low RSI and reasonable P/E ratio. Maintaining a strong cash position of $10,000 provides a buffer against potential downturns, aligning with a conservative investment strategy. Given the lack of significant trend changes and my preference for established assets, holding is the most prudent course of action.",82.25,82.98,39.5,-0.8742,1271412,1.04,18.2,12.4,3.24,-0.89,0,0.06,-0.09,0.14
Day-36,google/gemma-3-4b-it,ISFJ,static,crash,456,0.85,deterioration,82.11,94.26699178908879,10000.0,10000.0,0.0,HOLD,0.0,"The market shows stability with a neutral trend and RSI at 50. The P/E ratio is reasonable, and volatility is moderate. Given my conservative approach and current portfolio status, maintaining the existing cash position is the most prudent course of action to preserve capital.",82.12,82.96,50.1,-0.7578,1337741,1.08,18.3,13.1,3.06,-1.01,0,-0.18,-0.03,-0.15
Day-37,google/gemma-3-4b-it,ISFJ,static,crash,456,0.85,deterioration,82.53,94.86679232827079,10000.0,10000.0,0.0,HOLD,0.0,"The market shows stability with a neutral trend and a reasonable RSI. Given my conservative approach and current portfolio status, maintaining the cash position is the most prudent course of action. Further observation is warranted before considering any investment.",82.03,82.95,50.0,-0.6243,1044370,0.84,18.4,13.0,3.07,-1.11,0,0.13,-0.03,0.16
Day-38,google/gemma-3-4b-it,ISFJ,static,crash,456,0.85,deterioration,83.34,94.42292010718262,10000.0,10000.0,0.0,HOLD,0.0,"The market shows stability with a neutral trend and a reasonable RSI. Given my low risk tolerance and the current portfolio status of zero holdings, maintaining cash is the most prudent course. I'll continue to monitor for any significant shifts before considering a move.",82.06,82.96,45.5,-0.4479,1431274,1.16,18.5,13.2,3.02,-1.08,0,-0.13,-0.12,-0.0
Day-39,google/gemma-3-4b-it,ISFJ,static,crash,456,0.85,deterioration,80.54,94.40534166049264,10000.0,10000.0,0.0,HOLD,0.0,"The market shows a slight downward trend, but the RSI is relatively low, indicating potential for stabilization. Given my conservative approach and the current portfolio status of zero holdings, maintaining cash is the most prudent course of action to avoid unnecessary risk and preserve capital.",81.87,82.9,44.8,-0.5284,1348176,1.09,18.6,12.8,3.13,-1.24,0,0.33,0.04,0.29
Day-40,google/gemma-3-4b-it,ISFJ,static,crash,456,0.85,deterioration,81.14,93.46969808623925,10000.0,10000.0,0.0,HOLD,0.0,"The market shows stability with a neutral trend and reasonable metrics. Given my conservative approach and low risk tolerance, maintaining the current cash position is the most prudent course of action. Further observation is warranted before considering any trades.",81.86,82.85,50.1,-0.5372,1128572,0.92,18.7,13.0,3.07,-1.2,0,0.33,0.1,0.23
Day-41,google/gemma-3-4b-it,ISFJ,static,crash,456,0.85,deterioration,80.59,93.98423035479327,10000.0,10000.0,0.0,HOLD,0.0,"The market shows a slight downward trend, but the RSI is relatively healthy and the P/E ratio is reasonable. Given my conservative approach and the current portfolio status of zero holdings, maintaining cash is the most prudent course of action to avoid unnecessary risk.",81.72,82.8,51.1,-0.5815,1409798,1.13,18.8,12.9,3.11,-1.3,0,-0.05,0.12,-0.18
Day-42,google/gemma-3-4b-it,ISFJ,static,crash,456,0.85,deterioration,80.48,93.59271175547805,10000.0,10000.0,0.0,HOLD,0.0,"The market shows a slight downward trend, but the RSI is relatively neutral and the P/E ratio is reasonable. Given my conservative approach and the current portfolio status of zero holdings, maintaining cash is the most prudent course of action to avoid unnecessary risk and preserve capital.",81.64,82.74,48.8,-0.6184,1421023,1.13,18.9,12.9,3.1,-1.33,0,0.26,0.15,0.11
Day-43,google/gemma-3-4b-it,ISFJ,static,crash,456,0.85,deterioration,78.59,94.22022122201557,10000.0,10000.0,0.0,HOLD,0.0,"The current market indicators suggest stability with a low RSI and reasonable P/E ratio. Given my conservative approach and the lack of significant upward momentum, maintaining the cash position is the most prudent course of action. Preserving capital and avoiding unnecessary risk aligns with my long-term investment strategy.",81.45,82.65,43.4,-0.7913,1138794,0.91,19.0,12.5,3.2,-1.45,0,0.44,0.26,0.17
Day-44,google/gemma-3-4b-it,ISFJ,static,crash,456,0.85,deterioration,81.48,93.19781251467616,10000.0,10000.0,0.0,HOLD,0.0,"The market shows a stable trend and reasonable metrics like RSI and P/E. Given my conservative approach and low risk tolerance, maintaining the current cash position is the most prudent course of action. Further observation is warranted before considering any investment.",81.25,82.62,51.2,-0.6875,1150159,0.93,19.1,13.1,3.05,-1.65,0,-0.66,0.06,-0.72
Day-45,google/gemma-3-4b-it,ISFJ,static,crash,456,0.85,deterioration,79.83,93.31058300643501,10000.0,10000.0,0.0,HOLD,0.0,"The market shows a neutral trend and a reasonable RSI, suggesting stability. With no current holdings and a significant cash reserve, maintaining a 'HOLD' strategy aligns with a conservative approach and prioritizes preserving capital. Further observation is warranted before considering any trades.",81.1,82.56,42.1,-0.7301,1350192,1.07,19.2,12.8,3.12,-1.77,0,-0.04,-0.01,-0.03
Day-46,google/gemma-3-4b-it,ISFJ,static,crash,456,0.85,deterioration,77.18,93.01892511840302,10000.0,10000.0,0.0,HOLD,0.0,"The market shows a stable trend and reasonable valuation metrics, but the low holdings value and significant cash reserve suggest a cautious approach. Given my risk aversion and focus on long-term security, maintaining the current position is the most prudent course of action until further developments warrant a change.",80.9,82.44,40.5,-0.9663,1478680,1.16,19.3,12.4,3.21,-1.87,0,-0.25,-0.05,-0.2
Day-47,google/gemma-3-4b-it,ISFJ,static,crash,456,0.85,deterioration,79.07,93.20724176575243,10000.0,10000.0,0.0,HOLD,0.0,"The market shows a stable trend and reasonable metrics, though the low holdings value necessitates caution. Given my conservative approach and aversion to risk, maintaining the current cash position is the most prudent course of action. Further observation is warranted before considering any investment.",80.85,82.37,46.8,-0.9894,1119591,0.88,19.4,12.7,3.14,-1.84,0,0.34,-0.03,0.38
Day-48,google/gemma-3-4b-it,ISFJ,static,crash,456,0.85,deterioration,76.61,93.46157493662938,10000.0,10000.0,0.0,HOLD,0.0,"The market shows a stable trend and reasonable valuation metrics, but the low holdings value and significant cash reserve suggest a cautious approach. Given my risk aversion and focus on long-term security, maintaining the current position is the most prudent course of action until further developments warrant a change.",80.63,82.25,39.1,-1.1923,1421436,1.1,19.5,12.3,3.25,-1.97,0,-0.33,-0.19,-0.14
Day-49,google/gemma-3-4b-it,ISFJ,static,crash,456,0.85,deterioration,76.18,92.71696296784981,10000.0,10000.0,0.0,HOLD,0.0,"The market shows a slight downward trend, but the RSI is relatively low and the P/E ratio is reasonable. Given my conservative approach and the current portfolio status of zero holdings, maintaining cash is the most prudent course of action to avoid unnecessary risk and preserve capital.",80.37,82.13,44.5,-1.3725,1289276,1.0,19.6,12.3,3.25,-2.14,-1,0.31,0.01,0.3
Day-50,google/gemma-3-4b-it,ISFJ,static,crash,456,0.85,deterioration,77.44,92.77967803678895,10000.0,10000.0,0.0,HOLD,0.0,"The market shows a slight downward trend, but the RSI is low and the P/E ratio is attractive. Given my conservative approach and the current portfolio status of zero holdings, maintaining cash is the most prudent course of action to weather potential volatility and avoid unnecessary risk.",80.19,82.03,38.6,-1.3972,1436343,1.1,19.7,12.5,3.19,-2.24,-1,0.01,0.02,-0.01
Day-51,google/gemma-3-4b-it,ISFJ,static,crash,456,0.85,deterioration,79.19,91.88950895950585,10000.0,10000.0,0.0,HOLD,0.0,"The market shows a slight downward trend and the RSI is relatively low, indicating potential stability. Given my conservative approach and the current portfolio status of zero holdings, maintaining cash is the most prudent course of action. I will continue to monitor the situation closely for any significant shifts.",79.98,81.91,42.3,-1.2607,1494000,1.14,19.7,12.9,3.09,-2.35,-1,-0.06,0.05,-0.11
Day-52,google/gemma-3-4b-it,ISFJ,static,crash,456,0.85,deterioration,80.39,92.28673083726413,10000.0,10000.0,0.0,HOLD,0.0,"The market shows a slight downward trend and the RSI is relatively low, indicating potential stability. Given my conservative approach and the current portfolio status of zero holdings, maintaining cash is the most prudent course of action. I will continue to monitor the situation closely for further opportunities.",79.91,81.85,43.3,-1.044,1095191,0.84,19.8,13.1,3.06,-2.36,-1,-0.22,-0.06,-0.16
Day-53,google/gemma-3-4b-it,ISFJ,static,crash,456,0.85,deterioration,76.47,91.49454037321668,10000.0,10000.0,0.0,HOLD,0.0,"The current market indicators suggest a cautious approach. While the P/E ratio is attractive, the slight downward trend in the SMAs and negative news sentiment warrant holding current cash. Prioritizing capital preservation and avoiding potential losses aligns with my conservative investment strategy.",79.7,81.71,41.3,-1.1754,1425527,1.09,19.9,12.5,3.19,-2.46,-1,-0.36,-0.07,-0.29
Day-54,google/gemma-3-4b-it,ISFJ,static,crash,456,0.85,deterioration,77.23,91.50095870964448,10000.0,10000.0,0.0,HOLD,0.0,"The current market indicators suggest a cautious approach. While the P/E ratio is attractive, the slight downward trend and negative news sentiment warrant holding current cash. Prioritizing capital preservation and stability aligns with my risk-averse strategy.",79.45,81.54,41.7,-1.2037,1497879,1.14,20.0,12.7,3.16,-2.56,-1,-0.09,-0.14,0.05
Day-55,google/gemma-3-4b-it,ISFJ,static,crash,456,0.85,deterioration,78.85,92.42084271884889,10000.0,10000.0,0.0,HOLD,0.0,"The market shows a slight downward trend, but the RSI is relatively healthy and the P/E ratio is attractive. Given my conservative approach and the current portfolio status of zero holdings, maintaining cash is the most prudent course of action to weather potential volatility.",79.46,81.46,46.4,-1.0836,1064051,0.82,20.1,12.8,3.13,-2.45,-1,0.11,-0.12,0.23
Day-56,google/gemma-3-4b-it,ISFJ,static,crash,456,0.85,deterioration,77.77,91.60593222463535,10000.0,10000.0,0.0,HOLD,0.0,"The market shows a slight downward trend and RSI is relatively low, indicating potential stability. Given my conservative approach and the current portfolio status of zero holdings, maintaining cash is the most prudent course of action to avoid unnecessary risk. I will continue to monitor the situation closely.",79.24,81.25,44.7,-1.0632,1231374,0.95,20.2,12.7,3.14,-2.47,-1,-0.58,-0.23,-0.35
Day-57,google/gemma-3-4b-it,ISFJ,static,crash,456,0.85,deterioration,77.79,91.17522267823827,10000.0,10000.0,0.0,HOLD,0.0,"The market shows a slight downward trend and RSI is relatively low, indicating potential for further consolidation. Given my conservative approach and the current portfolio status of zero holdings, maintaining cash is the most prudent course of action to avoid unnecessary risk. A wait-and-see strategy aligns with my preference for established, reliable investments.",79.01,81.09,48.3,-1.0329,1131518,0.87,20.3,12.8,3.13,-2.57,-1,-0.29,-0.24,-0.05
Day-58,google/gemma-3-4b-it,ISFJ,static,crash,456,0.85,deterioration,75.82,91.34867338560164,10000.0,10000.0,0.0,HOLD,0.0,"The current market indicators suggest a stable, albeit slightly declining, trend. With a very low risk appetite and a focus on preserving capital, maintaining the current cash position is the most prudent course of action. Further observation is warranted before considering any adjustments to the portfolio.",78.63,80.95,37.5,-1.1545,1420793,1.09,20.4,12.5,3.21,-2.87,-1,-0.22,-0.21,-0.01
Day-59,google/gemma-3-4b-it,ISFJ,static,crash,456,0.85,deterioration,77.74,90.49124222429167,10000.0,10000.0,0.0,HOLD,0.0,"The current market indicators suggest a stable, albeit slightly declining, trend. With a very low risk appetite and a focus on preserving capital, maintaining the current portfolio of cash is the most prudent course of action. Further observation is warranted before considering any adjustments.",78.49,80.83,45.5,-1.0839,1129735,0.87,20.5,12.9,3.1,-2.9,-1,0.09,-0.18,0.27
Day-60,google/gemma-3-4b-it,ISFJ,static,crash,456,0.85,deterioration,77.8,91.90104238178921,10000.0,10000.0,0.0,HOLD,0.0,"The market shows a slight downward trend and RSI is moderate, indicating a lack of strong momentum. Given my conservative approach and the current portfolio status of zero holdings, maintaining cash is the most prudent course of action to preserve capital and avoid unnecessary risk. A thorough review of long-term, stable investments is warranted before considering any trades.",78.32,80.76,51.5,-1.0111,1051143,0.82,20.6,12.7,3.15,-3.02,-1,-0.36,-0.27,-0.09
Day-61,google/gemma-3-4b-it,ISFJ,static,crash,456,0.85,deterioration,76.36,90.64013745948535,10000.0,10000.0,0.0,HOLD,0.0,"The market shows a slight downward trend and RSI is relatively low, indicating potential stability. Given my conservative approach and the current portfolio status of zero holdings, maintaining cash is the most prudent course of action. I will continue to monitor the situation closely for any significant shifts.",78.11,80.64,43.2,-1.0576,1256498,0.98,20.7,12.6,3.17,-3.14,-1,-0.36,-0.23,-0.13
Day-62,google/gemma-3-4b-it,ISFJ,static,crash,456,0.85,deterioration,78.18,90.86127997302448,10000.0,10000.0,0.0,HOLD,0.0,"The market shows a slight downward trend and the RSI is moderate, indicating stability rather than imminent risk. Given my conservative approach and the current portfolio status of holding only cash, maintaining the status quo is the most prudent course of action to preserve capital and avoid unnecessary exposure.",78.0,80.51,54.1,-0.9368,1289913,1.01,20.8,12.9,3.1,-3.12,-1,-0.11,-0.19,0.08
Day-63,google/gemma-3-4b-it,ISFJ,static,crash,456,0.85,deterioration,77.27,90.44819450374368,10000.0,10000.0,0.0,HOLD,0.0,"The current market indicators suggest a stable, albeit slightly declining, trend. With a very low risk appetite and a focus on long-term security, maintaining the existing cash position is the most prudent course of action. Further observation is warranted before considering any adjustments.",77.93,80.34,52.8,-0.9042,1431854,1.11,20.9,12.8,3.12,-2.99,-1,0.8,0.01,0.79
Day-64,google/gemma-3-4b-it,ISFJ,static,crash,456,0.85,deterioration,77.53,90.39710389374666,10000.0,10000.0,0.0,HOLD,0.0,"The market shows a slight downward trend, but the RSI is neutral and the P/E ratio is reasonable. Given my conservative approach and the current portfolio status of zero holdings, maintaining cash is the most prudent course of action to preserve capital and wait for a more favorable opportunity.",77.73,80.2,50.2,-0.8477,1251865,0.97,21.0,12.9,3.11,-3.07,-1,0.11,0.02,0.1
Day-65,google/gemma-3-4b-it,ISFJ,static,crash,456,0.85,deterioration,76.03,89.76965333148688,10000.0,10000.0,0.0,HOLD,0.0,"The market shows a slight downward trend and the RSI is relatively low, indicating potential consolidation. Given my conservative approach and the current portfolio status of zero holdings, maintaining cash is the most prudent course of action. I’ll continue to monitor the situation closely for more significant developments.",77.54,80.13,41.4,-0.9131,1269303,0.98,21.1,12.7,3.15,-3.23,-1,-0.13,0.06,-0.2
Day-66,google/gemma-3-4b-it,ISFJ,static,crash,456,0.85,deterioration,78.69,89.96351554501268,10000.0,10000.0,0.0,HOLD,0.0,"The current market indicators suggest a stable, albeit slightly downward trend. With a low risk appetite and a focus on preserving capital, maintaining the existing cash position is the most prudent course of action. Further observation is warranted before considering any adjustments to the portfolio.",77.62,80.01,45.7,-0.7423,1301615,1.02,21.2,13.1,3.05,-2.99,-1,0.15,0.17,-0.01
Day-67,google/gemma-3-4b-it,ISFJ,static,crash,456,0.85,deterioration,76.27,90.31021851260975,10000.0,10000.0,0.0,HOLD,0.0,"The current market indicators suggest a cautious approach. While the P/E ratio is attractive, the slight downward trend and negative news sentiment warrant holding current cash. Maintaining liquidity and avoiding speculative investments aligns with a conservative strategy focused on long-term stability.",77.48,79.85,49.5,-0.7926,1166634,0.91,21.3,12.7,3.16,-2.96,-1,-0.05,0.18,-0.22
Day-68,google/gemma-3-4b-it,ISFJ,static,crash,456,0.85,deterioration,78.15,89.50596207833443,10000.0,10000.0,0.0,HOLD,0.0,"The current market indicators suggest a stable, albeit slightly downward trend. Given my conservative approach and low risk tolerance, maintaining the cash position is the most prudent course of action. Further observation is warranted before considering any adjustments to the portfolio.",77.56,79.76,52.3,-0.6731,1393037,1.09,21.4,13.1,3.05,-2.76,-1,0.29,0.08,0.22
Day-69,google/gemma-3-4b-it,ISFJ,static,crash,456,0.85,deterioration,75.7,89.60311781972352,10000.0,10000.0,0.0,HOLD,0.0,"The market shows a slight downward trend and the RSI is relatively low, indicating potential stability. Given my conservative approach and the current portfolio status of zero holdings, maintaining cash is the most prudent course of action to avoid unnecessary risk and preserve capital.",77.53,79.58,42.3,-0.7669,1228343,0.96,21.5,12.7,3.16,-2.58,-1,-0.01,0.05,-0.06
Day-70,google/gemma-3-4b-it,ISFJ,static,crash,456,0.85,deterioration,77.88,90.42582294888166,10000.0,10000.0,0.0,HOLD,0.0,"The market shows a slight downward trend and a neutral RSI, indicating stability. Given my conservative approach and the current portfolio status of zero holdings, maintaining cash is the most prudent course of action. I'll continue to monitor the situation closely for any significant shifts.",77.56,79.52,50.3,-0.658,1464054,1.14,21.6,12.9,3.1,-2.47,-1,-0.29,0.02,-0.31
Day-71,google/gemma-3-4b-it,ISFJ,static,crash,456,0.85,deterioration,74.46,89.40730522877175,10000.0,10000.0,0.0,HOLD,0.0,"The current market indicators suggest a cautious approach. While the P/E ratio is attractive, the slight downward trend and RSI indicate potential headwinds. Maintaining a strong cash position is paramount given my low-risk tolerance and the need for stability.",77.32,79.34,43.3,-0.8378,1137841,0.9,21.6,12.5,3.2,-2.54,-1,0.18,0.02,0.15
Day-72,google/gemma-3-4b-it,ISFJ,static,crash,456,0.85,deterioration,72.65,88.7739685210242,10000.0,10000.0,0.0,HOLD,0.0,"The current market indicators suggest a cautious approach. While the P/E ratio is attractive, the slight downward trend in the SMAs and RSI indicate potential headwinds. Maintaining a strong cash position is paramount given my low risk tolerance and the need for stability.",76.93,79.15,43.6,-1.1137,1325668,1.04,21.7,12.3,3.26,-2.8,-1,0.62,0.16,0.47
Day-73,google/gemma-3-4b-it,ISFJ,static,crash,456,0.85,deterioration,77.64,89.63962665701666,10000.0,10000.0,0.0,HOLD,0.0,"The current market indicators suggest a stable, albeit slightly downward-trending, environment. With a low risk appetite and a focus on long-term security, maintaining the existing cash position is the most prudent course of action. Further observation is warranted before considering any adjustments.",76.99,79.05,49.8,-0.9194,1185967,0.94,21.8,13.0,3.08,-2.61,-1,0.85,0.27,0.58
Day-74,google/gemma-3-4b-it,ISFJ,static,crash,456,0.85,deterioration,75.31,89.3383615506795,10000.0,10000.0,0.0,HOLD,0.0,"The market shows a slight downward trend and the RSI indicates value, but the low holdings value and conservative approach necessitate maintaining the current position. Given the low risk appetite and focus on stability, a change in strategy isn't warranted at this time. Continuing to hold cash provides flexibility for future opportunities.",76.89,78.85,45.8,-0.9426,1311241,1.05,21.9,12.6,3.16,-2.48,-1,0.01,0.27,-0.27
Day-75,google/gemma-3-4b-it,ISFJ,static,crash,456,0.85,deterioration,77.03,89.19772020154565,10000.0,10000.0,0.0,HOLD,0.0,"The market shows a slight downward trend and the RSI is moderate, indicating a lack of strong momentum. Given my conservative approach and the current portfolio status of zero holdings, maintaining cash is the most prudent course of action. I will continue to monitor the situation closely for further opportunities.",76.8,78.73,51.1,-0.8128,1495036,1.17,22.0,13.0,3.09,-2.45,-1,-0.32,0.27,-0.59
Day-76,google/gemma-3-4b-it,ISFJ,static,crash,456,0.85,deterioration,77.51,88.7534364239669,10000.0,10000.0,0.0,HOLD,0.0,"The market shows a slight downward trend and RSI is relatively low, indicating potential consolidation. Given my conservative approach and the current portfolio status of zero holdings, maintaining cash is the most prudent course of action to avoid unnecessary risk. I will continue to monitor the situation closely.",76.79,78.66,48.8,-0.6632,1253365,0.98,22.1,13.1,3.05,-2.38,-1,-0.81,0.07,-0.88
Day-77,google/gemma-3-4b-it,ISFJ,static,crash,456,0.85,deterioration,74.17,88.58030868191621,10000.0,10000.0,0.0,HOLD,0.0,"The market shows a slight downward trend and the RSI indicates value, but the overall picture is cautious. Given my low risk tolerance and the current portfolio status of zero holdings, maintaining cash is the most prudent course of action. I’ll continue to monitor the situation closely for further opportunities.",76.61,78.54,45.1,-0.8049,1467165,1.14,22.2,12.6,3.18,-2.46,-1,-0.18,-0.09,-0.09
Day-78,google/gemma-3-4b-it,ISFJ,static,crash,456,0.85,deterioration,74.73,88.99650094600725,10000.0,10000.0,0.0,HOLD,0.0,"The market shows a slight downward trend and the RSI is relatively low, indicating potential stability. Given my conservative approach and the current portfolio status of zero holdings, maintaining cash is the most prudent course of action to avoid unnecessary risk. I will continue to monitor the situation closely.",76.56,78.42,45.6,-0.8618,1165374,0.91,22.3,12.6,3.18,-2.37,-1,-0.14,-0.29,0.15
Day-79,google/gemma-3-4b-it,ISFJ,static,crash,456,0.85,deterioration,75.03,88.02810399509899,10000.0,10000.0,0.0,HOLD,0.0,"The market shows a slight downward trend and RSI is relatively low, indicating potential consolidation. Given my conservative approach and the current portfolio status of zero holdings, maintaining cash is the most prudent course of action to avoid unnecessary risk. I'll continue to monitor the situation closely.",76.42,78.29,48.4,-0.8729,1461354,1.13,22.4,12.8,3.13,-2.39,-1,-0.07,-0.3,0.24
Day-80,google/gemma-3-4b-it,ISFJ,static,crash,456,0.85,deterioration,74.86,88.50518712122022,10000.0,10000.0,0.0,HOLD,0.0,"The current market indicators suggest a cautious approach. While the P/E ratio is attractive, the declining SMA trend and negative news sentiment warrant holding current cash. Prioritizing capital preservation and avoiding potential losses aligns with my conservative risk profile.",76.27,78.17,43.2,-0.885,1376366,1.05,22.5,12.7,3.15,-2.42,-1,-0.38,-0.31,-0.06
Day-81,google/gemma-3-4b-it,ISFJ,static,crash,456,0.85,panic,75.23,88.3124606425931,10000.0,10000.0,0.0,HOLD,0.0,"The market shows a slight downward trend and RSI is relatively low, indicating potential consolidation. Given my conservative approach and the current portfolio status of zero holdings, maintaining cash is the most prudent course of action to avoid unnecessary risk. I will continue to monitor the situation closely.",76.22,78.0,48.0,-0.8554,2268662,1.67,22.5,12.8,3.13,-2.29,-1,-0.73,-0.3,-0.43
Day-82,google/gemma-3-4b-it,ISFJ,static,crash,456,0.85,panic,76.71,88.61861072688454,10000.0,10000.0,0.0,HOLD,0.0,"The market shows a slight downward trend and elevated volatility, with a negative news sentiment. Given my conservative approach and focus on capital preservation, maintaining the current cash position is the most prudent course of action. A thorough reassessment is warranted before considering any trades.",76.14,77.9,47.2,-0.7041,2184560,1.55,22.9,13.0,3.08,-2.26,-1,-0.8,-0.42,-0.38
Day-83,google/gemma-3-4b-it,ISFJ,static,crash,456,0.85,panic,73.52,88.19032927057687,10000.0,10000.0,0.0,HOLD,0.0,"The market shows a slight downward trend and negative news sentiment, indicating potential instability. Given my conservative approach and low risk tolerance, maintaining a strong cash position is the most prudent course of action at this time. I will continue to monitor the situation closely before considering any adjustments.",75.96,77.76,45.9,-0.832,3096649,2.08,23.3,12.5,3.2,-2.32,-1,-0.8,-0.56,-0.24
Day-84,google/gemma-3-4b-it,ISFJ,static,crash,456,0.85,panic,74.18,87.44335260031188,10000.0,10000.0,0.0,HOLD,0.0,"The current market indicators suggest a cautious approach. While the P/E ratio is attractive, the declining SMAs and negative news sentiment warrant holding current cash. Maintaining liquidity and avoiding speculative investments aligns with a conservative strategy focused on long-term stability.",75.79,77.6,42.5,-0.8705,3036569,1.92,23.6,12.7,3.14,-2.33,-1,-0.76,-0.69,-0.07
Day-85,google/gemma-3-4b-it,ISFJ,static,crash,456,0.85,panic,75.11,86.16999248014685,10000.0,10000.0,0.0,HOLD,0.0,"The market shows a slight downward trend and the RSI is moderately high, indicating potential weakness. Given my conservative approach and the current portfolio status of zero holdings, maintaining cash is the most prudent course of action to avoid unnecessary risk. A thorough reassessment will be conducted before considering any investment.",75.74,77.53,51.5,-0.8161,2447527,1.49,24.0,13.1,3.06,-2.3,-1,-0.64,-0.75,0.11
Day-86,google/gemma-3-4b-it,ISFJ,static,crash,456,0.85,panic,73.47,84.80834576397922,10000.0,10000.0,0.0,HOLD,0.0,"The market shows a slight downward trend and RSI is moderately high, indicating potential weakness. Given my conservative approach and the current portfolio status of zero holdings, maintaining cash is the most prudent course of action. I’ll continue to monitor the situation closely for more definitive signals before considering any investment.",75.48,77.35,51.8,-0.895,2444121,1.44,24.4,13.0,3.08,-2.42,-1,-0.76,-0.75,-0.01
Day-87,google/gemma-3-4b-it,ISFJ,static,crash,456,0.85,panic,74.06,85.4421986726139,10000.0,10000.0,0.0,HOLD,0.0,"The market shows a slight downward trend and the RSI is relatively low, indicating potential stability. Given my conservative approach and the current portfolio status of zero holdings, maintaining cash is the most prudent course of action. Further observation is warranted before considering any investment.",75.37,77.18,39.9,-0.8997,2755060,1.55,24.8,13.0,3.08,-2.35,-1,-0.36,-0.66,0.3
Day-88,google/gemma-3-4b-it,ISFJ,static,crash,456,0.85,panic,70.56,84.15227682889136,10000.0,10000.0,0.0,HOLD,0.0,"The market shows a slight downward trend and the RSI indicates undervaluation, but the overall picture is stable. Given my conservative approach and the current low holdings, maintaining the cash position is the most prudent course of action to avoid unnecessary risk and preserve capital.",74.99,76.93,37.5,-1.1719,2868167,1.55,25.2,12.6,3.18,-2.52,-1,-0.66,-0.64,-0.02
Day-89,google/gemma-3-4b-it,ISFJ,static,crash,456,0.85,panic,71.8,84.20352199812181,10000.0,10000.0,0.0,HOLD,0.0,"The current market indicators suggest a cautious approach. The low RSI, negative news sentiment, and slight trend decline warrant holding current cash. Maintaining liquidity and avoiding potential losses aligns with a conservative investment strategy prioritizing stability and long-term growth.",74.8,76.75,35.8,-1.273,2274883,1.2,25.6,12.8,3.13,-2.55,-1,-0.88,-0.66,-0.22
Day-90,google/gemma-3-4b-it,ISFJ,static,crash,456,0.85,panic,71.74,83.41742404242389,10000.0,10000.0,0.0,HOLD,0.0,"The current market indicators suggest a period of consolidation, with a slightly negative trend and low RSI. Given my conservative approach and the need for stability, maintaining the cash position is the most prudent course of action. Further observation is warranted before considering any adjustments.",74.49,76.57,34.0,-1.343,2317365,1.19,25.9,12.9,3.1,-2.71,-1,-0.82,-0.7,-0.13
Day-91,google/gemma-3-4b-it,ISFJ,static,crash,456,0.85,panic,70.54,82.15021779261417,10000.0,10000.0,0.0,HOLD,0.0,"The market shows a slight downward trend and RSI is relatively low, indicating potential undervaluation. Given my conservative approach and the current portfolio status of zero holdings, maintaining cash is the most prudent course of action to avoid unnecessary risk and preserve capital.",74.29,76.37,38.6,-1.4778,2651283,1.31,26.3,12.9,3.11,-2.71,-1,-0.48,-0.64,0.16
Day-92,google/gemma-3-4b-it,ISFJ,static,crash,456,0.85,panic,69.43,82.74466237805241,10000.0,10000.0,0.0,HOLD,0.0,"The current market indicators suggest a period of consolidation and low volatility. With a very low risk appetite and a focus on preserving capital, maintaining a cash position is the most prudent course of action. The RSI is low, indicating potential for a rebound, but the overall trend and news sentiment warrant caution.",74.13,76.14,33.9,-1.655,2918548,1.39,26.7,12.6,3.18,-2.64,-1,-0.94,-0.76,-0.18
Day-93,google/gemma-3-4b-it,ISFJ,static,crash,456,0.85,panic,72.97,83.84856968764288,10000.0,10000.0,0.0,HOLD,0.0,"The market shows a slight downward trend and RSI is relatively low, indicating potential stability. Given my conservative approach and focus on preserving capital, holding current cash is the most prudent course of action. Maintaining liquidity allows me to react to future opportunities with a measured response.",73.9,76.03,44.8,-1.4927,2573817,1.19,27.1,13.1,3.06,-2.81,-1,-1.0,-0.83,-0.17
Day-94,google/gemma-3-4b-it,ISFJ,static,crash,456,0.85,panic,70.35,81.43764923068117,10000.0,10000.0,0.0,HOLD,0.0,"The market shows a slight downward trend and RSI is relatively low, indicating potential for further consolidation. Given my conservative approach and the current portfolio status of zero holdings, maintaining cash is the most prudent course of action to avoid unnecessary risk. A wait-and-see strategy aligns with my preference for stability and established methods.",73.65,75.81,39.8,-1.5581,2735709,1.22,27.5,13.0,3.09,-2.85,-1,-0.81,-0.81,-0.0
Day-95,google/gemma-3-4b-it,ISFJ,static,crash,456,0.85,panic,67.27,81.06671563953861,10000.0,10000.0,0.0,HOLD,0.0,"The current market indicators suggest a cautious approach. The RSI is low, indicating potential undervaluation, but the SMA trend is slightly negative. Given my low risk tolerance and the lack of holdings, maintaining cash is the most prudent course of action until the trend stabilizes and sentiment improves.",73.16,75.56,34.0,-1.837,2499536,1.09,27.8,12.4,3.21,-3.17,-1,-1.0,-0.85,-0.15
Day-96,google/gemma-3-4b-it,ISFJ,static,crash,456,0.85,panic,70.14,81.1929153148478,10000.0,10000.0,0.0,HOLD,0.0,"The market shows a slight downward trend and the RSI is low, indicating potential undervaluation. Given my conservative approach and the current portfolio status of zero holdings, maintaining cash is the most prudent course of action to avoid unnecessary risk. I will continue to monitor the situation closely.",72.79,75.42,37.5,-1.8058,3490057,1.45,28.2,13.0,3.09,-3.48,-1,-0.6,-0.87,0.27
Day-97,google/gemma-3-4b-it,ISFJ,static,crash,456,0.85,panic,70.77,80.7760644926076,10000.0,10000.0,0.0,HOLD,0.0,"The market shows a slight downward trend and RSI is relatively low, indicating potential for further consolidation. Given my conservative approach and the current portfolio status of zero holdings, maintaining cash is the most prudent course of action to avoid unnecessary risk. I'll continue to monitor the situation closely.",72.62,75.25,44.2,-1.7103,3702754,1.47,28.6,13.1,3.04,-3.49,-1,-0.98,-0.88,-0.11
Day-98,google/gemma-3-4b-it,ISFJ,static,crash,456,0.85,panic,69.67,82.59870446118573,10000.0,10000.0,0.0,HOLD,0.0,"The current market indicators suggest a cautious approach. While the P/E ratio is attractive, the slight downward trend and negative news sentiment warrant holding current cash. Prioritizing capital preservation and avoiding potential losses aligns with my risk-averse strategy.",72.37,75.11,40.6,-1.7041,3454676,1.31,29.0,12.7,3.16,-3.65,-1,-0.79,-0.84,0.04
Day-99,google/gemma-3-4b-it,ISFJ,static,crash,456,0.85,panic,71.6,84.3833761885968,10000.0,10000.0,0.0,HOLD,0.0,"The market shows a slight downward trend and the RSI is relatively low, indicating potential stability. Given my conservative approach and the current portfolio status of zero holdings, maintaining cash is the most prudent course of action. I will continue to monitor the situation closely for further opportunities.",72.2,75.02,43.0,-1.5254,2923025,1.08,29.4,12.7,3.14,-3.76,-1,-0.84,-0.84,0.01
Day-100,google/gemma-3-4b-it,ISFJ,static,crash,456,0.85,panic,73.75,84.28022127662553,10000.0,10000.0,0.0,HOLD,0.0,"The market shows a slight downward trend and the RSI is neutral, indicating a lack of strong momentum. Given my conservative approach and the current portfolio status of zero holdings, maintaining cash is the most prudent course of action. I'll continue to monitor the situation closely for further developments.",72.14,74.95,50.6,-1.1963,3382245,1.21,29.7,13.1,3.05,-3.74,-1,-1.0,-0.84,-0.16
Day-101,google/gemma-3-4b-it,ISFJ,static,crash,456,0.85,panic,68.39,83.04020310359448,10000.0,10000.0,0.0,HOLD,0.0,"The market shows a slight downward trend and RSI is relatively low, indicating potential stability. Given my conservative approach and the current portfolio status of zero holdings, maintaining cash is the most prudent course of action. I'll continue to monitor the situation closely for any significant shifts.",71.8,74.73,40.7,-1.3525,3707657,1.29,30.1,12.4,3.24,-3.92,-1,-0.54,-0.83,0.29
Day-102,google/gemma-3-4b-it,ISFJ,static,crash,456,0.85,panic,67.27,81.68682625830063,10000.0,10000.0,0.0,HOLD,0.0,"The current market observation indicates a slight downward trend and a relatively low RSI, suggesting continued caution is warranted. Given my conservative approach and the lack of holdings, maintaining cash is the most prudent course of action to avoid unnecessary risk and preserve capital.",71.33,74.47,44.1,-1.5487,4047601,1.36,30.5,12.4,3.24,-4.22,-1,-0.76,-0.79,0.03
Day-103,google/gemma-3-4b-it,ISFJ,static,crash,456,0.85,panic,68.4,79.14730409142194,10000.0,10000.0,0.0,HOLD,0.0,"The market shows a slight downward trend and the RSI indicates neutral momentum. Given my conservative approach and the current portfolio status of zero holdings, maintaining cash is the most prudent course of action. I will continue to monitor the situation closely for further opportunities.",71.07,74.31,43.9,-1.5951,3578640,1.2,30.9,13.0,3.09,-4.35,-1,-0.81,-0.79,-0.02
Day-104,google/gemma-3-4b-it,ISFJ,static,crash,456,0.85,panic,67.33,79.82159923236847,10000.0,10000.0,0.0,HOLD,0.0,"The market shows a slight downward trend and RSI is relatively low, indicating potential stability. Given my conservative approach and the current portfolio status of zero holdings, maintaining cash is the most prudent course of action to avoid unnecessary risk. I will continue to monitor the situation closely.",70.73,74.11,42.4,-1.6988,3612663,1.2,31.3,12.7,3.16,-4.56,-1,-0.66,-0.75,0.09
Day-105,google/gemma-3-4b-it,ISFJ,static,crash,456,0.85,panic,64.13,78.37065710002028,10000.0,10000.0,0.0,HOLD,0.0,"The market shows a slight downward trend and the RSI indicates undervaluation, but the overall picture is cautious. Given my low risk tolerance and the current portfolio status of zero holdings, maintaining cash is the most prudent course of action. I'll continue to monitor the situation closely for further opportunities.",70.18,73.82,39.6,-2.0155,3567176,1.16,31.7,12.3,3.26,-4.92,-1,-1.0,-0.75,-0.25
Day-106,google/gemma-3-4b-it,ISFJ,static,crash,456,0.85,panic,64.08,78.56117255203853,10000.0,10000.0,0.0,HOLD,0.0,"The market shows a slight downward trend and the RSI indicates undervaluation, but the overall picture is cautious. Given my low-risk tolerance and the current portfolio status of zero holdings, maintaining cash is the most prudent course of action. I'll continue to monitor the situation closely for more established opportunities.",69.71,73.54,41.0,-2.2446,2936685,0.95,32.0,12.2,3.27,-5.21,-1,-0.74,-0.79,0.05
Day-107,google/gemma-3-4b-it,ISFJ,static,crash,456,0.85,panic,67.73,78.82613487888955,10000.0,10000.0,0.0,HOLD,0.0,"The market shows a slight downward trend and RSI is relatively low, indicating potential consolidation. Given my conservative approach and the current portfolio status of zero holdings, maintaining cash is the most prudent course of action to avoid unnecessary risk. I will continue to monitor the situation closely.",69.4,73.34,41.2,-2.1078,2959012,0.95,32.4,12.9,3.1,-5.38,-1,-1.0,-0.84,-0.16
Day-108,google/gemma-3-4b-it,ISFJ,static,crash,456,0.85,panic,68.68,77.85408659254568,10000.0,10000.0,0.0,HOLD,0.0,"The market shows a slight downward trend and the RSI indicates neutral momentum. Given my conservative approach and the current portfolio status of zero holdings, maintaining cash is the most prudent course of action. I will continue to monitor the situation closely for further opportunities.",69.3,73.2,47.1,-1.9001,3126895,1.0,32.8,13.2,3.02,-5.32,-1,-1.0,-0.88,-0.12
Day-109,google/gemma-3-4b-it,ISFJ,static,crash,456,0.85,panic,64.14,76.56476115557795,10000.0,10000.0,0.0,HOLD,0.0,"The market shows a slight downward trend and negative news sentiment, indicating potential instability. Given my conservative approach and low risk tolerance, maintaining cash reserves is the most prudent course of action at this time. I will continue to monitor the situation closely before considering any adjustments.",68.92,72.93,44.7,-2.0785,3047410,0.96,33.2,12.6,3.18,-5.49,-1,-0.9,-0.93,0.03
Day-110,google/gemma-3-4b-it,ISFJ,static,crash,456,0.85,panic,63.56,75.9935056779828,10000.0,10000.0,0.0,HOLD,0.0,"The current market indicators suggest a cautious approach. The low RSI and negative news sentiment indicate potential headwinds, while the P/E ratio suggests undervaluation. Given my risk aversion and focus on stability, maintaining a cash reserve is the most prudent course of action at this time.",68.51,72.64,38.0,-2.2408,4342825,1.33,33.6,12.5,3.19,-5.69,-1,-0.85,-0.9,0.05
Day-111,google/gemma-3-4b-it,ISFJ,static,crash,456,0.85,panic,63.24,75.25494042982075,10000.0,10000.0,0.0,HOLD,0.0,"The current market indicators suggest a cautious approach. The low RSI and negative news sentiment indicate potential headwinds, while the P/E ratio suggests undervaluation. Given my risk aversion and focus on stability, maintaining a cash reserve is the most prudent course of action at this time.",68.15,72.38,36.1,-2.3681,3541086,1.07,33.9,12.6,3.17,-5.85,-1,-0.47,-0.84,0.37
Day-112,google/gemma-3-4b-it,ISFJ,static,crash,456,0.85,panic,63.72,75.83251339797926,10000.0,10000.0,0.0,HOLD,0.0,"The current market indicators suggest a cautious approach. The RSI is low, indicating potential undervaluation, but the declining SMA and negative news sentiment warrant holding current cash. Maintaining liquidity and avoiding risk is paramount given my conservative strategy.",67.86,72.09,38.8,-2.4026,4063408,1.21,34.3,12.6,3.17,-5.87,-1,-0.72,-0.79,0.07
Day-113,google/gemma-3-4b-it,ISFJ,static,crash,456,0.85,panic,67.24,77.47576541019177,10000.0,10000.0,0.0,HOLD,0.0,"The current market indicators suggest a stable, albeit slightly downward trend. With a low risk appetite and a focus on preserving capital, maintaining the existing cash position is the most prudent course of action. Further observation is warranted before considering any adjustments to the portfolio.",67.57,71.89,42.2,-2.1214,3732512,1.09,34.7,13.0,3.07,-6.0,-1,-0.84,-0.76,-0.09
Day-114,google/gemma-3-4b-it,ISFJ,static,crash,456,0.85,panic,62.52,77.32785352832167,10000.0,10000.0,0.0,HOLD,0.0,"The current market indicators – low RSI, reasonable P/E ratio, and stable volume – suggest a cautious approach. Given my risk aversion and focus on long-term stability, maintaining the cash position is the most prudent course of action. Further observation is warranted before considering any adjustments.",67.18,71.59,31.7,-2.2528,3730182,1.07,35.1,12.1,3.3,-6.16,-1,-0.78,-0.73,-0.04
Day-115,google/gemma-3-4b-it,ISFJ,static,crash,456,0.85,panic,66.5,77.76835365356405,10000.0,10000.0,0.0,HOLD,0.0,"The current market observation indicates a slight downward trend and moderate RSI, suggesting continued caution. Given my low-risk tolerance and focus on preserving capital, maintaining the current portfolio of zero holdings is the most prudent course of action. A wait-and-see approach, prioritizing stability, aligns with my established strategy.",67.14,71.4,46.8,-2.0126,4436648,1.24,35.5,12.8,3.12,-5.96,-1,-0.5,-0.66,0.16
Day-116,google/gemma-3-4b-it,ISFJ,static,crash,456,0.85,panic,67.43,76.11371027629156,10000.0,10000.0,0.0,HOLD,0.0,"The market shows a slight downward trend and negative news sentiment, indicating potential instability. Given my conservative approach and the current low holdings value, maintaining cash reserves is the most prudent course of action to avoid unnecessary risk. A wait-and-see strategy aligns with my preference for stability and established methods.",67.01,71.17,50.3,-1.7274,3265374,0.92,35.8,13.3,3.01,-5.85,-1,-0.85,-0.74,-0.11
Day-117,google/gemma-3-4b-it,ISFJ,static,crash,456,0.85,panic,66.65,77.15660226007468,10000.0,10000.0,0.0,HOLD,0.0,"The market shows a slight downward trend and the RSI is relatively neutral, indicating stability. Given my conservative approach and low risk tolerance, maintaining the current cash position is the most prudent course of action. A thorough review of the holdings before considering any changes is warranted.",66.8,70.98,47.0,-1.5468,4335581,1.21,36.2,13.0,3.09,-5.89,-1,-1.0,-0.79,-0.21
Day-118,google/gemma-3-4b-it,ISFJ,static,crash,456,0.85,panic,67.18,79.22916195966934,10000.0,10000.0,0.0,HOLD,0.0,"The market shows a slight downward trend and RSI is neutral, indicating stability. Given my conservative approach and the current portfolio status of zero holdings, maintaining cash is the most prudent course of action. Further observation is warranted before considering any investment.",66.68,70.76,49.7,-1.345,4415031,1.21,36.6,12.7,3.14,-5.77,-1,-0.82,-0.79,-0.03
Day-119,google/gemma-3-4b-it,ISFJ,static,crash,456,0.85,panic,68.08,79.37644994010576,10000.0,10000.0,0.0,HOLD,0.0,"The market shows a slight downward trend and elevated RSI, indicating potential caution. Given my conservative approach and the current portfolio status of zero holdings, maintaining cash is the most prudent course of action. I will continue to monitor the situation closely for more favorable opportunities.",66.5,70.61,57.6,-1.1002,4836376,1.3,37.0,12.9,3.11,-5.82,-1,-0.6,-0.75,0.15
Day-120,google/gemma-3-4b-it,ISFJ,static,crash,456,0.85,panic,67.97,78.07293400083698,10000.0,10000.0,0.0,HOLD,0.0,"The market shows a slight downward trend and the RSI is moderately high, indicating potential for further decline. Given my conservative approach and the current portfolio status of zero holdings, maintaining cash is the most prudent course of action to avoid unnecessary risk and preserve capital.",66.21,70.41,57.5,-0.9043,3387512,0.91,37.4,13.1,3.06,-5.96,-1,-0.44,-0.74,0.3
Day-121,google/gemma-3-4b-it,ISFJ,static,crash,456,0.85,panic,64.85,77.43341300667119,10000.0,10000.0,0.0,HOLD,0.0,"The market shows a slight downward trend and RSI is relatively low, indicating potential stability. Given my conservative approach and the current portfolio status of zero holdings, maintaining cash is the most prudent course of action. I’ll continue to monitor the situation closely for any significant shifts.",66.04,70.22,44.3,-0.99,4090172,1.09,37.8,12.6,3.18,-5.96,-1,-0.64,-0.7,0.06
Day-122,google/gemma-3-4b-it,ISFJ,static,crash,456,0.85,panic,62.24,75.94130576132666,10000.0,10000.0,0.0,HOLD,0.0,"The current market indicators suggest a period of consolidation with a slightly negative trend. Given my conservative approach and low risk tolerance, maintaining a strong cash position is the most prudent course of action. I'll continue to monitor the situation closely for any significant shifts before considering adjustments.",65.78,70.01,38.1,-1.2534,3488152,0.94,38.1,12.3,3.25,-6.04,-1,-0.89,-0.68,-0.22
Day-123,google/gemma-3-4b-it,ISFJ,static,crash,456,0.85,panic,64.07,74.54868648654619,10000.0,10000.0,0.0,HOLD,0.0,"The market shows a slight downward trend and RSI is neutral, indicating a lack of strong momentum. Given my conservative approach and the current portfolio status of zero holdings, maintaining cash is the most prudent course of action to avoid unnecessary risk. I will continue to monitor the situation closely.",65.57,69.74,49.9,-1.2995,3568296,0.96,38.5,12.9,3.1,-5.98,-1,-0.81,-0.68,-0.13
Day-124,google/gemma-3-4b-it,ISFJ,static,crash,456,0.85,panic,63.24,73.36576916704719,10000.0,10000.0,0.0,HOLD,0.0,"The market shows a slight downward trend and negative news sentiment, indicating potential instability. Given my conservative approach and low risk tolerance, maintaining the current cash position is the most prudent course of action to preserve capital and avoid unnecessary losses. A thorough reassessment will be conducted before considering any trades.",65.36,69.5,49.4,-1.3874,4052678,1.08,38.9,12.9,3.09,-5.95,-1,-1.0,-0.76,-0.24
Day-125,google/gemma-3-4b-it,ISFJ,static,crash,456,0.85,panic,61.77,74.05972681391685,10000.0,10000.0,0.0,HOLD,0.0,"The market shows a slight downward trend and RSI is relatively low, indicating potential caution. Given my conservative approach and the current portfolio status of zero holdings, maintaining cash is the most prudent course of action. I will continue to monitor the situation closely for further opportunities.",65.24,69.19,47.2,-1.5579,4728880,1.24,39.3,12.5,3.2,-5.7,-1,-1.0,-0.87,-0.13
Day-126,google/gemma-3-4b-it,ISFJ,static,crash,456,0.85,panic,62.47,73.01522933306099,10000.0,10000.0,0.0,HOLD,0.0,"The market shows a slight downward trend and the RSI indicates neutral momentum. Given my conservative approach and the current portfolio status of zero holdings, maintaining cash is the most prudent course of action. I will continue to monitor the situation closely for further opportunities.",65.16,68.89,47.6,-1.618,4477586,1.15,39.7,12.8,3.12,-5.41,-1,-0.65,-0.87,0.22
Day-127,google/gemma-3-4b-it,ISFJ,static,crash,456,0.85,panic,60.53,72.77484176777926,10000.0,10000.0,0.0,HOLD,0.0,"The current market indicators suggest a cautious approach. The low RSI and negative news sentiment indicate potential headwinds, while the P/E ratio suggests undervaluation. Maintaining a strong cash position is paramount given my risk aversion and the need for stability.",64.8,68.62,36.3,-1.8008,3901661,0.99,40.0,12.5,3.21,-5.56,-1,-0.96,-0.88,-0.07
Day-128,google/gemma-3-4b-it,ISFJ,static,crash,456,0.85,panic,63.76,71.6130814804589,10000.0,10000.0,0.0,HOLD,0.0,"The market shows slight downward pressure with a negative news sentiment and a RSI nearing overbought levels. Given my conservative approach and the current portfolio status of zero holdings, maintaining cash is the most prudent course of action to avoid unnecessary risk and preserve capital. A thorough reassessment is warranted before considering any investment.",64.56,68.4,52.7,-1.6662,3610692,0.91,40.4,13.4,3.0,-5.62,-1,-0.48,-0.82,0.34
Day-129,google/gemma-3-4b-it,ISFJ,static,crash,456,0.85,panic,58.45,70.89977287833513,10000.0,10000.0,0.0,HOLD,0.0,"The current market indicators suggest a period of consolidation and potential downside risk. With a low risk appetite and a focus on preserving capital, holding cash is the most prudent course of action given the low RSI and negative news sentiment. Maintaining liquidity allows for opportunistic entry when the market stabilizes.",64.27,68.07,33.4,-1.9651,4756718,1.18,40.8,12.4,3.23,-5.57,-1,-0.92,-0.8,-0.12
Day-130,google/gemma-3-4b-it,ISFJ,static,crash,456,0.85,panic,58.62,68.89079662912687,10000.0,10000.0,0.0,HOLD,0.0,"The current market indicators suggest a period of consolidation and potential downside risk. With a very low risk appetite and a focus on preserving capital, holding cash is the most prudent course of action given the low RSI and negative news sentiment. Maintaining liquidity allows for opportunistic entry should the market stabilize.",64.03,67.74,31.3,-2.1632,3825253,0.95,41.2,12.8,3.13,-5.48,-1,-0.91,-0.78,-0.13
Day-131,google/gemma-3-4b-it,ISFJ,static,crash,456,0.85,panic,58.08,67.3137955822887,10000.0,10000.0,0.0,HOLD,0.0,"The current market indicators – low RSI, reasonable P/E ratio, and stable volume – suggest a period of consolidation. Given my conservative approach and focus on capital preservation, maintaining the cash position is the most prudent course of action. Further observation is warranted before considering any adjustments.",63.77,67.4,31.6,-2.3368,4280048,1.06,41.6,12.9,3.09,-5.39,-1,-0.78,-0.81,0.03
Day-132,google/gemma-3-4b-it,ISFJ,static,crash,456,0.85,panic,56.99,67.19575781080249,10000.0,10000.0,0.0,HOLD,0.0,"The current market indicators – low RSI, a slight downward trend, and a conservative P/E ratio – suggest continued caution. With a completely empty portfolio and significant cash reserves, maintaining a 'hold' strategy is the most prudent approach, prioritizing capital preservation and waiting for a more favorable opportunity.",63.43,67.01,28.6,-2.5335,5065755,1.24,41.9,12.7,3.14,-5.33,-1,-0.75,-0.77,0.02
Day-133,google/gemma-3-4b-it,ISFJ,static,crash,456,0.85,panic,56.49,66.90114541256915,10000.0,7000.0,53.10674455655868,BUY,0.3,"The extremely low RSI suggests significant undervaluation, and the P/E ratio is attractive. Given my conservative approach and focus on stability, a small allocation to this asset aligns with my risk tolerance and long-term investment goals. The volume ratio indicates potential buying interest, further supporting a cautious entry.",62.9,66.66,25.3,-2.6985,5266479,1.26,42.3,12.7,3.16,-5.65,-1,-0.95,-0.86,-0.09
Day-134,google/gemma-3-4b-it,ISFJ,static,crash,456,0.85,panic,61.15,66.98692665531657,10247.477429633564,7000.0,53.10674455655868,HOLD,0.0,"The market shows a slight downward trend and RSI is relatively low, indicating potential for further consolidation. Given my conservative approach and the current volatility, maintaining a strong cash position is prudent while observing for more significant shifts. The P/E ratio also suggests a reasonable valuation.",62.83,66.4,37.8,-2.4249,5033079,1.19,42.7,13.7,2.92,-5.39,-1,-1.0,-0.88,-0.12
Day-135,google/gemma-3-4b-it,ISFJ,static,crash,456,0.85,panic,59.11,67.87282442481472,10139.139670738183,7000.0,53.10674455655868,HOLD,0.0,"The market shows a slight downward trend and RSI is relatively low, indicating potential for further consolidation. Given my conservative approach and focus on stability, maintaining the current holdings and holding cash is the most prudent course of action. The P/E ratio also suggests a reasonable valuation.",62.46,66.08,39.4,-2.3458,5153735,1.21,43.1,13.1,3.06,-5.49,-1,-0.44,-0.78,0.34
Day-136,google/gemma-3-4b-it,ISFJ,static,crash,456,0.85,panic,55.48,69.78171792530307,9946.362187997875,7000.0,53.10674455655868,HOLD,0.0,"The current market indicators suggest a cautious approach. The low RSI and negative news sentiment indicate potential headwinds, while the P/E ratio suggests undervaluation. Maintaining a strong cash position and sticking with established, stable holdings aligns with my risk-averse strategy and prioritizes long-term security.",61.86,65.72,37.9,-2.547,4566576,1.05,43.5,11.9,3.35,-5.88,-1,-0.75,-0.78,0.03
Day-137,google/gemma-3-4b-it,ISFJ,static,crash,456,0.85,panic,60.59,69.25773147399315,10217.737652681892,7000.0,53.10674455655868,HOLD,0.0,"The market shows a slight downward trend and RSI is relatively low, indicating potential stability. Given my conservative approach and focus on long-term security, maintaining the current holdings is the most prudent course of action. The low P/E ratio also suggests a reasonable valuation.",61.56,65.46,44.4,-2.2677,5043712,1.15,43.9,13.1,3.05,-5.96,-1,-0.25,-0.68,0.43
Day-138,google/gemma-3-4b-it,ISFJ,static,crash,456,0.85,panic,58.01,67.46465113920912,10080.722251725969,7000.0,53.10674455655868,HOLD,0.0,"The market shows a slight downward trend and RSI is relatively low, indicating potential stability. Given my conservative approach and focus on preserving capital, maintaining the current holdings is the most prudent course of action. The low P/E ratio also suggests a reasonable valuation.",61.1,65.2,42.1,-2.2294,5052299,1.15,44.2,12.9,3.1,-6.3,-1,-0.67,-0.62,-0.04
Day-139,google/gemma-3-4b-it,ISFJ,static,crash,456,0.85,panic,55.86,67.11149885660399,9966.542750929368,7000.0,53.10674455655868,HOLD,0.0,"The market shows a slight downward trend and RSI is relatively low, indicating potential for continued consolidation. Given my conservative approach and focus on long-term stability, maintaining the current holdings and cash position is the most prudent course of action. The P/E ratio suggests reasonable value, and the volume ratio is neutral.",60.49,64.89,41.2,-2.3453,4564740,1.04,44.6,12.5,3.2,-6.78,-1,-0.56,-0.53,-0.02
Day-140,google/gemma-3-4b-it,ISFJ,static,crash,456,0.85,panic,54.43,68.45790122267067,9890.60010621349,7000.0,53.10674455655868,HOLD,0.0,"The current market indicators suggest a cautious approach. While the RSI is relatively low, the declining SMA trend and negative news sentiment warrant holding current positions. Maintaining a strong cash reserve of $7000.00 provides stability and allows for potential future opportunities.",59.81,64.54,38.3,-2.523,5760687,1.28,45.0,11.9,3.35,-7.33,-1,-0.97,-0.64,-0.33
Day-141,google/gemma-3-4b-it,ISFJ,static,crash,456,0.85,stabilization,59.35,68.12050538235667,10151.885289431757,7000.0,53.10674455655868,HOLD,0.0,"The market shows a slight downward trend and RSI is relatively neutral, indicating stability. Given my conservative approach and focus on preserving capital, holding current positions and maintaining a strong cash reserve is the most prudent course of action. The low volume ratio also suggests limited immediate market activity.",59.54,64.32,48.4,-2.2417,1760897,0.4,45.0,13.1,3.06,-7.43,-1,-0.11,-0.51,0.4
Day-142,google/gemma-3-4b-it,ISFJ,static,crash,456,0.85,stabilization,60.07,67.77625718783034,10190.12214551248,7000.0,53.10674455655868,HOLD,0.0,"The market shows a slight downward trend, but the RSI is relatively low and the P/E ratio is reasonable. Given my conservative approach and the current cash position, maintaining the existing portfolio is the most prudent course of action, prioritizing stability and avoiding unnecessary risk.",59.43,64.13,44.7,-1.9378,2202890,0.51,44.7,13.3,3.01,-7.33,-1,0.04,-0.45,0.49
Day-143,google/gemma-3-4b-it,ISFJ,static,crash,456,0.85,stabilization,55.72,67.73271775393248,9959.107806691449,7000.0,53.10674455655868,HOLD,0.0,"The market shows a slight downward trend and RSI is relatively low, indicating potential stability. Given my conservative approach and focus on long-term security, maintaining the current holdings is the most prudent course of action. The low volume ratio also suggests limited immediate volatility.",59.01,63.78,46.0,-2.0246,2066347,0.49,44.5,12.3,3.24,-7.48,-1,-0.38,-0.4,0.01
Day-144,google/gemma-3-4b-it,ISFJ,static,crash,456,0.85,stabilization,56.73,67.9286473564316,10012.745618693574,7000.0,53.10674455655868,HOLD,0.0,"The current market indicators suggest a stable, albeit slightly downward trend. With a low risk appetite and a focus on long-term security, maintaining the existing portfolio and holding cash is the most prudent course of action. The RSI indicates a reasonable level of undervaluation, and the P/E ratio is attractive.",58.68,63.51,47.3,-1.9887,2094422,0.5,44.2,12.5,3.19,-7.6,-1,-0.08,-0.3,0.22
Day-145,google/gemma-3-4b-it,ISFJ,static,crash,456,0.85,stabilization,58.48,68.52322440075957,10105.682421667552,7000.0,53.10674455655868,HOLD,0.0,"The market shows a slight downward trend, but the RSI is neutral and the P/E ratio is reasonable. Given my conservative approach and low risk tolerance, maintaining the current holdings and holding cash is the most prudent course of action to preserve capital and avoid unnecessary risk.",58.52,63.33,50.5,-1.7991,1865069,0.46,44.0,12.8,3.12,-7.6,-1,-0.19,-0.15,-0.04
Day-146,google/gemma-3-4b-it,ISFJ,static,crash,456,0.85,stabilization,58.93,68.98545513121051,10129.580456718002,7000.0,53.10674455655868,HOLD,0.0,"The current market indicators suggest a stable, albeit slightly downward trending, environment. The RSI is relatively high, indicating potential for further consolidation, and the P/E ratio is reasonable. Given my conservative approach and focus on long-term security, maintaining the current holdings is the most prudent course of action.",58.34,63.11,52.8,-1.5937,1637313,0.42,43.7,12.8,3.12,-7.56,-1,0.15,-0.09,0.24
Day-147,google/gemma-3-4b-it,ISFJ,static,crash,456,0.85,stabilization,59.21,69.3084874720535,10144.45034519384,7000.0,53.10674455655868,HOLD,0.0,"The market shows a slight downward trend, but the RSI is still relatively healthy and the P/E ratio is attractive. Given my conservative approach and the current volatility, maintaining the existing holdings and holding cash is the most prudent course of action to preserve capital and avoid unnecessary risk.",58.28,62.88,53.9,-1.3925,1459711,0.39,43.5,12.8,3.12,-7.32,-1,-0.14,-0.13,-0.01
Day-148,google/gemma-3-4b-it,ISFJ,static,crash,456,0.85,stabilization,58.28,68.16823744239356,10095.06107275624,7000.0,53.10674455655868,HOLD,0.0,"The current market indicators suggest a stable, albeit slightly downward trend. With a low risk appetite and a focus on long-term security, maintaining the existing portfolio and holding cash is the most prudent course of action. The RSI is relatively low, and the P/E ratio indicates reasonable value.",58.0,62.65,45.4,-1.293,1690359,0.46,43.2,12.8,3.12,-7.42,-1,-0.07,-0.07,-0.0
Day-149,google/gemma-3-4b-it,ISFJ,static,crash,456,0.85,stabilization,56.55,68.12832508055195,10003.186404673394,7000.0,53.10674455655868,HOLD,0.0,"The current market indicators suggest a cautious approach. While the P/E ratio is attractive and RSI is relatively low, the slight downward trend and lower volume ratio warrant holding current positions. Maintaining a strong cash reserve is paramount given my risk aversion and the need for stability.",57.91,62.35,45.9,-1.338,2089359,0.59,43.0,12.5,3.21,-7.13,-1,0.01,-0.05,0.06
Day-150,google/gemma-3-4b-it,ISFJ,static,crash,456,0.85,stabilization,57.14,67.65192583624571,10034.519383961764,7000.0,53.10674455655868,HOLD,0.0,"The current market indicators suggest a stable, albeit slightly downward trend. The low volatility and reasonable P/E ratio indicate a conservative investment opportunity. Maintaining a strong cash position and avoiding risky moves aligns with my cautious approach and focus on long-term security.",57.83,62.02,53.0,-1.3116,1585067,0.46,42.7,12.7,3.16,-6.75,-1,0.04,-0.0,0.04
Day-151,google/gemma-3-4b-it,ISFJ,static,crash,456,0.85,stabilization,56.17,67.60836923690286,9983.005841741902,7000.0,53.10674455655868,HOLD,0.0,"The current market indicators suggest a cautious approach. While the P/E ratio is attractive and RSI is relatively low, the slight downward trend and lower volume ratio warrant holding current positions. Maintaining a strong cash reserve is paramount given my risk aversion and the need for stability.",57.74,61.77,40.7,-1.3532,1629057,0.5,42.5,12.5,3.21,-6.53,-1,0.1,-0.01,0.11
Day-152,google/gemma-3-4b-it,ISFJ,static,crash,456,0.85,stabilization,58.1,67.34671292838279,10085.50185873606,7000.0,53.10674455655868,HOLD,0.0,"The market shows a slight downward trend, but the RSI is neutral and the P/E ratio is reasonable. Given my conservative approach and focus on long-term stability, maintaining the current holdings is the most prudent course of action, prioritizing capital preservation and avoiding unnecessary risk.",57.79,61.59,50.2,-1.2164,1610299,0.52,42.2,12.9,3.09,-6.17,-1,-0.16,-0.02,-0.14
Day-153,google/gemma-3-4b-it,ISFJ,static,crash,456,0.85,stabilization,57.47,67.31601951923182,10052.044609665427,7000.0,53.10674455655868,HOLD,0.0,"The market shows a slight downward trend, but the RSI is still relatively healthy and the P/E ratio is attractive. Given my conservative approach and the current volatility, maintaining the existing holdings and holding cash is the most prudent course of action to preserve capital and avoid unnecessary risk.",57.84,61.37,53.7,-1.1457,1964255,0.67,41.9,12.8,3.12,-5.75,-1,-0.11,-0.02,-0.09
Day-154,google/gemma-3-4b-it,ISFJ,static,crash,456,0.85,stabilization,58.94,67.76280625910924,10130.111524163569,7000.0,53.10674455655868,HOLD,0.0,"The current market indicators suggest a period of consolidation, with a slightly downward trend and high RSI. Given my conservative approach and focus on long-term stability, maintaining the current holdings is the most prudent course of action. Further observation is warranted before considering any adjustments.",57.73,61.2,60.4,-0.9595,1746847,0.63,41.7,13.0,3.07,-5.67,-1,0.16,0.01,0.16
Day-155,google/gemma-3-4b-it,ISFJ,static,crash,456,0.85,stabilization,56.7,67.70225193653732,10011.152416356877,7000.0,53.10674455655868,HOLD,0.0,"The current market indicators suggest a stable, albeit slightly declining, trend. With a low risk appetite and a focus on long-term security, maintaining the existing portfolio and holding cash is the most prudent course of action. The RSI is relatively low, and the P/E ratio indicates reasonable value, aligning with my conservative investment strategy.",57.61,61.06,43.0,-0.982,1591306,0.61,41.4,12.6,3.18,-5.64,-1,0.15,0.03,0.13
Day-156,google/gemma-3-4b-it,ISFJ,static,crash,456,0.85,stabilization,54.63,66.85300954003628,9901.2214551248,7000.0,53.10674455655868,HOLD,0.0,"The current market indicators suggest a cautious approach. The RSI is low, indicating potential undervaluation, but the SMA trend is slightly negative. Given my low-risk tolerance and focus on stability, maintaining the current holdings and holding cash is the most prudent course of action at this time.",57.57,60.87,36.7,-1.1529,1612587,0.66,41.2,12.3,3.26,-5.42,-1,0.26,0.06,0.2
Day-157,google/gemma-3-4b-it,ISFJ,static,crash,456,0.85,stabilization,55.42,67.19667196655604,9943.175783324483,7000.0,53.10674455655868,HOLD,0.0,"The market shows a slight downward trend and RSI is neutral, indicating stability. Given my conservative approach and focus on capital preservation, maintaining the current holdings is the most prudent course of action. The low P/E ratio and solid volume ratio also support a cautious stance.",57.31,60.62,49.1,-1.211,1735491,0.76,40.9,12.4,3.23,-5.46,-1,-0.18,0.06,-0.24
Day-158,google/gemma-3-4b-it,ISFJ,static,crash,456,0.85,stabilization,56.38,66.8086603156715,9994.158258098778,7000.0,53.10674455655868,HOLD,0.0,"The current market indicators suggest a stable, albeit slightly declining, trend. The RSI is relatively healthy, and the P/E ratio indicates undervaluation. Given my conservative approach and desire for security, maintaining the current holdings is the most prudent course of action at this time.",57.23,60.37,48.9,-1.1659,1923666,0.9,40.7,12.7,3.16,-5.21,-1,-0.01,0.08,-0.09
Day-159,google/gemma-3-4b-it,ISFJ,static,crash,456,0.85,stabilization,55.81,66.66168007522364,9963.887413701541,7000.0,53.10674455655868,HOLD,0.0,"The current market indicators suggest a stable, albeit slightly declining, trend. The RSI is relatively low, indicating potential undervaluation, and the P/E ratio is reasonable. Given my conservative approach and focus on long-term security, maintaining the current holdings is the most prudent course of action at this time.",57.23,60.21,41.5,-1.163,1982393,0.99,40.4,12.6,3.19,-4.95,-1,0.18,0.08,0.1
Day-160,google/gemma-3-4b-it,ISFJ,static,crash,456,0.85,stabilization,59.15,66.52671099536745,10141.263940520446,7000.0,53.10674455655868,HOLD,0.0,"The market shows a slight downward trend and a neutral RSI, indicating stability. Given my conservative approach and focus on long-term security, maintaining the current holdings is the most prudent course of action. The P/E ratio suggests reasonable valuation, and the volume ratio is within acceptable bounds.",57.46,60.12,50.6,-0.8806,1975990,1.09,40.2,13.3,3.0,-4.42,-1,-0.15,0.02,-0.17
Day-161,google/gemma-3-4b-it,ISFJ,static,crash,456,0.85,stabilization,55.85,65.97105911260826,9966.011683483803,7000.0,53.10674455655868,HOLD,0.0,"The market shows a slight downward trend, but the RSI is relatively healthy and the P/E ratio is attractive. Given my conservative approach and focus on long-term stability, maintaining the current holdings is the most prudent course of action, prioritizing capital preservation and avoiding unnecessary risk.",57.29,59.97,42.2,-0.9132,1501312,0.83,39.9,12.7,3.15,-4.48,-1,0.37,0.04,0.33
Day-162,google/gemma-3-4b-it,ISFJ,static,crash,456,0.85,stabilization,55.02,65.15419967804034,9921.93308550186,7000.0,53.10674455655868,HOLD,0.0,"The market shows a slight downward trend and RSI is relatively low, indicating potential stability. Given my conservative approach and focus on long-term security, maintaining the current holdings is the most prudent course of action. The low P/E ratio also suggests a reasonable valuation.",57.03,59.8,42.4,-0.9942,1962362,1.1,39.7,12.7,3.16,-4.62,-1,-0.3,0.02,-0.31
Day-163,google/gemma-3-4b-it,ISFJ,static,crash,456,0.85,stabilization,55.34,65.21166452107985,9938.927243759957,7000.0,53.10674455655868,HOLD,0.0,"The market shows a slight downward trend and RSI is relatively low, indicating potential stability. Given my conservative approach and focus on long-term security, maintaining the current holdings is the most prudent course of action. The low P/E ratio also suggests a reasonable valuation.",57.01,59.56,47.0,-1.0213,1827714,1.03,39.4,12.7,3.14,-4.27,-1,-0.07,0.01,-0.08
Day-164,google/gemma-3-4b-it,ISFJ,static,crash,456,0.85,stabilization,53.82,65.60633558428513,9858.204992033989,7000.0,53.10674455655868,HOLD,0.0,"The current market indicators suggest a stable, albeit slightly downward trend. With a low risk appetite and a focus on long-term security, maintaining the existing portfolio and holding cash is the most prudent course of action. The RSI is relatively healthy, and the P/E ratio indicates reasonable value.",56.87,59.39,42.1,-1.1517,1941952,1.1,39.2,12.3,3.25,-4.24,-1,-0.17,-0.06,-0.11
Day-165,google/gemma-3-4b-it,ISFJ,static,crash,456,0.85,stabilization,55.31,66.07142590592092,9937.33404142326,7000.0,53.10674455655868,HOLD,0.0,"The market shows a slight downward trend and RSI is relatively low, indicating potential stability. Given my conservative approach and focus on long-term security, maintaining the current holdings is the most prudent course of action. The low volume ratio also suggests a lack of significant market movement.",56.71,59.16,48.0,-1.1216,1542121,0.88,38.9,12.6,3.19,-4.14,-1,0.41,0.05,0.36
Day-166,google/gemma-3-4b-it,ISFJ,static,crash,456,0.85,stabilization,55.33,64.62633717598743,9938.396176314393,7000.0,53.10674455655868,HOLD,0.0,"The current market indicators suggest a stable, albeit slightly declining, trend. The RSI is relatively low, indicating potential undervaluation, but the overall picture remains conservative. Given my risk aversion and focus on long-term security, maintaining the current holdings is the most prudent course of action.",56.53,58.92,42.9,-1.0837,1748584,1.0,38.6,12.8,3.11,-4.05,-1,-0.41,-0.11,-0.3
Day-167,google/gemma-3-4b-it,ISFJ,static,crash,456,0.85,stabilization,56.97,64.45025858741965,10025.491237387148,7000.0,53.10674455655868,HOLD,0.0,"The current market indicators suggest a stable, albeit slightly downward trend. The RSI is relatively neutral, and the P/E ratio indicates reasonable value. Given my conservative approach and focus on long-term security, maintaining the current holdings is the most prudent course of action, prioritizing capital preservation.",56.42,58.73,48.8,-0.9108,1771711,1.0,38.4,13.3,3.02,-3.93,-1,0.01,-0.05,0.05
Day-168,google/gemma-3-4b-it,ISFJ,static,crash,456,0.85,stabilization,54.49,64.83861541816755,9893.786510886883,7000.0,53.10674455655868,HOLD,0.0,"The market shows a slight downward trend, but the RSI is relatively low and the P/E ratio is attractive. Given my conservative approach and focus on long-term stability, maintaining the current holdings and holding cash is the most prudent course of action. I’ll continue to monitor the situation closely.",56.23,58.47,39.7,-0.9631,1699114,0.96,38.1,12.6,3.17,-3.84,-1,0.29,0.03,0.27
Day-169,google/gemma-3-4b-it,ISFJ,static,crash,456,0.85,stabilization,54.67,65.87062036610979,9903.345724907063,7000.0,53.10674455655868,HOLD,0.0,"The market shows a slight downward trend, but the RSI is relatively low and the P/E ratio is reasonable. Given my conservative approach and focus on long-term stability, maintaining the current holdings is the most prudent course of action, prioritizing capital preservation and avoiding unnecessary risk.",56.14,58.2,44.8,-0.9787,1673685,0.96,37.9,12.4,3.21,-3.55,-1,-0.13,0.04,-0.16
Day-170,google/gemma-3-4b-it,ISFJ,static,crash,456,0.85,stabilization,55.17,66.46211180082139,9929.899097185342,7000.0,53.10674455655868,HOLD,0.0,"The market shows a slight downward trend, but the RSI is still relatively healthy and the P/E ratio is reasonable. Given my conservative approach and focus on long-term stability, maintaining the current holdings and holding cash is the most prudent course of action at this time.",56.04,57.95,51.5,-0.9402,1309270,0.75,37.6,12.5,3.21,-3.3,-1,0.15,-0.02,0.16
Day-171,google/gemma-3-4b-it,ISFJ,static,crash,456,0.85,stabilization,54.33,65.8584139045785,9885.289431757832,7000.0,53.10674455655868,HOLD,0.0,"The market shows a slight downward trend and RSI is neutral, indicating stability. Given my conservative approach and focus on long-term security, maintaining the current holdings is the most prudent course of action. The low P/E ratio and volume ratio also support a cautious stance.",55.95,57.74,47.0,-0.9659,1387207,0.8,37.4,12.4,3.23,-3.1,-1,-0.3,0.01,-0.3
Day-172,google/gemma-3-4b-it,ISFJ,static,crash,456,0.85,stabilization,56.26,65.64265185963585,9987.78544875199,7000.0,53.10674455655868,HOLD,0.0,"The current market indicators suggest a stable, albeit slightly downward trend. The RSI is neutral, the P/E ratio is reasonable, and the volume ratio indicates healthy trading activity. Given my conservative approach and focus on long-term security, maintaining the current holdings is the most prudent course of action at this time.",55.85,57.62,49.7,-0.821,1541493,0.9,37.1,12.9,3.11,-3.06,-1,0.59,0.12,0.46
Day-173,google/gemma-3-4b-it,ISFJ,static,crash,456,0.85,stabilization,53.56,66.24950829749321,9844.397238449283,7000.0,53.10674455655868,HOLD,0.0,"The current market indicators suggest a stable, albeit slightly declining, trend. The low RSI and reasonable P/E ratio indicate undervaluation, but the conservative approach favors maintaining the existing holdings. Preserving capital and avoiding unnecessary risk aligns with my long-term strategy of steady growth.",55.66,57.41,44.7,-0.9135,1641774,0.96,36.9,12.1,3.3,-3.05,-1,0.15,0.09,0.06
Day-174,google/gemma-3-4b-it,ISFJ,static,crash,456,0.85,stabilization,58.15,65.87001799677485,10088.157195963888,7000.0,53.10674455655868,HOLD,0.0,"The current market indicators suggest a stable, albeit slightly downward trend. The RSI is relatively neutral, and the P/E ratio indicates reasonable value. Given my conservative approach and focus on long-term security, maintaining the current holdings is the most prudent course of action at this time.",55.62,57.31,47.8,-0.6093,1822388,1.07,36.6,13.2,3.02,-2.94,-1,0.06,0.13,-0.07
Day-175,google/gemma-3-4b-it,ISFJ,static,crash,456,0.85,stabilization,52.26,64.78441613751201,9775.358470525756,7000.0,53.10674455655868,HOLD,0.0,"The current market indicators suggest a stable, albeit slightly downward trend. The RSI is relatively low, indicating potential undervaluation, and the P/E ratio is reasonable. Given my conservative approach and focus on long-term security, maintaining the current holdings is the most prudent course of action at this time.",55.4,57.12,42.8,-0.8341,1229654,0.73,36.4,12.1,3.31,-3.01,-1,0.33,0.17,0.17
Day-176,google/gemma-3-4b-it,ISFJ,static,crash,456,0.85,stabilization,55.22,64.5712300249867,9932.55443441317,7000.0,53.10674455655868,HOLD,0.0,"The market shows a slight downward trend, but the RSI is neutral and the P/E ratio is reasonable. Given my conservative approach and focus on long-term stability, maintaining the current holdings is the most prudent course of action, prioritizing capital preservation and avoiding unnecessary risk.",55.43,56.97,50.4,-0.765,1747556,1.03,36.1,12.8,3.12,-2.71,-1,0.1,0.25,-0.15
Day-177,google/gemma-3-4b-it,ISFJ,static,crash,456,0.85,stabilization,57.0,64.58853439961037,10027.084439723845,7000.0,53.10674455655868,HOLD,0.0,"The market shows a slight downward trend, but the RSI is still relatively healthy and the P/E ratio is attractive. Given my conservative approach and focus on long-term stability, maintaining the current holdings is the most prudent course of action, prioritizing capital preservation and avoiding unnecessary risk.",55.5,56.9,52.9,-0.5601,1395202,0.83,35.8,13.2,3.02,-2.45,-1,0.68,0.26,0.42
Day-178,google/gemma-3-4b-it,ISFJ,static,crash,456,0.85,stabilization,55.46,64.82160152510696,9945.300053106745,7000.0,53.10674455655868,HOLD,0.0,"The current market indicators suggest a stable, albeit slightly downward trend. Given my conservative approach and low risk tolerance, maintaining the existing portfolio is the most prudent course of action. The RSI is relatively healthy, and the P/E ratio indicates reasonable value, warranting a continued hold.",55.46,56.73,52.9,-0.5155,1406370,0.85,35.6,12.8,3.12,-2.25,-1,-0.2,0.19,-0.4
Day-179,google/gemma-3-4b-it,ISFJ,static,crash,456,0.85,stabilization,55.07,64.57026138874991,9924.588422729686,7000.0,53.10674455655868,HOLD,0.0,"The market shows a slight downward trend, but the RSI is neutral and the P/E ratio is reasonable. Given my conservative approach and the current volatility, maintaining the existing portfolio and holding cash is the most prudent course of action to preserve capital and avoid unnecessary risk.",55.42,56.67,49.6,-0.5057,1354859,0.83,35.3,12.8,3.13,-2.2,-1,-0.19,0.14,-0.33
Day-180,google/gemma-3-4b-it,ISFJ,static,crash,456,0.85,stabilization,56.12,64.98117715787883,9980.350504514074,7000.0,53.10674455655868,HOLD,0.0,"The market shows a slight downward trend, but the RSI is still relatively healthy and the P/E ratio is attractive. Given my conservative approach and focus on long-term stability, maintaining the current holdings and holding cash is the most prudent course of action at this time.",55.27,56.62,51.4,-0.4089,1691117,1.05,35.1,13.0,3.09,-2.38,-1,-0.36,0.01,-0.37
Day-181,google/gemma-3-4b-it,ISFJ,static,crash,456,0.85,stabilization,54.22,64.8386215858535,9879.447689856612,7000.0,53.10674455655868,HOLD,0.0,"The market shows a slight downward trend and negative news sentiment, but the RSI is still relatively low, indicating potential for recovery. Given my conservative approach and focus on long-term stability, maintaining the current holdings and holding cash is the most prudent course of action at this time.",55.19,56.54,45.2,-0.4795,1241619,0.78,34.8,12.5,3.19,-2.39,-1,-0.39,-0.09,-0.3
Day-182,google/gemma-3-4b-it,ISFJ,static,crash,456,0.85,stabilization,53.58,65.14824555021234,9845.459373340414,7000.0,53.10674455655868,HOLD,0.0,"The current market indicators suggest a stable, albeit slightly declining, trend. The RSI is moderate, and the P/E ratio is reasonable, indicating a value opportunity. Given my conservative approach and focus on long-term security, maintaining the current holdings is the most prudent course of action.",55.12,56.47,48.3,-0.5812,1298848,0.83,34.6,12.3,3.24,-2.4,-1,0.12,-0.21,0.33
Day-183,google/gemma-3-4b-it,ISFJ,static,crash,456,0.85,stabilization,55.45,65.18842703605559,9944.76898566118,7000.0,53.10674455655868,HOLD,0.0,"The market shows a slight downward trend, but the RSI is still relatively healthy and the P/E ratio is attractive. Given my conservative approach and focus on long-term stability, maintaining the current holdings and holding cash is the most prudent course of action at this time.",55.12,56.45,51.4,-0.505,1284226,0.84,34.3,12.8,3.14,-2.35,-1,0.23,-0.12,0.35
Day-184,google/gemma-3-4b-it,ISFJ,static,crash,456,0.85,stabilization,54.31,64.29882111648818,9884.227296866702,7000.0,53.10674455655868,HOLD,0.0,"The market shows a slight downward trend and RSI is relatively neutral, indicating stability. Given my conservative approach and focus on long-term security, maintaining the current holdings is the most prudent course of action. The low P/E ratio and stable volume ratio further support a 'HOLD' strategy.",55.15,56.31,48.5,-0.5301,1565611,1.03,34.1,12.7,3.16,-2.07,-1,-0.06,-0.09,0.04
Day-185,google/gemma-3-4b-it,ISFJ,static,crash,456,0.85,stabilization,51.76,63.390062758643076,9748.805098247478,7000.0,53.10674455655868,HOLD,0.0,"The current market indicators suggest a stable, albeit slightly downward trend. The RSI is relatively low, indicating potential undervaluation, and the P/E ratio is reasonable. Given my conservative approach and focus on long-term security, maintaining the current holdings is the most prudent course of action at this time.",54.97,56.17,45.8,-0.7469,1493089,0.99,33.8,12.2,3.27,-2.13,-1,0.23,0.02,0.2
Day-186,google/gemma-3-4b-it,ISFJ,static,crash,456,0.85,stabilization,54.33,62.46219347681398,9885.289431757832,7000.0,53.10674455655868,HOLD,0.0,"The market shows a slight downward trend, but the RSI is still relatively healthy and the P/E ratio is attractive. Given my conservative approach and focus on long-term stability, maintaining the current holdings is the most prudent course of action, prioritizing capital preservation and avoiding unnecessary risk.",54.92,56.14,46.9,-0.7033,1529782,1.02,33.6,13.0,3.07,-2.18,-1,-0.48,0.01,-0.48
Day-187,google/gemma-3-4b-it,ISFJ,static,crash,456,0.85,stabilization,54.23,62.663156413970626,9879.978757302177,7000.0,53.10674455655868,HOLD,0.0,"The market shows a slight downward trend and RSI is relatively high, indicating potential for continued volatility. Given my conservative approach and focus on long-term stability, maintaining the current holdings and cash position is the most prudent course of action. I'll continue to monitor the situation closely.",54.78,56.02,51.2,-0.669,1235533,0.84,33.3,13.0,3.08,-2.2,-1,-0.05,-0.03,-0.02
Day-188,google/gemma-3-4b-it,ISFJ,static,crash,456,0.85,stabilization,51.67,62.701591979506084,9744.025491237388,7000.0,53.10674455655868,HOLD,0.0,"The current price and RSI indicate a period of consolidation, and the market sentiment is neutral. Given my conservative approach and low risk tolerance, maintaining the existing holdings is the most prudent course of action, prioritizing capital preservation and stability within the portfolio.",54.64,55.89,38.0,-0.8395,1321337,0.91,33.1,12.4,3.24,-2.23,-1,0.39,0.01,0.38
Day-189,google/gemma-3-4b-it,ISFJ,static,crash,456,0.85,stabilization,49.43,62.2013249491611,9625.066383430696,7000.0,53.10674455655868,HOLD,0.0,"The current market indicators suggest a cautious approach. While the P/E ratio is attractive, the slight negative trend and RSI indicate potential headwinds. Maintaining a strong cash position and holding established, reliable holdings aligns with my risk-averse strategy and prioritizes long-term stability.",54.38,55.76,43.9,-1.1419,1531205,1.05,32.8,11.9,3.36,-2.48,-1,-0.06,0.01,-0.06
Day-190,google/gemma-3-4b-it,ISFJ,static,crash,456,0.85,stabilization,52.77,62.51198187825727,9802.442910249601,7000.0,53.10674455655868,HOLD,0.0,"The current market indicators suggest a stable, albeit slightly downward trend. The RSI is relatively low, indicating potential undervaluation, and the P/E ratio is reasonable. Given my conservative approach and the need for long-term security, maintaining the current holdings is the most prudent course of action.",54.26,55.73,44.8,-1.0995,1388221,0.95,32.5,12.7,3.16,-2.63,-1,0.78,0.12,0.66
Day-191,google/gemma-3-4b-it,ISFJ,static,crash,456,0.85,stabilization,53.93,62.00323124818932,9864.046733935209,7000.0,53.10674455655868,HOLD,0.0,"The current market indicators suggest a stable, albeit slightly downward trend. The RSI is relatively low, indicating potential undervaluation, and the P/E ratio is reasonable. Given my conservative approach and focus on long-term security, maintaining the current holdings is the most prudent course of action at this time.",54.24,55.62,43.3,-0.9608,1315668,0.91,32.3,13.0,3.07,-2.48,-1,0.31,0.27,0.04
Day-192,google/gemma-3-4b-it,ISFJ,static,crash,456,0.85,stabilization,52.06,61.11598146740488,9764.737121614446,7000.0,53.10674455655868,HOLD,0.0,"The current market indicators suggest a stable, albeit slightly declining, trend. The RSI is relatively low, indicating potential for a rebound, but the overall sentiment is negative. Given my conservative approach and focus on long-term security, maintaining the current holdings is the most prudent course of action.",54.03,55.46,42.7,-0.9901,1201418,0.84,32.0,12.8,3.13,-2.58,-1,-0.36,0.21,-0.57
Day-193,google/gemma-3-4b-it,ISFJ,static,crash,456,0.85,stabilization,51.96,61.19079526675401,9759.426447158789,7000.0,53.10674455655868,HOLD,0.0,"The current market indicators suggest a stable, albeit slightly declining, trend. The RSI is relatively low, indicating potential undervaluation, but the overall picture remains conservative. Given my risk aversion and focus on long-term security, maintaining the current holdings is the most prudent course of action.",53.95,55.38,43.3,-1.0104,1285985,0.91,31.8,12.7,3.14,-2.59,-1,-0.09,0.12,-0.21
Day-194,google/gemma-3-4b-it,ISFJ,static,crash,456,0.85,stabilization,51.75,61.75695340970832,9748.274030801911,7000.0,53.10674455655868,HOLD,0.0,"The current price and RSI indicate a period of consolidation, and the market sentiment is slightly negative. Given my conservative approach and focus on long-term stability, maintaining the current holdings is the most prudent course of action, prioritizing capital preservation and avoiding unnecessary risk.",53.63,55.28,40.2,-1.0311,1261740,0.91,31.5,12.6,3.18,-2.99,-1,-0.24,0.08,-0.32
Day-195,google/gemma-3-4b-it,ISFJ,static,crash,456,0.85,stabilization,53.04,62.118851213633754,9816.781731279872,7000.0,53.10674455655868,HOLD,0.0,"The market shows a slight downward trend, but the RSI is still relatively healthy and the P/E ratio is attractive. Given my conservative approach and focus on long-term stability, maintaining the current holdings and holding cash is the most prudent course of action at this time.",53.67,55.18,47.3,-0.9328,1290497,0.93,31.3,12.8,3.12,-2.73,-1,-0.42,-0.16,-0.26
Day-196,google/gemma-3-4b-it,ISFJ,static,crash,456,0.85,stabilization,54.11,61.717139033760596,9873.60594795539,7000.0,53.10674455655868,HOLD,0.0,"The market shows a slight downward trend, but the RSI is still relatively healthy and the P/E ratio is attractive. Given my conservative approach and the current volatility, maintaining the existing holdings and holding cash is the most prudent course of action to preserve capital and avoid unnecessary risk.",53.61,55.08,51.2,-0.7601,1321014,0.96,31.0,13.2,3.04,-2.66,-1,0.06,-0.21,0.27
Day-197,google/gemma-3-4b-it,ISFJ,static,crash,456,0.85,stabilization,50.76,60.867810202561984,9695.698353690917,7000.0,53.10674455655868,HOLD,0.0,"The market shows a slight downward trend and RSI is relatively low, indicating potential stability. Given my conservative approach and focus on long-term security, maintaining the current holdings and cash position is the most prudent course of action. The low volume ratio also suggests a lack of strong momentum.",53.3,54.91,40.0,-0.8834,1148721,0.85,30.8,12.5,3.2,-2.93,-1,0.24,-0.09,0.33
Day-198,google/gemma-3-4b-it,ISFJ,static,crash,456,0.85,stabilization,49.54,60.85686853782802,9630.908125331916,7000.0,53.10674455655868,HOLD,0.0,"The current market indicators suggest a cautious approach. While the P/E ratio is attractive, the slight downward trend in the moving averages and negative news sentiment warrant holding current positions. Maintaining a strong cash reserve is paramount given the low risk appetite and potential for further market fluctuations.",53.0,54.74,39.9,-1.0672,1397550,1.03,30.5,12.2,3.28,-3.16,-1,-0.1,-0.09,-0.01
Day-199,google/gemma-3-4b-it,ISFJ,static,crash,456,0.85,stabilization,53.12,61.61409792478504,9821.030270844396,7000.0,53.10674455655868,HOLD,0.0,"The current market indicators suggest a stable, albeit slightly declining, trend. The low RSI and reasonable P/E ratio indicate undervaluation, but the slight SMA divergence warrants caution. Maintaining a strong cash position and avoiding speculative moves aligns with my conservative approach and prioritizes long-term security.",52.91,54.67,52.8,-0.9129,1251223,0.92,30.3,12.9,3.09,-3.22,-1,0.08,-0.03,0.11
Day-200,google/gemma-3-4b-it,ISFJ,static,crash,456,0.85,stabilization,51.27,62.128826036407034,9722.782793414764,7000.0,53.10674455655868,HOLD,0.0,"The current market indicators suggest a stable, albeit slightly declining, trend. The RSI is relatively low, indicating potential undervaluation, but the overall risk profile remains conservative. Maintaining the current holdings and cash position aligns with a cautious approach and prioritizes long-term security.",52.66,54.55,43.6,-0.9292,1184947,0.89,30.0,12.4,3.23,-3.46,-1,0.33,0.12,0.21
