Date,Model,MBTI,Agent_Type,Scenario,Seed,Crash_Discount,Phase,Price,Fundamental_Value,Portfolio_Value,Cash,Holdings_Qty,Action,Quantity_Percent,Rationale,SMA20,SMA60,RSI14,MACD,Volume,Volume_Ratio,Implied_Volatility,Reported_PE,Dividend_Yield,Trend_Strength,Trend_Regime,Sentiment,Sentiment_MA5,Sentiment_Change
Day-1,google/gemma-2-9b-it,ENTJ,static,flat,123,0.92,flat,99.7,100.0,10000.0,10000.0,0.0,HOLD,0.0,Price is at a neutral point with no clear trend signal. Further analysis is needed before entering a position.,99.7,99.7,50.0,0.0,1350690,1.0,15.0,15.0,2.67,0.0,0,0.28,0.28,0.0
Day-2,google/gemma-2-9b-it,ENTJ,static,flat,123,0.92,flat,97.46,97.8815010353334,10000.0,5000.0,51.303098707161915,BUY,0.5,"The price is below both the 20 and 60 day SMA, indicating a potential buying opportunity. The RSI is neutral and the P/E ratio is reasonable, suggesting further upside potential.",98.58,98.58,50.0,-0.1789,1481121,1.05,10.5,14.9,2.68,0.0,0,0.22,0.25,-0.03
Day-3,google/gemma-2-9b-it,ENTJ,static,flat,123,0.92,flat,99.74,99.88349760336308,10116.97106505233,5000.0,51.303098707161915,HOLD,0.0,Market is currently flat with no clear trend.  RSI is neutral and P/E ratio is within reasonable range.,98.96,98.96,50.0,-0.135,1294452,0.94,7.9,15.0,2.67,0.0,0,-0.04,0.16,-0.2
Day-4,google/gemma-2-9b-it,ENTJ,static,flat,123,0.92,flat,101.0,100.48053757897392,10181.612969423353,4000.0,61.20408880617182,BUY,0.2,"The price is slightly above the 20 and 60 day SMA, and the RSI is neutral.  A small buy position is warranted to capitalize on potential upward momentum.",99.47,99.47,50.0,0.0014,1435268,1.03,14.6,15.1,2.65,0.0,0,-0.16,0.08,-0.23
Day-5,google/gemma-2-9b-it,ENTJ,static,flat,123,0.92,flat,97.28,97.52786758374806,9953.933759064395,3000.0,71.48369406932972,BUY,0.25,"The price is below both the 20 and 60 day SMA, indicating a potential buying opportunity. The RSI is neutral, and the P/E ratio is reasonable.",99.03,99.03,50.0,-0.1885,1496213,1.06,14.3,15.0,2.67,0.0,0,-0.19,0.03,-0.21
Day-6,google/gemma-2-9b-it,ENTJ,static,flat,123,0.92,flat,96.63,96.43470560708546,9907.46935791933,3000.0,71.48369406932972,HOLD,0.0,"The price is currently near the 20 and 60 day SMA, with neutral RSI and news sentiment.  Further analysis is needed before entering a position.",98.63,98.63,50.0,-0.3867,1338130,0.96,10.8,15.0,2.66,0.0,0,-0.23,-0.08,-0.16
Day-7,google/gemma-2-9b-it,ENTJ,static,flat,123,0.92,flat,99.45,99.70291200746529,10109.05337519484,2250.0,79.02517219904314,BUY,0.25,"The stock is trading near its 20 and 60 day moving averages, suggesting a potential entry point. The RSI is neutral, and the P/E ratio is reasonable.",98.75,98.75,50.0,-0.3129,1342389,0.96,13.5,15.0,2.67,0.0,0,-0.18,-0.16,-0.02
Day-8,google/gemma-2-9b-it,ENTJ,static,flat,123,0.92,flat,95.18,95.00801907663842,9771.615889904926,2250.0,79.02517219904314,HOLD,0.0,The stock is currently at a neutral point with no clear buy or sell signal.  Further observation is needed to identify a strong trend.,98.3,98.3,50.0,-0.5918,1090514,0.81,15.1,15.0,2.66,0.0,0,-0.04,-0.16,0.12
Day-9,google/gemma-2-9b-it,ENTJ,static,flat,123,0.92,flat,94.45,94.22476515774873,9713.927514199626,2250.0,79.02517219904314,HOLD,0.0,The market is currently flat with no clear trend.  The RSI is neutral and the P/E ratio is within a reasonable range.,97.88,97.88,50.0,-0.8619,1231535,0.92,12.8,15.0,2.66,0.0,0,-0.37,-0.2,-0.16
Day-10,google/gemma-2-9b-it,ENTJ,static,flat,123,0.92,flat,97.04,96.66987002646168,9918.602710195148,2250.0,79.02517219904314,HOLD,0.0,The stock is currently at a neutral point with no clear buy or sell signal.  Further observation is needed to identify a strong trend.,97.79,97.79,50.0,-0.8571,1368915,1.02,11.3,15.1,2.66,0.0,0,0.13,-0.14,0.27
Day-11,google/gemma-2-9b-it,ENTJ,static,flat,123,0.92,flat,95.46,95.03706409898669,9793.742938120657,2250.0,79.02517219904314,HOLD,0.0,The stock is currently at a neutral point with no clear buy or sell signal.  Further observation is needed to identify a strong trend.,97.58,97.58,50.0,-0.9695,1171289,0.88,8.9,15.1,2.65,0.0,0,-0.03,-0.1,0.06
Day-12,google/gemma-2-9b-it,ENTJ,static,flat,123,0.92,flat,94.42,93.7835287479185,9711.556759033654,2250.0,79.02517219904314,HOLD,0.0,The stock is currently at a neutral point with no clear trend signal.  Further analysis is needed to identify a potential entry point.,97.32,97.32,50.0,-1.1295,1058416,0.81,14.6,15.1,2.65,0.0,0,-0.25,-0.11,-0.14
Day-13,google/gemma-2-9b-it,ENTJ,static,flat,123,0.92,flat,93.38,93.63414008812185,9629.370579946648,2250.0,79.02517219904314,HOLD,0.0,"The price is near the 20 and 60 day SMA, RSI is neutral, and the P/E ratio is reasonable.  Further analysis is needed before taking a position.",97.01,97.01,50.0,-1.3252,1010461,0.79,14.4,15.0,2.67,0.0,0,-0.19,-0.14,-0.05
Day-14,google/gemma-2-9b-it,ENTJ,static,flat,123,0.92,flat,96.44,96.49805512860591,9871.18760687572,1687.5,84.8578142562808,BUY,0.25,"The price is slightly below the SMA20/60, indicating potential for a short-term dip.  The RSI is in neutral territory, suggesting room for upward movement.",96.97,96.97,44.0,-1.2192,1334364,1.04,11.8,15.0,2.67,0.0,0,0.25,-0.02,0.27
Day-15,google/gemma-2-9b-it,ENTJ,static,flat,123,0.92,flat,94.73,95.30142983858521,9726.080744497482,1350.0,88.420571566531,BUY,0.2,"The price is below both the 20 and 60 day SMA, indicating a potential buying opportunity. The RSI suggests the stock is oversold, and the low implied volatility presents a favorable risk/reward profile.",96.82,96.82,41.4,-1.2588,1016637,0.8,14.6,14.9,2.68,0.0,0,0.27,0.01,0.26
Day-16,google/gemma-2-9b-it,ENTJ,static,flat,123,0.92,flat,94.35,94.48727552529462,9692.480927302198,1012.5,91.99767808481398,BUY,0.25,"The price is below both the 20 and 60 day SMA, indicating a potential buying opportunity. The RSI suggests the stock is oversold, and the positive news sentiment is encouraging.",96.67,96.67,44.3,-1.3057,1244125,0.98,17.6,15.0,2.67,0.0,0,0.72,0.16,0.56
Day-17,google/gemma-2-9b-it,ENTJ,static,flat,123,0.92,flat,93.71,93.6981222849419,9633.602413327917,759.375,94.69883057654378,BUY,0.25,"The price is below both the 20 and 60 day SMA, indicating a potential buying opportunity. The RSI suggests oversold conditions, and the low implied volatility may present a favorable risk/reward profile.",96.49,96.49,38.2,-1.3784,1441354,1.13,17.0,15.0,2.67,0.0,0,0.17,0.24,-0.07
Day-18,google/gemma-2-9b-it,ENTJ,static,flat,123,0.92,flat,97.78,97.95387954908705,10019.02665377445,607.5,96.25206232127685,BUY,0.2,"The price is slightly below the 20 and 60 day SMA, indicating potential for a short-term uptrend.  RSI is in neutral territory, suggesting room for further price movement.",96.57,96.57,44.3,-1.0949,1411997,1.1,12.6,15.0,2.67,0.0,0,-0.2,0.24,-0.44
Day-19,google/gemma-2-9b-it,ENTJ,static,flat,123,0.92,flat,102.17,102.36373227102484,10441.573207364856,607.5,96.25206232127685,HOLD,0.0,The stock is currently trading near its 20 and 60 day moving averages with neutral RSI. Further analysis is needed to determine a clear entry point.,96.86,96.86,58.5,-0.51,1359690,1.06,11.3,15.0,2.67,0.0,0,-0.22,0.15,-0.36
Day-20,google/gemma-2-9b-it,ENTJ,static,flat,123,0.92,flat,104.77,104.47142100405327,10691.828569400175,607.5,96.25206232127685,HOLD,0.0,The stock is currently at a neutral point with no clear buy or sell signal.  Further observation is needed to identify a strong trend.,97.26,97.26,63.2,0.1613,1429875,1.1,8.8,15.0,2.66,0.0,0,0.12,0.12,-0.0
Day-21,google/gemma-2-9b-it,ENTJ,static,flat,123,0.92,flat,105.66,105.31304322681618,10777.492904866112,455.625,97.68945584768231,BUY,0.25,"The price is slightly below the 20 and 60 day SMA, RSI is in a healthy range, and the P/E ratio is reasonable.  Implied volatility suggests potential for price movement.",97.56,97.66,60.7,0.7563,1374217,1.06,11.5,15.0,2.66,-0.1,0,0.24,0.02,0.22
Day-22,google/gemma-2-9b-it,ENTJ,static,flat,123,0.92,flat,107.05,106.90971040929,10913.281248494392,455.625,97.68945584768231,HOLD,0.0,The stock is currently overbought (RSI 72.7) and the trend is flat.  Waiting for a pullback or a stronger signal before considering a trade.,98.03,98.08,72.7,1.3243,1009083,0.79,10.2,15.0,2.66,-0.05,0,0.42,0.07,0.35
Day-23,google/gemma-2-9b-it,ENTJ,static,flat,123,0.92,flat,109.73,110.17822598479066,11175.088990166181,455.625,97.68945584768231,HOLD,0.0,The stock is currently overbought (RSI 77.2) and the price is near its 20/60 day SMA.  Waiting for a pullback before considering a buy.,98.53,98.59,77.2,1.9682,1235610,0.97,10.6,14.9,2.68,-0.06,0,-0.26,0.06,-0.32
Day-24,google/gemma-2-9b-it,ENTJ,static,flat,123,0.92,flat,108.27,108.16767976117522,11032.462384628563,455.625,97.68945584768231,HOLD,0.0,"The stock is currently overbought (RSI 70.9) and the price is near its 20/60 SMA, suggesting a potential pullback.  Waiting for a more favorable entry point.",98.9,98.99,70.9,2.3341,1007339,0.81,15.5,15.0,2.66,-0.1,0,0.03,0.11,-0.08
Day-25,google/gemma-2-9b-it,ENTJ,static,flat,123,0.92,flat,110.62,110.7747870123578,11262.032605870618,455.625,97.68945584768231,HOLD,0.0,"RSI is high, indicating potential overbought conditions.  Waiting for a pullback to a more favorable entry point.",99.57,99.46,77.4,2.7812,1277534,1.03,12.3,15.0,2.67,0.11,0,-0.35,0.02,-0.37
Day-26,google/gemma-2-9b-it,ENTJ,static,flat,123,0.92,flat,108.46,108.06377704481187,11051.023381239624,455.625,97.68945584768231,HOLD,0.0,"RSI is high, indicating potential overbought conditions.  Waiting for a pullback to a more favorable entry point.",100.16,99.81,74.4,2.9281,1118085,0.91,9.1,15.1,2.66,0.35,0,0.11,-0.01,0.12
Day-27,google/gemma-2-9b-it,ENTJ,static,flat,123,0.92,flat,106.28,106.72618661043714,10838.060367491677,455.625,97.68945584768231,HOLD,0.0,RSI is high indicating potential overbought conditions.  Waiting for a pullback to a more favorable entry point.,100.5,100.04,71.5,2.8352,1220553,1.0,7.5,14.9,2.68,0.45,0,-0.3,-0.15,-0.15
Day-28,google/gemma-2-9b-it,ENTJ,static,flat,123,0.92,flat,108.52,108.71270350725273,11056.884748590484,455.625,97.68945584768231,HOLD,0.0,The stock is currently overbought (RSI 70.7) and the price is near the 20-day SMA.  Waiting for a pullback before considering a potential buy.,101.17,100.35,70.7,2.9095,1102009,0.9,10.1,15.0,2.67,0.81,0,0.44,-0.01,0.45
Day-29,google/gemma-2-9b-it,ENTJ,static,flat,123,0.92,flat,105.44,105.68204816927607,10756.001224579622,455.625,97.68945584768231,HOLD,0.0,"The stock is currently trading above its 20 and 60 day SMAs, but RSI is showing signs of overbought conditions.  Further analysis is needed to confirm a potential trend reversal.",101.71,100.52,67.6,2.6886,1409630,1.15,12.4,15.0,2.67,1.19,0,-0.23,-0.07,-0.17
Day-30,google/gemma-2-9b-it,ENTJ,static,flat,123,0.92,flat,105.21,105.41802814317643,10733.532649734656,455.625,97.68945584768231,HOLD,0.0,"The stock is currently trading above both the 20 and 60 day SMAs, but RSI is nearing overbought territory.  Further analysis is needed before entering a position.",102.12,100.68,67.9,2.4662,1092160,0.9,13.6,15.0,2.67,1.43,0,0.18,0.04,0.14
Day-31,google/gemma-2-9b-it,ENTJ,static,flat,123,0.92,flat,104.13,103.64779535513384,10628.028037419159,455.625,97.68945584768231,HOLD,0.0,"The stock is currently trading above both the 20 and 60 day SMAs, but RSI is nearing overbought territory.  Further analysis is needed before entering a position.",102.56,100.79,66.9,2.1777,1163183,0.96,15.0,15.1,2.65,1.75,0,0.05,0.03,0.02
Day-32,google/gemma-2-9b-it,ENTJ,static,flat,123,0.92,flat,101.97,103.15020028008615,10417.018812788165,455.625,97.68945584768231,HOLD,0.0,"The price is slightly below the 20-day SMA, indicating a potential short-term dip. However, the overall trend remains positive, and the RSI is not oversold.",102.93,100.83,57.2,1.7549,1007587,0.83,15.0,14.8,2.7,2.09,1,0.01,0.09,-0.07
Day-33,google/gemma-2-9b-it,ENTJ,static,flat,123,0.92,flat,97.48,97.5645684220234,9978.393156032073,341.71875,98.85796477258998,BUY,0.25,"The price is below both the 20 and 60 day SMAs, indicating a potential buying opportunity. The RSI suggests the stock is oversold, and the negative news sentiment may be overblown.",103.14,100.73,41.9,1.0451,1154791,0.95,12.7,15.0,2.67,2.4,1,-0.54,-0.11,-0.43
Day-34,google/gemma-2-9b-it,ENTJ,static,flat,123,0.92,flat,94.59,94.19656697868261,9692.693637839286,256.2890625,99.76112247953574,BUY,0.25,"The price is below both the 20 and 60 day SMAs, indicating a potential buying opportunity. The RSI suggests oversold conditions, and the low implied volatility may present a favorable risk/reward profile.",103.05,100.55,32.6,0.2465,1013117,0.84,13.8,15.1,2.66,2.49,1,-0.03,-0.07,0.04
Day-35,google/gemma-2-9b-it,ENTJ,static,flat,123,0.92,flat,93.29,92.91510179193352,9563.00417861589,192.216796875,100.44792991468421,BUY,0.25,"The price is significantly below both the 20 and 60 day SMAs, indicating a potential buying opportunity. The RSI suggests oversold conditions, and the low implied volatility may present a favorable risk/reward profile.",102.97,100.34,29.2,-0.4852,1224993,1.01,11.5,15.1,2.66,2.63,1,-0.29,-0.16,-0.13
Day-36,google/gemma-2-9b-it,ENTJ,static,flat,123,0.92,flat,94.44,94.6830919444835,9678.519298017776,144.16259765625,100.95676302797042,BUY,0.25,"The price is significantly below both the 20 and 60 day SMA, indicating a potential buying opportunity. The RSI suggests oversold conditions, further supporting a potential rebound.",102.98,100.17,28.6,-0.9614,1013479,0.84,13.3,15.0,2.67,2.8,1,-0.18,-0.2,0.03
Day-37,google/gemma-2-9b-it,ENTJ,static,flat,123,0.92,flat,94.08,94.3831656474176,9642.174863327707,115.330078125,101.26323113523286,BUY,0.2,"The price is significantly below both the 20 and 60 day SMA, indicating a potential buying opportunity. The low RSI suggests oversold conditions, further supporting a potential rebound.",103.0,100.01,21.2,-1.3519,1194083,1.0,13.2,15.0,2.68,2.99,1,0.15,-0.18,0.32
Day-38,google/gemma-2-9b-it,ENTJ,static,flat,123,0.92,flat,94.52,94.41685874062537,9686.730685027209,92.2640625,101.50726430942879,BUY,0.2,"The price is significantly below both the 20 and 60 day SMAs, indicating a potential buying opportunity. The RSI suggests oversold conditions, and the low implied volatility could indicate a potential for a price rebound.",102.83,99.87,23.7,-1.6073,1303270,1.1,9.3,15.0,2.66,2.97,1,0.82,0.09,0.72
Day-39,google/gemma-2-9b-it,ENTJ,static,flat,123,0.92,flat,95.82,95.75416250783987,9818.690128629467,78.424453125,101.65169771972936,BUY,0.15,"The price is significantly below both the 20 and 60 day moving averages, indicating a potential buying opportunity.  The low RSI suggests oversold conditions, further supporting a potential rebound.",102.52,99.76,20.5,-1.6858,1455009,1.22,13.0,15.0,2.66,2.76,1,0.57,0.21,0.36
Day-40,google/gemma-2-9b-it,ENTJ,static,flat,123,0.92,flat,94.14,94.11273506942901,9647.915276460322,58.818339843749996,101.85996321028863,BUY,0.25,"The price is significantly below both the 20 and 60 day SMAs, indicating a potential buying opportunity. The low RSI suggests oversold conditions, further supporting a potential rebound.",101.98,99.62,20.9,-1.8618,1276830,1.08,13.1,15.0,2.67,2.37,1,0.15,0.3,-0.15
Day-41,google/gemma-2-9b-it,ENTJ,static,flat,123,0.92,flat,93.38,94.67650966272807,9570.5017044205,44.1137548828125,102.0174335996754,BUY,0.25,"The price is significantly below both the 20 and 60 day SMA, indicating a potential buying opportunity. The low RSI suggests oversold conditions, further supporting a potential rebound.",101.37,99.47,22.2,-2.0393,1257545,1.07,10.2,14.8,2.7,1.91,0,0.12,0.36,-0.24
Day-42,google/gemma-2-9b-it,ENTJ,static,flat,123,0.92,flat,92.85,93.19169320682691,9516.432464612672,33.08531616210938,102.13621053797053,BUY,0.25,"RSI is oversold and the price is below both the 20 and 60 day moving averages, suggesting a potential buying opportunity.  The P/E ratio is reasonable and the implied volatility is moderate.",100.66,99.31,13.4,-2.1977,1023605,0.87,9.2,14.9,2.68,1.36,0,-0.11,0.31,-0.42
Day-43,google/gemma-2-9b-it,ENTJ,static,flat,123,0.92,flat,89.84,90.0536135568348,9209.002470893382,26.4682529296875,102.20986440297968,BUY,0.2,"The RSI is oversold and the price is below the SMA20, indicating potential for a rebound.  The P/E ratio is reasonable and the news sentiment is slightly negative, suggesting potential for a positive surprise.",99.67,99.09,13.5,-2.5368,1187127,1.01,7.5,15.0,2.67,0.58,0,-0.3,0.09,-0.39
Day-44,google/gemma-2-9b-it,ENTJ,static,flat,123,0.92,flat,89.54,89.37912942287694,9178.339511572489,22.498014990234378,102.25420478648931,BUY,0.15,"The RSI is oversold and the price is below both the 20 and 60 day SMAs, indicating a potential buying opportunity.  The P/E ratio is reasonable and the news sentiment is slightly positive.",98.73,98.87,13.5,-2.7974,1196798,1.01,7.5,15.0,2.66,-0.15,0,0.13,-0.0,0.13
Day-45,google/gemma-2-9b-it,ENTJ,static,flat,123,0.92,flat,90.06,90.43789034140256,9231.511698061462,16.873511242675782,102.31665763733939,BUY,0.25,The stock is significantly undervalued based on the P/E ratio and RSI indicates oversold conditions.  A potential rebound is expected as the price is below both the 20 and 60 day SMAs.,97.7,98.68,16.3,-2.9277,1161833,0.99,7.8,14.9,2.68,-0.99,0,-0.13,-0.06,-0.08
Day-46,google/gemma-2-9b-it,ENTJ,static,flat,123,0.92,flat,90.76,91.07971404133438,9303.1333584076,14.342484556274416,102.34454466561618,BUY,0.15,The stock is oversold with a low RSI and trading below both the 20 and 60 day SMA.  The P/E ratio suggests potential undervaluation.,96.82,98.51,21.1,-2.9412,1444611,1.21,9.2,14.9,2.68,-1.71,0,0.53,0.02,0.5
Day-47,google/gemma-2-9b-it,ENTJ,static,flat,123,0.92,flat,91.04,91.08548777746176,9331.789830913973,11.473987645019532,102.37605275998409,BUY,0.2,"The price is significantly below both the 20 and 60 day SMAs, indicating a potential buying opportunity. The low RSI suggests oversold conditions, and the positive news sentiment adds further support.",96.06,98.35,28.8,-2.8955,1197877,1.0,8.2,15.0,2.67,-2.33,-1,0.64,0.17,0.47
Day-48,google/gemma-2-9b-it,ENTJ,static,flat,123,0.92,flat,95.25,95.5782990569182,9762.793013033504,11.473987645019532,102.37605275998409,HOLD,0.0,The price is slightly below the 20-day SMA and RSI is neutral.  Further analysis is needed to confirm a clear trend direction.,95.39,98.28,52.0,-2.4912,1105464,0.93,7.7,14.9,2.68,-2.94,-1,0.64,0.36,0.28
Day-49,google/gemma-2-9b-it,ENTJ,static,flat,123,0.92,flat,96.57,96.39979163805222,9897.929402676682,8.605490733764649,102.40575656977238,BUY,0.25,"The price is below the 20-day SMA, indicating a potential buying opportunity. The positive RSI and volume ratio suggest upward momentum.",94.95,98.25,59.9,-2.0409,1392508,1.17,7.8,15.0,2.66,-3.36,-1,-0.19,0.3,-0.49
Day-50,google/gemma-2-9b-it,ENTJ,static,flat,123,0.92,flat,98.24,98.33487645407817,10068.947016148202,6.454118050323487,102.42765572168037,BUY,0.25,"The price is slightly below the 60-day SMA, indicating a potential entry point. The positive RSI and volume ratio suggest upward momentum.",94.6,98.25,61.1,-1.5316,1406262,1.16,7.5,15.0,2.67,-3.71,-1,-0.15,0.29,-0.45
Day-51,google/gemma-2-9b-it,ENTJ,static,flat,123,0.92,flat,103.34,102.86748711502243,10591.328060328771,2123.4289065060134,81.94212457734429,SELL,0.2,The RSI is overbought and the trend is weakening.  Profit taking is advised.,94.56,98.32,71.2,-0.7084,1172704,0.97,7.7,15.1,2.65,-3.82,-1,-0.36,0.12,-0.48
Day-52,google/gemma-2-9b-it,ENTJ,static,flat,123,0.92,flat,100.11,100.26933552021316,10326.654997943951,1592.5716798795102,87.24486383043093,BUY,0.25,"The price is below both the 20 and 60 day SMAs, indicating a potential downtrend.  RSI is above 60, suggesting potential for a pullback, making this a good entry point.",94.47,98.37,61.4,-0.3126,1410685,1.15,7.5,15.0,2.67,-3.97,-1,0.19,0.03,0.17
Day-53,google/gemma-2-9b-it,ENTJ,static,flat,123,0.92,flat,97.92,98.23712082483357,10135.588746155308,1194.4287599096326,91.31086587260697,BUY,0.25,"The price is below the 20-day SMA, indicating a potential short-term dip. The positive RSI and volume ratio suggest buying pressure, hinting at a possible trend reversal.",94.49,98.34,54.1,-0.1739,1352832,1.09,16.6,15.0,2.68,-3.91,-1,-0.26,-0.15,-0.1
Day-54,google/gemma-2-9b-it,ENTJ,static,flat,123,0.92,flat,102.07,101.75402699714007,10514.528839526625,895.8215699322245,94.23637963744882,BUY,0.25,"The price is below both the 20 and 60 day SMA, indicating a potential downtrend. The RSI is above 60, suggesting potential for a short-term bounce.",94.86,98.36,64.2,0.2682,1055003,0.85,11.9,15.0,2.66,-3.55,-1,-0.18,-0.15,-0.03
Day-55,google/gemma-2-9b-it,ENTJ,static,flat,123,0.92,flat,99.95,100.17284522686715,10314.747714695235,716.6572559457796,96.02891904701805,BUY,0.2,"The price is below the 20-day SMA, indicating a potential buying opportunity. The RSI is above 60, suggesting upward momentum.",95.2,98.41,61.2,0.442,1184069,0.96,10.3,15.0,2.67,-3.27,-1,-0.27,-0.17,-0.09
Day-56,google/gemma-2-9b-it,ENTJ,static,flat,123,0.92,flat,101.0,100.2624061658955,10415.578079694604,537.4929419593348,97.80282314589374,BUY,0.25,"The price is below the 20-day SMA, indicating a potential buying opportunity. The RSI suggests moderate bullish momentum, and the positive volume ratio supports the trend.",95.52,98.5,63.7,0.6573,1426039,1.13,14.7,15.1,2.65,-3.02,-1,-0.17,-0.14,-0.03
Day-57,google/gemma-2-9b-it,ENTJ,static,flat,123,0.92,flat,102.63,102.46047661282402,10574.99668142241,2544.99368985195,78.242258516715,SELL,0.2,The RSI is overbought and the price is diverging from the moving averages.  Profit taking is advised.,95.95,98.56,72.5,0.9483,1186472,0.94,10.5,15.0,2.66,-2.65,-1,0.5,-0.07,0.57
Day-58,google/gemma-2-9b-it,ENTJ,static,flat,123,0.92,flat,104.21,104.33337049171539,10698.61944987882,4175.718841857324,62.593806813372,SELL,0.2,"The RSI is overbought and the price is below the SMA60, suggesting a potential trend reversal.  Profit taking is recommended.",96.44,98.74,74.6,1.2913,1432539,1.13,12.4,15.0,2.67,-2.34,-1,-0.74,-0.17,-0.57
Day-59,google/gemma-2-9b-it,ENTJ,static,flat,123,0.92,flat,108.04,108.09267723158075,10938.353729974035,4175.718841857324,62.593806813372,HOLD,0.0,"The RSI is high, indicating potential overbought conditions.  Waiting for a pullback to a more favorable entry point.",97.05,99.02,77.2,1.8509,1222728,0.97,10.3,15.0,2.67,-1.99,0,0.16,-0.1,0.26
Day-60,google/gemma-2-9b-it,ENTJ,static,flat,123,0.92,flat,112.16,111.40830372120523,11196.240214045127,5930.849184904275,46.945355110029,SELL,0.25,"The RSI is at an overbought level, indicating potential for a correction.  The price is also above both the 20 and 60 day SMAs, suggesting a possible trend reversal.",97.95,99.32,79.3,2.5971,1282310,1.02,7.9,15.1,2.65,-1.38,0,-0.24,-0.1,-0.14
Day-61,google/gemma-2-9b-it,ENTJ,static,flat,123,0.92,flat,114.07,113.85090229753054,11285.905842305283,7001.860516384477,37.5562840880232,SELL,0.2,RSI is overbought and price is nearing resistance.  Profit taking is recommended.,98.98,99.69,80.2,3.3043,1194694,0.95,13.3,15.0,2.66,-0.71,0,0.7,0.08,0.63
Day-62,google/gemma-2-9b-it,ENTJ,static,flat,123,0.92,flat,112.19,112.13859296767427,11215.300028219799,7001.860516384477,37.5562840880232,HOLD,0.0,"The stock is currently overbought (RSI 73.7) and near its 20-day SMA, suggesting a potential pullback.  Waiting for a more favorable entry point.",99.95,100.04,73.7,3.6708,1306685,1.03,10.0,15.0,2.67,-0.1,0,0.25,0.03,0.22
Day-63,google/gemma-2-9b-it,ENTJ,static,flat,123,0.92,flat,113.93,113.9697197481476,11280.64796253296,7001.860516384477,37.5562840880232,HOLD,0.0,The stock is currently overbought (RSI 74) and the price is slightly above both the 20 and 60 day moving averages.  Further analysis is needed before entering a position.,101.15,100.46,74.0,4.0552,1262012,0.99,8.4,15.0,2.67,0.69,0,-0.31,0.11,-0.42
Day-64,google/gemma-2-9b-it,ENTJ,static,flat,123,0.92,flat,115.13,114.72273724115863,11325.715503438587,7001.860516384477,37.5562840880232,HOLD,0.0,"The RSI is high, indicating potential overbought conditions.  Further analysis is needed to confirm the trend before making a trade.",102.43,100.83,73.6,4.4055,1421250,1.11,11.7,15.1,2.66,1.59,0,-0.18,0.04,-0.23
Day-65,google/gemma-2-9b-it,ENTJ,static,flat,123,0.92,flat,111.25,111.75320660783406,11179.997121177057,5251.395387288358,53.290802102370336,BUY,0.25,"The price is above both the 20 and 60 day SMAs, RSI is in bullish territory, and volume is increasing.  This suggests a strong upward trend with potential for further gains.",103.49,101.16,61.5,4.3203,1483679,1.14,10.0,14.9,2.68,2.31,1,-0.17,0.06,-0.23
Day-66,google/gemma-2-9b-it,ENTJ,static,flat,123,0.92,flat,114.91,115.0007797170814,11375.041456871731,5251.395387288358,53.290802102370336,HOLD,0.0,"The RSI is high, indicating potential overbought conditions.  Further analysis is needed to confirm the trend's strength before entering a position.",104.7,101.57,71.2,4.4963,1144597,0.89,15.2,15.0,2.67,3.08,1,0.35,-0.01,0.36
Day-67,google/gemma-2-9b-it,ENTJ,static,flat,123,0.92,flat,115.23,116.90757194032173,11392.094513544493,6786.570168852391,39.968101576777755,SELL,0.25,RSI is overbought and the price is above both the 20 and 60 day SMAs.  Profit taking is warranted.,105.91,102.0,76.2,4.6088,1077136,0.84,17.7,14.8,2.71,3.83,1,0.51,0.04,0.47
Day-68,google/gemma-2-9b-it,ENTJ,static,flat,123,0.92,flat,116.8,117.0490924980213,11454.844433020033,9120.707300936212,19.984050788388878,SELL,0.5,"The RSI is overbought and the price is above both the 20 and 60 day SMAs, suggesting potential for a pullback.  Reducing exposure to manage risk.",106.99,102.38,74.2,4.7696,1163766,0.91,13.9,15.0,2.67,4.5,1,0.05,0.11,-0.06
Day-69,google/gemma-2-9b-it,ENTJ,static,flat,123,0.92,flat,116.84,116.53965479252639,11455.64379505157,10288.175547993891,9.992025394194439,SELL,0.5,RSI is overbought and the price is above both the 20 and 60 day SMAs.  Profit taking is recommended.,108.0,102.68,79.7,4.844,1356236,1.06,10.5,15.0,2.66,5.19,1,-0.04,0.14,-0.18
Day-70,google/gemma-2-9b-it,ENTJ,static,flat,123,0.92,flat,114.19,113.81400451917246,11429.164927756954,10288.175547993891,9.992025394194439,HOLD,0.0,"The RSI is high, indicating potential overbought conditions.  Further analysis is needed to confirm the trend's strength before entering a position.",108.8,102.86,72.0,4.6358,1105372,0.88,8.1,15.0,2.66,5.77,1,0.31,0.23,0.08
Day-71,google/gemma-2-9b-it,ENTJ,static,flat,123,0.92,flat,114.52,114.30337045376287,11432.462296137039,10288.175547993891,9.992025394194439,HOLD,0.0,RSI is high indicating potential overbought conditions.  Waiting for a pullback to a more favorable entry point.,109.36,103.04,70.7,4.4464,1160963,0.92,10.8,15.0,2.66,6.13,1,0.01,0.17,-0.16
Day-72,google/gemma-2-9b-it,ENTJ,static,flat,123,0.92,flat,115.58,115.41390497576809,11443.053843054884,7716.131660995418,32.245390050696194,BUY,0.25,"The price is above both the 20 and 60 day SMAs, RSI is high indicating potential overbought conditions, but the P/E ratio is reasonable.  A small buy position is warranted to capitalize on the current trend.",110.13,103.21,70.2,4.3321,1467486,1.16,8.0,15.0,2.66,6.7,1,0.14,0.09,0.05
Day-73,google/gemma-2-9b-it,ENTJ,static,flat,123,0.92,flat,113.12,113.54528462790887,11363.730183530171,5787.0987457465635,49.298368438681116,BUY,0.25,"The price is above both the 20 and 60 day SMAs, RSI is above 50, and volume is slightly above average. This suggests a bullish trend with potential for further upside.",110.89,103.28,59.5,3.9964,1376684,1.09,7.5,14.9,2.68,7.37,1,0.07,0.1,-0.03
Day-74,google/gemma-2-9b-it,ENTJ,static,flat,123,0.92,flat,115.98,116.25032286959846,11504.7235172648,4340.324059309923,61.77271476077666,BUY,0.25,"The price is above both the 20 and 60 day SMAs, indicating an upward trend.  RSI is above 50, suggesting bullish momentum.",111.59,103.43,57.5,3.9166,1476767,1.15,11.8,15.0,2.67,7.88,1,-0.24,0.06,-0.29
Day-75,google/gemma-2-9b-it,ENTJ,static,flat,123,0.92,flat,114.24,113.76122802898117,11397.23899358105,3255.243044482442,71.27097294379033,BUY,0.25,"The price is above both the 20 and 60 day SMAs, indicating an upward trend. The RSI is neutral, and the P/E ratio is reasonable, suggesting potential for further growth.",112.3,103.51,50.3,3.6705,1043347,0.82,9.8,15.1,2.66,8.5,1,0.41,0.08,0.33
Day-76,google/gemma-2-9b-it,ENTJ,static,flat,123,0.92,flat,108.86,109.06453310855187,11013.801159143457,2441.4322833618317,78.7467286035424,BUY,0.25,"The price is below both the 20 and 60 day SMA, indicating a potential buying opportunity. The RSI is in oversold territory, suggesting a possible rebound.",112.69,103.51,44.2,3.0064,1243694,0.98,11.8,15.0,2.67,8.87,1,-0.18,0.04,-0.22
Day-77,google/gemma-2-9b-it,ENTJ,static,flat,123,0.92,flat,111.34,111.38963674295903,11209.093046080241,1831.0742125213737,84.2286584655907,BUY,0.25,"The price is below both the 20 and 60 day SMA, indicating a potential buying opportunity.  RSI is in neutral territory and the P/E ratio is reasonable.",113.13,103.62,45.6,2.6494,1452312,1.13,12.0,15.0,2.67,9.18,1,0.58,0.13,0.45
Day-78,google/gemma-2-9b-it,ENTJ,static,flat,123,0.92,flat,110.13,110.52778916114279,11107.176369336878,1373.3056593910303,88.38527839776489,BUY,0.25,"The price is below both the 20 and 60 day SMAs, suggesting a potential buying opportunity. The RSI is oversold, indicating potential for a price rebound.",113.43,103.65,41.6,2.2434,1219723,0.96,14.8,14.9,2.68,9.43,1,0.35,0.19,0.17
Day-79,google/gemma-2-9b-it,ENTJ,static,flat,123,0.92,flat,109.95,110.28262437540806,11091.26701922528,1029.9792445432727,91.50784697300598,BUY,0.25,"The price is below both the 20 and 60 day SMAs, indicating a potential buy opportunity.  RSI is in neutral territory and the P/E ratio is reasonable.",113.52,103.74,47.5,1.8851,1344667,1.05,10.8,15.0,2.67,9.43,1,0.06,0.24,-0.19
Day-80,google/gemma-2-9b-it,ENTJ,static,flat,123,0.92,flat,108.33,108.4832788149126,10943.024307129012,772.4844334074545,93.8847952895925,BUY,0.25,"The price is below both the 20 and 60 day SMAs, indicating a potential buying opportunity. The RSI suggests oversold conditions, and the low implied volatility could present a favorable risk/reward profile.",113.33,103.8,36.2,1.4538,1085130,0.85,9.8,15.0,2.67,9.18,1,-0.37,0.09,-0.46
Day-81,google/gemma-2-9b-it,ENTJ,static,flat,123,0.92,flat,104.84,105.08576156482172,10615.366371568332,579.3633250555908,95.72685088241836,BUY,0.25,"The price is below both the 20 and 60 day moving averages, indicating a potential buying opportunity. The RSI is oversold, suggesting a possible rebound.",112.87,103.81,30.8,0.8209,1123379,0.89,11.2,15.0,2.67,8.72,1,0.5,0.22,0.28
Day-82,google/gemma-2-9b-it,ENTJ,static,flat,123,0.92,flat,108.18,107.78963904268339,10935.09405351561,434.52249379169314,97.06573821153555,BUY,0.25,"The price is below both the 20 and 60 day SMAs, indicating a potential buying opportunity. The RSI suggests oversold conditions, and the low news sentiment could indicate a potential rebound.",112.67,103.94,35.1,0.5825,1211750,0.96,12.4,15.1,2.66,8.4,1,0.09,0.13,-0.03
Day-83,google/gemma-2-9b-it,ENTJ,static,flat,123,0.92,flat,106.42,106.3466627634116,10764.258354263307,347.61799503335453,97.8823563167633,BUY,0.2,"The price is below both the 20 and 60 day SMAs, indicating a potential buying opportunity. The RSI suggests oversold conditions, and the low implied volatility may present a favorable risk/reward profile.",112.29,104.12,33.0,0.2488,1156902,0.92,10.8,15.0,2.66,7.85,1,0.27,0.11,0.16
Day-84,google/gemma-2-9b-it,ENTJ,static,flat,123,0.92,flat,110.38,109.97171662776171,11151.872485277687,278.0943960266836,98.5122131658906,BUY,0.2,"The price is below both the 20 and 60 day SMAs, indicating a potential buying opportunity. The RSI suggests the stock is oversold, and the positive news sentiment is encouraging.",112.05,104.43,44.0,0.2997,1321938,1.06,11.9,15.1,2.66,7.3,1,0.44,0.19,0.26
Day-85,google/gemma-2-9b-it,ENTJ,static,flat,123,0.92,flat,111.08,111.79528372350921,11220.83103449381,208.57079702001272,99.13810080548973,BUY,0.25,"The price is below both the 20 and 60 day SMA, indicating a potential buying opportunity. RSI is in oversold territory and the negative news sentiment may be overblown.",112.05,104.79,44.7,0.3925,1413215,1.13,15.4,14.9,2.68,6.93,1,-0.34,0.19,-0.53
Day-86,google/gemma-2-9b-it,ENTJ,static,flat,123,0.92,flat,111.9,111.12705784524901,11302.124277154315,208.57079702001272,99.13810080548973,HOLD,0.0,"The price is hovering near the 20-day SMA, RSI is neutral, and the P/E ratio is reasonable.  Further analysis is needed to confirm a clear trend direction.",111.9,105.14,44.2,0.5258,1179046,0.94,18.9,15.1,2.65,6.43,1,0.11,0.12,-0.01
Day-87,google/gemma-2-9b-it,ENTJ,static,flat,123,0.92,flat,108.78,108.77224099255261,10992.813402641184,156.42809776500954,99.6174416701248,BUY,0.25,"The price is below both the 20 and 60 day SMAs, indicating a potential buying opportunity. The RSI is oversold, suggesting a possible rebound.",111.57,105.43,43.4,0.3757,1381610,1.09,14.4,15.0,2.67,5.82,1,-0.11,0.07,-0.19
Day-88,google/gemma-2-9b-it,ENTJ,static,flat,123,0.92,flat,108.09,107.22258679934333,10924.077367888802,125.14247821200763,99.90688213226748,BUY,0.2,"The price is below both the 20 and 60 day SMAs, indicating a potential buying opportunity. The RSI suggests oversold conditions, and the low news sentiment may present a chance to enter before a potential rebound.",111.14,105.7,37.0,0.1984,1140080,0.9,14.1,15.1,2.65,5.14,1,0.1,0.04,0.06
Day-89,google/gemma-2-9b-it,ENTJ,static,flat,123,0.92,flat,104.65,104.68506495067554,10580.397693353802,100.11398256960611,100.14604597022641,BUY,0.2,"The price is below both the 20 and 60 day SMA, indicating a potential buying opportunity. RSI is oversold, suggesting a possible rebound.",110.53,105.88,35.1,-0.2168,1201543,0.96,18.2,15.0,2.67,4.39,1,0.14,-0.02,0.16
Day-90,google/gemma-2-9b-it,ENTJ,static,flat,123,0.92,flat,108.53,109.1800908830381,10968.964351718278,80.09118605568489,100.33053686227396,BUY,0.2,"The price is below the 20-day SMA, indicating a potential buying opportunity. The RSI is neutral, suggesting room for price appreciation.",110.25,106.17,49.5,-0.2301,1017783,0.81,13.0,14.9,2.68,3.84,1,-0.5,-0.05,-0.45
Day-91,google/gemma-2-9b-it,ENTJ,static,flat,123,0.92,flat,110.34,109.57262302272505,11150.562623438993,80.09118605568489,100.33053686227396,HOLD,0.0,"The price is slightly above the 20-day SMA, but below the 60-day SMA, indicating a potential consolidation phase.  RSI is neutral and news sentiment is slightly negative, suggesting further analysis is needed.",110.04,106.51,48.3,-0.094,1072307,0.86,17.9,15.1,2.65,3.31,1,-0.07,-0.09,0.02
Day-92,google/gemma-2-9b-it,ENTJ,static,flat,123,0.92,flat,112.07,112.1561014912738,11324.134452210728,64.07294884454791,100.47346750572125,BUY,0.2,"The price is above both the 20 and 60 day SMAs, and the RSI suggests moderate bullish momentum.  A P/E of 15.0 indicates potential undervaluation.",109.86,106.89,53.2,0.152,1056217,0.86,18.9,15.0,2.67,2.78,1,0.03,-0.06,0.09
Day-93,google/gemma-2-9b-it,ENTJ,static,flat,123,0.92,flat,108.38,109.38181193022037,10953.387357114616,48.05471163341093,100.62126449050753,BUY,0.25,The price is below the 20-day SMA and RSI suggests potential oversold conditions.  A buy order at the current price offers a potential entry point for a short-term trend reversal.,109.62,107.26,47.7,0.0488,1288466,1.05,13.9,14.9,2.69,2.2,1,-0.38,-0.16,-0.22
Day-94,google/gemma-2-9b-it,ENTJ,static,flat,123,0.92,flat,109.87,109.81150728717981,11103.313041205474,48.05471163341093,100.62126449050753,HOLD,0.0,"The price is slightly above the 20-day SMA, but the 60-day SMA is below, indicating a potential short-term trend reversal.  Further analysis is needed before making a trade.",109.32,107.67,52.3,0.0864,1313825,1.08,12.9,15.0,2.67,1.53,0,-0.22,-0.23,0.01
Day-95,google/gemma-2-9b-it,ENTJ,static,flat,123,0.92,flat,112.56,112.46280723314426,11373.984242684939,48.05471163341093,100.62126449050753,HOLD,0.0,"The price is slightly above the 20-day SMA, but the RSI is showing signs of overbought conditions.  Further analysis is needed before entering a position.",109.23,108.12,61.7,0.3289,1027690,0.85,12.1,15.0,2.66,1.03,0,0.04,-0.12,0.16
Day-96,google/gemma-2-9b-it,ENTJ,static,flat,123,0.92,flat,112.1,111.74531954750546,11327.698461019305,48.05471163341093,100.62126449050753,HOLD,0.0,The stock is currently trading near its 20 and 60 day moving averages with a neutral RSI. Further analysis is needed before making a trade.,109.4,108.55,56.5,0.4785,1279296,1.05,9.8,15.0,2.66,0.78,0,0.21,-0.07,0.27
Day-97,google/gemma-2-9b-it,ENTJ,static,flat,123,0.92,flat,113.0,114.10791672468281,11418.25759906076,36.0410337250582,100.72758022420976,BUY,0.25,"The price is above both the 20 and 60 day SMAs, RSI is above 60 indicating potential upward momentum, and the P/E ratio is reasonable.",109.48,108.98,61.2,0.6626,1376576,1.14,9.2,14.9,2.69,0.45,0,-0.04,-0.08,0.04
Day-98,google/gemma-2-9b-it,ENTJ,static,flat,123,0.92,flat,111.98,111.692915566822,11315.515467232068,30.63487866629947,100.77585808685272,BUY,0.15,"The price is slightly below the 20 and 60 day SMA, indicating potential for a short-term uptrend. The RSI is in neutral territory, suggesting room for further price movement.",109.57,109.32,53.0,0.7177,1252063,1.03,7.5,15.0,2.66,0.23,0,-0.21,-0.05,-0.16
Day-99,google/gemma-2-9b-it,ENTJ,static,flat,123,0.92,flat,108.56,108.7208784150308,10970.862032575033,30.63487866629947,100.77585808685272,HOLD,0.0,"The price is slightly below the 20 and 60 day SMA, but the RSI and news sentiment suggest a neutral market.  Further observation is needed.",109.5,109.56,45.7,0.4796,1230839,1.02,10.3,15.0,2.67,-0.05,0,-0.3,-0.06,-0.24
Day-100,google/gemma-2-9b-it,ENTJ,static,flat,123,0.92,flat,110.15,109.58186129237566,11131.095646933129,26.039646866354552,100.8175760332889,BUY,0.15,"The price is slightly below the 20 and 60 day SMA, suggesting a potential buying opportunity. The RSI is in neutral territory, and the P/E ratio is reasonable.",109.59,109.8,47.1,0.4145,1317142,1.08,8.8,15.1,2.65,-0.19,0,-0.11,-0.09,-0.02
Day-101,google/gemma-2-9b-it,ENTJ,static,flat,123,0.92,flat,108.17,108.78661826491351,10931.476846387215,26.039646866354552,100.8175760332889,HOLD,0.0,"The price is slightly below the 20 and 60 day SMA, but RSI is neutral and news sentiment is negative.  Further observation is needed.",109.76,109.89,48.9,0.2008,1191248,0.98,10.8,14.9,2.68,-0.12,0,-0.24,-0.18,-0.06
Day-102,google/gemma-2-9b-it,ENTJ,static,flat,123,0.92,flat,110.38,110.2256277894047,11154.283689420783,23.435682179719095,100.84116694365885,BUY,0.1,"The price is slightly below the 20-day SMA, indicating a potential buying opportunity. The positive volume ratio suggests increasing buying pressure.",109.87,110.1,53.8,0.2075,1303777,1.06,8.5,15.0,2.66,-0.21,0,0.18,-0.14,0.31
Day-103,google/gemma-2-9b-it,ENTJ,static,flat,123,0.92,flat,106.1,105.98225433083235,10722.683494901923,23.435682179719095,100.84116694365885,HOLD,0.0,"The price is below the SMA20 and 60, indicating a potential downtrend.  RSI is neutral, and the P/E ratio is reasonable, suggesting further analysis is needed before entering a position.",109.85,110.26,52.3,-0.1313,1462294,1.18,8.4,15.0,2.66,-0.37,0,0.08,-0.08,0.15
Day-104,google/gemma-2-9b-it,ENTJ,static,flat,123,0.92,flat,107.43,107.53506289297117,10856.80224693699,23.435682179719095,100.84116694365885,HOLD,0.0,"Price is slightly below the 20 and 60 day SMA, but RSI is neutral and news sentiment is negative.  Waiting for a clearer signal before entering a position.",109.71,110.37,48.1,-0.2892,1427445,1.15,7.8,15.0,2.67,-0.6,0,-0.2,-0.06,-0.14
Day-105,google/gemma-2-9b-it,ENTJ,static,flat,123,0.92,flat,112.95,113.3049707323872,11413.445488465986,23.435682179719095,100.84116694365885,HOLD,0.0,The stock is currently trading near its SMA averages with moderate RSI.  Further analysis is needed to identify a clear entry point.,109.8,110.63,54.0,0.0313,1368870,1.1,13.6,15.0,2.67,-0.75,0,0.07,-0.02,0.09
Day-106,google/gemma-2-9b-it,ENTJ,static,flat,123,0.92,flat,113.15,113.28315940112199,11433.61372185472,23.435682179719095,100.84116694365885,HOLD,0.0,"The price is slightly above the 20 and 60 day SMA, RSI is neutral, and news sentiment is positive.  Further analysis is needed before making a trade.",109.86,110.87,51.8,0.2977,1436770,1.14,10.7,15.0,2.67,-0.91,0,0.7,0.17,0.53
Day-107,google/gemma-2-9b-it,ENTJ,static,flat,123,0.92,flat,113.29,113.39455364611048,11447.73148522683,19.92032985276123,100.87219662259749,BUY,0.15,"The price is slightly below the 20-day SMA, indicating a potential buying opportunity. The RSI is above 50, suggesting upward momentum.",110.09,111.09,59.0,0.5144,1149874,0.92,8.8,15.0,2.67,-0.9,0,0.23,0.17,0.05
Day-108,google/gemma-2-9b-it,ENTJ,static,flat,123,0.92,flat,113.52,113.8366301854474,11470.932090450027,19.92032985276123,100.87219662259749,HOLD,0.0,"The stock is slightly above both the 20 and 60 day moving averages, but the RSI is not indicating overbought conditions.  Further analysis is needed before entering a position.",110.36,111.27,57.0,0.6968,1375227,1.09,7.5,15.0,2.67,-0.82,0,0.08,0.17,-0.1
Day-109,google/gemma-2-9b-it,ENTJ,static,flat,123,0.92,flat,109.96,109.70827942890044,11111.82707047358,19.92032985276123,100.87219662259749,HOLD,0.0,"The price is slightly below the 20 and 60 day moving averages, but RSI is neutral and news sentiment is slightly negative.  Further observation is warranted.",110.62,111.31,45.2,0.5471,1145777,0.91,7.5,15.0,2.66,-0.62,0,0.22,0.26,-0.04
Day-110,google/gemma-2-9b-it,ENTJ,static,flat,123,0.92,flat,110.18,110.6805108646659,11134.018953730552,19.92032985276123,100.87219662259749,HOLD,0.0,"Price is slightly below the 20 and 60 day SMA, but RSI is neutral and news sentiment is mixed.  Further analysis is needed before entering a position.",110.71,111.27,46.4,0.4413,1258174,0.99,13.8,14.9,2.68,-0.51,0,0.38,0.32,0.06
Day-111,google/gemma-2-9b-it,ENTJ,static,flat,123,0.92,flat,107.64,107.21536576432122,10877.803574309155,16.932280374847046,100.89995627958294,BUY,0.15,"Price is below both SMAs, indicating a potential buying opportunity. RSI suggests oversold conditions, and the P/E ratio is reasonable.",110.57,111.14,40.5,0.1513,1243893,0.98,12.6,15.1,2.66,-0.51,0,-0.46,0.09,-0.54
Day-112,google/gemma-2-9b-it,ENTJ,static,flat,123,0.92,flat,105.73,106.33409570772426,10685.08465781515,15.239052337362342,100.91597092100434,BUY,0.1,"The price is below both the 20 and 60 day SMA, indicating a potential buying opportunity. The RSI suggests oversold conditions, and the low implied volatility may present a favorable risk/reward profile.",110.26,111.01,39.3,-0.2305,1023718,0.8,10.1,14.9,2.68,-0.68,0,-0.13,0.02,-0.15
Day-113,google/gemma-2-9b-it,ENTJ,static,flat,123,0.92,flat,109.0,109.04311721028502,11015.079882726835,15.239052337362342,100.91597092100434,HOLD,0.0,"Price is slightly below the 20 and 60 day SMA, but RSI is neutral and news sentiment is negative.  Waiting for a clearer signal.",110.29,110.92,50.8,-0.2661,1285191,1.01,7.5,15.0,2.67,-0.57,0,-0.19,-0.03,-0.15
Day-114,google/gemma-2-9b-it,ENTJ,static,flat,123,0.92,flat,107.44,107.48368145499585,10857.650968090067,15.239052337362342,100.91597092100434,HOLD,0.0,"Price is slightly below the 20 and 60 day moving averages, but RSI is neutral and news sentiment is slightly negative.  Waiting for a clearer signal before entering a position.",110.16,110.76,45.3,-0.4155,1252451,0.99,8.6,15.0,2.67,-0.54,0,-0.19,-0.12,-0.08
Day-115,google/gemma-2-9b-it,ENTJ,static,flat,123,0.92,flat,108.59,108.59919722283338,10973.704334649223,15.239052337362342,100.91597092100434,HOLD,0.0,"The price is slightly below the moving averages, but the RSI and news sentiment suggest a neutral market.  Further analysis is needed before making a trade.",109.97,110.71,50.8,-0.4356,1259581,0.98,9.0,15.0,2.67,-0.67,0,0.63,-0.07,0.7
Day-116,google/gemma-2-9b-it,ENTJ,static,flat,123,0.92,flat,111.11,110.85452947168841,11228.012581370154,15.239052337362342,100.91597092100434,HOLD,0.0,The market is currently neutral with a slight upward bias.  Further analysis is needed to confirm a strong trend before entering a position.,109.92,110.63,51.3,-0.2459,1015924,0.8,7.9,15.0,2.66,-0.65,0,0.15,0.06,0.1
Day-117,google/gemma-2-9b-it,ENTJ,static,flat,123,0.92,flat,111.45,111.50769629871344,11262.324011483297,13.715147103626107,100.92964436410651,BUY,0.1,"The price is slightly below the 20-day SMA, indicating a potential buying opportunity. The RSI suggests moderate bullish momentum, and the P/E ratio is within a reasonable range.",109.84,110.56,60.9,-0.0674,1187097,0.94,9.1,15.0,2.67,-0.65,0,0.33,0.15,0.19
Day-118,google/gemma-2-9b-it,ENTJ,static,flat,123,0.92,flat,108.39,108.52435786284668,10953.479299729132,13.715147103626107,100.92964436410651,HOLD,0.0,"The price is slightly below the 20 and 60 day moving averages, but RSI is neutral and news sentiment is slightly negative.  Further analysis is needed before making a trade.",109.66,110.39,51.8,-0.1705,1211586,0.96,8.7,15.0,2.67,-0.66,0,0.09,0.2,-0.11
Day-119,google/gemma-2-9b-it,ENTJ,static,flat,123,0.92,flat,107.78,107.83746487808708,10891.912216667026,10.28636032771958,100.96145719372153,BUY,0.25,"The price is below both the 20 and 60 day SMA, indicating a potential buying opportunity. RSI is oversold, suggesting a possible rebound.",109.62,110.21,37.9,-0.298,1368165,1.08,8.5,15.0,2.67,-0.53,0,0.83,0.41,0.42
Day-120,google/gemma-2-9b-it,ENTJ,static,flat,123,0.92,flat,112.51,112.18096940510918,11369.459909193329,7.714770245789685,100.98431374053452,BUY,0.25,"The price is below both the 20 and 60 day SMA, indicating a potential buying opportunity. The RSI is in neutral territory, suggesting room for upward movement.",109.74,110.17,48.8,-0.0174,1367239,1.08,10.0,15.0,2.66,-0.4,0,-0.6,0.16,-0.76
Day-121,google/gemma-2-9b-it,ENTJ,static,flat,123,0.92,flat,107.3,107.76063774662423,10843.331634605142,6.171816196631748,100.99869355459936,BUY,0.2,"Price is below both short and long term moving averages, indicating potential for a rebound. RSI suggests oversold conditions, presenting a buying opportunity.",109.69,110.03,40.3,-0.2132,1190826,0.94,11.6,14.9,2.68,-0.3,0,-0.15,0.1,-0.25
Day-122,google/gemma-2-9b-it,ENTJ,static,flat,123,0.92,flat,106.78,107.20005160432262,10790.81231395675,4.628862147473811,101.01314339585387,BUY,0.25,"Price is below both SMAs, indicating potential for a trend reversal. RSI is oversold, suggesting a possible bounce.",109.51,109.85,39.2,-0.4052,1201834,0.95,12.3,14.9,2.68,-0.31,0,-0.13,0.01,-0.14
Day-123,google/gemma-2-9b-it,ENTJ,static,flat,123,0.92,flat,105.37,106.05465437996526,10648.383781768598,3.7030897179790485,101.0219293162249,BUY,0.2,"The price is below both the 20 and 60 day SMA, indicating a potential buying opportunity. The RSI is in oversold territory, suggesting a possible rebound.",109.48,109.7,42.1,-0.6637,1355394,1.08,10.5,14.9,2.68,-0.2,0,-0.1,-0.03,-0.07
Day-124,google/gemma-2-9b-it,ENTJ,static,flat,123,0.92,flat,107.06,106.34297838862786,10819.110842313017,3.7030897179790485,101.0219293162249,HOLD,0.0,"Price is slightly below the 20 and 60 day SMA, but RSI is neutral and news sentiment is slightly negative.  Waiting for a clearer signal before entering a position.",109.46,109.52,44.9,-0.724,1209797,0.97,10.6,15.1,2.65,-0.05,0,0.27,-0.14,0.42
Day-125,google/gemma-2-9b-it,ENTJ,static,flat,123,0.92,flat,107.53,107.97868301980871,10866.591149091642,3.7030897179790485,101.0219293162249,HOLD,0.0,"The price is slightly below the 20 and 60 day SMA, but RSI is neutral and news sentiment is positive.  Further observation is needed to confirm a trend reversal.",109.19,109.39,49.8,-0.7255,1303291,1.05,11.7,14.9,2.68,-0.18,0,0.03,-0.02,0.04
Day-126,google/gemma-2-9b-it,ENTJ,static,flat,123,0.92,flat,110.94,111.54271899856296,11211.075928059969,2.9624717743832387,101.02860515851438,BUY,0.2,"The price is slightly below the 20 and 60 day moving averages, suggesting a potential buying opportunity. The RSI is above 50, indicating upward momentum.",109.08,109.43,58.7,-0.4462,1133680,0.92,9.6,14.9,2.68,-0.32,0,0.2,0.05,0.14
Day-127,google/gemma-2-9b-it,ENTJ,static,flat,123,0.92,flat,110.77,110.97478348757299,11193.90106518302,2.369977419506591,101.03395402873986,BUY,0.2,"The price is slightly below the 20 and 60 day SMA, indicating potential for upward movement. The RSI suggests room for further growth, and the P/E ratio is reasonable.",108.95,109.42,53.3,-0.2356,1026914,0.84,7.5,15.0,2.67,-0.42,0,0.31,0.14,0.17
Day-128,google/gemma-2-9b-it,ENTJ,static,flat,123,0.92,flat,112.61,112.8263404369788,11379.803540595904,1.8959819356052727,101.03816320628982,BUY,0.2,"The price is slightly below the 20 and 60 day SMA, indicating potential for upward movement. RSI is in a healthy range and the P/E ratio suggests undervaluation.",108.91,109.47,59.5,0.0784,1347142,1.1,10.8,15.0,2.67,-0.51,0,0.07,0.18,-0.11
Day-129,google/gemma-2-9b-it,ENTJ,static,flat,123,0.92,flat,114.38,113.99386477843186,11558.641089471035,1.4219864517039547,101.0423072479396,BUY,0.25,"The price is above both the 20 and 60 day SMAs, RSI is above 60 indicating upward momentum, and the P/E ratio is reasonable.  A small position is warranted to capitalize on the potential trend.",109.13,109.55,60.4,0.4651,1334409,1.09,7.9,15.1,2.66,-0.39,0,0.22,0.16,0.05
Day-130,google/gemma-2-9b-it,ENTJ,static,flat,123,0.92,flat,115.0,115.11499383839126,11621.287319964758,1.4219864517039547,101.0423072479396,HOLD,0.0,The stock is currently trading near its 20 and 60 day moving averages with a neutral RSI. Further analysis is needed before making a trade.,109.37,109.69,57.5,0.8121,1041682,0.86,7.5,15.0,2.67,-0.29,0,-0.13,0.13,-0.26
Day-131,google/gemma-2-9b-it,ENTJ,static,flat,123,0.92,flat,113.97,113.85811825328665,11517.213743499382,1.066489838777966,101.04542646012638,BUY,0.25,"The price is slightly below the 20 and 60 day SMA, indicating a potential buying opportunity.  RSI is in neutral territory and the P/E ratio suggests the stock is fairly valued.",109.68,109.87,54.7,0.9922,1012215,0.84,11.0,15.0,2.66,-0.17,0,-0.19,0.05,-0.25
Day-132,google/gemma-2-9b-it,ENTJ,static,flat,123,0.92,flat,111.05,111.64304318002335,11222.161098235812,1.066489838777966,101.04542646012638,HOLD,0.0,"The price is slightly above the 20 and 60 day SMA, RSI is in neutral territory, and the P/E ratio is reasonable.  Further analysis is needed before making a trade.",109.95,109.93,55.0,0.8896,1001226,0.83,9.9,14.9,2.68,0.02,0,-0.27,-0.06,-0.2
Day-133,google/gemma-2-9b-it,ENTJ,static,flat,123,0.92,flat,109.33,109.24639163440237,11048.362964724396,1.066489838777966,101.04542646012638,HOLD,0.0,"Market is currently at a slight discount to the SMA, but RSI is neutral and volume is low.  Waiting for a clearer signal before entering a position.",109.97,109.98,52.8,0.6613,1064945,0.89,11.3,15.0,2.66,-0.02,0,0.03,-0.07,0.09
Day-134,google/gemma-2-9b-it,ENTJ,static,flat,123,0.92,flat,106.95,107.63835687346398,10807.874849749296,0.8531918710223728,101.04742083102639,BUY,0.2,"Price is below both SMA20 and SMA60, indicating a potential buying opportunity. RSI is oversold, suggesting a possible bounce.",109.94,109.92,39.0,0.2856,1105970,0.93,12.5,14.9,2.68,0.02,0,-0.29,-0.17,-0.12
Day-135,google/gemma-2-9b-it,ENTJ,static,flat,123,0.92,flat,108.27,108.36561048691003,10941.257445246249,0.7678726839201355,101.04820885344351,BUY,0.1,"The price is below both the 20 and 60 day SMA, indicating a potential buying opportunity.  RSI is above 50 suggesting upward momentum.",109.93,109.86,52.3,0.0928,1428508,1.2,9.6,15.0,2.67,0.06,0,-0.32,-0.21,-0.11
Day-136,google/gemma-2-9b-it,ENTJ,static,flat,123,0.92,flat,109.64,110.06045217941067,11079.693491375467,0.7678726839201355,101.04820885344351,HOLD,0.0,"Price is slightly below the SMA20/60, but RSI is not oversold.  Waiting for a clearer signal before entering a trade.",109.85,109.81,56.5,0.05,1216672,1.01,16.8,14.9,2.68,0.03,0,0.2,-0.13,0.33
Day-137,google/gemma-2-9b-it,ENTJ,static,flat,123,0.92,flat,110.83,110.80802029874641,11199.940859911065,0.6526917813321151,101.04924811088814,BUY,0.15,"The price is slightly above the 20 and 60 day SMA, RSI is above 60 indicating potential upward momentum.  The P/E ratio is reasonable and implied volatility is moderate.",109.82,109.86,62.5,0.1115,1326089,1.09,13.3,15.0,2.67,-0.03,0,-0.28,-0.13,-0.15
Day-138,google/gemma-2-9b-it,ENTJ,static,flat,123,0.92,flat,109.85,109.63098617571474,11100.912596762393,0.6526917813321151,101.04924811088814,HOLD,0.0,"The price is slightly below the SMA20/60, but RSI is in neutral territory.  Further analysis is needed to confirm a trend reversal.",109.89,109.89,56.6,0.0799,1484873,1.21,10.4,15.0,2.66,0.0,0,0.17,-0.1,0.27
Day-139,google/gemma-2-9b-it,ENTJ,static,flat,123,0.92,flat,113.28,113.6972776656781,11447.51151778274,0.5221534250656921,101.05040046219699,BUY,0.2,"The price is slightly above the 20 and 60 day SMA, RSI is in a healthy range, and the P/E ratio is reasonable.  This suggests a potential upward trend.",110.17,110.06,61.9,0.3276,1221009,1.0,9.4,14.9,2.68,0.1,0,-0.1,-0.07,-0.03
Day-140,google/gemma-2-9b-it,ENTJ,static,flat,123,0.92,flat,116.87,117.23925599332408,11810.28245544203,0.39161506879926905,101.05151741570316,BUY,0.25,"The price is above both the 20 and 60 day SMAs, RSI is above 60 indicating potential upward momentum, and the P/E ratio is reasonable.",110.39,110.23,62.2,0.8049,1399476,1.15,9.6,15.0,2.67,0.14,0,-0.17,-0.04,-0.14
Day-141,google/gemma-2-9b-it,ENTJ,static,flat,123,0.92,flat,116.5,116.44706214600666,11772.893393998218,0.3328728084793787,101.05202164111363,BUY,0.15,"The price is above both the 20 and 60 day SMAs, and RSI suggests moderate bullish momentum. The P/E ratio is reasonable, indicating potential for further growth.",110.85,110.35,61.7,1.1399,1193054,0.98,8.2,15.0,2.67,0.45,0,0.27,-0.02,0.29
Day-142,google/gemma-2-9b-it,ENTJ,static,flat,123,0.92,flat,114.82,114.57941225806411,11603.125997641144,0.29958552763144086,101.05231154949934,BUY,0.1,"The price is above both the 20 and 60 day SMAs, suggesting an upward trend. The RSI is in a healthy range, and the P/E ratio is reasonable.",111.25,110.41,54.5,1.2549,1370734,1.12,10.3,15.0,2.66,0.76,0,0.3,0.09,0.2
Day-143,google/gemma-2-9b-it,ENTJ,static,flat,123,0.92,flat,115.93,114.91266884418265,11715.294063461091,0.2696269748682968,101.05256996882792,BUY,0.1,"The price is above both the 20 and 60 day SMAs, and the RSI suggests moderate bullish momentum.  A small position is warranted to capitalize on the potential upward trend.",111.78,110.56,53.3,1.4194,1132040,0.93,21.5,15.1,2.64,1.1,0,0.06,0.07,-0.01
Day-144,google/gemma-2-9b-it,ENTJ,static,flat,123,0.92,flat,117.61,117.89783111678926,11885.06238100872,0.22918292863805229,101.05291385154393,BUY,0.15,"The price is above both the 20 and 60 day SMAs, indicating an upward trend. The RSI is in a healthy range, and the P/E ratio suggests potential for growth.",112.31,110.71,55.3,1.6664,1443913,1.17,18.2,15.0,2.67,1.44,0,0.42,0.18,0.25
Day-145,google/gemma-2-9b-it,ENTJ,static,flat,123,0.92,flat,117.84,118.72070419500922,11908.304551194575,0.20626463577424706,101.05310833807536,BUY,0.1,"The price is above both the 20 and 60 day SMAs, and RSI is above 50 indicating upward momentum.  The P/E ratio is reasonable and implied volatility is moderate, suggesting potential for growth.",112.82,110.82,58.1,1.859,1026097,0.84,17.8,14.9,2.69,1.81,0,-0.5,0.11,-0.62
Day-146,google/gemma-2-9b-it,ENTJ,static,flat,123,0.92,flat,120.2,120.08558357797476,12146.789886872433,0.18563817219682235,101.05327993926984,BUY,0.1,"The price is above both the 20 and 60 day SMAs, RSI is above 60 indicating potential overbought conditions, but the P/E ratio is reasonable.  A small buy position is warranted to capitalize on the upward trend.",113.28,110.98,69.5,2.1771,1226157,1.0,18.1,15.0,2.66,2.07,1,0.32,0.12,0.2
Day-147,google/gemma-2-9b-it,ENTJ,static,flat,123,0.92,flat,119.16,119.61318556226685,12041.694475735592,2408.4874056848757,80.84262395141587,SELL,0.2,RSI is overbought and price is above both the 20 and 60 day SMAs. Profit taking is advisable.,113.7,111.11,71.6,2.3189,1494299,1.2,17.0,14.9,2.68,2.34,1,-0.24,0.01,-0.25
Day-148,google/gemma-2-9b-it,ENTJ,static,flat,123,0.92,flat,120.26,120.74591968340367,12130.62136208215,4839.020894784195,60.631967963561905,SELL,0.25,"The RSI is significantly overbought, indicating potential for a price correction.  The price is also above both the 20 and 60 day SMAs, suggesting a potential overextension.",114.09,111.27,81.0,2.4915,1071866,0.87,15.6,14.9,2.68,2.53,1,-0.07,-0.01,-0.06
Day-149,google/gemma-2-9b-it,ENTJ,static,flat,123,0.92,flat,125.25,124.57144285919964,12433.174882220323,6737.559391643227,45.473975972671425,SELL,0.25,RSI is overbought and the price is above both the 20 and 60 day SMAs.  Profit taking is recommended.,114.63,111.6,83.8,2.9958,1050636,0.86,14.4,15.1,2.65,2.71,1,0.11,-0.08,0.18
Day-150,google/gemma-2-9b-it,ENTJ,static,flat,123,0.92,flat,124.33,124.01295226740483,12391.338824325467,9564.449107984346,22.736987986335713,SELL,0.5,"The RSI is significantly overbought, indicating potential for a price correction.  The trend is also weakening, with the SMA20 crossing below the SMA60.",115.1,111.89,79.8,3.2836,1165943,0.95,15.4,15.0,2.66,2.87,1,-0.21,-0.02,-0.19
Day-151,google/gemma-2-9b-it,ENTJ,static,flat,123,0.92,flat,124.13,124.40621869554509,12386.7914267282,10975.620267356273,11.368493993167856,SELL,0.5,"The RSI is significantly overbought, indicating potential for a price correction.  The price is also above both the 20 and 60 day SMAs, suggesting a potential overextension of the current trend.",115.6,112.21,78.1,3.4559,1068029,0.87,11.2,15.0,2.67,3.03,1,-0.01,-0.08,0.07
Day-152,google/gemma-2-9b-it,ENTJ,static,flat,123,0.92,flat,125.07,125.0768687253141,12397.477811081775,11686.549039219024,5.684246996583928,SELL,0.5,"The RSI is significantly overbought, indicating potential for a price correction.  The stock is also trading above both the 20 and 60 day SMA, suggesting a potential overvaluation.",116.31,112.5,82.2,3.6264,1338882,1.08,9.8,15.0,2.67,3.38,1,-0.13,-0.06,-0.07
Day-153,google/gemma-2-9b-it,ENTJ,static,flat,123,0.92,flat,125.8,125.82637811261151,12401.627311389282,11686.549039219024,5.684246996583928,HOLD,0.0,RSI is overbought and the price is above both the 20 and 60 day SMAs.  Waiting for a pullback to a more attractive entry point.,117.13,112.9,79.9,3.7765,1307216,1.04,10.0,15.0,2.67,3.75,1,-0.07,-0.06,-0.01
Day-154,google/gemma-2-9b-it,ENTJ,static,flat,123,0.92,flat,122.42,122.35971960160859,12382.414556540829,8764.911779414268,29.549932830636827,BUY,0.25,"The price is above both the 20 and 60 day SMAs, RSI is in a healthy range, and the P/E ratio is reasonable.  A small position is warranted to capitalize on the upward trend.",117.9,113.2,63.4,3.5815,1263080,1.0,10.5,15.0,2.67,4.16,1,0.63,0.04,0.59
Day-155,google/gemma-2-9b-it,ENTJ,static,flat,123,0.92,flat,117.76,117.88715514504715,12244.711869550061,6573.683834560701,48.15750709060258,BUY,0.25,"The price is below both the 20 and 60 day SMA, indicating a potential buying opportunity. The RSI is in neutral territory, suggesting room for upward movement.",118.38,113.29,52.5,3.0163,1485148,1.17,9.5,15.0,2.67,4.49,1,-0.56,-0.03,-0.53
Day-156,google/gemma-2-9b-it,ENTJ,static,flat,123,0.92,flat,114.94,115.54207544120251,12108.907699554562,4930.262875920525,62.45558398846386,BUY,0.25,"The price is below both the 20 and 60 day SMA, indicating a potential buying opportunity. The RSI is neutral and the P/E ratio is reasonable.",118.64,113.33,50.2,2.314,1157984,0.92,9.5,14.9,2.68,4.69,1,-0.06,-0.04,-0.03
Day-157,google/gemma-2-9b-it,ENTJ,static,flat,123,0.92,flat,115.71,115.96560042498045,12156.998499225678,3697.697156940394,73.10778102398483,BUY,0.25,"The price is below both the 20 and 60 day SMA, indicating a potential buying opportunity.  RSI is neutral and the P/E ratio is reasonable.",118.89,113.38,49.6,1.7993,1222021,0.97,7.8,15.0,2.67,4.86,1,0.12,0.01,0.11
Day-158,google/gemma-2-9b-it,ENTJ,static,flat,123,0.92,flat,117.03,117.29248913760087,12253.50077017734,3697.697156940394,73.10778102398483,HOLD,0.0,The stock is slightly below the 20-day SMA and RSI is neutral.  Further analysis is needed to confirm a potential trend reversal.,119.25,113.45,48.9,1.4807,1231658,0.99,14.7,15.0,2.67,5.11,1,-0.34,-0.04,-0.3
Day-159,google/gemma-2-9b-it,ENTJ,static,flat,123,0.92,flat,116.1,116.08901078291598,12185.510533825032,3697.697156940394,73.10778102398483,HOLD,0.0,"The stock is currently below both the 20 and 60 day SMA, indicating a potential downtrend.  RSI is neutral and further analysis is needed before entering a position.",119.39,113.57,46.7,1.1399,1352537,1.08,11.6,15.0,2.67,5.12,1,-0.05,-0.18,0.13
Day-160,google/gemma-2-9b-it,ENTJ,static,flat,123,0.92,flat,118.98,119.36695225324334,12396.060943174109,2958.1577255523152,79.32344274350137,BUY,0.2,"The price is below the 20-day SMA, indicating a potential buying opportunity. The RSI suggests the stock is oversold, and the P/E ratio is reasonable.",119.49,113.74,47.7,1.0898,1113678,0.9,10.7,15.0,2.68,5.05,1,0.09,-0.05,0.14
Day-161,google/gemma-2-9b-it,ENTJ,static,flat,123,0.92,flat,119.13,119.06134462800817,12407.959459585634,2958.1577255523152,79.32344274350137,HOLD,0.0,"The price is slightly below the 20-day SMA, but the RSI is neutral and the P/E ratio is reasonable.  Further analysis is needed to confirm a potential entry point.",119.62,113.97,49.9,1.0496,1377766,1.11,10.5,15.0,2.67,4.96,1,0.11,-0.01,0.12
Day-162,google/gemma-2-9b-it,ENTJ,static,flat,123,0.92,flat,119.05,119.14546973886732,12401.613584166154,2218.6182941642364,85.53544972702157,BUY,0.25,"The price is below both the 20 and 60 day SMA, indicating a potential buying opportunity. The RSI suggests the stock is oversold, and the P/E ratio is reasonable.",119.84,114.24,47.5,1.0001,1092656,0.89,7.5,15.0,2.67,4.9,1,0.25,0.01,0.24
Day-163,google/gemma-2-9b-it,ENTJ,static,flat,123,0.92,flat,118.37,118.71977734046455,12343.44947835178,1663.9637206231773,90.22121954657939,BUY,0.25,"The price is below both the 20 and 60 day SMAs, suggesting a potential buying opportunity. The RSI is oversold, indicating potential for a price rebound.",119.96,114.43,33.2,0.896,1488522,1.19,13.7,15.0,2.67,4.83,1,0.33,0.14,0.18
Day-164,google/gemma-2-9b-it,ENTJ,static,flat,123,0.92,flat,118.44,119.07415374696572,12349.764963720041,1247.972790467383,93.73346988561852,BUY,0.25,"The price is below both the 20 and 60 day SMAs, indicating a potential buying opportunity. The RSI suggests oversold conditions, and the low news sentiment could present a chance to enter before a potential rebound.",120.0,114.65,35.0,0.8091,1476215,1.18,15.1,14.9,2.68,4.67,1,-0.1,0.14,-0.23
Day-165,google/gemma-2-9b-it,ENTJ,static,flat,123,0.92,flat,120.98,120.79995599871971,12587.847977229512,998.3782323739064,95.79657583778811,BUY,0.2,The price is slightly above the 20-day SMA and RSI indicates potential for upward momentum.  The P/E ratio suggests the stock is fairly valued.,120.16,114.9,42.8,0.9347,1199762,0.95,12.0,15.0,2.66,4.58,1,0.03,0.12,-0.1
Day-166,google/gemma-2-9b-it,ENTJ,static,flat,123,0.92,flat,122.59,122.45565813032428,12742.080464328352,748.7836742804298,97.8325865898354,BUY,0.25,"The price is above both the 20 and 60 day SMAs, indicating a potential uptrend. The RSI is in neutral territory, suggesting room for further upside.",120.28,115.13,44.5,1.1513,1439925,1.13,9.8,15.0,2.66,4.47,1,-0.43,0.02,-0.44
Day-167,google/gemma-2-9b-it,ENTJ,static,flat,123,0.92,flat,120.54,120.31105706662227,12541.52366181919,599.0269394243438,99.07496866098262,BUY,0.2,"The price is slightly below the 20-day SMA and RSI is in oversold territory, suggesting a potential buying opportunity. The P/E ratio is reasonable and implied volatility is moderate.",120.34,115.31,39.0,1.1437,1197155,0.95,8.5,15.0,2.66,4.37,1,-0.02,-0.04,0.02
Day-168,google/gemma-2-9b-it,ENTJ,static,flat,123,0.92,flat,124.28,124.07097820554334,12912.064044611263,449.2702045682579,100.2799633090039,BUY,0.25,"The price is above both the 20 and 60 day SMAs, indicating an upward trend. The RSI is in neutral territory, suggesting potential for further upside.",120.54,115.63,53.8,1.4232,1270601,1.0,11.3,15.0,2.66,4.25,1,-0.44,-0.19,-0.25
Day-169,google/gemma-2-9b-it,ENTJ,static,flat,123,0.92,flat,121.62,121.4197168338873,12645.319342209314,359.4161636546063,101.01877305175717,BUY,0.2,"The price is above both the 20 and 60 day SMAs, RSI is above 50, and the P/E ratio is reasonable.  This suggests an upward trend with room for further growth.",120.36,115.9,58.6,1.4136,1373844,1.07,9.4,15.0,2.66,3.85,1,0.0,-0.17,0.17
Day-170,google/gemma-2-9b-it,ENTJ,static,flat,123,0.92,flat,121.76,121.64875292735408,12659.461970436558,269.5621227409547,101.75673330893235,BUY,0.25,"The price is above both the 20 and 60 day SMAs, RSI is above 60 indicating potential overbought conditions, but the P/E ratio is reasonable.  This suggests a potential short-term upward trend.",120.23,116.09,67.4,1.4015,1379302,1.07,8.8,15.0,2.66,3.57,1,0.25,-0.13,0.37
Day-171,google/gemma-2-9b-it,ENTJ,static,flat,123,0.92,flat,120.52,121.01928177214103,12533.283621133482,215.64969819276376,102.204065075844,BUY,0.2,"The price is above both the 20 and 60 day SMAs, RSI is above 60 indicating potential upward momentum, and the P/E ratio is reasonable.",120.05,116.35,62.0,1.2771,1442931,1.1,8.5,14.9,2.68,3.18,1,0.12,-0.02,0.14
Day-172,google/gemma-2-9b-it,ENTJ,static,flat,123,0.92,flat,118.43,118.542322989978,12319.677125124968,215.64969819276376,102.204065075844,HOLD,0.0,"The price is slightly below the 20-day SMA, but the trend remains positive.  Further analysis is needed to confirm a potential entry point.",119.72,116.58,53.3,0.9981,1230883,0.94,12.4,15.0,2.67,2.69,1,0.03,-0.01,0.03
Day-173,google/gemma-2-9b-it,ENTJ,static,flat,123,0.92,flat,117.62,118.39987196637504,12236.891832413534,215.64969819276376,102.204065075844,HOLD,0.0,"The price is slightly below the 20-day SMA, but the RSI is not oversold.  Further analysis is needed to confirm a potential entry point.",119.31,116.83,53.7,0.7036,1296872,0.99,16.4,14.9,2.68,2.13,1,0.24,0.13,0.11
Day-174,google/gemma-2-9b-it,ENTJ,static,flat,123,0.92,flat,117.54,116.69356140985295,12228.715507207467,215.64969819276376,102.204065075844,HOLD,0.0,The stock is slightly below its 20-day SMA but the trend is neutral.  RSI is in neutral territory and further analysis is needed.,119.07,117.04,46.0,0.4586,1284944,0.98,18.5,15.1,2.65,1.73,0,0.32,0.19,0.13
Day-175,google/gemma-2-9b-it,ENTJ,static,flat,123,0.92,flat,116.89,116.89890605560774,12162.282864908168,215.64969819276376,102.204065075844,HOLD,0.0,"Price is slightly below the 20-day SMA, but RSI is not oversold.  Waiting for a clearer signal before entering a position.",119.03,117.23,43.9,0.2099,1252784,0.97,13.2,15.0,2.67,1.53,0,-0.25,0.09,-0.34
Day-176,google/gemma-2-9b-it,ENTJ,static,flat,123,0.92,flat,118.48,117.88047998933631,12324.787328378761,215.64969819276376,102.204065075844,HOLD,0.0,Market is currently neutral with a slight bearish bias.  Waiting for a clearer trend signal before making a move.,119.2,117.38,48.6,0.1394,1347336,1.03,14.2,15.1,2.65,1.56,0,0.36,0.14,0.22
Day-177,google/gemma-2-9b-it,ENTJ,static,flat,123,0.92,flat,121.09,121.43872530449835,12591.539938226713,215.64969819276376,102.204065075844,HOLD,0.0,The price is slightly above the 20-day SMA and RSI is in neutral territory.  Further analysis is needed before entering a position.,119.47,117.58,56.2,0.2904,1129792,0.87,10.3,15.0,2.67,1.61,0,-0.23,0.09,-0.32
Day-178,google/gemma-2-9b-it,ENTJ,static,flat,123,0.92,flat,122.2,122.22425357366764,12704.986450460901,172.51975855421102,102.55701057206784,BUY,0.2,"The price is above both the 20 and 60 day SMAs, RSI is above 50, and the P/E ratio is reasonable.  This suggests an upward trend with room for further growth.",119.73,117.78,58.2,0.4938,1032648,0.8,9.1,15.0,2.67,1.66,0,-0.13,0.01,-0.15
Day-179,google/gemma-2-9b-it,ENTJ,static,flat,123,0.92,flat,120.84,120.7754449617356,12565.50891608289,172.51975855421102,102.55701057206784,HOLD,0.0,The stock is near its 20-day SMA and RSI is neutral.  Further analysis is needed to confirm a clear trend direction.,119.97,117.9,49.7,0.5395,1259349,0.98,7.5,15.0,2.67,1.75,0,0.22,-0.01,0.22
Day-180,google/gemma-2-9b-it,ENTJ,static,flat,123,0.92,flat,119.79,119.86913408871753,12457.824054982219,129.38981891565828,102.91705681665046,BUY,0.25,"The price is slightly below the 20-day SMA, indicating a potential buying opportunity. The RSI suggests the stock is oversold, and the P/E ratio is reasonable.",120.01,118.0,43.4,0.485,1214183,0.94,7.5,15.0,2.67,1.7,0,0.05,0.05,0.0
Day-181,google/gemma-2-9b-it,ENTJ,static,flat,123,0.92,flat,120.3,120.24125232023803,12510.31175395871,129.38981891565828,102.91705681665046,HOLD,0.0,"The price is slightly above the 20-day SMA, but the RSI is neutral and the trend is flat.  Further analysis is needed before entering a position.",120.07,118.13,49.4,0.4781,1263595,0.98,10.1,15.0,2.67,1.64,0,-0.01,-0.02,0.01
Day-182,google/gemma-2-9b-it,ENTJ,static,flat,123,0.92,flat,121.01,120.502364741792,12583.382864298532,129.38981891565828,102.91705681665046,HOLD,0.0,"Current price is slightly above the 20-day SMA, RSI is neutral, and news sentiment is slightly positive.  Further analysis is needed to confirm a strong trend.",120.16,118.33,40.2,0.5238,1306450,1.01,10.3,15.1,2.66,1.55,0,0.05,0.04,0.02
Day-183,google/gemma-2-9b-it,ENTJ,static,flat,123,0.92,flat,123.82,124.10911799984365,12872.579793953319,129.38981891565828,102.91705681665046,HOLD,0.0,"The stock is near its 20-day SMA, RSI is moderate, and news sentiment is neutral.  Further analysis is needed before entering a position.",120.44,118.62,56.6,0.7774,1182463,0.92,8.5,15.0,2.67,1.53,0,0.39,0.14,0.25
Day-184,google/gemma-2-9b-it,ENTJ,static,flat,123,0.92,flat,127.0,127.659711652534,13199.856034630267,129.38981891565828,102.91705681665046,HOLD,0.0,"Price is slightly above the 20 and 60 day SMA, RSI is in neutral territory, and news sentiment is neutral.  Further analysis is needed before entering a trade.",120.86,119.02,63.2,1.221,1153486,0.91,7.5,14.9,2.68,1.55,0,0.02,0.1,-0.08
Day-185,google/gemma-2-9b-it,ENTJ,static,flat,123,0.92,flat,127.22,126.78458973843337,13222.49778712993,129.38981891565828,102.91705681665046,HOLD,0.0,"The stock is currently trading above both the 20 and 60 day SMAs, but RSI is showing signs of overbought territory.  Waiting for a pullback to a more favorable entry point.",121.18,119.4,67.8,1.5721,1337860,1.05,8.1,15.1,2.66,1.49,0,0.22,0.14,0.09
Day-186,google/gemma-2-9b-it,ENTJ,static,flat,123,0.92,flat,125.22,125.43863314050272,13016.663673496629,129.38981891565828,102.91705681665046,HOLD,0.0,"The stock is currently trading near its 20-day SMA, RSI is elevated, and implied volatility is moderate.  Further analysis is needed before entering a position.",121.31,119.71,68.2,1.6695,1200242,0.95,8.4,15.0,2.67,1.34,0,0.22,0.18,0.03
Day-187,google/gemma-2-9b-it,ENTJ,static,flat,123,0.92,flat,119.51,119.22060112656283,12429.007279073556,129.38981891565828,102.91705681665046,HOLD,0.0,"The stock is hovering near its SMA20 and 60, with neutral RSI and moderate implied volatility.  Further analysis is needed before making a trade.",121.26,119.88,54.0,1.2719,1416567,1.12,7.8,15.0,2.66,1.15,0,0.63,0.3,0.33
Day-188,google/gemma-2-9b-it,ENTJ,static,flat,123,0.92,flat,118.25,117.95428801113135,12299.331787484576,129.38981891565828,102.91705681665046,HOLD,0.0,"The stock is slightly below the 20 and 60 day SMA, but RSI and volume are neutral.  Further analysis is needed before entering a position.",120.95,120.05,51.4,0.8449,1381137,1.08,13.5,15.0,2.66,0.75,0,0.41,0.3,0.11
Day-189,google/gemma-2-9b-it,ENTJ,static,flat,123,0.92,flat,115.6,115.70409253796552,12026.601586920451,103.51185513252662,103.14091463484364,BUY,0.2,"The price is below both the 20 and 60 day SMA, indicating a potential buying opportunity. The RSI is in oversold territory, suggesting a possible rebound.",120.65,120.1,47.6,0.2893,1450675,1.13,14.8,15.0,2.67,0.46,0,0.21,0.34,-0.13
Day-190,google/gemma-2-9b-it,ENTJ,static,flat,123,0.92,flat,115.06,114.92037720024018,11970.905493017635,103.51185513252662,103.14091463484364,HOLD,0.0,"The stock is currently trading below both the 20 and 60 day SMAs, indicating a potential downtrend.  RSI is below 50, suggesting oversold conditions, but further analysis is needed before entering a position.",120.32,120.06,43.3,-0.1922,1048091,0.83,11.0,15.0,2.66,0.22,0,0.22,0.34,-0.12
Day-191,google/gemma-2-9b-it,ENTJ,static,flat,123,0.92,flat,115.26,115.85868332458055,11991.533675944604,82.8094841060213,103.32052916743521,BUY,0.2,The stock is showing signs of undervaluation with a P/E ratio below the market average and RSI indicating potential oversold conditions.  A buy order will capitalize on this dip with the expectation of a trend reversal.,120.06,120.03,37.5,-0.5512,1080444,0.87,15.7,14.9,2.68,0.02,0,0.05,0.3,-0.25
Day-192,google/gemma-2-9b-it,ENTJ,static,flat,123,0.92,flat,116.34,116.30488334151813,12103.119847445434,66.24758728481704,103.46288688465374,BUY,0.2,"The price is below both the 20 and 60 day SMA, indicating a potential buying opportunity. The RSI suggests oversold conditions, and the low implied volatility may present a favorable risk/reward profile.",119.95,120.06,37.4,-0.7402,1303930,1.05,11.7,15.0,2.67,-0.09,0,-0.05,0.17,-0.22
Day-193,google/gemma-2-9b-it,ENTJ,static,flat,123,0.92,flat,116.47,116.2700715061457,12116.57002274044,52.998069827853634,103.57664594241079,BUY,0.2,"The price is below both the 20 and 60 day SMA, indicating a potential buying opportunity. RSI is oversold, suggesting a possible rebound.",119.89,120.08,40.1,-0.8691,1354232,1.08,10.2,15.0,2.66,-0.15,0,-0.0,0.09,-0.09
Day-194,google/gemma-2-9b-it,ENTJ,static,flat,123,0.92,flat,116.47,116.7701333298484,12116.57002274044,52.998069827853634,103.57664594241079,HOLD,0.0,"The price is below the SMA20 and 60, indicating a potential downtrend.  RSI is below 50, suggesting oversold conditions, but further analysis is needed before entering a position.",119.84,120.05,42.1,-0.9605,1105471,0.89,11.7,15.0,2.67,-0.18,0,0.01,0.04,-0.04
Day-195,google/gemma-2-9b-it,ENTJ,static,flat,123,0.92,flat,116.33,116.51091672834015,12102.069292308503,39.74855237089022,103.69054190610858,BUY,0.25,"The price is below both the 20 and 60 day SMA, indicating a potential buying opportunity. The RSI suggests the stock is oversold, and the P/E ratio is reasonable.",119.81,120.02,40.4,-1.0321,1012144,0.82,14.1,15.0,2.67,-0.18,0,-0.13,-0.03,-0.11
Day-196,google/gemma-2-9b-it,ENTJ,static,flat,123,0.92,flat,117.2,117.00601609476284,12192.280063766815,29.811414278167668,103.77532977379393,BUY,0.25,"The price is below both the 20 and 60 day SMA, indicating a potential buying opportunity. The RSI is in oversold territory, suggesting a possible rebound.",119.75,119.96,40.8,-1.0072,1430785,1.16,18.6,15.0,2.66,-0.18,0,-0.12,-0.06,-0.06
Day-197,google/gemma-2-9b-it,ENTJ,static,flat,123,0.92,flat,110.37,109.71699227165665,11483.494561411802,25.33970213644252,103.81584542244596,BUY,0.15,"The price is significantly below both the 20 and 60 day SMA, indicating a potential buying opportunity. The low RSI suggests oversold conditions, further supporting a potential rebound.",119.21,119.79,22.9,-1.5208,1389088,1.11,14.9,15.1,2.65,-0.48,0,-0.02,-0.05,0.04
Day-198,google/gemma-2-9b-it,ENTJ,static,flat,123,0.92,flat,109.16,109.16040250593322,11357.877388450645,20.271761709154013,103.86227213944201,BUY,0.2,"The RSI is oversold and the price is below both the 20 and 60 day SMA, indicating potential for a rebound.  The P/E ratio is reasonable and the news sentiment is slightly negative, suggesting potential for a positive surprise.",118.56,119.57,10.9,-2.0027,1460575,1.15,13.3,15.0,2.67,-0.84,0,-0.1,-0.07,-0.02
Day-199,google/gemma-2-9b-it,ENTJ,static,flat,123,0.92,flat,108.75,108.95134089120992,11315.293856873473,15.20382128186551,103.90887389049755,BUY,0.25,The RSI is extremely oversold and the price is significantly below both the 20 and 60 day SMAs. This suggests a potential buying opportunity with a high risk/reward ratio.,117.96,119.24,9.9,-2.3902,1144849,0.91,14.1,15.0,2.67,-1.07,0,-0.06,-0.09,0.03
Day-200,google/gemma-2-9b-it,ENTJ,static,flat,123,0.92,flat,108.17,108.24272232738943,11255.026710016986,11.402865961399133,103.94401261029478,BUY,0.25,"The price is significantly below both the 20 and 60 day SMAs, indicating a potential buying opportunity. The low RSI suggests oversold conditions, further supporting a potential rebound.",117.38,118.91,10.6,-2.7123,1254878,0.99,14.0,15.0,2.67,-1.29,0,-0.05,-0.07,0.02
Day-201,google/gemma-2-9b-it,ENTJ,static,flat,123,0.92,flat,108.26,107.80426364693095,11264.381671151912,8.55214947104935,103.97034474118661,BUY,0.25,"The price is significantly below both the 20 and 60 day SMA, indicating a potential buying opportunity. The low RSI suggests oversold conditions, further supporting a potential rebound.",116.77,118.59,14.8,-2.9267,1363413,1.07,11.9,15.1,2.66,-1.54,0,0.27,0.01,0.26
Day-202,google/gemma-2-9b-it,ENTJ,static,flat,123,0.92,flat,109.08,109.36417971944059,11349.637353839684,6.414112103287013,103.98994537712136,BUY,0.25,"The price is significantly below both the 20 and 60 day SMA, indicating a potential buying opportunity. The low RSI suggests oversold conditions, further supporting a potential rebound.",116.18,118.27,20.5,-2.9962,1312923,1.03,13.3,15.0,2.67,-1.77,0,0.24,0.06,0.18
Day-203,google/gemma-2-9b-it,ENTJ,static,flat,123,0.92,flat,107.97,108.09617119096025,11234.20851447108,5.13128968262961,104.00182666285497,BUY,0.2,"The price is significantly below both the 20 and 60 day SMA, indicating a potential buying opportunity. The low RSI suggests oversold conditions, and the low volume ratio implies a lack of strong selling pressure.",115.38,117.92,22.8,-3.1051,1006214,0.8,12.7,15.0,2.67,-2.15,-1,0.31,0.14,0.17
Day-204,google/gemma-2-9b-it,ENTJ,static,flat,123,0.92,flat,112.75,112.99407083649022,11731.337245919527,3.848467261972208,104.01320424529982,BUY,0.25,"The price is below both the 20 and 60 day SMA, indicating a potential buying opportunity. The RSI suggests the stock is oversold and the P/E ratio is reasonable.",114.67,117.72,43.7,-2.7734,1254931,0.99,11.4,15.0,2.67,-2.59,-1,0.37,0.23,0.15
Day-205,google/gemma-2-9b-it,ENTJ,static,flat,123,0.92,flat,114.52,114.59466906790881,11915.440617433705,2.886350446479156,104.02160554477146,BUY,0.25,The price is below the 20-day SMA and RSI suggests potential for upward momentum.  A small buy order will capitalize on this potential trend.,114.04,117.66,48.1,-2.3412,1490931,1.17,11.2,15.0,2.67,-3.08,-1,-0.22,0.19,-0.41
Day-206,google/gemma-2-9b-it,ENTJ,static,flat,123,0.92,flat,114.7,114.61459365394919,11934.164506431767,2.164762834859367,104.02789663118489,BUY,0.25,"The price is below the 20-day SMA, indicating a potential buying opportunity.  The RSI suggests the stock is oversold, and the P/E ratio is reasonable.",113.51,117.66,45.7,-1.9611,1116167,0.88,12.4,15.0,2.66,-3.52,-1,0.01,0.14,-0.13
Day-207,google/gemma-2-9b-it,ENTJ,static,flat,123,0.92,flat,114.55,114.17608869958995,11918.560321937088,1.7318102678874936,104.03167622583327,BUY,0.2,"The price is below the 20-day SMA and RSI is in oversold territory, suggesting a potential buying opportunity.  The P/E ratio is reasonable and implied volatility is moderate.",113.26,117.63,44.9,-1.6533,1227965,0.98,10.8,15.0,2.66,-3.71,-1,0.09,0.11,-0.02
Day-208,google/gemma-2-9b-it,ENTJ,static,flat,123,0.92,flat,112.88,114.01288275776076,11744.827422639946,1.3854482143099949,104.03474463523774,BUY,0.2,"The price is below both the 20 and 60 day SMA, indicating a potential buying opportunity. The RSI is oversold, suggesting a possible rebound.",113.0,117.55,41.3,-1.5262,1403756,1.11,16.0,14.9,2.69,-3.87,-1,0.13,0.08,0.05
Day-209,google/gemma-2-9b-it,ENTJ,static,flat,123,0.92,flat,112.2,111.97832292584953,11674.083796287985,1.108358571447996,104.03721423989784,BUY,0.2,"The price is below both the 20 and 60 day SMA, indicating a potential buying opportunity. RSI is oversold, suggesting a potential bounce.",112.83,117.47,40.2,-1.4634,1133059,0.91,12.1,15.0,2.66,-3.95,-1,0.15,0.03,0.12
Day-210,google/gemma-2-9b-it,ENTJ,static,flat,123,0.92,flat,111.4,111.79884799097661,11590.854024896067,0.8866868571583968,104.03920411165986,BUY,0.2,"The price is below both the 20 and 60 day SMA, indicating a potential buying opportunity. The RSI suggests oversold conditions, and the low implied volatility presents a lower risk profile.",112.64,117.32,36.2,-1.462,1203344,0.96,13.6,14.9,2.68,-3.99,-1,0.43,0.16,0.26
Day-211,google/gemma-2-9b-it,ENTJ,static,flat,123,0.92,flat,112.72,112.45744987956519,11728.185774323458,0.6650151428687976,104.04117068116207,BUY,0.25,"The price is below the 20-day SMA, indicating a potential buying opportunity.  The RSI is above 50, suggesting upward momentum.",112.51,117.19,57.5,-1.3387,1345226,1.06,13.1,15.0,2.66,-3.99,-1,-0.16,0.13,-0.29
Day-212,google/gemma-2-9b-it,ENTJ,static,flat,123,0.92,flat,114.42,113.80264444985897,11905.055764481433,0.4987613571515982,104.04262369449643,BUY,0.25,The stock is slightly below the 60-day SMA and RSI is showing moderate bullish momentum.  A small buy order is warranted to capitalize on potential upside.,112.42,117.1,66.4,-1.0911,1224946,0.97,14.9,15.1,2.65,-4.0,-1,0.07,0.12,-0.05
Day-213,google/gemma-2-9b-it,ENTJ,static,flat,123,0.92,flat,115.59,115.16427124356782,12026.785634203994,0.4987613571515982,104.04262369449643,HOLD,0.0,The stock is currently overbought (RSI 70.3) and the short-term trend is slightly negative.  Waiting for a pullback to a more attractive entry point.,112.38,117.04,70.3,-0.791,1477037,1.16,12.9,15.1,2.66,-3.99,-1,-0.37,0.02,-0.39
Day-214,google/gemma-2-9b-it,ENTJ,static,flat,123,0.92,flat,114.63,114.56725194144208,11926.904715457278,0.3740710178636987,104.04371145807741,BUY,0.25,"The price is below the 20-day SMA, indicating a potential buying opportunity. The RSI is above 60, suggesting upward momentum.",112.28,116.97,68.7,-0.6239,1425097,1.11,11.6,15.0,2.67,-4.0,-1,0.13,0.02,0.11
Day-215,google/gemma-2-9b-it,ENTJ,static,flat,123,0.92,flat,111.71,111.4014516881087,11623.097077999691,0.3179603651841439,104.04421374661631,BUY,0.15,"The price is below both the 20 and 60 day SMA, indicating a potential short-term downtrend.  RSI is above 50 suggesting potential for a bounce, making this a good entry point for a short-term trade.",112.05,116.78,58.6,-0.7184,1144989,0.89,11.2,15.0,2.66,-4.05,-1,-0.48,-0.16,-0.32
Day-216,google/gemma-2-9b-it,ENTJ,static,flat,123,0.92,flat,109.65,109.95358324031206,11408.765997681663,0.3179603651841439,104.04421374661631,HOLD,0.0,"Market is currently below the 20-day SMA, indicating a potential short-term downtrend.  Waiting for a clearer signal before entering a position.",111.67,116.52,51.3,-0.9485,1000278,0.79,9.5,15.0,2.67,-4.16,-1,0.11,-0.11,0.22
Day-217,google/gemma-2-9b-it,ENTJ,static,flat,123,0.92,flat,113.57,113.5907602386154,11816.619315568396,0.2861643286657295,104.04449371523934,BUY,0.1,"The price is below the 20-day SMA, indicating a potential buying opportunity.  RSI is above 60, suggesting upward momentum.",111.83,116.38,61.6,-0.8054,1268115,1.0,7.8,15.0,2.67,-3.91,-1,0.37,-0.05,0.42
Day-218,google/gemma-2-9b-it,ENTJ,static,flat,123,0.92,flat,116.06,115.67948810662516,12075.690104919344,0.24323967936587007,104.04486356401841,BUY,0.15,"The price is slightly below the 60-day SMA, indicating potential for a short-term dip.  RSI is in neutral territory, suggesting room for further upward movement.",112.18,116.22,57.6,-0.4857,1426629,1.13,7.5,15.0,2.66,-3.48,-1,0.19,0.06,0.12
Day-219,google/gemma-2-9b-it,ENTJ,static,flat,123,0.92,flat,116.21,116.57277138140836,12091.296834453946,0.20675372746098958,104.04517752970041,BUY,0.15,"The price is slightly below the 60-day SMA, indicating potential for a trend reversal.  The RSI is in neutral territory, suggesting room for further upward movement.",112.55,116.11,54.2,-0.218,1454588,1.14,14.0,15.0,2.68,-3.06,-1,-0.32,-0.03,-0.29
Day-220,google/gemma-2-9b-it,ENTJ,static,flat,123,0.92,flat,114.93,114.84574040911073,11958.11900721593,0.18607835471489062,104.04535742505189,BUY,0.1,"The price is below the 20-day SMA, suggesting a potential buying opportunity.  The RSI is neutral, and the positive news sentiment indicates potential for upward movement.",112.89,115.97,50.5,-0.1072,1061011,0.84,13.6,15.0,2.66,-2.66,-1,-0.23,0.02,-0.26
Day-221,google/gemma-2-9b-it,ENTJ,static,flat,123,0.92,flat,114.77,114.88857472769955,11941.471750027918,0.13955876603616796,104.04576275387195,BUY,0.25,"The price is below the 20-day SMA, indicating a potential buying opportunity.  The RSI is neutral and the P/E ratio is reasonable, suggesting further upside potential.",113.22,115.86,50.5,-0.0322,1445701,1.14,9.6,15.0,2.67,-2.28,-1,0.19,0.04,0.15
Day-222,google/gemma-2-9b-it,ENTJ,static,flat,123,0.92,flat,112.02,112.07287950448799,11655.345902454772,0.10466907452712597,104.04607421335695,BUY,0.25,"The price is below both the 20 and 60 day SMAs, indicating a potential buying opportunity. The RSI is in neutral territory, suggesting room for upward momentum.",113.36,115.73,48.1,-0.1927,1248838,0.98,8.4,15.0,2.67,-2.05,-1,-0.03,-0.04,0.01
Day-223,google/gemma-2-9b-it,ENTJ,static,flat,123,0.92,flat,110.98,110.87579734857307,11547.137985272882,0.07850180589534447,104.04630999699933,BUY,0.25,"The price is below both the 20 and 60 day SMAs, indicating a potential buying opportunity. RSI is in oversold territory, suggesting a possible rebound.",113.51,115.6,47.3,-0.3992,1489600,1.15,7.6,15.0,2.66,-1.8,0,-0.65,-0.21,-0.44
Day-224,google/gemma-2-9b-it,ENTJ,static,flat,123,0.92,flat,110.3,110.36649110699257,11476.38649447492,0.058876354421508355,104.04648792493653,BUY,0.25,"The price is below both the 20 and 60 day SMAs, indicating a potential buying opportunity. The RSI suggests the stock is oversold and the P/E ratio is reasonable.",113.39,115.45,47.6,-0.6106,1400855,1.08,7.5,15.0,2.67,-1.79,0,0.43,-0.06,0.49
Day-225,google/gemma-2-9b-it,ENTJ,static,flat,123,0.92,flat,109.6,109.6039886399291,11403.553952927465,0.04415726581613127,104.04662222319023,BUY,0.25,"The price is below both the 20 and 60 day SMAs, indicating a potential buying opportunity. The RSI suggests the stock is oversold, and the low implied volatility presents a lower risk profile.",113.14,115.31,42.9,-0.8248,1083296,0.85,7.5,15.0,2.67,-1.88,0,0.06,-0.0,0.06
Day-226,google/gemma-2-9b-it,ENTJ,static,flat,123,0.92,flat,111.62,111.75464573172007,11613.72812981831,0.03311794936209845,104.04672112407228,BUY,0.25,"The price is below both the 20 and 60 day SMAs, indicating a potential buying opportunity. The RSI is in oversold territory, suggesting a possible rebound.",112.99,115.17,43.7,-0.822,1263493,0.98,7.7,15.0,2.67,-1.89,0,-0.43,-0.13,-0.3
Day-227,google/gemma-2-9b-it,ENTJ,static,flat,123,0.92,flat,108.2,108.66081992633501,11257.888343573983,0.02483846202157384,104.04679764428799,BUY,0.25,"The price is below both the 20 and 60 day SMAs, indicating a potential buying opportunity. The RSI suggests oversold conditions, and the low news sentiment may present a chance to enter before a potential rebound.",112.67,114.91,34.9,-1.0832,1440638,1.11,7.5,14.9,2.68,-1.95,0,0.07,-0.11,0.18
Day-228,google/gemma-2-9b-it,ENTJ,static,flat,123,0.92,flat,106.89,106.82827529742656,11121.587038659964,0.01862884651618038,104.04685573780006,BUY,0.25,"The price is below both the 20 and 60 day SMA, indicating a potential buying opportunity. The RSI suggests oversold conditions, and the P/E ratio is reasonable.",112.37,114.61,34.5,-1.3805,1406729,1.08,9.5,15.0,2.67,-1.95,0,0.66,0.16,0.51
Day-229,google/gemma-2-9b-it,ENTJ,static,flat,123,0.92,flat,104.12,103.96235703571897,10833.377248266259,0.013971634887135286,104.04690046707042,BUY,0.25,Price is below both SMAs and RSI suggests oversold conditions.  P/E ratio is reasonable and implies potential for growth.,111.97,114.27,34.7,-1.8184,1484056,1.13,10.9,15.0,2.66,-2.01,-1,-0.04,0.06,-0.11
Day-230,google/gemma-2-9b-it,ENTJ,static,flat,123,0.92,flat,101.85,101.45159800387178,10597.19078420601,0.010478726165351464,104.04693476170686,BUY,0.25,"The price is below both the 20 and 60 day SMA, indicating a potential buying opportunity. The RSI suggests oversold conditions, and the low implied volatility may present a favorable risk/reward profile.",111.49,113.91,34.4,-2.3224,1417105,1.07,8.5,15.1,2.66,-2.13,-1,-0.05,0.04,-0.09
Day-231,google/gemma-2-9b-it,ENTJ,static,flat,123,0.92,flat,101.69,101.73413957059513,10580.543274644137,0.007859044624013599,104.04696052315383,BUY,0.25,"The price is significantly below both the 20 and 60 day SMAs, indicating a potential buying opportunity. The low RSI suggests oversold conditions, and the negative news sentiment may be creating a temporary dip.",110.94,113.54,22.0,-2.7029,1495573,1.12,9.3,15.0,2.67,-2.29,-1,-0.19,0.09,-0.28
Day-232,google/gemma-2-9b-it,ENTJ,static,flat,123,0.92,flat,98.21,98.55887891301725,10218.45985202356,0.0058942834680101985,104.04698052886766,BUY,0.25,"The price is significantly below both the 20 and 60 day SMAs, indicating a potential buying opportunity. The low RSI suggests oversold conditions, and the positive news sentiment further supports a bullish outlook.",110.13,113.09,9.8,-3.2481,1262309,0.95,7.5,14.9,2.68,-2.61,-1,0.19,0.11,0.08
Day-233,google/gemma-2-9b-it,ENTJ,static,flat,123,0.92,flat,99.83,100.08616856821529,10387.015960480327,0.004420712601007648,104.0469952896697,BUY,0.25,"The price is significantly below both the 20 and 60 day SMAs, indicating a potential buying opportunity. The low RSI suggests oversold conditions, further supporting a potential rebound.",109.34,112.61,15.4,-3.5086,1298133,0.98,10.0,15.0,2.67,-2.9,-1,0.08,-0.0,0.08
Day-234,google/gemma-2-9b-it,ENTJ,static,flat,123,0.92,flat,99.85,99.6232115463662,10389.09690038612,0.0033155344507557363,104.04700635805378,BUY,0.25,"The price is significantly below both the 20 and 60 day moving averages, indicating a potential buying opportunity. The low RSI suggests oversold conditions, further supporting a potential rebound.",108.6,112.06,16.3,-3.6718,1034925,0.79,12.4,15.0,2.66,-3.09,-1,0.24,0.05,0.19
Day-235,google/gemma-2-9b-it,ENTJ,static,flat,123,0.92,flat,99.76,99.79029676070762,10379.732669813895,0.0016577672253778682,104.04702297560816,BUY,0.5,"The price is significantly below both the 20 and 60 day SMAs, indicating a potential buying opportunity. The low RSI suggests oversold conditions, and the negative news sentiment may be creating a temporary dip.",108.01,111.51,16.4,-3.7646,1197030,0.91,10.3,15.0,2.67,-3.15,-1,-0.22,0.02,-0.24
Day-236,google/gemma-2-9b-it,ENTJ,static,flat,123,0.92,flat,100.55,100.4663139267721,10461.929817964627,0.001243325419033401,104.0470270973566,BUY,0.25,"The price is below both the 20 and 60 day SMA, indicating a potential buying opportunity. The RSI suggests oversold conditions, and the low implied volatility may present a favorable risk/reward profile.",107.55,111.02,21.8,-3.7316,1157754,0.88,8.8,15.0,2.66,-3.12,-1,0.22,0.1,0.12
Day-237,google/gemma-2-9b-it,ENTJ,static,flat,123,0.92,flat,99.54,99.62759217545187,10356.842320596295,0.0009324940642750509,104.04703022003447,BUY,0.25,"The price is below both the 20 and 60 day SMAs, indicating a potential buying opportunity. The RSI suggests oversold conditions, and the low implied volatility could indicate a potential for a price rebound.",106.85,110.62,21.9,-3.7438,1458510,1.1,7.5,15.0,2.67,-3.41,-1,-0.35,-0.01,-0.35
Day-238,google/gemma-2-9b-it,ENTJ,static,flat,123,0.92,flat,102.26,101.7367658405118,10639.85024279479,0.0006993705482062881,104.0470324997481,BUY,0.25,"The price is below both the 20 and 60 day SMA, indicating a potential buying opportunity. The RSI suggests oversold conditions, and the low implied volatility may present a favorable risk/reward profile.",106.16,110.3,32.0,-3.4933,1165612,0.89,8.4,15.1,2.65,-3.75,-1,0.15,0.01,0.14
Day-239,google/gemma-2-9b-it,ENTJ,static,flat,123,0.92,flat,101.89,101.37250452733184,10601.352840769883,0.0005245279111547161,104.04703421574219,BUY,0.25,"The price is below both the 20 and 60 day SMA, indicating a potential buying opportunity. The RSI suggests oversold conditions, and the low implied volatility could indicate a potential for a price rebound.",105.44,110.03,32.5,-3.287,1443057,1.1,9.0,15.1,2.65,-4.17,-1,-0.24,-0.09,-0.15
Day-240,google/gemma-2-9b-it,ENTJ,static,flat,123,0.92,flat,102.17,102.61491586631435,10630.48601035029,0.00039339593336603707,104.0470354992107,BUY,0.25,"The price is below both the 20 and 60 day SMA, indicating a potential buying opportunity. The RSI suggests oversold conditions, and the low volume ratio may indicate a potential reversal.",104.81,109.77,26.7,-3.0653,1119599,0.85,14.2,14.9,2.68,-4.52,-1,0.01,-0.04,0.05
Day-241,google/gemma-2-9b-it,ENTJ,static,flat,123,0.92,flat,102.63,102.237757155029,10678.347646679926,0.0002950469500245278,104.04703645749758,BUY,0.25,"The price is below both the 20 and 60 day SMAs, indicating a potential oversold condition. The RSI is also low, suggesting buying opportunity.",104.2,109.52,33.9,-2.8204,1290995,0.99,12.9,15.1,2.66,-4.86,-1,-0.47,-0.18,-0.29
Day-242,google/gemma-2-9b-it,ENTJ,static,flat,123,0.92,flat,102.99,102.86511234420821,10715.804579804626,0.00022128521251839583,104.04703717370049,BUY,0.25,"The price is below both the 20 and 60-day SMA, indicating a potential buying opportunity. The RSI suggests oversold conditions, and the low implied volatility may present a favorable risk/reward profile.",103.75,109.25,38.1,-2.5676,1267322,0.97,12.2,15.0,2.66,-5.04,-1,0.03,-0.1,0.13
Day-243,google/gemma-2-9b-it,ENTJ,static,flat,123,0.92,flat,103.48,103.47311230684726,10766.787628019738,0.0001659639093887969,104.04703770830913,BUY,0.25,"The price is below the 20-day SMA, indicating a potential buying opportunity. The RSI suggests the stock is oversold and the P/E ratio is reasonable.",103.37,108.99,47.7,-2.3013,1049230,0.82,12.6,15.0,2.67,-5.15,-1,-0.01,-0.13,0.13
Day-244,google/gemma-2-9b-it,ENTJ,static,flat,123,0.92,flat,103.67,104.02291311307559,10786.556565184317,0.00012447293204159767,104.04703810853077,BUY,0.25,"The price is below the 20-day SMA, indicating a potential buying opportunity. The RSI is above 50, suggesting upward momentum.",103.04,108.73,57.6,-2.0509,1158573,0.91,12.2,14.9,2.68,-5.24,-1,-0.46,-0.18,-0.28
Day-245,google/gemma-2-9b-it,ENTJ,static,flat,123,0.92,flat,102.69,102.04613717665674,10684.590467837957,9.335469903119824e-05,104.04703841156157,BUY,0.25,"The price is below the 20-day SMA and RSI is below 70, indicating potential for a short-term dip.  The P/E ratio suggests the stock is undervalued.",102.7,108.46,53.9,-1.9095,1492908,1.15,12.0,15.1,2.65,-5.32,-1,0.52,-0.08,0.6
Day-246,google/gemma-2-9b-it,ENTJ,static,flat,123,0.92,flat,103.41,102.97050126120526,10759.504335494279,5379.7522144244895,52.02351920578079,SELL,0.5,"The RSI is overbought, indicating potential for a price correction.  The short-term trend is also weakening, suggesting a potential reversal.",102.28,108.19,75.8,-1.7194,1297239,1.0,11.4,15.1,2.66,-5.45,-1,0.19,0.05,0.13
Day-247,google/gemma-2-9b-it,ENTJ,static,flat,123,0.92,flat,101.65,102.34642802676306,10667.942941692107,2689.8761072122447,78.48565503669317,BUY,0.5,"The stock is trading below both the 20 and 60 day SMA, indicating a potential downtrend. The RSI is above 50, suggesting some buying pressure, but the negative news sentiment warrants a cautious approach.",101.96,108.01,58.9,-1.6918,1413278,1.09,14.4,14.9,2.68,-5.6,-1,-0.33,-0.02,-0.31
Day-248,google/gemma-2-9b-it,ENTJ,static,flat,123,0.92,flat,104.21,103.67626135750199,10868.866218586041,2017.4070804091834,84.93867323843064,BUY,0.25,"The stock is showing a bullish trend with positive SMA crossover and RSI above 60.  The P/E ratio is reasonable and the news sentiment is slightly negative, indicating potential for a price rebound.",101.82,107.91,67.1,-1.4469,1359741,1.05,11.5,15.1,2.65,-5.64,-1,-0.3,-0.08,-0.23
Day-249,google/gemma-2-9b-it,ENTJ,static,flat,123,0.92,flat,99.32,99.3375159299207,10453.516106450115,2017.4070804091834,84.93867323843064,HOLD,0.0,"The stock is below both the 20 and 60 day SMA, indicating a potential downtrend. RSI is neutral, and the negative news sentiment warrants further observation.",101.58,107.72,48.8,-1.628,1450164,1.12,11.6,15.0,2.67,-5.7,-1,-0.07,0.0,-0.08
Day-250,google/gemma-2-9b-it,ENTJ,static,flat,123,0.92,flat,96.33,96.49787420965313,10199.549473467205,1513.0553103068876,90.17433990615923,BUY,0.25,"The price is below both the 20 and 60 day SMA, indicating a potential buying opportunity. The RSI suggests oversold conditions, and the low implied volatility could indicate a potential for a price rebound.",101.31,107.49,39.3,-1.9901,1172241,0.92,8.4,15.0,2.67,-5.75,-1,-0.17,-0.14,-0.03
Day-251,google/gemma-2-9b-it,ENTJ,static,flat,123,0.92,flat,96.97,97.23102914687493,10257.261051007146,1134.7914827301656,94.07517343793938,BUY,0.25,"The price is below both the 20 and 60 day SMA, indicating a potential buying opportunity. The RSI suggests the stock is oversold, and the P/E ratio is reasonable.",101.07,107.26,43.4,-2.2003,1110532,0.88,8.1,15.0,2.67,-5.77,-1,-0.03,-0.18,0.15
Day-252,google/gemma-2-9b-it,ENTJ,static,flat,123,0.92,flat,101.19,100.95233170670687,10654.258282915252,1134.7914827301656,94.07517343793938,HOLD,0.0,The stock is slightly below the 20-day SMA and RSI is in neutral territory.  Further analysis is needed before entering a position.,101.22,107.1,47.4,-2.0032,1035751,0.83,7.5,15.0,2.66,-5.49,-1,-0.65,-0.25,-0.41
Day-253,google/gemma-2-9b-it,ENTJ,static,flat,123,0.92,flat,102.81,102.68331261957577,10806.660063884714,851.0936120476242,96.83461192332545,BUY,0.25,"The price is below the 20-day SMA and RSI is in neutral territory, suggesting a potential buying opportunity. The P/E ratio is reasonable and implied volatility is moderate.",101.37,107.0,52.1,-1.6967,1420877,1.13,9.3,15.0,2.66,-5.26,-1,0.51,-0.08,0.59
Day-254,google/gemma-2-9b-it,ENTJ,static,flat,123,0.92,flat,101.1,101.32169947997775,10641.072877495826,851.0936120476242,96.83461192332545,HOLD,0.0,"The stock is currently below both the 20 and 60 day moving averages, indicating a potential downtrend.  RSI is neutral, and the negative news sentiment adds to the caution.",101.43,106.77,47.7,-1.5736,1261411,1.0,7.6,15.0,2.67,-5.0,-1,-0.22,-0.11,-0.1
Day-255,google/gemma-2-9b-it,ENTJ,static,flat,123,0.92,flat,97.78,97.9796251160913,10319.581965910387,638.3202090357181,99.01065408953436,BUY,0.25,"The price is below both the 20 and 60 day SMA, indicating a potential buying opportunity. RSI is oversold, suggesting a possible price rebound.",101.33,106.43,40.8,-1.7242,1359644,1.07,7.5,15.0,2.67,-4.79,-1,0.36,-0.0,0.37
Day-256,google/gemma-2-9b-it,ENTJ,static,flat,123,0.92,flat,99.36,99.47568818898257,10476.018799371852,510.6561672285745,100.29551763429224,BUY,0.2,"The price is below both the 20 and 60 day SMAs, indicating a potential buying opportunity. The RSI suggests the stock is oversold, and the P/E ratio is reasonable.",101.27,106.12,43.5,-1.696,1032038,0.81,8.7,15.0,2.67,-4.57,-1,-0.05,-0.01,-0.04
Day-257,google/gemma-2-9b-it,ENTJ,static,flat,123,0.92,flat,99.09,99.34529500080396,10448.939009610594,382.99212542143084,101.5838821696353,BUY,0.25,"The price is below both the 20 and 60 day SMAs, indicating a potential buying opportunity. The RSI is oversold, suggesting a possible rebound.",101.25,105.82,42.0,-1.6763,1423270,1.12,14.9,15.0,2.67,-4.31,-1,0.73,0.27,0.47
Day-258,google/gemma-2-9b-it,ENTJ,static,flat,123,0.92,flat,100.91,100.5560913222936,10633.82167515933,382.99212542143084,101.5838821696353,HOLD,0.0,The stock is slightly below the 20-day SMA and RSI is neutral.  Further analysis is needed to confirm a potential trend reversal.,101.18,105.58,45.2,-1.497,1291347,1.01,19.9,15.1,2.66,-4.16,-1,0.26,0.22,0.04
Day-259,google/gemma-2-9b-it,ENTJ,static,flat,123,0.92,flat,101.01,100.8184796666575,10643.980063376293,382.99212542143084,101.5838821696353,HOLD,0.0,The price is slightly below the 20-day SMA and RSI is neutral.  Further analysis is needed to confirm a trend reversal before making a trade.,101.14,105.35,47.0,-1.331,1058897,0.84,15.4,15.0,2.66,-4.0,-1,0.32,0.32,-0.01
Day-260,google/gemma-2-9b-it,ENTJ,static,flat,123,0.92,flat,100.61,100.90853650145048,10603.34651050844,382.99212542143084,101.5838821696353,HOLD,0.0,The stock is slightly below the 20-day SMA and RSI is neutral.  Further analysis is needed to confirm a potential trend reversal.,101.06,105.14,45.0,-1.2175,1249243,0.99,13.9,15.0,2.67,-3.88,-1,0.36,0.32,0.03
Day-261,google/gemma-2-9b-it,ENTJ,static,flat,123,0.92,flat,106.07,107.09186700922291,11157.994507154646,306.39370033714465,102.30603193002266,BUY,0.2,"The price is below the 20-day SMA, indicating a potential buying opportunity. The RSI is above 50, suggesting upward momentum.",101.23,105.0,57.0,-0.6792,1298554,1.03,18.4,14.9,2.69,-3.59,-1,0.03,0.34,-0.31
Day-262,google/gemma-2-9b-it,ENTJ,static,flat,123,0.92,flat,106.37,107.11086687511005,11188.686316733654,245.1149602697157,102.88212236969012,BUY,0.2,"The price is below both the 20 and 60 day SMAs, indicating a potential downtrend.  RSI is in neutral territory, suggesting room for further decline before overbought conditions.",101.4,104.84,53.7,-0.2261,1170377,0.93,16.7,14.9,2.69,-3.28,-1,0.05,0.2,-0.16
Day-263,google/gemma-2-9b-it,ENTJ,static,flat,123,0.92,flat,107.31,106.80230758299578,11285.395511761162,245.1149602697157,102.88212236969012,HOLD,0.0,Price is above both SMAs but RSI is approaching overbought territory.  Waiting for a pullback or confirmation of continued upward momentum.,101.59,104.68,65.7,0.2069,1355558,1.07,17.7,15.1,2.65,-2.95,-1,-0.04,0.14,-0.18
Day-264,google/gemma-2-9b-it,ENTJ,static,flat,123,0.92,flat,106.11,106.57517017010932,11161.936964917533,245.1149602697157,102.88212236969012,HOLD,0.0,"The RSI is high, suggesting potential overbought conditions.  Further analysis is needed to confirm the trend before making a trade.",101.72,104.51,70.7,0.4474,1290666,1.01,14.1,14.9,2.68,-2.67,-1,0.11,0.1,0.01
Day-265,google/gemma-2-9b-it,ENTJ,static,flat,123,0.92,flat,105.41,105.37019592741122,11089.919479258751,183.83622020228677,103.46345943512442,BUY,0.25,"The price is slightly below the 60-day SMA, indicating potential undervaluation.  RSI is above 60, suggesting upward momentum.",101.85,104.38,67.8,0.5752,1420206,1.12,10.8,15.0,2.67,-2.42,-1,0.02,0.03,-0.01
Day-266,google/gemma-2-9b-it,ENTJ,static,flat,123,0.92,flat,107.05,107.50985125248889,11259.599552732356,147.06897616182943,103.8069180436294,BUY,0.2,"The price is below the 20-day SMA, indicating a potential buying opportunity. The RSI suggests the stock is not overbought, and the positive news sentiment is encouraging.",102.03,104.33,63.9,0.7993,1431741,1.12,7.9,14.9,2.68,-2.2,-1,0.11,0.05,0.06
Day-267,google/gemma-2-9b-it,ENTJ,static,flat,123,0.92,flat,106.88,106.78392457662034,11241.952376664938,147.06897616182943,103.8069180436294,HOLD,0.0,"The price is slightly above the 20-day SMA, but the RSI suggests potential overbought conditions.  Further analysis is needed to confirm a strong buy signal.",102.29,104.19,60.4,0.9527,1031121,0.82,7.5,15.0,2.66,-1.82,0,-0.24,-0.01,-0.23
Day-268,google/gemma-2-9b-it,ENTJ,static,flat,123,0.92,flat,108.77,108.18321774523743,11438.147451767398,147.06897616182943,103.8069180436294,HOLD,0.0,The stock is near its 20-day SMA and RSI is showing signs of overbought conditions.  Further analysis is needed before entering a position.,102.52,104.05,69.4,1.2127,1323240,1.05,9.2,15.1,2.65,-1.47,0,-0.12,-0.02,-0.1
Day-269,google/gemma-2-9b-it,ENTJ,static,flat,123,0.92,flat,108.48,108.83340417430796,11408.043445534748,2962.312593505059,77.85518853272205,SELL,0.25,RSI is overbought and the price is nearing resistance.  Profit taking is warranted.,102.98,103.89,81.9,1.3793,1361305,1.08,8.0,15.0,2.68,-0.88,0,0.17,-0.01,0.18
Day-270,google/gemma-2-9b-it,ENTJ,static,flat,123,0.92,flat,111.69,111.55280075723533,11657.958600724785,5136.22409530999,58.39139139954154,SELL,0.25,RSI is overbought and the price is above both the 20 and 60 day SMA.  Profit taking is recommended.,103.75,103.83,83.5,1.7502,1071311,0.86,7.5,15.0,2.66,-0.08,0,0.01,-0.02,0.02
Day-271,google/gemma-2-9b-it,ENTJ,static,flat,123,0.92,flat,112.62,112.52794830210497,11712.262594726359,6780.233720164082,43.79354354965616,SELL,0.25,"The RSI is significantly overbought, indicating potential for a price correction.  The P/E ratio is also above average, suggesting the stock may be overvalued.",104.53,103.79,85.5,2.0954,1441724,1.14,10.7,15.0,2.66,0.72,0,0.15,-0.01,0.15
Day-272,google/gemma-2-9b-it,ENTJ,static,flat,123,0.92,flat,110.11,109.86297687386539,11602.340800416721,9191.287260290403,21.89677177482808,SELL,0.5,RSI is overbought and the price is above both the 20 and 60 day SMA.  Profit taking is recommended.,104.98,103.75,73.3,2.1417,1428237,1.11,8.2,15.0,2.66,1.18,0,0.2,0.08,0.12
Day-273,google/gemma-2-9b-it,ENTJ,static,flat,123,0.92,flat,106.98,107.0187624214403,11533.80390476151,6893.465445217802,43.37575677270245,BUY,0.25,"The price is above both the 20 and 60 day SMAs, indicating an uptrend. RSI is above 60, suggesting potential for further upside.",105.19,103.67,63.1,1.9032,1069746,0.84,9.9,15.0,2.67,1.46,0,0.27,0.16,0.11
Day-274,google/gemma-2-9b-it,ENTJ,static,flat,123,0.92,flat,110.21,110.10908450732101,11673.90759913734,5170.099083913352,59.01287102099617,BUY,0.25,"The price is above both the 20 and 60 day SMA, RSI is above 60 indicating potential overbought conditions, but the P/E ratio is reasonable.  A small buy position is warranted to capitalize on the upward trend.",105.64,103.67,68.7,1.9523,1441641,1.13,10.6,15.0,2.66,1.91,0,0.15,0.15,-0.01
Day-275,google/gemma-2-9b-it,ENTJ,static,flat,123,0.92,flat,108.9,108.80935733917437,11596.600738099834,3877.574312935014,70.88178535504886,BUY,0.25,"The price is above both the 20 and 60 day SMAs, indicating a bullish trend.  RSI is above 50 suggesting upward momentum, warranting a small position.",106.2,103.65,56.6,1.8643,1323321,1.04,14.7,15.0,2.66,2.46,1,-0.07,0.14,-0.21
Day-276,google/gemma-2-9b-it,ENTJ,static,flat,123,0.92,flat,106.26,106.00489625004792,11409.472824762506,3877.574312935014,70.88178535504886,HOLD,0.0,"The price is slightly below the 20-day SMA, but the RSI is neutral and the P/E ratio is reasonable.  Further observation is needed to confirm a trend reversal.",106.54,103.55,49.8,1.5639,1393391,1.08,13.6,15.0,2.66,2.89,1,-0.26,0.06,-0.32
Day-277,google/gemma-2-9b-it,ENTJ,static,flat,123,0.92,flat,104.31,104.62608635593827,11271.25334332016,2908.1807347012605,80.17517600056466,BUY,0.25,"The price is below both the 20 and 60 day SMA, indicating a potential buying opportunity. The RSI suggests the stock is oversold, and the P/E ratio is reasonable.",106.8,103.47,43.9,1.1548,1399275,1.08,11.3,15.0,2.67,3.22,1,0.35,0.09,0.26
Day-278,google/gemma-2-9b-it,ENTJ,static,flat,123,0.92,flat,107.45,107.33828805623172,11523.003395961934,2181.1355510259455,86.94153415482539,BUY,0.25,"The price is above both the 20 and 60 day SMAs, indicating an upward trend.  RSI is above 50 suggesting potential for further upside.",107.13,103.48,52.5,1.0717,1080916,0.84,17.4,15.0,2.66,3.53,1,-0.21,-0.01,-0.2
Day-279,google/gemma-2-9b-it,ENTJ,static,flat,123,0.92,flat,104.69,104.36362110205613,11283.044761694615,2181.1355510259455,86.94153415482539,HOLD,0.0,"The price is below both the 20 and 60 day moving averages, indicating a potential downtrend.  RSI is neutral, and further analysis is needed before entering a position.",107.31,103.49,48.8,0.7745,1031336,0.81,12.2,15.0,2.66,3.7,1,0.0,-0.04,0.04
Day-280,google/gemma-2-9b-it,ENTJ,static,flat,123,0.92,flat,103.14,102.60136674725476,11148.285383754635,1635.851663269459,92.22836649685065,BUY,0.25,"The price is below both the 20 and 60 day SMA, indicating a potential buying opportunity. The RSI suggests the stock is oversold, and the P/E ratio is reasonable.",107.44,103.52,43.2,0.4089,1318494,1.03,13.9,15.1,2.65,3.79,1,0.49,0.07,0.41
Day-281,google/gemma-2-9b-it,ENTJ,static,flat,123,0.92,flat,101.46,101.27252026201481,10993.341728039926,1226.8887474520943,96.25914627033148,BUY,0.25,"The price is below both the 20 and 60 day SMAs, indicating a potential buying opportunity. The RSI is oversold, suggesting a possible rebound.",107.21,103.51,41.0,-0.0166,1168624,0.91,11.1,15.0,2.66,3.57,1,-0.24,0.08,-0.32
Day-282,google/gemma-2-9b-it,ENTJ,static,flat,123,0.92,flat,98.26,98.79937769752014,10685.312459974866,920.1665605890707,99.38068287589859,BUY,0.25,"The price is below both the 20 and 60-day SMAs, indicating a potential buying opportunity. The RSI suggests oversold conditions, and the low implied volatility could present a favorable risk/reward profile.",106.8,103.51,33.3,-0.6047,1130229,0.89,14.3,14.9,2.68,3.18,1,-0.08,-0.01,-0.07
Day-283,google/gemma-2-9b-it,ENTJ,static,flat,123,0.92,flat,95.96,96.51561023498576,10456.736889360298,782.1415765007101,100.81904244330543,BUY,0.15,"The price is significantly below both the 20 and 60 day moving averages, indicating a potential buying opportunity. The low RSI suggests oversold conditions, further supporting a potential bounce.",106.24,103.43,31.3,-1.2419,1064932,0.84,10.7,14.9,2.68,2.71,1,0.04,0.04,-0.0
Day-284,google/gemma-2-9b-it,ENTJ,static,flat,123,0.92,flat,93.77,93.65732099657174,10235.943186409462,586.6061823755326,102.90430845722436,BUY,0.25,"The price is significantly below both the 20 and 60 day SMAs, indicating a potential buying opportunity. The low RSI suggests oversold conditions, further supporting a potential rebound.",105.62,103.31,22.5,-1.9018,1429688,1.13,8.3,15.0,2.66,2.23,1,-0.54,-0.07,-0.47
Day-285,google/gemma-2-9b-it,ENTJ,static,flat,123,0.92,flat,92.57,92.82526469313962,10112.45801626079,439.95463678164947,104.48853170010956,BUY,0.25,The stock is significantly undervalued based on the P/E ratio and RSI suggests oversold conditions.  A potential trend reversal is indicated by the SMA crossover.,104.98,103.17,19.4,-2.4928,1285716,1.02,7.5,15.0,2.67,1.75,0,-0.32,-0.23,-0.09
Day-286,google/gemma-2-9b-it,ENTJ,static,flat,123,0.92,flat,92.41,92.19636226455061,10095.739851188773,329.9659775862371,105.67875634241464,BUY,0.25,"The RSI is oversold and the price is below both the 20 and 60 day SMA, suggesting a potential buying opportunity.  The P/E ratio is reasonable and the news sentiment is positive.",104.25,103.01,20.9,-2.9405,1418354,1.13,7.5,15.0,2.66,1.2,0,0.38,-0.11,0.48
Day-287,google/gemma-2-9b-it,ENTJ,static,flat,123,0.92,flat,90.83,90.97365070251767,9928.76741616776,247.4744831896778,106.58695291179215,BUY,0.25,"The price is significantly below both the 20 and 60 day SMAs, indicating a potential buying opportunity. The low RSI suggests oversold conditions, and the positive news sentiment adds further support.",103.44,102.83,22.1,-3.3837,1278375,1.0,15.1,15.0,2.67,0.59,0,0.14,-0.06,0.2
Day-288,google/gemma-2-9b-it,ENTJ,static,flat,123,0.92,flat,88.43,88.04041365085176,9672.958729179458,185.60586239225836,107.28658675548117,BUY,0.25,"The price is significantly below both the 20 and 60 day SMA, indicating a potential buying opportunity. The low RSI suggests oversold conditions, further supporting a potential rebound.",102.43,102.56,11.2,-3.8834,1024256,0.81,11.7,15.1,2.65,-0.13,0,0.25,-0.02,0.27
Day-289,google/gemma-2-9b-it,ENTJ,static,flat,123,0.92,flat,91.08,90.30227681710913,9957.268184081482,139.20439679419377,107.79604509538086,BUY,0.25,"The price is significantly below both the 20 and 60 day SMAs, indicating a potential buying opportunity. The low RSI suggests oversold conditions, further supporting a potential bounce.",101.56,102.34,19.7,-4.0196,1109755,0.89,11.0,15.1,2.64,-0.76,0,0.08,0.1,-0.03
Day-290,google/gemma-2-9b-it,ENTJ,static,flat,123,0.92,flat,87.94,87.95990603735588,9618.788602481985,104.40329759564533,108.19178195231227,BUY,0.25,"The RSI is oversold and the price is below both the 20 and 60 day SMAs, indicating potential for a rebound. The P/E ratio is reasonable and the news sentiment is negative, suggesting potential for a price increase.",100.37,102.05,19.4,-4.3308,1408601,1.12,8.8,15.0,2.67,-1.65,0,-0.59,0.05,-0.64
Day-291,google/gemma-2-9b-it,ENTJ,static,flat,123,0.92,flat,88.44,88.47692394978736,9672.884493458141,78.302473196734,108.48690660630267,BUY,0.25,"The price is significantly below both the 20 and 60 day SMAs, indicating a potential buying opportunity. The low RSI suggests oversold conditions, further supporting a potential rebound.",99.16,101.77,22.1,-4.4859,1095629,0.88,10.6,15.0,2.67,-2.57,-1,-0.31,-0.09,-0.22
Day-292,google/gemma-2-9b-it,ENTJ,static,flat,123,0.92,flat,86.89,86.62136029416713,9504.729788218372,58.726854897550496,108.71219856509175,BUY,0.25,"The price is significantly below both the 20 and 60 day SMAs, indicating a potential buying opportunity. The low RSI suggests oversold conditions and a possible rebound.",98.0,101.45,11.7,-4.6795,1456156,1.17,8.0,15.0,2.66,-3.4,-1,-0.67,-0.25,-0.42
Day-293,google/gemma-2-9b-it,ENTJ,static,flat,123,0.92,flat,88.13,87.81328308269605,9639.532914439087,44.045141173162875,108.87879011989021,BUY,0.25,The stock is oversold with a low RSI and is trading below both the 20 and 60 day moving averages.  The P/E ratio suggests potential undervaluation.,97.06,101.14,17.3,-4.6787,1159876,0.93,9.0,15.1,2.66,-4.04,-1,0.19,-0.26,0.45
Day-294,google/gemma-2-9b-it,ENTJ,static,flat,123,0.92,flat,90.47,89.53498334386246,9894.30928331963,33.033855879872156,109.00050212711129,BUY,0.25,"The price is significantly below both the 20 and 60 day SMAs, indicating a potential buying opportunity. The RSI suggests oversold conditions, and the low volume ratio may indicate a lack of strong selling pressure.",96.07,100.88,25.7,-4.438,1211187,0.98,16.6,15.2,2.64,-4.77,-1,0.81,-0.11,0.92
Day-295,google/gemma-2-9b-it,ENTJ,static,flat,123,0.92,flat,88.08,88.00354981987267,9633.798083235835,24.775391909904116,109.09426307136614,BUY,0.25,"The price is significantly below both the 20 and 60 day SMAs, indicating a potential buying opportunity. The low RSI suggests oversold conditions, further supporting a potential rebound.",95.03,100.59,25.1,-4.3897,1331030,1.07,12.0,15.0,2.66,-5.52,-1,-0.47,-0.09,-0.38
Day-296,google/gemma-2-9b-it,ENTJ,static,flat,123,0.92,flat,84.35,84.70738923478017,9226.876481979638,18.581543932428087,109.16769339712164,BUY,0.25,"The price is significantly below both the 20 and 60 day SMAs, indicating a potential buying opportunity. The low RSI suggests oversold conditions, and the positive volume ratio indicates increasing buying pressure.",93.93,100.2,24.6,-4.6,1400029,1.13,17.2,14.9,2.68,-6.26,-1,0.32,0.04,0.28
Day-297,google/gemma-2-9b-it,ENTJ,static,flat,123,0.92,flat,85.92,85.92016784961824,9398.26976061312,13.936157949321064,109.22175980753956,BUY,0.25,"The stock is oversold with a low RSI and price below both the 20 and 60 day SMAs. The P/E ratio suggests undervaluation, making this a potential buying opportunity.",93.01,99.89,31.2,-4.5864,1382795,1.12,13.5,15.0,2.67,-6.88,-1,0.33,0.24,0.09
Day-298,google/gemma-2-9b-it,ENTJ,static,flat,123,0.92,flat,88.87,89.23154274095442,9720.473952045362,10.452118461990798,109.26096358257422,BUY,0.25,"The price is below both the 20 and 60 day SMAs, indicating a potential buying opportunity. The RSI suggests oversold conditions, and the low news sentiment could present a chance to enter before a potential rebound.",92.09,99.58,41.1,-4.2881,1408192,1.12,17.2,14.9,2.68,-7.53,-1,0.06,0.21,-0.15
Day-299,google/gemma-2-9b-it,ENTJ,static,flat,123,0.92,flat,90.12,90.00349348237664,9857.050156523579,7.839088846493098,109.28995858496545,BUY,0.25,"The price is below both the 20 and 60 day SMAs, indicating a potential buying opportunity.  RSI is in neutral territory, suggesting room for price appreciation.",91.36,99.4,45.5,-3.906,1254813,0.99,14.8,15.0,2.66,-8.09,-1,-0.41,-0.04,-0.38
Day-300,google/gemma-2-9b-it,ENTJ,static,flat,123,0.92,flat,89.85,90.32004106272967,9827.541867705639,5.879316634869824,109.31177018442703,BUY,0.25,"The price is below the 20-day SMA, indicating a potential buying opportunity. The RSI is in neutral territory, suggesting room for upward momentum.",90.69,99.27,45.4,-3.5839,1160948,0.92,16.3,14.9,2.68,-8.64,-1,-0.26,0.01,-0.27
Day-301,google/gemma-2-9b-it,ENTJ,static,flat,123,0.92,flat,92.28,91.8406111144228,10093.169469253797,4.409487476152368,109.32769811202475,BUY,0.25,"The price is below both the 20 and 60 day SMA, indicating a potential buying opportunity. The RSI is in neutral territory and the P/E ratio is reasonable.",90.23,99.18,52.5,-3.097,1107461,0.88,14.5,15.1,2.65,-9.02,-1,-0.61,-0.18,-0.43
Day-302,google/gemma-2-9b-it,ENTJ,static,flat,123,0.92,flat,93.55,93.2846604773185,10232.015645856067,3.3071156071142758,109.33948188400805,BUY,0.25,"The price is below both the 20 and 60 day SMA, indicating a potential buying opportunity. The RSI is above 50, suggesting upward momentum.",90.0,99.02,59.4,-2.5783,1479603,1.16,11.6,15.0,2.66,-9.11,-1,-0.04,-0.25,0.21
Day-303,google/gemma-2-9b-it,ENTJ,static,flat,123,0.92,flat,91.83,91.77830189734068,10043.951737015574,2.8110482660471345,109.34488390231435,BUY,0.15,"The price is below the 20-day SMA and RSI is below 70, indicating potential undervaluation.  A long position with a stop loss below the 20-day SMA is recommended.",89.79,98.8,51.4,-2.2802,1286859,1.0,11.0,15.0,2.67,-9.12,-1,0.07,-0.25,0.32
Day-304,google/gemma-2-9b-it,ENTJ,static,flat,123,0.92,flat,90.62,90.60350335695229,9911.644427493773,2.108286199535351,109.35263894608516,BUY,0.25,"The price is below the 20-day SMA and RSI is below 70, indicating potential for a buy opportunity.  The positive news sentiment and volume ratio further support a bullish outlook.",89.63,98.59,55.5,-2.1174,1484484,1.15,14.8,15.0,2.67,-9.09,-1,0.25,-0.12,0.36
Day-305,google/gemma-2-9b-it,ENTJ,static,flat,123,0.92,flat,91.66,91.74521671704385,10025.371171997702,1.6866289596282809,109.3572391778101,BUY,0.2,"The price is below the 20-day SMA, indicating a potential buying opportunity. The positive trend indicated by the 60-day SMA suggests continued upward momentum.",89.59,98.47,56.4,-1.8828,1246686,0.97,13.8,15.0,2.67,-9.02,-1,-0.06,-0.08,0.02
Day-306,google/gemma-2-9b-it,ENTJ,static,flat,123,0.92,flat,91.99,91.50879471367557,10061.45906092638,1.6866289596282809,109.3572391778101,HOLD,0.0,"The market is showing a slight downtrend and RSI is above 60, indicating potential overbought conditions.  Further analysis is needed before making a trade.",89.57,98.32,60.7,-1.6512,1187574,0.93,10.9,15.1,2.65,-8.91,-1,-0.25,-0.01,-0.25
Day-307,google/gemma-2-9b-it,ENTJ,static,flat,123,0.92,flat,94.32,93.97860938770933,10316.261428210675,1.3493031677026246,109.36081557509515,BUY,0.2,"The price is below the 20-day SMA, indicating a potential buying opportunity. The positive RSI and volume ratio suggest upward momentum.",89.74,98.23,62.4,-1.265,1305665,1.02,8.6,15.1,2.66,-8.64,-1,-0.21,-0.04,-0.16
Day-308,google/gemma-2-9b-it,ENTJ,static,flat,123,0.92,flat,92.73,92.69183174294032,10142.377731446277,1.0119773757769686,109.3644532952712,BUY,0.25,"The price is below both the 20 and 60 day SMA, indicating a potential buying opportunity. RSI is in neutral territory, and the positive volume ratio suggests increasing buying pressure.",89.96,98.07,54.7,-1.0747,1496553,1.15,7.5,15.0,2.67,-8.27,-1,-0.04,-0.06,0.02
Day-309,google/gemma-2-9b-it,ENTJ,static,flat,123,0.92,flat,93.91,94.12206955258652,10271.427786334694,0.7589830318327264,109.367147303832,BUY,0.25,"The stock is trading below its 20-day SMA, indicating a potential buying opportunity. The RSI suggests moderate bullish momentum, and the P/E ratio is reasonable.",90.1,97.92,62.7,-0.8192,1432356,1.09,7.5,15.0,2.67,-7.99,-1,0.09,-0.09,0.18
Day-310,google/gemma-2-9b-it,ENTJ,static,flat,123,0.92,flat,94.5,94.79771557792166,10335.954403243955,0.7589830318327264,109.367147303832,HOLD,0.0,"The RSI is high, indicating potential overbought conditions.  Waiting for a pullback to a more favorable entry point.",90.43,97.8,75.7,-0.5623,1204778,0.92,7.5,15.0,2.67,-7.54,-1,0.42,0.0,0.42
Day-311,google/gemma-2-9b-it,ENTJ,static,flat,123,0.92,flat,94.7,94.58667031959202,10357.827832704723,2590.0261954500556,82.025360477874,SELL,0.25,"The RSI is overbought, indicating potential for a correction.  The price is also above both the 20 and 60 day SMAs, suggesting a possible overextension.",90.74,97.57,73.9,-0.3387,1021498,0.79,12.0,15.0,2.66,-7.0,-1,0.61,0.18,0.44
Day-312,google/gemma-2-9b-it,ENTJ,static,flat,123,0.92,flat,96.67,96.86660015665595,10519.417792846136,4572.3740947990755,61.5190203584055,SELL,0.25,RSI is overbought and the short-term trend is negative. Taking profits while the stock is still above the 20-day SMA.,91.23,97.38,72.4,-0.0025,1204346,0.93,9.1,15.0,2.67,-6.32,-1,-0.0,0.22,-0.22
Day-313,google/gemma-2-9b-it,ENTJ,static,flat,123,0.92,flat,98.37,98.22258772839315,10624.000127455425,6085.280602963163,46.139265268804124,SELL,0.25,"The RSI is overbought and the price is above both the 20 and 60 day SMA, indicating potential for a pullback.  Profit taking is advisable.",91.74,97.2,73.1,0.3961,1379339,1.06,9.1,15.0,2.66,-5.62,-1,-0.32,0.16,-0.48
Day-314,google/gemma-2-9b-it,ENTJ,static,flat,123,0.92,flat,96.19,96.29697089642013,10523.416529169432,4563.960452222373,61.955048102163005,BUY,0.25,"The price is below the 20-day SMA and RSI is below overbought territory, suggesting a potential buying opportunity.  The P/E ratio is reasonable and implied volatility is moderate.",92.03,97.0,66.1,0.5302,1000861,0.78,8.3,15.0,2.67,-5.13,-1,0.37,0.21,0.15
Day-315,google/gemma-2-9b-it,ENTJ,static,flat,123,0.92,flat,97.76,97.56718689568596,10620.685954689829,3422.9703391667795,73.62638722916375,BUY,0.25,"The price is above both the 20 and 60 day SMA, indicating a bullish trend. RSI is above 60, suggesting potential for further upside.",92.51,96.85,64.5,0.7546,1416333,1.1,7.5,15.0,2.66,-4.48,-1,0.77,0.28,0.48
Day-316,google/gemma-2-9b-it,ENTJ,static,flat,123,0.92,flat,100.42,100.31758961997267,10816.532144719404,2567.2277543750847,82.14802221016052,BUY,0.25,"The price is below both the 20 and 60 day SMAs, indicating a potential downtrend.  RSI is above 60, suggesting potential for a pullback, making this a good entry point.",93.31,96.72,66.9,1.1343,1130166,0.88,15.5,15.0,2.66,-3.52,-1,-0.23,0.12,-0.34
Day-317,google/gemma-2-9b-it,ENTJ,static,flat,123,0.92,flat,100.61,100.08623415168564,10832.140268939336,4633.455883016148,61.61101665762039,SELL,0.25,"The RSI is overbought and the price is diverging from the moving averages, suggesting a potential trend reversal.  Reducing exposure to mitigate risk.",94.05,96.59,73.4,1.434,1183075,0.93,15.9,15.1,2.65,-2.63,-1,-0.15,0.09,-0.24
Day-318,google/gemma-2-9b-it,ENTJ,static,flat,123,0.92,flat,98.78,99.61961061101452,10719.39210845589,4633.455883016148,61.61101665762039,HOLD,0.0,The stock is currently overbought (RSI 71.1) and the trend is flat.  Waiting for a clearer signal before entering a position.,94.54,96.39,71.1,1.5062,1460341,1.15,11.3,14.9,2.69,-1.92,0,-0.04,0.14,-0.18
Day-319,google/gemma-2-9b-it,ENTJ,static,flat,123,0.92,flat,98.22,98.32379824219211,10684.889939127623,3475.091912262111,73.40458182514266,BUY,0.25,"The price is above both the 20 and 60 day SMAs, RSI is above 60 indicating potential overbought conditions, but the P/E ratio is reasonable.  A small buy position is warranted to capitalize on the upward trend.",94.95,96.19,67.4,1.5007,1187063,0.94,13.8,15.0,2.67,-1.29,0,0.01,0.07,-0.07
Day-320,google/gemma-2-9b-it,ENTJ,static,flat,123,0.92,flat,99.85,98.32654370578535,10804.539407502605,2780.073529809689,80.36520658680938,BUY,0.2,The stock is showing a bullish trend with a positive RSI and a P/E ratio within a reasonable range.  Implied volatility suggests potential for price movement.,95.45,95.95,69.5,1.6097,1239094,0.97,20.7,15.2,2.63,-0.52,0,-0.2,-0.12,-0.08
Day-321,google/gemma-2-9b-it,ENTJ,static,flat,123,0.92,flat,97.88,99.71519094881536,10646.21995052659,2085.055147357267,87.46592565559179,BUY,0.25,"The price is slightly above the 20 and 60 day SMA, RSI is in a healthy range, and the P/E ratio is reasonable.  Implied volatility suggests potential for price movement.",95.73,95.65,59.0,1.5195,1221951,0.96,22.0,14.7,2.72,0.08,0,-0.42,-0.16,-0.26
Day-322,google/gemma-2-9b-it,ENTJ,static,flat,123,0.92,flat,98.6,98.12720684183293,10709.195416998617,1563.7913605179501,92.75257663773496,BUY,0.25,"The price is above both the 20 and 60 day SMAs, RSI is in overbought territory but not extreme, and the P/E ratio is reasonable.  This suggests a potential continuation of the uptrend.",95.98,95.42,65.5,1.4891,1181456,0.94,16.9,15.1,2.65,0.58,0,0.18,-0.09,0.28
Day-323,google/gemma-2-9b-it,ENTJ,static,flat,123,0.92,flat,95.82,95.54883850665797,10451.343253945714,1563.7913605179501,92.75257663773496,HOLD,0.0,"The stock is slightly below the 20-day SMA, but the RSI and P/E ratio suggest it's not oversold.  Further observation is needed to confirm a potential entry point.",96.18,95.2,54.6,1.2261,1040734,0.83,19.3,15.0,2.66,1.03,0,-0.04,-0.09,0.05
Day-324,google/gemma-2-9b-it,ENTJ,static,flat,123,0.92,flat,95.53,94.86193479128279,10424.445006720773,1563.7913605179501,92.75257663773496,HOLD,0.0,The stock is near its SMA20 and RSI is neutral.  Further analysis is needed to confirm a clear trend direction.,96.43,94.91,52.5,0.9834,1211933,0.98,15.7,15.1,2.65,1.6,0,0.34,-0.03,0.37
Day-325,google/gemma-2-9b-it,ENTJ,static,flat,123,0.92,flat,92.24,92.30774202789759,10119.289029582622,1172.8435203884626,96.99095304850565,BUY,0.25,"The price is below both the 20 and 60 day SMA, indicating a potential buying opportunity. The RSI suggests the stock is oversold and the P/E ratio is reasonable.",96.46,94.57,44.7,0.519,1246573,1.01,12.4,15.0,2.67,1.99,0,0.16,0.05,0.12
Day-326,google/gemma-2-9b-it,ENTJ,static,flat,123,0.92,flat,93.75,93.30674377386265,10265.745368685866,938.2748163107701,99.49301922533436,BUY,0.2,"The price is below both the 20 and 60 day SMAs, indicating a potential buying opportunity. The RSI suggests the stock is oversold, and the P/E ratio is reasonable.",96.54,94.32,43.6,0.2699,1109152,0.9,11.1,15.1,2.65,2.35,1,0.31,0.19,0.12
Day-327,google/gemma-2-9b-it,ENTJ,static,flat,123,0.92,flat,92.98,92.54162935658212,10189.13574388236,750.619853048616,101.51124855704177,BUY,0.2,"The price is below both the 20 and 60 day SMA, indicating a potential buying opportunity. The RSI suggests oversold conditions, and the low implied volatility may present a favorable risk/reward profile.",96.48,94.1,37.7,0.0104,1412825,1.14,10.8,15.1,2.65,2.53,1,0.02,0.16,-0.14
Day-328,google/gemma-2-9b-it,ENTJ,static,flat,123,0.92,flat,89.45,89.37585375613367,9830.801036476003,562.964889786462,103.60912405466227,BUY,0.25,"The price is below both the 20 and 60 day SMAs, indicating a potential buying opportunity. The RSI suggests oversold conditions, and the low implied volatility may present a favorable risk/reward profile.",96.31,93.74,35.6,-0.4748,1247288,1.02,11.2,15.0,2.66,2.75,1,0.21,0.21,0.0
Day-329,google/gemma-2-9b-it,ENTJ,static,flat,123,0.92,flat,88.46,88.78150960878408,9728.228003661885,422.2236673398465,105.20013945650057,BUY,0.25,The stock is oversold with a low RSI and is trading below both the 20 and 60 day moving averages. This presents a potential buying opportunity with a medium-term upside.,96.04,93.41,29.6,-0.9287,1119284,0.92,8.4,14.9,2.68,2.81,1,-0.22,0.1,-0.31
Day-330,google/gemma-2-9b-it,ENTJ,static,flat,123,0.92,flat,88.74,88.46669057426267,9757.684042709707,316.66775050488485,106.38963592748279,BUY,0.25,"The price is significantly below both the 20 and 60 day SMA, indicating a potential buying opportunity. The low RSI suggests oversold conditions, and the low news sentiment may present an opportunity to capitalize on a potential rebound.",95.75,93.13,21.3,-1.2511,1050181,0.87,9.0,15.0,2.66,2.82,1,0.15,0.09,0.06
Day-331,google/gemma-2-9b-it,ENTJ,static,flat,123,0.92,flat,89.04,89.29172476124029,9789.600933487953,253.3342004039079,107.10092916761056,BUY,0.2,"The price is significantly below both the 20 and 60 day SMA, indicating a potential buying opportunity. The low RSI suggests oversold conditions and the positive news sentiment adds further support.",95.47,92.88,21.7,-1.4653,1288913,1.06,7.7,15.0,2.67,2.79,1,0.3,0.09,0.21
Day-332,google/gemma-2-9b-it,ENTJ,static,flat,123,0.92,flat,89.02,89.05922028174432,9787.458914904599,202.6673603231263,107.67009160392578,BUY,0.2,"The price is significantly below both the 20 and 60 day SMA, indicating a potential buying opportunity. The low RSI suggests oversold conditions, and the positive news sentiment is a further bullish indicator.",95.09,92.69,23.9,-1.6178,1239283,1.02,7.5,15.0,2.67,2.58,1,0.4,0.17,0.23
Day-333,google/gemma-2-9b-it,ENTJ,static,flat,123,0.92,flat,92.72,92.47848972985985,10185.838253839123,162.13388825850103,108.10725157011026,BUY,0.2,"The price is below both the 20 and 60 day SMA, indicating a potential buying opportunity. The RSI suggests oversold conditions, and the low implied volatility may present a favorable risk/reward profile.",94.8,92.63,37.4,-1.4245,1357612,1.12,7.5,15.0,2.66,2.35,1,-0.09,0.11,-0.2
Day-334,google/gemma-2-9b-it,ENTJ,static,flat,123,0.92,flat,91.85,91.55153126562593,10091.784944973127,129.70711060680082,108.46029215423329,BUY,0.2,"The price is below both the 20 and 60 day SMA, indicating a potential buying opportunity. The RSI is oversold, suggesting a possible rebound.",94.59,92.59,31.0,-1.326,1494165,1.2,8.1,15.0,2.66,2.16,1,0.18,0.19,-0.01
Day-335,google/gemma-2-9b-it,ENTJ,static,flat,123,0.92,flat,91.34,91.46478419492507,10036.470195974469,103.76568848544066,108.7443015928293,BUY,0.2,"The price is below both the 20 and 60 day SMAs, indicating a potential buying opportunity.  The RSI suggests oversold conditions, and the low implied volatility may present a favorable risk/reward profile.",94.27,92.56,33.3,-1.2745,1100216,0.9,11.1,15.0,2.67,1.84,0,0.39,0.24,0.15
Day-336,google/gemma-2-9b-it,ENTJ,static,flat,123,0.92,flat,91.6,91.30411097788847,10064.743714388604,83.01255078835253,108.9708642314438,BUY,0.2,"The price is below both the 20 and 60 day SMAs, indicating a potential buying opportunity. The RSI suggests oversold conditions, and the low implied volatility may present a favorable risk/reward profile.",93.82,92.55,31.7,-1.1989,1366580,1.1,14.0,15.0,2.66,1.38,0,-0.47,0.08,-0.55
Day-337,google/gemma-2-9b-it,ENTJ,static,flat,123,0.92,flat,90.24,90.81670514371342,9916.54333903384,62.25941309126439,109.20084137790975,BUY,0.25,"The price is below both the 20 and 60 day SMA, indicating a potential buying opportunity. The RSI suggests oversold conditions, and the low implied volatility may present a favorable risk/reward profile.",93.31,92.54,34.2,-1.2343,1215755,0.98,11.2,14.9,2.68,0.83,0,-0.11,-0.02,-0.09
Day-338,google/gemma-2-9b-it,ENTJ,static,flat,123,0.92,flat,90.96,91.10309321394897,9995.167944825935,46.6945598184483,109.37195893807704,BUY,0.25,"The price is below both the 20 and 60 day SMA, indicating a potential buying opportunity. RSI is oversold, suggesting a possible rebound.",92.91,92.59,37.4,-1.1904,1197656,0.98,9.1,15.0,2.67,0.35,0,0.18,0.03,0.14
Day-339,google/gemma-2-9b-it,ENTJ,static,flat,123,0.92,flat,92.49,92.12223934750729,10162.507042001194,46.6945598184483,109.37195893807704,HOLD,0.0,Market is currently neutral with no clear trend.  RSI is near 50 indicating indecision.  Waiting for a stronger signal before entering a trade.,92.63,92.61,50.8,-1.0205,1144484,0.93,7.5,15.1,2.66,0.01,0,-0.08,-0.02,-0.07
Day-340,google/gemma-2-9b-it,ENTJ,static,flat,123,0.92,flat,94.99,94.65307429127505,10435.936939346386,46.6945598184483,109.37195893807704,HOLD,0.0,"The stock is hovering near its SMA, RSI is neutral, and news sentiment is slightly negative.  Further analysis is needed before making a trade.",92.38,92.76,53.6,-0.6764,1178776,0.97,7.5,15.1,2.66,-0.4,0,-0.2,-0.14,-0.06
Day-341,google/gemma-2-9b-it,ENTJ,static,flat,123,0.92,flat,91.96,91.75603260222765,10104.539903764013,46.6945598184483,109.37195893807704,HOLD,0.0,"The stock is hovering near its SMA20 and 60, with neutral RSI and a moderate implied volatility. Further analysis is needed before making a trade.",92.09,92.83,47.4,-0.6404,1058926,0.87,9.3,15.0,2.66,-0.79,0,0.13,-0.02,0.15
Day-342,google/gemma-2-9b-it,ENTJ,static,flat,123,0.92,flat,90.82,90.8515065678583,9979.855870574605,46.6945598184483,109.37195893807704,HOLD,0.0,"Price is slightly below the 20 and 60 day SMA, but RSI is not oversold.  Waiting for a clearer signal before entering a position.",91.7,92.9,54.0,-0.6965,1227696,1.01,7.5,15.0,2.67,-1.3,0,-0.14,-0.02,-0.12
Day-343,google/gemma-2-9b-it,ENTJ,static,flat,123,0.92,flat,90.28,90.06854118651937,9920.795012748044,46.6945598184483,109.37195893807704,HOLD,0.0,"Price is slightly below the 20 and 60 day SMA, but RSI is not oversold.  Waiting for a clearer signal before entering a position.",91.42,92.95,55.4,-0.7752,1293788,1.05,7.5,15.0,2.66,-1.64,0,0.02,-0.05,0.08
Day-344,google/gemma-2-9b-it,ENTJ,static,flat,123,0.92,flat,91.8,91.80143737377695,10087.040390333921,39.690375845681054,109.44825723843398,BUY,0.15,The price is slightly below the 20-day SMA and RSI suggests moderate bullish momentum.  A small buy position is warranted to capitalize on potential upward trend continuation.,91.24,92.97,58.5,-0.7071,1139771,0.93,7.5,15.0,2.67,-1.87,0,-0.46,-0.13,-0.33
Day-345,google/gemma-2-9b-it,ENTJ,static,flat,123,0.92,flat,91.27,91.1762725615205,10029.03281399755,39.690375845681054,109.44825723843398,HOLD,0.0,"Market is currently neutral with no clear trend.  RSI is not overbought or oversold, and P/E ratio is within a reasonable range.",91.19,93.04,56.1,-0.6873,1226836,1.0,17.5,15.0,2.66,-1.99,0,-0.14,-0.12,-0.02
Day-346,google/gemma-2-9b-it,ENTJ,static,flat,123,0.92,flat,87.85,87.8113867692829,9654.719774242107,33.7368194688289,109.5160268044767,BUY,0.15,"The price is below both the 20 and 60 day SMAs, indicating a potential buying opportunity. The RSI suggests the stock is oversold, and the P/E ratio is reasonable.",90.89,93.11,47.3,-0.9369,1236019,1.01,14.1,15.0,2.67,-2.38,-1,0.09,-0.13,0.21
Day-347,google/gemma-2-9b-it,ENTJ,static,flat,123,0.92,flat,87.7,87.99199033053705,9638.292370221436,25.302614601621674,109.61219789760335,BUY,0.25,"The price is below both the 20 and 60 day SMAs, indicating a potential buying opportunity. The RSI suggests oversold conditions, and the low implied volatility may present a favorable risk/reward profile.",90.63,93.14,36.1,-1.1342,1329799,1.08,11.4,14.9,2.68,-2.7,-1,-0.03,-0.1,0.08
Day-348,google/gemma-2-9b-it,ENTJ,static,flat,123,0.92,flat,88.26,87.95910642304882,9699.675201044094,21.50722241137842,109.65520030175294,BUY,0.15,"The price is below both the 20 and 60 day SMA, indicating a potential buying opportunity. The RSI is oversold, suggesting a possible bounce.",90.57,93.13,39.9,-1.2308,1291764,1.05,12.5,15.1,2.66,-2.75,-1,-0.01,-0.11,0.1
Day-349,google/gemma-2-9b-it,ENTJ,static,flat,123,0.92,flat,87.91,88.30237798980595,9661.29588093848,17.205777929102737,109.70413039482854,BUY,0.2,"The price is below both the 20 and 60 day SMAs, indicating a potential oversold condition.  The RSI is also below 50, suggesting further downside may be limited.",90.54,93.09,40.3,-1.3209,1471742,1.18,11.1,14.9,2.68,-2.73,-1,0.1,0.0,0.1
Day-350,google/gemma-2-9b-it,ENTJ,static,flat,123,0.92,flat,86.77,86.51032581780183,9536.233172288375,12.904333446827053,109.75370334034284,BUY,0.25,"The price is below both the 20 and 60 day SMAs, indicating a potential buying opportunity. The RSI suggests oversold conditions, and the P/E ratio is reasonable.",90.44,93.03,36.9,-1.4668,1263030,1.01,10.1,15.0,2.66,-2.78,-1,0.33,0.1,0.24
Day-351,google/gemma-2-9b-it,ENTJ,static,flat,123,0.92,flat,89.16,89.56319576565885,9798.544523271794,10.323466757461642,109.7826498038844,BUY,0.2,"The price is below both the 20 and 60 day SMAs, indicating a potential buying opportunity. The RSI suggests the stock is oversold and the negative news sentiment may be overblown.",90.45,92.96,47.2,-1.3737,1303673,1.04,12.5,14.9,2.68,-2.7,-1,-0.07,0.06,-0.13
Day-352,google/gemma-2-9b-it,ENTJ,static,flat,123,0.92,flat,88.63,89.01165163189738,9740.359718875736,10.323466757461642,109.7826498038844,HOLD,0.0,"Market is currently below both short and long term moving averages.  RSI is oversold, but news sentiment is negative and warrants further observation.",90.43,92.86,44.0,-1.3275,1265300,1.01,15.8,14.9,2.68,-2.62,-1,-0.0,0.07,-0.07
Day-353,google/gemma-2-9b-it,ENTJ,static,flat,123,0.92,flat,86.96,88.70367685886238,9557.02269370325,7.742600068096231,109.81232858366091,BUY,0.25,"The price is below both the 20 and 60 day SMA, indicating a potential oversold condition. The RSI suggests a possible rebound, and the low implied volatility presents an opportunity for a calculated risk.",90.14,92.77,35.8,-1.4093,1172550,0.94,18.4,14.7,2.72,-2.83,-1,0.03,0.08,-0.05
Day-354,google/gemma-2-9b-it,ENTJ,static,flat,123,0.92,flat,87.02,87.14742021024254,9563.611433418268,5.806950051072174,109.83457232092849,BUY,0.25,"The price is below both the 20 and 60 day SMAs, indicating a potential buying opportunity. The RSI suggests oversold conditions, and the low implied volatility could present a favorable risk/reward profile.",89.9,92.7,26.6,-1.4527,1081099,0.88,24.4,15.0,2.67,-3.02,-1,-0.14,0.03,-0.17
Day-355,google/gemma-2-9b-it,ENTJ,static,flat,123,0.92,flat,85.69,85.56541145762671,9417.531452231435,4.35521253830413,109.8515140587365,BUY,0.25,"The price is below both the 20 and 60 day SMA, indicating a potential buying opportunity. The RSI is oversold, suggesting a possible rebound.",89.62,92.58,29.5,-1.5766,1008192,0.82,19.2,15.0,2.66,-3.2,-1,-0.23,-0.08,-0.15
Day-356,google/gemma-2-9b-it,ENTJ,static,flat,123,0.92,flat,83.99,83.52336311766373,9230.783878331582,3.2664094037280975,109.86447754408685,BUY,0.25,"The price is significantly below both the 20 and 60 day moving averages, indicating a potential buying opportunity. The low RSI suggests oversold conditions, and the positive news sentiment adds further support.",89.24,92.42,28.5,-1.7906,1111028,0.92,17.1,15.1,2.65,-3.44,-1,0.26,-0.02,0.28
Day-357,google/gemma-2-9b-it,ENTJ,static,flat,123,0.92,flat,83.71,82.89379196421588,9200.021824619238,2.449807052796073,109.87423267908784,BUY,0.25,The stock is oversold with a low RSI and below both the 20 and 60 day SMA.  The P/E ratio suggests potential undervaluation.,88.91,92.2,29.0,-1.9606,1279151,1.05,18.7,15.1,2.64,-3.57,-1,-0.35,-0.09,-0.26
Day-358,google/gemma-2-9b-it,ENTJ,static,flat,123,0.92,flat,80.54,81.34574575527405,8851.720507026532,1.8373552895970549,109.88183699698205,BUY,0.25,"The price is significantly below both the 20 and 60 day SMAs, indicating a potential oversold condition. The low RSI suggests a possible trend reversal, warranting a small position.",88.39,91.96,17.4,-2.3243,1013729,0.84,16.2,14.9,2.69,-3.88,-1,0.18,-0.06,0.24
Day-359,google/gemma-2-9b-it,ENTJ,static,flat,123,0.92,flat,85.32,84.78663154970556,9376.955687872103,1.3780164671977913,109.88722071501297,BUY,0.25,"The price is below both the 20 and 60 day SMA, indicating a potential oversold condition. The RSI suggests a possible bounce, and the low implied volatility presents a favorable risk/reward profile.",88.03,91.79,36.2,-2.2019,1158933,0.96,16.1,15.1,2.65,-4.09,-1,-0.06,-0.04,-0.02
Day-360,google/gemma-2-9b-it,ENTJ,static,flat,123,0.92,flat,81.47,81.66847266872723,8953.889888119304,1.102413173758233,109.89060359574746,BUY,0.2,"The price is below both the 20 and 60 day SMAs, indicating a potential buying opportunity. The RSI suggests oversold conditions, and the low implied volatility may present a favorable risk/reward profile.",87.36,91.53,35.5,-2.3877,1020496,0.85,12.9,15.0,2.67,-4.56,-1,-0.1,-0.01,-0.09
Day-361,google/gemma-2-9b-it,ENTJ,static,flat,123,0.92,flat,79.85,79.87008881949181,8775.867110294192,0.8819305390065864,109.893364805951,BUY,0.2,"The price is below both the 20 and 60 day SMA, indicating a potential buying opportunity. The RSI is oversold, suggesting a possible rebound.",86.75,91.23,33.2,-2.6355,1343284,1.11,9.8,15.0,2.67,-4.91,-1,0.1,-0.04,0.14
Day-362,google/gemma-2-9b-it,ENTJ,static,flat,123,0.92,flat,79.23,79.25520877065851,8707.733224114505,0.6614479042549397,109.89614762350435,BUY,0.25,"The price is significantly below both the 20 and 60 day SMAs, indicating a potential buying opportunity. The low RSI suggests oversold conditions, and the positive volume ratio indicates buying pressure.",86.17,90.88,30.8,-2.849,1256729,1.04,7.9,15.0,2.67,-5.18,-1,0.15,0.05,0.09
Day-363,google/gemma-2-9b-it,ENTJ,static,flat,123,0.92,flat,80.24,80.3540874914872,8818.728333214243,0.4960859281912048,109.89820846567862,BUY,0.25,"The price is below both the 20 and 60 day moving averages, indicating a potential buying opportunity. The RSI suggests oversold conditions, and the negative news sentiment may be creating an attractive entry point.",85.67,90.52,34.1,-2.9033,1446154,1.18,7.8,15.0,2.67,-5.36,-1,-0.31,-0.04,-0.26
Day-364,google/gemma-2-9b-it,ENTJ,static,flat,123,0.92,flat,79.49,79.71580117846226,8736.304676864984,0.3720644461434036,109.89976868057418,BUY,0.25,"The price is below both the 20 and 60 day SMAs, indicating a potential buying opportunity. The RSI suggests oversold conditions, and the P/E ratio is reasonable.",85.05,90.19,34.7,-2.9721,1314807,1.07,7.5,15.0,2.67,-5.69,-1,-0.01,-0.03,0.03
Day-365,google/gemma-2-9b-it,ENTJ,static,flat,123,0.92,flat,80.89,80.82506212156902,8890.16435301779,0.31625477922189305,109.9004586257704,BUY,0.15,"The price is below both the 20 and 60 day SMA, indicating a potential buying opportunity. The RSI suggests oversold conditions, and the P/E ratio is reasonable.",84.53,89.85,31.8,-2.8802,1351992,1.09,7.5,15.0,2.66,-5.91,-1,-0.13,-0.04,-0.09
Day-366,google/gemma-2-9b-it,ENTJ,static,flat,123,0.92,flat,79.47,79.26930778328224,8734.105701769195,0.23719108441641978,109.90145351308392,BUY,0.25,"The price is below both the 20 and 60 day SMAs, indicating a potential buying opportunity. The RSI suggests oversold conditions, and the P/E ratio is reasonable.",84.12,89.43,30.6,-2.889,1441113,1.16,7.5,15.0,2.66,-5.94,-1,-0.22,-0.1,-0.12
Day-367,google/gemma-2-9b-it,ENTJ,static,flat,123,0.92,flat,79.07,79.38717546199821,8690.14512036396,0.20161242175395683,109.90190347720005,BUY,0.15,"The price is below both the 20 and 60 day SMA, indicating a potential oversold condition.  The low RSI suggests further downside may be limited.",83.68,89.0,32.4,-2.8948,1448310,1.16,7.5,14.9,2.68,-5.97,-1,-0.62,-0.26,-0.37
Day-368,google/gemma-2-9b-it,ENTJ,static,flat,123,0.92,flat,82.22,82.22979112407567,9036.336116317141,0.15120931631546763,109.90251650451017,BUY,0.25,"The price is below both the 20 and 60 day SMA, indicating a potential buying opportunity. The RSI suggests oversold conditions, and the P/E ratio is reasonable.",83.38,88.67,40.6,-2.6149,1184358,0.95,7.5,15.0,2.67,-5.96,-1,0.26,-0.14,0.4
Day-369,google/gemma-2-9b-it,ENTJ,static,flat,123,0.92,flat,80.41,80.67774565778471,8837.412561443978,0.11340698723660073,109.90298662425994,BUY,0.25,"The price is below both the 20 and 60 day SMA, indicating a potential buying opportunity. The RSI is oversold, suggesting a possible rebound.",83.01,88.31,39.8,-2.5104,1292421,1.04,12.7,15.0,2.68,-6.01,-1,0.27,-0.09,0.36
Day-370,google/gemma-2-9b-it,ENTJ,static,flat,123,0.92,flat,81.99,81.38200049695466,9011.059280310308,0.08505524042745055,109.90333241943995,BUY,0.25,"The price is below both the 20 and 60 day SMAs, indicating a potential buying opportunity. The RSI suggests the stock is oversold and the negative news sentiment could be a temporary dip.",82.77,87.95,46.1,-2.274,1201772,0.97,16.7,15.1,2.65,-5.9,-1,-0.35,-0.13,-0.21
Day-371,google/gemma-2-9b-it,ENTJ,static,flat,123,0.92,flat,82.05,81.74402143639729,9017.653480255474,0.06804419234196044,109.90353974482795,BUY,0.2,"The price is below both the 20 and 60 day SMA, indicating a potential buying opportunity.  RSI is in oversold territory, suggesting a possible rebound.",82.41,87.64,46.7,-2.0585,1283198,1.04,18.3,15.1,2.66,-5.96,-1,-0.03,-0.09,0.07
Day-372,google/gemma-2-9b-it,ENTJ,static,flat,123,0.92,flat,78.94,78.16812651225747,8675.853471649061,0.05103314425647033,109.90375523821642,BUY,0.25,"The price is below both the 20 and 60 day SMA, indicating a potential buying opportunity.  The RSI suggests the stock is oversold and the negative news sentiment may be overblown.",81.93,87.24,46.9,-2.1137,1470597,1.18,15.4,15.1,2.64,-6.09,-1,-0.36,-0.04,-0.32
Day-373,google/gemma-2-9b-it,ENTJ,static,flat,123,0.92,flat,76.56,77.27593319083923,8414.282534182106,0.03827485819235275,109.90392188249625,BUY,0.25,"The price is significantly below both the 20 and 60 day SMAs, indicating a potential oversold condition. The low RSI suggests room for a rebound, making this a good entry point.",81.41,86.86,31.1,-2.3227,1496580,1.19,13.8,14.9,2.69,-6.28,-1,-0.1,-0.12,0.01
Day-374,google/gemma-2-9b-it,ENTJ,static,flat,123,0.92,flat,79.46,79.0677913053377,8733.003907641345,0.028706143644264562,109.90404230427511,BUY,0.25,"The price is below both the 20 and 60 day SMAs, indicating a potential buying opportunity. The RSI suggests the stock is oversold, and the P/E ratio is reasonable.",81.03,86.54,45.5,-2.2285,1235860,0.97,11.5,15.1,2.65,-6.36,-1,-0.19,-0.21,0.02
Day-375,google/gemma-2-9b-it,ENTJ,static,flat,123,0.92,flat,79.37,79.30547403735535,8723.11254383396,0.02152960773319842,109.90413272302163,BUY,0.25,"The price is below both the 20 and 60 day SMA, indicating a potential buying opportunity. The RSI suggests the stock is oversold and the P/E ratio is reasonable.",80.71,86.28,48.9,-2.1367,1032275,0.81,12.4,15.0,2.66,-6.45,-1,0.41,-0.06,0.46
Day-376,google/gemma-2-9b-it,ENTJ,static,flat,123,0.92,flat,77.08,77.42903012383096,8471.43207989824,0.016147205799898815,109.90420255179606,BUY,0.25,"The price is below both the 20 and 60 day SMAs, indicating a potential buying opportunity. The RSI suggests the stock is oversold and the negative news sentiment may be overblown.",80.37,85.95,45.2,-2.2236,1479970,1.15,14.6,14.9,2.68,-6.49,-1,-0.41,-0.13,-0.28
Day-377,google/gemma-2-9b-it,ENTJ,static,flat,123,0.92,flat,78.73,78.52973335551548,8652.774014108703,0.012110404349924112,109.90425382578881,BUY,0.25,"The price is below both the 20 and 60 day SMAs, indicating a potential buying opportunity. The RSI is in oversold territory, suggesting a possible rebound.",80.12,85.66,46.7,-2.1344,1059248,0.83,12.2,15.0,2.66,-6.47,-1,-0.53,-0.17,-0.37
Day-378,google/gemma-2-9b-it,ENTJ,static,flat,123,0.92,flat,78.33,77.80415710844409,8608.812312578388,0.009082803262443085,109.90429247766022,BUY,0.25,"The price is below both the 20 and 60 day SMA, indicating a potential buying opportunity. The RSI is oversold, suggesting a possible rebound.",80.01,85.44,47.4,-2.0718,1012196,0.79,10.1,15.1,2.65,-6.36,-1,-0.1,-0.17,0.06
Day-379,google/gemma-2-9b-it,ENTJ,static,flat,123,0.92,flat,78.81,78.38996154095945,8661.566372967665,0.006812102446832314,109.90432129000403,BUY,0.25,"The price is below both the 20 and 60 day SMAs, indicating a potential short-term downtrend. The RSI is in neutral territory, suggesting room for a potential bounce.",79.68,85.25,45.2,-1.9613,1349312,1.05,7.8,15.1,2.65,-6.53,-1,-0.09,-0.15,0.06
Day-380,google/gemma-2-9b-it,ENTJ,static,flat,123,0.92,flat,79.23,79.00682806050501,8707.726187909468,0.005109076835124235,109.90434278471074,BUY,0.25,"The stock is trading below both the 20 and 60 day SMA, indicating a potential short-term downtrend.  The RSI is neutral and the P/E ratio suggests undervaluation, presenting a buying opportunity.",79.57,85.06,49.4,-1.8186,1424538,1.09,8.2,15.0,2.66,-6.45,-1,0.59,-0.11,0.7
Day-381,google/gemma-2-9b-it,ENTJ,static,flat,123,0.92,flat,76.91,77.28194577651175,8452.748112648937,0.0038318076263431766,109.9043593920337,BUY,0.25,"The price is below both the 20 and 60 day SMA, indicating a potential buying opportunity. The RSI suggests the stock is oversold, and the P/E ratio is reasonable.",79.42,84.81,45.2,-1.8715,1308829,1.0,11.4,14.9,2.68,-6.35,-1,-0.23,-0.07,-0.15
Day-382,google/gemma-2-9b-it,ENTJ,static,flat,123,0.92,flat,78.63,78.53598509066848,8641.783610803235,0.0028738557197573824,109.90437157506697,BUY,0.25,"The price is below both the 20 and 60 day SMA, indicating a potential buying opportunity. The RSI is oversold, suggesting a possible rebound.",79.4,84.61,41.5,-1.7538,1296836,0.99,9.5,15.0,2.66,-6.16,-1,0.44,0.12,0.32
Day-383,google/gemma-2-9b-it,ENTJ,static,flat,123,0.92,flat,77.12,76.99240283648327,8475.828009724886,0.002155391789818037,109.90438089124864,BUY,0.25,"The price is below both the 20 and 60 day SMA, indicating a potential oversold condition. The RSI is also low, suggesting a possible rebound.",79.24,84.29,42.1,-1.7622,1164298,0.9,11.5,15.0,2.66,-6.0,-1,0.15,0.17,-0.02
Day-384,google/gemma-2-9b-it,ENTJ,static,flat,123,0.92,flat,75.54,75.03022521340965,8302.179087916713,0.0016165438423635277,109.90438802452832,BUY,0.25,"The price is below both the 20 and 60 day moving averages, indicating a potential buying opportunity. The RSI suggests oversold conditions, and the low implied volatility may present a good risk/reward profile.",79.04,83.97,34.6,-1.8753,1312857,1.02,12.2,15.1,2.65,-5.87,-1,0.5,0.29,0.21
Day-385,google/gemma-2-9b-it,ENTJ,static,flat,123,0.92,flat,73.68,73.73919348329964,8097.756926191089,0.0012124078817726458,109.90439350954406,BUY,0.25,"The price is below both the 20 and 60 day SMA, indicating a potential buying opportunity. The low RSI suggests oversold conditions, and the P/E ratio is reasonable.",78.68,83.61,31.6,-2.0905,1412330,1.09,10.6,15.0,2.67,-5.9,-1,0.08,0.19,-0.11
Day-386,google/gemma-2-9b-it,ENTJ,static,flat,123,0.92,flat,73.26,73.25252034651668,8051.597080917081,0.0009093059113294843,109.9043976468901,BUY,0.25,"The price is below both the 20 and 60 day moving averages, indicating a potential buying opportunity. The RSI suggests oversold conditions, and the P/E ratio is reasonable.",78.37,83.25,35.8,-2.2688,1163422,0.91,15.9,15.0,2.67,-5.86,-1,-0.48,0.14,-0.62
Day-387,google/gemma-2-9b-it,ENTJ,static,flat,123,0.92,flat,73.13,73.43500416297384,8037.309509222983,0.0006819794334971133,109.90440075541571,BUY,0.25,"The price is below both the 20 and 60 day SMAs, indicating a potential buying opportunity. The RSI suggests oversold conditions, and the P/E ratio is reasonable.",78.07,82.91,40.4,-2.3931,1230409,0.97,14.1,14.9,2.68,-5.83,-1,-0.28,-0.01,-0.27
Day-388,google/gemma-2-9b-it,ENTJ,static,flat,123,0.92,flat,72.62,72.33072781607147,7981.258264837723,0.000511484575122835,109.90440310318297,BUY,0.25,"The price is significantly below both the 20 and 60 day moving averages, indicating a potential buying opportunity. The low RSI suggests oversold conditions, further supporting a potential bounce.",77.59,82.54,27.8,-2.5037,1321107,1.03,13.1,15.1,2.66,-5.99,-1,0.16,-0.0,0.17
Day-389,google/gemma-2-9b-it,ENTJ,static,flat,123,0.92,flat,73.34,73.43828763294333,8060.389435072015,0.00038361343134212623,109.90440484672189,BUY,0.25,"The price is below both the 20 and 60 day SMAs, indicating a potential buying opportunity. The RSI suggests oversold conditions, and the low implied volatility could present a favorable risk/reward profile.",77.24,82.16,31.2,-2.5048,1390811,1.08,14.2,15.0,2.67,-5.98,-1,-0.26,-0.16,-0.11
Day-390,google/gemma-2-9b-it,ENTJ,static,flat,123,0.92,flat,73.91,73.83070582594881,8123.034945834645,0.0002877100735065947,109.90440614429133,BUY,0.25,"The price is below both the 20 and 60 day SMAs, indicating a potential buying opportunity. The RSI is oversold, suggesting a possible rebound.",76.84,81.73,38.9,-2.4315,1318810,1.02,12.7,15.0,2.66,-5.99,-1,0.72,-0.03,0.75
Day-391,google/gemma-2-9b-it,ENTJ,static,flat,123,0.92,flat,72.6,72.83369917657619,7979.060173785622,0.000215782555129946,109.90440713502849,BUY,0.25,"The price is significantly below both the 20 and 60 day SMAs, indicating a potential oversold condition. The low RSI suggests a possible rebound, making this a good entry point.",76.36,81.35,28.0,-2.4511,1078606,0.84,15.3,15.0,2.68,-6.13,-1,-0.55,-0.04,-0.51
Day-392,google/gemma-2-9b-it,ENTJ,static,flat,123,0.92,flat,74.18,74.16249819350594,8152.70913705897,0.0001618369163474595,109.90440786225469,BUY,0.25,"The price is below both the 20 and 60 day SMAs, indicating a potential buying opportunity. The RSI suggests oversold conditions, and the low implied volatility may present a favorable risk/reward profile.",76.12,81.01,36.3,-2.3118,1264911,1.0,14.0,15.0,2.67,-6.03,-1,-0.19,-0.02,-0.16
Day-393,google/gemma-2-9b-it,ENTJ,static,flat,123,0.92,flat,75.44,75.92757871852609,8291.18869096541,0.00012137768726059463,109.90440839856473,BUY,0.25,"The price is below both the 20 and 60 day SMA, indicating a potential buying opportunity. The RSI is oversold, suggesting a possible bounce.",76.07,80.72,39.4,-2.0764,1217688,0.97,13.6,14.9,2.68,-5.76,-1,0.14,-0.03,0.17
Day-394,google/gemma-2-9b-it,ENTJ,static,flat,123,0.92,flat,75.87,75.8006054772476,8338.447586576794,9.103326544544597e-05,109.90440879851757,BUY,0.25,"The price is below both the 20 and 60 day SMA, indicating a potential buying opportunity. The RSI suggests oversold conditions, and the low implied volatility may present a favorable risk/reward profile.",75.89,80.4,39.4,-1.8341,1322767,1.05,12.1,15.0,2.66,-5.61,-1,0.01,0.03,-0.02
Day-395,google/gemma-2-9b-it,ENTJ,static,flat,123,0.92,flat,75.15,75.49803425388414,8259.31641224186,6.827494908408448e-05,109.90440910135611,BUY,0.25,"The price is below both the 20 and 60 day SMA, indicating a potential short-term downtrend. The RSI is oversold, suggesting a possible bounce back.",75.68,80.08,43.9,-1.6804,1322994,1.04,17.3,14.9,2.68,-5.49,-1,-0.14,-0.15,0.0
Day-396,google/gemma-2-9b-it,ENTJ,static,flat,123,0.92,flat,73.2,72.88852305104434,8045.002814494217,5.1206211813063356e-05,109.90440933453559,BUY,0.25,"The price is below both the 20 and 60 day SMAs, indicating a potential buying opportunity. The RSI suggests oversold conditions, and the P/E ratio is reasonable.",75.48,79.78,31.3,-1.6968,1048708,0.84,13.2,15.1,2.66,-5.39,-1,0.44,0.05,0.38
Day-397,google/gemma-2-9b-it,ENTJ,static,flat,123,0.92,flat,73.1,72.31856985336218,8034.012373560762,3.840465885979752e-05,109.90440950965943,BUY,0.25,"The price is below both the 20 and 60 day SMA, indicating a potential buying opportunity. The RSI suggests oversold conditions, and the low implied volatility could indicate a potential for a price rebound.",75.2,79.49,34.7,-1.6979,1069328,0.85,12.7,15.2,2.64,-5.4,-1,0.02,0.09,-0.07
Day-398,google/gemma-2-9b-it,ENTJ,static,flat,123,0.92,flat,72.34,71.91974225471675,7950.485022333422,2.8803494144848136e-05,109.90440964238219,BUY,0.25,"The price is below both the 20 and 60 day SMA, indicating a potential oversold condition. The RSI is low, suggesting potential for a rebound.",74.9,79.17,37.0,-1.74,1043758,0.83,14.9,15.1,2.65,-5.39,-1,0.32,0.13,0.19
Day-399,google/gemma-2-9b-it,ENTJ,static,flat,123,0.92,flat,71.85,72.29524754171888,7896.631861608655,2.1602620608636104e-05,109.90440974260312,BUY,0.25,"The price is below both the 20 and 60 day SMA, indicating a potential buying opportunity. The RSI suggests oversold conditions, and the low implied volatility may present a favorable risk/reward profile.",74.55,78.85,41.6,-1.7923,1047950,0.85,11.9,14.9,2.68,-5.45,-1,-0.13,0.1,-0.23
Day-400,google/gemma-2-9b-it,ENTJ,static,flat,123,0.92,flat,71.96,72.07374751801918,7908.72134668034,1.6201965456477076e-05,109.90440981765391,BUY,0.25,"Price is below both SMAs, indicating potential for a trend reversal. RSI suggests oversold conditions, presenting a buying opportunity.",74.19,78.55,43.9,-1.8041,1262153,1.03,9.6,15.0,2.67,-5.56,-1,0.31,0.19,0.12
Day-401,google/gemma-2-9b-it,ENTJ,static,flat,123,0.92,flat,71.88,72.44809719007861,7899.928993894929,1.2151474092357807e-05,109.90440987400466,BUY,0.25,"The price is below both the 20 and 60 day SMAs, indicating a potential buying opportunity. The RSI suggests the stock is oversold, and the P/E ratio is reasonable.",73.94,78.21,44.1,-1.7994,1001365,0.82,10.6,14.9,2.69,-5.46,-1,0.07,0.12,-0.05
Day-402,google/gemma-2-9b-it,ENTJ,static,flat,123,0.92,flat,74.73,74.72780240973637,8213.156562035843,9.113605569268356e-06,109.90440991465591,BUY,0.25,"The price is below the 20-day SMA, indicating a potential buying opportunity. The positive volume ratio suggests increasing buying pressure.",73.74,77.93,58.2,-1.5473,1391387,1.14,13.9,15.0,2.67,-5.37,-1,-0.49,0.02,-0.5
Day-403,google/gemma-2-9b-it,ENTJ,static,flat,123,0.92,flat,73.09,73.96218347559596,8032.913329775806,6.835204176951267e-06,109.90440994582846,BUY,0.25,"The price is below both the 20 and 60 day SMA, indicating a potential buying opportunity. The RSI is neutral, and the negative news sentiment could present a chance to enter at a lower price.",73.54,77.65,49.1,-1.4631,1284326,1.05,14.7,14.8,2.7,-5.29,-1,-0.36,-0.12,-0.25
Day-404,google/gemma-2-9b-it,ENTJ,static,flat,123,0.92,flat,72.82,73.26144510190497,8003.239139090432,5.1264031327134504e-06,109.90440996929456,BUY,0.25,"The price is below both the 20 and 60 day SMA, indicating a potential buying opportunity. The RSI suggests the stock is oversold and the P/E ratio is reasonable.",73.41,77.37,46.0,-1.4024,1360514,1.11,11.1,14.9,2.68,-5.12,-1,0.34,-0.03,0.36
Day-405,google/gemma-2-9b-it,ENTJ,static,flat,123,0.92,flat,71.89,71.38952690121039,7901.028037818989,3.844802349535088e-06,109.90440998712181,BUY,0.25,"The price is below both the 20 and 60 day SMA, indicating a potential buying opportunity. The RSI is in oversold territory, suggesting a possible rebound.",73.32,77.09,47.3,-1.4126,1240297,1.02,13.8,15.1,2.65,-4.9,-1,0.0,-0.09,0.09
Day-406,google/gemma-2-9b-it,ENTJ,static,flat,123,0.92,flat,71.8,71.39857900066097,7891.136640920148,2.8836017621513157e-06,109.904410000509,BUY,0.25,"The price is below both the 20 and 60 day SMA, indicating a potential buying opportunity. The RSI is oversold, suggesting a possible rebound.",73.24,76.85,39.8,-1.4117,1453344,1.18,14.1,15.1,2.65,-4.69,-1,0.34,-0.03,0.38
Day-407,google/gemma-2-9b-it,ENTJ,static,flat,123,0.92,flat,72.19,72.82899995013537,7933.999360820346,2.162701321613487e-06,109.90441001049516,BUY,0.25,"The price is below both the 20 and 60 day SMA, indicating a potential buying opportunity. The RSI suggests oversold conditions, and the low implied volatility may present a favorable risk/reward profile.",73.2,76.62,35.0,-1.3641,1411411,1.14,12.6,14.9,2.69,-4.47,-1,0.22,0.11,0.11
Day-408,google/gemma-2-9b-it,ENTJ,static,flat,123,0.92,flat,70.13,70.3436713384624,7707.596276198726,1.6220259912101152e-06,109.90441001820477,BUY,0.25,"The price is below both the 20 and 60 day SMAs, indicating a potential buying opportunity. The RSI suggests oversold conditions, and the low implied volatility may present a favorable risk/reward profile.",73.07,76.41,26.9,-1.4753,1249170,1.01,14.2,15.0,2.67,-4.37,-1,-0.34,0.11,-0.45
Day-409,google/gemma-2-9b-it,ENTJ,static,flat,123,0.92,flat,69.62,69.43393191528558,7651.545027089443,1.2165194934075863e-06,109.90441002402935,BUY,0.25,"The price is significantly below both the 20 and 60 day SMAs, indicating a potential oversold condition. The low RSI suggests a possible rebound in the near future.",72.89,76.1,27.4,-1.5868,1122100,0.92,11.8,15.0,2.66,-4.22,-1,-0.36,-0.03,-0.33
Day-410,google/gemma-2-9b-it,ENTJ,static,flat,123,0.92,flat,69.65,69.50470795048335,7654.842159390164,9.123896200556897e-07,109.90441002839589,BUY,0.25,"The price is below both the 20 and 60 day SMAs, indicating a potential oversold condition. The RSI suggests a possible bounce, and the low implied volatility presents an opportunity for a calculated risk.",72.67,75.86,32.8,-1.6534,1063245,0.88,11.1,15.0,2.66,-4.2,-1,-0.03,-0.03,0.0
Day-411,google/gemma-2-9b-it,ENTJ,static,flat,123,0.92,flat,70.2,70.71774618331281,7715.289584905781,6.842922150417673e-07,109.90441003164514,BUY,0.25,"The price is below both the 20 and 60 day SMA, indicating a potential buying opportunity. The RSI suggests oversold conditions, and the low implied volatility may present a favorable risk/reward profile.",72.55,75.67,36.6,-1.6425,1421538,1.16,9.5,14.9,2.69,-4.11,-1,0.05,-0.09,0.14
Day-412,google/gemma-2-9b-it,ENTJ,static,flat,123,0.92,flat,71.37,71.28272079952342,7843.877744642806,5.132191612813254e-07,109.90441003404213,BUY,0.25,"The price is below both the 20 and 60 day SMAs, indicating a potential buying opportunity. The RSI is in oversold territory, suggesting a possible bounce.",72.41,75.51,45.7,-1.5223,1338436,1.08,9.9,15.0,2.66,-4.1,-1,-0.21,-0.18,-0.03
Day-413,google/gemma-2-9b-it,ENTJ,static,flat,123,0.92,flat,71.55,71.76976058600623,7863.660538448934,3.849143709609941e-07,109.90441003583535,BUY,0.25,The stock is slightly below its 20-day SMA and RSI indicates potential for upward momentum.  The P/E ratio suggests fair valuation.,72.22,75.34,48.6,-1.3963,1132585,0.92,10.8,15.0,2.67,-4.14,-1,0.15,-0.08,0.23
Day-414,google/gemma-2-9b-it,ENTJ,static,flat,123,0.92,flat,71.8,71.4699420117358,7891.136640957891,2.8868577822074553e-07,109.90441003717558,BUY,0.25,"The price is below the 20-day SMA, indicating a potential buying opportunity. The RSI suggests the stock is oversold, and the volume ratio indicates increasing buying pressure.",72.02,75.18,49.3,-1.262,1363050,1.11,8.2,15.1,2.65,-4.21,-1,-0.06,-0.02,-0.04
Day-415,google/gemma-2-9b-it,ENTJ,static,flat,123,0.92,flat,72.12,72.18371417463686,7926.306052169789,2.1651433366555915e-07,109.9044100381763,BUY,0.25,"The price is below both the 20 and 60 day SMA, indicating a potential buying opportunity. The RSI is neutral and the P/E ratio is reasonable, suggesting further upside potential.",71.86,75.01,51.1,-1.1169,1153988,0.94,9.9,15.0,2.67,-4.19,-1,-0.23,-0.06,-0.17
Day-416,google/gemma-2-9b-it,ENTJ,static,flat,123,0.92,flat,73.79,73.68509446513455,8109.846416933544,1.6238575024916935e-07,109.90441003890984,BUY,0.25,"The price is below both the 20 and 60 day SMA, indicating a potential buying opportunity. The RSI suggests the stock is oversold, and the P/E ratio is reasonable.",71.89,74.89,45.3,-0.8574,1127387,0.92,8.3,15.0,2.66,-4.01,-1,0.08,-0.05,0.13
Day-417,google/gemma-2-9b-it,ENTJ,static,flat,123,0.92,flat,71.19,71.23047148405999,7824.094950832377,1.2178931268687702e-07,109.9044100394801,BUY,0.25,"The price is below both the 20 and 60 day SMAs, indicating a potential buying opportunity. The RSI suggests oversold conditions, and the negative news sentiment could be a contrarian indicator.",71.8,74.74,41.4,-0.8514,1369591,1.1,11.1,15.0,2.67,-3.93,-1,-0.19,-0.05,-0.14
Day-418,google/gemma-2-9b-it,ENTJ,static,flat,123,0.92,flat,72.59,72.29763409340234,7977.961124887651,9.134198451515776e-08,109.90441003989955,BUY,0.25,"The price is below both the 20 and 60 day SMAs, indicating a potential buying opportunity. The RSI is neutral and the P/E ratio is reasonable, suggesting further upside potential.",71.81,74.54,49.1,-0.7249,1369768,1.09,13.4,15.1,2.66,-3.67,-1,-0.44,-0.17,-0.27
Day-419,google/gemma-2-9b-it,ENTJ,static,flat,123,0.92,flat,71.82,72.17662276462998,7893.334729156927,6.850648838636832e-08,109.9044100402175,BUY,0.25,"The price is below the 20-day SMA, indicating a potential buy opportunity. The RSI is above 40, suggesting some upward momentum.",71.81,74.37,49.7,-0.6797,1411934,1.11,14.1,14.9,2.68,-3.45,-1,0.47,-0.06,0.53
Day-420,google/gemma-2-9b-it,ENTJ,static,flat,123,0.92,flat,71.67,71.43703495814476,7876.849067650895,5.137986628977624e-08,109.90441004045647,BUY,0.25,"The stock is slightly below both the 20 and 60 day SMA, indicating a potential buying opportunity.  The RSI is neutral and the P/E ratio is reasonable.",71.79,74.17,49.4,-0.6484,1424888,1.11,10.3,15.0,2.66,-3.2,-1,-0.59,-0.13,-0.46
Day-421,google/gemma-2-9b-it,ENTJ,static,flat,123,0.92,flat,68.73,68.05082932676467,7553.730102131954,3.8534899717332183e-08,109.90441004064336,BUY,0.25,"The price is below both the 20 and 60 day SMA, indicating a potential buying opportunity. The RSI suggests oversold conditions, and the negative news sentiment could be a contrarian indicator.",71.64,73.9,38.2,-0.8505,1273378,0.98,16.9,15.2,2.64,-3.06,-1,-0.5,-0.25,-0.25
Day-422,google/gemma-2-9b-it,ENTJ,static,flat,123,0.92,flat,67.13,66.21770601019435,7377.883046066923,2.8901174787999136e-08,109.90441004078687,BUY,0.25,"The price is below both the 20 and 60 day SMAs, indicating a potential buying opportunity. The RSI is oversold, suggesting a possible bounce back.",71.26,73.66,39.4,-1.1271,1128984,0.88,14.9,15.2,2.63,-3.27,-1,0.25,-0.16,0.41
Day-423,google/gemma-2-9b-it,ENTJ,static,flat,123,0.92,flat,69.33,68.52571452945628,7619.672748156655,2.167588109099935e-08,109.9044100408911,BUY,0.25,"The price is below both the 20 and 60 day SMA, indicating a potential buying opportunity. The RSI is neutral and the P/E ratio is reasonable, suggesting further upside potential.",71.07,73.52,49.1,-1.1555,1302762,1.01,15.2,15.2,2.64,-3.33,-1,0.08,-0.06,0.14
Day-424,google/gemma-2-9b-it,ENTJ,static,flat,123,0.92,flat,67.41,67.60879639477683,7408.656280878145,1.6256910818249513e-08,109.90441004097148,BUY,0.25,"The price is below both the 20 and 60 day SMA, indicating a potential buying opportunity. The RSI suggests the stock is oversold and the P/E ratio is reasonable.",70.8,73.28,43.7,-1.3174,1149461,0.9,11.0,15.0,2.67,-3.38,-1,-0.17,-0.19,0.02
Day-425,google/gemma-2-9b-it,ENTJ,static,flat,123,0.92,flat,66.34,66.17764541361214,7291.058562134305,1.2192683113687135e-08,109.90441004103275,BUY,0.25,"The price is below both the 20 and 60 day SMA, indicating a potential buying opportunity. The RSI is oversold, suggesting a possible rebound.",70.52,73.02,39.4,-1.5145,1396443,1.09,8.7,15.0,2.66,-3.42,-1,0.58,0.05,0.53
Day-426,google/gemma-2-9b-it,ENTJ,static,flat,123,0.92,flat,65.83,65.59596626644296,7235.007313013378,9.144512335265352e-09,109.90441004107905,BUY,0.25,"The price is below both the 20 and 60 day SMAs, indicating a potential buying opportunity. The RSI suggests oversold conditions, and the low implied volatility may present a favorable risk/reward profile.",70.22,72.79,34.2,-1.6928,1059463,0.84,8.6,15.1,2.66,-3.53,-1,-0.12,0.12,-0.24
Day-427,google/gemma-2-9b-it,ENTJ,static,flat,123,0.92,flat,64.82,64.64503213341933,7124.003858871888,6.858384251449014e-09,109.90441004111432,BUY,0.25,The stock is oversold with a low RSI and below both SMA20 and SMA60. The P/E ratio is reasonable and the implied volatility suggests potential for price movement.,69.85,72.51,31.7,-1.8938,1163190,0.93,8.8,15.0,2.66,-3.67,-1,-0.03,0.07,-0.1
Day-428,google/gemma-2-9b-it,ENTJ,static,flat,123,0.92,flat,65.01,64.82546032455159,7144.885696779701,5.14378818858676e-09,109.9044100411407,BUY,0.25,"The price is below both the 20 and 60 day SMA, indicating a potential buying opportunity. The RSI suggests oversold conditions, and the low implied volatility could present a favorable risk/reward profile.",69.6,72.25,31.5,-2.0141,1019000,0.82,7.5,15.0,2.66,-3.67,-1,0.0,0.05,-0.05
Day-429,google/gemma-2-9b-it,ENTJ,static,flat,123,0.92,flat,66.95,66.84241980363485,7358.1002522595145,3.857841141440071e-09,109.9044100411599,BUY,0.25,"Price is below both the 20 and 60 day SMA, indicating a potential buying opportunity. RSI is oversold, suggesting a possible rebound.",69.46,72.01,37.1,-1.931,1222725,0.98,7.5,15.0,2.66,-3.53,-1,0.18,0.12,0.06
Day-430,google/gemma-2-9b-it,ENTJ,static,flat,123,0.92,flat,65.9,66.08260742081859,7242.700621716296,2.893380856080053e-09,109.90441004117454,BUY,0.25,"The price is below both the 20 and 60 day moving averages, indicating a potential oversold condition. The low RSI suggests a possible rebound, making this a good entry point.",69.28,71.74,29.6,-1.9275,1070024,0.86,10.0,15.0,2.67,-3.44,-1,0.21,0.05,0.16
Day-431,google/gemma-2-9b-it,ENTJ,static,flat,123,0.92,flat,66.41,66.30672918157369,7298.751870837294,2.1700356420600397e-09,109.90441004118543,BUY,0.25,"The price is below both the 20 and 60 day SMAs, indicating a potential buying opportunity. The RSI suggests oversold conditions, and the low P/E ratio may indicate undervaluation.",69.09,71.53,36.2,-1.8623,1486337,1.19,14.7,15.0,2.66,-3.42,-1,0.41,0.15,0.25
Day-432,google/gemma-2-9b-it,ENTJ,static,flat,123,0.92,flat,65.23,64.82210327812888,7169.0646669886955,1.6275267315450296e-09,109.90441004119374,BUY,0.25,"The price is significantly below both the 20 and 60 day SMAs, indicating a potential oversold condition. The low RSI suggests a possible rebound, making this a good entry point.",68.78,71.27,28.4,-1.8837,1177869,0.95,14.6,15.1,2.65,-3.49,-1,-0.14,0.13,-0.27
Day-433,google/gemma-2-9b-it,ENTJ,static,flat,123,0.92,flat,67.06,66.84322646371471,7370.18973736408,1.2206450486587721e-09,109.90441004119981,BUY,0.25,"The price is below both the 20 and 60 day SMAs, indicating a potential buying opportunity. The RSI suggests oversold conditions, and the low implied volatility could present a favorable risk/reward profile.",68.56,71.06,36.8,-1.7336,1394934,1.11,13.9,15.0,2.66,-3.53,-1,-0.01,0.13,-0.14
Day-434,google/gemma-2-9b-it,ENTJ,static,flat,123,0.92,flat,66.62,67.11656224872142,7321.831796945952,9.154837864940791e-10,109.90441004120439,BUY,0.25,"The price is below both the 20 and 60 day SMAs, indicating a potential buying opportunity. The RSI suggests oversold conditions, and the negative news sentiment may be creating an attractive entry point.",68.3,70.89,36.3,-1.6309,1414339,1.13,13.5,14.9,2.69,-3.65,-1,-0.09,0.07,-0.16
Day-435,google/gemma-2-9b-it,ENTJ,static,flat,123,0.92,flat,65.33,65.69970664384903,7180.055107992797,7.323870291952633e-10,109.90441004120719,BUY,0.2,"The price is below both the 20 and 60 day SMAs, indicating a potential buying opportunity. The RSI suggests oversold conditions, and the negative news sentiment could be a contrarian indicator.",67.96,70.72,39.8,-1.6352,1046016,0.84,12.8,14.9,2.68,-3.9,-1,-0.4,-0.05,-0.35
Day-436,google/gemma-2-9b-it,ENTJ,static,flat,123,0.92,flat,66.77,66.91884287477968,7338.317458452135,5.859096233562106e-10,109.90441004120937,BUY,0.2,"The price is below the 20-day SMA and RSI is in oversold territory, suggesting a potential buying opportunity.  The P/E ratio is reasonable and the news sentiment is slightly negative, indicating potential for a rebound.",67.61,70.59,48.9,-1.5051,1334317,1.06,11.1,15.0,2.67,-4.22,-1,-0.1,-0.15,0.05
Day-437,google/gemma-2-9b-it,ENTJ,static,flat,123,0.92,flat,68.48,68.56487228526676,7526.253999622603,4.687276986849685e-10,109.90441004121108,BUY,0.2,"The price is below the 20-day SMA and RSI is in oversold territory, suggesting a potential buying opportunity. The P/E ratio is reasonable and implied volatility is moderate.",67.47,70.5,47.4,-1.2494,1172128,0.94,12.7,15.0,2.67,-4.29,-1,0.1,-0.1,0.2
Day-438,google/gemma-2-9b-it,ENTJ,static,flat,123,0.92,flat,68.88,68.80727392722095,7570.215763639088,3.515457740137264e-10,109.90441004121278,BUY,0.25,"The price is below the 20-day SMA, indicating a potential buying opportunity. The positive news sentiment and moderate implied volatility suggest potential for upward movement.",67.29,70.42,55.0,-1.0032,1149049,0.93,13.0,15.0,2.66,-4.45,-1,0.03,-0.09,0.13
Day-439,google/gemma-2-9b-it,ENTJ,static,flat,123,0.92,flat,66.16,66.60778920157634,7271.275768326988,2.6365933051029476e-10,109.9044100412141,BUY,0.25,"The price is below both the 20 and 60 day SMAs, indicating a potential buying opportunity.  The RSI is above 40, suggesting some upward momentum.",67.0,70.28,49.4,-1.0154,1377200,1.11,13.7,14.9,2.68,-4.66,-1,0.43,0.01,0.42
Day-440,google/gemma-2-9b-it,ENTJ,static,flat,123,0.92,flat,69.32,69.0495872273282,7618.573704057225,1.9774449788272107e-10,109.90441004121506,BUY,0.25,"The price is below the 20-day SMA, indicating a potential buying opportunity.  The RSI suggests the stock is not overbought, and the positive news sentiment is encouraging.",66.89,70.19,59.3,-0.7616,1127133,0.92,10.1,15.1,2.66,-4.7,-1,0.06,0.1,-0.05
Day-441,google/gemma-2-9b-it,ENTJ,static,flat,123,0.92,flat,68.94,69.50004168599995,7576.8100282415635,1.483083734120408e-10,109.90441004121577,BUY,0.25,"The stock price is below both the 20 and 60 day SMAs, indicating a potential buying opportunity. The RSI is above 60, suggesting upward momentum.",66.9,70.11,61.3,-0.5844,1154921,0.95,9.1,14.9,2.69,-4.59,-1,-0.3,0.07,-0.36
Day-442,google/gemma-2-9b-it,ENTJ,static,flat,123,0.92,flat,71.3,71.16751315050763,7836.184435938832,1.1123128005903061e-10,109.9044100412163,BUY,0.25,"The price is below both the 20 and 60 day SMA, indicating a potential short-term dip. The RSI is above 60, suggesting potential for a rebound.",67.1,70.05,65.4,-0.2505,1378384,1.12,7.5,15.0,2.66,-4.21,-1,-0.15,0.01,-0.17
Day-443,google/gemma-2-9b-it,ENTJ,static,flat,123,0.92,flat,70.6,70.4088224506849,7759.251348909982,8.342346004427296e-11,109.90441004121669,BUY,0.25,"The price is below both the 20 and 60 day SMAs, indicating a potential short-term downtrend.  RSI is above 50, suggesting potential for a bounce, making this a good entry point.",67.17,69.96,59.5,-0.0421,1174776,0.96,11.1,15.0,2.66,-3.99,-1,-0.24,-0.04,-0.2
Day-444,google/gemma-2-9b-it,ENTJ,static,flat,123,0.92,flat,70.1,69.87067936014093,7704.299143889373,6.256759503320472e-11,109.90441004121699,BUY,0.25,The stock is showing a bullish trend despite recent price dip.  RSI is above 60 indicating potential for further upward movement.,67.3,69.84,61.3,0.0823,1196220,0.98,10.8,15.0,2.66,-3.64,-1,-0.18,-0.16,-0.02
Day-445,google/gemma-2-9b-it,ENTJ,static,flat,123,0.92,flat,69.2,70.0462093553713,7605.385174852279,4.692569627490354e-11,109.90441004121722,BUY,0.25,"The price is below the 20-day SMA, indicating a potential buying opportunity. The RSI is in neutral territory, suggesting room for upward movement.",67.44,69.72,57.4,0.1069,1370485,1.12,8.3,14.8,2.7,-3.27,-1,-0.03,-0.18,0.15
Day-446,google/gemma-2-9b-it,ENTJ,static,flat,123,0.92,flat,71.31,71.64498734013604,7837.2834800392475,3.519427220617766e-11,109.90441004121739,BUY,0.25,"The price is below the 20-day SMA, indicating a potential buying opportunity. The RSI is above 60, suggesting upward momentum.",67.72,69.69,65.2,0.2928,1069232,0.87,7.6,14.9,2.68,-2.82,-1,0.23,-0.08,0.3
Day-447,google/gemma-2-9b-it,ENTJ,static,flat,123,0.92,flat,71.78,71.87172925244958,7888.93855275862,2.6395704154633243e-11,109.90441004121752,BUY,0.25,"The price is below both the 20 and 60 day moving averages, indicating a potential buying opportunity.  RSI is above 60, suggesting potential for further upside.",68.07,69.66,62.7,0.4733,1346436,1.09,7.5,15.0,2.67,-2.29,-1,0.26,0.01,0.25
Day-448,google/gemma-2-9b-it,ENTJ,static,flat,123,0.92,flat,70.16,70.10865940863465,7710.893408491847,1.9796778115974932e-11,109.90441004121762,BUY,0.25,"The price is below both the 20 and 60 day SMAs, suggesting a potential buying opportunity. RSI is above 50, indicating upward momentum.",68.32,69.62,59.0,0.4798,1161571,0.94,9.3,15.0,2.66,-1.86,0,-0.27,0.0,-0.28
Day-449,google/gemma-2-9b-it,ENTJ,static,flat,123,0.92,flat,70.47,70.49812401262663,7744.963775604625,1.4847583586981198e-11,109.90441004121769,BUY,0.25,"The price is slightly below the 20 and 60 day SMA, RSI is in a healthy range, and the positive volume ratio suggests buying pressure.  This presents a good entry point for a potential upward trend.",68.5,69.59,63.7,0.5041,1422052,1.14,10.7,15.0,2.67,-1.56,0,0.13,0.06,0.06
Day-450,google/gemma-2-9b-it,ENTJ,static,flat,123,0.92,flat,72.56,72.85540938349276,7974.66399259077,1.1135687690235899e-11,109.90441004121774,BUY,0.25,"The price is below the 20 and 60 day SMA, indicating a potential buying opportunity. RSI is above 60, suggesting upward momentum.",68.83,69.6,64.9,0.6843,1309176,1.04,10.8,14.9,2.68,-1.1,0,-0.02,0.06,-0.08
Day-451,google/gemma-2-9b-it,ENTJ,static,flat,123,0.92,flat,73.4,72.97324807470197,8066.983697025395,8.351765767676924e-12,109.90441004121779,BUY,0.25,"The price is below the 20 and 60 day SMA, indicating a potential buying opportunity. RSI is above 60, suggesting upward momentum.",69.18,69.63,63.3,0.885,1003837,0.81,10.1,15.1,2.65,-0.64,0,-0.11,-0.0,-0.1
Day-452,google/gemma-2-9b-it,ENTJ,static,flat,123,0.92,flat,73.34,73.18427823796117,8060.389432422921,6.68141261414154e-12,109.90441004121782,BUY,0.2,The stock is showing a slight upward trend with a positive RSI.  The P/E ratio is reasonable and the implied volatility suggests potential for price movement.,69.59,69.6,62.2,1.0265,1066092,0.86,14.0,15.0,2.66,-0.02,0,-0.2,-0.09,-0.11
Day-453,google/gemma-2-9b-it,ENTJ,static,flat,123,0.92,flat,71.18,71.38085847896805,7822.995906733892,5.011059460606155e-12,109.90441004121784,BUY,0.25,"The price is slightly above the 20 and 60 day SMA, RSI is in a healthy range, and the volume ratio suggests increasing buying pressure.  This indicates a potential upward trend.",69.79,69.56,64.2,0.954,1375255,1.12,15.1,15.0,2.67,0.33,0,-0.22,-0.08,-0.14
Day-454,google/gemma-2-9b-it,ENTJ,static,flat,123,0.92,flat,69.05,69.42659192837817,7588.899513346097,3.758294595454616e-12,109.90441004121786,BUY,0.25,"The price is below both the 20 and 60 day SMAs, indicating a potential buying opportunity.  The RSI is neutral and the P/E ratio is reasonable.",69.92,69.49,49.2,0.7159,1109897,0.91,11.5,14.9,2.68,0.61,0,-0.16,-0.14,-0.02
Day-455,google/gemma-2-9b-it,ENTJ,static,flat,123,0.92,flat,68.59,68.56732575676999,7538.343484727137,2.818720946590962e-12,109.90441004121787,BUY,0.25,"The price is below the 20-day SMA and RSI is below 50, suggesting potential for a short-term rebound.  The P/E ratio is reasonable and implied volatility is moderate.",70.08,69.42,49.0,0.4846,1008524,0.83,8.9,15.0,2.67,0.94,0,0.31,-0.07,0.39
Day-456,google/gemma-2-9b-it,ENTJ,static,flat,123,0.92,flat,68.7,68.1414551573398,7550.432969831671,2.1140407099432216e-12,109.90441004121789,BUY,0.25,"The price is below both the 20 and 60 day SMA, indicating a potential buying opportunity. The RSI is oversold, suggesting a possible rebound.",70.18,69.36,41.0,0.307,1369216,1.13,13.4,15.1,2.64,1.17,0,0.28,0.0,0.28
Day-457,google/gemma-2-9b-it,ENTJ,static,flat,123,0.92,flat,68.32,68.30390793276091,7508.669294016008,1.5855305324574162e-12,109.9044100412179,BUY,0.25,"The price is below both the 20 and 60 day SMAs, indicating a potential buying opportunity. The RSI suggests the stock is oversold, and the low implied volatility presents a lower risk profile.",70.17,69.28,41.9,0.1335,1336288,1.09,10.2,15.0,2.67,1.28,0,0.25,0.09,0.16
Day-458,google/gemma-2-9b-it,ENTJ,static,flat,123,0.92,flat,68.54,68.55155717150355,7532.8482642250765,1.1891478993430621e-12,109.9044100412179,BUY,0.25,"Price is below both short and long term moving averages, indicating potential for a rebound. RSI suggests oversold conditions, presenting a buying opportunity.",70.15,69.25,44.4,0.0142,1111634,0.91,7.8,15.0,2.67,1.3,0,-0.68,0.0,-0.68
Day-459,google/gemma-2-9b-it,ENTJ,static,flat,123,0.92,flat,70.83,70.80462154442297,7784.529363219464,8.918609245072965e-13,109.9044100412179,BUY,0.25,"The price is slightly above the 20-day SMA, suggesting potential upward momentum. The RSI is healthy, and the P/E ratio is reasonable, indicating potential for growth.",70.38,69.28,55.3,0.1029,1312950,1.08,10.6,15.0,2.67,1.6,0,0.37,0.11,0.27
Day-460,google/gemma-2-9b-it,ENTJ,static,flat,123,0.92,flat,70.94,70.90904669758352,7796.6188483239985,6.688956933804725e-13,109.9044100412179,BUY,0.25,"The price is slightly below the 20-day SMA, suggesting a potential buying opportunity. The RSI is neutral, and the positive volume ratio indicates buying pressure.",70.47,69.3,48.6,0.1805,1313593,1.07,8.9,15.0,2.67,1.68,0,0.09,0.06,0.03
Day-461,google/gemma-2-9b-it,ENTJ,static,flat,123,0.92,flat,72.39,72.45650691010987,7955.980242883765,5.016717700353543e-13,109.9044100412179,BUY,0.25,"The price is below both the 20 and 60 day SMA, indicating a potential buying opportunity.  RSI is above 50 suggesting upward momentum.",70.64,69.35,52.1,0.3547,1469692,1.18,8.2,15.0,2.67,1.86,0,0.26,0.06,0.2
Day-462,google/gemma-2-9b-it,ENTJ,static,flat,123,0.92,flat,72.18,72.42125911428316,7932.900316775109,3.762538275265157e-13,109.9044100412179,BUY,0.25,"The price is below both the 20 and 60 day SMA, indicating a potential buying opportunity. RSI is above 50, suggesting bullish momentum.",70.68,69.36,57.8,0.47,1048871,0.85,7.5,14.9,2.68,1.9,0,-0.05,-0.0,-0.05
Day-463,google/gemma-2-9b-it,ENTJ,static,flat,123,0.92,flat,74.96,74.57295908143763,8238.434576689693,2.821903706448868e-13,109.9044100412179,BUY,0.25,"The price is below both the 20 and 60 day SMAs, indicating a potential buying opportunity.  RSI is above 60 but not overbought, suggesting further upside potential.",70.9,69.43,64.6,0.7766,1085720,0.89,7.5,15.1,2.65,2.12,1,0.06,0.15,-0.09
Day-464,google/gemma-2-9b-it,ENTJ,static,flat,123,0.92,flat,72.08,71.85642372005483,7921.909875770986,2.116427779836651e-13,109.9044100412179,BUY,0.25,"The price is slightly above the 20-day SMA, indicating potential upward momentum. The P/E ratio suggests the stock is fairly valued, and the low implied volatility presents a good risk-reward opportunity.",71.0,69.44,48.5,0.7787,1151072,0.94,10.6,15.0,2.66,2.25,1,0.4,0.15,0.25
Day-465,google/gemma-2-9b-it,ENTJ,static,flat,123,0.92,flat,71.68,71.02240408713712,7877.9481117545,1.5873208348774882e-13,109.9044100412179,BUY,0.25,"The price is above both the 20 and 60 day SMAs, indicating an upward trend. RSI is in neutral territory, suggesting potential for further upside.",71.12,69.43,44.5,0.7393,1383218,1.13,9.3,15.1,2.64,2.44,1,0.3,0.19,0.11
Day-466,google/gemma-2-9b-it,ENTJ,static,flat,123,0.92,flat,72.67,72.45430198754799,7986.753477695305,1.1904906261581162e-13,109.9044100412179,BUY,0.25,"The price is above both the 20 and 60 day SMAs, indicating an uptrend. The RSI is neutral, suggesting potential for further upside.",71.19,69.4,48.0,0.779,1235944,1.0,13.0,15.0,2.66,2.57,1,-0.28,0.09,-0.36
Day-467,google/gemma-2-9b-it,ENTJ,static,flat,123,0.92,flat,72.13,72.22773588111909,7927.405096273047,8.928679696185872e-14,109.9044100412179,BUY,0.25,"The price is above both the 20 and 60 day SMAs, suggesting an uptrend. The RSI is in neutral territory, indicating potential for further upside.",71.21,69.42,53.2,0.7582,1184094,0.97,12.8,15.0,2.67,2.57,1,-0.24,0.05,-0.29
Day-468,google/gemma-2-9b-it,ENTJ,static,flat,123,0.92,flat,73.26,73.60807378444059,8051.597079619624,6.696509772139405e-14,109.9044100412179,BUY,0.25,"The price is above both the 20 and 60 day SMAs, RSI is above 60 indicating upward momentum, and the P/E ratio is reasonable.",71.36,69.44,65.1,0.8231,1190669,0.97,11.2,14.9,2.68,2.77,1,0.13,0.06,0.07
Day-469,google/gemma-2-9b-it,ENTJ,static,flat,123,0.92,flat,74.11,74.19939822254314,8145.015828154658,5.0223823291045535e-14,109.9044100412179,BUY,0.25,"The price is above both the 20 and 60 day SMAs, RSI is in a bullish zone, and the P/E ratio is reasonable.  Volume is slightly above average, indicating potential for continued upward momentum.",71.55,69.48,69.2,0.9328,1254034,1.03,8.1,15.0,2.67,2.97,1,0.06,-0.0,0.06
Day-470,google/gemma-2-9b-it,ENTJ,static,flat,123,0.92,flat,75.31,75.63911772627814,8276.90112020412,3.766786746828415e-14,109.9044100412179,BUY,0.25,"The price is above both the 20 and 60 day SMAs, RSI is high indicating potential overbought conditions, but the P/E ratio is reasonable.  A small buy position is warranted to capitalize on the upward trend.",71.68,69.56,71.4,1.1035,1162456,0.96,8.7,14.9,2.68,3.06,1,-0.27,-0.12,-0.15
Day-471,google/gemma-2-9b-it,ENTJ,static,flat,123,0.92,flat,77.32,76.59524002630464,8497.808984386967,4248.904492193484,54.95220502060895,SELL,0.5,"The RSI is overbought and the price is above both the 20 and 60 day SMAs, suggesting potential for a correction.  Selling half the position allows for profit taking while maintaining exposure to the potential uptrend.",71.88,69.73,76.4,1.3849,1340865,1.09,10.3,15.1,2.64,3.08,1,-0.02,-0.07,0.05
Day-472,google/gemma-2-9b-it,ENTJ,static,flat,123,0.92,flat,77.65,77.6574829667856,8515.943212043769,2124.452246096742,82.31153851831328,BUY,0.5,"The price is above both the 20 and 60 day SMAs, RSI is high indicating potential overbought conditions, but the P/E ratio is reasonable.  A pullback could be imminent, allowing for a profitable entry.",72.09,69.94,76.5,1.6163,1012566,0.83,14.3,15.0,2.67,3.08,1,-0.2,-0.06,-0.15
Day-473,google/gemma-2-9b-it,ENTJ,static,flat,123,0.92,flat,80.34,80.03443828333603,8737.361250658032,3777.6794972370644,61.73365388873496,SELL,0.25,"The RSI is overbought and the price is above both the 20 and 60 day SMAs. This suggests a potential trend reversal, warranting a partial sell.",72.55,70.16,77.1,1.9939,1298900,1.07,11.7,15.1,2.66,3.41,1,0.18,-0.05,0.23
Day-474,google/gemma-2-9b-it,ENTJ,static,flat,123,0.92,flat,81.99,81.65364832955892,8839.221779574444,5043.06506782141,46.30024041655122,SELL,0.25,"The RSI is at an overbought level, indicating potential for a price correction.  The trend is weakening, with the SMA20 crossing below the SMA60.",73.2,70.45,78.9,2.3989,1180226,0.97,10.6,15.1,2.66,3.9,1,0.68,0.07,0.61
Day-475,google/gemma-2-9b-it,ENTJ,static,flat,123,0.92,flat,83.6,83.31783526705965,8913.765166645091,6978.41511723325,23.15012020827561,SELL,0.5,"The RSI is at an overbought level (79.1) and the price is above both the 20 and 60 day SMAs, suggesting a potential correction.  Profit taking is recommended.",73.95,70.79,79.1,2.8172,1239449,1.0,7.9,15.1,2.66,4.46,1,-0.27,0.07,-0.34
Day-476,google/gemma-2-9b-it,ENTJ,static,flat,123,0.92,flat,84.24,83.37687646244656,8928.581243578388,7953.498180405819,11.575060104137805,SELL,0.5,"The RSI is significantly overbought, indicating potential for a price correction.  The price is also above both the 20 and 60 day SMAs, suggesting a potential overextension.",74.73,71.16,80.6,3.1633,1376502,1.12,10.1,15.2,2.64,5.01,1,0.13,0.1,0.03
Day-477,google/gemma-2-9b-it,ENTJ,static,flat,123,0.92,flat,82.41,82.43697039062724,8907.398883587815,5965.123635304364,35.7028910118123,BUY,0.25,"The price is below both the 20 and 60 day SMA, indicating a potential buying opportunity. RSI is above 60, suggesting upward momentum.",75.43,71.51,69.9,3.2526,1017745,0.84,8.7,15.0,2.67,5.48,1,0.13,0.17,-0.04
Day-478,google/gemma-2-9b-it,ENTJ,static,flat,123,0.92,flat,81.34,81.3810792478349,8869.196790205177,5965.123635304364,35.7028910118123,HOLD,0.0,"The RSI is high, indicating potential overbought conditions.  Further analysis is needed to confirm the trend's strength before entering a position.",76.07,71.84,77.3,3.1999,1108287,0.91,7.5,15.0,2.67,5.89,1,-0.06,0.12,-0.18
Day-479,google/gemma-2-9b-it,ENTJ,static,flat,123,0.92,flat,82.69,82.63734493922718,8917.395693071123,7441.2596641877435,17.85144550590615,SELL,0.5,"The RSI is significantly overbought, indicating potential for a price correction.  The price is also above both the 20 and 60 day SMAs, suggesting a possible overextension.",76.66,72.16,80.8,3.2305,1255721,1.03,10.4,15.0,2.66,6.25,1,-0.11,-0.04,-0.08
Day-480,google/gemma-2-9b-it,ENTJ,static,flat,123,0.92,flat,79.04,78.7274970385801,8852.237916974565,5580.944748140808,41.38781843160119,BUY,0.25,"The price is above both the 20 and 60 day SMAs, RSI is in positive territory, and the P/E ratio is reasonable.  Volume is slightly above average, indicating potential for continued upward momentum.",77.07,72.42,65.5,2.9259,1308638,1.08,12.3,15.1,2.66,6.42,1,-0.1,-0.0,-0.1
Day-481,google/gemma-2-9b-it,ENTJ,static,flat,123,0.92,flat,76.77,76.71896356879239,8758.28756913483,4185.708561105606,59.56205559501401,BUY,0.25,"The price is below the 20-day SMA, indicating a potential buying opportunity. The RSI is above 50, suggesting upward momentum.",77.29,72.63,60.4,2.4733,1092573,0.91,9.1,15.0,2.66,6.42,1,-0.44,-0.12,-0.32
Day-482,google/gemma-2-9b-it,ENTJ,static,flat,123,0.92,flat,75.18,75.27769287040519,8663.58390073876,3139.2814208292048,73.48101197006591,BUY,0.25,"The price is below both the 20 and 60 day SMAs, indicating a potential buying opportunity. The RSI is in neutral territory, suggesting room for upward movement.",77.44,72.82,54.2,1.9632,1097532,0.92,11.3,15.0,2.67,6.33,1,-0.59,-0.26,-0.33
Day-483,google/gemma-2-9b-it,ENTJ,static,flat,123,0.92,flat,74.64,74.92828229035753,8623.904154274926,2354.461065621904,83.99575413522268,BUY,0.25,"The price is below both the 20 and 60 day SMA, indicating a potential buying opportunity.  The RSI is neutral and the P/E ratio is reasonable.",77.42,72.98,51.2,1.4985,1311901,1.08,12.0,14.9,2.68,6.09,1,-0.26,-0.3,0.04
Day-484,google/gemma-2-9b-it,ENTJ,static,flat,123,0.92,flat,70.87,71.10819989380765,8307.240161185136,1765.8457992164278,92.30131736939055,BUY,0.25,"The price is below both the 20 and 60 day SMAs, indicating a potential buying opportunity. The RSI suggests oversold conditions, and the low implied volatility may present a favorable risk/reward profile.",77.36,73.06,41.1,0.8167,1361883,1.12,9.1,15.0,2.68,5.89,1,-0.18,-0.32,0.13
Day-485,google/gemma-2-9b-it,ENTJ,static,flat,123,0.92,flat,73.02,72.94291035365951,8505.687993529325,1324.384349412321,98.34707811718714,BUY,0.25,"The price is below both the 20 and 60 day SMA, indicating a potential buying opportunity. The RSI suggests oversold conditions, and the P/E ratio is reasonable.",77.43,73.22,41.4,0.4441,1224953,1.01,8.0,15.0,2.66,5.75,1,0.22,-0.25,0.47
Day-486,google/gemma-2-9b-it,ENTJ,static,flat,123,0.92,flat,73.41,73.84590741930431,8544.043353995028,993.2882620592407,102.8573095209888,BUY,0.25,"The price is below both the 20 and 60 day SMAs, indicating a potential buying opportunity. The RSI suggests the stock is oversold, and the low implied volatility indicates potential for a price rebound.",77.47,73.35,41.6,0.1786,1222955,1.01,13.1,14.9,2.68,5.61,1,-0.33,-0.23,-0.1
Day-487,google/gemma-2-9b-it,ENTJ,static,flat,123,0.92,flat,75.85,76.85897414082335,8795.01518922624,744.9661965444304,106.13116668005024,BUY,0.25,"The price is below both the 20 and 60 day moving averages, indicating a potential buying opportunity. The RSI suggests the stock is oversold, and the low implied volatility presents a lower risk profile.",77.65,73.5,41.0,0.1631,1200083,0.99,16.7,14.8,2.7,5.65,1,-0.16,-0.14,-0.02
Day-488,google/gemma-2-9b-it,ENTJ,static,flat,123,0.92,flat,78.58,78.53281220379117,9084.753274262777,633.2212670627658,107.55321974039212,BUY,0.15,"The price is below both the 20 and 60 day SMAs, suggesting a potential buying opportunity. The RSI is in oversold territory, indicating potential for a rebound.",77.92,73.69,43.4,0.3669,1126222,0.93,12.0,15.0,2.67,5.74,1,0.32,-0.02,0.35
Day-489,google/gemma-2-9b-it,ENTJ,static,flat,123,0.92,flat,80.7,80.19202844102708,9312.76610011241,474.91595029707435,109.51487174492361,BUY,0.25,"The price is below both the 20 and 60 day SMA, indicating a potential buying opportunity.  RSI is in neutral territory and the P/E ratio is reasonable.",78.25,73.98,44.5,0.6919,1492794,1.22,13.2,15.1,2.65,5.77,1,0.24,0.06,0.18
Day-490,google/gemma-2-9b-it,ENTJ,static,flat,123,0.92,flat,84.12,83.90939909527272,9687.306961480048,356.1869627228058,110.92629575317692,BUY,0.25,"The price is below both the 20 and 60 day moving averages, suggesting a potential buying opportunity.  RSI is neutral, and the P/E ratio is reasonable.",78.69,74.28,49.8,1.2115,1312932,1.07,9.8,15.0,2.66,5.94,1,0.14,0.04,0.1
Day-491,google/gemma-2-9b-it,ENTJ,static,flat,123,0.92,flat,82.98,82.98156484445335,9560.850984321427,267.14022204210437,111.9994066314693,BUY,0.25,"The price is below both the 20 and 60 day SMAs, indicating a potential buy opportunity. The RSI is neutral and the P/E ratio is reasonable, suggesting further upside potential.",78.97,74.56,51.0,1.5133,1178130,0.96,8.6,15.0,2.67,5.92,1,0.33,0.18,0.16
Day-492,google/gemma-2-9b-it,ENTJ,static,flat,123,0.92,flat,80.65,80.54767980763742,9299.892366870103,213.7121776336835,112.66187463405356,BUY,0.2,"The price is below both the 20 and 60 day SMAs, indicating a potential buying opportunity. The RSI is neutral, and the news sentiment is positive, suggesting further upside potential.",79.12,74.74,48.9,1.5471,1127906,0.92,7.8,15.0,2.66,5.86,1,0.8,0.37,0.43
Day-493,google/gemma-2-9b-it,ENTJ,static,flat,123,0.92,flat,79.77,80.1982871092061,9200.749917192135,181.65535098863097,113.06374033099543,BUY,0.15,"The price is above both the 20 and 60 day SMAs, suggesting an uptrend. The RSI is in neutral territory, indicating potential for further upside.",79.09,74.93,45.0,1.4853,1125699,0.92,7.9,14.9,2.68,5.56,1,-0.03,0.3,-0.33
Day-494,google/gemma-2-9b-it,ENTJ,static,flat,123,0.92,flat,78.74,78.90955441968205,9084.294264651211,181.65535098863097,113.06374033099543,HOLD,0.0,The stock is currently trading slightly below the 20-day SMA and RSI is neutral. Further analysis is needed to confirm a clear trend direction.,78.93,75.1,49.4,1.3377,1158726,0.95,7.5,15.0,2.67,5.1,1,0.18,0.28,-0.1
Day-495,google/gemma-2-9b-it,ENTJ,static,flat,123,0.92,flat,78.95,78.52879781067735,9108.03765012072,145.32428079090477,113.5239185475594,BUY,0.2,"The price is above both the 20 and 60 day SMAs, indicating an upward trend.  RSI is in neutral territory, suggesting potential for further upside.",78.7,75.3,54.4,1.2238,1277344,1.05,7.5,15.1,2.65,4.52,1,-0.04,0.25,-0.29
Day-496,google/gemma-2-9b-it,ENTJ,static,flat,123,0.92,flat,77.22,76.9196237144835,8911.641271033443,116.2594246327238,113.90030881119812,BUY,0.2,"The price is below both the 20 and 60 day moving averages, indicating a potential buying opportunity. The RSI is in neutral territory, suggesting room for further price movement.",78.35,75.41,54.1,0.9823,1290837,1.06,7.5,15.1,2.66,3.89,1,-0.05,0.17,-0.23
Day-497,google/gemma-2-9b-it,ENTJ,static,flat,123,0.92,flat,77.64,77.82156906887514,8959.479400734146,116.2594246327238,113.90030881119812,HOLD,0.0,"The price is slightly below the 20-day SMA, but the trend remains positive.  Further analysis is needed to confirm a potential entry point.",78.11,75.53,56.1,0.8161,1330855,1.08,7.5,15.0,2.67,3.41,1,-0.27,-0.04,-0.23
Day-498,google/gemma-2-9b-it,ENTJ,static,flat,123,0.92,flat,79.09,78.64769225708544,9124.634848510383,93.00753970617905,114.19430154007085,BUY,0.2,"The price is above both the 20 and 60 day SMAs, RSI is above 60 indicating upward momentum, and the P/E ratio is reasonable.  This suggests a strong upward trend with potential for further gains.",78.0,75.71,68.3,0.7916,1011864,0.83,7.5,15.1,2.65,3.02,1,0.51,0.07,0.44
Day-499,google/gemma-2-9b-it,ENTJ,static,flat,123,0.92,flat,78.37,78.62894080815434,9042.414951401532,83.70678573556114,114.31297901832296,BUY,0.1,"The price is above both the 20 and 60 day SMAs, RSI is in a healthy range, and the P/E ratio is reasonable.  Increasing position size slightly to capitalize on the upward trend.",77.78,75.87,62.7,0.7062,1288410,1.05,10.9,15.0,2.68,2.52,1,0.06,0.04,0.02
Day-500,google/gemma-2-9b-it,ENTJ,static,flat,123,0.92,flat,78.78,79.1441968612614,9089.283272799044,75.33610716200502,114.41923287175729,BUY,0.1,"The price is above both the 20 and 60 day SMAs, RSI is in a healthy range, and the P/E ratio suggests potential for growth.",77.77,75.99,62.8,0.664,1290734,1.05,13.3,14.9,2.68,2.33,1,0.46,0.14,0.32
Day-501,google/gemma-2-9b-it,ENTJ,static,flat,123,0.92,flat,79.55,78.94334559713796,9177.386082110297,64.03569108770427,114.56128712787672,BUY,0.15,"The price is above both the 20 and 60 day SMAs, RSI is above 50, and the P/E ratio is reasonable.  This suggests an upward trend with potential for further growth.",77.9,76.11,59.5,0.6847,1459632,1.17,11.8,15.1,2.65,2.35,1,0.12,0.17,-0.06
Day-502,google/gemma-2-9b-it,ENTJ,static,flat,123,0.92,flat,80.95,80.16372647529914,9337.771884089325,51.22855287016341,114.7194976061663,BUY,0.2,"The price is below the 20 and 60 day SMA, indicating a potential buying opportunity. The RSI is not overbought, suggesting room for further price increase.",78.19,76.27,56.6,0.8047,1115772,0.9,18.0,15.1,2.64,2.53,1,-0.26,0.18,-0.44
Day-503,google/gemma-2-9b-it,ENTJ,static,flat,123,0.92,flat,79.92,80.29954375743942,9219.610801554974,38.42141465262256,114.87974708336276,BUY,0.25,"The price is below both the 20 and 60 day SMAs, indicating a potential buying opportunity.  The RSI suggests the stock is oversold and the P/E ratio is reasonable.",78.46,76.44,47.7,0.8077,1021652,0.83,19.3,14.9,2.68,2.64,1,0.01,0.08,-0.07
Day-504,google/gemma-2-9b-it,ENTJ,static,flat,123,0.92,flat,79.87,79.89833601520462,9213.866814200808,28.81606098946692,115.00000943046625,BUY,0.25,"The price is below both the 20 and 60 day SMAs, indicating a potential buying opportunity. The RSI suggests oversold conditions, and the low news sentiment may present a chance for a rebound.",78.91,76.66,34.3,0.7967,1472870,1.19,17.9,15.0,2.67,2.93,1,0.19,0.1,0.09
Day-505,google/gemma-2-9b-it,ENTJ,static,flat,123,0.92,flat,81.25,81.42209846772613,9372.566827214849,21.61204574210019,115.08867423351076,BUY,0.25,"The price is below both the 20 and 60 day SMAs, indicating a potential buying opportunity. The RSI suggests the stock is oversold, and the P/E ratio is reasonable.",79.32,76.91,43.8,0.8896,1281668,1.03,14.7,15.0,2.67,3.13,1,0.07,0.02,0.04
Day-506,google/gemma-2-9b-it,ENTJ,static,flat,123,0.92,flat,83.72,83.52643273780266,9656.835852571621,16.20903430657514,115.15321092050938,BUY,0.25,The stock is showing a bullish trend with a positive RSI and a P/E ratio within a reasonable range.  The low implied volatility suggests potential for a price breakout.,79.83,77.21,61.0,1.1486,1052013,0.85,11.3,15.0,2.66,3.4,1,-0.54,-0.11,-0.44
Day-507,google/gemma-2-9b-it,ENTJ,static,flat,123,0.92,flat,86.38,85.81657914961278,9963.143393620174,12.156775729931356,115.20012292070206,BUY,0.25,"The price is above both the 20 and 60 day SMAs, RSI is elevated indicating potential for continued upward momentum.  P/E ratio is reasonable and implied volatility is low.",80.36,77.57,71.0,1.5508,1163088,0.95,10.8,15.1,2.65,3.59,1,0.01,-0.05,0.06
Day-508,google/gemma-2-9b-it,ENTJ,static,flat,123,0.92,flat,84.33,84.15890384279396,9726.983141632736,9.117581797448517,115.2361622178974,BUY,0.25,"The price is below both the 20 and 60 day SMAs, indicating a potential buying opportunity. The RSI is above 60, suggesting upward momentum.",80.65,77.89,66.7,1.6851,1195747,0.97,9.9,15.0,2.66,3.54,1,-0.12,-0.08,-0.04
Day-509,google/gemma-2-9b-it,ENTJ,static,flat,123,0.92,flat,83.25,83.28910764528733,9602.528086437407,6.8381863480863885,115.26354234341527,BUY,0.25,"The price is above both the 20 and 60 day SMAs, RSI is in a healthy range, and the P/E ratio is reasonable.  Volume is slightly positive, indicating potential for continued upward momentum.",80.78,78.14,62.2,1.6843,1383987,1.13,11.2,15.0,2.67,3.38,1,-0.12,-0.14,0.02
Day-510,google/gemma-2-9b-it,ENTJ,static,flat,123,0.92,flat,79.93,80.52662363790905,9219.853125857271,5.81245839587343,115.27637517154254,BUY,0.15,"The price is below the 20-day SMA, indicating a potential buying opportunity. The RSI is in neutral territory, suggesting room for further price appreciation.",80.57,78.32,57.1,1.4,1132161,0.93,13.3,14.9,2.69,2.87,1,-0.41,-0.24,-0.17
Day-511,google/gemma-2-9b-it,ENTJ,static,flat,123,0.92,flat,80.5,80.16736868325847,9285.560659705048,4.649966716698744,115.29081606196706,BUY,0.2,"The price is slightly above the 20-day SMA, indicating potential upward momentum. The RSI is in a healthy range, and the volume ratio suggests increasing buying interest.",80.44,78.48,57.4,1.207,1474859,1.2,13.0,15.1,2.66,2.5,1,0.57,-0.02,0.58
Day-512,google/gemma-2-9b-it,ENTJ,static,flat,123,0.92,flat,80.19,80.8615986083001,9249.820506725839,4.184970045028869,115.29661474848247,BUY,0.1,"Price is below both the 20 and 60 day SMA, indicating a potential short-term downtrend. RSI is in neutral territory, suggesting room for further decline before overselling.",80.42,78.64,53.0,1.0168,1286176,1.04,16.6,14.9,2.69,2.26,1,0.3,0.04,0.25
Day-513,google/gemma-2-9b-it,ENTJ,static,flat,123,0.92,flat,80.59,80.67131103154243,9295.939152625231,3.138727533771652,115.30959703550639,BUY,0.25,"The price is above both the 20 and 60 day SMAs, RSI is in neutral territory, and the P/E ratio is reasonable.  A small buy is warranted to capitalize on the upward trend.",80.46,78.75,56.2,0.8885,1047608,0.85,12.6,15.0,2.67,2.17,1,-0.25,0.02,-0.26
Day-514,google/gemma-2-9b-it,ENTJ,static,flat,123,0.92,flat,84.39,83.87268782051676,9734.115621360155,2.354045650328739,115.31889531591216,BUY,0.25,"The price is below the 20-day SMA, indicating a potential buying opportunity. The RSI suggests moderate bullish momentum, and the P/E ratio is within a reasonable range.",80.74,79.0,63.2,1.0812,1253766,1.01,16.3,15.1,2.65,2.21,1,-0.07,0.03,-0.09
Day-515,google/gemma-2-9b-it,ENTJ,static,flat,123,0.92,flat,83.57,83.21962192294036,9639.554127201107,2.0009388027794284,115.32312059828082,BUY,0.15,"The price is below the 20-day SMA, indicating a potential buying opportunity.  RSI is above 50, suggesting upward momentum.",80.97,79.24,59.4,1.1544,1291873,1.04,13.1,15.1,2.66,2.19,1,0.39,0.19,0.2
Day-516,google/gemma-2-9b-it,ENTJ,static,flat,123,0.92,flat,81.77,81.45192666416216,9431.972510124204,1.5007041020845713,115.3292381805322,BUY,0.25,"The price is above both the 20 and 60 day SMAs, indicating an uptrend. The RSI is above 50, suggesting bullish momentum.",81.2,79.42,51.9,1.055,1479374,1.18,11.5,15.1,2.66,2.25,1,-0.49,-0.02,-0.46
Day-517,google/gemma-2-9b-it,ENTJ,static,flat,123,0.92,flat,82.81,82.40804564442976,9551.914917831957,1.1255280765634286,115.33376874478195,BUY,0.25,"The price is above both the 20 and 60 day SMAs, RSI is in a healthy range, and the P/E ratio is reasonable.  Implied volatility suggests potential for price movement.",81.46,79.63,56.6,1.0478,1456058,1.16,17.3,15.1,2.65,2.3,1,0.47,0.01,0.46
Day-518,google/gemma-2-9b-it,ENTJ,static,flat,123,0.92,flat,82.75,82.68033197914818,9544.99489170727,0.8441460574225714,115.3371691317202,BUY,0.25,"The price is above both the 20 and 60 day SMAs, RSI is in a healthy range, and the P/E ratio is reasonable.  Volume is also positive, suggesting buying pressure.",81.64,79.82,56.6,1.0252,1470292,1.15,13.8,15.0,2.66,2.28,1,0.11,0.08,0.03
Day-519,google/gemma-2-9b-it,ENTJ,static,flat,123,0.92,flat,83.77,83.61932067574163,9662.638804221624,0.7175241488091857,115.33868067414127,BUY,0.15,"The price is above both the 20 and 60 day SMAs, RSI is above 50, and the P/E ratio is reasonable.  This suggests an upward trend with potential for further growth.",81.91,80.01,55.9,1.0776,1323508,1.03,15.3,15.0,2.66,2.37,1,0.14,0.12,0.02
Day-520,google/gemma-2-9b-it,ENTJ,static,flat,123,0.92,flat,84.19,84.15416047292156,9711.081050104764,0.5381431116068893,115.34081134330866,BUY,0.25,"The price is above both the 20 and 60 day SMAs, indicating an upward trend. The RSI is above 50, suggesting positive momentum.",82.18,80.19,51.2,1.1397,1321389,1.03,11.9,15.0,2.67,2.48,1,-0.05,0.04,-0.09
Day-521,google/gemma-2-9b-it,ENTJ,static,flat,123,0.92,flat,84.75,84.5908137141288,9775.671904457015,0.403607333705167,115.34239878611575,BUY,0.25,"The price is below both the 20 and 60 day SMAs, indicating a potential buying opportunity. The RSI suggests the stock is oversold and the low implied volatility presents a lower risk profile.",82.44,80.34,45.3,1.2197,1342312,1.05,9.7,15.0,2.66,2.62,1,0.13,0.16,-0.03
Day-522,google/gemma-2-9b-it,ENTJ,static,flat,123,0.92,flat,81.24,81.09973537071093,9370.820084717749,0.3027055002788752,115.34364080769905,BUY,0.25,"The price is below both the 20 and 60 day SMA, indicating a potential buying opportunity. The RSI suggests oversold conditions, and the low implied volatility may present a chance for a breakout.",82.46,80.41,41.7,0.9886,1024488,0.8,7.7,15.0,2.66,2.54,1,0.59,0.18,0.4
Day-523,google/gemma-2-9b-it,ENTJ,static,flat,123,0.92,flat,79.99,79.95447558922191,9226.640533708125,0.25729967523704395,115.34420845146754,BUY,0.15,"The price is below both the 20 and 60 day SMAs, indicating a potential buying opportunity. The RSI is oversold, suggesting a possible rebound.",82.46,80.41,41.4,0.6965,1132197,0.89,7.5,15.0,2.67,2.56,1,0.03,0.17,-0.14
Day-524,google/gemma-2-9b-it,ENTJ,static,flat,123,0.92,flat,79.22,79.0397522706247,9137.825493200495,0.21870472395148735,115.3446956384315,BUY,0.15,"The price is below both the 20 and 60 day SMA, indicating a potential buying opportunity. The RSI suggests the stock is oversold and the P/E ratio is reasonable.",82.43,80.35,47.8,0.3982,1127325,0.89,10.3,15.0,2.66,2.59,1,-0.21,0.1,-0.31
Day-525,google/gemma-2-9b-it,ENTJ,static,flat,123,0.92,flat,78.31,78.51515256352084,9032.861820169524,0.18589901535876424,115.34511455949641,BUY,0.15,"The price is below both the 20 and 60 day SMA, indicating a potential buying opportunity. RSI is oversold, suggesting a potential rebound.",82.28,80.24,43.4,0.0878,1390580,1.1,8.9,15.0,2.67,2.54,1,-0.16,0.08,-0.23
Day-526,google/gemma-2-9b-it,ENTJ,static,flat,123,0.92,flat,77.76,77.83753732155574,8969.4220071618,0.13942426151907317,115.34571222865587,BUY,0.25,"The price is below both the 20 and 60 day SMA, indicating a potential buying opportunity. The RSI is oversold, suggesting a possible rebound.",81.98,80.11,42.8,-0.2005,1085286,0.86,7.7,15.0,2.67,2.33,1,0.31,0.11,0.2
Day-527,google/gemma-2-9b-it,ENTJ,static,flat,123,0.92,flat,78.57,78.50640194578966,9062.85203406701,0.10456819613930488,115.34615585937217,BUY,0.25,"The price is below both the 20 and 60 day moving averages, suggesting a potential buying opportunity. The RSI is in neutral territory and the P/E ratio is reasonable.",81.59,80.04,44.2,-0.3595,1371885,1.07,8.1,15.0,2.66,1.94,0,0.08,0.01,0.07
Day-528,google/gemma-2-9b-it,ENTJ,static,flat,123,0.92,flat,79.96,79.47939654266824,9223.183190711537,0.07842614710447865,115.34648279845464,BUY,0.25,"The price is below both the 20 and 60 day SMA, indicating a potential buying opportunity. The RSI suggests oversold conditions, and the low implied volatility may present a favorable risk/reward profile.",81.38,80.01,35.1,-0.3689,1208971,0.94,7.5,15.1,2.65,1.71,0,0.07,0.02,0.05
Day-529,google/gemma-2-9b-it,ENTJ,static,flat,123,0.92,flat,77.98,77.72407123894787,8994.797154770597,0.06274091768358292,115.34668394271498,BUY,0.2,"The price is significantly below both the 20 and 60 day SMAs, indicating a potential buying opportunity. The RSI suggests oversold conditions, and the low implied volatility may present a favorable risk/reward profile.",81.11,79.92,32.6,-0.5303,1135467,0.9,14.4,15.0,2.66,1.5,0,-0.16,0.03,-0.19
Day-530,google/gemma-2-9b-it,ENTJ,static,flat,123,0.92,flat,78.78,78.82270537901897,9087.07450192477,0.04705568826268719,115.34688304438318,BUY,0.25,"Price is below both SMAs and RSI is oversold, indicating potential for a trend reversal.  P/E ratio is reasonable and implied volatility suggests potential for price movement.",81.05,79.91,40.1,-0.587,1451931,1.13,10.4,15.0,2.67,1.43,0,0.42,0.15,0.28
Day-531,google/gemma-2-9b-it,ENTJ,static,flat,123,0.92,flat,79.68,79.77550141109255,9190.886696664715,0.03529176619701539,115.34703068396733,BUY,0.25,"The price is below both the 20 and 60 day SMA, indicating a potential buying opportunity. RSI is oversold, suggesting a potential rebound.",81.01,79.97,39.5,-0.5527,1151077,0.91,13.2,15.0,2.67,1.31,0,0.04,0.09,-0.05
Day-532,google/gemma-2-9b-it,ENTJ,static,flat,123,0.92,flat,80.83,80.54627458086522,9323.535781951276,0.026468824647761544,115.3471398382609,BUY,0.25,"The price is slightly below the 20-day SMA and RSI is in oversold territory, suggesting a potential buying opportunity.  The P/E ratio is reasonable and the news sentiment is slightly negative, indicating potential for a rebound.",81.05,80.08,44.0,-0.4274,1386727,1.09,11.6,15.1,2.66,1.2,0,-0.24,0.03,-0.27
Day-533,google/gemma-2-9b-it,ENTJ,static,flat,123,0.92,flat,78.28,78.3177264659443,9029.400575363712,0.01985161848582116,115.34722437078725,BUY,0.25,"The price is below both the 20 and 60 day SMAs, indicating a potential buying opportunity. The RSI suggests oversold conditions, and the P/E ratio is reasonable.",80.93,80.16,34.4,-0.5281,1379139,1.07,11.7,15.0,2.67,0.97,0,-0.52,-0.09,-0.43
Day-534,google/gemma-2-9b-it,ENTJ,static,flat,123,0.92,flat,79.24,79.03459081293681,9140.133910759667,0.014888713864365868,115.34728700209241,BUY,0.25,"The price is below both the 20 and 60 day SMA, indicating a potential buying opportunity. The RSI is oversold, suggesting a possible rebound.",80.67,80.32,36.3,-0.5247,1188236,0.92,9.5,15.0,2.66,0.44,0,-0.37,-0.13,-0.23
Day-535,google/gemma-2-9b-it,ENTJ,static,flat,123,0.92,flat,79.33,79.18900975068495,9150.515166589856,0.011166535398274401,115.34733392227982,BUY,0.25,The stock is oversold with RSI below 35 and price below both SMA20 and SMA60. The P/E ratio is reasonable and implied volatility is moderate.,80.46,80.45,34.7,-0.5083,1162958,0.91,8.5,15.0,2.66,0.01,0,0.12,-0.19,0.32
Day-536,google/gemma-2-9b-it,ENTJ,static,flat,123,0.92,flat,80.38,80.74977089794717,9271.629867208248,0.008933228318619521,115.34736170664259,BUY,0.2,"The price is slightly below the 20-day SMA, indicating a potential buying opportunity. The RSI suggests the stock is oversold, and the P/E ratio is reasonable.",80.39,80.59,47.2,-0.406,1001755,0.8,8.9,14.9,2.68,-0.25,0,-0.26,-0.26,-0.01
Day-537,google/gemma-2-9b-it,ENTJ,static,flat,123,0.92,flat,83.92,83.70864526135422,9679.959527649766,0.006699921238964641,115.34738831897671,BUY,0.25,The stock is showing a bullish trend with a positive RSI and a P/E ratio within a reasonable range.  The low implied volatility suggests potential for a breakout.,80.45,80.75,61.2,-0.0393,1231540,0.99,13.1,15.0,2.66,-0.38,0,-0.61,-0.33,-0.28
Day-538,google/gemma-2-9b-it,ENTJ,static,flat,123,0.92,flat,86.62,86.43594492682757,9991.397476111002,0.005024940929223481,115.34740765608488,BUY,0.25,"The price is below the 20 and 60 day SMA, indicating potential for a trend reversal. The RSI is above 60, suggesting upward momentum.",80.64,80.91,69.1,0.4641,1088817,0.89,11.8,15.0,2.66,-0.34,0,-0.25,-0.27,0.02
Day-539,google/gemma-2-9b-it,ENTJ,static,flat,123,0.92,flat,86.97,86.65688772027235,10031.769068790632,5015.887046865781,57.67370382804244,SELL,0.5,RSI is overbought and the price is nearing resistance.  Profit taking is advisable.,80.8,81.04,73.0,0.8811,1005446,0.83,11.8,15.1,2.66,-0.29,0,-0.04,-0.21,0.17
Day-540,google/gemma-2-9b-it,ENTJ,static,flat,123,0.92,flat,86.42,86.67963867358273,10000.04853168521,3761.9152851493354,72.18390704160927,BUY,0.25,"The price is below the 20-day SMA, indicating potential undervaluation. The RSI is high, suggesting potential for a pullback, but the positive news sentiment and volume ratio indicate strong buying pressure.",80.91,81.08,73.0,1.1536,1307898,1.08,9.5,15.0,2.67,-0.21,0,0.18,-0.2,0.38
Day-541,google/gemma-2-9b-it,ENTJ,static,flat,123,0.92,flat,88.27,87.80847075458152,10133.588759712185,3761.9152851493354,72.18390704160927,HOLD,0.0,The stock is currently overbought (RSI 74.4) and the trend is flat.  Waiting for a clearer signal before entering a position.,81.09,81.19,74.4,1.5016,1062782,0.89,12.5,15.1,2.65,-0.12,0,-0.76,-0.3,-0.46
Day-542,google/gemma-2-9b-it,ENTJ,static,flat,123,0.92,flat,85.85,85.89771043227663,9958.903704671491,2821.436463862002,83.13881468619091,BUY,0.25,"The stock is showing a slight upward trend and the RSI suggests potential for further growth.  The P/E ratio is reasonable, indicating potential for future earnings.",81.32,81.29,64.1,1.5641,1153123,0.96,9.1,15.0,2.67,0.03,0,-0.02,-0.18,0.16
Day-543,google/gemma-2-9b-it,ENTJ,static,flat,123,0.92,flat,83.96,83.46634626977107,9801.77134491459,2116.077347896501,91.53994755857659,BUY,0.25,"The price is slightly above both the 20 and 60 day SMAs, RSI is in a healthy range, and the P/E ratio is reasonable.  Volume is slightly positive and news sentiment is neutral, suggesting potential for continued upward movement.",81.52,81.38,64.4,1.4451,1357200,1.12,7.5,15.1,2.65,0.17,0,0.27,-0.07,0.34
Day-544,google/gemma-2-9b-it,ENTJ,static,flat,123,0.92,flat,83.14,82.70606197167231,9726.708587916559,1587.0580109223758,97.90294174878738,BUY,0.25,"The price is slightly above the 20 and 60 day SMA, RSI is in a healthy range, and the P/E ratio is reasonable.  Implied volatility suggests potential for price movement.",81.71,81.46,60.5,1.2699,1372519,1.12,7.5,15.1,2.65,0.31,0,-0.26,-0.12,-0.14
Day-545,google/gemma-2-9b-it,ENTJ,static,flat,123,0.92,flat,84.6,84.77530437260336,9869.646882869789,1190.293508191782,102.5928294879197,BUY,0.25,"The price is above both the 20 and 60 day SMAs, RSI is above 60 indicating bullish momentum, and the P/E ratio is reasonable.  Volume is also above average, suggesting strong buying interest.",82.03,81.58,61.5,1.2347,1475987,1.2,8.5,15.0,2.67,0.55,0,-0.17,-0.19,0.01
Day-546,google/gemma-2-9b-it,ENTJ,static,flat,123,0.92,flat,83.85,84.24099779264888,9792.70226075385,892.7201311438364,106.14170697209317,BUY,0.25,"The price is above both the 20 and 60 day SMAs, RSI is in a healthy range, and the P/E ratio is reasonable. The positive news sentiment and volume ratio suggest potential for further upward movement.",82.33,81.71,57.2,1.1332,1454058,1.17,8.5,14.9,2.68,0.76,0,0.06,-0.02,0.08
Day-547,google/gemma-2-9b-it,ENTJ,static,flat,123,0.92,flat,87.01,86.83704623138152,10128.110054785664,892.7201311438364,106.14170697209317,HOLD,0.0,RSI is high indicating potential overbought conditions.  Waiting for a pullback to a more favorable entry point.,82.75,81.9,70.2,1.2926,1257571,1.01,7.5,15.0,2.66,1.05,0,-0.3,-0.08,-0.22
Day-548,google/gemma-2-9b-it,ENTJ,static,flat,123,0.92,flat,81.9,82.15199038461407,9585.725932158268,892.7201311438364,106.14170697209317,HOLD,0.0,"The price is slightly below the 20-day SMA, but the trend is neutral.  RSI is in a healthy range and there are no significant news events to warrant a trade.",82.85,81.95,55.2,0.9948,1472760,1.17,9.4,15.0,2.67,1.1,0,-0.27,-0.19,-0.09
Day-549,google/gemma-2-9b-it,ENTJ,static,flat,123,0.92,flat,79.97,79.60898348358788,9380.872437702128,892.7201311438364,106.14170697209317,HOLD,0.0,"The market is currently hovering near the 20-day SMA, with RSI indicating neutral conditions. Further analysis is needed to confirm a clear trend direction.",82.95,81.98,51.2,0.5967,1171158,0.93,9.5,15.1,2.65,1.18,0,-0.03,-0.14,0.11
Day-550,google/gemma-2-9b-it,ENTJ,static,flat,123,0.92,flat,79.62,79.43611944461566,9343.722840261895,892.7201311438364,106.14170697209317,HOLD,0.0,"The stock is currently trading below both the 20 and 60 day SMA, indicating a potential downtrend.  RSI is neutral, and the P/E ratio is reasonable.",82.99,82.0,48.6,0.2496,1275267,1.02,10.2,15.0,2.66,1.21,0,0.05,-0.1,0.15
Day-551,google/gemma-2-9b-it,ENTJ,static,flat,123,0.92,flat,80.36,80.88408339246695,9422.267703421245,758.812111472261,107.80805863550253,BUY,0.15,"The price is below both the 20 and 60 day SMAs, indicating a potential buying opportunity. The RSI suggests the stock is oversold, and the low implied volatility presents a lower risk profile.",83.03,82.02,42.6,0.034,1272111,1.01,10.8,14.9,2.68,1.23,0,0.17,-0.08,0.25
Day-552,google/gemma-2-9b-it,ENTJ,static,flat,123,0.92,flat,81.07,80.7957688559462,9498.81142505245,607.0496891778088,109.68005101609279,BUY,0.2,"The price is below both the 20 and 60 day SMAs, indicating a potential buying opportunity. The RSI suggests oversold conditions, and the low implied volatility may present a favorable risk/reward profile.",83.04,82.02,37.4,-0.0786,1011136,0.82,10.5,15.1,2.66,1.24,0,0.0,-0.02,0.02
Day-553,google/gemma-2-9b-it,ENTJ,static,flat,123,0.92,flat,80.7,80.66554590253462,9458.229806176498,455.28726688335655,111.56062626137721,BUY,0.25,"The price is below both the 20 and 60 day SMA, indicating a potential buying opportunity. The RSI suggests oversold conditions, and the P/E ratio is reasonable.",83.16,82.04,35.8,-0.1954,1017696,0.84,7.6,15.0,2.67,1.37,0,0.0,0.04,-0.04
Day-554,google/gemma-2-9b-it,ENTJ,static,flat,123,0.92,flat,80.62,80.49352236865263,9449.304956075588,364.2298135066852,112.69009107627018,BUY,0.2,"The price is below both the 20 and 60 day SMAs, indicating a potential buying opportunity. The RSI suggests oversold conditions, and the low implied volatility may present a favorable risk/reward profile.",83.23,82.05,36.6,-0.2914,1119030,0.92,8.9,15.0,2.66,1.43,0,0.07,0.06,0.01
Day-555,google/gemma-2-9b-it,ENTJ,static,flat,123,0.92,flat,78.31,77.7282492126049,9188.990845689403,273.1723601300139,113.85287301186807,BUY,0.25,"The price is significantly below both the 20 and 60 day SMAs, indicating a potential oversold condition. The low RSI suggests a possible rebound, making this a good entry point.",83.18,81.99,27.5,-0.5477,1465645,1.19,11.4,15.1,2.65,1.44,0,-0.26,-0.0,-0.26
Day-556,google/gemma-2-9b-it,ENTJ,static,flat,123,0.92,flat,79.53,79.57342151417674,9327.891350763883,204.8792700975104,114.71158154993552,BUY,0.25,"The price is below both the 20 and 60 day SMAs, indicating a potential buying opportunity. The RSI suggests oversold conditions, and the negative news sentiment could be a contrarian indicator.",83.13,81.91,34.9,-0.6448,1452137,1.16,10.9,15.0,2.67,1.5,0,-0.63,-0.16,-0.47
Day-557,google/gemma-2-9b-it,ENTJ,static,flat,123,0.92,flat,78.73,78.51776006933142,9236.122085523933,153.6594525731328,115.3621571567484,BUY,0.25,"The price is below both the 20 and 60 day SMA, indicating a potential oversold condition. The RSI is also low, suggesting a possible rebound.",82.87,81.75,36.8,-0.7769,1318292,1.05,8.5,15.0,2.66,1.37,0,-0.27,-0.22,-0.05
Day-558,google/gemma-2-9b-it,ENTJ,static,flat,123,0.92,flat,80.11,80.27156874169303,9395.321862400246,115.2445894298496,115.84168359718383,BUY,0.25,"The price is below both the 20 and 60 day moving averages, indicating a potential buying opportunity. The RSI suggests the stock is oversold, and the P/E ratio is reasonable.",82.55,81.67,42.6,-0.7614,1033279,0.82,8.0,15.0,2.67,1.08,0,-0.15,-0.25,0.1
Day-559,google/gemma-2-9b-it,ENTJ,static,flat,123,0.92,flat,80.04,80.1824791791834,9387.212944548446,86.4334420723872,116.20164295947097,BUY,0.25,"The price is below both the 20 and 60 day moving averages, indicating a potential buying opportunity. The RSI suggests oversold conditions, and the low implied volatility may present a favorable risk/reward profile.",82.2,81.61,38.0,-0.7465,1476263,1.16,7.5,15.0,2.67,0.73,0,-0.25,-0.31,0.07
Day-560,google/gemma-2-9b-it,ENTJ,static,flat,123,0.92,flat,81.87,81.93844008485249,9599.861951164277,86.4334420723872,116.20164295947097,HOLD,0.0,The stock is hovering near its SMA20 and RSI is neutral.  Further analysis is needed to confirm a clear trend before taking action.,81.98,81.65,45.1,-0.5799,1033036,0.82,9.0,15.0,2.67,0.4,0,-0.34,-0.33,-0.01
Day-561,google/gemma-2-9b-it,ENTJ,static,flat,123,0.92,flat,82.37,82.52765045941685,9657.962772644012,73.46842576152912,116.35904269615736,BUY,0.15,"The price is below both the 20 and 60 day SMA, indicating potential for a trend reversal. RSI is oversold, suggesting a possible bounce.",81.68,81.68,36.7,-0.403,1252848,0.98,7.5,15.0,2.67,-0.0,0,0.32,-0.14,0.46
Day-562,google/gemma-2-9b-it,ENTJ,static,flat,123,0.92,flat,82.52,82.37647548439855,9675.416629048435,58.774740609223294,116.53710480415913,BUY,0.2,"The price is slightly below the 20 and 60 day SMA, indicating potential for a short-term dip.  RSI is in neutral territory, suggesting further upside potential.",81.51,81.73,52.5,-0.2482,1310229,1.02,7.5,15.0,2.66,-0.26,0,-0.25,-0.13,-0.12
Day-563,google/gemma-2-9b-it,ENTJ,static,flat,123,0.92,flat,82.44,82.7749216923033,9666.093660664103,49.9585295178398,116.64404574413224,BUY,0.15,"The price is slightly below the 20 and 60 day SMA, indicating potential for upward movement. RSI is above 60, suggesting bullish momentum.",81.44,81.77,61.7,-0.13,1354861,1.06,7.5,14.9,2.68,-0.4,0,-0.11,-0.13,0.02
Day-564,google/gemma-2-9b-it,ENTJ,static,flat,123,0.92,flat,80.62,80.39609338132342,9453.801497409782,37.46889713837985,116.79896552060781,BUY,0.25,"The price is below both the 20 and 60 day SMA, indicating a potential short-term dip. The RSI suggests room for upward movement, and the positive volume ratio indicates buying pressure.",81.31,81.69,54.2,-0.1811,1462757,1.14,8.2,15.0,2.66,-0.46,0,0.17,-0.04,0.21
Day-565,google/gemma-2-9b-it,ENTJ,static,flat,123,0.92,flat,80.19,80.42991400809491,9403.577942235921,37.46889713837985,116.79896552060781,HOLD,0.0,"The market is currently hovering near the 20/60 SMA, with RSI indicating neutral conditions.  Further analysis is needed to confirm a clear trend direction.",81.09,81.62,49.3,-0.2535,1171804,0.92,9.4,15.0,2.67,-0.65,0,0.13,0.05,0.08
Day-566,google/gemma-2-9b-it,ENTJ,static,flat,123,0.92,flat,83.38,83.26322525835313,9776.166642246659,37.46889713837985,116.79896552060781,HOLD,0.0,The stock is hovering near its 20 and 60 day moving averages with neutral RSI.  Further analysis is needed to confirm a clear trend before taking action.,81.07,81.66,58.1,-0.0533,1187043,0.95,8.9,15.0,2.66,-0.72,0,-0.22,-0.05,-0.16
Day-567,google/gemma-2-9b-it,ENTJ,static,flat,123,0.92,flat,84.85,85.49610757649603,9947.861121561951,28.10167285378489,116.90936297829307,BUY,0.25,"The price is below the 20-day SMA, indicating a potential buying opportunity.  RSI is above 60, suggesting upward momentum.",80.96,81.7,63.5,0.222,1271735,1.01,16.2,14.9,2.69,-0.9,0,-0.27,-0.06,-0.21
Day-568,google/gemma-2-9b-it,ENTJ,static,flat,123,0.92,flat,84.1,83.85342865988171,9860.179099328232,23.88642192571716,116.95948486804417,BUY,0.15,"The price is slightly below the 20 and 60 day SMA, indicating a potential buying opportunity. The RSI is in a healthy range, and the P/E ratio suggests the stock is fairly valued.",81.07,81.72,60.9,0.3748,1124709,0.91,15.4,15.0,2.66,-0.8,0,-0.02,-0.04,0.02
Day-569,google/gemma-2-9b-it,ENTJ,static,flat,123,0.92,flat,85.16,84.73121712534363,9984.156153288359,23.88642192571716,116.95948486804417,HOLD,0.0,"The RSI is high, indicating potential overbought conditions.  Waiting for a pullback to a more favorable entry point.",81.33,81.75,73.2,0.5753,1273964,1.02,11.9,15.1,2.65,-0.52,0,-0.21,-0.12,-0.09
Day-570,google/gemma-2-9b-it,ENTJ,static,flat,123,0.92,flat,85.18,85.17804327245393,9986.495342985721,23.88642192571716,116.95948486804417,HOLD,0.0,The stock is currently overbought (RSI 70.9) and the price is near the upper band of the SMA20/60 trend.  Waiting for a pullback before considering a potential buy.,81.61,81.77,70.9,0.7273,1173977,0.95,11.6,15.0,2.67,-0.2,0,-0.04,-0.15,0.11
Day-571,google/gemma-2-9b-it,ENTJ,static,flat,123,0.92,flat,87.14,86.60759018064161,10215.735933327087,2571.8487997760594,87.71961365103313,SELL,0.25,RSI is overbought and the price is nearing the upper trendline.  Taking profits and waiting for a pullback before considering re-entry.,81.95,81.82,78.6,0.9945,1464648,1.17,10.4,15.1,2.65,0.16,0,-0.26,-0.16,-0.1
Day-572,google/gemma-2-9b-it,ENTJ,static,flat,123,0.92,flat,86.75,86.7968660730967,10181.525284003183,2571.8487997760594,87.71961365103313,HOLD,0.0,"RSI is high, indicating potential overbought conditions.  Waiting for a pullback to a more favorable entry point.",82.23,81.93,74.2,1.1611,1153992,0.92,10.4,15.0,2.67,0.37,0,0.12,-0.08,0.2
Day-573,google/gemma-2-9b-it,ENTJ,static,flat,123,0.92,flat,86.57,86.41838443636387,10165.735753545998,4470.320538218544,65.78971023827485,SELL,0.25,RSI is overbought and the price is nearing resistance.  Profit taking is recommended.,82.52,82.06,73.6,1.264,1316994,1.04,10.9,15.0,2.66,0.57,0,-0.42,-0.16,-0.26
Day-574,google/gemma-2-9b-it,ENTJ,static,flat,123,0.92,flat,88.49,88.7757077793795,10292.051997203485,4470.320538218544,65.78971023827485,HOLD,0.0,The stock is currently overbought (RSI 73.7) and the price is near its 20-day SMA.  A pullback is likely before further upward momentum.,82.92,82.25,73.7,1.4833,1192753,0.94,9.3,15.0,2.68,0.82,0,-0.06,-0.13,0.07
Day-575,google/gemma-2-9b-it,ENTJ,static,flat,123,0.92,flat,89.3,89.18750781807297,10345.341662496488,3352.740403663908,78.30460536206697,BUY,0.25,"RSI is high but price is above both SMAs, indicating potential for continued upward trend. P/E ratio suggests undervaluation.",83.47,82.47,74.3,1.7028,1492948,1.17,7.5,15.0,2.66,1.21,0,0.09,-0.11,0.19
Day-576,google/gemma-2-9b-it,ENTJ,static,flat,123,0.92,flat,91.34,91.48273530938121,10505.083057435106,3352.740403663908,78.30460536206697,HOLD,0.0,The market is currently overbought (RSI 77.3) and the price is above both the 20 and 60 day SMAs.  Waiting for a pullback before considering a buy.,84.06,82.74,77.3,2.0184,1445885,1.13,7.5,15.0,2.67,1.6,0,0.09,-0.04,0.13
Day-577,google/gemma-2-9b-it,ENTJ,static,flat,123,0.92,flat,93.11,93.31099936998743,10643.682208925964,2514.555302747931,87.30670074297103,BUY,0.25,"The price is above both the 20 and 60 day SMA, RSI is high indicating potential overbought conditions but the P/E ratio is reasonable.  A small buy position is warranted to capitalize on the upward trend.",84.78,83.03,79.9,2.3837,1159009,0.91,8.4,15.0,2.67,2.11,1,0.73,0.08,0.64
Day-578,google/gemma-2-9b-it,ENTJ,static,flat,123,0.92,flat,93.25,92.73521192105373,10655.90514702998,4549.892763818443,65.48002555722827,SELL,0.25,"The RSI is extremely high, indicating potential overbought conditions.  The price is also above both the 20 and 60 day SMAs, suggesting a possible trend reversal.",85.43,83.29,89.1,2.6538,1002820,0.79,9.7,15.1,2.65,2.57,1,-0.07,0.15,-0.22
Day-579,google/gemma-2-9b-it,ENTJ,static,flat,123,0.92,flat,92.06,92.4537244464796,10577.983916616879,6056.915552018052,49.11001916792121,SELL,0.25,"The RSI is significantly overbought, indicating potential for a price correction.  The price is also above both the 20 and 60 day SMAs, suggesting a potential overextension.",86.03,83.58,85.1,2.7405,1148109,0.92,9.3,14.9,2.68,2.94,1,0.04,0.18,-0.13
Day-580,google/gemma-2-9b-it,ENTJ,static,flat,123,0.92,flat,96.08,96.12071906640358,10775.40619367192,8416.160872844986,24.555009583960604,SELL,0.5,"The RSI is at an extremely high level indicating potential overbought conditions.  The price is also above both the 20 and 60 day SMA, suggesting a potential trend reversal.",86.75,83.92,85.8,3.0982,1246821,0.99,9.7,15.0,2.67,3.36,1,-0.03,0.15,-0.18
Day-581,google/gemma-2-9b-it,ENTJ,static,flat,123,0.92,flat,96.77,96.51848440815675,10792.349150284856,9604.255011564921,12.277504791980302,SELL,0.5,"RSI is overbought and the price is above both the 20 and 60 day SMA, indicating potential for a correction.  Taking partial profits to manage risk.",87.47,84.26,85.1,3.3978,1168157,0.93,10.6,15.0,2.66,3.8,1,0.57,0.25,0.32
Day-582,google/gemma-2-9b-it,ENTJ,static,flat,123,0.92,flat,95.18,95.09362853764107,10772.827917665607,7683.404009251937,32.45875087637812,BUY,0.2,"The price is above both the 20 and 60 day SMAs, RSI is high indicating potential overbought conditions, but the P/E ratio is reasonable.  A small buy position is warranted to capitalize on the upward trend.",88.1,84.55,81.1,3.4667,1329286,1.06,10.7,15.0,2.66,4.2,1,0.3,0.16,0.14
Day-583,google/gemma-2-9b-it,ENTJ,static,flat,123,0.92,flat,92.29,92.86632599228348,10679.022127632874,5762.553006938953,53.27195926637687,BUY,0.25,"The price is above both the 20 and 60 day SMAs, RSI is in bullish territory, and the P/E ratio is reasonable.  This suggests an upward trend with potential for further growth.",88.59,84.83,68.2,3.2511,1165827,0.93,9.3,14.9,2.68,4.43,1,0.58,0.29,0.29
Day-584,google/gemma-2-9b-it,ENTJ,static,flat,123,0.92,flat,94.87,94.72176008591933,10816.463782540128,4321.914755204215,68.4573524542628,BUY,0.25,"The price is below both the 20 and 60 day SMAs, indicating a potential buying opportunity. The RSI is high, suggesting potential overbought conditions, but the P/E ratio is reasonable.",89.3,85.14,71.9,3.251,1164122,0.94,7.5,15.0,2.66,4.89,1,-0.17,0.25,-0.42
Day-585,google/gemma-2-9b-it,ENTJ,static,flat,123,0.92,flat,94.71,95.05442548262022,10805.510606147443,3241.436066403161,79.86563762796203,BUY,0.25,"The price is above both the 20 and 60 day SMAs, RSI is above 60 indicating upward momentum, and the P/E ratio is reasonable.  Increasing position size.",90.03,85.45,68.6,3.2005,1447952,1.16,7.6,14.9,2.68,5.36,1,0.05,0.27,-0.22
Day-586,google/gemma-2-9b-it,ENTJ,static,flat,123,0.92,flat,93.48,93.58852580003116,10707.275871865051,2431.0770498023708,88.534433269819,BUY,0.25,The stock is showing a positive trend with a healthy RSI and a reasonable P/E ratio.  Implied volatility suggests potential for price movement.,90.53,85.71,65.9,3.0265,1145389,0.92,7.5,15.0,2.67,5.62,1,0.02,0.15,-0.14
Day-587,google/gemma-2-9b-it,ENTJ,static,flat,123,0.92,flat,94.82,94.88821219450696,10825.912012446608,1823.3077873517782,94.94414917838886,BUY,0.25,"The price is above both the 20 and 60 day SMAs, RSI is above 60 indicating upward momentum, and the P/E ratio is reasonable.  This suggests a continued upward trend.",91.03,85.93,68.4,2.9631,1296077,1.04,8.0,15.0,2.67,5.94,1,-0.35,0.03,-0.37
Day-588,google/gemma-2-9b-it,ENTJ,static,flat,123,0.92,flat,94.38,95.2204242176661,10784.136586808117,1458.6462298814226,98.8079079987995,BUY,0.2,"The price is above both the 20 and 60 day SMAs, RSI is above 60 indicating upward momentum, and the P/E ratio is reasonable.",91.55,86.09,64.1,2.8439,1260199,1.01,8.7,14.9,2.69,6.34,1,0.1,-0.07,0.17
Day-589,google/gemma-2-9b-it,ENTJ,static,flat,123,0.92,flat,92.11,92.13777005151557,10559.842635650844,1166.916983905138,101.97509121426236,BUY,0.2,"The price is above both the 20 and 60 day SMA, indicating an upward trend.  RSI is healthy and the P/E ratio is reasonable.",91.89,86.19,56.3,2.5375,1129463,0.91,7.5,15.0,2.67,6.62,1,-0.3,-0.09,-0.2
Day-590,google/gemma-2-9b-it,ENTJ,static,flat,123,0.92,flat,93.53,93.25695764610361,10704.6472651751,875.1877379288535,105.09418932156788,BUY,0.25,"The price is above both the 20 and 60 day SMAs, indicating an upward trend. The RSI is in a healthy range, suggesting potential for further growth.",92.31,86.33,55.0,2.3816,1074901,0.87,12.3,15.0,2.66,6.93,1,0.32,-0.04,0.36
Day-591,google/gemma-2-9b-it,ENTJ,static,flat,123,0.92,flat,95.75,95.80572878590554,10937.95636546898,700.1501903430828,106.9222577036647,BUY,0.2,"The price is above both the 20 and 60 day SMAs, indicating an upward trend. The RSI is in a healthy range, suggesting further potential for growth.",92.74,86.48,56.0,2.4095,1177133,0.96,9.8,15.0,2.67,7.24,1,-0.06,-0.06,-0.01
Day-592,google/gemma-2-9b-it,ENTJ,static,flat,123,0.92,flat,100.94,100.86868145314045,11492.882882950998,525.1126427573122,108.6563328729313,BUY,0.25,"The price is above both the 20 and 60 day SMAs, RSI is in a healthy range, and the P/E ratio is reasonable.  Implied volatility suggests potential for future price movement.",93.45,86.78,64.1,2.8179,1159409,0.95,11.5,15.0,2.66,7.68,1,-0.46,-0.08,-0.38
Day-593,google/gemma-2-9b-it,ENTJ,static,flat,123,0.92,flat,102.02,100.96940382458686,11610.231722453764,393.83448206798414,109.94312135253655,BUY,0.25,"The price is above both the 20 and 60 day SMAs, RSI is above 60 indicating potential overbought conditions, but the P/E ratio is reasonable.  A small buy position is warranted to capitalize on the upward trend.",94.22,87.14,68.4,3.1922,1179787,0.97,14.0,15.2,2.64,8.12,1,-0.17,-0.13,-0.03
Day-594,google/gemma-2-9b-it,ENTJ,static,flat,123,0.92,flat,101.93,101.47074513665603,11600.336841532035,315.0675856543873,110.71587614909886,BUY,0.2,"The price is above both the 20 and 60 day SMAs, RSI is in a healthy range, and the P/E ratio suggests undervaluation.  Volume is also positive.",94.9,87.52,62.6,3.4412,1406398,1.14,12.1,15.1,2.65,8.43,1,0.01,-0.07,0.09
Day-595,google/gemma-2-9b-it,ENTJ,static,flat,123,0.92,flat,104.83,104.81558448897599,11921.41288236442,236.30068924079046,111.46725358316922,BUY,0.25,"The price is above both the 20 and 60 day SMA, RSI indicates moderate overbought conditions, but the P/E ratio is reasonable.  Increasing position size slightly to capitalize on the upward trend.",95.67,87.92,65.9,3.8292,1266794,1.04,9.4,15.0,2.67,8.81,1,0.52,-0.03,0.55
Day-596,google/gemma-2-9b-it,ENTJ,static,flat,123,0.92,flat,105.94,105.20143207863812,12045.141533841737,3188.5109003910275,83.60044018737692,SELL,0.25,"The RSI is overbought, and the price is above both the 20 and 60 day SMAs. This suggests a potential reversal, warranting a partial sell.",96.4,88.37,71.6,4.1779,1486910,1.22,8.6,15.1,2.65,9.09,1,0.26,0.03,0.23
Day-597,google/gemma-2-9b-it,ENTJ,static,flat,123,0.92,flat,105.66,105.81409677494547,12021.733410589273,5396.816527940589,62.700330140532685,SELL,0.25,"RSI is at an overbought level (79.9) indicating potential for a price correction.  The price is also above both the 20 and 60 day SMA, suggesting a potential trend reversal.",97.03,88.74,79.9,4.3806,1151151,0.94,7.5,15.0,2.67,9.34,1,0.03,0.13,-0.1
Day-598,google/gemma-2-9b-it,ENTJ,static,flat,123,0.92,flat,104.79,104.51926229065415,11967.18412336701,7039.408426797195,47.025247605399514,SELL,0.25,RSI is overbought and the price is above both the 20 and 60 day SMA.  Profit taking is warranted.,97.61,89.2,74.0,4.4201,1124041,0.92,15.4,15.0,2.66,9.43,1,0.26,0.22,0.05
Day-599,google/gemma-2-9b-it,ENTJ,static,flat,123,0.92,flat,101.06,101.67524691917616,11791.779949798869,5279.556320097896,64.43918097863619,BUY,0.25,"The price is above both the 20 and 60 day SMAs, RSI is above 60 indicating potential upward momentum, and the P/E ratio is reasonable.",98.06,89.62,63.1,4.1038,1021943,0.84,11.6,14.9,2.68,9.42,1,0.05,0.23,-0.17
Day-600,google/gemma-2-9b-it,ENTJ,static,flat,123,0.92,flat,103.7,103.57931409811508,11961.899387582469,3959.667240073422,77.16713739160122,BUY,0.25,"The price is above both the 20 and 60 day SMA, RSI is high indicating strong upward momentum, and the P/E ratio is reasonable.  This suggests a continued upward trend warrants a partial investment.",98.44,90.1,70.0,4.0195,1431371,1.16,9.1,15.0,2.66,9.25,1,-0.27,0.07,-0.33
Day-601,google/gemma-2-9b-it,ENTJ,static,flat,123,0.92,flat,100.97,101.00461756733243,11751.233102503396,2969.7504300550663,86.9712060260308,BUY,0.25,"The price is above both the 20 and 60 day SMAs, RSI is in bullish territory, and the P/E ratio is reasonable.  This suggests a continued upward trend.",98.65,90.51,61.4,3.6899,1238945,1.0,9.3,15.0,2.67,8.99,1,0.12,0.04,0.08
Day-602,google/gemma-2-9b-it,ENTJ,static,flat,123,0.92,flat,103.38,103.36633813745959,11960.83370902613,2227.3128225412997,94.15284277892079,BUY,0.25,"The price is above both the 20 and 60 day SMAs, RSI is in positive territory, and the P/E ratio is reasonable.  A small position is warranted to capitalize on the upward trend.",99.06,90.96,65.6,3.5819,1147867,0.94,7.5,15.0,2.67,8.9,1,0.26,0.09,0.17
Day-603,google/gemma-2-9b-it,ENTJ,static,flat,123,0.92,flat,101.89,101.78024700052792,11820.545973285538,1670.4846169059747,99.61783645479991,BUY,0.25,"The price is above both the 20 and 60 day SMAs, RSI is above 60 indicating potential overbought conditions but not extreme, and news sentiment is positive.  This suggests a continued upward trend, warranting a partial buy.",99.54,91.38,67.4,3.3379,1013960,0.83,9.3,15.0,2.66,8.92,1,0.92,0.22,0.7
Day-604,google/gemma-2-9b-it,ENTJ,static,flat,123,0.92,flat,102.42,102.35229420367497,11873.343426606581,1252.863462679481,103.69537164545109,BUY,0.25,"The price is above both the 20 and 60 day SMAs, RSI is in a healthy range, and the P/E ratio is reasonable.  Volume is slightly above average, suggesting potential for continued upward momentum.",99.92,91.82,66.3,3.151,1311451,1.07,7.7,15.0,2.66,8.82,1,0.09,0.22,-0.13
Day-605,google/gemma-2-9b-it,ENTJ,static,flat,123,0.92,flat,101.31,101.62354927675892,11758.241564080132,939.6475970096108,106.78702958316573,BUY,0.25,"The price is above both the 20 and 60 day SMAs, indicating an upward trend. RSI is above 50, suggesting bullish momentum.",100.25,92.28,60.6,2.8795,1149211,0.95,8.8,15.0,2.67,8.63,1,-0.14,0.25,-0.39
Day-606,google/gemma-2-9b-it,ENTJ,static,flat,123,0.92,flat,103.97,104.07036920105371,12042.29506277135,704.7356977572081,109.04644960098244,BUY,0.25,"The price is above both the 20 and 60 day SMAs, indicating an upward trend. The RSI is above 50, suggesting bullish momentum.",100.77,92.77,56.4,2.8461,1325588,1.09,8.2,15.0,2.67,8.63,1,0.28,0.28,-0.0
Day-607,google/gemma-2-9b-it,ENTJ,static,flat,123,0.92,flat,104.73,104.72985500401913,12125.170364468098,528.551773317906,110.72871757042101,BUY,0.25,"The price is above both the 20 and 60 day SMAs, indicating an upward trend. RSI is healthy and the P/E ratio is reasonable, suggesting further potential for growth.",101.27,93.29,55.8,2.8485,1055984,0.88,8.6,15.0,2.67,8.55,1,0.21,0.27,-0.06
Day-608,google/gemma-2-9b-it,ENTJ,static,flat,123,0.92,flat,108.59,108.94750191075886,12552.583214289925,422.84141865432485,111.70219905733124,BUY,0.2,"The price is above both the 20 and 60 day SMAs, RSI is above 60 indicating upward momentum, and the P/E ratio is reasonable.  This suggests a strong upward trend that warrants a small position.",101.98,93.86,62.3,3.1258,1258987,1.04,7.5,15.0,2.68,8.65,1,0.47,0.18,0.29
Day-609,google/gemma-2-9b-it,ENTJ,static,flat,123,0.92,flat,106.84,106.64361546680048,12357.104365939595,338.2731349234599,112.49374046252466,BUY,0.2,"The price is above both the 20 and 60 day SMAs, indicating an upward trend.  RSI is above 50 suggesting potential for further upside.",102.71,94.39,53.9,3.1681,1068486,0.89,7.5,15.0,2.66,8.81,1,0.23,0.21,0.02
Day-610,google/gemma-2-9b-it,ENTJ,static,flat,123,0.92,flat,108.03,107.56225975209136,12490.971917089999,253.70485119259493,113.27656267608445,BUY,0.25,"The price is above both the 20 and 60 day SMAs, indicating an upward trend. RSI is in neutral territory, suggesting potential for further upside.",103.44,94.92,54.0,3.26,1327065,1.09,7.5,15.1,2.66,8.98,1,-0.51,0.13,-0.65
Day-611,google/gemma-2-9b-it,ENTJ,static,flat,123,0.92,flat,107.77,107.69645606696434,12461.520010794215,202.96388095407593,113.74738916062114,BUY,0.2,"The price is above both the 20 and 60 day SMAs, indicating an uptrend. RSI is in neutral territory, suggesting potential for further upside.",104.04,95.42,54.1,3.2741,1368182,1.12,7.5,15.0,2.66,9.03,1,-0.02,0.08,-0.09
Day-612,google/gemma-2-9b-it,ENTJ,static,flat,123,0.92,flat,108.15,108.33362104378257,12504.744018675252,152.22291071555696,114.21656133111138,BUY,0.25,"The price is above both the 20 and 60 day SMAs, indicating an uptrend.  RSI is above 50 suggesting positive momentum.",104.4,95.94,56.6,3.278,1400670,1.13,10.4,15.0,2.67,8.82,1,0.39,0.11,0.28
Day-613,google/gemma-2-9b-it,ENTJ,static,flat,123,0.92,flat,111.07,111.8807948593532,12838.256377762096,152.22291071555696,114.21656133111138,HOLD,0.0,"The RSI is high, indicating potential overbought conditions.  Further analysis is needed to confirm the trend's strength before considering a buy.",104.85,96.51,70.3,3.4766,1396636,1.12,10.5,14.9,2.69,8.64,1,0.51,0.12,0.39
Day-614,google/gemma-2-9b-it,ENTJ,static,flat,123,0.92,flat,112.63,113.23217235593566,13016.434213438632,114.16718303666772,114.55444402381217,BUY,0.25,"The price is above both the 20 and 60 day SMAs, RSI is above 60 indicating upward momentum, and the P/E ratio is reasonable.  A small position is justified.",105.39,97.15,68.9,3.717,1438926,1.15,11.9,14.9,2.68,8.48,1,-0.25,0.02,-0.27
Day-615,google/gemma-2-9b-it,ENTJ,static,flat,123,0.92,flat,110.83,110.69623466915914,12810.236214195771,91.33374642933418,114.760466189357,BUY,0.2,"The price is above both the 20 and 60 day SMAs, RSI is high indicating potential overbought conditions, but the P/E ratio is reasonable.  A small buy order could capitalize on the current trend.",105.69,97.76,71.7,3.7192,1430865,1.14,11.6,15.0,2.66,8.11,1,-0.06,0.11,-0.18
Day-616,google/gemma-2-9b-it,ENTJ,static,flat,123,0.92,flat,112.28,111.91728164360524,12976.63889017034,91.33374642933418,114.760466189357,HOLD,0.0,"The RSI is high, indicating potential overbought conditions.  Awaiting a pullback to a more favorable entry point.",106.0,98.34,70.5,3.7944,1405068,1.12,8.6,15.0,2.66,7.79,1,0.2,0.16,0.04
Day-617,google/gemma-2-9b-it,ENTJ,static,flat,123,0.92,flat,110.96,111.0241398896467,12825.155074800387,91.33374642933418,114.760466189357,HOLD,0.0,"The RSI is high, indicating potential overbought conditions.  Waiting for a pullback to a more favorable entry point.",106.27,98.86,71.0,3.705,1124737,0.9,8.3,15.0,2.67,7.49,1,-0.12,0.05,-0.18
Day-618,google/gemma-2-9b-it,ENTJ,static,flat,123,0.92,flat,109.55,110.01102133739352,12663.342817473394,68.50030982200064,114.96889555135914,BUY,0.25,"The price is above both the 20 and 60 day SMAs, RSI is above 60 indicating potential overbought conditions, but the P/E ratio is reasonable.  A small buy position is warranted to capitalize on the upward trend.",106.51,99.37,65.9,3.48,1437772,1.13,9.3,14.9,2.68,7.18,1,-0.08,-0.06,-0.01
Day-619,google/gemma-2-9b-it,ENTJ,static,flat,123,0.92,flat,112.07,112.37007904001783,12953.064434262818,68.50030982200064,114.96889555135914,HOLD,0.0,"The RSI is high, indicating potential overbought conditions.  Further analysis is needed to confirm the trend's strength before considering a buy.",107.06,99.91,72.6,3.4652,1242873,0.97,10.3,15.0,2.67,7.15,1,0.27,0.04,0.23
Day-620,google/gemma-2-9b-it,ENTJ,static,flat,123,0.92,flat,110.83,111.05781278771958,12810.503003779135,54.80024785760052,115.09250885068604,BUY,0.2,"The price is above both the 20 and 60 day SMAs, RSI is above 60 indicating upward momentum, and the P/E ratio is reasonable.  This suggests a continued upward trend.",107.41,100.42,65.3,3.3148,1067607,0.85,12.1,15.0,2.67,6.96,1,0.3,0.11,0.19
Day-621,google/gemma-2-9b-it,ENTJ,static,flat,123,0.92,flat,109.53,110.25063733186961,12660.882742273243,41.10018589320039,115.21758930320499,BUY,0.25,"The price is above both the 20 and 60 day SMAs, RSI is in a healthy range, and the P/E ratio is reasonable.  Volume is slightly above average, suggesting potential for continued upward momentum.",107.84,100.87,60.5,3.0559,1404822,1.11,11.2,14.9,2.68,6.91,1,0.34,0.14,0.2
Day-622,google/gemma-2-9b-it,ENTJ,static,flat,123,0.92,flat,110.25,110.35522050428901,12743.839406571551,32.88014871456031,115.29214746355547,BUY,0.2,"The price is above both the 20 and 60 day SMAs, indicating an upward trend. RSI is above 50 suggesting potential for further upside.",108.19,101.34,54.2,2.8755,1405249,1.1,10.2,15.0,2.67,6.75,1,0.15,0.2,-0.05
Day-623,google/gemma-2-9b-it,ENTJ,static,flat,123,0.92,flat,112.76,112.49718038896248,13033.222696705074,29.592133843104282,115.32130687178051,BUY,0.1,"The price is above both the 20 and 60 day SMA, RSI is above 60 indicating potential upward momentum, and the P/E ratio is reasonable.",108.73,101.86,64.4,2.902,1219179,0.94,9.0,15.0,2.66,6.74,1,-0.3,0.15,-0.46
Day-624,google/gemma-2-9b-it,ENTJ,static,flat,123,0.92,flat,113.38,113.84751373312274,13104.721906965578,26.632920458793855,115.3474068310706,BUY,0.1,"The price is above both the 20 and 60 day SMAs, RSI is above 60 indicating potential upward momentum, and the P/E ratio is reasonable.",109.28,102.36,63.4,2.939,1356789,1.05,8.3,14.9,2.68,6.76,1,-0.04,0.09,-0.13
Day-625,google/gemma-2-9b-it,ENTJ,static,flat,123,0.92,flat,113.18,113.34901147742949,13081.652425599365,21.306336367035083,115.39446977586437,BUY,0.2,"The price is above both the 20 and 60 day SMAs, RSI is above 60 indicating upward momentum, and the P/E ratio is reasonable.  This suggests a continued upward trend.",109.87,102.84,63.5,2.9181,1053957,0.82,9.2,15.0,2.67,6.84,1,-0.3,-0.03,-0.27
Day-626,google/gemma-2-9b-it,ENTJ,static,flat,123,0.92,flat,111.77,112.76749432152566,12918.946223215395,18.110385911979822,115.42306376758894,BUY,0.15,"The price is above both the 20 and 60 day SMA, indicating an uptrend. RSI is above 50, suggesting bullish momentum.",110.26,103.25,58.6,2.7566,1060799,0.83,14.7,14.9,2.69,6.79,1,-0.15,-0.13,-0.02
Day-627,google/gemma-2-9b-it,ENTJ,static,flat,123,0.92,flat,109.84,110.21417667358375,12696.17971014395,16.29934732078184,115.43955173728303,BUY,0.1,The price is below the 20-day SMA and RSI suggests oversold conditions.  A potential buy opportunity exists with a target price above the 60-day SMA.,110.52,103.58,46.9,2.4441,1199157,0.93,13.8,14.9,2.68,6.69,1,0.17,-0.12,0.3
Day-628,google/gemma-2-9b-it,ENTJ,static,flat,123,0.92,flat,108.53,108.58451736360965,12544.95389736811,12.22451049058638,115.47709745579584,BUY,0.25,"The price is below both the 20 and 60 day SMA, indicating a potential buying opportunity. RSI is oversold, suggesting a possible bounce.",110.51,103.89,39.6,2.0674,1118347,0.88,10.5,15.0,2.67,6.38,1,0.05,-0.05,0.1
Day-629,google/gemma-2-9b-it,ENTJ,static,flat,123,0.92,flat,107.62,107.20481995656834,12439.869738683336,9.168382867939785,115.5054948505426,BUY,0.25,"The price is below both the 20 and 60 day SMA, indicating a potential buying opportunity. The RSI suggests the stock is oversold and the P/E ratio is reasonable.",110.55,104.2,41.5,1.6756,1432580,1.11,12.1,15.1,2.66,6.1,1,0.66,0.09,0.58
Day-630,google/gemma-2-9b-it,ENTJ,static,flat,123,0.92,flat,107.06,106.91727355355852,12375.186661567031,7.334706294351828,115.5226224105425,BUY,0.2,"The price is below both the 20 and 60 day SMAs, indicating a potential buying opportunity. The RSI suggests oversold conditions, and the low news sentiment may present a chance to enter before a potential rebound.",110.5,104.42,35.5,1.3051,1432281,1.1,9.4,15.0,2.66,5.83,1,0.08,0.16,-0.08
Day-631,google/gemma-2-9b-it,ENTJ,static,flat,123,0.92,flat,110.7,111.28457416945052,12795.689007141407,6.234500350199054,115.5325610369576,BUY,0.15,"The price is slightly above the 20-day SMA and RSI is above 40, indicating potential upward momentum. The P/E ratio is reasonable and implied volatility is moderate.",110.65,104.7,49.4,1.2903,1069972,0.83,14.8,14.9,2.68,5.68,1,0.12,0.22,-0.09
Day-632,google/gemma-2-9b-it,ENTJ,static,flat,123,0.92,flat,109.87,109.82423927541431,12699.796981480731,6.234500350199054,115.5325610369576,HOLD,0.0,"The price is slightly below the 20-day SMA, but the overall trend is still upward.  RSI is neutral and the P/E ratio is reasonable.",110.74,104.99,50.8,1.1979,1155487,0.91,14.6,15.0,2.67,5.47,1,-0.01,0.18,-0.19
Day-633,google/gemma-2-9b-it,ENTJ,static,flat,123,0.92,flat,109.06,109.20913151882476,12606.215607040796,4.67587526264929,115.54685248283647,BUY,0.25,"The price is below both the 20 and 60 day SMA, indicating a potential buying opportunity. The RSI suggests the stock is oversold and the P/E ratio is reasonable.",110.64,105.33,41.6,1.0475,1225283,0.97,13.0,15.0,2.67,5.04,1,0.23,0.22,0.01
Day-634,google/gemma-2-9b-it,ENTJ,static,flat,123,0.92,flat,104.84,104.84852753200984,12118.607889563225,3.7407002101194324,115.55577250432188,BUY,0.2,"The price is below both the 20 and 60 day SMAs, indicating a potential buying opportunity. RSI is oversold, suggesting a possible rebound.",110.25,105.53,35.7,0.581,1061652,0.85,13.1,15.0,2.67,4.47,1,0.5,0.18,0.31
Day-635,google/gemma-2-9b-it,ENTJ,static,flat,123,0.92,flat,106.08,106.14734070187588,12261.897047468585,2.8055251575895745,115.56458825707952,BUY,0.25,"The price is below both the 20 and 60 day moving averages, indicating a potential buying opportunity. The RSI suggests the stock is oversold, and the low implied volatility may present a favorable risk/reward profile.",110.01,105.75,41.8,0.3078,1059709,0.86,9.7,15.0,2.67,4.02,1,0.05,0.18,-0.13
Day-636,google/gemma-2-9b-it,ENTJ,static,flat,123,0.92,flat,102.99,102.88163572298441,11904.802469754208,2.104143868192181,115.57139844534437,BUY,0.25,"The price is below both the 20 and 60 day SMA, indicating a potential buying opportunity. The RSI suggests oversold conditions, and the low implied volatility may present a favorable risk/reward profile.",109.54,105.94,34.4,-0.1566,1237333,1.02,10.1,15.0,2.66,3.4,1,0.46,0.25,0.21
Day-637,google/gemma-2-9b-it,ENTJ,static,flat,123,0.92,flat,101.12,101.06333194097694,11688.683954661416,1.5781079011441357,115.57660054153749,BUY,0.25,"The price is significantly below both the 20 and 60 day SMAs, indicating a potential buying opportunity. The low RSI suggests oversold conditions, increasing the likelihood of a price rebound.",109.05,106.07,24.3,-0.6675,1303562,1.06,9.9,15.0,2.67,2.81,1,-0.03,0.24,-0.27
Day-638,google/gemma-2-9b-it,ENTJ,static,flat,123,0.92,flat,103.69,103.22324569007996,11985.715818053164,1.2624863209153085,115.57964443757595,BUY,0.2,"The price is below both the 20 and 60 day SMA, indicating a potential buying opportunity. The RSI suggests oversold conditions, and the low implied volatility could present a favorable risk/reward profile.",108.76,106.26,30.3,-0.855,1084311,0.9,16.3,15.1,2.65,2.36,1,0.32,0.26,0.06
Day-639,google/gemma-2-9b-it,ENTJ,static,flat,123,0.92,flat,99.05,98.99759016058337,11449.426267862813,0.9468647406864814,115.58283092500885,BUY,0.25,The stock is significantly undervalued based on the P/E ratio and RSI suggests oversold conditions.  A long position with a defined stop loss is warranted.,108.11,106.4,25.7,-1.3628,1076698,0.9,13.0,15.0,2.67,1.61,0,-0.02,0.16,-0.18
Day-640,google/gemma-2-9b-it,ENTJ,static,flat,123,0.92,flat,100.06,99.21745101151345,11566.16492709707,0.710148555514861,115.58519666741512,BUY,0.25,"The price is significantly below both the 20 and 60 day SMA, indicating a potential buying opportunity. The low RSI suggests oversold conditions, increasing the likelihood of a price rebound.",107.57,106.53,29.5,-1.6648,1349829,1.11,14.9,15.1,2.64,0.98,0,-0.03,0.14,-0.17
Day-641,google/gemma-2-9b-it,ENTJ,static,flat,123,0.92,flat,101.05,100.84982298894336,11680.594271797812,0.5326114166361458,115.58695359110516,BUY,0.25,"The price is below both the 20 and 60 day SMA, indicating a potential buying opportunity. The RSI suggests oversold conditions, and the news sentiment is negative, which could be a contrarian signal.",107.15,106.63,34.1,-1.8031,1458321,1.2,11.6,15.0,2.66,0.48,0,-0.61,-0.07,-0.53
Day-642,google/gemma-2-9b-it,ENTJ,static,flat,123,0.92,flat,104.56,104.00525159123401,12086.304478902592,0.3994585624771093,115.58822704992458,BUY,0.25,"The price is below both the 20 and 60 day SMA, indicating a potential buying opportunity. The RSI suggests the stock is oversold, and the negative news sentiment may be overblown.",106.86,106.7,43.4,-1.6109,1000623,0.84,11.2,15.1,2.65,0.15,0,-0.54,-0.18,-0.36
Day-643,google/gemma-2-9b-it,ENTJ,static,flat,123,0.92,flat,102.5,102.13950059246666,11848.192731179746,0.29959392185783196,115.58920133910135,BUY,0.25,"The price is below both the 20 and 60 day SMAs, indicating a potential buying opportunity. The RSI suggests the stock is oversold, and the low implied volatility could indicate a potential for a price rebound.",106.35,106.71,41.8,-1.6059,1382567,1.15,15.2,15.1,2.66,-0.34,0,-0.04,-0.25,0.21
Day-644,google/gemma-2-9b-it,ENTJ,static,flat,123,0.92,flat,100.65,100.90293697959483,11634.35270870241,0.2546548335791572,115.58964782780755,BUY,0.15,"The price is below both the 20 and 60 day SMA, indicating a potential buying opportunity. The RSI suggests the stock is oversold, and the low implied volatility indicates potential for a price rebound.",105.71,106.69,40.1,-1.7318,1005499,0.85,11.4,15.0,2.67,-0.92,0,0.23,-0.2,0.42
Day-645,google/gemma-2-9b-it,ENTJ,static,flat,123,0.92,flat,105.07,104.6422888702305,12145.258952101318,0.22918935022124148,115.58989019464259,BUY,0.1,"The price is below both the 20 and 60 day SMA, indicating a potential buying opportunity. The RSI is in oversold territory, suggesting a possible rebound.",105.31,106.69,41.5,-1.458,1470469,1.22,10.3,15.1,2.66,-1.3,0,-0.01,-0.19,0.18
Day-646,google/gemma-2-9b-it,ENTJ,static,flat,123,0.92,flat,105.06,104.62123665707692,12144.103053199373,0.20627041519911732,115.59010834555657,BUY,0.1,"The price is slightly below the 20-day SMA, indicating a potential buying opportunity.  RSI is in oversold territory, suggesting a possible rebound.",104.97,106.68,42.5,-1.2279,1173640,0.97,11.0,15.1,2.66,-1.6,0,-0.25,-0.12,-0.13
Day-647,google/gemma-2-9b-it,ENTJ,static,flat,123,0.92,flat,102.16,103.12287925593814,11808.891738997258,0.1753298529192497,115.59041120932204,BUY,0.15,"The price is below both the 20 and 60 day SMAs, indicating a potential buying opportunity. The RSI is oversold, suggesting a possible bounce.",104.59,106.61,40.0,-1.265,1384731,1.13,10.1,14.9,2.69,-1.89,0,-0.29,-0.07,-0.22
Day-648,google/gemma-2-9b-it,ENTJ,static,flat,123,0.92,flat,101.52,101.68416246023301,11734.913875823293,0.13149738968943728,115.59084297117418,BUY,0.25,"The price is below both the 20 and 60 day SMA, indicating a potential buying opportunity.  The RSI suggests the stock is oversold and the P/E ratio is reasonable.",104.24,106.54,44.6,-1.3307,1261274,1.02,9.2,15.0,2.67,-2.16,-1,0.23,-0.02,0.25
Day-649,google/gemma-2-9b-it,ENTJ,static,flat,123,0.92,flat,100.14,99.75532486345658,11575.398512523074,0.09862304226707796,115.59117125505098,BUY,0.25,"The price is below both the 20 and 60 day SMA, indicating a potential buying opportunity. The RSI suggests oversold conditions, and the negative news sentiment could be a contrarian indicator.",103.86,106.52,40.4,-1.4766,1184154,0.97,8.0,15.1,2.66,-2.5,-1,-0.31,-0.13,-0.18
Day-650,google/gemma-2-9b-it,ENTJ,static,flat,123,0.92,flat,99.38,98.91164652641012,11487.549222369233,0.07396728170030847,115.5914193508506,BUY,0.25,"The price is below both the 20 and 60 day SMA, indicating a potential buying opportunity. The RSI suggests the stock is oversold, and the P/E ratio is reasonable.",103.48,106.44,43.7,-1.6347,1193230,0.99,13.4,15.1,2.65,-2.78,-1,0.25,-0.07,0.32
Day-651,google/gemma-2-9b-it,ENTJ,static,flat,123,0.92,flat,100.42,101.11832864753526,11607.764298494118,0.059173825360246776,115.59156666668748,BUY,0.2,"The price is below both the 20 and 60 day SMA, indicating a potential buying opportunity. The RSI is in neutral territory, suggesting room for upward movement.",102.96,106.42,48.7,-1.6569,1342750,1.1,14.3,14.9,2.69,-3.25,-1,0.21,0.02,0.19
Day-652,google/gemma-2-9b-it,ENTJ,static,flat,123,0.92,flat,103.38,102.96063422927853,11949.91533582751,0.04438036902018508,115.59170976454335,BUY,0.25,The price is below the 20-day SMA and RSI suggests potential for upward momentum.  The P/E ratio is reasonable and implied volatility is moderate.,102.64,106.42,49.4,-1.4197,1441485,1.17,14.6,15.1,2.66,-3.56,-1,0.45,0.17,0.28
Day-653,google/gemma-2-9b-it,ENTJ,static,flat,123,0.92,flat,101.41,100.6009113903093,11722.199667591362,0.03328527676513881,115.59181917280935,BUY,0.25,"The price is below both the 20 and 60 day SMA, indicating a potential buying opportunity. RSI is above 50 suggesting upward momentum.",102.26,106.41,54.6,-1.3743,1404105,1.13,14.1,15.1,2.65,-3.91,-1,0.74,0.27,0.47
Day-654,google/gemma-2-9b-it,ENTJ,static,flat,123,0.92,flat,101.28,101.06390491264305,11707.172731098897,0.024963957573854105,115.59190133433376,BUY,0.25,"The price is below both the 20 and 60 day SMA, indicating a potential buying opportunity. The RSI is in neutral territory, suggesting room for upward movement.",102.08,106.39,52.5,-1.3335,1172321,0.94,10.9,15.0,2.66,-4.05,-1,-0.08,0.31,-0.39
Day-655,google/gemma-2-9b-it,ENTJ,static,flat,123,0.92,flat,99.76,100.2843693622719,11531.473041070709,0.018722968180390577,115.59196389437179,BUY,0.25,"The price is below both the 20 and 60 day SMA, indicating a potential buying opportunity. The RSI suggests the stock is oversold and the P/E ratio is reasonable.",101.76,106.36,47.4,-1.4079,1381181,1.09,10.7,14.9,2.68,-4.32,-1,-0.03,0.26,-0.29
Day-656,google/gemma-2-9b-it,ENTJ,static,flat,123,0.92,flat,101.67,101.89660799055487,11752.253692108961,0.014042226135292933,115.59200993294802,BUY,0.25,"The price is below the 20-day SMA, indicating a potential buying opportunity. The RSI suggests the stock is oversold, and the P/E ratio is reasonable.",101.7,106.31,43.9,-1.2979,1084708,0.86,8.7,15.0,2.67,-4.34,-1,0.43,0.3,0.13
Day-657,google/gemma-2-9b-it,ENTJ,static,flat,123,0.92,flat,101.83,101.60893330410022,11770.748413698231,0.0105316696014697,115.59204440762673,BUY,0.25,"The price is slightly below the 20-day SMA, indicating a potential buying opportunity. The RSI is neutral, and the P/E ratio suggests fair valuation.",101.73,106.26,48.5,-1.1838,1000456,0.81,16.8,15.0,2.66,-4.26,-1,-0.01,0.21,-0.22
Day-658,google/gemma-2-9b-it,ENTJ,static,flat,123,0.92,flat,102.31,102.39746445698124,11826.232595013893,0.007898752201102274,115.5920701423291,BUY,0.25,"The price is below the 20-day SMA, indicating a potential buying opportunity. The positive RSI and volume ratio suggest increasing bullish momentum.",101.66,106.13,54.1,-1.0429,1344571,1.07,12.3,15.0,2.67,-4.21,-1,-0.47,-0.03,-0.44
Day-659,google/gemma-2-9b-it,ENTJ,static,flat,123,0.92,flat,102.48,102.10379020886174,11845.883246938089,0.005924064150826705,115.59208941133818,BUY,0.25,"The price is below both the 20 and 60 day SMA, indicating a potential buying opportunity. The RSI suggests the stock is oversold, and the P/E ratio is reasonable.",101.83,106.04,41.9,-0.9067,1042084,0.83,8.9,15.1,2.66,-3.97,-1,-0.23,-0.06,-0.17
Day-660,google/gemma-2-9b-it,ENTJ,static,flat,123,0.92,flat,97.95,97.76319025035323,11322.251081904726,0.004443048113120029,115.59210453146108,BUY,0.25,"The price is below both the 20 and 60 day moving averages, indicating a potential buying opportunity. The RSI suggests oversold conditions, and the low news sentiment could be a sign of future positive price movement.",101.73,105.84,32.7,-1.1512,1201861,0.96,7.7,15.0,2.66,-3.89,-1,0.12,-0.03,0.15
Day-661,google/gemma-2-9b-it,ENTJ,static,flat,123,0.92,flat,98.74,97.88449658495371,11413.56884448458,0.0033322860848400216,115.59211578082332,BUY,0.25,"The price is below both the 20 and 60 day SMA, indicating a potential buying opportunity. The RSI suggests oversold conditions, and the negative news sentiment may be creating an attractive entry point.",101.61,105.66,40.7,-1.267,1409478,1.13,13.0,15.1,2.64,-3.83,-1,-0.36,-0.19,-0.17
Day-662,google/gemma-2-9b-it,ENTJ,static,flat,123,0.92,flat,95.81,95.45483830459466,11074.88394524677,0.0024992145636300164,115.5921244758606,BUY,0.25,"The price is below both the 20 and 60 day SMA, indicating a potential buying opportunity. The RSI suggests oversold conditions, and the P/E ratio is reasonable.",101.18,105.41,36.2,-1.5772,1192296,0.95,10.3,15.1,2.66,-4.02,-1,0.61,-0.07,0.67
Day-663,google/gemma-2-9b-it,ENTJ,static,flat,123,0.92,flat,97.07,96.92096053881308,11220.53002208635,0.0018744109227225123,115.59213091249026,BUY,0.25,"The price is below both the 20 and 60 day SMAs, indicating a potential buying opportunity. The RSI suggests the stock is oversold, and the low implied volatility may present a favorable risk/reward profile.",100.9,105.13,42.6,-1.7011,1026394,0.83,8.3,15.0,2.66,-4.02,-1,0.39,0.1,0.29
Day-664,google/gemma-2-9b-it,ENTJ,static,flat,123,0.92,flat,95.51,95.64077527024072,11040.20629786287,0.0014058081920418843,115.59213581881139,BUY,0.25,"The price is below both the 20 and 60 day SMA, indicating a potential buying opportunity. The RSI suggests oversold conditions, and the negative news sentiment may be overblown.",100.65,104.79,41.0,-1.9035,1008973,0.82,12.5,15.0,2.67,-3.96,-1,-0.28,0.09,-0.37
Day-665,google/gemma-2-9b-it,ENTJ,static,flat,123,0.92,flat,95.03,94.51882259501738,10984.722072669838,0.0010543561440314133,115.59213951713873,BUY,0.25,"The price is below both the 20 and 60 day SMA, indicating a potential buying opportunity. The RSI suggests oversold conditions, and the negative news sentiment may be overblown.",100.15,104.48,37.1,-2.0784,1453565,1.18,11.0,15.1,2.65,-4.15,-1,-0.26,0.02,-0.27
Day-666,google/gemma-2-9b-it,ENTJ,static,flat,123,0.92,flat,94.53,94.53034925382352,10926.926002911268,0.00079076710802356,115.59214230555548,BUY,0.25,"The price is below both the 20 and 60 day SMAs, indicating a potential oversold condition. The low RSI suggests further downside may be limited.",99.62,104.12,26.0,-2.2317,1409741,1.13,8.5,15.0,2.67,-4.32,-1,0.04,0.1,-0.06
Day-667,google/gemma-2-9b-it,ENTJ,static,flat,123,0.92,flat,95.4,95.65775965923528,11027.491166717102,0.00059307533101767,115.59214437779633,BUY,0.25,"The price is below both the 20 and 60 day SMA, indicating a potential oversold condition. The RSI is also low, suggesting a possible rebound.",99.28,103.81,32.6,-2.2571,1326993,1.07,7.5,15.0,2.67,-4.36,-1,-0.13,-0.05,-0.08
Day-668,google/gemma-2-9b-it,ENTJ,static,flat,123,0.92,flat,95.37,95.36216836578969,11024.023402385767,0.00044480649826325244,115.59214593246585,BUY,0.25,"The price is below both the 20 and 60 day SMA, indicating a potential oversold condition. The RSI is also low, suggesting a possible bounce back.",98.97,103.53,32.8,-2.2534,1004238,0.82,7.5,15.0,2.67,-4.4,-1,-0.03,-0.13,0.1
Day-669,google/gemma-2-9b-it,ENTJ,static,flat,123,0.92,flat,98.55,98.57578046778744,11391.60642645101,0.00035584519861060196,115.59214683516804,BUY,0.2,"The price is below both the 20 and 60 day SMA, indicating a potential buying opportunity. The RSI suggests the stock is oversold and the P/E ratio is reasonable.",98.9,103.26,46.8,-1.9712,1382117,1.11,7.5,15.0,2.67,-4.22,-1,0.2,-0.03,0.24
Day-670,google/gemma-2-9b-it,ENTJ,static,flat,123,0.92,flat,101.66,101.91121106729162,11751.09800310838,0.00026688389895795147,115.5921477102546,BUY,0.25,"The price is below the 20-day SMA, indicating a potential buying opportunity. The P/E ratio is reasonable, and the implied volatility suggests potential for price movement.",99.01,103.07,50.0,-1.4796,1216166,0.98,7.5,15.0,2.67,-3.94,-1,-0.06,0.01,-0.06
Day-671,google/gemma-2-9b-it,ENTJ,static,flat,123,0.92,flat,105.84,105.50003939282371,12234.273180537244,0.0002001629242184636,115.59214834064929,BUY,0.25,"The price is below the 20-day SMA, indicating a potential buying opportunity. The RSI is above 50, suggesting upward momentum.",99.28,103.0,58.3,-0.7444,1041512,0.85,12.3,15.0,2.66,-3.61,-1,0.43,0.08,0.35
Day-672,google/gemma-2-9b-it,ENTJ,static,flat,123,0.92,flat,104.99,105.0382901541026,12136.019854447692,0.0001501221931638477,115.59214881727307,BUY,0.25,"The price is below the 20-day SMA, indicating a potential short-term dip. The RSI suggests room for further upward movement, and the positive news sentiment supports a bullish outlook.",99.36,102.89,55.5,-0.2276,1377782,1.13,10.2,15.0,2.67,-3.43,-1,0.26,0.16,0.1
Day-673,google/gemma-2-9b-it,ENTJ,static,flat,123,0.92,flat,102.17,102.0013228884232,11810.049994782981,0.00011259164487288577,115.5921491846074,BUY,0.25,"The price is below the 20-day SMA and RSI is below 50, indicating potential for a short-term dip.  The P/E ratio is reasonable and the volume ratio suggests buying pressure.",99.4,102.68,49.4,-0.0454,1346810,1.1,12.6,15.0,2.66,-3.2,-1,0.31,0.23,0.08
Day-674,google/gemma-2-9b-it,ENTJ,static,flat,123,0.92,flat,104.22,104.5522925039236,12047.01390061143,8.444373365466433e-05,115.59214945468906,BUY,0.25,"The stock is showing a positive trend despite a slight dip, and the RSI suggests room for further growth. The P/E ratio is reasonable, indicating potential for future earnings.",99.55,102.5,62.7,0.2617,1106285,0.91,12.8,15.0,2.68,-2.88,-1,-0.35,0.12,-0.46
Day-675,google/gemma-2-9b-it,ENTJ,static,flat,123,0.92,flat,103.65,103.71642033221804,11981.126375422255,6.333280024099825e-05,115.59214965836425,BUY,0.25,"The price is below the 20-day SMA, indicating a potential buying opportunity. The RSI suggests moderate bullish momentum, and the P/E ratio is within a reasonable range.",99.74,102.31,60.1,0.4542,1162326,0.96,11.4,15.0,2.67,-2.51,-1,-0.43,0.04,-0.47
Day-676,google/gemma-2-9b-it,ENTJ,static,flat,123,0.92,flat,104.04,103.82676337841178,12026.207313789017,4.749960018074869e-05,115.59214981054802,BUY,0.25,"The price is below both the 20 and 60 day SMA, indicating a potential short-term downtrend. The RSI suggests the stock is not overbought, and the positive volume ratio indicates buying pressure.",99.86,102.15,68.9,0.6309,1480894,1.21,8.5,15.0,2.66,-2.25,-1,-0.01,-0.04,0.04
Day-677,google/gemma-2-9b-it,ENTJ,static,flat,123,0.92,flat,105.11,105.17127120152048,12149.890914086302,3.5624700135561516e-05,115.59214992352395,BUY,0.25,"The price is above both the 20 and 60 day SMAs, RSI is above 60 indicating potential upward momentum, and the P/E ratio is reasonable.",100.02,102.06,68.6,0.8472,1058131,0.86,7.5,15.0,2.67,-2.0,0,0.54,0.01,0.52
Day-678,google/gemma-2-9b-it,ENTJ,static,flat,123,0.92,flat,101.79,101.88059064580781,11766.124976340205,2.6718525101671137e-05,115.59215001101953,BUY,0.25,"The price is slightly below the 60-day SMA, indicating potential for a pullback. RSI is above 60, suggesting upward momentum.",100.0,101.92,63.4,0.7421,1407856,1.14,7.5,15.0,2.67,-1.89,0,0.36,0.02,0.34
Day-679,google/gemma-2-9b-it,ENTJ,static,flat,123,0.92,flat,106.2,105.28635953464489,12275.886357888798,6137.943192303662,57.79607500550976,SELL,0.5,RSI is overbought and the price is above both the 20 and 60 day SMA.  Profit taking is warranted.,100.18,101.9,70.4,1.0034,1325350,1.06,12.6,15.1,2.64,-1.68,0,0.22,0.14,0.09
Day-680,google/gemma-2-9b-it,ENTJ,static,flat,123,0.92,flat,107.3,107.17715485701014,12339.46204039486,6137.943192303662,57.79607500550976,HOLD,0.0,RSI is high indicating potential overbought conditions.  Waiting for a pullback to a more favorable entry point.,100.65,101.9,72.9,1.2845,1112236,0.9,12.0,15.0,2.66,-1.23,0,0.37,0.3,0.08
Day-681,google/gemma-2-9b-it,ENTJ,static,flat,123,0.92,flat,108.3,107.9673158053691,12397.25811540037,9267.600653852016,28.89803750275488,SELL,0.5,RSI is overbought and the price is above both the 20 and 60 day SMAs.  Profit taking is warranted.,101.13,101.85,73.0,1.5694,1284640,1.04,13.5,15.0,2.66,-0.71,0,-0.33,0.23,-0.57
Day-682,google/gemma-2-9b-it,ENTJ,static,flat,123,0.92,flat,110.35,109.94133275214173,12456.499092281018,9267.600653852016,28.89803750275488,HOLD,0.0,The stock is currently overbought (RSI 74.9) and the price is near the 20 and 60 day SMA.  Further analysis is needed before entering a position.,101.86,101.86,74.9,1.9385,1287886,1.04,16.5,15.1,2.66,-0.01,0,-0.43,0.04,-0.47
Day-683,google/gemma-2-9b-it,ENTJ,static,flat,123,0.92,flat,111.25,111.20617776193701,12482.507326033498,9267.600653852016,28.89803750275488,HOLD,0.0,RSI is high indicating potential overbought conditions.  Waiting for a pullback to a more favorable entry point.,102.56,101.91,72.8,2.2771,1023510,0.82,13.0,15.0,2.67,0.65,0,0.39,0.04,0.35
Day-684,google/gemma-2-9b-it,ENTJ,static,flat,123,0.92,flat,111.75,111.49976664163195,12496.956344784874,6950.700490389012,49.630924871551336,BUY,0.25,"The price is above both the 20 and 60 day SMA, RSI is high indicating potential for further upside, and the P/E ratio is reasonable.",103.38,102.04,70.0,2.5567,1344285,1.07,14.3,15.0,2.66,1.31,0,-0.18,-0.04,-0.15
Day-685,google/gemma-2-9b-it,ENTJ,static,flat,123,0.92,flat,110.5,110.84878902497046,12434.917688695434,4865.490343272309,68.5016049359559,BUY,0.3,"The price is above both the 20 and 60 day SMAs, RSI is in bullish territory, and the P/E ratio is reasonable.  Implied volatility is moderate, suggesting potential for price movement.",104.15,102.13,60.5,2.6469,1025484,0.83,10.7,15.0,2.68,1.97,0,-0.24,-0.16,-0.08
Day-686,google/gemma-2-9b-it,ENTJ,static,flat,123,0.92,flat,109.63,109.25495264331957,12375.321292401153,3649.1177574542317,79.59685793073905,BUY,0.25,"The price is above both the 20 and 60 day SMAs, RSI is in a healthy range, and the P/E ratio is reasonable.  A small position is warranted to capitalize on the upward trend.",104.9,102.27,60.4,2.6178,1280583,1.04,7.8,15.1,2.66,2.58,1,0.18,-0.06,0.24
Day-687,google/gemma-2-9b-it,ENTJ,static,flat,123,0.92,flat,110.23,109.91732053610426,12423.079407159596,3649.1177574542317,79.59685793073905,HOLD,0.0,The stock is currently overbought (RSI 70.1) and the trend is weakening.  Waiting for a pullback to a more attractive entry point.,105.65,102.45,70.1,2.613,1021875,0.84,7.5,15.0,2.66,3.12,1,-0.07,0.02,-0.09
Day-688,google/gemma-2-9b-it,ENTJ,static,flat,123,0.92,flat,110.82,110.74746429216376,12470.041553338731,2736.838318090674,87.82894094250189,BUY,0.25,"The price is above both the 20 and 60 day SMAs, RSI is in overbought territory but not extreme, and the P/E ratio is reasonable.  This suggests a continued upward trend with potential for further gains.",106.42,102.59,67.7,2.6265,1393527,1.13,11.3,15.0,2.66,3.73,1,-0.04,-0.07,0.03
Day-689,google/gemma-2-9b-it,ENTJ,static,flat,123,0.92,flat,113.21,113.20682878835584,12679.952722191312,4725.461198910802,70.26315275400151,SELL,0.2,"RSI is overbought and the price is above both the 20 and 60 day SMAs, indicating potential for a correction.  Taking profits while the trend is still positive.",107.15,102.87,73.4,2.7978,1484035,1.2,10.4,15.0,2.67,4.16,1,0.1,-0.01,0.12
Day-690,google/gemma-2-9b-it,ENTJ,static,flat,123,0.92,flat,113.13,113.69616705034093,12674.331669970992,4725.461198910802,70.26315275400151,HOLD,0.0,"The RSI is high, indicating potential overbought conditions.  Further analysis is needed to confirm the trend's strength before entering a position.",107.72,103.14,72.6,2.8937,1033981,0.84,13.8,14.9,2.68,4.45,1,0.05,0.05,0.01
Day-691,google/gemma-2-9b-it,ENTJ,static,flat,123,0.92,flat,112.25,111.80604832814498,12612.500095547472,3544.095899183101,80.78756522373604,BUY,0.25,"The price is above both the 20 and 60 day SMAs, RSI is in overbought territory but not extreme, and the P/E ratio is reasonable.  A small position is justified to capitalize on the upward trend.",108.04,103.36,67.9,2.8654,1439294,1.15,12.8,15.1,2.66,4.53,1,-0.49,-0.09,-0.4
Day-692,google/gemma-2-9b-it,ENTJ,static,flat,123,0.92,flat,108.26,108.36888421858082,12290.157710304766,2658.071924387326,88.9717881573752,BUY,0.25,"The price is above both the 20 and 60 day SMAs, RSI is above 60 indicating potential overbought conditions, but the P/E ratio is reasonable.  A small buy position is warranted to capitalize on the upward trend.",108.21,103.43,65.7,2.4927,1392053,1.11,12.8,15.0,2.67,4.62,1,-0.14,-0.1,-0.04
Day-693,google/gemma-2-9b-it,ENTJ,static,flat,123,0.92,flat,108.31,108.1251939065402,12294.606299712632,1993.5539432904943,95.10712174704219,BUY,0.25,"The price is below the 20-day SMA, indicating a potential short-term dip. The RSI suggests room for upward momentum, and the P/E ratio is reasonable.",108.52,103.55,56.5,2.1766,1205310,0.97,9.3,15.0,2.66,4.8,1,0.22,-0.05,0.27
Day-694,google/gemma-2-9b-it,ENTJ,static,flat,123,0.92,flat,107.55,108.09825597480219,12222.324887184881,1993.5539432904943,95.10712174704219,HOLD,0.0,"The price is slightly below the 20-day SMA, but the overall trend is still positive.  Further analysis is needed before entering a position.",108.68,103.69,50.8,1.8431,1086528,0.87,11.4,14.9,2.68,4.82,1,-0.21,-0.11,-0.09
Day-695,google/gemma-2-9b-it,ENTJ,static,flat,123,0.92,flat,108.18,107.91876405506413,12282.242373885518,1993.5539432904943,95.10712174704219,HOLD,0.0,"The price is slightly below the 20-day SMA, but the RSI is neutral and the P/E ratio is reasonable.  Further analysis is needed before entering a position.",108.91,103.75,49.6,1.6113,1370989,1.09,12.5,15.0,2.66,4.97,1,-0.1,-0.14,0.05
Day-696,google/gemma-2-9b-it,ENTJ,static,flat,123,0.92,flat,104.6,104.6967945112004,11941.758878031105,1594.8431546323955,98.91888836901254,BUY,0.2,"The price is below both the 20 and 60 day SMAs, indicating a potential buying opportunity. The RSI suggests oversold conditions, and the low implied volatility may present a favorable risk/reward profile.",108.94,103.74,33.2,1.1257,1367460,1.1,16.3,15.0,2.67,5.01,1,-0.09,-0.06,-0.02
Day-697,google/gemma-2-9b-it,ENTJ,static,flat,123,0.92,flat,107.01,107.00309981539942,12180.153399000428,1196.1323659742966,102.6448092049914,BUY,0.25,"The price is below both the 20 and 60 day SMA, indicating a potential buying opportunity. The RSI suggests oversold conditions, and the negative news sentiment may be creating a temporary dip.",109.03,103.84,38.6,0.9244,1331855,1.06,15.0,15.0,2.67,5.0,1,-0.77,-0.19,-0.58
Day-698,google/gemma-2-9b-it,ENTJ,static,flat,123,0.92,flat,108.81,109.35619508059833,12364.914055569412,956.9058927794373,104.84337986205288,BUY,0.2,"The price is below the 20-day SMA, indicating a potential buying opportunity. The RSI suggests the stock is oversold, and the P/E ratio is reasonable.",109.38,103.98,42.6,0.9002,1156010,0.93,11.5,14.9,2.68,5.19,1,0.03,-0.22,0.26
Day-699,google/gemma-2-9b-it,ENTJ,static,flat,123,0.92,flat,107.93,107.60258761575037,12272.651881290805,717.679419584578,107.05987641717991,BUY,0.25,"The price is below both the 20 and 60 day SMA, indicating a potential buying opportunity.  RSI is oversold and the P/E ratio is reasonable.",109.47,104.14,43.4,0.8006,1227206,0.99,14.5,15.0,2.66,5.12,1,-0.18,-0.22,0.04
Day-700,google/gemma-2-9b-it,ENTJ,static,flat,123,0.92,flat,109.17,109.38396840309107,12405.40612804811,717.679419584578,107.05987641717991,HOLD,0.0,The stock is slightly below the 20-day SMA and RSI is neutral.  Further analysis is needed to confirm a clear trend direction.,109.56,104.34,48.9,0.8124,1006156,0.81,10.3,15.0,2.67,5.01,1,0.18,-0.17,0.34
Day-701,google/gemma-2-9b-it,ENTJ,static,flat,123,0.92,flat,111.51,111.52189678938606,12655.92623886431,574.1435356676624,108.3470783176096,BUY,0.2,"The price is slightly below the 20-day SMA, indicating a potential buying opportunity. The RSI is in neutral territory, and the P/E ratio suggests the stock is fairly valued.",109.72,104.56,53.0,0.9987,1168961,0.95,9.4,15.0,2.67,4.94,1,0.08,-0.13,0.21
Day-702,google/gemma-2-9b-it,ENTJ,static,flat,123,0.92,flat,112.03,111.64117091387354,12712.266719589466,430.60765175074675,109.6283055238661,BUY,0.25,"The price is above both the 20 and 60 day SMAs, indicating an uptrend. The RSI is in neutral territory, suggesting potential for further upside.",109.81,104.73,52.8,1.1749,1243751,1.01,14.5,15.1,2.66,4.85,1,-0.24,-0.03,-0.21
Day-703,google/gemma-2-9b-it,ENTJ,static,flat,123,0.92,flat,109.53,109.57617005740168,12438.1959557798,322.95573881306007,110.61115874159354,BUY,0.25,"The price is below both the 20 and 60 day SMAs, indicating a potential buying opportunity. The RSI is oversold, suggesting a possible price rebound.",109.72,104.89,41.5,1.0999,1128845,0.91,17.2,15.0,2.67,4.6,1,0.14,-0.01,0.15
Day-704,google/gemma-2-9b-it,ENTJ,static,flat,123,0.92,flat,114.49,113.20355332746293,12986.827303138105,242.21680410979505,111.31636386608707,BUY,0.25,"The price is below both the 20 and 60 day SMAs, indicating a potential buying opportunity. The RSI is in neutral territory, suggesting room for upward movement.",109.86,105.16,52.6,1.4244,1281712,1.04,19.4,15.2,2.64,4.47,1,-0.15,0.0,-0.15
Day-705,google/gemma-2-9b-it,ENTJ,static,flat,123,0.92,flat,113.63,114.10350599343049,12891.095230213268,181.6626030823463,111.84927067791008,BUY,0.25,"The price is above both the 20 and 60 day SMAs, suggesting an uptrend.  RSI is in neutral territory, indicating potential for further upside.",110.01,105.43,52.6,1.5936,1133856,0.92,16.0,14.9,2.68,4.34,1,-0.21,-0.07,-0.13
Day-706,google/gemma-2-9b-it,ENTJ,static,flat,123,0.92,flat,113.66,113.56612139663697,12894.450708333607,136.2469523117597,112.24884529317127,BUY,0.25,"The price is above both the 20 and 60 day SMAs, RSI is above 60 indicating potential upward momentum, and the P/E ratio is reasonable.",110.22,105.67,62.0,1.7111,1324040,1.07,12.3,15.0,2.66,4.3,1,-0.44,-0.18,-0.26
Day-707,google/gemma-2-9b-it,ENTJ,static,flat,123,0.92,flat,115.59,115.36974476036373,13111.090979749428,115.80990946499576,112.42565161592206,BUY,0.15,"The price is above both the 20 and 60 day SMAs, RSI is in bullish territory, and the P/E ratio is reasonable.  Implied volatility suggests potential for price movement.",110.48,105.95,64.9,1.9374,1289665,1.03,16.1,15.0,2.66,4.28,1,0.13,-0.1,0.24
Day-708,google/gemma-2-9b-it,ENTJ,static,flat,123,0.92,flat,118.72,119.20996049461891,13462.983269307264,86.85743209874681,112.6695235613925,BUY,0.25,"The price is above both the 20 and 60 day SMAs, RSI is high indicating potential overbought conditions, but the P/E ratio is reasonable.  A small buy position is warranted to capitalize on the upward trend.",110.88,106.28,70.8,2.342,1431982,1.14,14.5,14.9,2.68,4.33,1,-0.05,-0.14,0.1
Day-709,google/gemma-2-9b-it,ENTJ,static,flat,123,0.92,flat,118.11,118.0659196284398,13394.254859934814,65.14307407406011,112.85337216036537,BUY,0.25,"The price is above both the 20 and 60 day SMAs, RSI is showing moderate overbought conditions, but the P/E ratio is reasonable.  A small buy position is warranted to capitalize on the upward trend.",111.12,106.59,68.5,2.5842,1097182,0.89,16.7,15.0,2.67,4.25,1,-0.15,-0.14,-0.01
Day-710,google/gemma-2-9b-it,ENTJ,static,flat,123,0.92,flat,119.66,119.74584762303104,13569.17758678338,2765.9499766159242,90.28269772829229,SELL,0.2,"The RSI is significantly overbought, indicating potential for a price correction.  The price is also above both the 20 and 60 day SMAs, suggesting a potential overextension.",111.45,107.02,80.4,2.8677,1379668,1.1,13.3,15.0,2.67,4.14,1,-0.47,-0.2,-0.27
Day-711,google/gemma-2-9b-it,ENTJ,static,flat,123,0.92,flat,124.62,124.52851971937677,14016.97976751571,5578.707424340871,67.71202329621921,SELL,0.25,RSI is overbought and the price is above both the 20 and 60 day SMAs. Profit taking is recommended.,112.07,107.54,82.2,3.4531,1437045,1.15,12.5,15.0,2.66,4.21,1,0.33,-0.04,0.37
Day-712,google/gemma-2-9b-it,ENTJ,static,flat,123,0.92,flat,122.02,121.81499593568323,13840.928506945538,7644.262694992038,50.78401747216441,SELL,0.25,"The RSI is significantly overbought, indicating potential for a price correction.  The price is also above both the 20 and 60 day SMAs, suggesting a potential overvaluation.",112.76,108.07,73.5,3.6649,1021038,0.83,13.7,15.0,2.66,4.34,1,-0.08,-0.08,0.0
Day-713,google/gemma-2-9b-it,ENTJ,static,flat,123,0.92,flat,121.04,120.52032311469243,13791.160169822819,10717.711432407428,25.392008736082204,SELL,0.5,"RSI is overbought and the price is above both the 20 and 60 day SMAs, indicating potential for a correction.  Taking profits while the trend is still positive.",113.39,108.54,73.2,3.7108,1208656,0.98,11.2,15.1,2.66,4.47,1,0.1,-0.06,0.16
Day-714,google/gemma-2-9b-it,ENTJ,static,flat,123,0.92,flat,119.25,119.12356236970301,13745.70847418523,8038.283574305571,47.861005449724615,BUY,0.25,"The price is above both the 20 and 60 day SMAs, RSI is above 60 indicating potential overbought conditions, but the P/E ratio is reasonable.  A small buy position is warranted to capitalize on the upward trend.",113.98,109.02,67.5,3.5616,1173760,0.95,13.2,15.0,2.66,4.55,1,0.09,-0.01,0.1
Day-715,google/gemma-2-9b-it,ENTJ,static,flat,123,0.92,flat,118.98,118.78257854255973,13732.786002713805,6028.712680729179,64.75099446952956,BUY,0.25,"The price is above both the 20 and 60 day SMAs, RSI is in bullish territory, and the P/E ratio is reasonable.  Volume is slightly below average, suggesting potential for further upside.",114.52,109.5,64.0,3.3823,1011291,0.83,10.6,15.0,2.66,4.58,1,-0.41,0.01,-0.42
Day-716,google/gemma-2-9b-it,ENTJ,static,flat,123,0.92,flat,118.75,118.32029080609377,13717.893273985814,4521.534510546884,77.44302116580151,BUY,0.25,"The price is above both the 20 and 60 day SMAs, RSI is above 60 indicating upward momentum, and the P/E ratio is reasonable.  A small position is warranted to capitalize on the current trend.",115.23,109.98,62.7,3.1857,1386411,1.13,8.7,15.1,2.66,4.77,1,0.21,-0.02,0.23
Day-717,google/gemma-2-9b-it,ENTJ,static,flat,123,0.92,flat,118.67,119.0699558865975,13711.69783229255,3391.150882910163,86.96845832461773,BUY,0.25,"The price is above both the 20 and 60 day SMAs, RSI is above 60 indicating potential overbought conditions, but the P/E ratio is reasonable.  A small buy position is warranted to capitalize on the upward trend.",115.81,110.45,69.1,2.9888,1439247,1.17,7.5,15.0,2.68,4.85,1,-0.08,-0.02,-0.06
Day-718,google/gemma-2-9b-it,ENTJ,static,flat,123,0.92,flat,117.09,117.16739919434495,13574.287668139654,2543.3631621826225,94.20893762026672,BUY,0.25,"The price is above both the 20 and 60 day SMA, RSI is in a healthy range, and the P/E ratio suggests undervaluation.  Implied volatility is moderate, indicating potential for future price movement.",116.22,110.88,56.3,2.6744,1382925,1.12,8.5,15.0,2.67,4.82,1,-0.06,-0.05,-0.01
Day-719,google/gemma-2-9b-it,ENTJ,static,flat,123,0.92,flat,115.77,115.75205016287539,13449.931870480901,2543.3631621826225,94.20893762026672,HOLD,0.0,"The price is slightly below the 20-day SMA, but the RSI is not oversold.  Further analysis is needed to confirm a potential entry point.",116.61,111.23,55.1,2.2918,1362308,1.09,12.0,15.0,2.67,4.84,1,-0.58,-0.19,-0.4
Day-720,google/gemma-2-9b-it,ENTJ,static,flat,123,0.92,flat,115.92,116.48659645279335,13464.063211123941,2543.3631621826225,94.20893762026672,HOLD,0.0,"The stock is slightly below the 20-day SMA, but the overall trend is still positive. RSI is in neutral territory and further analysis is needed.",116.95,111.51,55.3,1.9783,1177076,0.94,10.9,14.9,2.68,4.88,1,0.37,-0.03,0.4
Day-721,google/gemma-2-9b-it,ENTJ,static,flat,123,0.92,flat,116.91,116.88311889460819,13557.330059368005,2543.3631621826225,94.20893762026672,HOLD,0.0,"The stock is slightly below the 20-day SMA, but the overall trend is still upward.  Further analysis is needed before entering a position.",117.22,111.73,53.2,1.7886,1122438,0.9,8.7,15.0,2.67,4.91,1,0.03,-0.06,0.09
Day-722,google/gemma-2-9b-it,ENTJ,static,flat,123,0.92,flat,118.34,118.98007568290967,13692.048840164987,2034.690529746098,98.50733742114998,BUY,0.2,"The price is above both the 20 and 60 day SMAs, indicating an upward trend. The RSI is neutral, suggesting potential for further upside.",117.54,112.0,49.0,1.734,1248519,1.0,8.2,14.9,2.68,4.94,1,-0.06,-0.06,-0.0
Day-723,google/gemma-2-9b-it,ENTJ,static,flat,123,0.92,flat,120.17,119.99416881053506,13872.31726764569,1526.0178973095735,102.74027935704517,BUY,0.25,"The price is above both the 20 and 60 day SMAs, indicating an upward trend. RSI is above 50, suggesting positive momentum.",118.07,112.36,55.2,1.8175,1050313,0.84,7.5,15.0,2.66,5.08,1,-0.21,-0.09,-0.12
Day-724,google/gemma-2-9b-it,ENTJ,static,flat,123,0.92,flat,121.53,121.8974455610429,14012.044047571271,1144.5134229821801,105.87945877222984,BUY,0.25,"The price is above both the 20 and 60 day SMAs, indicating a bullish trend.  RSI is in neutral territory, suggesting potential for further upside.",118.42,112.71,54.8,1.9705,1319581,1.06,7.5,15.0,2.67,5.07,1,-0.02,0.02,-0.04
Day-725,google/gemma-2-9b-it,ENTJ,static,flat,123,0.92,flat,118.73,119.1783416167573,13715.58156300903,858.3850672366351,108.2893665945624,BUY,0.25,"The price is slightly below the 20-day SMA and RSI is in oversold territory, suggesting a potential buying opportunity.  The P/E ratio is reasonable and implied volatility is moderate.",118.68,113.01,33.1,1.8451,1305019,1.04,10.6,14.9,2.68,5.02,1,0.19,-0.01,0.21
Day-726,google/gemma-2-9b-it,ENTJ,static,flat,123,0.92,flat,118.48,118.30342401467749,13688.50922136039,686.7080537893081,109.73836231913471,BUY,0.2,"The price is below both the 20 and 60 day SMAs, indicating a potential oversold condition. The RSI is also low, suggesting a possible rebound.",118.92,113.3,38.2,1.7056,1451085,1.15,10.2,15.0,2.66,4.96,1,-0.02,-0.02,0.0
Day-727,google/gemma-2-9b-it,ENTJ,static,flat,123,0.92,flat,122.32,122.79549299833512,14109.904532665863,515.0310403419811,111.14186962331495,BUY,0.25,"The price is above both the 20 and 60 day SMAs, RSI is in neutral territory, and the P/E ratio is reasonable.  Increased volume suggests potential for further upward movement.",119.25,113.64,53.6,1.8833,1453107,1.14,8.5,14.9,2.68,4.94,1,0.14,0.02,0.12
Day-728,google/gemma-2-9b-it,ENTJ,static,flat,123,0.92,flat,124.44,123.79932080437199,14345.525296267291,412.0248322735849,111.96962764379386,BUY,0.2,"The price is above both the 20 and 60 day SMAs, RSI is above 60 indicating potential upward momentum, and the P/E ratio is reasonable.",119.54,114.09,64.2,2.1697,1483059,1.16,9.3,15.1,2.65,4.77,1,-0.33,-0.01,-0.32
Day-729,google/gemma-2-9b-it,ENTJ,static,flat,123,0.92,flat,125.73,125.7014603454929,14489.96611592779,309.01862420518864,112.78889279982978,BUY,0.25,"The price is above both the 20 and 60 day SMAs, RSI is above 60 indicating potential overbought conditions, but the P/E ratio is reasonable.  A small buy order is warranted to capitalize on the upward trend.",119.92,114.48,67.5,2.4727,1034088,0.81,7.9,15.0,2.67,4.75,1,-0.55,-0.11,-0.44
Day-730,google/gemma-2-9b-it,ENTJ,static,flat,123,0.92,flat,126.38,126.42691927384877,14563.278896247675,247.2148993641509,113.27792369744837,BUY,0.2,"The price is above both the 20 and 60 day SMAs, RSI is above 60 indicating potential upward momentum, and the P/E ratio is reasonable.",120.26,114.87,69.4,2.7336,1362487,1.07,14.7,15.0,2.67,4.69,1,-0.23,-0.2,-0.03
Day-731,google/gemma-2-9b-it,ENTJ,static,flat,123,0.92,flat,128.26,127.54524254101163,14776.241392798878,3879.4715227228326,84.95844277308628,SELL,0.25,"The RSI is at 72.3, indicating potential overbought conditions.  The price is also above both the 20 and 60 day SMAs, suggesting a possible trend reversal.",120.44,115.27,72.3,3.0571,1156686,0.92,17.9,15.1,2.65,4.49,1,-0.11,-0.22,0.11
Day-732,google/gemma-2-9b-it,ENTJ,static,flat,123,0.92,flat,126.95,126.99567923202792,14664.945832766134,6575.840100233658,63.7188320798147,SELL,0.25,RSI is overbought and the price is above both the 20 and 60 day SMAs.  Profit taking is warranted.,120.69,115.6,73.2,3.1713,1365316,1.07,15.5,15.0,2.67,4.4,1,-0.31,-0.31,-0.01
Day-733,google/gemma-2-9b-it,ENTJ,static,flat,123,0.92,flat,136.56,136.43995782570155,15277.283809053155,8316.128841997557,50.975065663851765,SELL,0.2,"The RSI is significantly overbought, indicating potential for a price correction.  The stock is also trading above both the 20 and 60 day SMAs, suggesting a potential overvaluation.",121.46,116.1,85.2,3.9909,1280069,1.0,15.0,15.0,2.66,4.61,1,-0.02,-0.24,0.22
Day-734,google/gemma-2-9b-it,ENTJ,static,flat,123,0.92,flat,135.33,135.40381420658625,15214.584478286615,11765.356660142086,25.487532831925883,SELL,0.5,"The RSI is significantly overbought, indicating potential for a price correction.  The P/E ratio is also elevated, suggesting the stock may be overpriced.",122.27,116.58,81.7,4.4897,1491055,1.15,13.5,15.0,2.67,4.88,1,-0.08,-0.15,0.07
Day-735,google/gemma-2-9b-it,ENTJ,static,flat,123,0.92,flat,135.14,135.34067329627283,15209.74184704855,13487.549253595318,12.743766415962941,SELL,0.5,"The RSI is overbought, indicating potential for a price correction.  The trend is also weakening, suggesting a shift in momentum.",123.07,117.07,80.6,4.8142,1236102,0.95,11.8,15.0,2.67,5.13,1,-0.57,-0.22,-0.35
Day-736,google/gemma-2-9b-it,ENTJ,static,flat,123,0.92,flat,129.11,128.9723936998478,15132.896935560293,10115.661940196489,38.860157968893226,BUY,0.25,"The price is above both the 20 and 60 day SMAs, RSI is above 60 indicating potential overbought conditions but the P/E ratio is reasonable.  A small position is warranted to capitalize on the upward trend.",123.59,117.46,65.7,4.5322,1059358,0.82,11.1,15.0,2.66,5.22,1,0.22,-0.15,0.37
Day-737,google/gemma-2-9b-it,ENTJ,static,flat,123,0.92,flat,132.11,131.8973162002019,15249.477409466974,7586.746455147367,58.002656531069604,BUY,0.25,"The price is above both the 20 and 60 day SMAs, indicating an uptrend. The RSI suggests the stock is not overbought, and the positive volume ratio indicates buying pressure.",124.26,117.9,66.8,4.499,1314033,1.02,12.1,15.0,2.66,5.4,1,-0.07,-0.1,0.03
Day-738,google/gemma-2-9b-it,ENTJ,static,flat,123,0.92,flat,130.01,130.48765874556824,15127.671830751726,5690.059841360525,72.59143134675179,BUY,0.25,"The price is above both the 20 and 60 day SMAs, RSI is above 60 indicating bullish momentum, and the P/E ratio is reasonable.",124.91,118.28,61.7,4.2544,1220306,0.96,11.2,14.9,2.68,5.61,1,-0.35,-0.17,-0.18
Day-739,google/gemma-2-9b-it,ENTJ,static,flat,123,0.92,flat,130.02,130.36820214444512,15128.397745065191,4267.544881020393,83.53217092789416,BUY,0.25,"The price is above both the 20 and 60 day SMAs, RSI is in positive territory, and the P/E ratio is reasonable.  A small position is warranted to capitalize on the upward trend.",125.62,118.62,66.8,4.0146,1165843,0.92,12.0,15.0,2.67,5.91,1,-0.46,-0.24,-0.21
Day-740,google/gemma-2-9b-it,ENTJ,static,flat,123,0.92,flat,128.76,129.03735810550907,15023.147209696044,3200.6586607652953,91.8180222812267,BUY,0.25,"The price is above both the 20 and 60 day SMAs, RSI is in bullish territory, and the P/E ratio is reasonable.  This suggests an upward trend with room for further growth.",126.26,118.93,64.9,3.6807,1302329,1.02,12.6,15.0,2.67,6.17,1,0.68,0.01,0.68
Day-741,google/gemma-2-9b-it,ENTJ,static,flat,123,0.92,flat,128.71,128.71855815921379,15018.556308581985,2400.4939955739715,98.03482490100235,BUY,0.25,"The price is above both the 20 and 60 day SMAs, RSI is above 50, and volume is positive. This suggests an upward trend with potential for further growth.",126.85,119.26,60.4,3.373,1424136,1.11,11.1,15.0,2.67,6.37,1,-0.15,-0.07,-0.08
Day-742,google/gemma-2-9b-it,ENTJ,static,flat,123,0.92,flat,128.13,128.0272791124959,14961.696110139403,1800.3704966804785,102.71853284522692,BUY,0.25,"The price is above both the 20 and 60 day SMAs, RSI is in a healthy range, and the P/E ratio is reasonable.  A small buy position is warranted to capitalize on the upward trend.",127.34,119.65,56.3,3.0475,1121281,0.88,9.1,15.0,2.66,6.43,1,-0.64,-0.18,-0.46
Day-743,google/gemma-2-9b-it,ENTJ,static,flat,123,0.92,flat,129.02,127.95549699826336,15053.115604371655,1440.2963973443827,105.50937224482462,BUY,0.2,"The price is above both the 20 and 60 day SMA, RSI is in a healthy range, and the P/E ratio is reasonable.  Implied volatility suggests potential for price movement.",127.79,120.07,55.7,2.8285,1337354,1.03,14.8,15.1,2.64,6.43,1,-0.44,-0.2,-0.24
Day-744,google/gemma-2-9b-it,ENTJ,static,flat,123,0.92,flat,128.01,127.85879540749958,14946.55113840438,1152.237117875506,107.75965956197857,BUY,0.2,The price is slightly below the 20-day SMA and RSI suggests moderate bullish momentum.  A small buy position is warranted to capitalize on potential upward trend continuation.,128.11,120.48,52.8,2.5442,1367607,1.05,16.4,15.0,2.66,6.34,1,0.02,-0.1,0.13
Day-745,google/gemma-2-9b-it,ENTJ,static,flat,123,0.92,flat,127.41,127.50331801171353,14881.895342667196,864.1778384066296,110.02054394679041,BUY,0.25,"The price is below both the 20 and 60 day SMA, indicating a potential buying opportunity.  RSI is neutral and the P/E ratio is reasonable.",128.54,120.86,48.5,2.2445,1481357,1.13,16.4,15.0,2.67,6.36,1,-0.22,-0.28,0.06
Day-746,google/gemma-2-9b-it,ENTJ,static,flat,123,0.92,flat,126.77,127.1140663194891,14811.48219454125,864.1778384066296,110.02054394679041,HOLD,0.0,"The price is below the 20-day SMA, indicating a potential short-term downtrend.  Further analysis is needed to confirm the trend and identify a suitable entry point.",128.96,121.31,49.7,1.933,1108381,0.86,14.6,15.0,2.67,6.31,1,-0.07,-0.27,0.2
Day-747,google/gemma-2-9b-it,ENTJ,static,flat,123,0.92,flat,131.04,130.52375128636808,15281.269917194044,648.1333788049722,111.66923487781649,BUY,0.25,"The price is below both the 20 and 60 day SMAs, indicating a potential buying opportunity. The RSI suggests oversold conditions, and the low implied volatility could present a favorable risk/reward profile.",129.39,121.79,37.4,2.0077,1257025,0.98,15.7,15.1,2.66,6.25,1,-0.01,-0.14,0.13
Day-748,google/gemma-2-9b-it,ENTJ,static,flat,123,0.92,flat,132.88,132.88492801087693,15486.741309369227,518.5067030439777,112.64475170323036,BUY,0.2,"The price is below both the 20 and 60 day SMAs, indicating a potential buying opportunity. The RSI is in neutral territory, suggesting room for upward movement.",129.82,122.27,44.5,2.19,1350239,1.06,16.8,15.0,2.67,6.17,1,-0.01,-0.06,0.05
Day-749,google/gemma-2-9b-it,ENTJ,static,flat,123,0.92,flat,135.49,135.30512282343153,15780.74411131466,518.5067030439777,112.64475170323036,HOLD,0.0,"The price is slightly above the 20-day SMA but below the 60-day SMA, indicating a potential short-term pullback.  RSI is neutral and the P/E ratio is reasonable, suggesting further analysis is needed.",130.3,122.82,50.7,2.5167,1024499,0.81,16.6,15.0,2.66,6.09,1,-0.01,-0.07,0.05
Day-750,google/gemma-2-9b-it,ENTJ,static,flat,123,0.92,flat,133.38,133.3774954584865,15543.063685220843,414.8053624351822,113.4222396370195,BUY,0.2,"The price is above both the 20 and 60 day SMAs, RSI is in a healthy range, and the P/E ratio is reasonable.  Volume is slightly above average, suggesting continued upward momentum.",130.65,123.3,60.2,2.575,1435021,1.13,11.7,15.0,2.67,5.96,1,-0.05,-0.03,-0.02
Day-751,google/gemma-2-9b-it,ENTJ,static,flat,123,0.92,flat,137.0,136.81365756075442,15953.652192706853,311.10402182638666,114.1791837290545,BUY,0.25,"The price is above both the 20 and 60 day SMAs, RSI is above 60 indicating upward momentum, and the P/E ratio is reasonable.  This suggests a strong upward trend with potential for further growth.",131.09,123.81,61.3,2.8807,1170531,0.92,10.4,15.0,2.66,5.88,1,0.48,0.08,0.41
Day-752,google/gemma-2-9b-it,ENTJ,static,flat,123,0.92,flat,140.17,139.987443088192,16315.600205127954,311.10402182638666,114.1791837290545,HOLD,0.0,The stock is overbought (RSI 72.4) and the price is above both the 20 and 60 day moving averages.  Waiting for a pullback before considering a buy.,131.75,124.38,72.4,3.3399,1337877,1.05,11.4,15.0,2.66,5.93,1,-0.11,0.06,-0.17
Day-753,google/gemma-2-9b-it,ENTJ,static,flat,123,0.92,flat,138.65,138.4881330190421,16142.047845859792,233.32801636979,114.74013580591419,BUY,0.25,"The price is above both the 20 and 60 day SMAs, RSI is above 60 indicating potential overbought conditions, but the P/E ratio is reasonable.  A small buy position is recommended to capitalize on the current trend.",131.86,124.96,67.9,3.5406,1202098,0.95,13.3,15.0,2.66,5.52,1,0.33,0.13,0.2
Day-754,google/gemma-2-9b-it,ENTJ,static,flat,123,0.92,flat,142.82,142.81665576696517,16620.514212170456,4330.124565319956,86.05510185443565,SELL,0.25,"The RSI is significantly overbought, indicating potential for a price correction.  The trend is weakening, with the shorter SMA crossing below the longer SMA.",132.23,125.53,76.0,3.9898,1448908,1.14,16.9,15.0,2.67,5.34,1,0.06,0.14,-0.08
Day-755,google/gemma-2-9b-it,ENTJ,static,flat,123,0.92,flat,140.96,140.9206775160223,16460.451722721205,6756.189996800205,68.84408148354852,SELL,0.2,"RSI is overbought and the price is above both the 20 and 60 day SMA, indicating potential for a correction.  Taking profits and waiting for a better entry point.",132.52,126.07,71.2,4.148,1403540,1.1,12.6,15.0,2.67,5.12,1,0.29,0.21,0.07
Day-756,google/gemma-2-9b-it,ENTJ,static,flat,123,0.92,flat,136.06,135.8642906265741,16123.115723451818,5067.1424976001545,81.25807162907293,BUY,0.25,"The price is above both the 20 and 60 day SMAs, RSI is above 60 indicating upward momentum, and the P/E ratio is reasonable.  This suggests a continued upward trend.",132.87,126.52,61.9,3.8341,1233688,0.96,15.7,15.0,2.66,5.02,1,0.17,0.15,0.02
Day-757,google/gemma-2-9b-it,ENTJ,static,flat,123,0.92,flat,138.15,138.93233891480656,16292.94509315658,3800.356873200116,90.42771060410035,BUY,0.25,"The price is above both the 20 and 60 day SMAs, RSI is above 60 indicating potential upward momentum, and the P/E ratio is reasonable.",133.17,126.97,63.3,3.7106,1474278,1.14,12.2,14.9,2.68,4.88,1,0.34,0.24,0.1
Day-758,google/gemma-2-9b-it,ENTJ,static,flat,123,0.92,flat,138.63,138.64222147514596,16336.350394246547,2850.267654900087,97.28112774541196,BUY,0.25,"The price is above both the 20 and 60 day SMAs, RSI is above 60 indicating bullish momentum, and the P/E ratio is reasonable.  Adding a position with a moderate allocation.",133.6,127.37,65.7,3.6103,1384545,1.06,9.1,15.0,2.67,4.89,1,0.76,0.32,0.44
Day-759,google/gemma-2-9b-it,ENTJ,static,flat,123,0.92,flat,141.67,141.42012921964962,16632.085022592597,2137.7007411750656,102.31089349486507,BUY,0.25,"The price is above both the 20 and 60 day SMAs, RSI is in bullish territory, and the P/E ratio is reasonable.  A small position is warranted to capitalize on the upward trend.",134.19,127.84,69.6,3.7326,1216423,0.93,7.5,15.0,2.66,4.96,1,-0.02,0.31,-0.33
Day-760,google/gemma-2-9b-it,ENTJ,static,flat,123,0.92,flat,139.18,139.3447469834495,16377.330897790387,1710.1605929400525,105.38274396357475,BUY,0.2,"The price is above both the 20 and 60 day SMAs, RSI is in the bullish zone, and the P/E ratio is reasonable.  Increased volume suggests growing interest.",134.71,128.23,66.3,3.5878,1443443,1.1,10.1,15.0,2.67,5.05,1,0.13,0.28,-0.14
Day-761,google/gemma-2-9b-it,ENTJ,static,flat,123,0.92,flat,135.27,135.91309259230295,15965.284368892811,1282.6204447050395,108.54338673902396,BUY,0.25,"The price is above both the 20 and 60 day SMA, RSI is in a healthy range, and the P/E ratio is reasonable.  This suggests an upward trend with potential for further growth.",135.03,128.44,55.6,3.121,1264602,0.97,9.3,14.9,2.68,5.13,1,0.57,0.36,0.21
Day-762,google/gemma-2-9b-it,ENTJ,static,flat,123,0.92,flat,138.9,139.34503062520147,16359.29686275547,961.9653335287796,110.8519188569236,BUY,0.25,"The price is above both the 20 and 60 day SMAs, indicating an upward trend. The RSI is above 50, suggesting positive momentum.",135.57,128.78,57.6,3.0094,1279605,0.98,9.7,15.0,2.68,5.27,1,0.07,0.3,-0.23
Day-763,google/gemma-2-9b-it,ENTJ,static,flat,123,0.92,flat,135.54,135.51844017604543,15986.834415396204,961.9653335287796,110.8519188569236,HOLD,0.0,"The price is slightly below the 20-day SMA, but the RSI is neutral and the P/E ratio is reasonable.  Further analysis is needed before entering a position.",135.9,129.07,50.1,2.6196,1054857,0.81,7.6,15.0,2.67,5.29,1,-0.79,-0.01,-0.78
Day-764,google/gemma-2-9b-it,ENTJ,static,flat,123,0.92,flat,131.08,131.39224823851845,15492.434857294327,769.5722668230237,112.31967188336361,BUY,0.2,"The price is below both the 20 and 60 day SMA, indicating a potential buying opportunity. The RSI suggests the stock is oversold, and the positive volume ratio indicates buying pressure.",136.05,129.31,47.3,1.929,1446726,1.11,12.9,15.0,2.67,5.22,1,-0.13,-0.03,-0.1
Day-765,google/gemma-2-9b-it,ENTJ,static,flat,123,0.92,flat,126.51,126.46623719211564,14979.133956787353,577.1792001172678,113.84044547205822,BUY,0.25,"The price is below both the 20 and 60 day SMA, indicating a potential buying opportunity. The RSI suggests oversold conditions, and the low implied volatility may present a favorable risk/reward profile.",136.01,129.46,38.0,1.0015,1196011,0.93,10.7,15.0,2.67,5.06,1,-0.11,-0.08,-0.03
Day-766,google/gemma-2-9b-it,ENTJ,static,flat,123,0.92,flat,119.62,119.62788026220927,14194.773287484872,432.88440008795084,115.04672201468752,BUY,0.25,"The price is significantly below both the 20 and 60 day SMAs, indicating a potential buying opportunity. The low RSI suggests oversold conditions, and the positive news sentiment adds further support.",135.65,129.48,28.3,-0.2866,1240155,0.96,14.3,15.0,2.67,4.77,1,0.04,-0.18,0.22
Day-767,google/gemma-2-9b-it,ENTJ,static,flat,123,0.92,flat,116.99,117.20257398663092,13892.200408586245,324.66330006596314,115.97176774527978,BUY,0.25,The stock is oversold with a low RSI and is trading below both the 20 and 60 day SMAs.  The P/E ratio suggests potential undervaluation.,134.95,129.44,27.6,-1.5024,1493880,1.14,13.7,15.0,2.67,4.25,1,-0.19,-0.24,0.04
Day-768,google/gemma-2-9b-it,ENTJ,static,flat,123,0.92,flat,111.95,112.25978340157954,13307.702699150035,243.49747504947237,116.69678628048737,BUY,0.25,"The RSI is oversold and the price is below both the 20 and 60 day SMAs, indicating a potential buying opportunity. The P/E ratio is reasonable and the news sentiment is positive.",133.9,129.34,18.7,-2.8397,1412878,1.08,10.2,15.0,2.67,3.53,1,0.7,0.06,0.64
Day-769,google/gemma-2-9b-it,ENTJ,static,flat,123,0.92,flat,112.28,112.21352958827286,13346.212638622595,182.6231062871043,117.23895201581306,BUY,0.25,"The price is significantly below both the 20 and 60 day SMAs, indicating a potential buying opportunity. The low RSI suggests oversold conditions, and the positive news sentiment adds further support.",132.74,129.27,20.0,-3.8286,1057587,0.81,10.6,15.0,2.67,2.69,1,0.66,0.22,0.44
Day-770,google/gemma-2-9b-it,ENTJ,static,flat,123,0.92,flat,107.36,107.33719380728137,12769.396994704792,136.96732971532822,117.66421073946968,BUY,0.25,The stock is significantly undervalued based on the P/E ratio and RSI suggests oversold conditions.  A potential trend reversal is indicated by the SMA crossover.,131.44,129.1,20.0,-4.9527,1386692,1.06,8.5,15.0,2.67,1.81,0,-0.49,0.14,-0.63
Day-771,google/gemma-2-9b-it,ENTJ,static,flat,123,0.92,flat,105.01,105.04509718967165,12492.88609946704,102.72549728649616,117.99029237387433,BUY,0.25,"The RSI is oversold and the price is below both the 20 and 60 day SMA, indicating potential for a rebound.  The P/E ratio suggests the stock is undervalued.",129.84,128.86,15.6,-5.9638,1117773,0.86,7.5,15.0,2.67,0.76,0,-0.28,0.08,-0.36
Day-772,google/gemma-2-9b-it,ENTJ,static,flat,123,0.92,flat,110.45,110.09360901152859,13134.753289980916,77.04412296487212,118.22280821200583,BUY,0.25,"The price is significantly below both the 20 and 60 day SMA, indicating a potential buying opportunity. The low RSI suggests oversold conditions, and the positive news sentiment adds further support.",128.35,128.7,23.4,-6.2544,1082842,0.84,12.2,15.0,2.66,-0.27,0,0.32,0.18,0.14
Day-773,google/gemma-2-9b-it,ENTJ,static,flat,123,0.92,flat,110.95,110.88941902284934,13193.864694086918,57.78309222365409,118.39640921012406,BUY,0.25,"The RSI is oversold and the price is below both the 20 and 60 day SMAs, indicating a potential buying opportunity. The P/E ratio is reasonable and the negative news sentiment may be overblown.",126.97,128.52,19.6,-6.3708,1410230,1.08,9.3,15.0,2.67,-1.21,0,-0.24,-0.01,-0.24
Day-774,google/gemma-2-9b-it,ENTJ,static,flat,123,0.92,flat,110.86,111.0398996732573,13183.209017258006,43.33731916774057,118.52671566020446,BUY,0.25,"The price is significantly below both the 20 and 60 day SMAs, indicating a potential buying opportunity. The low RSI suggests oversold conditions, further supporting a potential rebound.",125.37,128.3,20.6,-6.3969,1268660,0.98,9.2,15.0,2.67,-2.29,-1,-0.12,-0.16,0.04
Day-775,google/gemma-2-9b-it,ENTJ,static,flat,123,0.92,flat,107.4,107.53050272869125,12773.1065810737,32.50298937580543,118.62759396366754,BUY,0.25,"The price is significantly below both the 20 and 60 day SMAs, indicating a potential buying opportunity. The low RSI suggests oversold conditions, further supporting a potential rebound.",123.69,128.08,20.8,-6.6203,1235938,0.96,11.0,15.0,2.67,-3.42,-1,-0.24,-0.11,-0.12
Day-776,google/gemma-2-9b-it,ENTJ,static,flat,123,0.92,flat,107.02,107.03571890669427,12728.028095367505,24.37724203185407,118.70352133559756,BUY,0.25,"The price is significantly below both the 20 and 60 day SMAs, indicating a potential buying opportunity. The low RSI suggests oversold conditions, and the positive news sentiment further supports a bullish outlook.",122.24,127.85,14.1,-6.7504,1054140,0.83,9.3,15.0,2.67,-4.39,-1,0.42,0.03,0.4
Day-777,google/gemma-2-9b-it,ENTJ,static,flat,123,0.92,flat,107.2,107.17090160909892,12749.394729207914,18.282931523890554,118.76037124705245,BUY,0.25,"The RSI is oversold and the price is below both the 20 and 60 day SMAs, suggesting a potential buying opportunity.  The P/E ratio is reasonable and the implied volatility is moderate.",120.69,127.55,15.7,-6.7607,1047141,0.83,7.5,15.0,2.67,-5.37,-1,-0.02,-0.04,0.02
Day-778,google/gemma-2-9b-it,ENTJ,static,flat,123,0.92,flat,104.33,103.81610944556738,12408.552463728873,13.712198642917915,118.80418158809503,BUY,0.25,"The price is significantly below both the 20 and 60 day SMAs, indicating a potential oversold condition. The low RSI suggests room for a rebound, and the positive news sentiment adds to the bullish outlook.",118.98,127.14,16.3,-6.9209,1200317,0.96,11.5,15.1,2.65,-6.42,-1,0.38,0.08,0.29
Day-779,google/gemma-2-9b-it,ENTJ,static,flat,123,0.92,flat,105.06,104.1096602679402,12495.279516288181,10.284148982188437,118.83681103470391,BUY,0.25,"The RSI is oversold and the price is below both the 20 and 60 day SMA, indicating a potential buying opportunity.  The P/E ratio is reasonable and the implied volatility suggests potential for price movement.",117.15,126.73,20.1,-6.9092,1470415,1.17,16.9,15.1,2.64,-7.56,-1,-0.17,0.07,-0.25
Day-780,google/gemma-2-9b-it,ENTJ,static,flat,123,0.92,flat,106.36,106.65181023938577,12649.767370633295,7.713111736641328,118.8609840061739,BUY,0.25,"The price is significantly below both the 20 and 60 day SMA, indicating a potential oversold condition. The low RSI suggests further downside may be limited, presenting a buying opportunity.",115.51,126.33,28.1,-6.7174,1109818,0.89,18.6,15.0,2.67,-8.57,-1,0.24,0.17,0.07
Day-781,google/gemma-2-9b-it,ENTJ,static,flat,123,0.92,flat,105.5,105.94332232270858,12547.546924387987,5.784833802480996,118.8792615221375,BUY,0.25,"The price is significantly below both the 20 and 60 day SMAs, indicating a potential oversold condition. The low RSI suggests room for a rebound, making this a potentially good entry point.",114.02,125.88,29.8,-6.5597,1360403,1.09,13.2,14.9,2.68,-9.42,-1,-0.08,0.07,-0.15
Day-782,google/gemma-2-9b-it,ENTJ,static,flat,123,0.92,flat,105.38,105.55789061978516,12533.28141300533,4.338625351860747,118.89298526905931,BUY,0.25,"The price is below both the 20 and 60 day SMA, indicating a potential buying opportunity. The RSI suggests oversold conditions, and the low implied volatility may present a favorable risk/reward profile.",112.34,125.44,36.1,-6.3705,1267524,1.02,9.8,15.0,2.67,-10.44,-1,0.06,0.08,-0.03
Day-783,google/gemma-2-9b-it,ENTJ,static,flat,123,0.92,flat,101.64,101.36395964006036,12088.621648099048,3.2539690138955604,118.90365681901962,BUY,0.25,"The price is below both the 20 and 60 day SMAs, indicating a potential oversold condition. The RSI is also low, suggesting a possible bounce back.",110.65,124.75,30.3,-6.4478,1276034,1.02,20.0,15.0,2.66,-11.3,-1,-0.13,-0.02,-0.11
Day-784,google/gemma-2-9b-it,ENTJ,static,flat,123,0.92,flat,99.11,98.59621988493683,11787.79539634693,2.4404767604216704,118.9118647925185,BUY,0.25,"The price is significantly below both the 20 and 60 day SMAs, indicating a potential buying opportunity. The RSI suggests oversold conditions, and the negative news sentiment may be creating a temporary dip.",109.05,124.02,33.2,-6.6366,1475577,1.17,18.7,15.1,2.65,-12.07,-1,-0.08,0.0,-0.08
Day-785,google/gemma-2-9b-it,ENTJ,static,flat,123,0.92,flat,100.52,100.73434710366615,11955.46112570438,1.8303575703162527,118.91793442234446,BUY,0.25,"The price is below both the 20 and 60 day SMAs, indicating a potential buying opportunity. The RSI suggests oversold conditions, and the low implied volatility may present a favorable risk/reward profile.",107.75,123.33,40.5,-6.5967,1429974,1.13,15.6,15.0,2.67,-12.63,-1,-0.03,-0.05,0.02
Day-786,google/gemma-2-9b-it,ENTJ,static,flat,123,0.92,flat,99.0,99.44013572447655,11774.705865382417,1.3727681777371896,118.92255653742102,BUY,0.25,"The price is significantly below both the 20 and 60 day SMAs, indicating a potential buying opportunity. The low RSI suggests oversold conditions, further supporting a potential rebound.",106.72,122.73,20.9,-6.612,1424690,1.11,14.6,14.9,2.68,-13.04,-1,0.08,-0.02,0.1
Day-787,google/gemma-2-9b-it,ENTJ,static,flat,123,0.92,flat,97.79,97.63749399181798,11630.809571972139,1.0295761333028923,118.92606601737228,BUY,0.25,The stock is significantly undervalued based on the P/E ratio and RSI indicates oversold conditions.  The downward trend is likely a temporary dip and presents a buying opportunity.,105.76,122.04,17.8,-6.6448,1025963,0.82,12.0,15.0,2.66,-13.34,-1,0.24,0.02,0.22
Day-788,google/gemma-2-9b-it,ENTJ,static,flat,123,0.92,flat,96.54,96.3232687248335,11482.151989450424,0.7721820999771692,118.92873220789771,BUY,0.25,The stock is significantly undervalued based on the P/E ratio and RSI indicates oversold conditions.  The trend is showing potential for reversal.,104.99,121.37,16.8,-6.6943,1494118,1.19,10.5,15.0,2.66,-13.5,-1,-0.29,-0.02,-0.27
Day-789,google/gemma-2-9b-it,ENTJ,static,flat,123,0.92,flat,96.69,96.24149393308002,11499.991299281606,0.579136574982877,118.93072874864643,BUY,0.25,The stock is significantly undervalued based on the SMA and RSI indicators. The negative news sentiment presents a buying opportunity for a potential rebound.,104.21,120.7,20.7,-6.6452,1472070,1.15,12.9,15.1,2.65,-13.67,-1,-0.4,-0.08,-0.32
Day-790,google/gemma-2-9b-it,ENTJ,static,flat,123,0.92,flat,93.8,94.06558731180185,11156.281493198017,0.4343524312371577,118.93227228962454,BUY,0.25,"The price is significantly below both the 20 and 60 day SMAs, indicating a potential oversold condition. The low RSI suggests a possible reversal, warranting a small position.",103.53,120.0,18.2,-6.7615,1054372,0.83,12.6,15.0,2.67,-13.73,-1,0.38,0.0,0.38
Day-791,google/gemma-2-9b-it,ENTJ,static,flat,123,0.92,flat,94.49,94.3322011013075,11238.344761077858,0.3257643234278683,118.93342149173914,BUY,0.25,The stock is significantly undervalued based on the P/E ratio and RSI suggests oversold conditions.  The negative trend is likely a short-term correction and presents a buying opportunity.,103.0,119.32,20.1,-6.7204,1275247,1.0,14.4,15.0,2.66,-13.67,-1,0.61,0.11,0.5
Day-792,google/gemma-2-9b-it,ENTJ,static,flat,123,0.92,flat,91.0,91.82847667007051,10823.267120071689,0.24432324257090124,118.93431644867164,BUY,0.25,"The price is significantly below both the 20 and 60 day SMAs, indicating a potential buying opportunity. The low RSI suggests oversold conditions, and the low news sentiment could be a sign of future positive price movement.",102.03,118.58,19.6,-6.8897,1013220,0.8,15.2,14.9,2.69,-13.95,-1,0.29,0.12,0.17
Day-793,google/gemma-2-9b-it,ENTJ,static,flat,123,0.92,flat,93.25,93.28902344255951,11090.869332081202,0.20767475618526604,118.93470946193047,BUY,0.15,"The price is significantly below both the 20 and 60 day SMAs, indicating a potential buying opportunity. The oversold RSI suggests a possible trend reversal.",101.15,117.86,24.8,-6.7647,1053302,0.84,11.5,15.0,2.67,-14.18,-1,0.39,0.26,0.14
Day-794,google/gemma-2-9b-it,ENTJ,static,flat,123,0.92,flat,91.59,91.36489624954322,10893.437714374397,0.15575606713894952,118.93527632173007,BUY,0.25,The stock is oversold with a low RSI and a negative trend divergence. The P/E ratio is reasonable and the implied volatility suggests potential for a bounce.,100.18,117.13,18.9,-6.7219,1433544,1.14,9.5,15.0,2.66,-14.47,-1,-0.11,0.31,-0.42
Day-795,google/gemma-2-9b-it,ENTJ,static,flat,123,0.92,flat,94.4,93.83770089459574,11227.645840838459,0.11681705035421214,118.93568881131466,BUY,0.25,"The price is significantly below both the 20 and 60 day SMAs, indicating a potential buying opportunity. The low RSI suggests oversold conditions, and the positive news sentiment adds further support.",99.53,116.47,28.4,-6.3878,1021520,0.82,11.4,15.1,2.65,-14.54,-1,0.18,0.27,-0.09
Day-796,google/gemma-2-9b-it,ENTJ,static,flat,123,0.92,flat,93.96,93.84702384658732,11175.31413776148,0.0876127877656591,118.9359996272213,BUY,0.25,"The price is significantly below both the 20 and 60 day SMAs, indicating a potential oversold condition. The low RSI suggests further downside may be limited, presenting a buying opportunity.",98.88,115.82,28.0,-6.0884,1129289,0.9,11.1,15.0,2.66,-14.62,-1,0.13,0.18,-0.05
Day-797,google/gemma-2-9b-it,ENTJ,static,flat,123,0.92,flat,92.22,92.30083260905863,10968.365498410116,0.06570959082424432,118.9362371374896,BUY,0.25,"The price is significantly below both the 20 and 60 day moving averages, indicating a potential buying opportunity. The RSI suggests oversold conditions, and the low implied volatility could present a favorable risk/reward profile.",98.13,115.04,30.4,-5.923,1245816,0.99,9.9,15.0,2.67,-14.7,-1,0.05,0.13,-0.08
Day-798,google/gemma-2-9b-it,ENTJ,static,flat,123,0.92,flat,93.64,94.02703754256285,11137.25495514535,0.05256767265939546,118.93637748262165,BUY,0.2,"The price is below both the 20 and 60 day SMA, indicating a potential buying opportunity. The RSI suggests oversold conditions, and the low implied volatility may present a favorable risk/reward profile.",97.6,114.26,38.1,-5.6126,1130603,0.9,8.2,14.9,2.68,-14.58,-1,-0.25,0.0,-0.26
Day-799,google/gemma-2-9b-it,ENTJ,static,flat,123,0.92,flat,91.6,91.50489213064346,10894.6247450808,0.03942575449454659,118.93652095334397,BUY,0.25,"The price is below both the 20 and 60 day SMAs, indicating a potential buying opportunity. The RSI suggests oversold conditions, and the negative news sentiment could be a contrarian indicator.",96.92,113.38,31.1,-5.468,1466855,1.17,13.1,15.0,2.66,-14.51,-1,-0.49,-0.07,-0.41
Day-800,google/gemma-2-9b-it,ENTJ,static,flat,123,0.92,flat,90.84,90.53632250763366,10804.232989156262,0.029569315870909944,118.93662945663134,BUY,0.25,"The price is below both the 20 and 60 day SMAs, indicating a potential oversold condition. The RSI is also low, suggesting a possible bounce back.",96.15,112.53,32.1,-5.3535,1162186,0.92,14.4,15.1,2.66,-14.56,-1,0.37,-0.04,0.41
