M,S,L,tau_lam_label,tau_lam,beta_label,beta,int_label,interaction,margin,n_datasets,level_dependent_plain,level_dependent_plain_lo,level_dependent_plain_hi,level_dependent_significant_only,level_dependent_significant_only_lo,level_dependent_significant_only_hi,ii_holds_alpha,ii_holds_alpha_lo,ii_holds_alpha_hi,ii_holds_alpha_prime,ii_holds_alpha_prime_lo,ii_holds_alpha_prime_hi,equivalence_declared,equivalence_declared_lo,equivalence_declared_hi,equivalence_any_level,equivalence_any_level_lo,equivalence_any_level_hi,interaction_half_width_median,half_width_over_margin,interaction_est_mean
6,19,1,0,0.0,0,0.0,0,0.0,0.025,2000,0.1025,0.0899602575245831,0.11656379506401297,0.0,1.0842021724855044e-19,0.001917047281252934,0.038,0.030467599928741894,0.04730375175913581,0.001,0.0002742789176520342,0.003638934269038394,0.9975,0.9941608466835673,0.9989316912715861,0.9975,0.9941608466835673,0.9989316912715861,0.008516581483837944,0.34066325935351777,-0.0002351106863324116
6,19,1,0,0.0,0,0.0,margin,0.025,0.025,2000,0.4295,0.40796139161315337,0.4513089120535032,0.0235,0.017718224361690932,0.031108721697343113,0.0245,0.01858163028213664,0.032241481682334906,0.0005,8.826773070546787e-05,0.0028268625032662133,0.063,0.053166899529154835,0.07450859979466022,0.063,0.053166899529154835,0.07450859979466022,0.008520682854878277,0.34082731419513107,0.02505509107124691
6,19,1,0,0.0,half_delta,0.025,0,0.0,0.025,2000,0.034,0.026908260159560583,0.042878427906567144,0.0,1.0842021724855044e-19,0.001917047281252934,0.1965,0.17967444607855565,0.21448920162116486,0.004,0.0020282466069651696,0.007873464296037741,0.996,0.9921265357039621,0.9979717533930348,0.996,0.9921265357039621,0.9979717533930348,0.008491451078070504,0.3396580431228201,0.0001886827033614583
6,19,1,0,0.0,half_delta,0.025,margin,0.025,0.025,2000,0.0585,0.049036041566208714,0.06965671118313761,0.0055,0.003073897009543817,0.009822062751615332,0.255,0.2363801073548883,0.2745592458129256,0.0135,0.009294493997659236,0.019570793006999862,0.065,0.055007837621403224,0.07665999351328683,0.065,0.055007837621403224,0.07665999351328683,0.00870712150945364,0.3482848603781456,0.025026044921191783
6,19,1,0,0.0,delta,0.05,0,0.0,0.025,2000,0.001,0.0002742789176520342,0.003638934269038394,0.0,1.0842021724855044e-19,0.001917047281252934,0.674,0.6531400467735491,0.6941928207725749,0.0505,0.04173547326167801,0.06098795224416838,0.9915,0.9864293102622139,0.9946862322603145,0.9915,0.9864293102622139,0.9946862322603145,0.008570531010103835,0.3428212404041534,-0.00010065542591383014
6,19,1,0,0.0,delta,0.05,margin,0.025,0.025,2000,0.002,0.0007780273070510575,0.005131351785076866,0.001,0.0002742789176520342,0.003638934269038394,0.71,0.6897257793281782,0.7294690608136954,0.078,0.06703950613485772,0.09057848177051976,0.0675,0.057313062415804306,0.07934518348247949,0.0675,0.057313062415804306,0.07934518348247949,0.008449412592020825,0.337976503680833,0.024785055675119013
6,19,1,half_limit,0.01899110076791385,0,0.0,0,0.0,0.025,2000,0.2145,0.19706670596764359,0.23302792802995176,0.001,0.0002742789176520342,0.003638934269038394,0.013,0.008886895534737305,0.01898030851720305,0.0,1.0842021724855044e-19,0.001917047281252934,0.262,0.2431979924091159,0.28171452209676046,0.262,0.2431979924091159,0.28171452209676046,0.021970305707021437,0.8788122282808575,-4.300084198367773e-05
6,19,1,half_limit,0.01899110076791385,0,0.0,margin,0.025,0.025,2000,0.4475,0.42582937749144806,0.46937191247308346,0.037,0.029575304829629133,0.04619988095281107,0.0175,0.012609752959581211,0.024240197666827872,0.0,1.0842021724855044e-19,0.001917047281252934,0.038,0.030467599928741894,0.04730375175913581,0.038,0.030467599928741894,0.04730375175913581,0.021683553141204806,0.8673421256481922,0.025145889125269542
6,19,1,half_limit,0.01899110076791385,half_delta,0.025,0,0.0,0.025,2000,0.08,0.06889957451773436,0.09271074519851809,0.0,1.0842021724855044e-19,0.001917047281252934,0.108,0.0951409941930465,0.12236197087545578,0.0,1.0842021724855044e-19,0.001917047281252934,0.243,0.224707434303008,0.26227792799955596,0.243,0.224707434303008,0.26227792799955596,0.022480711640216963,0.8992284656086785,-0.00047559517269267693
6,19,1,half_limit,0.01899110076791385,half_delta,0.025,margin,0.025,0.025,2000,0.0725,0.06193616869555324,0.08470290672991801,0.0105,0.006877887380873443,0.015998901907473176,0.2025,0.1854658783467556,0.2206747647855899,0.0025,0.0010683087284139143,0.005839153316432755,0.0445,0.03630266512840682,0.054443764944814586,0.0445,0.03630266512840682,0.054443764944814586,0.022287594259131002,0.8915037703652401,0.0246887117890663
6,19,1,half_limit,0.01899110076791385,delta,0.05,0,0.0,0.025,2000,0.0025,0.0010683087284139143,0.005839153316432755,0.0,1.0842021724855044e-19,0.001917047281252934,0.4905,0.46863010699531177,0.5124063169030318,0.018,0.01302999144428223,0.024818042134845595,0.2425,0.22422149850377981,0.2617657808460654,0.2425,0.22422149850377981,0.2617657808460654,0.022473512990047618,0.8989405196019047,7.720247639377347e-05
6,19,1,half_limit,0.01899110076791385,delta,0.05,margin,0.025,0.025,2000,0.0015,0.0005102635836384819,0.004401032555770693,0.0005,8.826773070546787e-05,0.0028268625032662133,0.609,0.5874245015303575,0.6301575821623292,0.0355,0.028239876230264,0.04454106069401996,0.0445,0.03630266512840682,0.054443764944814586,0.0445,0.03630266512840682,0.054443764944814586,0.02242473729632575,0.8969894918530299,0.024665726845810403
6,19,2,0,0.0,0,0.0,0,0.0,0.025,2000,0.1605,0.14506587373687918,0.1772358013670915,0.0,1.0842021724855044e-19,0.001917047281252934,0.0185,0.013451349814109871,0.025394766717736703,0.0005,8.826773070546787e-05,0.0028268625032662133,0.99,0.9846040615409247,0.9935172321234472,1.0,0.9980829527187469,0.9999999999999998,0.008545110715251214,0.34180442861004856,5.8286411323252125e-06
6,19,2,0,0.0,0,0.0,margin,0.025,0.025,2000,0.445,0.42334598288820563,0.46686489231273215,0.0315,0.02469804258437448,0.0400982307181595,0.022,0.0164289081143177,0.0294037890865601,0.0,1.0842021724855044e-19,0.001917047281252934,0.0175,0.012609752959581211,0.024240197666827872,0.1165,0.10316899183684573,0.13130138342787528,0.008462727718814213,0.3385091087525685,0.025008546690167558
6,19,2,0,0.0,half_delta,0.025,0,0.0,0.025,2000,0.0515,0.042644720050338814,0.062074871360945055,0.0,1.0842021724855044e-19,0.001917047281252934,0.169,0.15321410271973138,0.18605498258045802,0.005,0.0027181808584985597,0.009179695949941846,0.99,0.9846040615409247,0.9935172321234472,1.0,0.9980829527187469,0.9999999999999998,0.008612235747045345,0.3444894298818138,-5.57031170162296e-05
6,19,2,0,0.0,half_delta,0.025,margin,0.025,0.025,2000,0.058,0.04857807145401382,0.06911659834261377,0.0075,0.004550377435809225,0.012337914136224913,0.258,0.23930127713475113,0.27762657374937527,0.011,0.007275425411318251,0.016599446829747115,0.013,0.008886895534737305,0.01898030851720305,0.1205,0.10695525696857326,0.1354997819178977,0.008524220725740054,0.3409688290296021,0.025017109905203932
6,19,2,0,0.0,delta,0.05,0,0.0,0.025,2000,0.0035,0.0016964316970424177,0.007207196253241745,0.0,1.0842021724855044e-19,0.001917047281252934,0.629,0.6076003631256541,0.6499050386757825,0.05,0.04128123361873174,0.0604441089343959,0.987,0.9810196914827969,0.9911131044652626,0.9995,0.9971731374967338,0.9999117322692944,0.00853088177354826,0.3412352709419304,3.7893455353998056e-05
6,19,2,0,0.0,delta,0.05,margin,0.025,0.025,2000,0.0005,8.826773070546787e-05,0.0028268625032662133,0.0,1.0842021724855044e-19,0.001917047281252934,0.722,0.7019539368073737,0.7411948941997499,0.0875,0.07589362184323717,0.10068794216379648,0.01,0.006482767876552687,0.015395938459075187,0.114,0.10080523897679412,0.12867472152433315,0.008495378143236462,0.3398151257294585,0.02493579299887663
6,19,2,half_limit,0.01899110076791385,0,0.0,0,0.0,0.025,2000,0.3425,0.3220221796329167,0.363581690260678,0.0045,0.0023692806369618345,0.008530513218759823,0.01,0.006482767876552687,0.015395938459075187,0.0,1.0842021724855044e-19,0.001917047281252934,0.0855,0.07402575867765614,0.09856347351850255,0.4265,0.4049862197568357,0.4482955861935084,0.022459285805230204,0.8983714322092081,0.00019207866750764192
6,19,2,half_limit,0.01899110076791385,0,0.0,margin,0.025,0.025,2000,0.464,0.44223367331256824,0.48590435409168187,0.061,0.05132898110812262,0.07235418640481744,0.025,0.019014423503992475,0.032806771413197815,0.0,1.0842021724855044e-19,0.001917047281252934,0.006,0.003435594376936234,0.010458448336941664,0.08,0.06889957451773436,0.09271074519851809,0.02243676861925427,0.8974707447701707,0.025188573128264936
6,19,2,half_limit,0.01899110076791385,half_delta,0.025,0,0.0,0.025,2000,0.1165,0.10316899183684573,0.13130138342787528,0.0015,0.0005102635836384819,0.004401032555770693,0.088,0.07636089079305232,0.10121875616670008,0.0,1.0842021724855044e-19,0.001917047281252934,0.099,0.08666951249362448,0.11286795942594038,0.4315,0.40994528998916885,0.4533173454883627,0.022030906610791358,0.8812362644316543,-2.6592256844399247e-05
6,19,2,half_limit,0.01899110076791385,half_delta,0.025,margin,0.025,0.025,2000,0.081,0.06983042853923943,0.09377605708245051,0.02,0.014721726201265444,0.027118639188737373,0.2065,0.18933020760743016,0.2247950991466652,0.002,0.0007780273070510575,0.005131351785076866,0.009,0.005700499728577407,0.014182040701612969,0.081,0.06983042853923943,0.09377605708245051,0.02235836410420867,0.8943345641683468,0.0251657968804911
6,19,2,half_limit,0.01899110076791385,delta,0.05,0,0.0,0.025,2000,0.005,0.0027181808584985597,0.009179695949941846,0.0,1.0842021724855044e-19,0.001917047281252934,0.4475,0.42582937749144806,0.46937191247308346,0.0075,0.004550377435809225,0.012337914136224913,0.086,0.07449254068038921,0.09909477446848819,0.423,0.4015162133222035,0.44477901195910935,0.02231310637794903,0.8925242551179611,1.909001794734269e-05
6,19,2,half_limit,0.01899110076791385,delta,0.05,margin,0.025,0.025,2000,0.001,0.0002742789176520342,0.003638934269038394,0.0005,8.826773070546787e-05,0.0028268625032662133,0.623,0.6015435902777672,0.6439848160910445,0.0215,0.016000780509074646,0.028833833739084404,0.006,0.003435594376936234,0.010458448336941664,0.085,0.07355910081272696,0.09803204843071298,0.022325573428712067,0.8930229371484827,0.024811964513421658
6,19,6,0,0.0,0,0.0,0,0.0,0.025,2000,0.221,0.2033600655726267,0.23970964681031237,0.0,1.0842021724855044e-19,0.001917047281252934,0.0155,0.010940972933704062,0.021916645881830028,0.0,1.0842021724855044e-19,0.001917047281252934,0.981,0.974029585433736,0.9861262150816985,1.0,0.9980829527187469,0.9999999999999998,0.00846679588525582,0.33867183541023277,1.97512560926078e-05
6,19,6,0,0.0,0,0.0,margin,0.025,0.025,2000,0.4815,0.45965837761892475,0.5034125531304815,0.053,0.04401045720579706,0.06370338306364304,0.0265,0.020316920414969065,0.03449852336037745,0.0015,0.0005102635836384819,0.004401032555770693,0.0005,8.826773070546787e-05,0.0028268625032662133,0.2345,0.21645128937571745,0.2535666627306278,0.008513341205784236,0.3405336482313694,0.0251307226695694
6,19,6,0,0.0,half_delta,0.025,0,0.0,0.025,2000,0.072,0.061473133317261355,0.08416785915549115,0.0,1.0842021724855044e-19,0.001917047281252934,0.1455,0.13072618405103206,0.1616330024713762,0.003,0.0013756299236301083,0.006529915073935308,0.97,0.9615758302685604,0.9766221452870616,1.0,0.9980829527187469,0.9999999999999998,0.008535287578435427,0.3414115031374171,-1.3072543107359544e-05
6,19,6,0,0.0,half_delta,0.025,margin,0.025,0.025,2000,0.0585,0.049036041566208714,0.06965671118313761,0.01,0.006482767876552687,0.015395938459075187,0.225,0.20723612332971553,0.24381825267497353,0.0125,0.008481081388571086,0.018388039710650523,0.0015,0.0005102635836384819,0.004401032555770693,0.2305,0.21256960875452585,0.24946367973006944,0.008470394109449116,0.3388157643779646,0.025149071751814155
6,19,6,0,0.0,delta,0.05,0,0.0,0.025,2000,0.001,0.0002742789176520342,0.003638934269038394,0.0,1.0842021724855044e-19,0.001917047281252934,0.5705,0.5486910879464967,0.5920386083868466,0.026,0.019882087677964753,0.033935273144663027,0.97,0.9615758302685604,0.9766221452870616,1.0,0.9980829527187469,0.9999999999999998,0.008592008022885036,0.3436803209154014,4.622412556885628e-05
6,19,6,0,0.0,delta,0.05,margin,0.025,0.025,2000,0.002,0.0007780273070510575,0.005131351785076866,0.001,0.0002742789176520342,0.003638934269038394,0.697,0.6764975868255326,0.7167470965456536,0.077,0.06611031084545657,0.08951151115448341,0.0005,8.826773070546787e-05,0.0028268625032662133,0.2365,0.21839299316762395,0.25561729074959627,0.008534030077199096,0.3413612030879638,0.025201889478563087
6,19,6,half_limit,0.01899110076791385,0,0.0,0,0.0,0.025,2000,0.5105,0.4885926402278873,0.5323671017792062,0.0065,0.0038025964940741515,0.011089529172522494,0.0015,0.0005102635836384819,0.004401032555770693,0.0,1.0842021724855044e-19,0.001917047281252934,0.004,0.0020282466069651696,0.007873464296037741,0.7415,0.7218623193188707,0.7602117468442842,0.022225212435292567,0.8890084974117026,-0.00028291349755499474
6,19,6,half_limit,0.01899110076791385,0,0.0,margin,0.025,0.025,2000,0.486,0.46414335632114256,0.5079103210027324,0.1015,0.0890195479939982,0.11550833868916041,0.0185,0.013451349814109871,0.025394766717736703,0.0,1.0842021724855044e-19,0.001917047281252934,0.0,1.0842021724855044e-19,0.001917047281252934,0.1915,0.1748530251159714,0.20932979305656163,0.022097083502097402,0.883883340083896,0.024748471063247828
6,19,6,half_limit,0.01899110076791385,half_delta,0.025,0,0.0,0.025,2000,0.1905,0.17388927376554605,0.20829737850154947,0.0015,0.0005102635836384819,0.004401032555770693,0.0315,0.02469804258437448,0.0400982307181595,0.0,1.0842021724855044e-19,0.001917047281252934,0.003,0.0013756299236301083,0.006529915073935308,0.736,0.7162422759724121,0.7548528777108365,0.022383327279279663,0.8953330911711865,0.00015595819669678623
6,19,6,half_limit,0.01899110076791385,half_delta,0.025,margin,0.025,0.025,2000,0.0725,0.06193616869555324,0.08470290672991801,0.0325,0.025580698826170273,0.04121174038180121,0.163,0.14746080314735577,0.17983128672020865,0.0,1.0842021724855044e-19,0.001917047281252934,0.0,1.0842021724855044e-19,0.001917047281252934,0.189,0.1724439847429343,0.206748418666005,0.022137310422756157,0.8854924169102463,0.025071853854633536
6,19,6,half_limit,0.01899110076791385,delta,0.05,0,0.0,0.025,2000,0.012,0.008077154276022635,0.017793883870480226,0.0,1.0842021724855044e-19,0.001917047281252934,0.3165,0.2964842974069462,0.33721925894527355,0.0015,0.0005102635836384819,0.004401032555770693,0.003,0.0013756299236301083,0.006529915073935308,0.735,0.7152208664166256,0.7538781213611855,0.02226508629421537,0.8906034517686148,2.8335862523649778e-05
6,19,6,half_limit,0.01899110076791385,delta,0.05,margin,0.025,0.025,2000,0.003,0.0013756299236301083,0.006529915073935308,0.0025,0.0010683087284139143,0.005839153316432755,0.6085,0.5869205913312101,0.6296634094087581,0.0155,0.010940972933704062,0.021916645881830028,0.0,1.0842021724855044e-19,0.001917047281252934,0.2125,0.1951316184962224,0.23097068369049795,0.022319133772034754,0.8927653508813901,0.024377799373177807
6,19,12,0,0.0,0,0.0,0,0.0,0.025,2000,0.287,0.2675978783634713,0.3072187837783423,0.0,1.0842021724855044e-19,0.001917047281252934,0.0135,0.009294493997659236,0.019570793006999862,0.0,1.0842021724855044e-19,0.001917047281252934,0.961,0.9515939149560816,0.968638567450603,1.0,0.9980829527187469,0.9999999999999998,0.00842141500435023,0.3368566001740092,-7.394707863550696e-05
6,19,12,0,0.0,0,0.0,margin,0.025,0.025,2000,0.497,0.4751140951980067,0.5188974070856807,0.064,0.05408699935255319,0.07558466587669936,0.029,0.022500401616129873,0.03730545692281039,0.001,0.0002742789176520342,0.003638934269038394,0.0005,8.826773070546787e-05,0.0028268625032662133,0.3355,0.3151396320427095,0.3564910765128227,0.008469779959027049,0.33879119836108196,0.025139962781942103
6,19,12,0,0.0,half_delta,0.025,0,0.0,0.025,2000,0.085,0.07355910081272696,0.09803204843071298,0.0,1.0842021724855044e-19,0.001917047281252934,0.1305,0.11644255627223538,0.1459741416686105,0.0,1.0842021724855044e-19,0.001917047281252934,0.958,0.9482955994324269,0.9659483852579451,1.0,0.9980829527187469,0.9999999999999998,0.008473323992777428,0.3389329597110971,0.0001759220237067085
6,19,12,0,0.0,half_delta,0.025,margin,0.025,0.025,2000,0.0595,0.04995260683841223,0.07073631181637158,0.0135,0.009294493997659236,0.019570793006999862,0.2515,0.23297357642562866,0.270979196073154,0.0085,0.005313767739685552,0.013570689737786079,0.0,1.0842021724855044e-19,0.001917047281252934,0.322,0.30188057618665304,0.34280189264547295,0.008489054253894433,0.3395621701557773,0.025169356550189904
6,19,12,0,0.0,delta,0.05,0,0.0,0.025,2000,0.003,0.0013756299236301083,0.006529915073935308,0.0,1.0842021724855044e-19,0.001917047281252934,0.544,0.5221083682982768,0.5657229315409731,0.0245,0.01858163028213664,0.032241481682334906,0.953,0.9428245575283534,0.9614385976348314,1.0,0.9980829527187469,0.9999999999999998,0.008473903657379695,0.3389561462951878,-0.00011329684480661317
6,19,12,0,0.0,delta,0.05,margin,0.025,0.025,2000,0.0,1.0842021724855044e-19,0.001917047281252934,0.0,1.0842021724855044e-19,0.001917047281252934,0.719,0.6988952847381477,0.7382650485526635,0.066,0.05592939864008358,0.07773459840004397,0.0,1.0842021724855044e-19,0.001917047281252934,0.337,0.31661403832985313,0.3580109190838353,0.008505164108419729,0.34020656433678914,0.024990480428028393
6,19,12,half_limit,0.01899110076791385,0,0.0,0,0.0,0.025,2000,0.622,0.600534464895254,0.6429977755681202,0.013,0.008886895534737305,0.01898030851720305,0.001,0.0002742789176520342,0.003638934269038394,0.0,1.0842021724855044e-19,0.001917047281252934,0.0005,8.826773070546787e-05,0.0028268625032662133,0.876,0.8608307677957512,0.8897276126487466,0.022318148637701027,0.8927259455080411,0.00016027546668989038
6,19,12,half_limit,0.01899110076791385,0,0.0,margin,0.025,0.025,2000,0.517,0.49508799393928304,0.5388468264531544,0.15,0.1350225249497082,0.1663194081471688,0.0095,0.006090240228609851,0.014790383154299275,0.0,1.0842021724855044e-19,0.001917047281252934,0.0,1.0842021724855044e-19,0.001917047281252934,0.2855,0.2661317454119759,0.3056906678716815,0.022348304835292612,0.8939321934117045,0.024900980872826835
6,19,12,half_limit,0.01899110076791385,half_delta,0.025,0,0.0,0.025,2000,0.241,0.22276389933057889,0.26022913116111007,0.008,0.0049302968532159265,0.012956077671536958,0.0195,0.014297256348690845,0.026545026088593226,0.0,1.0842021724855044e-19,0.001917047281252934,0.0,1.0842021724855044e-19,0.001917047281252934,0.874,0.8587356201177461,0.8878304285158767,0.02229084786538789,0.8916339146155156,0.00010647253719019168
6,19,12,half_limit,0.01899110076791385,half_delta,0.025,margin,0.025,0.025,2000,0.082,0.07076181688143124,0.0948408346456962,0.0445,0.03630266512840682,0.054443764944814586,0.151,0.13597793189773769,0.16736016710457682,0.0,1.0842021724855044e-19,0.001917047281252934,0.0,1.0842021724855044e-19,0.001917047281252934,0.298,0.278357551076473,0.3184169360251531,0.022202851354140553,0.8881140541656221,0.024887153023060864
6,19,12,half_limit,0.01899110076791385,delta,0.05,0,0.0,0.025,2000,0.013,0.008886895534737305,0.01898030851720305,0.0,1.0842021724855044e-19,0.001917047281252934,0.236,0.21790751368923972,0.25510468727526175,0.001,0.0002742789176520342,0.003638934269038394,0.0,1.0842021724855044e-19,0.001917047281252934,0.8745,0.8592592943847576,0.8883048372015839,0.022285278718030457,0.8914111487212182,-8.750833014834951e-05
6,19,12,half_limit,0.01899110076791385,delta,0.05,margin,0.025,0.025,2000,0.002,0.0007780273070510575,0.005131351785076866,0.0005,8.826773070546787e-05,0.0028268625032662133,0.561,0.5391542276042659,0.5826118926274214,0.0055,0.003073897009543817,0.009822062751615332,0.0,1.0842021724855044e-19,0.001917047281252934,0.2865,0.2671091378312516,0.3067094413578432,0.02216498494113736,0.8865993976454944,0.025165116059197794
6,47,1,0,0.0,0,0.0,0,0.0,0.025,2000,0.0645,0.05454732717628902,0.07612242100568228,0.0,1.0842021724855044e-19,0.001917047281252934,0.0345,0.027351694147721588,0.04343307687112489,0.0,1.0842021724855044e-19,0.001917047281252934,1.0,0.9980829527187469,0.9999999999999998,1.0,0.9980829527187469,0.9999999999999998,0.005415233375956582,0.21660933503826327,-7.003954809014285e-05
6,47,1,0,0.0,0,0.0,margin,0.025,0.025,2000,0.4535,0.4317917889314336,0.4753864964657229,0.018,0.01302999144428223,0.024818042134845595,0.026,0.019882087677964753,0.033935273144663027,0.0005,8.826773070546787e-05,0.0028268625032662133,0.057,0.047662768878229574,0.06803573501296051,0.057,0.047662768878229574,0.06803573501296051,0.0054784270007030254,0.21913708002812102,0.025067127389013216
6,47,1,0,0.0,half_delta,0.025,0,0.0,0.025,2000,0.021,0.015573520825817387,0.028263010469622922,0.0,1.0842021724855044e-19,0.001917047281252934,0.22,0.2023914311650162,0.23868211531248537,0.0065,0.0038025964940741515,0.011089529172522494,1.0,0.9980829527187469,0.9999999999999998,1.0,0.9980829527187469,0.9999999999999998,0.005437064116445592,0.21748256465782367,-3.0280421687201916e-05
6,47,1,0,0.0,half_delta,0.025,margin,0.025,0.025,2000,0.053,0.04401045720579706,0.06370338306364304,0.0025,0.0010683087284139143,0.005839153316432755,0.247,0.22859615967613203,0.2663738662481819,0.012,0.008077154276022635,0.017793883870480226,0.0635,0.053626856130583093,0.0750467261459507,0.0635,0.053626856130583093,0.0750467261459507,0.005360426915006485,0.2144170766002594,0.025071610718374538
6,47,1,0,0.0,delta,0.05,0,0.0,0.025,2000,0.0,1.0842021724855044e-19,0.001917047281252934,0.0,1.0842021724855044e-19,0.001917047281252934,0.706,0.6856534979182288,0.7255566786018949,0.075,0.0642536480572273,0.08737584213183769,1.0,0.9980829527187469,0.9999999999999998,1.0,0.9980829527187469,0.9999999999999998,0.005417157677948614,0.21668630711794454,-2.6446782051388008e-05
6,47,1,0,0.0,delta,0.05,margin,0.025,0.025,2000,0.0,1.0842021724855044e-19,0.001917047281252934,0.0,1.0842021724855044e-19,0.001917047281252934,0.7285,0.7085847795393793,0.7475391298530881,0.0755,0.06471759454279065,0.08790997859899309,0.064,0.05408699935255319,0.07558466587669936,0.064,0.05408699935255319,0.07558466587669936,0.005373921312173128,0.21495685248692512,0.024946074882019113
6,47,1,half_limit,0.01899110076791385,0,0.0,0,0.0,0.025,2000,0.1885,0.17196231241451954,0.206232008041701,0.0005,8.826773070546787e-05,0.0028268625032662133,0.016,0.011356235350080627,0.02249946641817221,0.0,1.0842021724855044e-19,0.001917047281252934,0.302,0.28227360669180807,0.322485544031568,0.302,0.28227360669180807,0.322485544031568,0.02145114949925967,0.8580459799703868,9.472034682579641e-05
6,47,1,half_limit,0.01899110076791385,0,0.0,margin,0.025,0.025,2000,0.4235,0.40201186066314715,0.44528144757088445,0.03,0.02337785471293825,0.03842416973143951,0.0195,0.014297256348690845,0.026545026088593226,0.0,1.0842021724855044e-19,0.001917047281252934,0.0475,0.03901402059617837,0.05772090719335553,0.0475,0.03901402059617837,0.05772090719335553,0.021409995630879468,0.8563998252351787,0.024740193959365116
6,47,1,half_limit,0.01899110076791385,half_delta,0.025,0,0.0,0.025,2000,0.0805,0.06936493417594901,0.09324346849302219,0.0005,8.826773070546787e-05,0.0028268625032662133,0.1155,0.10222324031966848,0.13025096903961503,0.0005,8.826773070546787e-05,0.0028268625032662133,0.3055,0.2857016368980114,0.32604409449439586,0.3055,0.2857016368980114,0.32604409449439586,0.02089554092579638,0.8358216370318552,0.00017010743911206454
6,47,1,half_limit,0.01899110076791385,half_delta,0.025,margin,0.025,0.025,2000,0.0705,0.060084974670173194,0.08256176894442306,0.011,0.007275425411318251,0.016599446829747115,0.2055,0.18836387636696572,0.22376526448169215,0.0025,0.0010683087284139143,0.005839153316432755,0.0425,0.03450117971009799,0.05225291855224844,0.0425,0.03450117971009799,0.05225291855224844,0.021690611072201535,0.8676244428880614,0.024669326778304433
6,47,1,half_limit,0.01899110076791385,delta,0.05,0,0.0,0.025,2000,0.002,0.0007780273070510575,0.005131351785076866,0.0,1.0842021724855044e-19,0.001917047281252934,0.5235,0.5015870468715085,0.5453228519062725,0.022,0.0164289081143177,0.0294037890865601,0.314,0.29403252603687446,0.33468061555175155,0.314,0.29403252603687446,0.33468061555175155,0.020949753713733255,0.8379901485493302,-3.1371088649503955e-06
6,47,1,half_limit,0.01899110076791385,delta,0.05,margin,0.025,0.025,2000,0.0015,0.0005102635836384819,0.004401032555770693,0.0015,0.0005102635836384819,0.004401032555770693,0.6205,0.599020956423249,0.6415170351819691,0.0435,0.03540128785854411,0.0533489763092398,0.048,0.03946691899074102,0.05826609175151162,0.048,0.03946691899074102,0.05826609175151162,0.02115418213908392,0.8461672855633567,0.025138926714666825
6,47,2,0,0.0,0,0.0,0,0.0,0.025,2000,0.104,0.09137205082544919,0.1181462506213031,0.0,1.0842021724855044e-19,0.001917047281252934,0.037,0.029575304829629133,0.04619988095281107,0.001,0.0002742789176520342,0.003638934269038394,1.0,0.9980829527187469,0.9999999999999998,1.0,0.9980829527187469,0.9999999999999998,0.005415882471503776,0.216635298860151,-6.409532410865414e-05
6,47,2,0,0.0,0,0.0,margin,0.025,0.025,2000,0.456,0.43427706845902697,0.47789163170172316,0.0235,0.017718224361690932,0.031108721697343113,0.0255,0.019447915824308683,0.033371362045600345,0.0,1.0842021724855044e-19,0.001917047281252934,0.018,0.01302999144428223,0.024818042134845595,0.0995,0.08713931829845581,0.1133962365738278,0.0054965815678683335,0.21986326271473333,0.0250177892147341
6,47,2,0,0.0,half_delta,0.025,0,0.0,0.025,2000,0.0265,0.020316920414969065,0.03449852336037745,0.0,1.0842021724855044e-19,0.001917047281252934,0.2185,0.2009387675817283,0.23714053003761704,0.0065,0.0038025964940741515,0.011089529172522494,1.0,0.9980829527187469,0.9999999999999998,1.0,0.9980829527187469,0.9999999999999998,0.005386121719539684,0.21544486878158733,1.2344769226616956e-05
6,47,2,0,0.0,half_delta,0.025,margin,0.025,0.025,2000,0.056,0.04674833393876454,0.06695400404698805,0.0065,0.0038025964940741515,0.011089529172522494,0.234,0.21596595290745405,0.25305391624617246,0.0095,0.006090240228609851,0.014790383154299275,0.0155,0.010940972933704062,0.021916645881830028,0.1225,0.10885029598940679,0.13759707470793917,0.0054588738319825345,0.21835495327930138,0.024973387664940307
6,47,2,0,0.0,delta,0.05,0,0.0,0.025,2000,0.002,0.0007780273070510575,0.005131351785076866,0.0,1.0842021724855044e-19,0.001917047281252934,0.678,0.657198107354527,0.698119423813347,0.062,0.05224755446133823,0.07343177895703933,1.0,0.9980829527187469,0.9999999999999998,1.0,0.9980829527187469,0.9999999999999998,0.005389998631911084,0.21559994527644336,5.709197268232755e-05
6,47,2,0,0.0,delta,0.05,margin,0.025,0.025,2000,0.0,1.0842021724855044e-19,0.001917047281252934,0.0,1.0842021724855044e-19,0.001917047281252934,0.706,0.6856534979182288,0.7255566786018949,0.082,0.07076181688143124,0.0948408346456962,0.016,0.011356235350080627,0.02249946641817221,0.114,0.10080523897679412,0.12867472152433315,0.005435925639296741,0.2174370255718696,0.024815942844212093
6,47,2,half_limit,0.01899110076791385,0,0.0,0,0.0,0.025,2000,0.3345,0.31415682415874446,0.35547771849135024,0.0035,0.0016964316970424177,0.007207196253241745,0.008,0.0049302968532159265,0.012956077671536958,0.0,1.0842021724855044e-19,0.001917047281252934,0.11,0.09702766640529693,0.12446763047408034,0.4705,0.44870256680194337,0.49241053898765036,0.021462262009031577,0.8584904803612631,-0.00029697199595751425
6,47,2,half_limit,0.01899110076791385,0,0.0,margin,0.025,0.025,2000,0.442,0.4203666437667213,0.463855733717904,0.0525,0.04355496702511128,0.06316079029161008,0.018,0.01302999144428223,0.024818042134845595,0.0,1.0842021724855044e-19,0.001917047281252934,0.0075,0.004550377435809225,0.012337914136224913,0.083,0.07169373071300192,0.09590508671956302,0.021094307768888612,0.8437723107555445,0.02530149830364712
6,47,2,half_limit,0.01899110076791385,half_delta,0.025,0,0.0,0.025,2000,0.102,0.08948985374022951,0.11603611589564782,0.0005,8.826773070546787e-05,0.0028268625032662133,0.0865,0.07495944584682306,0.0996259522547731,0.0005,8.826773070546787e-05,0.0028268625032662133,0.11,0.09702766640529693,0.12446763047408034,0.4755,0.4536811651658317,0.49741277015094953,0.021561706532184758,0.8624682612873903,-8.551377991268896e-05
6,47,2,half_limit,0.01899110076791385,half_delta,0.025,margin,0.025,0.025,2000,0.079,0.0679692639204037,0.09164488989041128,0.018,0.01302999144428223,0.024818042134845595,0.205,0.18788077269708534,0.2232502851988538,0.0025,0.0010683087284139143,0.005839153316432755,0.0075,0.004550377435809225,0.012337914136224913,0.087,0.07542647321668068,0.10015700783763422,0.021592080851952838,0.8636832340781134,0.024692948930119172
6,47,2,half_limit,0.01899110076791385,delta,0.05,0,0.0,0.025,2000,0.0055,0.003073897009543817,0.009822062751615332,0.0005,8.826773070546787e-05,0.0028268625032662133,0.4425,0.420863144587703,0.464357315849641,0.013,0.008886895534737305,0.01898030851720305,0.1005,0.08807923318177419,0.11445248759594692,0.486,0.46414335632114256,0.5079103210027324,0.021334375750930126,0.853375030037205,-1.563231297610265e-05
6,47,2,half_limit,0.01899110076791385,delta,0.05,margin,0.025,0.025,2000,0.0035,0.0016964316970424177,0.007207196253241745,0.0015,0.0005102635836384819,0.004401032555770693,0.624,0.6025528116222458,0.6449717606520033,0.028,0.021625209947844046,0.03618448268565872,0.011,0.007275425411318251,0.016599446829747115,0.0945,0.08244593448548859,0.10810879085960753,0.021128788610592402,0.845151544423696,0.024804268508947343
6,47,6,0,0.0,0,0.0,0,0.0,0.025,2000,0.1485,0.13358986385449248,0.1647578203842283,0.0,1.0842021724855044e-19,0.001917047281252934,0.0345,0.027351694147721588,0.04343307687112489,0.0,1.0842021724855044e-19,0.001917047281252934,1.0,0.9980829527187469,0.9999999999999998,1.0,0.9980829527187469,0.9999999999999998,0.005422758766151049,0.21691035064604194,2.707500627225759e-05
6,47,6,0,0.0,0,0.0,margin,0.025,0.025,2000,0.465,0.44322864571722487,0.48690554759246274,0.032,0.025139125203291417,0.04065523105196132,0.025,0.019014423503992475,0.032806771413197815,0.0005,8.826773070546787e-05,0.0028268625032662133,0.0005,8.826773070546787e-05,0.0028268625032662133,0.2345,0.21645128937571745,0.2535666627306278,0.005424411251067449,0.21697645004269794,0.025035048012064447
6,47,6,0,0.0,half_delta,0.025,0,0.0,0.025,2000,0.043,0.03495107254461269,0.05280110867045247,0.0,1.0842021724855044e-19,0.001917047281252934,0.183,0.16666695547445123,0.20054845250186307,0.003,0.0013756299236301083,0.006529915073935308,1.0,0.9980829527187469,0.9999999999999998,1.0,0.9980829527187469,0.9999999999999998,0.005419638130012979,0.21678552520051914,-3.374565128767044e-05
6,47,6,0,0.0,half_delta,0.025,margin,0.025,0.025,2000,0.065,0.055007837621403224,0.07665999351328683,0.0075,0.004550377435809225,0.012337914136224913,0.2525,0.23394670491371472,0.27200223349050545,0.017,0.012190680521843938,0.023661187151846397,0.0005,8.826773070546787e-05,0.0028268625032662133,0.257,0.23832742289347897,0.27660426208520994,0.005412357900601126,0.21649431602404504,0.02496655827043334
6,47,6,0,0.0,delta,0.05,0,0.0,0.025,2000,0.002,0.0007780273070510575,0.005131351785076866,0.0,1.0842021724855044e-19,0.001917047281252934,0.6565,0.6354057754606769,0.6769941887402909,0.0545,0.045378356153563185,0.06532973297403316,1.0,0.9980829527187469,0.9999999999999998,1.0,0.9980829527187469,0.9999999999999998,0.005400860725444072,0.21603442901776287,9.517506984547669e-05
6,47,6,0,0.0,delta,0.05,margin,0.025,0.025,2000,0.001,0.0002742789176520342,0.003638934269038394,0.0005,8.826773070546787e-05,0.0028268625032662133,0.742,0.7223734262506247,0.7606987228652489,0.0795,0.06843435071112523,0.0921778860524085,0.0015,0.0005102635836384819,0.004401032555770693,0.2525,0.23394670491371472,0.27200223349050545,0.0054351056399488725,0.2174042255979549,0.024928110191304902
6,47,6,half_limit,0.01899110076791385,0,0.0,0,0.0,0.025,2000,0.497,0.4751140951980067,0.5188974070856807,0.0035,0.0016964316970424177,0.007207196253241745,0.0015,0.0005102635836384819,0.004401032555770693,0.0,1.0842021724855044e-19,0.001917047281252934,0.004,0.0020282466069651696,0.007873464296037741,0.778,0.7592629744365406,0.7956711472750827,0.021278498496480253,0.8511399398592101,-0.00014366404083257238
6,47,6,half_limit,0.01899110076791385,0,0.0,margin,0.025,0.025,2000,0.459,0.4372601333273435,0.48089706454971914,0.109,0.09608415062582279,0.12341498034811699,0.0155,0.010940972933704062,0.021916645881830028,0.0,1.0842021724855044e-19,0.001917047281252934,0.0,1.0842021724855044e-19,0.001917047281252934,0.2045,0.18739771047635959,0.22273526446686084,0.021302342439778375,0.852093697591135,0.024842912662132507
6,47,6,half_limit,0.01899110076791385,half_delta,0.025,0,0.0,0.025,2000,0.1955,0.17870981012231002,0.213457671671973,0.006,0.003435594376936234,0.010458448336941664,0.044,0.03585182041641652,0.05389652670408614,0.0,1.0842021724855044e-19,0.001917047281252934,0.0095,0.006090240228609851,0.014790383154299275,0.802,0.7839638291131115,0.8188782743290117,0.021305752371172274,0.8522300948468909,9.88709564331358e-05
6,47,6,half_limit,0.01899110076791385,half_delta,0.025,margin,0.025,0.025,2000,0.079,0.0679692639204037,0.09164488989041128,0.029,0.022500401616129873,0.03730545692281039,0.1805,0.16426184953647252,0.19796314367624804,0.001,0.0002742789176520342,0.003638934269038394,0.0,1.0842021724855044e-19,0.001917047281252934,0.177,0.16089671809231565,0.19434169445137367,0.021286730552002375,0.8514692220800949,0.025345085017752386
6,47,6,half_limit,0.01899110076791385,delta,0.05,0,0.0,0.025,2000,0.006,0.003435594376936234,0.010458448336941664,0.0005,8.826773070546787e-05,0.0028268625032662133,0.3475,0.3269413555414848,0.36864334387929726,0.002,0.0007780273070510575,0.005131351785076866,0.004,0.0020282466069651696,0.007873464296037741,0.794,0.7757197975727613,0.8111529786258619,0.02131694075811766,0.8526776303247063,-0.0001476855083901118
6,47,6,half_limit,0.01899110076791385,delta,0.05,margin,0.025,0.025,2000,0.001,0.0002742789176520342,0.003638934269038394,0.001,0.0002742789176520342,0.003638934269038394,0.61,0.5884323924516162,0.6311458571465081,0.015,0.010527098037106688,0.021332437825708653,0.001,0.0002742789176520342,0.003638934269038394,0.1945,0.1777453490221474,0.21242596686669812,0.02119139261600394,0.8476557046401575,0.025015660427279558
6,47,12,0,0.0,0,0.0,0,0.0,0.025,2000,0.18,0.16378097147756693,0.19744593878243488,0.0,1.0842021724855044e-19,0.001917047281252934,0.021,0.015573520825817387,0.028263010469622922,0.001,0.0002742789176520342,0.003638934269038394,1.0,0.9980829527187469,0.9999999999999998,1.0,0.9980829527187469,0.9999999999999998,0.0053827686681283266,0.21531074672513306,2.422487476463371e-05
6,47,12,0,0.0,0,0.0,margin,0.025,0.025,2000,0.4635,0.4417362201390271,0.4854037243125043,0.04,0.032256746939981165,0.04950693655877153,0.0275,0.021188498165677007,0.03562311151510701,0.001,0.0002742789176520342,0.003638934269038394,0.0,1.0842021724855044e-19,0.001917047281252934,0.3255,0.30531626073663215,0.3463527887645251,0.005382199541138149,0.21528798164552596,0.025064193856571763
6,47,12,0,0.0,half_delta,0.025,0,0.0,0.025,2000,0.0525,0.04355496702511128,0.06316079029161008,0.0,1.0842021724855044e-19,0.001917047281252934,0.1745,0.15849452035891382,0.19175347742118176,0.005,0.0027181808584985597,0.009179695949941846,1.0,0.9980829527187469,0.9999999999999998,1.0,0.9980829527187469,0.9999999999999998,0.0054059982951706565,0.21623993180682624,0.00012911632559753415
6,47,12,0,0.0,half_delta,0.025,margin,0.025,0.025,2000,0.0535,0.04446618753651597,0.06424573568564287,0.009,0.005700499728577407,0.014182040701612969,0.257,0.23832742289347897,0.27660426208520994,0.012,0.008077154276022635,0.017793883870480226,0.0,1.0842021724855044e-19,0.001917047281252934,0.344,0.32349766533155805,0.36510045342019276,0.005361763494260566,0.21447053977042263,0.02508668363152611
6,47,12,0,0.0,delta,0.05,0,0.0,0.025,2000,0.0025,0.0010683087284139143,0.005839153316432755,0.0,1.0842021724855044e-19,0.001917047281252934,0.616,0.5944817195328204,0.6370735254979288,0.0405,0.03270494331440327,0.05005682313706816,1.0,0.9980829527187469,0.9999999999999998,1.0,0.9980829527187469,0.9999999999999998,0.005399477016990539,0.21597908067962154,6.69960140445866e-05
6,47,12,0,0.0,delta,0.05,margin,0.025,0.025,2000,0.0015,0.0005102635836384819,0.004401032555770693,0.0,1.0842021724855044e-19,0.001917047281252934,0.738,0.7182854779032395,0.7568020075908841,0.091,0.07916698061730579,0.1044011640587591,0.0,1.0842021724855044e-19,0.001917047281252934,0.3425,0.3220221796329167,0.363581690260678,0.005447241980173052,0.2178896792069221,0.024900799942919535
6,47,12,half_limit,0.01899110076791385,0,0.0,0,0.0,0.025,2000,0.616,0.5944817195328204,0.6370735254979288,0.0115,0.007675227286212753,0.01719772790757136,0.0,1.0842021724855044e-19,0.001917047281252934,0.0,1.0842021724855044e-19,0.001917047281252934,0.0005,8.826773070546787e-05,0.0028268625032662133,0.9035,0.889774970136178,0.9156779727078507,0.021138617786467126,0.845544711458685,0.00014010930072433177
6,47,12,half_limit,0.01899110076791385,0,0.0,margin,0.025,0.025,2000,0.499,0.47710991149865634,0.5208939225959061,0.142,0.12738805517520033,0.1579845506781767,0.013,0.008886895534737305,0.01898030851720305,0.0,1.0842021724855044e-19,0.001917047281252934,0.0,1.0842021724855044e-19,0.001917047281252934,0.2775,0.2583169041326927,0.2975361819074648,0.021422263903028205,0.8568905561211282,0.0250545862571247
6,47,12,half_limit,0.01899110076791385,half_delta,0.025,0,0.0,0.025,2000,0.225,0.20723612332971553,0.24381825267497353,0.003,0.0013756299236301083,0.006529915073935308,0.0275,0.021188498165677007,0.03562311151510701,0.0,1.0842021724855044e-19,0.001917047281252934,0.0,1.0842021724855044e-19,0.001917047281252934,0.9125,0.8993120578362034,0.9241063781567628,0.021207458920170386,0.8482983568068154,0.0003679817506637486
6,47,12,half_limit,0.01899110076791385,half_delta,0.025,margin,0.025,0.025,2000,0.081,0.06983042853923943,0.09377605708245051,0.044,0.03585182041641652,0.05389652670408614,0.169,0.15321410271973138,0.18605498258045802,0.001,0.0002742789176520342,0.003638934269038394,0.0,1.0842021724855044e-19,0.001917047281252934,0.292,0.27248689798007886,0.3123105936889222,0.0212682100035503,0.850728400142012,0.025190540227522942
6,47,12,half_limit,0.01899110076791385,delta,0.05,0,0.0,0.025,2000,0.011,0.007275425411318251,0.016599446829747115,0.0,1.0842021724855044e-19,0.001917047281252934,0.266,0.2470967619787775,0.2858004161488489,0.0005,8.826773070546787e-05,0.0028268625032662133,0.0005,8.826773070546787e-05,0.0028268625032662133,0.9065,0.8929499767198155,0.9184914638405257,0.02113027939505578,0.8452111758022313,-0.0002652334724220592
6,47,12,half_limit,0.01899110076791385,delta,0.05,margin,0.025,0.025,2000,0.001,0.0002742789176520342,0.003638934269038394,0.0005,8.826773070546787e-05,0.0028268625032662133,0.6085,0.5869205913312101,0.6296634094087581,0.0085,0.005313767739685552,0.013570689737786079,0.0,1.0842021724855044e-19,0.001917047281252934,0.2845,0.2651544714958926,0.30467177588232724,0.021263607125837754,0.8505442850335101,0.025039667121316677
6,93,1,0,0.0,0,0.0,0,0.0,0.025,2000,0.048,0.03946691899074102,0.05826609175151162,0.0,1.0842021724855044e-19,0.001917047281252934,0.0425,0.03450117971009799,0.05225291855224844,0.001,0.0002742789176520342,0.003638934269038394,1.0,0.9980829527187469,0.9999999999999998,1.0,0.9980829527187469,0.9999999999999998,0.0038310669212468047,0.15324267684987217,-3.0249229333933965e-05
6,93,1,0,0.0,0,0.0,margin,0.025,0.025,2000,0.4405,0.4188772751220193,0.46235085350444977,0.0175,0.012609752959581211,0.024240197666827872,0.0225,0.01685787548400037,0.02997290466959618,0.001,0.0002742789176520342,0.003638934269038394,0.065,0.055007837621403224,0.07665999351328683,0.065,0.055007837621403224,0.07665999351328683,0.0037980987538166686,0.15192395015266674,0.025014377231633043
6,93,1,0,0.0,half_delta,0.025,0,0.0,0.025,2000,0.0105,0.006877887380873443,0.015998901907473176,0.0,1.0842021724855044e-19,0.001917047281252934,0.2605,0.24173648181135166,0.2801817838363685,0.013,0.008886895534737305,0.01898030851720305,1.0,0.9980829527187469,0.9999999999999998,1.0,0.9980829527187469,0.9999999999999998,0.003823669093422896,0.15294676373691585,-5.8261952660183165e-05
6,93,1,0,0.0,half_delta,0.025,margin,0.025,0.025,2000,0.0555,0.04629144858684901,0.06641280644618483,0.006,0.003435594376936234,0.010458448336941664,0.264,0.24514712228916352,0.28375772402758787,0.013,0.008886895534737305,0.01898030851720305,0.065,0.055007837621403224,0.07665999351328683,0.065,0.055007837621403224,0.07665999351328683,0.0038390365545931584,0.15356146218372632,0.025012172959648787
6,93,1,0,0.0,delta,0.05,0,0.0,0.025,2000,0.0,1.0842021724855044e-19,0.001917047281252934,0.0,1.0842021724855044e-19,0.001917047281252934,0.724,0.7039936445634307,0.7431475182545679,0.0805,0.06936493417594901,0.09324346849302219,1.0,0.9980829527187469,0.9999999999999998,1.0,0.9980829527187469,0.9999999999999998,0.003833962221189752,0.15335848884759007,-8.614212829237934e-06
6,93,1,0,0.0,delta,0.05,margin,0.025,0.025,2000,0.0,1.0842021724855044e-19,0.001917047281252934,0.0,1.0842021724855044e-19,0.001917047281252934,0.7145,0.6943093321283185,0.733868254588024,0.0955,0.08338376688235076,0.10916712436818286,0.062,0.05224755446133823,0.07343177895703933,0.062,0.05224755446133823,0.07343177895703933,0.0038626568587804755,0.154506274351219,0.024934805722349348
6,93,1,half_limit,0.01899110076791385,0,0.0,0,0.0,0.025,2000,0.2045,0.18739771047635959,0.22273526446686084,0.002,0.0007780273070510575,0.005131351785076866,0.0135,0.009294493997659236,0.019570793006999862,0.0005,8.826773070546787e-05,0.0028268625032662133,0.325,0.304825368785213,0.3458455977632255,0.325,0.304825368785213,0.3458455977632255,0.020857168541593918,0.8342867416637567,3.88065105594744e-06
6,93,1,half_limit,0.01899110076791385,0,0.0,margin,0.025,0.025,2000,0.415,0.39358894368635533,0.43673695435145754,0.0315,0.02469804258437448,0.0400982307181595,0.025,0.019014423503992475,0.032806771413197815,0.0,1.0842021724855044e-19,0.001917047281252934,0.0535,0.04446618753651597,0.06424573568564287,0.0535,0.04446618753651597,0.06424573568564287,0.020741715415142616,0.8296686166057046,0.024676069744441025
6,93,1,half_limit,0.01899110076791385,half_delta,0.025,0,0.0,0.025,2000,0.071,0.06054753478172682,0.08309729178558818,0.0005,8.826773070546787e-05,0.0028268625032662133,0.117,0.10364199138514973,0.13182646683229002,0.001,0.0002742789176520342,0.003638934269038394,0.3055,0.2857016368980114,0.32604409449439586,0.3055,0.2857016368980114,0.32604409449439586,0.02090461372194958,0.8361845488779831,0.000329463913460553
6,93,1,half_limit,0.01899110076791385,half_delta,0.025,margin,0.025,0.025,2000,0.0725,0.06193616869555324,0.08470290672991801,0.0095,0.006090240228609851,0.014790383154299275,0.215,0.19755057667839035,0.23354214027192374,0.007,0.0041743460559210965,0.011715862563394297,0.0475,0.03901402059617837,0.05772090719335553,0.0475,0.03901402059617837,0.05772090719335553,0.021235776839483286,0.8494310735793315,0.025324992074443928
6,93,1,half_limit,0.01899110076791385,delta,0.05,0,0.0,0.025,2000,0.0035,0.0016964316970424177,0.007207196253241745,0.0,1.0842021724855044e-19,0.001917047281252934,0.5285,0.506588839183156,0.5503018891218124,0.022,0.0164289081143177,0.0294037890865601,0.29,0.27053093918630444,0.31027422067182164,0.29,0.27053093918630444,0.31027422067182164,0.021411203414141704,0.8564481365656681,9.115895523166633e-05
6,93,1,half_limit,0.01899110076791385,delta,0.05,margin,0.025,0.025,2000,0.0005,8.826773070546787e-05,0.0028268625032662133,0.0005,8.826773070546787e-05,0.0028268625032662133,0.6335,0.6121452300862917,0.6543429182896137,0.0415,0.033602383185357104,0.05115554917155182,0.0475,0.03901402059617837,0.05772090719335553,0.0475,0.03901402059617837,0.05772090719335553,0.020933751866118983,0.8373500746447593,0.02504778050280484
6,93,2,0,0.0,0,0.0,0,0.0,0.025,2000,0.0595,0.04995260683841223,0.07073631181637158,0.0,1.0842021724855044e-19,0.001917047281252934,0.0365,0.02912975228047479,0.045647350549246665,0.001,0.0002742789176520342,0.003638934269038394,1.0,0.9980829527187469,0.9999999999999998,1.0,0.9980829527187469,0.9999999999999998,0.0038458667549106547,0.1538346701964262,2.7565758977896534e-05
6,93,2,0,0.0,0,0.0,margin,0.025,0.025,2000,0.467,0.445218854626545,0.4889076704940176,0.022,0.0164289081143177,0.0294037890865601,0.0205,0.01514715886374858,0.02769128947897298,0.001,0.0002742789176520342,0.003638934269038394,0.0185,0.013451349814109871,0.025394766717736703,0.11,0.09702766640529693,0.12446763047408034,0.0038122590960126893,0.15249036384050757,0.02502050329409277
6,93,2,0,0.0,half_delta,0.025,0,0.0,0.025,2000,0.02,0.014721726201265444,0.027118639188737373,0.0,1.0842021724855044e-19,0.001917047281252934,0.2065,0.18933020760743016,0.2247950991466652,0.0065,0.0038025964940741515,0.011089529172522494,1.0,0.9980829527187469,0.9999999999999998,1.0,0.9980829527187469,0.9999999999999998,0.003844163497177842,0.15376653988711367,-1.554935958122539e-05
6,93,2,0,0.0,half_delta,0.025,margin,0.025,0.025,2000,0.0515,0.042644720050338814,0.062074871360945055,0.0025,0.0010683087284139143,0.005839153316432755,0.258,0.23930127713475113,0.27762657374937527,0.0125,0.008481081388571086,0.018388039710650523,0.0165,0.01177282360725337,0.023080961113718216,0.121,0.10742889948295903,0.13602422235623068,0.0038667221961461162,0.15466888784584465,0.02496367979139096
6,93,2,0,0.0,delta,0.05,0,0.0,0.025,2000,0.0015,0.0005102635836384819,0.004401032555770693,0.0,1.0842021724855044e-19,0.001917047281252934,0.6825,0.6617654738724162,0.7025348038699263,0.0695,0.059160340573897574,0.08149023713526121,1.0,0.9980829527187469,0.9999999999999998,1.0,0.9980829527187469,0.9999999999999998,0.003841834025021634,0.15367336100086537,-8.963154112011308e-05
6,93,2,0,0.0,delta,0.05,margin,0.025,0.025,2000,0.001,0.0002742789176520342,0.003638934269038394,0.0,1.0842021724855044e-19,0.001917047281252934,0.7305,0.7106260883764738,0.7494901528268686,0.0975,0.08526070981102837,0.11128251325038024,0.014,0.009703783146220175,0.020159586811157672,0.106,0.09325577694146077,0.12025485631616652,0.003900837719449741,0.15603350877798963,0.02497652772311307
6,93,2,half_limit,0.01899110076791385,0,0.0,0,0.0,0.025,2000,0.3155,0.29550350721667695,0.3362038832301053,0.0025,0.0010683087284139143,0.005839153316432755,0.007,0.0041743460559210965,0.011715862563394297,0.0,1.0842021724855044e-19,0.001917047281252934,0.132,0.11786817910390121,0.1475427676951009,0.493,0.4711235114948243,0.5149033271671131,0.020772974819109398,0.8309189927643759,0.0001174075498161163
6,93,2,half_limit,0.01899110076791385,0,0.0,margin,0.025,0.025,2000,0.472,0.450195915853408,0.49391143879434196,0.0525,0.04355496702511128,0.06316079029161008,0.0195,0.014297256348690845,0.026545026088593226,0.0,1.0842021724855044e-19,0.001917047281252934,0.011,0.007275425411318251,0.016599446829747115,0.093,0.08104000170965553,0.10652047477728435,0.020911616865862015,0.8364646746344806,0.024692698165448626
6,93,2,half_limit,0.01899110076791385,half_delta,0.025,0,0.0,0.025,2000,0.102,0.08948985374022951,0.11603611589564782,0.0,1.0842021724855044e-19,0.001917047281252934,0.095,0.08291479680735943,0.10863801149045545,0.0005,8.826773070546787e-05,0.0028268625032662133,0.1255,0.11169516279841597,0.14074070561524243,0.5085,0.4865948134137185,0.5303725967825,0.020803582157392874,0.8321432862957149,-0.00018352250557298155
6,93,2,half_limit,0.01899110076791385,half_delta,0.025,margin,0.025,0.025,2000,0.078,0.06703950613485772,0.09057848177051976,0.025,0.019014423503992475,0.032806771413197815,0.202,0.18498302507432463,0.22015953510530212,0.0025,0.0010683087284139143,0.005839153316432755,0.006,0.003435594376936234,0.010458448336941664,0.0785,0.06750431532799306,0.09111175553010317,0.021064885078957055,0.8425954031582822,0.024777024998875793
6,93,2,half_limit,0.01899110076791385,delta,0.05,0,0.0,0.025,2000,0.002,0.0007780273070510575,0.005131351785076866,0.0,1.0842021724855044e-19,0.001917047281252934,0.463,0.4412387889910627,0.4849030725077499,0.009,0.005700499728577407,0.014182040701612969,0.112,0.09891575901603857,0.12657186967421372,0.5025,0.48060343126068417,0.5243869835029094,0.021042928956389685,0.8417171582555873,-0.0001504658852872348
6,93,2,half_limit,0.01899110076791385,delta,0.05,margin,0.025,0.025,2000,0.0005,8.826773070546787e-05,0.0028268625032662133,0.0005,8.826773070546787e-05,0.0028268625032662133,0.6225,0.6010390156006559,0.6434913078154373,0.0415,0.033602383185357104,0.05115554917155182,0.006,0.003435594376936234,0.010458448336941664,0.079,0.0679692639204037,0.09164488989041128,0.021201820528413552,0.848072821136542,0.025386711340283852
6,93,6,0,0.0,0,0.0,0,0.0,0.025,2000,0.114,0.10080523897679412,0.12867472152433315,0.0,1.0842021724855044e-19,0.001917047281252934,0.033,0.026022752700289677,0.041767769460400554,0.0005,8.826773070546787e-05,0.0028268625032662133,1.0,0.9980829527187469,0.9999999999999998,1.0,0.9980829527187469,0.9999999999999998,0.0038390235484134904,0.1535609419365396,8.09829896994885e-06
6,93,6,0,0.0,0,0.0,margin,0.025,0.025,2000,0.4425,0.420863144587703,0.464357315849641,0.0285,0.022062516054529094,0.03674525953169242,0.0245,0.01858163028213664,0.032241481682334906,0.0005,8.826773070546787e-05,0.0028268625032662133,0.001,0.0002742789176520342,0.003638934269038394,0.24,0.22179234080261478,0.2592045237836367,0.003854730074371147,0.15418920297484587,0.02502831509939155
6,93,6,0,0.0,half_delta,0.025,0,0.0,0.025,2000,0.0275,0.021188498165677007,0.03562311151510701,0.0,1.0842021724855044e-19,0.001917047281252934,0.193,0.17629898745996453,0.21087807957072474,0.0065,0.0038025964940741515,0.011089529172522494,1.0,0.9980829527187469,0.9999999999999998,1.0,0.9980829527187469,0.9999999999999998,0.0038635830632874624,0.1545433225314985,-1.7508172244946052e-06
6,93,6,0,0.0,half_delta,0.025,margin,0.025,0.025,2000,0.0525,0.04355496702511128,0.06316079029161008,0.007,0.0041743460559210965,0.011715862563394297,0.279,0.25978160014051965,0.2990657347577941,0.0145,0.01011467734679028,0.020746775563306317,0.001,0.0002742789176520342,0.003638934269038394,0.239,0.22082092237035653,0.2581797763104574,0.003870479657995614,0.15481918631982455,0.024988890312020198
6,93,6,0,0.0,delta,0.05,0,0.0,0.025,2000,0.0,1.0842021724855044e-19,0.001917047281252934,0.0,1.0842021724855044e-19,0.001917047281252934,0.691,0.6703987237896356,0.7108689641489256,0.065,0.055007837621403224,0.07665999351328683,1.0,0.9980829527187469,0.9999999999999998,1.0,0.9980829527187469,0.9999999999999998,0.0038820972106994815,0.15528388842797924,7.170962702323969e-06
6,93,6,0,0.0,delta,0.05,margin,0.025,0.025,2000,0.0,1.0842021724855044e-19,0.001917047281252934,0.0,1.0842021724855044e-19,0.001917047281252934,0.717,0.696856785116098,0.7363112163638381,0.092,0.08010326619960463,0.10546104438189775,0.0005,8.826773070546787e-05,0.0028268625032662133,0.234,0.21596595290745405,0.25305391624617246,0.003869153157997557,0.15476612631990228,0.024920221998707113
6,93,6,half_limit,0.01899110076791385,0,0.0,0,0.0,0.025,2000,0.5065,0.4845973363535631,0.5283777420317803,0.005,0.0027181808584985597,0.009179695949941846,0.005,0.0027181808584985597,0.009179695949941846,0.0,1.0842021724855044e-19,0.001917047281252934,0.006,0.003435594376936234,0.010458448336941664,0.8,0.7819018061397925,0.8169479654914557,0.020967152092597415,0.8386860837038965,8.36382189556953e-05
6,93,6,half_limit,0.01899110076791385,0,0.0,margin,0.025,0.025,2000,0.494,0.47212102629723074,0.5159019782701442,0.106,0.09325577694146077,0.12025485631616652,0.0115,0.007675227286212753,0.01719772790757136,0.0,1.0842021724855044e-19,0.001917047281252934,0.0,1.0842021724855044e-19,0.001917047281252934,0.182,0.16570477058207264,0.19951447148880416,0.020955581542765767,0.8382232617106307,0.02508094236181394
6,93,6,half_limit,0.01899110076791385,half_delta,0.025,0,0.0,0.025,2000,0.161,0.14554475026587133,0.1777550077908181,0.0005,8.826773070546787e-05,0.0028268625032662133,0.048,0.03946691899074102,0.05826609175151162,0.0,1.0842021724855044e-19,0.001917047281252934,0.005,0.0027181808584985597,0.009179695949941846,0.8105,0.7927352161406862,0.8270742974976557,0.021116840542821765,0.8446736217128705,0.00026853204393308794
6,93,6,half_limit,0.01899110076791385,half_delta,0.025,margin,0.025,0.025,2000,0.074,0.06332620153509969,0.08630712274852781,0.029,0.022500401616129873,0.03730545692281039,0.183,0.16666695547445123,0.20054845250186307,0.0,1.0842021724855044e-19,0.001917047281252934,0.0,1.0842021724855044e-19,0.001917047281252934,0.185,0.16859188991831542,0.20261584986887388,0.020902339389371107,0.8360935755748442,0.025103244646444242
6,93,6,half_limit,0.01899110076791385,delta,0.05,0,0.0,0.025,2000,0.01,0.006482767876552687,0.015395938459075187,0.0,1.0842021724855044e-19,0.001917047281252934,0.3555,0.334817286945448,0.37673673971883403,0.0005,8.826773070546787e-05,0.0028268625032662133,0.0075,0.004550377435809225,0.012337914136224913,0.8085,0.7906702069434384,0.8251469748840286,0.021093665233617817,0.8437466093447127,-8.318342171218792e-05
6,93,6,half_limit,0.01899110076791385,delta,0.05,margin,0.025,0.025,2000,0.001,0.0002742789176520342,0.003638934269038394,0.0,1.0842021724855044e-19,0.001917047281252934,0.589,0.5672862632632163,0.6103725023207207,0.0125,0.008481081388571086,0.018388039710650523,0.0,1.0842021724855044e-19,0.001917047281252934,0.193,0.17629898745996453,0.21087807957072474,0.021081165915411308,0.8432466366164523,0.024915722522220338
6,93,12,0,0.0,0,0.0,0,0.0,0.025,2000,0.135,0.1207213108764002,0.1506781336389144,0.0,1.0842021724855044e-19,0.001917047281252934,0.0345,0.027351694147721588,0.04343307687112489,0.0,1.0842021724855044e-19,0.001917047281252934,1.0,0.9980829527187469,0.9999999999999998,1.0,0.9980829527187469,0.9999999999999998,0.003825551051784671,0.15302204207138684,-1.1045353089517871e-05
6,93,12,0,0.0,0,0.0,margin,0.025,0.025,2000,0.469,0.44720941543097464,0.49090944150046284,0.037,0.029575304829629133,0.04619988095281107,0.025,0.019014423503992475,0.032806771413197815,0.0,1.0842021724855044e-19,0.001917047281252934,0.0005,8.826773070546787e-05,0.0028268625032662133,0.361,0.3402356931759409,0.3822972459682474,0.0038543629557936565,0.15417451823174624,0.024954963435602644
6,93,12,0,0.0,half_delta,0.025,0,0.0,0.025,2000,0.034,0.026908260159560583,0.042878427906567144,0.0,1.0842021724855044e-19,0.001917047281252934,0.206,0.188847021374138,0.22428020242723862,0.0035,0.0016964316970424177,0.007207196253241745,1.0,0.9980829527187469,0.9999999999999998,1.0,0.9980829527187469,0.9999999999999998,0.0038577985367718197,0.15431194147087277,-2.576202110465257e-05
6,93,12,0,0.0,half_delta,0.025,margin,0.025,0.025,2000,0.0465,0.03810906851120825,0.056629693372888146,0.007,0.0041743460559210965,0.011715862563394297,0.2595,0.24076230269098858,0.27915979705129407,0.0145,0.01011467734679028,0.020746775563306317,0.0,1.0842021724855044e-19,0.001917047281252934,0.3385,0.3180886772887613,0.3595305289830834,0.003841624020556057,0.15366496082224226,0.024999900761240163
6,93,12,0,0.0,delta,0.05,0,0.0,0.025,2000,0.0015,0.0005102635836384819,0.004401032555770693,0.0,1.0842021724855044e-19,0.001917047281252934,0.6695,0.6485767557412889,0.6897733652303664,0.061,0.05132898110812262,0.07235418640481744,1.0,0.9980829527187469,0.9999999999999998,1.0,0.9980829527187469,0.9999999999999998,0.0038172051495381065,0.15268820598152424,0.00011580135640152666
6,93,12,0,0.0,delta,0.05,margin,0.025,0.025,2000,0.0005,8.826773070546787e-05,0.0028268625032662133,0.0,1.0842021724855044e-19,0.001917047281252934,0.714,0.693799930595619,0.7333795731680047,0.1015,0.0890195479939982,0.11550833868916041,0.0,1.0842021724855044e-19,0.001917047281252934,0.3365,0.316122543677368,0.3575043307836017,0.0038445078927636534,0.15378031571054612,0.025097884228300227
6,93,12,half_limit,0.01899110076791385,0,0.0,0,0.0,0.025,2000,0.5985,0.5768472987601712,0.6197750429254221,0.0145,0.01011467734679028,0.020746775563306317,0.001,0.0002742789176520342,0.003638934269038394,0.0,1.0842021724855044e-19,0.001917047281252934,0.0005,8.826773070546787e-05,0.0028268625032662133,0.907,0.8934795252227157,0.9189599982903445,0.020926009433817117,0.8370403773526847,-9.372700111486648e-05
6,93,12,half_limit,0.01899110076791385,0,0.0,margin,0.025,0.025,2000,0.4985,0.476610924647677,0.5203948264941666,0.135,0.1207213108764002,0.1506781336389144,0.0115,0.007675227286212753,0.01719772790757136,0.0,1.0842021724855044e-19,0.001917047281252934,0.0,1.0842021724855044e-19,0.001917047281252934,0.305,0.28521183418932067,0.32553581425036787,0.021030214737192764,0.8412085894877105,0.024690578273777207
6,93,12,half_limit,0.01899110076791385,half_delta,0.025,0,0.0,0.025,2000,0.2195,0.20190717147290457,0.23816829205187826,0.0025,0.0010683087284139143,0.005839153316432755,0.032,0.025139125203291417,0.04065523105196132,0.0,1.0842021724855044e-19,0.001917047281252934,0.0005,8.826773070546787e-05,0.0028268625032662133,0.917,0.904094913280437,0.9283062692869981,0.02076750664009168,0.8307002656036672,-0.00025606964763378253
6,93,12,half_limit,0.01899110076791385,half_delta,0.025,margin,0.025,0.025,2000,0.0745,0.06378984993294572,0.08684155730340053,0.0365,0.02912975228047479,0.045647350549246665,0.1675,0.15177506619529307,0.18449977024674008,0.0005,8.826773070546787e-05,0.0028268625032662133,0.0,1.0842021724855044e-19,0.001917047281252934,0.306,0.28619146753956687,0.32655234680555917,0.02084678999817119,0.8338715999268476,0.024930236671674034
6,93,12,half_limit,0.01899110076791385,delta,0.05,0,0.0,0.025,2000,0.0105,0.006877887380873443,0.015998901907473176,0.001,0.0002742789176520342,0.003638934269038394,0.2685,0.2495345229290757,0.28835306996214444,0.0,1.0842021724855044e-19,0.001917047281252934,0.0,1.0842021724855044e-19,0.001917047281252934,0.917,0.904094913280437,0.9283062692869981,0.021017551880919222,0.8407020752367689,-4.3785295609606226e-05
6,93,12,half_limit,0.01899110076791385,delta,0.05,margin,0.025,0.025,2000,0.002,0.0007780273070510575,0.005131351785076866,0.0015,0.0005102635836384819,0.004401032555770693,0.608,0.5864167046182744,0.6291692131689748,0.0125,0.008481081388571086,0.018388039710650523,0.0005,8.826773070546787e-05,0.0028268625032662133,0.292,0.27248689798007886,0.3123105936889222,0.020979926038810052,0.839197041552402,0.024574714331548612
10,19,1,0,0.0,0,0.0,0,0.0,0.025,2000,0.0945,0.08244593448548859,0.10810879085960753,0.0,1.0842021724855044e-19,0.001917047281252934,0.0335,0.026465276470638475,0.042323328642770504,0.0,1.0842021724855044e-19,0.001917047281252934,1.0,0.9980829527187469,0.9999999999999998,1.0,0.9980829527187469,0.9999999999999998,0.006126103517550827,0.24504414070203306,0.00014199327095655836
10,19,1,0,0.0,0,0.0,margin,0.025,0.025,2000,0.4715,0.44969811087818734,0.4934111608168439,0.06,0.050411197114316506,0.07127580449318606,0.024,0.018149556703294482,0.03167547230845831,0.0015,0.0005102635836384819,0.004401032555770693,0.079,0.0679692639204037,0.09164488989041128,0.079,0.0679692639204037,0.09164488989041128,0.006131467574067118,0.24525870296268473,0.025043597901113025
10,19,1,0,0.0,half_delta,0.025,0,0.0,0.025,2000,0.017,0.012190680521843938,0.023661187151846397,0.0,1.0842021724855044e-19,0.001917047281252934,0.405,0.383688082269522,0.426676156713916,0.037,0.029575304829629133,0.04619988095281107,1.0,0.9980829527187469,0.9999999999999998,1.0,0.9980829527187469,0.9999999999999998,0.006230414568942232,0.24921658275768926,7.676757962748093e-05
10,19,1,0,0.0,half_delta,0.025,margin,0.025,0.025,2000,0.0215,0.016000780509074646,0.028833833739084404,0.0045,0.0023692806369618345,0.008530513218759823,0.4355,0.4139141651344704,0.4573331339648112,0.046,0.03765702335931109,0.05608365557206656,0.0765,0.06564592724758744,0.0889778117996338,0.0765,0.06564592724758744,0.0889778117996338,0.006158608206439127,0.24634432825756508,0.02490634500333113
10,19,1,0,0.0,delta,0.05,0,0.0,0.025,2000,0.0,1.0842021724855044e-19,0.001917047281252934,0.0,1.0842021724855044e-19,0.001917047281252934,0.9355,0.9238775789943177,0.9454526728237109,0.335,0.3146482151175497,0.35598441048526375,1.0,0.9980829527187469,0.9999999999999998,1.0,0.9980829527187469,0.9999999999999998,0.006099333487806023,0.24397333951224093,-0.00011917397579886609
10,19,1,0,0.0,delta,0.05,margin,0.025,0.025,2000,0.0,1.0842021724855044e-19,0.001917047281252934,0.0,1.0842021724855044e-19,0.001917047281252934,0.949,0.9384684614587503,0.9578100300826845,0.3845,0.3634203167201197,0.4060225212018496,0.0755,0.06471759454279065,0.08790997859899309,0.0755,0.06471759454279065,0.08790997859899309,0.006109663820994251,0.24438655283977004,0.024913629304760904
10,19,1,half_limit,0.01899110076791385,0,0.0,0,0.0,0.025,2000,0.2215,0.20384444010190392,0.2402233552337539,0.0,1.0842021724855044e-19,0.001917047281252934,0.019,0.013873784918301425,0.025970414566263898,0.0,1.0842021724855044e-19,0.001917047281252934,0.6105,0.5889363732061221,0.6316399593447211,0.6105,0.5889363732061221,0.6316399593447211,0.016310708929369228,0.6524283571747691,-0.00031296214400297753
10,19,1,half_limit,0.01899110076791385,0,0.0,margin,0.025,0.025,2000,0.4545,0.4327858343770351,0.4763886169255589,0.0665,0.05639044543582205,0.07827163455702424,0.0285,0.022062516054529094,0.03674525953169242,0.0015,0.0005102635836384819,0.004401032555770693,0.0545,0.045378356153563185,0.06532973297403316,0.0545,0.045378356153563185,0.06532973297403316,0.016336014514107627,0.6534405805643051,0.024711052813761413
10,19,1,half_limit,0.01899110076791385,half_delta,0.025,0,0.0,0.025,2000,0.0465,0.03810906851120825,0.056629693372888146,0.0005,8.826773070546787e-05,0.0028268625032662133,0.2555,0.23686688696484168,0.275070549155691,0.011,0.007275425411318251,0.016599446829747115,0.6075,0.585912841375584,0.6286749934589467,0.6075,0.585912841375584,0.6286749934589467,0.0163014510091705,0.6520580403668199,-0.00036057982402202713
10,19,1,half_limit,0.01899110076791385,half_delta,0.025,margin,0.025,0.025,2000,0.038,0.030467599928741894,0.04730375175913581,0.0135,0.009294493997659236,0.019570793006999862,0.36,0.33925030571320947,0.3812864675255413,0.029,0.022500401616129873,0.03730545692281039,0.0535,0.04446618753651597,0.06424573568564287,0.0535,0.04446618753651597,0.06424573568564287,0.01620415479096475,0.64816619163859,0.025116948801404144
10,19,1,half_limit,0.01899110076791385,delta,0.05,0,0.0,0.025,2000,0.0005,8.826773070546787e-05,0.0028268625032662133,0.0,1.0842021724855044e-19,0.001917047281252934,0.853,0.8368043125476514,0.8678422520717839,0.1735,0.15753398905899782,0.19071784281566026,0.602,0.5803718902668904,0.6232370320877338,0.602,0.5803718902668904,0.6232370320877338,0.0162997971846765,0.65199188738706,7.97851940064415e-05
10,19,1,half_limit,0.01899110076791385,delta,0.05,margin,0.025,0.025,2000,0.0,1.0842021724855044e-19,0.001917047281252934,0.0,1.0842021724855044e-19,0.001917047281252934,0.89,0.8755323695259196,0.9029723335947031,0.2815,0.2622233645335828,0.30161438512832456,0.058,0.04857807145401382,0.06911659834261377,0.058,0.04857807145401382,0.06911659834261377,0.016139402868955488,0.6455761147582195,0.02481845749159685
10,19,2,0,0.0,0,0.0,0,0.0,0.025,2000,0.16,0.14458705229539107,0.17671653985586086,0.0,1.0842021724855044e-19,0.001917047281252934,0.023,0.017287655978080053,0.030541207128235243,0.0005,8.826773070546787e-05,0.0028268625032662133,1.0,0.9980829527187469,0.9999999999999998,1.0,0.9980829527187469,0.9999999999999998,0.0062425087192773,0.24970034877109198,6.555902936617479e-05
10,19,2,0,0.0,0,0.0,margin,0.025,0.025,2000,0.4885,0.4666357769044239,0.5104083151830447,0.084,0.0726261614635203,0.09696882187448214,0.024,0.018149556703294482,0.03167547230845831,0.0005,8.826773070546787e-05,0.0028268625032662133,0.0205,0.01514715886374858,0.02769128947897298,0.1415,0.1269114335293511,0.15746308937130718,0.00622247259247311,0.2488989036989244,0.024902861358032713
10,19,2,0,0.0,half_delta,0.025,0,0.0,0.025,2000,0.018,0.01302999144428223,0.024818042134845595,0.0,1.0842021724855044e-19,0.001917047281252934,0.347,0.3264493237246694,0.3681372927433939,0.024,0.018149556703294482,0.03167547230845831,1.0,0.9980829527187469,0.9999999999999998,1.0,0.9980829527187469,0.9999999999999998,0.006180635406750505,0.2472254162700202,7.112118455784675e-05
10,19,2,0,0.0,half_delta,0.025,margin,0.025,0.025,2000,0.022,0.0164289081143177,0.0294037890865601,0.011,0.007275425411318251,0.016599446829747115,0.4455,0.4238426173342386,0.4673663408194179,0.045,0.03675381704471326,0.05499069598122689,0.017,0.012190680521843938,0.023661187151846397,0.1255,0.11169516279841597,0.14074070561524243,0.00619615268268103,0.2478461073072412,0.025091577218552538
10,19,2,0,0.0,delta,0.05,0,0.0,0.025,2000,0.0,1.0842021724855044e-19,0.001917047281252934,0.0,1.0842021724855044e-19,0.001917047281252934,0.922,0.9094215182294803,0.9329604938651423,0.3195,0.29942731808054834,0.3402647359879839,1.0,0.9980829527187469,0.9999999999999998,1.0,0.9980829527187469,0.9999999999999998,0.006224449377245399,0.24897797508981595,-6.216668034891552e-05
10,19,2,0,0.0,delta,0.05,margin,0.025,0.025,2000,0.0,1.0842021724855044e-19,0.001917047281252934,0.0,1.0842021724855044e-19,0.001917047281252934,0.946,0.9352121487009426,0.9550778451241797,0.402,0.38071961980590946,0.42365612146121606,0.0215,0.016000780509074646,0.028833833739084404,0.1355,0.12119707349524274,0.1512004539727906,0.006175981258421071,0.24703925033684282,0.024973173704729887
10,19,2,half_limit,0.01899110076791385,0,0.0,0,0.0,0.025,2000,0.341,0.3205469238852224,0.36206269715021605,0.001,0.0002742789176520342,0.003638934269038394,0.0105,0.006877887380873443,0.015998901907473176,0.0,1.0842021724855044e-19,0.001917047281252934,0.416,0.3945795337383561,0.4377425302048943,0.8145,0.7968674175650281,0.8309267596950638,0.016251274953446273,0.6500509981378508,0.00016592387456386792
10,19,2,half_limit,0.01899110076791385,0,0.0,margin,0.025,0.025,2000,0.5065,0.4845973363535631,0.5283777420317803,0.0985,0.08619980868374258,0.11233958028310354,0.0205,0.01514715886374858,0.02769128947897298,0.0,1.0842021724855044e-19,0.001917047281252934,0.014,0.009703783146220175,0.020159586811157672,0.1005,0.08807923318177419,0.11445248759594692,0.016241580389299515,0.6496632155719806,0.024879249320259127
10,19,2,half_limit,0.01899110076791385,half_delta,0.025,0,0.0,0.025,2000,0.058,0.04857807145401382,0.06911659834261377,0.0015,0.0005102635836384819,0.004401032555770693,0.1945,0.1777453490221474,0.21242596686669812,0.004,0.0020282466069651696,0.007873464296037741,0.4105,0.3891324199784798,0.43221073148486433,0.7975,0.7793252352144101,0.8145341216532443,0.016291387658612454,0.6516555063444981,-9.527768410991932e-05
10,19,2,half_limit,0.01899110076791385,half_delta,0.025,margin,0.025,0.025,2000,0.0405,0.03270494331440327,0.05005682313706816,0.0175,0.012609752959581211,0.024240197666827872,0.36,0.33925030571320947,0.3812864675255413,0.024,0.018149556703294482,0.03167547230845831,0.0125,0.008481081388571086,0.018388039710650523,0.092,0.08010326619960463,0.10546104438189775,0.016163636515498334,0.6465454606199333,0.024995536334916444
10,19,2,half_limit,0.01899110076791385,delta,0.05,0,0.0,0.025,2000,0.001,0.0002742789176520342,0.003638934269038394,0.0,1.0842021724855044e-19,0.001917047281252934,0.8075,0.7896379714018035,0.824183044520226,0.123,0.10932424977571716,0.13812120387434756,0.397,0.37577403750298083,0.4186208742369572,0.807,0.7891219204292752,0.8237010125400355,0.016237680498684154,0.6495072199473662,-0.00017384729411492743
10,19,2,half_limit,0.01899110076791385,delta,0.05,margin,0.025,0.025,2000,0.0,1.0842021724855044e-19,0.001917047281252934,0.0,1.0842021724855044e-19,0.001917047281252934,0.923,0.9104884888455166,0.9338896891545435,0.3035,0.28374259404553775,0.32401080553599454,0.0115,0.007675227286212753,0.01719772790757136,0.097,0.08479131615107749,0.11075382395761238,0.01599823147619458,0.6399292590477831,0.02499548654082912
10,19,6,0,0.0,0,0.0,0,0.0,0.025,2000,0.255,0.2363801073548883,0.2745592458129256,0.0,1.0842021724855044e-19,0.001917047281252934,0.0225,0.01685787548400037,0.02997290466959618,0.0,1.0842021724855044e-19,0.001917047281252934,1.0,0.9980829527187469,0.9999999999999998,1.0,0.9980829527187469,0.9999999999999998,0.0061448605064152225,0.2457944202566089,-0.00010235184202488096
10,19,6,0,0.0,0,0.0,margin,0.025,0.025,2000,0.472,0.450195915853408,0.49391143879434196,0.119,0.10553480426223787,0.13392598576607684,0.02,0.014721726201265444,0.027118639188737373,0.0,1.0842021724855044e-19,0.001917047281252934,0.0015,0.0005102635836384819,0.004401032555770693,0.2735,0.2544123895523303,0.2934560328660772,0.006207995484937534,0.24831981939750133,0.024896713434033203
10,19,6,0,0.0,half_delta,0.025,0,0.0,0.025,2000,0.0305,0.02381739549016912,0.03898271190692737,0.0,1.0842021724855044e-19,0.001917047281252934,0.3105,0.2906011940451635,0.3311253668744313,0.0175,0.012609752959581211,0.024240197666827872,1.0,0.9980829527187469,0.9999999999999998,1.0,0.9980829527187469,0.9999999999999998,0.006194459033755683,0.24777836135022732,0.00010699970790263363
10,19,6,0,0.0,half_delta,0.025,margin,0.025,0.025,2000,0.0225,0.01685787548400037,0.02997290466959618,0.008,0.0049302968532159265,0.012956077671536958,0.44,0.418380863539729,0.4618491821340213,0.046,0.03765702335931109,0.05608365557206656,0.003,0.0013756299236301083,0.006529915073935308,0.2595,0.24076230269098858,0.27915979705129407,0.0061996935481214025,0.2479877419248561,0.02491744457932002
10,19,6,0,0.0,delta,0.05,0,0.0,0.025,2000,0.0005,8.826773070546787e-05,0.0028268625032662133,0.0,1.0842021724855044e-19,0.001917047281252934,0.911,0.897719973128375,0.9227042140064351,0.2735,0.2544123895523303,0.2934560328660772,1.0,0.9980829527187469,0.9999999999999998,1.0,0.9980829527187469,0.9999999999999998,0.006152616297609795,0.2461046519043918,-0.00015094159993092525
10,19,6,0,0.0,delta,0.05,margin,0.025,0.025,2000,0.0,1.0842021724855044e-19,0.001917047281252934,0.0,1.0842021724855044e-19,0.001917047281252934,0.95,0.9395558910656041,0.9587187663812682,0.384,0.36292647450207105,0.4055182804671795,0.002,0.0007780273070510575,0.005131351785076866,0.2715,0.2524608701469119,0.29141522046062074,0.00620966326125727,0.2483865304502908,0.024962324539238002
10,19,6,half_limit,0.01899110076791385,0,0.0,0,0.0,0.025,2000,0.52,0.4980870968546681,0.5418362212540818,0.003,0.0013756299236301083,0.006529915073935308,0.001,0.0002742789176520342,0.003638934269038394,0.0,1.0842021724855044e-19,0.001917047281252934,0.1045,0.09184284051856186,0.11867354388090919,0.9655,0.9565669231288751,0.9726483058522783,0.01628061492254013,0.6512245969016052,-0.00013169777655502814
10,19,6,half_limit,0.01899110076791385,0,0.0,margin,0.025,0.025,2000,0.517,0.49508799393928304,0.5388468264531544,0.219,0.20142295024698076,0.23765443032508332,0.0175,0.012609752959581211,0.024240197666827872,0.0,1.0842021724855044e-19,0.001917047281252934,0.0,1.0842021724855044e-19,0.001917047281252934,0.1905,0.17388927376554605,0.20829737850154947,0.01623151072650815,0.649260429060326,0.025088010173913062
10,19,6,half_limit,0.01899110076791385,half_delta,0.025,0,0.0,0.025,2000,0.1,0.08760922541834984,0.11392441240665252,0.0015,0.0005102635836384819,0.004401032555770693,0.1195,0.1060082089322041,0.13445066404882938,0.002,0.0007780273070510575,0.005131351785076866,0.12,0.10648169331038138,0.13497526262337084,0.959,0.9493936413450841,0.9668465092507255,0.016158448864788365,0.6463379545915345,9.104272481560011e-06
10,19,6,half_limit,0.01899110076791385,half_delta,0.025,margin,0.025,0.025,2000,0.031,0.024257462141641817,0.03954072820817342,0.019,0.013873784918301425,0.025970414566263898,0.3455,0.3249733802642623,0.36661898734564474,0.0215,0.016000780509074646,0.028833833739084404,0.0005,8.826773070546787e-05,0.0028268625032662133,0.202,0.18498302507432463,0.22015953510530212,0.016172918963639597,0.6469167585455838,0.025107141671472395
10,19,6,half_limit,0.01899110076791385,delta,0.05,0,0.0,0.025,2000,0.0005,8.826773070546787e-05,0.0028268625032662133,0.0,1.0842021724855044e-19,0.001917047281252934,0.7225,0.7024638180925351,0.7416830958673073,0.077,0.06611031084545657,0.08951151115448341,0.1315,0.11739290085531223,0.14701996299097114,0.9735,0.9655014766396225,0.979683079585031,0.01616311358517168,0.6465245434068673,0.00019709741475790182
10,19,6,half_limit,0.01899110076791385,delta,0.05,margin,0.025,0.025,2000,0.001,0.0002742789176520342,0.003638934269038394,0.001,0.0002742789176520342,0.003638934269038394,0.901,0.8871320405740596,0.9133304875063756,0.2535,0.23491996651174732,0.2730251377979103,0.002,0.0007780273070510575,0.005131351785076866,0.204,0.18691468981734755,0.22222020217315414,0.016145504369079716,0.6458201747631886,0.02504089881917883
10,19,12,0,0.0,0,0.0,0,0.0,0.025,2000,0.3175,0.2974651961300736,0.33823452612758365,0.0,1.0842021724855044e-19,0.001917047281252934,0.0165,0.01177282360725337,0.023080961113718216,0.0,1.0842021724855044e-19,0.001917047281252934,0.9995,0.9971731374967338,0.9999117322692944,1.0,0.9980829527187469,0.9999999999999998,0.006168870853702758,0.2467548341481103,9.340669626801833e-05
10,19,12,0,0.0,0,0.0,margin,0.025,0.025,2000,0.4895,0.4676328982207936,0.5114073597721125,0.14,0.12548195561218853,0.15589831843031357,0.0205,0.01514715886374858,0.02769128947897298,0.0,1.0842021724855044e-19,0.001917047281252934,0.0,1.0842021724855044e-19,0.001917047281252934,0.3765,0.3555216996238141,0.39795181105465527,0.006222691588388009,0.24890766353552035,0.02494114153085545
10,19,12,0,0.0,half_delta,0.025,0,0.0,0.025,2000,0.0405,0.03270494331440327,0.05005682313706816,0.0,1.0842021724855044e-19,0.001917047281252934,0.284,0.26466587909352945,0.30416228533197165,0.012,0.008077154276022635,0.017793883870480226,0.9995,0.9971731374967338,0.9999117322692944,1.0,0.9980829527187469,0.9999999999999998,0.006154170497221679,0.24616681988886716,4.0426578959930184e-05
10,19,12,0,0.0,half_delta,0.025,margin,0.025,0.025,2000,0.029,0.022500401616129873,0.03730545692281039,0.017,0.012190680521843938,0.023661187151846397,0.456,0.43427706845902697,0.47789163170172316,0.0445,0.03630266512840682,0.054443764944814586,0.0005,8.826773070546787e-05,0.0028268625032662133,0.3545,0.3338324449400018,0.3757254158188427,0.006154423948483393,0.24617695793933572,0.02512905611633825
10,19,12,0,0.0,delta,0.05,0,0.0,0.025,2000,0.0,1.0842021724855044e-19,0.001917047281252934,0.0,1.0842021724855044e-19,0.001917047281252934,0.8925,0.8781646699770789,0.9053304479071373,0.2355,0.21742206984553905,0.2545920481662437,0.9995,0.9971731374967338,0.9999117322692944,1.0,0.9980829527187469,0.9999999999999998,0.006163890438226717,0.24655561752906868,-5.6751622528890165e-05
10,19,12,0,0.0,delta,0.05,margin,0.025,0.025,2000,0.0,1.0842021724855044e-19,0.001917047281252934,0.0,1.0842021724855044e-19,0.001917047281252934,0.942,0.9308834016573861,0.9514219285459862,0.4045,0.38319328072906367,0.4261728753016556,0.0,1.0842021724855044e-19,0.001917047281252934,0.3495,0.32890973544572255,0.3706672957859345,0.006179126053510611,0.24716504214042442,0.025088237701532946
10,19,12,half_limit,0.01899110076791385,0,0.0,0,0.0,0.025,2000,0.6365,0.6151762388440337,0.6573004072481842,0.008,0.0049302968532159265,0.012956077671536958,0.0005,8.826773070546787e-05,0.0028268625032662133,0.0,1.0842021724855044e-19,0.001917047281252934,0.028,0.021625209947844046,0.03618448268565872,0.989,0.9834005531702528,0.9927245745886817,0.016353665392728457,0.6541466157091382,0.0002917218043823353
10,19,12,half_limit,0.01899110076791385,0,0.0,margin,0.025,0.025,2000,0.508,0.48609541136198264,0.5298739158815173,0.252,0.23346012399824045,0.27149073145326097,0.0205,0.01514715886374858,0.02769128947897298,0.0,1.0842021724855044e-19,0.001917047281252934,0.0,1.0842021724855044e-19,0.001917047281252934,0.311,0.2910913019429493,0.3316333419293642,0.01614869349420986,0.6459477397683944,0.02478295277519599
10,19,12,half_limit,0.01899110076791385,half_delta,0.025,0,0.0,0.025,2000,0.132,0.11786817910390121,0.1475427676951009,0.0025,0.0010683087284139143,0.005839153316432755,0.0955,0.08338376688235076,0.10916712436818286,0.0,1.0842021724855044e-19,0.001917047281252934,0.023,0.017287655978080053,0.030541207128235243,0.9915,0.9864293102622139,0.9946862322603145,0.016198708522014098,0.6479483408805639,-2.0810593962863152e-05
10,19,12,half_limit,0.01899110076791385,half_delta,0.025,margin,0.025,0.025,2000,0.03,0.02337785471293825,0.03842416973143951,0.026,0.019882087677964753,0.033935273144663027,0.3625,0.34171395915993336,0.38381322884241115,0.0195,0.014297256348690845,0.026545026088593226,0.0,1.0842021724855044e-19,0.001917047281252934,0.3035,0.28374259404553775,0.32401080553599454,0.016244436879258396,0.6497774751703358,0.024856382622404655
10,19,12,half_limit,0.01899110076791385,delta,0.05,0,0.0,0.025,2000,0.001,0.0002742789176520342,0.003638934269038394,0.0,1.0842021724855044e-19,0.001917047281252934,0.689,0.6683666580706357,0.7089086980570506,0.04,0.032256746939981165,0.04950693655877153,0.0245,0.01858163028213664,0.032241481682334906,0.99,0.9846040615409247,0.9935172321234472,0.016211877566319373,0.6484751026527749,3.091572969887731e-05
10,19,12,half_limit,0.01899110076791385,delta,0.05,margin,0.025,0.025,2000,0.0,1.0842021724855044e-19,0.001917047281252934,0.0,1.0842021724855044e-19,0.001917047281252934,0.89,0.8755323695259196,0.9029723335947031,0.2315,0.21353981142967077,0.250489642960362,0.0,1.0842021724855044e-19,0.001917047281252934,0.2845,0.2651544714958926,0.30467177588232724,0.016154075729787852,0.646163029191514,0.025146419383262078
10,47,1,0,0.0,0,0.0,0,0.0,0.025,2000,0.0805,0.06936493417594901,0.09324346849302219,0.0,1.0842021724855044e-19,0.001917047281252934,0.031,0.024257462141641817,0.03954072820817342,0.0015,0.0005102635836384819,0.004401032555770693,1.0,0.9980829527187469,0.9999999999999998,1.0,0.9980829527187469,0.9999999999999998,0.003936047008392724,0.15744188033570894,-6.563598971241171e-05
10,47,1,0,0.0,0,0.0,margin,0.025,0.025,2000,0.492,0.47012608411848256,0.5139045886380174,0.072,0.061473133317261355,0.08416785915549115,0.0235,0.017718224361690932,0.031108721697343113,0.0,1.0842021724855044e-19,0.001917047281252934,0.0695,0.059160340573897574,0.08149023713526121,0.0695,0.059160340573897574,0.08149023713526121,0.003919784090862095,0.1567913636344838,0.024825050162871898
10,47,1,0,0.0,half_delta,0.025,0,0.0,0.025,2000,0.008,0.0049302968532159265,0.012956077671536958,0.0,1.0842021724855044e-19,0.001917047281252934,0.428,0.4064737042260029,0.44980235058249746,0.0335,0.026465276470638475,0.042323328642770504,1.0,0.9980829527187469,0.9999999999999998,1.0,0.9980829527187469,0.9999999999999998,0.003906862503927704,0.15627450015710814,7.492153298743515e-05
10,47,1,0,0.0,half_delta,0.025,margin,0.025,0.025,2000,0.0215,0.016000780509074646,0.028833833739084404,0.0075,0.004550377435809225,0.012337914136224913,0.467,0.445218854626545,0.4889076704940176,0.0485,0.03992009344287708,0.05881100025209431,0.0725,0.06193616869555324,0.08470290672991801,0.0725,0.06193616869555324,0.08470290672991801,0.003903100488067868,0.1561240195227147,0.024936723236704567
10,47,1,0,0.0,delta,0.05,0,0.0,0.025,2000,0.0,1.0842021724855044e-19,0.001917047281252934,0.0,1.0842021724855044e-19,0.001917047281252934,0.946,0.9352121487009426,0.9550778451241797,0.3845,0.3634203167201197,0.4060225212018496,1.0,0.9980829527187469,0.9999999999999998,1.0,0.9980829527187469,0.9999999999999998,0.003987219256858875,0.15948877027435499,3.150031953132487e-05
10,47,1,0,0.0,delta,0.05,margin,0.025,0.025,2000,0.0,1.0842021724855044e-19,0.001917047281252934,0.0,1.0842021724855044e-19,0.001917047281252934,0.949,0.9384684614587503,0.9578100300826845,0.42,0.3985428052945065,0.4417639222704939,0.081,0.06983042853923943,0.09377605708245051,0.081,0.06983042853923943,0.09377605708245051,0.0038881119357867333,0.15552447743146933,0.025038760811936
10,47,1,half_limit,0.01899110076791385,0,0.0,0,0.0,0.025,2000,0.2155,0.19803448672608792,0.23405631317694492,0.0005,8.826773070546787e-05,0.0028268625032662133,0.02,0.014721726201265444,0.027118639188737373,0.0005,8.826773070546787e-05,0.0028268625032662133,0.687,0.6663350327129758,0.7069479916038357,0.687,0.6663350327129758,0.7069479916038357,0.015453709838668592,0.6181483935467437,0.0002959184731200695
10,47,1,half_limit,0.01899110076791385,0,0.0,margin,0.025,0.025,2000,0.467,0.445218854626545,0.4889076704940176,0.0725,0.06193616869555324,0.08470290672991801,0.0265,0.020316920414969065,0.03449852336037745,0.0005,8.826773070546787e-05,0.0028268625032662133,0.055,0.04583478836864504,0.06587138371167006,0.055,0.04583478836864504,0.06587138371167006,0.01576078992867734,0.6304315971470936,0.024784645688800847
10,47,1,half_limit,0.01899110076791385,half_delta,0.025,0,0.0,0.025,2000,0.0425,0.03450117971009799,0.05225291855224844,0.0,1.0842021724855044e-19,0.001917047281252934,0.269,0.25002216940197686,0.288863506441962,0.0145,0.01011467734679028,0.020746775563306317,0.6765,0.655676134794168,0.6966471475155498,0.6765,0.655676134794168,0.6966471475155498,0.015350897893009023,0.6140359157203609,0.0001606208722317201
10,47,1,half_limit,0.01899110076791385,half_delta,0.025,margin,0.025,0.025,2000,0.033,0.026022752700289677,0.041767769460400554,0.0135,0.009294493997659236,0.019570793006999862,0.371,0.35009496132421736,0.39239963687434576,0.0285,0.022062516054529094,0.03674525953169242,0.046,0.03765702335931109,0.05608365557206656,0.046,0.03765702335931109,0.05608365557206656,0.015373475420572488,0.6149390168228994,0.02516553679903141
10,47,1,half_limit,0.01899110076791385,delta,0.05,0,0.0,0.025,2000,0.0,1.0842021724855044e-19,0.001917047281252934,0.0,1.0842021724855044e-19,0.001917047281252934,0.8605,0.844623401847952,0.8749944070622647,0.177,0.16089671809231565,0.19434169445137367,0.6745,0.6536472112354749,0.6946837392633679,0.6745,0.6536472112354749,0.6946837392633679,0.015527993022338302,0.6211197208935321,-2.9779428826222877e-05
10,47,1,half_limit,0.01899110076791385,delta,0.05,margin,0.025,0.025,2000,0.0005,8.826773070546787e-05,0.0028268625032662133,0.0005,8.826773070546787e-05,0.0028268625032662133,0.9125,0.8993120578362034,0.9241063781567628,0.316,0.29599388872795984,0.33671158467154116,0.056,0.04674833393876454,0.06695400404698805,0.056,0.04674833393876454,0.06695400404698805,0.015518513621622623,0.6207405448649048,0.02464101589777507
10,47,2,0,0.0,0,0.0,0,0.0,0.025,2000,0.104,0.09137205082544919,0.1181462506213031,0.0,1.0842021724855044e-19,0.001917047281252934,0.0375,0.030021256563230403,0.04675201217192855,0.002,0.0007780273070510575,0.005131351785076866,1.0,0.9980829527187469,0.9999999999999998,1.0,0.9980829527187469,0.9999999999999998,0.00391354093914254,0.15654163756570158,-6.27415176780248e-05
10,47,2,0,0.0,0,0.0,margin,0.025,0.025,2000,0.504,0.4821009817758073,0.5258836818459427,0.0755,0.06471759454279065,0.08790997859899309,0.0295,0.02293885238774463,0.037865089103914375,0.0,1.0842021724855044e-19,0.001917047281252934,0.02,0.014721726201265444,0.027118639188737373,0.133,0.11881894582357963,0.14858816688086,0.003976017405260294,0.15904069621041175,0.02501191535361621
10,47,2,0,0.0,half_delta,0.025,0,0.0,0.025,2000,0.0125,0.008481081388571086,0.018388039710650523,0.0,1.0842021724855044e-19,0.001917047281252934,0.3885,0.3673719069282892,0.4100555946154301,0.0345,0.027351694147721588,0.04343307687112489,1.0,0.9980829527187469,0.9999999999999998,1.0,0.9980829527187469,0.9999999999999998,0.00393332764674071,0.1573331058696284,-5.806759399608403e-06
10,47,2,0,0.0,half_delta,0.025,margin,0.025,0.025,2000,0.018,0.01302999144428223,0.024818042134845595,0.005,0.0027181808584985597,0.009179695949941846,0.4505,0.4288101840637623,0.4723796036170817,0.046,0.03765702335931109,0.05608365557206656,0.0175,0.012609752959581211,0.024240197666827872,0.1365,0.12214880212972688,0.152244891243744,0.003953215831477994,0.15812863325911974,0.024952542611422015
10,47,2,0,0.0,delta,0.05,0,0.0,0.025,2000,0.0,1.0842021724855044e-19,0.001917047281252934,0.0,1.0842021724855044e-19,0.001917047281252934,0.943,0.9319642649870394,0.9523372311217704,0.3475,0.3269413555414848,0.36864334387929726,1.0,0.9980829527187469,0.9999999999999998,1.0,0.9980829527187469,0.9999999999999998,0.003953835017521045,0.15815340070084177,-4.155578884556502e-05
10,47,2,0,0.0,delta,0.05,margin,0.025,0.025,2000,0.0,1.0842021724855044e-19,0.001917047281252934,0.0,1.0842021724855044e-19,0.001917047281252934,0.9585,0.9488444508284481,0.9663976168146429,0.4205,0.39903831657585415,0.44226649394186496,0.0175,0.012609752959581211,0.024240197666827872,0.1275,0.11359324283698286,0.14283495738755053,0.003984334006290187,0.15937336025160748,0.024947431381755963
10,47,2,half_limit,0.01899110076791385,0,0.0,0,0.0,0.025,2000,0.3215,0.3013898709056627,0.3422945149737445,0.002,0.0007780273070510575,0.005131351785076866,0.009,0.005700499728577407,0.014182040701612969,0.0,1.0842021724855044e-19,0.001917047281252934,0.5,0.4781079507511692,0.5218920492488308,0.8595,0.8435800264665468,0.8740416165382324,0.015433215774646278,0.6173286309858511,-0.00017689457792520265
10,47,2,half_limit,0.01899110076791385,0,0.0,margin,0.025,0.025,2000,0.4745,0.45268526995346203,0.4964124994578817,0.1105,0.0974995577117205,0.12499382212037552,0.023,0.017287655978080053,0.030541207128235243,0.0005,8.826773070546787e-05,0.0028268625032662133,0.01,0.006482767876552687,0.015395938459075187,0.096,0.08385284395816955,0.10969613024508282,0.015391973324596735,0.6156789329838693,0.02485188609668235
10,47,2,half_limit,0.01899110076791385,half_delta,0.025,0,0.0,0.025,2000,0.0485,0.03992009344287708,0.05881100025209431,0.0005,8.826773070546787e-05,0.0028268625032662133,0.221,0.2033600655726267,0.23970964681031237,0.0045,0.0023692806369618345,0.008530513218759823,0.4665,0.44472126939809276,0.4884071727697511,0.8665,0.8508892379702966,0.8807055663725449,0.015705085701972803,0.628203428078912,-0.00012699264231850565
10,47,2,half_limit,0.01899110076791385,half_delta,0.025,margin,0.025,0.025,2000,0.0315,0.02469804258437448,0.0400982307181595,0.0155,0.010940972933704062,0.021916645881830028,0.38,0.35897659276662947,0.4014834985808711,0.022,0.0164289081143177,0.0294037890865601,0.009,0.005700499728577407,0.014182040701612969,0.087,0.07542647321668068,0.10015700783763422,0.015455805102787143,0.6182322041114857,0.025057422708203134
10,47,2,half_limit,0.01899110076791385,delta,0.05,0,0.0,0.025,2000,0.0,1.0842021724855044e-19,0.001917047281252934,0.0,1.0842021724855044e-19,0.001917047281252934,0.8235,0.8061758502504,0.8395838201586294,0.1465,0.13168049828559023,0.16267485414225555,0.476,0.454179145666943,0.49791287260255696,0.863,0.8472329911935903,0.87737523248022,0.015386754347305635,0.6154701738922254,0.00010738233953260466
10,47,2,half_limit,0.01899110076791385,delta,0.05,margin,0.025,0.025,2000,0.0,1.0842021724855044e-19,0.001917047281252934,0.0,1.0842021724855044e-19,0.001917047281252934,0.9035,0.889774970136178,0.9156779727078507,0.2975,0.2778681720772992,0.3179082320716081,0.0095,0.006090240228609851,0.014790383154299275,0.0925,0.08057157812198121,0.10599081541223992,0.015468131559542436,0.6187252623816974,0.025180892511784986
10,47,6,0,0.0,0,0.0,0,0.0,0.025,2000,0.167,0.15129549177258156,0.18398126171673285,0.0,1.0842021724855044e-19,0.001917047281252934,0.028,0.021625209947844046,0.03618448268565872,0.0,1.0842021724855044e-19,0.001917047281252934,1.0,0.9980829527187469,0.9999999999999998,1.0,0.9980829527187469,0.9999999999999998,0.003923485956399467,0.1569394382559787,7.648680361636667e-05
10,47,6,0,0.0,0,0.0,margin,0.025,0.025,2000,0.483,0.46115317354684554,0.504912006060717,0.094,0.08197718067883394,0.10757946171354343,0.023,0.017287655978080053,0.030541207128235243,0.001,0.0002742789176520342,0.003638934269038394,0.0,1.0842021724855044e-19,0.001917047281252934,0.2695,0.25050984717313135,0.28937391162352627,0.003939859320365929,0.15759437281463715,0.02499994664076574
10,47,6,0,0.0,half_delta,0.025,0,0.0,0.025,2000,0.0155,0.010940972933704062,0.021916645881830028,0.0,1.0842021724855044e-19,0.001917047281252934,0.376,0.35502823934799654,0.39744718837775406,0.027,0.020752396241488,0.035061130486577274,1.0,0.9980829527187469,0.9999999999999998,1.0,0.9980829527187469,0.9999999999999998,0.0039259104595907235,0.15703641838362892,-3.430277236114833e-05
10,47,6,0,0.0,half_delta,0.025,margin,0.025,0.025,2000,0.0195,0.014297256348690845,0.026545026088593226,0.0075,0.004550377435809225,0.012337914136224913,0.4585,0.4367629006371017,0.48039621428724216,0.0525,0.04355496702511128,0.06316079029161008,0.001,0.0002742789176520342,0.003638934269038394,0.257,0.23832742289347897,0.27660426208520994,0.0039377749203843146,0.15751099681537256,0.025027766003504957
10,47,6,0,0.0,delta,0.05,0,0.0,0.025,2000,0.0,1.0842021724855044e-19,0.001917047281252934,0.0,1.0842021724855044e-19,0.001917047281252934,0.9365,0.9249532738540492,0.9463731438694168,0.333,0.31268280736972776,0.3539574864222107,1.0,0.9980829527187469,0.9999999999999998,1.0,0.9980829527187469,0.9999999999999998,0.003919294943812952,0.15677179775251807,2.319006017750709e-05
10,47,6,0,0.0,delta,0.05,margin,0.025,0.025,2000,0.0,1.0842021724855044e-19,0.001917047281252934,0.0,1.0842021724855044e-19,0.001917047281252934,0.951,0.9406443633026171,0.9596264600496927,0.426,0.4044904367400136,0.4477932862576117,0.003,0.0013756299236301083,0.006529915073935308,0.255,0.2363801073548883,0.2745592458129256,0.0039138485051565435,0.15655394020626173,0.025042408083865358
10,47,6,half_limit,0.01899110076791385,0,0.0,0,0.0,0.025,2000,0.496,0.47411631815405725,0.5178990182241926,0.0025,0.0010683087284139143,0.005839153316432755,0.0025,0.0010683087284139143,0.005839153316432755,0.0,1.0842021724855044e-19,0.001917047281252934,0.1835,0.16714811872611415,0.2010653722029189,0.9835,0.9769190388862818,0.9882271763927466,0.015433329493933431,0.6173331797573373,-5.521004867155835e-05
10,47,6,half_limit,0.01899110076791385,0,0.0,margin,0.025,0.025,2000,0.511,0.48909215158945685,0.5328656733703556,0.199,0.18208679439430286,0.2170672680690114,0.023,0.017287655978080053,0.030541207128235243,0.0,1.0842021724855044e-19,0.001917047281252934,0.0005,8.826773070546787e-05,0.0028268625032662133,0.2025,0.1854658783467556,0.2206747647855899,0.015557201513477528,0.622288060539101,0.025084794286344542
10,47,6,half_limit,0.01899110076791385,half_delta,0.025,0,0.0,0.025,2000,0.0985,0.08619980868374258,0.11233958028310354,0.0,1.0842021724855044e-19,0.001917047281252934,0.1365,0.12214880212972688,0.152244891243744,0.0025,0.0010683087284139143,0.005839153316432755,0.175,0.1589748608704663,0.19227121986234802,0.984,0.9775005335818276,0.9886437646499193,0.015378449123864291,0.6151379649545716,7.429765089443213e-05
10,47,6,half_limit,0.01899110076791385,half_delta,0.025,margin,0.025,0.025,2000,0.035,0.027795569156293554,0.04398728481527167,0.024,0.018149556703294482,0.03167547230845831,0.356,0.33530974530619484,0.37724236431080593,0.0205,0.01514715886374858,0.02769128947897298,0.0,1.0842021724855044e-19,0.001917047281252934,0.1975,0.18063925588488788,0.21552055772027012,0.015473011797555702,0.6189204719022281,0.025117693406363942
10,47,6,half_limit,0.01899110076791385,delta,0.05,0,0.0,0.025,2000,0.001,0.0002742789176520342,0.003638934269038394,0.0,1.0842021724855044e-19,0.001917047281252934,0.766,0.7469460837538275,0.784034047092546,0.0855,0.07402575867765614,0.09856347351850255,0.17,0.15417371960824247,0.18709153159738443,0.986,0.9798404131888422,0.9902962168537798,0.015562000568793316,0.6224800227517326,-0.00030287709298737605
10,47,6,half_limit,0.01899110076791385,delta,0.05,margin,0.025,0.025,2000,0.0,1.0842021724855044e-19,0.001917047281252934,0.0,1.0842021724855044e-19,0.001917047281252934,0.9025,0.8887174867496197,0.9147392901889715,0.281,0.2617349514473364,0.30110471526185234,0.0015,0.0005102635836384819,0.004401032555770693,0.209,0.1917467533223118,0.2273689681953773,0.015535131920565833,0.6214052768226332,0.024820506769258684
10,47,12,0,0.0,0,0.0,0,0.0,0.025,2000,0.1945,0.1777453490221474,0.21242596686669812,0.0,1.0842021724855044e-19,0.001917047281252934,0.021,0.015573520825817387,0.028263010469622922,0.0005,8.826773070546787e-05,0.0028268625032662133,1.0,0.9980829527187469,0.9999999999999998,1.0,0.9980829527187469,0.9999999999999998,0.003912199412892859,0.15648797651571433,6.0517277215885294e-05
10,47,12,0,0.0,0,0.0,margin,0.025,0.025,2000,0.4985,0.476610924647677,0.5203948264941666,0.1245,0.11074657034676971,0.13969313216145118,0.0195,0.014297256348690845,0.026545026088593226,0.001,0.0002742789176520342,0.003638934269038394,0.0,1.0842021724855044e-19,0.001917047281252934,0.35,0.32940189345498666,0.37117322072938913,0.003917566910848179,0.15670267643392716,0.02505634781095037
10,47,12,0,0.0,half_delta,0.025,0,0.0,0.025,2000,0.0255,0.019447915824308683,0.033371362045600345,0.0,1.0842021724855044e-19,0.001917047281252934,0.34,0.31956354816279,0.36104990696721095,0.0225,0.01685787548400037,0.02997290466959618,1.0,0.9980829527187469,0.9999999999999998,1.0,0.9980829527187469,0.9999999999999998,0.003939055500407474,0.15756222001629894,2.729754557765526e-05
10,47,12,0,0.0,half_delta,0.025,margin,0.025,0.025,2000,0.019,0.013873784918301425,0.025970414566263898,0.0065,0.0038025964940741515,0.011089529172522494,0.4495,0.42781649310232195,0.47137712867308457,0.047,0.038561402365168564,0.05717544247164658,0.001,0.0002742789176520342,0.003638934269038394,0.3705,0.3496017664248028,0.3918947488210416,0.003930362301838689,0.15721449207354757,0.025012638233231983
10,47,12,0,0.0,delta,0.05,0,0.0,0.025,2000,0.0005,8.826773070546787e-05,0.0028268625032662133,0.0,1.0842021724855044e-19,0.001917047281252934,0.9235,0.9110221882003662,0.9343540727524124,0.313,0.2930520083961643,0.3336649672870242,1.0,0.9980829527187469,0.9999999999999998,1.0,0.9980829527187469,0.9999999999999998,0.00393884897778736,0.1575539591114944,-6.649273965283903e-05
10,47,12,0,0.0,delta,0.05,margin,0.025,0.025,2000,0.0,1.0842021724855044e-19,0.001917047281252934,0.0,1.0842021724855044e-19,0.001917047281252934,0.957,0.9471988913295474,0.9650489274553872,0.43,0.40845733245578497,0.45181105416359035,0.0005,8.826773070546787e-05,0.0028268625032662133,0.379,0.3579893607671193,0.4004745646749438,0.00392396114336023,0.1569584457344092,0.0249705736379538
10,47,12,half_limit,0.01899110076791385,0,0.0,0,0.0,0.025,2000,0.586,0.5642687128250408,0.6074015550425838,0.0045,0.0023692806369618345,0.008530513218759823,0.002,0.0007780273070510575,0.005131351785076866,0.0,1.0842021724855044e-19,0.001917047281252934,0.055,0.04583478836864504,0.06587138371167006,0.993,0.9882841374366056,0.9958256539440788,0.015506759719889192,0.6202703887955676,-0.00014389350560292118
10,47,12,half_limit,0.01899110076791385,0,0.0,margin,0.025,0.025,2000,0.488,0.46613724904660636,0.5099087600881436,0.2485,0.23005499490004985,0.2679092798824203,0.019,0.013873784918301425,0.025970414566263898,0.0,1.0842021724855044e-19,0.001917047281252934,0.0,1.0842021724855044e-19,0.001917047281252934,0.284,0.26466587909352945,0.30416228533197165,0.015524249640027243,0.6209699856010897,0.024948687017386378
10,47,12,half_limit,0.01899110076791385,half_delta,0.025,0,0.0,0.025,2000,0.1195,0.1060082089322041,0.13445066404882938,0.0035,0.0016964316970424177,0.007207196253241745,0.102,0.08948985374022951,0.11603611589564782,0.0005,8.826773070546787e-05,0.0028268625032662133,0.0585,0.049036041566208714,0.06965671118313761,0.9955,0.9914694867812403,0.9976307193630382,0.015513566273596645,0.6205426509438657,-2.5610603232946695e-05
10,47,12,half_limit,0.01899110076791385,half_delta,0.025,margin,0.025,0.025,2000,0.0395,0.03180890787160705,0.0489566926744269,0.0295,0.02293885238774463,0.037865089103914375,0.379,0.3579893607671193,0.4004745646749438,0.0175,0.012609752959581211,0.024240197666827872,0.0,1.0842021724855044e-19,0.001917047281252934,0.277,0.2578287328672517,0.297026270220187,0.01546643153489772,0.6186572613959088,0.025025335862839476
10,47,12,half_limit,0.01899110076791385,delta,0.05,0,0.0,0.025,2000,0.0,1.0842021724855044e-19,0.001917047281252934,0.0,1.0842021724855044e-19,0.001917047281252934,0.711,0.6907441409517865,0.7304468650955247,0.0495,0.040827254610808245,0.059900004989600644,0.0645,0.05454732717628902,0.07612242100568228,0.9965,0.9927928037467583,0.9983035683029576,0.0154604818598442,0.618419274393768,0.00019485732047690534
10,47,12,half_limit,0.01899110076791385,delta,0.05,margin,0.025,0.025,2000,0.0,1.0842021724855044e-19,0.001917047281252934,0.0,1.0842021724855044e-19,0.001917047281252934,0.9065,0.8929499767198155,0.9184914638405257,0.2805,0.2612465684159116,0.3005950153405584,0.0,1.0842021724855044e-19,0.001917047281252934,0.272,0.25294870359172494,0.2919254699685264,0.015475045744262225,0.6190018297704889,0.025135988279688888
10,93,1,0,0.0,0,0.0,0,0.0,0.025,2000,0.039,0.03136143254939691,0.04840608504391829,0.0,1.0842021724855044e-19,0.001917047281252934,0.0415,0.033602383185357104,0.05115554917155182,0.001,0.0002742789176520342,0.003638934269038394,1.0,0.9980829527187469,0.9999999999999998,1.0,0.9980829527187469,0.9999999999999998,0.0027906137640591527,0.1116245505623661,2.7540935003914588e-05
10,93,1,0,0.0,0,0.0,margin,0.025,0.025,2000,0.4805,0.45866195647115976,0.502412808372809,0.0655,0.05546852874487852,0.07719738534253028,0.0225,0.01685787548400037,0.02997290466959618,0.0015,0.0005102635836384819,0.004401032555770693,0.069,0.05869826979779586,0.08095422495864418,0.069,0.05869826979779586,0.08095422495864418,0.0028232171220759278,0.1129286848830371,0.025032662430853017
10,93,1,0,0.0,half_delta,0.025,0,0.0,0.025,2000,0.003,0.0013756299236301083,0.006529915073935308,0.0,1.0842021724855044e-19,0.001917047281252934,0.433,0.4114334498318653,0.4548234345038225,0.041,0.03315349074927443,0.05060635865491575,1.0,0.9980829527187469,0.9999999999999998,1.0,0.9980829527187469,0.9999999999999998,0.002760520972561435,0.1104208389024574,-3.0421863819150296e-05
10,93,1,0,0.0,half_delta,0.025,margin,0.025,0.025,2000,0.0185,0.013451349814109871,0.025394766717736703,0.004,0.0020282466069651696,0.007873464296037741,0.454,0.43228880058927605,0.4758875677605992,0.0475,0.03901402059617837,0.05772090719335553,0.084,0.0726261614635203,0.09696882187448214,0.084,0.0726261614635203,0.09696882187448214,0.0027714168176970226,0.1108566727078809,0.024949142204215957
10,93,1,0,0.0,delta,0.05,0,0.0,0.025,2000,0.0,1.0842021724855044e-19,0.001917047281252934,0.0,1.0842021724855044e-19,0.001917047281252934,0.949,0.9384684614587503,0.9578100300826845,0.4185,0.39705640778591,0.4402560709209341,1.0,0.9980829527187469,0.9999999999999998,1.0,0.9980829527187469,0.9999999999999998,0.002798745378206203,0.11194981512824811,2.5486348299786757e-05
10,93,1,0,0.0,delta,0.05,margin,0.025,0.025,2000,0.0,1.0842021724855044e-19,0.001917047281252934,0.0,1.0842021724855044e-19,0.001917047281252934,0.959,0.9493936413450841,0.9668465092507255,0.417,0.39557021501833134,0.4387480148303565,0.089,0.07729578599356494,0.10228002687162495,0.089,0.07729578599356494,0.10228002687162495,0.0027532297864983836,0.11012919145993534,0.025007755914954338
10,93,1,half_limit,0.01899110076791385,0,0.0,0,0.0,0.025,2000,0.215,0.19755057667839035,0.23354214027192374,0.0,1.0842021724855044e-19,0.001917047281252934,0.0245,0.01858163028213664,0.032241481682334906,0.0005,8.826773070546787e-05,0.0028268625032662133,0.685,0.6643038454137323,0.7049868470922042,0.685,0.6643038454137323,0.7049868470922042,0.015272646088152857,0.6109058435261142,-1.3681495124767753e-06
10,93,1,half_limit,0.01899110076791385,0,0.0,margin,0.025,0.025,2000,0.4905,0.46863010699531177,0.5124063169030318,0.072,0.061473133317261355,0.08416785915549115,0.0235,0.017718224361690932,0.031108721697343113,0.0005,8.826773070546787e-05,0.0028268625032662133,0.0495,0.040827254610808245,0.059900004989600644,0.0495,0.040827254610808245,0.059900004989600644,0.015077920922838309,0.6031168369135324,0.02496053235808778
10,93,1,half_limit,0.01899110076791385,half_delta,0.025,0,0.0,0.025,2000,0.0385,0.03091432761660475,0.047855107023991705,0.001,0.0002742789176520342,0.003638934269038394,0.2825,0.2632002806762634,0.30263363489108147,0.0125,0.008481081388571086,0.018388039710650523,0.708,0.6876894063110777,0.727513102019921,0.708,0.6876894063110777,0.727513102019921,0.01521892203214948,0.6087568812859792,-0.0002539114439480264
10,93,1,half_limit,0.01899110076791385,half_delta,0.025,margin,0.025,0.025,2000,0.0345,0.027351694147721588,0.04343307687112489,0.016,0.011356235350080627,0.02249946641817221,0.37,0.3491085957690108,0.3913898365241148,0.03,0.02337785471293825,0.03842416973143951,0.043,0.03495107254461269,0.05280110867045247,0.043,0.03495107254461269,0.05280110867045247,0.015258205543397338,0.6103282217358935,0.025309455985004586
10,93,1,half_limit,0.01899110076791385,delta,0.05,0,0.0,0.025,2000,0.0,1.0842021724855044e-19,0.001917047281252934,0.0,1.0842021724855044e-19,0.001917047281252934,0.8625,0.846710940600441,0.8768992001206507,0.197,0.18015682931283034,0.21500490133960892,0.689,0.6683666580706357,0.7089086980570506,0.689,0.6683666580706357,0.7089086980570506,0.01532425166482358,0.6129700665929432,-3.584585509300328e-05
10,93,1,half_limit,0.01899110076791385,delta,0.05,margin,0.025,0.025,2000,0.0,1.0842021724855044e-19,0.001917047281252934,0.0,1.0842021724855044e-19,0.001917047281252934,0.906,0.8924205382864566,0.918022819321166,0.301,0.28129442275243555,0.321468562065503,0.0515,0.042644720050338814,0.062074871360945055,0.0515,0.042644720050338814,0.062074871360945055,0.015061521083753127,0.6024608433501251,0.02482031765637108
10,93,2,0,0.0,0,0.0,0,0.0,0.025,2000,0.074,0.06332620153509969,0.08630712274852781,0.0,1.0842021724855044e-19,0.001917047281252934,0.0435,0.03540128785854411,0.0533489763092398,0.0005,8.826773070546787e-05,0.0028268625032662133,1.0,0.9980829527187469,0.9999999999999998,1.0,0.9980829527187469,0.9999999999999998,0.0028046503806716336,0.11218601522686535,6.769041189347408e-05
10,93,2,0,0.0,0,0.0,margin,0.025,0.025,2000,0.4805,0.45866195647115976,0.502412808372809,0.0755,0.06471759454279065,0.08790997859899309,0.0265,0.020316920414969065,0.03449852336037745,0.0,1.0842021724855044e-19,0.001917047281252934,0.018,0.01302999144428223,0.024818042134845595,0.1325,0.11834352753837758,0.14806550221334328,0.0027881147274908405,0.11152458909963361,0.0250045698054168
10,93,2,0,0.0,half_delta,0.025,0,0.0,0.025,2000,0.0095,0.006090240228609851,0.014790383154299275,0.0,1.0842021724855044e-19,0.001917047281252934,0.45,0.42831332749237255,0.4718783772357527,0.0455,0.03720527135020145,0.05553732462845745,1.0,0.9980829527187469,0.9999999999999998,1.0,0.9980829527187469,0.9999999999999998,0.0027979670212594206,0.11191868085037682,-1.7019151566579855e-05
10,93,2,0,0.0,half_delta,0.025,margin,0.025,0.025,2000,0.025,0.019014423503992475,0.032806771413197815,0.0085,0.005313767739685552,0.013570689737786079,0.464,0.44223367331256824,0.48590435409168187,0.061,0.05132898110812262,0.07235418640481744,0.0205,0.01514715886374858,0.02769128947897298,0.1235,0.10979828036261141,0.13864525624017204,0.002815905824610056,0.11263623298440224,0.024973162553624858
10,93,2,0,0.0,delta,0.05,0,0.0,0.025,2000,0.0,1.0842021724855044e-19,0.001917047281252934,0.0,1.0842021724855044e-19,0.001917047281252934,0.9545,0.9444626753715425,0.9627947286497985,0.391,0.36984241783767074,0.4125754984696423,1.0,0.9980829527187469,0.9999999999999998,1.0,0.9980829527187469,0.9999999999999998,0.002796745027041978,0.11186980108167911,-3.657883743855772e-05
10,93,2,0,0.0,delta,0.05,margin,0.025,0.025,2000,0.0,1.0842021724855044e-19,0.001917047281252934,0.0,1.0842021724855044e-19,0.001917047281252934,0.957,0.9471988913295474,0.9650489274553872,0.421,0.39953385056116336,0.4427690429092745,0.0195,0.014297256348690845,0.026545026088593226,0.126,0.1121695714841233,0.14126437988225385,0.0027942167226642995,0.11176866890657197,0.025022749550051324
10,93,2,half_limit,0.01899110076791385,0,0.0,0,0.0,0.025,2000,0.285,0.26564309361769695,0.30518123671324165,0.0015,0.0005102635836384819,0.004401032555770693,0.0125,0.008481081388571086,0.018388039710650523,0.0,1.0842021724855044e-19,0.001917047281252934,0.5235,0.5015870468715085,0.5453228519062725,0.8825,0.8676485316803879,0.8958849271494533,0.015264399225200898,0.6105759690080359,-0.0002554676727559113
10,93,2,half_limit,0.01899110076791385,0,0.0,margin,0.025,0.025,2000,0.4805,0.45866195647115976,0.502412808372809,0.119,0.10553480426223787,0.13392598576607684,0.0265,0.020316920414969065,0.03449852336037745,0.0005,8.826773070546787e-05,0.0028268625032662133,0.007,0.0041743460559210965,0.011715862563394297,0.087,0.07542647321668068,0.10015700783763422,0.015150952222617916,0.6060380889047166,0.02503070619624668
10,93,2,half_limit,0.01899110076791385,half_delta,0.025,0,0.0,0.025,2000,0.0505,0.04173547326167801,0.06098795224416838,0.001,0.0002742789176520342,0.003638934269038394,0.236,0.21790751368923972,0.25510468727526175,0.0065,0.0038025964940741515,0.011089529172522494,0.4995,0.47760892019985307,0.521392996847428,0.861,0.8451451875937891,0.8754707042691462,0.015197390777515586,0.6078956311006234,-7.376382102925891e-06
10,93,2,half_limit,0.01899110076791385,half_delta,0.025,margin,0.025,0.025,2000,0.028,0.021625209947844046,0.03618448268565872,0.019,0.013873784918301425,0.025970414566263898,0.385,0.36391418265770603,0.40652673821698204,0.0365,0.02912975228047479,0.045647350549246665,0.0115,0.007675227286212753,0.01719772790757136,0.0845,0.07309256807381255,0.09750049821690863,0.015333584997425303,0.613343399897012,0.02468639030875183
10,93,2,half_limit,0.01899110076791385,delta,0.05,0,0.0,0.025,2000,0.0005,8.826773070546787e-05,0.0028268625032662133,0.0,1.0842021724855044e-19,0.001917047281252934,0.8355,0.8186120725317413,0.851101588742538,0.1555,0.140280173169077,0.17204067240770624,0.4975,0.4756130164970905,0.5193965687393156,0.8685,0.8529800370090288,0.8826070991446877,0.015281914274738222,0.6112765709895288,4.609419711599802e-05
10,93,2,half_limit,0.01899110076791385,delta,0.05,margin,0.025,0.025,2000,0.0,1.0842021724855044e-19,0.001917047281252934,0.0,1.0842021724855044e-19,0.001917047281252934,0.9255,0.9131584426965994,0.9362101500670542,0.3105,0.2906011940451635,0.3311253668744313,0.0135,0.009294493997659236,0.019570793006999862,0.0875,0.07589362184323717,0.10068794216379648,0.01538550683494392,0.6154202733977567,0.024977790564331966
10,93,6,0,0.0,0,0.0,0,0.0,0.025,2000,0.118,0.10458823578198477,0.13287638834089244,0.0,1.0842021724855044e-19,0.001917047281252934,0.0275,0.021188498165677007,0.03562311151510701,0.0,1.0842021724855044e-19,0.001917047281252934,1.0,0.9980829527187469,0.9999999999999998,1.0,0.9980829527187469,0.9999999999999998,0.0028070101742657004,0.11228040697062801,2.0207710381012483e-05
10,93,6,0,0.0,0,0.0,margin,0.025,0.025,2000,0.476,0.454179145666943,0.49791287260255696,0.0805,0.06936493417594901,0.09324346849302219,0.029,0.022500401616129873,0.03730545692281039,0.0005,8.826773070546787e-05,0.0028268625032662133,0.001,0.0002742789176520342,0.003638934269038394,0.2605,0.24173648181135166,0.2801817838363685,0.002796544858737944,0.11186179434951775,0.025005836531557656
10,93,6,0,0.0,half_delta,0.025,0,0.0,0.025,2000,0.0135,0.009294493997659236,0.019570793006999862,0.0,1.0842021724855044e-19,0.001917047281252934,0.391,0.36984241783767074,0.4125754984696423,0.034,0.026908260159560583,0.042878427906567144,1.0,0.9980829527187469,0.9999999999999998,1.0,0.9980829527187469,0.9999999999999998,0.0027867997882654637,0.11147199153061854,-7.044948365478393e-06
10,93,6,0,0.0,half_delta,0.025,margin,0.025,0.025,2000,0.0165,0.01177282360725337,0.023080961113718216,0.0045,0.0023692806369618345,0.008530513218759823,0.453,0.4312947994096908,0.47488540303474697,0.052,0.043099720209557914,0.06261795415444468,0.0015,0.0005102635836384819,0.004401032555770693,0.2695,0.25050984717313135,0.28937391162352627,0.0028108995263564597,0.11243598105425838,0.024963989502928684
10,93,6,0,0.0,delta,0.05,0,0.0,0.025,2000,0.0,1.0842021724855044e-19,0.001917047281252934,0.0,1.0842021724855044e-19,0.001917047281252934,0.9415,0.9303432888168623,0.9509639584337912,0.367,0.34615008208916165,0.3883598524876515,1.0,0.9980829527187469,0.9999999999999998,1.0,0.9980829527187469,0.9999999999999998,0.00279836327512021,0.1119345310048084,-2.322430007980006e-05
10,93,6,0,0.0,delta,0.05,margin,0.025,0.025,2000,0.0,1.0842021724855044e-19,0.001917047281252934,0.0,1.0842021724855044e-19,0.001917047281252934,0.96,0.9504930634412283,0.9677432530600187,0.432,0.41044132080375967,0.45381939762649065,0.002,0.0007780273070510575,0.005131351785076866,0.2725,0.25343656800967457,0.29243568850329554,0.002788549123683974,0.11154196494735896,0.024966958305727753
10,93,6,half_limit,0.01899110076791385,0,0.0,0,0.0,0.025,2000,0.485,0.4631465412059797,0.5069109702124578,0.0015,0.0005102635836384819,0.004401032555770693,0.0035,0.0016964316970424177,0.007207196253241745,0.0,1.0842021724855044e-19,0.001917047281252934,0.194,0.1772631843610461,0.21191004857508067,0.982,0.9751819578651543,0.9869700085557177,0.01519108768894211,0.6076435075576844,-0.00015051598254820658
10,93,6,half_limit,0.01899110076791385,0,0.0,margin,0.025,0.025,2000,0.494,0.47212102629723074,0.5159019782701442,0.191,0.1743711269973035,0.20881360822251077,0.0265,0.020316920414969065,0.03449852336037745,0.0,1.0842021724855044e-19,0.001917047281252934,0.0005,8.826773070546787e-05,0.0028268625032662133,0.199,0.18208679439430286,0.2170672680690114,0.015275220216578723,0.6110088086631489,0.02507674805232287
10,93,6,half_limit,0.01899110076791385,half_delta,0.025,0,0.0,0.025,2000,0.0905,0.07869900861825209,0.10387105310509405,0.0,1.0842021724855044e-19,0.001917047281252934,0.153,0.13788945597124522,0.1694409748419443,0.002,0.0007780273070510575,0.005131351785076866,0.2015,0.18450021393705596,0.21964426328985204,0.982,0.9751819578651543,0.9869700085557177,0.015281438350959973,0.6112575340383989,-0.00011637806366826995
10,93,6,half_limit,0.01899110076791385,half_delta,0.025,margin,0.025,0.025,2000,0.03,0.02337785471293825,0.03842416973143951,0.022,0.0164289081143177,0.0294037890865601,0.3815,0.3604576198164759,0.40299672038918094,0.025,0.019014423503992475,0.032806771413197815,0.0005,8.826773070546787e-05,0.0028268625032662133,0.1985,0.18160423854818175,0.21655174096241375,0.015255463687043369,0.6102185474817348,0.024895167924489342
10,93,6,half_limit,0.01899110076791385,delta,0.05,0,0.0,0.025,2000,0.0,1.0842021724855044e-19,0.001917047281252934,0.0,1.0842021724855044e-19,0.001917047281252934,0.755,0.735673828496995,0.773348477389566,0.0775,0.06657483756091465,0.09004506739174409,0.1915,0.1748530251159714,0.20932979305656163,0.9835,0.9769190388862818,0.9882271763927466,0.015251332243993703,0.610053289759748,-0.0002499951750825639
10,93,6,half_limit,0.01899110076791385,delta,0.05,margin,0.025,0.025,2000,0.0005,8.826773070546787e-05,0.0028268625032662133,0.0005,8.826773070546787e-05,0.0028268625032662133,0.9065,0.8929499767198155,0.9184914638405257,0.2785,0.2592933378195622,0.2985559141260328,0.0015,0.0005102635836384819,0.004401032555770693,0.188,0.17148068565539723,0.20571555184810456,0.015323378306141465,0.6129351322456585,0.025130021629243195
10,93,12,0,0.0,0,0.0,0,0.0,0.025,2000,0.1365,0.12214880212972688,0.152244891243744,0.0,1.0842021724855044e-19,0.001917047281252934,0.032,0.025139125203291417,0.04065523105196132,0.0,1.0842021724855044e-19,0.001917047281252934,1.0,0.9980829527187469,0.9999999999999998,1.0,0.9980829527187469,0.9999999999999998,0.0027947095282491005,0.11178838112996402,-5.722168507954654e-06
10,93,12,0,0.0,0,0.0,margin,0.025,0.025,2000,0.469,0.44720941543097464,0.49090944150046284,0.0915,0.07963506675642809,0.10493116087235554,0.029,0.022500401616129873,0.03730545692281039,0.002,0.0007780273070510575,0.005131351785076866,0.0,1.0842021724855044e-19,0.001917047281252934,0.3735,0.35256129877589387,0.394923714186263,0.0027964364990561157,0.11185745996224462,0.024992980695116757
10,93,12,0,0.0,half_delta,0.025,0,0.0,0.025,2000,0.017,0.012190680521843938,0.023661187151846397,0.0,1.0842021724855044e-19,0.001917047281252934,0.371,0.35009496132421736,0.39239963687434576,0.03,0.02337785471293825,0.03842416973143951,1.0,0.9980829527187469,0.9999999999999998,1.0,0.9980829527187469,0.9999999999999998,0.0027939757570119685,0.11175903028047873,5.2006894419483e-06
10,93,12,0,0.0,half_delta,0.025,margin,0.025,0.025,2000,0.0175,0.012609752959581211,0.024240197666827872,0.007,0.0041743460559210965,0.011715862563394297,0.4615,0.4397466277497131,0.48340098489094324,0.0485,0.03992009344287708,0.05881100025209431,0.0015,0.0005102635836384819,0.004401032555770693,0.381,0.3599639202839601,0.40249233696897796,0.0027823495905633005,0.11129398362253201,0.024969269657615648
10,93,12,0,0.0,delta,0.05,0,0.0,0.025,2000,0.0,1.0842021724855044e-19,0.001917047281252934,0.0,1.0842021724855044e-19,0.001917047281252934,0.938,0.9265682210429607,0.9477524455386617,0.321,0.3008991924215783,0.3417871105051102,1.0,0.9980829527187469,0.9999999999999998,1.0,0.9980829527187469,0.9999999999999998,0.002789269292820161,0.11157077171280644,-1.8617553688174636e-05
10,93,12,0,0.0,delta,0.05,margin,0.025,0.025,2000,0.0,1.0842021724855044e-19,0.001917047281252934,0.0,1.0842021724855044e-19,0.001917047281252934,0.9535,0.9433703066271119,0.9618909314887917,0.4345,0.41292181173318704,0.456329321460657,0.0,1.0842021724855044e-19,0.001917047281252934,0.3805,0.3594702445946584,0.40198792970556096,0.002788362319789448,0.11153449279157791,0.024930636138015713
10,93,12,half_limit,0.01899110076791385,0,0.0,0,0.0,0.025,2000,0.5745,0.5527090362649953,0.596005323690098,0.0065,0.0038025964940741515,0.011089529172522494,0.004,0.0020282466069651696,0.007873464296037741,0.0,1.0842021724855044e-19,0.001917047281252934,0.0725,0.06193616869555324,0.08470290672991801,0.997,0.9934700849260646,0.9986243700763698,0.0151830338616179,0.607321354464716,1.9444069508542604e-05
10,93,12,half_limit,0.01899110076791385,0,0.0,margin,0.025,0.025,2000,0.4855,0.46364493782474786,0.5074106565464084,0.2295,0.21159955216060602,0.24843757041855177,0.023,0.017287655978080053,0.030541207128235243,0.0,1.0842021724855044e-19,0.001917047281252934,0.0,1.0842021724855044e-19,0.001917047281252934,0.3055,0.2857016368980114,0.32604409449439586,0.0152472023758555,0.60988809503422,0.024866464217745608
10,93,12,half_limit,0.01899110076791385,half_delta,0.025,0,0.0,0.025,2000,0.106,0.09325577694146077,0.12025485631616652,0.002,0.0007780273070510575,0.005131351785076866,0.118,0.10458823578198477,0.13287638834089244,0.0015,0.0005102635836384819,0.004401032555770693,0.0735,0.06286270425155069,0.08577253707935806,0.997,0.9934700849260646,0.9986243700763698,0.01521527872892271,0.6086111491569083,-0.0001470226996767763
10,93,12,half_limit,0.01899110076791385,half_delta,0.025,margin,0.025,0.025,2000,0.03,0.02337785471293825,0.03842416973143951,0.023,0.017287655978080053,0.030541207128235243,0.3875,0.3663838675372123,0.4090474681010695,0.0235,0.017718224361690932,0.031108721697343113,0.0,1.0842021724855044e-19,0.001917047281252934,0.3025,0.28276324098998246,0.32299399268611234,0.015236839527342203,0.6094735810936881,0.024926751484959583
10,93,12,half_limit,0.01899110076791385,delta,0.05,0,0.0,0.025,2000,0.0,1.0842021724855044e-19,0.001917047281252934,0.0,1.0842021724855044e-19,0.001917047281252934,0.72,0.69991471468443,0.7392417845118187,0.0575,0.04812031303342549,0.06857627381048334,0.0735,0.06286270425155069,0.08577253707935806,0.996,0.9921265357039621,0.9979717533930348,0.015312456057965182,0.6124982423186073,0.00019159749327733944
10,93,12,half_limit,0.01899110076791385,delta,0.05,margin,0.025,0.025,2000,0.0,1.0842021724855044e-19,0.001917047281252934,0.0,1.0842021724855044e-19,0.001917047281252934,0.913,0.8998429921623659,0.9245735267833193,0.2925,0.27297596038523714,0.3128196142364827,0.0,1.0842021724855044e-19,0.001917047281252934,0.2945,0.27493249952422544,0.3148554069083694,0.015235790430504617,0.6094316172201847,0.025039058695480555
14,19,1,0,0.0,0,0.0,0,0.0,0.025,2000,0.1195,0.1060082089322041,0.13445066404882938,0.0,1.0842021724855044e-19,0.001917047281252934,0.0395,0.03180890787160705,0.0489566926744269,0.001,0.0002742789176520342,0.003638934269038394,1.0,0.9980829527187469,0.9999999999999998,1.0,0.9980829527187469,0.9999999999999998,0.0051072112869240014,0.20428845147696004,6.195015346059935e-05
14,19,1,0,0.0,0,0.0,margin,0.025,0.025,2000,0.4895,0.4676328982207936,0.5114073597721125,0.1245,0.11074657034676971,0.13969313216145118,0.027,0.020752396241488,0.035061130486577274,0.0005,8.826773070546787e-05,0.0028268625032662133,0.088,0.07636089079305232,0.10121875616670008,0.088,0.07636089079305232,0.10121875616670008,0.005092984508922141,0.2037193803568856,0.02501927870363354
14,19,1,0,0.0,half_delta,0.025,0,0.0,0.025,2000,0.0045,0.0023692806369618345,0.008530513218759823,0.0,1.0842021724855044e-19,0.001917047281252934,0.522,0.5000869368168238,0.5438287131028011,0.0735,0.06286270425155069,0.08577253707935806,1.0,0.9980829527187469,0.9999999999999998,1.0,0.9980829527187469,0.9999999999999998,0.005114281209011634,0.20457124836046536,-6.923705057758414e-05
14,19,1,0,0.0,half_delta,0.025,margin,0.025,0.025,2000,0.0105,0.006877887380873443,0.015998901907473176,0.006,0.003435594376936234,0.010458448336941664,0.5885,0.5667832809403786,0.6098774016908397,0.1035,0.09090135668779638,0.11761886180623717,0.0855,0.07402575867765614,0.09856347351850255,0.0855,0.07402575867765614,0.09856347351850255,0.005108797778996489,0.20435191115985954,0.02500444749976127
14,19,1,0,0.0,delta,0.05,0,0.0,0.025,2000,0.0,1.0842021724855044e-19,0.001917047281252934,0.0,1.0842021724855044e-19,0.001917047281252934,0.99,0.9846040615409247,0.9935172321234472,0.682,0.6612578808952767,0.7020443138943473,1.0,0.9980829527187469,0.9999999999999998,1.0,0.9980829527187469,0.9999999999999998,0.0050954516394651084,0.20381806557860432,1.8839046063998472e-05
14,19,1,0,0.0,delta,0.05,margin,0.025,0.025,2000,0.0,1.0842021724855044e-19,0.001917047281252934,0.0,1.0842021724855044e-19,0.001917047281252934,0.992,0.9870439223284629,0.995069703146784,0.758,0.7387464009628544,0.7762644026400192,0.0815,0.07029605647844997,0.09430851209595872,0.0815,0.07029605647844997,0.09430851209595872,0.005140501656378315,0.2056200662551326,0.025010865195808037
14,19,1,half_limit,0.01899110076791385,0,0.0,0,0.0,0.025,2000,0.221,0.2033600655726267,0.23970964681031237,0.0005,8.826773070546787e-05,0.0028268625032662133,0.023,0.017287655978080053,0.030541207128235243,0.0,1.0842021724855044e-19,0.001917047281252934,0.8225,0.8051408098710463,0.8386226946325456,0.8225,0.8051408098710463,0.8386226946325456,0.01343859133303001,0.5375436533212004,-0.00040573698859374584
14,19,1,half_limit,0.01899110076791385,0,0.0,margin,0.025,0.025,2000,0.5005,0.47860700315257176,0.5223910798001468,0.1355,0.12119707349524274,0.1512004539727906,0.0215,0.016000780509074646,0.028833833739084404,0.0,1.0842021724855044e-19,0.001917047281252934,0.054,0.0449221548758202,0.0647878512990574,0.054,0.0449221548758202,0.0647878512990574,0.013419147783994629,0.5367659113597851,0.025149179013187462
14,19,1,half_limit,0.01899110076791385,half_delta,0.025,0,0.0,0.025,2000,0.019,0.013873784918301425,0.025970414566263898,0.0005,8.826773070546787e-05,0.0028268625032662133,0.381,0.3599639202839601,0.40249233696897796,0.031,0.024257462141641817,0.03954072820817342,0.8245,0.8072110873800707,0.8405447489343961,0.8245,0.8072110873800707,0.8405447489343961,0.013480770464244425,0.539230818569777,-0.00016074209981292427
14,19,1,half_limit,0.01899110076791385,half_delta,0.025,margin,0.025,0.025,2000,0.012,0.008077154276022635,0.017793883870480226,0.0065,0.0038025964940741515,0.011089529172522494,0.522,0.5000869368168238,0.5438287131028011,0.069,0.05869826979779586,0.08095422495864418,0.0545,0.045378356153563185,0.06532973297403316,0.0545,0.045378356153563185,0.06532973297403316,0.01346768829978285,0.5387075319913139,0.024776127531058206
14,19,1,half_limit,0.01899110076791385,delta,0.05,0,0.0,0.025,2000,0.0,1.0842021724855044e-19,0.001917047281252934,0.0,1.0842021724855044e-19,0.001917047281252934,0.9595,0.9499431768629318,0.9672950566855967,0.4795,0.4576656229232075,0.5014129760153236,0.8185,0.8010025901242357,0.8347762507576062,0.8185,0.8010025901242357,0.8347762507576062,0.013425514832084075,0.5370205932833629,-0.00017160954891233925
14,19,1,half_limit,0.01899110076791385,delta,0.05,margin,0.025,0.025,2000,0.0,1.0842021724855044e-19,0.001917047281252934,0.0,1.0842021724855044e-19,0.001917047281252934,0.9745,0.9666286379543997,0.9805520841756913,0.5875,0.5657773850317163,0.6088871316940645,0.046,0.03765702335931109,0.05608365557206656,0.046,0.03765702335931109,0.05608365557206656,0.013370368687461474,0.5348147474984589,0.025046191433384914
14,19,2,0,0.0,0,0.0,0,0.0,0.025,2000,0.1535,0.1383674835549553,0.16996103021095296,0.0,1.0842021724855044e-19,0.001917047281252934,0.0275,0.021188498165677007,0.03562311151510701,0.0,1.0842021724855044e-19,0.001917047281252934,1.0,0.9980829527187469,0.9999999999999998,1.0,0.9980829527187469,0.9999999999999998,0.005088376196836135,0.2035350478734454,-5.13887803476795e-05
14,19,2,0,0.0,0,0.0,margin,0.025,0.025,2000,0.4925,0.47062478687792897,0.5144039688312897,0.189,0.1724439847429343,0.206748418666005,0.025,0.019014423503992475,0.032806771413197815,0.0015,0.0005102635836384819,0.004401032555770693,0.022,0.0164289081143177,0.0294037890865601,0.141,0.12643487619659935,0.1569415637513402,0.005103416998026118,0.2041366799210447,0.025065453891488787
14,19,2,0,0.0,half_delta,0.025,0,0.0,0.025,2000,0.0075,0.004550377435809225,0.012337914136224913,0.0,1.0842021724855044e-19,0.001917047281252934,0.5155,0.4935887380010535,0.5373518335332275,0.0625,0.05270713160648804,0.07397028476460826,1.0,0.9980829527187469,0.9999999999999998,1.0,0.9980829527187469,0.9999999999999998,0.005131902853867044,0.20527611415468175,-2.0437783505056632e-05
14,19,2,0,0.0,half_delta,0.025,margin,0.025,0.025,2000,0.009,0.005700499728577407,0.014182040701612969,0.0055,0.003073897009543817,0.009822062751615332,0.593,0.5713109483668276,0.6143324808388592,0.1,0.08760922541834984,0.11392441240665252,0.024,0.018149556703294482,0.03167547230845831,0.146,0.13120331023942233,0.1621539592357047,0.0050950506794197395,0.20380202717678958,0.02497827045878097
14,19,2,0,0.0,delta,0.05,0,0.0,0.025,2000,0.0,1.0842021724855044e-19,0.001917047281252934,0.0,1.0842021724855044e-19,0.001917047281252934,0.9905,0.9852096168457007,0.9939097597713902,0.6715,0.6506046214575139,0.6917378313250164,1.0,0.9980829527187469,0.9999999999999998,1.0,0.9980829527187469,0.9999999999999998,0.0050976449833087445,0.20390579933234976,1.7380307885692178e-05
14,19,2,0,0.0,delta,0.05,margin,0.025,0.025,2000,0.0,1.0842021724855044e-19,0.001917047281252934,0.0,1.0842021724855044e-19,0.001917047281252934,0.993,0.9882841374366056,0.9958256539440788,0.736,0.7162422759724121,0.7548528777108365,0.021,0.015573520825817387,0.028263010469622922,0.1425,0.1278647408518039,0.15850594795429188,0.005109196620543865,0.2043678648217546,0.024985050734730722
14,19,2,half_limit,0.01899110076791385,0,0.0,0,0.0,0.025,2000,0.3485,0.32792549501681195,0.3696553703094076,0.0005,8.826773070546787e-05,0.0028268625032662133,0.011,0.007275425411318251,0.016599446829747115,0.0,1.0842021724855044e-19,0.001917047281252934,0.7085,0.6881984558973853,0.7280021353863322,0.9425,0.9314237261895166,0.9518796869665744,0.013283103324807534,0.5313241329923013,-4.520048459457731e-05
14,19,2,half_limit,0.01899110076791385,0,0.0,margin,0.025,0.025,2000,0.5035,0.48160177641921836,0.5253848042498127,0.1885,0.17196231241451954,0.206232008041701,0.0275,0.021188498165677007,0.03562311151510701,0.0005,8.826773070546787e-05,0.0028268625032662133,0.014,0.009703783146220175,0.020159586811157672,0.0955,0.08338376688235076,0.10916712436818286,0.013296673934011339,0.5318669573604535,0.02498117926540101
14,19,2,half_limit,0.01899110076791385,half_delta,0.025,0,0.0,0.025,2000,0.0245,0.01858163028213664,0.032241481682334906,0.0,1.0842021724855044e-19,0.001917047281252934,0.3475,0.3269413555414848,0.36864334387929726,0.018,0.01302999144428223,0.024818042134845595,0.724,0.7039936445634307,0.7431475182545679,0.951,0.9406443633026171,0.9596264600496927,0.013438736214024851,0.5375494485609941,-0.00020625655896304294
14,19,2,half_limit,0.01899110076791385,half_delta,0.025,margin,0.025,0.025,2000,0.012,0.008077154276022635,0.017793883870480226,0.01,0.006482767876552687,0.015395938459075187,0.51,0.4880931507308387,0.5318685083235363,0.0735,0.06286270425155069,0.08577253707935806,0.015,0.010527098037106688,0.021332437825708653,0.1035,0.09090135668779638,0.11761886180623717,0.01348198292442199,0.5392793169768796,0.025027336246795606
14,19,2,half_limit,0.01899110076791385,delta,0.05,0,0.0,0.025,2000,0.0,1.0842021724855044e-19,0.001917047281252934,0.0,1.0842021724855044e-19,0.001917047281252934,0.9695,0.9610172880930726,0.9761826045098309,0.439,0.41738810737257864,0.46084577239573415,0.7185,0.6983856148716754,0.737776635466417,0.958,0.9482955994324269,0.9659483852579451,0.013492582411804935,0.5397032964721974,6.786976365022778e-05
14,19,2,half_limit,0.01899110076791385,delta,0.05,margin,0.025,0.025,2000,0.0,1.0842021724855044e-19,0.001917047281252934,0.0,1.0842021724855044e-19,0.001917047281252934,0.98,0.9728813608112625,0.9852782737987344,0.6,0.5783576985854537,0.6212588919582955,0.012,0.008077154276022635,0.017793883870480226,0.092,0.08010326619960463,0.10546104438189775,0.013506419453587437,0.5402567781434975,0.025073719042217432
14,19,6,0,0.0,0,0.0,0,0.0,0.025,2000,0.273,0.2539244633475303,0.2929458761181584,0.0,1.0842021724855044e-19,0.001917047281252934,0.021,0.015573520825817387,0.028263010469622922,0.001,0.0002742789176520342,0.003638934269038394,1.0,0.9980829527187469,0.9999999999999998,1.0,0.9980829527187469,0.9999999999999998,0.005109685117748279,0.20438740470993116,-6.540336673559671e-05
14,19,6,0,0.0,0,0.0,margin,0.025,0.025,2000,0.5,0.4781079507511692,0.5218920492488308,0.2365,0.21839299316762395,0.25561729074959627,0.019,0.013873784918301425,0.025970414566263898,0.0015,0.0005102635836384819,0.004401032555770693,0.002,0.0007780273070510575,0.005131351785076866,0.296,0.2764002066693194,0.31638194862143165,0.00512384348607311,0.2049537394429244,0.024936246458719932
14,19,6,0,0.0,half_delta,0.025,0,0.0,0.025,2000,0.0115,0.007675227286212753,0.01719772790757136,0.0,1.0842021724855044e-19,0.001917047281252934,0.458,0.43626569002425436,0.47989534194737077,0.0495,0.040827254610808245,0.059900004989600644,1.0,0.9980829527187469,0.9999999999999998,1.0,0.9980829527187469,0.9999999999999998,0.005093638300421136,0.20374553201684542,-2.910589234644269e-05
14,19,6,0,0.0,half_delta,0.025,margin,0.025,0.025,2000,0.011,0.007275425411318251,0.016599446829747115,0.0095,0.006090240228609851,0.014790383154299275,0.608,0.5864167046182744,0.6291692131689748,0.1095,0.09655586386639291,0.12394135006026562,0.001,0.0002742789176520342,0.003638934269038394,0.283,0.26368878363616177,0.30314321488390183,0.005119463218785659,0.20477852875142635,0.025021288673618778
14,19,6,0,0.0,delta,0.05,0,0.0,0.025,2000,0.0,1.0842021724855044e-19,0.001917047281252934,0.0,1.0842021724855044e-19,0.001917047281252934,0.9875,0.9816119602893495,0.9915189186114289,0.6045,0.5828901539119635,0.6257091832062547,1.0,0.9980829527187469,0.9999999999999998,1.0,0.9980829527187469,0.9999999999999998,0.005130514114581526,0.20522056458326102,-8.883517477872482e-06
14,19,6,0,0.0,delta,0.05,margin,0.025,0.025,2000,0.0,1.0842021724855044e-19,0.001917047281252934,0.0,1.0842021724855044e-19,0.001917047281252934,0.9915,0.9864293102622139,0.9946862322603145,0.733,0.7131784278198119,0.7519282281471242,0.002,0.0007780273070510575,0.005131351785076866,0.2975,0.2778681720772992,0.3179082320716081,0.005090432580479958,0.20361730321919833,0.024990151309579114
14,19,6,half_limit,0.01899110076791385,0,0.0,0,0.0,0.025,2000,0.5115,0.4895916848169551,0.533364223095576,0.0025,0.0010683087284139143,0.005839153316432755,0.003,0.0013756299236301083,0.006529915073935308,0.0,1.0842021724855044e-19,0.001917047281252934,0.427,0.4054820253501738,0.44879786355288903,0.998,0.994868648214923,0.9992219726929489,0.013435878819083783,0.5374351527633513,9.54078684163454e-05
14,19,6,half_limit,0.01899110076791385,0,0.0,margin,0.025,0.025,2000,0.5015,0.4796051735058332,0.5233890753523228,0.2925,0.27297596038523714,0.3128196142364827,0.024,0.018149556703294482,0.03167547230845831,0.0,1.0842021724855044e-19,0.001917047281252934,0.0,1.0842021724855044e-19,0.001917047281252934,0.204,0.18691468981734755,0.22222020217315414,0.013422862845891795,0.5369145138356718,0.02502529439150497
14,19,6,half_limit,0.01899110076791385,half_delta,0.025,0,0.0,0.025,2000,0.053,0.04401045720579706,0.06370338306364304,0.0005,8.826773070546787e-05,0.0028268625032662133,0.243,0.224707434303008,0.26227792799955596,0.006,0.003435594376936234,0.010458448336941664,0.415,0.39358894368635533,0.43673695435145754,0.994,0.9895415516630582,0.9965644056230637,0.013435329472488648,0.5374131788995459,-0.0003529949519981068
14,19,6,half_limit,0.01899110076791385,half_delta,0.025,margin,0.025,0.025,2000,0.015,0.010527098037106688,0.021332437825708653,0.0135,0.009294493997659236,0.019570793006999862,0.515,0.4930890297875422,0.5368534587940202,0.073,0.06239935949340271,0.08523779888478729,0.001,0.0002742789176520342,0.003638934269038394,0.2025,0.1854658783467556,0.2206747647855899,0.013321618506527421,0.5328647402610968,0.02495687959089945
14,19,6,half_limit,0.01899110076791385,delta,0.05,0,0.0,0.025,2000,0.0,1.0842021724855044e-19,0.001917047281252934,0.0,1.0842021724855044e-19,0.001917047281252934,0.92,0.9072892548014819,0.9311004254822657,0.292,0.27248689798007886,0.3123105936889222,0.4175,0.3960655898394469,0.4392507229619597,0.9945,0.9901779372483848,0.9969261029904561,0.013410602116378859,0.5364240846551543,0.00019497651355014078
14,19,6,half_limit,0.01899110076791385,delta,0.05,margin,0.025,0.025,2000,0.0,1.0842021724855044e-19,0.001917047281252934,0.0,1.0842021724855044e-19,0.001917047281252934,0.9815,0.9746052332822633,0.9865486501858901,0.6085,0.5869205913312101,0.6296634094087581,0.001,0.0002742789176520342,0.003638934269038394,0.2115,0.19416431340180168,0.22994182287948117,0.013423632039319497,0.5369452815727799,0.02456319927217801
14,19,12,0,0.0,0,0.0,0,0.0,0.025,2000,0.317,0.29697473321910545,0.33772690608583306,0.0,1.0842021724855044e-19,0.001917047281252934,0.0125,0.008481081388571086,0.018388039710650523,0.0,1.0842021724855044e-19,0.001917047281252934,1.0,0.9980829527187469,0.9999999999999998,1.0,0.9980829527187469,0.9999999999999998,0.005102146949500744,0.20408587798002975,3.493673205882606e-05
14,19,12,0,0.0,0,0.0,margin,0.025,0.025,2000,0.4945,0.47261981648104007,0.5164012710390536,0.2665,0.24758425112738833,0.2863110099529568,0.018,0.01302999144428223,0.024818042134845595,0.0005,8.826773070546787e-05,0.0028268625032662133,0.001,0.0002742789176520342,0.003638934269038394,0.3945,0.3733021197674837,0.4161023772088606,0.00509577554023466,0.2038310216093864,0.02500992984789998
14,19,12,0,0.0,half_delta,0.025,0,0.0,0.025,2000,0.0195,0.014297256348690845,0.026545026088593226,0.0,1.0842021724855044e-19,0.001917047281252934,0.4325,0.4109373740877533,0.45432142729521574,0.0395,0.03180890787160705,0.0489566926744269,1.0,0.9980829527187469,0.9999999999999998,1.0,0.9980829527187469,0.9999999999999998,0.005104697514202559,0.20418790056810235,-2.361959293338855e-05
14,19,12,0,0.0,half_delta,0.025,margin,0.025,0.025,2000,0.005,0.0027181808584985597,0.009179695949941846,0.0035,0.0016964316970424177,0.007207196253241745,0.6045,0.5828901539119635,0.6257091832062547,0.1065,0.09372694290202033,0.12078177330832571,0.001,0.0002742789176520342,0.003638934269038394,0.39,0.36885414285349183,0.41156760754838373,0.0050917637618121524,0.20367055047248608,0.024971772924553624
14,19,12,0,0.0,delta,0.05,0,0.0,0.025,2000,0.0,1.0842021724855044e-19,0.001917047281252934,0.0,1.0842021724855044e-19,0.001917047281252934,0.9775,0.9700270953304039,0.9831421245159996,0.5885,0.5667832809403786,0.6098774016908397,1.0,0.9980829527187469,0.9999999999999998,1.0,0.9980829527187469,0.9999999999999998,0.0050983683926428755,0.20393473570571502,3.35101003944048e-05
14,19,12,0,0.0,delta,0.05,margin,0.025,0.025,2000,0.0,1.0842021724855044e-19,0.001917047281252934,0.0,1.0842021724855044e-19,0.001917047281252934,0.992,0.9870439223284629,0.995069703146784,0.7435,0.7239069427710931,0.7621594552029367,0.0,1.0842021724855044e-19,0.001917047281252934,0.392,0.37083078683102505,0.4135832953817255,0.005114244055852852,0.20456976223411408,0.025100152486650967
14,19,12,half_limit,0.01899110076791385,0,0.0,0,0.0,0.025,2000,0.625,0.6035621290799567,0.64595860909973,0.0085,0.005313767739685552,0.013570689737786079,0.0025,0.0010683087284139143,0.005839153316432755,0.0,1.0842021724855044e-19,0.001917047281252934,0.2465,0.22810994921020825,0.26586199376138697,0.9985,0.9955989674442294,0.9994897364163615,0.01340745641402817,0.5362982565611267,0.000230753425587224
14,19,12,half_limit,0.01899110076791385,0,0.0,margin,0.025,0.025,2000,0.494,0.47212102629723074,0.5159019782701442,0.31,0.29011111370616144,0.3306173642607146,0.0185,0.013451349814109871,0.025394766717736703,0.0005,8.826773070546787e-05,0.0028268625032662133,0.0,1.0842021724855044e-19,0.001917047281252934,0.295,0.27542170647313935,0.3153642829121742,0.013412511239649864,0.5365004495859945,0.02494254255916478
14,19,12,half_limit,0.01899110076791385,half_delta,0.025,0,0.0,0.025,2000,0.0735,0.06286270425155069,0.08577253707935806,0.0025,0.0010683087284139143,0.005839153316432755,0.183,0.16666695547445123,0.20054845250186307,0.0025,0.0010683087284139143,0.005839153316432755,0.242,0.22373559735998083,0.2612535990371456,0.998,0.994868648214923,0.9992219726929489,0.013431979927105875,0.537279197084235,-0.0001368941836589284
14,19,12,half_limit,0.01899110076791385,half_delta,0.025,margin,0.025,0.025,2000,0.0175,0.012609752959581211,0.024240197666827872,0.0165,0.01177282360725337,0.023080961113718216,0.49,0.4681314916764637,0.5119068492691612,0.062,0.05224755446133823,0.07343177895703933,0.0005,8.826773070546787e-05,0.0028268625032662133,0.3085,0.2886410384087174,0.32909319070000237,0.013360927519366572,0.5344371007746629,0.02495207888191927
14,19,12,half_limit,0.01899110076791385,delta,0.05,0,0.0,0.025,2000,0.0005,8.826773070546787e-05,0.0028268625032662133,0.0,1.0842021724855044e-19,0.001917047281252934,0.8885,0.8739540587957842,0.901556395466682,0.219,0.20142295024698076,0.23765443032508332,0.25,0.23151413442481875,0.2694443892158077,0.9985,0.9955989674442294,0.9994897364163615,0.013397979054499541,0.5359191621799816,5.9306461225752636e-05
14,19,12,half_limit,0.01899110076791385,delta,0.05,margin,0.025,0.025,2000,0.0,1.0842021724855044e-19,0.001917047281252934,0.0,1.0842021724855044e-19,0.001917047281252934,0.9725,0.964376888484893,0.978811501834323,0.5765,0.5547185524291155,0.5979881393368528,0.0,1.0842021724855044e-19,0.001917047281252934,0.2885,0.26906427669859123,0.3087466343013786,0.013370384098877504,0.5348153639551001,0.025308879814628198
14,47,1,0,0.0,0,0.0,0,0.0,0.025,2000,0.0625,0.05270713160648804,0.07397028476460826,0.0,1.0842021724855044e-19,0.001917047281252934,0.029,0.022500401616129873,0.03730545692281039,0.0005,8.826773070546787e-05,0.0028268625032662133,1.0,0.9980829527187469,0.9999999999999998,1.0,0.9980829527187469,0.9999999999999998,0.0032341768156094967,0.12936707262437985,5.455700843815142e-05
14,47,1,0,0.0,0,0.0,margin,0.025,0.025,2000,0.475,0.45318320659358524,0.4969126457704772,0.1435,0.1288183031801205,0.15954855153141279,0.0225,0.01685787548400037,0.02997290466959618,0.0,1.0842021724855044e-19,0.001917047281252934,0.0855,0.07402575867765614,0.09856347351850255,0.0855,0.07402575867765614,0.09856347351850255,0.003284913309542086,0.13139653238168342,0.025023820325107617
14,47,1,0,0.0,half_delta,0.025,0,0.0,0.025,2000,0.003,0.0013756299236301083,0.006529915073935308,0.0,1.0842021724855044e-19,0.001917047281252934,0.592,0.5703046391569909,0.6133426241432584,0.088,0.07636089079305232,0.10121875616670008,1.0,0.9980829527187469,0.9999999999999998,1.0,0.9980829527187469,0.9999999999999998,0.003248029803916346,0.12992119215665385,-3.328036634105262e-05
14,47,1,0,0.0,half_delta,0.025,margin,0.025,0.025,2000,0.0075,0.004550377435809225,0.012337914136224913,0.005,0.0027181808584985597,0.009179695949941846,0.5985,0.5768472987601712,0.6197750429254221,0.1105,0.0974995577117205,0.12499382212037552,0.085,0.07355910081272696,0.09803204843071298,0.085,0.07355910081272696,0.09803204843071298,0.0032601410125656137,0.13040564050262454,0.025035516824853457
14,47,1,0,0.0,delta,0.05,0,0.0,0.025,2000,0.0,1.0842021724855044e-19,0.001917047281252934,0.0,1.0842021724855044e-19,0.001917047281252934,0.9915,0.9864293102622139,0.9946862322603145,0.7505,0.7310672801973589,0.7689722791147332,1.0,0.9980829527187469,0.9999999999999998,1.0,0.9980829527187469,0.9999999999999998,0.0032617854911211027,0.1304714196448441,1.3093484291655432e-05
14,47,1,0,0.0,delta,0.05,margin,0.025,0.025,2000,0.0,1.0842021724855044e-19,0.001917047281252934,0.0,1.0842021724855044e-19,0.001917047281252934,0.995,0.990820304050058,0.9972818191415014,0.7475,0.7279977665094945,0.7660532950862853,0.092,0.08010326619960463,0.10546104438189775,0.092,0.08010326619960463,0.10546104438189775,0.0032642387920807066,0.13056955168322826,0.025009132005183937
14,47,1,half_limit,0.01899110076791385,0,0.0,0,0.0,0.025,2000,0.206,0.188847021374138,0.22428020242723862,0.0,1.0842021724855044e-19,0.001917047281252934,0.0175,0.012609752959581211,0.024240197666827872,0.0005,8.826773070546787e-05,0.0028268625032662133,0.8665,0.8508892379702966,0.8807055663725449,0.8665,0.8508892379702966,0.8807055663725449,0.012674832387191009,0.5069932954876403,0.0005313067940598546
14,47,1,half_limit,0.01899110076791385,0,0.0,margin,0.025,0.025,2000,0.4995,0.47760892019985307,0.521392996847428,0.1275,0.11359324283698286,0.14283495738755053,0.029,0.022500401616129873,0.03730545692281039,0.001,0.0002742789176520342,0.003638934269038394,0.0425,0.03450117971009799,0.05225291855224844,0.0425,0.03450117971009799,0.05225291855224844,0.012921011983051456,0.5168404793220582,0.025021418388752388
14,47,1,half_limit,0.01899110076791385,half_delta,0.025,0,0.0,0.025,2000,0.02,0.014721726201265444,0.027118639188737373,0.0,1.0842021724855044e-19,0.001917047281252934,0.41,0.38863736521942305,0.43170770329120234,0.031,0.024257462141641817,0.03954072820817342,0.876,0.8608307677957512,0.8897276126487466,0.876,0.8608307677957512,0.8897276126487466,0.012673113598225537,0.5069245439290214,-0.0002890667170593511
14,47,1,half_limit,0.01899110076791385,half_delta,0.025,margin,0.025,0.025,2000,0.013,0.008886895534737305,0.01898030851720305,0.0065,0.0038025964940741515,0.011089529172522494,0.5235,0.5015870468715085,0.5453228519062725,0.0745,0.06378984993294572,0.08684155730340053,0.045,0.03675381704471326,0.05499069598122689,0.045,0.03675381704471326,0.05499069598122689,0.012866119036250599,0.5146447614500239,0.025145714648699566
14,47,1,half_limit,0.01899110076791385,delta,0.05,0,0.0,0.025,2000,0.0,1.0842021724855044e-19,0.001917047281252934,0.0,1.0842021724855044e-19,0.001917047281252934,0.9715,0.9632547404683076,0.9779374839454709,0.4895,0.4676328982207936,0.5114073597721125,0.8715,0.8561183583086989,0.8854572755613301,0.8715,0.8561183583086989,0.8854572755613301,0.012860698744651795,0.5144279497860718,0.00016647626379975316
14,47,1,half_limit,0.01899110076791385,delta,0.05,margin,0.025,0.025,2000,0.0,1.0842021724855044e-19,0.001917047281252934,0.0,1.0842021724855044e-19,0.001917047281252934,0.984,0.9775005335818276,0.9886437646499193,0.622,0.600534464895254,0.6429977755681202,0.05,0.04128123361873174,0.0604441089343959,0.05,0.04128123361873174,0.0604441089343959,0.01286565659917267,0.5146262639669067,0.02509868064550882
14,47,2,0,0.0,0,0.0,0,0.0,0.025,2000,0.1165,0.10316899183684573,0.13130138342787528,0.0,1.0842021724855044e-19,0.001917047281252934,0.028,0.021625209947844046,0.03618448268565872,0.0,1.0842021724855044e-19,0.001917047281252934,1.0,0.9980829527187469,0.9999999999999998,1.0,0.9980829527187469,0.9999999999999998,0.003266468336680628,0.13065873346722512,-1.4999168763258145e-07
14,47,2,0,0.0,0,0.0,margin,0.025,0.025,2000,0.4885,0.4666357769044239,0.5104083151830447,0.166,0.15033650067666077,0.18294408690721614,0.0215,0.016000780509074646,0.028833833739084404,0.0005,8.826773070546787e-05,0.0028268625032662133,0.028,0.021625209947844046,0.03618448268565872,0.151,0.13597793189773769,0.16736016710457682,0.003232506784140699,0.12930027136562794,0.024985340805127668
14,47,2,0,0.0,half_delta,0.025,0,0.0,0.025,2000,0.0045,0.0023692806369618345,0.008530513218759823,0.0,1.0842021724855044e-19,0.001917047281252934,0.562,0.5401577267273363,0.5836045594097885,0.08,0.06889957451773436,0.09271074519851809,1.0,0.9980829527187469,0.9999999999999998,1.0,0.9980829527187469,0.9999999999999998,0.003280230640186217,0.13120922560744866,1.2798392968919846e-06
14,47,2,0,0.0,half_delta,0.025,margin,0.025,0.025,2000,0.0105,0.006877887380873443,0.015998901907473176,0.0075,0.004550377435809225,0.012337914136224913,0.625,0.6035621290799567,0.64595860909973,0.1095,0.09655586386639291,0.12394135006026562,0.022,0.0164289081143177,0.0294037890865601,0.132,0.11786817910390121,0.1475427676951009,0.0032795125467187203,0.1311805018687488,0.025026211157264007
14,47,2,0,0.0,delta,0.05,0,0.0,0.025,2000,0.0,1.0842021724855044e-19,0.001917047281252934,0.0,1.0842021724855044e-19,0.001917047281252934,0.9935,0.9889104708274775,0.9961974035059259,0.717,0.696856785116098,0.7363112163638381,1.0,0.9980829527187469,0.9999999999999998,1.0,0.9980829527187469,0.9999999999999998,0.003253623902198546,0.13014495608794183,3.114730332832044e-05
14,47,2,0,0.0,delta,0.05,margin,0.025,0.025,2000,0.0,1.0842021724855044e-19,0.001917047281252934,0.0,1.0842021724855044e-19,0.001917047281252934,0.9955,0.9914694867812403,0.9976307193630382,0.771,0.7520755392260747,0.7888854211474863,0.0245,0.01858163028213664,0.032241481682334906,0.145,0.1302491199839655,0.16111198358572404,0.0032512497917234037,0.13004999166893613,0.025042536525800237
14,47,2,half_limit,0.01899110076791385,0,0.0,0,0.0,0.025,2000,0.2995,0.2798258590849356,0.3199428768748467,0.001,0.0002742789176520342,0.003638934269038394,0.016,0.011356235350080627,0.02249946641817221,0.0,1.0842021724855044e-19,0.001917047281252934,0.767,0.7479716846539881,0.7850046120978229,0.9645,0.95545893930598,0.971760123769736,0.012771124656760745,0.5108449862704297,-9.556247152090692e-06
14,47,2,half_limit,0.01899110076791385,0,0.0,margin,0.025,0.025,2000,0.484,0.4621498136091259,0.5059115319038741,0.1905,0.17388927376554605,0.20829737850154947,0.026,0.019882087677964753,0.033935273144663027,0.0,1.0842021724855044e-19,0.001917047281252934,0.0135,0.009294493997659236,0.019570793006999862,0.0815,0.07029605647844997,0.09430851209595872,0.012871531952882225,0.5148612781152889,0.025083399963907196
14,47,2,half_limit,0.01899110076791385,half_delta,0.025,0,0.0,0.025,2000,0.0335,0.026465276470638475,0.042323328642770504,0.0,1.0842021724855044e-19,0.001917047281252934,0.347,0.3264493237246694,0.3681372927433939,0.02,0.014721726201265444,0.027118639188737373,0.8005,0.78241724767193,0.817430606912037,0.966,0.9571215720934327,0.9730917398404393,0.012769014685820073,0.5107605874328028,-0.00012657750459580823
14,47,2,half_limit,0.01899110076791385,half_delta,0.025,margin,0.025,0.025,2000,0.015,0.010527098037106688,0.021332437825708653,0.009,0.005700499728577407,0.014182040701612969,0.503,0.4811025929143192,0.5248859048019933,0.066,0.05592939864008358,0.07773459840004397,0.0115,0.007675227286212753,0.01719772790757136,0.104,0.09137205082544919,0.1181462506213031,0.012774172783177242,0.5109669113270896,0.02493066813588933
14,47,2,half_limit,0.01899110076791385,delta,0.05,0,0.0,0.025,2000,0.0,1.0842021724855044e-19,0.001917047281252934,0.0,1.0842021724855044e-19,0.001917047281252934,0.9505,0.9400999950103993,0.9591727453891917,0.429,0.4074654732874753,0.45080674742646254,0.7785,0.759776644766246,0.796155559898096,0.9705,0.9621349108960856,0.9770611476122554,0.012684600345774464,0.5073840138309785,-5.114289608805801e-05
14,47,2,half_limit,0.01899110076791385,delta,0.05,margin,0.025,0.025,2000,0.0,1.0842021724855044e-19,0.001917047281252934,0.0,1.0842021724855044e-19,0.001917047281252934,0.9825,0.9757598023331722,0.9873902470404188,0.6245,0.6030574583274297,0.6454651968995384,0.012,0.008077154276022635,0.017793883870480226,0.081,0.06983042853923943,0.09377605708245051,0.012793706109625758,0.5117482443850303,0.025023455868802464
14,47,6,0,0.0,0,0.0,0,0.0,0.025,2000,0.184,0.16762932898245075,0.20158224489930104,0.0,1.0842021724855044e-19,0.001917047281252934,0.0305,0.02381739549016912,0.03898271190692737,0.002,0.0007780273070510575,0.005131351785076866,1.0,0.9980829527187469,0.9999999999999998,1.0,0.9980829527187469,0.9999999999999998,0.003248146401175976,0.12992585604703905,-3.200526369951656e-05
14,47,6,0,0.0,0,0.0,margin,0.025,0.025,2000,0.497,0.4751140951980067,0.5188974070856807,0.2085,0.191263362602218,0.22685427596275237,0.025,0.019014423503992475,0.032806771413197815,0.0005,8.826773070546787e-05,0.0028268625032662133,0.0045,0.0023692806369618345,0.008530513218759823,0.297,0.2773788216486614,0.31739949954752716,0.0032473780040790396,0.12989512016316157,0.024972183686164013
14,47,6,0,0.0,half_delta,0.025,0,0.0,0.025,2000,0.0055,0.003073897009543817,0.009822062751615332,0.0,1.0842021724855044e-19,0.001917047281252934,0.5145,0.4925893434535915,0.536355062175252,0.0755,0.06471759454279065,0.08790997859899309,1.0,0.9980829527187469,0.9999999999999998,1.0,0.9980829527187469,0.9999999999999998,0.0032476087846977555,0.1299043513879102,1.8099177897667718e-05
14,47,6,0,0.0,half_delta,0.025,margin,0.025,0.025,2000,0.008,0.0049302968532159265,0.012956077671536958,0.0055,0.003073897009543817,0.009822062751615332,0.6105,0.5889363732061221,0.6316399593447211,0.1025,0.0899602575245831,0.11656379506401297,0.002,0.0007780273070510575,0.005131351785076866,0.271,0.25197306772873634,0.2909049399260775,0.0032627751887243386,0.13051100754897355,0.02505612342155159
14,47,6,0,0.0,delta,0.05,0,0.0,0.025,2000,0.0,1.0842021724855044e-19,0.001917047281252934,0.0,1.0842021724855044e-19,0.001917047281252934,0.991,0.9858179592983869,0.9942995002714226,0.6835,0.6627807410547264,0.7035157025930536,1.0,0.9980829527187469,0.9999999999999998,1.0,0.9980829527187469,0.9999999999999998,0.00324738359042542,0.1298953436170168,-3.102970330456889e-05
14,47,6,0,0.0,delta,0.05,margin,0.025,0.025,2000,0.0,1.0842021724855044e-19,0.001917047281252934,0.0,1.0842021724855044e-19,0.001917047281252934,0.997,0.9934700849260646,0.9986243700763698,0.759,0.73977086883889,0.7772361006694211,0.003,0.0013756299236301083,0.006529915073935308,0.2755,0.25636440199104793,0.29549635223823456,0.0032585460449774863,0.13034184179909944,0.025059539317252997
14,47,6,half_limit,0.01899110076791385,0,0.0,0,0.0,0.025,2000,0.5085,0.4865948134137185,0.5303725967825,0.0045,0.0023692806369618345,0.008530513218759823,0.0045,0.0023692806369618345,0.008530513218759823,0.0,1.0842021724855044e-19,0.001917047281252934,0.531,0.5090905584995371,0.5527905845690253,0.9975,0.9941608466835673,0.9989316912715861,0.012799814750237733,0.5119925900095093,9.277925969229538e-05
14,47,6,half_limit,0.01899110076791385,0,0.0,margin,0.025,0.025,2000,0.5035,0.48160177641921836,0.5253848042498127,0.2905,0.2710198851726254,0.31078335763821946,0.019,0.013873784918301425,0.025970414566263898,0.001,0.0002742789176520342,0.003638934269038394,0.0005,8.826773070546787e-05,0.0028268625032662133,0.185,0.16859188991831542,0.20261584986887388,0.012770654290695491,0.5108261716278196,0.024999992846610135
14,47,6,half_limit,0.01899110076791385,half_delta,0.025,0,0.0,0.025,2000,0.043,0.03495107254461269,0.05280110867045247,0.001,0.0002742789176520342,0.003638934269038394,0.2475,0.2290824041590487,0.26688570471798395,0.0105,0.006877887380873443,0.015998901907473176,0.533,0.5110923295059824,0.554781145373455,0.9965,0.9927928037467583,0.9983035683029576,0.012803100558947322,0.5121240223578929,0.0001135834327353093
14,47,6,half_limit,0.01899110076791385,half_delta,0.025,margin,0.025,0.025,2000,0.013,0.008886895534737305,0.01898030851720305,0.0115,0.007675227286212753,0.01719772790757136,0.5405,0.5186021072597079,0.5622426119105105,0.078,0.06703950613485772,0.09057848177051976,0.001,0.0002742789176520342,0.003638934269038394,0.2035,0.18643171083331078,0.22170509820447215,0.012875392143617728,0.5150156857447091,0.02486719015899488
14,47,6,half_limit,0.01899110076791385,delta,0.05,0,0.0,0.025,2000,0.0,1.0842021724855044e-19,0.001917047281252934,0.0,1.0842021724855044e-19,0.001917047281252934,0.93,0.9179739154089434,0.9403774239291792,0.3155,0.29550350721667695,0.3362038832301053,0.5435,0.5216074075925461,0.5652258092939848,0.997,0.9934700849260646,0.9986243700763698,0.012768138114609785,0.5107255245843914,9.131124666633922e-05
14,47,6,half_limit,0.01899110076791385,delta,0.05,margin,0.025,0.025,2000,0.0,1.0842021724855044e-19,0.001917047281252934,0.0,1.0842021724855044e-19,0.001917047281252934,0.9805,0.9734549739114068,0.9857027436513092,0.6225,0.6010390156006559,0.6434913078154373,0.0015,0.0005102635836384819,0.004401032555770693,0.2135,0.19609908295621392,0.23199938513594393,0.01271179986260205,0.508471994504082,0.02476708086151183
14,47,12,0,0.0,0,0.0,0,0.0,0.025,2000,0.214,0.19658287469350122,0.23251367635137538,0.0,1.0842021724855044e-19,0.001917047281252934,0.025,0.019014423503992475,0.032806771413197815,0.001,0.0002742789176520342,0.003638934269038394,1.0,0.9980829527187469,0.9999999999999998,1.0,0.9980829527187469,0.9999999999999998,0.003265076778131164,0.13060307112524655,6.968577923919389e-05
14,47,12,0,0.0,0,0.0,margin,0.025,0.025,2000,0.4875,0.4656387430577313,0.5094091831243,0.205,0.18788077269708534,0.2232502851988538,0.025,0.019014423503992475,0.032806771413197815,0.0,1.0842021724855044e-19,0.001917047281252934,0.002,0.0007780273070510575,0.005131351785076866,0.387,0.365889883259242,0.4085433694263211,0.003252502814016693,0.13010011256066772,0.02505282940090703
14,47,12,0,0.0,half_delta,0.025,0,0.0,0.025,2000,0.0125,0.008481081388571086,0.018388039710650523,0.0,1.0842021724855044e-19,0.001917047281252934,0.516,0.4940884680961259,0.537850186390874,0.0685,0.05823636538977861,0.08041804641394268,1.0,0.9980829527187469,0.9999999999999998,1.0,0.9980829527187469,0.9999999999999998,0.003249649381177866,0.12998597524711464,-3.848730873366938e-05
14,47,12,0,0.0,half_delta,0.025,margin,0.025,0.025,2000,0.006,0.003435594376936234,0.010458448336941664,0.005,0.0027181808584985597,0.009179695949941846,0.602,0.5803718902668904,0.6232370320877338,0.107,0.09419820147525404,0.12130859768781074,0.0,1.0842021724855044e-19,0.001917047281252934,0.3945,0.3733021197674837,0.4161023772088606,0.003250982820450192,0.13003931281800768,0.025025284535911834
14,47,12,0,0.0,delta,0.05,0,0.0,0.025,2000,0.0,1.0842021724855044e-19,0.001917047281252934,0.0,1.0842021724855044e-19,0.001917047281252934,0.992,0.9870439223284629,0.995069703146784,0.651,0.6298386543457192,0.6715823973753424,1.0,0.9980829527187469,0.9999999999999998,1.0,0.9980829527187469,0.9999999999999998,0.0032401602792155974,0.1296064111686239,6.0196346278529984e-05
14,47,12,0,0.0,delta,0.05,margin,0.025,0.025,2000,0.0,1.0842021724855044e-19,0.001917047281252934,0.0,1.0842021724855044e-19,0.001917047281252934,0.994,0.9895415516630582,0.9965644056230637,0.759,0.73977086883889,0.7772361006694211,0.0,1.0842021724855044e-19,0.001917047281252934,0.4055,0.384182906896499,0.4271794150396578,0.0032357131734934924,0.1294285269397397,0.02493020300345278
14,47,12,half_limit,0.01899110076791385,0,0.0,0,0.0,0.025,2000,0.588,0.5662803215340441,0.6093822781444554,0.004,0.0020282466069651696,0.007873464296037741,0.0035,0.0016964316970424177,0.007207196253241745,0.0,1.0842021724855044e-19,0.001917047281252934,0.3615,0.3407284238874592,0.3828025982094478,0.9995,0.9971731374967338,0.9999117322692944,0.012843687325601729,0.5137474930240691,1.7785105907074993e-05
14,47,12,half_limit,0.01899110076791385,0,0.0,margin,0.025,0.025,2000,0.508,0.48609541136198264,0.5298739158815173,0.3385,0.3180886772887613,0.3595305289830834,0.023,0.017287655978080053,0.030541207128235243,0.0005,8.826773070546787e-05,0.0028268625032662133,0.0,1.0842021724855044e-19,0.001917047281252934,0.283,0.26368878363616177,0.30314321488390183,0.012821291670556276,0.512851666822251,0.02510958003632065
14,47,12,half_limit,0.01899110076791385,half_delta,0.025,0,0.0,0.025,2000,0.063,0.053166899529154835,0.07450859979466022,0.0005,8.826773070546787e-05,0.0028268625032662133,0.193,0.17629898745996453,0.21087807957072474,0.0055,0.003073897009543817,0.009822062751615332,0.3555,0.334817286945448,0.37673673971883403,1.0,0.9980829527187469,0.9999999999999998,0.012809686751698962,0.5123874700679585,0.00016551778105735031
14,47,12,half_limit,0.01899110076791385,half_delta,0.025,margin,0.025,0.025,2000,0.019,0.013873784918301425,0.025970414566263898,0.019,0.013873784918301425,0.025970414566263898,0.53,0.5080898048716984,0.5517951722914265,0.0715,0.0610102548427334,0.08363265467730036,0.0005,8.826773070546787e-05,0.0028268625032662133,0.2935,0.2739541721375461,0.31383756838961124,0.012756529443492936,0.5102611777397174,0.02506277925545076
14,47,12,half_limit,0.01899110076791385,delta,0.05,0,0.0,0.025,2000,0.0,1.0842021724855044e-19,0.001917047281252934,0.0,1.0842021724855044e-19,0.001917047281252934,0.911,0.897719973128375,0.9227042140064351,0.282,0.2627118076260212,0.3021240249886049,0.347,0.3264493237246694,0.3681372927433939,0.9995,0.9971731374967338,0.9999117322692944,0.012829299971215308,0.5131719988486123,-3.899285629618643e-05
14,47,12,half_limit,0.01899110076791385,delta,0.05,margin,0.025,0.025,2000,0.0,1.0842021724855044e-19,0.001917047281252934,0.0,1.0842021724855044e-19,0.001917047281252934,0.9805,0.9734549739114068,0.9857027436513092,0.6295,0.6081052511789583,0.6503982335751971,0.0,1.0842021724855044e-19,0.001917047281252934,0.295,0.27542170647313935,0.3153642829121742,0.012765860637605573,0.5106344255042229,0.024814376492355756
14,93,1,0,0.0,0,0.0,0,0.0,0.025,2000,0.057,0.047662768878229574,0.06803573501296051,0.0,1.0842021724855044e-19,0.001917047281252934,0.041,0.03315349074927443,0.05060635865491575,0.002,0.0007780273070510575,0.005131351785076866,1.0,0.9980829527187469,0.9999999999999998,1.0,0.9980829527187469,0.9999999999999998,0.0023109854787985605,0.09243941915194241,8.498841897960401e-06
14,93,1,0,0.0,0,0.0,margin,0.025,0.025,2000,0.482,0.4601566210364579,0.5039123926656671,0.1415,0.1269114335293511,0.15746308937130718,0.025,0.019014423503992475,0.032806771413197815,0.001,0.0002742789176520342,0.003638934269038394,0.09,0.07823115160665478,0.10334082716397261,0.09,0.07823115160665478,0.10334082716397261,0.0022940027233009207,0.09176010893203683,0.024968723915332437
14,93,1,0,0.0,half_delta,0.025,0,0.0,0.025,2000,0.003,0.0013756299236301083,0.006529915073935308,0.0,1.0842021724855044e-19,0.001917047281252934,0.585,0.5632630456485423,0.6064110563136447,0.0965,0.0843220272921492,0.11022502986382192,1.0,0.9980829527187469,0.9999999999999998,1.0,0.9980829527187469,0.9999999999999998,0.0023261523076872053,0.09304609230748821,5.697870258104961e-06
14,93,1,0,0.0,half_delta,0.025,margin,0.025,0.025,2000,0.007,0.0041743460559210965,0.011715862563394297,0.0045,0.0023692806369618345,0.008530513218759823,0.6235,0.6020481889453447,0.6444783003761859,0.1145,0.10127782200421726,0.12920022144962875,0.09,0.07823115160665478,0.10334082716397261,0.09,0.07823115160665478,0.10334082716397261,0.0023219002230724763,0.09287600892289904,0.024953631835722946
14,93,1,0,0.0,delta,0.05,0,0.0,0.025,2000,0.0,1.0842021724855044e-19,0.001917047281252934,0.0,1.0842021724855044e-19,0.001917047281252934,0.9965,0.9927928037467583,0.9983035683029576,0.7545,0.7351618535412222,0.7728623693926199,1.0,0.9980829527187469,0.9999999999999998,1.0,0.9980829527187469,0.9999999999999998,0.0022987670218471657,0.09195068087388662,-6.920296329986469e-05
14,93,1,0,0.0,delta,0.05,margin,0.025,0.025,2000,0.0,1.0842021724855044e-19,0.001917047281252934,0.0,1.0842021724855044e-19,0.001917047281252934,0.996,0.9921265357039621,0.9979717533930348,0.7655,0.7464333372693721,0.7835487106242824,0.095,0.08291479680735943,0.10863801149045545,0.095,0.08291479680735943,0.10863801149045545,0.0023061344687429386,0.09224537874971754,0.02501384668730094
14,93,1,half_limit,0.01899110076791385,0,0.0,0,0.0,0.025,2000,0.1995,0.18256939308796305,0.21758275232806995,0.0,1.0842021724855044e-19,0.001917047281252934,0.019,0.013873784918301425,0.025970414566263898,0.0,1.0842021724855044e-19,0.001917047281252934,0.883,0.86817353316771,0.8963580086148503,0.883,0.86817353316771,0.8963580086148503,0.012639202866517802,0.505568114660712,0.000162984130934788
14,93,1,half_limit,0.01899110076791385,0,0.0,margin,0.025,0.025,2000,0.4945,0.47261981648104007,0.5164012710390536,0.1365,0.12214880212972688,0.152244891243744,0.0295,0.02293885238774463,0.037865089103914375,0.001,0.0002742789176520342,0.003638934269038394,0.054,0.0449221548758202,0.0647878512990574,0.054,0.0449221548758202,0.0647878512990574,0.012622339430928274,0.5048935772371309,0.024974656024889526
14,93,1,half_limit,0.01899110076791385,half_delta,0.025,0,0.0,0.025,2000,0.015,0.010527098037106688,0.021332437825708653,0.0,1.0842021724855044e-19,0.001917047281252934,0.413,0.391608037647919,0.43472552857901886,0.036,0.02868460672278366,0.04509441315421905,0.8785,0.8634514156421227,0.8920973795659686,0.8785,0.8634514156421227,0.8920973795659686,0.012732026693748323,0.5092810677499329,-0.00011760503752547047
14,93,1,half_limit,0.01899110076791385,half_delta,0.025,margin,0.025,0.025,2000,0.012,0.008077154276022635,0.017793883870480226,0.0055,0.003073897009543817,0.009822062751615332,0.51,0.4880931507308387,0.5318685083235363,0.0785,0.06750431532799306,0.09111175553010317,0.047,0.038561402365168564,0.05717544247164658,0.047,0.038561402365168564,0.05717544247164658,0.012835766938425744,0.5134306775370298,0.02508016147472511
14,93,1,half_limit,0.01899110076791385,delta,0.05,0,0.0,0.025,2000,0.0,1.0842021724855044e-19,0.001917047281252934,0.0,1.0842021724855044e-19,0.001917047281252934,0.9755,0.9677585183176651,0.9814183697178633,0.5175,0.4955877896916976,0.5393451136534584,0.887,0.8723765329909224,0.9001396724133878,0.887,0.8723765329909224,0.9001396724133878,0.012531471822934737,0.5012588729173895,-0.00014837128634431805
14,93,1,half_limit,0.01899110076791385,delta,0.05,margin,0.025,0.025,2000,0.0,1.0842021724855044e-19,0.001917047281252934,0.0,1.0842021724855044e-19,0.001917047281252934,0.982,0.9751819578651543,0.9869700085557177,0.631,0.6096200608815253,0.6518776727307863,0.046,0.03765702335931109,0.05608365557206656,0.046,0.03765702335931109,0.05608365557206656,0.012527498985537868,0.5010999594215146,0.02514528254952043
14,93,2,0,0.0,0,0.0,0,0.0,0.025,2000,0.07,0.059622576070820776,0.08202608459105676,0.0,1.0842021724855044e-19,0.001917047281252934,0.04,0.032256746939981165,0.04950693655877153,0.0015,0.0005102635836384819,0.004401032555770693,1.0,0.9980829527187469,0.9999999999999998,1.0,0.9980829527187469,0.9999999999999998,0.0022915885740048816,0.09166354296019526,-1.132986629686076e-05
14,93,2,0,0.0,0,0.0,margin,0.025,0.025,2000,0.4845,0.4626481664667723,0.5064112619989464,0.1715,0.15561353012721865,0.1886459699365645,0.025,0.019014423503992475,0.032806771413197815,0.0,1.0842021724855044e-19,0.001917047281252934,0.0255,0.019447915824308683,0.033371362045600345,0.1475,0.13263505890818003,0.16371645942510324,0.0022932536931547275,0.09173014772618909,0.024994208157045384
14,93,2,0,0.0,half_delta,0.025,0,0.0,0.025,2000,0.0035,0.0016964316970424177,0.007207196253241745,0.0,1.0842021724855044e-19,0.001917047281252934,0.5825,0.5607492770380402,0.603934410160553,0.0855,0.07402575867765614,0.09856347351850255,1.0,0.9980829527187469,0.9999999999999998,1.0,0.9980829527187469,0.9999999999999998,0.0023165056316406737,0.09266022526562695,-6.35726755193713e-06
14,93,2,0,0.0,half_delta,0.025,margin,0.025,0.025,2000,0.009,0.005700499728577407,0.014182040701612969,0.0035,0.0016964316970424177,0.007207196253241745,0.6345,0.6131554684799629,0.65532884580138,0.1215,0.10790262043403129,0.13654858435787717,0.026,0.019882087677964753,0.033935273144663027,0.1525,0.13741148677809684,0.16892086108237392,0.002318133671854442,0.09272534687417767,0.024958519233778308
14,93,2,0,0.0,delta,0.05,0,0.0,0.025,2000,0.0,1.0842021724855044e-19,0.001917047281252934,0.0,1.0842021724855044e-19,0.001917047281252934,0.994,0.9895415516630582,0.9965644056230637,0.7365,0.716753028515514,0.7553402081204533,1.0,0.9980829527187469,0.9999999999999998,1.0,0.9980829527187469,0.9999999999999998,0.0023178002633044118,0.09271201053217647,-3.086977413020678e-05
14,93,2,0,0.0,delta,0.05,margin,0.025,0.025,2000,0.0,1.0842021724855044e-19,0.001917047281252934,0.0,1.0842021724855044e-19,0.001917047281252934,0.995,0.990820304050058,0.9972818191415014,0.7565,0.7372099594299001,0.774806595314817,0.0245,0.01858163028213664,0.032241481682334906,0.1495,0.13454491109461117,0.1657989390495471,0.002297846606875137,0.09191386427500547,0.025022435334894476
14,93,2,half_limit,0.01899110076791385,0,0.0,0,0.0,0.025,2000,0.3265,0.30629812422609665,0.3473670911804981,0.0015,0.0005102635836384819,0.004401032555770693,0.012,0.008077154276022635,0.017793883870480226,0.0,1.0842021724855044e-19,0.001917047281252934,0.7905,0.7721163801452774,0.8077698153843146,0.9705,0.9621349108960856,0.9770611476122554,0.012620768260132711,0.5048307304053085,-8.709547834365782e-05
14,93,2,half_limit,0.01899110076791385,0,0.0,margin,0.025,0.025,2000,0.501,0.4791060774040939,0.5228900885013437,0.198,0.1811217256709882,0.21603617088688856,0.025,0.019014423503992475,0.032806771413197815,0.0005,8.826773070546787e-05,0.0028268625032662133,0.009,0.005700499728577407,0.014182040701612969,0.0835,0.07215988199915073,0.09643701838613296,0.012697926252187183,0.5079170500874872,0.024985169071319476
14,93,2,half_limit,0.01899110076791385,half_delta,0.025,0,0.0,0.025,2000,0.021,0.015573520825817387,0.028263010469622922,0.0,1.0842021724855044e-19,0.001917047281252934,0.351,0.3303862849386506,0.3721849951511627,0.023,0.017287655978080053,0.030541207128235243,0.777,0.7582357476918171,0.7947022081143686,0.9745,0.9666286379543997,0.9805520841756913,0.012725709935311528,0.5090283974124611,-0.0001585863625077264
14,93,2,half_limit,0.01899110076791385,half_delta,0.025,margin,0.025,0.025,2000,0.0105,0.006877887380873443,0.015998901907473176,0.009,0.005700499728577407,0.014182040701612969,0.5315,0.5095909682760833,0.5532882577451976,0.078,0.06703950613485772,0.09057848177051976,0.0085,0.005313767739685552,0.013570689737786079,0.078,0.06703950613485772,0.09057848177051976,0.012681992254199196,0.5072796901679678,0.025011322166647552
14,93,2,half_limit,0.01899110076791385,delta,0.05,0,0.0,0.025,2000,0.0,1.0842021724855044e-19,0.001917047281252934,0.0,1.0842021724855044e-19,0.001917047281252934,0.9575,0.9477470814477515,0.965498820289902,0.477,0.4551751724430595,0.49891301173187796,0.793,0.7746900452495411,0.8101865650436446,0.973,0.9649388695134226,0.9792476037585119,0.012577909887071293,0.5031163954828517,9.98570012193672e-05
14,93,2,half_limit,0.01899110076791385,delta,0.05,margin,0.025,0.025,2000,0.0,1.0842021724855044e-19,0.001917047281252934,0.0,1.0842021724855044e-19,0.001917047281252934,0.981,0.974029585433736,0.9861262150816985,0.6445,0.6232632602811659,0.665182713054552,0.0165,0.01177282360725337,0.023080961113718216,0.097,0.08479131615107749,0.11075382395761238,0.01255804478248359,0.5023217912993435,0.024866186709996584
14,93,6,0,0.0,0,0.0,0,0.0,0.025,2000,0.127,0.11311861187744655,0.14231150539436807,0.0,1.0842021724855044e-19,0.001917047281252934,0.032,0.025139125203291417,0.04065523105196132,0.0005,8.826773070546787e-05,0.0028268625032662133,1.0,0.9980829527187469,0.9999999999999998,1.0,0.9980829527187469,0.9999999999999998,0.0023112804983271376,0.0924512199330855,8.321418586527552e-05
14,93,6,0,0.0,0,0.0,margin,0.025,0.025,2000,0.4935,0.47162225796821944,0.5154026636464367,0.185,0.16859188991831542,0.20261584986887388,0.027,0.020752396241488,0.035061130486577274,0.0005,8.826773070546787e-05,0.0028268625032662133,0.003,0.0013756299236301083,0.006529915073935308,0.292,0.27248689798007886,0.3123105936889222,0.002305755108831794,0.09223020435327176,0.024986134709681907
14,93,6,0,0.0,half_delta,0.025,0,0.0,0.025,2000,0.0085,0.005313767739685552,0.013570689737786079,0.0,1.0842021724855044e-19,0.001917047281252934,0.5535,0.5316308288936498,0.5751640470472561,0.0795,0.06843435071112523,0.0921778860524085,1.0,0.9980829527187469,0.9999999999999998,1.0,0.9980829527187469,0.9999999999999998,0.002314266769299765,0.0925706707719906,2.3225262803925105e-05
14,93,6,0,0.0,half_delta,0.025,margin,0.025,0.025,2000,0.005,0.0027181808584985597,0.009179695949941846,0.003,0.0013756299236301083,0.006529915073935308,0.626,0.6045715428037938,0.6469453612813304,0.1215,0.10790262043403129,0.13654858435787717,0.0025,0.0010683087284139143,0.005839153316432755,0.2795,0.26026989271326295,0.2995755251377695,0.002315844437520433,0.09263377750081732,0.0250225152453569
14,93,6,0,0.0,delta,0.05,0,0.0,0.025,2000,0.0,1.0842021724855044e-19,0.001917047281252934,0.0,1.0842021724855044e-19,0.001917047281252934,0.9925,0.9876620858637751,0.9954496225641908,0.7065,0.6861624316103886,0.7260458278624539,1.0,0.9980829527187469,0.9999999999999998,1.0,0.9980829527187469,0.9999999999999998,0.0022955364012895363,0.09182145605158144,-1.8928742796938905e-06
14,93,6,0,0.0,delta,0.05,margin,0.025,0.025,2000,0.0,1.0842021724855044e-19,0.001917047281252934,0.0,1.0842021724855044e-19,0.001917047281252934,0.9895,0.9840010980925269,0.9931221126191265,0.776,0.7572086722277687,0.7937331176729796,0.003,0.0013756299236301083,0.006529915073935308,0.298,0.278357551076473,0.3184169360251531,0.00231379187859198,0.0925516751436792,0.024974466998188647
14,93,6,half_limit,0.01899110076791385,0,0.0,0,0.0,0.025,2000,0.4935,0.47162225796821944,0.5154026636464367,0.0015,0.0005102635836384819,0.004401032555770693,0.004,0.0020282466069651696,0.007873464296037741,0.0,1.0842021724855044e-19,0.001917047281252934,0.572,0.5501976494175025,0.5935262957739971,0.9995,0.9971731374967338,0.9999117322692944,0.012627387694528884,0.5050955077811553,5.686510417011815e-05
14,93,6,half_limit,0.01899110076791385,0,0.0,margin,0.025,0.025,2000,0.502,0.4801042914579538,0.5238880403529212,0.2825,0.2632002806762634,0.30263363489108147,0.022,0.0164289081143177,0.0294037890865601,0.0005,8.826773070546787e-05,0.0028268625032662133,0.0005,8.826773070546787e-05,0.0028268625032662133,0.1885,0.17196231241451954,0.206232008041701,0.012704040633471667,0.5081616253388667,0.02511810840368054
14,93,6,half_limit,0.01899110076791385,half_delta,0.025,0,0.0,0.025,2000,0.0405,0.03270494331440327,0.05005682313706816,0.0005,8.826773070546787e-05,0.0028268625032662133,0.258,0.23930127713475113,0.27762657374937527,0.0085,0.005313767739685552,0.013570689737786079,0.5755,0.5537137491115043,0.5969967767490265,0.997,0.9934700849260646,0.9986243700763698,0.0126465179635475,0.5058607185419,-0.0001584046963662518
14,93,6,half_limit,0.01899110076791385,half_delta,0.025,margin,0.025,0.025,2000,0.015,0.010527098037106688,0.021332437825708653,0.0145,0.01011467734679028,0.020746775563306317,0.5285,0.506588839183156,0.5503018891218124,0.072,0.061473133317261355,0.08416785915549115,0.0005,8.826773070546787e-05,0.0028268625032662133,0.1965,0.17967444607855565,0.21448920162116486,0.012606043661394551,0.504241746455782,0.025245676086618082
14,93,6,half_limit,0.01899110076791385,delta,0.05,0,0.0,0.025,2000,0.0,1.0842021724855044e-19,0.001917047281252934,0.0,1.0842021724855044e-19,0.001917047281252934,0.9375,0.9260297152353917,0.9472928683935119,0.3285,0.30826216867498357,0.34939537854248615,0.5895,0.5677892685151356,0.6108675800215202,0.998,0.994868648214923,0.9992219726929489,0.01257229324354819,0.5028917297419275,-0.0001810681320859312
14,93,6,half_limit,0.01899110076791385,delta,0.05,margin,0.025,0.025,2000,0.0,1.0842021724855044e-19,0.001917047281252934,0.0,1.0842021724855044e-19,0.001917047281252934,0.977,0.9694587928717646,0.9827123440219199,0.5935,0.5718141375141694,0.6148273746442363,0.0,1.0842021724855044e-19,0.001917047281252934,0.198,0.1811217256709882,0.21603617088688856,0.012616064065211818,0.5046425626084727,0.024993270681686053
14,93,12,0,0.0,0,0.0,0,0.0,0.025,2000,0.1445,0.12977211830402138,0.1605909023129494,0.0,1.0842021724855044e-19,0.001917047281252934,0.03,0.02337785471293825,0.03842416973143951,0.001,0.0002742789176520342,0.003638934269038394,1.0,0.9980829527187469,0.9999999999999998,1.0,0.9980829527187469,0.9999999999999998,0.0022969812559994014,0.09187925023997605,2.206848909394753e-05
14,93,12,0,0.0,0,0.0,margin,0.025,0.025,2000,0.4985,0.476610924647677,0.5203948264941666,0.1955,0.17870981012231002,0.213457671671973,0.023,0.017287655978080053,0.030541207128235243,0.0,1.0842021724855044e-19,0.001917047281252934,0.001,0.0002742789176520342,0.003638934269038394,0.395,0.37379645659243443,0.4166061233366286,0.002315027995818517,0.09260111983274068,0.025020306470406446
14,93,12,0,0.0,half_delta,0.025,0,0.0,0.025,2000,0.007,0.0041743460559210965,0.011715862563394297,0.0,1.0842021724855044e-19,0.001917047281252934,0.5575,0.5356426841503589,0.579136855412297,0.086,0.07449254068038921,0.09909477446848819,1.0,0.9980829527187469,0.9999999999999998,1.0,0.9980829527187469,0.9999999999999998,0.002311135886893045,0.09244543547572179,3.8198636178415614e-05
14,93,12,0,0.0,half_delta,0.025,margin,0.025,0.025,2000,0.007,0.0041743460559210965,0.011715862563394297,0.003,0.0013756299236301083,0.006529915073935308,0.623,0.6015435902777672,0.6439848160910445,0.1085,0.09561252722040278,0.12288852080081825,0.0005,8.826773070546787e-05,0.0028268625032662133,0.4095,0.3881423334148526,0.43120465214305403,0.002307360806030085,0.0922944322412034,0.024987816020037756
14,93,12,0,0.0,delta,0.05,0,0.0,0.025,2000,0.0,1.0842021724855044e-19,0.001917047281252934,0.0,1.0842021724855044e-19,0.001917047281252934,0.9915,0.9864293102622139,0.9946862322603145,0.697,0.6764975868255326,0.7167470965456536,1.0,0.9980829527187469,0.9999999999999998,1.0,0.9980829527187469,0.9999999999999998,0.0023139324212445057,0.09255729684978023,4.5314838484152905e-06
14,93,12,0,0.0,delta,0.05,margin,0.025,0.025,2000,0.0,1.0842021724855044e-19,0.001917047281252934,0.0,1.0842021724855044e-19,0.001917047281252934,0.995,0.990820304050058,0.9972818191415014,0.754,0.7346499128118176,0.772376227169306,0.0,1.0842021724855044e-19,0.001917047281252934,0.388,0.366877875432465,0.4095515431585356,0.0023190615171384643,0.09276246068553856,0.025013400459114734
14,93,12,half_limit,0.01899110076791385,0,0.0,0,0.0,0.025,2000,0.5815,0.5597439290790659,0.6029435922140899,0.0035,0.0016964316970424177,0.007207196253241745,0.001,0.0002742789176520342,0.003638934269038394,0.0,1.0842021724855044e-19,0.001917047281252934,0.437,0.415402863259502,0.4588386846979358,1.0,0.9980829527187469,0.9999999999999998,0.01255090902531293,0.5020363610125171,6.828718608716469e-05
14,93,12,half_limit,0.01899110076791385,0,0.0,margin,0.025,0.025,2000,0.483,0.46115317354684554,0.504912006060717,0.325,0.304825368785213,0.3458455977632255,0.0255,0.019447915824308683,0.033371362045600345,0.0,1.0842021724855044e-19,0.001917047281252934,0.0005,8.826773070546787e-05,0.0028268625032662133,0.2775,0.2583169041326927,0.2975361819074648,0.012626955451408364,0.5050782180563346,0.024897210855839114
14,93,12,half_limit,0.01899110076791385,half_delta,0.025,0,0.0,0.025,2000,0.0595,0.04995260683841223,0.07073631181637158,0.0005,8.826773070546787e-05,0.0028268625032662133,0.1935,0.17678106379716146,0.21139408618624655,0.0065,0.0038025964940741515,0.011089529172522494,0.413,0.391608037647919,0.43472552857901886,0.9995,0.9971731374967338,0.9999117322692944,0.012623790184014824,0.5049516073605929,0.0002115950670689425
14,93,12,half_limit,0.01899110076791385,half_delta,0.025,margin,0.025,0.025,2000,0.0135,0.009294493997659236,0.019570793006999862,0.013,0.008886895534737305,0.01898030851720305,0.5135,0.4915900364167016,0.5353582033067044,0.072,0.061473133317261355,0.08416785915549115,0.0,1.0842021724855044e-19,0.001917047281252934,0.2855,0.2661317454119759,0.3056906678716815,0.012638559212213782,0.5055423684885513,0.024960281374815464
14,93,12,half_limit,0.01899110076791385,delta,0.05,0,0.0,0.025,2000,0.0,1.0842021724855044e-19,0.001917047281252934,0.0,1.0842021724855044e-19,0.001917047281252934,0.91,0.8966591728360274,0.9217688483933453,0.284,0.26466587909352945,0.30416228533197165,0.422,0.400524986599547,0.44377407277632835,0.999,0.9963610657309615,0.9997257210823479,0.01262046535965025,0.50481861438601,-0.00010229132318264101
14,93,12,half_limit,0.01899110076791385,delta,0.05,margin,0.025,0.025,2000,0.0,1.0842021724855044e-19,0.001917047281252934,0.0,1.0842021724855044e-19,0.001917047281252934,0.981,0.974029585433736,0.9861262150816985,0.61,0.5884323924516162,0.6311458571465081,0.0,1.0842021724855044e-19,0.001917047281252934,0.283,0.26368878363616177,0.30314321488390183,0.01265002916798669,0.5060011667194676,0.025195172508093697
