cond,i,M,S,R,s_ma,rho,beta,e0_p,e0_coef,e0_ok,t_e0,e1_p,e1_coef,e1_se,e1_converged,e1_ok,e1_scale,e1_vc_model,e1_vc_model_arm,e1_vc_path,e1_vc_path_arm,t_e1,e2_est,e2_lo,e2_hi,e2_reject,e2_covers,e3_delta,e3_lo,e3_hi,e3_reject
M6_S5_R3_sma0.03_rho0.0_beta0.0,0,6,5,3,0.03,0.0,0.0,0.3875477428744738,-0.0029024608577272607,True,24.54940152168274,0.45085261463758275,-0.012520619344474907,0.016605720389652256,True,True,0.0008299087632235711,0.0017569443926495412,0.0007452451347632367,9.399298226728761e-05,2.2231219444474786e-05,7.600173473358154,-0.012520619344478305,-0.0387586354764014,0.012191122907364186,False,True,-0.1318518518518519,-0.3077160493827161,0.03015432098765424,False
M6_S5_R3_sma0.03_rho0.0_beta0.0,1,6,5,3,0.03,0.0,0.0,0.021483766832591775,-0.007961676030554324,True,25.497583627700806,0.7508712482970472,-0.004944592425568315,0.01557397260896517,True,True,0.0009243196136520093,0.001666304579633309,0.000651908042844856,0.00015980105772852107,1.1763765043875494e-05,4.180546045303345,-0.004944592425570681,-0.027402239375010354,0.01777708762408261,False,True,-0.07061728395061734,-0.2335864197530864,0.09310493827160496,False
M6_S5_R3_sma0.03_rho0.0_beta0.0,2,6,5,3,0.03,0.0,0.0,0.7144167367751828,0.0013540676647427186,True,23.951553344726562,0.9536140353848053,0.0010360647558667702,0.017811295525576917,False,True,0.0008967773986517735,0.0010356975135511113,0.0008383681917386515,5.314464032147951e-05,4.464449437480872e-05,7.049994230270386,0.001036064755864967,-0.03139635142003342,0.027853828612770373,False,True,-0.025679012345678986,-0.1940864197530864,0.13760493827160486,False
M6_S5_R3_sma0.03_rho0.0_beta0.0,3,6,5,3,0.03,0.0,0.0,0.6931388084868655,-0.0013010647669386107,True,25.03060531616211,0.7658211889997236,-0.005744283002324087,0.019286125233776635,True,True,0.0009242557200574087,0.0007590671538483378,6.171149440321193e-05,1.1292813839320205e-06,0.0008271127809931087,6.490009546279907,-0.005744283002325035,-0.029187139448500057,0.015270706946564043,False,True,-0.08444444444444449,-0.2674876543209876,0.0768641975308641,False
M6_S5_R3_sma0.03_rho0.0_beta0.0,4,6,5,3,0.03,0.0,0.0,0.0015000256299470638,0.010996216263759368,True,26.200379371643066,0.5781115892043295,0.009013039188822857,0.016206269487774,False,True,0.0009238038122470246,0.0018579191888708076,0.0006678150534895792,2.803464924470575e-05,4.8772948187670165e-05,5.080138444900513,0.009013039188825626,-0.012169735564528685,0.03248245323664216,False,True,0.04617283950617285,-0.12445679012345676,0.22000617283950613,False
M6_S5_R3_sma0.03_rho0.0_beta0.0,5,6,5,3,0.03,0.0,0.0,1.57841929020294e-07,0.019043992124430892,True,24.807056188583374,0.3191629361006849,0.01851110145713367,0.018582094274957824,False,True,0.0008520677385304632,0.0012616429122438478,0.0009428373596046722,1.4840848775046698e-06,3.0200672852900738e-05,3.550184965133667,0.01851110145712881,-0.016857494650219334,0.05451774025568868,False,True,0.08814814814814814,-0.09189506172839505,0.24247530864197525,False
M6_S5_R3_sma0.03_rho0.0_beta0.0,6,6,5,3,0.03,0.0,0.0,7.3390397059696e-08,0.017854926410931525,True,0.9614977836608887,0.05597208652376639,0.019900036206033186,0.010412037062997937,True,True,0.0008578303274321638,0.0005867075043642294,0.00023145541489732688,3.424854802154524e-05,3.0489536675801258e-05,4.8662097454071045,0.019900036206035192,0.0015985608832827245,0.037015367695073347,True,False,0.26740740740740737,0.10518518518518521,0.4222345679012346,True
M6_S5_R3_sma0.03_rho0.0_beta0.0,7,6,5,3,0.03,0.0,0.0,0.04628765329623531,0.006369347665673858,True,1.8912489414215088,0.8873371672973243,-0.0015857363271635603,0.011192818952043479,True,True,0.0008207992770699465,0.0008968663185335094,0.0002827392835923103,8.66168133305189e-05,3.1981960735517174e-05,4.876827239990234,-0.0015857363271657124,-0.021307331152259357,0.015399379527272779,False,True,-0.04493827160493824,-0.21488888888888885,0.13161111111111107,False
M6_S5_R3_sma0.03_rho0.0_beta0.0,8,6,5,3,0.03,0.0,0.0,1.84401743543829e-05,0.015763397056036896,True,3.64717173576355,0.544992867507373,0.014856546863481803,0.024544910043570026,False,True,0.0009680414839735907,0.0043380586334781195,0.0017182368829281223,0.00016675787713812254,2.0487371067590634e-05,3.3200430870056152,0.014856546863476618,-0.01847581162062902,0.043214251448536384,False,True,0.09876543209876543,-0.07114814814814815,0.2601358024691357,False
M6_S5_R3_sma0.03_rho0.0_beta0.0,9,6,5,3,0.03,0.0,0.0,0.02723594537632652,-0.007340970040709631,True,1.9826149940490723,0.21964012314902415,-0.013613576943952295,0.011090620303098377,False,True,0.0009086122924656374,0.0010547959952961132,0.0002655125527779512,4.0397987853512095e-06,3.576572542787488e-05,2.575955629348755,-0.013613576943951404,-0.03203383679687015,0.00751837802754639,False,True,-0.15999999999999998,-0.3198333333333333,0.019512345679012288,False
M6_S5_R3_sma0.03_rho0.0_beta0.0,10,6,5,3,0.03,0.0,0.0,0.10752175432797506,0.0055803090639501745,True,1.6731593608856201,0.7239310126169147,0.005822922995696061,0.01648572526155058,False,True,0.0008764813573515329,0.0015257906771792569,0.0007213975357682356,7.279369054578945e-05,2.9589821616419e-05,4.941866636276245,0.0058229229956969315,-0.01897657294249162,0.03171851182318938,False,True,0.1291358024691358,-0.04470987654320984,0.3098765432098765,False
M6_S5_R3_sma0.03_rho0.0_beta0.0,11,6,5,3,0.03,0.0,0.0,0.001032229570369649,0.012121135871518402,True,2.104666233062744,0.6975181108606866,0.010705067586911324,0.02754261180878132,True,True,0.0009326748977994147,0.005609557433424197,0.002162416393246609,1.2637386795232344e-05,4.26597299837298e-05,4.007094144821167,0.010705067586904553,-0.013195444261342424,0.033958831855912745,False,True,0.07481481481481483,-0.08816049382716049,0.24817283950617283,False
M6_S5_R3_sma0.03_rho0.0_beta0.0,12,6,5,3,0.03,0.0,0.0,0.06366787988301659,0.006470691825301983,True,1.5360839366912842,0.35402607034025957,0.01267916152227153,0.013680457334172641,True,True,0.0009087805436344198,0.0010995218368686068,0.00045757883934983626,4.3373413483593366e-05,3.6083774742450234e-05,4.424121141433716,0.012679161522271994,-0.00526007334459824,0.03122663398589007,False,True,0.17555555555555552,0.021932098765432124,0.34249382716049387,True
M6_S5_R3_sma0.03_rho0.0_beta0.0,13,6,5,3,0.03,0.0,0.0,0.004118631621042581,0.010754866755807169,True,2.541419506072998,0.6953930193006695,0.00772444076379557,0.01972800834065804,False,True,0.0008891812121234401,0.001381580582658559,0.0010681398774676542,2.4689954838941387e-05,3.347026193736324e-05,7.821362257003784,0.00772444076380056,-0.0222266039144449,0.0432478444716128,False,True,0.06148148148148147,-0.10149382716049385,0.2353641975308641,False
M6_S5_R3_sma0.03_rho0.0_beta0.0,14,6,5,3,0.03,0.0,0.0,0.1460532635010625,-0.005061461212556191,True,1.7871637344360352,0.8362656267752501,-0.004785502775496011,0.023155003767009207,True,True,0.0008301748827953202,0.003496352763361095,0.0015102285611933261,0.0001250545198350464,3.5740870809631076e-05,2.556145429611206,-0.004785502775497836,-0.027413209508018458,0.02044766047010179,False,True,-0.006913580246913575,-0.16469135802469137,0.1770493827160494,False
M6_S5_R3_sma0.03_rho0.0_beta0.0,15,6,5,3,0.03,0.0,0.0,0.4897562892779941,-0.0023812905008522866,True,1.5719387531280518,0.9824187019194378,0.0002807878848358097,0.012741845676066742,True,True,0.0008738195037977438,0.0006511091883062009,0.0004224850381352465,0.0001568140275575936,5.270184980221796e-06,6.225658655166626,0.0002807878848352011,-0.026479694432870522,0.025036305959255677,False,True,-0.006172839506172867,-0.17062345679012345,0.15556172839506166,False
M6_S5_R3_sma0.03_rho0.0_beta0.0,16,6,5,3,0.03,0.0,0.0,0.48575741012846485,-0.002272209908619688,True,1.4325873851776123,0.902521485888472,-0.001299750869913276,0.01061222837313903,False,True,0.0008563062538572207,0.0018153887045195668,0.0002711414811102394,0.00028033231514504016,8.024673691794767e-06,7.753790616989136,-0.0012997508699130523,-0.01909984520083613,0.020423371941498035,False,True,-0.07283950617283952,-0.2434753086419753,0.09853086419753083,False
M6_S5_R3_sma0.03_rho0.0_beta0.0,17,6,5,3,0.03,0.0,0.0,0.0034383305745557652,0.00944164318386429,True,2.030945062637329,0.28810611782941975,0.011848197847001547,0.011153497254647801,False,True,0.0008581763821239824,0.0010408635418041696,0.0002747610724531673,2.957190411406128e-05,3.435722647239132e-05,4.714184522628784,0.011848197847001841,-0.007719575611219948,0.02866155894202778,False,True,0.14913580246913583,-0.025932098765432083,0.30741358024691356,False
M6_S5_R3_sma0.03_rho0.0_beta0.0,18,6,5,3,0.03,0.0,0.0,1.0747782843561018e-08,0.020794364480098148,True,2.146371603012085,0.4239176028833239,0.018652427609475865,0.023325940513685958,True,True,0.0008896378182626801,0.0031892575332296657,0.0014742266747305877,0.00010032429667055207,8.230219993937274e-05,2.480292797088623,0.018652427609445032,-0.012324501921631701,0.04990603134943827,False,True,0.15802469135802472,-0.004234567901234531,0.33086419753086416,False
M6_S5_R3_sma0.03_rho0.0_beta0.0,19,6,5,3,0.03,0.0,0.0,0.0017804536810814805,0.011339344193408275,True,3.192211151123047,0.47512123759597824,0.013272751021134555,0.018584827346255366,False,True,0.0009335470612106309,0.001889446408563101,0.0009399400865860423,9.904992142677767e-05,2.834238761457378e-05,5.815802097320557,0.013272751021144193,-0.0127211344095064,0.03840665647339998,False,True,0.12864197530864202,-0.03382716049382717,0.29655555555555557,False
M6_S5_R3_sma0.03_rho0.0_beta0.0,20,6,5,3,0.03,0.0,0.0,0.31936791502524076,0.00391404217632213,True,2.8542988300323486,0.9583215657682135,0.0015937894132318645,0.030497339633017748,True,True,0.0009172760781222853,0.00487959969149827,0.0026476718328550886,0.00011025819078118192,6.786633556583707e-05,3.9437413215637207,0.0015937894132158664,-0.04078747877456498,0.030120013365932893,False,True,0.05061728395061732,-0.1335987654320988,0.21287037037037032,False
M6_S5_R3_sma0.03_rho0.0_beta0.0,21,6,5,3,0.03,0.0,0.0,0.19681338583405172,0.004768433511449044,True,3.1048357486724854,0.7691949561114488,0.008072529541140256,0.027511099918731706,True,True,0.0008417764893896594,0.004271894206338782,0.0021396514794157977,8.25316379598354e-05,6.23432868082243e-05,3.9647722244262695,0.008072529541121788,-0.018405444776477882,0.039947841382992254,False,True,0.09629629629629632,-0.07188271604938269,0.2610246913580247,False
M6_S5_R3_sma0.03_rho0.0_beta0.0,22,6,5,3,0.03,0.0,0.0,0.07345666305125383,-0.005911745183153679,True,2.1881284713745117,0.8971741370212625,-0.0024160384913782178,0.018695369019508298,False,True,0.0009075399951134792,0.0036437455532344577,0.0008692275212781423,9.781288199127418e-05,9.901690058953769e-05,3.8471643924713135,-0.002416038491378868,-0.018344862328549136,0.01638108214758557,False,True,-0.02246913580246912,-0.19459259259259254,0.16001851851851848,False
M6_S5_R3_sma0.03_rho0.0_beta0.0,23,6,5,3,0.03,0.0,0.0,0.48056981983622815,-0.002554616509254421,True,1.9294509887695312,0.7978113370422044,-0.004972185629921812,0.019408902752134576,False,True,0.0008849212178012807,0.001905519997793077,0.0010252923585505162,2.028626444418747e-05,3.819117643378684e-05,5.78512716293335,-0.0049721856299186585,-0.030273386367647523,0.021370824872874797,False,True,-0.015555555555555545,-0.19141358024691355,0.16025308641975305,False
M6_S5_R3_sma0.03_rho0.0_beta0.0,24,6,5,3,0.03,0.0,0.0,7.82375586308557e-07,-0.016207582127670775,True,1.5182311534881592,0.49549678451320345,-0.015444919688248118,0.022660055965740607,True,True,0.0008148805210539187,0.00430634369388433,0.0014723944418947165,0.00015705425710773355,1.1428832621214198e-05,2.963745355606079,-0.015444919688232344,-0.03862403049428623,0.009676027986225175,False,True,-0.09580246913580243,-0.26495061728395064,0.0669567901234568,False
M6_S5_R3_sma0.03_rho0.0_beta0.0,25,6,5,3,0.03,0.0,0.0,0.08664316050545902,0.005729618482854939,True,2.4422378540039062,0.4306953767975601,0.009301307880211928,0.011803656167188014,False,True,0.0009235345504955125,0.0011578791153304565,0.00026379623852151597,3.99376173853972e-05,7.717807348758192e-05,5.459723234176636,0.009301307880212988,-0.02050398071514188,0.02966592256144226,False,True,0.1271604938271605,-0.04593827160493827,0.295820987654321,False
M6_S5_R3_sma0.03_rho0.0_beta0.0,26,6,5,3,0.03,0.0,0.0,0.1148229475368715,0.005465071853606724,True,0.774024486541748,0.9643835367506947,-0.0004922184084070744,0.011023076350915621,False,True,0.0009349765120427628,0.0007039122324123484,0.00026309993462947997,1.922622036027064e-05,3.257744551286128e-05,4.935340642929077,-0.000492218408408313,-0.02570330729711843,0.02300059021988742,False,True,0.046666666666666634,-0.11732716049382717,0.20944444444444435,False
M6_S5_R3_sma0.03_rho0.0_beta0.0,27,6,5,3,0.03,0.0,0.0,7.760295315048653e-09,-0.018574727456308112,True,2.646101236343384,0.21304827153471095,-0.018655395475428584,0.014981520220355387,False,True,0.0008336188757921229,0.0019341549062637416,0.0005984574791628066,0.00011191620030556839,1.608814454712575e-05,6.54052734375,-0.01865539547542739,-0.030409261922222066,-0.003730212922538787,True,False,-0.23209876543209873,-0.39312345679012345,-0.06563580246913579,True
M6_S5_R3_sma0.03_rho0.0_beta0.0,28,6,5,3,0.03,0.0,0.0,4.611576108781274e-11,-0.023030397209612447,True,1.4737403392791748,0.39053364979187777,-0.019462804556035624,0.02266674990526125,True,True,0.0008308183699612477,0.003260886922274761,0.0013984798389611985,4.51391104777961e-05,7.28974362582504e-05,4.1993489265441895,-0.019462804556015543,-0.04428514375477257,0.0005801041521392195,False,True,-0.16691358024691355,-0.333104938271605,-0.009604938271604985,True
M6_S5_R3_sma0.03_rho0.0_beta0.0,29,6,5,3,0.03,0.0,0.0,0.009839999304103363,0.008528785424585465,True,4.082555294036865,0.9003264253176116,0.0015839275324736242,0.012646228853846373,False,True,0.0009088221844264148,0.0012651575418380875,0.00025073806920411685,7.353921352195399e-05,0.00014037924819927327,3.5754761695861816,0.0015839275324742398,-0.01683897701202519,0.020839402682138842,False,True,0.0032098765432098664,-0.1771172839506173,0.17559259259259252,False
M6_S5_R3_sma0.03_rho0.0_beta0.0,30,6,5,3,0.03,0.0,0.0,1.6514135417560755e-08,0.019901883466442116,True,1.819446086883545,0.15937825846105202,0.02102414923200944,0.01494077716530927,False,True,0.00094522217244049,0.0014098440169525467,0.0005668279929819042,7.812990204774149e-05,3.3198052026970476e-05,5.156350612640381,0.02102414923201009,-0.0005616623233471868,0.039831495410385796,False,True,0.19506172839506175,0.036759259259259304,0.3639506172839506,True
M6_S5_R3_sma0.03_rho0.0_beta0.0,31,6,5,3,0.03,0.0,0.0,0.0002742547906390529,0.012053459286862318,True,1.1580445766448975,0.6208124217771496,0.009460971308366773,0.019124692543441252,True,True,0.0008392917011899269,0.0031066221559286375,0.0009371390633845215,9.130063145627228e-05,8.680812598277524e-05,2.287433624267578,0.009460971308365202,-0.0054971820994692494,0.022906699618878562,False,True,0.08246913580246917,-0.09014197530864197,0.23827777777777776,False
M6_S5_R3_sma0.03_rho0.0_beta0.0,32,6,5,3,0.03,0.0,0.0,0.13022490132538836,-0.005139660277428319,True,1.8644952774047852,0.8561112488341938,-0.003909207846833136,0.02155893515162744,False,True,0.0008573843624199581,0.0036683847117591614,0.0012933886709527206,0.00012636230865082507,3.6512855140715934e-05,2.263530969619751,-0.003909207846837933,-0.02502439077687074,0.015728298855188214,False,True,-0.030864197530864168,-0.2061975308641975,0.13309259259259254,False
M6_S5_R3_sma0.03_rho0.0_beta0.0,33,6,5,3,0.03,0.0,0.0,3.5080767531128608e-19,0.03006146059772368,True,1.0719223022460938,0.025788662700351416,0.02942365405072171,0.013198135887392912,False,True,0.0008919571067625186,0.0012549056698577022,0.0004280993542710462,9.107135154726189e-05,2.9174342764840466e-05,7.511571168899536,0.029423654050728894,0.012071166740468259,0.05129957783943951,True,False,0.3412345679012345,0.18467901234567904,0.5000925925925925,True
M6_S5_R3_sma0.03_rho0.0_beta0.0,34,6,5,3,0.03,0.0,0.0,2.2400045250163177e-08,-0.017879529272134976,True,1.4636740684509277,0.08621720430130621,-0.01837406101447888,0.010709375195104426,False,True,0.0008686269611821916,0.0010640018902730024,0.00023793162053495324,0.00010632871837955963,4.01933888290343e-05,6.168575048446655,-0.01837406101448137,-0.03872325621491944,0.0009214401438357711,False,True,-0.17135802469135802,-0.3223333333333333,0.0039691358024690785,False
M6_S5_R3_sma0.03_rho0.0_beta0.0,35,6,5,3,0.03,0.0,0.0,0.7198791214115505,0.0013055608265469642,True,2.201643228530884,0.8638673550128901,0.003778330875005303,0.022037085760768255,False,True,0.0009148514410993547,0.00292674516940121,0.0012797125558442256,9.281598766043653e-05,9.68306621379781e-05,2.345564842224121,0.0037783308750064973,-0.01884995614517541,0.03434200147698244,False,True,0.04049382716049382,-0.1341111111111111,0.21558641975308634,False
M6_S5_R3_sma0.03_rho0.0_beta0.0,36,6,5,3,0.03,0.0,0.0,1.9866123070568858e-07,0.019156209291046028,True,1.7030251026153564,0.44219006324005383,0.012842044879102944,0.016710528683943272,True,True,0.0008472619028895113,0.0006388847397292731,0.000743488272356624,7.627979888347552e-05,3.146075622869236e-05,3.7063217163085938,0.012842044879100326,-0.014063697892908702,0.03971453095219273,False,True,0.11481481481481487,-0.058290123456790174,0.27882098765432095,False
M6_S5_R3_sma0.03_rho0.0_beta0.0,37,6,5,3,0.03,0.0,0.0,0.26819382624760923,-0.004004925663590144,True,2.07602858543396,0.8375461387317957,-0.003982861774381878,0.01942544229560328,False,True,0.0008990481142725028,0.001963494122080929,0.0010511191129892444,0.00011772880849470819,1.7489809332144513e-05,4.734999656677246,-0.003982861774381248,-0.03614554691020477,0.02767366203379479,False,True,-0.07234567901234573,-0.25014197530864196,0.09456790123456793,False
M6_S5_R3_sma0.03_rho0.0_beta0.0,38,6,5,3,0.03,0.0,0.0,0.023629618273815413,0.008675043969073062,True,2.5141918659210205,0.6073265590970032,0.011187439454348323,0.02176996358565365,True,True,0.0009270638853314465,0.0019129164752348588,0.0013099822257556656,2.8411090939186926e-05,4.1672882321182855e-05,5.493555784225464,0.011187439454358572,-0.025920058654917436,0.045073860543951835,False,True,0.051851851851851816,-0.11682716049382712,0.21237654320987653,False
M6_S5_R3_sma0.03_rho0.0_beta0.0,39,6,5,3,0.03,0.0,0.0,8.713628759265366e-06,-0.01437058363625942,True,1.3500068187713623,0.330918092027809,-0.0167220973355131,0.017199092052114163,True,True,0.0008743800330722281,0.0031401603624050278,0.0007261536875039165,9.120645679801296e-05,8.581717711892462e-05,2.228447914123535,-0.016722097335513105,-0.028687301013480996,-0.0041492422657997755,True,False,-0.13283950617283952,-0.3049567901234568,0.03845679012345666,False
M6_S5_R3_sma0.03_rho0.0_beta0.0,40,6,5,3,0.03,0.0,0.0,0.25383993163207696,-0.003931428499592227,True,2.601949691772461,0.8466925743943192,-0.0045095234802090345,0.023324297537315547,False,True,0.0009054092007414202,0.004773110941661669,0.0015457201586760686,0.00012418204737577138,2.165649564085042e-05,5.71099591255188,-0.004509523480212371,-0.023826365614608925,0.01273927034349263,False,True,-0.009629629629629655,-0.17064197530864195,0.16125925925925924,False
M6_S5_R3_sma0.03_rho0.0_beta0.0,41,6,5,3,0.03,0.0,0.0,0.6556148811665004,0.0016504012623075003,True,2.44844651222229,0.8868147598932499,-0.0022970318871774766,0.016138116195277358,True,True,0.0008857048597329572,0.0006241202963036296,0.0006677584322835668,4.746744741529312e-06,4.54258000538492e-05,3.84409761428833,-0.0022970318871868207,-0.03192374020541667,0.026065933096743286,False,True,-0.05876543209876539,-0.22691358024691355,0.10568518518518517,False
M6_S5_R3_sma0.03_rho0.0_beta0.0,42,6,5,3,0.03,0.0,0.0,0.20375705691305812,-0.004603530199360764,True,1.6180779933929443,0.9420191934871374,-0.0016093980390353157,0.02212771202573625,False,True,0.0009906555136405166,0.003877691628800278,0.0012808922835553524,0.00010943724455789037,0.00010164244501498934,4.069866180419922,-0.0016093980390324424,-0.02774701802204607,0.017748073659913727,False,True,-0.00864197530864197,-0.1861728395061728,0.14500617283950612,False
M6_S5_R3_sma0.03_rho0.0_beta0.0,43,6,5,3,0.03,0.0,0.0,0.9076064437447284,-0.00039946826660157707,True,2.5906217098236084,0.9032151715791217,0.0017155521661041681,0.014108065227931411,False,True,0.0009159177676369517,0.001294869244929384,0.00048031913895426335,9.87437557925295e-05,4.6443491636129847e-05,3.7884624004364014,0.0017155521661038613,-0.02023757503980081,0.025786529218391484,False,True,0.04222222222222222,-0.1109506172839506,0.20744444444444443,False
M6_S5_R3_sma0.03_rho0.0_beta0.0,44,6,5,3,0.03,0.0,0.0,0.004683390485008777,0.010335675243300806,True,0.8765056133270264,0.569025680657796,0.009824815034969844,0.01725204400580459,False,True,0.0009283633787026694,0.0012801362562515509,0.0007750194414564875,2.29906473864311e-05,4.6657278136990304e-05,4.859074831008911,0.009824815034963371,-0.021281183148459795,0.043200187071646766,False,True,0.18222222222222223,0.009586419753086448,0.359537037037037,True
M6_S5_R3_sma0.03_rho0.0_beta0.0,45,6,5,3,0.03,0.0,0.0,0.1667258889495863,-0.004826474009560537,True,4.258772134780884,0.6794195314376086,-0.0057894506269239665,0.014009378163955548,False,True,0.0008966882952157104,0.0009649835193522302,0.0004594018771089596,0.00011821618459353225,5.8005777360312044e-05,3.904534101486206,-0.005789450626926816,-0.023271791870859093,0.014844031837318007,False,True,-0.07209876543209881,-0.23435802469135805,0.09384567901234567,False
M6_S5_R3_sma0.03_rho0.0_beta0.0,46,6,5,3,0.03,0.0,0.0,0.04088072437643801,-0.006793277444021363,True,1.4500584602355957,0.5594037198453008,-0.009970241665464846,0.017080303949732704,False,True,0.0008717177177865848,0.002519979071559181,0.0006889789588950617,8.066669505192406e-05,0.00010676406302621406,2.102682113647461,-0.009970241665463836,-0.031216223671580664,0.016391884411215866,False,True,-0.151358024691358,-0.3143518518518518,0.012845679012345634,False
M6_S5_R3_sma0.03_rho0.0_beta0.0,47,6,5,3,0.03,0.0,0.0,1.010375528733072e-06,-0.016738581499853918,True,2.6019446849823,0.33609747328836737,-0.014969575439256005,0.015562430779803597,False,True,0.0008086920801722799,0.000940920691325596,0.0006055251211211699,3.577107082865033e-05,5.594152405205524e-05,5.7842442989349365,-0.014969575439253653,-0.045811109296502915,0.014181957473385774,False,True,-0.13950617283950617,-0.3025,0.03540740740740732,False
M6_S5_R3_sma0.03_rho0.0_beta0.0,48,6,5,3,0.03,0.0,0.0,3.709878343871157e-08,-0.018182328370181272,True,1.730992078781128,0.1812356237756857,-0.02028494079016053,0.015172434126816386,False,True,0.0008869060041564405,0.0020525117367658973,0.0005809518739871703,2.3255515381369346e-05,4.210777588904964e-05,2.6142802238464355,-0.02028494079016108,-0.04134738769610852,0.0013871789636095869,False,True,-0.16592592592592598,-0.33783333333333326,-0.004672839506172891,True
M6_S5_R3_sma0.03_rho0.0_beta0.0,49,6,5,3,0.03,0.0,0.0,0.2190793519396812,0.004042215804612769,True,0.7804443836212158,0.3888967568115125,0.011918442123105064,0.013832599657511878,True,True,0.0008818744304142838,0.0017373732268923352,0.0004812122981988436,9.158317966305485e-05,2.8348760801496628e-05,4.133404493331909,0.011918442123104766,-0.006450470319317716,0.03087431623535829,False,True,0.1560493827160494,-0.006685185185185171,0.330895061728395,False
M6_S5_R3_sma0.03_rho0.0_beta0.0,50,6,5,3,0.03,0.0,0.0,2.2895099919374925e-05,-0.01440874015167322,True,0.7612411975860596,0.44824296649691786,-0.011101279150580727,0.014638775578353715,False,True,0.0008818156275815285,0.0014476768898845057,0.000520081007897597,3.5795261804359305e-05,5.334377908089185e-05,3.5068461894989014,-0.011101279150577145,-0.03311835610258137,0.013448085106388334,False,True,-0.13580246913580246,-0.30993827160493825,0.015888888888888862,False
M6_S5_R3_sma0.03_rho0.0_beta0.0,51,6,5,3,0.03,0.0,0.0,0.4868386340371218,-0.0024295888822210994,True,1.8834426403045654,0.9710406707936357,0.0006033315637983108,0.016619280748068482,False,True,0.0008820700354802606,0.001487275492132555,0.0007143646144379965,2.285946617042042e-05,4.619349523262666e-05,2.7624168395996094,0.0006033315637946621,-0.02056673846770415,0.02476895724020016,False,True,-0.07432098765432094,-0.2330925925925926,0.09508024691358022,False
M6_S5_R3_sma0.03_rho0.0_beta0.0,52,6,5,3,0.03,0.0,0.0,0.2729466051970948,0.0039052642797945602,True,1.5541141033172607,0.995068130559589,0.00011098821932278899,0.017955711071850827,False,True,0.0009017828460117181,0.0018696289984840124,0.0008588215204975578,2.537822630915179e-06,4.0235252823906054e-05,2.6623175144195557,0.00011098821932076138,-0.022927446574182157,0.02863638253523261,False,True,0.03876543209876543,-0.115641975308642,0.19582716049382712,False
M6_S5_R3_sma0.03_rho0.0_beta0.0,53,6,5,3,0.03,0.0,0.0,0.0013219880181951232,-0.01056375691259027,True,0.9269924163818359,0.44073694883254233,-0.01065065392218737,0.01381498512154161,True,True,0.0009019549639980092,0.0020270157270472376,0.0003908332458671153,1.9651326740696865e-05,0.00010133155410410706,4.629479169845581,-0.010650653922186627,-0.029019070089110394,0.00750491955251462,False,True,-0.11728395061728397,-0.2797716049382716,0.039518518518518474,False
M6_S5_R3_sma0.03_rho0.0_beta0.0,54,6,5,3,0.03,0.0,0.0,0.0025942042643943824,-0.009916708179300921,True,4.178840160369873,0.7031187928890541,-0.00709825112993556,0.01862501634315956,False,True,0.0008936870469363385,0.003497126905281571,0.0008549175423061295,9.191422124569538e-05,0.0001051475188172666,2.3126204013824463,-0.007098251129941766,-0.02207171568886691,0.008399109494644673,False,True,-0.09333333333333332,-0.2469259259259259,0.07114197530864196,False
M6_S5_R3_sma0.03_rho0.0_beta0.0,55,6,5,3,0.03,0.0,0.0,0.0024561461349517214,-0.010479967583594077,True,2.8959360122680664,0.45935749752687605,-0.010612468881467422,0.014343010935692983,True,True,0.0009060031802715757,0.0013261314981509464,0.0004981513820817476,4.11323117450539e-05,4.884524500371657e-05,5.056506156921387,-0.010612468881468808,-0.04064771869841607,0.018706070146301268,False,True,-0.1316049382716049,-0.3066728395061728,0.03779012345679008,False
M6_S5_R3_sma0.03_rho0.0_beta0.0,56,6,5,3,0.03,0.0,0.0,0.9213435216994742,-0.00031372178055759804,True,0.8496460914611816,0.7475596286105041,-0.006440441171782554,0.020010141626778794,True,True,0.0008190246966822475,0.004841264460863868,0.0011244798855544913,9.277373406434794e-06,1.844647647616925e-05,4.530719518661499,-0.006440441171782106,-0.02411901624982196,0.012945863462646302,False,True,-0.10049382716049382,-0.27859876543209877,0.06544444444444437,False
M6_S5_R3_sma0.03_rho0.0_beta0.0,57,6,5,3,0.03,0.0,0.0,0.17047621683335668,-0.004991854167822632,True,3.7126941680908203,0.7378122934188966,-0.004919361305812912,0.01469554677486171,False,True,0.0008909798285469916,0.0005421894470832706,0.0005264646687313298,2.0301363539418608e-05,5.167830089054597e-05,6.1459643840789795,-0.004919361305814218,-0.03987888164393157,0.026717641474428573,False,True,-0.0503703703703704,-0.21408024691358027,0.11606790123456787,False
M6_S5_R3_sma0.03_rho0.0_beta0.0,58,6,5,3,0.03,0.0,0.0,0.4992796979128655,0.002312671778884099,True,3.5534050464630127,0.9804646657182912,-0.00046656441722306695,0.019054055722765553,True,True,0.0008805895623508062,0.0027888793086937686,0.0009086356292207786,8.544576333398115e-05,0.00010152459867886206,2.300358533859253,-0.0004665644172241581,-0.025187064616242,0.023327866573668955,False,True,0.028641975308641987,-0.1493888888888889,0.20693209876543203,False
M6_S5_R3_sma0.03_rho0.0_beta0.0,59,6,5,3,0.03,0.0,0.0,4.634612842613264e-06,0.015203870363715686,True,2.4982573986053467,0.2739007143548118,0.013451099445355247,0.012293947224953704,False,True,0.0008711065448969331,0.0009149652058870753,0.0003386403518027928,2.7152432947919608e-05,4.725774470599817e-05,3.2770557403564453,0.013451099445355422,-0.0068489202142814135,0.029786432128826222,False,True,0.13999999999999996,-0.030648148148148164,0.3044938271604938,False
M6_S5_R3_sma0.03_rho0.0_beta0.0,60,6,5,3,0.03,0.0,0.0,0.5366136723079412,-0.0022058894879468808,True,1.6831181049346924,0.9650324738545508,0.0006436653436055449,0.01468237075536327,True,True,0.0009228763727209318,0.001253819700289425,0.0005827790727790312,2.2001861852428735e-07,2.009890583146699e-06,6.999364376068115,0.0006436653436023291,-0.028183086105712244,0.027254310464959606,False,True,0.05777777777777776,-0.11212962962962965,0.21841358024691343,False
M6_S5_R3_sma0.03_rho0.0_beta0.0,61,6,5,3,0.03,0.0,0.0,4.818041227276901e-06,-0.01686802982737284,True,2.1290571689605713,0.24432126825547262,-0.01888480386284577,0.016220524824087406,True,True,0.0009365018698789216,0.0010505336118742212,0.0006793519780139992,1.833391805139048e-05,3.9609033917055525e-05,5.015294075012207,-0.0188848038628426,-0.047499230588983775,0.011783801783756074,False,True,-0.1577777777777778,-0.318537037037037,0.024524691358024663,False
M6_S5_R3_sma0.03_rho0.0_beta0.0,62,6,5,3,0.03,0.0,0.0,0.14924625745581574,0.005500048911890834,True,2.038267135620117,0.9560831803505053,0.0016326644893463647,0.02964740329087239,True,True,0.0008655651306002726,0.005015454965670362,0.002537619864271235,2.127295145438974e-06,3.46511328000971e-05,4.77522873878479,0.0016326644893486948,-0.0369761569810398,0.039058072586280766,False,True,-0.04395061728395061,-0.21161728395061732,0.13140123456790115,False
M6_S5_R3_sma0.03_rho0.0_beta0.0,63,6,5,3,0.03,0.0,0.0,0.6242561492912408,-0.001662405743986781,True,1.0783450603485107,0.986700957703131,0.0002466168483879948,0.014795250648724017,False,True,0.0008889204614926538,0.001415983931329565,0.0005504092647185981,2.5837265176666585e-05,3.918974704765965e-05,4.479802846908569,0.0002466168483879142,-0.021774012353137327,0.022027906758385406,False,True,-0.023950617283950593,-0.18963580246913578,0.15138888888888885,False
M6_S5_R3_sma0.03_rho0.0_beta0.0,64,6,5,3,0.03,0.0,0.0,0.03551117021631015,-0.007508775109214808,True,1.1230132579803467,0.8371780045129578,-0.003629384936534469,0.017660856239511517,False,True,0.0009367511859537149,0.0019945369921469426,0.0008475847751442384,0.00011772132502678251,2.140222927484555e-05,5.719994306564331,-0.0036293849365349492,-0.0292310982524541,0.025229353985225085,False,True,-0.07012345679012344,-0.2422592592592592,0.09267283950617274,False
M6_S5_R3_sma0.03_rho0.0_beta0.0,65,6,5,3,0.03,0.0,0.0,0.0006974064380899328,0.01190392778823734,True,0.8310840129852295,0.41712712181623446,0.010534727785518262,0.01298314890353936,False,True,0.0009212495724709723,0.0006798346739373128,0.00041146941988642785,9.964385504367587e-05,2.733367358609499e-05,5.15321159362793,0.010534727785516807,-0.0180401345675575,0.04317661532781391,False,True,0.1291358024691358,-0.042962962962962925,0.30790123456790125,False
M6_S5_R3_sma0.03_rho0.0_beta0.0,66,6,5,3,0.03,0.0,0.0,0.047644226912545204,0.006683138035133549,True,1.0301506519317627,0.7714947688495764,0.004032167127628433,0.013883905831290993,True,True,0.0008649257335692893,0.0013539381674466,0.00045721382218062094,3.049892222038515e-05,5.2844154703951185e-05,4.309202671051025,0.004032167127630478,-0.019528409803479446,0.026273055848783245,False,True,0.026666666666666616,-0.1449567901234568,0.1886543209876543,False
M6_S5_R3_sma0.03_rho0.0_beta0.0,67,6,5,3,0.03,0.0,0.0,2.7977626915559414e-25,-0.03432743828775501,True,1.4217603206634521,0.04872287482209067,-0.028405992952758793,0.014411906051939075,True,True,0.0008313120835437251,0.0014088810179833028,0.0005244438699719401,7.376707678903776e-05,3.603702717351694e-05,4.621906518936157,-0.0284059929527563,-0.05232563042224423,0.00017835905741698786,False,True,-0.317283950617284,-0.46719135802469136,-0.15332716049382716,True
M6_S5_R3_sma0.03_rho0.0_beta0.0,68,6,5,3,0.03,0.0,0.0,0.7600370265739952,0.0010309556551240432,True,2.755222797393799,0.7432163097563069,0.006732093457594951,0.020549917314549,False,True,0.0008763604890194897,0.003744707385856492,0.001167689694317869,0.0001325143234531539,3.398631498728867e-05,2.7764945030212402,0.006732093457591156,-0.019025480016134706,0.028335020997723604,False,True,0.03283950617283948,-0.1452407407407407,0.2015432098765431,False
M6_S5_R3_sma0.03_rho0.0_beta0.0,69,6,5,3,0.03,0.0,0.0,1.0040345688495141e-07,0.017096009136600053,True,0.9959111213684082,0.028189971440497587,0.02041872444656111,0.009303937947938634,True,True,0.0009069804087145703,0.0005835731071638966,6.241525775551003e-05,8.637853887987805e-05,0.00011400763806732065,2.792811632156372,0.02041872444656034,0.007989267654351763,0.03260904945182948,True,False,0.27925925925925926,0.1175185185185185,0.4335987654320988,True
M6_S5_R3_sma0.03_rho0.0_beta0.0,70,6,5,3,0.03,0.0,0.0,1.2135615178236258e-05,-0.01480013655590598,True,0.7073376178741455,0.11441895530473083,-0.018819817132632442,0.011921548147988499,False,True,0.0008986185271415179,0.0007286747363187134,0.00032253483991143616,2.310514602182818e-06,3.6605990844717736e-05,3.3518006801605225,-0.018819817132637577,-0.03701057574542971,0.002061574775725474,False,True,-0.2335802469135802,-0.39117901234567903,-0.05132716049382719,True
M6_S5_R3_sma0.03_rho0.0_beta0.0,71,6,5,3,0.03,0.0,0.0,0.007973590864241677,-0.00947017038692772,True,0.7743840217590332,0.504730586283161,-0.009670993375479017,0.014497826623500965,True,True,0.0009107632078929297,0.0009720105396589363,0.0005292333737530286,4.666788354435572e-05,3.3841674557747046e-05,4.463013172149658,-0.009670993375475934,-0.03478401962620401,0.018308025348862132,False,True,-0.10098765432098761,-0.27555555555555555,0.07531481481481479,False
M6_S5_R3_sma0.03_rho0.0_beta0.0,72,6,5,3,0.03,0.0,0.0,0.02787105794859762,0.007199940686685608,True,2.398949384689331,0.9065226280763083,-0.0013005017145622285,0.011075092076202397,True,True,0.0008793852678050077,0.000913904006447874,0.000278472675803759,0.00010196127598137169,2.572886097079005e-05,3.019374370574951,-0.0013005017145626644,-0.017288545823405988,0.014715339433306567,False,True,0.018518518518518545,-0.140037037037037,0.197537037037037,False
M6_S5_R3_sma0.03_rho0.0_beta0.0,73,6,5,3,0.03,0.0,0.0,0.0003168535843331235,-0.011772659249581905,True,1.0778136253356934,0.25618118748438756,-0.011978696834058406,0.010549610231028317,False,True,0.0009166108122236022,0.0009927711031571045,0.00021886611648149875,2.331775481710076e-05,4.492443676394999e-05,2.3377480506896973,-0.011978696834056671,-0.03028250558032328,0.004564655324379506,False,True,-0.15283950617283953,-0.3202654320987654,0.02972222222222218,False
M6_S5_R3_sma0.03_rho0.0_beta0.0,74,6,5,3,0.03,0.0,0.0,0.23147945256278746,-0.004520026443618286,True,1.9325854778289795,0.8856322717937941,-0.002885382344348094,0.020060629485308085,True,True,0.0009153488569056118,0.0015195883513875411,0.0010945742877545976,2.9803082149817353e-05,4.307418429922959e-05,2.6285247802734375,-0.002885382344350338,-0.031830473623962505,0.031175049800215834,False,True,-0.07876543209876541,-0.256358024691358,0.08573456790123449,False
M6_S5_R3_sma0.03_rho0.0_beta0.0,75,6,5,3,0.03,0.0,0.0,0.551185246364041,0.0018817308139151567,True,0.6191282272338867,0.8317420987818006,0.0028366335564068254,0.013350887056826131,False,True,0.0007867963731301621,0.001415830692476205,0.0004465093892878388,2.228315516985597e-06,2.981339565209152e-05,2.075878381729126,0.0028366335564064407,-0.01594593547730172,0.02290075045808363,False,True,0.04246913580246914,-0.12741975308641976,0.2049814814814815,False
M6_S5_R3_sma0.03_rho0.0_beta0.0,76,6,5,3,0.03,0.0,0.0,0.1627730399114743,-0.004662376668722137,True,3.3662259578704834,0.7656289401826384,-0.004600161298392959,0.015431746834558798,False,True,0.000891558741944692,0.0021754430535464828,0.0005971132677658478,5.463848066563353e-05,4.8221594890971646e-05,4.820013761520386,-0.0046001612983955905,-0.024224078690819714,0.016323429625224255,False,True,-0.03160493827160499,-0.19926543209876543,0.12571604938271602,False
M6_S5_R3_sma0.03_rho0.0_beta0.0,77,6,5,3,0.03,0.0,0.0,0.2315783194380523,0.00393795653861066,True,2.739997148513794,0.7799489193201828,0.0047882222727507395,0.017138400258574202,False,True,0.0008427138574568814,0.002527871779797191,0.0007448830947680867,4.299407093738423e-05,6.675855972559664e-05,4.657304048538208,0.004788222272749452,-0.022990676789261626,0.03543194427602267,False,True,-0.02888888888888891,-0.2072530864197531,0.14550617283950606,False
M6_S5_R3_sma0.03_rho0.0_beta0.0,78,6,5,3,0.03,0.0,0.0,0.6203602360751175,0.0018085372435319492,True,1.2876944541931152,0.918468991558641,0.0017244331299662782,0.01684634564148772,False,True,0.0009384766784440136,0.001298661360966592,0.0007514036098691917,9.512098115227408e-05,3.1191135543431934e-05,5.032374858856201,0.0017244331299670341,-0.026568966042389078,0.02801487458716891,False,True,0.03407407407407409,-0.1286728395061729,0.20666666666666672,False
M6_S5_R3_sma0.03_rho0.0_beta0.0,79,6,5,3,0.03,0.0,0.0,6.282488731704819e-05,0.01365123841859527,True,1.9990484714508057,0.34526511149883754,0.015055118784933395,0.015951375448735587,False,True,0.0008286662541124254,0.0014560934499777565,0.0006658531322319457,1.5687610543693545e-05,3.5201322455403766e-05,4.586291313171387,0.015055118784927091,-0.008271317316416555,0.04005705073048875,False,True,0.13530864197530867,-0.021253086419753032,0.3007962962962963,False
M6_S5_R3_sma0.03_rho0.0_beta0.0,80,6,5,3,0.03,0.0,0.0,0.0627327752935672,-0.006038713523018148,True,2.311763048171997,0.6620337231222186,-0.006490620158105408,0.014849040596039151,True,True,0.0008996219838437356,0.0022428879284189704,0.0005794266249464133,0.00012103195557775057,1.8400496666110596e-05,5.104007959365845,-0.006490620158107647,-0.022307852690875707,0.00884996962992952,False,True,-0.05333333333333329,-0.21760493827160493,0.10938888888888892,False
M6_S5_R3_sma0.03_rho0.0_beta0.0,81,6,5,3,0.03,0.0,0.0,0.4361529102863003,0.002712119257057592,True,1.927253007888794,0.870447234237252,0.002868033466652135,0.017585541083005855,False,True,0.0008913564616375457,0.0019783012937905032,0.0008373670471675094,9.653280532300272e-05,2.580246189106376e-05,4.926965236663818,0.00286803346665108,-0.023738355633596452,0.03379364553248456,False,True,0.035802469135802484,-0.1252407407407408,0.20420370370370367,False
M6_S5_R3_sma0.03_rho0.0_beta0.0,82,6,5,3,0.03,0.0,0.0,8.166580936761442e-08,0.018137484446819962,True,1.0889103412628174,0.3944211892487247,0.020330372180148236,0.02387239238532841,True,True,0.0008349634880353405,0.004862283386747749,0.0015840132509911625,3.7804082756418355e-05,5.8329892558678216e-05,6.171055316925049,0.020330372180140745,-0.0033229663238085864,0.04289929215206479,False,True,0.14320987654320988,-0.02042592592592594,0.3225123456790123,False
M6_S5_R3_sma0.03_rho0.0_beta0.0,83,6,5,3,0.03,0.0,0.0,0.17382709129042972,0.004798369825924068,True,1.903834342956543,0.7551723441180367,0.006719241101633683,0.021548008228055113,True,True,0.0008593772588334835,0.002910484576074329,0.0012743793395376822,0.00010738487376956339,5.1065682495496716e-05,2.920930862426758,0.006719241101628081,-0.021388464263487627,0.034310023600656055,False,True,0.05851851851851847,-0.10897530864197529,0.23309259259259257,False
M6_S5_R3_sma0.03_rho0.0_beta0.0,84,6,5,3,0.03,0.0,0.0,0.0006593758064292891,-0.012593185194099634,True,1.225635051727295,0.3774046137030368,-0.013402341681174169,0.01518354679313562,False,True,0.0009261545777059173,0.0006676555442118921,0.0006083902326343861,6.83199294823636e-06,1.790534042483193e-05,5.012046575546265,-0.01340234168117055,-0.04707133201079204,0.021217447891130718,False,True,-0.16222222222222227,-0.33211728395061735,0.00025925925925925476,False
M6_S5_R3_sma0.03_rho0.0_beta0.0,85,6,5,3,0.03,0.0,0.0,0.9919004380554355,3.236692499441908e-05,True,1.0245552062988281,0.9935182434121519,-8.156769516260938e-05,0.010040625238825663,False,True,0.0008504979147803265,0.0007152580929344559,0.00020159161438656153,5.315000316083768e-05,3.679249182311854e-05,3.689335823059082,-8.156769516266907e-05,-0.021559635437335235,0.022090845579430182,False,True,0.01160493827160497,-0.15901851851851848,0.18642592592592594,False
M6_S5_R3_sma0.03_rho0.0_beta0.0,86,6,5,3,0.03,0.0,0.0,0.297355459463174,0.003503850028723788,True,1.1518089771270752,0.7907150787047589,0.003401660288246946,0.012817969008041788,False,True,0.0008856259827105526,0.0011374151617717504,0.0003988408173712431,8.433896219173428e-05,2.9182032434622435e-05,5.927443265914917,0.003401660288247945,-0.022098952226745166,0.027088405207712087,False,True,0.14691358024691353,-0.02421604938271603,0.32129629629629625,False
M6_S5_R3_sma0.03_rho0.0_beta0.0,87,6,5,3,0.03,0.0,0.0,2.3033581009173205e-05,0.014559790547426826,True,0.6623270511627197,0.13087068785817446,0.016523324805895065,0.01093769315987893,True,True,0.0009004430214684578,0.0008679364588583095,0.0002653666433652595,1.9495536801783866e-05,2.7919347374303413e-05,4.219592571258545,0.016523324805895825,-0.0017042016977002938,0.04019993322709373,False,True,0.1624691358024692,-0.011858024691358009,0.329641975308642,False
M6_S5_R3_sma0.03_rho0.0_beta0.0,88,6,5,3,0.03,0.0,0.0,1.8959514302231e-15,0.026041463556906033,True,1.136540174484253,0.05816962005461105,0.029695352104767234,0.015675189157209522,True,True,0.0009068970994103087,0.0022977347884382167,0.0006736437061579192,0.0001951558845842068,2.525960464726216e-06,1.8155031204223633,0.029695352104770412,0.015343207600964578,0.04407085696832639,True,False,0.27037037037037037,0.10687037037037041,0.42867901234567896,True
M6_S5_R3_sma0.03_rho0.0_beta0.0,89,6,5,3,0.03,0.0,0.0,4.451338096230017e-07,-0.016143166282100118,True,1.584547996520996,0.34138299466718314,-0.017527009291899567,0.018421633963600883,False,True,0.0008243687778163195,0.003329044293737895,0.0008877034216358969,0.00010104877660966602,6.28403779251074e-05,1.7684195041656494,-0.017527009291903903,-0.02964568923612564,-0.004215380272142572,True,False,-0.21802469135802466,-0.3911172839506173,-0.058012345679012346,True
M6_S5_R3_sma0.03_rho0.0_beta0.0,90,6,5,3,0.03,0.0,0.0,4.1978579454515705e-06,0.01816462662486179,True,1.618396282196045,0.4911356419173598,0.01867257774322378,0.02712051914727358,False,True,0.0009620216731851622,0.003222918419801489,0.002029173846366108,0.00010594967387651202,9.438254323092311e-05,2.6420974731445312,0.018672577743242245,-0.013583690552778483,0.05753260855354101,False,True,0.18222222222222223,0.017734567901234517,0.368679012345679,True
M6_S5_R3_sma0.03_rho0.0_beta0.0,91,6,5,3,0.03,0.0,0.0,2.3236897973459032e-08,0.01968734623988835,True,1.3538613319396973,0.45070729720326697,0.01315478267112312,0.017441193566787506,False,True,0.0009627976468470215,0.0023062986431606324,0.0008253690758471037,0.00012784651924848637,1.9191761221484887e-05,5.796834707260132,0.013154782671125966,-0.01460695261913686,0.03993149438039973,False,True,0.09728395061728395,-0.07137037037037039,0.2664444444444445,False
M6_S5_R3_sma0.03_rho0.0_beta0.0,92,6,5,3,0.03,0.0,0.0,0.06975149731299948,0.006493109671696746,True,1.3103055953979492,0.9457573797675503,0.0016716191571111618,0.024569810018570337,True,True,0.0009046004748403503,0.004343652746436493,0.0017150978701388434,0.0001233278363002841,2.968510381917345e-05,3.699131488800049,0.0016716191571148175,-0.02929501277696108,0.03135706407999862,False,True,0.017530864197530915,-0.15186419753086425,0.1898148148148146,False
M6_S5_R3_sma0.03_rho0.0_beta0.0,93,6,5,3,0.03,0.0,0.0,0.9988135000646716,5.323296494863016e-06,True,1.9207732677459717,0.9155928069424234,-0.001979443136896444,0.0186763135177407,False,True,0.0008711057166050601,0.0016759683981491646,0.0009635120117475321,0.00011610077721959591,2.0690278042809442e-05,4.773128986358643,-0.001979443136895044,-0.027664913883778116,0.027066625113845267,False,True,0.014814814814814836,-0.15976543209876545,0.18029629629629626,False
M6_S5_R3_sma0.03_rho0.0_beta0.0,94,6,5,3,0.03,0.0,0.0,0.0015026220834053795,0.010742365452257721,True,3.240896701812744,0.5095647957577738,0.010270516837903738,0.015572821003093363,True,True,0.0008435252029716999,0.0013441095614671918,0.0005989666037369669,1.6107182351984e-05,6.028053726222638e-05,3.5515024662017822,0.010270516837902966,-0.016100439758513364,0.038554686729689674,False,True,0.10962962962962958,-0.05686419753086415,0.28200000000000003,False
M6_S5_R3_sma0.03_rho0.0_beta0.0,95,6,5,3,0.03,0.0,0.0,1.3738344030851672e-17,0.032352731644618736,True,2.4559144973754883,0.09431394466822077,0.029486607409958246,0.017624274980646244,False,True,0.0008873493633580061,0.0005567106295551959,0.00080011855368445,1.746394542566459e-05,6.047502322661735e-05,5.125133275985718,0.02948660740995764,-0.005664727493171274,0.06404557669099457,False,True,0.3950617283950617,0.23382098765432094,0.5459629629629629,True
M6_S5_R3_sma0.03_rho0.0_beta0.0,96,6,5,3,0.03,0.0,0.0,2.9621744297727688e-05,-0.01574191534165393,True,2.7008001804351807,0.42294453457709924,-0.01528280776283906,0.019071963493264732,True,True,0.0009358688160581432,0.0014686800457494116,0.0009839426948957718,3.5411958777640265e-05,3.7404520971264795e-05,4.328698396682739,-0.015282807762841664,-0.0466235999448315,0.019635549589881545,False,True,-0.2353086419753086,-0.4000061728395061,-0.07106790123456795,True
M6_S5_R3_sma0.03_rho0.0_beta0.0,97,6,5,3,0.03,0.0,0.0,0.3029870250525901,-0.003466877544447266,True,1.831681489944458,0.890226352843734,0.0019282494514606865,0.013971020441176995,False,True,0.0008823150061522257,0.0013501242903332623,0.0004884625332323617,8.774017484789987e-05,3.190391905055347e-05,5.8022308349609375,0.0019282494514601823,-0.023416486108668724,0.02788523048431181,False,True,0.02543209876543212,-0.14351851851851846,0.20523456790123448,False
M6_S5_R3_sma0.03_rho0.0_beta0.0,98,6,5,3,0.03,0.0,0.0,0.0014325563627666787,0.011895573993592787,True,2.4117281436920166,0.7307155938459197,0.006538666883203954,0.018998154759453812,False,True,0.000922065623788494,0.0014473193191322285,0.0009682844602121877,4.943749152119001e-05,4.419512582814623e-05,8.051451206207275,0.006538666883200326,-0.01660932360835381,0.03826178621901557,False,True,0.010617283950617284,-0.15309876543209874,0.1886543209876543,False
M6_S5_R3_sma0.03_rho0.0_beta0.0,99,6,5,3,0.03,0.0,0.0,0.8154875811720702,0.0007510440832347845,True,1.25913667678833,0.9913558334861834,0.00011729282125453832,0.010826295426435784,True,True,0.0008408898774955007,0.0008970499440765266,0.0002486671902507377,5.153641056222526e-05,3.908291880355678e-05,3.7102599143981934,0.0001172928212549248,-0.01930522049700134,0.019379201203929382,False,True,0.020987654320987703,-0.1476666666666667,0.18453703703703692,False
M6_S5_R3_sma0.03_rho0.0_beta0.0,100,6,5,3,0.03,0.0,0.0,0.0027548087890339836,-0.011577135824256023,True,2.421949863433838,0.7062612517721337,-0.011327923700686457,0.030056945682973093,True,True,0.0008590709502151273,0.004214382314562866,0.0026301631533724936,2.5000745116446425e-08,1.9021167759201543e-05,5.541651725769043,-0.011327923700675516,-0.04377658741389979,0.021114717606392774,False,True,-0.0834567901234568,-0.26086419753086415,0.08619135802469138,False
M6_S5_R3_sma0.03_rho0.0_beta0.0,101,6,5,3,0.03,0.0,0.0,0.011098977598215432,-0.008321027640464633,True,2.1961259841918945,0.5005047597831901,-0.011716562351110973,0.01739147415480018,True,True,0.0008564168653257633,0.002821493662686703,0.0007482558659198197,8.784790508500046e-05,8.5033163518764e-05,2.5327000617980957,-0.011716562351103384,-0.030329376603055746,0.005871305609220411,False,True,-0.1098765432098765,-0.2688888888888889,0.07212962962962964,False
M6_S5_R3_sma0.03_rho0.0_beta0.0,102,6,5,3,0.03,0.0,0.0,9.002520024943954e-07,-0.016866886835944547,True,3.0698020458221436,0.7163554947410397,-0.007419288199982806,0.020420029084520577,False,True,0.0009074851411605644,0.003577029725996389,0.0010821928137947881,0.00010162424952965832,9.020078352670844e-05,2.6693100929260254,-0.007419288199982578,-0.026130509979044963,0.014903177093493609,False,True,-0.040987654320987665,-0.21435185185185188,0.13608641975308639,False
M6_S5_R3_sma0.03_rho0.0_beta0.0,103,6,5,3,0.03,0.0,0.0,0.3190688825939849,-0.003324779401827414,True,2.7038803100585938,0.7079897369297456,-0.007122018872245751,0.019014497741761574,False,True,0.0008790877311087936,0.003178481599561978,0.0008715469692956355,7.888286755016748e-05,0.00012875046256447542,3.914872407913208,-0.0071220188722491634,-0.029813838839962154,0.014876932551695409,False,True,-0.034814814814814854,-0.19284567901234564,0.13146296296296284,False
M6_S5_R3_sma0.03_rho0.0_beta0.0,104,6,5,3,0.03,0.0,0.0,0.0015522458391542776,-0.011347172733133733,True,2.3296029567718506,0.5711574915202858,-0.011624082903156098,0.02052464316400193,False,True,0.0008702420205657113,0.00228835910774089,0.0011343600560971036,5.2546070843721556e-05,5.950561685659432e-05,4.682766437530518,-0.011624082903157192,-0.039193619650498855,0.02031435403036019,False,True,-0.14617283950617282,-0.3076666666666667,0.002530864197530775,False
M6_S5_R3_sma0.03_rho0.0_beta0.0,105,6,5,3,0.03,0.0,0.0,0.2938680280580933,0.003477575214481739,True,4.231416463851929,0.8656145762904672,0.0016200970013867883,0.009573260748611754,False,True,0.0009370930334960735,0.0006663813282378862,0.00016707675478906455,6.740577310420183e-05,3.782695032827008e-05,4.723868370056152,0.0016200970013871884,-0.011552635586874834,0.015654672439797474,False,True,0.00864197530864197,-0.15236419753086416,0.17360493827160492,False
M6_S5_R3_sma0.03_rho0.0_beta0.0,106,6,5,3,0.03,0.0,0.0,0.14211829519353178,0.004970542884573463,True,1.379399299621582,0.5885232872439923,0.00864419110920157,0.015978845059553708,False,True,0.0008053788698914861,0.0012399772890031976,0.0006568957270615362,6.520766381925705e-05,4.6152347159299376e-05,5.291769742965698,0.008644191109205883,-0.016448982984736966,0.03434520287160644,False,True,0.09456790123456793,-0.07012345679012344,0.26599382716049375,False
M6_S5_R3_sma0.03_rho0.0_beta0.0,107,6,5,3,0.03,0.0,0.0,0.4283075315201794,-0.0030263531040327822,True,3.1885154247283936,0.9552505344846229,0.0014363508778965056,0.025596753135568293,True,True,0.0009160259381699791,0.003261565021145399,0.0018509420499353336,0.00012614773751013365,4.4642389529050776e-05,2.6040427684783936,0.0014363508778971038,-0.025977625887861563,0.030680467408205535,False,True,-0.01975308641975304,-0.18595061728395057,0.15362345679012346,False
M6_S5_R3_sma0.03_rho0.0_beta0.0,108,6,5,3,0.03,0.0,0.0,0.0022227896445878607,0.012093700305203382,True,1.5080296993255615,0.5817360601734943,0.013135416117685579,0.023845694169691546,False,True,0.0008669065742406174,0.0014438965781566832,0.001625852386692028,0.00010611245927804846,1.8504360828963396e-05,6.113208293914795,0.01313541611767576,-0.027676049512438794,0.05412542576619311,False,True,0.06666666666666665,-0.0992839506172839,0.24543209876543215,False
M6_S5_R3_sma0.03_rho0.0_beta0.0,109,6,5,3,0.03,0.0,0.0,6.28981249440848e-08,-0.020308156557994613,True,3.495375394821167,0.4062305803934163,-0.021230712861030017,0.025562379775383854,False,True,0.0009169189940029632,0.003629030920321051,0.001839316035013137,0.00012832066343763284,4.988484282821717e-05,3.726163148880005,-0.021230712861010338,-0.06054515869120108,0.010850040524797511,False,True,-0.19061728395061728,-0.3612407407407407,-0.006123456790123528,True
M6_S5_R3_sma0.03_rho0.0_beta0.0,110,6,5,3,0.03,0.0,0.0,0.0026120820771358415,0.010630328371956817,True,1.433518648147583,0.6731718664819933,0.0068368077415891255,0.016208693349105383,True,True,0.0009664843956211092,0.001905825271484158,0.0006923050690736506,0.00011640950177104387,2.6189881784100713e-05,5.4087018966674805,0.006836807741588408,-0.010053412472618133,0.02397556379033251,False,True,0.057037037037037,-0.11704320987654322,0.2237098765432099,False
M6_S5_R3_sma0.03_rho0.0_beta0.0,111,6,5,3,0.03,0.0,0.0,1.6724360734997806e-25,-0.036307985593051484,True,1.2908713817596436,0.01628743740406342,-0.03518806438008328,0.014646984863837722,True,True,0.0008665747697057148,0.0009487987817813551,0.0005784912575534437,0.00016389603165105484,6.116323280959048e-06,4.442175388336182,-0.035188064380075365,-0.06160977065918723,-0.011140455266854327,True,False,-0.38296296296296295,-0.5252469135802469,-0.22787654320987658,True
M6_S5_R3_sma0.03_rho0.0_beta0.0,112,6,5,3,0.03,0.0,0.0,0.75664364601206,-0.0009997642674895873,True,1.8206896781921387,0.8713031369724098,0.001781233101484534,0.010995031898073897,False,True,0.0008589365471312929,0.0008578078586933373,0.0002861487699460481,0.0001203095914497189,1.6050810747869387e-05,6.566248655319214,0.0017812331014841272,-0.017450509995454024,0.02529084891844337,False,True,0.05506172839506168,-0.10375308641975306,0.23112345679012344,False
M6_S5_R3_sma0.03_rho0.0_beta0.0,113,6,5,3,0.03,0.0,0.0,0.035661859004600005,0.00686499600894343,True,3.7857813835144043,0.9507830139633529,0.0006336371783223254,0.010265733982893514,False,True,0.000904273640611459,0.0009163462256576816,0.00022702018987638605,0.0001324906899167476,2.4042319476765936e-05,4.46928858757019,0.0006336371783237048,-0.01499137490154907,0.015618484999312034,False,True,-0.007654320987654284,-0.16424691358024696,0.1632283950617284,False
M6_S5_R3_sma0.03_rho0.0_beta0.0,114,6,5,3,0.03,0.0,0.0,0.20649482545999598,0.00421038727225668,True,3.3327572345733643,0.7933157491909388,0.003679080602712225,0.014041896616917996,False,True,0.0009252180023561282,0.001674226687384951,0.000518060128017985,0.00013881817695964146,9.819378021377048e-06,5.013917446136475,0.003679080602712126,-0.01669469634088864,0.019546556224427813,False,True,-0.018518518518518545,-0.19020370370370374,0.14966666666666661,False
M6_S5_R3_sma0.03_rho0.0_beta0.0,115,6,5,3,0.03,0.0,0.0,0.2485176168849783,-0.003883539620077167,True,1.2247347831726074,0.8522573325413456,0.0027143740523654473,0.014574680322649145,False,True,0.0008653393190096218,0.001337622752540298,0.0005557167957101661,7.556072580023106e-05,1.988152989851837e-05,4.84999680519104,0.0027143740523637013,-0.02040990228293313,0.028162271761587983,False,True,0.0767901234567901,-0.09339506172839505,0.23605555555555557,False
M6_S5_R3_sma0.03_rho0.0_beta0.0,116,6,5,3,0.03,0.0,0.0,0.2891302998146079,-0.0038170860353863474,True,2.635607957839966,0.8184930125910419,-0.00563927281790019,0.024573743543200736,True,True,0.0008380447727016326,0.00333250081901902,0.0016727883425235964,4.563055951852606e-05,6.912385095311474e-05,4.1930625438690186,-0.005639272817892668,-0.03797322078612391,0.02738092558828381,False,True,0.005185185185185182,-0.1696728395061728,0.16643827160493826,False
M6_S5_R3_sma0.03_rho0.0_beta0.0,117,6,5,3,0.03,0.0,0.0,9.368508132470815e-05,-0.01309457784505385,True,1.6410393714904785,0.17678074097259366,-0.015501405490051794,0.011476285119903154,False,True,0.0008148573128384596,0.0003643999176291609,0.0003145603868069823,9.334215744451747e-05,2.185929399761486e-05,4.476645231246948,-0.01550140549005515,-0.030666641131481272,0.0037804167001126493,False,True,-0.26024691358024693,-0.42644444444444446,-0.0851481481481482,True
M6_S5_R3_sma0.03_rho0.0_beta0.0,118,6,5,3,0.03,0.0,0.0,0.2885281441893571,0.0037152798781220895,True,1.5451481342315674,0.9326283757203379,0.001638407252732421,0.019380628346231582,False,True,0.000930155744414681,0.0029867054423851486,0.0009751727164324461,8.644240147748381e-05,7.470263824288861e-05,3.007765054702759,0.0016384072527308906,-0.026565643510225258,0.027172482157730802,False,True,0.057283950617283974,-0.12370987654320982,0.22667901234567897,False
M6_S5_R3_sma0.03_rho0.0_beta0.0,119,6,5,3,0.03,0.0,0.0,0.039056335777978186,-0.006706293025366204,True,1.9722211360931396,0.7241003774166967,-0.005684538340223842,0.01610423444201634,False,True,0.0009116780144182819,0.0003298859292010881,5.4328009382566175e-05,1.0987468260140276e-05,0.0005524437976777784,4.9597697257995605,-0.005684538340225812,-0.017514716338781794,0.006753377022343818,False,True,-0.04938271604938271,-0.22596913580246913,0.11654938271604942,False
M6_S5_R3_sma0.03_rho0.0_beta0.0,120,6,5,3,0.03,0.0,0.0,2.0707854228080883e-11,0.02223559320913405,True,1.9384353160858154,0.1730523002741241,0.017306747121314834,0.012702559067220837,False,True,0.0008985491613999985,0.0015658458582787772,0.0003410294581600286,2.9929407088764575e-05,6.927690415163168e-05,3.82599139213562,0.01730674712131252,-0.0038096673291905074,0.03838780228743864,False,True,0.17555555555555552,0.005166666666666665,0.32916049382716045,True
M6_S5_R3_sma0.03_rho0.0_beta0.0,121,6,5,3,0.03,0.0,0.0,0.2351242004284776,-0.003972172634557823,True,0.991668701171875,0.5611159805417513,-0.006416309064905359,0.011040051643860628,False,True,0.0009272617376874391,0.0008394611055673964,0.00026088321977441866,0.00011498725569029289,3.578962661978661e-05,4.089925050735474,-0.006416309064905034,-0.03093796554728771,0.019489731711788253,False,True,-0.0733333333333333,-0.2266728395061728,0.09259876543209873,False
M6_S5_R3_sma0.03_rho0.0_beta0.0,122,6,5,3,0.03,0.0,0.0,0.8865474287699326,-0.0004961068761518474,True,1.3982939720153809,0.5781816319642994,-0.007224224875112394,0.012992211303940094,False,True,0.0009367180177040961,0.0009651259531971356,0.0003990744334355405,6.693217771662766e-05,3.739196868015817e-05,5.169435977935791,-0.007224224875111289,-0.034540483122490556,0.02107760294341506,False,True,-0.06419753086419755,-0.2318518518518518,0.10274074074074067,False
M6_S5_R3_sma0.03_rho0.0_beta0.0,123,6,5,3,0.03,0.0,0.0,5.948910082698358e-07,-0.017444957149944474,True,1.3557937145233154,0.24354819007123085,-0.01768825985591592,0.015167902248723308,True,True,0.0009008042146722807,0.0013346857901717715,0.0005541513305680329,5.341886008109748e-05,6.332569250081228e-05,3.719204902648926,-0.01768825985591709,-0.038905592230308025,0.003994594566739573,False,True,-0.17975308641975313,-0.3493950617283951,0.005246913580246853,False
M6_S5_R3_sma0.03_rho0.0_beta0.0,124,6,5,3,0.03,0.0,0.0,0.6382705177881998,-0.0016069636276828782,True,1.2961161136627197,0.8141038620818999,-0.003924457056239661,0.016690220846133665,True,True,0.0008898054544180447,0.002021311445558337,0.0006474441246689224,8.462902617274268e-05,0.00010743827281799333,2.3181984424591064,-0.0039244570562394394,-0.025573174340283628,0.018031764966735885,False,True,0.023703703703703727,-0.1367901234567901,0.19488888888888878,False
M6_S5_R3_sma0.03_rho0.0_beta0.0,125,6,5,3,0.03,0.0,0.0,2.597911023252667e-08,0.019547494038046048,True,3.436089515686035,0.16971983975093363,0.019354436157981773,0.014095383952732958,False,True,0.0009276004373345212,0.0010379824626086946,0.0004928217709107825,7.047873576597695e-05,3.448145521556438e-05,4.561090707778931,0.019354436157990373,0.00026497412972646884,0.03988727224633909,True,False,0.27679012345679016,0.10196296296296295,0.43640740740740736,True
M6_S5_R3_sma0.03_rho0.0_beta0.0,126,6,5,3,0.03,0.0,0.0,0.2524362963270561,0.003696639682743257,True,0.8791854381561279,0.8266777998156495,0.0031432643444853398,0.014355140464397644,False,True,0.0007828709754982005,0.0013925113251241248,0.0005209308174187197,4.2973022584882014e-05,3.7573297893677303e-05,4.579164505004883,0.0031432643444837616,-0.0166658106178517,0.024106168478032063,False,True,0.06987654320987652,-0.0987716049382716,0.23533950617283944,False
M6_S5_R3_sma0.03_rho0.0_beta0.0,127,6,5,3,0.03,0.0,0.0,0.16604851778856544,0.005157539242732495,True,1.0354981422424316,0.7700190750159535,0.006805543529222045,0.02327875765770081,True,True,0.0008965135218045112,0.0024425206038665897,0.001419392236063877,7.963822335017898e-05,0.00012211822506158875,3.175182580947876,0.006805543529223569,-0.02435012673538529,0.04114185185294626,False,True,0.05061728395061732,-0.11877160493827162,0.21309259259259256,False
M6_S5_R3_sma0.03_rho0.0_beta0.0,128,6,5,3,0.03,0.0,0.0,3.942114881436304e-13,-0.02306771622968037,True,2.5716419219970703,0.03510822024512262,-0.02100267649160973,0.009967536846551907,False,True,0.0008465440069208273,0.0005961468769633114,0.0001156200055908897,7.83037495160295e-05,0.00010499924970267138,3.1972427368164062,-0.02100267649161262,-0.033868744864151513,-0.009099262566709008,True,False,-0.2903703703703704,-0.44793827160493827,-0.13079629629629635,True
M6_S5_R3_sma0.03_rho0.0_beta0.0,129,6,5,3,0.03,0.0,0.0,0.0005687613087055562,0.01219076474544883,True,2.2388598918914795,0.4038660705279006,0.01103986396502214,0.013225567116183725,True,True,0.0009673504803959748,0.0014375819394162497,0.00039050441648578955,5.299812094051463e-08,5.8127023434742564e-05,3.692669630050659,0.01103986396501981,-0.011758849289409016,0.030109514701686067,False,True,0.14148148148148149,-0.023240740740740694,0.3019814814814815,False
M6_S5_R3_sma0.03_rho0.0_beta0.0,130,6,5,3,0.03,0.0,0.0,1.7686787169679572e-16,-0.027704356839752482,True,3.0217761993408203,0.05015397576000257,-0.027651809671280038,0.014117801588217075,True,True,0.000853717608805937,0.0013595627767723354,0.0004980356845196048,2.4669381853024082e-05,3.582231106624986e-05,5.010946035385132,-0.02765180967128266,-0.05811136981078112,5.13068647557136e-05,False,True,-0.28493827160493823,-0.43685802469135804,-0.13403703703703707,True
M6_S5_R3_sma0.03_rho0.0_beta0.0,131,6,5,3,0.03,0.0,0.0,0.0004156126531290944,-0.011188624943160063,True,2.457132339477539,0.5085369129777703,-0.008360954068015902,0.012646697562628055,True,True,0.000836272655136182,0.0014433974635586154,0.00039137728413633283,8.808445446343548e-05,2.724006936918564e-05,4.3801023960113525,-0.008360954068015238,-0.02346244299111695,0.008121008456295629,False,True,-0.09802469135802472,-0.26427160493827156,0.07285802469135802,False
M6_S5_R3_sma0.03_rho0.0_beta0.0,132,6,5,3,0.03,0.0,0.0,0.0029332599881468514,0.01075438014338032,True,2.25050687789917,0.45956906039443135,0.014415419675493679,0.01949197521166933,True,True,0.0008496743545153251,0.0015117133107163331,0.0010026995332726636,4.698891284341231e-05,6.705566893090882e-05,5.622018098831177,0.014415419675494074,-0.02855188648806411,0.05376409902298242,False,True,0.1577777777777778,-0.009932098765432128,0.32990740740740737,False
M6_S5_R3_sma0.03_rho0.0_beta0.0,133,6,5,3,0.03,0.0,0.0,0.2822980034914052,-0.0036731895561342167,True,1.1322779655456543,0.7643554100733219,-0.007210827945097767,0.024054830553504034,True,True,0.000947702097377443,0.005619294701414796,0.0016488364126916375,8.163795070839142e-05,1.990672196337981e-05,3.6155591011047363,-0.007210827945082607,-0.03009304476974061,0.013686705783156701,False,True,-0.06567901234567897,-0.2203271604938272,0.10622839506172829,False
M6_S5_R3_sma0.03_rho0.0_beta0.0,134,6,5,3,0.03,0.0,0.0,0.0005480384581433612,-0.01136903321002339,True,0.8097307682037354,0.26004187839967685,-0.016280107069993045,0.014454604017176334,False,True,0.0008725002028452546,0.0017080154076334498,0.0005268443164553383,7.262726313749922e-05,3.482977936272603e-05,4.378818988800049,-0.016280107069997083,-0.033744288413969876,0.001022882594242665,False,True,-0.17135802469135802,-0.3393271604938271,0.0012407407407407727,False
M6_S5_R3_sma0.03_rho0.0_beta0.0,135,6,5,3,0.03,0.0,0.0,0.004204498051693064,0.009703550180905084,True,2.9275920391082764,0.6475477955785096,0.0066292165984459875,0.014500503382192748,False,True,0.000920113532578593,0.0016165825073350586,0.00043735693340376505,8.864964343705617e-05,0.00011007996619596713,2.8989205360412598,0.006629216598443413,-0.013132334933598703,0.029450872035009578,False,True,0.06395061728395057,-0.10817901234567896,0.23507407407407407,False
M6_S5_R3_sma0.03_rho0.0_beta0.0,136,6,5,3,0.03,0.0,0.0,6.15337662464982e-06,-0.014986421620163996,True,3.7133629322052,0.30602744775100843,-0.013830378761319276,0.013511596654780625,False,True,0.0008645988454520837,0.0016820133820111016,0.0004501556852124069,3.84746063172456e-05,3.324510353493031e-05,6.3868958950042725,-0.013830378761320563,-0.03788119583276898,0.010738373268546837,False,True,-0.1345679012345679,-0.3049567901234568,0.04625308641975302,False
M6_S5_R3_sma0.03_rho0.0_beta0.0,137,6,5,3,0.03,0.0,0.0,0.4450500030619261,0.0026552748724681602,True,1.4400949478149414,0.5917422398874557,0.008015972497215132,0.014946444207828818,False,True,0.0008513044042458866,0.000990886177335716,0.0005495996063431413,5.722938434246607e-05,5.319612506715563e-05,5.398519277572632,0.00801597249721769,-0.014978163223536822,0.036908336632091525,False,True,0.09827160493827164,-0.06866666666666671,0.2671728395061728,False
M6_S5_R3_sma0.03_rho0.0_beta0.0,138,6,5,3,0.03,0.0,0.0,0.3151197604415138,-0.0035037842862657848,True,0.9302780628204346,0.9960230376353936,6.9052532610338e-05,0.0138537196149412,False,True,0.0009311659204201576,0.0014099223993267664,0.0004637047790833983,1.7672926720823052e-05,4.166177866396398e-05,4.463201522827148,6.90525326113456e-05,-0.027620855933692758,0.02122851492646216,False,True,0.08074074074074078,-0.10596296296296301,0.2531481481481481,False
M6_S5_R3_sma0.03_rho0.0_beta0.0,139,6,5,3,0.03,0.0,0.0,0.17072789439529856,-0.004987592411734453,True,2.129739999771118,0.7816079559392279,-0.005070210537607241,0.018289205894955207,True,True,0.0008726014889698593,0.0013964104780290437,0.000944636619561002,2.5492118087849175e-07,5.625872047387896e-07,2.494638204574585,-0.0050702105376079646,-0.04128444954777219,0.027350592249054152,False,True,-0.08493827160493828,-0.24893209876543215,0.08182098765432091,False
M6_S5_R3_sma0.03_rho0.0_beta0.0,140,6,5,3,0.03,0.0,0.0,0.057449691914531524,-0.006514617220015696,True,2.6979572772979736,0.7008936768595755,-0.004135428592205258,0.010766138555248817,False,True,0.0009444578958318676,0.00047268966526536595,0.0001258470835627355,8.1930112659991e-05,0.0001324318957396205,2.2756478786468506,-0.004135428592204231,-0.022977862270625277,0.01498548573927401,False,True,-0.08000000000000002,-0.24820370370370373,0.09210493827160494,False
M6_S5_R3_sma0.03_rho0.0_beta0.0,141,6,5,3,0.03,0.0,0.0,0.011424016122130305,-0.009369055948092841,True,1.9207127094268799,0.7097076842244594,-0.007762149195127804,0.020852051432698655,False,True,0.0008508006668778553,0.0014837418191507815,0.0011729463490831144,4.9331298192024776e-05,6.229812776252379e-05,4.086824655532837,-0.007762149195140857,-0.04432275011686301,0.022639656760994453,False,True,-0.03530864197530864,-0.21038888888888885,0.13284567901234567,False
M6_S5_R3_sma0.03_rho0.0_beta0.0,142,6,5,3,0.03,0.0,0.0,0.015179181990052509,-0.008722783243546438,True,2.035555839538574,0.6829826718587322,-0.007332358073874579,0.017954022055641988,True,True,0.0009002697268509739,0.0016408862609691602,0.0008635424174000344,6.353499943607109e-05,3.6233603944486297e-05,4.900618076324463,-0.007332358073874849,-0.03799813994927823,0.024732659100321294,False,True,-0.054567901234567895,-0.21856172839506177,0.11440123456790115,False
M6_S5_R3_sma0.03_rho0.0_beta0.0,143,6,5,3,0.03,0.0,0.0,0.5294629321982616,-0.0021285552926821293,True,2.67036771774292,0.8708127113392952,-0.00272356219254194,0.016747370482923386,False,True,0.0008731902594758224,0.002351024956486562,0.0007420638810715804,1.779059240121262e-05,3.4288907700073384e-05,5.143767833709717,-0.0027235621925429756,-0.02286704070331735,0.01556634614330649,False,True,-0.03283950617283948,-0.20280246913580244,0.13359259259259262,False
M6_S5_R3_sma0.03_rho0.0_beta0.0,144,6,5,3,0.03,0.0,0.0,0.0007693853124602281,0.011595288093086723,True,1.3115367889404297,0.5859991549268305,0.010941127861875241,0.020088627241400682,False,True,0.000908061059021345,0.0033404371710264785,0.0010220920310705646,9.280550229762723e-05,0.0001066911652711328,2.2895495891571045,0.010941127861867517,-0.013464039264196113,0.035438849832221835,False,True,0.08814814814814814,-0.07975925925925927,0.249641975308642,False
M6_S5_R3_sma0.03_rho0.0_beta0.0,145,6,5,3,0.03,0.0,0.0,0.00016441664228935933,-0.01365073624297793,True,1.7433714866638184,0.535523455481935,-0.010309984449231995,0.01663983583103323,False,True,0.0008959361622708984,0.0011730437106178078,0.000718067621830979,8.332642331525398e-06,4.404642511263172e-05,4.573402166366577,-0.010309984449226352,-0.034597130764377614,0.01255173490842676,False,True,-0.12592592592592594,-0.28227777777777774,0.0380555555555555,False
M6_S5_R3_sma0.03_rho0.0_beta0.0,146,6,5,3,0.03,0.0,0.0,3.5302236010852357e-15,0.026225017869835485,True,0.8429076671600342,0.05579495835577866,0.024158686795739178,0.012631109871666685,False,True,0.0008750263392585886,0.0010745232759630187,0.00039127489451275244,9.306560821750436e-05,2.418735497809957e-05,7.828195571899414,0.024158686795738307,0.001409090038360535,0.04447187375609482,True,False,0.22246913580246913,0.04688888888888892,0.3911172839506173,True
M6_S5_R3_sma0.03_rho0.0_beta0.0,147,6,5,3,0.03,0.0,0.0,0.000543054291989043,0.012145676990812072,True,2.475999355316162,0.44384013887656404,0.011566266411804534,0.0151049936275167,False,True,0.0008943736797097459,0.0012500643812530378,0.0005801067725739223,3.29931280862707e-05,3.7292344089693866e-05,3.8823297023773193,0.011566266411807503,-0.01624608910187052,0.037251955900013886,False,True,0.12395061728395063,-0.05458024691358024,0.3019814814814815,False
M6_S5_R3_sma0.03_rho0.0_beta0.0,148,6,5,3,0.03,0.0,0.0,0.625379373201715,-0.0016644768672859941,True,1.4351027011871338,0.860241079598193,-0.003486752305222111,0.019803521365563504,True,True,0.0009245523582049285,0.003701657537666269,0.0010340967500420447,0.00011338131139474078,6.733733458855846e-05,2.146136999130249,-0.003486752305219797,-0.0205765647956828,0.015270862291533268,False,True,-0.03358024691358019,-0.19213580246913578,0.14495061728395062,False
M6_S5_R3_sma0.03_rho0.0_beta0.0,149,6,5,3,0.03,0.0,0.0,1.7281777999464426e-09,-0.020110068647228814,True,0.9106645584106445,0.010721443048898572,-0.02390244989180315,0.009367451675853932,True,True,0.0008910495074299447,0.00039805729625099807,0.00017251669609501006,9.783373651207713e-05,2.6106213423329913e-05,3.7140402793884277,-0.023902449891799304,-0.04102970445033435,0.0026981011720822287,False,True,-0.37999999999999995,-0.5340925925925927,-0.23534567901234582,True
M6_S5_R3_sma0.03_rho0.0_beta0.0,150,6,5,3,0.03,0.0,0.0,0.7988014061385522,0.0010040150884194946,True,1.738715648651123,0.9184207547421639,0.0024238175176860798,0.02366472708910314,False,True,0.0008847949359586783,0.001624371916343328,0.001608517808626202,0.00013673793328922062,1.0461489095213745e-05,5.122402667999268,0.0024238175176843737,-0.03627489455973056,0.03980302334472591,False,True,0.035061728395061775,-0.134320987654321,0.20326543209876533,False
M6_S5_R3_sma0.03_rho0.0_beta0.0,151,6,5,3,0.03,0.0,0.0,0.0029794585820657454,0.009547918062177661,True,2.473468542098999,0.27242884664346867,0.011106326924514794,0.01011978597617569,False,True,0.0008607254506617255,0.0006436597854594477,0.00021749342757199764,7.698716442094177e-05,2.6962566939960222e-05,5.136885404586792,0.011106326924513276,-0.007635681566391918,0.029839875962954215,False,True,0.15456790123456793,-0.022499999999999982,0.3291419753086419,False
M6_S5_R3_sma0.03_rho0.0_beta0.0,152,6,5,3,0.03,0.0,0.0,1.7169339460237322e-05,-0.016345804179995902,True,2.955078125,0.6455877113958597,-0.009132653876736075,0.019857894948616277,False,True,0.0008990777499581396,0.0012811470185443985,0.0010961843893421731,1.0780182848732032e-06,2.240422447005759e-05,3.8503432273864746,-0.009132653876735484,-0.03856774477917805,0.03315156196498782,False,True,-0.19160493827160496,-0.36749382716049384,-0.02787654320987661,True
M6_S5_R3_sma0.03_rho0.0_beta0.0,153,6,5,3,0.03,0.0,0.0,0.031514950135589755,-0.008455495729668024,True,3.4146904945373535,0.6575389386029737,-0.009861974155098244,0.022246045968733284,False,True,0.0008951825093146501,0.0013195424676893078,0.0013664939312092905,2.1684621204460035e-05,4.873909880590802e-05,3.5095083713531494,-0.009861974155104408,-0.04581621914759235,0.02701048343114361,False,True,-0.07604938271604933,-0.23980246913580244,0.09607407407407402,False
M6_S5_R3_sma0.03_rho0.0_beta0.0,154,6,5,3,0.03,0.0,0.0,0.006304787565924907,-0.008957366066814108,True,1.074772834777832,0.5179684345813418,-0.007638627852233257,0.011815718705731205,False,True,0.0008984498982255567,0.0012343284022788238,0.00024088686376732367,3.651591261778082e-05,9.837508495815654e-05,4.642446279525757,-0.007638627852232082,-0.024475276716448835,0.01074706870810053,False,True,-0.0528395061728395,-0.21407407407407408,0.11827777777777781,False
M6_S5_R3_sma0.03_rho0.0_beta0.0,155,6,5,3,0.03,0.0,0.0,1.7807421244257525e-05,0.014124929500304778,True,2.973266124725342,0.17072188101401298,0.018346838724028484,0.013392948445752319,True,True,0.0008334062707862974,0.0013226418379457057,0.0003994262539376531,2.057124802440899e-05,6.92721101848223e-05,5.4545066356658936,0.018346838724034354,-0.00028682870516054143,0.03566172449654781,False,True,0.19851851851851854,0.027395061728395037,0.3669938271604938,True
M6_S5_R3_sma0.03_rho0.0_beta0.0,156,6,5,3,0.03,0.0,0.0,1.18167770619101e-05,0.014396765470344425,True,1.134704828262329,0.11172971677195877,0.014775427327685851,0.009289996608155422,False,True,0.0008821948174089255,0.0003860458187587139,8.172071194616664e-05,8.787814506612684e-05,9.864867597100384e-05,3.7957940101623535,0.014775427327687718,-0.007306538388907218,0.039413449823097454,False,True,0.23209876543209873,0.07604320987654316,0.3881728395061728,True
M6_S5_R3_sma0.03_rho0.0_beta0.0,157,6,5,3,0.03,0.0,0.0,7.545091067514056e-10,0.021253145033913345,True,1.6823387145996094,0.07554585705702624,0.021320538830801868,0.011997133678003662,False,True,0.0008816480702150501,0.0005728196357678617,0.0003230937546435973,2.5768303483235553e-05,4.160279733809876e-05,4.825218439102173,0.02132053883080197,-0.0050700124927989835,0.04770478963165914,False,True,0.30444444444444446,0.11850617283950612,0.4674320987654321,True
M6_S5_R3_sma0.03_rho0.0_beta0.0,158,6,5,3,0.03,0.0,0.0,0.21884629545058631,0.0041848534783385785,True,2.8490729331970215,0.6844355193167875,0.007222981241881273,0.01777229798261173,False,True,0.0009036809633908345,0.0024668144627602003,0.0008289865269560404,2.9683867377318333e-05,4.8609835193962385e-05,5.062662363052368,0.007222981241881207,-0.012715576382273629,0.028688831557694812,False,True,0.030617283950617302,-0.12522222222222226,0.19433950617283954,False
M6_S5_R3_sma0.03_rho0.0_beta0.0,159,6,5,3,0.03,0.0,0.0,1.2602024184239656e-05,-0.01581748571597814,True,2.1471505165100098,0.21992255912822223,-0.017907058733487902,0.014597343643841241,True,True,0.0008766645527398604,0.0005108138018082482,0.0005344464871930247,2.1396577654728528e-05,3.863044471664809e-05,4.69575834274292,-0.017907058733482955,-0.04976256113985277,0.011364837401029547,False,True,-0.25333333333333335,-0.4067777777777778,-0.09381481481481484,True
M6_S5_R3_sma0.03_rho0.0_beta0.0,160,6,5,3,0.03,0.0,0.0,0.0730513372197151,-0.006720068688696474,True,1.7001941204071045,0.9678150710175133,-0.0008943249953534163,0.0221648628212977,True,True,0.0008883034839248707,0.002209009331191283,0.0013734331483517168,2.87000152864593e-05,3.4325042538749806e-05,6.303662538528442,-0.0008943249953447659,-0.030739230735173206,0.02793604500674759,False,True,0.07012345679012344,-0.10346913580246916,0.2375308641975309,False
M6_S5_R3_sma0.03_rho0.0_beta0.0,161,6,5,3,0.03,0.0,0.0,0.00022344111681142339,-0.012265263961826898,True,5.09009313583374,0.5940810996084407,-0.009878381409148467,0.01853593586328403,False,True,0.0008901782991068275,0.0032485225198918377,0.0008505108756278628,8.93482282901416e-05,0.00010073888284623176,1.9032237529754639,-0.009878381409151937,-0.029082425505957517,0.010986272248264128,False,True,-0.07012345679012344,-0.23186419753086415,0.10152469135802468,False
M6_S5_R3_sma0.03_rho0.0_beta0.0,162,6,5,3,0.03,0.0,0.0,0.8397562090839897,-0.0006804455383150842,True,1.3842518329620361,0.980918484464906,-0.00030708869364764866,0.012839544561878143,False,True,0.0009078457828288268,0.0013126624218461238,0.00034380522960358336,3.309832892753254e-05,7.519452656431624e-05,3.6394264698028564,-0.00030708869364614216,-0.020273257148221143,0.01816054381283206,False,True,-0.057037037037037,-0.23090740740740745,0.11235802469135799,False
M6_S5_R3_sma0.03_rho0.0_beta0.0,163,6,5,3,0.03,0.0,0.0,0.15571908733052822,-0.004766150319535449,True,1.6977672576904297,0.7897938971846811,-0.0034041145735395502,0.012769663182103477,False,True,0.0009498277024688721,0.0018795977689407281,0.00032394785106650107,3.011421531841227e-05,8.493599621281268e-05,3.9620981216430664,-0.003404114573539536,-0.01757714455061002,0.013520057430595167,False,True,-0.04716049382716053,-0.2262222222222222,0.11780864197530859,False
M6_S5_R3_sma0.03_rho0.0_beta0.0,164,6,5,3,0.03,0.0,0.0,0.012676045814827175,0.008012530705599126,True,1.7826111316680908,0.7740216887451247,0.005588202836732492,0.019463062863441967,True,True,0.000833588992855403,0.003666502710878624,0.0010327982945971372,0.00012006881279271391,4.005129496564646e-05,2.8382630348205566,0.005588202836739906,-0.016998070404471505,0.025574592234008046,False,True,-0.015061728395061758,-0.1857716049382716,0.15507407407407406,False
M6_S5_R3_sma0.03_rho0.0_beta0.0,165,6,5,3,0.03,0.0,0.0,0.6100010629185242,0.0018539694633494073,True,1.3378534317016602,0.9762992292967636,0.0005188670610310134,0.017465049146409305,False,True,0.0008956618516165626,0.0012645844409454286,0.0008373565226712822,0.00014861101940791748,1.5013760234036985e-05,5.2338480949401855,0.0005188670610355988,-0.027474332109534195,0.025312185220508435,False,True,0.06888888888888894,-0.10595679012345684,0.2350679012345679,False
M6_S5_R3_sma0.03_rho0.0_beta0.0,166,6,5,3,0.03,0.0,0.0,0.0013424002800838729,-0.0105784473366749,True,2.3150439262390137,0.2646905542083001,-0.011201632228616518,0.010042945999996084,False,True,0.0008696314417508968,0.0004934046150853438,0.00016078710123748488,3.906866437050549e-05,6.984980199082816e-05,7.506308078765869,-0.01120163222861779,-0.03316058651551741,0.013447923974659179,False,True,-0.16370370370370368,-0.3424814814814815,0.004222222222222166,False
M6_S5_R3_sma0.03_rho0.0_beta0.0,167,6,5,3,0.03,0.0,0.0,4.558935810517952e-08,0.019135533635115734,True,1.2708683013916016,0.18248246933554557,0.019006125230072467,0.014256550467017619,False,True,0.000868712227518221,0.0006501954635356361,0.0005121768441710941,2.8742448865366954e-05,3.304725081970024e-05,5.424937963485718,0.01900612523007961,-0.011874521491658352,0.046496762301536744,False,True,0.2365432098765432,0.07479629629629632,0.396358024691358,True
M6_S5_R3_sma0.03_rho0.0_beta0.0,168,6,5,3,0.03,0.0,0.0,0.1785203384414673,0.004684125784090128,True,2.5870416164398193,0.824113553919311,0.0035850287583124264,0.01613007987465695,False,True,0.0008949369919951498,0.0019044296805177715,0.0006829223423790205,1.55469125391308e-05,3.162801814662915e-05,6.119422197341919,0.003585028758311466,-0.022238698197269768,0.030104134785001343,False,True,-0.007407407407407363,-0.17337037037037037,0.16372222222222219,False
M6_S5_R3_sma0.03_rho0.0_beta0.0,169,6,5,3,0.03,0.0,0.0,0.0027746786887803687,-0.010619879929913829,True,2.652331829071045,0.5932902297097981,-0.007935697414681793,0.014858793169938296,False,True,0.0009118432111352333,0.0012005777966583593,0.0005757554218896326,4.58674378587298e-06,2.1505195085512623e-05,4.833716630935669,-0.007935697414683673,-0.035365239828846304,0.024183219939683306,False,True,-0.15580246913580242,-0.32420987654320993,0.011870370370370337,False
M6_S5_R3_sma0.03_rho0.0_beta0.0,170,6,5,3,0.03,0.0,0.0,0.6068284175124328,0.001852168242316421,True,3.2549960613250732,0.8775466280854479,0.0018471980876017056,0.011988562033797669,False,True,0.0009620056832686521,0.00045754912862541855,0.0002719199135106727,2.6808412016938313e-05,7.926936098829937e-05,6.011110067367554,0.001847198087599262,-0.023909281686306533,0.027216220084515824,False,True,0.0,-0.162716049382716,0.1708888888888889,False
M6_S5_R3_sma0.03_rho0.0_beta0.0,171,6,5,3,0.03,0.0,0.0,0.0018824849780836074,0.01066458513068017,True,1.910754680633545,0.32806148667389357,0.014575095748520173,0.01490256537309888,False,True,0.0008881519945251302,0.0014667412815965845,0.0005646260202867761,2.066525977062773e-06,3.535267570243976e-05,3.2622690200805664,0.014575095748513086,-0.006952489833348469,0.03659357283376888,False,True,0.14370370370370367,-0.02495061728395057,0.297074074074074,False
M6_S5_R3_sma0.03_rho0.0_beta0.0,172,6,5,3,0.03,0.0,0.0,4.436867070759976e-15,0.027459379399695324,True,2.9501407146453857,0.2608585505492921,0.028058433493797816,0.024954933064346308,False,True,0.0008317724779291918,0.004962190968604104,0.0018124562722362542,6.988512786706753e-05,2.819016461653675e-07,4.802514553070068,0.028058433493833815,0.00016430273446279588,0.05884437958702963,True,False,0.24,0.06296296296296294,0.41538271604938265,True
M6_S5_R3_sma0.03_rho0.0_beta0.0,173,6,5,3,0.03,0.0,0.0,0.0021641288830344385,0.009844963816513237,True,1.8359651565551758,0.8913160474258458,0.0014798400297852752,0.010830280162028041,False,True,0.000855061447672915,0.00098124445254172,0.0002707907804054448,0.00012123931972835033,2.0075023539255614e-05,6.780039072036743,0.0014798400297859713,-0.011963032155234905,0.01534704379236462,False,True,0.013086419753086442,-0.15656172839506172,0.1844814814814814,False
M6_S5_R3_sma0.03_rho0.0_beta0.0,174,6,5,3,0.03,0.0,0.0,0.9432847107898333,-0.00026970495966016644,True,1.985755443572998,0.7149133147983455,-0.0074461663378311725,0.02038563369662172,False,True,0.0008731334114490493,0.0012416198689128967,0.001154547359729073,3.811811473731737e-05,2.8304941511305746e-05,7.35026478767395,-0.007446166337833141,-0.04399717382086004,0.026568309338510624,False,True,-0.05802469135802468,-0.22890740740740745,0.11333333333333329,False
M6_S5_R3_sma0.03_rho0.0_beta0.0,175,6,5,3,0.03,0.0,0.0,0.020756618338864295,0.0077257685913340556,True,1.986962080001831,0.5945681723152263,0.007751540487198042,0.014564326130970041,False,True,0.0008497694460728165,0.0016811221652991066,0.0005360762523306427,2.717772478504714e-05,3.63593651768641e-05,5.324719429016113,0.007751540487196446,-0.014197399984274788,0.02777383308448636,False,True,0.09975308641975311,-0.06420370370370372,0.2508703703703704,False
M6_S5_R3_sma0.03_rho0.0_beta0.0,176,6,5,3,0.03,0.0,0.0,5.791371589629611e-08,-0.020019878151357626,True,2.886791706085205,0.4272407969508817,-0.018941551710181977,0.023858200042723907,False,True,0.0008882513582442118,0.0029405658897764223,0.0015166633587381678,8.835730251828535e-05,0.00010980084323352035,2.6488823890686035,-0.0189415517101672,-0.05230800530006041,0.011067717377326381,False,True,-0.20864197530864192,-0.37560493827160496,-0.04936419753086421,True
M6_S5_R3_sma0.03_rho0.0_beta0.0,177,6,5,3,0.03,0.0,0.0,6.038784655292658e-06,-0.014713950979136126,True,3.0712249279022217,0.41624166688942377,-0.016461635412384247,0.020249039610536722,True,True,0.0008357573510300715,0.0037465674287737293,0.0011301868941391731,0.00012522321613019484,3.6805637142871554e-05,3.251847982406616,-0.01646163541237095,-0.03702712928144722,0.002767238408499508,False,True,-0.1261728395061728,-0.28963580246913584,0.029395061728395032,False
M6_S5_R3_sma0.03_rho0.0_beta0.0,178,6,5,3,0.03,0.0,0.0,0.20386106100145107,-0.00423094398256435,True,4.181780099868774,0.5444447184006531,-0.0067885976327369014,0.011200356967912018,True,True,0.0009598835933030377,0.0012077246617322056,0.00028640718378602874,0.00014085973389547303,2.1620471071967604e-05,4.790060520172119,-0.006788597632736382,-0.02634900773469403,0.00958547972399023,False,True,-0.020740740740740726,-0.1898950617283951,0.15953086419753085,False
M6_S5_R3_sma0.03_rho0.0_beta0.0,179,6,5,3,0.03,0.0,0.0,0.46819242117730797,-0.0024404642268202976,True,0.9416544437408447,0.7632626216229297,-0.004518162052706827,0.015000579289510598,False,True,0.0008135662800118583,0.001093587450095799,0.0005793126187516011,9.759978404415066e-05,3.458480525850327e-05,3.2946202754974365,-0.004518162052704018,-0.028792757045336043,0.02181649800001969,False,True,0.00864197530864197,-0.1536481481481482,0.17432098765432102,False
M6_S5_R3_sma0.03_rho0.0_beta0.0,180,6,5,3,0.03,0.0,0.0,0.8757942664395908,0.0005546320632970632,True,1.7352795600891113,0.8264208032794598,-0.0049499921393422975,0.02257237047437588,True,True,0.0008501772470740201,0.0029337858619969772,0.001355353445875121,8.73236722790958e-05,9.708649790394131e-05,2.348816156387329,-0.004949992139341582,-0.034873765379058334,0.025008322386366934,False,True,-0.03851851851851856,-0.20617283950617282,0.1289074074074074,False
M6_S5_R3_sma0.03_rho0.0_beta0.0,181,6,5,3,0.03,0.0,0.0,2.307201529692904e-09,0.0199765874765323,True,2.282392978668213,0.1564351176293814,0.018599539334677926,0.013124483346204436,True,True,0.0008352170028941826,0.0010684111698209006,0.00040983614119602537,1.3429577778806957e-05,4.269909549342856e-05,5.1522767543792725,0.018599539334678766,-0.0021724179441012627,0.03673242894426884,False,True,0.25037037037037035,0.09061111111111107,0.4155802469135802,True
M6_S5_R3_sma0.03_rho0.0_beta0.0,182,6,5,3,0.03,0.0,0.0,0.14418019287284015,-0.005050442873326678,True,2.4627346992492676,0.9533500997797509,-0.000915856249513209,0.015655574116767983,True,True,0.0009101259015642641,0.0016082440579050473,0.0006227211231239301,2.618408766205975e-05,4.324568295693635e-05,3.5246024131774902,-0.00091585624951234,-0.021697875473035963,0.03200242499937058,False,True,-0.031358024691358066,-0.19977160493827156,0.13851851851851849,False
M6_S5_R3_sma0.03_rho0.0_beta0.0,183,6,5,3,0.03,0.0,0.0,0.034782382777040516,0.006952489085734121,True,1.6139850616455078,0.4680215892389038,0.009590571532511655,0.01321558158153052,False,True,0.0008355700043173869,0.001029378407172368,0.0004060560658812028,2.041800963305134e-05,5.1828380648779206e-05,3.7505500316619873,0.009590571532510552,-0.0042584474440911695,0.023105707497840317,False,True,0.11604938271604937,-0.04840740740740737,0.28915432098765426,False
M6_S5_R3_sma0.03_rho0.0_beta0.0,184,6,5,3,0.03,0.0,0.0,0.14036973050990056,0.005021216427263598,True,0.6534044742584229,0.6658174493176516,0.006032738566188286,0.013968055181110503,False,True,0.0008887936176379795,0.0010871187249262843,0.0005123433733715074,0.00012696616165214282,1.1436179511267623e-05,5.51703405380249,0.006032738566187734,-0.012737741554032605,0.028549290519499206,False,True,0.05333333333333329,-0.11215432098765434,0.2190925925925925,False
M6_S5_R3_sma0.03_rho0.0_beta0.0,185,6,5,3,0.03,0.0,0.0,0.6191503037829142,-0.0018433773041368904,True,2.0460612773895264,0.8356243727294183,-0.005543673281205272,0.026717318882888644,True,True,0.0008809002773300198,0.004152277137565183,0.002065792298753064,0.00015395665385714642,1.4105334132539103e-05,6.176421403884888,-0.005543673281193821,-0.0391407683086003,0.027654618391213043,False,True,-0.04172839506172843,-0.20793827160493825,0.13433333333333333,False
M6_S5_R3_sma0.03_rho0.0_beta0.0,186,6,5,3,0.03,0.0,0.0,0.02615095204192977,-0.007164254759269265,True,1.4486165046691895,0.31816959406549017,-0.011230369500882353,0.011250323224809589,True,True,0.00087275371996412,0.0011292069532859695,0.0002973915370777734,0.00011426971619719018,2.0111832982766955e-05,5.885465383529663,-0.011230369500882924,-0.029125513575670985,0.007958729023760451,False,True,-0.1595061728395062,-0.32964197530864203,0.014598765432098698,False
M6_S5_R3_sma0.03_rho0.0_beta0.0,187,6,5,3,0.03,0.0,0.0,0.13440492899270254,-0.004820373602831826,True,4.070328235626221,0.8510475655041901,-0.003597616777137032,0.019158477582714193,False,True,0.0009020177907858905,0.0006805075986406629,3.3829874619617674e-05,1.8144907894207337e-07,0.000839314496546809,4.320903062820435,-0.0035976167771318104,-0.01749901953026786,0.009641604527580996,False,True,-0.05111111111111111,-0.22304938271604938,0.11261111111111108,False
M6_S5_R3_sma0.03_rho0.0_beta0.0,188,6,5,3,0.03,0.0,0.0,0.00010982748166787005,0.013236940980218886,True,3.32066011428833,0.17644705675844619,0.017718887679289086,0.013107860074676332,False,True,0.0008901271089566802,0.0008519730515835397,0.00041128516367723464,5.1932336266963754e-05,3.7350846892318446e-05,4.745920896530151,0.017718887679286383,-0.002281956367372866,0.03693408510340983,False,True,0.26839506172839506,0.10981481481481477,0.4395246913580247,True
M6_S5_R3_sma0.03_rho0.0_beta0.0,189,6,5,3,0.03,0.0,0.0,0.012555802948876009,-0.008484748276608467,True,2.3782713413238525,0.48683100374039834,-0.012245142733787753,0.01760984061927893,False,True,0.0008782817349296341,0.0022588365215925584,0.000851715024249311,0.00011497851801428428,1.6710266664939947e-05,4.9805169105529785,-0.012245142733794661,-0.035354194869792264,0.00864492874393718,False,True,-0.06864197530864202,-0.22868518518518516,0.09975925925925928,False
M6_S5_R3_sma0.03_rho0.0_beta0.0,190,6,5,3,0.03,0.0,0.0,6.531506475301787e-12,0.021044552281382748,True,1.5735604763031006,0.1364113749813636,0.023006059899359263,0.015447683621230862,False,True,0.0008278410115098183,0.002819189943918052,0.000501377127892921,6.860129008588147e-05,0.00013277188260383177,3.4982686042785645,0.023006059899355055,0.0073754121649547075,0.03745244616378191,True,False,0.19851851851851854,0.041401234567901214,0.36939506172839504,True
M6_S5_R3_sma0.03_rho0.0_beta0.0,191,6,5,3,0.03,0.0,0.0,0.482689108240164,0.002302729578788161,True,1.2181930541992188,0.8004585482046305,0.00340914298774855,0.013488004282974479,True,True,0.0009049763714257954,0.0016515706299686907,0.00046350199143871954,0.00012331924349644525,1.828752423242399e-05,6.006541728973389,0.0034091429877482963,-0.007349307652158733,0.014214117917803592,False,True,0.02444444444444449,-0.136858024691358,0.18963580246913575,False
M6_S5_R3_sma0.03_rho0.0_beta0.0,192,6,5,3,0.03,0.0,0.0,5.539974205187116e-10,-0.020769505719190298,True,1.2101614475250244,0.28778071436873265,-0.023566587061093023,0.02216982745957737,True,True,0.0009083571601336588,0.005315656161284255,0.0013436387001804478,3.0729765509335835e-05,5.8589920477512975e-05,4.903731822967529,-0.023566587061093672,-0.04439137674179837,-0.0060887875277287696,True,False,-0.2412345679012346,-0.4098888888888889,-0.07332098765432098,True
M6_S5_R3_sma0.03_rho0.0_beta0.0,193,6,5,3,0.03,0.0,0.0,0.0038562076872616408,-0.00949322760754872,True,2.3933396339416504,0.38559308062807873,-0.013808424082198591,0.015914978234190108,True,True,0.0008808377153801502,0.0023497528954979723,0.0006509812394156641,2.565442788689325e-05,4.179653567518288e-05,3.02224063873291,-0.013808424082204392,-0.03312296861177653,0.0029117045924747843,False,True,-0.14296296296296296,-0.3077530864197531,0.03213580246913578,False
M6_S5_R3_sma0.03_rho0.0_beta0.0,194,6,5,3,0.03,0.0,0.0,0.0018275350518287316,0.010633757958139355,True,1.033705711364746,0.33047471366144043,0.010385774103777947,0.010672236830059042,True,True,0.000886218852450232,0.0005360698862369758,0.00022170296412451959,7.682099898547749e-07,5.07547465967053e-05,3.2930803298950195,0.010385774103777373,-0.014664061299215842,0.035309781682408274,False,True,0.08716049382716046,-0.08347530864197532,0.25213580246913575,False
M6_S5_R3_sma0.03_rho0.0_beta0.0,195,6,5,3,0.03,0.0,0.0,0.1360216684749092,0.0051222876983228775,True,1.8876919746398926,0.7776118034592903,0.004063054812093575,0.01438592600755127,False,True,0.0008798057046863388,0.0010885955847155392,0.0005557959808108112,0.0001694153497532967,5.345755689661281e-06,3.3403148651123047,0.004063054812093609,-0.023632927032107207,0.028024858187577065,False,True,0.08000000000000002,-0.0980493827160494,0.25977160493827156,False
M6_S5_R3_sma0.03_rho0.0_beta0.0,196,6,5,3,0.03,0.0,0.0,0.0005778417269878945,-0.011982941432949177,True,0.9424591064453125,0.27411778463799796,-0.013894428623980843,0.012704884700852341,False,True,0.0009012134239489161,0.0005893152035077756,0.0003784090339729164,6.27474055437933e-05,3.812696406914435e-05,6.029727935791016,-0.013894428623981221,-0.03582374833513818,0.007477448624238539,False,True,-0.20123456790123462,-0.3568024691358025,-0.03283950617283948,True
M6_S5_R3_sma0.03_rho0.0_beta0.0,197,6,5,3,0.03,0.0,0.0,0.0031851864921381167,0.009391259555693919,True,1.4537508487701416,0.33938220387986384,0.012548327044191895,0.013134291835391927,False,True,0.0008317446258151634,0.001489402308878922,0.000423877568871551,7.019088536665712e-05,3.183471288256664e-05,4.177310228347778,0.01254832704419145,-0.006300335732110258,0.027984422942348316,False,True,0.12444444444444441,-0.04355555555555558,0.29115432098765426,False
M6_S5_R3_sma0.03_rho0.0_beta0.0,198,6,5,3,0.03,0.0,0.0,2.982730772392884e-05,0.01422112496366328,True,0.6748631000518799,0.2554616374198385,0.017987104106767647,0.01581724159790118,True,True,0.0008476701878249586,0.001450674362621744,0.0006628347263435671,8.47201052750953e-05,2.600776925054719e-05,5.466425657272339,0.017987104106771897,-0.009178546977497842,0.04612775329202713,False,True,0.2138271604938271,0.05675925925925922,0.38104320987654317,True
M6_S5_R3_sma0.03_rho0.0_beta0.0,199,6,5,3,0.03,0.0,0.0,0.003584220505634922,0.010960536016220771,True,1.8624165058135986,0.6104308189560771,0.010284074172713965,0.020186280936606002,False,True,0.0008791632299462738,0.0013883600781007535,0.001122515384416952,2.286484935011308e-05,3.4442956450962274e-05,5.435113906860352,0.0102840741727181,-0.0210585222831503,0.050834708916815394,False,True,0.07901234567901239,-0.10898148148148146,0.24471604938271604,False
M6_S5_R3_sma0.03_rho0.0_beta0.0,200,6,5,3,0.03,0.0,0.0,0.7268121022112466,0.001145309183310855,True,2.7079849243164062,0.9603372150140864,0.00047989790542262063,0.009649987033005446,False,True,0.000890246936303298,0.0006171548759348782,0.00018846956590018901,0.0001242818983476219,2.6289489631532227e-05,5.222075462341309,0.0004798979054230054,-0.02221596837685623,0.02208958418104177,False,True,-0.002716049382716079,-0.16304320987654322,0.15733333333333324,False
M6_S5_R3_sma0.03_rho0.0_beta0.0,201,6,5,3,0.03,0.0,0.0,0.6904707331643595,-0.0014134398811055757,True,1.5886945724487305,0.8822083512817499,-0.0024879197826447987,0.016790945145292682,True,True,0.000879635941546747,0.001225638720681116,0.000733463546609754,2.102868615587893e-05,4.4751311586418964e-05,3.669790506362915,-0.0024879197826438372,-0.03529469805563514,0.026749113976415367,False,True,-0.07876543209876541,-0.2469506172839506,0.09711728395061721,False
M6_S5_R3_sma0.03_rho0.0_beta0.0,202,6,5,3,0.03,0.0,0.0,0.14603755362658058,-0.004756452519522835,True,1.3186554908752441,0.6824566654886166,-0.004306570439605861,0.010526601260715895,False,True,0.000883523069081666,0.0007715726835655671,0.00025097874988305556,0.00011987888419719732,1.8789762070397535e-05,3.7341060638427734,-0.0043065704396065135,-0.023716477560059537,0.017017912670341296,False,True,-0.05209876543209879,-0.21910493827160493,0.12741358024691357,False
M6_S5_R3_sma0.03_rho0.0_beta0.0,203,6,5,3,0.03,0.0,0.0,0.10886525848902746,-0.005478182479246139,True,2.0367519855499268,0.6683283984319619,-0.006825994691723393,0.01593208373609109,False,True,0.0008276582736348756,0.0011787723262961232,0.0006479768489654356,2.258191385006239e-05,4.861650776128369e-05,1.980790615081787,-0.006825994691722252,-0.04270987374708576,0.0210520669599208,False,True,-0.02296296296296302,-0.1898888888888889,0.16030864197530856,False
M6_S5_R3_sma0.03_rho0.0_beta0.0,204,6,5,3,0.03,0.0,0.0,3.7715399227873e-05,0.013347282986482242,True,0.8262031078338623,0.2924722925043318,0.014432026911498098,0.013709357868574955,True,True,0.0008733836919886491,0.0016189264749586528,0.0004947565180646425,0.00014551970905151175,9.047818312872753e-06,3.1096913814544678,0.014432026911500029,-0.004155066809573189,0.03322296699765363,False,True,0.14246913580246917,-0.023771604938271625,0.29633950617283944,False
M6_S5_R3_sma0.03_rho0.0_beta0.0,205,6,5,3,0.03,0.0,0.0,1.2049178282212986e-08,0.020831602518047995,True,0.6677086353302002,0.06805439275870738,0.021677566366591877,0.011880419831632325,True,True,0.0010065480878801618,0.0006567707063127378,0.0003099887387778987,1.752807182785486e-05,3.8617651242454684e-05,3.103726387023926,0.021677566366591253,-0.0010151118231003786,0.041157658627596676,False,True,0.28197530864197534,0.11795679012345683,0.4383395061728394,True
M6_S5_R3_sma0.03_rho0.0_beta0.0,206,6,5,3,0.03,0.0,0.0,0.025907138268514353,0.0078020326608320084,True,1.452258586883545,0.6671932162263406,0.00882762925527328,0.020529211206212976,True,True,0.0009288175226417484,0.0033306551163910453,0.0010764441772110253,9.320916444599328e-05,0.00010498349404991097,2.3714983463287354,0.008827629255265309,-0.018226965041803517,0.03574071996667112,False,True,0.0985185185185185,-0.07680864197530861,0.25712345679012333,False
M6_S5_R3_sma0.03_rho0.0_beta0.0,207,6,5,3,0.03,0.0,0.0,0.9330998899801166,-0.000289645061257987,True,1.3798227310180664,0.8667804491061213,-0.0029321303627800025,0.017479232474891124,False,True,0.0008543119500227229,0.0017755908905953358,0.0008448477672946255,0.0001312272236864451,1.2307338698152377e-05,4.069010972976685,-0.0029321303627810238,-0.023636256697755004,0.014136590002816056,False,True,0.0251851851851852,-0.14925925925925929,0.21242592592592585,False
M6_S5_R3_sma0.03_rho0.0_beta0.0,208,6,5,3,0.03,0.0,0.0,3.0825272924028724e-16,0.02647171963442878,True,1.3885810375213623,0.012012942238796082,0.030806996134672093,0.012265084266184221,True,True,0.0008769345462308886,0.0013917994398107035,0.0003338492548399244,1.9664880863229936e-05,4.915443187326494e-05,3.333078145980835,0.030806996134678768,0.013444860178554284,0.049609782548630875,True,False,0.26839506172839506,0.11133950617283946,0.4331419753086419,True
M6_S5_R3_sma0.03_rho0.0_beta0.0,209,6,5,3,0.03,0.0,0.0,0.003326753392851704,-0.010455227871965638,True,1.8115408420562744,0.44354869573869227,-0.012979078636480458,0.01693922397252127,False,True,0.0009052822146516882,0.0014292678786175773,0.0007395865719570715,2.6006446671688973e-05,5.072767231129908e-05,2.920724391937256,-0.012979078636483513,-0.043994466357546926,0.011663888583693697,False,True,-0.05777777777777776,-0.22717283950617287,0.10623456790123446,False
M6_S5_R3_sma0.03_rho0.0_beta0.0,210,6,5,3,0.03,0.0,0.0,0.0004580090492845972,-0.011817475858440736,True,1.4943933486938477,0.44747278675195634,-0.012955159608690937,0.017054453071896142,False,True,0.0008638009683594768,0.0021550891900657945,0.0007644964899363931,2.6767733030065663e-05,4.206657298654223e-05,2.921430826187134,-0.01295515960868537,-0.030505781188756437,0.007151657970620135,False,True,-0.11975308641975313,-0.2767962962962963,0.05241975308641972,False
M6_S5_R3_sma0.03_rho0.0_beta0.0,211,6,5,3,0.03,0.0,0.0,0.009928279909597573,0.008819989960285084,True,2.7973592281341553,0.43440125706068433,0.012040021321590908,0.015402702646091133,True,True,0.0008785562595617621,0.0016045843891627528,0.0006177185621790062,6.600292598845922e-05,2.9533972440655917e-05,2.5499894618988037,0.012040021321592063,-0.01379526545823288,0.03952084586540694,False,True,0.11382716049382718,-0.04598765432098765,0.29112962962962957,False
M6_S5_R3_sma0.03_rho0.0_beta0.0,212,6,5,3,0.03,0.0,0.0,1.8991595135961812e-16,-0.026606502742564368,True,0.6389641761779785,0.13932513996707732,-0.027278234310498944,0.01845232476360916,True,True,0.0008935690622582035,0.0009905175778681704,5.134907888187245e-05,5.428180884361786e-07,0.0007587870982050085,2.1383795738220215,-0.027278234310497085,-0.05030289732301701,-0.009544845582988619,True,False,-0.2953086419753086,-0.45655555555555555,-0.13603703703703704,True
M6_S5_R3_sma0.03_rho0.0_beta0.0,213,6,5,3,0.03,0.0,0.0,2.5737097274078803e-07,-0.017912419160830955,True,0.5092239379882812,0.15241842279473247,-0.019765279343367526,0.013811817629836902,True,True,0.0009588675897981724,0.0012993878040933014,0.00044595893712827894,2.3876356185020693e-05,5.201289633726249e-05,1.7698686122894287,-0.019765279343363366,-0.03888930185577618,0.0017428142181181935,False,True,-0.20222222222222225,-0.37112962962962964,-0.03675925925925933,True
M6_S5_R3_sma0.03_rho0.0_beta0.0,214,6,5,3,0.03,0.0,0.0,0.004390303646461615,-0.010414051492645304,True,0.39197731018066406,0.8148175492961426,-0.005931892433659154,0.025326624802834923,False,True,0.0009260645650257975,0.0042316410019796885,0.0018464459969489626,0.0001720119514229151,1.34417809094687e-05,1.7441847324371338,-0.005931892433658881,-0.031232742212451606,0.021381561603487333,False,True,-0.01975308641975304,-0.19710493827160497,0.13880864197530862,False
M6_S5_R3_sma0.03_rho0.0_beta0.0,215,6,5,3,0.03,0.0,0.0,0.004289417254063766,-0.010220644500927046,True,0.6254243850708008,0.3115962350444432,-0.015327417427266664,0.01514749064314264,True,True,0.0009539687428229937,0.0012464809823285522,0.0006098607767896063,0.00013569787853657235,1.2400604478722072e-05,2.8567311763763428,-0.015327417427267639,-0.039752579716970646,0.0033569434206847546,False,True,-0.15999999999999998,-0.31308641975308643,0.011697530864197477,False
M6_S5_R3_sma0.03_rho0.0_beta0.0,216,6,5,3,0.03,0.0,0.0,8.989796932205018e-15,0.024843088569473686,True,0.7669248580932617,0.10692350242130845,0.018741680622120258,0.011625078735036848,False,True,0.0008341561247117079,0.0011582644662382299,0.00028812915031298475,4.910251889231905e-05,5.140650680026284e-05,2.6556880474090576,0.018741680622118725,-0.0007377978358886249,0.03741995339963709,False,True,0.22148148148148145,0.06316049382716049,0.37459876543209875,True
M6_S5_R3_sma0.03_rho0.0_beta0.0,217,6,5,3,0.03,0.0,0.0,8.856606274275844e-11,-0.02375739669614131,True,1.1632592678070068,0.36646075299719083,-0.021605657019499274,0.023923278543676853,False,True,0.0008808682450048193,0.00319227995371368,0.0015927946863389818,0.00011482739068416181,5.454211068874211e-05,1.4201531410217285,-0.02160565701946117,-0.05380264563829243,0.012855865579065694,False,True,-0.12765432098765433,-0.28274074074074074,0.043104938271604776,False
M6_S5_R3_sma0.03_rho0.0_beta0.0,218,6,5,3,0.03,0.0,0.0,9.022966760102132e-05,-0.012064125842506315,True,0.4765491485595703,0.3493160519648515,-0.012222541633265863,0.013059432500681003,True,True,0.0008238126469589388,0.0018238088063142854,0.00041436171983914204,5.7959858466483615e-05,3.530314062490805e-05,2.811912775039673,-0.012222541633268063,-0.025693041133698354,0.000657065053829756,False,True,-0.11604938271604937,-0.29532098765432097,0.05120370370370361,False
M6_S5_R3_sma0.03_rho0.0_beta0.0,219,6,5,3,0.03,0.0,0.0,0.0757806404010539,-0.005886815128791736,True,0.7790155410766602,0.7699949255282343,-0.007400184334986441,0.025310026379395632,True,True,0.000914882533320599,0.006685929975380741,0.0015942196146202878,5.271989859885637e-05,0.00022215043539189211,1.6836729049682617,-0.007400184334997018,-0.025621957009101092,0.01036122987677434,False,True,-0.046666666666666634,-0.20938888888888887,0.12398765432098763,False
M6_S5_R3_sma0.03_rho0.0_beta0.0,220,6,5,3,0.03,0.0,0.0,0.0008217108283474517,0.011714383355710888,True,0.8117260932922363,0.6422757050087455,0.0071004538892063184,0.015285593612113846,False,True,0.0008681330478077921,0.0011820682202760254,0.0006032793721194651,3.429727280162739e-05,3.3161006319944605e-05,2.4095168113708496,0.007100453889205275,-0.027970535506147448,0.038522063877401154,False,True,0.1044444444444444,-0.06223456790123452,0.2698888888888889,False
M6_S5_R3_sma0.03_rho0.0_beta0.0,221,6,5,3,0.03,0.0,0.0,0.2843514901168862,-0.0037058105984093394,True,0.6821534633636475,0.6062005341700951,-0.006648878121852987,0.012897808409939112,False,True,0.0008842936048847884,0.0007657550949153147,0.00039108253673092463,1.3616640482666203e-05,4.085411801269245e-05,3.058178186416626,-0.006648878121852343,-0.03309431225480397,0.017442387365472496,False,True,-0.08493827160493828,-0.2591172839506173,0.07807407407407403,False
M6_S5_R3_sma0.03_rho0.0_beta0.0,222,6,5,3,0.03,0.0,0.0,0.29863723724024627,0.00408580631115029,True,1.039435863494873,0.9817803175582613,-0.0005679616675851942,0.024870272043978132,False,True,0.000912579349694274,0.0021654802527553657,0.0016882771029643373,2.1434298190091104e-05,8.872964028830897e-05,2.28559947013855,-0.0005679616675841603,-0.043035887617051245,0.0427480707418334,False,True,-0.020740740740740726,-0.19188271604938276,0.1506604938271604,False
M6_S5_R3_sma0.03_rho0.0_beta0.0,223,6,5,3,0.03,0.0,0.0,0.006869457197949849,-0.009051500687902126,True,1.433234691619873,0.28289246153132996,-0.011663601202666789,0.010861538277972852,True,True,0.0009084670449738878,0.0009784903255524151,0.0002486084993938086,2.9578413824915193e-05,3.7288393527461776e-05,2.322875499725342,-0.011663601202668338,-0.032788048311296135,0.010006495448665222,False,True,-0.14419753086419757,-0.32667901234567903,0.023518518518518477,False
M6_S5_R3_sma0.03_rho0.0_beta0.0,224,6,5,3,0.03,0.0,0.0,0.16525002955369128,-0.0046200212384489,True,1.513326644897461,0.9807411500140844,-0.00034602567163193314,0.01433427902256546,True,True,0.0008349801998131506,0.0015184303753388762,0.0005245101528486634,4.023693966423327e-05,3.019930482298389e-05,2.584894895553589,-0.00034602567162979,-0.02264546587227303,0.02220116105469937,False,True,0.003703703703703709,-0.1780308641975309,0.15853086419753085,False
M6_S5_R3_sma0.03_rho0.0_beta0.0,225,6,5,3,0.03,0.0,0.0,4.922057386794545e-12,0.024263490764253378,True,1.002258062362671,0.22720328501245324,0.018714147611627888,0.015497046385559488,False,True,0.0009100979045582688,0.001431194830620733,0.0005660652571137461,4.5529636546122315e-05,7.811407439807955e-05,2.6118004322052,0.01871414761163131,-0.0075338611874168375,0.04461305930274517,False,True,0.2076543209876543,0.04220987654320987,0.37689506172839493,True
M6_S5_R3_sma0.03_rho0.0_beta0.0,226,6,5,3,0.03,0.0,0.0,0.0024699959656671513,-0.010093874590684275,True,0.5399584770202637,0.3023081117508749,-0.013039328115093804,0.012641176985260695,True,True,0.0008962671010815501,0.0010141974196011202,0.0003768719925747147,7.457139803017535e-05,3.564577839269242e-05,3.277761697769165,-0.013039328115093443,-0.03607068795733511,0.011662636930202516,False,True,-0.11160493827160489,-0.28372222222222226,0.058030864197530854,False
M6_S5_R3_sma0.03_rho0.0_beta0.0,227,6,5,3,0.03,0.0,0.0,0.001894764562273826,-0.012411481519222584,True,1.6377196311950684,0.6044197480907023,-0.011621127829641824,0.02243221873660365,False,True,0.0008779934686194823,0.0009278095460342663,0.001375631845575518,1.6858537790482797e-05,6.287380738176875e-05,4.3118979930877686,-0.011621127829649303,-0.055157758925920855,0.03639911382510685,False,True,-0.09530864197530864,-0.2652037037037037,0.07116666666666663,False
M6_S5_R3_sma0.03_rho0.0_beta0.0,228,6,5,3,0.03,0.0,0.0,0.8587538879351326,0.0006053374467520783,True,1.3074657917022705,0.927710086095312,0.0010402576444239074,0.011465890724135647,True,True,0.0008437848211695954,0.0004364864368299779,0.00027192055579499736,9.352718548042676e-07,5.518922757258714e-05,3.4791531562805176,0.0010402576444136793,-0.024524119226276727,0.026909771586926777,False,True,0.04444444444444445,-0.1291358024691358,0.2179506172839505,False
M6_S5_R3_sma0.03_rho0.0_beta0.0,229,6,5,3,0.03,0.0,0.0,0.28594249426246243,0.003827745039316668,True,1.4650657176971436,0.8344468522353885,0.0033315992882807424,0.015940530999417536,False,True,0.0009299609759083683,0.0012874619789477388,0.0006572139490039476,1.050311042229795e-06,3.5908531860459803e-05,3.889787197113037,0.0033315992882798602,-0.027155472462139126,0.03640876944242406,False,True,0.054320987654320974,-0.1217592592592593,0.22892592592592592,False
M6_S5_R3_sma0.03_rho0.0_beta0.0,230,6,5,3,0.03,0.0,0.0,0.014781518021931894,0.008715307044456572,True,2.2004072666168213,0.49432735811743167,0.009352641061536875,0.013684608317551432,False,True,0.0009301672136582196,0.0007639857567377033,0.0004568557230326284,8.945516737244794e-05,3.5782203170508626e-05,4.0162858963012695,0.009352641061537884,-0.0215014002994945,0.03821604894352084,False,True,0.07037037037037042,-0.10229629629629629,0.2365802469135802,False
M6_S5_R3_sma0.03_rho0.0_beta0.0,231,6,5,3,0.03,0.0,0.0,0.00897233692890244,-0.00876089702433738,True,1.9132516384124756,0.7991596668188417,-0.004086382296685885,0.01606062635646407,False,True,0.0008408426042736739,0.0017177413461518624,0.0006956440166814375,0.00010500899110959325,1.8442472155164966e-05,5.368723630905151,-0.004086382296687678,-0.02559299454849912,0.017288597473692848,False,True,-0.01876543209876541,-0.18449999999999997,0.15408641975308637,False
M6_S5_R3_sma0.03_rho0.0_beta0.0,232,6,5,3,0.03,0.0,0.0,0.009742630079327822,-0.00968485020189859,True,3.4860997200012207,0.8057444162698018,-0.006610314629715117,0.026879975110685284,False,True,0.0008643240825608601,0.0036781694465512806,0.0020961580356516863,0.00016260350054368442,1.1516287243697382e-05,2.643110513687134,-0.00661031462969423,-0.04299800564570256,0.030799476317745902,False,True,-0.09950617283950614,-0.2810185185185185,0.055314814814814775,False
M6_S5_R3_sma0.03_rho0.0_beta0.0,233,6,5,3,0.03,0.0,0.0,0.0009855800464871841,-0.010415366990845788,True,0.8142580986022949,0.5040055385761316,-0.00844868703744874,0.012643937705661213,False,True,0.0008116229175756828,0.0012039735328204504,0.0003870332433167535,7.342690052654965e-05,3.2055036910008745e-05,3.8288984298706055,-0.008448687037447293,-0.03100440519191669,0.006649039327318827,False,True,-0.07876543209876541,-0.24720370370370376,0.08666666666666667,False
M6_S5_R3_sma0.03_rho0.0_beta0.0,234,6,5,3,0.03,0.0,0.0,0.0002330720385011971,-0.014377734579422475,True,1.3160512447357178,0.7127787177522403,-0.010295962068536172,0.02796852380723775,False,True,0.0008896848074802311,0.003225913351081567,0.002234455946811481,0.0001290016398442231,4.4122253794766706e-05,2.240032434463501,-0.010295962068520754,-0.04561921062225711,0.026839691558166276,False,True,-0.053827160493827186,-0.21532098765432103,0.10866666666666668,False
M6_S5_R3_sma0.03_rho0.0_beta0.0,235,6,5,3,0.03,0.0,0.0,0.4875991170369295,-0.0022571251083506956,True,1.018857479095459,0.7638416973886646,-0.003460954504703009,0.011519626656366671,False,True,0.0008726352087163883,0.0010511042840220819,0.00021282890973955062,3.10794460620685e-05,0.00010591733715459062,3.177746057510376,-0.003460954504702158,-0.019333035987391906,0.013245782258450594,False,True,-0.053827160493827186,-0.2153703703703704,0.10075925925925924,False
M6_S5_R3_sma0.03_rho0.0_beta0.0,236,6,5,3,0.03,0.0,0.0,0.03388875130971202,0.006968498303132719,True,0.5105695724487305,0.5332386931738637,0.007117103847315915,0.011422644015252883,False,True,0.0008982109289978522,0.0009792614523948882,0.0003080073360352065,0.00012638020088619203,1.9618603552002007e-05,6.189622640609741,0.007117103847313858,-0.01012653737597335,0.025155294546941452,False,True,0.10839506172839508,-0.05435185185185184,0.27335185185185185,False
M6_S5_R3_sma0.03_rho0.0_beta0.0,237,6,5,3,0.03,0.0,0.0,0.7858401971609955,0.0009282274888564428,True,0.9013960361480713,0.8853965761981453,-0.0031136022056237355,0.02160249984299861,False,True,0.0008655832679650534,0.0036783916660126795,0.0012850929299634702,0.00012134886159005892,4.7671264364838267e-05,1.5679917335510254,-0.003113602205618316,-0.02594366144888697,0.023299215233706518,False,True,-0.004197530864197496,-0.1684382716049383,0.16300617283950614,False
M6_S5_R3_sma0.03_rho0.0_beta0.0,238,6,5,3,0.03,0.0,0.0,4.2000171204996046e-07,-0.016410336798880067,True,3.596675157546997,0.4347812102847899,-0.015174984346590073,0.019429297330764757,False,True,0.000855327587250377,0.0037758433747990035,0.0010207699044360388,0.00012081188195964466,4.55842005957946e-05,2.175645351409912,-0.015174984346582522,-0.03535493099510521,0.005896610423544421,False,True,-0.08987654320987654,-0.2654567901234568,0.08864197530864198,False
M6_S5_R3_sma0.03_rho0.0_beta0.0,239,6,5,3,0.03,0.0,0.0,0.22499862067024967,0.004322635552617267,True,1.6306419372558594,0.7484064548649851,0.004515381208807573,0.01407795429667839,True,True,0.0009487416192184334,0.0009344899024569115,0.0005129043807968966,0.00013008426402306668,1.5343807883299482e-05,2.4152133464813232,0.004515381208807928,-0.017180377483079826,0.02732041884762464,False,True,0.06938271604938273,-0.09777777777777774,0.23334567901234568,False
M6_S5_R3_sma0.03_rho0.0_beta0.0,240,6,5,3,0.03,0.0,0.0,0.3375880258048324,-0.0030931632418961857,True,0.685460090637207,0.6168922444805462,-0.009219060829666607,0.018428550806361025,True,True,0.0007983535103804003,0.004707821008363119,0.0009526927665021337,4.832133851482417e-06,1.0765100505286879e-05,2.5055060386657715,-0.009219060829659698,-0.034300690391992995,0.020834173203326655,False,True,-0.18518518518518517,-0.3442160493827161,-0.020975308641975367,True
M6_S5_R3_sma0.03_rho0.0_beta0.0,241,6,5,3,0.03,0.0,0.0,0.5899520823713762,0.0018735364071480673,True,2.4095492362976074,0.9575043960349517,-0.0006713670235227194,0.01259942080313465,False,True,0.0009073792934225684,0.0004908439445277383,0.0003765059146003855,1.1573802336855958e-05,3.269862185672398e-05,2.365530014038086,-0.0006713670235210127,-0.0229844330888558,0.01941739231027435,False,True,-0.03950617283950614,-0.20651851851851855,0.13360493827160494,False
M6_S5_R3_sma0.03_rho0.0_beta0.0,242,6,5,3,0.03,0.0,0.0,0.005277768942947246,-0.00917421877854334,True,1.9393038749694824,0.5608148898067626,-0.011084046344241066,0.019056817719826914,True,True,0.0008342485778478208,0.0030501337256988482,0.0009345389355471909,8.899016898386053e-05,8.277616451382184e-05,2.1868674755096436,-0.01108404634424513,-0.030306881123075988,0.006305678103348923,False,True,-0.0498765432098765,-0.20795061728395056,0.10644444444444438,False
M6_S5_R3_sma0.03_rho0.0_beta0.0,243,6,5,3,0.03,0.0,0.0,6.228688440865778e-12,-0.022938097331912738,True,0.957909107208252,0.26364209456433996,-0.02275410897346508,0.0203557137973412,False,True,0.0008786724548942767,0.003917552279608926,0.001126134897252705,9.392520283573152e-05,4.8626826404622514e-05,2.5579209327697754,-0.02275410897346667,-0.04561674150269982,-0.0023773672876269106,True,False,-0.14814814814814814,-0.3242407407407408,0.00888888888888889,False
M6_S5_R3_sma0.03_rho0.0_beta0.0,244,6,5,3,0.03,0.0,0.0,0.0063145720641807485,0.009724571824995785,True,2.2941834926605225,0.7687399699648502,0.006750431960836298,0.022958820209307604,False,True,0.0008403146980234517,0.0028545748177878677,0.0014229391085034697,8.830458793260836e-05,8.530182319761882e-05,2.0009820461273193,0.006750431960831342,-0.024835240109910072,0.03580824311510271,False,True,0.028641975308641987,-0.1353703703703704,0.21212345679012337,False
M6_S5_R3_sma0.03_rho0.0_beta0.0,245,6,5,3,0.03,0.0,0.0,0.017677048656427215,-0.007785419807680584,True,0.6838364601135254,0.3524935539342219,-0.011723579337288428,0.012609205965487627,False,True,0.0008830201779159198,0.0010791439922462251,0.0004056348235502686,0.00013673535873419518,1.0394491524196938e-05,3.6068098545074463,-0.011723579337291257,-0.03121982113852155,0.008590383106294954,False,True,-0.1367901234567901,-0.29759259259259263,0.029888888888888927,False
M6_S5_R3_sma0.03_rho0.0_beta0.0,246,6,5,3,0.03,0.0,0.0,0.055985683124181417,0.0065650451016941655,True,2.25264573097229,0.4981258229714204,0.007356716188930803,0.010859558052762966,True,True,0.0009382751695412982,0.0016362409702787332,0.000288413673016953,2.770760174395683e-06,2.3538769313678875e-06,3.604539155960083,0.007356716188931091,-0.01486838978394169,0.030001781030767512,False,True,0.0851851851851852,-0.09607407407407403,0.24915432098765425,False
M6_S5_R3_sma0.03_rho0.0_beta0.0,247,6,5,3,0.03,0.0,0.0,2.02606111223284e-13,0.025464122001395837,True,1.086184024810791,0.07217518226033769,0.02625966082876146,0.014604834585402696,True,True,0.0009023880292902968,0.001268660615802322,0.0005494316762611216,8.323337178069368e-05,2.526058465579392e-05,3.01627779006958,0.026259660828757293,-0.0037085708320588858,0.05544884400342885,False,True,0.2614814814814815,0.09378395061728396,0.42173456790123454,True
M6_S5_R3_sma0.03_rho0.0_beta0.0,248,6,5,3,0.03,0.0,0.0,3.037111118102613e-07,-0.01813149531103588,True,1.0782785415649414,0.27836232499038427,-0.019186408711219075,0.017699547930546414,False,True,0.0008981563923956561,0.0016995793555837759,0.0008036350437830845,1.962922265236443e-05,6.359154518995837e-05,2.920267105102539,-0.019186408711229327,-0.04298964281927876,0.007322644972017309,False,True,-0.17358024691358026,-0.3395061728395061,-0.004691358024691394,True
M6_S5_R3_sma0.03_rho0.0_beta0.0,249,6,5,3,0.03,0.0,0.0,4.181455531761287e-06,-0.015552967820938355,True,0.7568833827972412,0.06304944146404827,-0.021455858922786692,0.011542590024081062,False,True,0.0009046838865146975,0.0010513617414670614,0.0002886345009227729,2.3976403159981123e-05,4.228949447356354e-05,3.3366596698760986,-0.021455858922787292,-0.03804007284146344,-0.002168311110437926,True,False,-0.2609876543209877,-0.42843209876543215,-0.09724074074074078,True
M6_S5_R3_sma0.03_rho0.0_beta0.0,250,6,5,3,0.03,0.0,0.0,0.00017838489661564278,-0.012585972536438462,True,0.6976156234741211,0.059697626499062,-0.01993064550861136,0.010584403287572989,False,True,0.0008944811113231084,0.0006969772420065332,0.0001976673875578962,2.3158276378153623e-05,6.565776434658488e-05,2.6987698078155518,-0.019930645508614914,-0.038962495623231376,-0.0035305956147606925,True,False,-0.2535802469135802,-0.4197592592592593,-0.08985802469135803,True
M6_S5_R3_sma0.03_rho0.0_beta0.0,251,6,5,3,0.03,0.0,0.0,0.1901791377699058,-0.004445178553022569,True,1.835313320159912,0.9626498758393207,-0.0010290994044715202,0.02197589813784316,False,True,0.0009185841262771236,0.00461799516895734,0.0013319002107586935,5.700391892427699e-05,4.640095365395489e-05,2.775451421737671,-0.001029099404467625,-0.02308421768880446,0.022284698231350916,False,True,-0.016296296296296253,-0.18719135802469136,0.14420370370370372,False
M6_S5_R3_sma0.03_rho0.0_beta0.0,252,6,5,3,0.03,0.0,0.0,2.0016117817918713e-05,-0.01520074412916194,True,1.38287353515625,0.512447290431725,-0.012698098574387036,0.019385469353363678,False,True,0.0009119518771045351,0.0023270724414788673,0.00105254989429755,0.00014160914127118345,1.1702150038314605e-05,2.874202251434326,-0.012698098574384479,-0.03981260616163412,0.01020022722655984,False,True,-0.0985185185185185,-0.27062345679012345,0.07288271604938269,False
M6_S5_R3_sma0.03_rho0.0_beta0.0,253,6,5,3,0.03,0.0,0.0,0.08567916495872055,0.006184656668874449,True,1.0391993522644043,0.5062071554964085,0.009854645959686763,0.014824476259717775,False,True,0.000884598850809812,0.0005114537965169763,0.0005507869292500595,1.812908448178559e-05,4.12792526285043e-05,2.3851559162139893,0.009854645959688378,-0.01741460664282676,0.03665007868329204,False,True,0.15086419753086422,-0.022006172839506195,0.31137654320987657,False
M6_S5_R3_sma0.03_rho0.0_beta0.0,254,6,5,3,0.03,0.0,0.0,0.038295330126985605,0.0075159923720445,True,1.5121259689331055,0.5553978207537272,0.011429612088435093,0.019382374526577803,True,True,0.000871070284321754,0.0016943043121982054,0.0010579498842747776,0.00015164678079437947,9.173408585549949e-06,3.3366940021514893,0.011429612088435067,-0.021448148445565043,0.04380736418566402,False,True,0.1103703703703704,-0.0590493827160494,0.29267283950617273,False
M6_S5_R3_sma0.03_rho0.0_beta0.0,255,6,5,3,0.03,0.0,0.0,0.08326164349924806,0.005936356580392311,True,0.9524140357971191,0.7028245468401928,0.003929374927980124,0.010299522125624055,True,True,0.0009355884792575127,0.0007375384941233975,0.000216008028245163,2.0136271863013318e-05,3.3216562099712453e-05,2.6280930042266846,0.00392937492798132,-0.014050728069851528,0.026555485046605747,False,True,0.06271604938271608,-0.09879629629629628,0.22649999999999992,False
M6_S5_R3_sma0.03_rho0.0_beta0.0,256,6,5,3,0.03,0.0,0.0,0.0005725111108196959,-0.011499662337740186,True,0.9150431156158447,0.18256187842145222,-0.013399942845426248,0.010053161370291604,True,True,0.000916554508637766,0.0005211204529248877,0.00019761550564413572,5.67680708397767e-05,3.7065850881716165e-05,3.1626734733581543,-0.013399942845426394,-0.03249493234254086,0.005575706128269656,False,True,-0.17530864197530865,-0.3252037037037037,-0.01728395061728394,True
M6_S5_R3_sma0.03_rho0.0_beta0.0,257,6,5,3,0.03,0.0,0.0,0.28505156785480124,0.004455857606621409,True,1.6369681358337402,0.9285448643561993,0.003047667756938332,0.03398540619265097,False,True,0.0008325297924160164,0.0033359261810714047,0.0033760971807203625,8.602335408076293e-06,2.7853612798519904e-05,3.3879470825195312,0.003047667756940461,-0.03858715612277158,0.04515896079866972,False,True,-0.004691358024691394,-0.1795061728395062,0.1622716049382716,False
M6_S5_R3_sma0.03_rho0.0_beta0.0,258,6,5,3,0.03,0.0,0.0,0.26497712588814004,-0.003984048364516312,True,0.5508055686950684,0.9500175731859011,0.0009258176186722724,0.014769432933103623,True,True,0.0009312658890373439,0.0009337568434612253,0.000546673647951745,2.8362195557928795e-05,3.8042005784942335e-05,5.0677855014801025,0.0009258176186731105,-0.026653634002519865,0.030704578782180084,False,True,0.01679012345679015,-0.15558641975308637,0.18325925925925926,False
M6_S5_R3_sma0.03_rho0.0_beta0.0,259,6,5,3,0.03,0.0,0.0,8.405062280071551e-08,-0.017580101475691258,True,1.0029478073120117,0.17301145235800053,-0.012456935082183594,0.009142094173382216,True,True,0.0008797413596358341,0.0006188932724512226,0.00016174255389018102,6.418527579352223e-05,2.528473313258081e-05,2.8429276943206787,-0.01245693508218498,-0.03388982477029192,0.007567443968078368,False,True,-0.1619753086419753,-0.347179012345679,-0.009055555555555582,True
M6_S5_R3_sma0.03_rho0.0_beta0.0,260,6,5,3,0.03,0.0,0.0,0.6959553033034498,0.0014768166228919146,True,0.6895017623901367,0.820702093021907,0.0038910512918038423,0.01716826739927959,True,True,0.0009220420695309076,0.0007988107265818006,0.0007915440168934899,8.45351118919368e-05,2.602894023717841e-05,5.004674911499023,0.0038910512918062345,-0.028377484605298122,0.03464864082558914,False,True,0.054814814814814816,-0.11605555555555554,0.22366666666666646,False
M6_S5_R3_sma0.03_rho0.0_beta0.0,261,6,5,3,0.03,0.0,0.0,3.2825775143318778e-09,-0.019112916651886563,True,0.5711040496826172,0.23139705429040114,-0.02182806782323648,0.018239183062421335,False,True,0.0008595714428363621,0.0033564452015032342,0.0008381313604887664,9.528678517279834e-05,8.547272750754059e-05,3.3282864093780518,-0.02182806782323705,-0.03862977816785612,-0.005235649484120752,True,False,-0.1866666666666667,-0.351858024691358,-0.01651851851851856,True
M6_S5_R3_sma0.03_rho0.0_beta0.0,262,6,5,3,0.03,0.0,0.0,0.6893798128995112,-0.0013317021214907193,True,1.0490937232971191,0.8208564997856294,0.0046708430993147474,0.02062696936740103,False,True,0.0008802324625424353,0.0039886224024337745,0.001173120717811474,0.0001347050243571664,3.717726155862378e-05,2.2325499057769775,0.004670843099315226,-0.01786000209622004,0.030149609565628555,False,True,0.020740740740740726,-0.158783950617284,0.17780864197530866,False
M6_S5_R3_sma0.03_rho0.0_beta0.0,263,6,5,3,0.03,0.0,0.0,2.0371630206829867e-17,0.030775328496937662,True,1.1855647563934326,0.13377195427291874,0.03483753716211156,0.023234441662482105,True,True,0.0009435029974566817,0.003919978846804021,0.00149553194498029,0.00013492241704329193,5.09047444086925e-05,1.8288917541503906,0.03483753716209894,0.007388766274784932,0.06286669777556744,True,False,0.23851851851851852,0.06393209876543206,0.3985925925925925,True
M6_S5_R3_sma0.03_rho0.0_beta0.0,264,6,5,3,0.03,0.0,0.0,0.01665937410069126,-0.007755680596927223,True,1.3704955577850342,0.36964136957296045,-0.009645334291610262,0.010751139085546955,False,True,0.00082237509166259,0.0012728190994655672,0.0002752523334818824,1.015922617093752e-05,1.3903029431344308e-05,3.045774221420288,-0.00964533429161079,-0.03163107178007633,0.015540183072703368,False,True,-0.07827160493827162,-0.24840740740740738,0.10543827160493825,False
M6_S5_R3_sma0.03_rho0.0_beta0.0,265,6,5,3,0.03,0.0,0.0,7.994805826355161e-07,0.017920318103492396,True,0.7053046226501465,0.38640579646271755,0.01955646356004015,0.022578510169032263,False,True,0.0009264250709462875,0.0003829622682868583,0.00024222132683924077,8.208226031236724e-07,0.0010211536384361712,4.171697616577148,0.019556463560048327,-0.003430591040712293,0.04635876901706257,False,True,0.24444444444444446,0.07283333333333335,0.39329012345678993,True
M6_S5_R3_sma0.03_rho0.0_beta0.0,266,6,5,3,0.03,0.0,0.0,0.14164511044968794,-0.004851620376695931,True,1.6216397285461426,0.7910596041648242,-0.004141260451235278,0.01563123727758625,False,True,0.0008404490399790947,0.00172418743663184,0.0006011222159460738,1.6486264968804196e-05,6.32121537831077e-05,4.049119472503662,-0.004141260451231424,-0.03048974913894956,0.021423239785774588,False,True,-0.060493827160493785,-0.23187037037037034,0.12180864197530862,False
M6_S5_R3_sma0.03_rho0.0_beta0.0,267,6,5,3,0.03,0.0,0.0,0.060788950648736684,0.006881313795893154,True,0.6167755126953125,0.7520149114044606,0.006528298459051665,0.02066024072135855,False,True,0.00085609542720121,0.0016175259581057858,0.0011280937073637858,9.44581015278657e-05,7.947492012559353e-05,2.047603130340576,0.006528298459062209,-0.024411986406272283,0.036056967720679796,False,True,0.04024691358024696,-0.11853086419753081,0.21679629629629632,False
M6_S5_R3_sma0.03_rho0.0_beta0.0,268,6,5,3,0.03,0.0,0.0,6.063326633012031e-07,0.016227285170237506,True,2.109576463699341,0.04455818399050847,0.020410036125486294,0.010160304855208416,False,True,0.0009178709962391977,0.0010219915021708176,0.00019459038789790088,7.05496628753254e-05,4.4927997170959864e-05,5.271653175354004,0.0204100361254861,0.006852206918068467,0.034436951506663704,True,False,0.22345679012345676,0.06096913580246916,0.39274691358024677,True
M6_S5_R3_sma0.03_rho0.0_beta0.0,269,6,5,3,0.03,0.0,0.0,2.530120489056265e-15,-0.027569113926681533,True,2.0355122089385986,0.20244468292558482,-0.02643411754189344,0.02073886390739446,False,True,0.0009266308283225299,0.0035037082589008256,0.0011051416444500066,9.665334529622663e-05,0.00010282032958639422,1.8598649501800537,-0.026434117541902214,-0.049762821344983,-0.005383602685011914,True,False,-0.23160493827160494,-0.3827222222222222,-0.06885802469135811,True
M6_S5_R3_sma0.03_rho0.0_beta0.0,270,6,5,3,0.03,0.0,0.0,0.00040722853141231496,0.012232766915933748,True,2.004613161087036,0.49466970398517174,0.01459504465527919,0.021372138666980192,False,True,0.0009568360694571141,0.004309729653090801,0.0012617343588352302,0.00014643188945547152,3.7317919557661e-05,2.225083827972412,0.014595044655273672,-0.004119954129540396,0.03455699798265503,False,True,0.18592592592592588,0.023197530864197485,0.3501913580246913,True
M6_S5_R3_sma0.03_rho0.0_beta0.0,271,6,5,3,0.03,0.0,0.0,0.0480153994584234,0.007323333880792709,True,0.9840164184570312,0.7795963653881304,0.00524532913433925,0.018743689069998605,True,True,0.000923099774409192,0.001572614975095382,0.0009527291684076647,5.700119930354969e-05,3.30904054080882e-05,3.4435107707977295,0.0052453291343411545,-0.02909104602316081,0.038502714969243984,False,True,0.09481481481481485,-0.07466666666666667,0.2723703703703704,False
M6_S5_R3_sma0.03_rho0.0_beta0.0,272,6,5,3,0.03,0.0,0.0,0.0882089457989317,-0.0068440684153502195,True,2.2223703861236572,0.764430397849822,-0.006893818744898613,0.023004853325584603,True,True,0.0008262968897562236,0.0005479622185859527,0.001456110177215652,4.226423202369721e-05,6.372766088553152e-05,4.395153522491455,-0.0068938187449073115,-0.04061404720521816,0.030799129334909935,False,True,-0.06814814814814812,-0.23212345679012342,0.10914814814814812,False
M6_S5_R3_sma0.03_rho0.0_beta0.0,273,6,5,3,0.03,0.0,0.0,2.7856763227203428e-05,0.014275092612230462,True,2.820674180984497,0.15708181814823458,0.019145433097259152,0.01353077588472139,True,True,0.0008740595626162646,0.00088067445242429,0.00043453156261200596,2.1867696252269122e-05,4.7036240006570765e-05,3.45796537399292,0.019145433097258965,-0.0033514361651588572,0.040852842387727004,False,True,0.24345679012345678,0.0822222222222222,0.40224074074074073,True
M6_S5_R3_sma0.03_rho0.0_beta0.0,274,6,5,3,0.03,0.0,0.0,0.7303008813310714,0.0011629245521275263,True,0.8897771835327148,0.7936138080731107,-0.005639087109141954,0.021554429762414985,True,True,0.0008457163859468004,0.0006983766262335012,0.0001875580387944821,1.5944341012608022e-06,0.0009582009966309223,5.049871444702148,-0.005639087109129768,-0.03206699465497073,0.016998326035119218,False,True,0.030617283950617302,-0.1348333333333333,0.19958641975308639,False
M6_S5_R3_sma0.03_rho0.0_beta0.0,275,6,5,3,0.03,0.0,0.0,0.020241203362504005,-0.007785863832139805,True,3.193392038345337,0.4825772361472255,-0.013808100997580215,0.01966508081075921,True,True,0.0008340004085186747,0.00296332686276552,0.00100510399586576,8.995411508399726e-05,8.286848898450943e-05,1.8682246208190918,-0.01380810099758451,-0.03634088564141067,0.012573083001033299,False,True,-0.1901234567901235,-0.3657222222222222,-0.005104938271605008,True
M6_S5_R3_sma0.03_rho0.0_beta0.0,276,6,5,3,0.03,0.0,0.0,0.7706019957921174,-0.0010299958343911886,True,2.6264967918395996,0.9903305132531519,0.000202765111358639,0.01673089749513589,False,True,0.0008817661224116252,0.0013884817719258902,0.000752469555095618,0.0001333301000686641,2.376235810128929e-05,4.198165655136108,0.00020276511135996927,-0.024454897398763567,0.027542368330064352,False,True,0.02320987654320983,-0.15015432098765438,0.18699382716049373,False
M6_S5_R3_sma0.03_rho0.0_beta0.0,277,6,5,3,0.03,0.0,0.0,0.5510434592392006,-0.002335345463211459,True,2.521576166152954,0.8653651695306533,-0.0031155671592903306,0.018375661334403944,False,True,0.0009370738861921726,0.0006549613407950212,0.0009000802653969076,6.366779660130998e-05,4.20357755175303e-05,4.787348747253418,-0.00311556715928933,-0.039116216056046246,0.03739616324660008,False,True,-0.034814814814814854,-0.21087654320987656,0.150141975308642,False
M6_S5_R3_sma0.03_rho0.0_beta0.0,278,6,5,3,0.03,0.0,0.0,0.0016125410322072483,-0.011540416231856506,True,0.7484290599822998,0.6529175162446343,-0.008760371196813055,0.019479922603406242,False,True,0.0008913018542510509,0.0016734641903879428,0.0010667408152381429,0.00015286352483244277,1.0201012541216563e-05,4.571590900421143,-0.008760371196819204,-0.036914905873360056,0.02951063417002051,False,True,-0.1318518518518519,-0.3014876543209876,0.04004320987654321,False
M6_S5_R3_sma0.03_rho0.0_beta0.0,279,6,5,3,0.03,0.0,0.0,0.868904763072066,-0.000590794042993173,True,1.368840217590332,0.9589828320663172,0.0008506304037783632,0.016539556909169556,False,True,0.0008273129685282016,0.0007817607767651987,0.0007369485350273332,6.369515390562648e-06,2.3806746104856217e-05,4.465273380279541,0.0008506304037821895,-0.03169495585200434,0.030864613473942256,False,True,0.09950617283950614,-0.07013580246913578,0.274820987654321,False
M6_S5_R3_sma0.03_rho0.0_beta0.0,280,6,5,3,0.03,0.0,0.0,0.806481777286779,-0.0009027866459017394,True,1.2827847003936768,0.8998135807018574,-0.002276234913961501,0.01808015861719233,False,True,0.0009175318318100279,0.0013711959022988682,0.0008911368699235854,0.00013843396810479865,2.3642290131341052e-05,3.315812110900879,-0.0022762349139639755,-0.025913947114133404,0.021453081190204584,False,True,-0.00592592592592589,-0.18519753086419752,0.16889506172839502,False
M6_S5_R3_sma0.03_rho0.0_beta0.0,281,6,5,3,0.03,0.0,0.0,1.1640581638394763e-05,0.014919202602061052,True,2.100162982940674,0.15483811127022848,0.013683924290303155,0.009618627111090591,False,True,0.000942997332029491,0.0004732072045403508,0.00014581380844323337,0.0001023551462715521,5.739472105119102e-05,3.075986623764038,0.01368392429030311,-0.008818970407736156,0.03483610434724289,False,True,0.22222222222222227,0.06023456790123452,0.3963395061728395,True
M6_S5_R3_sma0.03_rho0.0_beta0.0,282,6,5,3,0.03,0.0,0.0,0.24974206451068015,-0.004471112625502386,True,1.9810945987701416,0.6228645239882398,-0.008575865549008865,0.017437899481630825,False,True,0.00088417954625873,0.00038020727406143053,0.0008230150853494773,7.368794393260775e-05,2.523385546728929e-05,2.771388530731201,-0.008575865549007364,-0.04045069892769829,0.02049423310625375,False,True,-0.14024691358024688,-0.30323456790123454,0.03756790123456788,False
M6_S5_R3_sma0.03_rho0.0_beta0.0,283,6,5,3,0.03,0.0,0.0,0.20066186935940478,0.004613222304831938,True,0.8655624389648438,0.659668117687719,0.0066516303039331395,0.015104591106727148,False,True,0.000860381217365888,0.0006127816021865263,0.0005861832202771453,9.365078172097003e-06,3.408670783572511e-05,3.1081056594848633,0.006651630303933994,-0.019765702350603685,0.0410579793342786,False,True,0.09679012345679011,-0.07658641975308643,0.2698765432098766,False
M6_S5_R3_sma0.03_rho0.0_beta0.0,284,6,5,3,0.03,0.0,0.0,0.0010012429580056365,-0.011032383582335274,True,0.7317845821380615,0.4045268580936796,-0.010230763941615623,0.012273523050719473,False,True,0.0009270100476330655,0.0012007058314432717,0.00034654759205917924,8.18556333943859e-05,3.630820194016169e-05,3.987175226211548,-0.010230763941615829,-0.02361831993497479,0.0032674837936027433,False,True,-0.11827160493827166,-0.27880864197530864,0.05485802469135799,False
M6_S5_R3_sma0.03_rho0.0_beta0.0,285,6,5,3,0.03,0.0,0.0,0.6993773600370441,0.001237490487494975,True,1.1364765167236328,0.9707202487758625,-0.00039024754033341184,0.010632009224868044,True,True,0.000841857497511861,0.0007743514601800214,0.00024737970562258824,6.24641102140963e-05,2.967943473574477e-05,4.4385762214660645,-0.000390247540333582,-0.022548745341000726,0.020751018561558716,False,True,-0.02172839506172841,-0.19754938271604938,0.15706172839506174,False
M6_S5_R3_sma0.03_rho0.0_beta0.0,286,6,5,3,0.03,0.0,0.0,0.03149860638964302,-0.007242220580287892,True,0.8268585205078125,0.6688527256954855,-0.005907308606772648,0.013811057968400008,True,True,0.0008865505762706367,0.0012605844140548424,0.0004562033257986833,0.00012045442206352208,4.744105755777056e-05,1.7241041660308838,-0.005907308606772487,-0.02739320455233599,0.01282407159537139,False,True,-0.09777777777777774,-0.2627407407407408,0.06741975308641969,False
M6_S5_R3_sma0.03_rho0.0_beta0.0,287,6,5,3,0.03,0.0,0.0,1.0373044762838612e-05,0.01385168687101244,True,0.81290602684021,0.3008828333671162,0.009719918709779733,0.009395383002658898,True,True,0.000837096229527944,0.0006982286692352542,0.00017342434864429308,0.00011262619519721573,2.96574177948255e-05,3.2171943187713623,0.009719918709780674,-0.005659315924981558,0.025834605491491188,False,True,0.0985185185185185,-0.0839691358024691,0.26329012345679004,False
M6_S5_R3_sma0.03_rho0.0_beta0.0,288,6,5,3,0.03,0.0,0.0,0.8767972738198048,-0.0005024282726881141,True,2.152757406234741,0.8686518018835399,-0.003704636739253073,0.022401943058146922,True,True,0.000864815438223445,0.004986407042235817,0.001399966741278901,0.00011586235401248976,3.9933378762170416e-05,3.2737462520599365,-0.0037046367392566644,-0.02352737917726396,0.01603135877661747,False,True,-0.040740740740740744,-0.21137654320987653,0.1367901234567901,False
M6_S5_R3_sma0.03_rho0.0_beta0.0,289,6,5,3,0.03,0.0,0.0,4.18462961716691e-05,-0.01585101921016636,True,2.001558542251587,0.6128310497293354,-0.015826033729206584,0.03127449257208987,True,True,0.0008802155279366033,0.00490763831216852,0.0027879278307416915,1.9975116631961665e-06,7.306065915894368e-05,2.7744743824005127,-0.015826033729216284,-0.054886326775659446,0.02056020849861308,False,True,-0.09111111111111114,-0.2693827160493827,0.08840123456790124,False
M6_S5_R3_sma0.03_rho0.0_beta0.0,290,6,5,3,0.03,0.0,0.0,9.277327327326349e-06,0.016412807984159613,True,1.0329914093017578,0.3257155958515473,0.01596840474912827,0.016248194318333173,False,True,0.0008991027032174781,0.0007484367046595793,0.000687565371190622,2.7783726557475728e-05,3.7088253677873156e-05,3.46415114402771,0.01596840474912136,-0.01323782175478674,0.04693535848133659,False,True,0.19703703703703707,0.03924074074074076,0.35383333333333333,True
M6_S5_R3_sma0.03_rho0.0_beta0.0,291,6,5,3,0.03,0.0,0.0,0.47205714211404914,-0.0024224626650086274,True,1.4125628471374512,0.5072500370777633,-0.00639576023380469,0.00964486824467788,False,True,0.0008560731121555325,0.00042450634095646543,0.00016880369611401986,4.12530567741873e-05,4.4329344539344566e-05,3.360034704208374,-0.006395760233804456,-0.032179574858220185,0.02051433791617258,False,True,-0.10395061728395061,-0.2743395061728395,0.0638086419753085,False
M6_S5_R3_sma0.03_rho0.0_beta0.0,292,6,5,3,0.03,0.0,0.0,0.4806485450121859,0.0025503920068033403,True,1.7262978553771973,0.8698855935557551,0.0035410080716459713,0.021617373292652658,False,True,0.0009156525297377723,0.00021082079009758855,0.00023239047704441663,1.603362910790456e-08,0.0009237487543285084,7.157073974609375,0.0035410080716457948,-0.023909356044432204,0.03278949561614679,False,True,0.029382716049382696,-0.13654320987654317,0.197574074074074,False
M6_S5_R3_sma0.03_rho0.0_beta0.0,293,6,5,3,0.03,0.0,0.0,0.10285312135376161,-0.005809735683841968,True,0.6465339660644531,0.5197615894700328,-0.010969277215142584,0.017040634617694353,True,True,0.0009118864759129837,0.001762947283687744,0.0007763987219710641,7.067830619391605e-05,2.8298775685805297e-05,4.036467790603638,-0.010969277215148397,-0.038727367794702275,0.020489030258203537,False,True,-0.1320987654320988,-0.29681481481481486,0.037055555555555536,False
M6_S5_R3_sma0.03_rho0.0_beta0.0,294,6,5,3,0.03,0.0,0.0,0.00022222450531925563,-0.013742803827864669,True,1.5928587913513184,0.6109772587349602,-0.00947298098715829,0.01862270973560288,False,True,0.0009322234210872485,0.0015158804024702527,0.0009405778592534045,7.02851875396187e-05,3.1408221969486494e-05,3.279811143875122,-0.00947298098715133,-0.042074551302831456,0.01715467305007457,False,True,-0.06518518518518523,-0.22197530864197534,0.10421604938271609,False
M6_S5_R3_sma0.03_rho0.0_beta0.0,295,6,5,3,0.03,0.0,0.0,0.5346459009353255,-0.0021561202556359756,True,0.7375762462615967,0.9389964638985457,0.001590864290951639,0.020787123907981653,True,True,0.0008950721305910095,0.0006523782298514901,0.00019921077851386696,4.838570615052037e-08,0.0008645260893418353,1.853450059890747,0.0015908642909526758,-0.019866260587725306,0.022940873323819094,False,True,0.03555555555555556,-0.12576543209876542,0.20916666666666667,False
M6_S5_R3_sma0.03_rho0.0_beta0.0,296,6,5,3,0.03,0.0,0.0,0.05785597064823165,0.0065898488098925295,True,1.0171113014221191,0.6236925501761252,0.005195412979988595,0.010589402679909396,False,True,0.0009964940836721412,0.0007043189296047427,0.0002379599143902584,0.00011554064107977605,2.6677911708383436e-05,3.3601608276367188,0.005195412979988,-0.012988374346349592,0.02505209945101299,False,True,0.06172839506172845,-0.11212962962962965,0.22399382716049382,False
M6_S5_R3_sma0.03_rho0.0_beta0.0,297,6,5,3,0.03,0.0,0.0,8.57768708496681e-05,0.01337960244735935,True,0.7739887237548828,0.3521528629664792,0.012032335111640938,0.012932132815143776,False,True,0.0008951541764820729,0.0008959691789891247,0.0004299982857208027,0.00013072515205605342,1.0037455521637228e-05,3.1160738468170166,0.01203233511164075,-0.012470875480511255,0.038462336290477975,False,True,0.16395061728395066,-0.009388888888888851,0.3461975308641976,False
M6_S5_R3_sma0.03_rho0.0_beta0.0,298,6,5,3,0.03,0.0,0.0,0.013005567084580782,-0.008288444845503411,True,1.2150440216064453,0.5321500724817261,-0.007889678231127059,0.012628996073353741,True,True,0.0008448024447462213,0.0008468360178387483,0.0003960660331712094,9.695993804163653e-05,2.174035775675126e-05,3.7287371158599854,-0.007889678231128138,-0.03017928375681451,0.018131675892478813,False,True,-0.0767901234567901,-0.24617901234567904,0.08987654320987654,False
M6_S5_R3_sma0.03_rho0.0_beta0.0,299,6,5,3,0.03,0.0,0.0,0.003047490665617034,0.009581331693107032,True,0.9128656387329102,0.7574795788066756,0.003678779118681745,0.011913444515864182,False,True,0.0008157427490937105,0.0007727537287934638,0.00032241469025768893,2.3627038244628804e-05,4.0827450417070964e-05,2.279557704925537,0.0036787791186823873,-0.01170153998889642,0.025854455154876232,False,True,0.06691358024691363,-0.11114814814814819,0.23906172839506165,False
