cond,i,M,S,R,s_ma,rho,beta,e0_p,e0_coef,e0_ok,t_e0,e1_p,e1_coef,e1_se,e1_converged,e1_ok,e1_scale,e1_vc_model,e1_vc_model_arm,e1_vc_path,t_e1,e2_est,e2_lo,e2_hi,e2_reject,e2_covers,e3_delta,e3_lo,e3_hi,e3_reject
M6_S5_R1_sma0.03_rho0.5_beta0.05,0,6,5,1,0.03,0.5,0.05,6.501442702975599e-21,0.058209003430260184,True,7.32082986831665,0.005473695408168114,0.05998494146550845,0.021594805931315117,True,True,0.0008201316457567625,0.0022964094576722522,0.0012349806004820967,1.5243448175291807e-05,0.24823975563049316,0.059984941465506765,0.028517721095025653,0.09415517907548823,True,True,0.45555555555555555,0.18,0.6911666666666665,True
M6_S5_R1_sma0.03_rho0.5_beta0.05,1,6,5,1,0.03,0.5,0.05,1.0988132340608469e-07,0.03062663482115656,True,7.063702583312988,0.024367542656709946,0.034141826104377195,0.015165489125237719,True,True,0.0007698523535320175,0.0017113733661101493,0.000536005710516704,4.7580360703546465e-06,0.18076610565185547,0.03414182610437765,0.00686777477553103,0.06134195909591882,True,True,0.3466666666666667,0.05777777777777776,0.6133333333333333,True
M6_S5_R1_sma0.03_rho0.5_beta0.05,2,6,5,1,0.03,0.5,0.05,1.0485212878208764e-19,0.05355162471093505,True,7.065261125564575,8.312155899113329e-06,0.05488581799896065,0.01231457011588665,True,True,0.0009363584872663921,0.002021762749511562,0.0002676742139639894,6.80193277180389e-07,0.43011474609375,0.05488581799896127,0.031464544033880694,0.0837770521166775,True,True,0.528888888888889,0.29105555555555557,0.7468333333333331,True
M6_S5_R1_sma0.03_rho0.5_beta0.05,3,6,5,1,0.03,0.5,0.05,6.325211920510548e-27,0.059776025982488594,True,7.347315788269043,6.506830546609898e-07,0.06165222330546019,0.01239107885546761,True,True,0.0008403488419525666,0.0013121131842351497,0.0002925467372167379,1.029327345664541e-06,0.19170451164245605,0.06165222330545967,0.039959191988244526,0.085071621711929,True,True,0.5844444444444445,0.3355000000000001,0.8067222222222221,True
M6_S5_R1_sma0.03_rho0.5_beta0.05,4,6,5,1,0.03,0.5,0.05,2.2216360006716403e-26,0.06463337186886894,True,7.37044095993042,0.0206386133032715,0.0633958575109225,0.02739036882693484,False,True,0.0007603677688866901,0.005173123889152194,0.002098623359649275,0.00030865063753883964,0.3104877471923828,0.06339585751092186,0.02476599574625792,0.0954152227266766,True,True,0.43333333333333335,0.1844444444444444,0.6777777777777778,True
M6_S5_R1_sma0.03_rho0.5_beta0.05,5,6,5,1,0.03,0.5,0.05,6.590142570790144e-13,0.04748776689147395,True,7.350108861923218,0.0022738901217797276,0.051221608768424194,0.016783450667976933,True,True,0.0010109265719255708,0.0030404609837634726,0.0006428673345881157,3.18478206438036e-06,0.38318705558776855,0.051221608768423736,0.020859491836591342,0.07897821167489216,True,True,0.3955555555555556,0.13111111111111112,0.6488888888888888,True
M6_S5_R1_sma0.03_rho0.5_beta0.05,6,6,5,1,0.03,0.5,0.05,5.990894621157019e-20,0.060892011253781735,True,0.4734656810760498,0.0024452773666208878,0.07075591916423153,0.023351541006704363,True,True,0.0009562012807167974,0.004819439831104654,0.0014446431460200155,4.732540830832051e-06,0.1968250274658203,0.07075591916423168,0.03810163469735354,0.10189918676355535,True,True,0.4666666666666666,0.20222222222222225,0.7088888888888889,True
M6_S5_R1_sma0.03_rho0.5_beta0.05,7,6,5,1,0.03,0.5,0.05,7.005682588809703e-19,0.052915597132820485,True,0.27582263946533203,4.331295026498756e-06,0.05685719671163227,0.012374203026929523,True,True,0.0009524581497065637,0.0021903108624529988,0.0002688710717136897,1.4658169333103028e-07,0.29805874824523926,0.0568571967116318,0.03321898568597298,0.08016512937087407,True,True,0.56,0.2866666666666666,0.7867777777777777,True
M6_S5_R1_sma0.03_rho0.5_beta0.05,8,6,5,1,0.03,0.5,0.05,1.5582708232550974e-10,0.03952687920843524,True,0.22180676460266113,0.002814204402739879,0.04049573545717336,0.013555803035428216,False,True,0.0009898536577637005,0.0016508737931066597,0.0003533086562532368,1.2978959886093461e-06,0.31897950172424316,0.04049573545717366,0.011198741054027425,0.07118120049719136,True,True,0.3933333333333333,0.08000000000000002,0.6578333333333333,True
M6_S5_R1_sma0.03_rho0.5_beta0.05,9,6,5,1,0.03,0.5,0.05,2.7412637844462253e-06,0.027747462570671143,True,0.41167759895324707,0.05788624957372237,0.02729178646764515,0.014390164269054805,True,True,0.0009445078018469996,0.0019278915515568372,0.00043232892270173967,3.931056475523731e-06,0.2928500175476074,0.027291786467644834,0.005013912079070057,0.05020884075213079,True,True,0.27777777777777773,-0.008999999999999996,0.5512222222222222,False
M6_S5_R1_sma0.03_rho0.5_beta0.05,10,6,5,1,0.03,0.5,0.05,1.2458612497943521e-25,0.06293355399299307,True,0.21873807907104492,0.0007363891449104268,0.05425558050424463,0.01607258543960412,False,True,0.000876521059227506,0.001895764482880315,0.0005996797962945993,8.55736465218294e-07,0.3393399715423584,0.054255580504244574,0.03562831374444669,0.07379330864085258,True,True,0.43999999999999995,0.16661111111111113,0.6756666666666665,True
M6_S5_R1_sma0.03_rho0.5_beta0.05,11,6,5,1,0.03,0.5,0.05,4.302266576057088e-18,0.051114191993805756,True,0.15703797340393066,2.107583361103985e-07,0.05061755025922476,0.00975367156831157,True,True,0.0010416168437740977,0.0017439015934025866,7.707895843265233e-05,4.9962571484802556e-05,0.3268587589263916,0.050617550259224764,0.027441927437434836,0.07105375376549011,True,True,0.5555555555555556,0.31538888888888894,0.7711111111111111,True
M6_S5_R1_sma0.03_rho0.5_beta0.05,12,6,5,1,0.03,0.5,0.05,5.192244343295168e-19,0.05449462259348864,True,0.33568310737609863,2.05983842018812e-05,0.06428059438970535,0.015095351710996914,True,True,0.0009051702574225123,0.002190563792194538,0.0005025748783515911,6.138765458892554e-08,0.2512812614440918,0.06428059438970514,0.023717872538672274,0.09545863322631315,True,True,0.6022222222222222,0.3577222222222222,0.8000555555555555,True
M6_S5_R1_sma0.03_rho0.5_beta0.05,13,6,5,1,0.03,0.5,0.05,2.766680433233313e-09,0.03735986006648656,True,0.3266723155975342,0.022175568337170305,0.034841269626594534,0.015232173916958712,True,True,0.0009778861002844171,0.002837924645206732,0.0005004801466525501,1.5412904351679473e-06,0.1643543243408203,0.03484126962659491,0.011406541017819224,0.062270293702217,True,True,0.30444444444444446,0.03333333333333338,0.5733333333333333,True
M6_S5_R1_sma0.03_rho0.5_beta0.05,14,6,5,1,0.03,0.5,0.05,8.117728343330719e-26,0.060219028011459313,True,0.38661766052246094,0.01061979221121982,0.05830789577367467,0.022821390646546022,True,True,0.0008732800666258627,0.005982388599403003,0.0013877915998015782,0.00017976102720468383,0.27974653244018555,0.058307895773673596,0.02961124810467128,0.08858702419853338,True,True,0.35777777777777775,0.05983333333333339,0.6022222222222222,True
M6_S5_R1_sma0.03_rho0.5_beta0.05,15,6,5,1,0.03,0.5,0.05,1.9736371865937715e-13,0.04293096540829968,True,0.40140557289123535,0.00019571468429822674,0.04847117250616168,0.013014196095611235,True,True,0.000875975611296661,0.0021310205387426273,0.00033291277778573424,1.7455186140590417e-05,0.15491414070129395,0.04847117250616158,0.02498078990274907,0.06732099883367684,True,True,0.43111111111111106,0.15111111111111114,0.6889444444444444,True
M6_S5_R1_sma0.03_rho0.5_beta0.05,16,6,5,1,0.03,0.5,0.05,9.048755790685313e-19,0.05157537761344367,True,0.39573025703430176,0.00013195955476129817,0.05816764992623364,0.015216090137954068,True,True,0.0008420306148056588,0.002038165590925891,0.0005261820742978939,1.6854556290035259e-06,0.26169753074645996,0.05816764992623375,0.026804927373523992,0.09469987749512943,True,True,0.5066666666666666,0.2599444444444445,0.7378333333333333,True
M6_S5_R1_sma0.03_rho0.5_beta0.05,17,6,5,1,0.03,0.5,0.05,1.5938494809772178e-13,0.04660533359523361,True,0.2233729362487793,0.0009535838593369999,0.05393778822900305,0.016325614747720082,True,True,0.0008890729822377433,0.0025993609206992813,0.0006217624942253824,1.313698960158069e-05,0.11826109886169434,0.0539377882290029,0.019412414366670096,0.0946542230877528,True,True,0.4911111111111111,0.22883333333333336,0.7222222222222223,True
M6_S5_R1_sma0.03_rho0.5_beta0.05,18,6,5,1,0.03,0.5,0.05,2.6142207719614884e-15,0.04495371726708346,True,0.18961358070373535,1.8482847984816085e-09,0.055238590900520385,0.009190183102648334,True,True,0.0009758325903662656,0.0006345081341957944,5.821187830734974e-05,2.9036121903513124e-06,0.3550736904144287,0.05523859090051943,0.02794307788692261,0.08279615188531365,True,True,0.7,0.47994444444444445,0.8911666666666667,True
M6_S5_R1_sma0.03_rho0.5_beta0.05,19,6,5,1,0.03,0.5,0.05,4.315899569994944e-31,0.06838956291093982,True,0.2887701988220215,6.703975855228897e-07,0.06414411877197618,0.012906914139024396,True,True,0.0009307019260555527,0.001127223600055274,0.00031362491256532927,7.948727171546309e-07,0.1970806121826172,0.06414411877197666,0.03203166301577947,0.09248515581706312,True,True,0.6066666666666667,0.37094444444444447,0.8000555555555555,True
M6_S5_R1_sma0.03_rho0.5_beta0.05,20,6,5,1,0.03,0.5,0.05,1.4599388851413836e-15,0.04404840602480794,True,0.12840533256530762,5.361369730874924e-06,0.04952174987766766,0.010883598701726973,True,True,0.0008576799096406323,0.0018738454602829704,0.0001838221801725709,1.037822850130101e-06,0.3385803699493408,0.04952174987766784,0.02373900754567298,0.08141819724107016,True,True,0.5377777777777777,0.25777777777777783,0.7556666666666666,True
M6_S5_R1_sma0.03_rho0.5_beta0.05,21,6,5,1,0.03,0.5,0.05,7.137439893029943e-11,0.036724171182686685,True,0.227064847946167,0.00447489991671825,0.03415415878962527,0.012015166941418522,True,True,0.0008609502247406447,0.0015572589905964262,0.00026090266494234357,5.568059533638878e-06,0.2126150131225586,0.034154158789625515,0.0025183302237575937,0.07034798897179408,True,True,0.32888888888888884,0.07772222222222218,0.6066666666666667,True
M6_S5_R1_sma0.03_rho0.5_beta0.05,22,6,5,1,0.03,0.5,0.05,5.151634571562123e-18,0.05292806967466049,True,0.4167020320892334,0.00039330059031886483,0.05593550343604624,0.015780756355980887,True,True,0.0008612692504808014,0.005553454915939362,0.0005748429634043418,5.159899358772354e-06,0.16045093536376953,0.055935503436047,0.023431500129097085,0.08152935781617428,True,True,0.3711111111111111,0.05772222222222221,0.6223333333333333,True
M6_S5_R1_sma0.03_rho0.5_beta0.05,23,6,5,1,0.03,0.5,0.05,2.275590825731399e-20,0.05768046266966481,True,0.4087331295013428,0.0002066153043541035,0.060242078221267294,0.0162343099580341,False,True,0.0009597428560612513,0.0037029070847194724,0.0005987098882283235,1.0935002472472437e-05,0.30277299880981445,0.06024207822126673,0.025233785977670033,0.09746434252648759,True,True,0.46444444444444444,0.20444444444444443,0.6933333333333334,True
M6_S5_R1_sma0.03_rho0.5_beta0.05,24,6,5,1,0.03,0.5,0.05,2.8380451160558556e-13,0.041966052261188214,True,0.3276541233062744,0.06360917409307194,0.03948522545320064,0.02128687619180626,False,True,0.000899511190163941,0.0050031461030624405,0.0011794910559830597,9.155573737164316e-06,0.2556464672088623,0.03948522545319881,0.011142370608982535,0.07490411570184258,True,True,0.24222222222222217,-0.046666666666666634,0.5223333333333332,False
M6_S5_R1_sma0.03_rho0.5_beta0.05,25,6,5,1,0.03,0.5,0.05,1.810902730777173e-15,0.04619952523221357,True,0.21587324142456055,0.00017073136422170857,0.040659607044385176,0.010817182305301655,True,True,0.0009602078750674276,0.002052526945200942,0.0001589927240649039,2.466319245144663e-06,0.19373464584350586,0.040659607044385,0.013734639871954881,0.06476911351093258,True,True,0.4155555555555555,0.10888888888888887,0.6845555555555555,True
M6_S5_R1_sma0.03_rho0.5_beta0.05,26,6,5,1,0.03,0.5,0.05,7.699334301450807e-13,0.048650893711481305,True,0.39046335220336914,0.005749123926079366,0.05705495285356339,0.02065893256249165,True,True,0.0009133693824947652,0.0044902343173862155,0.0010977006073657164,5.31595470727419e-07,0.3015248775482178,0.057054952853561124,0.02191135284796696,0.09203620689235349,True,True,0.3711111111111111,0.07550000000000004,0.6466666666666667,True
M6_S5_R1_sma0.03_rho0.5_beta0.05,27,6,5,1,0.03,0.5,0.05,1.992549901664084e-15,0.04649703388781789,True,0.18173789978027344,1.8750291040939048e-05,0.05059794681292541,0.011823952530433807,True,True,0.0009178147190891286,0.0018096948838803718,0.00023585461650802749,1.5059344908334851e-05,0.13559627532958984,0.050597946812924545,0.028285894016192026,0.07169817551761481,True,True,0.4822222222222223,0.21772222222222223,0.7045555555555555,True
M6_S5_R1_sma0.03_rho0.5_beta0.05,28,6,5,1,0.03,0.5,0.05,5.481541638594727e-25,0.061227453374820884,True,0.3638887405395508,0.011356983200542438,0.055585561098076434,0.02195739888533441,True,True,0.0008749420682606647,0.004821472866305479,0.0012713936837769283,1.908501060029633e-06,0.2217848300933838,0.055585561098077614,0.027240760251562298,0.07834532705610886,True,True,0.39999999999999997,0.15549999999999994,0.6511111111111112,True
M6_S5_R1_sma0.03_rho0.5_beta0.05,29,6,5,1,0.03,0.5,0.05,8.873489771605962e-17,0.046356184675366834,True,0.38486218452453613,0.011993464339737674,0.04255830015634775,0.016939728821405636,False,True,0.0008510825905465733,0.003923518005435482,0.0006906467195189663,4.5262740215347284e-05,0.34496521949768066,0.042558300156347345,0.008703426955717346,0.07147643857956477,True,True,0.3933333333333333,0.11777777777777776,0.6467222222222222,True
M6_S5_R1_sma0.03_rho0.5_beta0.05,30,6,5,1,0.03,0.5,0.05,8.376822726847209e-34,0.07758746300611094,True,0.4324915409088135,9.653979430187811e-05,0.06787832648704062,0.017408592169244633,True,True,0.0008663759926449224,0.00246585637544335,0.0007359020454162859,2.1093701015937836e-06,0.2551913261413574,0.06787832648704153,0.030151188449487075,0.10390557046358097,True,True,0.528888888888889,0.2776666666666666,0.7824999999999996,True
M6_S5_R1_sma0.03_rho0.5_beta0.05,31,6,5,1,0.03,0.5,0.05,1.1818825816438569e-13,0.04293693642247476,True,0.10480189323425293,4.9006911773543125e-05,0.03883477194157809,0.009564476701823968,False,True,0.0009334269287432363,0.0007749897535783727,8.77522579905509e-05,0.00022248014017206476,0.318939208984375,0.03883477194157798,0.011274479940259822,0.06453584310509419,True,True,0.4577777777777778,0.21105555555555552,0.689,True
M6_S5_R1_sma0.03_rho0.5_beta0.05,32,6,5,1,0.03,0.5,0.05,2.3455332581653077e-20,0.05472398371539823,True,0.10860848426818848,0.0001353777847137413,0.05966464248125488,0.01563348732517937,True,True,0.0008029071884424095,0.003105397074042475,0.0005726363401511477,2.7610258289356233e-06,0.1602005958557129,0.05966464248125388,0.036678671386976676,0.09007646340186408,True,True,0.4733333333333334,0.20666666666666672,0.7156666666666666,True
M6_S5_R1_sma0.03_rho0.5_beta0.05,33,6,5,1,0.03,0.5,0.05,1.312349957498661e-20,0.058813317407468146,True,0.49649786949157715,0.0056158988148649665,0.055699052433431664,0.020112290126583783,True,True,0.0009398056852549907,0.0023519362225078284,0.0010255515053566474,2.657415548174512e-06,0.28273820877075195,0.05569905243343256,0.023868269592224534,0.09153794272687733,True,True,0.4222222222222223,0.15100000000000002,0.6756666666666665,True
M6_S5_R1_sma0.03_rho0.5_beta0.05,34,6,5,1,0.03,0.5,0.05,9.994009506823307e-09,0.03749832487907012,True,0.47377967834472656,0.04165917633753442,0.04414241497648113,0.02167127645972798,True,True,0.0009251335071904719,0.0055258478076792026,0.0012239059687438013,1.8771272938314938e-05,0.29381895065307617,0.04414241497648101,0.007000713367113257,0.0864590854928515,True,True,0.23555555555555552,-0.06672222222222221,0.4978888888888888,False
M6_S5_R1_sma0.03_rho0.5_beta0.05,35,6,5,1,0.03,0.5,0.05,8.042874544183706e-14,0.046108015938202594,True,0.2592644691467285,0.00048133080466043895,0.04951247040071715,0.0141831487643307,True,True,0.0009690963729440391,0.002234085048242841,0.00040966585202460536,1.052970387872124e-06,0.14526891708374023,0.049512470400717906,0.020007975083996658,0.0798143539348235,True,True,0.4911111111111111,0.23994444444444443,0.7266666666666666,True
M6_S5_R1_sma0.03_rho0.5_beta0.05,36,6,5,1,0.03,0.5,0.05,6.349016423816505e-19,0.05727268812436785,True,0.38236331939697266,0.0010086407191577083,0.05436959410617863,0.016535234602109282,False,True,0.0010218994152633716,0.0027211595020841567,0.000615862066987716,2.8799637924008866e-06,0.44841623306274414,0.0543695941061783,0.018234867990653443,0.09555428611039077,True,True,0.37999999999999995,0.12661111111111115,0.6402222222222219,True
M6_S5_R1_sma0.03_rho0.5_beta0.05,37,6,5,1,0.03,0.5,0.05,3.681913317048608e-15,0.04530178956088103,True,0.17096734046936035,4.1721416591993246e-08,0.05068310793340809,0.009242997608690622,False,True,0.0009917819754266975,0.0013875113247207478,5.794261929744245e-05,1.4065870988168841e-05,0.39052629470825195,0.05068310793340827,0.020948259646505724,0.07974239465361906,True,True,0.46444444444444444,0.19555555555555554,0.7133333333333334,True
M6_S5_R1_sma0.03_rho0.5_beta0.05,38,6,5,1,0.03,0.5,0.05,1.931662138332506e-23,0.06372635249827738,True,0.2436370849609375,0.0017292755307276723,0.0589611810606594,0.01881836184650553,False,True,0.0009393008025525874,0.0018644603963007035,0.000874532067247495,4.3776154579141355e-07,0.4303317070007324,0.05896118106065766,0.025271526355038,0.09570832364078238,True,True,0.4733333333333334,0.20661111111111116,0.7133333333333334,True
M6_S5_R1_sma0.03_rho0.5_beta0.05,39,6,5,1,0.03,0.5,0.05,1.9990840608259994e-23,0.056447219545790156,True,0.45394015312194824,6.208498742248903e-11,0.05513645766091529,0.008432417693539704,True,True,0.0009246053626632632,0.0019325434598662485,2.839593194231029e-05,2.0615324565690725e-05,0.15497612953186035,0.05513645766091471,0.02608127547260799,0.07916142221312478,True,True,0.5555555555555556,0.3087777777777778,0.7911666666666666,True
M6_S5_R1_sma0.03_rho0.5_beta0.05,40,6,5,1,0.03,0.5,0.05,9.777992414881607e-11,0.04573277288129336,True,0.39417004585266113,0.1338416220948693,0.032990243160305625,0.02200635595376069,True,True,0.0009416984308302408,0.00019456065220083667,0.0012644994209246995,2.1157708750322104e-05,0.1498873233795166,0.03299024316030246,-0.014293345692307101,0.06610730646014612,False,True,0.5711111111111111,0.30438888888888893,0.8044444444444445,True
M6_S5_R1_sma0.03_rho0.5_beta0.05,41,6,5,1,0.03,0.5,0.05,5.390379494910275e-15,0.04552534081760879,True,0.29514217376708984,0.034573494493289045,0.036183687688386264,0.017121736887034045,True,True,0.0007957608225238143,0.0049552453524144,0.000720309457581701,5.8269420019620705e-06,0.18938279151916504,0.03618368768838699,0.008207759726290988,0.06359569917433415,True,True,0.25777777777777783,-0.008999999999999996,0.5333888888888889,False
M6_S5_R1_sma0.03_rho0.5_beta0.05,42,6,5,1,0.03,0.5,0.05,8.638868342038067e-05,0.024056637389488787,True,0.36037349700927734,0.2001367115891597,0.025958541877039183,0.020261714355550915,False,True,0.0008959555570061015,0.004482743782870771,0.0010524200944766245,3.514737790860801e-06,0.40042757987976074,0.025958541877038926,-0.004556068881117772,0.05381431206530437,False,True,0.23555555555555552,-0.08672222222222221,0.52,False
M6_S5_R1_sma0.03_rho0.5_beta0.05,43,6,5,1,0.03,0.5,0.05,4.70116088613364e-18,0.047940491365778624,True,0.2516746520996094,2.5293412245793343e-07,0.04421473196834743,0.008576199994221925,False,True,0.0008795454804156654,0.0004051045719581454,4.474452293954402e-05,0.00017253890403546026,0.5105175971984863,0.04421473196834739,0.020609528055084224,0.06656810816696684,True,True,0.5955555555555556,0.35555555555555557,0.8000555555555555,True
M6_S5_R1_sma0.03_rho0.5_beta0.05,44,6,5,1,0.03,0.5,0.05,9.648115725068574e-19,0.055479311462232325,True,0.419299840927124,4.679706500201512e-06,0.0576339840902202,0.01258753013765997,False,True,0.0010128794130766137,0.003024899585019647,0.00027276186228416903,2.2078892780722158e-05,0.28922343254089355,0.057633984090220115,0.02743607200176695,0.09022275744573023,True,True,0.508888888888889,0.22888888888888892,0.749,True
M6_S5_R1_sma0.03_rho0.5_beta0.05,45,6,5,1,0.03,0.5,0.05,2.466476122159889e-09,0.03562694744672776,True,0.35883331298828125,0.009824592621447213,0.04029482585959972,0.015606398836772688,True,True,0.0008222294246750697,0.0019025875054972648,0.0005662331690222497,2.2946693082368132e-07,0.21828293800354004,0.04029482585959987,0.015297900272275606,0.06383331618812857,True,True,0.3644444444444444,0.10438888888888885,0.6378333333333333,True
M6_S5_R1_sma0.03_rho0.5_beta0.05,46,6,5,1,0.03,0.5,0.05,1.8909956087947744e-17,0.05885893347953976,True,0.23319172859191895,0.0011045409219141854,0.06568652065271764,0.02013411491693376,True,True,0.0009922908886465854,0.00349370484116668,0.0010176895727355918,6.864748622523769e-06,0.19431591033935547,0.06568652065271963,0.02921161118288546,0.10580474280031063,True,True,0.5,0.22888888888888892,0.7378333333333333,True
M6_S5_R1_sma0.03_rho0.5_beta0.05,47,6,5,1,0.03,0.5,0.05,9.766829214816146e-14,0.04403964038206853,True,0.25357508659362793,0.0009811410151859803,0.04695377818297059,0.014246206119710227,False,True,0.0009040473782183126,0.002152428923649389,0.00042805369077215293,1.7294782742256694e-06,0.310056209564209,0.0469537781829708,0.022138853492689837,0.07918281067004174,True,True,0.43555555555555553,0.15083333333333337,0.680111111111111,True
M6_S5_R1_sma0.03_rho0.5_beta0.05,48,6,5,1,0.03,0.5,0.05,5.278896143033258e-20,0.05484341269200636,True,0.1457815170288086,1.784012723641842e-05,0.05589447836378709,0.013027989061248269,True,True,0.0009585594347610888,0.0019949557477266402,0.00031747360998779533,1.7152642036553877e-05,0.14482688903808594,0.05589447836378716,0.022285362208138607,0.08868220626800927,True,True,0.508888888888889,0.23994444444444443,0.735611111111111,True
M6_S5_R1_sma0.03_rho0.5_beta0.05,49,6,5,1,0.03,0.5,0.05,4.025854058164586e-21,0.055280015860467636,True,0.14379048347473145,1.559995753198939e-05,0.04900197857034802,0.011342940569154579,True,True,0.0009748835583323261,0.00190851752756379,0.00019101019059965143,1.94812339051721e-07,0.36963963508605957,0.049001978570348256,0.015618681342568354,0.08325313790469611,True,True,0.5511111111111111,0.29777777777777775,0.768888888888889,True
M6_S5_R1_sma0.03_rho0.5_beta0.05,50,6,5,1,0.03,0.5,0.05,2.0780821932218677e-06,0.026064809102246955,True,0.3467533588409424,0.039045138544012176,0.026326261278664193,0.012756758574921883,True,True,0.0007327879021340406,0.0016227888840727016,0.00034164708758972935,1.847686982404712e-05,0.1608583927154541,0.02632626127866524,0.006803283935014546,0.05115771410773789,True,True,0.2711111111111111,-0.03338888888888893,0.5222777777777776,False
M6_S5_R1_sma0.03_rho0.5_beta0.05,51,6,5,1,0.03,0.5,0.05,4.8327655396525406e-36,0.07077177025477271,True,0.25473976135253906,1.5608626650631344e-12,0.07018634685619767,0.009928791969696676,True,True,0.0008915317147855555,0.001437375515019564,0.00011743638697543427,1.1490451469190924e-06,0.19106268882751465,0.0701863468561979,0.03908205697959391,0.09837285576097132,True,True,0.6866666666666668,0.471,0.8733333333333333,True
M6_S5_R1_sma0.03_rho0.5_beta0.05,52,6,5,1,0.03,0.5,0.05,3.909156730236192e-17,0.05661626075117188,True,0.4749882221221924,0.022150661885369217,0.05752216398634389,0.0251432850046862,True,True,0.0009196552946952622,0.00402812273393036,0.0017126232835415207,1.2580367456342954e-06,0.27818751335144043,0.05752216398634191,0.018050872008737236,0.09327668434589526,True,True,0.45555555555555555,0.17322222222222222,0.7177777777777778,True
M6_S5_R1_sma0.03_rho0.5_beta0.05,53,6,5,1,0.03,0.5,0.05,1.144504510831136e-26,0.06008207611926258,True,0.2353687286376953,0.00335313333064422,0.06072389051684189,0.020701128268172123,False,True,0.0008802754071792518,0.004972557867540899,0.0011095550532901465,7.800917965016964e-06,0.23144292831420898,0.060723890516844334,0.03221752923566478,0.09375181347443215,True,True,0.4244444444444444,0.14666666666666667,0.6756111111111109,True
M6_S5_R1_sma0.03_rho0.5_beta0.05,54,6,5,1,0.03,0.5,0.05,1.023772148699666e-09,0.034876614295682756,True,0.22278618812561035,0.0017795877466218362,0.0329264119993264,0.010537308998904982,False,True,0.0008927969913648247,0.0014937036643842903,0.00015454524454224552,8.296594146149239e-05,0.2689836025238037,0.03292641199932624,0.006811006849022644,0.06392166022689359,True,True,0.43111111111111106,0.15327777777777776,0.6889444444444444,True
M6_S5_R1_sma0.03_rho0.5_beta0.05,55,6,5,1,0.03,0.5,0.05,1.4712984741734882e-17,0.05766728915264761,True,0.3551023006439209,0.00026384510876470803,0.06603967545411253,0.01810083475572307,True,True,0.0009298865043008557,0.002652390025711611,0.0007969433557018097,1.4715822505978812e-06,0.2560431957244873,0.06603967545411238,0.028457399649557374,0.10046443011254129,True,True,0.6155555555555556,0.33777777777777773,0.8533888888888888,True
M6_S5_R1_sma0.03_rho0.5_beta0.05,56,6,5,1,0.03,0.5,0.05,1.0342685459779825e-19,0.0534439575540858,True,0.35500574111938477,1.0865977007194135e-11,0.06465858654064931,0.009516258712913058,True,True,0.0009366492782977884,0.0006615936847969925,8.434768401372358e-05,0.0001818599057320441,0.17154788970947266,0.0646585865406497,0.03899281237719065,0.0904921139821212,True,True,0.7644444444444445,0.5777222222222221,0.9022222222222223,True
M6_S5_R1_sma0.03_rho0.5_beta0.05,57,6,5,1,0.03,0.5,0.05,2.4801653692500098e-20,0.051714596350196894,True,0.1346292495727539,0.0011622496585104185,0.060922912846849434,0.018757134968293204,False,True,0.0007722711763887858,0.003353120087180779,0.0009010361013785348,4.324016896965171e-05,0.31335902214050293,0.0609229128468491,0.03293995156805191,0.08912451970429773,True,True,0.4666666666666666,0.19088888888888886,0.6955555555555555,True
M6_S5_R1_sma0.03_rho0.5_beta0.05,58,6,5,1,0.03,0.5,0.05,1.3651631559430698e-11,0.03983606784359908,True,0.28758955001831055,0.029098659748013175,0.049844062941826126,0.022841749433050142,False,True,0.0008345660493712321,0.004301157002887326,0.0013983233416124702,1.3477445676479848e-05,0.3173558712005615,0.04984406294182568,0.02404523077760751,0.06882968934932411,True,True,0.3933333333333333,0.11555555555555558,0.6578333333333333,True
M6_S5_R1_sma0.03_rho0.5_beta0.05,59,6,5,1,0.03,0.5,0.05,1.5814339604855877e-20,0.060108519236798524,True,0.35849905014038086,0.0001961359646396148,0.061023318603896884,0.016386753006940265,True,True,0.0009578910165006871,0.0030373874891082937,0.0006139988190312656,3.293216519420095e-05,0.13993430137634277,0.061023318603897,0.03289488265517644,0.08945188100887859,True,True,0.5377777777777777,0.2822222222222222,0.7556666666666666,True
M6_S5_R1_sma0.03_rho0.5_beta0.05,60,6,5,1,0.03,0.5,0.05,3.7751977352961617e-07,0.030746406724762917,True,0.13348746299743652,0.02035145849176913,0.02603563148096745,0.011223200960449717,False,True,0.0010815370809897252,0.00245071237004958,0.00016157330319796937,7.123155307335891e-08,0.4485323429107666,0.02603563148096737,0.0012082513292603363,0.048731814767209156,True,False,0.25555555555555554,-0.02894444444444446,0.5378333333333332,False
M6_S5_R1_sma0.03_rho0.5_beta0.05,61,6,5,1,0.03,0.5,0.05,1.9954174461161899e-28,0.0680058925737285,True,0.4594392776489258,3.837727634176957e-06,0.0668954707713107,0.014479594570109614,True,True,0.0009457277514655689,0.0038085129108513314,0.00043983042645113997,1.2592279274845802e-05,0.19226813316345215,0.06689547077131092,0.03595996059416177,0.09451638371343977,True,True,0.4466666666666667,0.17994444444444443,0.6822222222222223,True
M6_S5_R1_sma0.03_rho0.5_beta0.05,62,6,5,1,0.03,0.5,0.05,1.493546561885507e-23,0.05693838715778384,True,0.22420144081115723,2.045735740677485e-07,0.06198191924287525,0.011930766679133935,True,True,0.0008285014282860637,0.0022638522408396475,0.0002613292949985865,1.9838964041559237e-05,0.16457271575927734,0.06198191924287561,0.03370942311336817,0.09489950126273626,True,True,0.5644444444444445,0.3244444444444445,0.7711666666666666,True
M6_S5_R1_sma0.03_rho0.5_beta0.05,63,6,5,1,0.03,0.5,0.05,4.728722669145947e-23,0.05834081819712826,True,0.15872645378112793,3.680391372490409e-05,0.05307137100476505,0.012860551463816114,True,True,0.0008898150959476206,0.0025368176163065186,0.00031821833267086096,1.0303687864653468e-08,0.1806321144104004,0.053071371004765146,0.029282062156817536,0.0855416297957565,True,True,0.4577777777777778,0.17111111111111116,0.6978888888888889,True
M6_S5_R1_sma0.03_rho0.5_beta0.05,64,6,5,1,0.03,0.5,0.05,1.9816388240147448e-23,0.0601480493242039,True,0.4044685363769531,0.0004936017921065745,0.05504095050157705,0.0157972780110948,True,True,0.000834926328546759,0.0008768821776181481,0.0005816767119701034,3.892041526892666e-06,0.16857385635375977,0.05504095050157672,0.026304805176330683,0.0845860326702153,True,True,0.548888888888889,0.2866666666666666,0.768888888888889,True
M6_S5_R1_sma0.03_rho0.5_beta0.05,65,6,5,1,0.03,0.5,0.05,2.3797930969606788e-21,0.059195086759946995,True,0.41729140281677246,1.2480194155128094e-05,0.05913902240226506,0.013535974190083807,True,True,0.0009885765385852458,0.0030796258608559554,0.00035195248410679897,9.021488654596635e-06,0.16287732124328613,0.05913902240226577,0.023954134947755452,0.09485776735440436,True,True,0.4955555555555555,0.21333333333333337,0.7488888888888889,True
M6_S5_R1_sma0.03_rho0.5_beta0.05,66,6,5,1,0.03,0.5,0.05,2.829719170026896e-30,0.07271740353232355,True,0.44423866271972656,0.004603411199433947,0.07395117206663017,0.026098418306295227,True,True,0.0008953751486243078,0.004901811412160168,0.0018643072845461696,1.0994875222625617e-05,0.20235300064086914,0.07395117206662785,0.0377522657594269,0.10809578792199652,True,True,0.43555555555555553,0.16438888888888883,0.6778333333333333,True
M6_S5_R1_sma0.03_rho0.5_beta0.05,67,6,5,1,0.03,0.5,0.05,8.081597535776945e-10,0.034612586247638404,True,0.3510148525238037,0.0064482752663524955,0.022957216839990583,0.008427541569736631,True,True,0.0009099092343275229,0.0027044491190050413,3.10885238634083e-05,2.8328436360866424e-05,0.2503790855407715,0.022957216839990593,0.0021934416147795753,0.045910994485297146,True,False,0.21999999999999997,-0.08000000000000002,0.5001111111111111,False
M6_S5_R1_sma0.03_rho0.5_beta0.05,68,6,5,1,0.03,0.5,0.05,3.622056038722366e-26,0.06717143285562988,True,0.32642412185668945,4.606558885659315e-05,0.06379272317241524,0.015655651087617777,True,True,0.0009512693348726316,0.0026992974491691054,0.0005450443659571535,6.884287660517971e-07,0.20832371711730957,0.0637927231724149,0.034165181870170695,0.09777465786836137,True,True,0.5422222222222222,0.30000000000000004,0.7533333333333334,True
M6_S5_R1_sma0.03_rho0.5_beta0.05,69,6,5,1,0.03,0.5,0.05,3.9048042281998113e-26,0.06027999255344333,True,0.336484432220459,0.005910473883681988,0.05628900394216417,0.02044859865697257,True,True,0.0008371796208130594,0.005245147878528575,0.0010869996369392203,0.00017695205074568277,0.22046613693237305,0.05628900394216478,0.022348416043367122,0.08822820975020612,True,True,0.37999999999999995,0.0888333333333333,0.6289444444444443,True
M6_S5_R1_sma0.03_rho0.5_beta0.05,70,6,5,1,0.03,0.5,0.05,4.813361398838823e-26,0.06199293137779793,True,0.18677282333374023,2.7984558016077978e-09,0.05515545631336268,0.009280736844118285,True,True,0.0009084641113398914,0.0003784196183666764,7.670340684134368e-05,9.443132937521648e-05,0.1857922077178955,0.055155456313362855,0.021459821673902233,0.0869506819257299,True,True,0.7022222222222223,0.4733333333333334,0.8955555555555557,True
M6_S5_R1_sma0.03_rho0.5_beta0.05,71,6,5,1,0.03,0.5,0.05,1.5707477577140988e-15,0.042218695437019046,True,0.352679967880249,5.2706916399067266e-05,0.037282272761445155,0.00922078194408459,True,True,0.0007883143873352297,0.003966656391804855,9.740558151402378e-05,1.9586198049583916e-05,0.1815333366394043,0.03728227276144532,0.012426576422576467,0.06398693535991072,True,True,0.2377777777777778,-0.07116666666666667,0.515611111111111,False
M6_S5_R1_sma0.03_rho0.5_beta0.05,72,6,5,1,0.03,0.5,0.05,3.0210360976398595e-09,0.03382078536480498,True,0.40595102310180664,0.050836627286909956,0.029716217483552514,0.015216796935761839,True,True,0.0008546815981178718,0.002340571968334241,0.0005237164073290602,1.3060177866321206e-06,0.23035049438476562,0.029716217483553124,0.0008923204592861204,0.06023096882488025,True,True,0.22444444444444445,-0.06900000000000005,0.4977777777777778,False
M6_S5_R1_sma0.03_rho0.5_beta0.05,73,6,5,1,0.03,0.5,0.05,1.226513342419926e-22,0.059259995994926554,True,0.4119870662689209,3.7215510520396034e-06,0.06253194000023751,0.013516456097575484,True,True,0.0009596850795060262,0.0009602827449379186,0.0003561467404118541,1.3923156894263147e-07,0.23337483406066895,0.0625319400002376,0.030885945140228507,0.09569446269904577,True,True,0.6688888888888889,0.4466666666666667,0.8511111111111112,True
M6_S5_R1_sma0.03_rho0.5_beta0.05,74,6,5,1,0.03,0.5,0.05,7.359912974496635e-11,0.039753280793814946,True,0.4046592712402344,0.00426829980311598,0.043143902519052126,0.015097839717515505,True,True,0.0008805038684418813,0.0020433435445390033,0.0005077335187190044,3.1709694796117612e-06,0.12237405776977539,0.043143902519053076,0.007472105281808411,0.07414197138108983,True,True,0.528888888888889,0.23549999999999996,0.7779444444444442,True
M6_S5_R1_sma0.03_rho0.5_beta0.05,75,6,5,1,0.03,0.5,0.05,3.5734067327506726e-21,0.059602226086871615,True,0.374009370803833,0.0051945292657600665,0.059381152391251475,0.02124765018511188,True,True,0.0009156075934887326,0.0028339454152884035,0.0011712663964688584,8.865633786187668e-06,0.34497737884521484,0.05938115239125,0.027362297746861133,0.09202384430818171,True,True,0.4488888888888889,0.1644444444444444,0.695611111111111,True
M6_S5_R1_sma0.03_rho0.5_beta0.05,76,6,5,1,0.03,0.5,0.05,7.811888730972973e-07,0.02779036740806423,True,0.13804984092712402,0.11311845511926473,0.016243139968593487,0.01025236632046684,True,True,0.0008792495219015874,0.0024492927901336526,0.00013948314112681055,2.020868641735745e-05,0.19712376594543457,0.016243139968593803,-0.009007039956221333,0.03561177901448174,False,False,0.18888888888888888,-0.1111666666666667,0.4800555555555555,False
M6_S5_R1_sma0.03_rho0.5_beta0.05,77,6,5,1,0.03,0.5,0.05,1.3999186255065893e-06,0.02589588694425902,True,0.16439032554626465,0.19933536197813218,0.027854985907767037,0.021703254067849023,False,True,0.0007781790825136677,0.00589959692896287,0.0012574578948981038,0.00029765981221818965,0.30547094345092773,0.027854985907767846,0.003479118258864423,0.04957797318783944,True,False,0.16888888888888887,-0.16005555555555553,0.4377777777777778,False
M6_S5_R1_sma0.03_rho0.5_beta0.05,78,6,5,1,0.03,0.5,0.05,1.0002866166545575e-17,0.043202168808971216,True,0.17094922065734863,3.2571083136026717e-06,0.039634224526365607,0.0085163417913309,True,True,0.000739610199037731,0.002468821582726899,6.966219271276468e-05,8.325814104303396e-06,0.15749192237854004,0.039634224526366064,0.022751976652568298,0.05755669927907125,True,True,0.41111111111111115,0.13761111111111113,0.6444999999999999,True
M6_S5_R1_sma0.03_rho0.5_beta0.05,79,6,5,1,0.03,0.5,0.05,3.54620678235174e-13,0.04316962933527086,True,0.4050302505493164,0.00032329032122994136,0.04985335103171918,0.013863999506139455,True,True,0.000866781395374254,0.0029630541254231668,0.00040327516784385137,7.093994505268969e-06,0.17201757431030273,0.04985335103171869,0.020237005563673922,0.08371892716302502,True,True,0.45333333333333337,0.15111111111111114,0.7089444444444444,True
M6_S5_R1_sma0.03_rho0.5_beta0.05,80,6,5,1,0.03,0.5,0.05,7.081829903191636e-22,0.06082151302326306,True,0.4089064598083496,0.0006972378469270516,0.05623761120883534,0.01658602214113525,True,True,0.0009274846893822894,0.00031617354420501693,0.0006397914535222296,5.069185779230205e-06,0.1548936367034912,0.05623761120883441,0.0167390274146252,0.09446917683235054,True,True,0.6444444444444444,0.4132222222222222,0.8488888888888888,True
M6_S5_R1_sma0.03_rho0.5_beta0.05,81,6,5,1,0.03,0.5,0.05,3.173836726468175e-40,0.08168076437327894,True,0.44086599349975586,8.098504793241148e-08,0.08344764474759743,0.015554312600875815,True,True,0.0009075970113895378,0.00478999826193043,0.0005442905191793796,1.9942909229448695e-06,0.18440556526184082,0.08344764474759737,0.04850083172118174,0.1198857363279339,True,True,0.52,0.28438888888888897,0.7489444444444444,True
M6_S5_R1_sma0.03_rho0.5_beta0.05,82,6,5,1,0.03,0.5,0.05,6.89388167780202e-26,0.06467156933403735,True,0.4140050411224365,0.00020335428094519676,0.05702533044192172,0.01535079569586954,True,True,0.0009707612903210415,0.0018820449045379825,0.0005127885274247778,1.775242310177765e-06,0.35187339782714844,0.057025330441922234,0.02100146743138787,0.0884190516368225,True,True,0.4777777777777778,0.211,0.7067777777777777,True
M6_S5_R1_sma0.03_rho0.5_beta0.05,83,6,5,1,0.03,0.5,0.05,2.1328502382977284e-19,0.05824996964485869,True,0.3658931255340576,0.03564627267577069,0.05264832308536303,0.02505941828738396,False,True,0.000897173875799825,0.003554384835844248,0.001704488559546279,5.217570141294831e-05,0.2836756706237793,0.052648323085361506,0.01276665831416052,0.08848162118801854,True,True,0.43555555555555553,0.16222222222222227,0.691111111111111,True
M6_S5_R1_sma0.03_rho0.5_beta0.05,84,6,5,1,0.03,0.5,0.05,1.8417176193821836e-23,0.06121709393873208,True,0.36811256408691406,0.0008386956358769315,0.06028524047474285,0.018051105779942258,True,True,0.0007792376686510086,0.004664878890810046,0.0008216797259057541,4.207754839755388e-06,0.18283438682556152,0.060285240474740855,0.017012350000430342,0.09649847995518869,True,True,0.4444444444444444,0.1777777777777778,0.6866666666666668,True
M6_S5_R1_sma0.03_rho0.5_beta0.05,85,6,5,1,0.03,0.5,0.05,5.589771871107735e-05,0.02449384482280951,True,0.3941817283630371,0.4583621229810503,0.01581680058550134,0.02132947791035961,False,True,0.0009204946295940247,0.004182463192324634,0.0011807409578667592,2.5349740245316352e-05,0.3213982582092285,0.01581680058550212,-0.013863213033720172,0.0394437751084407,False,False,0.18888888888888888,-0.09344444444444443,0.46011111111111097,False
M6_S5_R1_sma0.03_rho0.5_beta0.05,86,6,5,1,0.03,0.5,0.05,1.178842293480677e-12,0.04615638670233085,True,0.36396265029907227,0.13789573505273453,0.040008643502655546,0.02696594722787074,False,True,0.0008542844877403303,0.004552260707444682,0.0020106300321409113,1.1800844388615426e-05,0.26929569244384766,0.04000864350265738,0.005551436082256052,0.0728352668266167,True,True,0.21333333333333337,-0.08672222222222221,0.4800555555555555,False
M6_S5_R1_sma0.03_rho0.5_beta0.05,87,6,5,1,0.03,0.5,0.05,2.1273931827466617e-19,0.051065087867317394,True,0.37951040267944336,7.616143701147994e-06,0.05543223848241688,0.012385155612980073,False,True,0.0008654369780667756,0.001002023885401573,0.00028708884305984694,2.376484918965565e-06,0.3536815643310547,0.05543223848241767,0.03236445487201479,0.07824916256779296,True,True,0.6444444444444444,0.4088333333333333,0.8556111111111111,True
M6_S5_R1_sma0.03_rho0.5_beta0.05,88,6,5,1,0.03,0.5,0.05,6.936892885098259e-23,0.05407621523552952,True,0.21128034591674805,5.048208713158883e-10,0.060256771048722554,0.009691325334262946,True,True,0.0008394226444462408,0.0013786283045807103,0.00011388083131433253,1.9737914486860787e-05,0.13347625732421875,0.06025677104872258,0.03314800094632318,0.08603995386588409,True,True,0.6133333333333333,0.39305555555555555,0.8222777777777777,True
M6_S5_R1_sma0.03_rho0.5_beta0.05,89,6,5,1,0.03,0.5,0.05,2.0679775523493807e-19,0.05754674781075108,True,0.20751070976257324,2.6249193924390986e-05,0.06437093432069252,0.015312624841510601,True,True,0.00100848019723359,0.0012140452848554864,0.0005017333991638329,1.2682306043807182e-05,0.16124892234802246,0.06437093432069296,0.02454313984006197,0.10313557925168615,True,True,0.6244444444444444,0.3666666666666667,0.8355555555555556,True
M6_S5_R1_sma0.03_rho0.5_beta0.05,90,6,5,1,0.03,0.5,0.05,1.0434988382409472e-19,0.057507923714430816,True,0.2057056427001953,0.00022873210183868271,0.05726287875725705,0.015539589845157475,True,True,0.0009831617349554524,0.0031091288378228984,0.0005278042106760785,2.5097391826715217e-06,0.21904802322387695,0.057262878757256684,0.02310506711877104,0.09705458759869683,True,True,0.4688888888888889,0.20883333333333334,0.7088888888888889,True
M6_S5_R1_sma0.03_rho0.5_beta0.05,91,6,5,1,0.03,0.5,0.05,4.493914128282237e-13,0.047907334397233756,True,0.41846489906311035,0.0051650502945216805,0.05452666960434257,0.01949779477007452,True,True,0.0008947260765305232,0.002123772889748162,0.000961546787381744,2.0520997613869353e-06,0.14904212951660156,0.05452666960434295,0.005513560057305903,0.10509110518976762,True,True,0.5044444444444445,0.2311111111111111,0.7378888888888888,True
M6_S5_R1_sma0.03_rho0.5_beta0.05,92,6,5,1,0.03,0.5,0.05,2.4843581918457634e-18,0.0538812451651011,True,0.4115729331970215,0.0006443694754629543,0.050684001058214356,0.014853689142191576,True,True,0.0010184449505937386,0.001654181296642344,0.0004582072532798409,3.088147539234017e-07,0.30678462982177734,0.05068400105821392,0.023518843590439112,0.0748080547016136,True,True,0.4577777777777778,0.17994444444444443,0.6978888888888889,True
M6_S5_R1_sma0.03_rho0.5_beta0.05,93,6,5,1,0.03,0.5,0.05,1.48775606621331e-12,0.046618689516612466,True,0.34712696075439453,0.017606104908987088,0.04828375659052608,0.02034028370566534,True,True,0.0008478095319189038,0.0018882784545284361,0.0010716195172971235,2.564255250862227e-13,0.19628190994262695,0.04828375659052743,0.013480860295442867,0.08786027333541763,True,True,0.44222222222222224,0.17327777777777778,0.6777777777777778,True
M6_S5_R1_sma0.03_rho0.5_beta0.05,94,6,5,1,0.03,0.5,0.05,1.111809348025061e-19,0.05190288789071367,True,0.2748908996582031,0.014467163050918727,0.04997241719252025,0.02043485799703415,True,True,0.000823561217523876,0.0043948138428966605,0.0010880380205721114,5.5350355980485226e-05,0.28383898735046387,0.049972417192521885,0.021537085585887867,0.0765755619882992,True,True,0.4244444444444444,0.14444444444444443,0.6577777777777778,True
M6_S5_R1_sma0.03_rho0.5_beta0.05,95,6,5,1,0.03,0.5,0.05,1.2020718782266756e-09,0.03831997955979674,True,0.47588539123535156,0.09874907866621849,0.04114134698451691,0.024919823633316948,True,True,0.0009495147724228123,0.00470177274363103,0.0016730898752623218,5.491114580621954e-06,0.3060591220855713,0.041141346984517796,0.008630985847818868,0.07165924011518862,True,True,0.2933333333333333,-0.0024444444444443906,0.5823333333333333,False
M6_S5_R1_sma0.03_rho0.5_beta0.05,96,6,5,1,0.03,0.5,0.05,1.0196872598532243e-20,0.05456075882994472,True,0.21112990379333496,0.0005161859555683095,0.04900351122078761,0.014113047335763169,True,True,0.0008269028541243485,0.0008217481467677375,0.0004321537444796111,1.1826041083897179e-05,0.15672636032104492,0.04900351122078875,0.019030667169991935,0.0792978361394755,True,True,0.6044444444444443,0.34438888888888897,0.8066666666666666,True
M6_S5_R1_sma0.03_rho0.5_beta0.05,97,6,5,1,0.03,0.5,0.05,1.4090224330734089e-08,0.034691755267867656,True,0.28983473777770996,0.10377180479598778,0.0387712460453071,0.02383229262386493,False,True,0.0009601143016486688,0.006335410493948948,0.0015119116547989088,0.00016546347524799604,0.32179760932922363,0.0387712460453083,0.003603245255634658,0.07432974720552694,True,True,0.21333333333333337,-0.06000000000000005,0.5201111111111111,False
M6_S5_R1_sma0.03_rho0.5_beta0.05,98,6,5,1,0.03,0.5,0.05,1.1447101257423458e-10,0.035232000038802024,True,0.16280245780944824,8.41224561144957e-06,0.04073644202777265,0.009145184473679329,False,True,0.0008933527117267116,0.0015567470910525074,7.22326548275333e-05,1.3393106618024327e-06,0.3481302261352539,0.04073644202777252,0.01680125129339648,0.06917738011293546,True,True,0.4977777777777778,0.24444444444444446,0.735611111111111,True
M6_S5_R1_sma0.03_rho0.5_beta0.05,99,6,5,1,0.03,0.5,0.05,2.373677842530292e-38,0.07395324837486472,True,0.23645544052124023,3.540841618210072e-11,0.07585726644802714,0.011455133705385305,False,True,0.0009114735776269777,0.0021439940079855473,0.00021136554909936594,8.930390631678861e-07,0.3212566375732422,0.07585726644802711,0.05084981333633939,0.09985809300424298,True,False,0.6555555555555554,0.42,0.8401111111111111,True
M6_S5_R1_sma0.03_rho0.5_beta0.05,100,6,5,1,0.03,0.5,0.05,2.7562665578758156e-10,0.042020894547764136,True,0.31018900871276855,0.12911691541579307,0.04354475399662357,0.02869329304084877,False,True,0.0009173651179986128,0.006070150619203696,0.00228644217298432,0.0003222930857205433,0.33812975883483887,0.043544753996622894,0.009639285179903643,0.075211511147518,True,True,0.2888888888888889,-0.04222222222222222,0.5667777777777777,False
M6_S5_R1_sma0.03_rho0.5_beta0.05,101,6,5,1,0.03,0.5,0.05,1.304301865594581e-17,0.051785284960263175,True,0.3683009147644043,0.0005768617559337336,0.052942260067053076,0.015380058724812452,True,True,0.0009162579475604609,0.001216281884251776,0.000526387029623974,1.38345302069516e-07,0.338376522064209,0.05294226006705373,0.01856550546163144,0.07945558140648198,True,True,0.5844444444444445,0.3332222222222222,0.8178333333333332,True
M6_S5_R1_sma0.03_rho0.5_beta0.05,102,6,5,1,0.03,0.5,0.05,1.882526118838331e-12,0.03948329367758009,True,0.17823481559753418,3.060415563588199e-05,0.044346555226902576,0.01063741137265415,True,True,0.0008402835488002427,0.007637962462695785,0.00017140685237316522,0.00013609465825760637,0.19669628143310547,0.044346555226902465,0.0033746610957990186,0.07795680070263743,True,True,0.24,-0.04227777777777777,0.5266666666666666,False
M6_S5_R1_sma0.03_rho0.5_beta0.05,103,6,5,1,0.03,0.5,0.05,4.3424344446913003e-38,0.07927725439075704,True,0.42556238174438477,4.0113871048419896e-05,0.07223947358345485,0.01759011209706058,True,True,0.0008022142286068948,0.002098172628884984,0.0007677932850400683,5.74528428021078e-06,0.15590572357177734,0.0722394735834544,0.029864928020013448,0.11546342548955461,True,True,0.6000000000000001,0.35333333333333333,0.8044444444444445,True
M6_S5_R1_sma0.03_rho0.5_beta0.05,104,6,5,1,0.03,0.5,0.05,1.307038063491799e-10,0.03975599412323908,True,0.2523634433746338,0.00493909819706937,0.03634263318971687,0.012928816214647337,True,True,0.0010523927580822856,0.001149763211561884,0.00029098431451992404,3.0558116490087926e-07,0.375596284866333,0.0363426331897173,0.008672031945307074,0.06721580019603224,True,True,0.41333333333333333,0.15538888888888885,0.6666666666666667,True
M6_S5_R1_sma0.03_rho0.5_beta0.05,105,6,5,1,0.03,0.5,0.05,1.4401989314279016e-05,0.025164542291439638,True,0.4326472282409668,0.2930945575584434,0.021592529749013004,0.02053776718738703,False,True,0.0008388778224482765,0.0040523239129123005,0.0010976240786403052,3.992080966317341e-05,0.29051947593688965,0.021592529749013392,-0.004952564371496029,0.046736637006700575,False,False,0.15333333333333332,-0.14888888888888885,0.43122222222222206,False
M6_S5_R1_sma0.03_rho0.5_beta0.05,106,6,5,1,0.03,0.5,0.05,1.8736182274534602e-16,0.049576942050355684,True,0.26700520515441895,0.0330333172688144,0.053250650346423234,0.024980624424448948,False,True,0.0008113568512540826,0.004136209773150128,0.0017098234196553225,1.0331609562723612e-05,0.27621030807495117,0.05325065034642461,0.018466499748277944,0.09381674759774153,True,True,0.36000000000000004,0.08661111111111112,0.6089444444444443,True
M6_S5_R1_sma0.03_rho0.5_beta0.05,107,6,5,1,0.03,0.5,0.05,4.5893586636756974e-29,0.061465238822646207,True,0.16810393333435059,5.626451263140594e-12,0.058282283153823805,0.008460439154988873,False,True,0.0008864550280225606,0.0006028033726852606,3.744608648129163e-05,0.00020325880602855176,0.35303473472595215,0.05828228315382321,0.026702890201274178,0.09076832435373158,True,True,0.6266666666666667,0.3954444444444445,0.8111666666666666,True
M6_S5_R1_sma0.03_rho0.5_beta0.05,108,6,5,1,0.03,0.5,0.05,8.204867476179743e-23,0.057617190256871224,True,0.20612287521362305,1.54025447732988e-08,0.05583502227034039,0.009870044681824544,True,True,0.0009702205386336993,0.0020529344603729942,9.820923833689683e-05,1.953390071664608e-05,0.15646743774414062,0.055835022270340005,0.03190212446020848,0.08107216858687846,True,True,0.5622222222222222,0.3199444444444445,0.7689444444444444,True
M6_S5_R1_sma0.03_rho0.5_beta0.05,109,6,5,1,0.03,0.5,0.05,9.031956643707098e-11,0.04329514728485026,True,0.4909958839416504,0.12114077122033093,0.04203448775770837,0.027118970068674857,True,True,0.0009664078629759955,0.004955269528630284,0.0020130340401617536,0.00019796709477382725,0.2915058135986328,0.042034487757706955,0.016758401744528983,0.06829443721063701,True,True,0.29555555555555557,-0.004611111111111128,0.5667777777777777,False
M6_S5_R1_sma0.03_rho0.5_beta0.05,110,6,5,1,0.03,0.5,0.05,3.7604737196966192e-16,0.048199353046791904,True,0.3013885021209717,0.016564037487049384,0.040968259365327324,0.017096861158152624,True,True,0.0007078824857220375,0.0009898059484918194,0.0007353314872390179,2.2006864789833553e-05,0.2251570224761963,0.04096825936532626,0.0072944124156902245,0.07187150303259367,True,True,0.5133333333333334,0.24888888888888894,0.7535,True
M6_S5_R1_sma0.03_rho0.5_beta0.05,111,6,5,1,0.03,0.5,0.05,2.2212723153666587e-17,0.054182722337423835,True,0.4855179786682129,0.0005812824423764552,0.05704866940251709,0.01658294685943448,True,True,0.0009368501122854691,0.004817512170684378,0.0006376123571713747,1.5743498616250076e-05,0.2436678409576416,0.057048669402516225,0.023227581222836007,0.09003132679882189,True,True,0.40444444444444444,0.12661111111111115,0.6556666666666665,True
M6_S5_R1_sma0.03_rho0.5_beta0.05,112,6,5,1,0.03,0.5,0.05,5.375370000647142e-41,0.07524444479708668,True,0.17568469047546387,1.8217979754801056e-08,0.07753416534749957,0.013776199898602915,False,True,0.0008200783053409816,0.0018299293046582274,0.0004053353898706127,2.221142787350442e-06,0.422243595123291,0.07753416534750139,0.05179694195334183,0.10738499860158805,True,False,0.6755555555555555,0.4421111111111111,0.8466666666666667,True
M6_S5_R1_sma0.03_rho0.5_beta0.05,113,6,5,1,0.03,0.5,0.05,4.1856005332626115e-28,0.06657309562703863,True,0.5398378372192383,5.620619414434939e-06,0.06308656488616993,0.013895167889859889,True,True,0.000915064428932074,0.0033276274382092706,0.00039621418627575566,4.150450893317432e-06,0.20084261894226074,0.06308656488616954,0.03313245153781044,0.0939379702101329,True,True,0.5066666666666666,0.25322222222222224,0.715611111111111,True
M6_S5_R1_sma0.03_rho0.5_beta0.05,114,6,5,1,0.03,0.5,0.05,5.538429789519642e-25,0.06008026743532359,True,0.21228551864624023,0.013770321229129107,0.0568686506274068,0.02308730863119882,False,True,0.0008698371149866777,0.006344375031134529,0.0014251040364993096,0.00036686668558435576,0.3791930675506592,0.05686865062740651,0.018715935199464406,0.09494345354299136,True,True,0.32,0.013222222222222258,0.5888888888888888,True
M6_S5_R1_sma0.03_rho0.5_beta0.05,115,6,5,1,0.03,0.5,0.05,7.455364133812503e-14,0.0417495732614194,True,0.3076057434082031,0.0002862849641849328,0.04749080261643869,0.013092228008682571,True,True,0.0008594493814423752,0.0017207867596481384,0.00034232942640551625,2.2393579260022478e-06,0.3554689884185791,0.04749080261643864,0.0206939722084486,0.07567315657962227,True,True,0.4444444444444444,0.17994444444444443,0.7022777777777778,True
M6_S5_R1_sma0.03_rho0.5_beta0.05,116,6,5,1,0.03,0.5,0.05,3.8624033872189445e-12,0.04031920556910977,True,0.18415141105651855,0.0004065534650943091,0.037499471553812634,0.01060567570337788,False,True,0.0009500291965216513,0.0030159920889641363,0.00014743523207133173,2.206274418124167e-06,0.34648871421813965,0.03749947155381221,0.00953287410719338,0.06158539434595916,True,True,0.25777777777777783,-0.04233333333333332,0.5312222222222222,False
M6_S5_R1_sma0.03_rho0.5_beta0.05,117,6,5,1,0.03,0.5,0.05,1.0253362276497223e-23,0.05963609448822662,True,0.409273624420166,0.009027755411554157,0.060480977183166716,0.023163901715702564,True,True,0.0007816330352732961,0.004147953784294022,0.0014533724210295386,2.017764814300542e-06,0.22456669807434082,0.060480977183171906,0.028840864217731205,0.09618140665778557,True,True,0.4066666666666667,0.12444444444444441,0.660111111111111,True
M6_S5_R1_sma0.03_rho0.5_beta0.05,118,6,5,1,0.03,0.5,0.05,2.1750744914521295e-10,0.03492790194897037,True,0.29935145378112793,0.016115086788498673,0.032386691873562176,0.013459132564108942,True,True,0.0007818694278848847,0.0019712764336447656,0.00038707086255779894,1.2581250238739281e-05,0.16867995262145996,0.032386691873562336,-0.0033250754388034934,0.07066884593838064,False,True,0.2911111111111111,-0.006666666666666654,0.5557222222222221,False
M6_S5_R1_sma0.03_rho0.5_beta0.05,119,6,5,1,0.03,0.5,0.05,7.867455940685985e-16,0.04767346171497226,True,0.41849684715270996,0.006858040389199187,0.04126582509474284,0.01526294865326568,False,True,0.0008421916537712758,0.0015598406866797786,0.0005304344740224091,5.341620073279167e-07,0.39673829078674316,0.041265825094743656,0.003968199983089182,0.07568729689321818,True,True,0.36000000000000004,0.08000000000000002,0.6155555555555556,True
M6_S5_R1_sma0.03_rho0.5_beta0.05,120,6,5,1,0.03,0.5,0.05,1.659380436822511e-22,0.06350739079795437,True,0.3830299377441406,0.0015851034316548282,0.055284518742178296,0.017502666113583223,True,True,0.0009535904672453479,0.003114921633923902,0.000728311869801647,4.240521107435945e-06,0.17749857902526855,0.05528451874217808,0.03221404237781268,0.08331020623276192,True,True,0.4155555555555555,0.15111111111111114,0.6511666666666667,True
M6_S5_R1_sma0.03_rho0.5_beta0.05,121,6,5,1,0.03,0.5,0.05,2.776079394454649e-30,0.07198465759994385,True,0.44554853439331055,0.0005985122327835634,0.06688206293979955,0.019486146979431358,True,True,0.0009750003618131222,0.0028021115978338605,0.0009441296999493391,2.9826432990049717e-06,0.3124535083770752,0.06688206293979695,0.035058196454171346,0.09716767396729659,True,True,0.5111111111111111,0.2622222222222222,0.731111111111111,True
M6_S5_R1_sma0.03_rho0.5_beta0.05,122,6,5,1,0.03,0.5,0.05,0.0018740844565357955,0.017729387658834483,True,0.2474377155303955,0.3455353060750651,0.01773460813399517,0.018800907479703352,False,True,0.0007635646563796811,0.004467195738556865,0.0009077094349051174,5.593419264070635e-06,0.40827274322509766,0.01773460813399385,-0.019338049935035653,0.05730411104405527,False,True,0.08888888888888885,-0.22666666666666663,0.3756666666666666,False
M6_S5_R1_sma0.03_rho0.5_beta0.05,123,6,5,1,0.03,0.5,0.05,4.310611075772414e-05,0.029639600226926393,True,0.45874476432800293,0.5397094395750992,0.018211523660755978,0.02969661864791453,True,True,0.000914599339264282,0.004574062371980602,0.00246274760950618,5.765492143505638e-07,0.26665449142456055,0.01821152366075944,-0.026141089458946644,0.06416770433010477,False,True,0.18222222222222223,-0.10894444444444443,0.4822222222222223,False
M6_S5_R1_sma0.03_rho0.5_beta0.05,124,6,5,1,0.03,0.5,0.05,1.8766003744561759e-25,0.07248227604580608,True,0.40726256370544434,0.000379890454519883,0.07314811419798861,0.020583802426989248,True,True,0.001018229061942177,0.0028583271020295783,0.001067432954671566,3.0217690408059123e-07,0.3337209224700928,0.0731481141979876,0.03790966110828979,0.11230464999358837,True,True,0.5777777777777777,0.3286666666666666,0.8000555555555555,True
M6_S5_R1_sma0.03_rho0.5_beta0.05,125,6,5,1,0.03,0.5,0.05,4.2101227741172105e-13,0.04495355807352415,True,0.33366823196411133,0.0007817001468026434,0.044527786357554895,0.013255494946391624,True,True,0.001005050464258925,0.007406775656961906,0.00032611434596965794,1.620196594122356e-05,0.2606947422027588,0.04452778635755458,0.00760412389160715,0.08184286073172732,True,True,0.26,-0.031166666666666645,0.5266666666666666,False
M6_S5_R1_sma0.03_rho0.5_beta0.05,126,6,5,1,0.03,0.5,0.05,1.3664535817148873e-30,0.07039121902834863,True,0.3742330074310303,9.881898776667804e-08,0.06772303784895245,0.012708675773635856,True,True,0.0009988343905591977,0.0014347109818743798,0.000284764441646357,1.6666562331409494e-05,0.1476902961730957,0.06772303784895212,0.03606784059539969,0.09293805067999932,True,True,0.6688888888888889,0.4399444444444444,0.8467777777777777,True
M6_S5_R1_sma0.03_rho0.5_beta0.05,127,6,5,1,0.03,0.5,0.05,5.600189568209137e-41,0.07212711570480514,True,0.49646854400634766,2.7857698109409943e-23,0.07603839329088324,0.007649668945553238,False,True,0.0008637936000124434,0.00045402168609194707,2.7935849271973696e-06,0.0001353483160274096,0.3271663188934326,0.07603839329088516,0.0590604962318169,0.09369957085207063,True,False,0.8977777777777778,0.7777222222222221,0.9844444444444445,True
M6_S5_R1_sma0.03_rho0.5_beta0.05,128,6,5,1,0.03,0.5,0.05,2.1599620737355793e-39,0.07637542931585226,True,0.43625712394714355,1.1902486354806516e-14,0.0758930189227904,0.009834421568327026,True,True,0.0009562218397634638,0.0014226605771864094,9.890317479803183e-05,8.65564700063254e-06,0.1683204174041748,0.07589301892278992,0.049073639304988474,0.099751748327095,True,True,0.711111111111111,0.5110555555555555,0.8688888888888888,True
M6_S5_R1_sma0.03_rho0.5_beta0.05,129,6,5,1,0.03,0.5,0.05,2.42099163982907e-16,0.047968089467038365,True,0.1896839141845703,0.0007355656197416136,0.04635259809892519,0.013730166464823492,True,True,0.0008660190915361364,0.0024045160809720253,0.00039234859514806304,2.006579646908524e-05,0.16972756385803223,0.04635259809892522,0.01554646611851855,0.07879405129233172,True,True,0.42,0.13327777777777775,0.6667222222222222,True
M6_S5_R1_sma0.03_rho0.5_beta0.05,130,6,5,1,0.03,0.5,0.05,6.627445337643149e-15,0.046490338433723695,True,0.4504055976867676,0.029171954783262826,0.03856264548705873,0.017679919899275066,True,True,0.0008693018221533936,0.008222280222268038,0.0007638783385036444,4.52318707665202e-06,0.21581506729125977,0.03856264548705774,0.012468380817543924,0.06392687683126465,True,True,0.24888888888888894,-0.04444444444444445,0.5269444444444441,False
M6_S5_R1_sma0.03_rho0.5_beta0.05,131,6,5,1,0.03,0.5,0.05,8.306166452335095e-15,0.05088970300737518,True,0.42188143730163574,0.02868462699882945,0.06103344239736629,0.027897255622836025,False,True,0.00083026631121665,0.0045046066303823535,0.002168717351614287,5.196809469449678e-05,0.3476064205169678,0.06103344239736835,0.01490953157817123,0.10039691389518582,True,True,0.3666666666666667,0.08216666666666665,0.6355555555555557,True
M6_S5_R1_sma0.03_rho0.5_beta0.05,132,6,5,1,0.03,0.5,0.05,4.310026026493197e-15,0.04704961953498443,True,0.3032848834991455,0.0678713628316172,0.04440052966931322,0.0243175989946571,False,True,0.0008393031766412493,0.0050940812585343965,0.0016061762272665048,0.00010474616792070046,0.3322732448577881,0.04440052966931005,0.01695330621438012,0.07036773319600353,True,True,0.32,0.004388888888888919,0.5911666666666666,True
M6_S5_R1_sma0.03_rho0.5_beta0.05,133,6,5,1,0.03,0.5,0.05,7.422368806747125e-14,0.0452800794966838,True,0.43384861946105957,0.03383125519816578,0.046397149113391475,0.021864025015827022,False,True,0.0008966953550508254,0.005064168772108221,0.0012547676986680166,0.0001877076513089522,0.31290173530578613,0.046397149113393654,0.008111214575240892,0.0811068787332163,True,True,0.3133333333333333,0.0,0.5623333333333332,False
M6_S5_R1_sma0.03_rho0.5_beta0.05,134,6,5,1,0.03,0.5,0.05,3.7604095822297307e-10,0.037488564593870774,True,0.2271718978881836,0.002659269934630408,0.03905291427611569,0.01299769178975279,True,True,0.0009272797295450535,0.004631554183507317,0.0003213640296752111,2.726315589263081e-05,0.1951918601989746,0.039052914276115576,0.008720657320874257,0.06505177409818595,True,True,0.2844444444444445,-5.555555555555137e-05,0.5711666666666666,False
M6_S5_R1_sma0.03_rho0.5_beta0.05,135,6,5,1,0.03,0.5,0.05,5.454175839593857e-10,0.042112019608235775,True,0.3936786651611328,0.045086227394189986,0.043505467265659056,0.021710949826287625,True,True,0.0008419660392941515,0.0017826436347245032,0.0012457028192197526,5.159359594032722e-06,0.1656339168548584,0.04350546726565389,0.0010357698992205342,0.09249726771487443,True,True,0.29555555555555557,0.010944444444444416,0.5955555555555556,True
M6_S5_R1_sma0.03_rho0.5_beta0.05,136,6,5,1,0.03,0.5,0.05,8.491810508093058e-14,0.04769930537147682,True,0.40453100204467773,0.053263665230069854,0.035521079698702974,0.018378260017883778,True,True,0.0007937436640028633,0.0003243750694185286,0.0008545325910541814,4.7195351316811097e-07,0.46498799324035645,0.03552107969869741,0.006486904477409753,0.058842283943262304,True,True,0.54,0.30666666666666664,0.7622777777777776,True
M6_S5_R1_sma0.03_rho0.5_beta0.05,137,6,5,1,0.03,0.5,0.05,4.69318209406718e-28,0.0689825177031824,True,0.4844329357147217,0.014198663347784943,0.06074032573945725,0.024769750870186864,True,True,0.0007802885654775309,0.003956608197241856,0.001684563961417938,3.1883838797227314e-05,0.2480151653289795,0.060740325739461296,0.025682403071695684,0.10683756616272344,True,True,0.37777777777777777,0.1110555555555556,0.6289444444444443,True
M6_S5_R1_sma0.03_rho0.5_beta0.05,138,6,5,1,0.03,0.5,0.05,1.1054270964320752e-17,0.05268107205570783,True,0.32448315620422363,2.2845333521322203e-06,0.0577247213144522,0.012213065281686862,True,True,0.001025206036617007,0.0013458559098375236,0.0002424356834008349,2.6855937773058766e-07,0.2164297103881836,0.05772472131445246,0.0232513143597477,0.0837398926033456,True,True,0.5800000000000001,0.35111111111111115,0.7890555555555555,True
M6_S5_R1_sma0.03_rho0.5_beta0.05,139,6,5,1,0.03,0.5,0.05,2.1494145422643537e-50,0.09379759796268622,True,0.231461763381958,2.6649246053368035e-06,0.07811337742035107,0.016637256558676,True,True,0.0008862263642799617,0.0023323774660000277,0.0006531496445416339,8.825496413428554e-07,0.16648602485656738,0.07811337742035056,0.04488718919650947,0.10951819165833268,True,True,0.6933333333333334,0.4377222222222223,0.9134444444444444,True
M6_S5_R1_sma0.03_rho0.5_beta0.05,140,6,5,1,0.03,0.5,0.05,4.003614769122769e-26,0.06083269199677632,True,0.48473191261291504,1.0132163732806026e-07,0.06178566921361977,0.011604386334222375,True,True,0.0009088824555152233,0.002186759721049176,0.0002222088554786133,9.17094594634702e-08,0.19821596145629883,0.06178566921361978,0.03526793150774852,0.08944617327271605,True,True,0.5888888888888888,0.3355555555555556,0.8022777777777776,True
M6_S5_R1_sma0.03_rho0.5_beta0.05,141,6,5,1,0.03,0.5,0.05,4.894310948729157e-10,0.034267865269365025,True,0.33620285987854004,0.09377829669274299,0.036956413812106716,0.0220530598186095,True,True,0.0008395044981297833,0.004567943242727728,0.0012911114424635415,4.532733927702744e-06,0.2267754077911377,0.03695641381210641,0.005516646727826887,0.06723011077283575,True,True,0.24888888888888894,-0.04227777777777777,0.5378333333333332,False
M6_S5_R1_sma0.03_rho0.5_beta0.05,142,6,5,1,0.03,0.5,0.05,3.561591302920377e-19,0.060095316953104834,True,0.43489694595336914,0.07021084673672136,0.04883150523512062,0.026970566400034562,True,True,0.0008936481956690977,0.004528802877268793,0.0020035047166821933,5.87704794809243e-07,0.29036760330200195,0.04883150523511899,0.007161491182294729,0.09135320092429418,True,True,0.2688888888888889,-0.015611111111111096,0.5578333333333332,False
M6_S5_R1_sma0.03_rho0.5_beta0.05,143,6,5,1,0.03,0.5,0.05,2.05936679381883e-12,0.04499550423872971,True,0.3408834934234619,0.044419014145272245,0.03901087397814958,0.01940728421832597,True,True,0.0008793829458205645,0.006926828416274136,0.0009540514530285546,6.406833350254232e-06,0.2821638584136963,0.039010873978150375,-0.004027483006425204,0.08938265873646652,False,True,0.30444444444444446,-0.015611111111111096,0.6044999999999998,False
M6_S5_R1_sma0.03_rho0.5_beta0.05,144,6,5,1,0.03,0.5,0.05,7.556795125134854e-23,0.05354770172076026,True,0.15291690826416016,9.230154019794822e-07,0.042531889929219927,0.008666925764889689,True,True,0.0008474176642100863,0.003009826113314688,5.586327380030803e-05,1.663210086414198e-05,0.15556693077087402,0.04253188992921956,0.019706163645533514,0.06415143578798758,True,True,0.4244444444444444,0.1554444444444444,0.6777777777777778,True
M6_S5_R1_sma0.03_rho0.5_beta0.05,145,6,5,1,0.03,0.5,0.05,2.0088560481240644e-23,0.0572429787734795,True,0.38941144943237305,0.028277941843781983,0.04858978546835841,0.02215263583545346,True,True,0.0008101012204021729,0.00424597643443583,0.00131019757929423,1.016752005964273e-05,0.1785593032836914,0.04858978546835865,0.02324547681380418,0.07108397991073648,True,True,0.3866666666666667,0.10000000000000003,0.6555555555555554,True
M6_S5_R1_sma0.03_rho0.5_beta0.05,146,6,5,1,0.03,0.5,0.05,9.870083127885714e-10,0.03688493396535516,True,0.24096012115478516,0.005445677833700855,0.04166017924837884,0.014988826087769209,True,True,0.0008871495047017783,0.002958139997532752,0.0004965648215278072,4.716037259681198e-06,0.2223491668701172,0.04166017924837806,-0.002764171300642674,0.08582339608112678,False,True,0.32666666666666666,0.0222222222222222,0.5933888888888887,True
M6_S5_R1_sma0.03_rho0.5_beta0.05,147,6,5,1,0.03,0.5,0.05,1.2929563567585627e-22,0.05907127789395297,True,0.34786176681518555,0.00149212819911546,0.0499565110512573,0.01572833937266196,True,True,0.00082623211207054,0.0017363370068018819,0.0005768955558507742,5.705548738777825e-08,0.3846583366394043,0.04995651105125795,0.010558947678778229,0.08883035099025231,True,True,0.5,0.23327777777777778,0.7489444444444444,True
M6_S5_R1_sma0.03_rho0.5_beta0.05,148,6,5,1,0.03,0.5,0.05,1.4197827152392091e-16,0.04794376662173614,True,0.19039535522460938,2.910022150908385e-07,0.05973064002972911,0.011645254029540376,True,True,0.0008944478906999381,0.0030177921147253703,0.0002279462460975897,1.783737216722858e-05,0.21199965476989746,0.0597306400297288,0.039655488462809224,0.08073350944456643,True,True,0.5577777777777777,0.30216666666666664,0.7822222222222222,True
M6_S5_R1_sma0.03_rho0.5_beta0.05,149,6,5,1,0.03,0.5,0.05,2.3367767708485926e-18,0.05512181568904861,True,0.43314361572265625,0.0036944886040646972,0.057247599954332096,0.019719243273393704,True,True,0.0008735428268013137,0.0022494159065163423,0.0009918371004655861,8.652672106963604e-07,0.307689905166626,0.057247599954333414,0.018554198264735127,0.09728705436638102,True,True,0.45999999999999996,0.18883333333333333,0.7177777777777778,True
M6_S5_R1_sma0.03_rho0.5_beta0.05,150,6,5,1,0.03,0.5,0.05,8.270350197632374e-20,0.060850614164715815,True,0.44771885871887207,0.0006301350370176694,0.06522088000988205,0.019079914364999635,True,True,0.0009449553298512269,0.0018586265799575609,0.0009031383305569474,2.9822679785086288e-06,0.13040876388549805,0.06522088000988494,0.022025558298545782,0.10392515776661297,True,True,0.5755555555555556,0.34888888888888886,0.7867222222222221,True
M6_S5_R1_sma0.03_rho0.5_beta0.05,151,6,5,1,0.03,0.5,0.05,2.4384660511231416e-12,0.04111753892505385,True,0.24599337577819824,0.07992349449278778,0.039498280800630385,0.02255587963188811,True,True,0.0008399651722227595,0.004353446761636396,0.0013583100834600947,1.127911958102822e-05,0.2032029628753662,0.03949828080062938,0.01290048315142291,0.06563736644861859,True,True,0.33777777777777773,0.05983333333333339,0.6111666666666666,True
M6_S5_R1_sma0.03_rho0.5_beta0.05,152,6,5,1,0.03,0.5,0.05,1.1160277865949702e-27,0.06227586448053702,True,0.44464588165283203,0.0015276952955074546,0.06002000370632561,0.018937515853839067,True,True,0.0008947949887595136,0.005430197104476045,0.0008969295223912931,0.00024604412865681123,0.25856542587280273,0.06002000370632435,0.03679035031857583,0.08226677849801334,True,True,0.5666666666666667,0.2998333333333334,0.78,True
M6_S5_R1_sma0.03_rho0.5_beta0.05,153,6,5,1,0.03,0.5,0.05,4.1957625191233774e-23,0.060194139527878346,True,0.30707669258117676,0.021001748745078236,0.05064309708624297,0.02194286291698288,True,True,0.000876239573803334,0.0034018857857651347,0.0012692197842198646,2.1385423802674256e-06,0.21482014656066895,0.05064309708624246,0.018371000652291723,0.08437033459831245,True,True,0.5377777777777777,0.2687777777777778,0.7756666666666666,True
M6_S5_R1_sma0.03_rho0.5_beta0.05,154,6,5,1,0.03,0.5,0.05,5.1756071774092274e-20,0.055384817370064676,True,0.405803918838501,9.891430418850312e-06,0.05865281085976709,0.013271268160970703,True,True,0.0009423264231168089,0.00244743180623412,0.0003399143911778283,1.4739444098432066e-05,0.13219308853149414,0.05865281085976732,0.03463943475029503,0.08420698254650626,True,True,0.5244444444444445,0.2844444444444445,0.744611111111111,True
M6_S5_R1_sma0.03_rho0.5_beta0.05,155,6,5,1,0.03,0.5,0.05,5.313573560502281e-10,0.03905630618665135,True,0.2821168899536133,0.10556237702820741,0.03226128323840593,0.01993325707624436,False,True,0.0009668215023555341,0.00308432170345924,0.0009986399125318415,1.710846887715354e-05,0.27658820152282715,0.03226128323840601,0.005355130167716649,0.059671820863389236,True,True,0.2933333333333333,-5.555555555555137e-05,0.5489444444444445,False
M6_S5_R1_sma0.03_rho0.5_beta0.05,156,6,5,1,0.03,0.5,0.05,9.646194379234934e-09,0.03233496406069788,True,0.41289377212524414,0.06611713468246103,0.03446614740004465,0.01875577320798259,True,True,0.0008660809246631724,0.004320333411822258,0.000882120900955172,3.897560445875466e-05,0.24738478660583496,0.03446614740004388,0.0067533439026763245,0.06340068269636599,True,True,0.2866666666666666,0.006666666666666654,0.5624444444444442,True
M6_S5_R1_sma0.03_rho0.5_beta0.05,157,6,5,1,0.03,0.5,0.05,1.916572674673095e-08,0.0401396930960525,True,0.15999317169189453,0.20676087613391547,0.03837713114071767,0.03039718864076812,False,True,0.0009607386241649288,0.00508302789684796,0.0025798195069542712,6.825681396816614e-05,0.2807137966156006,0.038377131140717904,-0.010893081290503526,0.09099831618697328,False,True,0.2377777777777778,-0.07111111111111112,0.5222222222222221,False
M6_S5_R1_sma0.03_rho0.5_beta0.05,158,6,5,1,0.03,0.5,0.05,8.489578119569846e-30,0.06948310992554882,True,0.13613486289978027,7.282535446531994e-06,0.06971898687696568,0.015544026322499065,False,True,0.0010425668875641086,0.0030709894731684407,0.0005163368854308053,2.5261508301589656e-05,0.3255898952484131,0.06971898687696639,0.040980779528920604,0.09934221388348967,True,True,0.5644444444444445,0.3111111111111111,0.78,True
M6_S5_R1_sma0.03_rho0.5_beta0.05,159,6,5,1,0.03,0.5,0.05,2.852793054272627e-35,0.07697072476342985,True,0.20399260520935059,2.4734113933171858e-05,0.08018598579744576,0.019013979139846923,True,True,0.0008204410092546417,0.004344113425518922,0.0009205060063406528,5.192857912834186e-06,0.26677823066711426,0.08018598579744447,0.04121204671523374,0.12492698076288222,True,True,0.46444444444444444,0.18438888888888885,0.6955555555555555,True
M6_S5_R1_sma0.03_rho0.5_beta0.05,160,6,5,1,0.03,0.5,0.05,8.694202170511142e-17,0.05233039765530212,True,0.3244471549987793,3.0444314162591827e-05,0.06586947517780595,0.01579559357925059,True,True,0.0009594785309602943,0.0018718997227478034,0.0005566066233705164,1.368762926407499e-06,0.2048802375793457,0.06586947517780532,0.03372263545439505,0.10445074071199333,True,True,0.56,0.3042777777777778,0.7755555555555556,True
M6_S5_R1_sma0.03_rho0.5_beta0.05,161,6,5,1,0.03,0.5,0.05,1.3852292198177034e-08,0.03162086146803037,True,0.3592839241027832,0.010253633987916087,0.0380976546162053,0.014840410174574431,True,True,0.0008473337445780922,0.0025737831188328147,0.0004912465735332201,2.224548178186564e-06,0.3067617416381836,0.038097654616205054,0.013124162666644467,0.06466234202042415,True,True,0.35555555555555557,0.07105555555555558,0.6222777777777777,True
M6_S5_R1_sma0.03_rho0.5_beta0.05,162,6,5,1,0.03,0.5,0.05,0.004097995373801921,0.016504016556637184,True,0.32729434967041016,0.481463808978153,0.0164075260359871,0.023307794844280368,True,True,0.0008638966253205827,0.006401575850569082,0.0014569805764450756,0.0003300789767797803,0.19701504707336426,0.016407526035986938,-0.00683043141936133,0.03945883680702437,False,False,0.07777777777777772,-0.2134444444444445,0.35338888888888886,False
M6_S5_R1_sma0.03_rho0.5_beta0.05,163,6,5,1,0.03,0.5,0.05,8.616380925198789e-20,0.05880749842980329,True,0.30144619941711426,0.00032472382942213255,0.05628284631216236,0.015657029009321647,True,True,0.0010670245739146048,0.0022152697000355865,0.0005220227574132993,1.6326011759716958e-06,0.3011951446533203,0.05628284631216282,0.02679539211770999,0.08302683798498044,True,True,0.528888888888889,0.28438888888888897,0.7889444444444444,True
M6_S5_R1_sma0.03_rho0.5_beta0.05,164,6,5,1,0.03,0.5,0.05,1.994218342276142e-17,0.04749429546152122,True,0.2974720001220703,0.00399332715636521,0.03975066511270576,0.013808603079907616,True,True,0.0008575116049252234,0.002724398021535069,0.00040053023607025814,3.067989086245966e-05,0.22720885276794434,0.039750665112704794,0.014072933273899012,0.06729029485937413,True,True,0.2933333333333333,-0.0023333333333332867,0.5600555555555555,False
M6_S5_R1_sma0.03_rho0.5_beta0.05,165,6,5,1,0.03,0.5,0.05,8.776881994935705e-37,0.07485783898661778,True,0.37229466438293457,1.0511223465297685e-10,0.0799270632191194,0.012373741227287575,True,True,0.0009249062118818466,0.002261069993312455,0.0002743471735032581,6.813912136492175e-07,0.21276473999023438,0.07992706321911941,0.03909834770548406,0.11400730063981425,True,True,0.691111111111111,0.44222222222222224,0.8866666666666667,True
M6_S5_R1_sma0.03_rho0.5_beta0.05,166,6,5,1,0.03,0.5,0.05,1.2447399459567952e-13,0.042230997226671,True,0.14586853981018066,0.018131177893638644,0.03683608016213847,0.01558916553623018,True,True,0.0008295210336572357,0.002512108772693547,0.0005631620396165243,2.868473025385676e-06,0.22194838523864746,0.03683608016214013,0.005256234408402241,0.06752998546648915,True,True,0.3844444444444444,0.0977222222222222,0.6466666666666667,True
M6_S5_R1_sma0.03_rho0.5_beta0.05,167,6,5,1,0.03,0.5,0.05,1.8033243632793877e-31,0.0677422803368606,True,0.4087405204772949,5.666884100447802e-08,0.05926894555053037,0.010917090104169106,True,True,0.0009428151087187321,0.0021747074199365926,0.0001689855472838897,2.560750999904384e-06,0.2813997268676758,0.059268945550530874,0.03286228129651868,0.08526181241066741,True,True,0.4733333333333334,0.21772222222222223,0.6888888888888889,True
M6_S5_R1_sma0.03_rho0.5_beta0.05,168,6,5,1,0.03,0.5,0.05,9.205079883504378e-20,0.05349992277213501,True,0.3174288272857666,6.044318454403908e-07,0.055868137863625024,0.011196478022075221,True,True,0.000979942883639672,0.0026658711715914223,0.0001800947835685056,6.922356299370316e-06,0.24233484268188477,0.05586813786362521,0.025991540876036404,0.0859142361529591,True,True,0.40444444444444444,0.13772222222222222,0.6378888888888888,True
M6_S5_R1_sma0.03_rho0.5_beta0.05,169,6,5,1,0.03,0.5,0.05,8.157373462510698e-14,0.044977946996771025,True,0.29573726654052734,0.004502459198658365,0.04458345517328341,0.01569492100218898,True,True,0.0009426726065717063,0.0026831498416751624,0.0005504571144805206,1.7074844779215368e-06,0.3141350746154785,0.04458345517328324,0.013273067964573329,0.07195721976420223,True,True,0.41111111111111115,0.11538888888888892,0.6844999999999999,True
M6_S5_R1_sma0.03_rho0.5_beta0.05,170,6,5,1,0.03,0.5,0.05,1.0833708808184903e-33,0.06772196322386481,True,0.20778727531433105,4.636293543499119e-14,0.07195879774593288,0.009541365321843229,True,True,0.0008869481223649754,0.002356337570927659,9.572333214162383e-05,2.2340705231067794e-05,0.13574671745300293,0.07195879774593286,0.04735126111886157,0.09661696697533882,True,True,0.6399999999999999,0.4042222222222222,0.8377777777777777,True
M6_S5_R1_sma0.03_rho0.5_beta0.05,171,6,5,1,0.03,0.5,0.05,3.3277469654689606e-16,0.05211823848868086,True,0.3217506408691406,3.439186562140709e-05,0.06155541549887435,0.01486038991350513,False,True,0.0010256459139730667,0.002171904233626018,0.0004573643823496007,5.750628486370008e-07,0.2434835433959961,0.06155541549887412,0.017233638297219828,0.09911687836629668,True,True,0.46222222222222226,0.1844444444444444,0.7111666666666665,True
M6_S5_R1_sma0.03_rho0.5_beta0.05,172,6,5,1,0.03,0.5,0.05,4.5436558761477906e-05,0.026921673737022856,True,0.4361093044281006,0.47371145263550163,0.01765260451949133,0.02463887441328004,True,True,0.0009103003781634416,0.0028015524299932325,0.0016391623214274482,5.481102703241219e-07,0.1663062572479248,0.01765260451949396,-0.027303641880899787,0.05812156687253588,False,True,0.2177777777777778,-0.09338888888888888,0.5177777777777777,False
M6_S5_R1_sma0.03_rho0.5_beta0.05,173,6,5,1,0.03,0.5,0.05,5.155354850546141e-22,0.052754301967000324,True,0.4035823345184326,3.4376703782381955e-06,0.054376137263657594,0.011712000317550233,True,True,0.0007821000220511082,0.0016305220994360468,0.0002550928499046661,1.5137834115431566e-06,0.16472291946411133,0.05437613726365723,0.0332707411088355,0.074976364914931,True,True,0.4666666666666666,0.2130555555555556,0.7024444444444443,True
M6_S5_R1_sma0.03_rho0.5_beta0.05,174,6,5,1,0.03,0.5,0.05,2.0271183303546692e-23,0.06370903253909903,True,0.489032506942749,0.0002575681782576215,0.05962409722090461,0.016314740938799296,True,True,0.0009529047793656534,0.0011982008712561002,0.0006079313598272631,2.0911615230061747e-05,0.14917492866516113,0.059624097220903685,0.0234481892750937,0.09433727021990994,True,True,0.5777777777777777,0.32661111111111113,0.7889999999999999,True
M6_S5_R1_sma0.03_rho0.5_beta0.05,175,6,5,1,0.03,0.5,0.05,2.840795657063998e-16,0.052308521480941665,True,0.4069046974182129,0.021111969212759624,0.038241406091952805,0.016583609216179143,True,True,0.0009509742556016447,0.0031593116503572864,0.0006348534327845103,1.7287172141229234e-06,0.3077356815338135,0.03824140609195283,-0.0032353010775410143,0.07671296376150227,False,True,0.2911111111111111,0.0130555555555556,0.5867222222222221,True
M6_S5_R1_sma0.03_rho0.5_beta0.05,176,6,5,1,0.03,0.5,0.05,5.191898878269015e-21,0.05963182095397299,True,0.4023468494415283,2.0330149283841812e-05,0.0566238420183203,0.013288133406731559,False,True,0.0010607535121276823,0.0013895657329911371,0.0003175727658797417,1.0965928428066607e-06,0.3852958679199219,0.056623842018319694,0.033459364299637626,0.084561448495292,True,True,0.5022222222222221,0.22888888888888892,0.72,True
M6_S5_R1_sma0.03_rho0.5_beta0.05,177,6,5,1,0.03,0.5,0.05,9.705295981179538e-10,0.04024333460032144,True,0.1848735809326172,0.07957855800771671,0.041735631245958256,0.02380626280303732,True,True,0.0009325365758164494,0.0028583402627586018,0.001513707130778528,1.4497704891557992e-05,0.1749248504638672,0.04173563124595828,0.009429516347765508,0.07952732169180063,True,True,0.3244444444444445,0.03766666666666664,0.5866666666666667,True
M6_S5_R1_sma0.03_rho0.5_beta0.05,178,6,5,1,0.03,0.5,0.05,2.1368720533567563e-21,0.05520156328835697,True,0.44346141815185547,0.00011750789277609449,0.05548927745406645,0.014408054618355131,True,True,0.0008121762276206285,0.0029837046697943725,0.0004603408681323976,5.399454160657785e-06,0.12909245491027832,0.055489277454067336,0.02052391265447128,0.09344657160443783,True,True,0.43999999999999995,0.17100000000000004,0.6888888888888889,True
M6_S5_R1_sma0.03_rho0.5_beta0.05,179,6,5,1,0.03,0.5,0.05,8.325972593388743e-38,0.06953369297309984,True,0.20417284965515137,4.1471433334879585e-10,0.06674185780469095,0.010681454717692378,True,True,0.0008043314909500103,0.004293642528727474,0.0001814141264683358,1.2764467077512274e-05,0.17366266250610352,0.0667418578046903,0.05050190621507155,0.08631476321208735,True,False,0.5,0.20438888888888887,0.7422222222222221,True
M6_S5_R1_sma0.03_rho0.5_beta0.05,180,6,5,1,0.03,0.5,0.05,3.788894317191375e-08,0.031249256862774147,True,0.15962767601013184,0.04901176174359306,0.024761947035682453,0.012579162388137928,True,True,0.0008492247205335675,0.001375719279605981,0.0003048610350547139,3.251665969307321e-06,0.12474679946899414,0.024761947035682703,-0.0028589714857585316,0.04756311348917177,False,False,0.30444444444444446,-5.555555555555137e-05,0.5711111111111111,False
M6_S5_R1_sma0.03_rho0.5_beta0.05,181,6,5,1,0.03,0.5,0.05,9.552557088691998e-19,0.0565126802156881,True,0.33371448516845703,6.4741452440668205e-06,0.06096663601047545,0.013517255408535659,True,True,0.0010770813307655182,0.0019975022604113812,0.00033273231518565473,2.572139579463713e-07,0.21243047714233398,0.060966636010477235,0.03422981829967428,0.08601146573465117,True,True,0.5422222222222222,0.30000000000000004,0.7533888888888889,True
M6_S5_R1_sma0.03_rho0.5_beta0.05,182,6,5,1,0.03,0.5,0.05,3.737403117235967e-26,0.06552114316115315,True,0.24289941787719727,0.02765824670538468,0.056125345488374286,0.02548719219224741,True,True,0.0008550301908824577,0.004637630033607846,0.001777784859357201,7.741643817525966e-05,0.20127058029174805,0.05612534548837308,0.012380380230183329,0.09631877165923736,True,True,0.33111111111111113,0.03322222222222228,0.6111666666666666,True
M6_S5_R1_sma0.03_rho0.5_beta0.05,183,6,5,1,0.03,0.5,0.05,3.5518965147824815e-11,0.04005742406339839,True,0.37214136123657227,0.009636848799293309,0.04051248594519917,0.015650379083110382,True,True,0.0008501659066627965,0.00044738650059711945,0.0005647699150025922,2.76331227681069e-07,0.29071640968322754,0.040512485945197296,0.014378162479423676,0.07118630294218618,True,True,0.52,0.2599444444444445,0.7444444444444445,True
M6_S5_R1_sma0.03_rho0.5_beta0.05,184,6,5,1,0.03,0.5,0.05,5.615116616338228e-16,0.04987837273971888,True,0.24587607383728027,0.0006831843711653104,0.04854487792860985,0.014293712589863446,True,True,0.0009426309553739035,0.0014611696292124402,0.000424404467730091,1.7891444449871467e-05,0.1518232822418213,0.048544877928610695,0.02188762851132031,0.07893236159329271,True,True,0.5733333333333333,0.32655555555555554,0.8067222222222221,True
M6_S5_R1_sma0.03_rho0.5_beta0.05,185,6,5,1,0.03,0.5,0.05,5.51454990993965e-22,0.05234093044809525,True,0.13501381874084473,6.095291361634888e-08,0.05238290537500856,0.009671911077269987,True,True,0.0008833573831846461,0.0028823617290005435,0.0001039661150229245,2.3186508216206208e-05,0.16634297370910645,0.05238290537500835,0.02213221513109005,0.07726689110380575,True,True,0.5111111111111111,0.22444444444444445,0.7289444444444444,True
M6_S5_R1_sma0.03_rho0.5_beta0.05,186,6,5,1,0.03,0.5,0.05,1.564735932173507e-13,0.04447999014228232,True,0.18903470039367676,0.04115044967454827,0.05008748902700729,0.0245285120251514,False,True,0.000841310431666599,0.004174634624834003,0.0016366816201707857,8.543773982769588e-06,0.33905029296875,0.050087489027010546,0.018218302984602773,0.0845875268468917,True,True,0.48,0.19555555555555554,0.720111111111111,True
M6_S5_R1_sma0.03_rho0.5_beta0.05,187,6,5,1,0.03,0.5,0.05,1.1063543236140892e-16,0.057876408579155436,True,0.43190741539001465,0.04487807692056122,0.05390076815369091,0.026872514994130594,True,True,0.000936460860822044,0.0023315289055746576,0.0019791040141647724,7.499885489822636e-08,0.2958030700683594,0.053900768153686836,0.01595279619111873,0.0952452341617974,True,True,0.4577777777777778,0.18,0.7022222222222223,True
M6_S5_R1_sma0.03_rho0.5_beta0.05,188,6,5,1,0.03,0.5,0.05,5.058623797197096e-27,0.058266188044345045,True,0.3848536014556885,1.4089947899469756e-08,0.061902372020479095,0.010913114336895968,True,True,0.0007974140717077119,0.003000737493877496,0.00019780537924894608,5.921552045436785e-06,0.22987961769104004,0.06190237202047888,0.03134003185009451,0.09235025956685679,True,True,0.4755555555555555,0.21766666666666667,0.7244999999999999,True
M6_S5_R1_sma0.03_rho0.5_beta0.05,189,6,5,1,0.03,0.5,0.05,2.855033343288374e-27,0.06415682410981556,True,0.47934460639953613,0.0003638902909087697,0.0707729749123024,0.01985230375902668,False,True,0.0009259787166678856,0.004565015032163523,0.000997146150288422,2.8403438483045187e-05,0.2784557342529297,0.07077297491230322,0.05273555808231099,0.09059842974756935,True,False,0.5355555555555556,0.28427777777777785,0.7577777777777779,True
M6_S5_R1_sma0.03_rho0.5_beta0.05,190,6,5,1,0.03,0.5,0.05,7.09488400651102e-21,0.05814153100473829,True,0.496258020401001,0.0005201930937197264,0.06269569519477874,0.018067210730878788,False,True,0.0008705695315410535,0.0017873095810966061,0.0008051584044737335,3.4175480448568113e-07,0.4612736701965332,0.06269569519477754,0.03170107688788557,0.09616026850228329,True,True,0.5,0.23099999999999998,0.74,True
M6_S5_R1_sma0.03_rho0.5_beta0.05,191,6,5,1,0.03,0.5,0.05,9.56227902509273e-08,0.027414348287605847,True,0.2777833938598633,0.0037219187037331866,0.021514662202402703,0.00741676106774609,True,True,0.000823880841624751,0.0007284260579141712,2.488658831452587e-07,1.5214554462320776e-06,0.2644023895263672,0.021514662202402477,0.004254052442001815,0.0378095388691932,True,False,0.3333333333333333,0.05333333333333329,0.5845555555555555,True
M6_S5_R1_sma0.03_rho0.5_beta0.05,192,6,5,1,0.03,0.5,0.05,1.1714560813205911e-17,0.056947400132111886,True,0.3473057746887207,0.008646369806102734,0.05033822063138582,0.019171142971217674,True,True,0.0009094564804395937,0.0012235509000796886,0.000920706872380645,1.5337647648838912e-05,0.13891315460205078,0.050338220631384684,0.017907964151150237,0.07941701349230505,True,True,0.5622222222222222,0.32655555555555554,0.7978333333333332,True
M6_S5_R1_sma0.03_rho0.5_beta0.05,193,6,5,1,0.03,0.5,0.05,6.72040071058105e-14,0.0467169321946302,True,0.5004105567932129,0.006763903544579782,0.042099949700350255,0.015545074712110205,True,True,0.0009139155489066501,0.004252837784847305,0.0005421649336339264,3.9530318826534614e-05,0.1655569076538086,0.04209994970034988,0.015494795742681628,0.06667528799130978,True,True,0.34888888888888886,0.06888888888888894,0.5934999999999998,True
M6_S5_R1_sma0.03_rho0.5_beta0.05,194,6,5,1,0.03,0.5,0.05,6.937875400742982e-22,0.05858780335590635,True,0.5003674030303955,0.00024729066334986934,0.061955640762712906,0.016904448155970312,False,True,0.0008927235162619698,0.0018596025547174138,0.0006787363991212575,6.196420601735706e-07,0.37108802795410156,0.06195564076271197,0.03384663807424693,0.08766232624128294,True,True,0.5244444444444445,0.26433333333333336,0.7644444444444445,True
M6_S5_R1_sma0.03_rho0.5_beta0.05,195,6,5,1,0.03,0.5,0.05,1.2704583681846672e-11,0.04112645020241102,True,0.45316290855407715,0.0457445821302793,0.04228702276785222,0.021167403904692916,True,True,0.0007843125847788579,0.003754423400445946,0.0011873144472373718,3.6372065716581606e-06,0.3620328903198242,0.0422870227678495,0.006253951752587649,0.08092015837893782,True,True,0.25555555555555554,-0.022277777777777754,0.5311111111111111,False
M6_S5_R1_sma0.03_rho0.5_beta0.05,196,6,5,1,0.03,0.5,0.05,2.844779969029349e-17,0.049487520796686765,True,0.30185627937316895,0.0019902837707324312,0.04590071826401379,0.014846537376587742,True,True,0.0008379493006493849,0.0014314261462014589,0.0004936691560933671,1.6506581471141613e-07,0.3689396381378174,0.04590071826401357,0.013766091160174607,0.08130693553983986,True,True,0.43111111111111106,0.15327777777777776,0.6977777777777778,True
M6_S5_R1_sma0.03_rho0.5_beta0.05,197,6,5,1,0.03,0.5,0.05,3.675511268301978e-13,0.04573492097481226,True,0.41884589195251465,0.013670733524833894,0.039601615523411904,0.01606034658047457,True,True,0.0009342703004454557,0.004671520787886328,0.0005869501367658227,7.340647834436842e-06,0.18642926216125488,0.03960161552341199,0.0036424177809289866,0.07770775334597084,True,True,0.23333333333333334,-0.07111111111111112,0.5044444444444445,False
M6_S5_R1_sma0.03_rho0.5_beta0.05,198,6,5,1,0.03,0.5,0.05,9.386119498128944e-18,0.050994083244323536,True,0.29161500930786133,9.48499711349648e-05,0.050540345977142236,0.012947768676436195,True,True,0.0009092356322079659,0.000992522058093387,0.00032108701465391676,1.629919383519333e-05,0.14717531204223633,0.05054034597714211,0.01917487194608569,0.07823613924320684,True,True,0.6111111111111112,0.34883333333333333,0.8333333333333333,True
M6_S5_R1_sma0.03_rho0.5_beta0.05,199,6,5,1,0.03,0.5,0.05,2.614971819854252e-28,0.06923783370658967,True,0.38219165802001953,0.0031865560405876406,0.059722919990321796,0.020250934772731745,True,True,0.0008936970030518903,0.0023266057233358142,0.0010515616768979738,1.9575674295907856e-07,0.346329927444458,0.059722919990322074,0.024944447995608125,0.10404603871061746,True,True,0.548888888888889,0.29550000000000004,0.7666666666666666,True
M6_S5_R1_sma0.03_rho0.5_beta0.05,200,6,5,1,0.03,0.5,0.05,2.053906180844472e-24,0.06353444057876978,True,0.41568994522094727,1.6753745452346072e-05,0.06589110777181682,0.015308312926439182,True,True,0.0009358406345757416,0.006481533895969755,0.0005158652070462072,4.545460474049005e-07,0.2967109680175781,0.06589110777181736,0.025642328951685073,0.10811843346907818,True,True,0.4066666666666667,0.131,0.6712222222222222,True
M6_S5_R1_sma0.03_rho0.5_beta0.05,201,6,5,1,0.03,0.5,0.05,6.206268762661048e-13,0.04336596646330612,True,0.38480520248413086,0.049895575751648956,0.03725562679439811,0.018999654481193617,True,True,0.0008214272132965794,0.00468551876194212,0.0009186751685549256,8.398272067675323e-06,0.21624326705932617,0.037255626794398436,0.01254952911281438,0.060253329252759225,True,True,0.24666666666666665,-0.04227777777777777,0.5156666666666666,False
M6_S5_R1_sma0.03_rho0.5_beta0.05,202,6,5,1,0.03,0.5,0.05,9.015299493836135e-14,0.0445626884123986,True,0.3961050510406494,0.004657781066193557,0.037106228798740155,0.013112690614415286,True,True,0.0009348478086218532,0.003984399546475931,0.00032885840372375453,1.1900490031959832e-05,0.16820478439331055,0.03710622879874008,0.013128952647745967,0.062244319215556905,True,True,0.34,0.06444444444444447,0.6178333333333332,True
M6_S5_R1_sma0.03_rho0.5_beta0.05,203,6,5,1,0.03,0.5,0.05,9.453745281923917e-34,0.0775867150289582,True,0.2783825397491455,0.004524026890169358,0.07851864656867613,0.027656126428826092,False,True,0.0008775647940347624,0.006061105652754536,0.002119071028334741,0.0003434722879095341,0.3254852294921875,0.07851864656867674,0.037483679171223055,0.11235614362469637,True,True,0.5644444444444445,0.2865,0.8111111111111111,True
M6_S5_R1_sma0.03_rho0.5_beta0.05,204,6,5,1,0.03,0.5,0.05,3.6085992588906595e-39,0.07100780398058876,True,0.39696526527404785,4.398051766969972e-10,0.06779840091836631,0.010866515798990922,True,True,0.0007953673547772466,0.0034291469904855123,0.00019517002587370795,1.864585808756649e-05,0.1693413257598877,0.06779840091836616,0.04637302401955502,0.0865833184770435,True,True,0.5955555555555556,0.331,0.8000555555555555,True
M6_S5_R1_sma0.03_rho0.5_beta0.05,205,6,5,1,0.03,0.5,0.05,6.602172493090823e-26,0.062101353602614345,True,0.24621200561523438,4.747995534659543e-05,0.06316934822092617,0.01552950968140974,True,True,0.0008181808023371642,0.0011318758599840007,0.0005598608523675471,1.5379355089248835e-07,0.2718851566314697,0.06316934822092729,0.028826092273879896,0.10003480905939437,True,True,0.6799999999999999,0.45766666666666667,0.8600000000000001,True
M6_S5_R1_sma0.03_rho0.5_beta0.05,206,6,5,1,0.03,0.5,0.05,2.4815091761776645e-25,0.05951111468032824,True,0.2839083671569824,5.762768372383679e-07,0.05482077008814319,0.010966342008184705,True,True,0.000900871719070249,0.0005051906110392781,0.00018060762730737716,6.761394398542699e-09,0.33594417572021484,0.054820770088142824,0.024043202044683076,0.08437051634046211,True,True,0.6711111111111112,0.4643888888888889,0.8488888888888888,True
M6_S5_R1_sma0.03_rho0.5_beta0.05,207,6,5,1,0.03,0.5,0.05,9.873507963060362e-22,0.0552444569356992,True,0.3022003173828125,1.4449084828253e-06,0.05370234309653493,0.011144552280608611,True,True,0.0009197292251076126,0.0014234825574733323,0.00018865729158413377,3.5533950980815574e-06,0.14699268341064453,0.05370234309653539,0.0223583169048067,0.08257583808486214,True,True,0.5733333333333333,0.31772222222222224,0.7800555555555555,True
M6_S5_R1_sma0.03_rho0.5_beta0.05,208,6,5,1,0.03,0.5,0.05,7.421720547688002e-06,0.03070086679185875,True,0.26467275619506836,0.2545453574641309,0.03391767763957345,0.029768580287082926,True,True,0.0009833157278367286,0.006096910919587335,0.0024618419713581486,0.0001808688413576255,0.19483232498168945,0.0339176776395741,-0.009986294621357032,0.08239403229144117,False,True,0.1866666666666667,-0.11777777777777776,0.48672222222222217,False
M6_S5_R1_sma0.03_rho0.5_beta0.05,209,6,5,1,0.03,0.5,0.05,2.0093369297113007e-12,0.04556812237263273,True,0.4160282611846924,0.027660154786537137,0.04013380664383214,0.018225466310457107,True,True,0.0009683674493406589,0.003232383929732381,0.0008028293768327133,3.6519016441420733e-07,0.3373579978942871,0.04013380664383077,-0.002514061647701835,0.07973483085932072,False,True,0.38222222222222224,0.10216666666666667,0.6357222222222222,True
M6_S5_R1_sma0.03_rho0.5_beta0.05,210,6,5,1,0.03,0.5,0.05,1.9447299995007468e-16,0.05029932538401466,True,0.42576146125793457,4.526780904322171e-05,0.057399984125493866,0.014072745768164323,False,True,0.0009485269081507673,0.0027255357307509076,0.00040442113873600903,1.07282232809337e-06,0.3046748638153076,0.05739998412549395,0.023076940475929546,0.09598695687649997,True,True,0.46222222222222226,0.19544444444444442,0.6933333333333334,True
M6_S5_R1_sma0.03_rho0.5_beta0.05,211,6,5,1,0.03,0.5,0.05,4.7169742943454125e-32,0.06654563851133252,True,0.25243067741394043,3.7479977418502124e-07,0.07609614335252068,0.014975632641626699,False,True,0.0007734355388808074,0.004637664761666473,0.0005181216112747126,5.268797806382775e-06,0.44202756881713867,0.07609614335252099,0.04109969175196882,0.11136675810821758,True,True,0.5133333333333334,0.25527777777777777,0.7377777777777779,True
M6_S5_R1_sma0.03_rho0.5_beta0.05,212,6,5,1,0.03,0.5,0.05,1.8461439886814287e-12,0.04349478593941925,True,0.30970001220703125,0.011046887212181458,0.04287851318161702,0.016873252183577204,True,True,0.0008353260240332819,0.0007128709346370942,0.0006870547129451322,6.532005833085122e-09,0.2714977264404297,0.04287851318161731,0.011315251426556684,0.0737427550049242,True,True,0.5044444444444445,0.22666666666666663,0.7422777777777776,True
M6_S5_R1_sma0.03_rho0.5_beta0.05,213,6,5,1,0.03,0.5,0.05,1.2527186105453398e-11,0.04039945046368879,True,0.5641782283782959,0.014457545106860427,0.033518488023603424,0.01370512817049084,True,True,0.0009758898325508539,0.0029642782545780087,0.000368313647998577,8.256076376787988e-06,0.38255858421325684,0.033518488023603375,0.0019061923094242234,0.0600834205841603,True,True,0.21333333333333337,-0.06900000000000005,0.4822222222222223,False
M6_S5_R1_sma0.03_rho0.5_beta0.05,214,6,5,1,0.03,0.5,0.05,1.123274786155352e-16,0.05426876525487729,True,0.5155737400054932,0.004351208661085843,0.06008756114515138,0.02107218855089176,True,True,0.000821204684329924,0.004043274326912678,0.001167870454106986,1.2161738588539371e-05,0.31111621856689453,0.06008756114515002,0.008453782292322593,0.11009668613186864,True,True,0.3644444444444444,0.07983333333333335,0.6291111111111108,True
M6_S5_R1_sma0.03_rho0.5_beta0.05,215,6,5,1,0.03,0.5,0.05,2.119426722813518e-36,0.07388161764687742,True,0.20673155784606934,1.7334505899315527e-08,0.08024755139075702,0.01423663265168045,True,True,0.0008507815352061298,0.0017454848256899635,0.0004378888207354583,4.574154397437608e-09,0.2677125930786133,0.08024755139075732,0.05184921073751971,0.1151113452653742,True,False,0.7133333333333334,0.4976666666666667,0.8756111111111111,True
M6_S5_R1_sma0.03_rho0.5_beta0.05,216,6,5,1,0.03,0.5,0.05,2.1436765599899306e-15,0.04134123573145673,True,0.2103722095489502,3.2018577211934697e-07,0.04663331800341275,0.009123821840265455,True,True,0.0007661820766575878,0.0007383170048390761,9.649595958719495e-05,2.485382397860361e-05,0.15763330459594727,0.04663331800341263,0.030142564951762256,0.06367853357043535,True,True,0.54,0.29550000000000004,0.7533888888888889,True
M6_S5_R1_sma0.03_rho0.5_beta0.05,217,6,5,1,0.03,0.5,0.05,2.2338006510318524e-19,0.04974351106244627,True,0.15701007843017578,4.3590053799770675e-08,0.04652594070999879,0.008496874917221483,True,True,0.0009430474727635706,0.000168355596776799,2.7981155524010596e-05,4.1954587655220475e-07,0.2210230827331543,0.046525940709998596,0.02115813774050081,0.07336868270137929,True,True,0.7844444444444445,0.6066666666666667,0.9199999999999999,True
M6_S5_R1_sma0.03_rho0.5_beta0.05,218,6,5,1,0.03,0.5,0.05,1.115751326309956e-19,0.04927702754123242,True,0.27414917945861816,1.546197783556809e-10,0.0559382825323265,0.008739338192834869,False,True,0.0008614332652061766,0.0011182387584780776,5.6841443104993907e-05,1.4689434773478714e-05,0.342299222946167,0.05593828253232667,0.02808516095346179,0.08364213698882349,True,True,0.6422222222222222,0.4155555555555555,0.8401111111111111,True
M6_S5_R1_sma0.03_rho0.5_beta0.05,219,6,5,1,0.03,0.5,0.05,3.15551345289345e-13,0.044922225721077805,True,0.42806077003479004,0.01933867028728231,0.04206834856296275,0.017986093785479662,True,True,0.0008538940258151621,0.0021478446132540984,0.0007997199038171725,1.5019254476738974e-06,0.3314223289489746,0.042068348562962994,0.01488112139070556,0.07097299437235552,True,True,0.32666666666666666,0.039944444444444484,0.5889444444444443,True
M6_S5_R1_sma0.03_rho0.5_beta0.05,220,6,5,1,0.03,0.5,0.05,8.5837950070493e-29,0.06781990695102336,True,0.17745590209960938,1.0096185327827825e-05,0.06369701910350463,0.014427073943216849,True,True,0.0009262689993162092,0.0016937042876478852,0.00043916758782589925,3.2596747241076285e-07,0.24640321731567383,0.06369701910350457,0.024099326649831974,0.10202302158638912,True,True,0.5800000000000001,0.34883333333333333,0.7889444444444444,True
M6_S5_R1_sma0.03_rho0.5_beta0.05,221,6,5,1,0.03,0.5,0.05,1.71298714952849e-16,0.049699151831128226,True,0.23990321159362793,0.007267818885615082,0.04126479743316821,0.015372550837081009,True,True,0.0008753918004344014,0.0018397260951553468,0.0005338675976290393,1.1196511700449005e-06,0.39078330993652344,0.0412647974331668,0.009391993318436289,0.06942701495428533,True,True,0.39999999999999997,0.13999999999999996,0.6733888888888888,True
M6_S5_R1_sma0.03_rho0.5_beta0.05,222,6,5,1,0.03,0.5,0.05,5.494175001613691e-18,0.05047367430553034,True,0.4118077754974365,0.00675718491194962,0.04393196839977034,0.016219558136138675,True,True,0.0007287487147546544,0.0023199357115892276,0.0006434724554438183,7.373666779472138e-06,0.1921825408935547,0.043931968399769004,0.008219961268944182,0.07620231172267519,True,True,0.4222222222222223,0.14438888888888887,0.6711111111111112,True
M6_S5_R1_sma0.03_rho0.5_beta0.05,223,6,5,1,0.03,0.5,0.05,1.2341797429808897e-13,0.04865251960445221,True,0.3219428062438965,0.07731178577256982,0.04964669473996599,0.028104533573379376,False,True,0.0008782116804695623,0.004193006545840553,0.0021939520860375723,1.8469368453898638e-06,0.32572102546691895,0.04964669473996785,0.009096060447119424,0.09101184210345138,True,True,0.30000000000000004,0.004333333333333368,0.5801666666666666,True
M6_S5_R1_sma0.03_rho0.5_beta0.05,224,6,5,1,0.03,0.5,0.05,7.426919925821694e-14,0.04100722138092008,True,0.25919580459594727,2.0600807477151564e-06,0.041505859424679034,0.008742788657805308,True,True,0.0008748378743019957,0.0011004997578173874,5.43414856847445e-05,5.157584632203976e-06,0.42524170875549316,0.04150585942467853,0.02177595492083108,0.06401417237296074,True,True,0.4822222222222223,0.21327777777777782,0.7111666666666665,True
M6_S5_R1_sma0.03_rho0.5_beta0.05,225,6,5,1,0.03,0.5,0.05,1.892863077338065e-18,0.05295799056676171,True,0.46912598609924316,0.00044217562126516876,0.046985618950007926,0.013372724143987026,False,True,0.0009534635765652224,0.0027106211580149265,0.00034579653778047726,1.8970189169755086e-06,0.3169128894805908,0.046985618950007815,0.01944146579494223,0.0741121936814683,True,True,0.38222222222222224,0.08650000000000001,0.6357222222222222,True
M6_S5_R1_sma0.03_rho0.5_beta0.05,226,6,5,1,0.03,0.5,0.05,1.745825637021381e-14,0.04614890885392501,True,0.23807215690612793,0.0020256376036606725,0.03887385306817879,0.012595015443567243,False,True,0.0009844482429939762,0.0014375459114194802,0.000279013593472297,2.382570358450818e-06,0.3215749263763428,0.038873853068179365,0.011405160837915002,0.06817389040552223,True,True,0.3977777777777778,0.1110555555555556,0.6555555555555554,True
M6_S5_R1_sma0.03_rho0.5_beta0.05,227,6,5,1,0.03,0.5,0.05,1.6397696928665152e-21,0.060598416863411525,True,0.3989243507385254,1.1164735919660341e-05,0.06563467266562778,0.01493974971548275,True,True,0.0010535796159826662,0.0012079602379099078,0.00045887244148725683,1.546181803390441e-07,0.3260467052459717,0.06563467266562785,0.027178982358562382,0.10246574928064395,True,True,0.5955555555555556,0.3622222222222222,0.808888888888889,True
M6_S5_R1_sma0.03_rho0.5_beta0.05,228,6,5,1,0.03,0.5,0.05,2.1214313198781407e-11,0.0454450096599132,True,0.3190751075744629,0.021428576039721883,0.04939393482831491,0.021472385482713734,True,True,0.0008310080240939602,0.005911294107639963,0.0012169884101359404,1.8209974716369335e-05,0.1914503574371338,0.04939393482831219,0.007067950017788622,0.09762147969196294,True,True,0.24,-0.06450000000000002,0.515611111111111,False
M6_S5_R1_sma0.03_rho0.5_beta0.05,229,6,5,1,0.03,0.5,0.05,3.3886867358357806e-39,0.06852165909462532,True,0.143035888671875,3.21762684716548e-15,0.06822249011514801,0.008655300930061506,True,True,0.0007978553915074339,0.0018123950296198915,6.517162426828319e-05,7.5303296915474085e-06,0.3161916732788086,0.0682224901151481,0.04678824058518589,0.09025143190585329,True,True,0.6133333333333333,0.38888888888888884,0.8023333333333332,True
M6_S5_R1_sma0.03_rho0.5_beta0.05,230,6,5,1,0.03,0.5,0.05,2.7498459323654426e-22,0.056779610020989656,True,0.2610349655151367,3.454973031805242e-05,0.05281452776354737,0.012753443357973984,True,True,0.0008750006331023775,0.0013555002908559302,0.00031295082583466903,1.1487402892895528e-06,0.26334547996520996,0.052814527763547156,0.014715813555610227,0.08806878957497546,True,True,0.5333333333333334,0.25111111111111106,0.7666666666666666,True
M6_S5_R1_sma0.03_rho0.5_beta0.05,231,6,5,1,0.03,0.5,0.05,2.79814719353381e-14,0.040788994669056104,True,0.47875189781188965,0.0767742372632438,0.03775739217194245,0.0213352669336002,False,True,0.0006717510809717388,0.003842430057986779,0.0012312306291894911,5.2673116595684674e-05,0.3354969024658203,0.03775739217194088,0.012574791511831435,0.06521380034047913,True,True,0.3733333333333333,0.09327777777777778,0.6378333333333333,True
M6_S5_R1_sma0.03_rho0.5_beta0.05,232,6,5,1,0.03,0.5,0.05,7.544840647725202e-14,0.04500756685721474,True,0.42092013359069824,2.997486868172071e-05,0.052026138593744505,0.01246535982395466,True,True,0.0009649560611967172,0.0013317161899890518,0.0002731643743826433,1.0496145904452599e-06,0.3307192325592041,0.05202613859374485,0.03435609525629501,0.06914452431617565,True,True,0.5044444444444445,0.2377777777777778,0.731111111111111,True
M6_S5_R1_sma0.03_rho0.5_beta0.05,233,6,5,1,0.03,0.5,0.05,1.9943513170509845e-13,0.04469725791001568,True,0.16390562057495117,0.016940667616061326,0.03682982474214871,0.015422920336303547,True,True,0.0009353405087769092,0.002742494096568191,0.0005265313133445117,5.979606792742461e-07,0.3940095901489258,0.03682982474214757,0.015483028114349286,0.06239257002774952,True,True,0.29777777777777775,-0.015555555555555545,0.5644444444444445,False
M6_S5_R1_sma0.03_rho0.5_beta0.05,234,6,5,1,0.03,0.5,0.05,8.34469423623264e-07,0.029415625248512222,True,0.48667001724243164,0.07526640328518115,0.028415528805211848,0.01597421260980051,True,True,0.000793612024801826,0.003000627728800705,0.0006068040005489425,1.343297203142242e-06,0.19716858863830566,0.028415528805212094,-0.003051730547818083,0.06218101639173661,False,True,0.27777777777777773,-0.020166666666666673,0.5668333333333332,False
M6_S5_R1_sma0.03_rho0.5_beta0.05,235,6,5,1,0.03,0.5,0.05,1.757463325466722e-28,0.06153756484639681,True,0.43593358993530273,2.5321145921019187e-06,0.058339296010391804,0.012398037607583224,True,True,0.0008261898995933278,0.001476135863510498,0.0002958960296384801,8.814407822090225e-06,0.21305012702941895,0.05833929601039191,0.03583731727358407,0.08544602587223596,True,True,0.54,0.30211111111111105,0.7578333333333334,True
M6_S5_R1_sma0.03_rho0.5_beta0.05,236,6,5,1,0.03,0.5,0.05,1.7573990372548943e-18,0.050006233888666395,True,0.45456504821777344,0.0009009560859670891,0.04376958675782432,0.013184572710942049,True,True,0.0007996804454416225,0.0035173318305557863,0.0003615627836220213,2.033225545159889e-05,0.1670823097229004,0.04376958675782423,0.015545031453455184,0.06647647978010253,True,True,0.4688888888888889,0.18661111111111114,0.7200555555555554,True
M6_S5_R1_sma0.03_rho0.5_beta0.05,237,6,5,1,0.03,0.5,0.05,8.845991536886473e-09,0.041390041799842396,True,0.4552764892578125,0.13843356962368294,0.04398149028814125,0.029684138559514305,False,True,0.0008540650046193926,0.004140918056245007,0.002472631245137457,3.4336830122098207e-07,0.32947802543640137,0.04398149028813784,-0.0025235132171112754,0.08800228936661256,False,True,0.2688888888888889,-0.031222222222222196,0.5578888888888888,False
M6_S5_R1_sma0.03_rho0.5_beta0.05,238,6,5,1,0.03,0.5,0.05,1.1724390018147677e-06,0.027390050460334128,True,0.3199779987335205,0.1466468918363488,0.018795767492462097,0.012949401632381315,True,True,0.0008630710267697701,0.0015646274853740882,0.00033044680255620766,2.600711425969865e-06,0.33721017837524414,0.018795767492462208,-0.006362918683714448,0.047771110816560915,False,False,0.19777777777777783,-0.10005555555555558,0.4689999999999999,False
M6_S5_R1_sma0.03_rho0.5_beta0.05,239,6,5,1,0.03,0.5,0.05,5.765050920808578e-10,0.03746308008166928,True,0.4324193000793457,0.019992941083695554,0.04034092103021709,0.017339893512827283,True,True,0.0008504547020637972,0.00176521695384237,0.0007319247806958493,6.27704473746223e-07,0.356067419052124,0.04034092103021992,0.005738960760694248,0.07541405432634309,True,True,0.3111111111111111,0.02888888888888891,0.5822777777777777,True
M6_S5_R1_sma0.03_rho0.5_beta0.05,240,6,5,1,0.03,0.5,0.05,3.687210028772264e-17,0.055784045970229394,True,0.3682289123535156,0.000343999318904984,0.06307386407382627,0.017619913305966958,True,True,0.001001517250343425,0.003496873112427069,0.0007310805846606893,4.190860059418263e-06,0.19271612167358398,0.06307386407382658,0.028513868494984506,0.09985127482853884,True,True,0.4777777777777778,0.2443888888888889,0.711111111111111,True
M6_S5_R1_sma0.03_rho0.5_beta0.05,241,6,5,1,0.03,0.5,0.05,8.619767007175859e-10,0.04105972254914519,True,0.3221709728240967,0.16122857158272086,0.03910029302133953,0.027909811675074395,False,True,0.0009685763676908253,0.0052535329956304565,0.0021431574896760945,7.351886915374527e-05,0.3198201656341553,0.03910029302133835,-0.007347887727356868,0.09212920520548003,False,True,0.2177777777777778,-0.07116666666666667,0.5178333333333331,False
M6_S5_R1_sma0.03_rho0.5_beta0.05,242,6,5,1,0.03,0.5,0.05,6.229496584474106e-38,0.07709575311110593,True,0.42985057830810547,0.0005018492523461478,0.07141253680543799,0.020522215508565454,True,True,0.0008021342172231912,0.003891935654238853,0.0011030571446953286,2.3771375148765084e-06,0.30017638206481934,0.07141253680543477,0.042987183726927176,0.10226792100672752,True,True,0.5511111111111111,0.2866666666666666,0.7644444444444445,True
M6_S5_R1_sma0.03_rho0.5_beta0.05,243,6,5,1,0.03,0.5,0.05,6.321381312077991e-29,0.06518752028881324,True,0.21937775611877441,1.4311569087319997e-05,0.06263351639861167,0.014434925854355548,True,True,0.0008322199962335671,0.001099354787446365,0.0004586572540155013,8.044807658772025e-08,0.20883584022521973,0.0626335163986112,0.039138484236490634,0.08413718068353498,True,True,0.6355555555555557,0.4088333333333333,0.8222222222222222,True
M6_S5_R1_sma0.03_rho0.5_beta0.05,244,6,5,1,0.03,0.5,0.05,2.443607859100609e-19,0.04920466468445672,True,0.22689390182495117,2.8408976312887334e-06,0.05739403232249517,0.012258444001511975,True,True,0.0008052489660061256,0.0012801769919456333,0.0002897585548133822,1.971799507219639e-06,0.3107178211212158,0.057394032322494765,0.02635189620382245,0.0854028447885468,True,True,0.6266666666666667,0.3866111111111112,0.8356111111111111,True
M6_S5_R1_sma0.03_rho0.5_beta0.05,245,6,5,1,0.03,0.5,0.05,2.1341208578942027e-06,0.028804411354094474,True,0.28166937828063965,0.09337968068047608,0.02330022839929246,0.013887095234690595,True,True,0.0009484221967851991,0.0019405853721018642,0.0003888698028150483,2.0306267094659053e-06,0.252575159072876,0.023300228399292133,-0.008588913300310167,0.06050852056151423,False,True,0.19333333333333336,-0.12894444444444444,0.480111111111111,False
M6_S5_R1_sma0.03_rho0.5_beta0.05,246,6,5,1,0.03,0.5,0.05,1.0020208145021345e-06,0.03276018828335286,True,0.2589576244354248,0.2381960711669877,0.029277824064142654,0.024822071094961512,True,True,0.0009491532140666672,0.0027754908035662962,0.001658574997516781,1.0074082965128556e-07,0.2306978702545166,0.029277824064139413,-0.0068925698488605065,0.06012217895045628,False,True,0.27555555555555555,-0.04444444444444445,0.5533333333333332,False
M6_S5_R1_sma0.03_rho0.5_beta0.05,247,6,5,1,0.03,0.5,0.05,4.180096830471956e-22,0.05306780834855995,True,0.15271401405334473,8.537822060563371e-08,0.04974345713738143,0.009288507108264118,False,True,0.0008916377713999706,0.0026949165018281254,8.050153862082399e-05,1.2599703466651466e-05,0.34580039978027344,0.04974345713738157,0.02279956403573313,0.07230665486349873,True,True,0.43333333333333335,0.16655555555555557,0.6711666666666667,True
M6_S5_R1_sma0.03_rho0.5_beta0.05,248,6,5,1,0.03,0.5,0.05,6.480970428116245e-05,0.025681854474550105,True,0.4667348861694336,0.3504482359572667,0.02275381455613623,0.024368985756899927,True,True,0.0008857904307042505,0.004591251910688925,0.0016043843143190633,2.3206962597706163e-06,0.30939173698425293,0.022753814556135878,-0.012832472775771228,0.05997303282265243,False,True,0.06444444444444447,-0.24,0.35333333333333333,False
M6_S5_R1_sma0.03_rho0.5_beta0.05,249,6,5,1,0.03,0.5,0.05,1.7249110694003216e-17,0.052939426617663266,True,0.2709782123565674,0.00025301646707803733,0.049419551156508305,0.013505608876155213,True,True,0.0010039783700513615,0.0011587993214098283,0.00034640873933676795,1.1759186357628135e-05,0.13333344459533691,0.04941955115650825,0.012557051406296269,0.08749327835111455,True,True,0.5333333333333334,0.2933333333333333,0.755611111111111,True
M6_S5_R1_sma0.03_rho0.5_beta0.05,250,6,5,1,0.03,0.5,0.05,1.2150997264613942e-21,0.052250772266878937,True,0.3294956684112549,0.0006306491721484572,0.0524668005318358,0.015349793950793904,True,True,0.0007819675217300264,0.002464599096476288,0.0005504550186494905,1.5896126344781375e-06,0.3460581302642822,0.05246680053183634,0.0259951064554831,0.07599245785360499,True,True,0.4244444444444444,0.1710555555555556,0.6755555555555555,True
M6_S5_R1_sma0.03_rho0.5_beta0.05,251,6,5,1,0.03,0.5,0.05,8.75508402932827e-10,0.03507208380521779,True,0.30280447006225586,0.014404081503667298,0.039438809858820506,0.016117043572357992,False,True,0.0007584630846885175,0.0013594775248992877,0.0006275846636021617,7.862398540628493e-07,0.3357055187225342,0.039438809858822664,0.0012613295137027505,0.07912085514412176,True,True,0.3688888888888889,0.10222222222222221,0.6289999999999999,True
M6_S5_R1_sma0.03_rho0.5_beta0.05,252,6,5,1,0.03,0.5,0.05,9.113956674279112e-19,0.0501044894116373,True,0.45110654830932617,0.0001560100459785676,0.049203500310626466,0.013012315728126344,True,True,0.0008172682366743787,0.002097566748599364,0.0003445074344904564,7.804276478183774e-06,0.17258143424987793,0.04920350031062641,0.020510601689897812,0.07892667563743483,True,True,0.4511111111111111,0.211,0.6844444444444444,True
M6_S5_R1_sma0.03_rho0.5_beta0.05,253,6,5,1,0.03,0.5,0.05,1.0377241500542141e-18,0.056752738546328,True,0.47843003273010254,0.013059796454570059,0.06615254946667894,0.02665147640361399,True,True,0.000841148044769374,0.0035962589104420483,0.001962673974523386,3.676711610660405e-05,0.2833526134490967,0.0661525494666879,0.02591074523629569,0.10237975139340127,True,True,0.46222222222222226,0.1932777777777778,0.7133888888888889,True
M6_S5_R1_sma0.03_rho0.5_beta0.05,254,6,5,1,0.03,0.5,0.05,4.540111961425778e-12,0.04492115773932715,True,0.218949556350708,0.0137484489293506,0.04447128540133728,0.01805009971729634,True,True,0.0009781877433406004,0.0013765365371511272,0.0007817807507449069,6.751134119556933e-08,0.29871654510498047,0.04447128540133718,0.011343436593017266,0.08204009254867516,True,True,0.48,0.2021666666666667,0.7133888888888889,True
M6_S5_R1_sma0.03_rho0.5_beta0.05,255,6,5,1,0.03,0.5,0.05,2.071776413237731e-08,0.031383241475374773,True,0.1254587173461914,0.17186609556529386,0.02843251957364081,0.02081089853491951,True,True,0.0007998240200194836,0.004014041358922687,0.0011393156894882763,2.9886734748948015e-05,0.33226585388183594,0.02843251957364271,-0.0017546106881563813,0.054636201881351,False,True,0.2311111111111111,-0.05127777777777776,0.5134444444444444,False
M6_S5_R1_sma0.03_rho0.5_beta0.05,256,6,5,1,0.03,0.5,0.05,3.7059236636017905e-23,0.05480380153632074,True,0.21185851097106934,4.279256820356987e-08,0.058586962999984914,0.010693155748825938,True,True,0.0008446628828294555,0.00045867899703079887,0.000174098163040053,1.2118234179187223e-05,0.16257858276367188,0.05858696299998434,0.034360592270866644,0.08058977688284595,True,True,0.7955555555555556,0.6199444444444445,0.9244999999999999,True
M6_S5_R1_sma0.03_rho0.5_beta0.05,257,6,5,1,0.03,0.5,0.05,1.1213402217493678e-06,0.031929891169088134,True,0.3446683883666992,0.056081401395935565,0.034742464298237054,0.01818593892793266,True,True,0.0010133705756533923,0.0017120554321200523,0.0007895110089407995,2.8284760882772523e-07,0.30686044692993164,0.03474246429823542,0.002474585462232471,0.06438961944353495,True,True,0.33777777777777773,0.062111111111111075,0.5778333333333332,True
M6_S5_R1_sma0.03_rho0.5_beta0.05,258,6,5,1,0.03,0.5,0.05,3.313328801710284e-09,0.0345705075254341,True,0.44910311698913574,0.12573126244845695,0.03480784588311942,0.022733075229927985,False,True,0.0008496809434757361,0.0044678064670150095,0.0013804419395335107,1.4999281773934316e-05,0.3327953815460205,0.03480784588311731,-0.001615370510139528,0.0703638512526306,False,True,0.29555555555555557,0.026555555555555513,0.5667222222222221,True
M6_S5_R1_sma0.03_rho0.5_beta0.05,259,6,5,1,0.03,0.5,0.05,1.527646312992912e-44,0.0834606792244691,True,0.4635934829711914,1.1077301557128436e-11,0.0761974032357375,0.011219093857841258,True,True,0.000995153895168115,0.0003486651244834102,0.0001785734219395323,3.695876871551329e-07,0.3760049343109131,0.07619740323573754,0.04948072165497721,0.10536693918683217,True,True,0.9333333333333333,0.8488888888888888,0.9955555555555555,True
M6_S5_R1_sma0.03_rho0.5_beta0.05,260,6,5,1,0.03,0.5,0.05,2.2638694632541554e-08,0.029086627015634713,True,0.16942811012268066,0.03430623580009272,0.025498325410253327,0.012047664898858742,False,True,0.0008125448474171365,0.0018661202003126213,0.00027292971906215177,1.0497540694440387e-05,0.3356151580810547,0.025498325410253413,0.0032576255066382306,0.044627438072802735,True,False,0.24888888888888894,-0.057888888888888865,0.5444444444444445,False
M6_S5_R1_sma0.03_rho0.5_beta0.05,261,6,5,1,0.03,0.5,0.05,4.407076880452365e-19,0.04992835435322931,True,0.315631628036499,9.342430591689476e-06,0.052726252233867614,0.011897097298342282,False,True,0.0008767125260615385,0.002033671065126237,0.00024928026716636244,5.846369606508231e-06,0.38851332664489746,0.05272625223386772,0.02743911495191839,0.08128271647393971,True,True,0.4688888888888889,0.19999999999999996,0.7022222222222223,True
M6_S5_R1_sma0.03_rho0.5_beta0.05,262,6,5,1,0.03,0.5,0.05,8.744981316194688e-29,0.06573906601226294,True,0.39153194427490234,1.936179707032006e-06,0.06613369990939684,0.013893710540815835,True,True,0.0008708240025944277,0.0014221247250741974,0.0004049407772570587,2.68778976084592e-07,0.2143549919128418,0.066133699909396,0.03882624230049125,0.09416051934531498,True,True,0.6177777777777778,0.3553888888888889,0.8178333333333332,True
M6_S5_R1_sma0.03_rho0.5_beta0.05,263,6,5,1,0.03,0.5,0.05,1.0437662766388655e-18,0.05839493815572343,True,0.29063868522644043,0.010207307235829828,0.055564803300377386,0.021631267443724043,True,True,0.0009791757248947285,0.002657657694556807,0.0012079000486868402,3.722485737323591e-07,0.25301146507263184,0.055564803300376935,0.019533726849629788,0.09376513356734588,True,True,0.4688888888888889,0.1688333333333333,0.7111666666666665,True
M6_S5_R1_sma0.03_rho0.5_beta0.05,264,6,5,1,0.03,0.5,0.05,3.2076738312681964e-24,0.0618648852331977,True,0.3924593925476074,0.00011118218897044623,0.06583528328213911,0.01703460859820917,True,True,0.000815352275451923,0.004353024299061532,0.0007074632151921561,4.200518639726709e-06,0.16974091529846191,0.06583528328213882,0.038305558743685755,0.09277705787973566,True,True,0.45333333333333337,0.17100000000000004,0.7022777777777778,True
M6_S5_R1_sma0.03_rho0.5_beta0.05,265,6,5,1,0.03,0.5,0.05,1.023300225351037e-18,0.05207012609546492,True,0.2538790702819824,0.00026180957296051025,0.04926979632824007,0.013497013007121307,True,True,0.0008836223578120746,0.001723723579912468,0.00036978360878078814,9.668054767383147e-07,0.2208390235900879,0.049269796328239905,0.022539506556824556,0.07991291709322068,True,True,0.4577777777777778,0.19777777777777783,0.7044444444444444,True
M6_S5_R1_sma0.03_rho0.5_beta0.05,266,6,5,1,0.03,0.5,0.05,6.22559631537052e-11,0.03948292845136401,True,0.4109013080596924,0.004413411436453341,0.03992986667024476,0.014025269668393278,True,True,0.0009349635118598387,0.0015411327465514044,0.0004031318654414942,5.3579661608927e-07,0.33175158500671387,0.03992986667024507,0.008550192646737887,0.0680184787905367,True,True,0.4288888888888889,0.14222222222222225,0.6933888888888888,True
M6_S5_R1_sma0.03_rho0.5_beta0.05,267,6,5,1,0.03,0.5,0.05,6.407271900271342e-28,0.06365097549626705,True,0.41710710525512695,4.435635928129409e-12,0.072133466538151,0.010420061224058237,False,True,0.0009362958346441282,0.0002664364432777682,0.0001384738608105415,0.00021939781239750279,0.30916547775268555,0.07213346653815123,0.049356519643281624,0.09513527788861983,True,True,0.8666666666666667,0.7288333333333333,0.9600555555555554,True
M6_S5_R1_sma0.03_rho0.5_beta0.05,268,6,5,1,0.03,0.5,0.05,3.27136583389715e-27,0.06678434851813599,True,0.280393123626709,0.0036565627060666027,0.06338599093987805,0.021809380892752687,True,True,0.0009505059750819181,0.0035427157770360897,0.001236846089759083,3.849913489906732e-07,0.30713796615600586,0.06338599093987572,0.0336583576078615,0.0991088578602377,True,True,0.5266666666666666,0.2443888888888889,0.7466666666666666,True
M6_S5_R1_sma0.03_rho0.5_beta0.05,269,6,5,1,0.03,0.5,0.05,8.148639669284522e-14,0.045165063326394105,True,0.40334630012512207,0.00665807185749681,0.04163106861148895,0.015342320063390284,True,True,0.0008507340343989938,0.0003561442226438975,0.0005360135479027327,7.268587643359757e-07,0.30265212059020996,0.04163106861148898,0.012212684355057226,0.0734494054842939,True,True,0.6666666666666667,0.45333333333333337,0.8622777777777777,True
M6_S5_R1_sma0.03_rho0.5_beta0.05,270,6,5,1,0.03,0.5,0.05,1.527524553148575e-16,0.04947543964143713,True,0.22443652153015137,4.1304708776127264e-07,0.05062174415521857,0.009998676774811296,True,True,0.0010124392564421218,0.0011892434293353511,9.743276045302358e-05,1.102207551260776e-05,0.3461155891418457,0.05062174415521867,0.02068219051241505,0.07969025313909199,True,True,0.5133333333333334,0.24883333333333338,0.755611111111111,True
M6_S5_R1_sma0.03_rho0.5_beta0.05,271,6,5,1,0.03,0.5,0.05,5.250513096778811e-19,0.05167914803833243,True,0.4447810649871826,0.002181821722736208,0.04604585468745004,0.015026563785512584,True,True,0.0007958511223146098,0.0022468568820053687,0.0005182226331373048,4.2788976364473796e-07,0.23329544067382812,0.04604585468744835,0.024027092145935323,0.06603970757417651,True,True,0.3844444444444444,0.10888888888888887,0.6377777777777778,True
M6_S5_R1_sma0.03_rho0.5_beta0.05,272,6,5,1,0.03,0.5,0.05,1.2659024067396469e-14,0.056345106331242546,True,0.37962937355041504,0.020518108532598334,0.06524141450642572,0.028160916913365742,True,True,0.0009372327848713466,0.003369651807848913,0.0021916651672300746,2.2426382043900036e-06,0.27587294578552246,0.06524141450641983,0.02063566716897213,0.10596576208983328,True,True,0.40444444444444444,0.1355555555555556,0.6468333333333333,True
M6_S5_R1_sma0.03_rho0.5_beta0.05,273,6,5,1,0.03,0.5,0.05,5.308718566131492e-29,0.06352602546049212,True,0.172529935836792,5.9187820145529e-10,0.06973792365544518,0.011261532270489163,True,True,0.0008798705936963896,0.0015521026250033077,0.00020449220849852418,1.7809628406403555e-05,0.14332818984985352,0.06973792365544483,0.044181654485074474,0.09356048914374616,True,True,0.7155555555555555,0.506611111111111,0.8844999999999998,True
M6_S5_R1_sma0.03_rho0.5_beta0.05,274,6,5,1,0.03,0.5,0.05,4.50488507603745e-17,0.05116973791713422,True,0.3136415481567383,6.037266600710549e-05,0.047409394092198416,0.011818814207970025,False,True,0.0009345146513193628,0.009346357087029241,0.00023215017758366832,3.6778326739745726e-05,0.3526573181152344,0.04740939409219798,0.017203020785494308,0.08288082920916388,True,True,0.30444444444444446,0.019944444444444463,0.5756111111111111,True
M6_S5_R1_sma0.03_rho0.5_beta0.05,275,6,5,1,0.03,0.5,0.05,4.574196893134718e-09,0.03942052380629957,True,0.4022336006164551,0.09391633249509891,0.032277730183966936,0.01926923711193334,True,True,0.0009405878080464436,0.0014850500771501282,0.0009257929350183511,1.3170013975528348e-05,0.15308594703674316,0.0322777301839651,-0.0036209761494511838,0.059891376837271956,False,True,0.34888888888888886,0.0733333333333333,0.6177777777777778,True
M6_S5_R1_sma0.03_rho0.5_beta0.05,276,6,5,1,0.03,0.5,0.05,1.5852250186671665e-29,0.0649491813945612,True,0.4445810317993164,8.875027967347165e-08,0.06198868806942586,0.011590203617455963,True,True,0.0008755984101396679,0.0027447223634456666,0.00022787877765432997,1.9751305377545182e-05,0.16194653511047363,0.06198868806942611,0.04461888164373385,0.08051362902754451,True,True,0.5844444444444445,0.3509444444444445,0.7955555555555556,True
M6_S5_R1_sma0.03_rho0.5_beta0.05,277,6,5,1,0.03,0.5,0.05,6.823168256846476e-23,0.05893735520191811,True,0.3949437141418457,0.008939349801227325,0.05404443724693773,0.02067210915672764,True,True,0.0009321951083755174,0.00458329324499673,0.0010955692692879034,3.931979971473201e-05,0.29494380950927734,0.05404443724693861,0.026570310470692717,0.07886303254952853,True,True,0.3977777777777778,0.12216666666666669,0.6511111111111112,True
M6_S5_R1_sma0.03_rho0.5_beta0.05,278,6,5,1,0.03,0.5,0.05,4.342941965868357e-38,0.07327439457602565,True,0.17302155494689941,3.574164163747774e-09,0.07289026944218802,0.01234845453187496,True,True,0.0008258132768558169,0.0014953244802579531,0.00029229033260619227,6.58308991164593e-06,0.1597299575805664,0.07289026944218671,0.048675898304294626,0.0980036396665569,True,True,0.6622222222222223,0.4332777777777778,0.8444444444444446,True
M6_S5_R1_sma0.03_rho0.5_beta0.05,279,6,5,1,0.03,0.5,0.05,1.7061023879676333e-18,0.056350221400157614,True,0.20667004585266113,0.0017884329547218202,0.05294829530218951,0.016952747620343277,True,True,0.000995864076823075,0.0014094294187089716,0.0006630141402725594,1.7029712967112564e-07,0.21441173553466797,0.052948295302190806,0.018344625452355857,0.08547364106314241,True,True,0.4488888888888889,0.17994444444444443,0.6933888888888888,True
M6_S5_R1_sma0.03_rho0.5_beta0.05,280,6,5,1,0.03,0.5,0.05,3.8954709381949235e-16,0.05130748370702926,True,0.27856898307800293,0.01005814399332764,0.04426434412146524,0.017197891191701474,True,True,0.0008648874009071656,0.005792957570836299,0.0007143249041433583,4.4585992578120125e-06,0.20086193084716797,0.04426434412146485,0.0067338419023503,0.07812004467026563,True,True,0.3355555555555556,0.06877777777777784,0.6067222222222222,True
M6_S5_R1_sma0.03_rho0.5_beta0.05,281,6,5,1,0.03,0.5,0.05,2.5829565466115528e-17,0.05497758943914277,True,0.4093739986419678,0.044684656923523684,0.055593131727457785,0.027691188632274242,True,True,0.0008713867820907694,0.00448390017388236,0.002126128427186406,0.00015757785891871225,0.33519887924194336,0.055593131727457994,0.019054660250475745,0.09480205986315131,True,True,0.3844444444444444,0.10650000000000003,0.6311666666666667,True
M6_S5_R1_sma0.03_rho0.5_beta0.05,282,6,5,1,0.03,0.5,0.05,5.782769239677921e-06,0.023851573653116423,True,0.39081501960754395,0.013265598691058882,0.02450510594117636,0.009894823277163213,True,True,0.0007691444973023543,0.0010518835798015175,0.0001398936835983996,2.509635004286216e-07,0.23419833183288574,0.024505105941176754,-0.0052579300075355885,0.05106290100076827,False,True,0.2822222222222222,0.004444444444444473,0.5666666666666667,True
M6_S5_R1_sma0.03_rho0.5_beta0.05,283,6,5,1,0.03,0.5,0.05,2.035826893543954e-31,0.07369788666583428,True,0.41335511207580566,0.005475861770574893,0.06731758577348336,0.02423570754621258,True,True,0.0009192847831322467,0.004196631371104586,0.0015782516041702025,1.1559156673880059e-05,0.21156573295593262,0.06731758577348294,0.031222796049316645,0.10452477804431715,True,True,0.5066666666666666,0.2776666666666666,0.7223333333333333,True
M6_S5_R1_sma0.03_rho0.5_beta0.05,284,6,5,1,0.03,0.5,0.05,6.717646790031439e-16,0.047749668044355285,True,0.24293279647827148,0.009989169994501064,0.03905355278856589,0.015159340334059003,True,True,0.000815400182863424,0.0021395017047291837,0.0005263367615188087,1.316661673657019e-05,0.16432738304138184,0.03905355278856643,0.012351718251335655,0.06993822775710246,True,True,0.4733333333333334,0.211,0.7244444444444444,True
M6_S5_R1_sma0.03_rho0.5_beta0.05,285,6,5,1,0.03,0.5,0.05,2.256611956620616e-19,0.04934610942209098,True,0.2877016067504883,9.127656743936323e-07,0.05238571646880323,0.010670124321836767,True,True,0.0008579664088302258,0.0012079071913099401,0.0001699613773643125,1.768482794822209e-06,0.3657493591308594,0.05238571646880322,0.029706387595553777,0.07630445336365448,True,True,0.6066666666666667,0.37544444444444447,0.8155555555555556,True
M6_S5_R1_sma0.03_rho0.5_beta0.05,286,6,5,1,0.03,0.5,0.05,1.0330467985990968e-24,0.06532805100953752,True,0.2393639087677002,0.00011964241382066086,0.06668725062255476,0.017335512764072462,True,True,0.0009811670614530298,0.0018981692778564875,0.0007053265960893591,5.95366066330149e-07,0.41965627670288086,0.06668725062255425,0.03492953162761011,0.09640761680826014,True,True,0.548888888888889,0.2776111111111111,0.7622777777777776,True
M6_S5_R1_sma0.03_rho0.5_beta0.05,287,6,5,1,0.03,0.5,0.05,3.1729531269434224e-09,0.03659212148084551,True,0.17565226554870605,0.018652974511115153,0.052157862317675566,0.022172241843584482,False,True,0.0010113151755614623,0.005240372068900233,0.0012725618899989378,3.156828969424982e-05,0.3248898983001709,0.05215786231767747,0.02476309183352632,0.07728669554180799,True,True,0.41111111111111115,0.13094444444444447,0.6711111111111112,True
M6_S5_R1_sma0.03_rho0.5_beta0.05,288,6,5,1,0.03,0.5,0.05,2.072479377325726e-19,0.05379445598055804,True,0.26556921005249023,2.6253434267212756e-07,0.06314703654179395,0.012265058911470825,True,True,0.0009314856372824102,0.0040484713393391415,0.0002649978828490717,2.0693332660853562e-05,0.19720125198364258,0.06314703654179445,0.027346344831547693,0.09747615592376319,True,True,0.5,0.23333333333333334,0.7222222222222223,True
M6_S5_R1_sma0.03_rho0.5_beta0.05,289,6,5,1,0.03,0.5,0.05,3.9980277383059017e-10,0.0372256244881426,True,0.29332542419433594,0.0035712713256973723,0.03768929596128195,0.012935023415207076,True,True,0.0008871003933004648,0.0014437209770279732,0.0003245244135957759,6.096685556800423e-05,0.1632080078125,0.037689295961282045,0.0060018404735249385,0.0662820826263007,True,True,0.4288888888888889,0.14444444444444443,0.6933333333333334,True
M6_S5_R1_sma0.03_rho0.5_beta0.05,290,6,5,1,0.03,0.5,0.05,3.0331074041092127e-12,0.04382167762015648,True,0.4210183620452881,0.10164815292120362,0.030429457951893987,0.018589511967230406,True,True,0.0009650479779843244,0.002864856882534524,0.0008437002699425069,1.0691756839789417e-06,0.24441957473754883,0.030429457951894102,0.00276950146050227,0.0649545180243617,True,True,0.19333333333333336,-0.0956111111111111,0.46222222222222226,False
M6_S5_R1_sma0.03_rho0.5_beta0.05,291,6,5,1,0.03,0.5,0.05,3.846912349567333e-10,0.03931997336931422,True,0.3530271053314209,0.019556643977322916,0.035221953139168316,0.015085983141991003,True,True,0.0009710017394526531,0.0031721198965387804,0.0004885603141907896,5.1691098142782076e-06,0.14316797256469727,0.03522195313916923,0.0015949349312481943,0.06723976397563601,True,True,0.27555555555555555,-0.07111111111111112,0.5667222222222221,False
M6_S5_R1_sma0.03_rho0.5_beta0.05,292,6,5,1,0.03,0.5,0.05,3.378161322441882e-18,0.04916534380647261,True,0.16055011749267578,0.0005827128386899251,0.04136598932009256,0.012026619998345648,True,True,0.0008594927796401424,0.0014856542261491587,0.0002620202098257964,3.0763453978723744e-05,0.1437838077545166,0.04136598932009284,0.01614467628850525,0.06467529941672949,True,True,0.5355555555555556,0.25777777777777783,0.7712777777777776,True
M6_S5_R1_sma0.03_rho0.5_beta0.05,293,6,5,1,0.03,0.5,0.05,9.538905106824159e-27,0.06886526913877514,True,0.33594274520874023,0.018023335035582226,0.06193483225604709,0.02618655750821131,True,True,0.0008483513208489281,0.003958645793491532,0.001887537118222765,4.3343543311406024e-07,0.3023834228515625,0.06193483225604494,0.026636339084224286,0.09916512070340155,True,True,0.43555555555555553,0.1710555555555556,0.6867222222222222,True
M6_S5_R1_sma0.03_rho0.5_beta0.05,294,6,5,1,0.03,0.5,0.05,6.770434584849302e-23,0.056244650745817,True,0.2436082363128662,2.3637240450070505e-07,0.04684562399593556,0.00906422311441078,False,True,0.0009026561501037166,0.0005595601799461575,6.594919198271083e-05,0.00016722164194753937,0.42100071907043457,0.0468456239959353,0.019013947184822317,0.06854094362671785,True,True,0.6111111111111112,0.37999999999999995,0.8289444444444443,True
M6_S5_R1_sma0.03_rho0.5_beta0.05,295,6,5,1,0.03,0.5,0.05,7.64134923327663e-23,0.05430159295399229,True,0.13883090019226074,2.712437325372872e-08,0.050893278028529616,0.009155028077596957,True,True,0.0008801869404952267,0.0026631282208801773,7.540622920572077e-05,6.296676544537213e-06,0.17286896705627441,0.05089327802852914,0.030954501800186152,0.06780057290263358,True,True,0.4955555555555555,0.2221666666666667,0.7223888888888889,True
M6_S5_R1_sma0.03_rho0.5_beta0.05,296,6,5,1,0.03,0.5,0.05,1.1855329345960499e-19,0.052649333689964196,True,0.197418212890625,5.737481342989704e-05,0.05347850739972791,0.013292016723228885,True,True,0.0008377832936468055,0.004148910648952698,0.000362476466982439,1.7263681102171543e-05,0.1666860580444336,0.0534785073997278,0.024987068853597732,0.07974183447163657,True,True,0.3688888888888889,0.06872222222222228,0.6111666666666666,True
M6_S5_R1_sma0.03_rho0.5_beta0.05,297,6,5,1,0.03,0.5,0.05,5.4338762464015173e-14,0.04043777486891449,True,0.15524840354919434,0.000855845073555798,0.042102115170744824,0.012627836301974301,True,True,0.0007913955105749238,0.0016282261252235284,0.0003201076468934021,1.1691150483622871e-06,0.2935185432434082,0.042102115170745566,0.01465258848529358,0.06508346874599795,True,True,0.4577777777777778,0.1910555555555555,0.72,True
M6_S5_R1_sma0.03_rho0.5_beta0.05,298,6,5,1,0.03,0.5,0.05,3.289099036347447e-17,0.05035012831145436,True,0.4240097999572754,9.434376341310968e-05,0.055558774911818244,0.014228705584932657,True,True,0.0008826914276860758,0.0015089036875586158,0.0004308299023308577,1.1656459689615666e-06,0.10994482040405273,0.05555877491181827,0.027877569256043837,0.08349596436746179,True,True,0.5866666666666667,0.34877777777777774,0.7911666666666666,True
M6_S5_R1_sma0.03_rho0.5_beta0.05,299,6,5,1,0.03,0.5,0.05,3.9233372102220474e-39,0.08256184590118382,True,0.4115266799926758,0.0018503991018656322,0.08091072855676806,0.025989161768341644,False,True,0.0009459412509612355,0.0049605523954499,0.0018371213380708167,4.703250276152174e-06,0.23106861114501953,0.08091072855676663,0.048610585345164395,0.10981994905724185,True,True,0.6422222222222222,0.3821666666666667,0.8667222222222222,True
