cond,i,M,S,R,s_ma,rho,beta,shared,e1_p,e1_coef,e1_se,e1_converged,e1_ok,e1_scale,e1_vc_model,e1_vc_model_arm,e1_vc_path,t_e1,e1b_p,e1b_coef,e1b_se,e1b_converged,e1b_ok,e1b_method,e1b_llf_gap,t_e1b,e1a_p,e1a_coef,e1a_se,e1a_converged,e1a_ok,e1a_method,e1a_llf_gap,e1a_vc_model,e1a_vc_path,e1a_vc_persona_path,t_e1a,e2_est,e2_lo,e2_hi,e2_reject,e2_covers
M3_S19_R1_sma0.03_rho0.0_beta0.0_shared,0,3,19,1,0.03,0.0,0.0,True,0.8519936964421609,-0.001904336720154764,0.010206804050312641,True,True,0.0025074076653199885,0.0016355359816968762,2.429944889169443e-05,0.000878103104408721,5.483967065811157,0.8519933844956254,-0.0019043367201549376,0.010206782286551397,True,True,powell,1.476564648328349e-08,1.1334865093231201,0.8300691273017455,-0.0019043367201543014,0.00887335582554849,True,True,lbfgs,-0.0004695350360179873,8.957962307969745e-05,1.8860787273893303e-05,0.0007953333161248883,2.036534309387207,-0.001904336720154979,-0.018319659254125882,0.016162905613202397,False,True
M3_S19_R1_sma0.03_rho0.0_beta0.0_shared,1,3,19,1,0.03,0.0,0.0,True,0.7754301373159667,-0.012680203579925503,0.04444837623560089,True,True,0.00291835087593274,0.0010365266305414473,0.0028098898104492987,0.0012993989698012788,5.288000106811523,0.7754301373159667,-0.012680203579925503,0.04444837623560089,True,True,lbfgs,-0.00012161424365331186,0.7969286441802979,0.774261861239175,-0.012680203579929342,0.04421197916681088,True,True,lbfgs,-0.0002625586774911426,0.0056653714265324255,5.160987515521457e-05,0.0010903028724736615,1.8235936164855957,-0.012680203579938338,-0.06965058381736025,0.07570245079424433,False,True
M3_S19_R1_sma0.03_rho0.0_beta0.0_shared,2,3,19,1,0.03,0.0,0.0,True,0.324410896477771,-0.009999186918283337,0.010146987121707899,True,True,0.0028337519554512192,0.0013288976464165504,5.297181711568058e-06,0.0009791042382030681,5.856775522232056,0.3152071608685164,-0.009999186918284613,0.00995582164531335,True,True,powell,0.1970345572071892,1.4484376907348633,0.252572468161145,-0.009999186918284723,0.008739605355743002,True,True,lbfgs,-0.0005293210808758886,5.5302891696272e-06,0.00020719308761391476,0.0010889020052617289,2.209815263748169,-0.009999186918283765,-0.027136977846216364,0.009509699661450294,False,True
M3_S19_R1_sma0.03_rho0.0_beta0.0_shared,3,3,19,1,0.03,0.0,0.0,True,0.5079758477729797,-0.008322175407542468,0.012571399020919565,True,True,0.0022124771523176568,0.0004610681601382791,0.00012061394410331394,0.0008919193584246653,6.1180901527404785,0.366944535992311,-0.008322175407542194,0.0092241958378719,True,True,powell,0.8837594969550082,1.8182392120361328,0.3351386072501271,-0.008322175407541871,0.008634617711370474,True,True,lbfgs,-0.0003236552039425078,5.840382935581712e-05,3.204303703116343e-05,0.0008883507958511351,2.0456485748291016,-0.008322175407542452,-0.027385668866776,0.0118039775734693,False,True
M3_S19_R1_sma0.03_rho0.0_beta0.0_shared,4,3,19,1,0.03,0.0,0.0,True,0.16939205794966394,0.02195650518599712,0.015978130173688706,True,True,0.002079185279431116,0.0003956128731270938,0.00027352016159042645,0.0007383051262680133,5.502171993255615,0.16939205794966394,0.02195650518599712,0.015978130173688706,True,True,lbfgs,-0.003779631409997819,1.0062041282653809,0.16207191361583462,0.021956505185968415,0.015704115036260787,True,True,lbfgs,-1.682449692452792e-06,0.0005808236606490683,6.782664987231888e-05,0.0008355059517062366,2.0353386402130127,0.021956505185996258,-0.005636952763182987,0.053605812361956065,False,True
M3_S19_R1_sma0.03_rho0.0_beta0.0_shared,5,3,19,1,0.03,0.0,0.0,True,0.8798967808964562,-0.0033707214100030117,0.022307875252484427,True,True,0.0027149772473443754,5.098346273029075e-05,0.0006035684080866941,0.0012914177328521587,6.097297668457031,0.8821469260145214,-0.0033707214100052573,0.02273702030882707,True,True,powell,0.07413218691635848,1.6475799083709717,0.8978522915767626,-0.0033707214100233,0.026256856598426664,True,True,powell,0.1791013803945134,0.001897377686694478,6.015760591515229e-14,0.0009760281401826075,3.2589378356933594,-0.0033707214100041592,-0.052029200729533466,0.03441317709789774,False,True
M3_S19_R1_sma0.03_rho0.0_beta0.0_shared,6,3,19,1,0.03,0.0,0.0,True,0.21626447258749903,-0.03256238609940236,0.026333844076330236,True,True,0.003049890166555119,1.2009228253767187e-11,0.0008796864806728975,0.001176543493978043,5.352673053741455,0.2162365808697545,-0.03256238609940262,0.026332245046017996,True,True,powell,3.705804374476429e-08,0.8229866027832031,0.2286967214815162,-0.03256238609945507,0.027051398401287306,True,True,lbfgs,-1.3952163726571598e-06,0.002001959418367351,7.824430013140625e-05,0.0010338631521896442,1.8121387958526611,-0.03256238609940345,-0.0865704017831284,0.003458457876287567,False,True
M3_S19_R1_sma0.03_rho0.0_beta0.0_shared,7,3,19,1,0.03,0.0,0.0,True,0.7688285966253706,-0.017324179268298944,0.058944327779060654,True,True,0.00272771944566375,0.0001675621855223852,0.005068086484634757,0.0007401630774177806,0.4249558448791504,0.7688285966253706,-0.017324179268298944,0.058944327779060654,True,True,lbfgs,-0.0023197567913939565,0.7909145355224609,0.7697606879997874,-0.017324179268010054,0.05918993176809344,True,True,lbfgs,-0.0003317897578654083,0.010295866884193827,3.0945180125309656e-05,0.0012112255861001877,1.9264771938323975,-0.017324179268320892,-0.10910752210325474,0.08040044422882489,False,True
M3_S19_R1_sma0.03_rho0.0_beta0.0_shared,8,3,19,1,0.03,0.0,0.0,True,0.4674461237358125,0.019691634303349113,0.027099549812959103,True,True,0.002785263545008777,5.8522883291264145e-12,0.0009549855819391289,0.0008883940014711275,0.3903498649597168,0.4674461237358125,0.019691634303349113,0.027099549812959103,True,True,lbfgs,-7.633389031980187e-09,0.7543623447418213,0.5130503459243536,0.019691634303264163,0.030105141162431775,True,True,lbfgs,-3.3901483561749046e-05,0.0025612320929926107,0.0002578803160392976,0.0006286622388451592,1.3972060680389404,0.019691634303350854,-0.035683649865333,0.06567297952094682,False,True
M3_S19_R1_sma0.03_rho0.0_beta0.0_shared,9,3,19,1,0.03,0.0,0.0,True,0.7490610694119878,-0.006206503608053855,0.01940274135414459,True,True,0.0024535559271016507,0.0008225589739517813,0.0004355650356046873,0.0005895173436553143,0.3867931365966797,0.7490610694119878,-0.006206503608053855,0.01940274135414459,True,True,lbfgs,-3.066146746277809e-06,1.1532936096191406,0.7425050865489062,-0.00620650360806219,0.01889129365332512,True,True,powell,2.758402501967794e-06,0.0009121142775845095,0.00016107301688846816,0.0007486931549187712,1.8205461502075195,-0.00620650360805314,-0.034524178077854024,0.025812633261596826,False,True
M3_S19_R1_sma0.03_rho0.0_beta0.0_shared,10,3,19,1,0.03,0.0,0.0,True,0.3614887566050716,0.01919391936441649,0.02103369563169046,True,True,0.00232411536438267,0.00015624524132244015,0.0005413026666066424,0.0008957827245897211,0.44157862663269043,0.3614887566050716,0.01919391936441649,0.02103369563169046,True,True,lbfgs,-0.01635877353919568,0.8663642406463623,0.34875871402386116,0.019193919364392745,0.020484445657357884,True,True,lbfgs,,0.0011201326240059214,1.617978569141751e-05,0.0007326146789381635,1.224283218383789,0.01919391936441987,-0.006525204658438783,0.05109802719509888,False,True
M3_S19_R1_sma0.03_rho0.0_beta0.0_shared,11,3,19,1,0.03,0.0,0.0,True,0.5492664941651667,-0.010452712847137393,0.017454362133883,True,True,0.0029972334529046033,0.005190124782127789,0.00029923300715085476,0.0009123162207458341,0.4356846809387207,0.5492664941651667,-0.010452712847137393,0.017454362133883,True,True,lbfgs,-1.2993084510526387e-06,0.8414502143859863,0.5226634400791916,-0.010452712847131167,0.01635164887170938,True,True,powell,2.936574219347676e-07,0.0006476660881383665,0.0001100456078925436,0.0007615229993532207,1.8125801086425781,-0.010452712847137639,-0.03668934832838538,0.015681259364054137,False,True
M3_S19_R1_sma0.03_rho0.0_beta0.0_shared,12,3,19,1,0.03,0.0,0.0,True,0.1336946207596492,-0.02392716319090707,0.015954735279166403,True,True,0.002361696795906878,0.0016580807053883607,0.00025753053537888755,0.0011422256475777319,0.4549708366394043,0.1336946207596492,-0.02392716319090707,0.015954735279166403,True,True,lbfgs,-1.8261093828186858e-06,1.045917272567749,0.1089908405937481,-0.023927163190888605,0.014928859452764728,True,True,lbfgs,-0.00013451950815124292,0.000553501202992415,2.4387209277991362e-05,0.000597958259646019,1.886939287185669,-0.023927163190907392,-0.05328633564071647,0.0038604472387707817,False,True
M3_S19_R1_sma0.03_rho0.0_beta0.0_shared,13,3,19,1,0.03,0.0,0.0,True,0.13456085733166517,-0.044000131426250734,0.029404851237536,True,True,0.0027459868108767583,0.0024723560812649715,0.0011524422928273835,0.0006824448228855334,0.3843810558319092,0.13456085733166517,-0.044000131426250734,0.029404851237536,True,True,lbfgs,-0.0003444647600190365,0.7100348472595215,0.12760608738835813,-0.044000131426197214,0.028878861792842936,True,True,lbfgs,-3.1371139357361244e-06,0.0023504502171597195,2.2061591628412555e-05,0.0008444367685883411,1.9650115966796875,-0.04400013142625106,-0.08989956330541864,-0.00408991484143113,True,False
M3_S19_R1_sma0.03_rho0.0_beta0.0_shared,14,3,19,1,0.03,0.0,0.0,True,0.9291268111657948,-0.0045322711254071795,0.0509567426327024,True,True,0.002479147236329946,0.00453537120516055,0.003764402996112274,0.0011373031591374947,0.33427882194519043,0.92913539297468,-0.004532271125401755,0.050962929867092215,True,True,powell,2.6044051537610358e-06,0.7046825885772705,0.9288882564741932,-0.004532271125396807,0.05078534857559011,True,True,lbfgs,-0.0006089595771072709,0.007571916885466813,4.362766662670242e-06,0.0009294456545130771,1.9613499641418457,-0.004532271125406716,-0.09624785056432207,0.06936914005592842,False,True
M3_S19_R1_sma0.03_rho0.0_beta0.0_shared,15,3,19,1,0.03,0.0,0.0,True,0.22991692199671343,0.027714843197958253,0.0230846818245631,True,True,0.002403968573759537,0.00037187663198363837,0.0006728291406351907,0.0008747691890620251,0.4049842357635498,0.22991692199671343,0.027714843197958253,0.0230846818245631,True,True,lbfgs,-0.03827198599356052,0.7941722869873047,0.22452889563599443,0.02771484319798876,0.02281858516791057,True,True,lbfgs,-1.8220127913082251e-06,0.001384830517147944,0.00010510675127892073,0.0009281823732474018,1.8456690311431885,0.027714843197959957,-0.0157163691330612,0.0640978514493153,False,True
M3_S19_R1_sma0.03_rho0.0_beta0.0_shared,16,3,19,1,0.03,0.0,0.0,True,0.06075215371152473,0.017257020970417723,0.009202296791658408,True,True,0.0019305560980282747,0.0014825439129132498,2.5415183676948806e-05,0.0009268235107630153,0.4077870845794678,0.060767011762523526,0.01725702097041802,0.00920282703831972,True,True,powell,2.2711424207955133e-07,1.1366713047027588,0.060008880113790394,0.017257020970419805,0.009175711581091067,True,True,powell,0.0536198971047952,8.13130928032406e-05,6.786488710580214e-14,0.0009548463715680105,3.034471035003662,0.01725702097041782,0.0014586776853209764,0.03303521347676192,True,False
M3_S19_R1_sma0.03_rho0.0_beta0.0_shared,17,3,19,1,0.03,0.0,0.0,True,0.7416085247502864,-0.008622908292714783,0.026151898377491305,True,True,0.002601705011591764,0.0015290533848597702,0.0008889508404046198,0.0012983011271703612,0.3722531795501709,0.7416085247502864,-0.008622908292714783,0.026151898377491305,True,True,lbfgs,-8.220666131819598e-06,1.126124382019043,0.7362395376339094,-0.008622908292723852,0.02559962262496103,True,True,lbfgs,-3.8028304061299423e-07,0.0018202849622259573,0.00011916767627457443,0.0006784418655634585,1.8302102088928223,-0.008622908292714424,-0.050905192233931175,0.02438149618316553,False,True
M3_S19_R1_sma0.03_rho0.0_beta0.0_shared,18,3,19,1,0.03,0.0,0.0,True,0.5142594587622686,0.019143394313859384,0.029351144360410735,True,True,0.0026472424421829744,0.0009580899595735138,0.0011529059633102045,0.000756603263159997,0.43643689155578613,0.5142594587622686,0.019143394313859384,0.029351144360410735,True,True,lbfgs,-0.0005571185806729773,0.982764482498169,0.5076390119886529,0.019143394313975184,0.028894884658635288,True,True,lbfgs,-4.5618586455020704e-06,0.0023520564565611434,0.00015454248673847618,0.0007107403989471469,1.7929344177246094,0.019143394313865986,-0.028458242173796493,0.06577089891865648,False,True
M3_S19_R1_sma0.03_rho0.0_beta0.0_shared,19,3,19,1,0.03,0.0,0.0,True,0.170977218805476,0.05055223623977381,0.03692449286144822,True,True,0.0023275677961763948,0.009322557566130084,0.0019226236913926042,0.0009900267821676815,0.3540916442871094,0.170977218805476,0.05055223623977381,0.03692449286144822,True,True,lbfgs,-4.534291292657144e-06,0.7385656833648682,0.1692609461993354,0.05055223623954659,0.03677643189077118,True,True,lbfgs,-7.173781909841637e-06,0.0038827052445100617,0.00011928303058088955,0.0008698818957164028,1.9123053550720215,0.05055223623976522,-0.008259711232444386,0.1121714606924288,False,True
M3_S19_R1_sma0.03_rho0.0_beta0.0_shared,20,3,19,1,0.03,0.0,0.0,True,0.9375179082761322,-0.002334825733397219,0.02978477794533346,True,True,0.0026259356042258905,0.003068958774640863,0.0011924923588146708,0.0012572909753480637,0.3646528720855713,0.9375179082761322,-0.002334825733397219,0.02978477794533346,True,True,lbfgs,-6.178211378937704e-05,0.8020298480987549,0.9363447179940747,-0.0023348257333937437,0.029234697104686562,True,True,lbfgs,-1.83599297542969e-06,0.0024287225523919645,4.5542533059812036e-05,0.0007010588818118531,1.8408143520355225,-0.002334825733398771,-0.049313431465138675,0.043844862253030886,False,True
M3_S19_R1_sma0.03_rho0.0_beta0.0_shared,21,3,19,1,0.03,0.0,0.0,True,0.03770039498591541,-0.027799795992601944,0.013377523521643144,True,True,0.002578168972344174,0.001948184596911367,0.0001327440995505825,0.0012542776405564688,0.42701029777526855,0.037703187111455844,-0.027799795992600962,0.013377718706105173,True,True,powell,1.383925791742513e-07,1.201552152633667,0.023984299387266796,-0.027799795992608598,0.012315067872534585,True,True,powell,8.828317277220776e-08,0.00030801944053676314,3.2445227992176322e-06,0.0008228137650862866,1.9034652709960938,-0.027799795992601895,-0.04801942264719647,-0.005255779927977157,True,False
M3_S19_R1_sma0.03_rho0.0_beta0.0_shared,22,3,19,1,0.03,0.0,0.0,True,0.694593850668789,0.015866486108609537,0.040410933341749083,True,True,0.002476981581781418,7.025520752312142e-06,0.002319197848653869,0.0006895695195837959,0.47252464294433594,0.7017649779291328,0.01586648610861038,0.041433453458105333,True,True,powell,0.005025913799727277,0.9232022762298584,0.7386236481026758,0.015866486108808694,0.04755049820985213,True,True,lbfgs,-0.004438245816572817,0.006656868107486865,2.220103064725516e-05,0.0006806922841660895,1.9834568500518799,0.015866486108604402,-0.07473500040698379,0.08426472373412304,False,True
M3_S19_R1_sma0.03_rho0.0_beta0.0_shared,23,3,19,1,0.03,0.0,0.0,True,0.9721315212119521,-0.0009858037805067002,0.028218176464044512,True,True,0.0023604062945402214,0.007912719425473565,0.0010701663141950738,0.0006750230805020119,0.4588596820831299,0.9721315212119521,-0.0009858037805067002,0.028218176464044512,True,True,lbfgs,-5.264223545964342e-06,0.7282881736755371,0.9717227744843122,-0.0009858037805066386,0.027810116091516002,True,True,powell,0.0012687717869539483,0.002179682261987063,3.927525666319444e-14,0.0007755556656958813,2.173187732696533,-0.0009858037805072814,-0.04529747755994608,0.046851982825781846,False,True
M3_S19_R1_sma0.03_rho0.0_beta0.0_shared,24,3,19,1,0.03,0.0,0.0,True,0.26581261951118607,-0.015712880273812665,0.014120669731664223,True,True,0.0030065230881505863,0.002055550119086781,0.00014085191323503027,0.001191615948842325,0.4216949939727783,0.26581509873636544,-0.0157128802738129,0.014120742965131642,True,True,powell,4.031370963275549e-06,1.035161018371582,0.2089870905797605,-0.015712880273821016,0.012506714598064145,True,True,lbfgs,-0.019169178217225635,0.0003306058864004521,9.192974976432475e-12,0.0007347229131130445,1.9253575801849365,-0.015712880273812978,-0.04143622250674586,0.00974663853419206,False,True
M3_S19_R1_sma0.03_rho0.0_beta0.0_shared,25,3,19,1,0.03,0.0,0.0,True,0.8149855987709499,0.0071135558796658884,0.03039991522201675,True,True,0.002461730140953172,0.011650574355173046,0.0012566675239979867,0.0015247582284848619,0.35989832878112793,0.8149855987709499,0.0071135558796658884,0.03039991522201675,True,True,lbfgs,-5.43165242561372e-07,0.6481204032897949,0.8123227287246253,0.00711355587968588,0.029960565082528073,True,True,powell,0.08040333041105896,0.0025529819309563235,2.3231701106840563e-13,0.0007447012345194028,2.289777994155884,0.007113555879665775,-0.04447258910424341,0.04711063464182338,False,True
M3_S19_R1_sma0.03_rho0.0_beta0.0_shared,26,3,19,1,0.03,0.0,0.0,True,0.49581419841290497,0.02137605132057713,0.031385035997146586,True,True,0.00229506283748653,0.009075941078025989,0.0013567379458929813,0.0007588021494766761,0.3209717273712158,0.49581419841290497,0.02137605132057713,0.031385035997146586,True,True,lbfgs,-3.532381924742367e-06,0.7539229393005371,0.4912258647165283,0.021376051320649757,0.03105357573970428,True,True,lbfgs,-3.3279684430453926e-06,0.0027481041715526006,9.000901977195759e-05,0.0007211648113129757,1.7898077964782715,0.02137605132057949,-0.03831212010239469,0.07350285468886816,False,True
M3_S19_R1_sma0.03_rho0.0_beta0.0_shared,27,3,19,1,0.03,0.0,0.0,True,0.11018479373178736,-0.048805210395581736,0.0305536108400093,True,True,0.0029593826400332443,0.0015708917295426171,0.0012445277219898753,0.0015679012500905702,0.35791873931884766,0.11018479373178736,-0.048805210395581736,0.0305536108400093,True,True,lbfgs,-0.00390995638053937,0.8240094184875488,0.10144299383800737,-0.048805210395781534,0.029797468056624102,True,True,powell,0.008941603240486984,0.0025393376620491278,3.9639706626296e-14,0.0006764173974996237,3.500121831893921,-0.04880521039558702,-0.10239476083324431,-0.006480765175264497,True,False
M3_S19_R1_sma0.03_rho0.0_beta0.0_shared,28,3,19,1,0.03,0.0,0.0,True,0.42380248364978934,-0.020413896179349203,0.02552241850887539,True,True,0.002509293712292425,0.0005536143182795596,0.0008450226796925079,0.0013065754136876854,0.4505484104156494,0.42380248364978934,-0.020413896179349203,0.02552241850887539,True,True,lbfgs,-0.0036327074917608115,0.9785130023956299,0.41056803438570133,-0.02041389617934557,0.02480743046226695,True,True,powell,9.980271897802595e-08,0.001731713862469147,0.00019242598547505825,0.00040431288323069706,1.4293124675750732,-0.020413896179348467,-0.0545719660754159,0.02454166246684824,False,True
M3_S19_R1_sma0.03_rho0.0_beta0.0_shared,29,3,19,1,0.03,0.0,0.0,True,0.25400782474491457,0.030939218546540918,0.02712375564070149,True,True,0.0021730736242486295,0.0023527126441367733,0.0009891748840715627,0.0013438482855556424,0.3770432472229004,0.25400782474491457,0.030939218546540918,0.02712375564070149,True,True,lbfgs,-9.446370859222952e-05,0.731231689453125,0.24883244759993484,0.0309392185464577,0.026829248599410178,True,True,lbfgs,-0.00014892462399984652,0.002013238359137514,0.0001821987236365478,0.0006199433018491536,1.3527307510375977,0.030939218546535873,-0.006200759421277438,0.0717342013196631,False,True
M3_S19_R1_sma0.03_rho0.0_beta0.0_shared,30,3,19,1,0.03,0.0,0.0,True,0.2958035178183045,-0.04992830336882472,0.04775657603567194,True,True,0.0020716279611270277,0.010697117024636747,0.0033120027813917626,0.0008327470257914867,0.35219860076904297,0.2958035178183045,-0.04992830336882472,0.04775657603567194,True,True,lbfgs,-6.082478421376436e-06,0.7337918281555176,0.294549948350725,-0.04992830336849185,0.0476327637808717,True,True,lbfgs,-0.00028258253405510914,0.0066621508162195316,0.00016764292899530754,0.0006333895303160176,1.814842939376831,-0.04992830336883936,-0.13415950016168265,0.02020301906000845,False,True
M3_S19_R1_sma0.03_rho0.0_beta0.0_shared,31,3,19,1,0.03,0.0,0.0,True,0.6739549168548179,-0.013053466026362766,0.03102602438674219,True,True,0.0026767834107068963,0.001370794813174381,0.0013030379464643977,0.0005437126915227219,0.362548828125,0.6739549168548179,-0.013053466026362766,0.03102602438674219,True,True,lbfgs,-0.0027957668066846963,1.0234510898590088,0.6692555358218251,-0.013053466026284306,0.03055801458199644,True,True,lbfgs,-2.394307898612169e-06,0.0026487974563660388,0.00015031881493668883,0.0007093190908452001,1.9038927555084229,-0.013053466026361975,-0.06129032679637975,0.036313504294736544,False,True
M3_S19_R1_sma0.03_rho0.0_beta0.0_shared,32,3,19,1,0.03,0.0,0.0,True,0.5961023966277466,-0.008662012664140692,0.016342996091086838,True,True,0.002736149877716145,0.0033174427286448813,0.00025663239354906353,0.0007691528512936233,0.4013969898223877,0.5961023966277466,-0.008662012664140692,0.016342996091086838,True,True,lbfgs,-2.4744549591559917e-06,1.1179852485656738,0.5786719262744471,-0.008662012664138895,0.015598077290099769,True,True,powell,0.006170656179961043,0.0005587049305989149,1.765941776373443e-08,0.0009744707909208599,2.786895513534546,-0.008662012664140687,-0.03421630058711814,0.021345781908787137,False,True
M3_S19_R1_sma0.03_rho0.0_beta0.0_shared,33,3,19,1,0.03,0.0,0.0,True,0.026941644498950718,-0.020322234578326236,0.009185762640838615,False,True,0.0023982171544143695,0.0020727477521148576,3.4539744524574475e-07,0.00212514157794371,1.0255367755889893,0.026758518587318265,-0.02032223457832568,0.009174730443189947,True,True,powell,0.012150478279636445,1.970184564590454,0.004078695925592731,-0.020322234578326104,0.0070759614394020655,True,True,lbfgs,-8.301126399601344e-07,1.201144585297573e-05,5.86575993400656e-05,0.0006932844515536456,2.6735053062438965,-0.02032223457832554,-0.03486087681529089,-0.007272589342231678,True,False
M3_S19_R1_sma0.03_rho0.0_beta0.0_shared,34,3,19,1,0.03,0.0,0.0,True,0.6617975384168897,-0.005086996254717281,0.011629207623562156,True,True,0.0025937158800765944,0.0009732528128275228,6.634634281857885e-05,0.0008405104528978896,0.631481409072876,0.6617975384168897,-0.005086996254717281,0.011629207623562156,True,True,lbfgs,-1.746255338730407e-05,1.417550802230835,0.6397078114067531,-0.005086996254719875,0.010867157015829984,True,True,lbfgs,-0.0007444323633762906,0.00017551638111642834,2.523828836153563e-05,0.0010045115113125334,1.9570422172546387,-0.00508699625471701,-0.022906872037042073,0.014155575878452068,False,True
M3_S19_R1_sma0.03_rho0.0_beta0.0_shared,35,3,19,1,0.03,0.0,0.0,True,0.4132621607725191,-0.029863704172294964,0.03650076935739363,True,True,0.0029617333540267214,0.01818298420667761,0.001842578542679134,0.0009320411708745064,0.49475908279418945,0.4132621607725191,-0.029863704172294964,0.03650076935739363,True,True,lbfgs,-1.2906527899758657e-06,0.8964502811431885,0.40686685533921707,-0.02986370417248649,0.03600553211549189,True,True,powell,0.0008480620685986651,0.003734960494798073,1.91308801736124e-10,0.0008647606318622612,3.048469305038452,-0.029863704172299013,-0.08741272805781765,0.03440199608062099,False,True
M3_S19_R1_sma0.03_rho0.0_beta0.0_shared,36,3,19,1,0.03,0.0,0.0,True,3.481426859028317e-06,-0.047278744381475155,0.010189037339075644,True,True,0.0021360084284463817,0.003942602187412678,4.330322661159539e-05,0.0005759096930213498,0.5353765487670898,3.481426859028317e-06,-0.047278744381475155,0.010189037339075644,True,True,lbfgs,-1.9527260519680567e-07,0.9472165107727051,5.546638095801515e-07,-0.04727874438147138,0.009443719474192305,True,True,lbfgs,-2.7020860215998255e-08,0.00012117080654832884,1.249021328227731e-12,0.0008192571294407398,2.0599746704101562,-0.04727874438147443,-0.06477519955757828,-0.030474658986418445,True,False
M3_S19_R1_sma0.03_rho0.0_beta0.0_shared,37,3,19,1,0.03,0.0,0.0,True,0.22376009521668427,0.04527666704102642,0.037216031670857797,True,True,0.0024081129700930996,3.49039654935331e-08,0.0019508067320909608,0.001526510990117736,0.42670130729675293,0.2235507553892332,0.04527666704104997,0.03719921095692984,True,True,powell,3.476004167168867e-06,0.8259146213531494,0.2343142817041779,0.04527666704116138,0.03806941508661811,True,True,lbfgs,-1.8517398530093487e-06,0.004208256888065897,7.509156154162077e-05,0.0006987243523289039,1.8816096782684326,0.04527666704106082,-0.020248674583863476,0.095565723571122,False,True
M3_S19_R1_sma0.03_rho0.0_beta0.0_shared,38,3,19,1,0.03,0.0,0.0,True,0.6574377332146144,0.006798783884320551,0.015331446502483338,True,True,0.002799471315708541,0.007092693433174973,0.0002052392822241454,0.0006891522252002875,0.4566996097564697,0.6574377332146144,0.006798783884320551,0.015331446502483338,True,True,lbfgs,-5.110573283673148e-06,0.834949254989624,0.6340962638343757,0.006798783884323938,0.014284081286235213,True,True,lbfgs,-5.2313661626612884e-05,0.0004554551284851413,8.261187299304377e-05,0.0007595712987037361,1.778407096862793,0.006798783884320597,-0.022231850471911365,0.03232318879438204,False,True
M3_S19_R1_sma0.03_rho0.0_beta0.0_shared,39,3,19,1,0.03,0.0,0.0,True,0.5920825474352365,-0.013633553026188594,0.025444249746706598,True,True,0.0022210147069347172,0.0019131941158566505,0.0008542192568677939,0.0009224387316511428,0.36363840103149414,0.5920825474352365,-0.013633553026188594,0.025444249746706598,True,True,lbfgs,-0.0003343175083045935,0.8407340049743652,0.5852662448184405,-0.013633553026228434,0.024983209896181177,True,True,powell,0.10397954434370149,0.0017465685696355327,5.421372583720701e-14,0.0006914053366266874,3.215327501296997,-0.013633553026189979,-0.05579549313604942,0.028900906619888995,False,True
M3_S19_R1_sma0.03_rho0.0_beta0.0_shared,40,3,19,1,0.03,0.0,0.0,True,0.8694266132725291,0.003410016370691273,0.020743851025484396,True,True,0.0031230819555232597,0.004448895926740274,0.0004810882985500274,0.0013611836632585873,0.4325864315032959,0.8694266132725291,0.003410016370691273,0.020743851025484396,True,True,lbfgs,-5.220032107899897e-06,0.8484337329864502,0.8626126467529137,0.003410016370685154,0.0197054575144309,True,True,powell,3.697505235322751e-08,0.0010142942522551818,3.579479716264114e-14,0.0008410030159973965,2.1325132846832275,0.003410016370691569,-0.030814941987179212,0.039936419416183526,False,True
M3_S19_R1_sma0.03_rho0.0_beta0.0_shared,41,3,19,1,0.03,0.0,0.0,True,0.5136959439025719,-0.018144157591054703,0.02778186441555811,True,True,0.002886345170744395,3.689899045407291e-08,0.0010058350818832138,0.0008959968491703762,0.5782957077026367,0.5142003548713214,-0.01814415759106059,0.027815180972325163,True,True,powell,6.44330900740897e-05,1.0441782474517822,0.6150098223960558,-0.018144157591064563,0.036076530534562584,True,True,powell,0.3830433189930318,0.0037214327780053817,3.854971847594646e-14,0.0010488280032912908,2.7275936603546143,-0.01814415759105721,-0.06999737716113502,0.04836958104880914,False,True
M3_S19_R1_sma0.03_rho0.0_beta0.0_shared,42,3,19,1,0.03,0.0,0.0,True,0.5262633542510315,0.01411194384391473,0.022268409509469764,True,True,0.002577673832964458,4.725603646927534e-11,0.000608156049282002,0.0007982811599376618,0.4481077194213867,0.5262998232874597,0.014111943843913373,0.02227037292868217,True,True,powell,3.652894520200789e-08,0.9820346832275391,0.5746622028068863,0.01411194384393791,0.025146081128369833,True,True,powell,0.06749478049982827,0.0017269856831209928,1.6805408139120417e-13,0.000963537843784073,2.618009567260742,0.014111943843915559,-0.013066471065358994,0.05142205311576847,False,True
M3_S19_R1_sma0.03_rho0.0_beta0.0_shared,43,3,19,1,0.03,0.0,0.0,True,0.9493918267696214,0.0007764765820734231,0.01223365553356514,True,True,0.002877294750716318,0.00035971681278839675,7.305692574371282e-05,0.0012145976324870122,0.49757838249206543,0.9493918267696214,0.0007764765820734231,0.01223365553356514,True,True,lbfgs,-1.7967931853490882e-07,1.3291518688201904,0.9416683512615047,0.0007764765820745261,0.010611499368678369,True,True,powell,0.0012417557658181977,0.00019365017167363033,8.795675271757025e-14,0.0007996361242935887,3.2201955318450928,0.0007764765820739526,-0.021398692436701287,0.022692843802942064,False,True
M3_S19_R1_sma0.03_rho0.0_beta0.0_shared,44,3,19,1,0.03,0.0,0.0,True,0.3050676250736505,-0.030504032655082558,0.029741850207113833,True,True,0.002919292757048435,0.0024615987673962947,0.0011732194934005273,0.0012235854295697779,0.36552953720092773,0.3050676250736505,-0.030504032655082558,0.029741850207113833,True,True,lbfgs,-0.0003828947510555736,0.9278438091278076,0.2939115308567154,-0.030504032655286256,0.02906310143232964,True,True,powell,0.32270731013238674,0.0023963157062339433,3.171445479311505e-14,0.0007780534068791008,3.299818515777588,-0.030504032655080286,-0.07020878137774193,0.0224937909799426,False,True
M3_S19_R1_sma0.03_rho0.0_beta0.0_shared,45,3,19,1,0.03,0.0,0.0,True,0.5119779915706868,0.021935569837578814,0.03345056186922233,True,True,0.0022962885335685796,0.0013073392612677893,0.0015575528428095208,0.0005555678865952944,0.36217808723449707,0.5119779915706868,0.021935569837578814,0.03345056186922233,True,True,lbfgs,-0.0008947429355430359,0.7364029884338379,0.5094366435132516,0.021935569837661078,0.0332500623689639,True,True,lbfgs,-3.279433985881042e-05,0.003153365485575028,0.00025887622843327203,0.0006467837939373582,1.373737096786499,0.021935569837578515,-0.021971350512973328,0.08721111765257233,False,True
M3_S19_R1_sma0.03_rho0.0_beta0.0_shared,46,3,19,1,0.03,0.0,0.0,True,0.5458216584203875,-0.007181495226171448,0.011889241876823392,True,True,0.0022424560821827366,0.0005887594320689338,9.40071042830065e-05,0.0009772756617105452,0.42878174781799316,0.5458216584203875,-0.007181495226171448,0.011889241876823392,True,True,lbfgs,-0.00021825113253726158,1.4041311740875244,0.5395008858818261,-0.007181495226170959,0.01170448284411037,True,True,lbfgs,-6.91974446453969e-06,0.00022503752772646052,0.00017494486055414133,0.0009155947415232088,1.7044885158538818,-0.0071814952261717545,-0.02613887714152654,0.011757242030631478,False,True
M3_S19_R1_sma0.03_rho0.0_beta0.0_shared,47,3,19,1,0.03,0.0,0.0,True,0.061003603120672746,0.04478686765215416,0.023905845036311983,True,True,0.002537961066189135,0.005363272477062849,0.0007236572421297985,0.0009831471401082028,0.5188007354736328,0.061003603120672746,0.04478686765215416,0.023905845036311983,True,True,lbfgs,-4.4897956286149565e-06,0.9327280521392822,0.05352658200026596,0.04478686765211024,0.02319784068724223,True,True,lbfgs,-4.654235453926958e-05,0.0014878787406057518,5.0062964337338156e-05,0.0006268014982693665,1.9261953830718994,0.04478686765215585,0.01028228621383671,0.08366551888663055,True,False
M3_S19_R1_sma0.03_rho0.0_beta0.0_shared,48,3,19,1,0.03,0.0,0.0,True,0.7327004924132962,-0.006959780718509799,0.020377913661496164,True,True,0.0022291262076827964,0.006558950078131974,0.000505566615809771,0.0013148132892484752,0.591956615447998,0.7327004924132962,-0.006959780718509799,0.020377913661496164,True,True,lbfgs,-5.450931439554552e-07,0.7806053161621094,0.7333484731345501,-0.006959780718507789,0.02042940183827372,True,True,lbfgs,-5.026608960179146e-06,0.0010442135587038917,6.248601418640662e-05,0.0011189272653328564,1.9048960208892822,-0.006959780718509897,-0.03939784320327779,0.03136600115318395,False,True
M3_S19_R1_sma0.03_rho0.0_beta0.0_shared,49,3,19,1,0.03,0.0,0.0,True,0.06465738301295436,0.023370589274958734,0.01264902605862829,True,True,0.0020691097017388736,0.001761905656936179,0.00013109627972995066,0.0014350331782725537,0.38715171813964844,0.06467213487052458,0.02337058927495878,0.012649723663373394,True,True,powell,2.3375741875497624e-07,0.9749815464019775,0.05518526097643136,0.023370589274960135,0.012188593622050674,True,True,lbfgs,-1.066298523255682e-06,0.00029529535209836966,7.19828636478955e-05,0.0007570677424685357,1.8726789951324463,0.023370589274958657,0.0025307910460106464,0.04333130349206752,True,False
M3_S19_R1_sma0.03_rho0.0_beta0.0_shared,50,3,19,1,0.03,0.0,0.0,True,0.8803876702702618,-0.006003727340131338,0.039897763260619855,True,True,0.003110939724786,0.0002055505653311149,0.0022240136000748413,0.0008170090219091786,0.48117828369140625,0.8803876702702618,-0.006003727340131338,0.039897763260619855,True,True,lbfgs,-0.0036980322979616176,0.7511744499206543,0.8787342948851378,-0.006003727340107455,0.039349630885081775,True,True,powell,0.1646802969834198,0.004499067545696959,6.498423591238743e-14,0.0008040715139378145,3.9300570487976074,-0.006003727340130343,-0.05157690015778075,0.05811532255487259,False,True
M3_S19_R1_sma0.03_rho0.0_beta0.0_shared,51,3,19,1,0.03,0.0,0.0,True,0.6678604813531874,0.012925763398248026,0.030123930450951176,True,True,0.002542453016102437,0.0024050973911981847,0.0012273634620838271,0.001344165854261934,0.3259272575378418,0.6678604813531874,0.012925763398248026,0.030123930450951176,True,True,lbfgs,-0.00019165479807270458,0.7079825401306152,0.6621127803136329,0.012925763398204606,0.029578539620448527,True,True,lbfgs,-6.842575430709985e-07,0.0024959136700903515,7.42762072090993e-05,0.0006336164667723924,1.6999163627624512,0.012925763398249452,-0.04083055205733749,0.051107542438645605,False,True
M3_S19_R1_sma0.03_rho0.0_beta0.0_shared,52,3,19,1,0.03,0.0,0.0,True,0.3311304099747384,-0.018481563843181427,0.01901709506696995,True,True,0.003331050872539331,0.0020785209530633044,0.00036715639020350584,0.00103388124071669,0.4192042350769043,0.3311304099747384,-0.018481563843181427,0.01901709506696995,True,True,lbfgs,-3.793609266722342e-07,1.1128485202789307,0.2953690067169048,-0.01848156384317796,0.017661774823884528,True,True,powell,0.03599600272730186,0.0007898847595575499,9.636849839455597e-14,0.0008160885757295999,2.765052556991577,-0.018481563843181354,-0.04706807951337811,0.008297979365297718,False,True
M3_S19_R1_sma0.03_rho0.0_beta0.0_shared,53,3,19,1,0.03,0.0,0.0,True,0.034430872460125925,0.07429328292104109,0.03512702799548602,True,True,0.00261270590002621,4.870795718106935e-10,0.0017133513068502344,0.0009753812339169921,0.3999905586242676,0.03440159131491388,0.07429328292104495,0.03512132100657986,True,True,powell,9.577343007549644e-08,0.6817481517791748,0.045924609495380735,0.07429328292117272,0.037219488010895904,True,True,lbfgs,-4.435187406670593e-06,0.0040070209534001245,0.00014448469036051537,0.0006857973085710125,1.5100147724151611,0.07429328292104759,0.014239387518147961,0.13008460067098956,True,False
M3_S19_R1_sma0.03_rho0.0_beta0.0_shared,54,3,19,1,0.03,0.0,0.0,True,0.32805493231013627,0.019787437907961104,0.020231742991188472,False,True,0.0030206079413699466,0.005493937268559693,0.0004550057713569857,0.0012638305317158648,1.0508153438568115,0.0657704746946664,0.01978743790795959,0.010754131409775628,True,True,powell,1.5616284815955623,1.241070032119751,0.01975217117002797,0.019787437907957933,0.008488737267331197,True,True,lbfgs,-1.9536745639925357e-05,7.849135147332113e-05,0.00022501423787825252,0.0005201635561609259,1.3011445999145508,0.019787437907960177,0.0017777524874996382,0.036217501078526546,True,False
M3_S19_R1_sma0.03_rho0.0_beta0.0_shared,55,3,19,1,0.03,0.0,0.0,True,0.5219306508375093,0.012392202048347841,0.019351561510486504,True,True,0.0031442544095615717,0.0005063359529902163,0.0003962373251537625,0.0011367862886883472,0.42081189155578613,0.5219306508375093,0.012392202048347841,0.019351561510486504,True,True,lbfgs,-0.0027399921666528826,0.9239423274993896,0.5047586182016087,0.012392202048353108,0.01857842421262258,True,True,powell,3.906393430952448e-09,0.000845033020095158,0.00021501584756342774,0.0008847955656132898,1.6554434299468994,0.012392202048347005,-0.011998290894539045,0.04138854698311212,False,True
M3_S19_R1_sma0.03_rho0.0_beta0.0_shared,56,3,19,1,0.03,0.0,0.0,True,0.7849166781951391,0.004752081692055981,0.017412158231685917,True,True,0.0028229456800762044,1.3168389746995365e-05,0.00030619879300284485,0.0010372974129717462,0.49914002418518066,0.7849166781951391,0.004752081692055981,0.017412158231685917,True,True,lbfgs,-0.0003057286626244604,0.8204693794250488,0.7738070900107394,0.004752081692055355,0.016534808320882565,True,True,lbfgs,-1.004279783956008e-05,0.0006586514755604991,0.00022374642373958604,0.0006786840976222206,1.3425588607788086,0.004752081692056083,-0.024875366439602597,0.03184447056076282,False,True
M3_S19_R1_sma0.03_rho0.0_beta0.0_shared,57,3,19,1,0.03,0.0,0.0,True,0.3294793830146089,-0.012386632093762184,0.012702113743247425,True,True,0.0023765253603981623,0.0029970819516801583,0.00011693525819337878,0.0007080204513648674,0.3722851276397705,0.3294959135799098,-0.01238663209376215,0.012702547902272716,True,True,powell,2.831353185683838e-06,0.722031831741333,0.3071135079813996,-0.012386632093760237,0.012128328943082287,True,True,lbfgs,-1.5836576494621113e-08,0.00027267595689477116,0.00015780303860760358,0.0007967994147748954,1.6739885807037354,-0.01238663209376231,-0.03270223742898146,0.0061822265572412,False,True
M3_S19_R1_sma0.03_rho0.0_beta0.0_shared,58,3,19,1,0.03,0.0,0.0,True,0.9587477526512181,-0.0008298080341701609,0.016042662987472877,True,True,0.002998187601123866,0.002455297926779485,0.00022825120616687544,0.0011783511465901582,0.5094811916351318,0.9587478676472078,-0.0008298080341693291,0.016042707748490027,True,True,powell,1.1527845344971865e-10,0.8674006462097168,0.9541690796614771,-0.0008298080341680788,0.014438433877032362,True,True,lbfgs,-1.0575831765891053e-08,0.0005063505803851196,8.160058448030108e-05,0.0005623539857844866,1.853318214416504,-0.0008298080341694801,-0.030854590605475615,0.021776958273707327,False,True
M3_S19_R1_sma0.03_rho0.0_beta0.0_shared,59,3,19,1,0.03,0.0,0.0,True,0.6976807841921718,0.011314670862804924,0.029127511167777915,True,True,0.0021741314353628657,0.004252360004157231,0.0011581898899613097,0.0009765308479210575,0.291595458984375,0.6976807841921718,0.011314670862804924,0.029127511167777915,True,True,lbfgs,-1.2910428949908237e-05,0.5653595924377441,0.7032812094101901,0.011314670862835875,0.029705490306657496,True,True,powell,0.19239102140988962,0.0025480538426542903,2.669370367976507e-06,0.0005052820367256776,2.873046875,0.011314670862805354,-0.028867863310298093,0.06617903962128698,False,True
M3_S19_R1_sma0.03_rho0.0_beta0.0_shared,60,3,19,1,0.03,0.0,0.0,True,0.5217598212543508,-0.013481780123009027,0.02104439978410736,True,True,0.002190495508090328,0.0005433689480453638,0.0005490109061420538,0.001235520920022468,0.3097712993621826,0.5217598212543508,-0.013481780123009027,0.02104439978410736,True,True,lbfgs,-0.0035085681395230495,0.787635326385498,0.5160959908767291,-0.013481780122993895,0.02076116145189481,True,True,powell,0.07396871212915812,0.0011269175214000703,2.537546841726933e-08,0.0009390004011021249,2.601546287536621,-0.013481780123006763,-0.03993987680329953,0.01418600010954836,False,True
M3_S19_R1_sma0.03_rho0.0_beta0.0_shared,61,3,19,1,0.03,0.0,0.0,True,0.48185175333407515,-0.023247741929336145,0.03305394144153536,True,True,0.0026275200789005475,0.011507855901748056,0.001500554036762269,0.0011391978507980687,0.31015872955322266,0.48185175333407515,-0.023247741929336145,0.03305394144153536,True,True,lbfgs,-1.4204715625965036e-06,0.5995535850524902,0.47532722600430377,-0.02324774192942004,0.032567242037500256,True,True,powell,0.42193945807628097,0.003044504311403643,3.015773570544126e-14,0.0007712495470357174,2.7431693077087402,-0.023247741929336464,-0.07019786116680135,0.03641732380793159,False,True
M3_S19_R1_sma0.03_rho0.0_beta0.0_shared,62,3,19,1,0.03,0.0,0.0,True,0.36534393366499907,-0.03515453719500449,0.038834953766085686,True,True,0.0034179183291875356,0.00011031179574809815,0.002082340012643686,0.001166936082984453,0.3173656463623047,0.36534393366499907,-0.03515453719500449,0.038834953766085686,True,True,lbfgs,-0.0017380801114086353,0.6888449192047119,0.3547389762902745,-0.03515453719477121,0.03798698534689745,True,True,lbfgs,-0.004845390696459617,0.004220849665046851,0.00010428068664763747,0.0004847070375313966,1.6370630264282227,-0.0351545371950191,-0.10181151154786346,0.01033010027139585,False,True
M3_S19_R1_sma0.03_rho0.0_beta0.0_shared,63,3,19,1,0.03,0.0,0.0,True,0.5598930677101235,-0.010865007787927825,0.018636365953765253,True,True,0.0030247815930933477,0.0031975102004249425,0.0003617721727285437,0.0009228161215202254,0.3689093589782715,0.5598886519165691,-0.010865007787927228,0.01863615627081924,True,True,powell,2.7031546778744087e-08,1.0100464820861816,0.5310113490941454,-0.010865007787944674,0.017343417139304936,True,True,powell,0.030840091711411333,0.0007736332318703239,1.0015724231386236e-12,0.0006988672356204342,4.131788492202759,-0.010865007787928087,-0.039001917290283544,0.014734539286932058,False,True
M3_S19_R1_sma0.03_rho0.0_beta0.0_shared,64,3,19,1,0.03,0.0,0.0,True,0.11089283467408749,-0.016204328084565775,0.010164596776181792,True,True,0.0023810086104591724,0.017795502983898894,2.966229877779831e-05,0.0015482861026424877,0.4050431251525879,0.11088987867985405,-0.016204328084565723,0.010164512601234027,True,True,powell,2.8283693609409966e-08,0.6670222282409668,0.07730504686171072,-0.016204328084564932,0.009172911111932632,True,True,powell,0.00542350970397365,9.794784322058783e-05,4.736257123268999e-14,0.0008587348478549787,3.054854154586792,-0.01620432808456567,-0.03292784092184853,0.0014143703607720172,False,True
M3_S19_R1_sma0.03_rho0.0_beta0.0_shared,65,3,19,1,0.03,0.0,0.0,True,0.3238248541753791,-0.027125029332861778,0.027492650724795235,True,True,0.0022424531050329816,0.0007348960897326903,0.0010157449181799033,0.0010230895267784104,0.3972146511077881,0.3238248541753791,-0.027125029332861778,0.027492650724795235,True,True,lbfgs,-0.021560043730232792,0.8958263397216797,0.3221124846979132,-0.027125029332876468,0.027395529891537904,True,True,lbfgs,-1.2529130799521226e-07,0.0020681669289324468,0.00015186239062567667,0.0009032358944679379,2.1440937519073486,-0.02712502933285875,-0.06405031934948541,0.020114936599908626,False,True
M3_S19_R1_sma0.03_rho0.0_beta0.0_shared,66,3,19,1,0.03,0.0,0.0,True,0.8493001591345671,0.006568195591159641,0.034567367561887274,True,True,0.002706090078904929,0.002952087659299696,0.0016499285566111555,0.0010348072833297514,0.4260871410369873,0.8493001591345671,0.006568195591159641,0.034567367561887274,True,True,lbfgs,-0.0001076124312930915,1.004371166229248,0.8476480150428233,0.00656819559120026,0.034187940485964005,True,True,lbfgs,-9.649580988480011e-06,0.003344364388239973,7.805496402273226e-05,0.0008408277094330098,2.3689563274383545,0.006568195591158393,-0.05131441921614612,0.05161037328005207,False,True
M3_S19_R1_sma0.03_rho0.0_beta0.0_shared,67,3,19,1,0.03,0.0,0.0,True,0.82449627525192,0.010810003087309854,0.048745151582765184,True,True,0.0023864300771309957,9.54435150511309e-07,0.0034385331212311333,0.0008453984599144077,0.8024940490722656,0.8243945570015356,0.010810003087311292,0.04871644869122551,True,True,powell,0.00021245123480184702,1.222430944442749,0.848237662316961,0.010810003087461158,0.05648817986069346,True,True,powell,1.1301608246409387,0.009418925310198743,4.9478678529934686e-14,0.0008490760012918821,4.610173463821411,0.01081000308730426,-0.0809298115917709,0.09142366367846243,False,True
M3_S19_R1_sma0.03_rho0.0_beta0.0_shared,68,3,19,1,0.03,0.0,0.0,True,0.10867655650769507,-0.04412997881581125,0.02750953776349326,True,True,0.003089675010120776,0.00015507051319149748,0.0009725475277247523,0.0014854932412306768,0.7637937068939209,0.10271110479657315,-0.04412997881581887,0.02704291497964273,True,True,powell,0.2511365784419013,1.4982473850250244,0.14515291654646942,-0.04412997881586205,0.030291000504977034,True,True,powell,0.01478196658865727,0.002600751017770543,3.734310773332494e-14,0.0008396118372343843,4.555422782897949,-0.04412997881581113,-0.0977953923448093,-0.0017929870929564642,True,False
M3_S19_R1_sma0.03_rho0.0_beta0.0_shared,69,3,19,1,0.03,0.0,0.0,True,0.9539247759598887,0.0024034894689940584,0.041598075802064566,True,True,0.002758163650281447,0.0008239997556668341,0.002450433357741116,0.0009641219567999634,0.5349135398864746,0.9539247759598887,0.0024034894689940584,0.041598075802064566,True,True,lbfgs,-0.0004812570507510827,0.9163057804107666,0.9534814669857847,0.0024034894689936577,0.041201213890170875,True,True,powell,1.9013014025404118e-06,0.004953133654508268,5.211903469825508e-05,0.0007163652666638438,3.065568208694458,0.0024034894689856216,-0.07354928638173773,0.06163920763916073,False,True
M3_S19_R1_sma0.03_rho0.0_beta0.0_shared,70,3,19,1,0.03,0.0,0.0,True,0.6173153925925656,0.008111381590405142,0.016233843242581487,True,True,0.0027671143134628813,0.0014515911607169629,0.00024966890419165084,0.0013590230752567032,0.6512367725372314,0.6173153925925656,0.008111381590405142,0.016233843242581487,True,True,lbfgs,-6.772520464437548e-06,1.289813756942749,0.5909410794447677,0.008111381590415205,0.015091706651622629,True,True,powell,0.00482298937458836,0.0005453821585592252,3.1337600690726235e-14,0.0007825232181801195,3.823814630508423,0.008111381590405404,-0.015231446000758266,0.030034763993928373,False,True
M3_S19_R1_sma0.03_rho0.0_beta0.0_shared,71,3,19,1,0.03,0.0,0.0,True,0.2430653116997623,0.03303414284820668,0.028298180052751053,True,True,0.0021584990526924484,0.002017826744482404,0.0010875752781473748,0.0008549729699271376,0.42929649353027344,0.2430653116997623,0.03303414284820668,0.028298180052751053,True,True,lbfgs,-0.00021179874056542758,1.157263994216919,0.23950007901194048,0.03303414284826223,0.0280845914069555,True,True,powell,6.021755439178378e-06,0.002216830282765363,9.851822657026817e-05,0.0007416065621951782,2.329136848449707,0.03303414284820782,-0.016630845718699317,0.07347352523807936,False,True
M3_S19_R1_sma0.03_rho0.0_beta0.0_shared,72,3,19,1,0.03,0.0,0.0,True,0.047864189329575056,0.049197511375495745,0.024865158189052106,True,True,0.0026710672440371642,0.0010763247124956682,0.0007868316511216447,0.0009517113958759032,0.8131608963012695,0.047864189329575056,0.049197511375495745,0.024865158189052106,True,True,lbfgs,-0.0005364402907162003,1.3886888027191162,0.04422182578799164,0.04919751137537548,0.024452261184082037,True,True,powell,8.723610335437115e-05,0.001618511591190322,5.976414995637376e-13,0.0010069311059327719,3.7651002407073975,0.049197511375495044,0.018365719658911466,0.08696863530134814,True,False
M3_S19_R1_sma0.03_rho0.0_beta0.0_shared,73,3,19,1,0.03,0.0,0.0,True,0.7644629232557487,-0.009047773689369772,0.03019695364977816,True,True,0.003070575921265397,1.0435161527845488e-09,0.0012061747555764306,0.001119452493791256,0.7768850326538086,0.7645225994512299,-0.009047773689372457,0.030204839497505537,True,True,powell,1.5345349311246537e-06,1.0933434963226318,0.806229269026101,-0.009047773689405935,0.03688551766005174,True,True,lbfgs,-0.0005712051159889597,0.003926622739559344,1.12762596667828e-05,0.0008460039619325981,3.2240512371063232,-0.009047773689370701,-0.057385103909193505,0.06310316573254625,False,True
M3_S19_R1_sma0.03_rho0.0_beta0.0_shared,74,3,19,1,0.03,0.0,0.0,True,0.10622869099116636,-0.024113825675114872,0.014927660222100915,True,True,0.0024211628103202668,0.009700260354683419,0.0002068229379639363,0.0010603842722466616,0.45136451721191406,0.10622869099116636,-0.024113825675114872,0.014927660222100915,True,True,lbfgs,-2.6573343347990885e-07,1.1277744770050049,0.09290209864453537,-0.02411382567512861,0.014351042799092726,True,True,lbfgs,-1.2141966863055131e-06,0.0004529695028866916,7.55722157530084e-05,0.0008491598358315037,3.2232906818389893,-0.024113825675114383,-0.048451858384747436,-0.0009085487879641511,True,False
M3_S19_R1_sma0.03_rho0.0_beta0.0_shared,75,3,19,1,0.03,0.0,0.0,True,0.8172260028507405,-0.0052560273179228425,0.022742111693787134,True,True,0.0020993128576987934,0.002735695007344297,0.0006653153160338284,0.0014320594514115944,0.8823392391204834,0.8172260028507405,-0.0052560273179228425,0.022742111693787134,True,True,lbfgs,-3.3201175483554834e-05,1.442049503326416,0.8176871890739608,-0.005256027317937459,0.022800675061378763,True,True,powell,0.005333189551606665,0.0013651380278456545,2.8435554072734195e-13,0.0011081618470247503,3.1114463806152344,-0.005256027317922785,-0.03981845905046158,0.04398921423131188,False,True
M3_S19_R1_sma0.03_rho0.0_beta0.0_shared,76,3,19,1,0.03,0.0,0.0,True,0.5300151482595823,-0.03185001344127829,0.05071796368943591,True,True,0.0033223626541855613,0.005017520424261417,0.003683606568878471,0.0011032216100950833,1.5500659942626953,0.5300151482595823,-0.03185001344127829,0.05071796368943591,True,True,lbfgs,-2.4790559564280557e-05,1.601050615310669,0.5272076289123906,-0.03185001344145155,0.05037372468055284,True,True,lbfgs,-1.1129726772196591e-05,0.007420392558589218,0.00016367389719181355,0.0009315795240483432,2.778704881668091,-0.03185001344126416,-0.09931590077209661,0.060967134752137137,False,True
M3_S19_R1_sma0.03_rho0.0_beta0.0_shared,77,3,19,1,0.03,0.0,0.0,True,0.5035238565146761,0.014994402418354463,0.02241464809032129,True,True,0.0026298632697808774,0.0031793211038918796,0.0006152108172151698,0.0007445511215618837,1.4837150573730469,0.5035238565146761,0.014994402418354463,0.02241464809032129,True,True,lbfgs,-3.266347607677744e-05,1.7663929462432861,0.49894231546082335,0.014994402418368946,0.022175987840630206,True,True,lbfgs,-3.6501103295449866e-05,0.001271149584897037,5.164815454446927e-05,0.0011286131440740436,2.585052251815796,0.014994402418353626,-0.024201509661194297,0.053957447000974865,False,True
M3_S19_R1_sma0.03_rho0.0_beta0.0_shared,78,3,19,1,0.03,0.0,0.0,True,0.9556236227230762,0.0014293409826634947,0.02568620689086698,False,True,0.0031721524165812206,0.010392597103441845,0.0008227164463143206,0.0007663056579758489,2.353363275527954,0.9085195192174219,0.001429340982665582,0.012439204700310688,True,True,powell,1.3801722214641359,2.0571022033691406,0.8971202043158418,0.0014293409826677188,0.011054447370108309,True,True,lbfgs,-0.0006264895662297931,0.0001826912078978532,6.117533014993507e-05,0.000985678086850355,2.1933276653289795,0.0014293409826656824,-0.01645704609093267,0.01745863418502761,False,True
M3_S19_R1_sma0.03_rho0.0_beta0.0_shared,79,3,19,1,0.03,0.0,0.0,True,0.9424000296716705,-0.0013437626550098101,0.018597844894797388,True,True,0.0025522057779805186,0.0002493508106703326,0.000384493132202729,0.0008519071026468472,0.8365275859832764,0.9424000296716705,-0.0013437626550098101,0.018597844894797388,True,True,lbfgs,-0.003554259908696622,1.273078441619873,0.9413812099563976,-0.0013437626550090048,0.018274038286955917,True,True,lbfgs,,0.0008082037442421725,2.0448400720499973e-08,0.0010922927559221982,2.3950915336608887,-0.0013437626550097386,-0.03573240971899118,0.02852271665493163,False,True
M3_S19_R1_sma0.03_rho0.0_beta0.0_shared,80,3,19,1,0.03,0.0,0.0,True,0.3602732971498217,0.0334773455307455,0.036593483865373345,True,True,0.0027031911002518357,0.00039042795922330934,0.0018663513763056611,0.0009867045684592843,1.0307362079620361,0.3602732971498217,0.0334773455307455,0.036593483865373345,True,True,lbfgs,-0.009663978356456937,1.4532520771026611,0.35416447590851663,0.03347734553075863,0.03613149986339695,True,True,lbfgs,-2.0212823983456474e-06,0.0037775742051265973,4.5342328983411985e-05,0.0007221308645909241,2.585747003555298,0.03347734553075549,-0.02914495074934329,0.08137825738328938,False,True
M3_S19_R1_sma0.03_rho0.0_beta0.0_shared,81,3,19,1,0.03,0.0,0.0,True,0.1787344375568768,-0.03212404693190103,0.02389005479615421,True,True,0.0024976078694107628,0.0030318257525630467,0.0007246490314864741,0.0006966203705840291,0.4805765151977539,0.1787344375568768,-0.03212404693190103,0.02389005479615421,True,True,lbfgs,-4.736413939099293e-05,0.9467191696166992,0.1660722227777064,-0.03212404693182638,0.02319533968158315,True,True,lbfgs,-0.00033265125455272937,0.0014905102086569004,1.8541667867364325e-05,0.0006621719151050926,2.3602874279022217,-0.032124046931903655,-0.07014203908284404,-0.0030095435883166163,True,False
M3_S19_R1_sma0.03_rho0.0_beta0.0_shared,82,3,19,1,0.03,0.0,0.0,True,0.14750810664872102,-0.016655715438465956,0.011499471425709416,True,True,0.0027668076619728832,0.0013810696739467142,5.273530871274937e-05,0.0012234614620381186,0.7112207412719727,0.14748653279246204,-0.016655715438465758,0.011498858624130363,True,True,powell,8.796541806077585e-08,1.5845856666564941,0.10022177161286083,-0.01665571543846131,0.010132573218208847,True,True,lbfgs,-6.023758146511682e-06,0.0001511006642424405,0.00011134805137616412,0.0007733450706618194,4.077039003372192,-0.016655715438465838,-0.032361587967376704,-0.0016280887765703616,True,False
M3_S19_R1_sma0.03_rho0.0_beta0.0_shared,83,3,19,1,0.03,0.0,0.0,True,0.6862531631792508,-0.01816573133147756,0.044970803613776845,True,True,0.0025324317475555213,0.00782150255780961,0.0029002738850527694,0.001024734532435768,0.46037840843200684,0.6862531631792508,-0.01816573133147756,0.044970803613776845,True,True,lbfgs,-1.0824709534063004e-05,0.8097412586212158,0.6833638182793245,-0.018165731331276778,0.044537254034926865,True,True,lbfgs,-0.0013095776935188042,0.005815661013125492,0.00016514553263653447,0.0005770723939060915,2.6751649379730225,-0.01816573133147409,-0.07602407081842676,0.06562966978851645,False,True
M3_S19_R1_sma0.03_rho0.0_beta0.0_shared,84,3,19,1,0.03,0.0,0.0,True,0.4020829064026974,0.021066375144780745,0.02514166103490646,True,True,0.0027017916858687627,0.00020244307387761262,0.0008059551169770775,0.0011145051910850443,0.5379917621612549,0.4020829064026974,0.021066375144780745,0.02514166103490646,True,True,lbfgs,-0.012829370722101885,1.2253055572509766,0.39193279894165134,0.02106637514476452,0.0246068741190396,True,True,powell,2.336035208827525e-06,0.0016565701001474491,0.0001085668428364773,0.0007966055526725431,3.9537761211395264,0.021066375144780058,-0.015016616570579164,0.06492775411500655,False,True
M3_S19_R1_sma0.03_rho0.0_beta0.0_shared,85,3,19,1,0.03,0.0,0.0,True,0.4309665331077017,-0.020615859087083275,0.026177579403101798,True,True,0.002348018373528934,0.0005878049616506412,0.0009043185807123119,0.0012268313024454,0.46373534202575684,0.4309665331077017,-0.020615859087083275,0.026177579403101798,True,True,lbfgs,-0.0036813650958720245,1.5198490619659424,0.4213949041946269,-0.020615859087038606,0.02564150142448109,True,True,powell,0.6027324626339805,0.0018458622060634896,1.8514753438069243e-13,0.0006978877424527126,5.079250812530518,-0.020615859087083396,-0.057106574638532866,0.026723114969333148,False,True
M3_S19_R1_sma0.03_rho0.0_beta0.0_shared,86,3,19,1,0.03,0.0,0.0,True,0.4555874978246258,-0.03704949019015363,0.049655389630745256,True,True,0.0026136226458072435,0.0006851514244540373,0.0035609274924523894,0.001359296876800318,0.4386014938354492,0.4555874978246258,-0.03704949019015363,0.049655389630745256,True,True,lbfgs,-0.00037721426474490727,1.24613618850708,0.45410051897325954,-0.03704949019068373,0.04949194457269615,True,True,powell,0.24993392452711305,0.007162874972100915,2.6565365367669986e-13,0.0010555644423273476,5.229901075363159,-0.03704949019016813,-0.09543250624005886,0.05374431770261706,False,True
M3_S19_R1_sma0.03_rho0.0_beta0.0_shared,87,3,19,1,0.03,0.0,0.0,True,0.7401509626814498,-0.00586927625939253,0.017697016126646595,True,True,0.002317227900695014,0.0062738985880617165,0.0003478172064857085,0.000706611641198234,0.4415476322174072,0.7400786043187757,-0.0058692762593936885,0.01769190483626799,True,True,powell,2.7148164463142166e-06,1.5693583488464355,0.7351140952971761,-0.005869276259395278,0.017347756670577266,True,True,powell,9.836959770836984e-05,0.0007330184115688479,2.163483710755458e-13,0.0009669603733502321,4.186805248260498,-0.005869276259392882,-0.03129684643958121,0.022204865851661287,False,True
M3_S19_R1_sma0.03_rho0.0_beta0.0_shared,88,3,19,1,0.03,0.0,0.0,True,0.9111312373901186,0.005424342573318603,0.048600093526903254,True,True,0.0026940953781456702,0.0003775108907335397,0.003401159142646133,0.0013200160110343323,0.7839021682739258,0.9111312373901186,0.005424342573318603,0.048600093526903254,True,True,lbfgs,-0.0003912082220267621,1.5200607776641846,0.9108928999625527,0.005424342573330665,0.04846955954390265,True,True,powell,0.0992260376261811,0.006908319238322492,3.075136492356891e-07,0.0007525945801492279,4.702024221420288,0.005424342573317257,-0.07574024182887587,0.07424595526703576,False,True
M3_S19_R1_sma0.03_rho0.0_beta0.0_shared,89,3,19,1,0.03,0.0,0.0,True,0.8569559735219842,0.006369472808434267,0.03533679779796982,True,True,0.002789744439347309,0.0015627131535960591,0.0017262052632190967,0.0011671430964775372,0.8828146457672119,0.8569559735219842,0.006369472808434267,0.03533679779796982,True,True,lbfgs,-0.0011175619310961338,1.4527714252471924,0.8548617726432931,0.006369472808396099,0.03482132309061091,True,True,powell,0.0002615710506006508,0.003521737884469252,3.7835012121054298e-06,0.0006267387064997262,3.6471049785614014,0.006369472808433913,-0.04900963470436202,0.06828314544920983,False,True
M3_S19_R1_sma0.03_rho0.0_beta0.0_shared,90,3,19,1,0.03,0.0,0.0,True,0.9221028380841467,-0.00142638512080573,0.014586918295353073,True,True,0.0026088555257865044,0.002486440123844309,0.0001818590924652527,0.0011905850648334276,0.7946605682373047,0.9221038241908571,-0.0014263851208050045,0.014587103544397463,True,True,powell,6.3680545281386e-08,2.124140501022339,0.9165402197912793,-0.001426385120809586,0.013611479601528368,True,True,lbfgs,-1.470895085731172e-07,0.00040655307808680306,9.608664906815391e-12,0.0008325320890459619,2.3416664600372314,-0.0014263851208055306,-0.022551305703278124,0.01934438291690739,False,True
M3_S19_R1_sma0.03_rho0.0_beta0.0_shared,91,3,19,1,0.03,0.0,0.0,True,0.6544582898908757,-0.0067512803185894275,0.015084054399841021,True,True,0.002483078220455436,0.0019507284103688482,0.00021060471831365387,0.00157721343749863,0.8369297981262207,0.6544585475004419,-0.00675128031858907,0.015084066427257865,True,True,powell,8.815959517960437e-09,1.8318688869476318,0.6428041688412447,-0.0067512803185876494,0.01455702237597487,True,True,lbfgs,-1.3752450513493386e-05,0.0004617513763709186,6.0165360009633166e-05,0.0009310723898213832,2.223710536956787,-0.006751280318589405,-0.03077771049660832,0.014785231944455478,False,True
M3_S19_R1_sma0.03_rho0.0_beta0.0_shared,92,3,19,1,0.03,0.0,0.0,True,0.6354055796629954,-0.010358645587583051,0.021847585549965003,True,True,0.0026602930585588247,0.00023701895862981352,0.0005759600674098398,0.0009456685617020436,0.905480146408081,0.6354055796629954,-0.010358645587583051,0.021847585549965003,True,True,lbfgs,-0.02572078991283888,0.996427059173584,0.6247519543141257,-0.010358645587589775,0.021177834353403074,True,True,lbfgs,-0.0006692833641182006,0.001199432659124594,1.7586767194326112e-06,0.00081382839463676,2.201005458831787,-0.010358645587581651,-0.04682576489966476,0.021994453158227185,False,True
M3_S19_R1_sma0.03_rho0.0_beta0.0_shared,93,3,19,1,0.03,0.0,0.0,True,0.3231641123376743,0.03768116049149524,0.038139730024687006,True,True,0.00287935532306145,2.1515099845363582e-11,0.002030413492530184,0.0010164310510868072,0.9871525764465332,0.3231641123376743,0.03768116049149524,0.038139730024687006,True,True,lbfgs,-5.802121449960396e-09,0.9685747623443604,0.35893483031237616,0.037681160491707284,0.04107401166957796,True,True,powell,0.4765411555989658,0.004880190093112023,7.990543451064929e-14,0.0010239396242991475,3.291503429412842,0.03768116049148153,-0.015584519077766184,0.11945744191035435,False,True
M3_S19_R1_sma0.03_rho0.0_beta0.0_shared,94,3,19,1,0.03,0.0,0.0,True,3.5349987342950256e-07,0.06203930251464139,0.012182647672122333,True,True,0.002389948102743505,0.0007530138468832811,9.683861420494406e-05,0.0011080759681666125,0.8693938255310059,3.5349987342950256e-07,0.06203930251464139,0.012182647672122333,True,True,lbfgs,-5.0556614269225975e-05,1.6202547550201416,5.136194101424446e-08,0.06203930251461721,0.011390610610349593,True,True,powell,0.009091785304121913,0.00023244738433385827,4.894286521932461e-14,0.000873866130903534,3.550248861312866,0.06203930251464128,0.042022720809498024,0.0825750613656844,True,False
M3_S19_R1_sma0.03_rho0.0_beta0.0_shared,95,3,19,1,0.03,0.0,0.0,True,0.20855424004597178,-0.0430035514125186,0.03419627254075546,True,True,0.002615463174325653,4.538617578685078e-05,0.001616421626978375,0.0010175149620535338,0.41155004501342773,0.20855424004597178,-0.0430035514125186,0.03419627254075546,True,True,lbfgs,-0.0007025373520264111,1.2522993087768555,0.20380619010929057,-0.043003551412688835,0.03384022525976756,True,True,lbfgs,-6.594506999135774e-06,0.003276412076647739,0.00010886087389668784,0.000791046372019333,2.1465578079223633,-0.043003551412501964,-0.1099234649003941,0.0005041237811350595,False,True
M3_S19_R1_sma0.03_rho0.0_beta0.0_shared,96,3,19,1,0.03,0.0,0.0,True,0.21852709106319956,-0.046517872427596064,0.037805450042033666,True,True,0.0028768129980504395,0.002480285503105951,0.0019924668688974328,0.0008389762946130125,0.4633214473724365,0.21852709106319956,-0.046517872427596064,0.037805450042033666,True,True,lbfgs,-0.0002378413064434426,0.9468822479248047,0.21214595946673764,-0.04651787242734196,0.03728330778272595,True,True,lbfgs,-4.342298325354932e-07,0.004033158395166657,9.407620668989884e-05,0.0006574215607189674,2.1198842525482178,-0.04651787242760001,-0.11629584503009205,0.0011360371715534608,False,True
M3_S19_R1_sma0.03_rho0.0_beta0.0_shared,97,3,19,1,0.03,0.0,0.0,True,0.4803856114267918,-0.022069465375727397,0.03127393075017463,True,True,0.00267206941925173,0.0013826846319301715,0.0013264528842576407,0.0011728511314233795,0.4359011650085449,0.4803856114267918,-0.022069465375727397,0.03127393075017463,True,True,lbfgs,-0.0025264882413011946,0.992990255355835,0.4736823292851555,-0.022069465375624178,0.030801742495500113,True,True,lbfgs,-8.830830893202801e-07,0.002696485008352235,0.00017807443825008446,0.0006725791458035279,1.947268009185791,-0.022069465375722748,-0.07616048722154546,0.025877109460100946,False,True
M3_S19_R1_sma0.03_rho0.0_beta0.0_shared,98,3,19,1,0.03,0.0,0.0,True,0.08737544535441444,0.01504982239790418,0.00880411496322942,True,True,0.0021988306288856637,0.003955567935379941,5.407325925523278e-07,0.000658423435007795,0.6457633972167969,0.08775931150693499,0.015049822397903983,0.008814789725641443,True,True,powell,0.000157911509859332,1.1103544235229492,0.04411673275208416,0.01504982239790527,0.007476389407592092,True,True,powell,0.31832615751625326,3.721478614955615e-05,8.645004386478388e-14,0.0007112662995351589,3.5488345623016357,0.015049822397904233,0.0006650459787936766,0.028191937779853207,True,False
M3_S19_R1_sma0.03_rho0.0_beta0.0_shared,99,3,19,1,0.03,0.0,0.0,True,0.05666379706796005,0.03309337789250226,0.017363691860905868,True,True,0.002887376211269078,0.003502212575199684,0.0003002795235465751,0.001070786571338538,0.5120525360107422,0.05666379706796005,0.03309337789250226,0.017363691860905868,True,True,lbfgs,-5.836024001837359e-06,0.9532995223999023,0.04408830949797846,0.03309337789250241,0.016437786574082867,True,True,powell,0.011467927158150815,0.0006479621690203957,1.064118860285709e-08,0.000925598503767637,3.219224452972412,0.03309337789250271,0.004110322322914774,0.05971870819923494,True,False
M3_S19_R1_sma0.03_rho0.0_beta0.0_shared,100,3,19,1,0.03,0.0,0.0,True,0.9564963368084611,0.0010484089764514612,0.019218948019350528,True,True,0.0027647002894641707,0.0011067843465638048,0.0004085414029050049,0.001385766969310074,0.42965006828308105,0.9564963368084611,0.0010484089764514612,0.019218948019350528,True,True,lbfgs,-7.251262559293536e-07,1.3203003406524658,0.95427973483433,0.0010484089764532445,0.018286229896518003,True,True,lbfgs,-8.996958695206558e-05,0.0008623891285436912,0.0001924109943523195,0.0005830449625954978,1.3982107639312744,0.0010484089764516153,-0.033148977031004605,0.03154386335015915,False,True
M3_S19_R1_sma0.03_rho0.0_beta0.0_shared,101,3,19,1,0.03,0.0,0.0,True,0.29352945318385193,0.015256020063380227,0.014523865770723525,True,True,0.0029013931157248368,0.0009120139573209517,0.00016370911456136872,0.0008194182705616441,0.44658470153808594,0.2935475912264077,0.015256020063380773,0.014524411494532848,True,True,powell,1.0609255696181208e-08,1.3421506881713867,0.2506567766055865,0.015256020063393461,0.01328047515423106,True,True,lbfgs,-1.6526111039638636e-06,0.00037546721527465134,6.624581419282067e-05,0.0007957011230439778,2.100832939147949,0.01525602006338057,-0.007963714334140512,0.03591049414277917,False,True
M3_S19_R1_sma0.03_rho0.0_beta0.0_shared,102,3,19,1,0.03,0.0,0.0,True,0.5086415063973085,-0.029618937016555404,0.04481237048775602,True,True,0.002868465347345357,0.002631192402642902,0.0028612509627114545,0.001253056253544304,0.3791804313659668,0.5086415063973085,-0.029618937016555404,0.04481237048775602,True,True,lbfgs,-3.990923369201482e-05,0.775223970413208,0.5047152887796783,-0.029618937016624033,0.04440027823831127,True,True,lbfgs,-0.005389648054688223,0.005763586542783571,6.216639349610441e-05,0.0007640907696660407,2.106616735458374,-0.029618937016558454,-0.1092998982344368,0.028984201816460012,False,True
M3_S19_R1_sma0.03_rho0.0_beta0.0_shared,103,3,19,1,0.03,0.0,0.0,True,0.5186906987631403,-0.009527520328945951,0.014762995785199788,True,True,0.002912009835320175,7.700437942244396e-11,0.0001736553912875761,0.0011745061391811435,0.6478285789489746,0.5187425904647496,-0.009527520328946232,0.01476482814426172,True,True,powell,1.0423177627671976e-06,1.0505082607269287,0.5701441318120961,-0.009527520328947764,0.016778552176709195,True,True,powell,0.016541032636723685,0.0006762496547330423,3.7464991457647297e-13,0.0009633160429669706,2.883286476135254,-0.00952752032894603,-0.0386205459539906,0.021909058378377172,False,True
M3_S19_R1_sma0.03_rho0.0_beta0.0_shared,104,3,19,1,0.03,0.0,0.0,True,0.6589041719558822,0.014520949274463096,0.03289549953739604,True,True,0.003091999464140277,0.007522380104399623,0.0014604340208200306,0.0009019949965233968,0.4547104835510254,0.6589041719558822,0.014520949274463096,0.03289549953739604,True,True,lbfgs,-6.279216449911473e-06,0.8536796569824219,0.6537887252079488,0.014520949274420915,0.03237633222408148,True,True,powell,9.68181313965033e-06,0.002972277689850307,0.00017398160398032108,0.0008126099392214097,1.8405506610870361,0.014520949274462581,-0.04095667106691129,0.0678060134782276,False,True
M3_S19_R1_sma0.03_rho0.0_beta0.0_shared,105,3,19,1,0.03,0.0,0.0,True,0.0024914109259717033,0.033482565599591764,0.01107087604842124,True,True,0.002637103846275275,0.006898879802076659,4.5051505441607973e-05,0.0008465283686711669,0.5518839359283447,0.0024914109259717033,0.033482565599591764,0.01107087604842124,True,True,lbfgs,-1.0650524018274155e-07,0.9436767101287842,0.000592872549365776,0.03348256559958872,0.009747885327189157,True,True,lbfgs,-0.00017555362580878864,0.0001328086199865211,4.424382518477907e-05,0.0007840298199044849,2.2593064308166504,0.033482565599591375,0.013750065509988705,0.05113928816902804,True,False
M3_S19_R1_sma0.03_rho0.0_beta0.0_shared,106,3,19,1,0.03,0.0,0.0,True,0.001352266976652154,0.03909588528082965,0.012199735514785346,True,True,0.0032049353804296204,0.004329970646104521,5.456951044977569e-05,0.0010997147233242862,0.5677664279937744,0.0013519266256927594,0.03909588528082851,0.012199459677880274,True,True,powell,3.199829734512605e-08,0.9627082347869873,8.260436971386924e-05,0.039095885280835775,0.009931091851077354,True,True,lbfgs,-0.0001340042382480533,0.0001624336448182482,3.832828719759809e-05,0.0006935247759152469,2.000539779663086,0.03909588528082914,0.020676915487682013,0.05660195931638643,True,False
M3_S19_R1_sma0.03_rho0.0_beta0.0_shared,107,3,19,1,0.03,0.0,0.0,True,0.8607505866831471,0.00536145817434186,0.0305637642506116,True,True,0.0033723813828571716,0.007699317269573068,0.0012237217707578853,0.0010765631876850626,0.45380091667175293,0.8607505866831471,0.00536145817434186,0.0305637642506116,True,True,lbfgs,-4.3988004563289e-06,0.8830115795135498,0.858444662495751,0.00536145817432881,0.030060701188016885,True,True,powell,0.004726717860194185,0.0025084044350617315,3.410389892288963e-14,0.001170481288037599,3.109250068664551,0.0053614581743404,-0.04646533743684832,0.04777974061884933,False,True
M3_S19_R1_sma0.03_rho0.0_beta0.0_shared,108,3,19,1,0.03,0.0,0.0,True,0.7462393101264231,0.008803192386972745,0.027203756795405893,True,True,0.002764426983886928,0.0028642766730243934,0.0009645704186287293,0.0011332315894283704,0.4533259868621826,0.7462393101264231,0.008803192386972745,0.027203756795405893,True,True,lbfgs,-0.00012736444296024274,0.8852744102478027,0.7415122984226071,0.008803192386972948,0.026688363896459025,True,True,lbfgs,-4.0651116250955965e-08,0.00197521129162159,7.074161408170246e-05,0.00083612076416837,2.520951509475708,0.008803192386974199,-0.03143804080678656,0.05503085440993088,False,True
M3_S19_R1_sma0.03_rho0.0_beta0.0_shared,109,3,19,1,0.03,0.0,0.0,True,0.4755824323589919,0.019585873736916934,0.02745328111564709,True,True,0.002617024708306116,0.002151646650384483,0.0009927858234796817,0.0015766775500189608,0.376190185546875,0.4755824323589919,0.019585873736916934,0.02745328111564709,True,True,lbfgs,-0.0003901056979884743,0.8277077674865723,0.4688126697708668,0.019585873736907993,0.027036916095374675,True,True,lbfgs,-1.4800311873841565e-06,0.0020284995398587072,7.142501229535724e-05,0.0008406570190791487,2.275357484817505,0.019585873736921285,-0.028201583645417114,0.05918621926256241,False,True
M3_S19_R1_sma0.03_rho0.0_beta0.0_shared,110,3,19,1,0.03,0.0,0.0,True,0.14832295616946137,0.02433755019592189,0.016836996127547254,True,True,0.002514371882246486,0.0014097325537271396,0.00029289129567507,0.0007781675475453239,0.47899460792541504,0.14832295616946137,0.02433755019592189,0.016836996127547254,True,True,lbfgs,-9.243647127732402e-07,1.1412367820739746,0.13249837083084642,0.02433755019592615,0.016178413607868213,True,True,lbfgs,-0.0003164954108569873,0.0006270393568018644,2.4283133052805316e-05,0.0008485400068181544,2.559370756149292,0.024337550195922507,-0.0027677150677487042,0.0485600760452754,False,True
M3_S19_R1_sma0.03_rho0.0_beta0.0_shared,111,3,19,1,0.03,0.0,0.0,True,0.015108071579326433,0.039440805564495425,0.01623226680801868,True,True,0.003107680938628907,0.004026025799498123,0.00023166757392536984,0.0007795009944918121,0.5767824649810791,0.015108071579326433,0.039440805564495425,0.01623226680801868,True,True,lbfgs,-2.273714926559478e-06,1.3476481437683105,0.007126807585359687,0.03944080556447192,0.014657323015071484,True,True,lbfgs,-0.0006467603622013485,0.0005154365268498439,6.180587896785346e-06,0.000714615462656649,2.393287420272827,0.03944080556449486,0.012276121541192953,0.06298115852463236,True,False
M3_S19_R1_sma0.03_rho0.0_beta0.0_shared,112,3,19,1,0.03,0.0,0.0,True,0.9991294828286741,2.3726206409769752e-05,0.02174657852668733,True,True,0.0021137156103881987,0.00041745185436464094,0.0005981223264055968,0.0011363526042183936,0.48549723625183105,0.9991294828286741,2.3726206409769752e-05,0.02174657852668733,True,True,lbfgs,-0.0033112252665432607,1.4517695903778076,0.9991162893388335,2.3726206420902926e-05,0.021421909626231937,True,True,powell,0.005167297931961912,0.0012316572040974908,1.0998342693464351e-13,0.000803271012060853,3.3047475814819336,2.372620641068373e-05,-0.033373656983189726,0.041070871922043936,False,True
M3_S19_R1_sma0.03_rho0.0_beta0.0_shared,113,3,19,1,0.03,0.0,0.0,True,0.18582699197063823,-0.03641617062831364,0.027524925571758906,True,True,0.00215959678699672,1.1362082160871986e-12,0.0010227693028067209,0.0006596757691609474,0.8392481803894043,0.18582699197063823,-0.03641617062831364,0.027524925571758906,True,True,lbfgs,-4.199637260171585e-08,1.094747543334961,0.20684942121175776,-0.0364161706284839,0.028849605906642702,True,True,lbfgs,-4.948814989802486e-06,0.002316602045092155,7.80578813178389e-05,0.0009564817409484902,2.4929354190826416,-0.036416170628322024,-0.08435594179289879,0.007994992397956717,False,True
M3_S19_R1_sma0.03_rho0.0_beta0.0_shared,114,3,19,1,0.03,0.0,0.0,True,0.4285471321835974,-0.00859346604812836,0.01085471802876009,True,True,0.002321206568737117,1.6765090366210174e-05,5.4568588450195306e-05,0.001510025965163466,1.1790070533752441,0.4282445086923651,-0.008593466048128141,0.010847606964134464,True,True,powell,0.24017726547708662,1.7542641162872314,0.46092722102708483,-0.008593466048128424,0.0116549876256201,True,True,powell,1.2350551514828112e-07,0.0002291380697570462,2.7519737039185383e-13,0.0010198930026815603,2.1465656757354736,-0.00859346604812818,-0.03778762559350146,0.015018822397792703,False,True
M3_S19_R1_sma0.03_rho0.0_beta0.0_shared,115,3,19,1,0.03,0.0,0.0,True,0.0007932762973634242,-0.045730772818890854,0.013630103651638149,True,True,0.002229180575354619,0.003170473601812568,0.00016134429489188327,0.0009551439108155496,0.5974297523498535,0.0007932762973634242,-0.045730772818890854,0.013630103651638149,True,True,lbfgs,-2.2417655145545723e-06,0.9552609920501709,0.0005375047199429287,-0.045730772818891645,0.013211891049976703,True,True,lbfgs,-1.1249028375459602e-07,0.00035839121500902047,0.00010385454230714991,0.0008152485938305679,2.144960880279541,-0.045730772818891374,-0.07097607039820415,-0.02356079783296618,True,False
M3_S19_R1_sma0.03_rho0.0_beta0.0_shared,116,3,19,1,0.03,0.0,0.0,True,0.6324563749471456,-0.021392406135188977,0.044728502970429664,True,True,0.003026251046136061,1.7378507821895353e-05,0.002841682096113172,0.0010886937579555704,0.747084379196167,0.6328180205777142,-0.021392406135169576,0.04477607288373718,True,True,powell,0.005028509766361822,1.255678415298462,0.6830307982313072,-0.02139240613502701,0.05238988552913073,True,True,lbfgs,-0.005309299461828232,0.008042439593483858,0.0002965778506032359,0.0007947268212524928,1.9114015102386475,-0.021392406135179873,-0.11317470643054739,0.05773104689938867,False,True
M3_S19_R1_sma0.03_rho0.0_beta0.0_shared,117,3,19,1,0.03,0.0,0.0,True,0.5031928649375454,0.012496278666422908,0.018665803314551144,True,True,0.002502821641035443,0.0016011058066757262,0.0003908908652749408,0.0008975535101653972,0.43915724754333496,0.5030105407925711,0.012496278666423888,0.018657834431500195,True,True,powell,3.6094338611292187e-06,1.084656000137329,0.4876286949006642,0.012496278666431146,0.01800395144435778,True,True,powell,1.2790838582077413e-05,0.0008215951809388473,2.3619561515282253e-13,0.000834984939861571,2.7264626026153564,0.012496278666422587,-0.016603737605382144,0.04402923817621314,False,True
M3_S19_R1_sma0.03_rho0.0_beta0.0_shared,118,3,19,1,0.03,0.0,0.0,True,0.7234746595322643,0.011918561057617788,0.03368549095412351,True,True,0.002435967662344426,0.005330899803817089,0.0015738596268963798,0.0010712875953918545,0.4048337936401367,0.7234746595322643,0.011918561057617788,0.03368549095412351,True,True,lbfgs,-1.1793264320658636e-05,0.8399477005004883,0.7185897501388655,0.011918561057696238,0.03307549028939221,True,True,lbfgs,-2.2891716184858524e-05,0.0031851300806877226,5.216541419060941e-05,0.00046026544466462723,2.28924560546875,0.011918561057613823,-0.030776862480302102,0.08158837855953036,False,True
M3_S19_R1_sma0.03_rho0.0_beta0.0_shared,119,3,19,1,0.03,0.0,0.0,True,0.009680986002239605,0.04343049468568966,0.016787843907520274,True,True,0.0029274027089381516,0.001102130054688961,0.00026867372780868006,0.0008399856668419072,0.4172224998474121,0.009680986002239605,0.04343049468568966,0.016787843907520274,True,True,lbfgs,-2.9700286177103408e-06,1.2494020462036133,0.0060548104349221615,0.04343049468572872,0.015822836657191783,True,True,lbfgs,-5.691128535545431e-06,0.0005852237217926013,5.7876967756404865e-05,0.0008828498815803066,2.0427446365356445,0.043430494685689935,0.02375772184623604,0.06689030417416635,True,False
M3_S19_R1_sma0.03_rho0.0_beta0.0_shared,120,3,19,1,0.03,0.0,0.0,True,0.03860560320316259,-0.043723786020268614,0.021139286895785446,True,True,0.0025629442482605785,0.0005191649192145812,0.0005354123731534523,0.0009631425767666201,0.5125775337219238,0.03860560320316259,-0.043723786020268614,0.021139286895785446,True,True,lbfgs,-0.0034154412435327686,1.3287429809570312,0.029885464636044735,-0.043723786020301594,0.02013431756985755,True,True,lbfgs,-0.004965257041021687,0.0011082448731891566,5.266208129346703e-08,0.0005631344527131656,2.3537817001342773,-0.04372378602026755,-0.07629014254167509,-0.006626114035124127,True,False
M3_S19_R1_sma0.03_rho0.0_beta0.0_shared,121,3,19,1,0.03,0.0,0.0,True,0.2880178478786477,-0.02784701560981663,0.02620945004339208,True,True,0.002844224101238178,0.0015603660511193855,0.0008807069020371959,0.0014251456070912317,0.3565201759338379,0.2880178478786477,-0.02784701560981663,0.02620945004339208,True,True,lbfgs,-2.2707392872689525e-05,0.9600434303283691,0.27357683045233994,-0.027847015609877505,0.025434255655425755,True,True,powell,1.420156036147091e-05,0.0018096627374798154,6.511663792904893e-13,0.0007258096725307024,2.691398859024048,-0.02784701560981419,-0.06705930506541803,0.016579032808374104,False,True
M3_S19_R1_sma0.03_rho0.0_beta0.0_shared,122,3,19,1,0.03,0.0,0.0,True,0.8577004657765428,-0.005578922903395096,0.0311146474353135,True,True,0.0029439392596959523,0.003039016747480119,0.0012972377559727919,0.000948994210479032,0.5493876934051514,0.8577004657765428,-0.005578922903395096,0.0311146474353135,True,True,lbfgs,-0.00012808578389922332,1.1205716133117676,0.8552172127868889,-0.00557892290337554,0.030575174829692832,True,True,lbfgs,-0.00015868850675815338,0.0026414157340739616,5.20127421381036e-05,0.0008670018713025028,2.4291367530822754,-0.005578922903393832,-0.04475624655075601,0.04739314048703355,False,True
M3_S19_R1_sma0.03_rho0.0_beta0.0_shared,123,3,19,1,0.03,0.0,0.0,True,0.935636225864765,0.000943043265392339,0.011677727630225029,True,True,0.0019048142207487375,0.00031365148649505715,0.00010430060386917428,0.0008344893689374262,0.5517840385437012,0.935636225864765,0.000943043265392339,0.011677727630225029,True,True,lbfgs,-1.7240881788893603e-07,1.7209978103637695,0.9345389010520122,0.0009430432653903068,0.011481544067928959,True,True,powell,0.0014692678514620638,0.00023925151830834175,1.894070438555998e-13,0.0008856759198902677,3.0773329734802246,0.0009430432653925113,-0.018623842236391054,0.020699305935930074,False,True
M3_S19_R1_sma0.03_rho0.0_beta0.0_shared,124,3,19,1,0.03,0.0,0.0,True,0.3553205573670215,-0.013939091633328998,0.015080400212277729,True,True,0.0032287387377997402,0.0020748396644971003,0.00017119408806476864,0.0011335348299079716,0.5536346435546875,0.3552983725576434,-0.01393909163332956,0.015079704838465506,True,True,powell,5.153606252861209e-08,1.289419412612915,0.3166225512019353,-0.013939091633330708,0.013919290302873253,True,True,lbfgs,-2.090824182232609e-06,0.00039568336677962113,7.334444663643725e-05,0.0009779220222510413,2.4874820709228516,-0.013939091633329128,-0.03590040508184787,0.009389579353427878,False,True
M3_S19_R1_sma0.03_rho0.0_beta0.0_shared,125,3,19,1,0.03,0.0,0.0,True,0.29941103950957193,0.018762115161235958,0.01808052945988385,True,True,0.0026492243405261797,0.0023220346198249645,0.0003509254582968741,0.0007943827279226029,0.5581247806549072,0.2994127780620085,0.01876211516123479,0.018080594505263982,True,True,powell,2.353476702410262e-08,1.2860443592071533,0.27471477237716213,0.01876211516121632,0.01717718884227491,True,True,powell,0.007779756996455944,0.0007452741583087278,3.5374865544642493e-14,0.0007699036339862456,3.0107812881469727,0.018762115161235347,-0.007334785552153173,0.049189012911185805,False,True
M3_S19_R1_sma0.03_rho0.0_beta0.0_shared,126,3,19,1,0.03,0.0,0.0,True,0.4058896211891656,-0.01874734599747447,0.02255594649379266,True,True,0.0030889600435158766,0.0019554256434733803,0.0006005792389506707,0.0007663146875952824,0.44142818450927734,0.40572527934667824,-0.018747345997473224,0.022548052477781636,True,True,powell,4.193665517959744e-06,1.3665261268615723,0.3859752784290663,-0.018747345997479684,0.02162475085642949,True,True,lbfgs,-8.867864801231917e-05,0.0012515730465886222,9.596432260291659e-06,0.0008399223480264176,2.2265517711639404,-0.018747345997473897,-0.05166499621084896,0.018908767510033887,False,True
M3_S19_R1_sma0.03_rho0.0_beta0.0_shared,127,3,19,1,0.03,0.0,0.0,True,0.0004445004983324547,0.03954240352107775,0.011258752261927272,True,True,0.0026780065123766326,0.01066887862148682,4.9191542565457484e-05,0.0006493697571049822,0.8549807071685791,0.0004445004983324547,0.03954240352107775,0.011258752261927272,True,True,lbfgs,-1.5239431832014816e-06,1.2650787830352783,4.496280884502094e-05,0.03954240352107659,0.009690871243738781,True,True,lbfgs,-0.00020759426922722923,0.00014218133164931688,4.238317225880912e-05,0.0007169468175428919,2.307047128677368,0.03954240352107675,0.02373211514825766,0.054849687240826894,True,False
M3_S19_R1_sma0.03_rho0.0_beta0.0_shared,128,3,19,1,0.03,0.0,0.0,True,0.000556503356793289,0.050868001282680465,0.014735920847966944,True,True,0.0028145527733138592,0.009706144323056328,0.00017758668836611157,0.0013542862118641184,0.6706902980804443,0.000556503356793289,0.050868001282680465,0.014735920847966944,True,True,lbfgs,-2.6029420041595586e-07,1.0442118644714355,0.0001984804093512409,0.050868001282710344,0.01367072923765683,True,True,lbfgs,-0.0005709416468562267,0.000401101126105587,2.5390967564065806e-10,0.0008841252726597046,2.546771287918091,0.05086800128267999,0.02849667063667088,0.07587370123547232,True,False
M3_S19_R1_sma0.03_rho0.0_beta0.0_shared,129,3,19,1,0.03,0.0,0.0,True,0.08239014546450371,-0.018520879094353074,0.010662670570875806,True,True,0.002465984814286482,0.0006549109683862205,4.0750141118402894e-05,0.0008326877104548783,0.7874493598937988,0.08239197621303167,-0.01852087909435309,0.010662734237952772,True,True,powell,4.456524038687348e-09,1.7611708641052246,0.05857680859008493,-0.01852087909435356,0.009792380144472321,True,True,powell,4.800307351615629e-07,0.00012147702725486364,9.985844013702027e-14,0.0009275197609977514,2.3567073345184326,-0.018520879094353543,-0.037288876673800264,0.0003634118404776355,False,True
M3_S19_R1_sma0.03_rho0.0_beta0.0_shared,130,3,19,1,0.03,0.0,0.0,True,0.05877309093507112,-0.019287339454986317,0.010205552344753977,True,True,0.0022041371809045627,0.0007842379389031449,4.022272794466494e-05,0.001221323893599376,0.5858137607574463,0.05876251787809043,-0.01928733945498679,0.01020512551537938,True,True,powell,6.906839189468883e-08,1.549617052078247,0.03870189727255117,-0.019287339454990796,0.00932953294158313,True,True,lbfgs,-0.0007007901590441179,0.00011644558257137614,8.88354183629623e-07,0.0008152401472018262,2.241574287414551,-0.019287339454986428,-0.03590618225826105,-0.0026599186165682785,True,False
M3_S19_R1_sma0.03_rho0.0_beta0.0_shared,131,3,19,1,0.03,0.0,0.0,True,0.2043461472099556,-0.03812165088854849,0.030034402346523482,True,True,0.002672104482391414,0.0009160174541519198,0.0012124609084486614,0.0013567493138728847,0.4106636047363281,0.2043461472099556,-0.03812165088854849,0.030034402346523482,True,True,lbfgs,-0.0006076592085264565,1.1635057926177979,0.19878036080651684,-0.038121650888501175,0.029665866660420752,True,True,lbfgs,-1.806863565434469e-07,0.002469366740976941,3.388397208950257e-05,0.0009373601334180591,2.225522041320801,-0.038121650888547964,-0.08968038947450489,0.00044441335000996367,False,True
M3_S19_R1_sma0.03_rho0.0_beta0.0_shared,132,3,19,1,0.03,0.0,0.0,True,0.3750035532205933,0.02391104032045767,0.026952951552876678,True,True,0.0024863246598236504,0.010910426237314483,0.0009588332034952946,0.0009452784194809485,0.4899270534515381,0.3750035532205933,0.02391104032045767,0.026952951552876678,True,True,lbfgs,-1.4928673408576287e-06,0.9465475082397461,0.3687854497477606,0.02391104032053808,0.02660475208244515,True,True,powell,0.004101436833821026,0.001958763575382289,2.4487729995789433e-13,0.000942470659367545,2.8474013805389404,0.02391104032045746,-0.013328601627216713,0.06826301958873937,False,True
M3_S19_R1_sma0.03_rho0.0_beta0.0_shared,133,3,19,1,0.03,0.0,0.0,True,0.4474295963497177,-0.013011034411917862,0.01712637924065412,True,True,0.003007707989603307,0.009142243892000702,0.0002816688783366342,0.0005238213704279624,0.5901098251342773,0.4474295963497177,-0.013011034411917862,0.01712637924065412,True,True,lbfgs,-4.3766658563981764e-07,1.0648043155670166,0.4178825132609144,-0.013011034411921476,0.016061016014255525,True,True,powell,1.1095903573732357e-07,0.000613143187487783,0.00012729451635888308,0.0007647395378104261,2.1158223152160645,-0.0130110344119185,-0.04841365350023573,0.01826480602882548,False,True
M3_S19_R1_sma0.03_rho0.0_beta0.0_shared,134,3,19,1,0.03,0.0,0.0,True,0.5763675460156328,0.018749354472961253,0.03355898857209649,True,True,0.0025120536412495433,0.003602282433759598,0.00155709522143384,0.0006303593475370347,0.4131612777709961,0.5763675460156328,0.018749354472961253,0.03355898857209649,True,True,lbfgs,-6.0712954564223764e-05,0.8699359893798828,0.5721710566088257,0.018749354472907518,0.03319310128438639,True,True,lbfgs,-0.0003086113663357537,0.003151139475158325,3.326436009185505e-05,0.0008353150599570773,2.020397424697876,0.018749354472964188,-0.0248279574561911,0.08243524057521795,False,True
M3_S19_R1_sma0.03_rho0.0_beta0.0_shared,135,3,19,1,0.03,0.0,0.0,True,0.03561925699659613,-0.028920114137715294,0.013763307706322841,True,True,0.003130614344966364,0.0037029957865432157,0.00011937378247752556,0.000912206129460733,0.6201066970825195,0.03561124305604283,-0.02892011413771504,0.013762709388708862,True,True,powell,4.6211539483920205e-07,1.4731171131134033,0.017401875675528478,-0.028920114137731587,0.012160991892761134,True,True,lbfgs,-0.00021514742400086106,0.00029023152223339326,4.11540396973953e-05,0.0008018224124717265,2.087740182876587,-0.02892011413771523,-0.05153135790361717,-0.008270970234457532,True,False
M3_S19_R1_sma0.03_rho0.0_beta0.0_shared,136,3,19,1,0.03,0.0,0.0,True,0.4569327171032578,-0.015441566555923394,0.020757387365338803,True,True,0.002422155295683726,0.0005496939897539643,0.0005188218376845203,0.0021013501516059666,0.5775406360626221,0.0967011618256343,-0.01544156655592329,0.009296205838782778,True,True,powell,3.462105238176491,1.521651029586792,0.06761416407807293,-0.015441566555922097,0.00844923560025844,True,True,lbfgs,-0.00016062425027030258,3.103053935228561e-05,5.667817313523602e-05,0.0009742351157556177,2.2716360092163086,-0.015441566555922834,-0.03649301269133947,0.002619415085522361,False,True
M3_S19_R1_sma0.03_rho0.0_beta0.0_shared,137,3,19,1,0.03,0.0,0.0,True,0.6821568618961571,-0.007331535217937399,0.017902679207259273,True,True,0.0028422554737719463,0.0003176998960064774,0.0003311664908406318,0.0015643850724151183,0.5546858310699463,0.6821568618961571,-0.007331535217937399,0.017902679207259273,True,True,lbfgs,-0.0041492709542581,1.1784076690673828,0.668912175031708,-0.007331535217933022,0.01714411692996313,True,True,lbfgs,-3.245645530114416e-09,0.0007099573368908046,0.00015045079885574734,0.0008243529428234675,2.058640241622925,-0.007331535217937666,-0.033296030442559896,0.023250751190737037,False,True
M3_S19_R1_sma0.03_rho0.0_beta0.0_shared,138,3,19,1,0.03,0.0,0.0,True,0.08161925453358994,-0.04125508024723379,0.02369120255245024,True,True,0.0021106370242619014,0.007473370747256915,0.000730823458400174,0.0011535079049407727,0.4957921504974365,0.08161925453358994,-0.04125508024723379,0.02369120255245024,True,True,lbfgs,-8.148103916028049e-07,0.8907768726348877,0.07751248935429185,-0.04125508024729624,0.02336994232273583,True,True,powell,0.01683125682757236,0.001495499463551926,8.69183218905874e-14,0.0007815689991041475,3.3343734741210938,-0.04125508024723529,-0.07439839966840175,0.003423345344383121,False,True
M3_S19_R1_sma0.03_rho0.0_beta0.0_shared,139,3,19,1,0.03,0.0,0.0,True,0.27026004205027887,-0.012438733703516806,0.01128266752316391,True,True,0.002309955662449407,0.003666037992055674,6.93712658442615e-05,0.0011958237817305919,0.5464789867401123,0.27026004205027887,-0.012438733703516806,0.01128266752316391,True,True,lbfgs,-5.273454917187337e-08,1.0484168529510498,0.2188755906355232,-0.0124387337035199,0.010116710785293618,True,True,lbfgs,-3.39547011662944e-06,0.00017595932628015914,1.0036676341049886e-05,0.0006941974163700924,2.1769490242004395,-0.012438733703516664,-0.028015824547566032,0.0038227442179538437,False,True
M3_S19_R1_sma0.03_rho0.0_beta0.0_shared,140,3,19,1,0.03,0.0,0.0,True,0.08128103922693194,0.01922840814771058,0.011029883776484353,False,True,0.002437950361515919,0.0018063549097557831,5.417432726224097e-05,0.0008072002499259074,1.747882604598999,0.03669301249559274,0.01922840814771173,0.009203879267799368,True,True,powell,1.4648941180989823,2.357403516769409,0.004427244244690341,0.019228408147710027,0.00675629661926936,True,True,powell,0.43482130959512233,1.5267585561145791e-06,9.549902684642599e-05,0.0006472774158648432,2.949679374694824,0.019228408147710773,0.007204926392519912,0.031693379284616255,True,False
M3_S19_R1_sma0.03_rho0.0_beta0.0_shared,141,3,19,1,0.03,0.0,0.0,True,0.09083919492745196,-0.027759329228614585,0.01641604662789929,True,True,0.002508636636732615,0.001207100953914025,0.00027219637313759503,0.0007915702197051868,0.5021359920501709,0.09083919492745196,-0.027759329228614585,0.01641604662789929,True,True,lbfgs,-4.259044931131939e-05,1.2337357997894287,0.07192321071617508,-0.02775932922864724,0.015425244300787002,True,True,powell,1.6990736526167893e-05,0.0005854924462241221,2.4713056553747784e-13,0.0007048354780735972,2.206507444381714,-0.02775932922861453,-0.04999376908082669,-0.0068029276723332414,True,False
M3_S19_R1_sma0.03_rho0.0_beta0.0_shared,142,3,19,1,0.03,0.0,0.0,True,0.7724558188711294,0.00377720053424076,0.013062481846216313,True,True,0.0026635465049268613,0.005712030903042152,0.00011575598982005088,0.0009757023734178021,0.6113865375518799,0.7724558188711294,0.00377720053424076,0.013062481846216313,True,True,lbfgs,-6.734762791893445e-07,1.0559043884277344,0.7488835711234894,0.0037772005342428484,0.011799628701391188,True,True,powell,4.709660515800351e-06,0.0002753765822763266,3.340679694613622e-14,0.0007923664360383839,2.468707799911499,0.003777200534240616,-0.020643484577775973,0.02517811240828787,False,True
M3_S19_R1_sma0.03_rho0.0_beta0.0_shared,143,3,19,1,0.03,0.0,0.0,True,0.7760368795368775,0.0037225477229474793,0.013085105235424067,True,True,0.002827500275860802,0.0012641626297815024,0.00010801416454050985,0.0013563550963808693,0.468944787979126,0.7760297589629516,0.003722547722947337,0.013084677820296962,True,True,powell,1.2468262866605073e-08,1.370664358139038,0.7495695137714957,0.0037225477229483146,0.011661859477718394,True,True,lbfgs,-0.00026956694739510567,0.0002622145539166017,1.1125784510860946e-06,0.0007946339644809198,2.341099500656128,0.003722547722947481,-0.015450557997357074,0.024028900322629235,False,True
M3_S19_R1_sma0.03_rho0.0_beta0.0_shared,144,3,19,1,0.03,0.0,0.0,True,0.9672164434603427,-0.0010045980578570958,0.02444297569649135,True,True,0.003080048485402286,1.905700522379562e-09,0.0007340807763275636,0.0012364520771262074,0.7522134780883789,0.9672149765933472,-0.0010045980578574111,0.02444188145326893,True,True,powell,2.4918108465499245e-07,1.2116050720214844,0.9670059661338821,-0.0010045980578594683,0.024286959634278793,True,True,lbfgs,-1.5065860338836501e-05,0.0015974643367389705,6.166948695578987e-05,0.0009331549137472377,2.0626068115234375,-0.0010045980578573688,-0.03992519565058175,0.030727756324060905,False,True
M3_S19_R1_sma0.03_rho0.0_beta0.0_shared,145,3,19,1,0.03,0.0,0.0,True,0.5905290421341938,0.015470813116887933,0.028752441897983236,True,True,0.0031875944620285237,0.0005548920192379003,0.0010722862430646756,0.0006176281275091368,0.5310428142547607,0.5905290421341938,0.015470813116887933,0.028752441897983236,True,True,lbfgs,-0.036719312423429074,0.9825921058654785,0.5796326553292095,0.015470813116926078,0.0279296192427968,True,True,powell,0.004253484789387585,0.0021979874156565857,3.5810885119018795e-14,0.0007852876857392604,2.620699644088745,0.01547081311688441,-0.040265749664179507,0.05683668160170816,False,True
M3_S19_R1_sma0.03_rho0.0_beta0.0_shared,146,3,19,1,0.03,0.0,0.0,True,0.9194180844754973,0.003519920970139118,0.03479325655507448,True,True,0.002574577667513236,0.0005650861173274876,0.0016803519647976262,0.0007216695953771798,0.5002634525299072,0.9194180844754973,0.003519920970139118,0.03479325655507448,True,True,lbfgs,-0.008326657787165459,1.0139930248260498,0.918381808902788,0.0035199209701394546,0.03434997966202444,True,True,lbfgs,-8.963162372310762e-07,0.003401641522217408,0.00015871153688517346,0.0006112105920015731,1.864992380142212,0.003519920970143048,-0.06177022253725682,0.04867829081794117,False,True
M3_S19_R1_sma0.03_rho0.0_beta0.0_shared,147,3,19,1,0.03,0.0,0.0,True,0.2706472995320297,0.03148812468773925,0.028584688668849556,True,True,0.0026718520832474247,0.0012028143338580716,0.0010850028455875514,0.0011168334720206203,0.5219578742980957,0.2706472995320297,0.03148812468773925,0.028584688668849556,True,True,lbfgs,-0.00011874588244609185,1.172896385192871,0.26146616859784977,0.031488124687889155,0.028040977565840324,True,True,lbfgs,-0.00017805410584514902,0.0022132666941431923,2.736093655800987e-05,0.0007619714669287487,1.8763322830200195,0.03148812468774072,-0.011674881892240873,0.09067882567358602,False,True
M3_S19_R1_sma0.03_rho0.0_beta0.0_shared,148,3,19,1,0.03,0.0,0.0,True,0.8299142976318684,-0.003247611140273471,0.015118424089449587,True,True,0.002516885778612021,0.0016096604000235383,0.00021038244786414964,0.0005707705581118441,0.5704805850982666,0.8299142976318684,-0.003247611140273471,0.015118424089449587,True,True,lbfgs,-4.597713996190578e-07,1.1920604705810547,0.8150438805811865,-0.003247611140273316,0.013883181498789487,True,True,lbfgs,-8.162859865024075e-05,0.0004619999777266239,5.220226500899828e-05,0.0005702374175735949,1.960979700088501,-0.0032476111402733837,-0.024781629666123173,0.01917188612492382,False,True
M3_S19_R1_sma0.03_rho0.0_beta0.0_shared,149,3,19,1,0.03,0.0,0.0,True,0.6973570542025862,-0.019908882493452185,0.05119404012917126,True,True,0.0022159934832736558,0.0005369860216281729,0.0038146133811581178,0.0014143605245531621,0.35953617095947266,0.6973570542025862,-0.019908882493452185,0.05119404012917126,True,True,lbfgs,-0.001307564007674955,0.7183146476745605,0.6961432987560265,-0.019908882493711207,0.0509788941136497,True,True,lbfgs,-0.006600127966862601,0.007666764907959486,6.61081481249493e-05,0.0006427231497985474,2.0654170513153076,-0.01990888249343262,-0.08522105729276588,0.0735235674364882,False,True
M3_S19_R1_sma0.03_rho0.0_beta0.0_shared,150,3,19,1,0.03,0.0,0.0,True,0.4726390375911139,-0.026452310417897633,0.03683181940477907,True,True,0.0027458272576309766,0.006188513029435614,0.0018903571569135514,0.0006834590426692052,0.36204981803894043,0.4726390375911139,-0.026452310417897633,0.03683181940477907,True,True,lbfgs,-2.2835078425487154e-05,0.7701470851898193,0.4670314237441421,-0.02645231041790548,0.036369683208040224,True,True,lbfgs,-2.2100300611782586e-07,0.0038189865854378956,0.00010491488469386205,0.0007276675578203897,1.99863862991333,-0.02645231041789943,-0.07465229361348344,0.03645402462430968,False,True
M3_S19_R1_sma0.03_rho0.0_beta0.0_shared,151,3,19,1,0.03,0.0,0.0,True,0.4349277295619234,-0.029290469002901193,0.037514028417931,True,True,0.0026557683876053543,8.50583294229467e-05,0.0019711762086532278,0.0010364293619667885,0.4096565246582031,0.4349277295619234,-0.029290469002901193,0.037514028417931,True,True,lbfgs,-0.0012646158916140848,0.8465230464935303,0.4285523459739188,-0.029290469002769215,0.03699826941866684,True,True,lbfgs,-0.0063002274137033965,0.003983336825362853,9.007970079929371e-05,0.0005808355775971882,1.5905075073242188,-0.029290469002892675,-0.09725260074581162,0.014672590397337554,False,True
M3_S19_R1_sma0.03_rho0.0_beta0.0_shared,152,3,19,1,0.03,0.0,0.0,True,0.8880451821275941,-0.003397289380745926,0.02413221572164817,True,True,0.0025429874522638596,0.0019396267862022414,0.0007397043085981868,0.0014605576644523594,0.36100292205810547,0.8880451821275941,-0.003397289380745926,0.02413221572164817,True,True,lbfgs,-6.118859801063081e-07,1.148444652557373,0.8856379557777252,-0.003397289380744213,0.02362084677126737,True,True,lbfgs,-0.0002313627411467678,0.0015172454560665218,4.777955263988844e-09,0.0008468412491138483,2.3146045207977295,-0.003397289380745265,-0.04505439921265357,0.030018934588977662,False,True
M3_S19_R1_sma0.03_rho0.0_beta0.0_shared,153,3,19,1,0.03,0.0,0.0,True,0.2008254949962548,0.037657352138572554,0.029438130660386093,True,True,0.0030903241841766503,0.0008918659770658394,0.00113725666389433,0.0007263540808371257,0.46933889389038086,0.2008254949962548,0.037657352138572554,0.029438130660386093,True,True,lbfgs,-0.004130102315230033,1.1118340492248535,0.19207712038709746,0.037657352138567975,0.028868175483693272,True,True,lbfgs,-9.723737548483768e-07,0.0023265389763129428,8.940008054114917e-05,0.0008986572502163166,2.568849563598633,0.037657352138567905,-0.004938216375655014,0.08190665104003268,False,True
M3_S19_R1_sma0.03_rho0.0_beta0.0_shared,154,3,19,1,0.03,0.0,0.0,True,0.6418273406639751,0.009691351011411019,0.020835100487926934,True,True,0.0025286547202447015,0.007614885586360366,0.000518065027973803,0.0009026712897815078,0.43378138542175293,0.6416807225678307,0.009691351011410675,0.020825932670337798,True,True,powell,5.908138518861961e-06,0.8333806991577148,0.6339505676785353,0.009691351011396853,0.020352550126855894,True,True,lbfgs,-8.406298093177611e-07,0.001075643338696625,8.250622121563091e-05,0.0008647029352565357,2.46920108795166,0.009691351011410537,-0.028786775257063562,0.038601683482124796,False,True
M3_S19_R1_sma0.03_rho0.0_beta0.0_shared,155,3,19,1,0.03,0.0,0.0,True,0.14737152557297983,0.020771313095910366,0.014336132097921221,True,True,0.002208068935912006,0.00605077936944086,0.00019207287077189502,0.001446779005907712,0.591529130935669,0.14737152557297983,0.020771313095910366,0.014336132097921221,True,True,lbfgs,-3.068530531891156e-07,1.2026164531707764,0.12225076922373752,0.020771313095916125,0.01344078000824938,True,True,powell,0.0005158213235745279,0.00041973637946721674,4.677192335889913e-13,0.0006483502563140978,2.28948974609375,0.02077131309591079,-0.002228298340142831,0.03834349284343394,False,True
M3_S19_R1_sma0.03_rho0.0_beta0.0_shared,156,3,19,1,0.03,0.0,0.0,True,0.9960387925855151,-0.0001254701563766485,0.02527267039793196,True,True,0.0029631998605827055,0.0030029726273759863,0.0008021039161646373,0.0011491786170505845,0.6477024555206299,0.9960387925855151,-0.0001254701563766485,0.02527267039793196,True,True,lbfgs,-9.124191205955867e-05,1.1083006858825684,0.9959177237179453,-0.00012547015637233197,0.024523147607099494,True,True,powell,1.5755510958115337e-05,0.001655018248033864,1.0677107749737953e-11,0.0008464853536859946,2.098754405975342,-0.00012547015637642044,-0.03877087675285001,0.0377903723816111,False,True
M3_S19_R1_sma0.03_rho0.0_beta0.0_shared,157,3,19,1,0.03,0.0,0.0,True,0.6353621478245783,0.004775728065604961,0.01007127083959758,True,True,0.0028903171354201836,0.0013403440455111964,2.378999100212248e-08,0.001023750939778026,1.1779417991638184,0.6352645583479146,0.004775728065605163,0.010068364755354527,True,True,powell,0.006804231251635429,2.004506826400757,0.5102809802146526,0.004775728065605836,0.007253533282790076,True,True,lbfgs,-3.129576953142532e-06,1.0422884110917429e-05,6.413419742407159e-05,0.000756137906097872,2.710392951965332,0.004775728065605477,-0.009088297622976154,0.01834586511044995,False,True
M3_S19_R1_sma0.03_rho0.0_beta0.0_shared,158,3,19,1,0.03,0.0,0.0,True,0.8228226167813364,-0.006396053426463583,0.028564513629604934,True,True,0.0016917706788558593,0.0037257188742753746,0.0011348565962986479,0.0009672291158854473,0.5257880687713623,0.8228226167813364,-0.006396053426463583,0.028564513629604934,True,True,lbfgs,-8.026752311707241e-06,0.8803040981292725,0.8218370092014827,-0.006396053426429408,0.028403817813478567,True,True,powell,8.812003216007724e-08,0.0022971088610040957,3.188143101183497e-05,0.0006286005361536474,1.9848878383636475,-0.006396053426461482,-0.05155457949581369,0.04011716079324166,False,True
M3_S19_R1_sma0.03_rho0.0_beta0.0_shared,159,3,19,1,0.03,0.0,0.0,True,0.31307820992091995,0.019981321831429696,0.019807333137373494,True,True,0.0032311548029657204,0.00040238168955927355,0.0004184348899188917,0.0009660754393593766,0.5174505710601807,0.31307820992091995,0.019981321831429696,0.019807333137373494,True,True,lbfgs,-0.003258574227857025,1.1281187534332275,0.2855596179232892,0.019981321831465525,0.01871062158380424,True,True,lbfgs,-2.360267774292879e-05,0.0008906810490623907,0.00022280744300069073,0.0006941530201140414,1.609586238861084,0.01998132183142972,-0.00933910931455985,0.049971240786145586,False,True
M3_S19_R1_sma0.03_rho0.0_beta0.0_shared,160,3,19,1,0.03,0.0,0.0,True,0.010417797597721403,-0.05625209799117594,0.021959371803315537,True,True,0.002494799447197609,0.0006397500429300618,0.0005920157809313929,0.0006100856645160566,0.5126750469207764,0.010417797597721403,-0.05625209799117594,0.021959371803315537,True,True,lbfgs,-0.003923009432355684,1.142524242401123,0.008693105794409253,-0.05625209799112778,0.02143841051215461,True,True,powell,6.386467259744677e-05,0.0012246772295057048,8.771665708991565e-14,0.0008577530971396934,2.4962775707244873,-0.05625209799117774,-0.09361757627708507,-0.014910524376902306,True,False
M3_S19_R1_sma0.03_rho0.0_beta0.0_shared,161,3,19,1,0.03,0.0,0.0,True,0.07925542288955065,-0.01812496523936785,0.010327481867248611,True,True,0.0028166900727651404,0.022495194387140247,1.173847664251468e-05,0.0006977767101873097,1.1063120365142822,0.06781624922328065,-0.018124965239368154,0.009924821318310753,True,True,powell,0.40803261826636117,1.52675461769104,0.02444539466981258,-0.01812496523936827,0.0080553398422412,True,True,lbfgs,-1.6855276498972671e-06,2.6557752227631486e-05,0.00018272374679348058,0.0007686593836810431,2.1548993587493896,-0.018124965239367852,-0.03657009251420108,0.002282420373677435,False,True
M3_S19_R1_sma0.03_rho0.0_beta0.0_shared,162,3,19,1,0.03,0.0,0.0,True,0.9094913911460629,0.0037658240617754446,0.03312650311991751,True,True,0.0021838500557996876,0.004049946603747616,0.001531108336809656,0.0006970638760739282,0.3976140022277832,0.9094913911460629,0.0037658240617754446,0.03312650311991751,True,True,lbfgs,-1.3981663187223603e-05,0.8046908378601074,0.9091292849097831,0.003765824061763332,0.03299392768836644,True,True,lbfgs,-0.00020989931408621487,0.0031083638869631174,4.120684000339993e-05,0.000841111027823521,2.010374069213867,0.003765824061770888,-0.045924876231621184,0.0605921207733616,False,True
M3_S19_R1_sma0.03_rho0.0_beta0.0_shared,163,3,19,1,0.03,0.0,0.0,True,0.0331078338843686,0.04991676520544582,0.023426597422893755,True,True,0.003259800012504379,3.117622884252274e-05,0.0006516397785107206,0.0009715789596336904,0.829124927520752,0.04145246028808813,0.04991676520544158,0.02448129569806057,True,True,powell,0.16047872232684313,1.355109691619873,0.1183643057396334,0.04991676520524042,0.03196358346929756,True,True,lbfgs,-2.087744974232919e-06,0.00288893652565956,8.116253521835562e-05,0.0009244642957832904,2.1368002891540527,0.049916765205444906,-0.001687474066721037,0.09962540372677742,False,True
M3_S19_R1_sma0.03_rho0.0_beta0.0_shared,164,3,19,1,0.03,0.0,0.0,True,0.4948274159705258,-0.015400063743058403,0.02255920570966787,True,True,0.0029577508842570602,8.834960602893322e-06,0.0006077055442053098,0.0007512667191016534,0.5548191070556641,0.4948274159705258,-0.015400063743058403,0.02255920570966787,True,True,lbfgs,-0.0001644374174247787,1.0780973434448242,0.4790451353084393,-0.015400063743043027,0.021756444511158372,True,True,lbfgs,-0.000439546205257102,0.0012648375176186864,4.907159828381678e-05,0.00081428112059582,2.0089080333709717,-0.015400063743059408,-0.052711477272213314,0.023268261383244317,False,True
M3_S19_R1_sma0.03_rho0.0_beta0.0_shared,165,3,19,1,0.03,0.0,0.0,True,0.17076041068525016,0.013520569822799117,0.009870725446462392,True,True,0.002776789342110218,0.0010708002839837215,2.3779676649939215e-11,0.0012681334647685581,0.5175409317016602,0.17076026952912482,0.013520569822799812,0.00987072218894817,True,True,powell,2.247079464723356e-07,1.434624195098877,0.10763835750867774,0.013520569822801067,0.00840361458764827,True,True,lbfgs,-0.0015703226416690086,3.473150191492699e-05,9.108815370820254e-05,0.0009168356810974998,2.270016670227051,0.013520569822799627,-0.002265190407133177,0.029491901043649744,False,True
M3_S19_R1_sma0.03_rho0.0_beta0.0_shared,166,3,19,1,0.03,0.0,0.0,True,0.6157853064883102,0.01796410778639687,0.03579701511490912,True,True,0.0027130478868708802,3.406886296011766e-12,0.0017793474426590703,0.0008287908499983435,0.46209096908569336,0.6157853064883102,0.01796410778639687,0.03579701511490912,True,True,lbfgs,-2.2696440282743424e-08,0.812570333480835,0.6988750470379053,0.017964107786276003,0.04643814473372989,True,True,powell,3.847621883323882e-07,0.006295885853271837,9.289680688520167e-05,0.0008700774373400998,2.0869548320770264,0.017964107786393957,-0.06712315359281097,0.08206794543368942,False,True
M3_S19_R1_sma0.03_rho0.0_beta0.0_shared,167,3,19,1,0.03,0.0,0.0,True,0.5195175314524442,-0.01327770437549231,0.020614694998696396,True,True,0.0031554569409228948,1.7966704333364106e-08,0.0004713717937326286,0.0007439183716801172,0.822174072265625,0.5192919381962503,-0.013277704375491755,0.020603564496513245,True,True,powell,1.8732485386863118e-05,1.122880220413208,0.5369110903047036,-0.013277704375461828,0.0215026778802006,True,True,lbfgs,-3.0344582455654745e-06,0.001215535145149912,9.530700412336802e-05,0.0008871040184221261,2.0815420150756836,-0.013277704375491311,-0.04631848392751759,0.020817588599098845,False,True
M3_S19_R1_sma0.03_rho0.0_beta0.0_shared,168,3,19,1,0.03,0.0,0.0,True,0.09167854997885695,0.027098393400298584,0.016066789956978345,False,True,0.00272796794915289,0.0008547838791956647,0.00024363534880076984,0.0010590560024645367,1.1733591556549072,0.053001838112727476,0.02709839340029979,0.014005018394563787,True,True,powell,0.1067265118360865,2.250788450241089,0.03327078256575598,0.0270983934003082,0.01272941987835557,True,True,powell,2.713511548790848e-08,0.0003475795990407747,0.00012050131220573543,0.0006572727661922626,2.042602062225342,0.027098393400299597,0.0028034060006141216,0.04984433253127297,True,False
M3_S19_R1_sma0.03_rho0.0_beta0.0_shared,169,3,19,1,0.03,0.0,0.0,True,0.7131569522403562,0.008690893932477253,0.023641001868080446,True,True,0.002214622686980731,0.000768237794868006,0.0007217863652014971,0.0008737734864544994,0.40991640090942383,0.7131569522403562,0.008690893932477253,0.023641001868080446,True,True,lbfgs,-0.0018202664552973147,0.9867372512817383,0.7084500854695747,0.008690893932490958,0.023241507233808332,True,True,powell,1.8835953596862964e-07,0.0014797867877641238,0.00013530306423975997,0.0006294534890812923,1.9868512153625488,0.008690893932477756,-0.028385433879809966,0.04365666916882796,False,True
M3_S19_R1_sma0.03_rho0.0_beta0.0_shared,170,3,19,1,0.03,0.0,0.0,True,0.43851911025932444,0.0130240989627274,0.01681187605709215,True,True,0.002745631847920378,0.00026695514611022736,0.0002794518254743197,0.0010032495156746682,0.5153357982635498,0.43851911025932444,0.0130240989627274,0.01681187605709215,True,True,lbfgs,-0.00028715570192616724,1.2728602886199951,0.41483393660568424,0.013024098962742271,0.01597232676918281,True,True,powell,0.0043907548222250625,0.0006040185383400952,7.307077180149495e-14,0.0008877479413160806,2.3624789714813232,0.013024098962727942,-0.009960198311173556,0.03697692996149702,False,True
M3_S19_R1_sma0.03_rho0.0_beta0.0_shared,171,3,19,1,0.03,0.0,0.0,True,0.7992938430119738,0.013664230294699015,0.05374093716840277,True,True,0.0026203848790242712,2.211067616455789e-06,0.004194217497973322,0.0012276725928776874,0.34659504890441895,0.799338864986835,0.013664230294695441,0.05375325812440834,True,True,powell,8.263784457085421e-05,0.9739859104156494,0.8057771953542016,0.013664230294581208,0.055573364352654725,True,True,lbfgs,-3.598365981360985e-05,0.009084288336141902,9.316587528208995e-05,0.0009544446124738817,1.9087738990783691,0.013664230294699492,-0.055117959130377515,0.11750184673819643,False,True
M3_S19_R1_sma0.03_rho0.0_beta0.0_shared,172,3,19,1,0.03,0.0,0.0,True,0.4623326918848002,0.011041736387971558,0.015022542310596148,True,True,0.00229236300857985,0.005611525892269752,0.00021786448154838123,0.0013328693431038576,0.5876805782318115,0.4623326918848002,0.011041736387971558,0.015022542310596148,True,True,lbfgs,-8.345782589458395e-07,0.8654804229736328,0.4430817852462493,0.011041736387966043,0.014396014235557987,True,True,powell,3.4896402212325484e-08,0.0004731221414307146,6.424825449631805e-11,0.0008320353016439484,2.3215525150299072,0.011041736387970909,-0.01113755986736611,0.033942507243384205,False,True
M3_S19_R1_sma0.03_rho0.0_beta0.0_shared,173,3,19,1,0.03,0.0,0.0,True,0.5862301633913926,-0.010999558855143372,0.020208369315175754,True,True,0.0022673784280426287,5.364593134331412e-13,0.0004932315788287821,0.0012350273274786276,0.42757630348205566,0.5862301633913926,-0.010999558855143372,0.020208369315175754,True,True,lbfgs,-4.051867108501028e-08,0.797875165939331,0.6127917086508039,-0.010999558855145121,0.021734285030962575,True,True,powell,1.2257362413947703e-07,0.001222829004486426,0.00016942197173833336,0.0009601113805805427,2.244935989379883,-0.010999558855145208,-0.048625866510447834,0.02920949966306184,False,True
M3_S19_R1_sma0.03_rho0.0_beta0.0_shared,174,3,19,1,0.03,0.0,0.0,True,0.5330790104527241,-0.018169114236328245,0.02914927341871064,True,True,0.0022413802433213473,0.005382869221282304,0.0011565528300306433,0.0015379891452149044,0.30382871627807617,0.5330790104527241,-0.018169114236328245,0.02914927341871064,True,True,lbfgs,-2.4815628876240226e-06,0.822681188583374,0.5265777161388725,-0.0181691142363438,0.028692358124678522,True,True,powell,0.42533405839105853,0.0023486594626699634,4.7018518576786644e-14,0.0006539720614821908,3.243345260620117,-0.018169114236327492,-0.0515459946804983,0.030690930228320392,False,True
M3_S19_R1_sma0.03_rho0.0_beta0.0_shared,175,3,19,1,0.03,0.0,0.0,True,0.8068952017733958,-0.006664865877342734,0.027266595977416933,True,True,0.0033913630897251788,0.003201153218844934,0.0009367080900975137,0.0009336649987757057,0.3751699924468994,0.8068952017733958,-0.006664865877342734,0.027266595977416933,True,True,lbfgs,-0.0001493581030445057,0.9432768821716309,0.7999255112749497,-0.006664865877353197,0.026297244552685263,True,True,powell,0.13797284183510783,0.001929655892893347,8.73662682465612e-14,0.0008145446214216179,2.7459187507629395,-0.00666486587734221,-0.04644386482588563,0.0397546770389475,False,True
M3_S19_R1_sma0.03_rho0.0_beta0.0_shared,176,3,19,1,0.03,0.0,0.0,True,0.00858909872253717,0.04185671586527655,0.015927272363163977,True,True,0.0020024938172159786,0.004532598782262774,0.0002751225959631851,0.0010264712809049737,0.5501124858856201,0.00858909872253717,0.04185671586527655,0.015927272363163977,True,True,lbfgs,-2.376350948907202e-06,0.907231330871582,0.006836695902752085,0.041856715865245205,0.015475572298764216,True,True,lbfgs,-8.921540484152501e-08,0.0005821763787221393,8.419464336763517e-05,0.000666819599062159,1.9978654384613037,0.04185671586527598,0.01999294184150664,0.06877031740672432,True,False
M3_S19_R1_sma0.03_rho0.0_beta0.0_shared,177,3,19,1,0.03,0.0,0.0,True,0.2728980768416661,0.02883488387511043,0.02629929035897415,True,True,0.002623916594028966,0.0007780232391109294,0.00089937813670844,0.00125864687604152,0.663210391998291,0.2728980768416661,0.02883488387511043,0.02629929035897415,True,True,lbfgs,-0.0038348124817275675,1.0935170650482178,0.26199576313140926,0.028834883875136202,0.02570672300497929,True,True,lbfgs,-7.288349479495082e-07,0.0018419051032771666,0.00012564483540651993,0.0006517707711697526,2.029762029647827,0.028834883875108547,-0.014702608778054549,0.07194399248725267,False,True
M3_S19_R1_sma0.03_rho0.0_beta0.0_shared,178,3,19,1,0.03,0.0,0.0,True,0.15958650986151535,-0.016465904746417064,0.011707309663758271,True,True,0.002601544421072792,0.0005765555521826879,6.866825876191274e-05,0.000871026106865353,0.5707054138183594,0.15958650986151535,-0.016465904746417064,0.011707309663758271,True,True,lbfgs,-5.978434478493e-05,1.553161859512329,0.11970917770753925,-0.01646590474641267,0.01058223203477985,True,True,powell,3.2141281280928524e-07,0.00018000325360073907,3.9572012714811876e-14,0.0008718960757485162,2.135205030441284,-0.016465904746416956,-0.030805927233722344,-0.0015770213207993915,True,False
M3_S19_R1_sma0.03_rho0.0_beta0.0_shared,179,3,19,1,0.03,0.0,0.0,True,0.3792478548450383,-0.016983193607323827,0.019314820988943025,True,True,0.0023141191804922903,0.0001151143713878307,0.00043779771841066393,0.0018301603531970263,0.41291069984436035,0.3792478548450383,-0.016983193607323827,0.019314820988943025,True,True,lbfgs,-0.008565626939571303,0.9349126815795898,0.35936573544063377,-0.01698319360734123,0.018528986529178594,True,True,powell,2.606725502118934e-09,0.000913677403195998,4.3025730597997305e-05,0.0005546209746137646,2.2113637924194336,-0.01698319360732331,-0.045422484752277045,0.016105531365992815,False,True
M3_S19_R1_sma0.03_rho0.0_beta0.0_shared,180,3,19,1,0.03,0.0,0.0,True,0.6085672171782898,-0.013787701863909483,0.026922809386151332,True,True,0.002578269613545702,0.0017209043751199111,0.0009515580971516294,0.0013985917335470634,0.37577009201049805,0.6085672171782898,-0.013787701863909483,0.026922809386151332,True,True,lbfgs,-0.0012789230772796145,0.9130418300628662,0.6016188943108269,-0.013787701863899944,0.026409484330866134,True,True,powell,1.719446231618349e-06,0.0019463520312502354,0.00010076708009705158,0.0007239719965286671,2.155564069747925,-0.013787701863910823,-0.05470631175957914,0.021902466705765438,False,True
M3_S19_R1_sma0.03_rho0.0_beta0.0_shared,181,3,19,1,0.03,0.0,0.0,True,0.6927658986270389,-0.012906804675976189,0.032666827280410184,True,True,0.0028051602796853137,0.004438172722826936,0.0014530423921319138,0.0014365765760234507,0.4152069091796875,0.6927658986270389,-0.012906804675976189,0.032666827280410184,True,True,lbfgs,-2.4157184270734433e-05,0.8353252410888672,0.6899082406799832,-0.012906804675976748,0.03234953589694047,True,True,lbfgs,-1.0038613254437223e-05,0.0029500086145465704,5.546256941699008e-05,0.0010240537754419759,2.277721881866455,-0.012906804675978394,-0.06966426288118581,0.038942632860242285,False,True
M3_S19_R1_sma0.03_rho0.0_beta0.0_shared,182,3,19,1,0.03,0.0,0.0,True,0.008589457729550795,-0.03306912456330678,0.012583495682194117,True,True,0.0021912988901071763,0.0003980116732472899,0.0001221850248437436,0.001376854575931988,0.4465141296386719,0.00859026964364784,-0.03306912456330752,0.012583649643550406,True,True,powell,4.103117134945933e-08,1.4708468914031982,0.006111341622593201,-0.03306912456332165,0.012061333903411018,True,True,lbfgs,-1.7328470676147845e-06,0.00027999459460451714,6.537193381679724e-05,0.0008196592665255598,2.233581066131592,-0.03306912456330715,-0.05310493790909489,-0.013279583182852026,True,False
M3_S19_R1_sma0.03_rho0.0_beta0.0_shared,183,3,19,1,0.03,0.0,0.0,True,0.2935347549355537,0.028462231211694815,0.027096592954048204,True,True,0.0020765323215050013,0.0004340010868142318,0.0009920468497601118,0.0012264049539116454,0.34638428688049316,0.2935347549355537,0.028462231211694815,0.027096592954048204,True,True,lbfgs,-0.026425882088688013,0.7608685493469238,0.28714879262846227,0.028462231211783953,0.026740234451104797,True,True,lbfgs,-6.479177784513013e-05,0.0020180362458475116,4.833686207180316e-05,0.0006413635566733665,2.1861419677734375,0.02846223121169822,-0.010181070064047655,0.06771414009898423,False,True
M3_S19_R1_sma0.03_rho0.0_beta0.0_shared,184,3,19,1,0.03,0.0,0.0,True,0.00017980145207900517,-0.04137963067102477,0.011046865164423655,True,True,0.003066594306057751,0.0026406663432022434,2.1650144622610516e-05,0.0010824381225063677,0.633131742477417,0.0001797952404570585,-0.041379630671024674,0.011046839590288097,True,True,powell,1.9824710761895403e-09,1.6030352115631104,1.2785328472353176e-06,-0.04137963067102511,0.008544104847722639,True,True,powell,1.2414193406584673e-07,9.434127047064124e-05,6.003603924378364e-05,0.0006218719452771628,2.3419933319091797,-0.0413796306710247,-0.05290098576097238,-0.0263129121014848,True,False
M3_S19_R1_sma0.03_rho0.0_beta0.0_shared,185,3,19,1,0.03,0.0,0.0,True,0.1059966697483926,-0.02221779214388076,0.01374479112004281,True,True,0.0027108694140842546,0.0004353176536521092,0.00014070158681702333,0.0009316580353135925,0.8658356666564941,0.1059966697483926,-0.02221779214388076,0.01374479112004281,True,True,lbfgs,-5.26506937603699e-07,1.4543108940124512,0.08254783998806034,-0.022217792143877077,0.01279760046303108,True,True,lbfgs,-5.286423402139917e-05,0.00032539076310004225,1.948544636329955e-05,0.0009076221430649844,2.513244867324829,-0.022217792143880172,-0.04179956846782469,-0.0029094105164255445,True,False
M3_S19_R1_sma0.03_rho0.0_beta0.0_shared,186,3,19,1,0.03,0.0,0.0,True,0.9193187731222057,-0.0020977767269567244,0.020710219029271348,True,True,0.0030989303836190577,0.0026349383967442003,0.00048026815922273857,0.0013494953485455746,0.670832633972168,0.9193112085013202,-0.002097776726956346,0.020708270780009343,True,True,powell,1.130613327404717e-07,1.078930139541626,0.9139963463618039,-0.0020977767269566815,0.019424006898234057,True,True,powell,0.06597427845633774,0.001011426968425737,8.822705274156123e-14,0.0006403197322343424,4.15376091003418,-0.0020977767269562382,-0.03441783695008012,0.03372736889394176,False,True
M3_S19_R1_sma0.03_rho0.0_beta0.0_shared,187,3,19,1,0.03,0.0,0.0,True,0.31817566084272,0.0359637681153909,0.03602811892210636,True,True,0.0024479335118199213,0.00022322130627065425,0.0018181994237129575,0.0014179213864616664,0.519355297088623,0.31817566084272,0.0359637681153909,0.03602811892210636,True,True,lbfgs,-0.004119348400081435,0.8492932319641113,0.3140863164916611,0.03596376811550959,0.03572495746262642,True,True,lbfgs,-8.094297072602785e-07,0.0036780973347990678,7.620624575611452e-05,0.0007531508980062598,2.262765645980835,0.03596376811539611,-0.019043553678527756,0.08671992869860723,False,True
M3_S19_R1_sma0.03_rho0.0_beta0.0_shared,188,3,19,1,0.03,0.0,0.0,True,0.16930330700355,-0.03886597509533477,0.02827755986084663,True,True,0.002099966293468735,0.0012228090902486265,0.001088906045764308,0.001591602170500878,0.34509873390197754,0.16930330700355,-0.03886597509533477,0.02827755986084663,True,True,lbfgs,-0.001375937662942306,0.823819637298584,0.16937009923637347,-0.03886597509535197,0.028281988977662768,True,True,lbfgs,-1.2115259664824407e-05,0.0022123690757159496,8.899083179806983e-05,0.0009947617742245693,2.222932815551758,-0.03886597509534001,-0.07841045310970424,0.012090005411519923,False,True
M3_S19_R1_sma0.03_rho0.0_beta0.0_shared,189,3,19,1,0.03,0.0,0.0,True,0.0308810742183297,-0.04476786542391403,0.020739288621862976,True,True,0.0028641787162122004,0.0014093211707187526,0.0004944308905897039,0.0009932084880792278,0.4923207759857178,0.0308810742183297,-0.04476786542391403,0.020739288621862976,True,True,lbfgs,-5.4851981076353695e-05,1.4150307178497314,0.02347903319025624,-0.044767865423934725,0.019760275625774367,True,True,lbfgs,-5.8098631370739895e-05,0.0010362259469910418,4.920524906897479e-06,0.0007360639461230484,2.5024662017822266,-0.044767865423913686,-0.08019090748813368,-0.014119596527913978,True,False
M3_S19_R1_sma0.03_rho0.0_beta0.0_shared,190,3,19,1,0.03,0.0,0.0,True,0.21659816553513633,0.03452983557155684,0.02794524953003663,True,True,0.0021537074666246646,0.0012118172948286285,0.0010580524323847078,0.0009115961440356382,0.459794282913208,0.21659816553513633,0.03452983557155684,0.02794524953003663,True,True,lbfgs,-0.0021031271921856387,1.0991122722625732,0.21114269897017823,0.034529835571484375,0.027614380463855663,True,True,lbfgs,-1.2452919577299326e-05,0.002149835317437545,8.241337239496346e-06,0.0007380925246859012,2.3606629371643066,0.034529835571551544,-0.016891496348950364,0.0759490434432596,False,True
M3_S19_R1_sma0.03_rho0.0_beta0.0_shared,191,3,19,1,0.03,0.0,0.0,True,0.06319734725745801,0.042511970317532885,0.022882957485204063,True,True,0.0026227382563520276,0.001368454533236226,0.0006474057593070156,0.0008861221409251686,0.5186855792999268,0.06319734725745801,0.042511970317532885,0.022882957485204063,True,True,lbfgs,-2.2224070789889083e-05,1.3778672218322754,0.05499414455393788,0.04251197031756159,0.022154084206288786,True,True,powell,2.2839014945930103e-07,0.0013380813529154075,0.00012537546126886192,0.0006283143735427064,1.76530122756958,0.04251197031753295,0.004755008174133121,0.07522541712217728,True,False
M3_S19_R1_sma0.03_rho0.0_beta0.0_shared,192,3,19,1,0.03,0.0,0.0,True,0.4927583082442576,0.011705586034948057,0.017065319550532376,True,True,0.0026228081237682057,4.3632624043939734e-06,0.0002987951642127755,0.0011279536640216264,0.8007967472076416,0.506755850660757,0.011705586034949467,0.017631613649214714,True,True,powell,0.049621724263715805,1.4365408420562744,0.6006629955149282,0.011705586034940575,0.022362490719388596,True,True,powell,0.00336731100412635,0.0013241962102144558,3.3889251140491795e-14,0.0010070709370341142,2.307603120803833,0.011705586034948832,-0.017541904315489482,0.04520394925813425,False,True
M3_S19_R1_sma0.03_rho0.0_beta0.0_shared,193,3,19,1,0.03,0.0,0.0,True,0.47502525784483973,0.01673964305025273,0.02343415944198934,True,True,0.002649647075507989,0.009785018940227399,0.0006842846338915509,0.001044071895600681,0.52382493019104,0.47502525784483973,0.01673964305025273,0.02343415944198934,True,True,lbfgs,-2.4956557354016695e-07,1.0077807903289795,0.4672461498884187,0.01673964305026084,0.023026687919534487,True,True,powell,0.00031500814804985566,0.0014129783459486463,7.814344564590534e-12,0.0010336233035892826,2.1376771926879883,0.016739643050250684,-0.014290768183106919,0.051746679766587915,False,True
M3_S19_R1_sma0.03_rho0.0_beta0.0_shared,194,3,19,1,0.03,0.0,0.0,True,0.9932883117454377,-0.00029430718034151163,0.03498678381145796,True,True,0.002206672317886635,4.0412202377746844e-07,0.0017199719138942153,0.0016754854185326146,1.0057175159454346,0.9932765695016513,-0.00029430718034452187,0.034925679135620884,True,True,powell,0.00038322946147673065,1.0341205596923828,0.9944323953759484,-0.00029430718027993025,0.042176351492957447,True,True,powell,0.13261301324507713,0.005199163200959699,7.221940927432373e-11,0.0007623899336122548,2.234779119491577,-0.0002943071803437287,-0.06773613665833697,0.07032507770015829,False,True
M3_S19_R1_sma0.03_rho0.0_beta0.0_shared,195,3,19,1,0.03,0.0,0.0,True,0.04176272426303207,0.027114734683553927,0.013318455314962115,True,True,0.0021931591752308993,0.00011898550613402754,0.00015064244768965627,0.0011507565599018351,0.40264415740966797,0.04176272426303207,0.027114734683553927,0.013318455314962115,True,True,lbfgs,-0.002826248080282312,0.909661054611206,0.032473762708909434,0.027114734683563135,0.01267914706087015,True,True,powell,1.7026673049258534e-07,0.00033704193047592813,4.3296940808106194e-14,0.0008151223796611696,1.8421714305877686,0.027114734683554232,0.0028481089463156836,0.04834633765617169,True,False
M3_S19_R1_sma0.03_rho0.0_beta0.0_shared,196,3,19,1,0.03,0.0,0.0,True,0.9138056477429691,-0.0016286662693418925,0.01504686404112747,True,True,0.003238687166943285,0.0050012062318106265,0.0001691549568954596,0.0009585961426942604,0.45720887184143066,0.9138056477429691,-0.0016286662693418925,0.01504686404112747,True,True,lbfgs,-1.0024298262578668e-06,0.7972886562347412,0.9070470917001003,-0.0016286662693428579,0.013948362587308187,True,True,lbfgs,-1.3158683032088447e-08,0.0003916131201178835,0.00013847702854971223,0.0009453389553622073,1.8374483585357666,-0.0016286662693421531,-0.024806463497253708,0.01965211531349135,False,True
M3_S19_R1_sma0.03_rho0.0_beta0.0_shared,197,3,19,1,0.03,0.0,0.0,True,0.5298708690852318,-0.0142835536064485,0.02273715704470187,True,True,0.002742205587304706,0.00041093550383105107,0.0006311408558549634,0.0013417975667776377,0.539212703704834,0.17899743940064594,-0.014283553606446089,0.010628843563940019,True,True,powell,2.38303319888405,1.2333414554595947,0.11475748318573159,-0.014283553606446875,0.009056471847961416,True,True,lbfgs,-0.0005653886005347886,9.110539974724525e-05,8.985219132195363e-06,0.0008435775102612569,2.2451910972595215,-0.014283553606446486,-0.031232118576992905,0.0012200028568215854,False,True
M3_S19_R1_sma0.03_rho0.0_beta0.0_shared,198,3,19,1,0.03,0.0,0.0,True,0.8886457628510213,0.001820057503013548,0.0129987388004542,True,True,0.0025022162862793663,0.0014484459117241424,0.00012175522158894742,0.0012192087061705132,0.433499813079834,0.8886457628510213,0.001820057503013548,0.0129987388004542,True,True,lbfgs,-4.842702310270397e-07,0.9949100017547607,0.8812324048542659,0.0018200575030131642,0.012181867055664404,True,True,powell,1.9277308638265822e-07,0.00028446058092814055,0.00015941722652716041,0.0007432192442101829,1.919081211090088,0.0018200575030135162,-0.01933335420245221,0.023214721375855406,False,True
M3_S19_R1_sma0.03_rho0.0_beta0.0_shared,199,3,19,1,0.03,0.0,0.0,True,0.880053941072876,-0.00343395088413532,0.022756341032092765,True,True,0.0025950116323317164,0.0002628938401943042,0.0006401970261569905,0.0015557982163829252,1.6755242347717285,0.8849643369008732,-0.0034339508841392894,0.023734967648259803,True,True,powell,0.49895764968869116,1.2510991096496582,0.9104101232351753,-0.003433950884102751,0.03051824383649884,True,True,powell,1.5720138435426634e-07,0.00264040584960572,9.934495588757138e-05,0.0007768579818607939,1.0081939697265625,-0.0034339508841351157,-0.05231619091694465,0.050409498287049374,False,True
