cond,i,M,S,R,s_ma,rho,beta,shared,e1_p,e1_coef,e1_se,e1_converged,e1_ok,e1_scale,e1_vc_model,e1_vc_model_arm,e1_vc_path,t_e1,e1b_p,e1b_coef,e1b_se,e1b_converged,e1b_ok,e1b_method,e1b_llf_gap,t_e1b,e1a_p,e1a_coef,e1a_se,e1a_converged,e1a_ok,e1a_method,e1a_llf_gap,e1a_vc_model,e1a_vc_path,e1a_vc_persona_path,t_e1a,e2_est,e2_lo,e2_hi,e2_reject,e2_covers
M6_S19_R1_sma0.03_rho0.0_beta0.05_modelspecific,0,6,19,1,0.03,0.0,0.05,False,5.790942067329237e-07,0.09258158423800342,0.01852349721148696,True,True,0.0035774417398498825,0.0065245188230157744,0.0008410734394713655,0.00016916439311534404,17.150403022766113,5.790942067329237e-07,0.09258158423800342,0.01852349721148696,True,True,lbfgs,-8.442832040600479e-06,3.491896867752075,9.902647094080736e-08,0.09258158423801395,0.017374788605375217,True,True,powell,4.979667091495685,0.0017331617263445101,4.195812810013017e-05,4.752610961879629e-12,13.723620891571045,0.0925815842380036,0.05939469273547684,0.12254749739649512,True,False
M6_S19_R1_sma0.03_rho0.0_beta0.05_modelspecific,1,6,19,1,0.03,0.0,0.05,False,0.48099411021697047,0.01189025372270998,0.01687267874053919,True,True,0.0035026081798442705,0.009565597104968602,0.0006697140647051166,0.00014729292873584893,17.207958221435547,0.48099411021697047,0.01189025372270998,0.01687267874053919,True,True,lbfgs,-2.567744559200946e-07,3.6291770935058594,0.4461816973246113,0.011890253722708417,0.015608183649908436,True,True,powell,14.275940841218699,0.0013897803138020082,1.7889107671277074e-05,1.0567670760583833e-05,12.454738140106201,0.011890253722710452,-0.01613990594190755,0.037324706795184646,False,False
M6_S19_R1_sma0.03_rho0.0_beta0.05_modelspecific,2,6,19,1,0.03,0.0,0.05,False,0.21470591121120997,0.02513623044300561,0.02025924460038063,True,True,0.0038815616381053016,0.00581996237587685,0.0010270182575390636,0.00019605197172132042,16.818499088287354,0.21470591121120997,0.02513623044300561,0.02025924460038063,True,True,lbfgs,-2.945941741927527e-05,3.2407312393188477,0.18804103672859807,0.025136230443025095,0.01909472771281971,True,True,powell,5.100051073744453,0.002109186170578869,5.343178195681087e-05,1.4422757862193112e-13,12.767692804336548,0.02513623044300352,-0.008410212623674005,0.058114887205500246,False,True
M6_S19_R1_sma0.03_rho0.0_beta0.05_modelspecific,3,6,19,1,0.03,0.0,0.05,False,0.04054870908460394,0.04015590228970043,0.01960627094079515,True,True,0.00333177855664943,0.0009029860318593249,0.0009778608144720435,0.00013290551646394648,17.05313491821289,0.04054870908460394,0.04015590228970043,0.01960627094079515,True,True,lbfgs,-0.009301539034368034,4.224465608596802,0.030912801812097858,0.04015590228973012,0.018606257957247765,True,True,powell,4.8115801049623315,0.0020023904398516344,2.808856200768006e-05,2.387645439536437e-05,10.010358572006226,0.04015590228969716,0.006328354597906147,0.07943985264813405,True,True
M6_S19_R1_sma0.03_rho0.0_beta0.05_modelspecific,4,6,19,1,0.03,0.0,0.05,False,0.05623157177292107,0.030809878246565996,0.01613727581728837,True,True,0.003671530491091587,0.0033030141581261146,0.0005879965655101678,0.00017379773583873435,17.15658664703369,0.05623157177292107,0.030809878246565996,0.01613727581728837,True,True,lbfgs,-4.187688773527043e-06,4.385390758514404,0.03634013690733198,0.030809878246552937,0.014719728203907982,True,True,powell,12.375732877593236,0.001223391537086293,5.155191647053887e-05,2.5582348665703864e-13,11.862063884735107,0.030809878246565284,0.005668720305346392,0.06209567638888112,True,True
M6_S19_R1_sma0.03_rho0.0_beta0.05_modelspecific,5,6,19,1,0.03,0.0,0.05,False,0.010940572069248002,0.023346486023387705,0.009174945476375212,False,True,0.003538072320614591,0.004440376374206501,6.632454081944634e-05,0.00016105536798051957,21.978193759918213,0.007716673525346878,0.023346486023388548,0.008762967379010285,True,True,powell,0.17710447272020247,8.548850059509277,0.00013294063032530642,0.023346486023381404,0.006110132031638242,True,True,powell,2.46877403295548,0.00013684869470610253,2.791504750369753e-05,5.1236460436396755e-05,12.318819284439087,0.023346486023387555,0.011300055716519913,0.037336114108486806,True,False
M6_S19_R1_sma0.03_rho0.0_beta0.05_modelspecific,6,6,19,1,0.03,0.0,0.05,False,0.0007749274434602291,0.06785318433167667,0.02018479799218175,True,True,0.0037268588770188005,0.0027231679456598797,0.0010261277427439505,0.0002197935672074242,17.19184160232544,0.0007749274434602291,0.06785318433167667,0.02018479799218175,True,True,lbfgs,-8.332130619237432e-06,4.425299406051636,0.0003916616976370253,0.06785318433169248,0.019137079598352546,True,True,powell,6.4004720507778075,0.0021069969246552017,8.265145801297064e-05,1.8782336912412452e-13,14.456475019454956,0.0678531843316709,0.033487292017054436,0.10193149433731515,True,True
M6_S19_R1_sma0.03_rho0.0_beta0.05_modelspecific,7,6,19,1,0.03,0.0,0.05,False,6.749748165596994e-07,0.055697563239936854,0.011210296551764243,True,True,0.003729788270842651,0.0028424453008558392,0.00018070760050168262,0.00029447912008999654,1.744107723236084,6.749748165596994e-07,0.055697563239936854,0.011210296551764243,True,True,lbfgs,-1.912330844788812e-07,4.968447208404541,1.2605080660816129e-09,0.05569756323992209,0.009172322306487709,True,True,powell,1.4266134332560796,0.0004156080921326287,9.489518259360215e-05,1.204640990512029e-13,13.97874116897583,0.05569756323993717,0.037887241828503684,0.07625884948652424,True,True
M6_S19_R1_sma0.03_rho0.0_beta0.05_modelspecific,8,6,19,1,0.03,0.0,0.05,False,0.002430423538111737,0.039340520321170316,0.012975654030219467,True,True,0.0037337052510619346,0.00156490508432696,0.00030859198984837887,0.00019479717676281326,1.6445457935333252,0.002430423538111737,0.039340520321170316,0.012975654030219467,True,True,lbfgs,-8.853057806845754e-06,5.375102281570435,0.0004107254161995112,0.03934052032115273,0.011134861744098312,True,True,powell,7.48415615525937,0.0006707674951132435,3.433455379083192e-05,1.229477088252543e-13,12.684887886047363,0.03934052032117109,0.015951050642303243,0.06185068089954902,True,True
M6_S19_R1_sma0.03_rho0.0_beta0.05_modelspecific,9,6,19,1,0.03,0.0,0.05,False,0.4768665077735288,0.018341246775594518,0.025783665837545405,True,True,0.003520498494117604,0.00030773055177431735,0.0018091028776401632,0.00014157717201533607,1.5286266803741455,0.4768665077735288,0.018341246775594518,0.025783665837545405,True,True,lbfgs,-0.018251176808462333,3.6710779666900635,0.4635786199873506,0.018341246775698927,0.025023294864351116,True,True,powell,2.4982972044012968,0.0036713558673698455,6.583825446695169e-05,1.3892788044980725e-05,11.790589332580566,0.018341246775602057,-0.02745074661870421,0.06194698542791764,False,True
M6_S19_R1_sma0.03_rho0.0_beta0.05_modelspecific,10,6,19,1,0.03,0.0,0.05,False,0.10796168021391399,0.028772717104765446,0.017899907491377907,True,True,0.003476636976999276,0.0005719920853307134,0.0007782391710735552,0.000255580075937978,1.9879405498504639,0.10796168021391399,0.028772717104765446,0.017899907491377907,True,True,lbfgs,-0.008376026481073495,4.608017683029175,0.08730323482409785,0.028772717104792223,0.016828138336613147,True,True,powell,0.2881884549442475,0.001606943462234128,2.1118654309455602e-05,6.143733229339285e-05,12.610013008117676,0.028772717104771216,-0.002647444347112161,0.060025502838245835,False,True
M6_S19_R1_sma0.03_rho0.0_beta0.05_modelspecific,11,6,19,1,0.03,0.0,0.05,False,3.3758958400845923e-07,0.07669071976254606,0.01503399564004684,True,True,0.0036111557463792358,0.002914469925590264,0.00048800224595805803,0.0002108207302217563,1.7621750831604004,3.3699840360662434e-07,0.07669071976254384,0.015033018222663603,True,True,powell,3.0113960747257806e-07,4.497165679931641,1.4281584058402341e-08,0.0766907197625936,0.01352575256757467,True,True,powell,16.01048307331621,0.0010285668132183857,1.6081654816261792e-05,7.78622304979244e-06,12.960528135299683,0.07669071976254496,0.049862801338456844,0.10591557443642442,True,True
M6_S19_R1_sma0.03_rho0.0_beta0.05_modelspecific,12,6,19,1,0.03,0.0,0.05,False,0.0005635547754378529,0.04798929532270027,0.013915692006574056,True,True,0.004247261719790493,0.005487354638991492,0.0003573993615502208,0.0001561982700072818,1.5841448307037354,0.0005635547754378529,0.04798929532270027,0.013915692006574056,True,True,lbfgs,-8.951961990533164e-05,4.341980218887329,5.0755287656351116e-05,0.047989295322715265,0.011843004952285434,True,True,powell,7.594558210527111,0.0007795229295609342,1.062582802518814e-05,1.1680507968644211e-13,13.676901817321777,0.04798929532270035,0.02629529113720069,0.07078531642485617,True,True
M6_S19_R1_sma0.03_rho0.0_beta0.05_modelspecific,13,6,19,1,0.03,0.0,0.05,False,0.0013680527829219823,0.058925443609582254,0.018406678180764385,True,True,0.003513753649133149,0.0013887106516852073,0.0008314830023648526,0.00021156295846543123,1.891178846359253,0.0013680527829219823,0.058925443609582254,0.018406678180764385,True,True,lbfgs,-2.496972228982486e-06,5.65942907333374,0.0006710400091429554,0.05892544360971063,0.017325173697923447,True,True,powell,7.017113381396939,0.0017143287040950167,7.969735048960062e-05,1.1680000376316385e-13,15.96717619895935,0.05892544360958882,0.02640477902516868,0.0901412726759853,True,True
M6_S19_R1_sma0.03_rho0.0_beta0.05_modelspecific,14,6,19,1,0.03,0.0,0.05,False,0.0019077581917732302,0.04930576750584226,0.015883419909778027,True,True,0.0038490898352645316,0.007853600968105175,0.000554265408550775,0.00012190799012218233,1.7835907936096191,0.0019077581917732302,0.04930576750584226,0.015883419909778027,True,True,lbfgs,-7.569904073534417e-05,3.569716453552246,0.0005946417999089018,0.049305767505845116,0.01435792003320762,True,True,powell,5.3064937047347485,0.0011661480380898658,2.433475633673031e-05,1.2474308057707784e-13,15.200863361358643,0.04930576750584197,0.022650123979075298,0.07233068825810746,True,True
M6_S19_R1_sma0.03_rho0.0_beta0.05_modelspecific,15,6,19,1,0.03,0.0,0.05,False,0.005302921385152256,0.05389656325079295,0.019331396639928874,False,True,0.0034672692343984015,0.001950737434371298,0.0009386208337088172,0.00042842693884220584,3.136787176132202,0.0009090058551085994,0.05389656325078748,0.016247247397870625,True,True,powell,4.079704127534569,6.168691158294678,0.00026540300853969255,0.053896563250819166,0.014778654424470948,True,True,powell,1.1423027615196588,0.0012210230182136928,1.4499898140737137e-13,8.879785231387598e-05,9.804445743560791,0.05389656325079721,0.02968637781182747,0.07725224829997848,True,True
M6_S19_R1_sma0.03_rho0.0_beta0.05_modelspecific,16,6,19,1,0.03,0.0,0.05,False,1.1807834277512788e-05,0.08238568416158323,0.018804768009872182,True,True,0.0034160968263921205,0.0034753678882425746,0.0008810633299051732,0.0002218519240563324,1.5173659324645996,1.1807834277512788e-05,0.08238568416158323,0.018804768009872182,True,True,lbfgs,-0.00020080195372429444,3.7095658779144287,3.285167538747904e-06,0.08238568416173442,0.017709222500913537,True,True,powell,9.581135505281736,0.0018106293701933447,2.3739609874925004e-05,1.2206113125544908e-13,13.195678472518921,0.08238568416158375,0.051264912942354704,0.11572915454355649,True,False
M6_S19_R1_sma0.03_rho0.0_beta0.05_modelspecific,17,6,19,1,0.03,0.0,0.05,False,0.013713036710330043,0.03622434147297526,0.014697298650759371,True,True,0.0037684292608432804,0.0025069273354473634,0.0004496933807391966,0.0001070564619025497,1.439497947692871,0.013713036710330043,0.03622434147297526,0.014697298650759371,True,True,lbfgs,-0.00013424696408037562,4.670961380004883,0.005832235502870929,0.03622434147294445,0.013138722479252409,True,True,powell,0.8961978242932673,0.0009551145582133024,8.244298869500976e-12,6.938671835049754e-05,10.553819179534912,0.03622434147297533,0.013062501444985086,0.05422627816153299,True,True
M6_S19_R1_sma0.03_rho0.0_beta0.05_modelspecific,18,6,19,1,0.03,0.0,0.05,False,0.0014635198910612575,0.06398232888089668,0.020108710979658054,True,True,0.003653441895143361,0.003024956745326563,0.0010207943562564848,0.00015786996849773922,1.7176940441131592,0.0014635198910612575,0.06398232888089668,0.020108710979658054,True,True,lbfgs,-4.4054149839212187e-07,4.727349042892456,0.000771446780536574,0.06398232888078242,0.01902627027385951,True,True,powell,2.4401486959818612,0.002093028202355331,4.343723005506779e-05,2.2594678411845002e-05,12.228513717651367,0.06398232888090173,0.027769745091405278,0.09873815572855157,True,True
M6_S19_R1_sma0.03_rho0.0_beta0.05_modelspecific,19,6,19,1,0.03,0.0,0.05,False,0.0011737938016007851,0.055036260353004754,0.016959423762221853,True,True,0.0035269920532375616,0.0018906440816453872,0.0006772350023430476,0.00015966349136115637,1.8608195781707764,0.0011737938016007851,0.055036260353004754,0.016959423762221853,True,True,lbfgs,-6.677644478259026e-05,4.514513731002808,0.00048081852823693384,0.05503626035303184,0.015764187338422966,True,True,powell,0.8403526766824143,0.0013975533176886655,0.00010172384884582382,4.145841635552363e-13,13.390644073486328,0.055036260353001264,0.02352515262275064,0.08374890106969414,True,True
M6_S19_R1_sma0.03_rho0.0_beta0.05_modelspecific,20,6,19,1,0.03,0.0,0.05,False,0.11130862219761553,0.046559289810238345,0.029239564336429692,True,True,0.003534594207651485,0.0006256782790775181,0.0023788250936649263,0.00017371554295900093,1.5187036991119385,0.11130862219761553,0.046559289810238345,0.029239564336429692,True,True,lbfgs,-0.022277710289017705,3.2691586017608643,0.10229825236835993,0.0465592898098812,0.02849732957330584,True,True,powell,1.2526306835243304,0.004785130070968552,8.7404041011102e-05,3.4093357829730094e-13,13.17489218711853,0.04655928981023269,-0.0022969490491688113,0.09533327608499334,False,True
M6_S19_R1_sma0.03_rho0.0_beta0.05_modelspecific,21,6,19,1,0.03,0.0,0.05,False,0.14854885204248058,0.024067127537056074,0.016659184377699414,True,True,0.004001774240530082,0.0008415311099486502,0.0006219655755205152,0.00016889653629123758,1.4882707595825195,0.14854885204248058,0.024067127537056074,0.016659184377699414,True,True,lbfgs,-4.663070558308391e-05,5.385909795761108,0.11084632667874765,0.024067127537069737,0.015094780298377351,True,True,powell,6.974823259330151,0.0013015488326131683,1.678201086615594e-06,6.108475066694693e-12,11.468385219573975,0.024067127537055175,-0.0031054754386818017,0.048990463811362406,False,False
M6_S19_R1_sma0.03_rho0.0_beta0.05_modelspecific,22,6,19,1,0.03,0.0,0.05,False,0.012285433775255022,0.04743462917440203,0.018944769100570618,True,True,0.0033325428093553505,0.0014065128287808963,0.0009013158388556892,9.577393709164311e-05,1.441774845123291,0.012285433775255022,0.04743462917440203,0.018944769100570618,True,True,lbfgs,-0.000907777542124677,4.35751748085022,0.008034452985066646,0.04743462917433403,0.017895683074953688,True,True,powell,6.863316156401197,0.0018518845359529745,6.865021254557299e-13,3.9762016391813284e-05,8.296844959259033,0.04743462917440379,0.011683160933525304,0.07758490550551356,True,True
M6_S19_R1_sma0.03_rho0.0_beta0.05_modelspecific,23,6,19,1,0.03,0.0,0.05,False,7.57493777990101e-05,0.06012585688412462,0.015193022975107402,True,True,0.003423022495415384,0.000491637568814368,0.000512324762660321,0.00014905524824704598,1.8689701557159424,7.57493777990101e-05,0.06012585688412462,0.015193022975107402,True,True,lbfgs,-0.010128047988473554,4.682638883590698,1.4870375917977804e-05,0.060125856884051386,0.013883956094639998,True,True,powell,11.16226521635167,0.0010739752662388192,5.8952688018221165e-05,1.215909759660749e-13,13.948633193969727,0.0601258568841245,0.03156359133285538,0.0901332333872291,True,True
M6_S19_R1_sma0.03_rho0.0_beta0.05_modelspecific,24,6,19,1,0.03,0.0,0.05,False,0.45881382536945203,0.010064265905920666,0.013585645209693444,True,True,0.003573217208220712,0.005376354432942466,0.0003656452037004399,0.00034071331939048696,2.064535140991211,0.45881382536945203,0.010064265905920666,0.013585645209693444,True,True,lbfgs,-1.8051600818580482e-06,3.999596118927002,0.3985743380202007,0.010064265905931073,0.011922082331466882,True,True,powell,13.858335113562134,0.0007793749723891087,3.919611780377051e-05,1.354973786966755e-13,14.678447246551514,0.010064265905921233,-0.011464571896545482,0.030349899752644433,False,False
M6_S19_R1_sma0.03_rho0.0_beta0.05_modelspecific,25,6,19,1,0.03,0.0,0.05,False,0.0030275174259366882,0.04175613967751693,0.014083347235740274,True,True,0.0035273905648171007,0.004656800570517356,0.0004093698730969143,0.00016154374020795173,1.587942123413086,0.0030275174259366882,0.04175613967751693,0.014083347235740274,True,True,lbfgs,-0.0007380212382486206,3.8847157955169678,0.0008627432737530629,0.041756139677522286,0.012532462331379429,True,True,powell,6.924629445852588,0.0008679869097748852,3.529309820635731e-05,1.86643520087364e-13,13.460464239120483,0.04175613967751692,0.021168921486205573,0.06383741912878661,True,True
M6_S19_R1_sma0.03_rho0.0_beta0.05_modelspecific,26,6,19,1,0.03,0.0,0.05,False,0.6556529814800471,0.009949868428187984,0.02231298216342048,True,True,0.0037838950633835907,1.1497723779102912e-05,0.001294455147317616,0.0002296383735038716,3.5169732570648193,0.6638435108069833,0.009949868428178495,0.02289363932838123,True,True,powell,0.020455940042666043,4.7696874141693115,0.6905869823495221,0.009949868428206356,0.02499598840637702,True,True,powell,1.474065244095982,0.0036548366546388035,1.4879852440617757e-11,9.206865081738838e-05,10.034120798110962,0.009949868428182181,-0.0356159928116812,0.05727976771543099,False,True
M6_S19_R1_sma0.03_rho0.0_beta0.05_modelspecific,27,6,19,1,0.03,0.0,0.05,False,0.00044412022765087417,0.0662288637817509,0.018855861514070916,True,True,0.0036938616636031938,0.0031809752827838492,0.0008722167685448672,0.00017805054338638034,1.61976957321167,0.00044412022765087417,0.0662288637817509,0.018855861514070916,True,True,lbfgs,-1.7708907762425952e-07,4.63777232170105,0.00017273487170580543,0.06622886378170069,0.017633390876659726,True,True,powell,4.338031863386732,0.0017959252263111101,1.4375960095636591e-05,1.269019136863091e-13,13.100507497787476,0.06622886378175032,0.03917616854212875,0.10261615585210142,True,True
M6_S19_R1_sma0.03_rho0.0_beta0.05_modelspecific,28,6,19,1,0.03,0.0,0.05,False,0.4427309158873711,0.007985657305262727,0.01040354778138483,True,True,0.003707098757303614,0.001946748079358513,0.00012959095840795807,0.0003475331925009095,1.9371638298034668,0.4427309158873711,0.007985657305262727,0.01040354778138483,True,True,lbfgs,-0.007858082487928186,4.744461297988892,0.31846137575605993,0.007985657305259316,0.008004670742903277,True,True,powell,6.247042433795514,0.00031473722592549385,2.7829543217483793e-05,1.8281249116840187e-05,13.390388488769531,0.007985657305262827,-0.010035269201784592,0.023733432131216002,False,False
M6_S19_R1_sma0.03_rho0.0_beta0.05_modelspecific,29,6,19,1,0.03,0.0,0.05,False,4.278956574869694e-05,0.06493928159368008,0.015870291806628464,True,True,0.003711532135744977,0.003646885420712347,0.0005602546894644968,0.00019022980286023368,2.0010428428649902,4.278956574869694e-05,0.06493928159368008,0.015870291806628464,True,True,lbfgs,-4.9401419346395414e-05,4.811253786087036,6.490045209394223e-06,0.06493928159362236,0.014399714272466923,True,True,powell,5.815117581884351,0.0011760204686488054,2.8968799229443062e-05,1.1820798025293442e-13,10.806482553482056,0.06493928159368241,0.03687090544646687,0.09018601118672771,True,True
M6_S19_R1_sma0.03_rho0.0_beta0.05_modelspecific,30,6,19,1,0.03,0.0,0.05,False,2.813356421196366e-12,0.06334906133513792,0.009067034164293874,True,True,0.0035854726579571954,0.005175995625052947,5.792423834850229e-05,0.00032394291196782653,1.9865548610687256,2.812277119878693e-12,0.06334906133513259,0.009066964271855847,True,True,powell,3.2795132938190363e-06,5.460152626037598,8.584878993298693e-23,0.0633490613351458,0.0064462003751825595,True,True,powell,3.111850846732068,0.00016835924051156342,8.010460788176735e-07,6.30603588007078e-05,10.87000846862793,0.06334906133513528,0.0488202912183385,0.07807500909238013,True,True
M6_S19_R1_sma0.03_rho0.0_beta0.05_modelspecific,31,6,19,1,0.03,0.0,0.05,False,0.0008690122254672817,0.08336464010831135,0.025035757569415822,True,True,0.0035418715515472044,0.005556107002091894,0.0016939531790369138,0.000156725585020476,1.4276278018951416,0.0008690122254672817,0.08336464010831135,0.025035757569415822,True,True,lbfgs,-6.276589101616992e-05,3.467515230178833,0.000557281816594029,0.08336464010868665,0.024152491826139946,True,True,powell,4.953463128698559,0.0034207192826637756,5.51678873893862e-05,1.295977195046804e-13,12.44125509262085,0.08336464010830635,0.0358584452605464,0.13477972521754195,True,True
M6_S19_R1_sma0.03_rho0.0_beta0.05_modelspecific,32,6,19,1,0.03,0.0,0.05,False,1.1670132155522738e-15,0.06693614218561071,0.008358782861263944,True,True,0.00342211202092098,0.0016029360048632388,2.9496593769430258e-05,0.00023839412172976348,1.9180970191955566,1.1670132155522738e-15,0.06693614218561071,0.008358782861263944,True,True,lbfgs,-8.665248788020108e-05,4.986670017242432,3.233749016464939e-33,0.06693614218560975,0.005574393541412755,True,True,powell,8.42715205314903,0.00010862801253693471,2.7960217426597194e-05,2.1951600210548713e-05,13.076144933700562,0.06693614218560882,0.05559275349086432,0.07762296486199338,True,False
M6_S19_R1_sma0.03_rho0.0_beta0.05_modelspecific,33,6,19,1,0.03,0.0,0.05,False,0.01613442342035356,0.06191497534856321,0.025735064351189,True,True,0.00385802491299017,4.045759396872776e-12,0.0017838266686908846,0.0001522294348692885,1.6376588344573975,0.01613442342035356,0.06191497534856321,0.025735064351189,True,True,lbfgs,-7.645135156053584e-07,3.8446450233459473,0.02522704381510966,0.06191497534871087,0.027666450320221015,True,True,powell,0.16733027609575402,0.004508318728295282,1.9732952261391286e-13,8.080604887513241e-05,11.993894577026367,0.061914975348581834,0.015614043125684613,0.1141498422998216,True,True
M6_S19_R1_sma0.03_rho0.0_beta0.05_modelspecific,34,6,19,1,0.03,0.0,0.05,False,0.03538491535169662,0.040533942455584504,0.019265860717343194,True,True,0.0036432116516604495,0.0033024836930852838,0.000921772185873889,0.0001241201692763778,1.685750961303711,0.03538491535169662,0.040533942455584504,0.019265860717343194,True,True,lbfgs,-1.7510819816379808e-07,4.682164192199707,0.025029662885042516,0.0405339424556562,0.01808788231802128,True,True,powell,4.842691492453241,0.0018942182567209147,2.2594166494646955e-05,1.365586862685916e-13,12.819562911987305,0.04053394245558558,0.01817050324240398,0.06942521669026804,True,True
M6_S19_R1_sma0.03_rho0.0_beta0.05_modelspecific,35,6,19,1,0.03,0.0,0.05,False,0.007377071365124855,0.03874964492503456,0.014462464363428126,True,True,0.003332044277810842,0.0006307031084529392,0.00045211787492652563,0.0002555725455714963,2.666313409805298,0.007377071365124855,0.03874964492503456,0.014462464363428126,True,True,lbfgs,-2.6133058781852014e-05,5.493113279342651,0.0029683910901243623,0.03874964492503291,0.013042660320894005,True,True,powell,14.458074132537831,0.0009526869022098027,2.399499602310193e-05,3.4975660416543835e-06,12.740480184555054,0.03874964492503255,0.012999069628232477,0.0641103665109531,True,True
M6_S19_R1_sma0.03_rho0.0_beta0.05_modelspecific,36,6,19,1,0.03,0.0,0.05,False,9.042847010387581e-08,0.053035292308479524,0.009922454485893127,True,True,0.003550352209014471,0.002406870037208838,0.00010850466649413643,0.00028762251400594004,2.837639570236206,9.042847010387581e-08,0.053035292308479524,0.009922454485893127,True,True,lbfgs,-3.4173035601270385e-07,4.918530702590942,5.686525256022521e-12,0.053035292308489065,0.007700458790244509,True,True,powell,4.245664360239289,0.00026928334515319334,7.941414103164976e-05,4.2715485507431035e-06,14.434797048568726,0.05303529230847751,0.03649147790202469,0.0709014953916533,True,True
M6_S19_R1_sma0.03_rho0.0_beta0.05_modelspecific,37,6,19,1,0.03,0.0,0.05,False,0.06178985923581827,0.03122630711170617,0.0167182224076902,True,True,0.0036571102649000475,0.003334006286106672,0.0006460173937926371,0.00028494206099235835,1.4995927810668945,0.06178985923581827,0.03122630711170617,0.0167182224076902,True,True,lbfgs,-3.6386973079061136e-07,3.9759881496429443,0.04138375777543234,0.031226307111681062,0.015309531465039085,True,True,powell,7.940371122022043,0.0013398455294070513,5.985738199265971e-06,3.716049439055047e-12,10.976673126220703,0.031226307111705025,-0.00046128703573207865,0.0569819081060112,False,True
M6_S19_R1_sma0.03_rho0.0_beta0.05_modelspecific,38,6,19,1,0.03,0.0,0.05,False,0.0008256585141854657,0.06095316237388936,0.01822736602939809,True,True,0.0033240489074667537,0.0023064171664501113,0.0008217606746106168,0.00018741156662829378,1.4439294338226318,0.0008256585141854657,0.06095316237388936,0.01822736602939809,True,True,lbfgs,-1.208392859552987e-05,4.7411675453186035,0.00038354396716543885,0.06095316237382923,0.01716431878830635,True,True,powell,6.1077762505512965,0.0016933308788689631,5.76723605258184e-05,1.3408800876979644e-13,13.483450412750244,0.060953162373885275,0.03489218689128294,0.08474580614954426,True,True
M6_S19_R1_sma0.03_rho0.0_beta0.05_modelspecific,39,6,19,1,0.03,0.0,0.05,False,0.025056288500555243,0.031299220306729915,0.01396953716933067,True,True,0.0035893852482603602,0.0014904637702595567,0.0003965288931096187,0.00015207370033521752,1.4717183113098145,0.025056288500555243,0.031299220306729915,0.01396953716933067,True,True,lbfgs,-4.131007699470501e-06,6.087727785110474,0.012113386936099915,0.03129922030669297,0.012475654738756533,True,True,powell,1.0657178069609472,0.0008455384680549795,3.4363449998014874e-05,6.126871422061192e-05,10.914708852767944,0.03129922030672869,0.007173888481176041,0.05360699014198942,True,True
M6_S19_R1_sma0.03_rho0.0_beta0.05_modelspecific,40,6,19,1,0.03,0.0,0.05,False,2.401236373583737e-05,0.06263897641805326,0.014829697073810825,True,True,0.00339649033927894,0.0005559817423350499,0.00048099709646734446,0.0003248796156689964,1.5057756900787354,2.401236373583737e-05,0.06263897641805326,0.014829697073810825,True,True,lbfgs,-6.31992329545028e-05,5.9837806224823,3.6626281732593893e-06,0.06263897641802182,0.013529923857342073,True,True,powell,2.368496231724066,0.0010127403983073388,6.006753615337385e-05,1.6328587991633654e-05,12.113189697265625,0.06263897641806153,0.03521339824706975,0.090186126807631,True,True
M6_S19_R1_sma0.03_rho0.0_beta0.05_modelspecific,41,6,19,1,0.03,0.0,0.05,False,0.03133006080725903,0.044074339704266295,0.02047250545823293,True,True,0.0034456386951125435,0.0008835304430854669,0.0010760210342063699,0.00020252818292804608,1.404616355895996,0.03133006080725903,0.044074339704266295,0.02047250545823293,True,True,lbfgs,-0.008851862590290693,3.8340930938720703,0.023870749417169133,0.04407433970411614,0.019508798583917634,True,True,powell,1.0790238592228434,0.002201248647745503,1.241467299042461e-13,7.778953961017083e-05,6.09725546836853,0.04407433970427131,0.012088295509827396,0.07816557443623026,True,True
M6_S19_R1_sma0.03_rho0.0_beta0.05_modelspecific,42,6,19,1,0.03,0.0,0.05,False,0.0006879123807119814,0.0712069079803285,0.020978057150078062,True,True,0.0036340618765325363,0.0011073544884646657,0.0011289702308218223,0.0002517824312028469,1.344498634338379,0.0006879123807119814,0.0712069079803285,0.020978057150078062,True,True,lbfgs,-0.008773754740104778,3.296821117401123,0.000345185867798881,0.07120690798032953,0.019896910806152353,True,True,powell,14.005297119205352,0.0022994092232357932,4.558919998473287e-05,2.5893587635606295e-13,10.077187538146973,0.07120690798034393,0.037519572576408464,0.10981241760052236,True,True
M6_S19_R1_sma0.03_rho0.0_beta0.05_modelspecific,43,6,19,1,0.03,0.0,0.05,False,9.59329596089185e-05,0.05428453131115825,0.013916774891920298,True,True,0.0034933266664184644,0.0006551611630615963,0.0003971705719446152,0.0001263604656604252,1.5340847969055176,9.59329596089185e-05,0.05428453131115825,0.013916774891920298,True,True,lbfgs,-0.000172204636328388,4.423576831817627,1.1790440076074596e-05,0.054284531311216785,0.012389691291501751,True,True,powell,4.934088723264267,0.0008449221078505655,2.6302294823990782e-05,2.527165828551298e-05,12.594999074935913,0.05428453131115901,0.031678397927032254,0.08033207959765108,True,True
M6_S19_R1_sma0.03_rho0.0_beta0.05_modelspecific,44,6,19,1,0.03,0.0,0.05,False,0.002187738594842713,0.06586501025609982,0.02150001441091547,True,True,0.003898967251010052,0.0007516618682511633,0.0011815430563239756,0.00020491372702739245,3.816969394683838,4.072931482045743e-06,0.06586501025609605,0.014294783413836139,True,True,powell,1.1929268816320473,9.119261980056763,1.4824362165268983e-07,0.06586501025608837,0.012534428762354659,True,True,powell,6.203273243208741,0.0008708474705621925,3.347264978205836e-05,1.4017288548473574e-13,10.919904708862305,0.06586501025609888,0.04297700056113684,0.09126240217016168,True,True
M6_S19_R1_sma0.03_rho0.0_beta0.05_modelspecific,45,6,19,1,0.03,0.0,0.05,False,0.00283884770519775,0.03528842553022843,0.01182322674960218,True,True,0.003468819135740412,0.0048174152974842606,0.00023679664412068466,0.0001351256335027349,1.5362160205841064,0.00283884770519775,0.03528842553022843,0.01182322674960218,True,True,lbfgs,-2.755286914180033e-07,3.1320431232452393,0.0004336739394552491,0.035288425530209964,0.010028837165753243,True,True,powell,5.429638550843265,0.0005233098800215099,3.9388335880583684e-05,1.6502404502302106e-05,12.779678106307983,0.03528842553022881,0.015550440988742819,0.05322591224509146,True,True
M6_S19_R1_sma0.03_rho0.0_beta0.05_modelspecific,46,6,19,1,0.03,0.0,0.05,False,0.0001502800588489748,0.05948932129876773,0.01569388064646623,True,True,0.003743768385081374,0.001510076132041371,0.0005418532279164868,0.0001869427757794251,1.3321738243103027,0.0001502800588489748,0.05948932129876773,0.01569388064646623,True,True,lbfgs,-1.1925465059903217e-05,4.7853453159332275,3.296125402718601e-05,0.05948932129873259,0.014327943749365078,True,True,powell,0.7183662754837314,0.0011378551358582614,4.053450795722587e-05,5.899209717552913e-05,9.232002973556519,0.05948932129876386,0.03468532616694467,0.08368209611514565,True,True
M6_S19_R1_sma0.03_rho0.0_beta0.05_modelspecific,47,6,19,1,0.03,0.0,0.05,False,0.08025515300678987,0.026177361359481788,0.014965269080632523,True,True,0.0037500763912298005,0.001421105642076108,0.00047450539432357104,0.00010666904745928366,1.2361304759979248,0.08025515300678987,0.026177361359481788,0.014965269080632523,True,True,lbfgs,-0.0010082307867378404,4.372100114822388,0.05148727583607454,0.02617736135951753,0.01344223835347596,True,True,powell,10.298200088190242,0.001004651137969563,5.146048046663554e-05,1.282435306696543e-13,13.989835023880005,0.02617736135948321,-0.0036944697090943845,0.05235218363201086,False,True
M6_S19_R1_sma0.03_rho0.0_beta0.05_modelspecific,48,6,19,1,0.03,0.0,0.05,False,1.9080211845870836e-06,0.05402609404500085,0.011343037782617894,True,True,0.0036498159975073565,0.003614214076484172,0.0001938979395975119,0.00010828830237520883,1.7996821403503418,1.9110575316848376e-06,0.054026094045000285,0.011343801720517922,True,True,powell,6.521986506413668e-08,5.190521717071533,9.654794060519927e-09,0.054026094044971634,0.009417651480435388,True,True,powell,6.890193522047866,0.0004380014431293353,7.656325012027488e-05,1.4274355006781e-13,9.506015539169312,0.05402609404499961,0.034434071349826616,0.0723129076446932,True,True
M6_S19_R1_sma0.03_rho0.0_beta0.05_modelspecific,49,6,19,1,0.03,0.0,0.05,False,0.008065424493694491,0.03893020828004188,0.014694422748216805,True,True,0.003783956594172448,0.0020759195471340857,0.0004486225694903487,0.00029783402693170174,1.671191930770874,0.008065424493694491,0.03893020828004188,0.014694422748216805,True,True,lbfgs,-1.3435618711810093e-05,3.81487774848938,0.0029256406881223796,0.03893020828005404,0.013083828425149274,True,True,powell,9.659681823768096,0.0009525119402793645,2.793868864241065e-05,1.2152110717098707e-05,11.85411787033081,0.03893020828004238,0.013628087363570704,0.0650178228723332,True,True
M6_S19_R1_sma0.03_rho0.0_beta0.05_modelspecific,50,6,19,1,0.03,0.0,0.05,False,0.046796595474640004,0.027985602773030364,0.014076298465380985,True,True,0.003649021933607667,0.002810173871188128,0.00040237274948009844,0.00020239838192003125,1.5261428356170654,0.04684599915697694,0.027985602773031037,0.014079461335116589,True,True,powell,1.975967279577162e-06,4.509960412979126,0.025984986225099985,0.027985602772999482,0.01256968617356203,True,True,powell,0.48336313094887373,0.0008579031364329719,4.2947467916790743e-05,4.668040635820604e-05,10.971750736236572,0.02798560277303082,0.007889274885694532,0.0496916598985815,True,False
M6_S19_R1_sma0.03_rho0.0_beta0.05_modelspecific,51,6,19,1,0.03,0.0,0.05,False,2.590999004855781e-07,0.0841872123230419,0.016343854995529095,True,True,0.0034384001584881418,0.00103538443038035,0.0006203963589505426,0.0002938980520016194,1.586080551147461,2.590999004855781e-07,0.0841872123230419,0.016343854995529095,True,True,lbfgs,-3.449757014095667e-05,4.9180426597595215,2.261953090967813e-08,0.08418721232304457,0.015058519761208856,True,True,powell,4.916780151002058,0.0012906940494132484,2.138513752997875e-05,6.032101391499701e-12,12.116397619247437,0.08418721232304391,0.06244371064524029,0.11024854471077342,True,False
M6_S19_R1_sma0.03_rho0.0_beta0.05_modelspecific,52,6,19,1,0.03,0.0,0.05,False,0.02006027322503164,0.04453459100820861,0.01915286185726116,True,True,0.0036669790931867924,6.727786639099112e-05,0.0009074974523289221,0.00019820637673750556,1.5257515907287598,0.02006027322503164,0.04453459100820861,0.01915286185726116,True,True,lbfgs,-0.005631499414448626,3.113213539123535,0.013342805601233937,0.04453459100813404,0.017997511923628133,True,True,powell,12.50784176588013,0.001868254389854096,1.3983119894509254e-05,1.8882202894003234e-05,10.110435724258423,0.04453459100822542,0.008229961127593003,0.07971730253369443,True,True
M6_S19_R1_sma0.03_rho0.0_beta0.05_modelspecific,53,6,19,1,0.03,0.0,0.05,False,0.0020859785377752,0.06281249802105257,0.02040884275654025,True,True,0.0034883449291591376,0.0022388353965293413,0.0010659654864486803,0.0003884084736904598,1.7086186408996582,0.000151298416931078,0.06281249802105009,0.016577905121868745,True,True,powell,1.7308371292247102,4.4654457569122314,3.900256314896207e-05,0.06281249802091138,0.015270547098023167,True,True,powell,8.90956453985882,0.0013265879703248452,3.483693017963413e-05,1.2432071396393826e-13,10.188100099563599,0.06281249802104347,0.03238333851030724,0.09057365593625775,True,True
M6_S19_R1_sma0.03_rho0.0_beta0.05_modelspecific,54,6,19,1,0.03,0.0,0.05,False,5.4458105180480586e-08,0.08643846396171086,0.015900810627151582,True,True,0.0035943076456407953,0.0005387080285403758,0.0005693332491889086,0.00015207793926268282,1.5129015445709229,5.4458105180480586e-08,0.08643846396171086,0.015900810627151582,True,True,lbfgs,-0.00806741711221548,4.0696775913238525,2.781292996103901e-09,0.08643846396168992,0.014542108021425287,True,True,powell,1.627942144601775,0.0011919025771485155,1.8195365191699988e-05,4.319161508349405e-05,10.485639333724976,0.08643846396170686,0.06048734284052275,0.10786028543950135,True,False
M6_S19_R1_sma0.03_rho0.0_beta0.05_modelspecific,55,6,19,1,0.03,0.0,0.05,False,0.17098077016301005,0.031663254478232636,0.02312774674274485,True,True,0.003370446400579177,0.0020238730951029783,0.0014272860923699262,0.00015834721043753844,1.1715960502624512,0.17098077016301005,0.031663254478232636,0.02312774674274485,True,True,lbfgs,-0.004901496167803998,2.8395588397979736,0.15477651189753644,0.031663254478100256,0.02225323410542624,True,True,powell,9.463335608102625,0.0028974908368522676,4.4629338580352823e-05,1.0411894626186627e-12,10.572636127471924,0.031663254478235064,-0.00880197958456225,0.07032171267813994,False,True
M6_S19_R1_sma0.03_rho0.0_beta0.05_modelspecific,56,6,19,1,0.03,0.0,0.05,False,0.0913273139632789,0.042911951976210214,0.025415188225266987,True,True,0.0034562702168086834,0.005675187975383252,0.0017558864187981367,0.00029251676651447807,1.2600762844085693,0.0913273139632789,0.042911951976210214,0.025415188225266987,True,True,lbfgs,-5.5301836709986674e-05,2.6791296005249023,0.08135562552676147,0.04291195197602352,0.02462137356511031,True,True,powell,1.832749507924973,0.0035612997003509504,2.4176122434031433e-05,3.488149511138189e-05,9.744694471359253,0.042911951976215265,-0.005863876614188448,0.08674557763256109,False,True
M6_S19_R1_sma0.03_rho0.0_beta0.05_modelspecific,57,6,19,1,0.03,0.0,0.05,False,0.34785036767295996,0.0214717817423152,0.02287232183638697,True,True,0.003556764079147591,0.005649488880129207,0.0013822312091328643,0.00023710273215444666,1.3986566066741943,0.34785036767295996,0.0214717817423152,0.02287232183638697,True,True,lbfgs,-5.408857668953715e-05,3.1569457054138184,0.327965350371749,0.021471781742245965,0.02194984145874836,True,True,powell,6.812443581159187,0.0028133637329208765,3.260669207548765e-05,1.686650225725228e-05,11.291718006134033,0.02147178174231749,-0.01941517029042063,0.05947024605051208,False,True
M6_S19_R1_sma0.03_rho0.0_beta0.05_modelspecific,58,6,19,1,0.03,0.0,0.05,False,0.044708366258228244,0.03657124297754786,0.018218323063285823,True,True,0.003298363944326463,0.0015940854783648224,0.0008221237833816422,0.00018260837216144916,1.3448996543884277,0.044708366258228244,0.03657124297754786,0.018218323063285823,True,True,lbfgs,-0.00018156204032493406,3.829507350921631,0.03289698834525708,0.03657124297759025,0.017142730611523722,True,True,powell,9.142760911548521,0.0016884268666114634,4.883596523429821e-05,6.69317125075784e-13,10.231727838516235,0.036571242977544084,0.008977223536230726,0.07705326494373507,True,True
M6_S19_R1_sma0.03_rho0.0_beta0.05_modelspecific,59,6,19,1,0.03,0.0,0.05,False,0.01254825944647912,0.0729138992242264,0.029208331625963497,True,True,0.0036143868522297887,0.0004650957980162115,0.00236914902215689,0.00022200066794145695,1.2861948013305664,0.01254825944647912,0.0729138992242264,0.029208331625963497,True,True,lbfgs,-0.02191850558074293,2.744197130203247,0.01038183981637351,0.0729138992242052,0.028450374666675063,True,True,powell,6.092579210553367,0.004791850736011695,8.956118291296494e-06,1.3348648116873476e-13,11.379525423049927,0.07291389922421335,0.023405209172548777,0.12409451641975242,True,True
M6_S19_R1_sma0.03_rho0.0_beta0.05_modelspecific,60,6,19,1,0.03,0.0,0.05,False,4.471594505954159e-05,0.0718757885406015,0.01760946739565016,True,True,0.0035441117249361883,0.003950638770274527,0.0007437478298261146,0.00020355059427791793,1.254089593887329,4.471594505954159e-05,0.0718757885406015,0.01760946739565016,True,True,lbfgs,-6.451025956266676e-05,2.804164409637451,1.1711881992382012e-05,0.07187578854051728,0.016399201731728725,True,True,powell,3.151055492300202,0.0015391158552154518,7.97748321082238e-06,4.529469103707045e-05,9.669675350189209,0.07187578854059992,0.045778261108880204,0.0979360915412372,True,True
M6_S19_R1_sma0.03_rho0.0_beta0.05_modelspecific,61,6,19,1,0.03,0.0,0.05,False,2.433197574023868e-05,0.07079572802212152,0.016772628218107218,False,True,0.003961505316016805,2.2440154349778254e-05,0.0006354628922380318,0.00022447561135011349,3.0362462997436523,6.062924980485714e-08,0.07079572802210977,0.013069332273105104,True,True,powell,0.5102664240280319,6.125576734542847,1.4192029545502286e-10,0.07079572802203497,0.01103800200893619,True,True,powell,10.024604950212506,0.0006498672855403714,6.398286387881366e-05,2.8865607420082626e-13,10.891842365264893,0.07079572802211027,0.049094095258168026,0.09363355406240445,True,True
M6_S19_R1_sma0.03_rho0.0_beta0.05_modelspecific,62,6,19,1,0.03,0.0,0.05,False,0.07341185184337462,0.04197666779377268,0.023447224514048685,True,True,0.0034188685898052453,0.0021867163587458833,0.0014693765601419288,0.00022428662038958573,1.2423629760742188,0.07341185184337462,0.04197666779377268,0.023447224514048685,True,True,lbfgs,-0.003497726185742067,2.6164135932922363,0.06295942766488742,0.04197666779388504,0.022574437474215316,True,True,powell,0.9185706712053161,0.0029724286602590875,7.876245808751836e-05,1.6180101737605051e-13,11.878323793411255,0.04197666779377961,-0.005999479901556866,0.0790240299021497,False,True
M6_S19_R1_sma0.03_rho0.0_beta0.05_modelspecific,63,6,19,1,0.03,0.0,0.05,False,0.00012875177215932314,0.044512495141896265,0.011625600453546877,True,True,0.0034510740607697522,0.0014451377518692847,0.00022382828083391363,0.00016904773868261667,1.6120896339416504,0.00012875177215932314,0.044512495141896265,0.011625600453546877,True,True,lbfgs,-0.00030995494080343633,5.064860582351685,5.7687773197648124e-06,0.04451249514193471,0.009815992176891462,True,True,powell,1.1958233355182983,0.0004995318078475502,2.851688124583684e-06,7.831168966811789e-05,9.269861936569214,0.04451249514189686,0.0283418717122356,0.06060232102839217,True,True
M6_S19_R1_sma0.03_rho0.0_beta0.05_modelspecific,64,6,19,1,0.03,0.0,0.05,False,1.8470438066415342e-11,0.06484960334977366,0.009653643700624836,True,True,0.003690143514469152,0.0008399862128892299,8.536043038695609e-05,0.00019283627634706027,1.5888776779174805,1.8470438066415342e-11,0.06484960334977366,0.009653643700624836,True,True,lbfgs,-8.387245543417521e-05,5.121530055999756,6.976273986810421e-20,0.06484960334978485,0.007104453653160671,True,True,powell,7.239839603118526,0.00022438774206773822,6.46259832380571e-05,2.104219791885403e-13,11.993789672851562,0.06484960334977667,0.05089665443211834,0.07762718663505556,True,False
M6_S19_R1_sma0.03_rho0.0_beta0.05_modelspecific,65,6,19,1,0.03,0.0,0.05,False,0.1259326552814238,0.05423496645633474,0.03543982089239443,True,True,0.0035098527274247384,0.0004040433019925471,0.003583213623742214,0.0001222678802555185,1.2145183086395264,0.1259326552814238,0.05423496645633474,0.03543982089239443,True,True,lbfgs,-3.620835741457995e-05,3.219589948654175,0.11957232567753034,0.054234966455941704,0.03484258632759392,True,True,powell,3.0823989838720536,0.007215483039723368,1.2264357180418675e-05,1.270453566106536e-13,11.646470308303833,0.054234966456388645,-0.011707072868933013,0.11669232210250308,False,True
M6_S19_R1_sma0.03_rho0.0_beta0.05_modelspecific,66,6,19,1,0.03,0.0,0.05,False,4.831125075996149e-05,0.0372213381200726,0.009159582665584663,True,True,0.003788850620414582,0.004727842801392143,5.228067327490188e-05,0.00010300392127349222,3.171208143234253,0.00023660864517446411,0.03722133812007125,0.010124576989432938,True,True,powell,0.5312740103017859,5.078104257583618,1.1029182859676799e-06,0.037221338120068406,0.00763933613032789,True,True,powell,12.074849303555766,0.0002710239905107292,3.9406924893680525e-05,1.8978378167791693e-06,11.239789009094238,0.03722133812007205,0.020276906549153883,0.05495520468211307,True,True
M6_S19_R1_sma0.03_rho0.0_beta0.05_modelspecific,67,6,19,1,0.03,0.0,0.05,False,0.003253413925200017,0.05536273350229292,0.01881344917537468,True,True,0.003354903446181651,0.003216840791011501,0.0008852637440348007,0.00029335468243774814,1.5060043334960938,0.003253413925200017,0.05536273350229292,0.01881344917537468,True,True,lbfgs,-4.413959686644375e-08,3.901893138885498,0.0019787030594138437,0.05536273350235709,0.0178969896294393,True,True,powell,0.8110325878033109,0.001819265017942245,0.00012385744100222785,1.206164279384337e-13,13.6346595287323,0.05536273350229459,0.017266429095210405,0.08888027101262795,True,True
M6_S19_R1_sma0.03_rho0.0_beta0.05_modelspecific,68,6,19,1,0.03,0.0,0.05,False,0.004798964213370599,0.06185259266943079,0.021931775678647108,True,True,0.003388472819408573,0.002499154033868854,0.0012646676785495177,8.364765777894335e-05,1.241828441619873,0.004798964213370599,0.06185259266943079,0.021931775678647108,True,True,lbfgs,-0.0019398130898480304,3.120482921600342,0.003228311007624789,0.061852592669430786,0.021001733822033252,True,True,powell,20.369038355486737,0.00258026081930161,8.031895440821489e-13,1.4027441056302337e-05,9.173352241516113,0.061852592669423764,0.02303621519951107,0.09558316555104286,True,True
M6_S19_R1_sma0.03_rho0.0_beta0.05_modelspecific,69,6,19,1,0.03,0.0,0.05,False,1.901602351352931e-05,0.06115295856730627,0.014300966439491313,True,True,0.003444731839734713,0.004363268487677426,0.00043225124753486173,0.00011919954747265947,1.4789135456085205,1.901602351352931e-05,0.06115295856730627,0.014300966439491313,True,True,lbfgs,-0.00041187600345438113,3.2118070125579834,1.698771386631185e-06,0.06115295856723094,0.01277664458404464,True,True,powell,10.282773679491129,0.0009141666776926726,4.029953080095852e-12,4.1203922759756653e-13,7.777779579162598,0.061152958567307486,0.04334818174271591,0.0811445291502161,True,True
M6_S19_R1_sma0.03_rho0.0_beta0.05_modelspecific,70,6,19,1,0.03,0.0,0.05,False,0.002798480568651335,0.05106764113501935,0.017084917716325778,True,True,0.0034347231968311206,0.0006732329912341115,0.0006949083350244682,0.00016116973535492549,1.636444330215454,0.002798480568651335,0.05106764113501935,0.017084917716325778,True,True,lbfgs,-0.012358601857158646,4.002817630767822,0.0012831508413546204,0.05106764113496377,0.015860886546961866,True,True,powell,10.94394940588495,0.0014409500606971085,1.4324522019529747e-06,2.9842636715671296e-05,7.016159772872925,0.05106764113501886,0.0185683872415261,0.07806481127112279,True,True
M6_S19_R1_sma0.03_rho0.0_beta0.05_modelspecific,71,6,19,1,0.03,0.0,0.05,False,0.36055928844066243,0.02031488819891625,0.022219064470683603,True,True,0.0033417667797803353,0.0018648482031667628,0.0013051780157631737,0.00019877306084180557,1.3014724254608154,0.36055928844066243,0.02031488819891625,0.022219064470683603,True,True,lbfgs,-4.354553129815031e-05,4.041546821594238,0.3401758490092397,0.02031488819893703,0.021298498512243278,True,True,powell,5.909931842096512,0.002658458914828911,9.830647695795913e-06,1.161632726569097e-13,11.854421377182007,0.020314888198909184,-0.020470962363893137,0.05816313690025969,False,True
M6_S19_R1_sma0.03_rho0.0_beta0.05_modelspecific,72,6,19,1,0.03,0.0,0.05,False,0.004840044218996848,0.041695308688199005,0.014798736125796456,True,True,0.0035720204836358804,0.0071249427137405185,0.00046900669467672934,0.00019280089281688536,1.6624841690063477,0.004840044218996848,0.041695308688199005,0.014798736125796456,True,True,lbfgs,-4.527178589341929e-06,3.4899370670318604,0.001820289008493911,0.04169530868827188,0.013372078842635323,True,True,powell,2.3748401625966835,0.0009911648920693074,5.93038237294971e-05,1.4553560098490248e-05,12.760992527008057,0.04169530868819813,0.01967611813665185,0.0668914237512206,True,True
M6_S19_R1_sma0.03_rho0.0_beta0.05_modelspecific,73,6,19,1,0.03,0.0,0.05,False,0.009027240179118443,0.054765320897332576,0.02097467810195197,False,True,0.0036548569225562165,0.0011592024947129386,0.001127450473780611,0.00019857249819561928,3.5686025619506836,0.0076828298283523125,0.05476532089733434,0.020544445407115856,True,True,powell,0.32228003353247914,5.610256195068359,0.0042325762514556576,0.05476532089741944,0.019146791489052205,True,True,powell,7.986243350591394,0.0021071269567165306,9.443493396007022e-05,1.2066406131649545e-13,13.154734373092651,0.05476532089733102,0.023586730853174462,0.08646373716613706,True,True
M6_S19_R1_sma0.03_rho0.0_beta0.05_modelspecific,74,6,19,1,0.03,0.0,0.05,False,0.023133701479353726,0.0547292090006739,0.024096839677144644,True,True,0.0035983749399805262,0.0014545854494498094,0.0015525848925421754,0.0001926512864813363,1.3303065299987793,0.023133701479353726,0.0547292090006739,0.024096839677144644,True,True,lbfgs,-0.0006820265589340124,3.8673548698425293,0.018430031539407934,0.05472920900053046,0.023221206652363876,True,True,powell,5.115900299212399,0.0031562898784452532,5.049984359912242e-05,2.923839112273729e-13,10.644976139068604,0.05472920900067125,0.013405615009576053,0.09768589192098477,True,True
M6_S19_R1_sma0.03_rho0.0_beta0.05_modelspecific,75,6,19,1,0.03,0.0,0.05,False,0.0001396587690807524,0.051941491572592445,0.013637333554838364,True,True,0.003746293995175441,0.006187736213280176,0.0003607572312906362,8.767303308402316e-05,1.6779897212982178,0.0001396587690807524,0.051941491572592445,0.013637333554838364,True,True,lbfgs,-7.709172723480151e-05,3.566471576690674,1.877082621866007e-05,0.05194149157263815,0.012138609178318148,True,True,powell,4.044181878271047e-08,0.0007778137477808175,8.040817720960003e-05,8.01892766642223e-05,9.414077520370483,0.051941491572593826,0.029570279821921935,0.07685644219922343,True,True
M6_S19_R1_sma0.03_rho0.0_beta0.05_modelspecific,76,6,19,1,0.03,0.0,0.05,False,2.2642450021133506e-06,0.06365814895691398,0.013463264672187027,True,True,0.003807909441917101,0.004006889053071136,0.00034336220048340955,9.204155297702074e-05,1.54268217086792,2.265225932495042e-06,0.06365814895691367,0.013463515140789974,True,True,powell,1.6624653653707355e-08,4.4636664390563965,5.728744643743552e-08,0.06365814895683913,0.011729750584711178,True,True,powell,5.889174152647456,0.0007432523917812459,6.198145844402602e-05,2.3267133384344274e-07,12.284826755523682,0.06365814895691531,0.040875607372305556,0.08278161793990216,True,True
M6_S19_R1_sma0.03_rho0.0_beta0.05_modelspecific,77,6,19,1,0.03,0.0,0.05,False,0.009754985861468817,0.04227546442775682,0.016357970094890845,True,True,0.003631011098540137,0.0037767929901462885,0.0006116437095844857,0.00023866790601352898,1.282456636428833,0.009748185229250634,0.0422754644277585,0.016356448067832242,True,True,powell,7.226105935842497e-06,4.167102098464966,0.0047403289731074725,0.0422754644277208,0.014969166160380187,True,True,powell,9.690325252295452,0.0012761672885686487,2.486412617983289e-05,1.1576441229636067e-13,10.90123176574707,0.04227546442775748,0.020186602445578225,0.07372984802763212,True,True
M6_S19_R1_sma0.03_rho0.0_beta0.05_modelspecific,78,6,19,1,0.03,0.0,0.05,False,0.00013788295764305316,0.05921048588520037,0.015532919845788291,True,True,0.0038320417968401585,0.004723509176945832,0.0005221283864470238,0.00024687766533714085,1.3684613704681396,0.00013776002928422151,0.059210485885199074,0.015532021773878755,True,True,powell,1.5829755284357816e-08,3.6629860401153564,2.2535734634770493e-05,0.059210485885152875,0.013970794125491943,True,True,powell,8.966757277241186,0.0011008918167449175,2.835452540641603e-05,1.1196580380895803e-05,9.811152219772339,0.05921048588520022,0.02980258170005505,0.08811446761062695,True,True
M6_S19_R1_sma0.03_rho0.0_beta0.05_modelspecific,79,6,19,1,0.03,0.0,0.05,False,0.0015922967425489162,0.04966204747425104,0.015729206641601205,True,True,0.003979228152936009,0.002123532116526966,0.0005327907640417072,0.0002451274191805214,1.2956373691558838,0.0015922967425489162,0.04966204747425104,0.015729206641601205,True,True,lbfgs,-2.905819837906165e-05,3.3213090896606445,0.0004071359824255644,0.04966204747432104,0.014047022645843128,True,True,powell,6.780203949425868,0.0011189851653880213,7.14332707246083e-06,7.002362377243653e-12,8.448907613754272,0.04966204747425039,0.025613661072166432,0.07353906992121906,True,True
M6_S19_R1_sma0.03_rho0.0_beta0.05_modelspecific,80,6,19,1,0.03,0.0,0.05,False,0.0006163631803099242,0.06384617975277632,0.01864497779403535,True,True,0.0033685891596043774,0.0020516244510118894,0.0008656114245253077,0.00013633703205378478,1.1687037944793701,0.0006163631803099242,0.06384617975277632,0.01864497779403535,True,True,lbfgs,-1.3503597074304707e-05,3.5577735900878906,0.0002690503629450498,0.06384617975262541,0.017523745593532883,True,True,powell,6.291883840339324,0.0017806380907883564,1.2291814937229076e-05,2.1104847674304093e-12,11.504579067230225,0.0638461797527804,0.034763146957813254,0.09174563492746808,True,True
M6_S19_R1_sma0.03_rho0.0_beta0.05_modelspecific,81,6,19,1,0.03,0.0,0.05,False,0.33285126605338955,0.029561844141634402,0.030526899361458297,True,True,0.0037938059905667882,0.0018773294737748649,0.0025960007543719596,0.0002908108725997619,1.1065523624420166,0.33285126605338955,0.029561844141634402,0.030526899361458297,True,True,lbfgs,-0.0023115184012567624,2.4319121837615967,0.3200355748566164,0.02956184414164954,0.029728777758410017,True,True,powell,9.18976136792594,0.005235998319558909,2.4303595261699362e-05,1.2397147467796776e-13,10.403136491775513,0.029561844141652038,-0.027123346507322538,0.08397910578830449,False,True
M6_S19_R1_sma0.03_rho0.0_beta0.05_modelspecific,82,6,19,1,0.03,0.0,0.05,False,0.24863551865733013,0.024559772114971682,0.021288387250154167,True,True,0.0036504448222826184,0.0022134529816102426,0.0011674576202806283,0.00016243875080847878,2.5345494747161865,0.13461122469378045,0.02455977211497123,0.016415173138067556,True,True,powell,2.51709591008148,4.639589071273804,0.09939312611535348,0.0245597721149589,0.01490455702327023,True,True,powell,6.417046094091575,0.0012507862441274314,3.8101403002089e-05,2.5702232888657993e-13,10.678168058395386,0.024559772114971474,-0.005011881655726643,0.05326421144882049,False,True
M6_S19_R1_sma0.03_rho0.0_beta0.05_modelspecific,83,6,19,1,0.03,0.0,0.05,False,0.08571667763351118,0.024885779523334962,0.014481624268337124,True,True,0.0038597697680452124,0.0005624935730320412,0.0004260065470822964,0.00017835059356606964,1.3361167907714844,0.08571667763351118,0.024885779523334962,0.014481624268337124,True,True,lbfgs,-4.5078231778461486e-05,4.509478330612183,0.05192341637974948,0.02488577952335047,0.012802853850917959,True,True,powell,4.555349521377593,0.0009044620792098065,5.1327688368128156e-05,1.4486634808569084e-13,8.014567852020264,0.024885779523333186,-0.00146775175893289,0.05025841021092986,False,True
M6_S19_R1_sma0.03_rho0.0_beta0.05_modelspecific,84,6,19,1,0.03,0.0,0.05,False,0.0010241337837856564,0.05519365809096627,0.016807803141203066,True,True,0.003658239397267236,0.002781106641056702,0.0006549678236546256,0.00017209779153954467,1.2979726791381836,0.0010277495025647941,0.055193658090961134,0.01681288941507237,True,True,powell,4.343546606833115e-07,3.377669334411621,0.0003630999792007719,0.055193658091047974,0.015479722834570277,True,True,powell,10.631464037397564,0.001364579754645451,4.4007207794240745e-05,1.189061230346501e-13,12.522156476974487,0.05519365809096323,0.01993725067667019,0.08503014962381887,True,True
M6_S19_R1_sma0.03_rho0.0_beta0.05_modelspecific,85,6,19,1,0.03,0.0,0.05,False,0.002378687561024724,0.06781519259815567,0.022319662144647336,True,True,0.0036404073261102968,0.002746988821655513,0.001302901569168928,0.00015889842312382218,1.367231845855713,0.002378687561024724,0.06781519259815567,0.022319662144647336,True,True,lbfgs,-4.0266968426294625e-06,3.6519274711608887,0.0014813033286081995,0.06781519259814621,0.02133679362905792,True,True,powell,5.890032218230772,0.0026550257555011166,4.611643935965133e-05,8.786426399987424e-06,8.008554935455322,0.06781519259815774,0.02593436241590833,0.10001104071918444,True,True
M6_S19_R1_sma0.03_rho0.0_beta0.05_modelspecific,86,6,19,1,0.03,0.0,0.05,False,0.044388780071351865,0.04154096750599219,0.020663027178063946,True,True,0.003546662151105112,0.0037577845149912334,0.0010942156474787437,8.085957635602258e-05,1.2544970512390137,0.044388780071351865,0.04154096750599219,0.020663027178063946,True,True,lbfgs,-0.0002579236042947741,2.6071462631225586,0.03461655643967334,0.04154096750588618,0.019661426242417467,True,True,powell,9.803002245209427,0.0022401351391999626,4.717673936288173e-05,4.8927222185178e-07,11.500961780548096,0.041540967505992364,0.006291836059342157,0.07683029936228501,True,True
M6_S19_R1_sma0.03_rho0.0_beta0.05_modelspecific,87,6,19,1,0.03,0.0,0.05,False,0.07771981460488343,0.045480259744685475,0.025781404111175656,True,True,0.003585614053476212,0.003246888924961197,0.0018053258647014363,0.00022378615523039713,1.516660213470459,0.009078034192134442,0.0454802597446935,0.017431388451567883,True,True,powell,1.1087987499386145,3.5857763290405273,0.0049590004004812175,0.045480259744655034,0.016186960165764343,True,True,powell,4.830391396181312,0.0014995356624366149,2.435839124723934e-05,2.5322615644439364e-05,9.755011081695557,0.045480259744691956,0.016638059474663652,0.07520298570113583,True,True
M6_S19_R1_sma0.03_rho0.0_beta0.05_modelspecific,88,6,19,1,0.03,0.0,0.05,False,0.0047008054456888744,0.035443149521960614,0.012538028184990682,True,True,0.0038409494776704485,0.001433212189183607,0.00026945121663599547,0.0002303616484750672,1.4308586120605469,0.0047008054456888744,0.035443149521960614,0.012538028184990682,True,True,lbfgs,-1.1946212907787412e-08,4.280243396759033,0.0008111939610732119,0.03544314952199042,0.010583372200307398,True,True,powell,7.49299193302727,0.0005963164872786444,4.968094704112288e-05,1.3861296656793862e-06,11.752333641052246,0.03544314952196076,0.018039500103306433,0.054911140572357554,True,True
M6_S19_R1_sma0.03_rho0.0_beta0.05_modelspecific,89,6,19,1,0.03,0.0,0.05,False,0.03587651821147822,0.049427448140548336,0.023555677756926626,True,True,0.0035857159464426753,0.003182152601096484,0.001475887971846407,0.00017233537230031828,0.9847948551177979,0.03587651821147822,0.049427448140548336,0.023555677756926626,True,True,lbfgs,-0.0006432348786802322,2.490413188934326,0.029023353102508302,0.04942744814054717,0.022640228007682926,True,True,powell,11.559811179048893,0.00300194491593776,2.6358469655393834e-05,9.935403904754985e-06,9.603358268737793,0.04942744814054688,0.007464452755401872,0.094953330632602,True,True
M6_S19_R1_sma0.03_rho0.0_beta0.05_modelspecific,90,6,19,1,0.03,0.0,0.05,False,0.008331428262931768,0.05060851395952094,0.019181990841210965,True,True,0.0036367362524658414,0.00111331332021918,0.0009124391467146814,0.00013105148171836797,1.186504602432251,0.008331428262931768,0.05060851395952094,0.019181990841210965,True,True,lbfgs,-7.630519576196093e-05,4.012892007827759,0.005145463593763467,0.05060851395956881,0.018088790374406423,True,True,powell,0.8457245706977119,0.0018796955800146579,3.564094300570444e-05,3.8545937590121736e-05,7.155947685241699,0.050608513959529776,0.018253775232946964,0.08831391138839327,True,True
M6_S19_R1_sma0.03_rho0.0_beta0.05_modelspecific,91,6,19,1,0.03,0.0,0.05,False,1.1286356228911486e-05,0.07811629019568357,0.017790348896231253,True,True,0.00389800333391941,0.0016653586799011701,0.0007443314713426911,5.639174371998592e-05,1.0914418697357178,1.1286356228911486e-05,0.07811629019568357,0.017790348896231253,True,True,lbfgs,-1.665201398282079e-05,3.9994585514068604,2.1215532269691324e-06,0.07811629019584157,0.016475061720897844,True,True,powell,4.904656547878858,0.001546720628712815,6.254883898037908e-05,3.046947995434492e-06,10.781166553497314,0.07811629019568996,0.04572943236170232,0.109218882867256,True,True
M6_S19_R1_sma0.03_rho0.0_beta0.05_modelspecific,92,6,19,1,0.03,0.0,0.05,False,5.984882046463718e-05,0.049145501672412294,0.01224533491416648,True,True,0.0038429175275917563,0.0038920467389950823,0.00024758586423865474,0.00021961970885301597,1.4696846008300781,5.98334567046121e-05,0.049145501672413126,0.012245150095900978,True,True,powell,1.750777300912887e-08,3.674394130706787,1.4557951553280457e-06,0.04914550167237185,0.010202067707407607,True,True,powell,9.101176726418089,0.0005517737913869253,5.147130494065977e-05,1.1691731247057055e-13,7.522820472717285,0.04914550167241254,0.03607735501005762,0.06273060311173771,True,True
M6_S19_R1_sma0.03_rho0.0_beta0.05_modelspecific,93,6,19,1,0.03,0.0,0.05,False,0.005330309690681149,0.06076820102191421,0.0218091450222222,True,True,0.003332669488806747,0.004008167212504111,0.0012515127624955205,0.00020644946950007902,1.031832218170166,0.005330309690681149,0.06076820102191421,0.0218091450222222,True,True,lbfgs,-0.00011655036178126466,2.6012842655181885,0.0036444783469779976,0.06076820102180819,0.020901224026591114,True,True,powell,12.280468463119405,0.002548609457076502,2.3526958634144642e-05,1.054400865809765e-05,9.82113242149353,0.06076820102192621,0.024562172661585762,0.09648217350389317,True,True
M6_S19_R1_sma0.03_rho0.0_beta0.05_modelspecific,94,6,19,1,0.03,0.0,0.05,False,0.025381046760943732,0.06570095507023581,0.029389124904671125,True,True,0.0038305473001033993,0.0006631761126191897,0.0023895542353505176,0.00010371696452085576,1.0047917366027832,0.025381046760943732,0.06570095507023581,0.029389124904671125,True,True,lbfgs,-0.035972912555280345,2.616705894470215,0.021578811838623597,0.06570095507006833,0.028594214252573164,True,True,powell,1.799806911977612,0.004830207361416446,4.40248063730566e-05,1.2485953016263468e-13,9.409213542938232,0.06570095507024343,0.013583472722671948,0.11127558415210545,True,True
M6_S19_R1_sma0.03_rho0.0_beta0.05_modelspecific,95,6,19,1,0.03,0.0,0.05,False,0.01864315510912814,0.044858216550450594,0.019067584239770587,True,True,0.00372079602790946,0.001146372471645163,0.0008948869363322811,0.00024682841229256976,1.1771109104156494,0.01864315510912814,0.044858216550450594,0.019067584239770587,True,True,lbfgs,-6.711943933623843e-05,3.835684299468994,0.012529690983853375,0.04485821655034673,0.017965821101241716,True,True,powell,1.4705342620306965,0.0018436984246162132,6.333625303238903e-05,2.6066459329934423e-05,10.596858501434326,0.04485821655045095,0.010983821977721605,0.07868097571425978,True,True
M6_S19_R1_sma0.03_rho0.0_beta0.05_modelspecific,96,6,19,1,0.03,0.0,0.05,False,1.9373677789674793e-11,0.09463254871581432,0.014101809659412805,True,True,0.003540953955683917,0.007310758112011171,0.00041021710934335023,0.00019425834042581988,1.5801160335540771,1.9373677789674793e-11,0.09463254871581432,0.014101809659412805,True,True,lbfgs,-2.7634109756036196e-06,2.857760429382324,6.756101384804518e-14,0.09463254871589095,0.012630261187497133,True,True,powell,0.6651106130912012,0.0008724916550866749,3.0103756018624856e-05,5.940631990326641e-05,9.157788515090942,0.09463254871581152,0.07181935660343504,0.11688494519347253,True,False
M6_S19_R1_sma0.03_rho0.0_beta0.05_modelspecific,97,6,19,1,0.03,0.0,0.05,False,0.09496858104037402,0.037568712176742604,0.022499585637942535,True,True,0.003541466484936939,0.0018187626507648164,0.0013323010887461564,0.0002556145997328045,1.1642284393310547,0.09496858104037402,0.037568712176742604,0.022499585637942535,True,True,lbfgs,-8.737480948184384e-05,3.1899540424346924,0.08023762977439865,0.03756871217658501,0.0214763162229176,True,True,powell,7.937781808214368,0.002702756742241912,5.878477195050263e-06,1.196381594615939e-13,9.91915774345398,0.03756871217674798,0.002656349415623133,0.07467221097100382,True,True
M6_S19_R1_sma0.03_rho0.0_beta0.05_modelspecific,98,6,19,1,0.03,0.0,0.05,False,3.6349378643741402e-06,0.07542630633175994,0.01628644022677022,True,True,0.00376840370807818,0.0008822048591605732,0.0005974073685132127,0.00010350960514025487,1.2103838920593262,3.6349378643741402e-06,0.07542630633175994,0.01628644022677022,True,True,lbfgs,-3.3872330277517904e-05,3.861919641494751,4.1117490570075025e-07,0.07542630633177023,0.014895463171232378,True,True,powell,8.754395401751935,0.0012498253906804706,5.6139679597542066e-05,1.553141172416341e-13,11.776798486709595,0.0754263063317625,0.05039629556329706,0.10229585046332242,True,False
M6_S19_R1_sma0.03_rho0.0_beta0.05_modelspecific,99,6,19,1,0.03,0.0,0.05,False,0.0824417716060255,0.03138774364934803,0.01807330618603127,True,True,0.003586876900681619,0.004183633545055593,0.0007911501947093686,9.328579456217758e-05,0.9522650241851807,0.0824417716060255,0.03138774364934803,0.01807330618603127,True,True,lbfgs,-5.0210322569910204e-05,2.444033622741699,0.06233650740244955,0.03138774364938147,0.016839870490527566,True,True,powell,4.220198612819331,0.001631699699671631,2.1082132225045667e-05,1.412660508443999e-13,7.558566093444824,0.03138774364934436,0.0017386352003809587,0.06080124761932194,True,True
M6_S19_R1_sma0.03_rho0.0_beta0.05_modelspecific,100,6,19,1,0.03,0.0,0.05,False,4.700543159024186e-05,0.05882047450739275,0.01445206942953872,True,True,0.0035673379658533663,0.008133516943317824,0.0004388323026068554,0.00012440534302820587,1.2972240447998047,4.700543159024186e-05,0.05882047450739275,0.01445206942953872,True,True,lbfgs,-3.412066234886879e-06,2.8762505054473877,5.842284536371652e-06,0.0588204745074398,0.012978870194326546,True,True,powell,5.473796445243806,0.0009292632771115897,2.7747339340857065e-06,4.765634320886728e-05,8.744026184082031,0.05882047450739365,0.034747901942729705,0.08195186557009211,True,True
M6_S19_R1_sma0.03_rho0.0_beta0.05_modelspecific,101,6,19,1,0.03,0.0,0.05,False,0.000382225549496097,0.06516029933061124,0.018344361379885023,True,True,0.0034529502422550418,0.004067948055579955,0.0008278125600309692,0.0001729985157704164,1.2725951671600342,0.000382225549496097,0.06516029933061124,0.018344361379885023,True,True,lbfgs,-7.245154256452224e-05,2.85398006439209,0.0001599399267575429,0.06516029933079637,0.017260523840378194,True,True,powell,8.676723331783705,0.0017064310066258904,7.150883802182619e-05,1.1123086511749981e-13,12.572129726409912,0.06516029933061675,0.033499315691092234,0.09606155108462651,True,True
M6_S19_R1_sma0.03_rho0.0_beta0.05_modelspecific,102,6,19,1,0.03,0.0,0.05,False,1.1562759705694124e-05,0.05956030169520079,0.013580651965376764,True,True,0.003547295555095939,0.0009558056021074125,0.0003666025573563855,9.984745916171837e-05,1.0801923274993896,1.1562759705694124e-05,0.05956030169520079,0.013580651965376764,True,True,lbfgs,-6.75549017614685e-07,4.517324447631836,6.032530147578568e-07,0.05956030169519412,0.011935518872858398,True,True,powell,4.460120977196993,0.0007832456291261531,2.9221353715438392e-05,2.333888014787962e-13,10.28937840461731,0.05956030169519926,0.03267559129871618,0.08745355324915167,True,True
M6_S19_R1_sma0.03_rho0.0_beta0.05_modelspecific,103,6,19,1,0.03,0.0,0.05,False,0.016006567316458855,0.04587154271566117,0.01904358793453701,True,True,0.0035769224146876386,0.0006128155487082401,0.0008997156498038368,0.00017727860170796823,1.266587734222412,0.016006567316458855,0.04587154271566117,0.01904358793453701,True,True,lbfgs,-0.007346511823925539,3.8754642009735107,0.010591388054293117,0.04587154271576865,0.0179473227055988,True,True,powell,9.657995447674693,0.0018534645793243016,7.09687407787772e-05,1.0785184279750899e-13,12.349145889282227,0.045871542715650915,0.01219398801482394,0.07791638569362404,True,True
M6_S19_R1_sma0.03_rho0.0_beta0.05_modelspecific,104,6,19,1,0.03,0.0,0.05,False,0.006765249366751689,0.05986733303137359,0.02210607993350685,True,True,0.0037210427011650864,0.0006341261189344886,0.001270191957386898,0.0001915578768591096,2.969081163406372,1.8714914800639588e-07,0.05986733303137397,0.011487170795247513,True,True,powell,2.3077235740324795,5.608456373214722,1.2887964714948987e-10,0.0598673330313574,0.009312817488472382,True,True,powell,5.607724945925156,0.0004572389311232293,1.3486612094399627e-05,1.2655792801117965e-13,9.96058464050293,0.05986733303137406,0.04078447804669151,0.08042581055292948,True,True
M6_S19_R1_sma0.03_rho0.0_beta0.05_modelspecific,105,6,19,1,0.03,0.0,0.05,False,0.02914849591847683,0.052140278520432445,0.023901415958544663,True,True,0.0035132656058424845,6.325745884402158e-09,0.001528924338372193,0.00026967383847014635,1.5372989177703857,0.02914849591847683,0.052140278520432445,0.023901415958544663,True,True,lbfgs,-6.698377092106966e-06,2.922877550125122,0.026033750452368113,0.052140278520383936,0.023426379327976535,True,True,powell,1.6911882057904677,0.003216014328283189,4.5328521073789406e-05,1.7670244906522438e-13,8.11479902267456,0.052140278520402206,0.0050621541174478285,0.09157708766633262,True,True
M6_S19_R1_sma0.03_rho0.0_beta0.05_modelspecific,106,6,19,1,0.03,0.0,0.05,False,0.00010520570109879395,0.052815013245026306,0.013618219532694487,True,True,0.003735014650462831,0.005990361750094522,0.0003597879912765715,9.691778797348896e-05,1.2595746517181396,0.00010520570109879395,0.052815013245026306,0.013618219532694487,True,True,lbfgs,-1.4930019460734911e-06,2.765674352645874,9.687950092098129e-06,0.052815013245033605,0.01193823087282131,True,True,powell,1.7677287706471816,0.000774448638182585,1.9119526179709262e-13,6.258841795214733e-05,7.859630346298218,0.052815013245026035,0.028385452479454506,0.07550673909182953,True,True
M6_S19_R1_sma0.03_rho0.0_beta0.05_modelspecific,107,6,19,1,0.03,0.0,0.05,False,2.6422070613415338e-05,0.055826618436123736,0.013284787979566079,True,True,0.0035140250791166967,0.0027322776434488033,0.0003445080866114892,0.0001782358078255257,1.105085849761963,2.6422070613415338e-05,0.055826618436123736,0.013284787979566079,True,True,lbfgs,-1.5823388821445405e-08,3.4104275703430176,1.817227987599636e-06,0.055826618436116714,0.011696937804901388,True,True,powell,4.367898335663995,0.0007399044214757718,1.4300248996299833e-05,4.023345855542162e-05,10.165254592895508,0.05582661843612213,0.031590083719216094,0.08023644224597279,True,True
M6_S19_R1_sma0.03_rho0.0_beta0.05_modelspecific,108,6,19,1,0.03,0.0,0.05,False,1.6380199553658126e-05,0.06970672188671145,0.016176032120147264,True,True,0.003691111396805975,0.0008078913764048506,0.0005907230245716521,0.0001232627848390402,1.330221176147461,1.6380199553658126e-05,0.06970672188671145,0.016176032120147264,True,True,lbfgs,-4.846410320169525e-05,4.380176067352295,2.2621072323908065e-06,0.06970672188660086,0.01474189854703587,True,True,powell,8.39324379147888,0.0012362545833957564,2.103975246316798e-05,1.7273407256901287e-05,10.118564128875732,0.06970672188671721,0.04196199169783669,0.09603410672632501,True,True
M6_S19_R1_sma0.03_rho0.0_beta0.05_modelspecific,109,6,19,1,0.03,0.0,0.05,False,8.304115290581614e-10,0.08454498706315391,0.013771778757916553,True,True,0.0034721924568960837,0.0014139624750941903,0.0003862386990553924,0.00021281633632058526,1.4418680667877197,8.304115290581614e-10,0.08454498706315391,0.013771778757916553,True,True,lbfgs,-5.849278750247322e-08,4.25346827507019,6.8477551391426025e-12,0.08454498706318722,0.012322910962752384,True,True,powell,2.490745240878141,0.0008232118408906301,7.231797255440374e-05,1.2149655564926862e-05,11.673730611801147,0.08454498706315008,0.060338793918643746,0.1067285575541195,True,False
M6_S19_R1_sma0.03_rho0.0_beta0.05_modelspecific,110,6,19,1,0.03,0.0,0.05,False,0.06502426432434981,0.04855686955905145,0.026316784758147374,True,True,0.0038923698939964477,0.0001334235268585569,0.001872857906652902,0.0001396542644776275,2.6282219886779785,5.1871625819678204e-06,0.04855686955908518,0.010655277918717072,True,True,powell,4.4987112582834925,5.6202239990234375,3.4852093705645802e-09,0.048556869559101885,0.008220308792903145,True,True,powell,11.6645831864289,0.00032734812565842094,5.724022445552949e-05,1.2142174260894781e-13,9.704708337783813,0.048556869559086974,0.03586212323280837,0.061671706483559324,True,True
M6_S19_R1_sma0.03_rho0.0_beta0.05_modelspecific,111,6,19,1,0.03,0.0,0.05,False,0.054918745952165636,0.040970373539464526,0.021344088797581224,True,True,0.0036775831876098607,0.0015982682850717773,0.0011731533699227568,9.402405613268627e-05,1.0378344058990479,0.054918745952165636,0.040970373539464526,0.021344088797581224,True,True,lbfgs,-0.0007063736802592757,3.2913570404052734,0.04372137420295247,0.04097037353939764,0.02031502557005381,True,True,powell,5.057983038207567,0.0023993731355704375,3.838762431854069e-05,1.3166546583479016e-13,10.342060327529907,0.040970373539459135,0.004613692675577058,0.07192706806419288,True,True
M6_S19_R1_sma0.03_rho0.0_beta0.05_modelspecific,112,6,19,1,0.03,0.0,0.05,False,0.003866862161632321,0.0632146775636552,0.021882500086856754,True,True,0.003892153668586884,0.0022954424173366648,0.0012316812370704478,0.00011846615827337065,1.1436495780944824,0.003866862161632321,0.0632146775636552,0.021882500086856754,True,True,lbfgs,-1.7317081528744893e-05,3.415397882461548,0.002366347065678663,0.06321467756383926,0.020794794294831942,True,True,powell,1.474463220383086,0.0025198871663197776,5.1953339668975586e-05,6.426132344139969e-12,10.716936111450195,0.06321467756365978,0.02399335988817779,0.10183128638755093,True,True
M6_S19_R1_sma0.03_rho0.0_beta0.05_modelspecific,113,6,19,1,0.03,0.0,0.05,False,0.0009084709566194425,0.06577916689156693,0.019828303677721947,True,True,0.003601583817244644,0.004072561842455114,0.0009899278371950176,0.00018889544471348532,1.1338043212890625,0.0009084709566194425,0.06577916689156693,0.019828303677721947,True,True,lbfgs,-0.00011021748014172772,2.7410850524902344,0.00044066746738007204,0.06577916689141135,0.018716780073296253,True,True,powell,14.129601275488994,0.002030652591601749,3.128378587415006e-05,2.5991389256854597e-07,9.949419736862183,0.06577916689156894,0.0282444561882749,0.1002012761132311,True,True
M6_S19_R1_sma0.03_rho0.0_beta0.05_modelspecific,114,6,19,1,0.03,0.0,0.05,False,1.5738834015620774e-05,0.0888784524027517,0.02058283672644198,True,True,0.0038963268716696556,0.0013500442839832045,0.0010658896677712742,0.00023362194194978417,1.2022993564605713,1.5738834015620774e-05,0.0888784524027517,0.02058283672644198,True,True,lbfgs,-4.252921280567534e-05,4.426598072052002,4.782433961840289e-06,0.08887845240248356,0.01943075453332141,True,True,powell,5.30596847200286,0.002189147614469332,3.184447989363932e-05,1.708837072307747e-13,9.887572050094604,0.08887845240276553,0.04828617652471339,0.12134197075244194,True,True
M6_S19_R1_sma0.03_rho0.0_beta0.05_modelspecific,115,6,19,1,0.03,0.0,0.05,False,0.0013183012721002965,0.06222186025248526,0.019371894544140785,True,True,0.0036056203515081554,0.004720143415402363,0.0009360414025032883,0.00015655975611296707,1.097719430923462,0.0013183012721002965,0.06222186025248526,0.019371894544140785,True,True,lbfgs,-5.040627684138599e-05,2.4073543548583984,0.0006398004828933241,0.06222186025229706,0.018224670856876027,True,True,powell,9.502072424061907,0.001919810413515013,5.445047058548082e-05,1.4015319360029178e-13,6.974616050720215,0.06222186025248447,0.024765804231055646,0.09459964184550249,True,True
M6_S19_R1_sma0.03_rho0.0_beta0.05_modelspecific,116,6,19,1,0.03,0.0,0.05,False,0.05909472800315087,0.03805531904862868,0.02016188734426262,True,True,0.003491471214596386,0.0013691044211716623,0.0010357434609744216,0.00015077682609297618,2.1617445945739746,0.10166653649914871,0.03805531904860858,0.02324943899694844,True,True,powell,1.9279926162689662,3.8599722385406494,0.14486898391216527,0.03805531904871972,0.02610288903527812,True,True,powell,11.80607381120376,0.004013830755184926,2.6185887231378797e-05,9.314197041598006e-06,7.377298593521118,0.03805531904861997,-0.008674221764663679,0.08458178894180275,False,True
M6_S19_R1_sma0.03_rho0.0_beta0.05_modelspecific,117,6,19,1,0.03,0.0,0.05,False,0.001260844738224453,0.049787347989003715,0.015439153278579977,True,True,0.003473922850518137,0.00138514878634086,0.0005322643171143251,0.00012014177946033436,2.714395523071289,4.895335432978784e-05,0.049787347989002126,0.01226117647530613,True,True,powell,0.6506039829637302,5.0906736850738525,2.405051950919311e-06,0.04978734798897621,0.010557073411664179,True,True,powell,4.814098351560688,0.0005858110885094833,4.3482324214225916e-05,1.664975355077076e-05,10.315330982208252,0.049787347989002556,0.033114106110140144,0.06720066811045848,True,True
M6_S19_R1_sma0.03_rho0.0_beta0.05_modelspecific,118,6,19,1,0.03,0.0,0.05,False,0.01671394136139376,0.05200680226502937,0.02173342693534595,True,True,0.003496940898494864,0.0022702177785704817,0.001232976018088581,0.00029638662076187635,1.7629148960113525,0.0006347272633272256,0.05200680226502196,0.015223030777104844,True,True,powell,1.7263147461967492,4.241986274719238,0.00016943574558166008,0.05200680226504948,0.013829006623464084,True,True,powell,4.73379285011697,0.0010686023481462198,4.9519734901424144e-05,1.8375503399262615e-13,10.541442394256592,0.05200680226502524,0.026452814187417503,0.07755137361221624,True,True
M6_S19_R1_sma0.03_rho0.0_beta0.05_modelspecific,119,6,19,1,0.03,0.0,0.05,False,0.007697215910038063,0.057945978600275304,0.02174275547196814,True,True,0.0036159167660740317,0.0004148833117961111,0.0012279308378008757,4.5189231398308525e-05,1.217923879623413,0.007697215910038063,0.057945978600275304,0.02174275547196814,True,True,lbfgs,-0.04727520290543907,2.5481011867523193,0.005248183752539195,0.05794597860011337,0.02075880943787917,True,True,powell,9.539633470115405,0.002507931217911915,2.4734592610570673e-05,1.7266033555174403e-05,10.15126657485962,0.0579459786002814,0.02107431607034863,0.08815238107934197,True,True
M6_S19_R1_sma0.03_rho0.0_beta0.05_modelspecific,120,6,19,1,0.03,0.0,0.05,False,6.470568610807963e-09,0.07573162319935811,0.013047912327617685,True,True,0.003475804607265712,0.008618232672597061,0.0003278069637346562,0.00028959002362891235,1.4556667804718018,6.470568610807963e-09,0.07573162319935811,0.013047912327617685,True,True,lbfgs,-4.136105417273939e-06,2.721771240234375,2.247607399485548e-11,0.07573162319929279,0.01132188154745689,True,True,powell,5.245808326425276,0.0007022661398259216,6.468092781848171e-06,2.1459925197459696e-13,8.345505714416504,0.07573162319935828,0.05735757891207992,0.09397724037023297,True,False
M6_S19_R1_sma0.03_rho0.0_beta0.05_modelspecific,121,6,19,1,0.03,0.0,0.05,False,1.539020784643598e-08,0.07303567151520061,0.012910316516821663,True,True,0.0032294035476299774,7.015196097706935e-05,0.00033006020992357193,0.000193327000745472,1.3081169128417969,1.539020784643598e-08,0.07303567151520061,0.012910316516821663,True,True,lbfgs,-0.017355198638597358,2.665390968322754,1.5277140983955985e-10,0.07303567151525209,0.011407222250526827,True,True,powell,2.900169680487352,0.000706984696747447,2.3100618056296455e-05,3.224157110070455e-05,9.973520994186401,0.07303567151520382,0.049705467345432956,0.09853548227959356,True,True
M6_S19_R1_sma0.03_rho0.0_beta0.05_modelspecific,122,6,19,1,0.03,0.0,0.05,False,0.0028151465959198037,0.053357415903969106,0.01786181653599435,False,True,0.0033601204625905786,0.0020655376564444805,0.000780285024497091,0.00044329361874897674,2.7601892948150635,5.979351081186119e-05,0.05335741590396945,0.013294073610573443,True,True,powell,1.9047642675627685,5.540751218795776,6.552156460874121e-06,0.05335741590396572,0.011836842184461668,True,True,powell,7.197989765408465,0.0007513996163478392,7.89373940922468e-05,1.2224321535521907e-13,14.610799789428711,0.05335741590396935,0.027846545389313585,0.07886144999210876,True,True
M6_S19_R1_sma0.03_rho0.0_beta0.05_modelspecific,123,6,19,1,0.03,0.0,0.05,False,0.006591625074435693,0.07031064034993528,0.02587993872009499,True,True,0.0033871192428115726,0.0003347906367844995,0.0018310442506353883,0.00025002001765199125,1.1308095455169678,0.006591625074435693,0.07031064034993528,0.02587993872009499,True,True,lbfgs,-0.019598280241552857,2.6680359840393066,0.005149723841877924,0.0703106403497003,0.025133240989033,True,True,powell,7.075016633429186,0.0037146495454088704,1.5436378369637074e-05,1.3652715814457225e-13,12.925295114517212,0.07031064034992672,0.030513679338077013,0.11701139608826631,True,True
M6_S19_R1_sma0.03_rho0.0_beta0.05_modelspecific,124,6,19,1,0.03,0.0,0.05,False,0.22082050117207097,0.024341594778936475,0.019881250842271138,True,True,0.003499190228104246,0.006721846401597216,0.0010016244984176288,0.00032046365882834187,1.536696195602417,0.22082050117207097,0.024341594778936475,0.019881250842271138,True,True,lbfgs,-1.6093699741759337e-05,2.9175145626068115,0.19721854375900394,0.02434159477899174,0.018876526668594386,True,True,powell,1.7563994543224908,0.0020533608130815194,1.5654097526797116e-06,6.403400126993896e-05,9.572537899017334,0.02434159477893737,-0.010642226958403795,0.059812626504958055,False,True
M6_S19_R1_sma0.03_rho0.0_beta0.05_modelspecific,125,6,19,1,0.03,0.0,0.05,False,0.0005756423797290836,0.06232293458303851,0.018102193761995768,True,True,0.003913531057063918,0.0018652055429309441,0.0007770929381976731,0.00013892525956377835,1.2956750392913818,0.0005756423797290836,0.06232293458303851,0.018102193761995768,True,True,lbfgs,-0.00023068170912665664,3.7038486003875732,0.00019941751228393654,0.06232293458294872,0.016754588422905305,True,True,powell,5.179139021449828,0.0016109650690477398,1.5280995610637217e-05,1.3759806418321418e-13,10.100906610488892,0.06232293458303883,0.036891204945168,0.09087116748733136,True,True
M6_S19_R1_sma0.03_rho0.0_beta0.05_modelspecific,126,6,19,1,0.03,0.0,0.05,False,0.19225560199979053,0.027758735185813295,0.021288427894299168,True,True,0.003466528435018447,0.001664726425611091,0.00117714262163135,0.00034150242294987487,1.447092056274414,0.19225560199979053,0.027758735185813295,0.021288427894299168,True,True,lbfgs,-0.00016864177268871572,4.525564432144165,0.17230991348331315,0.02775873518576462,0.020338765148720607,True,True,powell,8.879851520759985e-08,0.002403862382742672,6.65438550819562e-05,2.0099751375125095e-05,10.846388101577759,0.027758735185809163,-0.003392037266524488,0.06655595129922917,False,True
M6_S19_R1_sma0.03_rho0.0_beta0.05_modelspecific,127,6,19,1,0.03,0.0,0.05,False,0.01738994766531779,0.04252466118807263,0.017879842570290704,True,True,0.0035738202626395474,0.003056745295354839,0.0007709705077183029,0.0001411273582654953,1.0728845596313477,0.01738994766531779,0.04252466118807263,0.017879842570290704,True,True,lbfgs,-3.2436173569294624e-07,4.974408149719238,0.010668626869073541,0.042524661187993605,0.016654331551885906,True,True,powell,5.091974702057769,0.0015919988805378556,2.4518131855763593e-05,1.362977147817646e-13,12.457431554794312,0.042524661188071626,0.013167263786333077,0.06948703668092705,True,True
M6_S19_R1_sma0.03_rho0.0_beta0.05_modelspecific,128,6,19,1,0.03,0.0,0.05,False,0.024488485472830522,0.03692163207491347,0.01641415511633148,True,True,0.003921072993182563,0.003960662772399237,0.0006019012017499031,0.0002035264880851827,1.557952880859375,0.024488485472830522,0.03692163207491347,0.01641415511633148,True,True,lbfgs,-5.606721197182196e-05,5.454197883605957,0.01336617785030361,0.03692163207489224,0.014924700955023816,True,True,powell,11.455836391377261,0.001253412975897129,5.650520984211371e-05,2.943800762005062e-13,11.57041335105896,0.03692163207491289,0.010201965574800076,0.060424159773888535,True,True
M6_S19_R1_sma0.03_rho0.0_beta0.05_modelspecific,129,6,19,1,0.03,0.0,0.05,False,7.584586346119407e-08,0.06283366999592256,0.011686198368196904,True,True,0.0036783509804946073,0.002208544062450712,0.0002161042768764858,0.0001660546131798753,3.347036600112915,1.31890313990879e-08,0.06283366999592022,0.011055263444210416,True,True,powell,0.2244708857006117,6.159640312194824,1.8889659036008632e-12,0.0628336699959319,0.008922139651640548,True,True,powell,12.198743301516515,0.0003996786490974157,1.4282809678476761e-05,2.070074219774643e-05,8.70456051826477,0.06283366999592108,0.043580556689693066,0.0828391026167373,True,True
M6_S19_R1_sma0.03_rho0.0_beta0.05_modelspecific,130,6,19,1,0.03,0.0,0.05,False,0.000521157709123834,0.06751445281976694,0.01945863724696347,True,True,0.0037022945837029302,0.0005144486027109541,0.0009410580808578356,0.00020087491266679858,1.3723978996276855,0.000521157709123834,0.06751445281976694,0.01945863724696347,True,True,lbfgs,-0.008506969504651352,4.235557794570923,0.00022720338832830743,0.06751445281980552,0.018313102267444377,True,True,powell,6.04053788772103,0.0019362086239179703,1.8164538553340135e-05,2.970714548725719e-05,8.451693058013916,0.06751445281974877,0.036733428313198375,0.10239549917087044,True,True
M6_S19_R1_sma0.03_rho0.0_beta0.05_modelspecific,131,6,19,1,0.03,0.0,0.05,False,0.0016059684185575063,0.03741392304554262,0.011859287163219573,True,True,0.003624293881175178,0.001413618865220657,0.00023117576652357166,0.00028505813101454755,1.629094123840332,0.0016060158128612468,0.03741392304554296,0.011859319530671262,True,True,powell,4.979483492206782e-10,4.806972026824951,0.0001939912496996146,0.03741392304552404,0.010039382798998351,True,True,powell,3.7697582203652473,0.000515088421432363,7.000774469938749e-05,7.73753466424296e-06,12.262558460235596,0.0374139230455435,0.020021503529208135,0.052652612021718684,True,True
M6_S19_R1_sma0.03_rho0.0_beta0.05_modelspecific,132,6,19,1,0.03,0.0,0.05,False,0.015113525721252866,0.038756731483047625,0.0159515880461433,True,True,0.0035302134670602077,0.0008239273182620195,0.0005775587747889251,0.00026147184364597187,2.5381524562835693,0.015113525721252866,0.038756731483047625,0.0159515880461433,True,True,lbfgs,-1.4783066035306547e-05,5.4991455078125,0.007817492181087234,0.03875673148298497,0.014571008804131723,True,True,powell,3.160875420263892,0.0012074063854817002,1.4869237237715452e-06,7.846743995318194e-06,6.255241632461548,0.03875673148304788,0.01611814358350534,0.06264012619617844,True,True
M6_S19_R1_sma0.03_rho0.0_beta0.05_modelspecific,133,6,19,1,0.03,0.0,0.05,False,2.7541375057805697e-19,0.08726544257060054,0.009719782028244294,True,True,0.003557906147488646,0.001269125276172681,9.616426974086214e-05,0.0001963385166662025,1.72098970413208,2.7541375057805697e-19,0.08726544257060054,0.009719782028244294,True,True,lbfgs,-9.869724453892559e-05,4.790589332580566,2.8056789573548575e-32,0.08726544257059948,0.007378026784579297,True,True,powell,6.739691180012869,0.0002442360647046206,5.5577626521771644e-05,5.244281082007939e-06,12.125593900680542,0.08726544257059936,0.07017332011971689,0.10706379012038061,True,False
M6_S19_R1_sma0.03_rho0.0_beta0.05_modelspecific,134,6,19,1,0.03,0.0,0.05,False,0.14170935711324642,0.03717071768129529,0.025295576879803428,True,True,0.003603644524872876,0.0012068436602735177,0.0017299331277362744,0.00017251458410349807,1.1909527778625488,0.14170935711324642,0.03717071768129529,0.025295576879803428,True,True,lbfgs,-0.0013429212285700487,3.2694408893585205,0.12798929809032705,0.03717071768116612,0.02442101805816014,True,True,powell,13.496977268190676,0.0035087632030891907,3.3521677060288714e-05,1.8043893916181245e-12,10.62951922416687,0.03717071768127656,-0.010857512649765599,0.08174225077405178,False,True
M6_S19_R1_sma0.03_rho0.0_beta0.05_modelspecific,135,6,19,1,0.03,0.0,0.05,False,0.01306946078564159,0.04165210378701921,0.01678254231230741,True,True,0.004020209529176224,0.0026947334299007547,0.0006333712041733815,0.0002454907023487642,1.4328632354736328,0.01306946078564159,0.04165210378701921,0.01678254231230741,True,True,lbfgs,-1.1292740964563563e-07,3.760162353515625,0.006493848572174928,0.04165210378708161,0.01530346294096987,True,True,powell,7.329490079088146,0.0013218664645935976,5.5149536217555e-05,2.206366402517255e-11,10.652209520339966,0.04165210378701873,0.007369773755683485,0.07274795952769338,True,True
M6_S19_R1_sma0.03_rho0.0_beta0.05_modelspecific,136,6,19,1,0.03,0.0,0.05,False,1.4467013620244113e-09,0.06638051798465941,0.01097163184997369,True,True,0.0034866171958568785,0.0019166185600746823,0.00017762394815107528,0.00012839505887745275,1.9353923797607422,1.3037895248205489e-08,0.06638051798466096,0.011675266831821811,True,True,powell,0.405882604738963,4.576306581497192,1.2698830065758077e-11,0.06638051798469154,0.009802160297416965,True,True,powell,4.179835509249415,0.0005041047586163034,2.5224038891511367e-05,2.624880109355508e-05,10.478668928146362,0.06638051798465953,0.046587009253849676,0.08635681414898877,True,True
M6_S19_R1_sma0.03_rho0.0_beta0.05_modelspecific,137,6,19,1,0.03,0.0,0.05,False,9.133860488212444e-05,0.07519313060312408,0.01921860151605855,True,True,0.003634664670259738,0.0028980364523609847,0.000916765792159188,0.00013717058883262306,1.2103493213653564,9.133860488212444e-05,0.07519313060312408,0.01921860151605855,True,True,lbfgs,-2.3925713321659714e-07,3.4019479751586914,3.363040630660281e-05,0.07519313060321785,0.018130279984897923,True,True,powell,4.462384690892122,0.0018820009576358328,5.8064768726836606e-05,1.1799704887659593e-05,9.715233325958252,0.07519313060312055,0.03811287867835363,0.11061642955127815,True,True
M6_S19_R1_sma0.03_rho0.0_beta0.05_modelspecific,138,6,19,1,0.03,0.0,0.05,False,9.901607129639198e-05,0.04136123702446862,0.010624541227822706,True,True,0.0034256555481929863,0.0012517208571846468,0.0001583449684739003,9.311536688259629e-05,1.3417530059814453,9.901607129639198e-05,0.04136123702446862,0.010624541227822706,True,True,lbfgs,-0.00012003768370050238,4.631711959838867,1.1778806581268956e-06,0.04136123702447504,0.00851172897094155,True,True,powell,16.02380927848162,0.00036627368357262653,9.206267825868497e-12,2.018484668009051e-05,8.9070463180542,0.04136123702446919,0.023695999361216514,0.059612005232759634,True,True
M6_S19_R1_sma0.03_rho0.0_beta0.05_modelspecific,139,6,19,1,0.03,0.0,0.05,False,0.00029778805005274255,0.03277859660042219,0.009061828430318835,True,True,0.0034739387333868675,0.0032564428366051094,6.351132279703384e-05,0.0002788127270417881,1.8755912780761719,0.00021024757161958312,0.032778596600423364,0.008843844306950571,True,True,powell,0.12900425823045225,3.905003786087036,7.09098853885454e-08,0.03277859660042167,0.006082669863344146,True,True,powell,4.73072000161028,0.00015425737586402085,9.871358022904735e-06,5.128061252061961e-06,10.339200973510742,0.032778596600422316,0.018741742830666895,0.047770432903929745,True,False
M6_S19_R1_sma0.03_rho0.0_beta0.05_modelspecific,140,6,19,1,0.03,0.0,0.05,False,0.0010405947608866555,0.06834267452192865,0.020840534720665185,True,True,0.0036036586694733154,0.004989224140708827,0.0011133174165680279,0.00015962757737195067,1.0266525745391846,0.0010405947608866555,0.06834267452192865,0.020840534720665185,True,True,lbfgs,-9.735478488437366e-05,2.7692604064941406,0.0005570923432109918,0.06834267452219021,0.019799785660480376,True,True,powell,0.930081209084392,0.00227160470013008,6.94525282840671e-05,1.8956099661316116e-13,10.365061521530151,0.06834267452193088,0.03657700798370857,0.10211637676639228,True,True
M6_S19_R1_sma0.03_rho0.0_beta0.05_modelspecific,141,6,19,1,0.03,0.0,0.05,False,0.008418254806273413,0.04189918484226191,0.015902120692472016,True,True,0.0037098384335444556,0.001132661395482973,0.0005633776731567854,0.00011666435644421234,1.2317540645599365,0.008418254806273413,0.04189918484226191,0.015902120692472016,True,True,lbfgs,-0.00011327350739520625,3.796072006225586,0.004006834412504595,0.04189918484231702,0.014560344492082647,True,True,powell,0.4168659487370405,0.0011799471393270223,3.91976099524944e-06,7.684460729889891e-05,6.018664836883545,0.041899184842261336,0.010726193207122382,0.07192378862837144,True,True
M6_S19_R1_sma0.03_rho0.0_beta0.05_modelspecific,142,6,19,1,0.03,0.0,0.05,False,8.195655089867731e-07,0.06929511615080204,0.014053952171662934,True,True,0.0038194139539343423,0.0030966179655676864,0.00039151892788099674,0.0001313032442394406,1.354940414428711,8.201073665194569e-07,0.06929511615080389,0.014054320169948342,True,True,powell,1.3706994650419801e-08,3.8433401584625244,1.8568677591697792e-08,0.06929511615072326,0.012319495987113469,True,True,powell,6.688349266352816,0.0008375871535599409,3.192622614787558e-05,1.7065410476089078e-13,11.498964071273804,0.06929511615080236,0.04331656083499266,0.09410576807578817,True,True
M6_S19_R1_sma0.03_rho0.0_beta0.05_modelspecific,143,6,19,1,0.03,0.0,0.05,False,0.0005081016829288019,0.06290733156687249,0.018095286159411653,True,True,0.003756543679542041,0.002272466213366944,0.0007846053183338687,0.00014828345357128858,1.1014354228973389,0.0005081016829288019,0.06290733156687249,0.018095286159411653,True,True,lbfgs,-0.0002805827139127359,3.5498621463775635,0.0002099949406626585,0.06290733156680688,0.01697134653765979,True,True,powell,0.18223197609381714,0.0016260533454982554,0.0001417363049993667,1.0896140661059058e-13,13.310805559158325,0.06290733156686878,0.03525209933682763,0.09352114386889607,True,True
M6_S19_R1_sma0.03_rho0.0_beta0.05_modelspecific,144,6,19,1,0.03,0.0,0.05,False,0.013447710485195583,0.05026584332318009,0.020336651943668918,True,True,0.004039515407294861,0.0025538422850132823,0.0010281321627656696,0.0002608532466017748,1.1910781860351562,0.013447710485195583,0.05026584332318009,0.020336651943668918,True,True,lbfgs,-5.707134278054582e-06,3.8944265842437744,0.008923608183960825,0.050265843323257564,0.019222362537496967,True,True,lbfgs,-0.0016667775973928656,0.002117168837922926,3.333741811129915e-05,7.944966614613347e-05,7.984930038452148,0.05026584332318187,0.012225778136533567,0.08621629218161712,True,True
M6_S19_R1_sma0.03_rho0.0_beta0.05_modelspecific,145,6,19,1,0.03,0.0,0.05,False,0.0017165108419143302,0.05853609970644024,0.018669737124485518,True,True,0.0038704451273163082,0.0027534870535671895,0.0008419696146123784,0.00011011367392564143,1.0579023361206055,0.0017165108419143302,0.05853609970644024,0.018669737124485518,True,True,lbfgs,-1.1786529285018332e-05,3.7724432945251465,0.0008082914484487954,0.05853609970634206,0.017473776955320597,True,True,powell,0.8396686251808205,0.0017372461627537263,5.456160267796306e-05,4.228885570374897e-05,8.223854064941406,0.05853609970644145,0.019588012343366684,0.09590855574292298,True,True
M6_S19_R1_sma0.03_rho0.0_beta0.05_modelspecific,146,6,19,1,0.03,0.0,0.05,False,0.0006434481156182783,0.055074873986858223,0.01613865419018922,True,True,0.00364536997896203,0.002672940649528236,0.0005895068993714413,0.00011188121334616995,1.4164013862609863,0.000641041316373904,0.055074873986856746,0.01613382606192912,True,True,powell,9.726486496219877e-07,4.4678261280059814,0.000184244877916993,0.05507487398676202,0.014727109614853885,True,True,powell,9.21401682084661,0.0012321400270568941,1.2850050336482812e-05,2.335180672527489e-05,10.58077883720398,0.055074873986858265,0.029575226483217226,0.08059734475090613,True,True
M6_S19_R1_sma0.03_rho0.0_beta0.05_modelspecific,147,6,19,1,0.03,0.0,0.05,False,0.016918757653660143,0.06408849635304541,0.02683246431266073,True,True,0.0035331229766315145,0.000427333942249437,0.0019739895823936665,0.00011297967546025029,1.3319363594055176,0.016918757653660143,0.06408849635304541,0.02683246431266073,True,True,lbfgs,-0.025254889362713584,3.3970375061035156,0.01417131896175127,0.0640884963532956,0.026127736954714754,True,True,powell,7.694086978139467,0.004008626700147246,7.224050324417833e-05,1.3654432713314044e-13,12.01680850982666,0.06408849635299814,0.01669736743477255,0.11001397445806825,True,True
M6_S19_R1_sma0.03_rho0.0_beta0.05_modelspecific,148,6,19,1,0.03,0.0,0.05,False,0.6200807996917004,0.006913369989113022,0.013945673240951974,True,True,0.0035532454502818357,0.003746963949832094,0.0003964324879943005,0.00023625274074966929,1.8281545639038086,0.6200774257032902,0.006913369989112125,0.013945538731180734,True,True,powell,3.4215781852253713e-07,4.3295488357543945,0.578688204728061,0.006913369989112023,0.012449751114861499,True,True,powell,0.8537145330249132,0.0008434709461359362,4.395585068749098e-05,3.596269877293283e-05,9.942397832870483,0.006913369989112312,-0.012992104117024473,0.028811364723029195,False,False
M6_S19_R1_sma0.03_rho0.0_beta0.05_modelspecific,149,6,19,1,0.03,0.0,0.05,False,5.610487594224785e-07,0.06694057410690425,0.013376973540780164,True,True,0.0034828026028922736,0.003570129191546342,0.0003535248631799687,0.0001694730370369146,1.5355777740478516,5.610487594224785e-07,0.06694057410690425,0.013376973540780164,True,True,lbfgs,-3.830144078165176e-05,3.845987319946289,1.2591157597506453e-08,0.06694057410690982,0.011761452996058968,True,True,powell,2.3404030259152933,0.000756912986485876,1.7526506454249308e-05,4.716870294593357e-06,7.648629903793335,0.06694057410690442,0.042639337726000946,0.08787476929607961,True,True
M6_S19_R1_sma0.03_rho0.0_beta0.05_modelspecific,150,6,19,1,0.03,0.0,0.05,False,0.0016396227472435135,0.04449693716953419,0.014131554555631485,True,True,0.003660095608305779,0.002382199582256441,0.00040646589151289525,0.00020085793449615424,1.421863079071045,0.0016433719446973727,0.04449693716953473,0.01413455121390197,True,True,powell,4.001185516244732e-07,3.5502896308898926,0.00037681360353035876,0.04449693716957197,0.012513861346660224,True,True,powell,10.710464432963363,0.000862736895320872,6.667748701518241e-05,1.8066468662869186e-13,11.844643831253052,0.04449693716953379,0.024136114508933274,0.06331632116284691,True,True
M6_S19_R1_sma0.03_rho0.0_beta0.05_modelspecific,151,6,19,1,0.03,0.0,0.05,False,7.910559163687891e-07,0.0775076758007853,0.015697562599051675,True,True,0.0037131874338108876,0.0055135923626577574,0.0005438094970844215,0.0001685899269765395,1.3229010105133057,7.910559163687891e-07,0.0775076758007853,0.015697562599051675,True,True,lbfgs,-2.3938200683915056e-05,2.744818687438965,5.614613840983654e-08,0.07750767580088877,0.014272239730813931,True,True,powell,8.246860849590576,0.0011426855932627873,6.124466870774133e-05,1.307554577489134e-13,14.256260395050049,0.07750767580078335,0.05041325431777181,0.1030890240195707,True,False
M6_S19_R1_sma0.03_rho0.0_beta0.05_modelspecific,152,6,19,1,0.03,0.0,0.05,False,0.09658172833584386,0.04152778577148971,0.024991803849048574,True,True,0.0036533374294148977,0.002053751542615898,0.0016814898615502265,0.00015604352390321028,1.050663948059082,0.09658172833584386,0.04152778577148971,0.024991803849048574,True,True,lbfgs,-0.008852635650782759,2.6388368606567383,0.08555852353415606,0.041527785771277345,0.024153796121783214,True,True,powell,2.1386068521314883,0.003417274752773822,3.0185865033531306e-05,3.506380974070066e-05,11.691796779632568,0.04152778577149398,-9.167299413250712e-05,0.0851356037949564,False,True
M6_S19_R1_sma0.03_rho0.0_beta0.05_modelspecific,153,6,19,1,0.03,0.0,0.05,False,0.00020688351570367572,0.0698721769507013,0.018831139315316832,True,True,0.0035235560856923275,0.0014595537496750399,0.0008783851034390131,0.00013202342880634768,2.8334615230560303,1.2066911226298204e-07,0.06987217695070132,0.01320216340887835,True,True,powell,0.9899677181883817,6.841522693634033,1.6261438411675508e-09,0.06987217695061937,0.011584867920234403,True,True,powell,4.972402967448261,0.0007221153644114026,6.0906284248500865e-05,1.3428575989359693e-13,10.547858238220215,0.06987217695070064,0.047599494306942436,0.09189101395187496,True,True
M6_S19_R1_sma0.03_rho0.0_beta0.05_modelspecific,154,6,19,1,0.03,0.0,0.05,False,9.452370034498184e-06,0.06333281049584302,0.014298488937527104,True,True,0.003491208359021128,0.00435528508449234,0.00042959254932022436,0.00017863275114687698,1.3568472862243652,9.452370034498184e-06,0.06333281049584302,0.014298488937527104,True,True,lbfgs,-4.861246452492196e-06,4.513052940368652,7.378203051517263e-07,0.06333281049582146,0.012791575064490511,True,True,powell,10.652923583739948,0.0009096881323345723,2.9757298065870742e-05,1.204408293538739e-13,13.980322122573853,0.0633328104958439,0.03504439978157292,0.08917795134818353,True,True
M6_S19_R1_sma0.03_rho0.0_beta0.05_modelspecific,155,6,19,1,0.03,0.0,0.05,False,2.076206006751937e-05,0.08747081884943286,0.02054977632718756,True,True,0.003550514072266371,0.0029775931970007874,0.0010800107595939918,0.0001058318330033837,1.1127166748046875,2.076206006751937e-05,0.08747081884943286,0.02054977632718756,True,True,lbfgs,-7.045082384138368e-07,4.362586259841919,7.089238191072014e-06,0.08747081884908613,0.01947695045169886,True,True,powell,6.659044884056129,0.002199828822583128,6.783497598173677e-05,1.0676008687249135e-13,10.530527114868164,0.08747081884942669,0.04518726678023625,0.12176562550339612,True,True
M6_S19_R1_sma0.03_rho0.0_beta0.05_modelspecific,156,6,19,1,0.03,0.0,0.05,False,0.15899076249968047,0.022463366926060453,0.015948726799976304,True,True,0.0034725032953830553,0.00505087182684611,0.0005803223282849055,0.000238040465034076,1.554783582687378,0.15899076249968047,0.022463366926060453,0.015948726799976304,True,True,lbfgs,-7.91251886766986e-06,3.613421678543091,0.1272073586231193,0.022463366926036,0.01472807300323762,True,True,powell,0.311494722307998,0.001211703222043166,1.4183974886333827e-05,7.708689388508019e-05,10.141944408416748,0.022463366926059297,-0.000791006479555933,0.05155770604891187,False,True
M6_S19_R1_sma0.03_rho0.0_beta0.05_modelspecific,157,6,19,1,0.03,0.0,0.05,False,0.05814436871301548,0.044493466431433176,0.023484261130192516,True,True,0.003572243460303365,0.0024359866609409086,0.0014665187487929614,0.00016614319191313496,2.050410509109497,0.05814436871301548,0.044493466431433176,0.023484261130192516,True,True,lbfgs,-0.002657458183421113,4.193090915679932,0.04784518326106846,0.044493466431569255,0.02248574635381406,True,True,powell,7.174103547046343,0.002967644192651103,7.495104242056233e-06,8.112045473312476e-12,9.908862590789795,0.044493466431432704,0.004594676522049303,0.07830941189950148,True,True
M6_S19_R1_sma0.03_rho0.0_beta0.05_modelspecific,158,6,19,1,0.03,0.0,0.05,False,0.002100658408836673,0.046007555603053744,0.014958793807218,True,True,0.00363654535792016,0.002094176387818937,0.0004798994123995356,0.00014308885778444198,4.211963891983032,8.895860404510821e-05,0.046007555603053786,0.011739952996727594,True,True,powell,0.678984911898624,6.070286512374878,2.8670640115423366e-06,0.04600755560305647,0.009830421230877158,True,True,powell,1.1537139920428672,0.0004959945718838737,4.8014965268688125e-05,3.7327469544351585e-05,10.641962051391602,0.04600755560305441,0.027591946722761496,0.06473311638648425,True,True
M6_S19_R1_sma0.03_rho0.0_beta0.05_modelspecific,159,6,19,1,0.03,0.0,0.05,False,0.08989284687491315,0.036780469053884594,0.02168706771297538,True,True,0.0036164733192169964,0.0008655272779163811,0.0012206460169501493,0.00020865429708923796,1.7492516040802002,0.08989284687491315,0.036780469053884594,0.02168706771297538,True,True,lbfgs,-0.00875817365704279,4.639975070953369,0.07524086968947874,0.03678046905394212,0.02067487844036301,True,True,powell,7.905364769503649,0.002483797596611587,6.442228790563178e-05,1.6130103363031293e-13,10.731680870056152,0.0367804690538854,-0.0029621749188488817,0.07198753032244691,False,True
M6_S19_R1_sma0.03_rho0.0_beta0.05_modelspecific,160,6,19,1,0.03,0.0,0.05,False,0.34184585271947177,0.019624034316882318,0.020645481531720907,True,True,0.003775001281056733,8.215256669668564e-11,0.0010800234450788636,0.000253254628115946,1.930562973022461,0.34184585271947177,0.019624034316882318,0.020645481531720907,True,True,lbfgs,-4.3363206714275293e-07,3.482313871383667,0.36974566784202834,0.019624034316934682,0.021878630003601362,True,True,powell,9.895351815670665,0.002789814799136671,5.017509795874483e-05,1.0467454525218008e-11,11.0140860080719,0.019624034316872815,-0.022579557829201374,0.046781610739991986,False,False
M6_S19_R1_sma0.03_rho0.0_beta0.05_modelspecific,161,6,19,1,0.03,0.0,0.05,False,0.010730649206606924,0.06318104960829575,0.02476377159091117,True,True,0.003361709059891562,0.004298307296823336,0.0016628010944369327,0.0002316060595144141,1.754654884338379,0.010730649206606924,0.06318104960829575,0.02476377159091117,True,True,lbfgs,-0.00010223644267171039,3.001899003982544,0.008354434209901668,0.06318104960832584,0.02395581186009919,True,True,powell,10.022595496700433,0.003373365283736147,2.7978327401753046e-05,1.1670411703959073e-13,11.134711980819702,0.06318104960830394,0.016366698134734847,0.11148989199638513,True,True
M6_S19_R1_sma0.03_rho0.0_beta0.05_modelspecific,162,6,19,1,0.03,0.0,0.05,False,0.0010450799885948206,0.056453708722793476,0.017221467218313084,True,True,0.003474436205192183,0.0011666895764040697,0.0007068717360230884,5.9289370922578576e-05,1.4052281379699707,0.0010450799885948206,0.056453708722793476,0.017221467218313084,True,True,lbfgs,-1.9140968561259797e-05,4.568027496337891,0.0004294197774196224,0.056453708722706025,0.016032017557459272,True,True,powell,3.1629373771500013,0.001463620452431539,2.7025692934133158e-05,3.167036903571045e-05,9.747909784317017,0.05645370872279134,0.026514173272259314,0.08764489446281518,True,True
M6_S19_R1_sma0.03_rho0.0_beta0.05_modelspecific,163,6,19,1,0.03,0.0,0.05,False,0.0031555468462148508,0.053923367579837185,0.01826570503585972,True,True,0.0034891363710062556,0.0005494792827434179,0.0008172691850024217,0.0002279737978339633,1.3237409591674805,0.0031555468462148508,0.053923367579837185,0.01826570503585972,True,True,lbfgs,-0.008620522009550768,3.721916675567627,0.0016449410576114892,0.05392336757969324,0.017130395873293118,True,True,powell,5.722908822737281,0.0016747849875813948,7.062997298120254e-05,2.3076846035324483e-13,9.98460340499878,0.05392336757984347,0.018954313350377897,0.08026780080180619,True,True
M6_S19_R1_sma0.03_rho0.0_beta0.05_modelspecific,164,6,19,1,0.03,0.0,0.05,False,0.0006661054160438967,0.058312009994525675,0.017134651169110473,True,True,0.0038009625382288063,0.001604065616577833,0.0006807381521544519,0.00017834824959389885,1.4746530055999756,0.0006661054160438967,0.058312009994525675,0.017134651169110473,True,True,lbfgs,-1.489111855335068e-05,4.176952600479126,0.00023510168965062595,0.05831200999450733,0.015854419776946956,True,True,powell,1.7423274924260568,0.0014165109715022512,7.091658128149646e-05,2.4044863939905173e-05,11.599411725997925,0.05831200999452204,0.031640721561223537,0.08764481934648145,True,True
M6_S19_R1_sma0.03_rho0.0_beta0.05_modelspecific,165,6,19,1,0.03,0.0,0.05,False,0.08819266856326598,0.05196204545789119,0.030476104712735066,True,True,0.003651481175253275,0.005205143834428945,0.0025941956556343837,0.00019650235846733008,1.0041003227233887,0.08819266856326598,0.05196204545789119,0.030476104712735066,True,True,lbfgs,-6.566141928487923e-05,2.5291037559509277,0.08013807540095226,0.05196204545807056,0.029694540491067727,True,True,powell,6.6117454731809175,0.0052286820264227,4.780806187844946e-06,4.5953556478666194e-12,8.73685908317566,0.05196204545788293,-0.0005596864781382687,0.10266369962474688,False,True
M6_S19_R1_sma0.03_rho0.0_beta0.05_modelspecific,166,6,19,1,0.03,0.0,0.05,False,5.885211739352421e-09,0.06603707297251081,0.011346600973683417,True,True,0.003398582345848322,0.003227739534007505,0.00020736330592332447,0.00011597413091016541,1.5851082801818848,5.8843764443627484e-09,0.06603707297250715,0.011346554720912653,True,True,powell,7.577000360470265e-09,4.337973117828369,3.1777330480112556e-12,0.06603707297249493,0.009474974034915866,True,True,powell,12.818448215075932,0.00046341208597718074,1.443628795981353e-05,1.784690595840572e-05,10.261582851409912,0.0660370729725094,0.049470179207562394,0.08307028616289533,True,True
M6_S19_R1_sma0.03_rho0.0_beta0.05_modelspecific,167,6,19,1,0.03,0.0,0.05,False,0.0014725132431812008,0.04998799378139255,0.015719264098626708,True,True,0.003654609089573057,0.004028410919253011,0.0005489379445874437,0.00023290757201345236,1.3087785243988037,0.0014725132431812008,0.04998799378139255,0.015719264098626708,True,True,lbfgs,-2.905790097429417e-08,3.8900835514068604,0.00046999493364241674,0.04998799378135617,0.014293314747105039,True,True,powell,8.16563510044557,0.0011514019354179048,1.8248497106786333e-05,2.3459706283760667e-05,7.931982517242432,0.049987993781391515,0.023414012451753428,0.0751077479716603,True,True
M6_S19_R1_sma0.03_rho0.0_beta0.05_modelspecific,168,6,19,1,0.03,0.0,0.05,False,0.020593670753013556,0.05722746361134982,0.024716527415199432,True,True,0.0038721969243746255,0.0005850619346048053,0.0016289203442731955,0.00027713408218386736,1.342409372329712,0.020593670753013556,0.05722746361134982,0.024716527415199432,True,True,lbfgs,-0.04994300389353157,2.9242095947265625,0.0161151288189359,0.0572274636115424,0.023782371074470697,True,True,powell,9.307622865415624,0.0033145120577508166,2.335002631625818e-05,1.9133143805290424e-05,10.036617040634155,0.05722746361132467,0.017284721132424765,0.09810951572431785,True,True
M6_S19_R1_sma0.03_rho0.0_beta0.05_modelspecific,169,6,19,1,0.03,0.0,0.05,False,0.05504119164956297,0.03333463504036991,0.017374902402180963,True,True,0.0034921100093877793,0.0006735843073311522,0.0007218664368039241,0.00013648434010705385,1.4219942092895508,0.05504119164956297,0.03333463504036991,0.017374902402180963,True,True,lbfgs,-0.011750494772513775,3.8039674758911133,0.0387696098044742,0.03333463504035189,0.016129996138671623,True,True,powell,5.151845309129158,0.0014942650660858903,1.3468026286889256e-05,1.196067783563631e-13,10.036261558532715,0.033334635040368835,0.00564838520174072,0.060110297066759195,True,True
M6_S19_R1_sma0.03_rho0.0_beta0.05_modelspecific,170,6,19,1,0.03,0.0,0.05,False,0.10522009869170151,0.033613217668504586,0.020748173673259457,True,True,0.0037345576062507097,0.006268260001742879,0.0010949044688404153,0.00020305224930381832,1.5088984966278076,0.10522009869170151,0.033613217668504586,0.020748173673259457,True,True,lbfgs,-2.3485136807721574e-05,2.8378891944885254,0.08725238691895595,0.033613217668590385,0.01965601407125479,True,True,powell,8.198387255987427,0.002244562670287762,6.652563347124892e-06,3.330502996109808e-05,8.459091901779175,0.033613217668508645,-0.0018204454198264917,0.07016961788772699,False,True
M6_S19_R1_sma0.03_rho0.0_beta0.05_modelspecific,171,6,19,1,0.03,0.0,0.05,False,1.4245662344189743e-07,0.061632364523708044,0.011712610780778022,True,True,0.003838830922439895,0.0023760324729936765,0.00020951202114601603,0.00018554583860410785,1.1559228897094727,1.4245662344189743e-07,0.061632364523708044,0.011712610780778022,True,True,lbfgs,-0.010394795184765826,3.470733404159546,1.3169817057565452e-10,0.06163236452366896,0.009592290637758029,True,True,powell,5.471221826153169,0.00047378910797437864,5.431831472367643e-05,1.223237646691559e-13,10.289582014083862,0.06163236452370971,0.04285922219421447,0.0790323606283432,True,True
M6_S19_R1_sma0.03_rho0.0_beta0.05_modelspecific,172,6,19,1,0.03,0.0,0.05,False,0.02550734698811337,0.04052942260491483,0.0181450823100577,True,True,0.00348679618828233,0.00344606273126242,0.0008042164472593014,0.0002243831174378152,1.153975248336792,0.025495324545435488,0.040529422604919325,0.018143599025996444,True,True,powell,7.212074706330895e-07,3.4378366470336914,0.01676902141261583,0.040529422605023346,0.016945627731671044,True,True,powell,4.863962667385522,0.0016578099498490313,1.3932156044765107e-05,1.383238780533293e-13,8.123831033706665,0.04052942260491592,0.008621638201329392,0.07003585369610707,True,True
M6_S19_R1_sma0.03_rho0.0_beta0.05_modelspecific,173,6,19,1,0.03,0.0,0.05,False,0.012982627241075198,0.04834633868003639,0.019461175951538814,True,True,0.003720418403416225,0.0011439793023231472,0.0009404006133335656,0.00012763190662699205,1.081761360168457,0.012982627241075198,0.04834633868003639,0.019461175951538814,True,True,lbfgs,-7.907676854301826e-05,4.578772306442261,0.00809379853959367,0.048346338679890515,0.018256772706341972,True,True,powell,12.195138957401468,0.001934790417598488,1.6105254434285777e-05,1.1640484424856543e-13,10.816797256469727,0.04834633868003495,0.01790537067878469,0.07992743817352034,True,True
M6_S19_R1_sma0.03_rho0.0_beta0.05_modelspecific,174,6,19,1,0.03,0.0,0.05,False,0.023042466188951543,0.06706206049100105,0.029507273479548478,True,True,0.003540019436754446,0.0019466892989567,0.002425720752128622,0.00029351781356194977,1.4069633483886719,0.023042466188951543,0.06706206049100105,0.029507273479548478,True,True,lbfgs,-0.0018159919145546155,3.0309479236602783,0.019861530043105473,0.06706206049137263,0.02879493340380687,True,True,powell,1.685116712062836,0.004907005583678972,6.138796410999736e-06,4.03798492155454e-05,8.49268913269043,0.06706206049096675,0.02050672490047245,0.11581019899794144,True,True
M6_S19_R1_sma0.03_rho0.0_beta0.05_modelspecific,175,6,19,1,0.03,0.0,0.05,False,0.0816015409302735,0.03203267228539523,0.018394060885260244,True,True,0.003568147175918205,0.0037112033886011206,0.0008272272077668333,0.00019589879391713243,1.3868732452392578,0.0816015409302735,0.03203267228539523,0.018394060885260244,True,True,lbfgs,-0.00011146651922899764,2.9118010997772217,0.06224027505274479,0.032032672285352004,0.017179562918087025,True,True,powell,2.796551480560538,0.0017076410700048526,1.581712620805458e-05,3.8928004132086677e-07,10.487927675247192,0.03203267228539525,-0.00405134118786134,0.05948255594032774,False,True
M6_S19_R1_sma0.03_rho0.0_beta0.05_modelspecific,176,6,19,1,0.03,0.0,0.05,False,0.6956418800082874,0.012250344812209166,0.031313972031429826,True,True,0.0036341918276725695,7.0195152703672904e-06,0.0027504212790689215,0.00023861517017897125,1.4525840282440186,0.6957641802962997,0.012250344812210313,0.03132722211095786,True,True,powell,6.222107049325132e-05,3.061789035797119,0.6895149509093744,0.012250344812153504,0.03066316364010984,True,True,powell,8.400684061663242,0.005571050812849541,2.386171907760437e-05,1.5724815557937617e-13,10.440533876419067,0.012250344812219526,-0.04181196701850436,0.06411939887255429,False,True
M6_S19_R1_sma0.03_rho0.0_beta0.05_modelspecific,177,6,19,1,0.03,0.0,0.05,False,0.1914030679628872,0.03616769597180626,0.027684167587641775,True,True,0.0034674578937007915,0.00016667048852847522,0.002116741621181519,0.00014733751068051357,1.9998071193695068,0.00282746441867196,0.03616769597178161,0.012112834898389357,True,True,powell,3.9535079189095086,4.799571514129639,0.0004913090243135826,0.036167695971766625,0.010376763480119964,True,True,powell,7.38826403910025,0.0005657259958586716,5.582031596855057e-05,1.2528934608366895e-13,10.57390809059143,0.03616769597178119,0.014612720259657028,0.05597112300989185,True,True
M6_S19_R1_sma0.03_rho0.0_beta0.05_modelspecific,178,6,19,1,0.03,0.0,0.05,False,0.0015420148655545616,0.04615441188168103,0.014575116758155456,True,True,0.0034510972056787706,0.0018604204826518334,0.0004556653905058609,0.00025971859474704386,1.3590645790100098,0.0015420148655545616,0.04615441188168103,0.014575116758155456,True,True,lbfgs,-1.0042320809589e-05,3.599609375,0.00041431802409679444,0.04615441188170467,0.013071972783813033,True,True,powell,5.530336115963337,0.0009615313185270621,1.324597785941701e-05,2.9003945427001727e-13,12.273725748062134,0.046154411881680554,0.01820922787803643,0.07062172666391654,True,True
M6_S19_R1_sma0.03_rho0.0_beta0.05_modelspecific,179,6,19,1,0.03,0.0,0.05,False,0.00010562044243586227,0.05618242583122089,0.01449007578500098,True,True,0.003461372658997952,0.004572537527346074,0.00044770938039691424,0.00020182990280897953,1.5295581817626953,0.00010562044243586227,0.05618242583122089,0.01449007578500098,True,True,lbfgs,-1.532173791929381e-05,2.914825916290283,1.601863755712638e-05,0.05618242583116587,0.013022693999914898,True,True,powell,3.322445360521897,0.0009467375861804559,1.497971207926784e-05,3.5772457429862715e-05,10.902242660522461,0.05618242583122145,0.03399523155469352,0.08083775303041142,True,True
M6_S19_R1_sma0.03_rho0.0_beta0.05_modelspecific,180,6,19,1,0.03,0.0,0.05,False,0.0007569118679305438,0.05942640171719643,0.017643952871218217,True,True,0.0037563715295909975,0.0008525356334471228,0.0007362234540499268,0.00021461194881383186,1.2836158275604248,0.0007569118679305438,0.05942640171719643,0.017643952871218217,True,True,lbfgs,-8.944531145971268e-05,4.474044322967529,0.0002940876979896774,0.05942640171728803,0.016414079151661806,True,True,powell,8.256131497718343,0.0015272920444764223,8.078327319191488e-05,1.2108743473883939e-13,15.975293159484863,0.05942640171719105,0.025160459269440175,0.09008349432469628,True,True
M6_S19_R1_sma0.03_rho0.0_beta0.05_modelspecific,181,6,19,1,0.03,0.0,0.05,False,0.03014691004077968,0.059280649153647995,0.027341520527821385,True,True,0.0036628213862902465,0.004375654450019472,0.0020498961613566176,9.398875595767074e-05,0.9692385196685791,0.03014691004077968,0.059280649153647995,0.027341520527821385,True,True,lbfgs,-0.00014973888664826518,2.685631513595581,0.025460898117918643,0.05928064915347761,0.026531649139779127,True,True,powell,6.716536247623026,0.004146689000639227,3.636436536938153e-05,1.2828856338263685e-05,12.206389665603638,0.05928064915363187,0.013795043490251721,0.1095652874351584,True,True
M6_S19_R1_sma0.03_rho0.0_beta0.05_modelspecific,182,6,19,1,0.03,0.0,0.05,False,0.071381918258132,0.027831633380419437,0.01543594814195757,True,True,0.003445867231201963,0.0023152881584953796,0.0005334440519024882,0.00013837291807275461,1.078575849533081,0.071381918258132,0.027831633380419437,0.01543594814195757,True,True,lbfgs,-4.168028590356698e-05,4.089559555053711,0.047757337194049065,0.027831633380406614,0.014059779270640156,True,True,powell,10.77834872573817,0.001116178955605007,2.9195222614619505e-05,6.864151849141571e-06,12.330758333206177,0.027831633380421158,0.007719775806650054,0.05339001852184674,True,True
M6_S19_R1_sma0.03_rho0.0_beta0.05_modelspecific,183,6,19,1,0.03,0.0,0.05,False,0.016391110292248046,0.045193010277214285,0.018829726927490943,True,True,0.0034806056559993598,0.0006779667335307632,0.0008804860771230981,0.0002979410644703225,1.345372200012207,0.016391110292248046,0.045193010277214285,0.018829726927490943,True,True,lbfgs,-0.007832584845345991,4.019279718399048,0.010586323259668545,0.04519301027713942,0.017680694324579353,True,True,powell,8.103895204126047,0.0018098774788376268,7.801161963908448e-07,1.5716039896811032e-13,11.895731925964355,0.045193010277208144,0.007449956158551873,0.0803805637793159,True,True
M6_S19_R1_sma0.03_rho0.0_beta0.05_modelspecific,184,6,19,1,0.03,0.0,0.05,False,0.0009040937255820133,0.07437377560814643,0.022409927563212504,True,True,0.003872658327645949,0.000687365022869802,0.0013027904376575624,0.00017114981220636824,1.4958767890930176,0.0009040937255820133,0.07437377560814643,0.022409927563212504,True,True,lbfgs,-0.009666190789630491,4.5303308963775635,0.0004819206837574081,0.07437377560786758,0.02130681840302244,True,True,powell,3.9260671720971914,0.0026586124366539724,1.744027408733945e-05,1.173614003163522e-13,12.065187215805054,0.07437377560814609,0.03611361771911586,0.11491474674606308,True,True
M6_S19_R1_sma0.03_rho0.0_beta0.05_modelspecific,185,6,19,1,0.03,0.0,0.05,False,0.01632858556368229,0.04019315153506131,0.016736776070556767,True,True,0.0036786857581299426,0.001248250611576786,0.0006467439798063832,0.00012891506626058413,1.543884515762329,0.01632858556368229,0.04019315153506131,0.016736776070556767,True,True,lbfgs,-2.8809020477638114e-05,4.878401756286621,0.009241565898795611,0.040193151535104846,0.015441169339428207,True,True,powell,1.8613745474604002,0.0013467315136484598,2.4527390354162213e-05,4.2136622749135216e-05,11.685789108276367,0.04019315153506615,0.013098077259904802,0.07063644502864265,True,True
M6_S19_R1_sma0.03_rho0.0_beta0.05_modelspecific,186,6,19,1,0.03,0.0,0.05,False,6.271012280538742e-05,0.06237145374296523,0.015583615397334745,True,True,0.0036452616627734805,0.001265419338531852,0.0005366913295680394,0.0001929784464169916,1.345327615737915,6.322241519054031e-05,0.06237145374295863,0.015591113380038912,True,True,powell,2.837796273524873e-07,5.033422231674194,1.0097962619778326e-05,0.06237145374293426,0.01412696148520102,True,True,powell,3.13748765519108,0.0011240444056061418,2.8482323085804258e-05,2.4625884571750754e-13,11.402096509933472,0.06237145374296234,0.04128423409076919,0.0905614682209547,True,True
M6_S19_R1_sma0.03_rho0.0_beta0.05_modelspecific,187,6,19,1,0.03,0.0,0.05,False,5.625520599869584e-05,0.07456769114527599,0.018512372211728318,True,True,0.003885982107867276,0.004791312017630907,0.0008235984006184199,9.891343641359083e-05,1.56563401222229,5.625520599869584e-05,0.07456769114527599,0.018512372211728318,True,True,lbfgs,-3.272201956860954e-05,3.237061023712158,1.461076958930191e-05,0.07456769114526897,0.017203392140904748,True,True,powell,8.120434801930514,0.001700630126775969,3.839281987551339e-05,1.802188205029699e-13,11.811723709106445,0.0745676911452733,0.040063369917799706,0.10662813114776967,True,True
M6_S19_R1_sma0.03_rho0.0_beta0.05_modelspecific,188,6,19,1,0.03,0.0,0.05,False,0.04504406207719397,0.023769320894210147,0.011859501933761934,True,True,0.003509658915843007,0.00211959004405648,0.00023722446804318623,0.0001547219884900584,2.1621875762939453,0.050561436372378504,0.023769320894210005,0.012157080426187676,True,True,powell,0.2047097445174586,5.004514932632446,0.021578411642352642,0.023769320894204738,0.010344795978403501,True,True,powell,5.484521409990975,0.0005655036591868703,4.702024646083269e-05,1.181481423949785e-13,12.78409719467163,0.02376932089421025,0.0021429195041156373,0.04578963866035388,True,False
M6_S19_R1_sma0.03_rho0.0_beta0.05_modelspecific,189,6,19,1,0.03,0.0,0.05,False,0.051221788405891956,0.03784360914833763,0.019410791760013053,False,True,0.00399520300258252,0.008850732020559353,0.0009200626680105845,0.00011690472147268008,5.650047302246094,0.004684151379358326,0.03784360914833869,0.013381812337486884,True,True,powell,0.8990418952280379,7.4948506355285645,0.0008580761918621963,0.03784360914834381,0.011353033635393795,True,True,powell,8.650704588644203,0.0007083062919807304,7.262874651193852e-06,3.7618361063967785e-12,10.220768928527832,0.03784360914833779,0.015644148994057548,0.05971198332904366,True,True
M6_S19_R1_sma0.03_rho0.0_beta0.05_modelspecific,190,6,19,1,0.03,0.0,0.05,False,2.013837034622538e-05,0.05644617913492847,0.013239861711460254,True,True,0.0033405765326598507,0.0027916195128376725,0.0003500619969073724,0.00011310346256132943,2.5202505588531494,1.4264419105162867e-06,0.05644617913492942,0.01170773075959207,True,True,powell,0.7314803433282577,5.231129169464111,1.4884888996326906e-08,0.05644617913490227,0.009967742375350766,True,True,powell,12.22672693384493,0.0005196408800521361,3.887812266453854e-05,1.3746704881620836e-11,12.233291625976562,0.05644617913492882,0.04083514791786978,0.07414656620412804,True,True
M6_S19_R1_sma0.03_rho0.0_beta0.05_modelspecific,191,6,19,1,0.03,0.0,0.05,False,0.0055102686908414505,0.031152055899071673,0.011223604646425132,True,True,0.00352787087148637,0.005636569937648319,0.0001922304894890266,0.00021017861883608775,2.299945116043091,0.003208032759580286,0.03115205589907174,0.01057052714256912,True,True,powell,0.11896020079393566,4.233615159988403,0.0002306549740335698,0.03115205589905845,0.008458717453263867,True,True,powell,5.413812669765093,0.0003505396579225081,4.16989950580941e-05,2.427778935136834e-13,11.865049362182617,0.031152055899072512,0.014794964883905928,0.04551109941739945,True,False
M6_S19_R1_sma0.03_rho0.0_beta0.05_modelspecific,192,6,19,1,0.03,0.0,0.05,False,2.69862186235471e-06,0.07692521408136253,0.01639316176763316,True,True,0.0035493939503331005,0.0006279197086028168,0.0006193970503071178,9.01116141463256e-05,1.3265488147735596,2.69862186235471e-06,0.07692521408136253,0.01639316176763316,True,True,lbfgs,-0.006704814339173026,4.153442144393921,3.6533442778268583e-07,0.07692521408131453,0.01512433943104928,True,True,powell,9.318600121772988,0.0012921987972634385,8.11377197471801e-05,1.0384023756140305e-13,16.139570474624634,0.07692521408136695,0.05340004506793343,0.10479215055517764,True,False
M6_S19_R1_sma0.03_rho0.0_beta0.05_modelspecific,193,6,19,1,0.03,0.0,0.05,False,0.00046637603555529575,0.037949866270739555,0.010844801260641572,True,True,0.003880155732445796,0.006877048097986789,0.00014861042038812853,0.0001633303082119074,1.809302806854248,0.00046637603555529575,0.037949866270739555,0.010844801260641572,True,True,lbfgs,-1.0638646017469e-06,3.6449573040008545,8.11503648458937e-06,0.037949866270723574,0.008504883907690495,True,True,powell,6.487824703587648,0.0003530359217378025,5.0276859640018116e-05,1.2987562120407072e-13,12.104144096374512,0.03794986627073971,0.022574166676620502,0.05279139638079559,True,True
M6_S19_R1_sma0.03_rho0.0_beta0.05_modelspecific,194,6,19,1,0.03,0.0,0.05,False,0.6790003348452047,0.004860482990145738,0.011745186729545344,True,True,0.0032964927978037534,0.002467277286909215,0.00024034861299861412,0.00022176284075671796,1.7525477409362793,0.6790003348452047,0.004860482990145738,0.011745186729545344,True,True,lbfgs,-1.5141722542466596e-08,4.519241571426392,0.6274454966436315,0.004860482990143911,0.010014893859091562,True,True,powell,7.948002849579552,0.0005282068333108885,2.047989662776575e-05,2.178136237063767e-05,12.441846132278442,0.004860482990145162,-0.017785430871723414,0.024810771893001838,False,False
M6_S19_R1_sma0.03_rho0.0_beta0.05_modelspecific,195,6,19,1,0.03,0.0,0.05,False,1.971122522641453e-06,0.06080847333050726,0.012784658774900017,True,True,0.003701506750069309,0.001710471408565975,0.00029552635523137513,0.0002558839970267861,1.4885892868041992,1.9648434228513765e-06,0.06080847333050886,0.012782926977992949,True,True,powell,4.1875910028466024e-07,5.4198479652404785,2.6375399416525095e-08,0.06080847333046091,0.010929035431509642,True,True,powell,9.258105887409783,0.0006457341420890534,1.252505214293638e-05,2.4249540170293313e-05,11.6602623462677,0.06080847333050775,0.044364725364470385,0.08013044697692215,True,True
M6_S19_R1_sma0.03_rho0.0_beta0.05_modelspecific,196,6,19,1,0.03,0.0,0.05,False,0.387709353300451,0.01503910725104766,0.0174108293292589,True,True,0.003936786380121409,0.001710773973813269,0.0007022116506334927,0.00022023477167653548,1.378809928894043,0.38770808768317644,0.015039107251049713,0.017410782899648067,True,True,powell,6.646369001828134e-07,4.9584479331970215,0.3472033386646598,0.015039107251019666,0.015998578365389572,True,True,powell,6.464643911826897,0.001458331232175139,4.799153703748118e-05,2.977541717865265e-13,10.958095073699951,0.015039107251048886,-0.016386487469667133,0.044088160470325335,False,False
M6_S19_R1_sma0.03_rho0.0_beta0.05_modelspecific,197,6,19,1,0.03,0.0,0.05,False,0.007261981659448372,0.05018898953095462,0.018695247522226413,True,True,0.0034837707942860442,0.003969579104881525,0.000865180482157818,0.00016631621598809127,1.5744564533233643,0.007261981659448372,0.05018898953095462,0.018695247522226413,True,True,lbfgs,-7.44872727409529e-05,3.2569127082824707,0.004185091179684955,0.050188989530908626,0.017524927482918992,True,True,powell,6.00512558350556,0.001781672632415826,2.3664386571497718e-12,4.5017726038641496e-12,10.376434803009033,0.05018898953094995,0.013974616682817529,0.08606984015404849,True,True
M6_S19_R1_sma0.03_rho0.0_beta0.05_modelspecific,198,6,19,1,0.03,0.0,0.05,False,0.1895895540271364,0.019867931385689833,0.015145615151516549,True,True,0.003609485519107507,0.005359844281116792,0.0004981960528952771,0.0001964390880075935,1.7293965816497803,0.1895895540271364,0.019867931385689833,0.015145615151516549,True,True,lbfgs,-1.3652586858370341e-05,3.6223790645599365,0.14599760642568485,0.019867931385702284,0.013666065849505327,True,True,powell,10.640016744123386,0.0010425247094981052,5.386236936955818e-05,2.3459187496013234e-13,11.007216930389404,0.019867931385689094,-0.0027010212334634123,0.0439443210409029,False,False
M6_S19_R1_sma0.03_rho0.0_beta0.05_modelspecific,199,6,19,1,0.03,0.0,0.05,False,0.05837830150451295,0.027482917440710575,0.01451935968737303,True,True,0.003404706682749651,0.002070756390054132,0.0004532403286281506,0.00015457605313891923,1.6659777164459229,0.05842351259287889,0.02748291744071406,0.014521966351546506,True,True,powell,9.92466084426269e-07,4.379973411560059,0.03697026568470088,0.027482917440715546,0.013174353705421199,True,True,powell,2.6990984684707655,0.0009564616232285716,6.865712231583886e-05,1.0214827511777433e-05,10.594912767410278,0.027482917440711307,0.0016119956430927095,0.05137434932287289,True,True
