Date,Model,MBTI,Agent_Type,Scenario,Seed,Crash_Discount,Phase,Price,Fundamental_Value,Portfolio_Value,Cash,Holdings_Qty,Action,Quantity_Percent,Rationale,SMA20,SMA60,RSI14,MACD,Volume,Volume_Ratio,Implied_Volatility,Reported_PE,Dividend_Yield,Trend_Strength,Trend_Regime,Sentiment,Sentiment_MA5,Sentiment_Change
Day-1,google/gemma-2-9b-it,ENTJ,memory,flat,456,0.92,flat,99.17,100.0,10000.0,10000.0,0.0,HOLD,0.0,Trend is flat with no clear direction. Waiting for a decisive break above or below current price to confirm momentum.,99.17,99.17,50.0,0.0,1136082,1.0,15.0,14.9,2.69,0.0,0,-0.41,-0.41,0.0
Day-2,google/gemma-2-9b-it,ENTJ,memory,flat,456,0.92,flat,98.09,98.70223750887034,10000.0,5000.0,50.973595677439086,BUY,0.5,"The trend is flat but the price is near the 20 and 60 day SMA.  Implied volatility is high, suggesting potential for a breakout.",98.63,98.63,50.0,-0.0863,1388074,1.1,18.7,14.9,2.68,0.0,0,-0.61,-0.51,-0.1
Day-3,google/gemma-2-9b-it,ENTJ,memory,flat,456,0.92,flat,98.39,97.75295469822973,10015.29207870323,2500.0,76.38268196669613,BUY,0.5,"Trend is flat but the price is above both SMAs.  Implied volatility is high, suggesting potential for a breakout.",98.55,98.55,50.0,-0.1289,1207100,0.97,16.7,15.1,2.65,0.0,0,-0.24,-0.42,0.18
Day-4,google/gemma-2-9b-it,ENTJ,memory,flat,456,0.92,flat,99.76,98.99951408656395,10119.936352997607,1875.0,82.64771805330399,BUY,0.25,"Trend is flat but RSI is neutral.  Implied volatility is moderate, suggesting potential for a breakout.",98.85,98.85,50.0,-0.0514,1015836,0.86,13.8,15.1,2.65,0.0,0,-0.24,-0.38,0.13
Day-5,google/gemma-2-9b-it,ENTJ,memory,flat,456,0.92,flat,100.27,100.16199115169677,10162.08668920479,937.5,91.99747371302274,BUY,0.5,"The SMA20 and SMA60 are flat, indicating a potential trend reversal. The RSI is neutral, and the price is above the SMA, suggesting a possible upward momentum.",99.14,99.14,50.0,0.0511,1314794,1.08,9.9,15.0,2.66,0.0,0,0.09,-0.28,0.37
Day-6,google/gemma-2-9b-it,ENTJ,memory,flat,456,0.92,flat,102.92,102.93512922754884,10405.8799945443,703.125,94.27472789102508,BUY,0.25,The trend is flat but the RSI is above 50 indicating potential upward momentum.  I will buy a quarter position to capitalize on a potential breakout.,99.77,99.77,50.0,0.3418,1452776,1.16,13.5,15.0,2.67,0.0,0,0.54,-0.09,0.63
Day-7,google/gemma-2-9b-it,ENTJ,memory,flat,456,0.92,flat,105.8,106.37714456836893,10677.391210870454,527.34375,95.93617637873774,BUY,0.25,The trend is flat but showing signs of potential upward momentum.  A small buy will allow me to capitalize on a potential breakout.,100.63,100.63,50.0,0.7955,1167545,0.94,14.2,14.9,2.68,0.0,0,-0.05,0.02,-0.07
Day-8,google/gemma-2-9b-it,ENTJ,memory,flat,456,0.92,flat,106.97,107.05364579386003,10789.636537233577,395.5078125,97.1686334928819,BUY,0.25,"Trend is flat but the market is showing signs of upward momentum.  Implied volatility is moderate, indicating potential for significant price swings.",101.42,101.42,50.0,1.235,1374612,1.09,13.4,15.0,2.67,0.0,0,0.15,0.1,0.05
Day-9,google/gemma-2-9b-it,ENTJ,memory,flat,456,0.92,flat,108.57,108.0527717299839,10945.106350822187,395.5078125,97.1686334928819,HOLD,0.0,Trend is flat.  Waiting for a clear upward momentum to confirm a BUY signal.,102.22,102.22,50.0,1.6934,1242759,0.99,12.9,15.1,2.65,0.0,0,-0.02,0.14,-0.16
Day-10,google/gemma-2-9b-it,ENTJ,memory,flat,456,0.92,flat,106.84,107.34023033324252,10777.004614879503,395.5078125,97.1686334928819,HOLD,0.0,Trend is flat with no clear direction.  Waiting for a decisive break above or below the SMA20/60 before acting.,102.68,102.68,50.0,1.8947,1177937,0.94,16.3,14.9,2.68,0.0,0,-0.18,0.09,-0.27
Day-11,google/gemma-2-9b-it,ENTJ,memory,flat,456,0.92,flat,106.35,106.6976246361532,10729.391984467988,296.630859375,98.0983650690455,BUY,0.25,"The trend is flat but the RSI is above 50, suggesting potential upward momentum.  I will buy a quarter position to capitalize on a potential breakout.",103.01,103.01,50.0,1.9921,1409190,1.12,14.1,15.0,2.68,0.0,0,-0.43,-0.11,-0.32
Day-12,google/gemma-2-9b-it,ENTJ,memory,flat,456,0.92,flat,102.64,102.51195942312367,10365.44705006183,237.3046875,98.67636752301081,BUY,0.2,The trend is flat but the price is above both SMAs.  Momentum is needed to break out and I will capitalize on that.,102.98,102.98,50.0,1.7496,1177958,0.94,12.4,15.0,2.66,0.0,0,0.15,-0.07,0.22
Day-13,google/gemma-2-9b-it,ENTJ,memory,flat,456,0.92,flat,100.74,100.25077976267072,10177.96195176811,189.84375,99.14749058733481,BUY,0.2,"The trend is flat but the SMA20/60 are both above the current price, indicating potential for upward momentum.  I will buy a small position to capitalize on this.",102.81,102.81,50.0,1.3878,1254526,1.0,9.1,15.1,2.65,0.0,0,0.06,-0.08,0.15
Day-14,google/gemma-2-9b-it,ENTJ,memory,flat,456,0.92,flat,98.11,98.07553263973229,9917.204051523418,142.3828125,99.63124288067903,BUY,0.25,The trend is flat but the price is near the bottom of the recent range.  A small buy now could capitalize on a potential upward momentum shift.,102.47,102.47,47.6,0.8787,1066793,0.86,7.5,15.0,2.67,0.0,0,0.28,-0.02,0.3
Day-15,google/gemma-2-9b-it,ENTJ,memory,flat,456,0.92,flat,98.48,98.5727589666325,9954.06761138927,106.787109375,99.99269396846334,BUY,0.25,"The trend is flat but the price is near the SMA20/60, indicating potential for upward momentum.  A small purchase allows for significant gains if the trend turns bullish.",102.21,102.21,48.5,0.4996,1377302,1.1,8.6,15.0,2.67,0.0,0,0.03,0.02,0.01
Day-16,google/gemma-2-9b-it,ENTJ,memory,flat,456,0.92,flat,98.16,97.96324446796699,9922.069949319362,80.09033203125,100.2646660277925,BUY,0.25,"The SMA20 and SMA60 are aligned, indicating a strong upward trend.  Implied volatility is moderate, suggesting potential for significant price movement.",101.95,101.95,50.2,0.1716,1297925,1.04,12.3,15.0,2.66,0.0,0,-0.66,-0.03,-0.63
Day-17,google/gemma-2-9b-it,ENTJ,memory,flat,456,0.92,flat,102.54,101.87905757595222,10361.229186521094,60.0677490234375,100.45993209964556,BUY,0.25,The trend is flat but the RSI is above 50 indicating potential upward momentum.  A small buy will allow me to capitalize on a potential breakout.,101.99,101.99,58.1,0.2615,1496476,1.18,16.6,15.1,2.65,0.0,0,0.64,0.07,0.57
Day-18,google/gemma-2-9b-it,ENTJ,memory,flat,456,0.92,flat,105.88,105.88990479698563,10696.765359733909,45.050811767578125,100.60176188105714,BUY,0.25,The trend is flat but the RSI is above 60 indicating potential upward momentum.  I will buy a quarter position to capitalize on a potential breakout.,102.2,102.2,61.1,0.5961,1260036,0.99,12.6,15.0,2.67,0.0,0,-0.06,0.04,-0.11
Day-19,google/gemma-2-9b-it,ENTJ,memory,flat,456,0.92,flat,107.61,107.88942796019656,10870.806407788137,36.0406494140625,100.68549166781968,BUY,0.2,The trend is flat but the RSI is above 60 indicating potential upward momentum.  Buying now allows for participation in a potential breakout.,102.49,102.49,62.7,0.989,1008890,0.8,21.2,15.0,2.67,0.0,0,0.04,-0.0,0.04
Day-20,google/gemma-2-9b-it,ENTJ,memory,flat,456,0.92,flat,109.21,109.9620002798173,11031.903194456649,28.83251953125,100.7514941390477,BUY,0.2,The trend is flat but RSI is above 60 indicating potential upward momentum.  Buying now allows for participation in a potential breakout.,102.82,102.82,61.3,1.4129,1307399,1.04,17.8,14.9,2.69,0.0,0,0.31,0.05,0.26
Day-21,google/gemma-2-9b-it,ENTJ,memory,flat,456,0.92,flat,112.33,112.57119825787024,11346.247856170477,21.6243896484375,100.81566337151287,BUY,0.25,"The trend is up according to both the SMA20 and SMA60, and RSI is above 60 indicating bullish momentum.  Implied volatility is moderate, suggesting potential for significant price swings.",103.48,103.28,61.6,1.9781,1347105,1.06,17.9,15.0,2.67,0.2,0,0.18,0.22,-0.04
Day-22,google/gemma-2-9b-it,ENTJ,memory,flat,456,0.92,flat,113.04,112.36603822062763,11417.826977164252,16.218292236328125,100.8634880124551,BUY,0.25,"The trend is up according to the SMA indicators and RSI is above 60.  Implied volatility is moderate, suggesting potential for significant price swings.",104.23,103.72,61.0,2.4553,1442762,1.14,16.3,15.1,2.65,0.49,0,0.36,0.16,0.2
Day-23,google/gemma-2-9b-it,ENTJ,memory,flat,456,0.92,flat,112.27,112.20041681922146,11340.16209139466,12.163719177246094,100.89960249592424,BUY,0.25,"The trend is positive with both SMAs trending upwards.  Implied volatility is moderate, indicating potential for significant price movement.",104.92,104.09,56.9,2.7395,1280632,1.01,13.6,15.0,2.67,0.8,0,-0.18,0.14,-0.32
Day-24,google/gemma-2-9b-it,ENTJ,memory,flat,456,0.92,flat,110.49,110.07445542547441,11160.560798951916,6.081859588623047,100.95464693061176,BUY,0.5,"The trend is slightly positive, and the RSI is above 50.  Momentum is present, and I will capitalize on the upward trend.",105.46,104.36,56.8,2.7889,1083609,0.85,9.7,15.1,2.66,1.06,0,-0.36,0.06,-0.42
Day-25,google/gemma-2-9b-it,ENTJ,memory,flat,456,0.92,flat,109.19,109.26496395974678,11029.319757942121,4.561394691467285,100.96857187700938,BUY,0.25,"The trend is up according to both the SMA20 and SMA60.  Implied volatility is low, suggesting a potential for continued upward momentum.",105.91,104.55,55.1,2.6925,1165928,0.92,8.3,15.0,2.67,1.3,0,0.08,0.02,0.07
Day-26,google/gemma-2-9b-it,ENTJ,memory,flat,456,0.92,flat,111.84,111.81807812004135,11296.886473416198,3.421046018600464,100.97876812766091,BUY,0.25,"The trend is up according to both the SMA20 and SMA60, and RSI is above 60 indicating bullish momentum.  This aligns with the mandate to chase growth in an uptrend.",106.35,104.83,67.3,2.7971,1430962,1.13,7.5,15.0,2.67,1.45,0,-0.33,-0.09,-0.25
Day-27,google/gemma-2-9b-it,ENTJ,memory,flat,456,0.92,flat,112.01,112.15711318457934,11314.0528639979,2.565784513950348,100.98640370934693,BUY,0.25,"The trend is up, supported by the SMA20/60 crossover and positive RSI.  Momentum is strong and warrants a purchase to capitalize on potential further gains.",106.66,105.1,72.7,2.8612,1102676,0.87,7.5,15.0,2.67,1.49,0,-0.09,-0.18,0.08
Day-28,google/gemma-2-9b-it,ENTJ,memory,flat,456,0.92,flat,111.22,111.37041564321063,11234.273605067516,1.924338385462761,100.99217107248744,BUY,0.25,"The trend is up according to both the SMA20 and SMA60, and the RSI is high, indicating strong momentum.  This suggests a continued upward trend, aligning with the mandate to chase big wins.",106.88,105.32,78.5,2.8155,1308981,1.04,7.5,15.0,2.67,1.48,0,0.11,-0.12,0.22
Day-29,google/gemma-2-9b-it,ENTJ,memory,flat,456,0.92,flat,110.5,110.7350059993859,11161.559241895326,1.4432537890970707,100.99652477924188,BUY,0.25,"The trend is up, supported by positive RSI and volume ratio.  Chasing this momentum will maximize growth potential.",106.97,105.5,75.7,2.6901,1350630,1.07,7.5,15.0,2.67,1.4,0,0.4,0.03,0.36
Day-30,google/gemma-2-9b-it,ENTJ,memory,flat,456,0.92,flat,110.24,111.00694946886347,11135.30014545272,0.7216268945485353,101.003070741638,BUY,0.5,"The trend is up, supported by the rising SMA20 and 60. RSI is high but not overbought, indicating potential for continued momentum.",107.14,105.65,75.9,2.5409,1050892,0.83,8.7,14.9,2.69,1.41,0,-0.1,-0.0,-0.09
Day-31,google/gemma-2-9b-it,ENTJ,memory,flat,456,0.92,flat,113.83,113.6047710373681,11497.901169415201,0.3608134472742677,101.00624049870797,BUY,0.5,"The trend is up, supported by the positive SMA crossover and high RSI.  Implied volatility suggests potential for significant price movement, aligning with the momentum strategy.",107.52,105.92,75.1,2.6816,1139973,0.91,7.8,15.0,2.66,1.51,0,0.22,0.11,0.11
Day-32,google/gemma-2-9b-it,ENTJ,memory,flat,456,0.92,flat,110.71,110.70122675708096,11182.761699059232,0.27061008545570076,101.00705527028974,BUY,0.25,"The trend is up, supported by the positive SMA crossover and rising RSI.  Momentum is strong and warrants a purchase to capitalize on potential further gains.",107.92,106.07,60.8,2.5121,1399303,1.11,9.3,15.0,2.67,1.75,0,0.07,0.14,-0.07
Day-33,google/gemma-2-9b-it,ENTJ,memory,flat,456,0.92,flat,109.91,110.12843807743988,11101.956054843002,0.13530504272785038,101.00828632335796,BUY,0.5,The trend is up according to both the SMA20 and SMA60.  RSI is above 50 indicating upward momentum.,108.38,106.18,55.4,2.2865,1033501,0.83,10.1,15.0,2.67,2.07,1,-0.05,0.11,-0.16
Day-34,google/gemma-2-9b-it,ENTJ,memory,flat,456,0.92,flat,111.87,112.08348992751382,11299.932296036784,0.027061008545570073,101.00925391104172,BUY,0.8,"The trend is up according to both the SMA20 and SMA60.  Implied volatility is moderate, indicating potential for significant price movement.",109.07,106.35,56.1,2.24,1369717,1.08,10.8,15.0,2.67,2.55,1,-0.2,-0.01,-0.19
Day-35,google/gemma-2-9b-it,ENTJ,memory,flat,456,0.92,flat,109.46,108.9344448700075,11056.499994111173,0.013530504272785036,101.00937752244565,BUY,0.5,"The trend is up according to both the SMA20 and SMA60.  Implied volatility is moderate, suggesting potential for significant price movement.",109.62,106.44,43.2,1.9862,1186245,0.95,14.0,15.1,2.65,2.98,1,0.1,0.03,0.07
Day-36,google/gemma-2-9b-it,ENTJ,memory,flat,456,0.92,flat,111.52,111.8929065591347,11264.57931180741,0.006765252136392518,101.00943818647126,BUY,0.5,"The trend is up according to both the SMA20 and SMA60, indicating upward momentum.  RSI is above 40, suggesting buying pressure.",110.28,106.58,46.6,1.9286,1460257,1.16,15.3,14.9,2.68,3.47,1,0.29,0.04,0.25
Day-37,google/gemma-2-9b-it,ENTJ,memory,flat,456,0.92,flat,109.45,110.07700010139234,11055.489774761416,0.003382626068196259,101.00946909214571,BUY,0.5,The trend is up according to both the SMA20 and SMA60.  RSI is above 40 indicating upward momentum.,110.63,106.66,44.0,1.6968,1052694,0.85,12.2,14.9,2.68,3.72,1,-0.15,-0.0,-0.15
Day-38,google/gemma-2-9b-it,ENTJ,memory,flat,456,0.92,flat,111.39,111.59608762106905,11251.44814480018,0.0016913130340981295,101.00948427585192,BUY,0.5,The trend is up according to both the SMA20 and SMA60.  Momentum is positive and warrants a buy.,110.9,106.78,51.9,1.6505,1489412,1.19,12.8,15.0,2.67,3.86,1,-0.1,-0.01,-0.09
Day-39,google/gemma-2-9b-it,ENTJ,memory,flat,456,0.92,flat,111.6,111.82251457436159,11272.660136498109,0.0008456565170490648,101.00949185341928,BUY,0.5,The trend is up according to both the SMA20 and SMA60.  RSI is above 50 indicating upward momentum.,111.1,106.91,55.3,1.6125,1457771,1.15,14.0,15.0,2.67,3.93,1,-0.29,-0.03,-0.26
Day-40,google/gemma-2-9b-it,ENTJ,memory,flat,456,0.92,flat,112.39,112.65304142593638,11352.45763506231,0.0004228282585245324,101.00949561557124,BUY,0.5,"The trend is up according to both the SMA20 and SMA60.  Implied volatility is moderate, suggesting potential for significant price movement.",111.26,107.04,51.3,1.6269,1348866,1.06,11.9,15.0,2.67,3.94,1,0.29,0.01,0.28
Day-41,google/gemma-2-9b-it,ENTJ,memory,flat,456,0.92,flat,110.14,109.98704808503814,11125.186269927277,0.0002114141292622662,101.00949753507487,BUY,0.5,The trend is up according to both the SMA20 and SMA60.  RSI is above 40 indicating upward momentum.,111.15,107.12,45.9,1.4406,1394364,1.09,15.0,15.0,2.66,3.77,1,0.09,-0.03,0.13
Day-42,google/gemma-2-9b-it,ENTJ,memory,flat,456,0.92,flat,109.36,110.28520720246374,11046.398861849917,0.0001057070646311331,101.00949850167203,BUY,0.5,"The trend is up according to both the SMA20 and SMA60, indicating continued momentum.  RSI is above 40 suggesting potential for further upside.",110.97,107.17,46.0,1.2157,1170458,0.93,13.0,14.9,2.69,3.54,1,-0.14,-0.03,-0.11
Day-43,google/gemma-2-9b-it,ENTJ,memory,flat,456,0.92,flat,109.88,109.52931138572612,11098.923801070787,5.285353231556655e-05,101.00949898268343,BUY,0.5,"The 20-day SMA is above the 60-day SMA, indicating an uptrend.  RSI is above 40, suggesting buying pressure.",110.85,107.24,48.6,1.0668,1274028,1.01,11.2,15.0,2.66,3.37,1,0.05,0.0,0.05
Day-44,google/gemma-2-9b-it,ENTJ,memory,flat,456,0.92,flat,112.24,112.22333178259763,11337.306218669919,2.6426766157783274e-05,101.00949921813216,BUY,0.5,"The trend is up according to both the SMA20 and SMA60.  Implied volatility is moderate, suggesting potential for significant price movement.",110.94,107.35,54.0,1.1269,1210104,0.95,9.9,15.0,2.67,3.34,1,0.07,0.07,-0.0
Day-45,google/gemma-2-9b-it,ENTJ,memory,flat,456,0.92,flat,111.03,111.048744326247,11215.084724615981,1.3213383078891637e-05,101.00949933713949,BUY,0.5,The trend is up according to both the SMA20 and SMA60.  RSI is above 40 indicating potential for further upside.,111.03,107.43,43.8,1.0645,1267196,0.99,9.6,15.0,2.67,3.35,1,0.34,0.08,0.26
Day-46,google/gemma-2-9b-it,ENTJ,memory,flat,456,0.92,flat,111.0,111.05597299182797,11212.054439635867,6.6066915394458185e-06,101.00949939665924,BUY,0.5,The trend is up according to both the SMA20 and SMA60.  RSI is above 50 indicating upward momentum.,110.99,107.51,50.7,1.0008,1457520,1.14,8.8,15.0,2.67,3.24,1,0.64,0.19,0.45
Day-47,google/gemma-2-9b-it,ENTJ,memory,flat,456,0.92,flat,110.32,110.4440504166754,11143.36798004614,3.3033457697229093e-06,101.00949942660255,BUY,0.5,"The 20-day SMA is above the 60-day SMA, indicating an uptrend.  RSI is above 50, suggesting upward momentum.",110.9,107.57,51.1,0.8855,1074365,0.84,10.7,15.0,2.67,3.1,1,0.26,0.27,-0.01
Day-48,google/gemma-2-9b-it,ENTJ,memory,flat,456,0.92,flat,110.97,111.3404253662579,11209.02415467343,1.6516728848614546e-06,101.0094994414865,BUY,0.5,The trend is up according to both the SMA20 and SMA60.  RSI is above 40 indicating potential for further upward movement.,110.89,107.64,47.5,0.8368,1195414,0.94,9.2,15.0,2.68,3.02,1,0.62,0.38,0.23
Day-49,google/gemma-2-9b-it,ENTJ,memory,flat,456,0.92,flat,113.91,114.08285936281115,11505.992083031399,8.258364424307273e-07,101.0094994487364,BUY,0.5,"The trend is up according to both the SMA20 and SMA60, and the RSI is above 60 indicating bullish momentum.  I will buy half my available capital to capitalize on this upward trend.",111.06,107.77,62.0,1.0236,1283030,1.01,12.2,15.0,2.67,3.06,1,0.55,0.48,0.07
Day-50,google/gemma-2-9b-it,ENTJ,memory,flat,456,0.92,flat,113.64,114.15407936595182,11478.71951818024,4.1291822121536366e-07,101.00949945236997,BUY,0.5,"The trend is up according to both the SMA20 and SMA60.  Implied volatility is moderate, indicating potential for significant price swings which we can capitalize on.",111.23,107.88,56.4,1.1369,1397259,1.09,10.4,14.9,2.68,3.1,1,-0.1,0.39,-0.5
Day-51,google/gemma-2-9b-it,ENTJ,memory,flat,456,0.92,flat,115.42,115.21013821012684,11658.516427205459,2.0645911060768183e-07,101.00949945415873,BUY,0.5,The trend is up according to both the SMA20 and SMA60. RSI is above 60 indicating strong momentum.,111.31,108.21,68.2,1.3546,1310281,1.01,8.7,15.0,2.66,2.87,1,0.2,0.3,-0.11
Day-52,google/gemma-2-9b-it,ENTJ,memory,flat,456,0.92,flat,112.45,112.89244783700316,11358.518213826608,1.0322955530384091e-07,101.00949945507674,BUY,0.5,The trend is up according to both the SMA20 and SMA60.  RSI is above 50 indicating upward momentum.,111.4,108.5,53.1,1.2732,1135679,0.89,10.2,14.9,2.68,2.67,1,-0.91,0.07,-0.98
Day-53,google/gemma-2-9b-it,ENTJ,memory,flat,456,0.92,flat,113.62,113.0780431457245,11476.69932818905,5.161477765192046e-08,101.00949945553101,BUY,0.5,The trend is up according to both the SMA20 and SMA60. RSI is above 50 indicating upward momentum.,111.58,108.8,55.5,1.288,1035228,0.81,12.1,15.1,2.65,2.56,1,0.17,-0.02,0.19
Day-54,google/gemma-2-9b-it,ENTJ,memory,flat,456,0.92,flat,110.23,110.39989796912005,11134.2771250348,2.580738882596023e-08,101.00949945576514,BUY,0.5,The trend is up according to both the SMA20 and SMA60.  RSI is above 40 indicating potential for further upward momentum.,111.5,109.01,44.9,1.0146,1391150,1.09,11.0,15.0,2.67,2.28,1,-0.65,-0.26,-0.39
Day-55,google/gemma-2-9b-it,ENTJ,memory,flat,456,0.92,flat,108.32,108.46991728505763,10941.348981074287,1.2903694412980114e-08,101.00949945588427,BUY,0.5,"The 20-day SMA is above the 60-day SMA, indicating an uptrend.  RSI is above 40, suggesting buying pressure.",111.44,109.17,45.6,0.6359,1057120,0.83,10.1,15.0,2.67,2.08,1,-0.02,-0.24,0.22
Day-56,google/gemma-2-9b-it,ENTJ,memory,flat,456,0.92,flat,111.44,111.24198228134186,11256.498619376647,6.451847206490057e-09,101.00949945594216,BUY,0.5,"The trend is flat but the price is above both the 20 and 60 day SMA.  Implied volatility is low, suggesting a potential for a breakout.",111.44,109.34,54.5,0.5814,1162015,0.92,12.2,15.0,2.66,1.92,0,0.16,-0.25,0.41
Day-57,google/gemma-2-9b-it,ENTJ,memory,flat,456,0.92,flat,110.99,111.09907305187512,11211.04434462147,3.2259236032450286e-09,101.00949945597122,BUY,0.5,"The trend is slightly positive, and the price is near the 20-day SMA.  Momentum is a key factor, and this presents a buying opportunity.",111.52,109.45,52.4,0.4955,1100454,0.87,10.1,15.0,2.67,1.89,0,-0.12,-0.09,-0.03
Day-58,google/gemma-2-9b-it,ENTJ,memory,flat,456,0.92,flat,109.31,109.7257888548693,11041.34838553544,1.6129618016225143e-09,101.00949945598597,BUY,0.5,The trend is slightly bullish with the 20 SMA above the 60 SMA.  RSI is in neutral territory and presents an opportunity for a potential upward move.,111.41,109.49,43.4,0.2892,1321949,1.06,10.2,14.9,2.68,1.75,0,0.15,-0.1,0.24
Day-59,google/gemma-2-9b-it,ENTJ,memory,flat,456,0.92,flat,109.89,109.7890145328176,11099.93389521991,8.064809008112571e-10,101.0094994559933,BUY,0.5,"The trend is slightly up, and the RSI is above 40, indicating potential for further upward momentum.  I will buy half my available capital to capitalize on this trend.",111.33,109.52,47.4,0.1704,1159197,0.94,11.7,15.0,2.66,1.65,0,0.05,0.04,0.01
Day-60,google/gemma-2-9b-it,ENTJ,memory,flat,456,0.92,flat,106.47,106.79543973892558,10754.481407080415,4.0324045040562857e-10,101.0094994559971,BUY,0.5,"The trend is slightly down, but the RSI is low and the price is below the SMA20/60. This suggests a potential buying opportunity for a quick rebound.",111.03,109.51,41.0,-0.1973,1494176,1.2,8.2,15.0,2.67,1.39,0,-0.09,0.03,-0.12
Day-61,google/gemma-2-9b-it,ENTJ,memory,flat,456,0.92,flat,110.56,110.57985553404124,11167.610259855443,2.0162022520281429e-10,101.00949945599892,BUY,0.5,"The trend is slightly positive, and the price is near the SMA20. Momentum is present, indicating potential for further growth.",111.05,109.6,50.4,-0.1573,1182444,0.96,10.5,15.0,2.67,1.33,0,0.0,-0.0,0.0
Day-62,google/gemma-2-9b-it,ENTJ,memory,flat,456,0.92,flat,109.7,109.53020926160279,11080.742090323283,1.0081011260140714e-10,101.00949945599984,BUY,0.5,"The trend is slightly bullish, and the price is near the 20-day SMA.  Momentum is key, and a buy now positions for potential upside.",111.07,109.74,47.8,-0.1924,1039953,0.85,10.1,15.0,2.66,1.21,0,-0.71,-0.12,-0.59
Day-63,google/gemma-2-9b-it,ENTJ,memory,flat,456,0.92,flat,110.03,110.12152241007938,11114.075225143763,9.072910134126643e-11,101.00949945599993,BUY,0.1,"The trend is slightly positive, and the RSI suggests potential for upward momentum.  A small buy order will capitalize on this potential.",111.08,109.92,42.5,-0.1917,1425832,1.15,9.3,15.0,2.67,1.05,0,0.63,-0.02,0.66
Day-64,google/gemma-2-9b-it,ENTJ,memory,flat,456,0.92,flat,109.7,109.56534684504801,11080.742090323283,4.536455067063321e-11,101.00949945600034,BUY,0.5,"The trend is slightly positive, and the RSI is below 50 indicating potential for upward momentum.  Chasing this upward trend aligns with the mandate.",110.95,110.16,42.4,-0.2152,1130224,0.92,7.5,15.0,2.66,0.72,0,-0.37,-0.11,-0.26
Day-65,google/gemma-2-9b-it,ENTJ,memory,flat,456,0.92,flat,109.78,109.45243944938295,11088.822850279763,2.2682275335316607e-11,101.00949945600055,BUY,0.5,The trend is slightly down but the RSI is oversold and the P/E ratio is reasonable.  Momentum is still positive and a quick buy could capitalize on a bounce.,110.89,110.38,38.4,-0.2247,1253003,1.02,7.5,15.0,2.66,0.46,0,-0.03,-0.1,0.07
Day-66,google/gemma-2-9b-it,ENTJ,memory,flat,456,0.92,flat,107.31,107.2794384715648,10839.329386623442,1.1341137667658303e-11,101.00949945600065,BUY,0.5,"The trend is slightly bullish with both SMAs pointing upwards. RSI is oversold, indicating potential for a rebound.",110.7,110.56,39.2,-0.4265,1101496,0.91,8.8,15.0,2.67,0.13,0,0.54,0.01,0.53
Day-67,google/gemma-2-9b-it,ENTJ,memory,flat,456,0.92,flat,106.42,106.61394671409667,10749.430932107602,5.670568833829152e-12,101.00949945600071,BUY,0.5,The trend is slightly down but RSI is oversold and P/E is reasonable.  Momentum is still positive and warrants a buy to chase the potential uptrend.,110.51,110.64,34.7,-0.651,1216049,1.0,14.4,15.0,2.67,-0.12,0,0.16,0.19,-0.03
Day-68,google/gemma-2-9b-it,ENTJ,memory,flat,456,0.92,flat,107.94,108.08692171552661,10902.965371280723,2.835284416914576e-12,101.00949945600074,BUY,0.5,"The trend is slightly bullish with both SMAs pointing upwards.  RSI is in neutral territory, suggesting potential for further upward movement.",110.36,110.68,44.7,-0.6978,1164251,0.96,10.1,15.0,2.67,-0.29,0,0.01,0.06,-0.05
Day-69,google/gemma-2-9b-it,ENTJ,memory,flat,456,0.92,flat,107.12,106.75781147584541,10820.137581726804,1.417642208457288e-12,101.00949945600075,BUY,0.5,The trend is slightly bullish with both SMAs pointing upwards.  RSI is above 40 indicating potential for further upside.,110.02,110.67,47.1,-0.7924,1034461,0.86,13.8,15.1,2.66,-0.59,0,-0.06,0.13,-0.19
Day-70,google/gemma-2-9b-it,ENTJ,memory,flat,456,0.92,flat,106.42,106.50075715920013,10749.4309321076,7.08821104228644e-13,101.00949945600075,BUY,0.5,"The trend is up according to both the SMA20 and SMA60. RSI is oversold, indicating potential for a bounce.",109.66,110.62,36.2,-0.9135,1286393,1.07,10.9,15.0,2.67,-0.87,0,-0.4,0.05,-0.45
Day-71,google/gemma-2-9b-it,ENTJ,memory,flat,456,0.92,flat,110.5,110.46795941705794,11161.549689888083,3.54410552114322e-13,101.00949945600075,BUY,0.5,"The trend is up according to both the SMA20 and SMA60, and the price is above the 20-day SMA.  Momentum is positive and warrants a buy.",109.41,110.58,48.9,-0.6719,1265489,1.06,13.5,15.0,2.67,-1.06,0,0.3,0.0,0.3
Day-72,google/gemma-2-9b-it,ENTJ,memory,flat,456,0.92,flat,110.82,110.67900707347593,11193.872729714003,1.77205276057161e-13,101.00949945600075,BUY,0.5,The trend is up according to both the SMA20 and SMA60.  RSI is above 50 indicating positive momentum.,109.33,110.54,53.7,-0.4496,1196415,1.0,13.5,15.0,2.66,-1.09,0,-0.07,-0.04,-0.02
Day-73,google/gemma-2-9b-it,ENTJ,memory,flat,456,0.92,flat,109.54,108.77541345774063,11064.580570410324,8.86026380285805e-14,101.00949945600075,BUY,0.5,The trend is up according to both the SMA20 and SMA60.  RSI is above 40 indicating upward momentum.,109.12,110.48,49.2,-0.3729,1467228,1.2,15.5,15.1,2.65,-1.23,0,0.34,0.02,0.32
Day-74,google/gemma-2-9b-it,ENTJ,memory,flat,456,0.92,flat,111.53,111.3455857997675,11265.589474327764,4.430131901429025e-14,101.00949945600075,BUY,0.5,"The trend is up according to both the SMA20 and SMA60, and the RSI is above 60 indicating bullish momentum.  I will buy half my available capital to capitalize on this upward trend.",109.19,110.5,62.8,-0.1496,1303254,1.07,17.4,15.0,2.66,-1.19,0,-0.07,0.02,-0.09
Day-75,google/gemma-2-9b-it,ENTJ,memory,flat,456,0.92,flat,113.93,113.29754687056011,11508.012273022166,2.2150659507145124e-14,101.00949945600075,BUY,0.5,The trend is up according to the SMA indicators.  RSI is above 50 indicating upward momentum.,109.47,110.6,59.3,0.2188,1235697,1.01,12.5,15.1,2.65,-1.02,0,-0.06,0.09,-0.15
Day-76,google/gemma-2-9b-it,ENTJ,memory,flat,456,0.92,flat,115.41,115.33565051958394,11657.506332217046,1.1075329753572562e-14,101.00949945600075,BUY,0.5,"The trend is up according to the SMA indicators and RSI is above 60, indicating strong momentum.  I will buy half my available capital to capitalize on this upward trend.",109.67,110.67,65.2,0.6229,1253650,1.02,10.2,15.0,2.66,-0.9,0,-0.09,0.01,-0.1
Day-77,google/gemma-2-9b-it,ENTJ,memory,flat,456,0.92,flat,115.73,116.04525413573195,11689.829372042968,5.537664876786281e-15,101.00949945600075,BUY,0.5,"The trend is up according to both the SMA20 and SMA60, and the RSI is above 60 indicating strong momentum.  I will buy half my available capital to capitalize on this upward trend.",109.91,110.74,65.2,0.958,1105329,0.9,9.6,15.0,2.67,-0.76,0,0.13,0.05,0.07
Day-78,google/gemma-2-9b-it,ENTJ,memory,flat,456,0.92,flat,116.44,116.6601183794263,11761.546116656727,2.7688324383931405e-15,101.00949945600075,BUY,0.5,"The trend is up according to both the SMA20 and SMA60, and the RSI is above 60 indicating strong momentum.  This suggests a continued upward trajectory, aligning with the mandate to chase big wins.",110.26,110.85,67.6,1.2659,1355508,1.1,11.5,15.0,2.67,-0.53,0,0.31,0.04,0.27
Day-79,google/gemma-2-9b-it,ENTJ,memory,flat,456,0.92,flat,119.78,119.97373876051121,12098.91784483977,1.3844162191965702e-15,101.00949945600075,BUY,0.5,"The trend is up according to both the SMA20 and SMA60, and the RSI is high, indicating strong momentum.  This suggests a continued upward trajectory and a good opportunity to capitalize on the trend.",110.76,111.03,72.4,1.7597,1011657,0.83,8.7,15.0,2.67,-0.25,0,0.21,0.1,0.11
Day-80,google/gemma-2-9b-it,ENTJ,memory,flat,456,0.92,flat,119.5,119.41694222889257,12070.63518499209,6.922081095982851e-16,101.00949945600075,BUY,0.5,"The trend is up, supported by the SMA20/60 and RSI.  Momentum is strong, indicating potential for further growth.",111.41,111.22,80.2,2.1037,1218303,1.0,7.5,15.0,2.66,0.17,0,0.71,0.25,0.46
Day-81,google/gemma-2-9b-it,ENTJ,memory,flat,456,0.92,flat,121.51,121.89116671079938,12273.664278898652,3.4610405479914256e-16,101.00949945600075,BUY,0.5,"The trend is up, indicated by the positive SMA20/60 crossover and the high RSI.  Momentum is strong and warrants a buy position to capitalize on potential growth.",111.96,111.37,85.4,2.51,1439431,1.17,7.7,15.0,2.67,0.52,0,0.06,0.28,-0.22
Day-82,google/gemma-2-9b-it,ENTJ,memory,flat,456,0.92,flat,123.23,122.67934999854396,12447.400617962974,1.7305202739957128e-16,101.00949945600075,BUY,0.5,"The trend is up, supported by the positive SMA crossover and high RSI.  Momentum is strong, indicating potential for further gains.",112.63,111.62,85.6,2.9369,1187630,0.96,9.9,15.1,2.65,0.9,0,0.03,0.26,-0.23
Day-83,google/gemma-2-9b-it,ENTJ,memory,flat,456,0.92,flat,124.45,124.71074834158344,12570.632207299293,8.652601369978564e-17,101.00949945600075,BUY,0.5,"The trend is up, indicated by the positive SMA20/60 crossover and the high RSI.  Momentum is strong and warrants a buy to capitalize on the potential for further growth.",113.35,111.91,89.6,3.3348,1475041,1.19,17.9,15.0,2.67,1.29,0,-0.16,0.17,-0.33
Day-84,google/gemma-2-9b-it,ENTJ,memory,flat,456,0.92,flat,124.66,124.92723070725191,12591.844202185053,4.326300684989282e-17,101.00949945600075,BUY,0.5,"The trend is up, supported by the positive SMA crossover and high RSI.  Implied volatility suggests potential for further price movement.",114.1,112.17,92.7,3.6255,1319867,1.06,12.7,15.0,2.67,1.72,0,0.53,0.23,0.3
Day-85,google/gemma-2-9b-it,ENTJ,memory,flat,456,0.92,flat,123.77,124.34896911640725,12501.945747669213,2.163150342494641e-17,101.00949945600075,BUY,0.5,"The trend is up, supported by the SMA20/60 and RSI.  Momentum is strong, indicating potential for further growth.",114.8,112.46,86.5,3.7413,1245608,1.0,10.6,14.9,2.68,2.09,1,0.52,0.2,0.33
Day-86,google/gemma-2-9b-it,ENTJ,memory,flat,456,0.92,flat,123.14,122.47717396394826,12438.309763011934,1.0815751712473205e-17,101.00949945600075,BUY,0.5,"The trend is clearly up, supported by the SMA20/60 and RSI.  Momentum is strong and warrants a buy position to capitalize on further gains.",115.59,112.69,83.3,3.7392,1361440,1.08,15.3,15.1,2.65,2.58,1,0.64,0.31,0.33
Day-87,google/gemma-2-9b-it,ENTJ,memory,flat,456,0.92,flat,120.65,120.42073592191545,12186.79610936649,5.4078758562366024e-18,101.00949945600075,BUY,0.5,"The trend is up according to both the SMA20 and SMA60, and the RSI is high, indicating strong momentum.  This suggests a continued upward trajectory, aligning with the mandate to chase big wins.",116.3,112.91,78.2,3.4956,1461149,1.15,12.2,15.0,2.66,3.0,1,0.1,0.33,-0.23
Day-88,google/gemma-2-9b-it,ENTJ,memory,flat,456,0.92,flat,123.13,123.21968281943654,12437.299668017373,2.7039379281183012e-18,101.00949945600075,BUY,0.5,"The trend is up based on the SMA indicators and RSI is high, suggesting strong momentum.  This aligns with the mandate to chase big wins in an uptrend.",117.06,113.15,78.7,3.4631,1211828,0.95,12.1,15.0,2.67,3.46,1,0.17,0.39,-0.23
Day-89,google/gemma-2-9b-it,ENTJ,memory,flat,456,0.92,flat,120.59,121.32469296535768,12180.735539399131,1.3519689640591506e-18,101.00949945600075,BUY,0.5,"The trend is up according to both the SMA20 and SMA60, and the RSI is above 60 indicating bullish momentum.  This aligns with the mandate to chase growth in an uptrend.",117.74,113.33,66.4,3.1954,1440846,1.12,12.3,14.9,2.68,3.89,1,0.26,0.34,-0.08
Day-90,google/gemma-2-9b-it,ENTJ,memory,flat,456,0.92,flat,122.6,122.70649299894434,12383.764633305691,6.759844820295753e-19,101.00949945600075,BUY,0.5,"The trend is up according to both the SMA20 and SMA60, and the RSI is above 60 indicating upward momentum.  I will buy half my available capital to capitalize on this trend.",118.55,113.53,67.2,3.1095,1241115,0.96,9.4,15.0,2.67,4.42,1,-0.16,0.2,-0.36
Day-91,google/gemma-2-9b-it,ENTJ,memory,flat,456,0.92,flat,122.63,122.04298379623751,12386.794918289372,3.3799224101478765e-19,101.00949945600075,BUY,0.5,"The trend is up based on the SMA indicators and RSI is above 60.  Implied volatility is moderate, suggesting potential for significant price movement.",119.15,113.78,66.8,3.0091,1240137,0.96,14.8,15.1,2.65,4.72,1,-0.12,0.05,-0.17
Day-92,google/gemma-2-9b-it,ENTJ,memory,flat,456,0.92,flat,120.21,120.22069562768213,12142.35192960585,1.6899612050739383e-19,101.00949945600075,BUY,0.5,The trend is up according to both the SMA20 and SMA60. RSI is above 50 indicating upward momentum.,119.62,114.0,58.5,2.7031,1261283,0.98,13.6,15.0,2.67,4.93,1,0.46,0.12,0.34
Day-93,google/gemma-2-9b-it,ENTJ,memory,flat,456,0.92,flat,123.17,122.91807488258794,12441.340047995613,8.449806025369691e-20,101.00949945600075,BUY,0.5,The trend is up according to both the SMA20 and SMA60.  RSI is above 50 indicating positive momentum.,120.3,114.26,57.7,2.6693,1330060,1.04,13.2,15.0,2.66,5.29,1,-0.21,0.05,-0.25
Day-94,google/gemma-2-9b-it,ENTJ,memory,flat,456,0.92,flat,127.43,126.96306555805002,12871.640515678177,4.2249030126848457e-20,101.00949945600075,BUY,0.5,"The trend is up, supported by the SMA20/60 and RSI.  Momentum is strong and warrants a purchase to capitalize on potential growth.",121.1,114.57,65.3,2.9515,1161239,0.91,10.3,15.1,2.66,5.7,1,-0.09,-0.03,-0.07
Day-95,google/gemma-2-9b-it,ENTJ,memory,flat,456,0.92,flat,122.74,122.23895940300385,12397.905963229532,2.1124515063424228e-20,101.00949945600075,BUY,0.5,"The trend is up according to both the SMA20 and SMA60, indicating momentum.  RSI is above 50, suggesting upward pressure.",121.54,114.8,52.1,2.7649,1416877,1.1,9.6,15.1,2.66,5.87,1,-0.57,-0.11,-0.47
Day-96,google/gemma-2-9b-it,ENTJ,memory,flat,456,0.92,flat,122.62,122.59167786587601,12385.784823294813,1.0562257531712114e-20,101.00949945600075,BUY,0.5,"The 20-day SMA is above the 60-day SMA, indicating an uptrend.  Implied volatility is moderate, suggesting potential for significant price movement.",121.9,115.03,48.9,2.5781,1437623,1.11,13.4,15.0,2.67,5.97,1,-0.49,-0.18,-0.31
Day-97,google/gemma-2-9b-it,ENTJ,memory,flat,456,0.92,flat,124.53,124.17391637106317,12578.712967255775,5.281128765856057e-21,101.00949945600075,BUY,0.5,"The 20-day SMA is above the 60-day SMA, indicating an uptrend.  RSI is above 50, suggesting bullish momentum.",122.34,115.32,50.1,2.5542,1010173,0.78,12.4,15.0,2.66,6.09,1,0.27,-0.22,0.49
Day-98,google/gemma-2-9b-it,ENTJ,memory,flat,456,0.92,flat,124.4,124.41790712345357,12565.581732326495,2.6405643829280285e-21,101.00949945600075,BUY,0.5,The trend is up according to both the SMA20 and SMA60.  RSI is above 50 indicating upward momentum.,122.74,115.59,49.5,2.4961,1016162,0.8,8.7,15.0,2.67,6.19,1,0.1,-0.16,0.26
Day-99,google/gemma-2-9b-it,ENTJ,memory,flat,456,0.92,flat,130.23,130.37291452956515,13154.467114154977,1.3202821914640143e-21,101.00949945600075,BUY,0.5,"The trend is up, indicated by the SMA20/60 crossover and positive RSI.  Momentum is strong and warrants a buy position.",123.26,115.91,59.9,2.8875,1279238,0.99,10.5,15.0,2.67,6.34,1,-0.19,-0.18,-0.01
Day-100,google/gemma-2-9b-it,ENTJ,memory,flat,456,0.92,flat,136.54,136.50924643796657,13791.837055722342,6.601410957320071e-22,101.00949945600075,BUY,0.5,"The trend is up according to both the SMA20 and SMA60. RSI is above 60 indicating strong momentum, supporting a BUY signal.",124.11,116.37,67.5,3.6643,1384884,1.07,10.2,15.0,2.67,6.65,1,-0.18,-0.1,-0.08
Day-101,google/gemma-2-9b-it,ENTJ,memory,flat,456,0.92,flat,138.0,137.6383032718538,13939.310924928104,3.3007054786600357e-22,101.00949945600075,BUY,0.5,"The trend is up according to both the SMA20 and SMA60, and RSI is high indicating strong momentum.  Buying now allows me to capitalize on the upward trend.",124.94,116.82,73.4,4.3479,1096495,0.86,10.5,15.0,2.66,6.94,1,-0.12,-0.02,-0.1
Day-102,google/gemma-2-9b-it,ENTJ,memory,flat,456,0.92,flat,135.46,135.65689811327812,13682.746796309862,1.6503527393300178e-22,101.00949945600075,BUY,0.5,"The trend is up according to both the SMA20 and SMA60, and the RSI is above 60 indicating upward momentum.  This aligns with the mandate to chase growth in an uptrend.",125.55,117.28,66.6,4.6314,1429273,1.11,8.4,15.0,2.67,7.05,1,0.26,-0.02,0.29
Day-103,google/gemma-2-9b-it,ENTJ,memory,flat,456,0.92,flat,133.5,133.4012299157355,13484.768177376101,8.251763696650089e-23,101.00949945600075,BUY,0.5,"The trend is up according to both the SMA20 and SMA60, and the RSI is above 60 indicating upward momentum.  This aligns with the mandate to chase big wins in an uptrend.",126.0,117.68,67.6,4.6445,1242848,0.97,7.6,15.0,2.66,7.07,1,0.09,-0.02,0.12
Day-104,google/gemma-2-9b-it,ENTJ,memory,flat,456,0.92,flat,127.91,128.10764792087033,12920.125075417056,4.1258818483250446e-23,101.00949945600075,BUY,0.5,"The trend is up according to both the SMA20 and SMA60.  Implied volatility is moderate, suggesting potential for significant price movement.",126.16,118.03,56.6,4.1554,1240970,0.97,8.8,15.0,2.67,6.89,1,0.02,0.02,0.0
Day-105,google/gemma-2-9b-it,ENTJ,memory,flat,456,0.92,flat,131.23,131.19133271161104,13255.476613610977,2.0629409241625223e-23,101.00949945600075,BUY,0.5,The trend is up based on the SMA20/60 crossover and RSI is above 50.  Momentum is strong and warrants a purchase.,126.53,118.49,59.9,3.9898,1305741,1.02,9.4,15.0,2.67,6.79,1,0.11,0.07,0.04
Day-106,google/gemma-2-9b-it,ENTJ,memory,flat,456,0.92,flat,128.35,128.75842445089717,12964.569255177696,1.0314704620812611e-23,101.00949945600075,BUY,0.5,The trend is up according to both the SMA20 and SMA60. RSI is above 50 indicating upward momentum.,126.79,118.83,59.3,3.5849,1260929,0.99,8.2,15.0,2.68,6.7,1,-0.29,0.04,-0.33
Day-107,google/gemma-2-9b-it,ENTJ,memory,flat,456,0.92,flat,130.48,130.58812406717757,13179.719489018977,5.157352310406306e-24,101.00949945600075,BUY,0.5,"The trend is up based on the SMA20/60 crossover. Implied volatility is moderate, suggesting potential for significant price movement.",127.29,119.22,58.5,3.3967,1056428,0.84,7.5,15.0,2.67,6.77,1,0.27,0.04,0.23
Day-108,google/gemma-2-9b-it,ENTJ,memory,flat,456,0.92,flat,132.81,132.64117177637567,13415.07162275146,2.578676155203153e-24,101.00949945600075,BUY,0.5,The trend is up according to both the SMA20 and SMA60.  RSI is above 50 indicating upward momentum.,127.77,119.69,56.5,3.3965,1227780,0.98,7.5,15.0,2.66,6.75,1,-0.16,-0.01,-0.15
Day-109,google/gemma-2-9b-it,ENTJ,memory,flat,456,0.92,flat,132.24,131.43422809069088,13357.49620806154,1.2893380776015764e-24,101.00949945600075,BUY,0.5,Trend is up based on SMA20/60 crossover. RSI is above 60 indicating momentum.,128.35,120.14,62.8,3.3124,1253085,1.01,9.9,15.1,2.65,6.84,1,-0.11,-0.04,-0.07
Day-110,google/gemma-2-9b-it,ENTJ,memory,flat,456,0.92,flat,129.37,129.41445078526007,13067.598944622818,6.446690388007882e-25,101.00949945600075,BUY,0.5,The trend is up according to both the SMA20 and SMA60.  RSI is above 50 indicating upward momentum.,128.69,120.59,58.5,2.9795,1474277,1.17,7.5,15.0,2.67,6.71,1,0.13,-0.03,0.16
Day-111,google/gemma-2-9b-it,ENTJ,memory,flat,456,0.92,flat,129.29,129.268927230849,13059.518184666336,3.223345194003941e-25,101.00949945600075,BUY,0.5,"The trend is up according to both the SMA20 and SMA60.  RSI is healthy and volume is positive, indicating strong momentum.",129.02,120.97,56.3,2.6784,1360225,1.08,12.0,15.0,2.67,6.66,1,0.51,0.13,0.38
Day-112,google/gemma-2-9b-it,ENTJ,memory,flat,456,0.92,flat,128.91,128.6922167200402,13021.134574873056,1.6116725970019705e-25,101.00949945600075,BUY,0.5,The trend is up based on the SMA20/60 crossover and the price is above the 20-day SMA.  Momentum is positive and warrants a buy.,129.46,121.35,55.9,2.3815,1477803,1.16,8.8,15.0,2.66,6.68,1,-0.4,-0.0,-0.39
Day-113,google/gemma-2-9b-it,ENTJ,memory,flat,456,0.92,flat,131.12,131.53527886650517,13244.365568670819,8.058362985009853e-26,101.00949945600075,BUY,0.5,The trend is up according to both the SMA20 and SMA60.  The RSI is above 50 indicating positive momentum.,129.86,121.78,51.3,2.2986,1465588,1.15,10.8,15.0,2.68,6.64,1,-0.33,-0.04,-0.29
Day-114,google/gemma-2-9b-it,ENTJ,memory,flat,456,0.92,flat,137.62,137.33732643407345,13900.927315134824,4.0291814925049264e-26,101.00949945600075,BUY,0.5,"The trend is up according to both the SMA20 and SMA60.  Implied volatility is low, suggesting a potential for continued upward movement.",130.37,122.33,51.6,2.7257,1434998,1.11,10.4,15.0,2.66,6.57,1,-0.49,-0.12,-0.38
Day-115,google/gemma-2-9b-it,ENTJ,memory,flat,456,0.92,flat,138.38,138.34933486524747,13977.694534721384,2.0145907462524632e-26,101.00949945600075,BUY,0.5,The trend is up according to both the SMA20 and SMA60.  RSI is above 50 indicating upward momentum.,131.15,122.91,50.6,3.0899,1262702,0.98,8.1,15.0,2.67,6.71,1,0.16,-0.11,0.27
Day-116,google/gemma-2-9b-it,ENTJ,memory,flat,456,0.92,flat,141.15,141.0186147407662,14257.490848214507,1.0072953731262316e-26,101.00949945600075,BUY,0.5,The trend is up according to both the SMA20 and SMA60.  RSI is above 50 indicating upward momentum.,132.08,123.58,58.3,3.561,1072796,0.85,9.7,15.0,2.66,6.87,1,0.09,-0.2,0.28
Day-117,google/gemma-2-9b-it,ENTJ,memory,flat,456,0.92,flat,138.34,137.84075003597448,13973.654154743144,5.036476865631158e-27,101.00949945600075,BUY,0.5,The trend is up according to both the SMA20 and SMA60.  RSI is above 50 indicating upward momentum.,132.77,124.22,56.9,3.6649,1106323,0.87,11.1,15.1,2.66,6.88,1,-0.1,-0.14,0.04
Day-118,google/gemma-2-9b-it,ENTJ,memory,flat,456,0.92,flat,141.91,142.20317903932457,14334.258067801067,2.518238432815579e-27,101.00949945600075,BUY,0.5,"The trend is up, supported by the SMA20/60 crossover and positive RSI.  Implied volatility is moderate, indicating potential for significant price movement.",133.64,124.9,71.1,3.99,1315496,1.02,9.8,15.0,2.67,7.0,1,0.45,0.02,0.43
Day-119,google/gemma-2-9b-it,ENTJ,memory,flat,456,0.92,flat,149.18,149.75611445161533,15068.597128846193,1.2591192164077895e-27,101.00949945600075,BUY,0.5,"The trend is up according to both the SMA20 and SMA60, and the RSI is above 70 indicating strong momentum.  This aligns with the mandate to chase growth in an uptrend.",134.59,125.74,74.2,4.7786,1321250,1.02,15.7,14.9,2.68,7.04,1,-0.15,0.09,-0.24
Day-120,google/gemma-2-9b-it,ENTJ,memory,flat,456,0.92,flat,151.79,151.75294350715936,15332.231922426354,6.295596082038947e-28,101.00949945600075,BUY,0.5,"The trend is up, supported by the SMA20/60 and the positive RSI.  Momentum is strong and warrants a buy to capitalize on potential growth.",135.35,126.65,81.8,5.5507,1405342,1.09,11.1,15.0,2.67,6.87,1,-0.36,-0.01,-0.35
Day-121,google/gemma-2-9b-it,ENTJ,memory,flat,456,0.92,flat,149.37,149.37852310501202,15087.788933742833,3.1477980410194737e-28,101.00949945600075,BUY,0.5,"The trend is up according to both the SMA20 and SMA60, and the RSI is high, indicating strong momentum.  This aligns with the mandate to chase big wins in an uptrend.",135.92,127.43,75.4,5.8991,1014916,0.79,8.3,15.0,2.67,6.67,1,-0.47,-0.13,-0.34
Day-122,google/gemma-2-9b-it,ENTJ,memory,flat,456,0.92,flat,148.72,149.00697071369902,15022.132759096432,1.5738990205097369e-28,101.00949945600075,BUY,0.5,"The trend is up according to both the SMA20 and SMA60, and the RSI is above 70 indicating strong momentum.  This suggests a continued upward trajectory, aligning with the mandate to chase big wins.",136.58,128.18,72.4,6.0528,1499250,1.16,8.5,15.0,2.67,6.55,1,0.06,-0.09,0.16
Day-123,google/gemma-2-9b-it,ENTJ,memory,flat,456,0.92,flat,145.51,146.12332300101156,14697.892265842669,7.869495102548684e-29,101.00949945600075,BUY,0.5,Trend is up based on SMA20/60 crossover and RSI is above 60.  Momentum is strong and warrants a buy.,137.18,128.9,67.4,5.8483,1056586,0.83,13.9,14.9,2.68,6.42,1,0.07,-0.17,0.24
Day-124,google/gemma-2-9b-it,ENTJ,memory,flat,456,0.92,flat,143.33,143.58088827674754,14477.69155702859,3.934747551274342e-29,101.00949945600075,BUY,0.5,"The trend is up based on the SMA20/60 crossover and RSI is above 60.  Implied volatility is moderate, suggesting potential for significant price swings.",137.95,129.54,68.6,5.4475,1359138,1.06,14.0,15.0,2.67,6.5,1,-0.39,-0.22,-0.17
Day-125,google/gemma-2-9b-it,ENTJ,memory,flat,456,0.92,flat,141.93,141.6756388588424,14336.278257790187,1.967373775637171e-29,101.00949945600075,BUY,0.5,The trend is up according to both the SMA20 and SMA60. RSI is above 60 indicating strong momentum.,138.49,130.1,66.3,4.9595,1022796,0.8,19.7,15.0,2.66,6.45,1,-0.35,-0.21,-0.13
Day-126,google/gemma-2-9b-it,ENTJ,memory,flat,456,0.92,flat,146.81,145.1429856271985,14829.204615135472,9.836868878185855e-30,101.00949945600075,BUY,0.5,"The trend is up, supported by the SMA20/60 and RSI.  Momentum is strong, indicating potential for further growth.",139.41,130.73,70.7,4.9105,1020841,0.81,19.0,15.2,2.64,6.64,1,-0.51,-0.22,-0.29
Day-127,google/gemma-2-9b-it,ENTJ,memory,flat,456,0.92,flat,143.53,143.61403874622485,14497.893456919788,4.918434439092928e-30,101.00949945600075,BUY,0.5,"The trend is up based on the SMA20/60 crossover and RSI is above 60 indicating bullish momentum.  Implied volatility is moderate, suggesting potential for significant price swings.",140.07,131.28,64.0,4.5546,1306965,1.03,21.7,15.0,2.67,6.69,1,-0.31,-0.3,-0.02
Day-128,google/gemma-2-9b-it,ENTJ,memory,flat,456,0.92,flat,143.52,144.40497277802717,14496.88336192523,2.459217219546464e-30,101.00949945600075,BUY,0.5,The trend is up according to both the SMA20 and SMA60.  RSI is above 50 indicating upward momentum.,140.6,131.83,57.8,4.2226,1127400,0.89,18.8,14.9,2.68,6.66,1,0.23,-0.27,0.49
Day-129,google/gemma-2-9b-it,ENTJ,memory,flat,456,0.92,flat,142.46,142.54909371012926,14389.813292501869,1.229608609773232e-30,101.00949945600075,BUY,0.5,The trend is up according to both the SMA20 and SMA60.  RSI is above 50 indicating upward momentum.,141.11,132.28,55.3,3.8301,1056662,0.84,15.7,15.0,2.67,6.68,1,-0.23,-0.24,0.0
Day-130,google/gemma-2-9b-it,ENTJ,memory,flat,456,0.92,flat,142.39,141.98483918490524,14382.742627539947,6.14804304886616e-31,101.00949945600075,BUY,0.5,The trend is up according to both the SMA20 and SMA60.  RSI is above 50 indicating upward momentum.,141.76,132.74,51.7,3.4732,1082191,0.87,17.1,15.0,2.66,6.8,1,0.08,-0.15,0.23
Day-131,google/gemma-2-9b-it,ENTJ,memory,flat,456,0.92,flat,137.6,137.80515409668874,13898.907125145703,3.07402152443308e-31,101.00949945600075,BUY,0.5,The trend is up according to both the SMA20 and SMA60.  RSI is above 40 indicating potential for further upward momentum.,142.18,133.06,49.0,2.7719,1115233,0.91,16.1,15.0,2.67,6.85,1,-0.18,-0.08,-0.1
Day-132,google/gemma-2-9b-it,ENTJ,memory,flat,456,0.92,flat,134.42,134.9090354274642,13577.69691687562,1.53701076221654e-31,101.00949945600075,BUY,0.5,"The 20-day SMA is above the 60-day SMA, indicating an uptrend. RSI is below 50, suggesting potential for further upward movement.",142.45,133.28,39.9,1.9371,1081873,0.9,15.4,14.9,2.68,6.88,1,0.3,0.04,0.26
Day-133,google/gemma-2-9b-it,ENTJ,memory,flat,456,0.92,flat,135.64,135.98437429524117,13700.928506211942,7.6850538110827e-32,101.00949945600075,BUY,0.5,"The trend is clearly up, indicated by the SMA20/60 crossover and the low RSI. This presents a strong buying opportunity for momentum growth.",142.68,133.51,28.2,1.3584,1195477,1.0,14.9,15.0,2.67,6.87,1,0.37,0.07,0.3
Day-134,google/gemma-2-9b-it,ENTJ,memory,flat,456,0.92,flat,136.45,136.58508261190687,13782.746200771302,3.84252690554135e-32,101.00949945600075,BUY,0.5,"The 20-day SMA is above the 60-day SMA, indicating an uptrend. The RSI is oversold, suggesting potential for a rebound.",142.62,133.74,23.7,0.9539,1360566,1.14,11.5,15.0,2.67,6.64,1,-0.08,0.1,-0.18
Day-135,google/gemma-2-9b-it,ENTJ,memory,flat,456,0.92,flat,138.08,138.23613708671138,13947.391684884586,1.921263452770675e-32,101.00949945600075,BUY,0.5,"The trend is up according to both the SMA20 and SMA60. RSI is oversold, indicating potential for a rebound.",142.61,134.03,30.1,0.7563,1184848,1.0,12.6,15.0,2.67,6.4,1,-0.28,0.02,-0.31
Day-136,google/gemma-2-9b-it,ENTJ,memory,flat,456,0.92,flat,142.03,142.163999398194,14346.379207735787,9.606317263853374e-33,101.00949945600075,BUY,0.5,The trend is up according to both the SMA20 and SMA60. RSI is below 50 indicating potential for further upside.,142.65,134.41,39.4,0.9079,1303465,1.09,9.9,15.0,2.67,6.13,1,0.66,0.19,0.47
Day-137,google/gemma-2-9b-it,ENTJ,memory,flat,456,0.92,flat,149.35,149.22558981036582,15085.768743753712,4.803158631926687e-33,101.00949945600075,BUY,0.5,The trend is up according to both the SMA20 and SMA60.  RSI is above 50 indicating upward momentum.,143.2,134.98,55.4,1.6001,1417642,1.17,11.9,15.0,2.66,6.09,1,0.24,0.18,0.06
Day-138,google/gemma-2-9b-it,ENTJ,memory,flat,456,0.92,flat,148.87,149.19877205046242,15037.284184014832,2.4015793159633436e-33,101.00949945600075,BUY,0.5,"The trend is up according to both the SMA20 and SMA60, indicating strong momentum.  RSI is above 50, suggesting further upside potential.",143.55,135.49,58.1,2.0861,1466153,1.2,11.5,15.0,2.67,5.94,1,0.24,0.15,0.08
Day-139,google/gemma-2-9b-it,ENTJ,memory,flat,456,0.92,flat,145.57,145.43334196536546,14703.952835810029,1.2007896579816718e-33,101.00949945600075,BUY,0.5,The trend is up based on the SMA20/60 crossover and RSI is above 50.  Momentum is strong and warrants a purchase.,143.37,135.99,55.1,2.1797,1296183,1.06,11.7,15.0,2.66,5.42,1,0.46,0.26,0.2
Day-140,google/gemma-2-9b-it,ENTJ,memory,flat,456,0.92,flat,145.12,145.90486579280727,14658.49856105483,6.003948289908359e-34,101.00949945600075,BUY,0.5,"The 20-day SMA is above the 60-day SMA, indicating an uptrend.  RSI is above 40, suggesting buying pressure.",143.03,136.44,47.3,2.1924,1066132,0.89,9.9,14.9,2.68,4.83,1,-0.57,0.21,-0.78
Day-141,google/gemma-2-9b-it,ENTJ,memory,flat,456,0.92,flat,151.56,151.43899225851706,15308.999737551474,3.0019741449541795e-34,101.00949945600075,BUY,0.5,The trend is up according to both the SMA20 and SMA60. RSI is above 60 indicating strong momentum.,143.14,137.02,61.6,2.6909,1297649,1.07,9.3,15.0,2.66,4.47,1,0.03,0.08,-0.05
Day-142,google/gemma-2-9b-it,ENTJ,memory,flat,456,0.92,flat,149.85,149.33424055477434,15136.273493481713,1.5009870724770897e-34,101.00949945600075,BUY,0.5,The trend is up according to both the SMA20 and SMA60. RSI is above 50 indicating upward momentum.,143.2,137.62,58.7,2.915,1204548,1.0,12.9,15.1,2.66,4.06,1,0.58,0.15,0.43
Day-143,google/gemma-2-9b-it,ENTJ,memory,flat,456,0.92,flat,147.59,147.2183841899253,14907.992024711151,7.504935362385449e-35,101.00949945600075,BUY,0.5,The trend is up according to both the SMA20 and SMA60.  RSI is above 50 indicating upward momentum.,143.3,138.1,56.8,2.8769,1129261,0.94,10.3,15.0,2.66,3.77,1,0.14,0.13,0.01
Day-144,google/gemma-2-9b-it,ENTJ,memory,flat,456,0.92,flat,146.5,146.8887523791765,14797.89167030411,3.7524676811927244e-35,101.00949945600075,BUY,0.5,The trend is up according to both the SMA20 and SMA60.  RSI is above 50 indicating upward momentum.,143.46,138.49,55.3,2.7272,1284664,1.07,8.2,15.0,2.67,3.59,1,-0.07,0.02,-0.09
Day-145,google/gemma-2-9b-it,ENTJ,memory,flat,456,0.92,flat,148.39,147.97046570975522,14988.799624275951,1.8762338405963622e-35,101.00949945600075,BUY,0.5,"The 20/60 SMA trend is up, RSI is above 60 indicating momentum, and the price is above the 143.79 level. This suggests a strong upward trend, aligning with the momentum commander mandate.",143.79,139.0,65.1,2.7294,1141813,0.95,12.2,15.0,2.66,3.44,1,0.26,0.19,0.07
Day-146,google/gemma-2-9b-it,ENTJ,memory,flat,456,0.92,flat,151.65,151.45609479395898,15318.090592502514,9.381169202981811e-36,101.00949945600075,BUY,0.5,"The trend is up according to both the SMA20 and SMA60, and the RSI is above 70 indicating strong momentum.  I will buy half my available capital to capitalize on this upward trend.",144.03,139.58,74.1,2.9602,1279903,1.05,9.2,15.0,2.66,3.19,1,-0.53,0.07,-0.6
Day-147,google/gemma-2-9b-it,ENTJ,memory,flat,456,0.92,flat,153.7,154.20532734688902,15525.160066387314,4.6905846014909055e-36,101.00949945600075,BUY,0.5,"The trend is up according to both the SMA20 and SMA60. RSI is high but not overbought, indicating potential for continued upward momentum.",144.54,140.16,74.7,3.2708,1339732,1.1,7.7,15.0,2.68,3.12,1,0.14,-0.01,0.16
Day-148,google/gemma-2-9b-it,ENTJ,memory,flat,456,0.92,flat,155.82,156.1327024629514,15739.300205234036,2.3452923007454527e-36,101.00949945600075,BUY,0.5,"The trend is up according to both the SMA20 and SMA60. RSI is high, indicating strong momentum, justifying a buy.",145.15,140.79,75.5,3.6463,1300846,1.06,7.5,15.0,2.67,3.1,1,0.22,0.0,0.22
Day-149,google/gemma-2-9b-it,ENTJ,memory,flat,456,0.92,flat,150.0,149.09688078649276,15151.424918400113,1.1726461503727264e-36,101.00949945600075,BUY,0.5,The trend is up according to both the SMA20 and SMA60. RSI is above 60 indicating strong momentum.,145.53,141.19,64.1,3.4343,1168418,0.95,10.9,15.1,2.65,3.08,1,0.33,0.08,0.24
Day-150,google/gemma-2-9b-it,ENTJ,memory,flat,456,0.92,flat,148.97,148.78462743296856,15047.385133960432,5.863230751863632e-37,101.00949945600075,BUY,0.5,The trend is up according to both the SMA20 and SMA60.  RSI is above 50 indicating upward momentum.,145.86,141.44,58.8,3.1469,1150640,0.93,9.9,15.0,2.66,3.13,1,-0.09,0.01,-0.11
Day-151,google/gemma-2-9b-it,ENTJ,memory,flat,456,0.92,flat,145.42,145.9032654972213,14688.801410891629,2.931615375931816e-37,101.00949945600075,BUY,0.5,"The 20-day SMA is above the 60-day SMA, indicating an uptrend.  RSI is above 40, suggesting buying pressure.",146.25,141.58,44.5,2.6025,1395844,1.11,9.2,14.9,2.68,3.29,1,-0.26,0.07,-0.33
Day-152,google/gemma-2-9b-it,ENTJ,memory,flat,456,0.92,flat,144.89,145.576478369768,14635.266376179949,1.465807687965908e-37,101.00949945600075,BUY,0.5,The 20-day SMA is above the 60-day SMA indicating an uptrend.  RSI is above 40 suggesting potential for further upward momentum.,146.77,141.77,44.4,2.1047,1052356,0.84,7.5,14.9,2.68,3.53,1,-0.14,0.01,-0.15
Day-153,google/gemma-2-9b-it,ENTJ,memory,flat,456,0.92,flat,143.29,143.98877148153352,14473.651177050348,7.32903843982954e-38,101.00949945600075,BUY,0.5,"The 20-day SMA is above the 60-day SMA, indicating an uptrend.  RSI is above 40, suggesting buying pressure.",147.15,141.97,46.6,1.5628,1341183,1.07,9.1,14.9,2.68,3.65,1,0.07,-0.02,0.09
Day-154,google/gemma-2-9b-it,ENTJ,memory,flat,456,0.92,flat,143.29,143.7402116295221,14473.651177050348,5.496778829872155e-38,101.00949945600075,BUY,0.25,"The 20-day SMA is above the 60-day SMA, indicating an uptrend.  RSI is above 40, suggesting buying pressure.",147.5,142.28,47.3,1.1204,1104534,0.89,11.0,15.0,2.68,3.67,1,0.06,-0.07,0.13
Day-155,google/gemma-2-9b-it,ENTJ,memory,flat,456,0.92,flat,146.75,146.25900457235065,14823.14404516811,2.7483894149360775e-38,101.00949945600075,BUY,0.5,"The 20-day SMA is above the 60-day SMA, indicating an uptrend. RSI is below 50 suggesting potential for further upside.",147.93,142.59,42.1,1.0373,1314825,1.05,8.9,15.1,2.66,3.75,1,0.39,0.02,0.37
Day-156,google/gemma-2-9b-it,ENTJ,memory,flat,456,0.92,flat,146.26,145.83223432430077,14773.64939043467,1.3741947074680388e-38,101.00949945600075,BUY,0.5,The trend is up according to both the SMA20 and SMA60.  RSI is below 50 indicating potential for further upside.,148.14,142.94,43.8,0.9207,1395865,1.11,9.7,15.0,2.66,3.64,1,-0.34,0.01,-0.35
Day-157,google/gemma-2-9b-it,ENTJ,memory,flat,456,0.92,flat,140.92,140.89109064977274,14234.258663339624,6.870973537340194e-39,101.00949945600075,BUY,0.5,The 20-day SMA is above the 60-day SMA indicating an uptrend. RSI is below 50 suggesting potential for further upside.,147.72,143.15,39.7,0.3928,1446012,1.15,11.4,15.0,2.67,3.19,1,-0.0,0.04,-0.04
Day-158,google/gemma-2-9b-it,ENTJ,memory,flat,456,0.92,flat,142.93,142.7698198870276,14437.287757246188,3.435486768670097e-39,101.00949945600075,BUY,0.5,The trend is up according to both the SMA20 and SMA60.  RSI is above 40 indicating potential for further upside.,147.42,143.36,44.6,0.1357,1004801,0.81,8.2,15.0,2.66,2.84,1,-0.3,-0.04,-0.26
Day-159,google/gemma-2-9b-it,ENTJ,memory,flat,456,0.92,flat,140.95,140.50080470633077,14237.288948323305,1.7177433843350485e-39,101.00949945600075,BUY,0.5,The 20-day SMA is above the 60-day SMA indicating an uptrend. RSI is below 50 suggesting potential for further upside.,147.19,143.53,38.8,-0.2258,1283034,1.04,8.9,15.0,2.66,2.55,1,0.23,-0.0,0.23
Day-160,google/gemma-2-9b-it,ENTJ,memory,flat,456,0.92,flat,139.88,139.60737334438807,14129.208783905386,8.588716921675242e-40,101.00949945600075,BUY,0.5,"The trend is up according to both the SMA20 and SMA60, and the RSI is in oversold territory. This suggests a potential buying opportunity for a momentum play.",146.93,143.74,31.1,-0.5917,1489826,1.19,7.5,15.0,2.66,2.22,1,0.29,-0.02,0.32
Day-161,google/gemma-2-9b-it,ENTJ,memory,flat,456,0.92,flat,138.64,138.78628658786394,14003.957004579943,4.294358460837621e-40,101.00949945600075,BUY,0.5,The trend is up according to the SMA indicators and RSI is oversold.  This presents a buying opportunity to capitalize on potential momentum.,146.28,143.93,25.1,-0.9704,1300270,1.03,10.3,15.0,2.67,1.64,0,0.27,0.1,0.18
Day-162,google/gemma-2-9b-it,ENTJ,memory,flat,456,0.92,flat,136.13,135.66778881203555,13750.423160945382,2.1471792304188106e-40,101.00949945600075,BUY,0.5,"The trend is down but RSI is oversold and P/E is reasonable.  Momentum can shift quickly, and this presents a buying opportunity.",145.6,144.07,17.9,-1.4559,1026495,0.82,10.3,15.1,2.66,1.06,0,-0.34,0.03,-0.37
Day-163,google/gemma-2-9b-it,ENTJ,memory,flat,456,0.92,flat,131.07,131.24092952456166,13239.315093698018,1.0735896152094053e-40,101.00949945600075,BUY,0.5,"The RSI is oversold and the trend, while flat, is showing signs of potential upward momentum.  A buy order will capitalize on this potential.",144.77,144.07,18.3,-2.2233,1444509,1.14,11.6,15.0,2.67,0.49,0,0.29,0.15,0.14
Day-164,google/gemma-2-9b-it,ENTJ,memory,flat,456,0.92,flat,131.23,131.47719104196887,13255.476613610977,5.367948076047026e-41,101.00949945600075,BUY,0.5,"The RSI is oversold and the trend, while flat, is showing signs of potential upward momentum.  A buy order will capitalize on this potential.",144.01,143.94,19.4,-2.7869,1178003,0.94,8.2,15.0,2.67,0.05,0,0.27,0.16,0.11
Day-165,google/gemma-2-9b-it,ENTJ,memory,flat,456,0.92,flat,133.41,133.50250302949405,13475.677322425061,2.683974038023513e-41,101.00949945600075,BUY,0.5,"The trend is up according to both the SMA20 and SMA60, and the RSI is oversold. This indicates a potential buying opportunity for a momentum play.",143.26,143.84,28.3,-3.0228,1383229,1.09,7.5,15.0,2.67,-0.41,0,-0.43,0.01,-0.44
Day-166,google/gemma-2-9b-it,ENTJ,memory,flat,456,0.92,flat,136.06,135.94139038730313,13743.352495983463,1.3419870190117566e-41,101.00949945600075,BUY,0.5,"The trend is up according to both the SMA20 and SMA60, and RSI is in oversold territory. This indicates a potential buying opportunity for a momentum play.",142.48,143.74,35.2,-2.9617,1315347,1.03,7.5,15.0,2.66,-0.88,0,-0.14,-0.07,-0.07
Day-167,google/gemma-2-9b-it,ENTJ,memory,flat,456,0.92,flat,128.24,128.24215218225444,12953.458210237537,6.709935095058783e-42,101.00949945600075,BUY,0.5,"The trend is down, but RSI is oversold and the P/E ratio is reasonable. This presents a buying opportunity for a potential rebound.",141.21,143.54,29.1,-3.5038,1454160,1.14,10.6,15.0,2.67,-1.62,0,0.1,0.02,0.09
Day-168,google/gemma-2-9b-it,ENTJ,memory,flat,456,0.92,flat,127.8,127.27844248989561,12909.014030476896,3.3549675475293915e-42,101.00949945600075,BUY,0.5,"The trend is down, but RSI is oversold and the P/E is reasonable.  A bounce is likely, and I'll capitalize on the momentum.",139.81,143.26,28.7,-3.9239,1253580,0.98,13.6,15.1,2.66,-2.41,-1,0.37,0.03,0.34
Day-169,google/gemma-2-9b-it,ENTJ,memory,flat,456,0.92,flat,129.33,129.2064380615062,13063.558564644578,1.6774837737646958e-42,101.00949945600075,BUY,0.5,"The trend is down, but RSI is oversold and the P/E ratio is reasonable.  A bounce is likely, and I'll capitalize on the momentum.",138.77,142.86,24.7,-4.086,1363387,1.06,13.2,15.0,2.66,-2.86,-1,-0.01,-0.02,0.01
Day-170,google/gemma-2-9b-it,ENTJ,memory,flat,456,0.92,flat,134.35,134.58441435856568,13570.6262519137,8.387418868823479e-43,101.00949945600075,BUY,0.5,"The trend is down but RSI is oversold and volume ratio is low, suggesting potential for a bounce.  Buying half position to capitalize on a potential reversal.",138.04,142.51,34.7,-3.7658,1098039,0.86,17.0,15.0,2.67,-3.14,-1,0.7,0.2,0.49
Day-171,google/gemma-2-9b-it,ENTJ,memory,flat,456,0.92,flat,137.77,137.73771704646808,13916.078740053224,4.1937094344117394e-43,101.00949945600075,BUY,0.5,The trend is up according to the SMA20/60 and the price is above the SMA.  Momentum is positive and warrants a buy.,137.66,142.28,45.8,-3.1995,1182738,0.93,14.7,15.0,2.67,-3.25,-1,0.03,0.24,-0.21
Day-172,google/gemma-2-9b-it,ENTJ,memory,flat,456,0.92,flat,133.64,134.3842669376327,13498.909507299939,2.0968547172058697e-43,101.00949945600075,BUY,0.5,"The trend is down but RSI is oversold and P/E ratio is reasonable.  A bounce is likely, and I will capitalize on it.",137.1,141.98,38.2,-3.0486,1088403,0.85,16.2,14.9,2.68,-3.44,-1,-0.13,0.19,-0.32
Day-173,google/gemma-2-9b-it,ENTJ,memory,flat,456,0.92,flat,133.98,133.162858344212,13533.252737114979,1.0484273586029349e-43,101.00949945600075,BUY,0.5,"The trend is down but RSI is oversold and P/E is reasonable.  A bounce is likely, and I will buy into the momentum.",136.63,141.75,40.7,-2.869,1233872,0.97,15.8,15.1,2.65,-3.61,-1,-0.17,0.08,-0.25
Day-174,google/gemma-2-9b-it,ENTJ,memory,flat,456,0.92,flat,136.3,136.36663928563615,13767.594775852904,5.242136793014674e-44,101.00949945600075,BUY,0.5,"The trend is slightly down, but the SMA20 is above the current price, indicating potential for reversal.  Buying now allows for capturing upside momentum if the trend shifts.",136.28,141.61,45.4,-2.5102,1093283,0.86,11.2,15.0,2.67,-3.76,-1,0.06,0.1,-0.03
Day-175,google/gemma-2-9b-it,ENTJ,memory,flat,456,0.92,flat,134.95,134.2451389035323,13631.2319515873,2.621068396507337e-44,101.00949945600075,BUY,0.5,"The trend is up according to both the SMA20 and SMA60, indicating continued momentum.  Implied volatility is low, suggesting a stable market environment favorable for growth.",135.69,141.47,45.3,-2.3083,1235002,0.98,10.0,15.1,2.65,-4.08,-1,-0.0,-0.04,0.04
Day-176,google/gemma-2-9b-it,ENTJ,memory,flat,456,0.92,flat,128.91,128.4761712091232,13021.134574873056,1.3105341982536686e-44,101.00949945600075,BUY,0.5,"The trend is down but RSI is oversold and P/E is reasonable.  A bounce is likely, and I will capitalize on the momentum.",134.83,141.11,41.5,-2.6058,1075848,0.86,9.0,15.1,2.66,-4.45,-1,0.12,-0.02,0.15
Day-177,google/gemma-2-9b-it,ENTJ,memory,flat,456,0.92,flat,127.69,127.32157905322433,12897.902985536735,6.552670991268343e-45,101.00949945600075,BUY,0.5,The trend is down but showing signs of reversal.  A buy at this price could capitalize on a potential uptrend.,134.16,140.79,45.6,-2.9062,1293587,1.04,8.8,15.0,2.66,-4.71,-1,0.01,0.0,0.01
Day-178,google/gemma-2-9b-it,ENTJ,memory,flat,456,0.92,flat,127.34,127.34604942698378,12862.549660727136,3.2763354956341714e-45,101.00949945600075,BUY,0.5,The trend is down but the price is above the 20-day SMA. This suggests a potential reversal. Buying now allows for capitalizing on a potential upward swing.,133.38,140.47,45.0,-3.1362,1328780,1.06,7.9,15.0,2.67,-5.04,-1,-0.37,-0.04,-0.33
Day-179,google/gemma-2-9b-it,ENTJ,memory,flat,456,0.92,flat,128.09,128.47455441140784,12938.306785319137,1.6381677478170857e-45,101.00949945600075,BUY,0.5,"The trend is down but RSI is oversold and P/E is reasonable.  Momentum can shift quickly, and a buy now could capitalize on an upcoming uptrend.",132.74,140.18,42.9,-3.2215,1071556,0.86,12.0,15.0,2.67,-5.31,-1,0.5,0.05,0.45
Day-180,google/gemma-2-9b-it,ENTJ,memory,flat,456,0.92,flat,126.92,127.12581420759597,12820.125670955616,8.190838739085429e-46,101.00949945600075,BUY,0.5,The trend is down but RSI is oversold and P/E is reasonable.  This presents a buying opportunity for a potential rebound.,132.09,139.87,37.3,-3.3449,1312287,1.06,12.2,15.0,2.67,-5.56,-1,-0.53,-0.05,-0.48
Day-181,google/gemma-2-9b-it,ENTJ,memory,flat,456,0.92,flat,129.6,129.16800093520558,13090.831129497697,4.095419369542714e-46,101.00949945600075,BUY,0.5,The trend is up according to the SMA indicators and RSI is above 50.  Momentum is positive and warrants a buy.,131.64,139.71,52.2,-3.189,1075369,0.88,15.7,15.1,2.66,-5.78,-1,0.45,0.01,0.44
Day-182,google/gemma-2-9b-it,ENTJ,memory,flat,456,0.92,flat,128.2,128.36935146549166,12949.417830259295,2.047709684771357e-46,101.00949945600075,BUY,0.5,"The trend is slightly down, but the price is still above the 20-day SMA.  Momentum is still present and a buy at this level could capitalize on a potential reversal.",131.24,139.59,50.6,-3.1423,1016459,0.83,12.3,15.0,2.67,-5.98,-1,-0.19,-0.03,-0.16
Day-183,google/gemma-2-9b-it,ENTJ,memory,flat,456,0.92,flat,130.46,129.90411814334263,13177.699299029859,1.0238548423856786e-46,101.00949945600075,BUY,0.5,"The trend is up according to both the SMA20 and SMA60, indicating momentum.  The RSI is above 50, suggesting buying pressure.",131.21,139.48,51.7,-2.8897,1178323,0.97,12.9,15.1,2.66,-5.93,-1,-0.08,0.03,-0.11
Day-184,google/gemma-2-9b-it,ENTJ,memory,flat,456,0.92,flat,130.14,130.0480353657845,13145.376259203937,5.119274211928393e-47,101.00949945600075,BUY,0.5,"The trend is slightly down, but the RSI is oversold and the P/E ratio is reasonable.  Momentum can shift quickly, and I'm entering to capitalize on a potential rebound.",131.16,139.36,42.4,-2.6842,1354907,1.11,11.7,15.0,2.66,-5.88,-1,-0.08,-0.09,0.0
Day-185,google/gemma-2-9b-it,ENTJ,memory,flat,456,0.92,flat,126.04,125.43900797863743,12731.237311434335,2.5596371059641964e-47,101.00949945600075,BUY,0.5,The trend is down but RSI is oversold and price is below both SMAs. This presents a potential buying opportunity for a quick rebound.,130.79,139.12,29.4,-2.8202,1404710,1.15,14.4,15.1,2.65,-5.98,-1,-0.46,-0.07,-0.38
Day-186,google/gemma-2-9b-it,ENTJ,memory,flat,456,0.92,flat,120.7,120.90067175886374,12191.846584339291,1.2798185529820982e-47,101.00949945600075,BUY,0.5,"The trend is down but RSI is oversold, suggesting a potential bounce.  Momentum Commander strategy dictates buying on potential upturn.",130.02,138.69,28.2,-3.3207,1018597,0.84,13.2,15.0,2.67,-6.25,-1,-0.05,-0.17,0.12
Day-187,google/gemma-2-9b-it,ENTJ,memory,flat,456,0.92,flat,116.47,116.43748769121613,11764.576401640408,6.399092764910491e-48,101.00949945600075,BUY,0.5,The trend is down but RSI is oversold and P/E is reasonable. Buying now allows for potential upside if the trend reverses.,129.43,138.03,23.9,-4.0124,1096983,0.92,9.6,15.0,2.67,-6.23,-1,0.0,-0.14,0.14
Day-188,google/gemma-2-9b-it,ENTJ,memory,flat,456,0.92,flat,117.65,117.31857058503172,11883.76761099849,3.1995463824552455e-48,101.00949945600075,BUY,0.5,The trend is down but RSI is oversold and volume ratio is above 1. This suggests a potential bounce. Buying now allows for a quick profit if the trend reverses.,128.93,137.41,21.2,-4.4145,1394751,1.17,8.3,15.0,2.66,-6.17,-1,-0.19,-0.16,-0.03
Day-189,google/gemma-2-9b-it,ENTJ,memory,flat,456,0.92,flat,116.92,117.44034267770954,11810.030676395609,1.5997731912276228e-48,101.00949945600075,BUY,0.5,"The trend is down, but the RSI is oversold and the P/E ratio is reasonable. This presents a buying opportunity for a potential rebound.",128.31,136.84,21.6,-4.7373,1184258,1.0,11.0,14.9,2.68,-6.23,-1,-0.45,-0.23,-0.22
Day-190,google/gemma-2-9b-it,ENTJ,memory,flat,456,0.92,flat,115.15,115.05609609297487,11631.243862358488,7.998865956138114e-49,101.00949945600075,BUY,0.5,"The trend is down but RSI is oversold and P/E is reasonable.  A bounce is likely, and I will capitalize on it.",127.35,136.24,25.0,-5.0772,1170616,0.98,12.3,15.0,2.66,-6.53,-1,0.21,-0.1,0.3
Day-191,google/gemma-2-9b-it,ENTJ,memory,flat,456,0.92,flat,116.44,116.43650217521306,11761.546116656727,3.999432978069057e-49,101.00949945600075,BUY,0.5,The trend is down but RSI is oversold and price is below both SMAs. This presents a potential buying opportunity for a bounce.,126.28,135.53,29.6,-5.1829,1442952,1.2,10.5,15.0,2.67,-6.83,-1,0.02,-0.08,0.1
Day-192,google/gemma-2-9b-it,ENTJ,memory,flat,456,0.92,flat,114.25,114.03393203155491,11540.335312848087,1.9997164890345285e-49,101.00949945600075,BUY,0.5,The trend is down but RSI is oversold and price is below SMA20. This presents a potential buying opportunity for a quick rebound.,125.31,134.82,27.7,-5.3812,1437966,1.18,9.1,15.0,2.66,-7.06,-1,0.35,-0.01,0.37
Day-193,google/gemma-2-9b-it,ENTJ,memory,flat,456,0.92,flat,110.43,110.0028266492836,11154.479024926164,9.998582445172642e-50,101.00949945600075,BUY,0.5,"The trend is down but RSI is oversold and P/E is reasonable.  Momentum can shift quickly, and this presents a buying opportunity.",124.13,134.08,22.8,-5.7799,1212191,0.99,7.9,15.1,2.66,-7.42,-1,-0.18,-0.01,-0.17
Day-194,google/gemma-2-9b-it,ENTJ,memory,flat,456,0.92,flat,110.07,110.2773564097046,11118.115605122002,4.999291222586321e-50,101.00949945600075,BUY,0.5,The trend is down but RSI is oversold and price is below both SMAs. This presents a potential buying opportunity for a quick rebound.,122.82,133.35,23.4,-6.0551,1386866,1.12,11.8,15.0,2.67,-7.9,-1,0.12,0.1,0.02
Day-195,google/gemma-2-9b-it,ENTJ,memory,flat,456,0.92,flat,112.62,112.74683871283355,11375.689828734805,2.4996456112931606e-50,101.00949945600075,BUY,0.5,"The trend is down but RSI is oversold and P/E is reasonable.  A bounce is likely, allowing for a quick profit.",121.7,132.63,23.1,-5.9985,1038058,0.85,12.8,15.0,2.67,-8.24,-1,0.3,0.12,0.18
Day-196,google/gemma-2-9b-it,ENTJ,memory,flat,456,0.92,flat,115.05,114.333641304902,11621.142912412886,1.2498228056465803e-50,101.00949945600075,BUY,0.5,"The trend is down but RSI is oversold and P/E is reasonable.  Momentum could reverse soon, offering a buying opportunity.",121.01,131.9,29.8,-5.6917,1180825,0.96,12.4,15.1,2.65,-8.26,-1,0.52,0.22,0.3
Day-197,google/gemma-2-9b-it,ENTJ,memory,flat,456,0.92,flat,112.17,112.45491265680015,11330.235553979604,6.249114028232901e-51,101.00949945600075,BUY,0.5,"The trend is down but RSI is oversold and P/E is reasonable.  A bounce is likely, and I will capitalize on the momentum.",120.24,131.07,22.4,-5.6165,1130024,0.92,16.3,15.0,2.67,-8.27,-1,0.03,0.16,-0.13
Day-198,google/gemma-2-9b-it,ENTJ,memory,flat,456,0.92,flat,108.52,108.64429656553736,10961.550880965202,3.124557014116451e-51,101.00949945600075,BUY,0.5,"The trend is down but RSI is oversold and P/E is reasonable.  A bounce is likely, and I will capitalize on the momentum.",119.29,130.13,20.4,-5.7848,1427527,1.16,23.0,15.0,2.67,-8.32,-1,-0.22,0.15,-0.37
Day-199,google/gemma-2-9b-it,ENTJ,memory,flat,456,0.92,flat,109.33,108.54247218464397,11043.368575524562,1.5622785070582254e-51,101.00949945600075,BUY,0.5,"The trend is down, but RSI is oversold and the P/E ratio is reasonable.  A bounce is likely, and I'll capitalize on the momentum.",118.36,129.31,24.9,-5.7861,1170468,0.95,18.2,15.1,2.65,-8.47,-1,0.32,0.19,0.12
Day-200,google/gemma-2-9b-it,ENTJ,memory,flat,456,0.92,flat,111.41,111.82450475615282,11253.468334393043,7.811392535291127e-52,101.00949945600075,BUY,0.5,The trend is down but RSI is oversold and P/E is attractive. Buying now allows for potential upside if the trend reverses.,117.58,128.56,34.5,-5.5553,1471686,1.19,16.8,14.9,2.68,-8.54,-1,-0.0,0.13,-0.13
Day-201,google/gemma-2-9b-it,ENTJ,memory,flat,456,0.92,flat,114.62,114.09367768490597,11577.708827646808,3.9056962676455634e-52,101.00949945600075,BUY,0.5,"The trend is down but the RSI is above 40 indicating potential for a bounce.  Momentum Commander mandates buying on uptrends, so I will buy half my available capital.",116.83,127.95,46.8,-5.0553,1491002,1.18,14.8,15.1,2.65,-8.69,-1,0.53,0.13,0.4
Day-202,google/gemma-2-9b-it,ENTJ,memory,flat,456,0.92,flat,115.33,115.2958361395025,11649.425572260567,1.9528481338227817e-52,101.00949945600075,BUY,0.5,"The trend is slightly down but the SMA20/60 is still positive.  Implied volatility is low, suggesting a potential breakout opportunity.",116.19,127.35,45.9,-4.5492,1480712,1.15,10.4,15.0,2.67,-8.77,-1,-0.03,0.12,-0.15
Day-203,google/gemma-2-9b-it,ENTJ,memory,flat,456,0.92,flat,112.97,113.28185515975355,11411.043153544406,9.764240669113908e-53,101.00949945600075,BUY,0.5,The trend is down but the RSI is oversold and the P/E ratio is attractive. This presents a buying opportunity for a potential rebound.,115.31,126.75,43.4,-4.289,1136356,0.89,9.6,15.0,2.67,-9.02,-1,0.03,0.17,-0.14
Day-204,google/gemma-2-9b-it,ENTJ,memory,flat,456,0.92,flat,110.69,110.70150393528897,11180.741494784723,4.882120334556954e-53,101.00949945600075,BUY,0.5,"The trend is down but RSI is oversold and volume ratio is above 0.8.  A bounce is likely, and I will buy into the potential uptrend.",114.34,126.1,42.7,-4.2179,1070600,0.84,8.9,15.0,2.67,-9.32,-1,0.48,0.2,0.28
Day-205,google/gemma-2-9b-it,ENTJ,memory,flat,456,0.92,flat,112.28,112.2706246514172,11341.346598919765,2.441060167278477e-53,101.00949945600075,BUY,0.5,The trend is slightly down but the SMA20/60 is still positive.  Momentum is still present and a buy at this price could capitalize on a rebound.,113.65,125.41,43.3,-3.9871,1348898,1.07,10.4,15.0,2.67,-9.37,-1,-0.34,0.13,-0.47
Day-206,google/gemma-2-9b-it,ENTJ,memory,flat,456,0.92,flat,109.04,109.11890992823876,11014.075820682323,1.2205300836392386e-53,101.00949945600075,BUY,0.5,"The trend is down, but the RSI is oversold and the P/E ratio is reasonable. A bounce is likely, and I'll capitalize on it.",113.07,124.66,41.9,-4.0195,1177675,0.93,7.5,15.0,2.67,-9.3,-1,0.16,0.06,0.1
Day-207,google/gemma-2-9b-it,ENTJ,memory,flat,456,0.92,flat,113.25,113.52889315942807,11439.325813392084,6.102650418196193e-54,101.00949945600075,BUY,0.5,The trend is up according to the SMA crossover and the price is above the 20-day SMA.  Momentum is positive and warrants a purchase.,112.91,124.11,54.4,-3.6632,1038148,0.82,8.3,15.0,2.67,-9.02,-1,-0.52,-0.04,-0.49
Day-208,google/gemma-2-9b-it,ENTJ,memory,flat,456,0.92,flat,115.94,115.66273920487995,11711.041366928726,3.0513252090980964e-54,101.00949945600075,BUY,0.5,The trend is up based on the SMA crossover and RSI is above 50.  Momentum is strong and warrants a purchase.,112.82,123.57,58.5,-3.1281,1325723,1.05,9.7,15.0,2.66,-8.7,-1,0.11,-0.02,0.13
Day-209,google/gemma-2-9b-it,ENTJ,memory,flat,456,0.92,flat,113.56,113.6100101589765,11470.638758223446,1.5256626045490482e-54,101.00949945600075,BUY,0.5,"The trend is up according to both the SMA20 and SMA60, indicating momentum.  The RSI is above 50, suggesting upward pressure.",112.66,123.02,51.4,-2.8629,1147824,0.91,8.5,15.0,2.67,-8.43,-1,0.45,-0.03,0.48
Day-210,google/gemma-2-9b-it,ENTJ,memory,flat,456,0.92,flat,113.59,113.39686075360633,11473.669043207126,7.628313022745241e-55,101.00949945600075,BUY,0.5,The trend is up according to the SMA crossover and the price is above the 20-day SMA.  Momentum is positive and warrants a buy.,112.58,122.49,47.7,-2.6202,1303800,1.03,8.9,15.0,2.66,-8.1,-1,0.34,0.11,0.23
Day-211,google/gemma-2-9b-it,ENTJ,memory,flat,456,0.92,flat,109.76,109.87368971082523,11086.802660290643,3.8141565113726205e-55,101.00949945600075,BUY,0.5,"The trend is down but the price is near the 20-day SMA, indicating a potential reversal. Buying now allows for capturing upside momentum if the trend shifts.",112.24,121.92,46.4,-2.7057,1335764,1.06,10.6,15.0,2.67,-7.93,-1,-0.15,0.04,-0.2
Day-212,google/gemma-2-9b-it,ENTJ,memory,flat,456,0.92,flat,109.7,109.1885015358222,11080.742090323283,1.9070782556863103e-55,101.00949945600075,BUY,0.5,"The trend is slightly down, but the price is above the 20-day SMA and RSI is above 50. Momentum is still present and warrants a buy.",112.02,121.39,52.0,-2.7464,1110941,0.89,11.7,15.1,2.65,-7.72,-1,0.11,0.17,-0.06
Day-213,google/gemma-2-9b-it,ENTJ,memory,flat,456,0.92,flat,111.87,111.99493871467092,11299.932704142804,9.535391278431551e-56,101.00949945600075,BUY,0.5,The trend is slightly down but the price is above the 20-day SMA.  Momentum is still positive and a buy at this level could capitalize on a rebound.,112.09,121.0,54.1,-2.5741,1052082,0.85,9.5,15.0,2.67,-7.37,-1,-0.04,0.14,-0.18
Day-214,google/gemma-2-9b-it,ENTJ,memory,flat,456,0.92,flat,116.29,116.24339652370182,11746.39469173833,4.767695639215776e-56,101.00949945600075,BUY,0.5,The trend is up according to the SMA indicators and RSI is above 50.  Momentum is positive and warrants a buy.,112.4,120.71,57.4,-2.0569,1097383,0.89,9.5,15.0,2.67,-6.88,-1,0.04,0.06,-0.02
Day-215,google/gemma-2-9b-it,ENTJ,memory,flat,456,0.92,flat,117.64,117.88669345100018,11882.757516003929,2.383847819607888e-56,101.00949945600075,BUY,0.5,The trend is up based on the SMA20/60 crossover and the price is above the 20-day SMA.  Momentum is positive and warrants a buy position.,112.65,120.39,54.8,-1.5208,1043290,0.85,7.5,15.0,2.67,-6.43,-1,-0.07,-0.02,-0.05
Day-216,google/gemma-2-9b-it,ENTJ,memory,flat,456,0.92,flat,113.03,112.47485164452355,11417.103723511766,1.191923909803944e-56,101.00949945600075,BUY,0.5,"The trend is up based on the SMA20/60 crossover.  Implied volatility is moderate, suggesting potential for significant price movement.",112.55,119.93,46.7,-1.4507,1382356,1.12,11.2,15.1,2.65,-6.15,-1,-0.07,-0.0,-0.06
Day-217,google/gemma-2-9b-it,ENTJ,memory,flat,456,0.92,flat,114.14,113.60699896355489,11529.224267907926,5.95961954901972e-57,101.00949945600075,BUY,0.5,"The trend is up, indicated by the positive SMA20/60 crossover.  Implied volatility is moderate, suggesting potential for significant price swings and profit.",112.65,119.65,51.7,-1.2907,1459047,1.16,9.9,15.1,2.65,-5.85,-1,-0.26,-0.08,-0.18
Day-218,google/gemma-2-9b-it,ENTJ,memory,flat,456,0.92,flat,115.09,114.76503306514623,11625.183292391128,2.97980977450986e-57,101.00949945600075,BUY,0.5,"The trend is up, indicated by the positive SMA crossover and rising price.  Implied volatility is moderate, suggesting potential for significant price swings and profit.",112.98,119.39,56.7,-1.0754,1197091,0.96,7.5,15.0,2.66,-5.38,-1,-0.11,-0.09,-0.02
Day-219,google/gemma-2-9b-it,ENTJ,memory,flat,456,0.92,flat,113.98,113.83625177805456,11513.062747994967,1.48990488725493e-57,101.00949945600075,BUY,0.5,"The trend is up according to the SMA indicators and RSI is above 50.  Implied volatility is moderate, indicating potential for significant price swings.",113.21,119.09,52.6,-0.9832,1183348,0.95,7.5,15.0,2.66,-4.94,-1,-0.45,-0.19,-0.26
Day-220,google/gemma-2-9b-it,ENTJ,memory,flat,456,0.92,flat,116.01,115.95911493432199,11718.112031890649,7.44952443627465e-58,101.00949945600075,BUY,0.5,"The trend is up, supported by the positive SMA crossover and rising price.  Implied volatility is moderate, indicating potential for significant price swings which we can capitalize on.",113.44,118.72,61.3,-0.7377,1148731,0.94,9.9,15.0,2.67,-4.45,-1,-0.04,-0.19,0.15
Day-221,google/gemma-2-9b-it,ENTJ,memory,flat,456,0.92,flat,112.99,113.28874317820154,11413.063343533524,3.724762218137325e-58,101.00949945600075,BUY,0.5,"The trend is slightly down, but the SMA20/60 crossover is positive.  Momentum is still present and a buy at this price could capitalize on a potential rebound.",113.36,118.22,49.6,-0.7777,1005948,0.84,10.0,15.0,2.67,-4.12,-1,-0.43,-0.26,-0.17
Day-222,google/gemma-2-9b-it,ENTJ,memory,flat,456,0.92,flat,114.78,114.84533516997122,11593.870347559767,1.8623811090686624e-58,101.00949945600075,BUY,0.5,The trend is up based on the SMA crossover and the price is above the 20-day SMA.  Momentum is positive and warrants a buy.,113.33,117.85,48.0,-0.6573,1079904,0.91,9.5,15.0,2.67,-3.83,-1,-0.63,-0.33,-0.3
Day-223,google/gemma-2-9b-it,ENTJ,memory,flat,456,0.92,flat,114.61,114.61162663286247,11576.698732652247,9.311905545343312e-59,101.00949945600075,BUY,0.5,"The trend is up according to both the SMA20 and SMA60, indicating positive momentum.  RSI is above 50, suggesting buying pressure.",113.41,117.46,52.0,-0.5689,1377618,1.15,9.4,15.0,2.67,-3.45,-1,-0.16,-0.34,0.18
Day-224,google/gemma-2-9b-it,ENTJ,memory,flat,456,0.92,flat,116.01,115.82700237185952,11718.112031890649,4.655952772671656e-59,101.00949945600075,BUY,0.5,The trend is up based on the SMA crossover and the price is above the 20-day SMA.  Momentum is positive and warrants a buy.,113.68,117.05,54.3,-0.3812,1208939,1.01,8.5,15.0,2.66,-2.88,-1,-0.03,-0.26,0.23
Day-225,google/gemma-2-9b-it,ENTJ,memory,flat,456,0.92,flat,121.08,121.4152878951405,12230.230194132571,2.327976386335828e-59,101.00949945600075,BUY,0.5,The trend is up based on the SMA20/60 crossover and RSI is above 60.  Momentum is strong and warrants a buy position.,114.12,116.78,69.4,0.1742,1413833,1.17,12.4,15.0,2.67,-2.28,-1,-0.08,-0.27,0.18
Day-226,google/gemma-2-9b-it,ENTJ,memory,flat,456,0.92,flat,122.39,122.29434116320463,12362.552638419933,1.163988193167914e-59,101.00949945600075,BUY,0.5,"The trend is up, supported by the SMA20/60 and RSI.  Implied volatility is moderate, indicating potential for significant price swings, which aligns with the momentum strategy.",114.79,116.65,70.8,0.7116,1151028,0.96,14.2,15.0,2.66,-1.6,0,-0.71,-0.33,-0.39
Day-227,google/gemma-2-9b-it,ENTJ,memory,flat,456,0.92,flat,121.64,121.17363415211533,12286.795513827932,5.81994096583957e-60,101.00949945600075,BUY,0.5,"The trend is positive with both SMA indicators showing upward movement.  RSI is above 60 indicating strong momentum, justifying a buy.",115.2,116.52,66.8,1.0652,1033662,0.86,14.3,15.1,2.66,-1.13,0,0.5,-0.1,0.6
Day-228,google/gemma-2-9b-it,ENTJ,memory,flat,456,0.92,flat,119.07,119.00350232130879,12027.20110022601,2.909970482919785e-60,101.00949945600075,BUY,0.5,"The trend is slightly positive, and the RSI is above 50 indicating upward momentum.  Implied volatility is moderate, suggesting potential for significant price swings.",115.36,116.36,55.1,1.1246,1396074,1.16,10.9,15.0,2.67,-0.86,0,-0.36,-0.14,-0.22
Day-229,google/gemma-2-9b-it,ENTJ,memory,flat,456,0.92,flat,119.22,118.38814043053753,12042.35252514441,1.4549852414598925e-60,101.00949945600075,BUY,0.5,"The trend is slightly positive, and the RSI is above 50.  Momentum is present, indicating potential for further growth.",115.64,116.18,53.0,1.1709,1027028,0.86,13.4,15.1,2.65,-0.46,0,0.05,-0.12,0.17
Day-230,google/gemma-2-9b-it,ENTJ,memory,flat,456,0.92,flat,118.67,118.46905712510053,11986.79730044361,7.274926207299462e-61,101.00949945600075,BUY,0.5,"The trend is slightly up, and the RSI is above 60 indicating upward momentum.  Implied volatility is moderate, suggesting potential for significant price swings.",115.9,116.02,62.8,1.1497,1335221,1.11,10.6,15.0,2.66,-0.1,0,0.35,-0.03,0.39
Day-231,google/gemma-2-9b-it,ENTJ,memory,flat,456,0.92,flat,116.83,117.19246573438753,11800.939821444568,3.637463103649731e-61,101.00949945600075,BUY,0.5,The trend is up according to both the SMA20 and SMA60.  RSI is above 50 indicating upward momentum.,116.25,115.76,55.9,0.9734,1363283,1.13,16.0,15.0,2.67,0.42,0,0.27,0.16,0.1
Day-232,google/gemma-2-9b-it,ENTJ,memory,flat,456,0.92,flat,121.91,121.86159752527068,12314.068078681052,1.8187315518248656e-61,101.00949945600075,BUY,0.5,"The trend is up, indicated by the positive SMA20/60 crossover. RSI is above 60, suggesting bullish momentum.",116.86,115.64,62.7,1.2289,1263690,1.04,16.6,15.0,2.67,1.06,0,-0.04,0.05,-0.09
Day-233,google/gemma-2-9b-it,ENTJ,memory,flat,456,0.92,flat,122.85,123.30850581122283,12409.017008169692,9.093657759124328e-62,101.00949945600075,BUY,0.5,"The trend is up, supported by the SMA20/60 crossover and positive RSI.  Implied volatility suggests potential for significant price movement, aligning with the momentum strategy.",117.41,115.48,66.6,1.4904,1070646,0.88,19.9,14.9,2.68,1.67,0,0.76,0.28,0.48
Day-234,google/gemma-2-9b-it,ENTJ,memory,flat,456,0.92,flat,122.4,122.37191444863475,12363.562733414492,4.546828879562164e-62,101.00949945600075,BUY,0.5,"The trend is up, supported by the SMA20/60 crossover and positive RSI.  Momentum is strong and warrants a purchase to capitalize on potential growth.",117.72,115.33,62.7,1.6421,1040456,0.86,17.5,15.0,2.67,2.07,1,-0.27,0.21,-0.48
Day-235,google/gemma-2-9b-it,ENTJ,memory,flat,456,0.92,flat,125.78,125.91326593838663,12704.974841575775,2.273414439781082e-62,101.00949945600075,BUY,0.5,"The trend is up, supported by the SMA20/60 and the positive volume ratio.  RSI is high but not overbought, indicating potential for continued upward momentum.",118.12,115.32,75.1,2.0117,1440059,1.17,13.4,15.0,2.67,2.43,1,-0.19,0.1,-0.3
Day-236,google/gemma-2-9b-it,ENTJ,memory,flat,456,0.92,flat,121.67,121.82767456598933,12289.825798811611,1.136707219890541e-62,101.00949945600075,BUY,0.5,"The trend is up, supported by the SMA20/60 crossover and positive RSI.  Momentum is strong and warrants a purchase to capitalize on potential growth.",118.56,115.34,62.4,1.9513,1021102,0.84,12.7,15.0,2.67,2.79,1,-0.2,0.01,-0.21
Day-237,google/gemma-2-9b-it,ENTJ,memory,flat,456,0.92,flat,125.02,125.12697141084655,12628.207621989213,5.683536099452705e-63,101.00949945600075,BUY,0.5,The trend is up according to both the SMA20 and SMA60. RSI is above 60 indicating strong momentum.,119.1,115.51,66.8,2.1484,1023491,0.86,9.1,15.0,2.67,3.1,1,0.66,0.15,0.51
Day-238,google/gemma-2-9b-it,ENTJ,memory,flat,456,0.92,flat,129.15,128.3627619928215,13045.376854742497,2.8417680497263525e-63,101.00949945600075,BUY,0.5,The trend is up according to both the SMA20 and SMA60. RSI is above 60 indicating strong momentum.,119.8,115.74,69.5,2.6078,1080272,0.91,10.2,15.1,2.65,3.51,1,-0.29,-0.06,-0.23
Day-239,google/gemma-2-9b-it,ENTJ,memory,flat,456,0.92,flat,134.4,133.7857879997444,13575.676726886502,1.4208840248631762e-63,101.00949945600075,BUY,0.5,"The trend is up based on the SMA20/60 crossover and RSI is above 60.  Momentum is strong, indicating potential for further growth.",120.82,116.09,69.7,3.3568,1025967,0.87,10.4,15.1,2.65,4.07,1,0.33,0.06,0.27
Day-240,google/gemma-2-9b-it,ENTJ,memory,flat,456,0.92,flat,134.03,134.3459933518343,13538.303212087782,7.104420124315881e-64,101.00949945600075,BUY,0.5,"The trend is up according to both the SMA20 and SMA60, and RSI is above 60 indicating upward momentum.  Implied volatility is moderate, suggesting potential for significant price swings.",121.73,116.47,67.7,3.8763,1316574,1.11,9.8,15.0,2.67,4.51,1,-0.14,0.07,-0.21
Day-241,google/gemma-2-9b-it,ENTJ,memory,flat,456,0.92,flat,137.56,137.45071581833176,13894.866745167465,3.5522100621579406e-64,101.00949945600075,BUY,0.5,"The trend is up according to both the SMA20 and SMA60. RSI is high but not overbought, indicating potential for continued momentum.",122.95,116.89,72.3,4.5201,1044027,0.88,8.6,15.0,2.66,5.18,1,-0.97,-0.08,-0.89
Day-242,google/gemma-2-9b-it,ENTJ,memory,flat,456,0.92,flat,139.08,138.79497093330886,14048.401184340586,1.7761050310789703e-64,101.00949945600075,BUY,0.5,"The trend is up according to both the SMA20 and SMA60, and the RSI is high, indicating strong momentum.  I will buy half my available capital to capitalize on this upward trend.",124.17,117.39,78.9,5.0944,1483281,1.23,14.8,15.0,2.66,5.77,1,-0.05,-0.22,0.18
Day-243,google/gemma-2-9b-it,ENTJ,memory,flat,456,0.92,flat,140.46,140.5684875568202,14187.794293589866,8.880525155394851e-65,101.00949945600075,BUY,0.5,"The trend is up, supported by the SMA20/60 crossover and positive RSI. Implied volatility suggests potential for significant price movement, aligning with the momentum strategy.",125.46,117.99,79.6,5.5962,1484257,1.23,16.4,15.0,2.67,6.33,1,0.02,-0.16,0.18
Day-244,google/gemma-2-9b-it,ENTJ,memory,flat,456,0.92,flat,137.86,137.83321959487233,13925.169595004265,4.440262577697426e-65,101.00949945600075,BUY,0.5,"The trend is up based on the SMA indicators and RSI is high, indicating strong momentum.  Buying into this trend will allow for potential growth.",126.55,118.55,75.3,5.7186,1278754,1.05,18.0,15.0,2.67,6.75,1,0.27,-0.17,0.44
Day-245,google/gemma-2-9b-it,ENTJ,memory,flat,456,0.92,flat,141.57,142.08803866329984,14299.914837986025,2.220131288848713e-65,101.00949945600075,BUY,0.5,"The trend is up, supported by the SMA20/60 crossover and positive RSI.  Implied volatility suggests potential for significant price movement, aligning with the momentum strategy.",127.58,119.13,81.1,6.0451,1324596,1.09,15.3,14.9,2.68,7.1,1,0.08,-0.13,0.21
Day-246,google/gemma-2-9b-it,ENTJ,memory,flat,456,0.92,flat,142.27,143.10361541048246,14370.621487605229,1.1100656444243564e-65,101.00949945600075,BUY,0.5,"The trend is up according to both the SMA20 and SMA60. RSI is high, indicating strong momentum, justifying a buy.",128.57,119.67,78.8,6.2877,1118335,0.93,12.9,14.9,2.68,7.44,1,0.14,0.09,0.05
Day-247,google/gemma-2-9b-it,ENTJ,memory,flat,456,0.92,flat,138.95,139.58817477187637,14035.269949411304,5.550328222121782e-66,101.00949945600075,BUY,0.5,"The trend is up, supported by the SMA20/60 and RSI.  Implied volatility is moderate, indicating potential for significant price movement.",129.44,120.21,71.3,6.1419,1351403,1.1,11.4,14.9,2.68,7.68,1,0.01,0.1,-0.09
Day-248,google/gemma-2-9b-it,ENTJ,memory,flat,456,0.92,flat,140.0,139.33924893012951,14141.329923840105,2.775164111060891e-66,101.00949945600075,BUY,0.5,"The trend is up according to both the SMA20 and SMA60, and the RSI is high, indicating strong momentum.  I will buy half my available capital to capitalize on this upward trend.",130.48,120.83,72.9,6.0408,1030950,0.85,8.1,15.1,2.65,7.98,1,-0.58,-0.02,-0.57
Day-249,google/gemma-2-9b-it,ENTJ,memory,flat,456,0.92,flat,134.44,134.22077535240643,13579.71710686474,1.3875820555304455e-66,101.00949945600075,BUY,0.5,"The trend is up, supported by the SMA20/60 crossover and positive RSI. Implied volatility suggests potential for significant price movement, aligning with the mandate to chase big wins.",131.24,121.34,60.7,5.4493,1135757,0.94,8.1,15.0,2.66,8.16,1,0.02,-0.07,0.09
Day-250,google/gemma-2-9b-it,ENTJ,memory,flat,456,0.92,flat,129.79,129.62750734745896,13110.022934394337,6.937910277652228e-67,101.00949945600075,BUY,0.5,The trend is up based on the SMA20/60 crossover and the price is above both.  Momentum is strong and warrants a buy.,131.8,121.7,59.9,4.5528,1460341,1.2,7.5,15.0,2.66,8.29,1,-0.73,-0.23,-0.51
Day-251,google/gemma-2-9b-it,ENTJ,memory,flat,456,0.92,flat,126.96,127.2303945238604,12824.166050933854,3.468955138826114e-67,101.00949945600075,BUY,0.5,"The 20-day SMA is above the 60-day SMA, indicating an uptrend.  RSI is above 50, suggesting positive momentum.",132.31,121.95,52.4,3.5727,1062031,0.88,9.3,15.0,2.67,8.49,1,-0.01,-0.26,0.25
Day-252,google/gemma-2-9b-it,ENTJ,memory,flat,456,0.92,flat,129.01,129.12686480085586,13031.235524818656,1.734477569413057e-67,101.00949945600075,BUY,0.5,The trend is up according to both the SMA20 and SMA60.  RSI is above 50 indicating upward momentum.,132.66,122.23,49.8,2.9282,1297775,1.08,10.8,15.0,2.67,8.54,1,-0.34,-0.33,-0.01
Day-253,google/gemma-2-9b-it,ENTJ,memory,flat,456,0.92,flat,132.59,132.56209799185567,13392.84953287114,8.672387847065285e-68,101.00949945600075,BUY,0.5,The trend is up according to both the SMA20 and SMA60.  RSI is above 40 indicating potential for further upside.,133.15,122.62,47.5,2.6754,1022281,0.85,8.1,15.0,2.67,8.59,1,0.27,-0.16,0.43
Day-254,google/gemma-2-9b-it,ENTJ,memory,flat,456,0.92,flat,130.27,130.3140566405587,13158.507494133219,4.336193923532642e-68,101.00949945600075,BUY,0.5,"The 20-day SMA is above the 60-day SMA, indicating an uptrend.  RSI is above 40, suggesting buying pressure.",133.54,123.01,45.1,2.2612,1150925,0.95,7.5,15.0,2.67,8.56,1,0.26,-0.11,0.37
Day-255,google/gemma-2-9b-it,ENTJ,memory,flat,456,0.92,flat,129.54,129.41301995903592,13084.770559530336,2.168096961766321e-68,101.00949945600075,BUY,0.5,The 20-day SMA is above the 60-day SMA indicating an uptrend. RSI is below 50 suggesting potential for further upside.,133.73,123.35,38.9,1.8533,1197994,1.0,7.5,15.0,2.66,8.41,1,0.23,0.08,0.15
Day-256,google/gemma-2-9b-it,ENTJ,memory,flat,456,0.92,flat,129.61,129.94894468478427,13091.841224492258,1.0840484808831606e-68,101.00949945600075,BUY,0.5,"The trend is up according to both the SMA20 and SMA60, indicating momentum. The RSI is below 50, suggesting potential for further upside.",134.13,123.77,36.3,1.5184,1156830,0.96,10.7,15.0,2.67,8.37,1,0.07,0.1,-0.03
Day-257,google/gemma-2-9b-it,ENTJ,memory,flat,456,0.92,flat,130.16,129.81541831736422,13147.396449193058,5.420242404415803e-69,101.00949945600075,BUY,0.5,"The trend is up according to the SMA20/60, and RSI is oversold. This indicates a potential buying opportunity to capitalize on the upward momentum.",134.38,124.1,34.7,1.2822,1384981,1.13,9.8,15.0,2.66,8.28,1,-0.04,0.16,-0.2
Day-258,google/gemma-2-9b-it,ENTJ,memory,flat,456,0.92,flat,130.28,130.3648291611624,13159.517589127778,2.7101212022079014e-69,101.00949945600075,BUY,0.5,"The trend is up according to both the SMA20 and SMA60, indicating upward momentum. The RSI is below 50, suggesting potential for further upside.",134.44,124.39,37.9,1.0921,1162571,0.95,8.3,15.0,2.67,8.08,1,0.15,0.14,0.02
Day-259,google/gemma-2-9b-it,ENTJ,memory,flat,456,0.92,flat,127.66,127.27317825047896,12894.872700553056,1.3550606011039507e-69,101.00949945600075,BUY,0.5,"The trend is up according to both the SMA20 and SMA60, and the RSI is in oversold territory. This indicates a potential buying opportunity for a momentum play.",134.1,124.67,26.9,0.7217,1479123,1.19,7.7,15.0,2.66,7.56,1,0.31,0.15,0.17
Day-260,google/gemma-2-9b-it,ENTJ,memory,flat,456,0.92,flat,128.04,128.71364600572593,12933.256310346336,6.775303005519754e-70,101.00949945600075,BUY,0.5,"The trend is down but RSI is oversold and P/E is reasonable.  A bounce is likely, and I will capitalize on it.",133.8,124.96,26.1,0.4532,1036615,0.84,8.8,14.9,2.68,7.08,1,-0.57,-0.02,-0.56
Day-261,google/gemma-2-9b-it,ENTJ,memory,flat,456,0.92,flat,128.91,128.21606498781378,13021.134574873056,3.387651502759877e-70,101.00949945600075,BUY,0.5,"The trend is up according to both the SMA20 and SMA60, and the RSI is in oversold territory. This suggests a potential buying opportunity for a momentum play.",133.37,125.35,31.7,0.3076,1109654,0.9,11.1,15.1,2.65,6.4,1,0.1,-0.01,0.11
Day-262,google/gemma-2-9b-it,ENTJ,memory,flat,456,0.92,flat,126.52,127.08941981420152,12779.721871173215,1.6938257513799384e-70,101.00949945600075,BUY,0.5,The trend is up based on the SMA20/60 crossover and RSI is oversold.  Momentum is positive and warrants a buy.,132.74,125.68,26.5,-0.0007,1434787,1.16,9.9,14.9,2.68,5.62,1,-0.1,-0.02,-0.08
Day-263,google/gemma-2-9b-it,ENTJ,memory,flat,456,0.92,flat,128.97,128.74494859632887,13027.195144840418,8.469128756899692e-71,101.00949945600075,BUY,0.5,The trend is up according to both the SMA20 and SMA60. RSI is below 50 indicating potential for further upside.,132.17,126.02,39.3,-0.0466,1298450,1.06,7.8,15.0,2.66,4.88,1,0.03,-0.05,0.08
Day-264,google/gemma-2-9b-it,ENTJ,memory,flat,456,0.92,flat,129.14,129.45183068264737,13044.366759747936,4.234564378449846e-71,101.00949945600075,BUY,0.5,"The trend is up according to both the SMA20 and SMA60.  Implied volatility is moderate, suggesting potential for significant price movement.",131.73,126.28,48.5,-0.0691,1217660,1.0,7.6,15.0,2.67,4.32,1,-0.28,-0.17,-0.11
Day-265,google/gemma-2-9b-it,ENTJ,memory,flat,456,0.92,flat,130.52,130.68725407924867,13183.75986899722,2.117282189224923e-71,101.00949945600075,BUY,0.5,The trend is up according to both the SMA20 and SMA60.  RSI is above 50 indicating upward momentum.,131.18,126.54,59.0,0.0243,1254546,1.03,13.8,15.0,2.67,3.67,1,0.42,0.03,0.39
Day-266,google/gemma-2-9b-it,ENTJ,memory,flat,456,0.92,flat,129.19,130.25262149267937,13049.417234720737,1.0586410946124615e-71,101.00949945600075,BUY,0.5,"The trend is up according to both the SMA20 and SMA60.  Implied volatility is low, indicating a potential for continued momentum.",130.53,126.86,50.5,-0.0089,1486015,1.2,11.8,14.9,2.69,2.89,1,0.02,0.02,-0.0
Day-267,google/gemma-2-9b-it,ENTJ,memory,flat,456,0.92,flat,134.74,134.1991306354275,13610.019956701542,5.293205473062308e-72,101.00949945600075,BUY,0.5,"The trend is up, supported by the SMA20/60 crossover and positive RSI.  Implied volatility suggests potential for significant price movement.",130.32,127.27,55.1,0.4078,1021004,0.84,16.6,15.1,2.66,2.39,1,0.32,0.1,0.22
Day-268,google/gemma-2-9b-it,ENTJ,memory,flat,456,0.92,flat,133.53,133.3603070750387,13487.79846235978,2.646602736531154e-72,101.00949945600075,BUY,0.5,The trend is up according to the SMA20/60 and RSI is above 50.  Momentum is positive and warrants a buy.,129.99,127.64,58.3,0.6338,1053448,0.86,12.2,15.0,2.66,1.84,0,-0.53,-0.01,-0.52
Day-269,google/gemma-2-9b-it,ENTJ,memory,flat,456,0.92,flat,136.67,137.13191243256873,13804.968290651621,1.323301368265577e-72,101.00949945600075,BUY,0.5,"The trend is up, supported by the positive SMA crossover and rising price.  Implied volatility is moderate, suggesting potential for significant price swings in either direction.",130.11,128.1,66.0,1.054,1419351,1.15,10.0,14.9,2.68,1.57,0,-0.33,-0.02,-0.31
Day-270,google/gemma-2-9b-it,ENTJ,memory,flat,456,0.92,flat,136.35,136.3375549815791,13772.645250825703,6.616506841327884e-73,101.00949945600075,BUY,0.5,"The trend is up, supported by the SMA20/60 crossover and positive RSI.  Implied volatility suggests potential for significant price movement, aligning with the momentum strategy.",130.43,128.5,65.0,1.3451,1454896,1.18,12.3,15.0,2.67,1.5,0,-0.11,-0.12,0.02
Day-271,google/gemma-2-9b-it,ENTJ,memory,flat,456,0.92,flat,138.07,138.24232558033154,13946.381589890023,3.308253420663942e-73,101.00949945600075,BUY,0.5,"The 20/60 SMA trend is positive and the RSI is above 60 indicating upward momentum.  Implied volatility is moderate, suggesting potential for significant price swings.",130.99,129.0,66.7,1.695,1297385,1.04,14.4,15.0,2.67,1.54,0,-0.12,-0.15,0.03
Day-272,google/gemma-2-9b-it,ENTJ,memory,flat,456,0.92,flat,135.44,135.48551924079968,13680.726606320743,1.654126710331971e-73,101.00949945600075,BUY,0.5,The trend is up according to the SMA20/60 and RSI is above 50.  Momentum is positive and warrants a buy.,131.31,129.42,59.9,1.7403,1334058,1.07,11.6,15.0,2.67,1.46,0,0.22,-0.17,0.39
Day-273,google/gemma-2-9b-it,ENTJ,memory,flat,456,0.92,flat,130.67,130.54897428472736,13198.911293915617,8.270633551659855e-74,101.00949945600075,BUY,0.5,The trend is slightly up according to the SMA indicators and RSI is above 50.  Momentum is positive and warrants a buy.,131.21,129.74,55.3,1.3758,1354905,1.07,9.4,15.0,2.66,1.14,0,0.03,-0.06,0.09
Day-274,google/gemma-2-9b-it,ENTJ,memory,flat,456,0.92,flat,133.01,133.12609827040507,13435.27352264266,4.135316775829928e-74,101.00949945600075,BUY,0.5,"The trend is up according to both the SMA20 and SMA60.  Implied volatility is moderate, indicating potential for significant price movement.",131.35,130.08,58.2,1.2608,1218489,0.96,9.1,15.0,2.67,0.98,0,-0.09,-0.01,-0.07
Day-275,google/gemma-2-9b-it,ENTJ,memory,flat,456,0.92,flat,132.32,132.04880900223307,13365.576968018018,2.067658387914964e-74,101.00949945600075,BUY,0.5,"The trend is up according to the SMA indicators and RSI is above 50.  Implied volatility is moderate, indicating potential for significant price movement.",131.49,130.3,55.7,1.1014,1210159,0.95,12.2,15.0,2.66,0.91,0,-0.04,-0.0,-0.04
Day-276,google/gemma-2-9b-it,ENTJ,memory,flat,456,0.92,flat,134.41,134.236686896329,13576.686821881061,1.033829193957482e-74,101.00949945600075,BUY,0.5,"The trend is up according to both the SMA20 and SMA60, and the RSI is above 60 indicating bullish momentum.  Implied volatility is moderate, suggesting potential for significant price swings.",131.73,130.54,63.3,1.1309,1480559,1.15,13.0,15.0,2.66,0.91,0,-0.42,-0.06,-0.36
Day-277,google/gemma-2-9b-it,ENTJ,memory,flat,456,0.92,flat,137.99,138.03610398779514,13938.300829933545,5.16914596978741e-75,101.00949945600075,BUY,0.5,"The trend is up according to both the SMA20 and SMA60, indicating a strong momentum. The RSI is above 60, suggesting potential for further upside.",132.12,130.87,64.6,1.4266,1329460,1.04,13.6,15.0,2.67,0.96,0,0.05,-0.09,0.14
Day-278,google/gemma-2-9b-it,ENTJ,memory,flat,456,0.92,flat,136.03,136.0268433606653,13740.322210999782,2.584572984893705e-75,101.00949945600075,BUY,0.5,"The trend is up, indicated by the positive SMA crossover and rising price.  Implied volatility is moderate, suggesting potential for significant price swings and profit opportunities.",132.41,131.21,60.5,1.4857,1416759,1.09,13.8,15.0,2.67,0.91,0,-0.51,-0.2,-0.31
Day-279,google/gemma-2-9b-it,ENTJ,memory,flat,456,0.92,flat,134.69,134.42114270703283,13604.969481728742,1.2922864924468524e-75,101.00949945600075,BUY,0.5,The trend is up according to the SMA indicators.  RSI is above 50 indicating upward momentum.,132.76,131.52,56.4,1.4083,1490224,1.15,12.0,15.0,2.66,0.94,0,0.01,-0.18,0.2
Day-280,google/gemma-2-9b-it,ENTJ,memory,flat,456,0.92,flat,135.15,134.83343109574417,13651.433851478503,6.461432462234262e-76,101.00949945600075,BUY,0.5,The trend is up according to the SMA indicators and RSI is above 50.  Momentum is strong and warrants a buy.,133.12,131.85,59.4,1.3684,1413467,1.08,11.4,15.0,2.66,0.96,0,-0.01,-0.18,0.17
Day-281,google/gemma-2-9b-it,ENTJ,memory,flat,456,0.92,flat,134.03,134.21783252337295,13538.303212087782,3.230716231117131e-76,101.00949945600075,BUY,0.5,"The trend is slightly positive, and the RSI is above 40, indicating potential for upward momentum.  Chasing this upward trend aligns with the mandate.",133.37,132.19,48.7,1.2321,1196395,0.91,10.2,15.0,2.67,0.89,0,-0.06,-0.1,0.04
Day-282,google/gemma-2-9b-it,ENTJ,memory,flat,456,0.92,flat,134.4,134.54784700324367,13575.676726886502,1.6153581155585655e-76,101.00949945600075,BUY,0.5,"The trend is up according to both the SMA20 and SMA60.  Implied volatility is moderate, indicating potential for significant price swings which align with our growth mandate.",133.77,132.44,51.6,1.1403,1452946,1.1,9.8,15.0,2.67,1.0,0,-0.22,-0.16,-0.06
Day-283,google/gemma-2-9b-it,ENTJ,memory,flat,456,0.92,flat,137.03,137.09693498115476,13841.331710455783,8.076790577792828e-77,101.00949945600075,BUY,0.5,"The trend is slightly up, and the RSI is above 50.  Momentum is positive and warrants a buy to capitalize on potential growth.",134.17,132.73,50.7,1.2656,1295456,0.98,7.6,15.0,2.67,1.09,0,-0.16,-0.09,-0.08
Day-284,google/gemma-2-9b-it,ENTJ,memory,flat,456,0.92,flat,134.5,134.52904633579348,13585.777676832102,4.038395288896414e-77,101.00949945600075,BUY,0.5,"The trend is slightly up, and the RSI is above 40.  Momentum is positive, time to buy into the trend.",134.44,132.97,46.7,1.1469,1231349,0.93,7.5,15.0,2.67,1.1,0,0.04,-0.08,0.12
Day-285,google/gemma-2-9b-it,ENTJ,memory,flat,456,0.92,flat,134.21,134.29815804880246,13556.484921989862,2.019197644448207e-77,101.00949945600075,BUY,0.5,"The trend is slightly positive, and the RSI suggests potential for upward momentum.  Chasing the trend aligns with the mandate for growth.",134.62,133.14,42.8,1.0183,1423571,1.07,7.5,15.0,2.67,1.12,0,0.26,-0.03,0.29
Day-286,google/gemma-2-9b-it,ENTJ,memory,flat,456,0.92,flat,137.89,137.7255259762437,13928.199879987942,1.0095988222241035e-77,101.00949945600075,BUY,0.5,"The trend is up according to both the SMA20 and SMA60.  Implied volatility is moderate, indicating potential for significant price swings which we can capitalize on.",135.06,133.46,54.4,1.199,1112741,0.85,8.1,15.0,2.66,1.2,0,-0.76,-0.17,-0.59
Day-287,google/gemma-2-9b-it,ENTJ,memory,flat,456,0.92,flat,139.91,140.33330331459481,14132.239068889065,5.047994111120517e-78,101.00949945600075,BUY,0.5,"The trend is up, supported by the positive SMA crossover and rising RSI.  Implied volatility is moderate, indicating potential for significant price swings which we can leverage.",135.32,133.76,68.4,1.4887,1283857,0.97,8.6,15.0,2.67,1.16,0,0.66,0.01,0.66
Day-288,google/gemma-2-9b-it,ENTJ,memory,flat,456,0.92,flat,144.06,143.0851025239723,14551.428491631468,2.5239970555602586e-78,101.00949945600075,BUY,0.5,"The trend is up, indicated by the positive SMA crossover and RSI above 70.  Momentum is strong and warrants a buy position.",135.84,134.06,70.5,2.0298,1312252,0.98,15.0,15.1,2.65,1.33,0,-0.48,-0.06,-0.42
Day-289,google/gemma-2-9b-it,ENTJ,memory,flat,456,0.92,flat,140.78,141.2991742119147,14220.117333415787,1.2619985277801293e-78,101.00949945600075,BUY,0.5,The trend is up based on the SMA20/60 crossover and RSI is above 60 indicating upward momentum.  I will buy half my available capital to capitalize on this trend.,136.05,134.19,64.3,2.1687,1334979,1.0,16.6,14.9,2.68,1.39,0,-0.17,-0.1,-0.07
Day-290,google/gemma-2-9b-it,ENTJ,memory,flat,456,0.92,flat,140.98,141.77623238636937,14240.319233306986,6.309992638900647e-79,101.00949945600075,BUY,0.5,The trend is up based on the SMA20/60 crossover and RSI is above 60.  Momentum is strong and warrants a buy position.,136.28,134.32,61.9,2.269,1319377,1.0,15.4,14.9,2.68,1.46,0,0.28,-0.09,0.38
Day-291,google/gemma-2-9b-it,ENTJ,memory,flat,456,0.92,flat,144.05,143.40173144175213,14550.41839663691,3.154996319450323e-79,101.00949945600075,BUY,0.5,"The trend is up according to the SMA indicators and RSI is above 60.  Implied volatility is moderate, indicating potential for significant price movement.",136.58,134.45,61.2,2.5661,1232480,0.93,12.6,15.1,2.65,1.58,0,-0.42,-0.03,-0.4
Day-292,google/gemma-2-9b-it,ENTJ,memory,flat,456,0.92,flat,144.71,144.8191547473496,14617.08466627787,1.5774981597251616e-79,101.00949945600075,BUY,0.5,The trend is up according to the SMA20/60 and RSI is above 60 indicating momentum.  Buying half the available capital allows for further growth potential.,137.04,134.57,66.8,2.8228,1058677,0.81,12.7,15.0,2.67,1.84,0,-0.26,-0.21,-0.05
Day-293,google/gemma-2-9b-it,ENTJ,memory,flat,456,0.92,flat,142.83,143.13791941929443,14427.186807300588,7.887490798625808e-80,101.00949945600075,BUY,0.5,The trend is up according to both the SMA20 and SMA60. RSI is above 60 indicating bullish momentum.,137.65,134.61,65.4,2.8413,1351059,1.03,14.2,15.0,2.67,2.26,1,0.09,-0.1,0.18
Day-294,google/gemma-2-9b-it,ENTJ,memory,flat,456,0.92,flat,146.56,146.46612494460328,14803.95224027147,3.943745399312904e-80,101.00949945600075,BUY,0.5,The trend is up according to both the SMA20 and SMA60. RSI is above 60 indicating strong momentum.,138.33,134.79,69.3,3.1215,1244138,0.95,21.2,15.0,2.66,2.63,1,-0.39,-0.14,-0.25
Day-295,google/gemma-2-9b-it,ENTJ,memory,flat,456,0.92,flat,149.06,148.72172723263185,15056.475988911472,1.971872699656452e-80,101.00949945600075,BUY,0.5,"The trend is up, supported by the SMA20/60 and RSI.  Momentum is strong, indicating potential for further gains.",139.16,134.94,74.2,3.5042,1302843,0.99,15.6,15.0,2.66,3.13,1,0.56,-0.09,0.64
Day-296,google/gemma-2-9b-it,ENTJ,memory,flat,456,0.92,flat,145.99,145.5547664119257,14746.37682558155,9.85936349828226e-81,101.00949945600075,BUY,0.5,The trend is up based on both the SMA20 and SMA60. RSI is above 60 indicating strong momentum.,139.74,135.01,67.2,3.5193,1279318,0.98,16.7,15.0,2.66,3.5,1,0.03,0.01,0.02
Day-297,google/gemma-2-9b-it,ENTJ,memory,flat,456,0.92,flat,146.48,147.79453852881866,14795.871480314989,4.92968174914113e-81,101.00949945600075,BUY,0.5,"The trend is up according to both the SMA20 and SMA60, and RSI is above 60 indicating upward momentum.  Implied volatility is moderate, suggesting potential for significant price swings.",140.17,135.16,65.0,3.5304,1351457,1.04,21.4,14.9,2.69,3.7,1,0.25,0.11,0.15
Day-298,google/gemma-2-9b-it,ENTJ,memory,flat,456,0.92,flat,153.13,152.06017343755624,15467.584651697394,2.464840874570565e-81,101.00949945600075,BUY,0.5,"The trend is clearly upwards, supported by the SMA20/60 and the RSI.  Implied volatility is moderate, indicating potential for significant price swings, which aligns with our growth mandate.",141.02,135.43,76.1,4.0289,1344961,1.03,22.5,15.1,2.65,4.13,1,-0.13,0.06,-0.2
Day-299,google/gemma-2-9b-it,ENTJ,memory,flat,456,0.92,flat,149.92,151.00743737024825,15143.344158443631,1.2324204372852825e-81,101.00949945600075,BUY,0.5,"The trend is up, supported by the SMA20/60 and RSI.  Momentum is strong and warrants a purchase to capitalize on potential growth.",141.78,135.74,70.4,4.118,1011694,0.79,22.5,14.9,2.69,4.46,1,-0.2,0.1,-0.3
Day-300,google/gemma-2-9b-it,ENTJ,memory,flat,456,0.92,flat,151.9,150.8022693597203,15343.342967366514,6.162102186426413e-82,101.00949945600075,BUY,0.5,The trend is up based on the SMA20/60 crossover and RSI is above 60.  Momentum is strong and warrants a purchase.,142.62,136.18,69.0,4.299,1271183,1.0,17.8,15.1,2.65,4.73,1,0.05,0.0,0.05
Day-301,google/gemma-2-9b-it,ENTJ,memory,flat,456,0.92,flat,154.75,155.1635919783789,15631.220040816117,3.0810510932132063e-82,101.00949945600075,BUY,0.5,"The trend is up based on the SMA indicators and RSI is above 60.  Implied volatility is moderate, indicating potential for significant price swings which aligns with the momentum strategy.",143.66,136.73,69.7,4.6186,1405726,1.1,20.2,15.0,2.67,5.06,1,0.1,0.01,0.08
Day-302,google/gemma-2-9b-it,ENTJ,memory,flat,456,0.92,flat,151.31,150.73999213452,15283.747362687474,1.5405255466066032e-82,101.00949945600075,BUY,0.5,The trend is up based on the SMA20/60 crossover and RSI is above 50.  Momentum is strong and warrants a buy.,144.5,137.18,59.8,4.5424,1408851,1.1,17.2,15.1,2.66,5.34,1,0.32,0.03,0.3
Day-303,google/gemma-2-9b-it,ENTJ,memory,flat,456,0.92,flat,146.12,146.50609426739214,14759.50806051083,7.702627733033016e-83,101.00949945600075,BUY,0.5,The trend is up according to both the SMA20 and SMA60.  RSI is above 50 indicating upward momentum.,144.96,137.45,56.9,4.0165,1412652,1.1,13.0,15.0,2.67,5.46,1,-0.22,0.01,-0.23
Day-304,google/gemma-2-9b-it,ENTJ,memory,flat,456,0.92,flat,149.15,148.75884361505533,15065.566843862513,3.851313866516508e-83,101.00949945600075,BUY,0.5,The trend is up according to both the SMA20 and SMA60. RSI is above 50 indicating upward momentum.,145.69,137.83,59.8,3.8007,1434518,1.11,12.1,15.0,2.66,5.7,1,0.05,0.06,-0.01
Day-305,google/gemma-2-9b-it,ENTJ,memory,flat,456,0.92,flat,147.58,147.77254159320955,14906.981929716592,1.925656933258254e-83,101.00949945600075,BUY,0.5,The trend is up according to both the SMA20 and SMA60.  RSI is above 50 indicating upward momentum.,146.36,138.19,54.4,3.4633,1016513,0.8,11.6,15.0,2.67,5.91,1,-0.26,-0.0,-0.26
Day-306,google/gemma-2-9b-it,ENTJ,memory,flat,456,0.92,flat,143.11,143.00085842410112,14455.469467148268,9.62828466629127e-84,101.00949945600075,BUY,0.5,"The 20-day SMA is above the 60-day SMA, indicating an uptrend.  RSI is above 40, suggesting buying pressure.",146.62,138.46,48.2,2.8025,1218411,0.95,9.5,15.0,2.66,5.89,1,0.35,0.05,0.3
Day-307,google/gemma-2-9b-it,ENTJ,memory,flat,456,0.92,flat,138.31,137.99706155491154,13970.623869759464,4.814142333145635e-84,101.00949945600075,BUY,0.5,The trend is up according to both the SMA20 and SMA60.  RSI is above 40 indicating upward momentum.,146.54,138.62,45.2,1.8697,1416520,1.1,7.8,15.0,2.66,5.71,1,0.64,0.11,0.53
Day-308,google/gemma-2-9b-it,ENTJ,memory,flat,456,0.92,flat,139.24,139.37862535582383,14064.562704253545,2.4070711665728175e-84,101.00949945600075,BUY,0.5,The trend is up according to both the SMA20 and SMA60. RSI is below 50 indicating potential for further upside.,146.3,138.8,41.7,1.1921,1296072,1.01,7.5,15.0,2.67,5.4,1,0.08,0.17,-0.09
Day-309,google/gemma-2-9b-it,ENTJ,memory,flat,456,0.92,flat,144.64,144.16327119773862,14610.014001315947,1.2035355832864087e-84,101.00949945600075,BUY,0.5,The 20-day SMA is above the 60-day SMA indicating an uptrend.  RSI is above 40 suggesting upward momentum.,146.49,139.14,45.3,1.0785,1374668,1.07,7.5,15.0,2.66,5.28,1,-0.03,0.16,-0.18
Day-310,google/gemma-2-9b-it,ENTJ,memory,flat,456,0.92,flat,142.63,142.40619803911883,14406.984907409387,6.017677916432044e-85,101.00949945600075,BUY,0.5,The trend is up according to both the SMA20 and SMA60.  RSI is above 40 indicating upward momentum.,146.57,139.43,46.4,0.8166,1430336,1.11,7.5,15.0,2.66,5.12,1,-0.26,0.16,-0.42
Day-311,google/gemma-2-9b-it,ENTJ,memory,flat,456,0.92,flat,140.46,140.49511299483942,14187.794293589866,3.008838958216022e-85,101.00949945600075,BUY,0.5,"The trend is up according to both the SMA20 and SMA60, indicating momentum.  RSI is below 50 suggesting potential for further upside.",146.39,139.66,43.7,0.4292,1030767,0.8,7.5,15.0,2.67,4.82,1,0.03,0.09,-0.06
Day-312,google/gemma-2-9b-it,ENTJ,memory,flat,456,0.92,flat,139.09,139.17637323400157,14049.411279335145,1.504419479108011e-85,101.00949945600075,BUY,0.5,"The 20-day SMA is above the 60-day SMA indicating an uptrend. RSI is oversold, suggesting potential for a rebound.",146.11,139.91,33.5,0.0112,1003426,0.78,7.5,15.0,2.67,4.43,1,-0.16,-0.07,-0.09
Day-313,google/gemma-2-9b-it,ENTJ,memory,flat,456,0.92,flat,138.11,137.8484692643472,13950.421969868265,7.522097395540055e-86,101.00949945600075,BUY,0.5,"The trend is up according to both the SMA20 and SMA60. RSI is oversold, indicating potential for a rebound.",145.88,140.1,35.3,-0.3941,1170782,0.92,7.5,15.0,2.66,4.13,1,0.64,0.04,0.59
Day-314,google/gemma-2-9b-it,ENTJ,memory,flat,456,0.92,flat,140.27,140.45561552044526,14168.602488693226,3.761048697770027e-86,101.00949945600075,BUY,0.5,The trend is slightly down but RSI is oversold and volume ratio is above 1.  Momentum is expected to reverse soon.,145.56,140.32,35.6,-0.5351,1457978,1.14,7.5,15.0,2.67,3.74,1,0.17,0.08,0.09
Day-315,google/gemma-2-9b-it,ENTJ,memory,flat,456,0.92,flat,134.16,134.6208663082204,13551.43444701706,1.8805243488850136e-86,101.00949945600075,BUY,0.5,"The trend is up according to both the SMA20 and SMA60, indicating strong momentum. The RSI is oversold, suggesting potential for a rebound.",144.82,140.39,26.4,-1.1272,1124591,0.88,7.5,14.9,2.68,3.15,1,-0.45,0.05,-0.49
Day-316,google/gemma-2-9b-it,ENTJ,memory,flat,456,0.92,flat,135.4,135.38454207629155,13676.686226342503,9.402621744425068e-87,101.00949945600075,BUY,0.5,"The trend is clearly upward, indicated by both the SMA20/60 and the RSI.  This presents a strong buying opportunity to capitalize on the momentum.",144.29,140.52,30.8,-1.4789,1350687,1.06,7.5,15.0,2.67,2.68,1,-0.06,0.03,-0.09
Day-317,google/gemma-2-9b-it,ENTJ,memory,flat,456,0.92,flat,140.4,140.45788397988898,14181.733723622507,4.701310872212534e-87,101.00949945600075,BUY,0.5,"The 20-day SMA is above the 60-day SMA, indicating an uptrend.  RSI is below 50, suggesting potential for further upside.",143.98,140.63,43.1,-1.339,1280209,1.01,7.5,15.0,2.67,2.38,1,0.14,0.09,0.05
Day-318,google/gemma-2-9b-it,ENTJ,memory,flat,456,0.92,flat,142.52,142.51081857384145,14395.873862469229,2.350655436106267e-87,101.00949945600075,BUY,0.5,"The trend is slightly bullish despite the recent dip.  Momentum is key, and a half position allows for potential growth.",143.45,140.81,41.8,-1.045,1033279,0.82,7.5,15.0,2.67,1.88,0,-0.32,-0.1,-0.22
Day-319,google/gemma-2-9b-it,ENTJ,memory,flat,456,0.92,flat,142.42,142.24887411073414,14385.772912523626,1.1753277180531335e-87,101.00949945600075,BUY,0.5,"The trend is slightly up, and the RSI is below 50 indicating potential for further upward movement.  Momentum is key, and this presents a buying opportunity.",143.08,140.92,43.4,-0.8109,1388026,1.09,7.5,15.0,2.66,1.53,0,0.22,-0.09,0.31
Day-320,google/gemma-2-9b-it,ENTJ,memory,flat,456,0.92,flat,143.28,143.45174994356464,14472.641082055789,5.876638590265668e-88,101.00949945600075,BUY,0.5,"The trend is up according to both the SMA20 and SMA60. Implied volatility is moderate, suggesting potential for significant price swings which we can capitalize on.",142.65,141.06,50.2,-0.5492,1246851,0.98,7.5,15.0,2.67,1.12,0,0.29,0.05,0.23
Day-321,google/gemma-2-9b-it,ENTJ,memory,flat,456,0.92,flat,147.11,146.6107680582926,14859.507464972272,2.938319295132834e-88,101.00949945600075,BUY,0.5,"Trend is up based on SMA20/60 and RSI is above 60 indicating bullish momentum.  Implied volatility is moderate, suggesting potential for significant price swings.",142.26,141.24,62.8,-0.0328,1181854,0.94,8.4,15.1,2.66,0.72,0,-0.31,0.0,-0.31
Day-322,google/gemma-2-9b-it,ENTJ,memory,flat,456,0.92,flat,145.04,144.76524766766198,14650.417801098349,1.469159647566417e-88,101.00949945600075,BUY,0.5,"The trend is up according to both the SMA20 and SMA60, and the RSI is above 50.  Implied volatility is moderate, indicating potential for significant price swings which we can capitalize on.",141.95,141.44,58.2,0.2072,1455913,1.15,8.5,15.0,2.66,0.36,0,-0.16,-0.06,-0.11
Day-323,google/gemma-2-9b-it,ENTJ,memory,flat,456,0.92,flat,140.42,140.42270583172098,14183.753913611625,7.345798237832085e-89,101.00949945600075,BUY,0.5,"The trend is slightly bullish, and the price is below the SMA20/60. This presents a buying opportunity to capitalize on potential upward momentum.",141.67,141.63,43.9,0.0248,1196364,0.95,8.6,15.0,2.67,0.03,0,0.1,0.03,0.08
Day-324,google/gemma-2-9b-it,ENTJ,memory,flat,456,0.92,flat,141.83,141.7980449082525,14326.177307844588,3.672899118916042e-89,101.00949945600075,BUY,0.5,"Trend is flat but the price is above both SMAs.  Implied volatility is moderate, suggesting potential for a breakout.",141.3,141.81,48.8,-0.0066,1230742,0.99,15.4,15.0,2.67,-0.36,0,-0.5,-0.12,-0.38
Day-325,google/gemma-2-9b-it,ENTJ,memory,flat,456,0.92,flat,143.55,143.51134402390068,14499.91364690891,1.836449559458021e-89,101.00949945600075,BUY,0.5,"Trend is slightly positive with SMA20/60 crossover.  Implied volatility is moderate, indicating potential for price movement.",141.1,142.03,54.6,0.1066,1270426,1.01,14.2,15.0,2.67,-0.66,0,0.4,-0.09,0.49
Day-326,google/gemma-2-9b-it,ENTJ,memory,flat,456,0.92,flat,140.71,141.30611367875437,14213.046668453866,1.377337169593516e-89,101.00949945600075,BUY,0.25,"The trend is up according to both the SMA20 and SMA60.  Implied volatility is moderate, suggesting potential for significant price movement.",140.98,142.16,52.3,-0.0324,1305448,1.03,15.3,14.9,2.68,-0.83,0,0.18,0.0,0.18
Day-327,google/gemma-2-9b-it,ENTJ,memory,flat,456,0.92,flat,142.87,142.10995533206363,14431.227187278828,6.88668584796758e-90,101.00949945600075,BUY,0.5,The trend is up according to both the SMA20 and SMA60.  RSI is above 50 indicating upward momentum.,141.21,142.26,56.6,0.0313,1274023,1.02,16.2,15.1,2.65,-0.74,0,0.12,0.06,0.06
Day-328,google/gemma-2-9b-it,ENTJ,memory,flat,456,0.92,flat,139.81,139.66135333725808,14122.138118943465,3.44334292398379e-90,101.00949945600075,BUY,0.5,"The trend is positive based on the SMA20/60 crossover.  Implied volatility is moderate, suggesting potential for significant price swings which aligns with the momentum strategy.",141.24,142.33,49.4,-0.1634,1080526,0.87,12.8,15.0,2.66,-0.77,0,0.07,0.05,0.02
Day-329,google/gemma-2-9b-it,ENTJ,memory,flat,456,0.92,flat,144.22,145.18696623838733,14567.59001154443,1.721671461991895e-90,101.00949945600075,BUY,0.5,"The trend is up according to both the SMA20 and SMA60, and the RSI is above 60 indicating bullish momentum.  Implied volatility is moderate, suggesting potential for significant price swings.",141.21,142.52,64.2,0.0381,1297656,1.05,20.3,14.9,2.68,-0.92,0,0.27,0.21,0.06
Day-330,google/gemma-2-9b-it,ENTJ,memory,flat,456,0.92,flat,141.39,141.76121678995725,14281.733128083944,8.608357309959475e-91,101.00949945600075,BUY,0.5,The trend is up according to both the SMA20 and SMA60.  RSI is above 50 indicating positive momentum.,141.15,142.65,58.1,-0.0307,1464474,1.18,17.1,15.0,2.67,-1.05,0,0.1,0.15,-0.05
Day-331,google/gemma-2-9b-it,ENTJ,memory,flat,456,0.92,flat,141.4,141.92853207460223,14282.743223078507,4.3041786549797373e-91,101.00949945600075,BUY,0.5,"The trend is up according to the SMA indicators and the price is above the 20-day SMA.  Implied volatility is moderate, indicating potential for significant price swings which aligns with the momentum strategy.",141.2,142.79,51.6,-0.0831,1448510,1.15,15.9,14.9,2.68,-1.12,0,0.0,0.11,-0.11
Day-332,google/gemma-2-9b-it,ENTJ,memory,flat,456,0.92,flat,143.64,143.62332970912783,14509.004501859947,2.1520893274898686e-91,101.00949945600075,BUY,0.5,The trend is slightly positive with both SMAs trending upwards.  RSI is above 50 indicating upward momentum.,141.43,142.98,51.7,0.0554,1266933,0.99,19.0,15.0,2.67,-1.08,0,-0.28,0.03,-0.31
Day-333,google/gemma-2-9b-it,ENTJ,memory,flat,456,0.92,flat,143.54,143.42116358434518,14498.903551914347,1.0760446637449343e-91,101.00949945600075,BUY,0.5,"The trend is positive with both SMA indicators above the current price.  Implied volatility is moderate, indicating potential for significant price swings which aligns with the momentum strategy.",141.7,143.11,51.7,0.1551,1083190,0.85,14.0,15.0,2.66,-0.99,0,-0.68,-0.12,-0.56
Day-334,google/gemma-2-9b-it,ENTJ,memory,flat,456,0.92,flat,142.52,142.74965597225244,14395.873862469229,5.3802233187246716e-92,101.00949945600075,BUY,0.5,"The trend is up according to both the SMA20 and SMA60.  Implied volatility is low, suggesting a potential for continued upward momentum.",141.81,143.27,48.8,0.1504,1059436,0.85,10.3,15.0,2.67,-1.02,0,-0.18,-0.21,0.03
Day-335,google/gemma-2-9b-it,ENTJ,memory,flat,456,0.92,flat,151.14,151.0491378944987,15266.575747779953,2.6901116593623358e-92,101.00949945600075,BUY,0.5,The trend is up according to both SMA indicators.  RSI is above 50 indicating positive momentum.,142.66,143.61,55.4,0.8321,1092417,0.87,13.0,15.0,2.67,-0.66,0,-0.18,-0.26,0.08
Day-336,google/gemma-2-9b-it,ENTJ,memory,flat,456,0.92,flat,154.28,153.98588582093572,15583.745576071797,1.3450558296811679e-92,101.00949945600075,BUY,0.5,"Trend is up according to SMA and RSI is above 60.  Implied volatility is moderate, indicating potential for significant price swings.",143.6,143.94,62.1,1.6074,1276069,1.02,13.4,15.0,2.66,-0.23,0,0.28,-0.21,0.49
Day-337,google/gemma-2-9b-it,ENTJ,memory,flat,456,0.92,flat,145.72,146.35219947140297,14719.104260728429,6.7252791484058395e-93,101.00949945600075,BUY,0.5,"The trend is slightly up, and the RSI is above 50.  Momentum is positive and warrants a buy position.",143.87,144.05,56.3,1.5134,1182454,0.95,12.4,14.9,2.68,-0.13,0,-0.36,-0.22,-0.13
Day-338,google/gemma-2-9b-it,ENTJ,memory,flat,456,0.92,flat,150.15,149.7995987353838,15166.576343318513,3.3626395742029198e-93,101.00949945600075,BUY,0.5,"Trend is slightly positive, RSI is above 50, and the P/E ratio is reasonable.  Momentum is in favor of buying.",144.25,144.17,59.2,1.7761,1195053,0.96,13.3,15.0,2.66,0.05,0,0.21,-0.04,0.25
Day-339,google/gemma-2-9b-it,ENTJ,memory,flat,456,0.92,flat,151.74,151.17049747640894,15327.181447453555,1.6813197871014599e-93,101.00949945600075,BUY,0.5,The trend is positive with both SMAs aligned upwards. RSI is above 50 indicating upward momentum.,144.72,144.39,59.1,2.089,1456436,1.16,18.6,15.1,2.66,0.23,0,-0.19,-0.05,-0.15
Day-340,google/gemma-2-9b-it,ENTJ,memory,flat,456,0.92,flat,149.01,148.84240687659857,15051.425513938671,8.406598935507299e-94,101.00949945600075,BUY,0.5,"The trend is up according to the SMA indicators and RSI is above 50.  Implied volatility is moderate, indicating potential for significant price swings which favors momentum trading.",145.01,144.55,59.2,2.0922,1175240,0.94,16.0,15.0,2.66,0.31,0,-0.05,-0.02,-0.03
Day-341,google/gemma-2-9b-it,ENTJ,memory,flat,456,0.92,flat,141.6,141.61606834564293,14302.945122969706,4.2032994677536497e-94,101.00949945600075,BUY,0.5,The trend is slightly up according to the SMA indicators and the RSI is above 40.  Momentum is positive and warrants a purchase.,144.73,144.5,48.7,1.4798,1031217,0.83,11.8,15.0,2.67,0.16,0,0.39,0.0,0.39
Day-342,google/gemma-2-9b-it,ENTJ,memory,flat,456,0.92,flat,144.47,144.41005398772458,14592.842386408429,2.1016497338768248e-94,101.00949945600075,BUY,0.5,The trend is up according to both the SMA20 and SMA60.  RSI is above 50 indicating upward momentum.,144.7,144.5,54.7,1.2124,1278234,1.04,9.7,15.0,2.67,0.14,0,0.23,0.12,0.11
Day-343,google/gemma-2-9b-it,ENTJ,memory,flat,456,0.92,flat,148.82,149.27264094737416,15032.233709042031,1.0508248669384124e-94,101.00949945600075,BUY,0.5,"The trend is slightly positive, and the RSI is above 50.  Momentum is present, indicating potential for further growth.",145.12,144.62,54.6,1.3353,1218157,0.99,7.5,15.0,2.67,0.35,0,-0.01,0.07,-0.09
Day-344,google/gemma-2-9b-it,ENTJ,memory,flat,456,0.92,flat,145.97,145.67894006280244,14744.35663559243,5.254124334692062e-95,101.00949945600075,BUY,0.5,"The trend is slightly positive, and the price is above both the 20 and 60 day SMAs.  Momentum is positive and warrants a buy.",145.33,144.61,54.6,1.1895,1311569,1.06,7.5,15.0,2.66,0.5,0,0.08,0.13,-0.05
Day-345,google/gemma-2-9b-it,ENTJ,memory,flat,456,0.92,flat,143.5,143.7828024592474,14494.863171936107,2.627062167346031e-95,101.00949945600075,BUY,0.5,"The trend is slightly up, and the RSI is above 50.  Momentum is positive, indicating potential for further growth.",145.33,144.5,52.0,0.8648,1353429,1.09,7.5,15.0,2.67,0.57,0,-0.77,-0.02,-0.75
Day-346,google/gemma-2-9b-it,ENTJ,memory,flat,456,0.92,flat,144.27,144.26982670980593,14572.64048651723,1.3135310836730155e-95,101.00949945600075,BUY,0.5,"The trend is slightly positive with the SMA20 above the SMA60. Implied volatility is moderate, suggesting potential for significant price movement.",145.5,144.46,50.6,0.6622,1063058,0.86,8.9,15.0,2.67,0.72,0,-0.18,-0.13,-0.05
Day-347,google/gemma-2-9b-it,ENTJ,memory,flat,456,0.92,flat,144.74,144.87808546319673,14620.11495126155,6.567655418365078e-96,101.00949945600075,BUY,0.5,"The trend is slightly bullish, and the price is near the 20-day SMA.  Momentum suggests a potential for further upside.",145.6,144.43,51.2,0.5326,1167378,0.95,7.5,15.0,2.67,0.81,0,-0.03,-0.18,0.15
Day-348,google/gemma-2-9b-it,ENTJ,memory,flat,456,0.92,flat,145.66,145.4950318634944,14713.04369076107,3.283827709182539e-96,101.00949945600075,BUY,0.5,"The trend is slightly up, and the RSI is above 50.  Momentum is positive and warrants a buy to capitalize on potential growth.",145.89,144.28,53.1,0.4989,1170226,0.95,11.6,15.0,2.66,1.12,0,0.76,-0.03,0.79
Day-349,google/gemma-2-9b-it,ENTJ,memory,flat,456,0.92,flat,146.45,146.1941213968105,14792.84119533131,1.6419138545912694e-96,101.00949945600075,BUY,0.5,"The trend is currently positive with a bullish SMA crossover.  Implied volatility is moderate, suggesting potential for significant price movement.",146.0,144.21,44.6,0.5298,1492454,1.2,12.2,15.0,2.66,1.24,0,0.04,-0.04,0.07
Day-350,google/gemma-2-9b-it,ENTJ,memory,flat,456,0.92,flat,143.07,143.6204938710525,14451.429087170027,8.209569272956347e-97,101.00949945600075,BUY,0.5,The trend is slightly down but RSI is oversold and volume ratio is above 1.  Momentum is still present and a bounce is likely.,146.09,144.03,37.1,0.2779,1478206,1.19,14.2,14.9,2.68,1.43,0,-0.2,0.08,-0.27
Day-351,google/gemma-2-9b-it,ENTJ,memory,flat,456,0.92,flat,142.95,142.96200434448082,14439.307947235307,4.1047846364781735e-97,101.00949945600075,BUY,0.5,The trend is up according to the SMA20/60 and the price is above the 20-day SMA.  Momentum is positive and warrants a buy to chase the upward trend.,146.16,143.8,46.1,0.0682,1011111,0.83,12.5,15.0,2.67,1.65,0,0.28,0.17,0.11
Day-352,google/gemma-2-9b-it,ENTJ,memory,flat,456,0.92,flat,141.38,140.54726911299295,14280.723033089385,2.0523923182390868e-97,101.00949945600075,BUY,0.5,"The trend is currently up, indicated by the SMA20/60 crossover. The RSI is oversold, suggesting potential for a rebound and further upward momentum.",146.05,143.6,36.4,-0.2225,1131774,0.93,15.5,15.1,2.65,1.71,0,-0.37,0.1,-0.47
Day-353,google/gemma-2-9b-it,ENTJ,memory,flat,456,0.92,flat,141.6,142.1985005363883,14302.945122969706,1.0261961591195434e-97,101.00949945600075,BUY,0.5,"The trend is slightly down but RSI is oversold and volume is positive. This suggests a potential bounce, aligning with the momentum mandate.",145.95,143.51,33.6,-0.4295,1470126,1.19,21.6,14.9,2.68,1.7,0,-0.62,-0.17,-0.44
Day-354,google/gemma-2-9b-it,ENTJ,memory,flat,456,0.92,flat,142.98,142.714011963557,14442.338232218986,5.130980795597717e-98,101.00949945600075,BUY,0.5,"The 20-day SMA is above the 60-day SMA, indicating an uptrend. RSI is below 50, suggesting potential for further upside.",145.98,143.38,39.8,-0.4774,1222596,0.99,18.0,15.0,2.66,1.81,0,0.23,-0.13,0.37
Day-355,google/gemma-2-9b-it,ENTJ,memory,flat,456,0.92,flat,145.79,145.33950063686166,14726.17492569035,2.5654903977988585e-98,101.00949945600075,BUY,0.5,"The trend is up according to both SMA indicators.  Implied volatility is moderate, suggesting potential for significant price swings which aligns with the momentum strategy.",145.71,143.35,58.4,-0.2849,1107481,0.89,17.8,15.0,2.66,1.65,0,0.37,-0.02,0.39
Day-356,google/gemma-2-9b-it,ENTJ,memory,flat,456,0.92,flat,143.96,143.7426399837613,14541.327541685869,1.2827451988994292e-98,101.00949945600075,BUY,0.5,"The 20-day SMA is above the 60-day SMA, indicating an uptrend.  Implied volatility is moderate, suggesting potential for significant price movement.",145.19,143.36,48.9,-0.2768,1035298,0.84,13.1,15.0,2.66,1.27,0,-0.21,-0.12,-0.09
Day-357,google/gemma-2-9b-it,ENTJ,memory,flat,456,0.92,flat,139.81,139.64353666784322,14122.138118943465,6.413725994497146e-99,101.00949945600075,BUY,0.5,The trend is slightly down but the RSI is oversold and the P/E ratio is reasonable.  Momentum is still positive and a buy at this price could lead to significant gains.,144.9,143.39,31.0,-0.5981,1176450,0.96,9.4,15.0,2.66,1.05,0,0.09,-0.03,0.12
Day-358,google/gemma-2-9b-it,ENTJ,memory,flat,456,0.92,flat,136.32,136.56007666424753,13769.614965842022,3.206862997248573e-99,101.00949945600075,BUY,0.5,"The trend is slightly down but RSI is oversold and P/E is reasonable.  Momentum can shift quickly, and a buy now could capitalize on an upcoming uptrend.",144.21,143.34,30.2,-1.1221,1001800,0.82,8.8,15.0,2.67,0.61,0,0.09,0.11,-0.03
Day-359,google/gemma-2-9b-it,ENTJ,memory,flat,456,0.92,flat,135.52,135.8634627910011,13688.807366277224,1.6034314986242865e-99,101.00949945600075,BUY,0.5,"The trend is up according to both the SMA20 and SMA60, and the RSI is in oversold territory. This indicates a potential buying opportunity for a momentum play.",143.39,143.15,32.4,-1.5831,1237085,1.03,7.5,15.0,2.67,0.17,0,0.35,0.14,0.21
Day-360,google/gemma-2-9b-it,ENTJ,memory,flat,456,0.92,flat,134.53,134.36639843864614,13588.80796181578,8.017157493121433e-100,101.00949945600075,BUY,0.5,"The trend is up according to both the SMA20 and SMA60, and the RSI is oversold. This indicates a potential buying opportunity for a momentum play.",142.67,142.99,28.7,-2.0057,1186989,0.98,8.1,15.0,2.66,-0.23,0,-0.09,0.05,-0.14
Day-361,google/gemma-2-9b-it,ENTJ,memory,flat,456,0.92,flat,139.38,139.1612671631386,14078.704034177385,4.0085787465607163e-100,101.00949945600075,BUY,0.5,The trend is slightly down but the RSI is oversold and the P/E is reasonable.  Momentum is still positive and a buy here could capitalize on a bounce.,142.56,142.97,40.2,-1.927,1080880,0.89,7.5,15.0,2.66,-0.29,0,-0.49,-0.01,-0.48
Day-362,google/gemma-2-9b-it,ENTJ,memory,flat,456,0.92,flat,138.63,138.77829939218117,14002.946909585384,2.0042893732803582e-100,101.00949945600075,BUY,0.5,The trend is slightly down but RSI is oversold and volume ratio is above 1. This suggests a potential bounce. Buying now allows for capitalizing on a potential upward swing.,142.27,142.96,37.0,-1.9034,1428772,1.17,7.5,15.0,2.67,-0.49,0,0.12,-0.01,0.13
Day-363,google/gemma-2-9b-it,ENTJ,memory,flat,456,0.92,flat,138.15,138.15395945598428,13954.462349846504,1.0021446866401791e-100,101.00949945600075,BUY,0.5,The trend is slightly down but the RSI is oversold and the P/E ratio is reasonable.  Momentum is still positive and a buy at this price could lead to significant gains.,141.73,142.96,34.5,-1.9009,1211788,1.0,7.5,15.0,2.67,-0.86,0,-0.35,-0.09,-0.26
Day-364,google/gemma-2-9b-it,ENTJ,memory,flat,456,0.92,flat,137.72,138.02121848788576,13911.028265080424,5.0107234332008954e-101,101.00949945600075,BUY,0.5,"The trend is slightly down, but the RSI is oversold and the P/E ratio is reasonable.  A small buy position is warranted to capitalize on a potential reversal.",141.32,142.91,38.8,-1.9118,1380337,1.13,7.5,15.0,2.67,-1.11,0,-0.13,-0.19,0.06
Day-365,google/gemma-2-9b-it,ENTJ,memory,flat,456,0.92,flat,134.35,134.52609527604358,13570.6262519137,2.5053617166004477e-101,101.00949945600075,BUY,0.5,The trend is up according to both the SMA20 and SMA60. RSI is below 50 indicating potential for further upside.,140.86,142.91,34.2,-2.167,1007135,0.84,7.5,15.0,2.67,-1.44,0,-0.26,-0.22,-0.03
Day-366,google/gemma-2-9b-it,ENTJ,memory,flat,456,0.92,flat,133.01,133.05485625127085,13435.27352264266,1.2526808583002239e-101,101.00949945600075,BUY,0.5,"The trend is up according to both SMAs and the price is below the recent highs, indicating a potential buying opportunity.  Chasing the momentum is key to growth.",140.3,142.87,34.5,-2.4492,1017841,0.85,7.5,15.0,2.67,-1.8,0,0.43,-0.04,0.47
Day-367,google/gemma-2-9b-it,ENTJ,memory,flat,456,0.92,flat,133.92,133.80887470226074,13527.19216714762,6.263404291501119e-102,101.00949945600075,BUY,0.5,"The trend is down, but the RSI is oversold and the price is below the SMA20. This presents a buying opportunity to capitalize on a potential reversal.",139.76,142.74,36.1,-2.5701,1065922,0.89,7.5,15.0,2.66,-2.09,-1,0.66,0.07,0.59
Day-368,google/gemma-2-9b-it,ENTJ,memory,flat,456,0.92,flat,137.59,137.81471774611435,13897.897030151144,3.1317021457505596e-102,101.00949945600075,BUY,0.5,"The trend is slightly down, but the RSI is oversold and the P/E ratio is reasonable. Buying now could capitalize on a potential rebound.",139.36,142.64,41.0,-2.3426,1315546,1.09,8.5,15.0,2.67,-2.3,-1,-0.2,0.1,-0.3
Day-369,google/gemma-2-9b-it,ENTJ,memory,flat,456,0.92,flat,136.88,136.7155768545223,13826.180285537383,1.5658510728752798e-102,101.00949945600075,BUY,0.5,"The trend is slightly down, but the RSI is oversold and the P/E ratio is reasonable. Momentum is likely to shift upwards soon.",138.88,142.53,34.0,-2.1947,1151761,0.97,9.3,15.0,2.66,-2.56,-1,0.75,0.28,0.47
Day-370,google/gemma-2-9b-it,ENTJ,memory,flat,456,0.92,flat,134.03,134.3711140002051,13538.303212087782,7.829255364376399e-103,101.00949945600075,BUY,0.5,"The trend is down but RSI is oversold and P/E is reasonable.  A bounce is likely, and I will buy into the momentum.",138.43,142.34,32.8,-2.281,1307369,1.11,8.6,15.0,2.67,-2.75,-1,-0.07,0.31,-0.39
Day-371,google/gemma-2-9b-it,ENTJ,memory,flat,456,0.92,flat,132.29,132.05365370243007,13362.54668303434,3.9146276821881996e-103,101.00949945600075,BUY,0.5,"The trend is down but RSI is oversold and P/E is reasonable.  Momentum could reverse soon, offering a buying opportunity.",137.89,142.05,35.7,-2.4617,1194509,1.01,7.6,15.0,2.66,-2.93,-1,-0.08,0.21,-0.29
Day-372,google/gemma-2-9b-it,ENTJ,memory,flat,456,0.92,flat,129.38,129.22276371472452,13068.609039617377,1.9573138410940998e-103,101.00949945600075,BUY,0.5,"The trend is down, but the RSI is oversold and the P/E ratio suggests undervaluation. This presents a buying opportunity for a potential rebound.",137.29,141.73,36.6,-2.8069,1470116,1.22,8.6,15.0,2.66,-3.13,-1,-0.19,0.04,-0.23
Day-373,google/gemma-2-9b-it,ENTJ,memory,flat,456,0.92,flat,129.91,130.06709892617792,13122.144074329057,9.786569205470499e-104,101.00949945600075,BUY,0.5,The trend is down but RSI is oversold and P/E is reasonable.  Buying half position to capitalize on a potential bounce.,136.71,141.52,39.0,-3.0029,1211191,1.02,7.5,15.0,2.67,-3.4,-1,0.06,0.09,-0.03
Day-374,google/gemma-2-9b-it,ENTJ,memory,flat,456,0.92,flat,125.48,125.42190089100447,12674.671991738975,4.8932846027352494e-104,101.00949945600075,BUY,0.5,"The trend is down but RSI is oversold and P/E is reasonable.  A bounce is likely, and I will capitalize on it.",135.83,141.2,34.4,-3.4762,1416416,1.18,7.7,15.0,2.67,-3.8,-1,-0.31,-0.12,-0.19
Day-375,google/gemma-2-9b-it,ENTJ,memory,flat,456,0.92,flat,129.03,129.1324165300856,13033.255714807778,2.4466423013676247e-104,101.00949945600075,BUY,0.5,"The trend is down but RSI is oversold and P/E is reasonable.  A bounce is likely, and I will capitalize on it.",135.0,140.91,31.3,-3.5236,1348655,1.11,8.7,15.0,2.67,-4.2,-1,-0.07,-0.12,0.05
Day-376,google/gemma-2-9b-it,ENTJ,memory,flat,456,0.92,flat,124.29,124.42820018749805,12554.470687386334,1.2233211506838124e-104,101.00949945600075,BUY,0.5,"The trend is down but RSI is oversold and P/E is reasonable.  A bounce is likely, and I'll buy into the momentum.",134.01,140.58,27.4,-3.8988,1302705,1.06,8.1,15.0,2.67,-4.67,-1,0.58,0.01,0.56
Day-377,google/gemma-2-9b-it,ENTJ,memory,flat,456,0.92,flat,125.33,125.01509083330069,12659.520566820574,6.116605753419062e-105,101.00949945600075,BUY,0.5,"The trend is down, but RSI is oversold and P/E is reasonable. This presents a buying opportunity for a potential rebound.",133.29,140.23,30.1,-4.0654,1195084,0.97,7.5,15.0,2.66,-4.95,-1,-0.01,0.05,-0.06
Day-378,google/gemma-2-9b-it,ENTJ,memory,flat,456,0.92,flat,128.4,128.5966493182768,12969.619730150498,3.058302876709531e-105,101.00949945600075,BUY,0.5,"The trend is down but RSI is oversold and the P/E ratio is attractive.  A bounce is likely, and I will capitalize on it.",132.89,140.0,36.6,-3.9048,1389322,1.12,7.5,15.0,2.67,-5.08,-1,0.05,0.05,0.0
Day-379,google/gemma-2-9b-it,ENTJ,memory,flat,456,0.92,flat,129.48,129.2622343911253,13078.709989562976,1.5291514383547655e-105,101.00949945600075,BUY,0.5,"The trend is down but RSI is oversold and P/E is reasonable.  A bounce is likely, and I will capitalize on the momentum.",132.59,139.7,42.5,-3.6486,1131972,0.91,9.0,15.0,2.66,-5.09,-1,-0.17,0.07,-0.25
Day-380,google/gemma-2-9b-it,ENTJ,memory,flat,456,0.92,flat,129.12,129.62722301775977,13042.346569758818,7.645757191773827e-106,101.00949945600075,BUY,0.5,"The trend is down but RSI is oversold and P/E is reasonable.  A bounce is likely, and I will capitalize on it.",132.32,139.46,43.8,-3.4353,1004403,0.82,14.1,14.9,2.68,-5.12,-1,-1.0,-0.11,-0.89
Day-381,google/gemma-2-9b-it,ENTJ,memory,flat,456,0.92,flat,131.24,131.20696835361224,13256.48670860554,3.8228785958869136e-106,101.00949945600075,BUY,0.5,"The trend is slightly down, but the SMA20/60 crossover is bullish.  Momentum is still positive and warrants a buy to chase potential upside.",131.91,139.26,45.9,-3.0595,1497625,1.2,10.3,15.0,2.67,-5.27,-1,0.26,-0.17,0.43
Day-382,google/gemma-2-9b-it,ENTJ,memory,flat,456,0.92,flat,129.42,129.70050979509807,13072.649419595617,1.9114392979434568e-106,101.00949945600075,BUY,0.5,"The trend is down but the RSI is oversold and the P/E ratio is attractive.  A bounce is likely, and I will capitalize on it.",131.45,138.97,36.8,-2.8755,1359479,1.09,9.2,15.0,2.67,-5.41,-1,0.02,-0.17,0.19
Day-383,google/gemma-2-9b-it,ENTJ,memory,flat,456,0.92,flat,126.88,126.66113515786033,12816.085290977375,9.557196489717284e-107,101.00949945600075,BUY,0.5,"The trend is down but RSI is oversold and P/E is reasonable.  A bounce is likely, and this is a good opportunity to buy into the momentum.",130.89,138.64,34.8,-2.9011,1089427,0.88,9.6,15.0,2.66,-5.59,-1,-0.09,-0.2,0.11
Day-384,google/gemma-2-9b-it,ENTJ,memory,flat,456,0.92,flat,127.21,126.759279886971,12849.418425797856,4.778598244858642e-107,101.00949945600075,BUY,0.5,"The trend is down but RSI is oversold and volume is high, suggesting a potential bounce.  Momentum is key, and buying now could capitalize on a reversal.",130.36,138.33,38.7,-2.8619,1493107,1.2,7.5,15.1,2.66,-5.76,-1,0.03,-0.16,0.19
Day-385,google/gemma-2-9b-it,ENTJ,memory,flat,456,0.92,flat,126.31,126.2185702282588,12758.509876287455,2.389299122429321e-107,101.00949945600075,BUY,0.5,The trend is down but RSI is oversold and price is below both SMAs. This presents a potential buying opportunity for a bounce.,129.96,137.83,39.8,-2.8702,1489784,1.17,7.8,15.0,2.66,-5.71,-1,-0.32,-0.02,-0.3
Day-386,google/gemma-2-9b-it,ENTJ,memory,flat,456,0.92,flat,122.76,122.74163653697332,12399.926153218654,1.1946495612146605e-107,101.00949945600075,BUY,0.5,"The trend is down but RSI is oversold and P/E is reasonable.  A bounce is likely, and I will capitalize on it.",129.45,137.2,39.0,-3.1269,1172379,0.92,7.5,15.0,2.67,-5.65,-1,-0.17,-0.11,-0.07
Day-387,google/gemma-2-9b-it,ENTJ,memory,flat,456,0.92,flat,125.0,124.82614773353704,12626.187432000093,5.9732478060733025e-108,101.00949945600075,BUY,0.5,"The trend is slightly down but RSI is low and volume ratio is positive, suggesting potential for a reversal. Buying now allows for capturing upside if the momentum shifts.",129.0,136.79,42.3,-3.1142,1434168,1.1,14.8,15.0,2.66,-5.69,-1,-0.06,-0.12,0.06
Day-388,google/gemma-2-9b-it,ENTJ,memory,flat,456,0.92,flat,125.29,126.48909753579613,12655.480186842335,2.9866239030366513e-108,101.00949945600075,BUY,0.5,"The trend is slightly down, but the price is still above both the 20 and 60 day SMAs.  Momentum is still positive and warrants a buy.",128.39,136.29,49.7,-3.0454,1206910,0.93,16.6,14.9,2.69,-5.8,-1,0.22,-0.06,0.28
Day-389,google/gemma-2-9b-it,ENTJ,memory,flat,456,0.92,flat,124.25,123.80469472065583,12550.430307408094,1.4933119515183256e-108,101.00949945600075,BUY,0.5,"The trend is still up, indicated by the SMA20/60 crossover and positive RSI.  Momentum is strong enough to warrant a buy position.",127.76,135.74,40.5,-3.0397,1458898,1.11,13.6,15.1,2.66,-5.88,-1,0.34,0.0,0.34
Day-390,google/gemma-2-9b-it,ENTJ,memory,flat,456,0.92,flat,119.16,118.28536325333248,12036.29195517705,7.466559757591628e-109,101.00949945600075,BUY,0.5,"The trend is down but RSI is oversold and P/E is reasonable.  A bounce is likely, and I will buy to capitalize on the momentum.",127.01,135.15,39.9,-3.4068,1282594,0.98,17.1,15.1,2.65,-6.02,-1,0.3,0.12,0.17
Day-391,google/gemma-2-9b-it,ENTJ,memory,flat,456,0.92,flat,117.72,117.74211862047099,11890.838275960408,3.733279878795814e-109,101.00949945600075,BUY,0.5,"The trend is down but RSI is oversold and P/E is reasonable.  Momentum can shift quickly, and this presents a buying opportunity.",126.28,134.67,35.3,-3.77,1243838,0.95,13.2,15.0,2.67,-6.23,-1,0.47,0.25,0.21
Day-392,google/gemma-2-9b-it,ENTJ,memory,flat,456,0.92,flat,119.7,119.72257944942011,12090.837084883291,1.866639939397907e-109,101.00949945600075,BUY,0.5,"The trend is down but RSI is oversold and P/E is reasonable.  A bounce is likely, and I will capitalize on it.",125.8,134.17,32.4,-3.8539,1213147,0.94,11.2,15.0,2.67,-6.24,-1,-0.03,0.26,-0.29
Day-393,google/gemma-2-9b-it,ENTJ,memory,flat,456,0.92,flat,120.17,119.94428240259036,12138.311549627611,9.333199696989535e-110,101.00949945600075,BUY,0.5,"The trend is down but RSI is oversold and P/E is reasonable.  Momentum can shift quickly, and this presents a buying opportunity.",125.31,133.6,30.7,-3.8387,1145585,0.89,9.4,15.0,2.66,-6.2,-1,0.28,0.27,0.01
Day-394,google/gemma-2-9b-it,ENTJ,memory,flat,456,0.92,flat,120.11,119.8919638331437,12132.25097966025,4.6665998484947676e-110,101.00949945600075,BUY,0.5,"The trend is down but RSI is oversold and P/E is reasonable.  Momentum can shift quickly, and this presents a buying opportunity.",125.04,133.08,31.1,-3.7871,1489337,1.15,13.7,15.0,2.66,-6.04,-1,-0.44,0.11,-0.56
Day-395,google/gemma-2-9b-it,ENTJ,memory,flat,456,0.92,flat,118.15,118.75029812846383,11934.272360726489,2.3332999242473838e-110,101.00949945600075,BUY,0.5,"The trend is down but RSI is oversold and the P/E ratio is reasonable.  A bounce is likely, and I will capitalize on it.",124.5,132.58,22.4,-3.8602,1450607,1.11,9.8,14.9,2.68,-6.09,-1,0.16,0.09,0.08
Day-396,google/gemma-2-9b-it,ENTJ,memory,flat,456,0.92,flat,118.65,119.16673977304664,11984.77711045449,1.1666499621236919e-110,101.00949945600075,BUY,0.5,"The trend is down, but the RSI is oversold and the P/E ratio is reasonable. This presents a buying opportunity for a potential rebound.",124.22,132.06,25.9,-3.8334,1320731,1.01,18.7,14.9,2.68,-5.94,-1,-0.01,-0.01,-0.0
Day-397,google/gemma-2-9b-it,ENTJ,memory,flat,456,0.92,flat,122.63,121.84927094911349,12386.794918289372,5.8332498106184595e-111,101.00949945600075,BUY,0.5,The trend is slightly down but the RSI is oversold and the P/E ratio is reasonable.  Momentum is still positive and a buy at this price could lead to significant gains.,124.08,131.62,41.1,-3.4515,1259566,0.96,14.3,15.1,2.65,-5.73,-1,0.04,0.01,0.03
Day-398,google/gemma-2-9b-it,ENTJ,memory,flat,456,0.92,flat,120.06,120.30196986722163,12127.200504687451,2.9166249053092298e-111,101.00949945600075,BUY,0.5,"The trend is down, but RSI is oversold and P/E is reasonable.  A bounce is likely, and I will capitalize on it.",123.67,131.11,36.3,-3.3183,1450622,1.11,12.9,15.0,2.67,-5.68,-1,-0.33,-0.12,-0.21
Day-399,google/gemma-2-9b-it,ENTJ,memory,flat,456,0.92,flat,117.55,116.87410235465538,11873.666661052888,1.4583124526546149e-111,101.00949945600075,BUY,0.5,"The trend is down but RSI is oversold and P/E is reasonable.  A bounce is likely, and I will capitalize on the momentum.",123.07,130.53,34.2,-3.3763,1134393,0.87,11.6,15.1,2.65,-5.72,-1,0.03,-0.02,0.05
Day-400,google/gemma-2-9b-it,ENTJ,memory,flat,456,0.92,flat,118.18,118.08772510657022,11937.30264571017,7.291562263273074e-112,101.00949945600075,BUY,0.5,"The trend is down but RSI is oversold and P/E is reasonable.  A bounce is likely, allowing for a quick profit.",122.52,130.03,40.7,-3.3326,1026877,0.78,8.6,15.0,2.66,-5.78,-1,0.24,-0.01,0.24
Day-401,google/gemma-2-9b-it,ENTJ,memory,flat,456,0.92,flat,115.74,115.72848457215336,11690.839467037527,3.645781131636537e-112,101.00949945600075,BUY,0.5,"The trend is down but RSI is oversold and P/E ratio is reasonable.  Momentum could reverse soon, offering a buying opportunity.",121.75,129.49,31.4,-3.4553,1213153,0.94,13.9,15.0,2.67,-5.98,-1,0.48,0.09,0.39
Day-402,google/gemma-2-9b-it,ENTJ,memory,flat,456,0.92,flat,112.17,112.40071395092102,11330.235553979604,1.8228905658182686e-112,101.00949945600075,BUY,0.5,"The trend is down but RSI is oversold.  A bounce is likely, and I will capitalize on the momentum.",120.88,128.9,26.8,-3.7969,1154383,0.9,12.5,15.0,2.67,-6.22,-1,0.43,0.17,0.26
Day-403,google/gemma-2-9b-it,ENTJ,memory,flat,456,0.92,flat,114.4,114.21833270545305,11555.486737766487,9.114452829091343e-113,101.00949945600075,BUY,0.5,"The trend is down but RSI is oversold and P/E is reasonable.  Momentum can shift quickly, and a buy now could capitalize on an upcoming uptrend.",120.26,128.36,33.3,-3.8432,1322493,1.02,10.5,15.0,2.66,-6.31,-1,0.45,0.33,0.12
Day-404,google/gemma-2-9b-it,ENTJ,memory,flat,456,0.92,flat,114.94,115.15534401839204,11610.031867472726,4.5572264145456715e-113,101.00949945600075,BUY,0.5,The trend is down but RSI is oversold and P/E is reasonable.  Momentum shifts can be profitable.,119.65,127.8,41.5,-3.7928,1161500,0.91,8.8,15.0,2.67,-6.38,-1,0.44,0.41,0.04
Day-405,google/gemma-2-9b-it,ENTJ,memory,flat,456,0.92,flat,112.99,112.92704194933675,11413.063343533524,2.2786132072728357e-113,101.00949945600075,BUY,0.5,"The trend is slightly down, but the price is near the SMA20.  Momentum is still positive and a buy at this price could capitalize on a rebound.",118.98,127.14,40.7,-3.8652,1254569,0.99,11.5,15.0,2.67,-6.42,-1,-0.23,0.31,-0.55
Day-406,google/gemma-2-9b-it,ENTJ,memory,flat,456,0.92,flat,114.76,114.90346254255222,11591.850157570647,1.1393066036364179e-113,101.00949945600075,BUY,0.5,The trend is down but RSI is oversold and P/E is reasonable.  Momentum shift is likely.,118.58,126.56,40.2,-3.7366,1067725,0.84,9.0,15.0,2.67,-6.3,-1,0.19,0.26,-0.06
Day-407,google/gemma-2-9b-it,ENTJ,memory,flat,456,0.92,flat,113.8,114.32436583096448,11494.881038092886,5.6965330181820894e-114,101.00949945600075,BUY,0.5,"The trend is down but RSI is oversold and P/E is reasonable.  A bounce is likely, and I will capitalize on it.",118.02,126.04,37.6,-3.6705,1033350,0.83,7.9,14.9,2.68,-6.36,-1,-0.03,0.17,-0.19
Day-408,google/gemma-2-9b-it,ENTJ,memory,flat,456,0.92,flat,117.61,117.4331529075731,11879.727231020248,2.8482665090910447e-114,101.00949945600075,BUY,0.5,The trend is slightly down but the price is above the 20 SMA.  Momentum is still positive and I will buy to chase the potential upside.,117.64,125.67,45.8,-3.2724,1105721,0.89,7.5,15.0,2.66,-6.39,-1,0.31,0.14,0.18
Day-409,google/gemma-2-9b-it,ENTJ,memory,flat,456,0.92,flat,115.09,115.23519004547273,11625.183292391128,1.4241332545455223e-114,101.00949945600075,BUY,0.5,"The trend is slightly down, but the RSI is below 50 indicating potential for a bounce.  Momentum is key, and a half position allows for quick profit if the trend reverses.",117.18,125.26,44.9,-3.1247,1321945,1.07,9.6,15.0,2.67,-6.45,-1,-0.26,-0.0,-0.26
Day-410,google/gemma-2-9b-it,ENTJ,memory,flat,456,0.92,flat,114.19,114.07592268911475,11534.274742880725,7.120666272727612e-115,101.00949945600075,BUY,0.5,"The trend is down but RSI is oversold and volume ratio is positive. This suggests a potential bounce, aligning with momentum trading strategy.",116.93,124.85,42.7,-3.0449,1383264,1.12,8.4,15.0,2.66,-6.34,-1,0.3,0.1,0.2
Day-411,google/gemma-2-9b-it,ENTJ,memory,flat,456,0.92,flat,113.88,113.76274597598584,11502.961798049366,3.560333136363806e-115,101.00949945600075,BUY,0.5,The trend is down but RSI is oversold and price is below both SMAs. This presents a potential buying opportunity for a bounce back to the uptrend.,116.74,124.34,33.6,-2.9726,1450286,1.16,13.9,15.0,2.66,-6.11,-1,-0.14,0.04,-0.18
Day-412,google/gemma-2-9b-it,ENTJ,memory,flat,456,0.92,flat,114.05,113.31078183217875,11520.133412956886,1.780166568181903e-115,101.00949945600075,BUY,0.5,"The trend is down but RSI is oversold and volume is high, suggesting a potential reversal. Buying now allows for a quick profit if the momentum shifts.",116.45,123.85,37.7,-2.8685,1412787,1.12,18.5,15.1,2.65,-5.97,-1,0.15,0.07,0.08
Day-413,google/gemma-2-9b-it,ENTJ,memory,flat,456,0.92,flat,113.0,113.54727229189132,11414.073438528085,8.900832840909515e-116,101.00949945600075,BUY,0.5,"The trend is down but RSI is oversold and P/E is reasonable.  Momentum can shift quickly, and this presents a buying opportunity.",116.1,123.35,40.1,-2.8374,1124421,0.89,18.1,14.9,2.68,-5.88,-1,-0.15,-0.02,-0.13
Day-414,google/gemma-2-9b-it,ENTJ,memory,flat,456,0.92,flat,115.33,114.8493018857639,11649.425572260567,4.4504164204547573e-116,101.00949945600075,BUY,0.5,"The trend is slightly down, but the RSI is below 50 indicating potential for a bounce.  Momentum is key, and a half position buy allows for quick profit if the trend reverses.",115.86,122.9,44.2,-2.5955,1360821,1.09,13.7,15.1,2.66,-5.73,-1,0.3,0.09,0.21
Day-415,google/gemma-2-9b-it,ENTJ,memory,flat,456,0.92,flat,113.62,114.39006108007264,11476.699328190805,2.2252082102273787e-116,101.00949945600075,BUY,0.5,The trend is slightly down but the SMA20/60 crossover is positive.  Momentum is still present and a buy at this price could capitalize on a rebound.,115.63,122.48,45.5,-2.5129,1183313,0.96,15.4,14.9,2.68,-5.59,-1,0.21,0.07,0.14
Day-416,google/gemma-2-9b-it,ENTJ,memory,flat,456,0.92,flat,119.62,119.15636558592595,12082.756324926811,1.1126041051136893e-116,101.00949945600075,BUY,0.5,"The trend is up according to both the SMA20 and SMA60, and the RSI is above 60 indicating bullish momentum.  This aligns with the mandate to chase growth in an uptrend.",115.68,122.21,64.2,-1.9407,1111973,0.91,11.1,15.1,2.66,-5.35,-1,0.1,0.12,-0.02
Day-417,google/gemma-2-9b-it,ENTJ,memory,flat,456,0.92,flat,119.51,119.55365881787772,12071.645279986651,5.563020525568447e-117,101.00949945600075,BUY,0.5,"The trend is up according to both the SMA20 and SMA60, and the RSI is above 60 indicating bullish momentum.  This aligns with the mandate to chase growth in an uptrend.",115.52,121.93,60.6,-1.4789,1475929,1.19,12.1,15.0,2.67,-5.25,-1,0.02,0.1,-0.07
Day-418,google/gemma-2-9b-it,ENTJ,memory,flat,456,0.92,flat,119.82,119.46404870148324,12102.95822481801,2.7815102627842233e-117,101.00949945600075,BUY,0.5,"The trend is up based on the SMA crossover and RSI is above 60.  Momentum is strong, indicating potential for further growth.",115.51,121.57,60.2,-1.0758,1113954,0.91,10.8,15.0,2.66,-4.98,-1,0.45,0.22,0.23
Day-419,google/gemma-2-9b-it,ENTJ,memory,flat,456,0.92,flat,118.63,118.5221182376362,11982.756920465368,1.3907551313921117e-117,101.00949945600075,BUY,0.5,"The trend is up according to both the SMA20 and SMA60, and the RSI is above 60 indicating positive momentum.  This aligns with the mandate to buy in an uptrend.",115.57,121.21,62.2,-0.8421,1164188,0.95,12.4,15.0,2.66,-4.65,-1,-0.66,0.02,-0.69
Day-420,google/gemma-2-9b-it,ENTJ,memory,flat,456,0.92,flat,123.01,123.15460909659528,12425.178528082653,6.953775656960558e-118,101.00949945600075,BUY,0.5,"The trend is up according to both the SMA20 and SMA60, indicating momentum.  RSI is above 60, suggesting further upward potential.",115.81,120.99,66.0,-0.3004,1209822,0.98,10.5,15.0,2.67,-4.28,-1,-0.17,-0.05,-0.12
Day-421,google/gemma-2-9b-it,ENTJ,memory,flat,456,0.92,flat,123.47,123.2948835082581,12471.642897832413,3.476887828480279e-118,101.00949945600075,BUY,0.5,"The trend is up according to both the SMA20 and SMA60, and RSI is above 60 indicating upward momentum.  Implied volatility is low, suggesting a potential for further price increase.",116.19,120.81,69.2,0.1643,1482726,1.19,8.3,15.0,2.66,-3.82,-1,0.14,-0.04,0.19
Day-422,google/gemma-2-9b-it,ENTJ,memory,flat,456,0.92,flat,122.18,122.17721188205171,12341.340643534173,1.7384439142401396e-118,101.00949945600075,BUY,0.5,"The trend is up according to both the SMA20 and SMA60, and the RSI is above 60 indicating bullish momentum.  I will buy half my available capital to capitalize on this upward trend.",116.69,120.67,60.1,0.4237,1188628,0.95,7.5,15.0,2.67,-3.29,-1,0.0,-0.05,0.05
Day-423,google/gemma-2-9b-it,ENTJ,memory,flat,456,0.92,flat,120.69,120.72486783088421,12190.83648934473,8.692219571200698e-119,101.00949945600075,BUY,0.5,"The trend is up according to both the SMA20 and SMA60, and RSI is above 60 indicating positive momentum.  This aligns with the mandate to buy in an uptrend.",117.01,120.48,62.9,0.503,1115214,0.9,7.5,15.0,2.67,-2.88,-1,-0.6,-0.26,-0.34
Day-424,google/gemma-2-9b-it,ENTJ,memory,flat,456,0.92,flat,119.83,120.26463455496845,12103.96831981257,4.346109785600349e-119,101.00949945600075,BUY,0.5,"The trend is up, supported by the SMA20/60 crossover and positive RSI. Implied volatility suggests potential for significant price swings, aligning with the momentum strategy.",117.25,120.37,63.0,0.4911,1252173,1.01,16.3,14.9,2.68,-2.59,-1,-0.41,-0.21,-0.2
Day-425,google/gemma-2-9b-it,ENTJ,memory,flat,456,0.92,flat,119.73,119.47220280254187,12093.86736986697,2.1730548928001745e-119,101.00949945600075,BUY,0.5,"The trend is up, supported by the SMA20/60 crossover and positive RSI.  Implied volatility suggests potential for significant price movement, aligning with the momentum mandate.",117.59,120.18,63.6,0.4676,1075692,0.87,12.7,15.0,2.66,-2.16,-1,-0.06,-0.19,0.12
Day-426,google/gemma-2-9b-it,ENTJ,memory,flat,456,0.92,flat,113.73,114.53347422085494,11487.810373130966,1.0865274464000872e-119,101.00949945600075,BUY,0.5,"Trend is slightly down but RSI is above 50 indicating potential for reversal.  Momentum Commander mandate dictates buying on uptrends, even if slight.",117.54,119.97,49.4,-0.0346,1225314,0.99,14.5,14.9,2.69,-2.03,-1,0.19,-0.18,0.37
Day-427,google/gemma-2-9b-it,ENTJ,memory,flat,456,0.92,flat,114.7,114.43566097000345,11585.789587603287,5.432637232000436e-120,101.00949945600075,BUY,0.5,"The trend is up according to both the SMA20 and SMA60.  Implied volatility is moderate, indicating potential for significant price swings which we can capitalize on.",117.58,119.76,53.1,-0.3505,1199545,0.96,14.8,15.0,2.66,-1.82,0,-0.13,-0.2,0.07
Day-428,google/gemma-2-9b-it,ENTJ,memory,flat,456,0.92,flat,115.32,115.27776098777147,11648.415477266006,2.716318616000218e-120,101.00949945600075,BUY,0.5,Trend is up according to both SMA20/60 and the price is above the 20-day SMA.  Momentum is positive and warrants a buy.,117.47,119.5,50.0,-0.5442,1257005,1.0,11.2,15.0,2.67,-1.7,0,-0.23,-0.13,-0.1
Day-429,google/gemma-2-9b-it,ENTJ,memory,flat,456,0.92,flat,117.22,116.76997977431145,11840.333526232409,1.358159308000109e-120,101.00949945600075,BUY,0.5,Trend is up according to both SMAs and the price is above the 20-day SMA.  Momentum is positive and warrants a buy.,117.58,119.25,57.0,-0.5383,1065374,0.86,11.1,15.1,2.66,-1.41,0,0.33,0.02,0.31
Day-430,google/gemma-2-9b-it,ENTJ,memory,flat,456,0.92,flat,119.62,120.02851840682207,12082.756324926811,6.790796540000545e-121,101.00949945600075,BUY,0.5,"The trend is up according to both the SMA20 and SMA60. Implied volatility is moderate, suggesting potential for significant price movement.",117.85,119.06,50.0,-0.3362,1449726,1.16,9.4,14.9,2.68,-1.02,0,0.5,0.13,0.37
Day-431,google/gemma-2-9b-it,ENTJ,memory,flat,456,0.92,flat,123.54,124.51612863883061,12478.713562794333,3.3953982700002726e-121,101.00949945600075,BUY,0.5,The trend is up according to both the SMA20 and SMA60.  RSI is above 50 indicating positive momentum.,118.33,118.91,57.8,0.1389,1114110,0.91,15.0,14.9,2.69,-0.49,0,0.25,0.14,0.11
Day-432,google/gemma-2-9b-it,ENTJ,memory,flat,456,0.92,flat,129.52,129.5342978711875,13082.750369541218,1.6976991350001363e-121,101.00949945600075,BUY,0.5,"The trend is up according to both the SMA20 and SMA60, and RSI is above 60 indicating upward momentum.  This aligns with the mandate to chase growth in an uptrend.",119.1,118.91,65.4,0.9867,1052662,0.87,10.6,15.0,2.67,0.16,0,-0.7,0.03,-0.73
Day-433,google/gemma-2-9b-it,ENTJ,memory,flat,456,0.92,flat,130.9,130.81902161918086,13222.1434787905,8.488495675000682e-122,101.00949945600075,BUY,0.5,"The trend is up according to the SMA indicators and RSI is above 60.  Implied volatility is moderate, suggesting potential for significant price swings which aligns with the momentum strategy.",120.0,118.99,69.3,1.7496,1148325,0.95,9.1,15.0,2.67,0.85,0,0.55,0.18,0.37
Day-434,google/gemma-2-9b-it,ENTJ,memory,flat,456,0.92,flat,127.76,128.09548358593287,12904.973650498658,4.244247837500341e-122,101.00949945600075,BUY,0.5,"The trend is up, indicated by the SMA20/60 crossover and positive RSI.  Momentum is strong and warrants a purchase to capitalize on the upward trajectory.",120.62,119.0,57.8,2.0774,1065817,0.89,11.7,15.0,2.67,1.36,0,-0.29,0.06,-0.35
Day-435,google/gemma-2-9b-it,ENTJ,memory,flat,456,0.92,flat,130.25,130.3637912392728,13156.487304144099,2.1221239187501704e-122,101.00949945600075,BUY,0.5,"The trend is up, supported by the positive SMA20/60 crossover and rising RSI.  Implied volatility suggests potential for significant price movement, aligning with the momentum strategy.",121.45,119.08,60.4,2.5088,1454349,1.2,13.5,15.0,2.67,1.99,0,-0.06,-0.05,-0.01
Day-436,google/gemma-2-9b-it,ENTJ,memory,flat,456,0.92,flat,131.69,131.3848267543235,13301.940983360739,1.0610619593750852e-122,101.00949945600075,BUY,0.5,The trend is up according to both the SMA20 and SMA60. RSI is above 60 indicating strong momentum.,122.05,119.26,64.5,2.9327,1167404,0.96,11.7,15.0,2.66,2.35,1,-0.18,-0.14,-0.04
Day-437,google/gemma-2-9b-it,ENTJ,memory,flat,456,0.92,flat,132.25,132.3486834113931,13358.5063030561,5.305309796875426e-123,101.00949945600075,BUY,0.5,The trend is up according to both the SMA20 and SMA60. RSI is above 60 indicating strong momentum.,122.69,119.4,68.2,3.2768,1183964,0.99,12.0,15.0,2.67,2.75,1,0.11,0.03,0.08
Day-438,google/gemma-2-9b-it,ENTJ,memory,flat,456,0.92,flat,129.78,129.8749618238799,13109.012839399778,2.652654898437713e-123,101.00949945600075,BUY,0.5,"The trend is up according to both the SMA20 and SMA60, and RSI is above 60 indicating bullish momentum.  Implied volatility is moderate, suggesting potential for significant price swings.",123.19,119.49,64.9,3.3118,1005389,0.84,13.2,15.0,2.67,3.09,1,0.13,-0.06,0.18
Day-439,google/gemma-2-9b-it,ENTJ,memory,flat,456,0.92,flat,126.72,127.1696988563918,12799.923771064416,1.3263274492188565e-123,101.00949945600075,BUY,0.5,The trend is up based on the SMA indicators and RSI is above 50.  Momentum is strong and warrants a buy to capitalize on potential growth.,123.59,119.54,59.6,3.0573,1306981,1.09,18.5,14.9,2.68,3.39,1,-0.5,-0.1,-0.4
Day-440,google/gemma-2-9b-it,ENTJ,memory,flat,456,0.92,flat,126.75,127.37836449939763,12802.954056048096,6.6316372460942824e-124,101.00949945600075,BUY,0.5,"The trend is up according to both the SMA20 and SMA60. RSI is high, indicating strong momentum, justifying a buy.",123.78,119.69,71.4,2.8255,1235739,1.03,16.2,14.9,2.68,3.42,1,0.34,-0.02,0.36
Day-441,google/gemma-2-9b-it,ENTJ,memory,flat,456,0.92,flat,125.8,127.49138384639187,12706.995031564895,3.3158186230471412e-124,101.00949945600075,BUY,0.5,The trend is up according to both the SMA20 and SMA60. RSI is above 60 indicating strong momentum.,123.9,119.86,68.3,2.5357,1325335,1.11,18.5,14.8,2.7,3.37,1,-0.02,0.01,-0.03
Day-442,google/gemma-2-9b-it,ENTJ,memory,flat,456,0.92,flat,129.17,129.10632199451754,13047.397044731617,1.6579093115235706e-124,101.00949945600075,BUY,0.5,"The trend is up based on the SMA20/60 crossover and RSI is above 70, indicating strong momentum.  I will buy half my available capital to capitalize on this upward trend.",124.25,120.04,70.9,2.5485,1419240,1.18,15.2,15.0,2.67,3.5,1,-0.14,-0.04,-0.1
Day-443,google/gemma-2-9b-it,ENTJ,memory,flat,456,0.92,flat,127.83,127.94358717702927,12912.044315460576,8.289546557617853e-125,101.00949945600075,BUY,0.5,"Trend is up based on SMA20/60 crossover and RSI is above 60.  Implied volatility is moderate, suggesting potential for significant price swings.",124.6,120.2,66.3,2.4224,1023184,0.85,12.2,15.0,2.67,3.67,1,-0.17,-0.1,-0.07
Day-444,google/gemma-2-9b-it,ENTJ,memory,flat,456,0.92,flat,130.2,130.62197503126401,13151.436829171296,4.1447732788089265e-125,101.00949945600075,BUY,0.5,"The trend is up according to both the SMA20 and SMA60, and the RSI is above 60 indicating bullish momentum.  I will buy half my available capital to capitalize on this upward trend.",125.12,120.4,66.3,2.4857,1290475,1.07,12.2,15.0,2.68,3.92,1,-0.08,-0.01,-0.07
Day-445,google/gemma-2-9b-it,ENTJ,memory,flat,456,0.92,flat,130.72,131.2246928560319,13203.96176888842,2.0723866394044633e-125,101.00949945600075,BUY,0.5,"The trend is up according to both the SMA20 and SMA60, and the RSI is above 60 indicating bullish momentum.  I will buy half my available capital to capitalize on this upward trend.",125.67,120.65,62.3,2.5481,1162285,0.96,10.6,14.9,2.68,4.16,1,-0.25,-0.13,-0.12
Day-446,google/gemma-2-9b-it,ENTJ,memory,flat,456,0.92,flat,130.81,130.98207369383522,13213.05262383946,1.0361933197022316e-125,101.00949945600075,BUY,0.5,Trend is up according to both SMA indicators.  RSI is above 50 indicating positive momentum.,126.53,120.89,52.8,2.575,1247043,1.03,9.9,15.0,2.67,4.66,1,-0.27,-0.18,-0.09
Day-447,google/gemma-2-9b-it,ENTJ,memory,flat,456,0.92,flat,128.62,128.23827660983815,12991.841820030817,5.180966598511158e-126,101.00949945600075,BUY,0.5,"The trend is up based on the SMA20/60 crossover.  Implied volatility is moderate, indicating potential for significant price swings which aligns with the momentum strategy.",127.22,121.01,45.3,2.3923,1183135,0.98,8.3,15.0,2.66,5.13,1,-0.15,-0.19,0.03
Day-448,google/gemma-2-9b-it,ENTJ,memory,flat,456,0.92,flat,130.16,130.10082896020216,13147.396449193058,2.590483299255579e-126,101.00949945600075,BUY,0.5,The trend is up based on the SMA20/60 crossover and the price is above the 127.96 level.  Momentum is strong and warrants a buy position.,127.96,121.22,55.3,2.3443,1065662,0.89,7.5,15.0,2.67,5.57,1,-0.51,-0.25,-0.26
Day-449,google/gemma-2-9b-it,ENTJ,memory,flat,456,0.92,flat,128.76,128.87136268360925,13005.983149954656,1.2952416496277895e-126,101.00949945600075,BUY,0.5,"The 20-day SMA is above the 60-day SMA, indicating an uptrend.  RSI is above 40, suggesting upward momentum.",128.54,121.44,46.5,2.1687,1171468,0.97,10.6,15.0,2.67,5.85,1,0.63,-0.11,0.75
Day-450,google/gemma-2-9b-it,ENTJ,memory,flat,456,0.92,flat,127.85,127.72322140207612,12914.064505449696,6.476208248138948e-127,101.00949945600075,BUY,0.5,The trend is up according to both the SMA20 and SMA60.  RSI is above 40 indicating potential for continued upward momentum.,128.95,121.63,40.8,1.9338,1156682,0.97,9.8,15.0,2.66,6.02,1,0.18,-0.03,0.2
Day-451,google/gemma-2-9b-it,ENTJ,memory,flat,456,0.92,flat,127.36,127.04887664729296,12864.569850716256,3.238104124069474e-127,101.00949945600075,BUY,0.5,The trend is up according to both the SMA20 and SMA60. RSI is below 50 indicating potential for further upward movement.,129.14,121.87,38.2,1.6889,1270724,1.06,9.8,15.0,2.66,5.97,1,-0.02,0.02,-0.04
Day-452,google/gemma-2-9b-it,ENTJ,memory,flat,456,0.92,flat,134.21,134.04259794939273,13556.484921989862,1.619052062034737e-127,101.00949945600075,BUY,0.5,The trend is up based on both SMA indicators.  RSI is above 50 indicating upward momentum.,129.38,122.31,58.8,2.0238,1227109,1.02,8.0,15.0,2.66,5.78,1,-0.01,0.05,-0.06
Day-453,google/gemma-2-9b-it,ENTJ,memory,flat,456,0.92,flat,135.6,135.25115440443238,13696.888126233702,8.095260310173685e-128,101.00949945600075,BUY,0.5,"Trend is up based on SMA20/60 crossover. RSI is above 60 indicating strong momentum, supporting a BUY.",129.61,122.73,69.0,2.3743,1161498,0.96,9.0,15.0,2.66,5.61,1,0.36,0.23,0.13
Day-454,google/gemma-2-9b-it,ENTJ,memory,flat,456,0.92,flat,135.83,135.32305816609895,13720.120311108583,4.0476301550868423e-128,101.00949945600075,BUY,0.5,"The trend is up according to both the SMA20 and SMA60, and the RSI is above 60 indicating upward momentum.  I will buy half my available capital to capitalize on this trend.",130.02,123.15,69.2,2.6398,1440687,1.18,11.4,15.1,2.66,5.58,1,-0.44,0.01,-0.45
Day-455,google/gemma-2-9b-it,ENTJ,memory,flat,456,0.92,flat,138.19,138.4525131866769,13958.502729824744,2.0238150775434212e-128,101.00949945600075,BUY,0.5,"The trend is up according to both the SMA20 and SMA60, and RSI is high indicating strong momentum.  This aligns with the mandate to chase big wins in an uptrend.",130.41,123.65,74.8,3.0062,1138568,0.94,10.8,15.0,2.67,5.47,1,0.05,-0.01,0.06
Day-456,google/gemma-2-9b-it,ENTJ,memory,flat,456,0.92,flat,144.87,145.0239611726042,14633.24618619083,1.0119075387717106e-128,101.00949945600075,BUY,0.5,"The price is above both the 20 and 60 day SMAs, indicating an uptrend. RSI is high but not overbought, suggesting continued momentum.",131.07,124.25,77.7,3.7922,1219918,1.01,9.3,15.0,2.67,5.49,1,0.04,0.0,0.04
Day-457,google/gemma-2-9b-it,ENTJ,memory,flat,456,0.92,flat,147.42,147.5887094024136,14890.82040980363,5.059537693858553e-129,101.00949945600075,BUY,0.5,"The trend is up according to both the SMA20 and SMA60, and RSI is high indicating strong momentum.  This suggests a continued upward trajectory and potential for significant gains.",131.83,124.93,83.2,4.568,1266286,1.04,11.6,15.0,2.67,5.53,1,-0.12,-0.02,-0.1
Day-458,google/gemma-2-9b-it,ENTJ,memory,flat,456,0.92,flat,151.17,150.9449815373871,15269.606032763633,2.5297688469292764e-129,101.00949945600075,BUY,0.5,"The trend is up, supported by the SMA20/60 crossover and positive volume ratio. RSI is high but not yet in overbought territory, indicating potential for further upside.",132.9,125.6,83.9,5.4233,1274231,1.04,18.1,15.0,2.66,5.81,1,-0.19,-0.13,-0.06
Day-459,google/gemma-2-9b-it,ENTJ,memory,flat,456,0.92,flat,149.26,149.0504590648144,15076.677888802671,1.2648844234646382e-129,101.00949945600075,BUY,0.5,"The trend is up according to both the SMA20 and SMA60, and the RSI is high, indicating strong momentum.  This suggests a continued upward trajectory, aligning with the mandate to chase big wins.",134.03,126.28,78.7,5.8785,1472332,1.19,16.4,15.0,2.66,6.13,1,0.18,-0.01,0.19
Day-460,google/gemma-2-9b-it,ENTJ,memory,flat,456,0.92,flat,151.16,151.41210646924347,15268.595937769074,6.324422117323191e-130,101.00949945600075,BUY,0.5,"The trend is clearly upward, supported by the SMA20/60 and RSI.  Momentum is strong and warrants a purchase to capitalize on the potential for further growth.",135.25,127.02,79.8,6.3204,1473726,1.18,15.1,15.0,2.67,6.48,1,0.13,0.01,0.12
Day-461,google/gemma-2-9b-it,ENTJ,memory,flat,456,0.92,flat,151.8,151.22142446031143,15333.242017420915,3.1622110586615956e-130,101.00949945600075,BUY,0.5,"The trend is up, indicated by the SMA20/60 crossover and the RSI above 70.  Momentum is strong and warrants a purchase to capitalize on potential further gains.",136.55,127.78,85.5,6.6453,1365266,1.09,15.0,15.1,2.66,6.86,1,-0.12,-0.02,-0.1
Day-462,google/gemma-2-9b-it,ENTJ,memory,flat,456,0.92,flat,154.6,153.94180379113627,15616.068615897715,1.5811055293307978e-130,101.00949945600075,BUY,0.5,"The trend is up, supported by the SMA20/60 and RSI.  Momentum is strong and warrants a buy to capitalize on potential further gains.",137.82,128.59,86.1,7.0472,1289446,1.04,13.4,15.1,2.66,7.18,1,0.06,0.01,0.05
Day-463,google/gemma-2-9b-it,ENTJ,memory,flat,456,0.92,flat,150.36,150.0384958684607,15187.788338204275,7.905527646653989e-131,101.00949945600075,BUY,0.5,"The trend is up, supported by the SMA20/60 crossover and positive RSI.  Implied volatility is manageable, indicating potential for significant price movement.",138.95,129.34,79.4,6.9437,1029656,0.83,14.7,15.0,2.66,7.43,1,-0.19,0.01,-0.2
Day-464,google/gemma-2-9b-it,ENTJ,memory,flat,456,0.92,flat,154.74,154.3696136262522,15630.209945821558,3.9527638233269944e-131,101.00949945600075,BUY,0.5,"The trend is up according to both the SMA20 and SMA60, and RSI is high indicating strong momentum.  This suggests a continued upward trajectory, aligning with the mandate to chase big wins.",140.17,130.13,83.5,7.1326,1060645,0.86,14.1,15.0,2.66,7.72,1,0.07,-0.01,0.08
Day-465,google/gemma-2-9b-it,ENTJ,memory,flat,456,0.92,flat,150.13,149.93602312508733,15164.556153329393,1.9763819116634972e-131,101.00949945600075,BUY,0.5,"The trend is up, supported by the SMA20/60 crossover and positive RSI.  Implied volatility suggests potential for significant price movement, aligning with the momentum strategy.",141.14,130.86,75.7,6.8321,1393189,1.12,16.2,15.0,2.66,7.86,1,-0.04,-0.04,0.0
Day-466,google/gemma-2-9b-it,ENTJ,memory,flat,456,0.92,flat,149.16,149.99265104406726,15066.576938857072,9.881909558317486e-132,101.00949945600075,BUY,0.5,"The trend is up, supported by the SMA20/60 crossover and positive RSI.  Momentum is strong, indicating potential for further growth.",142.06,131.45,69.5,6.4415,1040089,0.84,13.1,14.9,2.68,8.08,1,0.54,0.09,0.45
Day-467,google/gemma-2-9b-it,ENTJ,memory,flat,456,0.92,flat,150.85,150.88784900079398,15237.282992937713,4.940954779158743e-132,101.00949945600075,BUY,0.5,The trend is up according to both the SMA20 and SMA60. RSI is above 60 indicating strong momentum.,143.17,132.07,69.7,6.1965,1281292,1.03,11.8,15.0,2.67,8.4,1,-0.15,0.05,-0.2
Day-468,google/gemma-2-9b-it,ENTJ,memory,flat,456,0.92,flat,150.99,150.3537838420519,15251.424322861554,2.4704773895793715e-132,101.00949945600075,BUY,0.5,"The trend is up according to both the SMA20 and SMA60, and the RSI is above 60 indicating strong momentum.  This suggests a continued upward trajectory and a good opportunity to capitalize on the trend.",144.22,132.7,69.6,5.945,1479229,1.17,14.1,15.1,2.66,8.68,1,0.27,0.14,0.13
Day-469,google/gemma-2-9b-it,ENTJ,memory,flat,456,0.92,flat,150.72,151.89053534774501,15224.151758008433,1.2352386947896858e-132,101.00949945600075,BUY,0.5,Trend is up based on SMA20/60 crossover. RSI is above 60 indicating strong momentum.,145.31,133.34,67.2,5.6591,1248034,0.99,14.3,14.9,2.69,8.98,1,0.08,0.14,-0.06
Day-470,google/gemma-2-9b-it,ENTJ,memory,flat,456,0.92,flat,153.21,152.31997244940172,15475.665411653876,6.176193473948429e-133,101.00949945600075,BUY,0.5,"The trend is up according to both the SMA20 and SMA60. RSI is above 60 indicating strong momentum, supporting a BUY signal.",146.58,133.94,62.9,5.5694,1257825,0.99,12.2,15.1,2.65,9.44,1,0.15,0.18,-0.03
Day-471,google/gemma-2-9b-it,ENTJ,memory,flat,456,0.92,flat,152.77,153.0100665740447,15431.221231893236,3.0880967369742144e-133,101.00949945600075,BUY,0.5,The trend is up according to both the SMA20 and SMA60. RSI is above 50 indicating upward momentum.,147.85,134.53,58.8,5.4002,1148133,0.91,11.8,15.0,2.67,9.9,1,-0.1,0.05,-0.15
Day-472,google/gemma-2-9b-it,ENTJ,memory,flat,456,0.92,flat,151.14,150.95045775978616,15266.575747779953,1.5440483684871072e-133,101.00949945600075,BUY,0.5,"The trend is up based on the SMA20/60 crossover.  Implied volatility is moderate, suggesting potential for significant price movement.",148.7,135.11,49.9,5.0759,1307847,1.03,16.5,15.0,2.66,10.06,1,0.09,0.1,-0.01
Day-473,google/gemma-2-9b-it,ENTJ,memory,flat,456,0.92,flat,149.9,149.62678732426232,15141.323968454513,7.720241842435536e-134,101.00949945600075,BUY,0.5,The trend is up according to both the SMA20 and SMA60.  RSI is above 50 indicating upward momentum.,149.41,135.69,51.2,4.665,1079579,0.85,18.7,15.0,2.66,10.11,1,-0.48,-0.05,-0.43
Day-474,google/gemma-2-9b-it,ENTJ,memory,flat,456,0.92,flat,146.25,146.6718912618592,14772.63929544011,3.860120921217768e-134,101.00949945600075,BUY,0.5,"The 20-day SMA is above the 60-day SMA, indicating an uptrend.  RSI is below 50, suggesting potential for further upside.",149.93,136.22,41.6,3.9987,1009916,0.81,14.3,15.0,2.67,10.07,1,-0.15,-0.1,-0.06
Day-475,google/gemma-2-9b-it,ENTJ,memory,flat,456,0.92,flat,144.19,144.2354828417744,14564.559726560748,1.930060460608884e-134,101.00949945600075,BUY,0.5,The 20-day SMA is above the 60-day SMA indicating an uptrend. RSI is below 50 suggesting potential for further upside.,150.23,136.71,37.6,3.267,1325520,1.06,11.2,15.0,2.67,9.89,1,-0.36,-0.2,-0.16
Day-476,google/gemma-2-9b-it,ENTJ,memory,flat,456,0.92,flat,152.98,152.7955156460515,15452.433226778994,9.65030230304442e-135,101.00949945600075,BUY,0.5,"The trend is up, indicated by the SMA20/60 crossover and the price above the 150.64 level.  Implied volatility is low, suggesting a potential for sustained momentum.",150.64,137.5,47.8,3.3579,1142380,0.92,10.1,15.0,2.66,9.56,1,0.35,-0.11,0.46
Day-477,google/gemma-2-9b-it,ENTJ,memory,flat,456,0.92,flat,153.43,152.9437928083996,15497.887501534196,4.82515115152221e-135,101.00949945600075,BUY,0.5,The trend is up based on the SMA20/60 crossover and RSI is above 50.  Momentum is strong and warrants a buy.,150.94,138.27,54.7,3.4262,1361588,1.09,8.3,15.0,2.66,9.16,1,0.31,-0.07,0.38
Day-478,google/gemma-2-9b-it,ENTJ,memory,flat,456,0.92,flat,151.94,152.0942049889187,15347.383347344754,2.412575575761105e-135,101.00949945600075,BUY,0.5,"The 20-day SMA is above the 60-day SMA, indicating an uptrend.  RSI is above 40, suggesting buying pressure.",150.98,139.0,45.3,3.3218,1197683,0.96,7.7,15.0,2.67,8.62,1,0.03,0.03,-0.0
Day-479,google/gemma-2-9b-it,ENTJ,memory,flat,456,0.92,flat,147.27,147.0363632816549,14875.668984885231,1.2062877878805525e-135,101.00949945600075,BUY,0.5,"The 20-day SMA is above the 60-day SMA, indicating an uptrend.  RSI is above 40, suggesting buying pressure.",150.88,139.6,45.2,2.8304,1475684,1.18,7.5,15.0,2.66,8.08,1,-0.36,-0.01,-0.36
Day-480,google/gemma-2-9b-it,ENTJ,memory,flat,456,0.92,flat,145.9,145.90606370073357,14737.28597063051,6.0314389394027625e-136,101.00949945600075,BUY,0.5,The trend is up according to both the SMA20 and SMA60.  RSI is above 40 indicating potential for further upward movement.,150.62,140.13,44.6,2.3035,1034886,0.84,7.5,15.0,2.67,7.48,1,0.24,0.11,0.13
Day-481,google/gemma-2-9b-it,ENTJ,memory,flat,456,0.92,flat,144.11,144.32242704123615,14556.47896660427,3.0157194697013813e-136,101.00949945600075,BUY,0.5,The 20-day SMA is above the 60-day SMA indicating an uptrend. RSI is below 50 suggesting potential for further upside.,150.23,140.54,38.9,1.722,1304762,1.07,8.0,15.0,2.67,6.9,1,0.53,0.15,0.38
Day-482,google/gemma-2-9b-it,ENTJ,memory,flat,456,0.92,flat,144.66,145.11439027018673,14612.034191305069,1.5078597348506906e-136,101.00949945600075,BUY,0.5,The trend is up according to both the SMA20 and SMA60. RSI is below 50 indicating potential for further upward movement.,149.73,140.84,39.8,1.2903,1493054,1.21,7.5,15.0,2.68,6.31,1,0.11,0.11,-0.0
Day-483,google/gemma-2-9b-it,ENTJ,memory,flat,456,0.92,flat,146.72,146.8718201573474,14820.113760184431,7.539298674253453e-137,101.00949945600075,BUY,0.5,"The 20-day SMA is above the 60-day SMA, indicating an uptrend. RSI is below 50, suggesting potential for further upside.",149.55,141.16,43.9,1.1017,1090216,0.88,8.9,15.0,2.67,5.95,1,0.01,0.1,-0.1
Day-484,google/gemma-2-9b-it,ENTJ,memory,flat,456,0.92,flat,147.78,147.93868766673828,14927.183829607791,3.7696493371267266e-137,101.00949945600075,BUY,0.5,"The trend is up according to both the SMA20 and SMA60. RSI is in oversold territory, suggesting potential for a rebound.",149.21,141.56,41.3,1.0262,1139455,0.92,7.5,15.0,2.67,5.4,1,-0.36,0.11,-0.46
Day-485,google/gemma-2-9b-it,ENTJ,memory,flat,456,0.92,flat,143.67,143.4748099357748,14512.034786843627,1.8848246685633633e-137,101.00949945600075,BUY,0.5,"The trend is up according to both the SMA20 and SMA60.  RSI is oversold, indicating potential for a bounce.",148.88,141.83,37.0,0.627,1229581,1.0,7.5,15.0,2.66,4.97,1,0.17,0.09,0.08
Day-486,google/gemma-2-9b-it,ENTJ,memory,flat,456,0.92,flat,147.84,147.92835691152683,14933.244399575151,9.424123342816816e-138,101.00949945600075,BUY,0.5,"The 20-day SMA is above the 60-day SMA, indicating an uptrend.  RSI is above 40, suggesting buying pressure.",148.82,142.15,45.6,0.6396,1384949,1.11,7.9,15.0,2.67,4.69,1,-0.11,-0.04,-0.07
Day-487,google/gemma-2-9b-it,ENTJ,memory,flat,456,0.92,flat,153.05,152.86013873324703,15459.503891740917,4.712061671408408e-138,101.00949945600075,BUY,0.5,"The trend is up based on the SMA20/60 crossover.  Implied volatility is moderate, suggesting potential for significant price swings that we can capitalize on.",148.93,142.57,53.8,1.0579,1129337,0.91,7.5,15.0,2.66,4.46,1,-0.63,-0.18,-0.45
Day-488,google/gemma-2-9b-it,ENTJ,memory,flat,456,0.92,flat,150.95,150.71877309473965,15247.383942883313,2.356030835704204e-138,101.00949945600075,BUY,0.5,The trend is up according to both the SMA20 and SMA60.  RSI is above 50 indicating upward momentum.,148.92,142.99,55.9,1.2061,1010345,0.83,7.8,15.0,2.66,4.15,1,-0.51,-0.29,-0.22
Day-489,google/gemma-2-9b-it,ENTJ,memory,flat,456,0.92,flat,150.39,150.94143805449193,15190.818623187952,1.178015417852102e-138,101.00949945600075,BUY,0.5,The trend is up according to both the SMA20 and SMA60. RSI is above 50 indicating upward momentum.,148.91,143.46,58.1,1.2639,1191599,0.98,8.5,14.9,2.68,3.79,1,-0.55,-0.33,-0.22
Day-490,google/gemma-2-9b-it,ENTJ,memory,flat,456,0.92,flat,155.46,155.00153662405174,15702.936785429878,5.89007708926051e-139,101.00949945600075,BUY,0.5,The trend is up according to both the SMA20 and SMA60.  RSI is above 50 indicating upward momentum.,149.02,144.04,53.6,1.6994,1372552,1.12,10.3,15.0,2.66,3.46,1,0.34,-0.29,0.63
Day-491,google/gemma-2-9b-it,ENTJ,memory,flat,456,0.92,flat,151.01,151.30454770878902,15253.444512850672,2.945038544630255e-139,101.00949945600075,BUY,0.5,The trend is up according to both the SMA20 and SMA60.  RSI is above 40 indicating potential for further upward movement.,148.93,144.54,46.9,1.666,1080763,0.89,10.0,15.0,2.67,3.04,1,-0.1,-0.29,0.19
Day-492,google/gemma-2-9b-it,ENTJ,memory,flat,456,0.92,flat,146.12,145.87708900299788,14759.50806051083,1.4725192723151276e-139,101.00949945600075,BUY,0.5,"The 20-day SMA is above the 60-day SMA, indicating an uptrend.  RSI is below 50 suggesting potential for further upside.",148.68,144.88,43.1,1.2312,1497768,1.22,8.5,15.0,2.66,2.62,1,-0.13,-0.19,0.06
Day-493,google/gemma-2-9b-it,ENTJ,memory,flat,456,0.92,flat,142.18,141.9862157893208,14361.530632654189,7.362596361575638e-140,101.00949945600075,BUY,0.5,The trend is up according to both the SMA20 and SMA60.  RSI is below 50 indicating potential for further upward movement.,148.29,145.17,43.8,0.5616,1174111,0.95,14.2,15.0,2.66,2.15,1,-0.28,-0.14,-0.14
Day-494,google/gemma-2-9b-it,ENTJ,memory,flat,456,0.92,flat,145.53,145.20112156128235,14699.912455831789,3.681298180787819e-140,101.00949945600075,BUY,0.5,"The 20-day SMA is above the 60-day SMA, indicating an uptrend.  RSI is above 50, suggesting buying pressure.",148.26,145.48,49.6,0.2984,1178573,0.95,14.6,15.0,2.66,1.91,0,0.25,0.02,0.23
Day-495,google/gemma-2-9b-it,ENTJ,memory,flat,456,0.92,flat,148.11,148.1697630972426,14960.516964428272,1.8406490903939095e-140,101.00949945600075,BUY,0.5,"The trend is slightly up, and the RSI is above 50, indicating upward momentum.  Chasing this trend with a moderate position aligns with the mandate for growth.",148.45,145.82,54.5,0.2946,1049258,0.86,15.7,15.0,2.67,1.8,0,0.07,-0.04,0.1
Day-496,google/gemma-2-9b-it,ENTJ,memory,flat,456,0.92,flat,146.09,146.2501321855869,14756.47777552715,9.203245451969547e-141,101.00949945600075,BUY,0.5,"The trend is slightly positive with the SMA20 above the SMA60.  Implied volatility is moderate, indicating potential for price movement.",148.11,146.13,51.6,0.1271,1310505,1.06,11.7,15.0,2.67,1.36,0,-0.12,-0.04,-0.08
Day-497,google/gemma-2-9b-it,ENTJ,memory,flat,456,0.92,flat,145.79,146.01864745376915,14726.17492569035,4.6016227259847737e-141,101.00949945600075,BUY,0.5,"The trend is slightly up, and the price is near the 20-day SMA.  Momentum is positive and warrants a buy to capitalize on potential growth.",147.73,146.47,48.9,-0.0294,1298924,1.05,12.9,15.0,2.67,0.86,0,-0.17,-0.05,-0.12
Day-498,google/gemma-2-9b-it,ENTJ,memory,flat,456,0.92,flat,144.5,145.3559015476681,14595.87267139211,2.3008113629923868e-141,101.00949945600075,BUY,0.5,"The trend is slightly up, and the RSI is above 40.  Momentum is positive and warrants a buy.",147.36,146.76,46.3,-0.2552,1254962,1.02,10.6,14.9,2.68,0.41,0,0.78,0.16,0.62
Day-499,google/gemma-2-9b-it,ENTJ,memory,flat,456,0.92,flat,143.91,143.5311328188496,14536.277066713068,1.1504056814961934e-141,101.00949945600075,BUY,0.5,"The trend is slightly positive with both SMAs above the current price. Implied volatility is moderate, suggesting potential for significant price swings which align with the momentum strategy.",147.19,147.06,50.3,-0.476,1257045,1.03,8.7,15.0,2.66,0.09,0,-0.34,0.04,-0.39
Day-500,google/gemma-2-9b-it,ENTJ,memory,flat,456,0.92,flat,144.44,144.58112677169066,14589.812101424748,5.752028407480967e-142,101.00949945600075,BUY,0.5,"The trend is up according to both the SMA20 and SMA60.  RSI is above 40, indicating upward momentum.",147.12,147.39,45.4,-0.6012,1350169,1.09,8.0,15.0,2.67,-0.19,0,-0.54,-0.08,-0.46
Day-501,google/gemma-2-9b-it,ENTJ,memory,flat,456,0.92,flat,150.74,149.97441379216133,15226.171947997555,2.8760142037404835e-142,101.00949945600075,BUY,0.5,The trend is flat but showing signs of upward momentum.  A buy order will capitalize on potential growth.,147.45,147.86,47.0,-0.1897,1175133,0.95,11.5,15.1,2.65,-0.28,0,0.51,0.05,0.46
Day-502,google/gemma-2-9b-it,ENTJ,memory,flat,456,0.92,flat,147.38,147.77440715561573,14886.780029825391,1.4380071018702418e-142,101.00949945600075,BUY,0.5,"The trend is slightly up, and the RSI is above 40.  Momentum is positive and warrants a buy to capitalize on potential growth.",147.58,148.13,45.5,-0.1333,1074423,0.89,9.3,15.0,2.67,-0.37,0,0.41,0.16,0.25
Day-503,google/gemma-2-9b-it,ENTJ,memory,flat,456,0.92,flat,148.49,148.48769783804403,14998.900574221552,7.190035509351209e-143,101.00949945600075,BUY,0.5,"The trend is up according to both the SMA20 and SMA60, and the RSI is above 40. This indicates momentum and potential for further growth.",147.67,148.38,47.6,0.0006,1482938,1.2,12.0,15.0,2.67,-0.48,0,-0.12,-0.02,-0.1
Day-504,google/gemma-2-9b-it,ENTJ,memory,flat,456,0.92,flat,151.72,151.98491245201956,15325.161257464435,3.5950177546756044e-143,101.00949945600075,BUY,0.5,"The trend is up according to the SMA20/60, and the RSI is above 40.  Momentum is positive and warrants a purchase.",147.87,148.7,45.1,0.3633,1111638,0.9,10.8,15.0,2.67,-0.56,0,0.51,0.16,0.36
Day-505,google/gemma-2-9b-it,ENTJ,memory,flat,456,0.92,flat,148.96,149.10951444251592,15046.375038965873,1.7975088773378022e-143,101.00949945600075,BUY,0.5,"Trend is up according to both SMA indicators and price is above the 20 SMA.  Implied volatility is low, suggesting a potential for sustained upward movement.",148.13,148.92,47.2,0.4236,1150237,0.94,11.7,15.0,2.67,-0.53,0,0.31,0.33,-0.01
Day-506,google/gemma-2-9b-it,ENTJ,memory,flat,456,0.92,flat,150.96,150.8653244046779,15248.394037877875,8.987544386689011e-144,101.00949945600075,BUY,0.5,The trend is up according to both the SMA20 and SMA60.  RSI is above 50 indicating upward momentum.,148.29,149.04,57.2,0.625,1003606,0.83,11.2,15.0,2.67,-0.5,0,0.29,0.28,0.01
Day-507,google/gemma-2-9b-it,ENTJ,memory,flat,456,0.92,flat,154.22,154.35323271699284,15577.685006104437,4.4937721933445055e-144,101.00949945600075,BUY,0.5,"The trend is up, supported by the positive SMA crossover and rising price.  Implied volatility suggests potential for significant price swings, increasing the opportunity for growth.",148.35,149.17,68.4,1.0358,1378370,1.13,8.4,15.0,2.67,-0.55,0,-0.33,0.13,-0.46
Day-508,google/gemma-2-9b-it,ENTJ,memory,flat,456,0.92,flat,151.26,151.30564282258285,15278.696887714674,2.2468860966722528e-144,101.00949945600075,BUY,0.5,The trend is up according to both the SMA20 and SMA60. RSI is above 50 indicating upward momentum.,148.36,149.18,58.9,1.1101,1070871,0.88,11.4,15.0,2.67,-0.54,0,0.01,0.16,-0.15
Day-509,google/gemma-2-9b-it,ENTJ,memory,flat,456,0.92,flat,155.49,155.69345812713357,15705.967070413559,1.1234430483361264e-144,101.00949945600075,BUY,0.5,"The trend is up according to both the SMA20 and SMA60, and the RSI is above 60 indicating bullish momentum.  Implied volatility is moderate, suggesting potential for significant price swings.",148.62,149.3,60.9,1.4927,1193148,0.98,10.9,15.0,2.67,-0.46,0,-0.43,-0.03,-0.4
Day-510,google/gemma-2-9b-it,ENTJ,memory,flat,456,0.92,flat,160.24,160.55634889387,16185.762192829561,5.617215241680632e-145,101.00949945600075,BUY,0.5,"The trend is up according to both the SMA20 and SMA60, and RSI is above 60 indicating upward momentum.  This aligns with the mandate to chase growth in an uptrend.",148.86,149.48,69.3,2.1547,1044606,0.87,8.8,15.0,2.67,-0.42,0,0.69,0.05,0.64
Day-511,google/gemma-2-9b-it,ENTJ,memory,flat,456,0.92,flat,167.01,166.8740486940542,16869.596504146684,2.808607620840316e-145,101.00949945600075,BUY,0.5,"The trend is up according to both the SMA20 and SMA60. RSI is high but not overbought, indicating potential for continued upward momentum.",149.66,149.79,74.6,3.1886,1251816,1.03,7.5,15.0,2.66,-0.09,0,-0.05,-0.02,-0.03
Day-512,google/gemma-2-9b-it,ENTJ,memory,flat,456,0.92,flat,168.51,169.26036755634837,17021.110753330686,1.404303810420158e-145,101.00949945600075,BUY,0.5,"The trend is up according to both the SMA20 and SMA60, and RSI is high indicating strong momentum.  Implied volatility is moderate, suggesting potential for significant price swings.",150.78,150.06,77.7,4.0823,1062658,0.89,12.9,14.9,2.68,0.47,0,0.05,0.05,-0.0
Day-513,google/gemma-2-9b-it,ENTJ,memory,flat,456,0.92,flat,168.05,168.0897741987702,16974.646383580926,7.02151905210079e-146,101.00949945600075,BUY,0.5,"The trend is up according to the SMA indicators and RSI is high, indicating strong momentum.  I will buy half my available capital to capitalize on this upward trend.",152.07,150.42,77.9,4.6989,1486654,1.23,9.7,15.0,2.67,1.1,0,-0.05,0.04,-0.09
Day-514,google/gemma-2-9b-it,ENTJ,memory,flat,456,0.92,flat,169.3,169.47619209084388,17100.90825790093,3.510759526050395e-146,101.00949945600075,BUY,0.5,"The trend is up according to the SMA indicators and RSI is high, suggesting strong momentum.  I will buy half my available capital to capitalize on this upward trend.",153.26,150.71,78.3,5.228,1232940,1.02,10.4,15.0,2.67,1.69,0,-0.05,0.12,-0.17
Day-515,google/gemma-2-9b-it,ENTJ,memory,flat,456,0.92,flat,169.03,169.07791568888527,17073.635693047807,1.7553797630251975e-146,101.00949945600075,BUY,0.5,"The trend is up according to both the SMA20 and SMA60. RSI is high but not overbought, indicating potential for continued momentum.",154.3,151.09,74.1,5.5616,1099097,0.9,9.3,15.0,2.67,2.13,1,0.7,0.12,0.58
Day-516,google/gemma-2-9b-it,ENTJ,memory,flat,456,0.92,flat,171.19,170.90114658449332,17291.81621187277,8.776898815125987e-147,101.00949945600075,BUY,0.5,"The trend is up, supported by the SMA20/60 and RSI.  Implied volatility is moderate, indicating potential for significant price movement.",155.56,151.53,82.4,5.932,1248714,1.03,9.4,15.0,2.66,2.66,1,0.44,0.22,0.22
Day-517,google/gemma-2-9b-it,ENTJ,memory,flat,456,0.92,flat,172.68,172.45833593820728,17442.32036606221,4.3884494075629937e-147,101.00949945600075,BUY,0.5,"The trend is up, supported by the SMA20/60 crossover and positive RSI.  Momentum is strong and warrants a buy to capitalize on potential further gains.",156.9,151.96,82.6,6.2732,1019663,0.85,10.5,15.0,2.66,3.25,1,-0.07,0.19,-0.26
Day-518,google/gemma-2-9b-it,ENTJ,memory,flat,456,0.92,flat,166.9,167.0573372468841,16858.485459206528,2.1942247037814968e-147,101.00949945600075,BUY,0.5,"The trend is up according to both the SMA20 and SMA60, and the RSI is above 60 indicating upward momentum.  This aligns with the mandate to buy into an uptrend.",158.02,152.28,69.2,6.0083,1236030,1.03,10.5,15.0,2.67,3.77,1,-0.02,0.2,-0.22
Day-519,google/gemma-2-9b-it,ENTJ,memory,flat,456,0.92,flat,168.43,168.04730542843254,17013.029993374206,1.0971123518907484e-147,101.00949945600075,BUY,0.5,"The trend is up according to both the SMA20 and SMA60, and the RSI is high, indicating strong momentum.  This aligns with the mandate to chase big wins in an uptrend.",159.25,152.64,75.4,5.8547,1339072,1.12,16.6,15.0,2.66,4.33,1,0.08,0.23,-0.15
Day-520,google/gemma-2-9b-it,ENTJ,memory,flat,456,0.92,flat,168.5,167.9491236835709,17020.100658336127,5.485561759453742e-148,101.00949945600075,BUY,0.5,"The trend is up according to both the SMA20 and SMA60, and RSI is high indicating strong momentum.  Implied volatility is moderate, suggesting potential for significant price swings.",160.45,152.94,74.0,5.6724,1382390,1.15,17.4,15.0,2.66,4.91,1,-0.04,0.08,-0.12
Day-521,google/gemma-2-9b-it,ENTJ,memory,flat,456,0.92,flat,168.09,168.2267007003182,16978.686763559166,2.742780879726871e-148,101.00949945600075,BUY,0.5,"The trend is up, supported by the SMA20/60 and positive RSI. Implied volatility suggests potential for significant price swings, aligning with the momentum strategy.",161.32,153.25,70.6,5.4326,1455090,1.2,17.3,15.0,2.67,5.27,1,0.41,0.07,0.33
Day-522,google/gemma-2-9b-it,ENTJ,memory,flat,456,0.92,flat,164.18,164.68357581414827,16583.739620686203,1.3713904398634355e-148,101.00949945600075,BUY,0.5,"The trend is up, supported by the SMA20/60 crossover and positive RSI.  Momentum is strong and warrants a buy to capitalize on potential further gains.",162.16,153.51,68.7,4.8706,1093283,0.9,16.0,15.0,2.67,5.63,1,0.22,0.13,0.09
Day-523,google/gemma-2-9b-it,ENTJ,memory,flat,456,0.92,flat,161.46,161.42666450143776,16308.993782165882,6.856952199317178e-149,101.00949945600075,BUY,0.5,The trend is up based on the SMA20/60 crossover and RSI is above 50.  Momentum is strong and warrants a buy position.,162.81,153.74,59.0,4.1579,1357007,1.12,12.6,15.0,2.67,5.9,1,0.37,0.21,0.16
Day-524,google/gemma-2-9b-it,ENTJ,memory,flat,456,0.92,flat,161.76,161.67366640883648,16339.29663200268,3.428476099658589e-149,101.00949945600075,BUY,0.5,"The trend is up based on the SMA20/60 crossover.  Implied volatility is moderate, suggesting potential for significant price swings which aligns with the momentum strategy.",163.31,154.05,52.6,3.5759,1224591,1.01,9.8,15.0,2.67,6.01,1,-0.32,0.13,-0.44
Day-525,google/gemma-2-9b-it,ENTJ,memory,flat,456,0.92,flat,165.87,166.25596269372815,16754.445674766845,1.7142380498292944e-149,101.00949945600075,BUY,0.5,"The 20-day SMA is above the 60-day SMA, indicating an upward trend.  RSI is above 40, suggesting buying pressure.",164.16,154.48,47.8,3.4071,1338811,1.09,7.8,15.0,2.67,6.26,1,-0.05,0.13,-0.17
Day-526,google/gemma-2-9b-it,ENTJ,memory,flat,456,0.92,flat,162.59,162.93728131863446,16423.134516551163,8.571190249146472e-150,101.00949945600075,BUY,0.5,"The 20-day SMA is above the 60-day SMA, indicating an uptrend. RSI is below 50, suggesting potential for further upside.",164.74,154.68,39.3,2.9747,1198048,0.97,7.5,15.0,2.67,6.5,1,0.33,0.11,0.22
Day-527,google/gemma-2-9b-it,ENTJ,memory,flat,456,0.92,flat,158.23,158.70786769615174,15982.733098922998,4.285595124573236e-150,101.00949945600075,BUY,0.5,"The trend is down, but the RSI is oversold and the P/E ratio is reasonable.  A bounce is likely, and I will buy into the momentum.",164.94,154.77,34.5,2.2541,1134258,0.93,10.6,15.0,2.67,6.57,1,-0.32,0.0,-0.32
Day-528,google/gemma-2-9b-it,ENTJ,memory,flat,456,0.92,flat,163.06,162.71065455604722,16470.60898129548,2.142797562286618e-150,101.00949945600075,BUY,0.5,The trend is up according to both the SMA20 and SMA60.  RSI is below 50 indicating potential for further upward movement.,165.53,155.0,41.1,2.0495,1121803,0.92,9.1,15.0,2.66,6.8,1,0.05,-0.06,0.11
Day-529,google/gemma-2-9b-it,ENTJ,memory,flat,456,0.92,flat,163.24,163.2820314962842,16488.790691197562,1.6070981717149635e-150,101.00949945600075,BUY,0.25,"The trend is up according to both the SMA20 and SMA60, indicating a strong momentum.  RSI is below 50 suggesting potential for further upside.",165.92,155.31,41.8,1.8796,1060549,0.87,12.1,15.0,2.67,6.83,1,-0.01,0.0,-0.01
Day-530,google/gemma-2-9b-it,ENTJ,memory,flat,456,0.92,flat,168.34,168.1825945142599,17003.939138423168,8.035490858574818e-151,101.00949945600075,BUY,0.5,"The 20-day SMA is above the 60-day SMA, indicating an uptrend.  RSI is above 40, suggesting buying momentum.",166.32,155.76,46.2,2.1319,1382516,1.12,11.4,15.0,2.66,6.78,1,0.02,0.02,0.0
Day-531,google/gemma-2-9b-it,ENTJ,memory,flat,456,0.92,flat,164.87,165.47635229284325,16653.436175310846,4.017745429287409e-151,101.00949945600075,BUY,0.5,The trend is up according to both the SMA20 and SMA60. RSI is above 40 indicating potential for further upward movement.,166.21,156.18,40.2,2.0287,1401729,1.13,9.7,14.9,2.68,6.42,1,0.3,0.01,0.29
Day-532,google/gemma-2-9b-it,ENTJ,memory,flat,456,0.92,flat,168.14,167.93840601864355,16983.737238531965,2.0088727146437044e-151,101.00949945600075,BUY,0.5,The trend is up according to both the SMA20 and SMA60.  RSI is above 50 indicating upward momentum.,166.19,156.65,51.7,2.1859,1229629,0.98,9.9,15.0,2.66,6.09,1,-0.04,0.06,-0.11
Day-533,google/gemma-2-9b-it,ENTJ,memory,flat,456,0.92,flat,172.13,171.80541524740224,17386.765141361408,1.0044363573218522e-151,101.00949945600075,BUY,0.5,The trend is up according to both the SMA20 and SMA60.  RSI is above 50 indicating upward momentum.,166.4,157.16,54.6,2.6022,1081148,0.88,7.5,15.0,2.66,5.88,1,-0.14,0.03,-0.17
Day-534,google/gemma-2-9b-it,ENTJ,memory,flat,456,0.92,flat,169.89,169.54437804674117,17160.503862579968,5.022181786609261e-152,101.00949945600075,BUY,0.5,"The trend is up according to both the SMA20 and SMA60.  Implied volatility is moderate, suggesting potential for significant price swings that we can capitalize on.",166.43,157.6,51.7,2.7199,1271815,1.03,9.9,15.0,2.66,5.6,1,-0.01,0.02,-0.03
Day-535,google/gemma-2-9b-it,ENTJ,memory,flat,456,0.92,flat,170.73,170.4385906511517,17245.351842123007,2.5110908933046305e-152,101.00949945600075,BUY,0.5,The trend is up based on the SMA20/60 crossover and the price is above the 166.51 level.  Momentum is positive and warrants a purchase.,166.51,158.14,53.1,2.8482,1167377,0.94,12.9,15.0,2.66,5.29,1,-0.33,-0.05,-0.29
Day-536,google/gemma-2-9b-it,ENTJ,memory,flat,456,0.92,flat,170.04,170.32913000640295,17175.655287498368,1.2555454466523152e-152,101.00949945600075,BUY,0.5,The trend is up based on the SMA20/60 crossover and RSI is above 50.  Momentum is strong and warrants a buy to capitalize on potential growth.,166.46,158.58,57.4,2.8612,1146133,0.93,13.0,15.0,2.67,4.96,1,-0.13,-0.13,0.0
Day-537,google/gemma-2-9b-it,ENTJ,memory,flat,456,0.92,flat,165.22,165.1633169507866,16688.789500120445,6.277727233261576e-153,101.00949945600075,BUY,0.5,"The trend is up according to both the SMA20 and SMA60. Implied volatility is moderate, suggesting potential for significant price movement.",166.08,158.83,54.5,2.4543,1303697,1.05,12.1,15.0,2.67,4.57,1,-0.05,-0.13,0.09
Day-538,google/gemma-2-9b-it,ENTJ,memory,flat,456,0.92,flat,161.29,161.45114480897863,16291.82216725836,3.138863616630788e-153,101.00949945600075,BUY,0.5,The 20-day SMA is above the 60-day SMA indicating an uptrend.  RSI is above 50 suggesting buying pressure.,165.8,159.03,49.5,1.7937,1039164,0.84,13.5,15.0,2.67,4.26,1,-0.06,-0.12,0.06
Day-539,google/gemma-2-9b-it,ENTJ,memory,flat,456,0.92,flat,156.91,156.8270802390341,15849.400559641077,1.569431808315394e-153,101.00949945600075,BUY,0.5,"The trend is up according to both the SMA20 and SMA60, indicating momentum.  RSI is below 50 suggesting potential for further upside.",165.23,159.16,40.1,0.9063,1216565,0.99,11.7,15.0,2.67,3.81,1,-0.03,-0.12,0.09
Day-540,google/gemma-2-9b-it,ENTJ,memory,flat,456,0.92,flat,157.62,158.88668991059177,15921.11730425484,7.84715904157697e-154,101.00949945600075,BUY,0.5,The trend is up according to both the SMA20 and SMA60.  RSI is above 40 indicating potential for further upward momentum.,164.68,159.21,44.2,0.258,1127937,0.93,17.5,14.9,2.69,3.44,1,-0.09,-0.07,-0.02
Day-541,google/gemma-2-9b-it,ENTJ,memory,flat,456,0.92,flat,157.35,157.905911354805,15893.844739401718,3.923579520788485e-154,101.00949945600075,BUY,0.5,"The trend is up according to both the SMA20 and SMA60.  Implied volatility is moderate, suggesting potential for significant price movement.",164.14,159.33,48.9,-0.2748,1303806,1.08,15.5,14.9,2.68,3.02,1,-0.26,-0.1,-0.16
Day-542,google/gemma-2-9b-it,ENTJ,memory,flat,456,0.92,flat,156.88,156.6533779455112,15846.370274657398,1.9617897603942426e-154,101.00949945600075,BUY,0.5,The trend is up according to both the SMA20 and SMA60. RSI is below 50 indicating potential for further upward movement.,163.78,159.55,41.0,-0.7268,1219174,1.0,14.6,15.0,2.66,2.65,1,-0.1,-0.11,0.01
Day-543,google/gemma-2-9b-it,ENTJ,memory,flat,456,0.92,flat,155.13,154.8116615808592,15669.603650609397,9.808948801971213e-155,101.00949945600075,BUY,0.5,The trend is up according to both the SMA20 and SMA60. RSI is below 50 indicating potential for further upside.,163.46,159.81,38.7,-1.2123,1459224,1.19,15.2,15.0,2.66,2.29,1,0.03,-0.09,0.12
Day-544,google/gemma-2-9b-it,ENTJ,memory,flat,456,0.92,flat,157.26,157.37607571624642,15884.753884450678,4.904474400985606e-155,101.00949945600075,BUY,0.5,"The trend is slightly down, but RSI is oversold and the P/E ratio is attractive.  Momentum is likely to reverse soon, offering a buying opportunity.",163.24,160.04,33.2,-1.4086,1435907,1.17,12.0,15.0,2.67,2.0,0,-0.59,-0.2,-0.39
Day-545,google/gemma-2-9b-it,ENTJ,memory,flat,456,0.92,flat,155.18,154.92752591063748,15674.654125582198,2.452237200492803e-155,101.00949945600075,BUY,0.5,"The trend is slightly down, but the RSI is oversold and the P/E ratio is attractive.  Momentum is a powerful force, and a bounce is likely.",162.7,160.18,34.7,-1.7124,1117622,0.92,13.6,15.0,2.66,1.57,0,-0.03,-0.19,0.16
Day-546,google/gemma-2-9b-it,ENTJ,memory,flat,456,0.92,flat,158.89,159.02806892413622,16049.399368563958,1.2261186002464016e-155,101.00949945600075,BUY,0.5,"The trend is slightly down but RSI is oversold and P/E is reasonable.  Momentum is key, and a small buy now could capitalize on a rebound.",162.52,160.44,35.6,-1.635,1116221,0.92,14.7,15.0,2.67,1.3,0,-0.17,-0.17,0.0
Day-547,google/gemma-2-9b-it,ENTJ,memory,flat,456,0.92,flat,162.12,161.70802228816598,16375.660051806843,6.130593001232008e-156,101.00949945600075,BUY,0.5,"The trend is flat but RSI is oversold, suggesting potential for a bounce.  Momentum Commander mandates buying on any uptick.",162.71,160.77,34.0,-1.2977,1100518,0.91,17.0,15.0,2.66,1.21,0,0.05,-0.14,0.19
Day-548,google/gemma-2-9b-it,ENTJ,memory,flat,456,0.92,flat,160.97,160.12204777078867,16259.499127432442,3.065296500616004e-156,101.00949945600075,BUY,0.5,"The trend is slightly bullish, and the RSI suggests potential for upward momentum.  A partial buy will allow for significant gains if the trend continues.",162.61,161.1,35.2,-1.1103,1392101,1.13,15.4,15.1,2.65,0.94,0,0.08,-0.13,0.21
Day-549,google/gemma-2-9b-it,ENTJ,memory,flat,456,0.92,flat,155.58,155.8261030862501,15715.0579253646,1.532648250308002e-156,101.00949945600075,BUY,0.5,"The trend is slightly down but RSI is oversold and P/E is reasonable.  Momentum can shift quickly, and this presents a buying opportunity.",162.23,161.33,28.2,-1.3813,1465459,1.17,20.0,15.0,2.67,0.56,0,-0.62,-0.14,-0.48
Day-550,google/gemma-2-9b-it,ENTJ,memory,flat,456,0.92,flat,156.32,156.71899086102758,15789.804954962037,7.66324125154001e-157,101.00949945600075,BUY,0.5,"The trend is slightly bullish, and the RSI is oversold.  Momentum is key, and we need to capitalize on potential upward movement.",161.62,161.57,30.3,-1.5186,1315797,1.06,17.1,15.0,2.67,0.04,0,-0.1,-0.15,0.05
Day-551,google/gemma-2-9b-it,ENTJ,memory,flat,456,0.92,flat,161.74,161.12026660599327,16337.276442013563,3.831620625770005e-157,101.00949945600075,BUY,0.5,"The trend is slightly up, and the price is above both the 20 and 60 day SMAs.  Momentum is positive and warrants a buy.",161.47,161.79,45.1,-1.1763,1083869,0.88,12.9,15.1,2.66,-0.2,0,-0.1,-0.14,0.04
Day-552,google/gemma-2-9b-it,ENTJ,memory,flat,456,0.92,flat,156.33,156.09562650886775,15790.815049956598,1.9158103128850025e-157,101.00949945600075,BUY,0.5,"The trend is slightly down, but the price is near the 20-day SMA, indicating potential for a reversal.  Momentum trading dictates buying on the dip.",160.88,161.97,43.3,-1.3268,1189313,0.97,9.9,15.0,2.66,-0.67,0,-0.37,-0.22,-0.15
Day-553,google/gemma-2-9b-it,ENTJ,memory,flat,456,0.92,flat,155.24,155.04378864219092,15680.714695549557,9.579051564425012e-158,101.00949945600075,BUY,0.5,"The trend is up according to the SMA20/60, and the RSI is above 40. Momentum is positive and warrants a buy.",160.03,162.1,47.5,-1.516,1120856,0.91,9.7,15.0,2.66,-1.28,0,-0.06,-0.25,0.19
Day-554,google/gemma-2-9b-it,ENTJ,memory,flat,456,0.92,flat,148.86,149.25624221755288,15036.274089020273,4.789525782212506e-158,101.00949945600075,BUY,0.5,The trend is up according to the SMA indicators and RSI is oversold.  This presents a buying opportunity to capitalize on the momentum.,158.98,162.04,38.8,-2.1559,1368636,1.11,10.3,15.0,2.67,-1.89,0,-0.0,-0.13,0.13
Day-555,google/gemma-2-9b-it,ENTJ,memory,flat,456,0.92,flat,145.12,145.17634538210655,14658.49856105483,2.394762891106253e-158,101.00949945600075,BUY,0.5,"The trend is down but RSI is oversold and P/E is reasonable.  A bounce is likely, and I will buy into the momentum.",157.7,161.97,35.7,-2.931,1416070,1.14,15.8,15.0,2.67,-2.63,-1,-0.12,-0.13,0.01
Day-556,google/gemma-2-9b-it,ENTJ,memory,flat,456,0.92,flat,153.26,153.18529502663233,15480.715886626675,1.1973814455531266e-158,101.00949945600075,BUY,0.5,"The trend is slightly down, but the RSI is low and the volume ratio is above 1.0, suggesting potential for a reversal. Buying now allows for capitalizing on a potential uptrend.",156.86,162.01,46.4,-2.8556,1489821,1.18,19.2,15.0,2.67,-3.18,-1,-0.5,-0.21,-0.29
Day-557,google/gemma-2-9b-it,ENTJ,memory,flat,456,0.92,flat,150.98,149.73844376777515,15250.414227866993,5.986907227765633e-159,101.00949945600075,BUY,0.5,"The trend is down, but the price is near the bottom of the recent range. A bounce is likely, and I will capitalize on it.",156.15,161.95,45.9,-2.9458,1348681,1.07,18.0,15.1,2.64,-3.58,-1,-0.2,-0.18,-0.02
Day-558,google/gemma-2-9b-it,ENTJ,memory,flat,456,0.92,flat,151.69,152.18426776043208,15322.130972480754,2.9934536138828164e-159,101.00949945600075,BUY,0.5,"The trend is slightly down, but the price is still above the 20-day SMA. Buying now allows for potential upside if the trend reverses.",155.67,161.96,44.4,-2.9268,1438220,1.12,18.9,15.0,2.68,-3.88,-1,0.42,-0.08,0.5
Day-559,google/gemma-2-9b-it,ENTJ,memory,flat,456,0.92,flat,148.63,149.72287502400513,15013.041904145392,1.4967268069414082e-159,101.00949945600075,BUY,0.5,"The trend is down but the RSI is oversold and the P/E ratio is low. This suggests a potential bounce, which aligns with the momentum trading strategy.",155.26,161.82,43.5,-3.1225,1175424,0.92,14.0,14.9,2.69,-4.06,-1,0.1,-0.06,0.16
Day-560,google/gemma-2-9b-it,ENTJ,memory,flat,456,0.92,flat,143.47,143.06708143066493,14491.832886952428,7.483634034707041e-160,101.00949945600075,BUY,0.5,"The trend is down but RSI is oversold and P/E is reasonable. A bounce is likely, and I will capitalize on it.",154.55,161.48,35.1,-3.6515,1205449,0.94,14.8,15.0,2.66,-4.29,-1,-0.18,-0.07,-0.11
Day-561,google/gemma-2-9b-it,ENTJ,memory,flat,456,0.92,flat,141.46,142.17746369613792,14288.803793045867,3.7418170173535205e-160,101.00949945600075,BUY,0.5,The trend is down but RSI is oversold and the price is below the SMA20/60. This presents a potential buying opportunity to ride the next upward momentum.,153.76,160.97,29.6,-4.1848,1283796,1.0,15.2,14.9,2.68,-4.48,-1,0.39,0.11,0.28
Day-562,google/gemma-2-9b-it,ENTJ,memory,flat,456,0.92,flat,142.91,142.74886076123957,14435.267567257068,1.8709085086767603e-160,101.00949945600075,BUY,0.5,"The trend is down, but RSI is oversold and P/E is reasonable.  A bounce is likely, and I will capitalize on it.",153.06,160.46,32.3,-4.4397,1245148,0.97,16.7,15.0,2.66,-4.61,-1,0.21,0.19,0.02
Day-563,google/gemma-2-9b-it,ENTJ,memory,flat,456,0.92,flat,141.27,141.09623241214155,14269.611988149227,9.354542543383801e-161,101.00949945600075,BUY,0.5,"The trend is down but RSI is oversold and P/E is reasonable.  A bounce is likely, and I will capitalize on the momentum.",152.36,159.93,34.8,-4.7193,1330472,1.04,14.8,15.0,2.66,-4.73,-1,-0.22,0.06,-0.28
Day-564,google/gemma-2-9b-it,ENTJ,memory,flat,456,0.92,flat,139.39,139.81743802490186,14079.714129171944,4.677271271691901e-161,101.00949945600075,BUY,0.5,Trend is down but RSI is oversold and price is below SMA20.  This presents a potential buying opportunity for a quick rebound.,151.47,159.33,32.5,-5.0344,1152213,0.91,12.6,15.0,2.67,-4.93,-1,0.13,0.07,0.06
Day-565,google/gemma-2-9b-it,ENTJ,memory,flat,456,0.92,flat,137.69,137.67262033972256,13907.997980096743,2.3386356358459503e-161,101.00949945600075,BUY,0.5,"The trend is down but RSI is oversold and P/E is reasonable.  A bounce is likely, and I will capitalize on it.",150.6,158.7,23.1,-5.3594,1299003,1.02,9.1,15.0,2.67,-5.11,-1,0.12,0.12,-0.01
Day-566,google/gemma-2-9b-it,ENTJ,memory,flat,456,0.92,flat,140.17,140.554577101105,14158.501538747625,1.1693178179229752e-161,101.00949945600075,BUY,0.5,"The trend is down but RSI is oversold and P/E is reasonable.  Momentum can shift quickly, and this presents a buying opportunity.",149.66,158.08,30.6,-5.3555,1001855,0.79,12.8,15.0,2.67,-5.33,-1,-0.17,0.01,-0.18
Day-567,google/gemma-2-9b-it,ENTJ,memory,flat,456,0.92,flat,142.76,142.58412168054062,14420.116142338667,5.846589089614876e-162,101.00949945600075,BUY,0.5,The trend is down but RSI is oversold and P/E is reasonable. This presents a buying opportunity for a potential rebound.,148.69,157.48,35.5,-5.0847,1347541,1.05,11.2,15.0,2.66,-5.58,-1,-0.59,-0.15,-0.44
Day-568,google/gemma-2-9b-it,ENTJ,memory,flat,456,0.92,flat,145.66,145.9052291565383,14713.04369076107,2.923294544807438e-162,101.00949945600075,BUY,0.5,The trend is down but RSI is oversold and P/E is reasonable.  This presents a buying opportunity to capitalize on a potential reversal.,147.93,157.06,46.0,-4.5834,1120132,0.88,15.0,15.0,2.67,-5.81,-1,-0.45,-0.19,-0.26
Day-569,google/gemma-2-9b-it,ENTJ,memory,flat,456,0.92,flat,146.16,146.95141897865128,14763.54844048907,1.461647272403719e-162,101.00949945600075,BUY,0.5,"The trend is slightly down, but the SMA20/60 crossover is positive.  Momentum is still present and a buy at this price could capitalize on a rebound.",147.46,156.61,51.4,-4.0986,1249467,0.99,10.8,14.9,2.68,-5.85,-1,-0.07,-0.23,0.16
Day-570,google/gemma-2-9b-it,ENTJ,memory,flat,456,0.92,flat,147.35,147.19409276101996,14883.74974484171,7.308236362018595e-163,101.00949945600075,BUY,0.5,"The trend is up according to the SMA20/60, and the RSI is above 40. This indicates momentum, aligning with the mandate to chase growth.",147.01,156.19,40.0,-3.5771,1247573,0.99,12.3,15.0,2.66,-5.88,-1,-0.11,-0.28,0.17
Day-571,google/gemma-2-9b-it,ENTJ,memory,flat,456,0.92,flat,143.22,144.05381403749752,14466.580512088427,3.6541181810092974e-163,101.00949945600075,BUY,0.5,The trend is down but RSI is oversold and P/E is reasonable.  Buying now allows for potential upside if the trend reverses.,146.08,155.69,37.6,-3.4573,1295644,1.02,16.8,14.9,2.68,-6.17,-1,-0.07,-0.26,0.18
Day-572,google/gemma-2-9b-it,ENTJ,memory,flat,456,0.92,flat,144.89,144.8209910505274,14635.266376179949,1.8270590905046487e-163,101.00949945600075,BUY,0.5,"The trend is slightly down but RSI is oversold and the P/E ratio is attractive.  Momentum can shift quickly, and this presents a buying opportunity.",145.51,155.31,39.5,-3.1908,1026267,0.82,13.8,15.0,2.67,-6.31,-1,0.11,-0.12,0.23
Day-573,google/gemma-2-9b-it,ENTJ,memory,flat,456,0.92,flat,141.43,141.94424587509403,14285.773508062188,9.135295452523243e-164,101.00949945600075,BUY,0.5,"The trend is down, but the RSI is oversold and the P/E ratio is reasonable.  A bounce is likely, and I will capitalize on it.",144.82,154.91,39.0,-3.2213,1295576,1.02,12.7,14.9,2.68,-6.51,-1,-0.47,-0.12,-0.35
Day-574,google/gemma-2-9b-it,ENTJ,memory,flat,456,0.92,flat,139.53,139.44173864726724,14093.855459095785,4.567647726261622e-164,101.00949945600075,BUY,0.5,"The trend is down but the RSI is oversold and the P/E ratio is reasonable.  A bounce is likely, and I will capitalize on it.",144.35,154.46,43.3,-3.3603,1235983,0.98,11.2,15.0,2.67,-6.54,-1,0.14,-0.08,0.22
Day-575,google/gemma-2-9b-it,ENTJ,memory,flat,456,0.92,flat,140.14,140.0878129361126,14155.471253763944,2.283823863130811e-164,101.00949945600075,BUY,0.5,"The trend is down, but the RSI is above 40 and the volume ratio is above 1.0. This suggests a potential bounce and a buying opportunity.",144.1,153.95,47.7,-3.3818,1329776,1.06,11.0,15.0,2.67,-6.39,-1,-0.14,-0.09,-0.05
Day-576,google/gemma-2-9b-it,ENTJ,memory,flat,456,0.92,flat,138.46,138.3052864726453,13985.775294677866,1.1419119315654054e-164,101.00949945600075,BUY,0.5,The trend is down but RSI is oversold and P/E ratio is reasonable. Buying now allows for potential upside if the trend reverses.,143.36,153.46,42.2,-3.4945,1212042,0.98,10.8,15.0,2.66,-6.58,-1,0.12,-0.05,0.17
Day-577,google/gemma-2-9b-it,ENTJ,memory,flat,456,0.92,flat,134.48,134.7862951118406,13583.75748684298,5.709559657827027e-165,101.00949945600075,BUY,0.5,"The trend is down but RSI is oversold and P/E is reasonable.  Momentum can shift quickly, and a buy now could capitalize on an upcoming uptrend.",142.54,152.99,38.9,-3.8604,1015704,0.83,18.2,15.0,2.67,-6.83,-1,0.03,-0.06,0.1
Day-578,google/gemma-2-9b-it,ENTJ,memory,flat,456,0.92,flat,134.68,134.67140535639479,13603.959386734183,2.8547798289135136e-165,101.00949945600075,BUY,0.5,"The trend is down but RSI is oversold and P/E is reasonable.  A bounce is likely, and I will capitalize on it.",141.69,152.42,41.9,-4.0871,1013768,0.84,21.5,15.0,2.67,-7.04,-1,0.01,0.03,-0.03
Day-579,google/gemma-2-9b-it,ENTJ,memory,flat,456,0.92,flat,133.51,133.4855975129346,13485.77827237066,1.4273899144567568e-165,101.00949945600075,BUY,0.5,"The trend is down but RSI is oversold and volume is high, indicating potential for a reversal. Buying now allows for capitalizing on a potential uptrend.",140.93,151.83,42.7,-4.3114,1462658,1.2,26.9,15.0,2.67,-7.18,-1,-0.02,0.0,-0.02
Day-580,google/gemma-2-9b-it,ENTJ,memory,flat,456,0.92,flat,137.96,136.97091415240322,13935.270544949864,7.136949572283784e-166,101.00949945600075,BUY,0.5,"Trend is down but RSI is oversold and volume ratio is above 1.0, indicating potential for a reversal.  Buying half position to capitalize on a potential bounce.",140.66,151.22,46.4,-4.0834,1408316,1.15,21.5,15.1,2.65,-6.99,-1,-0.04,0.02,-0.06
Day-581,google/gemma-2-9b-it,ENTJ,memory,flat,456,0.92,flat,138.03,137.6144979200144,13942.341209911785,3.568474786141892e-166,101.00949945600075,BUY,0.5,The trend is slightly down but the RSI is oversold and the P/E ratio is reasonable.  Momentum is still positive and a buy at this price could lead to significant gains.,140.48,150.68,41.5,-3.8527,1470766,1.19,17.0,15.0,2.66,-6.77,-1,-0.26,-0.06,-0.2
Day-582,google/gemma-2-9b-it,ENTJ,memory,flat,456,0.92,flat,136.26,137.25049946940783,13763.554395874662,1.784237393070946e-166,101.00949945600075,BUY,0.5,"The trend is down but RSI is oversold and P/E is reasonable.  A bounce is likely, and I will capitalize on it.",140.15,150.04,32.5,-3.769,1415695,1.14,13.9,14.9,2.69,-6.59,-1,-0.34,-0.13,-0.21
Day-583,google/gemma-2-9b-it,ENTJ,memory,flat,456,0.92,flat,135.24,135.2941342859953,13660.524706429544,8.92118696535473e-167,101.00949945600075,BUY,0.5,"The trend is down, but the RSI is oversold and the P/E ratio is reasonable. This presents a buying opportunity for a potential rebound.",139.85,149.31,30.0,-3.742,1491514,1.19,12.0,15.0,2.67,-6.33,-1,0.37,-0.06,0.43
Day-584,google/gemma-2-9b-it,ENTJ,memory,flat,456,0.92,flat,134.99,135.56210652455,13635.272331565542,4.460593482677365e-167,101.00949945600075,BUY,0.5,"The trend is down but RSI is oversold and P/E is reasonable.  A bounce is likely, and I will capitalize on it.",139.63,148.61,26.6,-3.6977,1267993,1.01,14.0,14.9,2.68,-6.04,-1,0.43,0.03,0.4
Day-585,google/gemma-2-9b-it,ENTJ,memory,flat,456,0.92,flat,136.42,136.10983797546785,13779.715915787621,2.2302967413386825e-167,101.00949945600075,BUY,0.5,The trend is down but RSI is oversold and P/E is reasonable.  Buying now allows for potential upside if the trend reverses.,139.57,147.92,35.6,-3.5071,1135113,0.91,10.9,15.0,2.66,-5.65,-1,-0.25,-0.01,-0.24
Day-586,google/gemma-2-9b-it,ENTJ,memory,flat,456,0.92,flat,140.47,140.97669149758937,14188.804388584425,1.1151483706693412e-167,101.00949945600075,BUY,0.5,"The trend is up, indicated by the positive SMA60 and the price above the SMA20.  RSI is below 50 suggesting potential for further upside.",139.58,147.33,41.5,-2.9948,1185834,0.94,12.2,14.9,2.68,-5.26,-1,-0.03,0.04,-0.06
Day-587,google/gemma-2-9b-it,ENTJ,memory,flat,456,0.92,flat,139.94,140.36016727598656,14135.269353872745,5.575741853346706e-168,101.00949945600075,BUY,0.5,"The trend is up according to the SMA indicators, and the RSI is above 40.  Momentum is positive, indicating a potential for further growth.",139.44,146.83,46.8,-2.6014,1456081,1.15,13.9,15.0,2.67,-5.03,-1,-0.14,0.08,-0.22
Day-588,google/gemma-2-9b-it,ENTJ,memory,flat,456,0.92,flat,139.72,139.98013310289414,14113.047263992425,2.787870926673353e-168,101.00949945600075,BUY,0.5,"The 20-day SMA is below the 60-day SMA, indicating an upward trend.  Implied volatility is moderate, suggesting potential for significant price movement.",139.14,146.39,50.4,-2.281,1259714,0.99,13.8,15.0,2.67,-4.95,-1,-0.3,-0.06,-0.24
Day-589,google/gemma-2-9b-it,ENTJ,memory,flat,456,0.92,flat,132.75,133.8403269035988,13409.0110527841,1.3939354633366765e-168,101.00949945600075,BUY,0.5,"The trend is down, but RSI is oversold and the P/E ratio is below average.  A bounce is likely, and I will buy to capitalize on the momentum.",138.47,145.91,36.7,-2.5597,1071852,0.85,11.7,14.9,2.69,-5.1,-1,0.2,-0.1,0.31
Day-590,google/gemma-2-9b-it,ENTJ,memory,flat,456,0.92,flat,135.73,135.73981800217797,13710.019361162982,6.969677316683383e-169,101.00949945600075,BUY,0.5,"The trend is slightly down, but the SMA20/60 crossover is positive.  Momentum is still present and a buy at this price could capitalize on a rebound.",137.89,145.47,45.3,-2.5112,1078429,0.86,13.4,15.0,2.67,-5.21,-1,-0.13,-0.08,-0.05
Day-591,google/gemma-2-9b-it,ENTJ,memory,flat,456,0.92,flat,134.33,133.7073671885805,13568.606061924582,3.4848386583416914e-169,101.00949945600075,BUY,0.5,The trend is down but the RSI is above 40 indicating potential for a bounce.  A buy will capitalize on a potential reversal.,137.45,145.01,49.7,-2.5568,1476152,1.17,13.7,15.1,2.65,-5.22,-1,0.44,0.02,0.43
Day-592,google/gemma-2-9b-it,ENTJ,memory,flat,456,0.92,flat,129.76,129.84841991586617,13106.992649410657,1.7424193291708457e-169,101.00949945600075,BUY,0.5,The trend is down but RSI is oversold and volume ratio is above 1. This suggests a potential bounce. Buying now allows for capitalizing on a potential trend reversal.,136.69,144.47,42.0,-2.9281,1426077,1.11,13.1,15.0,2.67,-5.38,-1,0.32,0.11,0.22
Day-593,google/gemma-2-9b-it,ENTJ,memory,flat,456,0.92,flat,131.24,130.85709229821933,13256.48670860554,8.712096645854228e-170,101.00949945600075,BUY,0.5,"The trend is down, but the RSI is above 40 indicating potential for a rebound.  A partial buy will allow for quick profit if the trend reverses.",136.18,143.99,46.4,-3.0673,1487613,1.15,11.8,15.0,2.66,-5.42,-1,0.5,0.27,0.24
Day-594,google/gemma-2-9b-it,ENTJ,memory,flat,456,0.92,flat,133.67,133.9305980659314,13501.93979228362,4.356048322927114e-170,101.00949945600075,BUY,0.5,"The trend is down but the RSI is oversold and the P/E ratio is reasonable.  A bounce is likely, and I will buy to capitalize on the momentum.",135.89,143.52,42.7,-2.9472,1220899,0.94,15.9,15.0,2.67,-5.32,-1,0.16,0.26,-0.1
Day-595,google/gemma-2-9b-it,ENTJ,memory,flat,456,0.92,flat,128.96,129.57460770396125,13026.185049845859,2.178024161463557e-170,101.00949945600075,BUY,0.5,"The trend is down but RSI is oversold and the P/E ratio is attractive.  A bounce is likely, and I will capitalize on it.",135.33,143.0,36.6,-3.1953,1071139,0.84,17.1,14.9,2.68,-5.36,-1,-0.01,0.28,-0.29
Day-596,google/gemma-2-9b-it,ENTJ,memory,flat,456,0.92,flat,130.09,130.10441218335106,13140.325784231138,1.0890120807317786e-170,101.00949945600075,BUY,0.5,"The trend is down but RSI is oversold and the P/E ratio is reasonable.  Momentum can shift quickly, and I'm buying to capitalize on a potential rebound.",134.91,142.42,40.7,-3.2632,1337032,1.04,12.7,15.0,2.67,-5.27,-1,-0.11,0.17,-0.29
Day-597,google/gemma-2-9b-it,ENTJ,memory,flat,456,0.92,flat,128.84,128.58602959170452,13014.063909911138,5.445060403658893e-171,101.00949945600075,BUY,0.5,"The trend is down, but RSI is oversold and P/E is reasonable.  A bounce is likely, and I will buy into the momentum.",134.63,141.75,40.4,-3.3794,1190117,0.92,15.8,15.0,2.66,-5.03,-1,-0.02,0.1,-0.12
Day-598,google/gemma-2-9b-it,ENTJ,memory,flat,456,0.92,flat,129.89,129.78297345580276,13120.123884339937,2.7225302018294464e-171,101.00949945600075,BUY,0.5,"The trend is down but RSI is oversold and P/E is reasonable.  Momentum can shift quickly, and this presents a buying opportunity.",134.39,141.13,42.5,-3.3478,1218421,0.93,11.3,15.0,2.66,-4.78,-1,0.38,0.08,0.3
Day-599,google/gemma-2-9b-it,ENTJ,memory,flat,456,0.92,flat,128.8,128.7433341108754,13010.023529932898,1.3612651009147232e-171,101.00949945600075,BUY,0.5,Trend is down but RSI is oversold and price is below SMA20.  Buying half position to capitalize on potential bounce.,134.15,140.6,38.8,-3.3715,1423426,1.09,8.9,15.0,2.67,-4.58,-1,-0.0,0.05,-0.05
Day-600,google/gemma-2-9b-it,ENTJ,memory,flat,456,0.92,flat,131.98,131.68385185999148,13331.233738202978,6.806325504573616e-172,101.00949945600075,BUY,0.5,The trend is down but RSI is oversold and volume ratio is above 1.05 indicating potential for a bounce.  Buying half position to capitalize on a potential reversal.,133.86,140.11,37.1,-3.0985,1363649,1.05,15.0,15.0,2.66,-4.46,-1,0.26,0.1,0.16
Day-601,google/gemma-2-9b-it,ENTJ,memory,flat,456,0.92,flat,134.72,134.62789190153046,13607.99976671242,3.403162752286808e-172,101.00949945600075,BUY,0.5,"The 20-day SMA is below the 60-day SMA, indicating an upward trend. RSI is below 50, suggesting potential for further upside.",133.69,139.57,42.6,-2.6306,1180734,0.92,15.0,15.0,2.66,-4.21,-1,0.1,0.14,-0.05
Day-602,google/gemma-2-9b-it,ENTJ,memory,flat,456,0.92,flat,133.85,134.18096065555622,13520.1215021857,1.701581376143404e-172,101.00949945600075,BUY,0.5,"The trend is up according to both the SMA20 and SMA60, indicating upward momentum.  RSI is below 50 suggesting potential for further upside.",133.57,139.12,41.8,-2.3032,1256637,0.98,13.3,15.0,2.67,-3.99,-1,-0.06,0.14,-0.19
Day-603,google/gemma-2-9b-it,ENTJ,memory,flat,456,0.92,flat,136.36,136.59555903421565,13773.655345820263,8.50790688071702e-173,101.00949945600075,BUY,0.5,"The trend is up, indicated by the positive SMA20/60 crossover.  RSI is above 50, suggesting upward momentum.",133.63,138.74,55.7,-1.8205,1446827,1.13,13.1,15.0,2.67,-3.69,-1,-0.32,-0.0,-0.31
Day-604,google/gemma-2-9b-it,ENTJ,memory,flat,456,0.92,flat,140.53,140.65942724052795,14194.864958551787,4.25395344035851e-173,101.00949945600075,BUY,0.5,"The trend is up, indicated by the positive SMA20/60 crossover and rising price.  Momentum is strong, justifying a purchase to capitalize on potential further gains.",133.9,138.58,57.4,-1.0886,1488244,1.15,10.0,15.0,2.67,-3.37,-1,-0.05,-0.01,-0.03
Day-605,google/gemma-2-9b-it,ENTJ,memory,flat,456,0.92,flat,134.77,134.64891457889576,13613.050241685223,2.126976720179255e-173,101.00949945600075,BUY,0.5,The trend is up according to both the SMA20 and SMA60.  RSI is above 50 indicating upward momentum.,133.82,138.37,50.6,-0.9626,1181212,0.91,11.7,15.0,2.66,-3.29,-1,-0.13,-0.09,-0.04
Day-606,google/gemma-2-9b-it,ENTJ,memory,flat,456,0.92,flat,134.88,134.36197625209635,13624.161286625382,1.0634883600896275e-173,101.00949945600075,BUY,0.5,"The trend is up, supported by the positive SMA20/60 crossover.  Implied volatility is moderate, suggesting potential for significant price movement.",133.54,138.0,57.9,-0.844,1045650,0.81,9.0,15.1,2.66,-3.23,-1,-0.32,-0.17,-0.15
Day-607,google/gemma-2-9b-it,ENTJ,memory,flat,456,0.92,flat,131.98,132.1949864190185,13331.233738202978,5.3174418004481375e-174,101.00949945600075,BUY,0.5,"The trend is slightly down, but the RSI is above 50 and the P/E ratio is reasonable.  Momentum is still positive and warrants a buy.",133.14,137.62,51.1,-0.9724,1275018,1.0,7.5,15.0,2.67,-3.25,-1,0.23,-0.12,0.35
Day-608,google/gemma-2-9b-it,ENTJ,memory,flat,456,0.92,flat,135.93,135.2968520223699,13730.221261054183,2.6587209002240687e-174,101.00949945600075,BUY,0.5,"Trend is up, supported by positive SMA crossover.  Implied volatility suggests potential for significant price movement.",132.95,137.31,53.2,-0.7474,1220450,0.96,13.6,15.1,2.65,-3.17,-1,0.21,-0.01,0.22
Day-609,google/gemma-2-9b-it,ENTJ,memory,flat,456,0.92,flat,132.2,132.39022166035394,13353.455828083299,1.3293604501120344e-174,101.00949945600075,BUY,0.5,"Trend is slightly down but RSI is above 50 indicating potential for reversal.  Momentum Commander mandates buying on uptrends, so entering a half position is justified.",132.93,136.98,54.7,-0.8604,1369408,1.06,14.8,15.0,2.67,-2.96,-1,0.25,0.05,0.2
Day-610,google/gemma-2-9b-it,ENTJ,memory,flat,456,0.92,flat,135.46,135.1674092956549,13682.746796309862,6.646802250560172e-175,101.00949945600075,BUY,0.5,"The trend is up, supported by the positive SMA crossover and rising price.  Implied volatility suggests potential for significant price swings, increasing the opportunity for growth.",132.91,136.82,57.3,-0.6785,1364581,1.05,13.8,15.0,2.66,-2.85,-1,0.21,0.12,0.1
Day-611,google/gemma-2-9b-it,ENTJ,memory,flat,456,0.92,flat,135.62,135.25739452356711,13698.908316222823,3.323401125280086e-175,101.00949945600075,BUY,0.5,The trend is up according to the SMA20/60 and RSI is above 50.  Momentum is positive and warrants a buy.,132.98,136.7,59.6,-0.5159,1172820,0.91,15.9,15.0,2.66,-2.72,-1,-0.28,0.12,-0.4
Day-612,google/gemma-2-9b-it,ENTJ,memory,flat,456,0.92,flat,134.62,134.78256595099606,13597.898816766821,1.661700562640043e-175,101.00949945600075,BUY,0.5,"The trend is up according to both the SMA20 and SMA60, and the RSI is above 50.  This indicates positive momentum and a potential for further price increase.",133.22,136.54,56.7,-0.4623,1485639,1.15,16.1,15.0,2.67,-2.43,-1,-0.18,0.04,-0.22
Day-613,google/gemma-2-9b-it,ENTJ,memory,flat,456,0.92,flat,133.34,132.81738324551094,13468.60665746314,8.308502813200215e-176,101.00949945600075,BUY,0.5,The trend is slightly down but the price is above both SMAs.  Momentum is still positive and warrants a buy to capitalize on potential upward movement.,133.32,136.38,56.4,-0.5172,1390869,1.08,14.9,15.1,2.66,-2.24,-1,-0.36,-0.07,-0.29
Day-614,google/gemma-2-9b-it,ENTJ,memory,flat,456,0.92,flat,129.52,129.73540739974433,13082.750369541218,4.1542514066001074e-176,101.00949945600075,BUY,0.5,The trend is slightly down but the price is still above both SMAs.  Momentum is still positive and warrants a buy to chase potential upside.,133.12,136.18,46.6,-0.8587,1218795,0.95,11.5,15.0,2.67,-2.25,-1,-0.02,-0.12,0.1
Day-615,google/gemma-2-9b-it,ENTJ,memory,flat,456,0.92,flat,129.32,128.9921982117469,13062.548469650017,2.0771257033000537e-176,101.00949945600075,BUY,0.5,"The trend is slightly down but the RSI is low, suggesting potential for a bounce.  Momentum trading dictates buying into this dip.",133.13,136.01,42.0,-1.1328,1138340,0.88,10.5,15.0,2.66,-2.12,-1,0.4,-0.09,0.48
Day-616,google/gemma-2-9b-it,ENTJ,memory,flat,456,0.92,flat,129.44,129.945952742391,13074.669609584736,1.0385628516500268e-176,101.00949945600075,BUY,0.5,The trend is slightly down but the RSI is low and the P/E ratio is reasonable. This suggests a potential bounce and buying opportunity.,133.1,135.8,43.3,-1.3251,1329269,1.03,8.2,14.9,2.68,-1.98,0,0.02,-0.03,0.04
Day-617,google/gemma-2-9b-it,ENTJ,memory,flat,456,0.92,flat,125.49,125.09298201260388,12675.682086733534,5.192814258250134e-177,101.00949945600075,BUY,0.5,"The trend is down but RSI is oversold. A bounce is likely, and I'll capitalize on the momentum.",132.93,135.45,34.2,-1.7753,1355814,1.05,7.5,15.0,2.66,-1.86,0,-0.18,-0.03,-0.15
Day-618,google/gemma-2-9b-it,ENTJ,memory,flat,456,0.92,flat,123.01,122.75883897084638,12425.178528082653,2.596407129125067e-177,101.00949945600075,BUY,0.5,The trend is down but RSI is oversold and price is below SMA20. This presents a potential buying opportunity for a quick rebound.,132.59,135.0,23.2,-2.306,1055016,0.82,7.5,15.0,2.66,-1.78,0,0.62,0.17,0.45
Day-619,google/gemma-2-9b-it,ENTJ,memory,flat,456,0.92,flat,121.47,120.97225736185608,12269.623898920412,1.2982035645625336e-177,101.00949945600075,BUY,0.5,The trend is up according to the SMA indicators and RSI is oversold.  This presents a buying opportunity to capitalize on potential momentum.,132.22,134.5,26.7,-2.8184,1146718,0.9,10.1,15.1,2.66,-1.7,0,-0.22,0.13,-0.34
Day-620,google/gemma-2-9b-it,ENTJ,memory,flat,456,0.92,flat,121.24,121.76189041677567,12246.39171404553,6.491017822812668e-178,101.00949945600075,BUY,0.5,The trend is up according to the SMA indicators and RSI is oversold.  This presents a buying opportunity to capitalize on potential momentum.,131.69,133.98,26.2,-3.2062,1389199,1.09,13.2,14.9,2.68,-1.71,0,-0.24,-0.0,-0.24
Day-621,google/gemma-2-9b-it,ENTJ,memory,flat,456,0.92,flat,118.64,118.91153783570263,11983.76701545993,3.245508911406334e-178,101.00949945600075,BUY,0.5,The trend is up according to the SMA indicators and RSI is oversold.  This presents a buying opportunity to capitalize on further momentum.,130.88,133.49,26.4,-3.6803,1062804,0.84,11.6,15.0,2.67,-1.95,0,0.5,0.1,0.41
Day-622,google/gemma-2-9b-it,ENTJ,memory,flat,456,0.92,flat,116.09,116.14442619340828,11726.192791847128,1.622754455703167e-178,101.00949945600075,BUY,0.5,"The trend is down, but RSI is oversold and the P/E ratio is reasonable. This presents a buying opportunity to capitalize on a potential reversal.",129.99,132.92,13.2,-4.2131,1024668,0.81,11.6,15.0,2.67,-2.2,-1,0.02,0.14,-0.12
Day-623,google/gemma-2-9b-it,ENTJ,memory,flat,456,0.92,flat,115.19,115.35794258627112,11635.284242336727,8.113772278515835e-179,101.00949945600075,BUY,0.5,"The trend is down but RSI is oversold and P/E is reasonable.  Momentum can shift quickly, and this presents a buying opportunity.",128.94,132.39,14.7,-4.6544,1244980,1.0,10.6,15.0,2.67,-2.61,-1,0.63,0.14,0.49
Day-624,google/gemma-2-9b-it,ENTJ,memory,flat,456,0.92,flat,121.92,121.7274656942015,12315.078173675613,4.0568861392579174e-179,101.00949945600075,BUY,0.5,"The trend is down but RSI is oversold and P/E is reasonable.  A bounce is likely, and I will buy into the momentum.",128.01,132.04,25.4,-4.4104,1107445,0.9,11.6,15.0,2.66,-3.05,-1,-0.19,0.14,-0.33
Day-625,google/gemma-2-9b-it,ENTJ,memory,flat,456,0.92,flat,122.02,122.68764103967989,12325.179123621212,2.0284430696289587e-179,101.00949945600075,BUY,0.5,"The trend is down but RSI is oversold and P/E is reasonable.  Momentum can shift quickly, and this presents a buying opportunity.",127.37,131.68,25.3,-4.1611,1058409,0.87,12.6,14.9,2.68,-3.27,-1,-0.18,0.16,-0.34
Day-626,google/gemma-2-9b-it,ENTJ,memory,flat,456,0.92,flat,122.02,121.65124389028121,12325.179123621212,1.0142215348144793e-179,101.00949945600075,BUY,0.5,The trend is down but RSI is oversold and P/E is reasonable.  Momentum is likely to reverse soon.,126.73,131.35,26.2,-3.9182,1043418,0.85,9.8,15.0,2.66,-3.52,-1,-0.27,0.0,-0.28
Day-627,google/gemma-2-9b-it,ENTJ,memory,flat,456,0.92,flat,123.01,122.94505087840906,12425.178528082653,5.071107674072397e-180,101.00949945600075,BUY,0.5,"The trend is down but RSI is oversold and P/E ratio is attractive.  Momentum could reverse soon, providing a buying opportunity.",126.28,131.12,30.3,-3.6044,1232325,1.01,11.2,15.0,2.67,-3.69,-1,0.25,0.05,0.2
Day-628,google/gemma-2-9b-it,ENTJ,memory,flat,456,0.92,flat,122.88,122.59954801114121,12412.047293153371,2.5355538370361984e-180,101.00949945600075,BUY,0.5,"The trend is down, but the RSI is oversold and the P/E ratio is reasonable. A bounce is likely, and I will capitalize on it.",125.62,130.88,35.3,-3.328,1341228,1.09,9.2,15.0,2.66,-4.02,-1,-0.1,-0.1,0.0
Day-629,google/gemma-2-9b-it,ENTJ,memory,flat,456,0.92,flat,124.5,125.05963295383499,12575.682682272094,1.2677769185180992e-180,101.00949945600075,BUY,0.5,The trend is slightly down but the RSI is oversold and the P/E ratio is reasonable.  Momentum is still positive and a buy at this price could lead to significant gains.,125.24,130.7,39.9,-2.9441,1423267,1.16,12.7,14.9,2.68,-4.18,-1,-0.17,-0.09,-0.07
Day-630,google/gemma-2-9b-it,ENTJ,memory,flat,456,0.92,flat,125.41,124.99678820086504,12667.601326777054,6.338884592590496e-181,101.00949945600075,BUY,0.5,The trend is up based on the SMA20/60 crossover and the price is above the 20-day SMA.  Momentum is positive and warrants a buy.,124.74,130.45,41.9,-2.5374,1475957,1.2,22.3,15.0,2.66,-4.38,-1,-0.17,-0.09,-0.07
Day-631,google/gemma-2-9b-it,ENTJ,memory,flat,456,0.92,flat,123.04,122.6305660659003,12428.208813066334,3.169442296295248e-181,101.00949945600075,BUY,0.5,"The trend is slightly down but the SMA20/60 crossover is positive. Implied volatility is high, indicating potential for a strong move.",124.11,130.15,44.7,-2.3791,1334850,1.07,18.0,15.0,2.66,-4.64,-1,0.53,0.07,0.46
Day-632,google/gemma-2-9b-it,ENTJ,memory,flat,456,0.92,flat,124.02,124.12250421610855,12527.198122533213,1.584721148147624e-181,101.00949945600075,BUY,0.5,The trend is up based on the SMA20/60 crossover and the price is above the 20-day SMA.  Momentum is positive and warrants a buy to capitalize on potential growth.,123.58,129.91,52.3,-2.1495,1053651,0.86,20.2,15.0,2.67,-4.87,-1,-0.09,0.0,-0.09
Day-633,google/gemma-2-9b-it,ENTJ,memory,flat,456,0.92,flat,129.1,129.42878617120468,13040.326379769696,7.92360574073812e-182,101.00949945600075,BUY,0.5,"The trend is up according to both the SMA20 and SMA60, and the RSI is above 60 indicating bullish momentum.  I will buy half my available capital to capitalize on this trend.",123.37,129.78,65.1,-1.5398,1244549,1.03,16.7,15.0,2.67,-4.94,-1,-0.12,-0.0,-0.12
Day-634,google/gemma-2-9b-it,ENTJ,memory,flat,456,0.92,flat,136.98,136.98179871095783,13836.281235482982,3.96180287036906e-182,101.00949945600075,BUY,0.5,"Trend is up despite RSI being high, indicating strong momentum.  P/E ratio is reasonable and volume ratio suggests continued interest.",123.74,129.82,74.0,-0.4156,1116509,0.92,15.2,15.0,2.67,-4.69,-1,-0.65,-0.1,-0.55
Day-635,google/gemma-2-9b-it,ENTJ,memory,flat,456,0.92,flat,136.4,137.0850813916143,13777.695725798503,1.98090143518453e-182,101.00949945600075,BUY,0.5,"Trend is up despite RSI being high, indicating potential for continued momentum.  P/E ratio is reasonable, supporting further growth.",124.09,129.82,78.8,0.4233,1000823,0.83,14.6,14.9,2.68,-4.41,-1,0.13,-0.04,0.17
Day-636,google/gemma-2-9b-it,ENTJ,memory,flat,456,0.92,flat,134.61,134.23740724702844,13596.888721772262,9.90450717592265e-183,101.00949945600075,BUY,0.5,"The trend is up, indicated by the positive SMA20/60 crossover and the high RSI.  Momentum is strong and warrants a buy position to capitalize on potential growth.",124.35,129.71,80.8,0.9331,1126443,0.95,17.7,15.0,2.66,-4.13,-1,0.69,-0.01,0.7
Day-637,google/gemma-2-9b-it,ENTJ,memory,flat,456,0.92,flat,127.1,127.24338191092055,12838.307380857696,4.952253587961325e-183,101.00949945600075,BUY,0.5,"The trend is up according to both the SMA20 and SMA60, and the RSI is above 60 indicating bullish momentum.  Implied volatility is moderate, suggesting potential for significant price swings.",124.43,129.45,66.2,0.7223,1414419,1.18,13.4,15.0,2.67,-3.87,-1,-0.59,-0.11,-0.49
Day-638,google/gemma-2-9b-it,ENTJ,memory,flat,456,0.92,flat,125.36,125.75920219076953,12662.550851804255,2.4761267939806625e-183,101.00949945600075,BUY,0.5,The trend is up according to the SMA crossover and RSI is above 50.  Momentum is positive and warrants a buy.,124.55,129.16,55.4,0.41,1161672,0.97,14.2,15.0,2.68,-3.57,-1,-0.3,-0.14,-0.15
Day-639,google/gemma-2-9b-it,ENTJ,memory,flat,456,0.92,flat,124.0,124.61716404103156,12525.177932544093,1.2380633969903312e-183,101.00949945600075,BUY,0.5,"The trend is slightly down, but the price is still above the 20-day SMA.  Momentum is still positive and warrants a buy to capitalize on potential upside.",124.68,128.99,53.0,0.0527,1473127,1.21,14.5,14.9,2.68,-3.34,-1,0.13,0.01,0.12
Day-640,google/gemma-2-9b-it,ENTJ,memory,flat,456,0.92,flat,124.14,124.10305035881535,12539.319262467934,6.190316984951656e-184,101.00949945600075,BUY,0.5,"The trend is slightly down, but the price is above both the 20 and 60 day SMAs.  Momentum is still positive and warrants a buy to capitalize on potential upward movement.",124.82,128.75,53.2,-0.2164,1118731,0.93,13.8,15.0,2.67,-3.05,-1,-0.09,-0.03,-0.06
Day-641,google/gemma-2-9b-it,ENTJ,memory,flat,456,0.92,flat,120.37,121.06436229265822,12158.51344951881,3.095158492475828e-184,101.00949945600075,BUY,0.5,"The trend is up according to both the SMA20 and SMA60, indicating continued momentum.  The RSI is above 40, suggesting buying pressure.",124.91,128.48,46.3,-0.7255,1333150,1.1,15.2,14.9,2.68,-2.78,-1,-0.3,-0.23,-0.07
Day-642,google/gemma-2-9b-it,ENTJ,memory,flat,456,0.92,flat,122.69,122.65631892141819,12392.855488256731,1.547579246237914e-184,101.00949945600075,BUY,0.5,The trend is slightly down but the RSI is above 40 indicating potential for a rebound.  Momentum is key and a half position buy allows for upside potential.,125.24,128.33,49.8,-0.9315,1433315,1.16,19.6,15.0,2.67,-2.41,-1,0.3,-0.05,0.35
Day-643,google/gemma-2-9b-it,ENTJ,memory,flat,456,0.92,flat,120.4,120.32841617312415,12161.543734502491,7.73789623118957e-185,101.00949945600075,BUY,0.5,Trend is slightly down but RSI is below 50 indicating potential for a bounce.  Momentum Commander mandate dictates buying on uptrends.,125.5,128.12,44.7,-1.2646,1117553,0.91,14.1,15.0,2.66,-2.04,-1,-0.0,0.01,-0.01
Day-644,google/gemma-2-9b-it,ENTJ,memory,flat,456,0.92,flat,120.03,120.09626085965088,12124.17021970377,3.868948115594785e-185,101.00949945600075,BUY,0.5,The trend is up according to both the SMA20 and SMA60.  RSI is below 50 indicating potential for further upside.,125.4,127.84,43.0,-1.541,1111377,0.9,12.7,15.0,2.67,-1.91,0,0.22,0.03,0.2
Day-645,google/gemma-2-9b-it,ENTJ,memory,flat,456,0.92,flat,119.22,119.2495148957142,12042.35252514441,1.9344740577973925e-185,101.00949945600075,BUY,0.5,Trend is up according to both SMA indicators.  RSI is below 50 indicating potential for further upward movement.,125.26,127.65,44.8,-1.8043,1141199,0.92,10.2,15.0,2.67,-1.87,0,0.04,0.05,-0.01
Day-646,google/gemma-2-9b-it,ENTJ,memory,flat,456,0.92,flat,118.18,118.26338753734518,11937.30264571017,9.672370288986963e-186,101.00949945600075,BUY,0.5,The trend is up according to both SMA indicators.  RSI is below 50 indicating potential for further upside.,125.07,127.41,42.0,-2.0733,1350073,1.08,11.0,15.0,2.67,-1.84,0,-0.56,-0.0,-0.56
Day-647,google/gemma-2-9b-it,ENTJ,memory,flat,456,0.92,flat,118.86,118.88375635624477,12005.98910534025,4.836185144493481e-186,101.00949945600075,BUY,0.5,"The trend is up according to both the SMA20 and SMA60, indicating a strong momentum. The RSI is below 50, suggesting potential for a rebound and further upward movement.",124.87,127.21,34.1,-2.2062,1053152,0.85,10.4,15.0,2.67,-1.85,0,-0.41,-0.14,-0.27
Day-648,google/gemma-2-9b-it,ENTJ,memory,flat,456,0.92,flat,115.17,114.21282112441271,11633.264052347608,2.4180925722467407e-186,101.00949945600075,BUY,0.5,"The trend is up according to both the SMA20 and SMA60, indicating a strong upward momentum. The low RSI suggests potential for further price increase.",124.48,126.92,11.2,-2.5796,1216504,0.99,14.7,15.1,2.64,-1.92,0,-0.23,-0.19,-0.04
Day-649,google/gemma-2-9b-it,ENTJ,memory,flat,456,0.92,flat,116.21,115.66449940208268,11738.313931781848,1.2090462861233703e-186,101.00949945600075,BUY,0.5,"The trend is down, but the RSI is oversold and the P/E ratio suggests undervaluation.  A bounce is likely, and I will capitalize on it.",124.07,126.67,14.6,-2.7595,1131088,0.93,13.3,15.1,2.65,-2.05,-1,0.39,-0.16,0.54
Day-650,google/gemma-2-9b-it,ENTJ,memory,flat,456,0.92,flat,117.72,117.38382750062819,11890.838275960408,6.045231430616852e-187,101.00949945600075,BUY,0.5,"The trend is down, but RSI is oversold and P/E is reasonable.  A bounce is likely, and I will buy to capitalize on the momentum shift.",123.68,126.38,20.1,-2.749,1151450,0.96,9.9,15.0,2.66,-2.14,-1,-0.13,-0.19,0.06
Day-651,google/gemma-2-9b-it,ENTJ,memory,flat,456,0.92,flat,115.57,115.59995891030475,11673.667852130007,3.022615715308426e-187,101.00949945600075,BUY,0.5,The trend is down but RSI is oversold and volume ratio is above 1. This suggests a potential bounce. Buying now allows for capitalizing on a potential upward trend reversal.,123.31,126.0,24.8,-2.8807,1478964,1.22,7.6,15.0,2.67,-2.14,-1,0.04,-0.07,0.1
Day-652,google/gemma-2-9b-it,ENTJ,memory,flat,456,0.92,flat,116.2,116.37833604291951,11737.303836787289,1.511307857654213e-187,101.00949945600075,BUY,0.5,"The trend is down but RSI is oversold and P/E is reasonable.  Momentum could reverse soon, time to capitalize.",122.92,125.64,29.0,-2.901,1255858,1.03,7.5,15.0,2.67,-2.17,-1,-0.14,-0.02,-0.13
Day-653,google/gemma-2-9b-it,ENTJ,memory,flat,456,0.92,flat,117.07,117.01414873665334,11825.182101314007,7.556539288271065e-188,101.00949945600075,BUY,0.5,"The trend is down but RSI is oversold and volume ratio is above 0.8. This suggests a potential bounce, aligning with the momentum strategy.",122.31,125.26,33.7,-2.8146,1056162,0.87,7.5,15.0,2.67,-2.35,-1,0.55,0.14,0.41
Day-654,google/gemma-2-9b-it,ENTJ,memory,flat,456,0.92,flat,115.46,114.9572998473715,11662.556807189847,3.778269644135532e-188,101.00949945600075,BUY,0.5,"The trend is down but RSI is oversold and P/E is reasonable.  Momentum can shift quickly, and this presents a buying opportunity.",121.24,124.76,30.9,-2.8429,1337815,1.09,7.8,15.1,2.66,-2.82,-1,-0.49,-0.04,-0.46
Day-655,google/gemma-2-9b-it,ENTJ,memory,flat,456,0.92,flat,113.65,113.63412756991124,11479.729613174486,1.889134822067766e-188,101.00949945600075,BUY,0.5,Trend is down but RSI is oversold and P/E is reasonable. Expecting a bounce to resume the uptrend.,120.1,124.33,33.8,-2.9773,1010684,0.83,9.4,15.0,2.67,-3.41,-1,-0.42,-0.09,-0.32
Day-656,google/gemma-2-9b-it,ENTJ,memory,flat,456,0.92,flat,109.77,109.60408748004879,11087.812755285202,9.44567411033883e-189,101.00949945600075,BUY,0.5,"The trend is down, but the RSI is oversold and the P/E ratio is reasonable. This presents a buying opportunity for a potential rebound.",118.86,123.83,21.1,-3.3579,1352948,1.1,7.7,15.0,2.66,-4.02,-1,-0.08,-0.12,0.03
Day-657,google/gemma-2-9b-it,ENTJ,memory,flat,456,0.92,flat,111.9,111.86491003851849,11302.962989126485,4.722837055169415e-189,101.00949945600075,BUY,0.5,Trend is down but RSI is oversold and P/E is reasonable.  Expecting a bounce to resume the uptrend.,118.1,123.43,30.8,-3.4479,1036499,0.85,9.2,15.0,2.67,-4.32,-1,-0.44,-0.18,-0.26
Day-658,google/gemma-2-9b-it,ENTJ,memory,flat,456,0.92,flat,112.45,111.82967708510434,11358.518213827285,2.3614185275847077e-189,101.00949945600075,BUY,0.5,The trend is down but RSI is oversold and P/E is reasonable. Buying now allows for potential upside if the trend reverses.,117.45,122.96,33.1,-3.4354,1269406,1.04,14.9,15.1,2.65,-4.48,-1,-0.31,-0.35,0.03
Day-659,google/gemma-2-9b-it,ENTJ,memory,flat,456,0.92,flat,110.04,109.61501404206551,11115.085320138323,1.1807092637923538e-189,101.00949945600075,BUY,0.5,"The trend is down but RSI is oversold and P/E is reasonable.  A bounce is likely, allowing for a quick profit.",116.76,122.52,30.9,-3.5784,1412016,1.16,13.2,15.1,2.66,-4.7,-1,-0.4,-0.33,-0.07
Day-660,google/gemma-2-9b-it,ENTJ,memory,flat,456,0.92,flat,111.31,111.17926740184689,11243.367384447443,5.903546318961769e-190,101.00949945600075,BUY,0.5,"Trend is down but RSI is oversold.  Expecting a bounce, will buy half position to capitalize on momentum shift.",116.11,122.04,35.8,-3.5488,1079047,0.89,16.5,15.0,2.66,-4.85,-1,0.08,-0.23,0.31
Day-661,google/gemma-2-9b-it,ENTJ,memory,flat,456,0.92,flat,110.14,110.46473334389538,11125.186270083923,2.9517731594808846e-190,101.00949945600075,BUY,0.5,The trend is down but RSI is oversold and P/E is reasonable. Expecting a bounce to resume the uptrend.,115.6,121.53,32.3,-3.5784,1060207,0.88,14.4,15.0,2.67,-4.87,-1,0.03,-0.21,0.24
Day-662,google/gemma-2-9b-it,ENTJ,memory,flat,456,0.92,flat,109.81,109.30130085325793,11091.853135263444,1.4758865797404423e-190,101.00949945600075,BUY,0.5,"The trend is down but RSI is oversold and P/E is reasonable.  A bounce is likely, and I will buy into the potential uptrend.",114.96,121.03,37.4,-3.5871,1011242,0.86,12.7,15.1,2.65,-5.02,-1,-0.09,-0.14,0.05
Day-663,google/gemma-2-9b-it,ENTJ,memory,flat,456,0.92,flat,109.07,108.16995005653895,11017.106105666002,7.379432898702212e-191,101.00949945600075,BUY,0.5,"The trend is down, but RSI is oversold and P/E is reasonable.  A bounce is likely, and I will capitalize on it.",114.39,120.54,33.0,-3.6116,1162672,0.98,13.1,15.1,2.64,-5.1,-1,-0.15,-0.11,-0.05
Day-664,google/gemma-2-9b-it,ENTJ,memory,flat,456,0.92,flat,109.46,109.7902159342583,11056.499810453843,3.689716449351106e-191,101.00949945600075,BUY,0.5,"The trend is down but RSI is oversold and P/E is reasonable.  A bounce is likely, and I will capitalize on it.",113.86,120.14,29.2,-3.5591,1062210,0.9,14.3,15.0,2.67,-5.23,-1,0.39,0.05,0.34
Day-665,google/gemma-2-9b-it,ENTJ,memory,flat,456,0.92,flat,109.56,108.64226003034992,11066.600760399442,1.844858224675553e-191,101.00949945600075,BUY,0.5,"The trend is down, but RSI is oversold and the P/E ratio is reasonable. This presents a buying opportunity for a potential rebound.",113.38,119.75,33.2,-3.4694,1212285,1.02,10.3,15.1,2.64,-5.32,-1,-0.17,0.0,-0.17
Day-666,google/gemma-2-9b-it,ENTJ,memory,flat,456,0.92,flat,111.14,110.62703319677935,11226.195769539923,9.224291123377764e-192,101.00949945600075,BUY,0.5,"The trend is down, but the RSI is oversold and the P/E ratio is reasonable.  A bounce is likely, and I will capitalize on it.",113.03,119.38,36.5,-3.2334,1444502,1.21,10.8,15.1,2.65,-5.32,-1,0.23,0.04,0.19
Day-667,google/gemma-2-9b-it,ENTJ,memory,flat,456,0.92,flat,108.56,109.1419588721347,10965.591260943442,4.612145561688882e-192,101.00949945600075,BUY,0.5,"The trend is down but RSI is oversold and P/E is reasonable.  Momentum could reverse soon, offering a buying opportunity.",112.51,119.04,29.3,-3.2174,1125912,0.94,10.2,14.9,2.68,-5.49,-1,-0.4,-0.02,-0.38
Day-668,google/gemma-2-9b-it,ENTJ,memory,flat,456,0.92,flat,108.23,108.12203023631517,10932.258126122962,2.306072780844441e-192,101.00949945600075,BUY,0.5,"The trend is down but RSI is oversold and P/E is reasonable.  A bounce is likely, and I will buy into the momentum.",112.17,118.75,31.2,-3.1945,1399199,1.16,16.6,15.0,2.66,-5.54,-1,-0.08,-0.0,-0.07
Day-669,google/gemma-2-9b-it,ENTJ,memory,flat,456,0.92,flat,109.79,109.76027679325647,11089.832945274324,1.1530363904222206e-192,101.00949945600075,BUY,0.5,Trend is down but RSI is oversold and P/E is reasonable. Expecting a bounce back to continue the overall upward momentum.,111.84,118.51,39.9,-3.0154,1144861,0.95,15.4,15.0,2.67,-5.63,-1,0.33,-0.02,0.35
Day-670,google/gemma-2-9b-it,ENTJ,memory,flat,456,0.92,flat,109.82,109.55103001614404,11092.863230258003,5.765181952111103e-193,101.00949945600075,BUY,0.5,"The trend is slightly down, but the price is above the 20-day SMA and RSI is above 50.  Momentum is still positive and warrants a buy.",111.45,118.29,50.2,-2.8383,1114576,0.93,15.5,15.0,2.66,-5.78,-1,0.41,0.1,0.32
Day-671,google/gemma-2-9b-it,ENTJ,memory,flat,456,0.92,flat,110.72,110.51894468989067,11183.771779768404,2.8825909760555514e-193,101.00949945600075,BUY,0.5,Trend is slightly down but RSI is above 40 indicating potential for reversal.  Momentum Commander mandate dictates buying on uptrends.,111.21,118.13,45.7,-2.5961,1472241,1.23,11.0,15.0,2.66,-5.86,-1,0.73,0.2,0.53
Day-672,google/gemma-2-9b-it,ENTJ,memory,flat,456,0.92,flat,107.68,108.04365699335217,10876.702901422163,1.4412954880277757e-193,101.00949945600075,BUY,0.5,"The trend is down but RSI is oversold and P/E ratio is reasonable.  Momentum could reverse soon, offering a buying opportunity.",110.78,117.96,35.4,-2.6193,1429946,1.18,10.1,14.9,2.68,-6.09,-1,-0.28,0.22,-0.5
Day-673,google/gemma-2-9b-it,ENTJ,memory,flat,456,0.92,flat,110.77,110.67844093856284,11188.822254741202,7.206477440138878e-194,101.00949945600075,BUY,0.5,"The trend is up according to both the SMA20 and SMA60, indicating continued momentum.  RSI is above 50, suggesting buying pressure.",110.47,117.87,52.1,-2.3605,1395981,1.14,14.1,15.0,2.66,-6.28,-1,0.33,0.31,0.03
Day-674,google/gemma-2-9b-it,ENTJ,memory,flat,456,0.92,flat,113.33,113.3593880994842,11447.406573348566,3.603238720069439e-194,101.00949945600075,BUY,0.5,"The trend is up, indicated by the positive SMA20/60 crossover.  RSI is above 50, suggesting upward momentum.",110.36,117.7,55.5,-1.927,1229407,1.01,10.8,15.0,2.67,-6.24,-1,-0.24,0.19,-0.43
Day-675,google/gemma-2-9b-it,ENTJ,memory,flat,456,0.92,flat,111.34,111.22358466332743,11246.397669431124,1.8016193600347196e-194,101.00949945600075,BUY,0.5,"The trend is up according to both the SMA20 and SMA60, indicating momentum.  RSI is above 50 suggesting upward potential.",110.24,117.49,53.1,-1.7238,1197178,0.97,10.1,15.0,2.66,-6.16,-1,-0.34,0.04,-0.38
Day-676,google/gemma-2-9b-it,ENTJ,memory,flat,456,0.92,flat,110.11,109.56034129329733,11122.155985100242,9.008096800173598e-195,101.00949945600075,BUY,0.5,"The trend is slightly down, but the SMA20/60 crossover is positive.  Momentum is still present and a buy at this price could capitalize on a potential rebound.",110.26,117.25,50.7,-1.6436,1210921,0.99,10.0,15.1,2.65,-5.96,-1,0.22,-0.06,0.28
Day-677,google/gemma-2-9b-it,ENTJ,memory,flat,456,0.92,flat,107.08,107.37177485483957,10816.09720174856,4.504048400086799e-195,101.00949945600075,BUY,0.5,The trend is down but the RSI is above 40 indicating potential for a bounce.  Buying now allows for capitalizing on a potential reversal.,110.02,116.93,45.5,-1.8037,1089397,0.89,9.2,15.0,2.67,-5.91,-1,0.17,0.03,0.14
Day-678,google/gemma-2-9b-it,ENTJ,memory,flat,456,0.92,flat,105.73,106.08683715440736,10679.73437748296,2.2520242000433995e-195,101.00949945600075,BUY,0.5,"The trend is down, but the RSI is oversold and the P/E ratio suggests undervaluation.  A bounce is likely, offering a good entry point.",109.68,116.59,42.0,-2.0158,1245771,1.02,7.9,15.0,2.68,-5.92,-1,0.47,0.05,0.41
Day-679,google/gemma-2-9b-it,ENTJ,memory,flat,456,0.92,flat,108.14,107.72700683355725,10923.167271171922,1.1260121000216998e-195,101.00949945600075,BUY,0.5,"The trend is slightly down but the RSI is above 40 indicating potential for a bounce.  Momentum is key, and a buy here could capitalize on a reversal.",109.59,116.26,47.2,-1.9671,1345567,1.1,7.5,15.1,2.66,-5.74,-1,0.15,0.13,0.01
Day-680,google/gemma-2-9b-it,ENTJ,memory,flat,456,0.92,flat,108.38,108.46657978935082,10947.40955104136,5.630060500108499e-196,101.00949945600075,BUY,0.5,The trend is slightly down but the RSI is low and the P/E ratio is reasonable. This suggests a potential buying opportunity for a quick rebound.,109.44,115.92,44.3,-1.8874,1372878,1.11,7.5,15.0,2.67,-5.59,-1,0.24,0.25,-0.01
Day-681,google/gemma-2-9b-it,ENTJ,memory,flat,456,0.92,flat,105.71,105.42358990419858,10677.714187493839,2.8150302500542494e-196,101.00949945600075,BUY,0.5,"The trend is down but RSI is oversold and volume ratio is positive.  This suggests a potential bounce, aligning with the momentum commander mandate.",109.22,115.57,44.2,-2.0162,1390343,1.11,7.5,15.0,2.66,-5.49,-1,-0.23,0.16,-0.39
Day-682,google/gemma-2-9b-it,ENTJ,memory,flat,456,0.92,flat,108.0,107.67789340244708,10909.025941248081,1.4075151250271247e-196,101.00949945600075,BUY,0.5,"The trend is slightly down but the SMA20/60 is positive.  Implied volatility is low, suggesting a potential for a breakout.",109.13,115.25,49.6,-1.9113,1484716,1.16,7.5,15.0,2.66,-5.31,-1,-0.07,0.11,-0.18
Day-683,google/gemma-2-9b-it,ENTJ,memory,flat,456,0.92,flat,107.67,108.20917570721033,10875.692806427602,7.037575625135624e-197,101.00949945600075,BUY,0.5,"The 20-day SMA is above the 60-day SMA, indicating an uptrend.  Implied volatility is moderate, suggesting potential for significant price movement.",109.06,114.82,45.8,-1.834,1143792,0.9,7.5,14.9,2.68,-5.02,-1,-0.19,-0.02,-0.17
Day-684,google/gemma-2-9b-it,ENTJ,memory,flat,456,0.92,flat,110.65,110.6810222266859,11176.701114806485,3.518787812567812e-197,101.00949945600075,BUY,0.5,"The trend is up, supported by the positive SMA20/60 crossover and the RSI above 50.  Implied volatility suggests potential for significant price movement.",109.12,114.3,51.5,-1.515,1482704,1.14,11.5,15.0,2.67,-4.53,-1,-0.06,-0.06,0.0
Day-685,google/gemma-2-9b-it,ENTJ,memory,flat,456,0.92,flat,111.09,111.49990300226962,11221.145294567124,1.759393906283906e-197,101.00949945600075,BUY,0.5,Trend is up based on SMA crossover and RSI is above 50.  Momentum is positive and warrants a buy.,109.2,113.79,50.7,-1.2127,1011124,0.79,14.1,14.9,2.68,-4.04,-1,0.24,-0.06,0.3
Day-686,google/gemma-2-9b-it,ENTJ,memory,flat,456,0.92,flat,112.73,112.85014995373548,11386.800873674965,8.79696953141953e-198,101.00949945600075,BUY,0.5,"The trend is up based on the SMA crossover and price is above both.  Implied volatility is moderate, indicating potential for significant price swings which aligns with the momentum strategy.",109.28,113.35,59.6,-0.8308,1216587,0.95,13.1,15.0,2.67,-3.59,-1,0.23,0.03,0.2
Day-687,google/gemma-2-9b-it,ENTJ,memory,flat,456,0.92,flat,111.29,111.31179059573309,11241.347194458325,4.398484765709765e-198,101.00949945600075,BUY,0.5,"The trend is up according to both the SMA20 and SMA60, indicating positive momentum.  Implied volatility is moderate, suggesting potential for significant price swings which aligns with the mandate to chase big wins.",109.41,113.04,51.1,-0.6369,1113497,0.87,14.7,15.0,2.67,-3.2,-1,-0.27,-0.01,-0.26
Day-688,google/gemma-2-9b-it,ENTJ,memory,flat,456,0.92,flat,114.71,113.97162547020872,11586.799682597846,2.1992423828548823e-198,101.00949945600075,BUY,0.5,"The trend is up according to both the SMA20 and SMA60, indicating momentum.  RSI is above 50, suggesting buying pressure.",109.74,112.82,52.7,-0.2048,1018142,0.81,10.5,15.1,2.65,-2.73,-1,0.17,0.06,0.1
Day-689,google/gemma-2-9b-it,ENTJ,memory,flat,456,0.92,flat,115.25,114.9761397562219,11641.344812304087,1.0996211914274412e-198,101.00949945600075,BUY,0.5,"Trend is up, supported by positive SMA crossover.  RSI is above 50 indicating upward momentum.",110.01,112.65,58.1,0.1787,1189731,0.95,10.2,15.0,2.66,-2.34,-1,-0.11,0.05,-0.16
Day-690,google/gemma-2-9b-it,ENTJ,memory,flat,456,0.92,flat,108.68,108.82373711517958,10977.712400878163,5.498105957137206e-199,101.00949945600075,BUY,0.5,The trend is slightly down but the SMA20/60 crossover is positive.  Momentum is still present and a dip presents a buying opportunity.,109.95,112.34,47.6,-0.0466,1254235,0.99,8.1,15.0,2.67,-2.12,-1,-0.1,-0.02,-0.08
Day-691,google/gemma-2-9b-it,ENTJ,memory,flat,456,0.92,flat,108.01,107.86732055971635,10910.036036242642,2.749052978568603e-199,101.00949945600075,BUY,0.5,"The trend is up according to both the SMA20 and SMA60, indicating positive momentum.  Implied volatility is moderate, suggesting potential for significant price swings which aligns with the mandate to chase big wins.",109.82,112.09,51.7,-0.2763,1117692,0.9,7.5,15.0,2.66,-2.03,-1,0.27,-0.01,0.28
Day-692,google/gemma-2-9b-it,ENTJ,memory,flat,456,0.92,flat,107.95,107.81463085528455,10903.975466275282,1.3745264892843015e-199,101.00949945600075,BUY,0.5,"The trend is up according to both the SMA20 and SMA60.  Implied volatility is moderate, indicating potential for significant price movement.",109.83,111.8,54.3,-0.4578,1256357,1.01,7.5,15.0,2.66,-1.76,0,-0.17,0.01,-0.18
Day-693,google/gemma-2-9b-it,ENTJ,memory,flat,456,0.92,flat,109.33,109.41536050839656,11043.368575524562,6.872632446421507e-200,101.00949945600075,BUY,0.5,"The trend is up according to both the SMA20 and SMA60.  Implied volatility is moderate, indicating potential for significant price movement.",109.76,111.57,52.4,-0.4846,1242077,1.01,9.6,15.0,2.67,-1.63,0,-0.6,-0.14,-0.45
Day-694,google/gemma-2-9b-it,ENTJ,memory,flat,456,0.92,flat,109.83,109.66740302425846,11093.873325252562,3.4363162232107537e-200,101.00949945600075,BUY,0.5,"The trend is up according to the SMA indicators and the price is above the 20-day SMA.  Implied volatility is moderate, suggesting potential for significant price movement.",109.58,111.37,52.9,-0.4604,1195139,0.97,11.1,15.0,2.66,-1.6,0,0.21,-0.08,0.29
Day-695,google/gemma-2-9b-it,ENTJ,memory,flat,456,0.92,flat,110.7,111.34351961922151,11181.751589779284,1.7181581116053768e-200,101.00949945600075,BUY,0.5,"The trend is up, supported by the SMA20/60 and positive RSI.  Implied volatility suggests potential for significant price movement, aligning with the mandate to chase big wins.",109.55,111.2,60.8,-0.3665,1427716,1.15,16.0,14.9,2.68,-1.48,0,0.02,-0.05,0.07
Day-696,google/gemma-2-9b-it,ENTJ,memory,flat,456,0.92,flat,109.22,109.24803667363199,11032.257530584402,8.590790558026884e-201,101.00949945600075,BUY,0.5,The trend is up according to both the SMA20 and SMA60.  RSI is above 50 indicating upward momentum.,109.51,111.02,52.7,-0.4069,1430202,1.14,11.4,15.0,2.67,-1.36,0,-0.11,-0.13,0.02
Day-697,google/gemma-2-9b-it,ENTJ,memory,flat,456,0.92,flat,107.44,107.96277724446246,10852.46062155272,4.295395279013442e-201,101.00949945600075,BUY,0.5,"The trend is up according to both the SMA20 and SMA60.  Implied volatility is moderate, suggesting potential for significant price movement.",109.53,110.79,49.5,-0.5759,1173336,0.93,11.7,14.9,2.68,-1.14,0,-0.21,-0.14,-0.07
Day-698,google/gemma-2-9b-it,ENTJ,memory,flat,456,0.92,flat,107.34,107.05900583906964,10842.35967160712,2.147697639506721e-201,101.00949945600075,BUY,0.5,The trend is up according to both the SMA20 and SMA60.  RSI is below 50 indicating potential for further upside.,109.61,110.64,42.1,-0.7098,1377407,1.09,8.7,15.0,2.66,-0.93,0,0.04,-0.01,0.05
Day-699,google/gemma-2-9b-it,ENTJ,memory,flat,456,0.92,flat,108.12,108.04488810857107,10921.147081182802,1.0738488197533605e-201,101.00949945600075,BUY,0.5,"The trend is slightly positive, and the RSI is below 50 indicating potential for further upside.  Momentum is key, and this presents an opportunity to capitalize on the upward trend.",109.61,110.47,43.0,-0.7442,1407073,1.11,7.5,15.0,2.66,-0.79,0,-0.01,-0.05,0.04
Day-700,google/gemma-2-9b-it,ENTJ,memory,flat,456,0.92,flat,107.22,107.69384596746407,10830.238531672401,5.369244098766803e-202,101.00949945600075,BUY,0.5,The trend is slightly down but RSI is oversold and P/E is reasonable. Momentum is still positive and a quick rebound is likely.,109.55,110.26,36.5,-0.8352,1319722,1.05,9.7,14.9,2.68,-0.65,0,0.15,-0.03,0.17
Day-701,google/gemma-2-9b-it,ENTJ,memory,flat,456,0.92,flat,105.86,105.34376925898263,10692.865612412239,2.6846220493834013e-202,101.00949945600075,BUY,0.5,"The trend is up according to both the SMA20 and SMA60, indicating a strong upward momentum.  The RSI is below 50, suggesting potential for further upside.",109.56,110.07,36.7,-1.0051,1410743,1.12,10.7,15.1,2.65,-0.47,0,0.71,0.14,0.57
Day-702,google/gemma-2-9b-it,ENTJ,memory,flat,456,0.92,flat,104.36,104.57386332302386,10541.35136322824,1.3423110246917007e-202,101.00949945600075,BUY,0.5,"The trend is up according to both the SMA20 and SMA60, and RSI is oversold. This indicates a potential buying opportunity for a momentum play.",109.37,109.83,22.0,-1.2461,1059548,0.85,11.3,15.0,2.67,-0.42,0,-0.64,0.05,-0.69
Day-703,google/gemma-2-9b-it,ENTJ,memory,flat,456,0.92,flat,104.53,104.87516527545178,10558.52297813576,6.711555123458503e-203,101.00949945600075,BUY,0.5,"The trend is up according to both the SMA20 and SMA60. RSI is oversold, indicating potential for a rebound.",109.22,109.58,20.4,-1.4074,1305605,1.04,14.1,15.0,2.68,-0.33,0,0.02,0.04,-0.02
Day-704,google/gemma-2-9b-it,ENTJ,memory,flat,456,0.92,flat,101.85,102.25119013851082,10287.817519593676,3.3557775617292516e-203,101.00949945600075,BUY,0.5,"The trend is up according to both the SMA20 and SMA60, and the RSI is oversold. This indicates a potential buying opportunity for momentum.",108.78,109.31,26.0,-1.7312,1310031,1.05,17.0,14.9,2.68,-0.49,0,0.22,0.09,0.13
Day-705,google/gemma-2-9b-it,ENTJ,memory,flat,456,0.92,flat,101.48,101.72312415665428,10250.444004794957,1.6778887808646258e-203,101.00949945600075,BUY,0.5,"The trend is slightly down, but the RSI is oversold and the P/E ratio is reasonable.  A small buy now could capitalize on a potential rebound.",108.3,109.07,26.6,-1.9951,1328530,1.06,12.2,15.0,2.67,-0.71,0,-0.12,0.04,-0.15
Day-706,google/gemma-2-9b-it,ENTJ,memory,flat,456,0.92,flat,100.59,100.49290762117525,10160.545550279116,8.389443904323129e-204,101.00949945600075,BUY,0.5,"The trend is up according to both the SMA20 and SMA60, and the RSI is oversold. This indicates a potential buying opportunity for a momentum play.",107.69,108.88,25.1,-2.2505,1182187,0.94,13.2,15.0,2.66,-1.1,0,-0.58,-0.22,-0.36
Day-707,google/gemma-2-9b-it,ENTJ,memory,flat,456,0.92,flat,101.11,101.52089234208677,10213.070489996237,4.1947219521615645e-204,101.00949945600075,BUY,0.5,"The trend is up according to both the SMA20 and SMA60, and the RSI is oversold. This indicates a potential buying opportunity for a momentum play.",107.18,108.67,20.5,-2.3827,1456025,1.14,16.1,14.9,2.68,-1.37,0,-0.11,-0.11,0.0
Day-708,google/gemma-2-9b-it,ENTJ,memory,flat,456,0.92,flat,100.94,100.63487055800205,10195.898875088717,2.0973609760807823e-204,101.00949945600075,BUY,0.5,"The trend is down but RSI is oversold and P/E is reasonable.  A bounce is likely, and I will capitalize on the momentum.",106.49,108.44,17.3,-2.4729,1118642,0.88,11.5,15.0,2.66,-1.79,0,-0.32,-0.18,-0.14
Day-709,google/gemma-2-9b-it,ENTJ,memory,flat,456,0.92,flat,100.24,100.20976761949065,10125.192225469515,1.0486804880403911e-204,101.00949945600075,BUY,0.5,"The trend is down, but RSI is oversold and the price is below the SMA20/60. This presents a buying opportunity to capitalize on a potential reversal.",105.74,108.24,11.0,-2.5717,1275688,0.99,13.5,15.0,2.67,-2.31,-1,0.25,-0.18,0.42
Day-710,google/gemma-2-9b-it,ENTJ,memory,flat,456,0.92,flat,99.24,100.31189199478696,10024.182726013514,5.243402440201956e-205,101.00949945600075,BUY,0.5,"Trend is down but RSI is oversold.  Momentum shift is likely, and a quick buy could capitalize on the rebound.",105.27,108.0,11.4,-2.699,1172698,0.92,13.2,14.8,2.7,-2.53,-1,0.0,-0.15,0.16
Day-711,google/gemma-2-9b-it,ENTJ,memory,flat,456,0.92,flat,100.53,100.64298686688649,10154.484980311756,2.621701220100978e-205,101.00949945600075,BUY,0.5,"The trend is down, but the RSI is oversold and the P/E ratio is attractive. This presents a buying opportunity for a potential rebound.",104.9,107.81,22.2,-2.6654,1449626,1.12,17.7,15.0,2.67,-2.7,-1,-0.32,-0.1,-0.22
Day-712,google/gemma-2-9b-it,ENTJ,memory,flat,456,0.92,flat,101.13,101.31534196387273,10215.090679985356,1.310850610050489e-205,101.00949945600075,BUY,0.5,"The trend is down, but RSI is oversold and the P/E ratio is attractive.  A bounce is likely, and I will capitalize on it.",104.55,107.63,26.0,-2.5605,1334784,1.03,12.7,15.0,2.67,-2.86,-1,0.12,-0.05,0.17
Day-713,google/gemma-2-9b-it,ENTJ,memory,flat,456,0.92,flat,100.11,100.26804172542192,10112.060990540236,6.554253050252445e-206,101.00949945600075,BUY,0.5,"The trend is down, but RSI is oversold and price is below both SMAs. This presents a potential buying opportunity for a quick rebound.",104.09,107.46,19.6,-2.5311,1017957,0.79,13.8,15.0,2.67,-3.13,-1,0.13,0.04,0.09
Day-714,google/gemma-2-9b-it,ENTJ,memory,flat,456,0.92,flat,99.29,99.55610285118254,10029.233200986315,3.2771265251262223e-206,101.00949945600075,BUY,0.5,"The price is significantly below both the 20 and 60 day SMAs, indicating a potential buying opportunity. The low RSI suggests oversold conditions, further supporting a bullish move.",103.57,107.25,19.7,-2.5443,1256180,0.97,17.5,15.0,2.67,-3.44,-1,-0.39,-0.09,-0.3
Day-715,google/gemma-2-9b-it,ENTJ,memory,flat,456,0.92,flat,100.05,100.68069275940074,10106.000420572875,1.6385632625631111e-206,101.00949945600075,BUY,0.5,"The trend is down but RSI is oversold and volume is low. A bounce is likely, allowing for a quick profit.",103.03,107.06,26.8,-2.4648,1019200,0.8,23.6,14.9,2.68,-3.76,-1,0.76,0.06,0.7
Day-716,google/gemma-2-9b-it,ENTJ,memory,flat,456,0.92,flat,102.11,101.74721676704583,10314.079989452237,8.192816312815556e-207,101.00949945600075,BUY,0.5,The trend is slightly down but the RSI is oversold and the P/E ratio is reasonable.  Momentum is still positive and a buy at this price could lead to significant gains.,102.68,106.88,41.4,-2.2105,1162356,0.92,17.4,15.1,2.66,-3.93,-1,-0.32,0.06,-0.38
Day-717,google/gemma-2-9b-it,ENTJ,memory,flat,456,0.92,flat,103.64,103.590885100298,10468.624523619917,4.096408156407778e-207,101.00949945600075,BUY,0.5,"The trend is up, indicated by the positive SMA60 and the price above both SMAs.  Momentum is strong and warrants a buy to capitalize on the upward trend.",102.49,106.78,46.9,-1.8637,1259045,1.0,13.9,15.0,2.67,-4.02,-1,-0.42,-0.05,-0.37
Day-718,google/gemma-2-9b-it,ENTJ,memory,flat,456,0.92,flat,101.73,102.39828293247517,10275.696379658957,3.0723061173058336e-207,101.00949945600075,BUY,0.25,"The trend is slightly down but the SMA20 is above the current price, indicating potential for a reversal.  I will buy into this dip to capitalize on a potential upward swing.",102.21,106.65,49.5,-1.7233,1114222,0.89,12.2,14.9,2.68,-4.17,-1,0.35,-0.01,0.35
Day-719,google/gemma-2-9b-it,ENTJ,memory,flat,456,0.92,flat,102.44,102.33506687473452,10347.413124272716,1.5361530586529168e-207,101.00949945600075,BUY,0.5,The trend is up based on the SMA20/60 crossover and the price is above the 20-day SMA.  Momentum is positive and warrants a buy to capitalize on potential further gains.,101.92,106.51,53.4,-1.5369,1298613,1.05,10.9,15.0,2.66,-4.3,-1,0.38,0.15,0.23
Day-720,google/gemma-2-9b-it,ENTJ,memory,flat,456,0.92,flat,103.72,103.61486514992934,10476.705283576399,7.680765293264584e-208,101.00949945600075,BUY,0.5,"The trend is up, supported by the positive SMA crossover and rising RSI.  Implied volatility suggests potential for significant price movement, aligning with the mandate to chase big wins.",101.75,106.38,60.9,-1.2711,1454430,1.16,13.9,15.0,2.66,-4.36,-1,0.11,0.02,0.09
Day-721,google/gemma-2-9b-it,ENTJ,memory,flat,456,0.92,flat,102.51,102.59999864024505,10354.483789234639,3.840382646632292e-208,101.00949945600075,BUY,0.5,"The trend is up, supported by the positive SMA20/60 crossover and the rising price.  Momentum is strong and warrants a buy to capitalize on potential further gains.",101.58,106.22,54.6,-1.1449,1252597,1.01,13.4,15.0,2.67,-4.37,-1,0.14,0.11,0.03
Day-722,google/gemma-2-9b-it,ENTJ,memory,flat,456,0.92,flat,104.78,105.21338995809049,10583.775352999759,1.920191323316146e-208,101.00949945600075,BUY,0.5,The trend is up based on the SMA crossover and the price is above the 20-day SMA.  Momentum is positive and warrants a buy to capitalize on potential further gains.,101.6,106.16,61.2,-0.852,1057370,0.85,10.4,14.9,2.68,-4.3,-1,0.15,0.22,-0.07
Day-723,google/gemma-2-9b-it,ENTJ,memory,flat,456,0.92,flat,102.65,103.18980867121223,10368.625119158478,1.4401434924871095e-208,101.00949945600075,BUY,0.25,"The trend is up, supported by the positive SMA20/60 crossover and positive news sentiment.  Momentum is strong and warrants a purchase to capitalize on potential further gains.",101.51,106.0,56.5,-0.7825,1296018,1.04,11.7,14.9,2.68,-4.24,-1,0.01,0.16,-0.14
Day-724,google/gemma-2-9b-it,ENTJ,memory,flat,456,0.92,flat,102.85,102.72739347263351,10388.827019049677,1.080107619365332e-208,101.00949945600075,BUY,0.25,"The trend is up, indicated by the positive SMA20/60 crossover and the RSI above 50.  Implied volatility is moderate, suggesting potential for significant price movement.",101.56,105.79,60.2,-0.703,1365368,1.1,9.1,15.0,2.66,-4.0,-1,0.04,0.09,-0.05
Day-725,google/gemma-2-9b-it,ENTJ,memory,flat,456,0.92,flat,101.34,101.60135703581487,10236.302674871116,5.40053809682666e-209,101.00949945600075,BUY,0.5,The trend is slightly down but remains above the 101.34 price point.  Momentum is still positive and a buy at this price could capitalize on a rebound.,101.55,105.59,52.3,-0.7535,1066767,0.87,7.5,15.0,2.67,-3.83,-1,-0.3,0.01,-0.31
Day-726,google/gemma-2-9b-it,ENTJ,memory,flat,456,0.92,flat,104.53,104.46547066345752,10558.52297813576,2.70026904841333e-209,101.00949945600075,BUY,0.5,"The trend is up according to both the SMA20 and SMA60, indicating a strong momentum.  RSI is above 50, suggesting further upward potential.",101.75,105.48,58.2,-0.5303,1273077,1.03,8.3,15.0,2.67,-3.54,-1,0.12,0.0,0.11
Day-727,google/gemma-2-9b-it,ENTJ,memory,flat,456,0.92,flat,102.44,101.68326534921512,10347.413124272716,1.350134524206665e-209,101.00949945600075,BUY,0.5,"The trend is up, supported by the positive SMA crossover and rising price.  Implied volatility suggests potential for significant price swings, increasing the opportunity for growth.",101.81,105.39,55.4,-0.5157,1161282,0.95,11.7,15.1,2.65,-3.39,-1,0.49,0.07,0.42
Day-728,google/gemma-2-9b-it,ENTJ,memory,flat,456,0.92,flat,101.67,101.75898466520157,10269.635809691597,6.750672621033325e-210,101.00949945600075,BUY,0.5,"The trend is up according to the SMA20/60, and the RSI is above 50.  Momentum is positive and warrants a buy.",101.85,105.3,55.5,-0.5601,1009416,0.83,9.3,15.0,2.67,-3.28,-1,0.14,0.1,0.04
Day-729,google/gemma-2-9b-it,ENTJ,memory,flat,456,0.92,flat,104.07,103.80956724267307,10512.058608385998,3.3753363105166625e-210,101.00949945600075,BUY,0.5,"The trend is up, indicated by the positive SMA crossover and price above both averages.  RSI is healthy and volume ratio is positive, suggesting continued momentum.",102.04,105.22,58.6,-0.3973,1366755,1.12,7.5,15.0,2.66,-3.02,-1,0.4,0.17,0.23
Day-730,google/gemma-2-9b-it,ENTJ,memory,flat,456,0.92,flat,103.54,102.97700281723658,10458.523573674318,1.6876681552583313e-210,101.00949945600075,BUY,0.5,"The trend is up, supported by the SMA20/60 crossover and positive RSI. Implied volatility suggests potential for significant price movement.",102.26,105.13,53.3,-0.3069,1260849,1.03,8.5,15.1,2.65,-2.73,-1,-0.36,0.16,-0.51
Day-731,google/gemma-2-9b-it,ENTJ,memory,flat,456,0.92,flat,103.29,104.02346473720124,10433.271198810318,1.2657511164437484e-210,101.00949945600075,BUY,0.25,"The trend is up, indicated by the SMA20/60 crossover and positive price action.  Momentum is strong and warrants a purchase to capitalize on potential growth.",102.4,105.08,49.1,-0.2531,1282282,1.06,8.8,14.9,2.69,-2.55,-1,-0.12,0.11,-0.23
Day-732,google/gemma-2-9b-it,ENTJ,memory,flat,456,0.92,flat,101.97,102.02662345475227,10299.938659528396,6.328755582218742e-211,101.00949945600075,BUY,0.5,Trend is slightly down but RSI is above 50 indicating potential for reversal.  Buying half position to capitalize on a potential uptrend.,102.44,104.96,50.6,-0.3133,1410145,1.16,14.3,15.0,2.67,-2.4,-1,-0.24,-0.03,-0.21
Day-733,google/gemma-2-9b-it,ENTJ,memory,flat,456,0.92,flat,105.75,106.11759901822853,10681.75456747208,3.164377791109371e-211,101.00949945600075,BUY,0.5,"The trend is up, indicated by the positive SMA20/60 crossover and the price above both averages.  Implied volatility is moderate, suggesting potential for significant price swings.",102.72,104.92,57.2,-0.0554,1393509,1.13,10.9,14.9,2.68,-2.1,-1,-0.18,-0.1,-0.08
Day-734,google/gemma-2-9b-it,ENTJ,memory,flat,456,0.92,flat,107.55,107.24042553344412,10863.57166649288,1.5821888955546856e-211,101.00949945600075,BUY,0.5,The trend is up according to both the SMA20 and SMA60.  RSI is above 50 indicating upward momentum.,103.13,104.86,58.2,0.2911,1405697,1.13,11.1,15.0,2.66,-1.64,0,-0.15,-0.21,0.06
Day-735,google/gemma-2-9b-it,ENTJ,memory,flat,456,0.92,flat,107.63,107.67847129131857,10871.65242644936,7.910944477773428e-212,101.00949945600075,BUY,0.5,"The trend is up according to both the SMA20 and SMA60, and the RSI is above 60 indicating upward momentum.  I will buy half my available capital to capitalize on this trend.",103.51,104.79,61.5,0.5657,1420797,1.12,13.4,15.0,2.67,-1.22,0,0.32,-0.07,0.39
Day-736,google/gemma-2-9b-it,ENTJ,memory,flat,456,0.92,flat,110.17,110.13129265310451,11128.216555067604,3.955472238886714e-212,101.00949945600075,BUY,0.5,"The trend is up based on the SMA indicators and RSI is above 60.  Implied volatility is moderate, suggesting potential for significant price movement.",103.91,104.74,61.9,0.9773,1357380,1.06,14.0,15.0,2.67,-0.79,0,0.07,-0.03,0.11
Day-737,google/gemma-2-9b-it,ENTJ,memory,flat,456,0.92,flat,111.33,110.88610729539712,11245.387574436563,1.977736119443357e-212,101.00949945600075,BUY,0.5,"The trend is up according to both the SMA20 and SMA60, and RSI is high indicating strong momentum.  This aligns with the mandate to chase big wins in an uptrend.",104.3,104.74,70.1,1.3805,1142452,0.9,14.0,15.1,2.66,-0.42,0,0.09,0.03,0.06
Day-738,google/gemma-2-9b-it,ENTJ,memory,flat,456,0.92,flat,116.77,116.0790774272612,11794.879251477207,9.888680597216785e-213,101.00949945600075,BUY,0.5,Trend is up based on SMA and RSI is high indicating strong momentum.  Chasing the upward trend for growth.,105.05,104.78,75.9,2.1151,1400271,1.09,14.6,15.1,2.65,0.26,0,0.31,0.13,0.18
Day-739,google/gemma-2-9b-it,ENTJ,memory,flat,456,0.92,flat,115.72,114.56445071821723,11688.819277048407,4.9443402986083924e-213,101.00949945600075,BUY,0.5,"The trend is up according to both the SMA20 and SMA60, and the RSI is high, indicating strong momentum.  This suggests a continued upward trend, aligning with the mandate to chase big wins.",105.71,104.79,77.2,2.583,1083977,0.85,20.4,15.2,2.64,0.88,0,0.03,0.16,-0.14
Day-740,google/gemma-2-9b-it,ENTJ,memory,flat,456,0.92,flat,112.8,113.17726649109356,11393.871538636884,2.4721701493041962e-213,101.00949945600075,BUY,0.5,"The trend is up according to the SMA indicators and RSI is above 60.  Implied volatility is high, indicating potential for significant price swings, which aligns with the momentum strategy.",106.17,104.87,65.8,2.6867,1439236,1.13,19.3,14.9,2.68,1.24,0,-0.1,0.08,-0.18
Day-741,google/gemma-2-9b-it,ENTJ,memory,flat,456,0.92,flat,109.87,110.49649639303283,11097.913705230803,1.2360850746520981e-213,101.00949945600075,BUY,0.5,Trend is up according to both SMA indicators. RSI is above 60 indicating strong momentum.,106.54,104.91,63.8,2.5041,1238840,0.97,18.6,14.9,2.68,1.55,0,0.33,0.13,0.2
Day-742,google/gemma-2-9b-it,ENTJ,memory,flat,456,0.92,flat,106.95,107.66286742294966,10802.965966819282,6.1804253732604905e-214,101.00949945600075,BUY,0.5,"The trend is up according to both the SMA20 and SMA60, and the RSI is above 50.  This indicates momentum and a potential for further growth.",106.65,104.89,59.1,2.0996,1464063,1.13,15.0,14.9,2.68,1.68,0,0.42,0.2,0.22
Day-743,google/gemma-2-9b-it,ENTJ,memory,flat,456,0.92,flat,109.11,108.57129045514522,11021.146485644242,3.0902126866302452e-214,101.00949945600075,BUY,0.5,The trend is up according to both the SMA20 and SMA60.  RSI is above 50 indicating upward momentum.,106.97,104.88,58.7,1.9305,1234801,0.96,17.3,15.1,2.65,1.99,0,-0.32,0.07,-0.39
Day-744,google/gemma-2-9b-it,ENTJ,memory,flat,456,0.92,flat,110.5,110.25342489242493,11161.549689888083,1.5451063433151226e-214,101.00949945600075,BUY,0.5,The trend is up according to both the SMA20 and SMA60. RSI is above 60 indicating strong momentum.,107.35,104.9,61.7,1.8872,1138980,0.89,12.4,15.0,2.66,2.34,1,0.07,0.08,-0.01
Day-745,google/gemma-2-9b-it,ENTJ,memory,flat,456,0.92,flat,110.15,109.8641251954456,11126.196365078484,7.725531716575613e-215,101.00949945600075,BUY,0.5,The trend is up based on the SMA20/60 crossover and RSI is above 60.  Momentum is strong and warrants a buy position.,107.79,104.89,61.5,1.8038,1021023,0.8,8.9,15.0,2.66,2.77,1,0.09,0.12,-0.03
Day-746,google/gemma-2-9b-it,ENTJ,memory,flat,456,0.92,flat,111.85,111.56682343478133,11297.912514153684,3.8627658582878065e-215,101.00949945600075,BUY,0.5,"The trend is up according to both the SMA20 and SMA60, and RSI is above 60 indicating momentum.  This aligns with the mandate to chase growth in an uptrend.",108.16,104.94,66.4,1.8537,1064286,0.84,10.4,15.0,2.66,3.07,1,0.3,0.11,0.19
Day-747,google/gemma-2-9b-it,ENTJ,memory,flat,456,0.92,flat,107.54,108.11467709972153,10862.561571498321,1.9313829291439033e-215,101.00949945600075,BUY,0.5,The trend is up according to both the SMA20 and SMA60.  RSI is above 50 indicating upward momentum.,108.41,104.94,52.9,1.5273,1456554,1.14,7.8,14.9,2.68,3.31,1,0.27,0.08,0.19
Day-748,google/gemma-2-9b-it,ENTJ,memory,flat,456,0.92,flat,107.85,107.80277104730851,10893.87451632968,9.656914645719516e-216,101.00949945600075,BUY,0.5,"The trend is up according to both the SMA20 and SMA60.  Implied volatility is moderate, indicating potential for significant price swings which aligns with our growth mandate.",108.72,104.95,50.5,1.2794,1484115,1.14,7.5,15.0,2.67,3.59,1,0.55,0.26,0.29
Day-749,google/gemma-2-9b-it,ENTJ,memory,flat,456,0.92,flat,110.93,110.66519068041426,11204.983774654163,4.828457322859758e-216,101.00949945600075,BUY,0.5,The trend is up according to both the SMA20 and SMA60.  RSI is above 50 indicating upward momentum.,109.06,105.01,55.1,1.3162,1386404,1.06,7.5,15.0,2.66,3.86,1,0.22,0.29,-0.06
Day-750,google/gemma-2-9b-it,ENTJ,memory,flat,456,0.92,flat,110.2,110.27102542443717,11131.246840051283,2.414228661429879e-216,101.00949945600075,BUY,0.5,"The trend is up according to both the SMA20 and SMA60.  Implied volatility is moderate, indicating potential for significant price movement.",109.4,105.07,50.0,1.2719,1410186,1.08,8.1,15.0,2.67,4.12,1,-0.23,0.22,-0.45
Day-751,google/gemma-2-9b-it,ENTJ,memory,flat,456,0.92,flat,116.15,116.16794228416268,11732.253361814488,1.2071143307149395e-216,101.00949945600075,BUY,0.5,The trend is up according to both the SMA20 and SMA60.  RSI is above 50 indicating upward momentum.,110.04,105.27,56.8,1.6968,1429938,1.08,13.6,15.0,2.67,4.53,1,0.27,0.22,0.05
Day-752,google/gemma-2-9b-it,ENTJ,memory,flat,456,0.92,flat,118.3,118.64482092453568,11949.423785644889,6.035571653574698e-217,101.00949945600075,BUY,0.5,The trend is up according to both the SMA20 and SMA60.  RSI is above 50 indicating upward momentum.,110.86,105.55,52.4,2.1821,1486228,1.12,11.2,15.0,2.67,5.03,1,-0.31,0.1,-0.41
Day-753,google/gemma-2-9b-it,ENTJ,memory,flat,456,0.92,flat,115.87,115.83741738267793,11703.970701966808,3.017785826787349e-217,101.00949945600075,BUY,0.5,"The trend is up according to both the SMA20 and SMA60. Implied volatility is moderate, suggesting potential for significant price movement.",111.36,105.78,50.2,2.3436,1233815,0.94,8.6,15.0,2.67,5.28,1,-0.1,-0.03,-0.07
Day-754,google/gemma-2-9b-it,ENTJ,memory,flat,456,0.92,flat,115.25,115.1626694229158,11641.344812304087,1.5088929133936744e-217,101.00949945600075,BUY,0.5,"The trend is up based on the SMA20/60 crossover.  Implied volatility is moderate, indicating potential for significant price movement.",111.75,106.04,54.0,2.3942,1142005,0.88,8.9,15.0,2.66,5.38,1,0.43,0.01,0.42
Day-755,google/gemma-2-9b-it,ENTJ,memory,flat,456,0.92,flat,114.11,113.35371867048411,11526.193982924246,7.544464566968372e-218,101.00949945600075,BUY,0.5,The trend is up according to both the SMA20 and SMA60. RSI is above 50 indicating upward momentum.,112.07,106.3,57.2,2.3158,1027675,0.8,14.5,15.1,2.65,5.43,1,-0.16,0.03,-0.19
Day-756,google/gemma-2-9b-it,ENTJ,memory,flat,456,0.92,flat,109.5,110.23485470460139,11060.540190432082,3.772232283484186e-218,101.00949945600075,BUY,0.5,"The trend is up according to both the SMA20 and SMA60, indicating continued momentum.  Implied volatility is moderate, suggesting potential for significant price movement.",112.04,106.48,54.1,1.8599,1070876,0.84,14.0,14.9,2.68,5.22,1,0.1,-0.01,0.1
Day-757,google/gemma-2-9b-it,ENTJ,memory,flat,456,0.92,flat,111.16,110.72149301646806,11228.215959529043,1.886116141742093e-218,101.00949945600075,BUY,0.5,"The trend is up according to both the SMA20 and SMA60, indicating continued momentum.  Implied volatility is moderate, suggesting potential for significant price swings.",112.03,106.68,53.4,1.6144,1153299,0.91,17.5,15.1,2.66,5.02,1,-0.25,0.0,-0.25
Day-758,google/gemma-2-9b-it,ENTJ,memory,flat,456,0.92,flat,111.92,112.54645923676307,11304.983179115605,9.430580708710465e-219,101.00949945600075,BUY,0.5,The trend is up according to both the SMA20 and SMA60.  RSI is above 50 indicating positive momentum.,111.79,106.9,52.4,1.4639,1359387,1.07,16.6,14.9,2.68,4.58,1,-0.42,-0.06,-0.36
Day-759,google/gemma-2-9b-it,ENTJ,memory,flat,456,0.92,flat,111.84,111.79918874980426,11296.902419159125,4.7152903543552326e-219,101.00949945600075,BUY,0.5,The trend is up according to both the SMA20 and SMA60.  RSI is above 50 indicating positive momentum.,111.59,107.13,52.9,1.3233,1106634,0.87,14.2,15.0,2.67,4.17,1,0.37,-0.07,0.45
Day-760,google/gemma-2-9b-it,ENTJ,memory,flat,456,0.92,flat,112.87,112.4209465019528,11400.942203598806,2.3576451771776163e-219,101.00949945600075,BUY,0.5,"The trend is up according to both the SMA20 and SMA60.  Implied volatility is moderate, suggesting potential for significant price movement.",111.6,107.4,51.8,1.2801,1449414,1.14,15.3,15.1,2.66,3.91,1,0.41,0.04,0.37
Day-761,google/gemma-2-9b-it,ENTJ,memory,flat,456,0.92,flat,115.46,114.92660161112727,11662.556807189847,1.1788225885888081e-219,101.00949945600075,BUY,0.5,"The trend is up, supported by the SMA20/60 and positive RSI. Implied volatility suggests potential for significant price movement, aligning with the mandate for growth.",111.88,107.7,64.6,1.438,1290079,1.02,15.8,15.1,2.65,3.88,1,0.3,0.08,0.22
Day-762,google/gemma-2-9b-it,ENTJ,memory,flat,456,0.92,flat,116.88,115.74597196365856,11805.990296417367,5.894112942944041e-220,101.00949945600075,BUY,0.5,The trend is up according to both the SMA20 and SMA60.  RSI is above 60 indicating strong momentum.,112.37,108.01,66.0,1.6588,1180938,0.94,17.2,15.1,2.64,4.03,1,-0.7,-0.01,-0.69
Day-763,google/gemma-2-9b-it,ENTJ,memory,flat,456,0.92,flat,116.49,115.74917555843282,11766.596591629528,2.9470564714720204e-220,101.00949945600075,BUY,0.5,The trend is up according to both the SMA20 and SMA60.  RSI is above 50 indicating upward momentum.,112.74,108.34,60.9,1.7814,1229630,0.98,12.3,15.1,2.65,4.06,1,-0.21,0.04,-0.25
Day-764,google/gemma-2-9b-it,ENTJ,memory,flat,456,0.92,flat,115.76,115.78916074180728,11692.859657026647,1.4735282357360102e-220,101.00949945600075,BUY,0.5,"The trend is up according to both the SMA20 and SMA60, and the RSI is above 60 indicating bullish momentum.  I will buy half my available capital to capitalize on this upward trend.",113.0,108.67,60.9,1.7988,1060500,0.85,8.8,15.0,2.67,3.99,1,0.09,-0.02,0.11
Day-765,google/gemma-2-9b-it,ENTJ,memory,flat,456,0.92,flat,116.28,116.2617664766505,11745.384596743768,7.367641178680051e-221,101.00949945600075,BUY,0.5,"The trend is up according to both the SMA20 and SMA60, indicating continued momentum.  RSI is above 50, suggesting buying pressure.",113.31,109.0,50.3,1.834,1375452,1.08,9.0,15.0,2.67,3.96,1,0.02,-0.1,0.12
Day-766,google/gemma-2-9b-it,ENTJ,memory,flat,456,0.92,flat,118.44,118.2001893792993,11963.565115568728,3.6838205893400255e-221,101.00949945600075,BUY,0.5,"The trend is up according to both the SMA20 and SMA60.  Implied volatility is moderate, suggesting potential for significant price movement.",113.64,109.32,50.4,2.0128,1016458,0.8,7.5,15.0,2.66,3.95,1,-0.35,-0.23,-0.12
Day-767,google/gemma-2-9b-it,ENTJ,memory,flat,456,0.92,flat,118.91,118.73415987869183,12011.039580313049,1.8419102946700127e-221,101.00949945600075,BUY,0.5,The trend is up according to both the SMA20 and SMA60.  RSI is above 50 indicating upward momentum.,114.21,109.63,58.4,2.167,1060220,0.85,7.5,15.0,2.66,4.18,1,0.52,0.01,0.51
Day-768,google/gemma-2-9b-it,ENTJ,memory,flat,456,0.92,flat,123.91,124.07757941982057,12516.087077593053,9.209551473350064e-222,101.00949945600075,BUY,0.5,"The trend is up based on the SMA20/60 crossover and RSI is above 60.  Implied volatility is moderate, suggesting potential for significant price movement.",115.01,110.07,69.2,2.6623,1471323,1.18,7.5,15.0,2.67,4.49,1,0.26,0.11,0.16
Day-769,google/gemma-2-9b-it,ENTJ,memory,flat,456,0.92,flat,125.64,125.86092896947709,12690.833511651936,4.604775736675032e-222,101.00949945600075,BUY,0.5,"The trend is up based on both SMA indicators and the price is above the 20-day SMA.  RSI is high but not overbought, indicating potential for continued momentum.",115.75,110.54,74.9,3.1579,1329623,1.07,9.6,15.0,2.67,4.71,1,-0.24,0.04,-0.28
Day-770,google/gemma-2-9b-it,ENTJ,memory,flat,456,0.92,flat,125.04,124.87368104950424,12630.227811978335,2.302387868337516e-222,101.00949945600075,BUY,0.5,"The trend is clearly upward, supported by the SMA20/60 and the high RSI.  Momentum is strong and warrants a purchase to capitalize on further gains.",116.49,110.96,90.6,3.4623,1132468,0.92,11.4,15.0,2.66,4.98,1,-0.29,-0.02,-0.27
Day-771,google/gemma-2-9b-it,ENTJ,memory,flat,456,0.92,flat,125.6,124.63249863455425,12686.793131673694,1.151193934168758e-222,101.00949945600075,BUY,0.5,"The trend is clearly up, supported by the SMA20/60 and RSI.  Momentum is strong and warrants a buy to capitalize on the upward trajectory.",116.96,111.42,90.0,3.7064,1458612,1.18,13.5,15.1,2.65,4.97,1,0.32,0.12,0.2
Day-772,google/gemma-2-9b-it,ENTJ,memory,flat,456,0.92,flat,128.29,128.69741024165148,12958.508685210336,5.75596967084379e-223,101.00949945600075,BUY,0.5,"The trend is clearly up, supported by the SMA20/60 and the high RSI.  Momentum is strong and warrants a buy to chase the upward trend.",117.46,111.89,91.0,4.0694,1049490,0.87,11.9,15.0,2.68,4.98,1,-0.3,-0.05,-0.25
Day-773,google/gemma-2-9b-it,ENTJ,memory,flat,456,0.92,flat,126.49,126.92094982285653,12776.691586189534,2.877984835421895e-223,101.00949945600075,BUY,0.5,"The trend is up, supported by the SMA20/60 and RSI.  Momentum is strong, indicating potential for continued growth.",117.99,112.37,83.8,4.1641,1074851,0.89,10.8,14.9,2.68,5.0,1,-0.01,-0.1,0.09
Day-774,google/gemma-2-9b-it,ENTJ,memory,flat,456,0.92,flat,123.07,123.65154510893552,12431.239098050011,1.4389924177109474e-223,101.00949945600075,BUY,0.5,"The trend is up according to both the SMA20 and SMA60. RSI is high but not overbought, indicating potential for continued upward momentum.",118.38,112.78,71.2,3.9181,1206151,1.0,12.2,14.9,2.68,4.97,1,0.01,-0.05,0.06
Day-775,google/gemma-2-9b-it,ENTJ,memory,flat,456,0.92,flat,123.02,123.50823803748412,12426.188623077212,7.194962088554737e-224,101.00949945600075,BUY,0.5,"The trend is up according to both the SMA20 and SMA60, and the RSI is above 60 indicating bullish momentum.  I will buy half my available capital to capitalize on this upward trend.",118.83,113.21,67.6,3.677,1343382,1.1,11.3,14.9,2.68,4.96,1,0.07,0.02,0.05
Day-776,google/gemma-2-9b-it,ENTJ,memory,flat,456,0.92,flat,120.46,120.76289701798557,12167.60430446985,3.5974810442773686e-224,101.00949945600075,BUY,0.5,The trend is up based on the SMA20/60 crossover and the price is above both.  Momentum is positive and warrants a purchase.,119.38,113.53,57.9,3.2415,1358100,1.1,13.5,15.0,2.67,5.15,1,-0.2,-0.09,-0.11
Day-777,google/gemma-2-9b-it,ENTJ,memory,flat,456,0.92,flat,124.18,123.2743244706215,12543.359642446174,1.7987405221386843e-224,101.00949945600075,BUY,0.5,"The trend is up according to both the SMA20 and SMA60.  RSI is above 60 indicating strong momentum, justifying a purchase.",120.03,113.96,64.8,3.1607,1220332,0.99,13.7,15.1,2.65,5.32,1,-0.13,-0.05,-0.08
Day-778,google/gemma-2-9b-it,ENTJ,memory,flat,456,0.92,flat,121.5,121.05339456681747,12272.654183904091,8.993702610693422e-225,101.00949945600075,BUY,0.5,"The trend is up based on the SMA indicators and RSI is above 50.  Implied volatility is moderate, indicating potential for significant price swings which we can capitalize on.",120.51,114.36,60.3,2.8469,1228248,1.0,23.7,15.1,2.66,5.38,1,-0.2,-0.09,-0.11
Day-779,google/gemma-2-9b-it,ENTJ,memory,flat,456,0.92,flat,123.19,121.15702488536546,12443.360237984733,4.496851305346711e-225,101.00949945600075,BUY,0.5,The trend is up according to both the SMA20 and SMA60. RSI is above 60 indicating strong momentum.,121.07,114.74,61.8,2.7036,1334716,1.07,20.0,15.3,2.62,5.52,1,0.13,-0.07,0.2
Day-780,google/gemma-2-9b-it,ENTJ,memory,flat,456,0.92,flat,120.46,120.76386668367954,12167.60430446985,2.2484256526733554e-225,101.00949945600075,BUY,0.5,The trend is up according to both the SMA20 and SMA60.  RSI is above 50 indicating upward momentum.,121.45,115.08,53.4,2.3427,1287603,1.04,16.0,15.0,2.67,5.54,1,-0.6,-0.2,-0.4
Day-781,google/gemma-2-9b-it,ENTJ,memory,flat,456,0.92,flat,115.74,116.08741210288302,11690.839467037527,1.1242128263366777e-225,101.00949945600075,BUY,0.5,"The 20-day SMA is above the 60-day SMA, indicating an uptrend.  RSI is above 40, suggesting buying momentum.",121.47,115.33,45.3,1.6568,1125568,0.92,11.9,15.0,2.67,5.32,1,0.31,-0.1,0.4
Day-782,google/gemma-2-9b-it,ENTJ,memory,flat,456,0.92,flat,119.64,119.14515094391136,12084.77651491593,5.6210641316833885e-226,101.00949945600075,BUY,0.5,"The 20-day SMA is above the 60-day SMA, indicating an uptrend.  RSI is below 50, suggesting potential for further upside.",121.6,115.68,43.5,1.4117,1161154,0.95,10.6,15.1,2.66,5.12,1,0.19,-0.03,0.22
Day-783,google/gemma-2-9b-it,ENTJ,memory,flat,456,0.92,flat,119.85,119.69303174032805,12105.98850980169,2.8105320658416942e-226,101.00949945600075,BUY,0.5,"The trend is up according to both the SMA20 and SMA60. RSI is above 40, indicating bullish momentum.",121.77,115.96,40.8,1.2203,1008596,0.83,7.6,15.0,2.66,5.01,1,-0.31,-0.06,-0.26
Day-784,google/gemma-2-9b-it,ENTJ,memory,flat,456,0.92,flat,119.81,119.63604428401213,12101.948129823451,1.4052660329208471e-226,101.00949945600075,BUY,0.5,"The 20-day SMA is above the 60-day SMA, indicating an uptrend. RSI is below 50, suggesting potential for further upside.",121.98,116.21,41.5,1.0533,1342925,1.09,7.5,15.0,2.66,4.96,1,0.37,-0.01,0.38
Day-785,google/gemma-2-9b-it,ENTJ,memory,flat,456,0.92,flat,121.32,121.32222004076489,12254.47247400201,7.026330164604236e-227,101.00949945600075,BUY,0.5,"The 20-day SMA is above the 60-day SMA, indicating an uptrend.  RSI is below 50, suggesting potential for further upward movement.",122.23,116.48,43.3,1.031,1201854,0.98,7.5,15.0,2.67,4.93,1,0.07,0.12,-0.05
Day-786,google/gemma-2-9b-it,ENTJ,memory,flat,456,0.92,flat,118.13,117.83717518834116,11932.252170737369,3.513165082302118e-227,101.00949945600075,BUY,0.5,"The trend is up according to both the SMA20 and SMA60. RSI is oversold, indicating potential for a bounce.",122.21,116.64,34.2,0.7471,1326825,1.07,7.5,15.0,2.66,4.77,1,-0.35,-0.01,-0.34
Day-787,google/gemma-2-9b-it,ENTJ,memory,flat,456,0.92,flat,118.72,118.59108862942054,11991.847775416409,1.756582541151059e-227,101.00949945600075,BUY,0.5,"The trend is up based on the SMA20/60 crossover. RSI is oversold, indicating potential for a rebound.",122.2,116.79,37.5,0.5633,1009047,0.82,7.5,15.0,2.66,4.63,1,0.17,-0.01,0.18
Day-788,google/gemma-2-9b-it,ENTJ,memory,flat,456,0.92,flat,116.45,116.00241452234658,11762.556211651288,8.782912705755294e-228,101.00949945600075,BUY,0.5,"The trend is up based on the SMA20/60 crossover. RSI is oversold, indicating potential for a rebound.",121.83,116.78,38.9,0.2317,1141057,0.94,9.5,15.1,2.66,4.32,1,-0.21,0.01,-0.22
Day-789,google/gemma-2-9b-it,ENTJ,memory,flat,456,0.92,flat,112.99,112.85012916381834,11413.063343533524,4.391456352877647e-228,101.00949945600075,BUY,0.5,"The trend is up according to both the SMA20 and SMA60. RSI is oversold, indicating potential for a bounce.",121.2,116.73,34.9,-0.3063,1145910,0.95,8.4,15.0,2.66,3.83,1,0.19,-0.03,0.22
Day-790,google/gemma-2-9b-it,ENTJ,memory,flat,456,0.92,flat,112.01,111.7543297329193,11314.074034066645,2.1957281764388236e-228,101.00949945600075,BUY,0.5,"The trend is up according to both the SMA20 and SMA60. RSI is oversold, indicating potential for a bounce.",120.55,116.71,36.7,-0.8031,1312098,1.08,11.1,15.0,2.66,3.28,1,0.06,-0.03,0.08
Day-791,google/gemma-2-9b-it,ENTJ,memory,flat,456,0.92,flat,111.29,111.2121918013744,11241.347194458325,1.0978640882194118e-228,101.00949945600075,BUY,0.5,"The trend is down but RSI is oversold and price is below both SMAs, indicating potential for a bounce. Buying now allows for capitalizing on a potential reversal.",119.83,116.74,27.5,-1.2406,1196042,0.99,13.5,15.0,2.66,2.65,1,0.07,0.06,0.02
Day-792,google/gemma-2-9b-it,ENTJ,memory,flat,456,0.92,flat,114.07,114.96532948074038,11522.153602946006,5.489320441097059e-229,101.00949945600075,BUY,0.5,"The trend is slightly down but RSI is oversold and volume ratio is above 1. This suggests a potential bounce, aligning with the momentum commander strategy.",119.12,116.88,37.1,-1.3474,1323694,1.09,15.7,14.9,2.69,1.91,0,0.67,0.16,0.51
Day-793,google/gemma-2-9b-it,ENTJ,memory,flat,456,0.92,flat,115.48,115.96404665412665,11664.576997178967,2.7446602205485295e-229,101.00949945600075,BUY,0.5,"The trend is slightly down, but the RSI is oversold and the P/E ratio is below the market average. This suggests a potential buying opportunity for a quick rebound.",118.57,117.01,36.5,-1.3032,1291355,1.05,14.0,14.9,2.68,1.33,0,0.16,0.23,-0.07
Day-794,google/gemma-2-9b-it,ENTJ,memory,flat,456,0.92,flat,115.25,115.48055205470573,11641.344812304087,1.3723301102742648e-229,101.00949945600075,BUY,0.5,The trend is slightly down but the SMA20/60 crossover is positive.  Momentum is still present and a buy at this price could lead to significant gains.,118.18,117.11,40.0,-1.2721,1064922,0.87,10.1,15.0,2.67,0.91,0,0.21,0.23,-0.02
Day-795,google/gemma-2-9b-it,ENTJ,memory,flat,456,0.92,flat,115.75,115.7964681032691,11691.849562032086,6.861650551371324e-230,101.00949945600075,BUY,0.5,"The trend is up according to both the SMA20 and SMA60.  Implied volatility is moderate, suggesting potential for significant price movement.",117.81,117.22,50.0,-1.1935,1395924,1.14,10.7,15.0,2.67,0.51,0,0.14,0.25,-0.11
Day-796,google/gemma-2-9b-it,ENTJ,memory,flat,456,0.92,flat,119.62,119.38246225489057,12082.756324926811,3.430825275685662e-230,101.00949945600075,BUY,0.5,"The trend is slightly positive, and the RSI is neutral.  Momentum is key, so I will enter a position to capitalize on potential upward movement.",117.77,117.37,50.0,-0.8089,1085967,0.9,7.5,15.0,2.66,0.34,0,-0.45,0.15,-0.6
Day-797,google/gemma-2-9b-it,ENTJ,memory,flat,456,0.92,flat,118.47,118.8650401472987,11966.595400552409,1.715412637842831e-230,101.00949945600075,BUY,0.5,"The trend is slightly positive, and the price is above the SMA20/60.  Momentum is present, indicating potential for further growth.",117.49,117.59,47.0,-0.5902,1137266,0.94,10.5,15.0,2.68,-0.09,0,-0.15,-0.02,-0.13
Day-798,google/gemma-2-9b-it,ENTJ,memory,flat,456,0.92,flat,115.88,115.67058902964827,11704.980796961367,8.577063189214155e-231,101.00949945600075,BUY,0.5,The trend is up according to both the SMA20 and SMA60.  RSI is below 50 indicating potential for further upside.,117.2,117.75,42.2,-0.6186,1055338,0.88,9.8,15.0,2.66,-0.46,0,0.41,0.03,0.38
Day-799,google/gemma-2-9b-it,ENTJ,memory,flat,456,0.92,flat,115.9,115.52939277798649,11707.000986950488,4.2885315946070774e-231,101.00949945600075,BUY,0.5,"The trend is slightly down, but the RSI is oversold and the P/E ratio is reasonable.  A buy now could capitalize on a potential rebound.",116.84,117.85,38.6,-0.6323,1165510,0.98,11.8,15.0,2.66,-0.86,0,-0.23,-0.06,-0.17
Day-800,google/gemma-2-9b-it,ENTJ,memory,flat,456,0.92,flat,117.68,117.85266573229084,11886.797895982168,2.1442657973035387e-231,101.00949945600075,BUY,0.5,"The trend is up according to both the SMA20 and SMA60, indicating positive momentum.  Implied volatility is moderate, suggesting potential for significant price swings which we can capitalize on.",116.7,118.0,49.0,-0.4943,1460081,1.22,8.8,15.0,2.67,-1.1,0,-0.15,-0.11,-0.03
