Date,Model,MBTI,Agent_Type,Scenario,Seed,Crash_Discount,Phase,Price,Fundamental_Value,Portfolio_Value,Cash,Holdings_Qty,Action,Quantity_Percent,Rationale,SMA20,SMA60,RSI14,MACD,Volume,Volume_Ratio,Implied_Volatility,Reported_PE,Dividend_Yield,Trend_Strength,Trend_Regime,Sentiment,Sentiment_MA5,Sentiment_Change
Day-1,google/gemma-2-9b-it,ISFJ,memory,flat,456,0.92,flat,99.17,100.0,10000.0,10000.0,0.0,HOLD,0.0,The market is currently neutral and the company's fundamentals are solid.  Further research and a more established trend are needed before investing.,99.17,99.17,50.0,0.0,1136082,1.0,15.0,14.9,2.69,0.0,0,-0.41,-0.41,0.0
Day-2,google/gemma-2-9b-it,ISFJ,memory,flat,456,0.92,flat,98.09,98.70223750887034,10000.0,10000.0,0.0,HOLD,0.0,The market is currently neutral with no clear signal for entry.  Maintaining cash preserves capital and allows for a more secure entry point when volatility subsides.,98.63,98.63,50.0,-0.0863,1388074,1.1,18.7,14.9,2.68,0.0,0,-0.61,-0.51,-0.1
Day-3,google/gemma-2-9b-it,ISFJ,memory,flat,456,0.92,flat,98.39,97.75295469822973,10000.0,10000.0,0.0,HOLD,0.0,Market is currently neutral. No compelling reason to deviate from the core mandate of capital preservation.,98.55,98.55,50.0,-0.1289,1207100,0.97,16.7,15.1,2.65,0.0,0,-0.24,-0.42,0.18
Day-4,google/gemma-2-9b-it,ISFJ,memory,flat,456,0.92,flat,99.76,98.99951408656395,10000.0,10000.0,0.0,HOLD,0.0,Market conditions are neutral.  No compelling reason to deviate from the core mandate of capital preservation.,98.85,98.85,50.0,-0.0514,1015836,0.86,13.8,15.1,2.65,0.0,0,-0.24,-0.38,0.13
Day-5,google/gemma-2-9b-it,ISFJ,memory,flat,456,0.92,flat,100.27,100.16199115169677,10000.0,10000.0,0.0,HOLD,0.0,"The market is currently neutral, and the P/E ratio is within a reasonable range.  Further research and a clearer trend are needed before considering a purchase.",99.14,99.14,50.0,0.0511,1314794,1.08,9.9,15.0,2.66,0.0,0,0.09,-0.28,0.37
Day-6,google/gemma-2-9b-it,ISFJ,memory,flat,456,0.92,flat,102.92,102.93512922754884,10000.0,10000.0,0.0,HOLD,0.0,The market is currently neutral with no clear signal for a buy.  Maintaining a cash position allows for opportunities to buy at a more attractive price in the future.,99.77,99.77,50.0,0.3418,1452776,1.16,13.5,15.0,2.67,0.0,0,0.54,-0.09,0.63
Day-7,google/gemma-2-9b-it,ISFJ,memory,flat,456,0.92,flat,105.8,106.37714456836893,10000.0,10000.0,0.0,HOLD,0.0,Market conditions are neutral.  No compelling reason to deviate from the core mandate of security and capital preservation.,100.63,100.63,50.0,0.7955,1167545,0.94,14.2,14.9,2.68,0.0,0,-0.05,0.02,-0.07
Day-8,google/gemma-2-9b-it,ISFJ,memory,flat,456,0.92,flat,106.97,107.05364579386003,10000.0,10000.0,0.0,HOLD,0.0,"The market is currently neutral, and the company's fundamentals are decent.  I will wait for a clearer signal before investing.",101.42,101.42,50.0,1.235,1374612,1.09,13.4,15.0,2.67,0.0,0,0.15,0.1,0.05
Day-9,google/gemma-2-9b-it,ISFJ,memory,flat,456,0.92,flat,108.57,108.0527717299839,10000.0,10000.0,0.0,HOLD,0.0,The market is currently neutral with no clear signal to buy.  Maintaining cash preserves capital and allows for opportunistic purchases when volatility dips.,102.22,102.22,50.0,1.6934,1242759,0.99,12.9,15.1,2.65,0.0,0,-0.02,0.14,-0.16
Day-10,google/gemma-2-9b-it,ISFJ,memory,flat,456,0.92,flat,106.84,107.34023033324252,10000.0,10000.0,0.0,HOLD,0.0,"The market is currently neutral with no clear signal to buy.  Protecting capital is paramount, and further research is needed before considering an investment.",102.68,102.68,50.0,1.8947,1177937,0.94,16.3,14.9,2.68,0.0,0,-0.18,0.09,-0.27
Day-11,google/gemma-2-9b-it,ISFJ,memory,flat,456,0.92,flat,106.35,106.6976246361532,10000.0,10000.0,0.0,HOLD,0.0,"The market is currently neutral with no clear signal for a buy.  Protecting capital is paramount, so waiting for a more compelling opportunity is prudent.",103.01,103.01,50.0,1.9921,1409190,1.12,14.1,15.0,2.68,0.0,0,-0.43,-0.11,-0.32
Day-12,google/gemma-2-9b-it,ISFJ,memory,flat,456,0.92,flat,102.64,102.51195942312367,10000.0,10000.0,0.0,HOLD,0.0,Market is currently neutral. No compelling reason to deviate from the core mandate of capital preservation.,102.98,102.98,50.0,1.7496,1177958,0.94,12.4,15.0,2.66,0.0,0,0.15,-0.07,0.22
Day-13,google/gemma-2-9b-it,ISFJ,memory,flat,456,0.92,flat,100.74,100.25077976267072,10000.0,10000.0,0.0,HOLD,0.0,"The market is currently neutral, and the P/E ratio is reasonable.  I will wait for a clearer signal before investing.",102.81,102.81,50.0,1.3878,1254526,1.0,9.1,15.1,2.65,0.0,0,0.06,-0.08,0.15
Day-14,google/gemma-2-9b-it,ISFJ,memory,flat,456,0.92,flat,98.11,98.07553263973229,10000.0,10000.0,0.0,HOLD,0.0,"The market is currently volatile and the P/E ratio is relatively high.  I need more information before investing, especially regarding the company's resilience to economic downturns.",102.47,102.47,47.6,0.8787,1066793,0.86,7.5,15.0,2.67,0.0,0,0.28,-0.02,0.3
Day-15,google/gemma-2-9b-it,ISFJ,memory,flat,456,0.92,flat,98.48,98.5727589666325,10000.0,10000.0,0.0,HOLD,0.0,The market is currently volatile and the P/E ratio is above average.  I will wait for a more stable market and a lower entry point before considering a purchase.,102.21,102.21,48.5,0.4996,1377302,1.1,8.6,15.0,2.67,0.0,0,0.03,0.02,0.01
Day-16,google/gemma-2-9b-it,ISFJ,memory,flat,456,0.92,flat,98.16,97.96324446796699,10000.0,10000.0,0.0,HOLD,0.0,The market is currently neutral with no clear signal for a buy.  Maintaining cash preserves capital and allows for a purchase opportunity at a more favorable price.,101.95,101.95,50.2,0.1716,1297925,1.04,12.3,15.0,2.66,0.0,0,-0.66,-0.03,-0.63
Day-17,google/gemma-2-9b-it,ISFJ,memory,flat,456,0.92,flat,102.54,101.87905757595222,10000.0,10000.0,0.0,HOLD,0.0,The market is showing no clear signal for a buy.  Maintaining cash reserves aligns with the core mandate of security and risk avoidance.,101.99,101.99,58.1,0.2615,1496476,1.18,16.6,15.1,2.65,0.0,0,0.64,0.07,0.57
Day-18,google/gemma-2-9b-it,ISFJ,memory,flat,456,0.92,flat,105.88,105.88990479698563,10000.0,10000.0,0.0,HOLD,0.0,The market is showing no clear signal for a buy.  Maintaining cash preserves capital and allows for a purchase opportunity at a more attractive price.,102.2,102.2,61.1,0.5961,1260036,0.99,12.6,15.0,2.67,0.0,0,-0.06,0.04,-0.11
Day-19,google/gemma-2-9b-it,ISFJ,memory,flat,456,0.92,flat,107.61,107.88942796019656,10000.0,10000.0,0.0,HOLD,0.0,The market is showing signs of overvaluation (RSI 62.7) and volatility is elevated.  Holding cash allows for a more conservative approach and the opportunity to buy at a potentially lower price in the future.,102.49,102.49,62.7,0.989,1008890,0.8,21.2,15.0,2.67,0.0,0,0.04,-0.0,0.04
Day-20,google/gemma-2-9b-it,ISFJ,memory,flat,456,0.92,flat,109.21,109.9620002798173,10000.0,10000.0,0.0,HOLD,0.0,The market is showing signs of overbought conditions (RSI 61.3) and the P/E ratio is above the historical average.  I will wait for a pullback before considering a purchase.,102.82,102.82,61.3,1.4129,1307399,1.04,17.8,14.9,2.69,0.0,0,0.31,0.05,0.26
Day-21,google/gemma-2-9b-it,ISFJ,memory,flat,456,0.92,flat,112.33,112.57119825787024,10000.0,10000.0,0.0,HOLD,0.0,The market is showing signs of overvaluation (RSI 61.6) and the P/E ratio is above average.  I will wait for a more attractive entry point with lower risk.,103.48,103.28,61.6,1.9781,1347105,1.06,17.9,15.0,2.67,0.2,0,0.18,0.22,-0.04
Day-22,google/gemma-2-9b-it,ISFJ,memory,flat,456,0.92,flat,113.04,112.36603822062763,10000.0,10000.0,0.0,HOLD,0.0,The market is showing signs of overbought conditions (RSI 61.0) and the P/E ratio is above average.  I will wait for a more favorable entry point with lower volatility and a stronger indication of long-term stability.,104.23,103.72,61.0,2.4553,1442762,1.14,16.3,15.1,2.65,0.49,0,0.36,0.16,0.2
Day-23,google/gemma-2-9b-it,ISFJ,memory,flat,456,0.92,flat,112.27,112.20041681922146,10000.0,10000.0,0.0,HOLD,0.0,The market is showing no clear signal for a buy.  Maintaining cash reserves aligns with the core mandate of security and risk avoidance.,104.92,104.09,56.9,2.7395,1280632,1.01,13.6,15.0,2.67,0.8,0,-0.18,0.14,-0.32
Day-24,google/gemma-2-9b-it,ISFJ,memory,flat,456,0.92,flat,110.49,110.07445542547441,10000.0,10000.0,0.0,HOLD,0.0,"The market is currently volatile, and the P/E ratio is above average.  I will wait for a more stable market and a lower entry point before considering a purchase.",105.46,104.36,56.8,2.7889,1083609,0.85,9.7,15.1,2.66,1.06,0,-0.36,0.06,-0.42
Day-25,google/gemma-2-9b-it,ISFJ,memory,flat,456,0.92,flat,109.19,109.26496395974678,10000.0,10000.0,0.0,HOLD,0.0,Market conditions are neutral.  No compelling reason to deviate from the core mandate of security and capital preservation.,105.91,104.55,55.1,2.6925,1165928,0.92,8.3,15.0,2.67,1.3,0,0.08,0.02,0.07
Day-26,google/gemma-2-9b-it,ISFJ,memory,flat,456,0.92,flat,111.84,111.81807812004135,10000.0,10000.0,0.0,HOLD,0.0,The market is showing signs of overvaluation (RSI 67.3) and the P/E ratio is above average.  I will wait for a more attractive entry point with lower risk.,106.35,104.83,67.3,2.7971,1430962,1.13,7.5,15.0,2.67,1.45,0,-0.33,-0.09,-0.25
Day-27,google/gemma-2-9b-it,ISFJ,memory,flat,456,0.92,flat,112.01,112.15711318457934,10000.0,10000.0,0.0,HOLD,0.0,"The RSI is high, indicating potential overvaluation.  I will wait for a pullback and a more favorable entry point to align with my risk-averse strategy.",106.66,105.1,72.7,2.8612,1102676,0.87,7.5,15.0,2.67,1.49,0,-0.09,-0.18,0.08
Day-28,google/gemma-2-9b-it,ISFJ,memory,flat,456,0.92,flat,111.22,111.37041564321063,10000.0,10000.0,0.0,HOLD,0.0,"The RSI is high, indicating potential overvaluation.  I will wait for a pullback and a more favorable entry point before considering a purchase.",106.88,105.32,78.5,2.8155,1308981,1.04,7.5,15.0,2.67,1.48,0,0.11,-0.12,0.22
Day-29,google/gemma-2-9b-it,ISFJ,memory,flat,456,0.92,flat,110.5,110.7350059993859,10000.0,10000.0,0.0,HOLD,0.0,"The RSI is high, indicating potential overvaluation.  I prefer to wait for a pullback before considering a purchase.",106.97,105.5,75.7,2.6901,1350630,1.07,7.5,15.0,2.67,1.4,0,0.4,0.03,0.36
Day-30,google/gemma-2-9b-it,ISFJ,memory,flat,456,0.92,flat,110.24,111.00694946886347,10000.0,10000.0,0.0,HOLD,0.0,"The RSI is high, indicating potential overvaluation.  I will wait for a pullback and a more favorable entry point to align with my risk-averse strategy.",107.14,105.65,75.9,2.5409,1050892,0.83,8.7,14.9,2.69,1.41,0,-0.1,-0.0,-0.09
Day-31,google/gemma-2-9b-it,ISFJ,memory,flat,456,0.92,flat,113.83,113.6047710373681,10000.0,10000.0,0.0,HOLD,0.0,"The RSI is high, indicating potential overvaluation.  I will wait for a pullback and a more favorable entry point before considering a purchase.",107.52,105.92,75.1,2.6816,1139973,0.91,7.8,15.0,2.66,1.51,0,0.22,0.11,0.11
Day-32,google/gemma-2-9b-it,ISFJ,memory,flat,456,0.92,flat,110.71,110.70122675708096,10000.0,10000.0,0.0,HOLD,0.0,"The market is showing signs of potential overvaluation (RSI 60.8, P/E 15.0).  Further research and a lower entry point are needed to align with the core mandate of security and risk aversion.",107.92,106.07,60.8,2.5121,1399303,1.11,9.3,15.0,2.67,1.75,0,0.07,0.14,-0.07
Day-33,google/gemma-2-9b-it,ISFJ,memory,flat,456,0.92,flat,109.91,110.12843807743988,10000.0,10000.0,0.0,HOLD,0.0,"The market is showing some signs of overbought conditions, and the P/E ratio is relatively high.  I will wait for a more attractive entry point with a lower price and stronger support levels.",108.38,106.18,55.4,2.2865,1033501,0.83,10.1,15.0,2.67,2.07,1,-0.05,0.11,-0.16
Day-34,google/gemma-2-9b-it,ISFJ,memory,flat,456,0.92,flat,111.87,112.08348992751382,10000.0,10000.0,0.0,HOLD,0.0,The market is showing some signs of overbought conditions (RSI 56.1) and the price is above both the 20 and 60 day moving averages.  I will wait for a pullback before considering a purchase.,109.07,106.35,56.1,2.24,1369717,1.08,10.8,15.0,2.67,2.55,1,-0.2,-0.01,-0.19
Day-35,google/gemma-2-9b-it,ISFJ,memory,flat,456,0.92,flat,109.46,108.9344448700075,10000.0,10000.0,0.0,HOLD,0.0,"Market conditions are neutral, and the P/E ratio is reasonable.  Further research and a more compelling opportunity are needed before investing.",109.62,106.44,43.2,1.9862,1186245,0.95,14.0,15.1,2.65,2.98,1,0.1,0.03,0.07
Day-36,google/gemma-2-9b-it,ISFJ,memory,flat,456,0.92,flat,111.52,111.8929065591347,10000.0,10000.0,0.0,HOLD,0.0,The market is showing mixed signals and volatility is elevated.  Holding cash allows for a more measured approach and avoids unnecessary risk.,110.28,106.58,46.6,1.9286,1460257,1.16,15.3,14.9,2.68,3.47,1,0.29,0.04,0.25
Day-37,google/gemma-2-9b-it,ISFJ,memory,flat,456,0.92,flat,109.45,110.07700010139234,10000.0,10000.0,0.0,HOLD,0.0,"Market is slightly below the 20-day SMA, but RSI is not oversold.  Holding cash allows for a more conservative approach and opportunity to buy at a better price if the market dips further.",110.63,106.66,44.0,1.6968,1052694,0.85,12.2,14.9,2.68,3.72,1,-0.15,-0.0,-0.15
Day-38,google/gemma-2-9b-it,ISFJ,memory,flat,456,0.92,flat,111.39,111.59608762106905,10000.0,10000.0,0.0,HOLD,0.0,The market is showing mixed signals and the P/E ratio is above average.  I need more information and a clearer trend before considering a purchase.,110.9,106.78,51.9,1.6505,1489412,1.19,12.8,15.0,2.67,3.86,1,-0.1,-0.01,-0.09
Day-39,google/gemma-2-9b-it,ISFJ,memory,flat,456,0.92,flat,111.6,111.82251457436159,10000.0,10000.0,0.0,HOLD,0.0,The market is showing mixed signals and the P/E ratio is elevated.  I need more information and a clearer trend before considering a purchase.,111.1,106.91,55.3,1.6125,1457771,1.15,14.0,15.0,2.67,3.93,1,-0.29,-0.03,-0.26
Day-40,google/gemma-2-9b-it,ISFJ,memory,flat,456,0.92,flat,112.39,112.65304142593638,10000.0,10000.0,0.0,HOLD,0.0,The current market conditions are not compelling enough to warrant a purchase.  Maintaining a cash position allows for a more secure approach while waiting for a more favorable opportunity.,111.26,107.04,51.3,1.6269,1348866,1.06,11.9,15.0,2.67,3.94,1,0.29,0.01,0.28
Day-41,google/gemma-2-9b-it,ISFJ,memory,flat,456,0.92,flat,110.14,109.98704808503814,10000.0,10000.0,0.0,HOLD,0.0,The market is showing mixed signals and the P/E ratio is relatively high.  Further research and a more stable trend are needed before considering a purchase.,111.15,107.12,45.9,1.4406,1394364,1.09,15.0,15.0,2.66,3.77,1,0.09,-0.03,0.13
Day-42,google/gemma-2-9b-it,ISFJ,memory,flat,456,0.92,flat,109.36,110.28520720246374,10000.0,10000.0,0.0,HOLD,0.0,The market is showing mixed signals and the P/E ratio is slightly elevated.  Maintaining cash reserves is prudent until a clearer trend emerges.,110.97,107.17,46.0,1.2157,1170458,0.93,13.0,14.9,2.69,3.54,1,-0.14,-0.03,-0.11
Day-43,google/gemma-2-9b-it,ISFJ,memory,flat,456,0.92,flat,109.88,109.52931138572612,10000.0,10000.0,0.0,HOLD,0.0,The market is currently volatile and the P/E ratio is above average.  I need more information before considering a purchase.,110.85,107.24,48.6,1.0668,1274028,1.01,11.2,15.0,2.66,3.37,1,0.05,0.0,0.05
Day-44,google/gemma-2-9b-it,ISFJ,memory,flat,456,0.92,flat,112.24,112.22333178259763,10000.0,10000.0,0.0,HOLD,0.0,The current market conditions are not compelling enough to warrant a purchase.  Maintaining a cash position allows for a more secure approach and the opportunity to buy at a potentially more favorable price in the future.,110.94,107.35,54.0,1.1269,1210104,0.95,9.9,15.0,2.67,3.34,1,0.07,0.07,-0.0
Day-45,google/gemma-2-9b-it,ISFJ,memory,flat,456,0.92,flat,111.03,111.048744326247,10000.0,10000.0,0.0,HOLD,0.0,The market is currently neutral.  No compelling reason to deviate from the core mandate of security and avoiding volatility.,111.03,107.43,43.8,1.0645,1267196,0.99,9.6,15.0,2.67,3.35,1,0.34,0.08,0.26
Day-46,google/gemma-2-9b-it,ISFJ,memory,flat,456,0.92,flat,111.0,111.05597299182797,10000.0,10000.0,0.0,HOLD,0.0,The market is showing no clear signal for a buy.  Maintaining cash reserves allows for opportunistic purchases when volatility dips and prices become more attractive.,110.99,107.51,50.7,1.0008,1457520,1.14,8.8,15.0,2.67,3.24,1,0.64,0.19,0.45
Day-47,google/gemma-2-9b-it,ISFJ,memory,flat,456,0.92,flat,110.32,110.4440504166754,10000.0,10000.0,0.0,HOLD,0.0,The market is showing mixed signals and the P/E ratio is slightly elevated.  I need more information before considering a purchase.,110.9,107.57,51.1,0.8855,1074365,0.84,10.7,15.0,2.67,3.1,1,0.26,0.27,-0.01
Day-48,google/gemma-2-9b-it,ISFJ,memory,flat,456,0.92,flat,110.97,111.3404253662579,10000.0,10000.0,0.0,HOLD,0.0,The market is showing no clear signal for a buy.  Maintaining cash preserves capital and allows for a more secure entry point when conditions improve.,110.89,107.64,47.5,0.8368,1195414,0.94,9.2,15.0,2.68,3.02,1,0.62,0.38,0.23
Day-49,google/gemma-2-9b-it,ISFJ,memory,flat,456,0.92,flat,113.91,114.08285936281115,10000.0,10000.0,0.0,HOLD,0.0,The current market conditions are not conducive to a purchase. Volatility is elevated and the P/E ratio suggests potential overvaluation.,111.06,107.77,62.0,1.0236,1283030,1.01,12.2,15.0,2.67,3.06,1,0.55,0.48,0.07
Day-50,google/gemma-2-9b-it,ISFJ,memory,flat,456,0.92,flat,113.64,114.15407936595182,10000.0,10000.0,0.0,HOLD,0.0,Market conditions are neutral.  No compelling reason to deviate from the core mandate of capital preservation.,111.23,107.88,56.4,1.1369,1397259,1.09,10.4,14.9,2.68,3.1,1,-0.1,0.39,-0.5
Day-51,google/gemma-2-9b-it,ISFJ,memory,flat,456,0.92,flat,115.42,115.21013821012684,10000.0,10000.0,0.0,HOLD,0.0,The market is showing signs of overbought conditions (RSI 68.2) and the stock is trading above its 20-day SMA.  I will wait for a pullback and a more favorable entry point before considering a purchase.,111.31,108.21,68.2,1.3546,1310281,1.01,8.7,15.0,2.66,2.87,1,0.2,0.3,-0.11
Day-52,google/gemma-2-9b-it,ISFJ,memory,flat,456,0.92,flat,112.45,112.89244783700316,10000.0,10000.0,0.0,HOLD,0.0,The market is showing mixed signals and the P/E ratio is slightly elevated.  I need more information and a clearer trend before considering a purchase.,111.4,108.5,53.1,1.2732,1135679,0.89,10.2,14.9,2.68,2.67,1,-0.91,0.07,-0.98
Day-53,google/gemma-2-9b-it,ISFJ,memory,flat,456,0.92,flat,113.62,113.0780431457245,10000.0,10000.0,0.0,HOLD,0.0,The market is showing signs of potential volatility.  It is prudent to maintain a cash position and observe market trends before making any investment decisions.,111.58,108.8,55.5,1.288,1035228,0.81,12.1,15.1,2.65,2.56,1,0.17,-0.02,0.19
Day-54,google/gemma-2-9b-it,ISFJ,memory,flat,456,0.92,flat,110.23,110.39989796912005,10000.0,10000.0,0.0,HOLD,0.0,Market is currently showing mixed signals.  Holding cash allows for a better entry point when volatility subsides and risk is reduced.,111.5,109.01,44.9,1.0146,1391150,1.09,11.0,15.0,2.67,2.28,1,-0.65,-0.26,-0.39
Day-55,google/gemma-2-9b-it,ISFJ,memory,flat,456,0.92,flat,108.32,108.46991728505763,10000.0,10000.0,0.0,HOLD,0.0,The market is showing mixed signals and volatility is elevated.  Holding cash allows for a more measured approach to investing when conditions improve.,111.44,109.17,45.6,0.6359,1057120,0.83,10.1,15.0,2.67,2.08,1,-0.02,-0.24,0.22
Day-56,google/gemma-2-9b-it,ISFJ,memory,flat,456,0.92,flat,111.44,111.24198228134186,10000.0,10000.0,0.0,HOLD,0.0,The market is currently neutral.  There is no compelling reason to deviate from the core mandate of capital preservation.,111.44,109.34,54.5,0.5814,1162015,0.92,12.2,15.0,2.66,1.92,0,0.16,-0.25,0.41
Day-57,google/gemma-2-9b-it,ISFJ,memory,flat,456,0.92,flat,110.99,111.09907305187512,10000.0,10000.0,0.0,HOLD,0.0,"The market is currently neutral, and the P/E ratio suggests fair valuation.  Holding cash allows for a more conservative approach and preserves capital.",111.52,109.45,52.4,0.4955,1100454,0.87,10.1,15.0,2.67,1.89,0,-0.12,-0.09,-0.03
Day-58,google/gemma-2-9b-it,ISFJ,memory,flat,456,0.92,flat,109.31,109.7257888548693,10000.0,10000.0,0.0,HOLD,0.0,The market is currently volatile and the P/E ratio is above average.  It is prudent to remain in cash and wait for a more stable and attractive entry point.,111.41,109.49,43.4,0.2892,1321949,1.06,10.2,14.9,2.68,1.75,0,0.15,-0.1,0.24
Day-59,google/gemma-2-9b-it,ISFJ,memory,flat,456,0.92,flat,109.89,109.7890145328176,10000.0,10000.0,0.0,HOLD,0.0,The market is currently showing no clear signal for a buy.  Maintaining cash reserves allows for opportunistic purchases at more favorable prices.,111.33,109.52,47.4,0.1704,1159197,0.94,11.7,15.0,2.66,1.65,0,0.05,0.04,0.01
Day-60,google/gemma-2-9b-it,ISFJ,memory,flat,456,0.92,flat,106.47,106.79543973892558,10000.0,10000.0,0.0,HOLD,0.0,The market is currently showing mixed signals.  Holding cash allows for a more measured approach and avoids unnecessary risk.,111.03,109.51,41.0,-0.1973,1494176,1.2,8.2,15.0,2.67,1.39,0,-0.09,0.03,-0.12
Day-61,google/gemma-2-9b-it,ISFJ,memory,flat,456,0.92,flat,110.56,110.57985553404124,10000.0,10000.0,0.0,HOLD,0.0,Current market conditions are neutral.  No compelling reason to deviate from the core mandate of capital preservation.,111.05,109.6,50.4,-0.1573,1182444,0.96,10.5,15.0,2.67,1.33,0,0.0,-0.0,0.0
Day-62,google/gemma-2-9b-it,ISFJ,memory,flat,456,0.92,flat,109.7,109.53020926160279,10000.0,10000.0,0.0,HOLD,0.0,"Market is near its SMA, RSI is neutral, and P/E is reasonable.  No compelling reason to deviate from the core mandate of capital preservation.",111.07,109.74,47.8,-0.1924,1039953,0.85,10.1,15.0,2.66,1.21,0,-0.71,-0.12,-0.59
Day-63,google/gemma-2-9b-it,ISFJ,memory,flat,456,0.92,flat,110.03,110.12152241007938,10000.0,10000.0,0.0,HOLD,0.0,"The market is currently neutral with no clear signal to buy.  Protecting capital is paramount, so waiting for a more compelling opportunity is prudent.",111.08,109.92,42.5,-0.1917,1425832,1.15,9.3,15.0,2.67,1.05,0,0.63,-0.02,0.66
Day-64,google/gemma-2-9b-it,ISFJ,memory,flat,456,0.92,flat,109.7,109.56534684504801,10000.0,10000.0,0.0,HOLD,0.0,"Price is slightly below the 20 and 60 day moving averages.  Volatility is moderate, and the P/E ratio is reasonable.  More information is needed before considering a purchase.",110.95,110.16,42.4,-0.2152,1130224,0.92,7.5,15.0,2.66,0.72,0,-0.37,-0.11,-0.26
Day-65,google/gemma-2-9b-it,ISFJ,memory,flat,456,0.92,flat,109.78,109.45243944938295,10000.0,10000.0,0.0,HOLD,0.0,The market is currently volatile and the P/E ratio is elevated.  It is prudent to remain in cash and wait for a more stable entry point.,110.89,110.38,38.4,-0.2247,1253003,1.02,7.5,15.0,2.66,0.46,0,-0.03,-0.1,0.07
Day-66,google/gemma-2-9b-it,ISFJ,memory,flat,456,0.92,flat,107.31,107.2794384715648,10000.0,10000.0,0.0,HOLD,0.0,The market is currently volatile and the P/E ratio is elevated.  Holding cash allows for a more secure position until a clearer trend emerges.,110.7,110.56,39.2,-0.4265,1101496,0.91,8.8,15.0,2.67,0.13,0,0.54,0.01,0.53
Day-67,google/gemma-2-9b-it,ISFJ,memory,flat,456,0.92,flat,106.42,106.61394671409667,10000.0,10000.0,0.0,HOLD,0.0,The market is currently volatile and the P/E ratio is above average.  It is prudent to remain in cash and wait for a more stable and attractive entry point.,110.51,110.64,34.7,-0.651,1216049,1.0,14.4,15.0,2.67,-0.12,0,0.16,0.19,-0.03
Day-68,google/gemma-2-9b-it,ISFJ,memory,flat,456,0.92,flat,107.94,108.08692171552661,10000.0,10000.0,0.0,HOLD,0.0,The market is currently volatile and the P/E ratio is above average.  I will wait for a clearer trend and a more attractive entry point before investing.,110.36,110.68,44.7,-0.6978,1164251,0.96,10.1,15.0,2.67,-0.29,0,0.01,0.06,-0.05
Day-69,google/gemma-2-9b-it,ISFJ,memory,flat,456,0.92,flat,107.12,106.75781147584541,10000.0,10000.0,0.0,HOLD,0.0,"Market is currently near its SMA, RSI is neutral, and implied volatility is moderate.  No compelling reason to deviate from the core mandate of security and avoiding unnecessary risk.",110.02,110.67,47.1,-0.7924,1034461,0.86,13.8,15.1,2.66,-0.59,0,-0.06,0.13,-0.19
Day-70,google/gemma-2-9b-it,ISFJ,memory,flat,456,0.92,flat,106.42,106.50075715920013,10000.0,10000.0,0.0,HOLD,0.0,"The market is showing signs of weakness, and the P/E ratio is elevated.  Holding cash allows for a more conservative approach and the opportunity to buy at a potentially lower price in the future.",109.66,110.62,36.2,-0.9135,1286393,1.07,10.9,15.0,2.67,-0.87,0,-0.4,0.05,-0.45
Day-71,google/gemma-2-9b-it,ISFJ,memory,flat,456,0.92,flat,110.5,110.46795941705794,10000.0,10000.0,0.0,HOLD,0.0,The market is currently neutral.  There is no compelling reason to deviate from the core mandate of security and capital preservation.,109.41,110.58,48.9,-0.6719,1265489,1.06,13.5,15.0,2.67,-1.06,0,0.3,0.0,0.3
Day-72,google/gemma-2-9b-it,ISFJ,memory,flat,456,0.92,flat,110.82,110.67900707347593,10000.0,10000.0,0.0,HOLD,0.0,"The market is currently neutral, and the company's fundamentals are solid.  However, I prefer to wait for a more compelling entry point with a lower price and a stronger indication of future growth.",109.33,110.54,53.7,-0.4496,1196415,1.0,13.5,15.0,2.66,-1.09,0,-0.07,-0.04,-0.02
Day-73,google/gemma-2-9b-it,ISFJ,memory,flat,456,0.92,flat,109.54,108.77541345774063,10000.0,10000.0,0.0,HOLD,0.0,The market is currently neutral with no clear signal for a buy.  Maintaining cash preserves capital and allows for a purchase opportunity at a more favorable price.,109.12,110.48,49.2,-0.3729,1467228,1.2,15.5,15.1,2.65,-1.23,0,0.34,0.02,0.32
Day-74,google/gemma-2-9b-it,ISFJ,memory,flat,456,0.92,flat,111.53,111.3455857997675,10000.0,10000.0,0.0,HOLD,0.0,The market is showing signs of overbought conditions (RSI 62.8) and volatility is elevated.  I will wait for a more stable entry point before considering a purchase.,109.19,110.5,62.8,-0.1496,1303254,1.07,17.4,15.0,2.66,-1.19,0,-0.07,0.02,-0.09
Day-75,google/gemma-2-9b-it,ISFJ,memory,flat,456,0.92,flat,113.93,113.29754687056011,10000.0,10000.0,0.0,HOLD,0.0,The market is showing no clear signal for a buy.  Maintaining cash reserves allows for a purchase opportunity at a more favorable price point.,109.47,110.6,59.3,0.2188,1235697,1.01,12.5,15.1,2.65,-1.02,0,-0.06,0.09,-0.15
Day-76,google/gemma-2-9b-it,ISFJ,memory,flat,456,0.92,flat,115.41,115.33565051958394,10000.0,10000.0,0.0,HOLD,0.0,"The market is showing signs of overvaluation (RSI 65.2) and while the company appears stable, the current price is above both the 20 and 60 day moving averages.  Further research and a lower entry point are needed.",109.67,110.67,65.2,0.6229,1253650,1.02,10.2,15.0,2.66,-0.9,0,-0.09,0.01,-0.1
Day-77,google/gemma-2-9b-it,ISFJ,memory,flat,456,0.92,flat,115.73,116.04525413573195,10000.0,10000.0,0.0,HOLD,0.0,The market is showing signs of overvaluation (RSI 65.2) and the P/E ratio is above average.  I need more information before considering a purchase.,109.91,110.74,65.2,0.958,1105329,0.9,9.6,15.0,2.67,-0.76,0,0.13,0.05,0.07
Day-78,google/gemma-2-9b-it,ISFJ,memory,flat,456,0.92,flat,116.44,116.6601183794263,10000.0,10000.0,0.0,HOLD,0.0,The market is showing signs of overvaluation (RSI 67.6) and volatility is elevated.  I will wait for a more stable entry point with a lower price and stronger fundamentals.,110.26,110.85,67.6,1.2659,1355508,1.1,11.5,15.0,2.67,-0.53,0,0.31,0.04,0.27
Day-79,google/gemma-2-9b-it,ISFJ,memory,flat,456,0.92,flat,119.78,119.97373876051121,10000.0,10000.0,0.0,HOLD,0.0,"The RSI is high, indicating potential overvaluation.  I will wait for a pullback before considering a purchase.",110.76,111.03,72.4,1.7597,1011657,0.83,8.7,15.0,2.67,-0.25,0,0.21,0.1,0.11
Day-80,google/gemma-2-9b-it,ISFJ,memory,flat,456,0.92,flat,119.5,119.41694222889257,10000.0,10000.0,0.0,HOLD,0.0,"The RSI is high, indicating potential overvaluation.  I will wait for a pullback and a more favorable entry point before considering a purchase.",111.41,111.22,80.2,2.1037,1218303,1.0,7.5,15.0,2.66,0.17,0,0.71,0.25,0.46
Day-81,google/gemma-2-9b-it,ISFJ,memory,flat,456,0.92,flat,121.51,121.89116671079938,10000.0,10000.0,0.0,HOLD,0.0,"The RSI is extremely high, indicating potential overvaluation.  I will wait for a pullback and a more favorable entry point before considering a purchase.",111.96,111.37,85.4,2.51,1439431,1.17,7.7,15.0,2.67,0.52,0,0.06,0.28,-0.22
Day-82,google/gemma-2-9b-it,ISFJ,memory,flat,456,0.92,flat,123.23,122.67934999854396,10000.0,10000.0,0.0,HOLD,0.0,"The RSI is extremely high, indicating potential overvaluation.  I will wait for a pullback before considering a purchase.",112.63,111.62,85.6,2.9369,1187630,0.96,9.9,15.1,2.65,0.9,0,0.03,0.26,-0.23
Day-83,google/gemma-2-9b-it,ISFJ,memory,flat,456,0.92,flat,124.45,124.71074834158344,10000.0,10000.0,0.0,HOLD,0.0,"The RSI is extremely high, indicating potential overvaluation.  I will wait for a pullback and a more favorable entry point before considering a purchase.",113.35,111.91,89.6,3.3348,1475041,1.19,17.9,15.0,2.67,1.29,0,-0.16,0.17,-0.33
Day-84,google/gemma-2-9b-it,ISFJ,memory,flat,456,0.92,flat,124.66,124.92723070725191,10000.0,10000.0,0.0,HOLD,0.0,"The RSI is extremely high, indicating potential overvaluation.  Holding cash allows for a potential entry point at a more favorable price.",114.1,112.17,92.7,3.6255,1319867,1.06,12.7,15.0,2.67,1.72,0,0.53,0.23,0.3
Day-85,google/gemma-2-9b-it,ISFJ,memory,flat,456,0.92,flat,123.77,124.34896911640725,10000.0,10000.0,0.0,HOLD,0.0,"The RSI is extremely high, indicating potential overvaluation.  I will wait for a pullback and a more favorable entry point before considering a purchase.",114.8,112.46,86.5,3.7413,1245608,1.0,10.6,14.9,2.68,2.09,1,0.52,0.2,0.33
Day-86,google/gemma-2-9b-it,ISFJ,memory,flat,456,0.92,flat,123.14,122.47717396394826,10000.0,10000.0,0.0,HOLD,0.0,"The RSI is high, indicating potential overvaluation.  I will wait for a pullback before considering a purchase.",115.59,112.69,83.3,3.7392,1361440,1.08,15.3,15.1,2.65,2.58,1,0.64,0.31,0.33
Day-87,google/gemma-2-9b-it,ISFJ,memory,flat,456,0.92,flat,120.65,120.42073592191545,10000.0,10000.0,0.0,HOLD,0.0,"The RSI is high, indicating potential overvaluation.  I will wait for a pullback and a more favorable entry point before considering a purchase.",116.3,112.91,78.2,3.4956,1461149,1.15,12.2,15.0,2.66,3.0,1,0.1,0.33,-0.23
Day-88,google/gemma-2-9b-it,ISFJ,memory,flat,456,0.92,flat,123.13,123.21968281943654,10000.0,10000.0,0.0,HOLD,0.0,"The RSI is high, indicating potential overvaluation.  I will wait for a pullback before considering a purchase.",117.06,113.15,78.7,3.4631,1211828,0.95,12.1,15.0,2.67,3.46,1,0.17,0.39,-0.23
Day-89,google/gemma-2-9b-it,ISFJ,memory,flat,456,0.92,flat,120.59,121.32469296535768,10000.0,10000.0,0.0,HOLD,0.0,The market is showing signs of potential overvaluation (RSI above 60) and the price is above both the 20 and 60 day moving averages.  Further research and a more significant pullback are needed before considering a purchase.,117.74,113.33,66.4,3.1954,1440846,1.12,12.3,14.9,2.68,3.89,1,0.26,0.34,-0.08
Day-90,google/gemma-2-9b-it,ISFJ,memory,flat,456,0.92,flat,122.6,122.70649299894434,10000.0,10000.0,0.0,HOLD,0.0,The market is showing signs of overbought conditions (RSI 67.2) and the price is above both the 20 and 60 day moving averages.  Further research is needed before considering a purchase.,118.55,113.53,67.2,3.1095,1241115,0.96,9.4,15.0,2.67,4.42,1,-0.16,0.2,-0.36
Day-91,google/gemma-2-9b-it,ISFJ,memory,flat,456,0.92,flat,122.63,122.04298379623751,10000.0,10000.0,0.0,HOLD,0.0,The market is showing signs of potential overvaluation (RSI 66.8) and volatility (Implied Volatility 14.8%).  Holding cash allows for a more conservative approach and the opportunity to buy at a potentially lower price in the future.,119.15,113.78,66.8,3.0091,1240137,0.96,14.8,15.1,2.65,4.72,1,-0.12,0.05,-0.17
Day-92,google/gemma-2-9b-it,ISFJ,memory,flat,456,0.92,flat,120.21,120.22069562768213,10000.0,10000.0,0.0,HOLD,0.0,The market is showing signs of potential overvaluation (P/E 15.0) and volatility (Implied Volatility 13.6%).  I will wait for a more stable and attractive entry point.,119.62,114.0,58.5,2.7031,1261283,0.98,13.6,15.0,2.67,4.93,1,0.46,0.12,0.34
Day-93,google/gemma-2-9b-it,ISFJ,memory,flat,456,0.92,flat,123.17,122.91807488258794,10000.0,10000.0,0.0,HOLD,0.0,The market is showing signs of potential volatility.  It is prudent to maintain a cash position and observe market trends before considering an investment.,120.3,114.26,57.7,2.6693,1330060,1.04,13.2,15.0,2.66,5.29,1,-0.21,0.05,-0.25
Day-94,google/gemma-2-9b-it,ISFJ,memory,flat,456,0.92,flat,127.43,126.96306555805002,10000.0,10000.0,0.0,HOLD,0.0,"The current market conditions are not conducive to a purchase. The RSI is elevated, and the stock price is above both the 20 and 60 day moving averages, suggesting potential overvaluation.",121.1,114.57,65.3,2.9515,1161239,0.91,10.3,15.1,2.66,5.7,1,-0.09,-0.03,-0.07
Day-95,google/gemma-2-9b-it,ISFJ,memory,flat,456,0.92,flat,122.74,122.23895940300385,10000.0,10000.0,0.0,HOLD,0.0,The market is showing mixed signals and the implied volatility is elevated.  I need more information and a clearer trend before considering a purchase.,121.54,114.8,52.1,2.7649,1416877,1.1,9.6,15.1,2.66,5.87,1,-0.57,-0.11,-0.47
Day-96,google/gemma-2-9b-it,ISFJ,memory,flat,456,0.92,flat,122.62,122.59167786587601,10000.0,10000.0,0.0,HOLD,0.0,The market is showing mixed signals and the P/E ratio is slightly elevated.  I will wait for a clearer trend and a more attractive entry point before considering a purchase.,121.9,115.03,48.9,2.5781,1437623,1.11,13.4,15.0,2.67,5.97,1,-0.49,-0.18,-0.31
Day-97,google/gemma-2-9b-it,ISFJ,memory,flat,456,0.92,flat,124.53,124.17391637106317,10000.0,10000.0,0.0,HOLD,0.0,The market is currently showing no clear signal for a buy.  Maintaining cash reserves allows for opportunistic purchases at more favorable prices in the future.,122.34,115.32,50.1,2.5542,1010173,0.78,12.4,15.0,2.66,6.09,1,0.27,-0.22,0.49
Day-98,google/gemma-2-9b-it,ISFJ,memory,flat,456,0.92,flat,124.4,124.41790712345357,10000.0,10000.0,0.0,HOLD,0.0,The market is showing mixed signals and the P/E ratio is relatively high.  I need more information and a clearer trend before considering a purchase.,122.74,115.59,49.5,2.4961,1016162,0.8,8.7,15.0,2.67,6.19,1,0.1,-0.16,0.26
Day-99,google/gemma-2-9b-it,ISFJ,memory,flat,456,0.92,flat,130.23,130.37291452956515,10000.0,10000.0,0.0,HOLD,0.0,The market is showing signs of potential overvaluation (P/E ratio) and volatility is elevated.  I will wait for a more stable and attractive entry point.,123.26,115.91,59.9,2.8875,1279238,0.99,10.5,15.0,2.67,6.34,1,-0.19,-0.18,-0.01
Day-100,google/gemma-2-9b-it,ISFJ,memory,flat,456,0.92,flat,136.54,136.50924643796657,10000.0,10000.0,0.0,HOLD,0.0,The market is showing signs of overvaluation (RSI 67.5) and the P/E ratio is above average.  I need more information before considering a purchase.,124.11,116.37,67.5,3.6643,1384884,1.07,10.2,15.0,2.67,6.65,1,-0.18,-0.1,-0.08
Day-101,google/gemma-2-9b-it,ISFJ,memory,flat,456,0.92,flat,138.0,137.6383032718538,10000.0,10000.0,0.0,HOLD,0.0,"The RSI is high, suggesting potential overvaluation.  I will wait for a pullback and a more favorable entry point before considering a purchase.",124.94,116.82,73.4,4.3479,1096495,0.86,10.5,15.0,2.66,6.94,1,-0.12,-0.02,-0.1
Day-102,google/gemma-2-9b-it,ISFJ,memory,flat,456,0.92,flat,135.46,135.65689811327812,10000.0,10000.0,0.0,HOLD,0.0,The market is showing signs of overbought conditions (RSI 66.6) and the price is above both the 20 and 60 day moving averages.  Further analysis is needed before considering a purchase.,125.55,117.28,66.6,4.6314,1429273,1.11,8.4,15.0,2.67,7.05,1,0.26,-0.02,0.29
Day-103,google/gemma-2-9b-it,ISFJ,memory,flat,456,0.92,flat,133.5,133.4012299157355,10000.0,10000.0,0.0,HOLD,0.0,The market is showing signs of overbought conditions (RSI 67.6) and the price is above both the 20 and 60 day moving averages.  This warrants caution and a wait-and-see approach to avoid unnecessary risk.,126.0,117.68,67.6,4.6445,1242848,0.97,7.6,15.0,2.66,7.07,1,0.09,-0.02,0.12
Day-104,google/gemma-2-9b-it,ISFJ,memory,flat,456,0.92,flat,127.91,128.10764792087033,10000.0,10000.0,0.0,HOLD,0.0,"The market is showing signs of potential overvaluation (P/E ratio) and volatility.  Holding cash allows for a more cautious approach, prioritizing capital preservation.",126.16,118.03,56.6,4.1554,1240970,0.97,8.8,15.0,2.67,6.89,1,0.02,0.02,0.0
Day-105,google/gemma-2-9b-it,ISFJ,memory,flat,456,0.92,flat,131.23,131.19133271161104,10000.0,10000.0,0.0,HOLD,0.0,The market is showing signs of potential overvaluation (P/E ratio) and the implied volatility is elevated.  Holding cash allows for a more cautious approach and the opportunity to buy at a potentially lower price.,126.53,118.49,59.9,3.9898,1305741,1.02,9.4,15.0,2.67,6.79,1,0.11,0.07,0.04
Day-106,google/gemma-2-9b-it,ISFJ,memory,flat,456,0.92,flat,128.35,128.75842445089717,10000.0,10000.0,0.0,HOLD,0.0,The market is showing signs of potential overvaluation (high P/E) and volatility.  I need more information and a clearer trend before considering a purchase.,126.79,118.83,59.3,3.5849,1260929,0.99,8.2,15.0,2.68,6.7,1,-0.29,0.04,-0.33
Day-107,google/gemma-2-9b-it,ISFJ,memory,flat,456,0.92,flat,130.48,130.58812406717757,10000.0,10000.0,0.0,HOLD,0.0,The market is showing signs of potential overvaluation (P/E 15.0) and volatility (Implied Volatility 7.5%).  I need more information and a clearer trend before considering a purchase.,127.29,119.22,58.5,3.3967,1056428,0.84,7.5,15.0,2.67,6.77,1,0.27,0.04,0.23
Day-108,google/gemma-2-9b-it,ISFJ,memory,flat,456,0.92,flat,132.81,132.64117177637567,10000.0,10000.0,0.0,HOLD,0.0,The market is showing signs of potential volatility.  It is prudent to maintain a cash position and observe the market further before making any investment decisions.,127.77,119.69,56.5,3.3965,1227780,0.98,7.5,15.0,2.66,6.75,1,-0.16,-0.01,-0.15
Day-109,google/gemma-2-9b-it,ISFJ,memory,flat,456,0.92,flat,132.24,131.43422809069088,10000.0,10000.0,0.0,HOLD,0.0,"The market is showing signs of potential overvaluation (RSI above 60) and volatility is elevated.  Holding cash allows for a more conservative approach, prioritizing capital preservation.",128.35,120.14,62.8,3.3124,1253085,1.01,9.9,15.1,2.65,6.84,1,-0.11,-0.04,-0.07
Day-110,google/gemma-2-9b-it,ISFJ,memory,flat,456,0.92,flat,129.37,129.41445078526007,10000.0,10000.0,0.0,HOLD,0.0,The market is showing signs of potential overvaluation (P/E 15.0) and volatility (Implied Volatility 7.5%).  Holding cash allows for a more cautious approach and opportunity to buy at a potentially lower price.,128.69,120.59,58.5,2.9795,1474277,1.17,7.5,15.0,2.67,6.71,1,0.13,-0.03,0.16
Day-111,google/gemma-2-9b-it,ISFJ,memory,flat,456,0.92,flat,129.29,129.268927230849,10000.0,10000.0,0.0,HOLD,0.0,The market is showing signs of potential volatility.  I will wait for a clearer trend and a more favorable risk profile before investing.,129.02,120.97,56.3,2.6784,1360225,1.08,12.0,15.0,2.67,6.66,1,0.51,0.13,0.38
Day-112,google/gemma-2-9b-it,ISFJ,memory,flat,456,0.92,flat,128.91,128.6922167200402,10000.0,10000.0,0.0,HOLD,0.0,The market is showing mixed signals and the P/E ratio is above average.  I need more information before considering a purchase.,129.46,121.35,55.9,2.3815,1477803,1.16,8.8,15.0,2.66,6.68,1,-0.4,-0.0,-0.39
Day-113,google/gemma-2-9b-it,ISFJ,memory,flat,456,0.92,flat,131.12,131.53527886650517,10000.0,10000.0,0.0,HOLD,0.0,The market is showing mixed signals and the P/E ratio is slightly elevated.  I need more information and a clearer trend before considering a purchase.,129.86,121.78,51.3,2.2986,1465588,1.15,10.8,15.0,2.68,6.64,1,-0.33,-0.04,-0.29
Day-114,google/gemma-2-9b-it,ISFJ,memory,flat,456,0.92,flat,137.62,137.33732643407345,10000.0,10000.0,0.0,HOLD,0.0,The market is showing mixed signals and the P/E ratio is above average.  I need more information before considering a purchase.,130.37,122.33,51.6,2.7257,1434998,1.11,10.4,15.0,2.66,6.57,1,-0.49,-0.12,-0.38
Day-115,google/gemma-2-9b-it,ISFJ,memory,flat,456,0.92,flat,138.38,138.34933486524747,10000.0,10000.0,0.0,HOLD,0.0,The market is showing mixed signals and the P/E ratio is above average.  I need more information before considering a purchase.,131.15,122.91,50.6,3.0899,1262702,0.98,8.1,15.0,2.67,6.71,1,0.16,-0.11,0.27
Day-116,google/gemma-2-9b-it,ISFJ,memory,flat,456,0.92,flat,141.15,141.0186147407662,10000.0,10000.0,0.0,HOLD,0.0,The market is showing signs of potential overvaluation (P/E 15.0) and volatility (Implied Volatility 9.7%).  Further research and a more stable market environment are needed before considering a purchase.,132.08,123.58,58.3,3.561,1072796,0.85,9.7,15.0,2.66,6.87,1,0.09,-0.2,0.28
Day-117,google/gemma-2-9b-it,ISFJ,memory,flat,456,0.92,flat,138.34,137.84075003597448,10000.0,10000.0,0.0,HOLD,0.0,The market is showing signs of potential overvaluation (P/E ratio) and the trend is slightly bearish.  Holding cash allows for a more conservative approach and avoids unnecessary risk.,132.77,124.22,56.9,3.6649,1106323,0.87,11.1,15.1,2.66,6.88,1,-0.1,-0.14,0.04
Day-118,google/gemma-2-9b-it,ISFJ,memory,flat,456,0.92,flat,141.91,142.20317903932457,10000.0,10000.0,0.0,HOLD,0.0,"The RSI is high, indicating potential overvaluation.  I will wait for a pullback and a more favorable entry point before considering a purchase.",133.64,124.9,71.1,3.99,1315496,1.02,9.8,15.0,2.67,7.0,1,0.45,0.02,0.43
Day-119,google/gemma-2-9b-it,ISFJ,memory,flat,456,0.92,flat,149.18,149.75611445161533,10000.0,10000.0,0.0,HOLD,0.0,"The RSI is high, indicating potential overvaluation.  I will wait for a pullback and a more favorable entry point before considering a purchase.",134.59,125.74,74.2,4.7786,1321250,1.02,15.7,14.9,2.68,7.04,1,-0.15,0.09,-0.24
Day-120,google/gemma-2-9b-it,ISFJ,memory,flat,456,0.92,flat,151.79,151.75294350715936,10000.0,10000.0,0.0,HOLD,0.0,The high RSI and implied volatility indicate potential for a pullback.  Holding cash allows for a safer entry point when the market stabilizes.,135.35,126.65,81.8,5.5507,1405342,1.09,11.1,15.0,2.67,6.87,1,-0.36,-0.01,-0.35
Day-121,google/gemma-2-9b-it,ISFJ,memory,flat,456,0.92,flat,149.37,149.37852310501202,10000.0,10000.0,0.0,HOLD,0.0,"The RSI is high, indicating potential overvaluation.  The market is trending down, and I need more information before considering a purchase.",135.92,127.43,75.4,5.8991,1014916,0.79,8.3,15.0,2.67,6.67,1,-0.47,-0.13,-0.34
Day-122,google/gemma-2-9b-it,ISFJ,memory,flat,456,0.92,flat,148.72,149.00697071369902,10000.0,10000.0,0.0,HOLD,0.0,"The RSI is high, indicating potential overvaluation.  Holding cash allows for a purchase opportunity at a more favorable price point.",136.58,128.18,72.4,6.0528,1499250,1.16,8.5,15.0,2.67,6.55,1,0.06,-0.09,0.16
Day-123,google/gemma-2-9b-it,ISFJ,memory,flat,456,0.92,flat,145.51,146.12332300101156,10000.0,10000.0,0.0,HOLD,0.0,The market is showing signs of overvaluation (RSI 67.4) and the P/E ratio is above average.  Holding cash allows for a more conservative approach and avoids unnecessary risk.,137.18,128.9,67.4,5.8483,1056586,0.83,13.9,14.9,2.68,6.42,1,0.07,-0.17,0.24
Day-124,google/gemma-2-9b-it,ISFJ,memory,flat,456,0.92,flat,143.33,143.58088827674754,10000.0,10000.0,0.0,HOLD,0.0,The market is showing signs of overbought conditions (RSI 68.6) and the price is above both the 20 and 60 day moving averages.  Hedging is recommended to protect against potential downside risk.,137.95,129.54,68.6,5.4475,1359138,1.06,14.0,15.0,2.67,6.5,1,-0.39,-0.22,-0.17
Day-125,google/gemma-2-9b-it,ISFJ,memory,flat,456,0.92,flat,141.93,141.6756388588424,10000.0,10000.0,0.0,HOLD,0.0,"The current market conditions are not conducive to a purchase. Volatility is high and the price is above the 20-day SMA, indicating potential for further price fluctuations.",138.49,130.1,66.3,4.9595,1022796,0.8,19.7,15.0,2.66,6.45,1,-0.35,-0.21,-0.13
Day-126,google/gemma-2-9b-it,ISFJ,memory,flat,456,0.92,flat,146.81,145.1429856271985,10000.0,10000.0,0.0,HOLD,0.0,"The RSI is high, indicating potential overvaluation.  I need more information on the company's fundamentals before considering a purchase.",139.41,130.73,70.7,4.9105,1020841,0.81,19.0,15.2,2.64,6.64,1,-0.51,-0.22,-0.29
Day-127,google/gemma-2-9b-it,ISFJ,memory,flat,456,0.92,flat,143.53,143.61403874622485,10000.0,10000.0,0.0,HOLD,0.0,The market is showing signs of overbought conditions (RSI 64.0) and the price is above both the 20 and 60 day moving averages.  Hedging is recommended to protect against potential pullbacks.,140.07,131.28,64.0,4.5546,1306965,1.03,21.7,15.0,2.67,6.69,1,-0.31,-0.3,-0.02
Day-128,google/gemma-2-9b-it,ISFJ,memory,flat,456,0.92,flat,143.52,144.40497277802717,10000.0,10000.0,0.0,HOLD,0.0,"The market is showing signs of potential overvaluation (RSI above 50, P/E above 14).  I need more information and a clearer trend before considering a purchase.",140.6,131.83,57.8,4.2226,1127400,0.89,18.8,14.9,2.68,6.66,1,0.23,-0.27,0.49
Day-129,google/gemma-2-9b-it,ISFJ,memory,flat,456,0.92,flat,142.46,142.54909371012926,10000.0,10000.0,0.0,HOLD,0.0,The market is showing signs of overbought conditions (RSI 55.3) and the P/E ratio is above average.  Hedging is recommended to protect against potential market downturn.,141.11,132.28,55.3,3.8301,1056662,0.84,15.7,15.0,2.67,6.68,1,-0.23,-0.24,0.0
Day-130,google/gemma-2-9b-it,ISFJ,memory,flat,456,0.92,flat,142.39,141.98483918490524,10000.0,10000.0,0.0,HOLD,0.0,The market is showing mixed signals and the P/E ratio is elevated.  I need more information before considering a purchase.,141.76,132.74,51.7,3.4732,1082191,0.87,17.1,15.0,2.66,6.8,1,0.08,-0.15,0.23
Day-131,google/gemma-2-9b-it,ISFJ,memory,flat,456,0.92,flat,137.6,137.80515409668874,10000.0,10000.0,0.0,HOLD,0.0,"The market is showing some volatility, and the P/E ratio is above average.  I will wait for a more stable market and a lower entry point before considering a purchase.",142.18,133.06,49.0,2.7719,1115233,0.91,16.1,15.0,2.67,6.85,1,-0.18,-0.08,-0.1
Day-132,google/gemma-2-9b-it,ISFJ,memory,flat,456,0.92,flat,134.42,134.9090354274642,10000.0,10000.0,0.0,HOLD,0.0,The market is currently volatile and the price is below the 20-day SMA.  Hedging is recommended to protect the principal.,142.45,133.28,39.9,1.9371,1081873,0.9,15.4,14.9,2.68,6.88,1,0.3,0.04,0.26
Day-133,google/gemma-2-9b-it,ISFJ,memory,flat,456,0.92,flat,135.64,135.98437429524117,10000.0,10000.0,0.0,HOLD,0.0,"The RSI is low, suggesting potential undervaluation, but the implied volatility is high, indicating potential for further price swings.  Holding cash allows for a more measured approach to entering the market.",142.68,133.51,28.2,1.3584,1195477,1.0,14.9,15.0,2.67,6.87,1,0.37,0.07,0.3
Day-134,google/gemma-2-9b-it,ISFJ,memory,flat,456,0.92,flat,136.45,136.58508261190687,10000.0,10000.0,0.0,HOLD,0.0,"The current market conditions are volatile and the RSI is low, indicating potential for further decline.  It is prudent to maintain cash and wait for a more stable market entry point.",142.62,133.74,23.7,0.9539,1360566,1.14,11.5,15.0,2.67,6.64,1,-0.08,0.1,-0.18
Day-135,google/gemma-2-9b-it,ISFJ,memory,flat,456,0.92,flat,138.08,138.23613708671138,10000.0,10000.0,0.0,HOLD,0.0,"The current market conditions are uncertain with a declining trend and low RSI.  Holding cash allows for a more cautious approach, prioritizing capital preservation.",142.61,134.03,30.1,0.7563,1184848,1.0,12.6,15.0,2.67,6.4,1,-0.28,0.02,-0.31
Day-136,google/gemma-2-9b-it,ISFJ,memory,flat,456,0.92,flat,142.03,142.163999398194,10000.0,10000.0,0.0,HOLD,0.0,The market is currently showing mixed signals.  Holding cash allows for a more measured approach and avoids unnecessary risk.,142.65,134.41,39.4,0.9079,1303465,1.09,9.9,15.0,2.67,6.13,1,0.66,0.19,0.47
Day-137,google/gemma-2-9b-it,ISFJ,memory,flat,456,0.92,flat,149.35,149.22558981036582,10000.0,10000.0,0.0,HOLD,0.0,"The current market conditions are not compelling enough to warrant a purchase.  The P/E ratio is moderate, but the implied volatility is high, indicating potential for price swings.",143.2,134.98,55.4,1.6001,1417642,1.17,11.9,15.0,2.66,6.09,1,0.24,0.18,0.06
Day-138,google/gemma-2-9b-it,ISFJ,memory,flat,456,0.92,flat,148.87,149.19877205046242,10000.0,10000.0,0.0,HOLD,0.0,The market is showing signs of potential overvaluation (P/E ratio) and volatility (implied volatility).  Holding cash allows for a more conservative approach and avoids unnecessary risk.,143.55,135.49,58.1,2.0861,1466153,1.2,11.5,15.0,2.67,5.94,1,0.24,0.15,0.08
Day-139,google/gemma-2-9b-it,ISFJ,memory,flat,456,0.92,flat,145.57,145.43334196536546,10000.0,10000.0,0.0,HOLD,0.0,The market is showing signs of potential overvaluation (P/E ratio) and volatility is elevated.  Holding cash allows for a more conservative approach and avoids unnecessary risk.,143.37,135.99,55.1,2.1797,1296183,1.06,11.7,15.0,2.66,5.42,1,0.46,0.26,0.2
Day-140,google/gemma-2-9b-it,ISFJ,memory,flat,456,0.92,flat,145.12,145.90486579280727,10000.0,10000.0,0.0,HOLD,0.0,The market is showing mixed signals and the P/E ratio is above average.  I need more information before making a decision.,143.03,136.44,47.3,2.1924,1066132,0.89,9.9,14.9,2.68,4.83,1,-0.57,0.21,-0.78
Day-141,google/gemma-2-9b-it,ISFJ,memory,flat,456,0.92,flat,151.56,151.43899225851706,10000.0,10000.0,0.0,HOLD,0.0,The market is showing signs of potential overvaluation (RSI 61.6) and volatility (Implied Volatility 9.3%).  Holding cash allows for a more conservative approach and the opportunity to buy at a potentially lower price in the future.,143.14,137.02,61.6,2.6909,1297649,1.07,9.3,15.0,2.66,4.47,1,0.03,0.08,-0.05
Day-142,google/gemma-2-9b-it,ISFJ,memory,flat,456,0.92,flat,149.85,149.33424055477434,10000.0,10000.0,0.0,HOLD,0.0,The market is showing signs of potential overvaluation (P/E ratio) and volatility is elevated.  It is prudent to remain in cash and wait for a more stable entry point.,143.2,137.62,58.7,2.915,1204548,1.0,12.9,15.1,2.66,4.06,1,0.58,0.15,0.43
Day-143,google/gemma-2-9b-it,ISFJ,memory,flat,456,0.92,flat,147.59,147.2183841899253,10000.0,10000.0,0.0,HOLD,0.0,The market is showing signs of potential overvaluation (P/E ratio) and the trend is slightly bearish.  Holding cash allows for a more conservative approach and avoids unnecessary risk.,143.3,138.1,56.8,2.8769,1129261,0.94,10.3,15.0,2.66,3.77,1,0.14,0.13,0.01
Day-144,google/gemma-2-9b-it,ISFJ,memory,flat,456,0.92,flat,146.5,146.8887523791765,10000.0,10000.0,0.0,HOLD,0.0,The market is showing signs of overbought conditions (RSI 55.3) and the price is above both the 20 and 60 day moving averages.  I will wait for a pullback before considering a purchase.,143.46,138.49,55.3,2.7272,1284664,1.07,8.2,15.0,2.67,3.59,1,-0.07,0.02,-0.09
Day-145,google/gemma-2-9b-it,ISFJ,memory,flat,456,0.92,flat,148.39,147.97046570975522,10000.0,10000.0,0.0,HOLD,0.0,The market is showing signs of overbought conditions (RSI 65.1) and the P/E ratio is above average.  I will wait for a pullback before considering a purchase.,143.79,139.0,65.1,2.7294,1141813,0.95,12.2,15.0,2.66,3.44,1,0.26,0.19,0.07
Day-146,google/gemma-2-9b-it,ISFJ,memory,flat,456,0.92,flat,151.65,151.45609479395898,10000.0,10000.0,0.0,HOLD,0.0,"The RSI is high, indicating potential overvaluation.  I will wait for a pullback and a more favorable entry point before considering a purchase.",144.03,139.58,74.1,2.9602,1279903,1.05,9.2,15.0,2.66,3.19,1,-0.53,0.07,-0.6
Day-147,google/gemma-2-9b-it,ISFJ,memory,flat,456,0.92,flat,153.7,154.20532734688902,10000.0,10000.0,0.0,HOLD,0.0,"The RSI is high, indicating potential overvaluation.  I will wait for a pullback and a more favorable entry point before considering a purchase.",144.54,140.16,74.7,3.2708,1339732,1.1,7.7,15.0,2.68,3.12,1,0.14,-0.01,0.16
Day-148,google/gemma-2-9b-it,ISFJ,memory,flat,456,0.92,flat,155.82,156.1327024629514,10000.0,10000.0,0.0,HOLD,0.0,"The RSI is high, indicating potential overvaluation.  I will wait for a pullback and a more favorable entry point to align with my risk-averse strategy.",145.15,140.79,75.5,3.6463,1300846,1.06,7.5,15.0,2.67,3.1,1,0.22,0.0,0.22
Day-149,google/gemma-2-9b-it,ISFJ,memory,flat,456,0.92,flat,150.0,149.09688078649276,10000.0,10000.0,0.0,HOLD,0.0,"The market is showing signs of overvaluation (RSI 64.1, P/E 15.1) and volatility is elevated.  Holding cash allows for a more conservative approach and avoids unnecessary risk.",145.53,141.19,64.1,3.4343,1168418,0.95,10.9,15.1,2.65,3.08,1,0.33,0.08,0.24
Day-150,google/gemma-2-9b-it,ISFJ,memory,flat,456,0.92,flat,148.97,148.78462743296856,10000.0,10000.0,0.0,HOLD,0.0,The market is showing signs of potential overvaluation (P/E 15.0) and the RSI is above 50.  Further research and a more significant drop in price are needed before considering a purchase.,145.86,141.44,58.8,3.1469,1150640,0.93,9.9,15.0,2.66,3.13,1,-0.09,0.01,-0.11
Day-151,google/gemma-2-9b-it,ISFJ,memory,flat,456,0.92,flat,145.42,145.9032654972213,10000.0,10000.0,0.0,HOLD,0.0,"The market is showing slight bearish signals, and the P/E ratio is above average.  I will wait for a more stable market environment before considering a purchase.",146.25,141.58,44.5,2.6025,1395844,1.11,9.2,14.9,2.68,3.29,1,-0.26,0.07,-0.33
Day-152,google/gemma-2-9b-it,ISFJ,memory,flat,456,0.92,flat,144.89,145.576478369768,10000.0,10000.0,0.0,HOLD,0.0,The market is showing mixed signals and volatility is elevated.  Holding cash allows for a more measured approach and protects against potential losses.,146.77,141.77,44.4,2.1047,1052356,0.84,7.5,14.9,2.68,3.53,1,-0.14,0.01,-0.15
Day-153,google/gemma-2-9b-it,ISFJ,memory,flat,456,0.92,flat,143.29,143.98877148153352,10000.0,10000.0,0.0,HOLD,0.0,"The market is currently showing mixed signals.  Given the mandate to prioritize security and avoid volatility, it is prudent to remain in cash and observe further.",147.15,141.97,46.6,1.5628,1341183,1.07,9.1,14.9,2.68,3.65,1,0.07,-0.02,0.09
Day-154,google/gemma-2-9b-it,ISFJ,memory,flat,456,0.92,flat,143.29,143.7402116295221,10000.0,10000.0,0.0,HOLD,0.0,The market is currently volatile and the P/E ratio is above average.  I will wait for a more stable market and a lower entry point before considering a purchase.,147.5,142.28,47.3,1.1204,1104534,0.89,11.0,15.0,2.68,3.67,1,0.06,-0.07,0.13
Day-155,google/gemma-2-9b-it,ISFJ,memory,flat,456,0.92,flat,146.75,146.25900457235065,10000.0,10000.0,0.0,HOLD,0.0,The market is showing mixed signals and the P/E ratio is above average.  I need more information to feel confident in a purchase decision.,147.93,142.59,42.1,1.0373,1314825,1.05,8.9,15.1,2.66,3.75,1,0.39,0.02,0.37
Day-156,google/gemma-2-9b-it,ISFJ,memory,flat,456,0.92,flat,146.26,145.83223432430077,10000.0,10000.0,0.0,HOLD,0.0,The market is showing mixed signals and the P/E ratio is slightly elevated.  I need more information to justify taking on risk at this time.,148.14,142.94,43.8,0.9207,1395865,1.11,9.7,15.0,2.66,3.64,1,-0.34,0.01,-0.35
Day-157,google/gemma-2-9b-it,ISFJ,memory,flat,456,0.92,flat,140.92,140.89109064977274,10000.0,10000.0,0.0,HOLD,0.0,"The market is showing signs of weakness, and the P/E ratio is elevated.  It is prudent to remain in cash and observe the market further before considering a purchase.",147.72,143.15,39.7,0.3928,1446012,1.15,11.4,15.0,2.67,3.19,1,-0.0,0.04,-0.04
Day-158,google/gemma-2-9b-it,ISFJ,memory,flat,456,0.92,flat,142.93,142.7698198870276,10000.0,10000.0,0.0,HOLD,0.0,"The market is showing signs of weakness, and the P/E ratio is elevated.  It is prudent to remain in cash and wait for a more favorable entry point.",147.42,143.36,44.6,0.1357,1004801,0.81,8.2,15.0,2.66,2.84,1,-0.3,-0.04,-0.26
Day-159,google/gemma-2-9b-it,ISFJ,memory,flat,456,0.92,flat,140.95,140.50080470633077,10000.0,10000.0,0.0,HOLD,0.0,"The market is showing signs of weakness, but the P/E ratio is reasonable.  I need more information before making a decision.",147.19,143.53,38.8,-0.2258,1283034,1.04,8.9,15.0,2.66,2.55,1,0.23,-0.0,0.23
Day-160,google/gemma-2-9b-it,ISFJ,memory,flat,456,0.92,flat,139.88,139.60737334438807,10000.0,10000.0,0.0,HOLD,0.0,"The market is currently showing signs of weakness, and the RSI is low.  It is prudent to wait for a more stable market environment before considering a purchase.",146.93,143.74,31.1,-0.5917,1489826,1.19,7.5,15.0,2.66,2.22,1,0.29,-0.02,0.32
Day-161,google/gemma-2-9b-it,ISFJ,memory,flat,456,0.92,flat,138.64,138.78628658786394,10000.0,10000.0,0.0,HOLD,0.0,"The market is showing signs of weakness, and the RSI is in oversold territory. However, without a clear understanding of the company's fundamentals and future prospects, it's best to remain cautious and hold cash.",146.28,143.93,25.1,-0.9704,1300270,1.03,10.3,15.0,2.67,1.64,0,0.27,0.1,0.18
Day-162,google/gemma-2-9b-it,ISFJ,memory,flat,456,0.92,flat,136.13,135.66778881203555,10000.0,10000.0,0.0,HOLD,0.0,"The market is currently oversold, but the P/E ratio is elevated.  I need more information before considering a purchase.",145.6,144.07,17.9,-1.4559,1026495,0.82,10.3,15.1,2.66,1.06,0,-0.34,0.03,-0.37
Day-163,google/gemma-2-9b-it,ISFJ,memory,flat,456,0.92,flat,131.07,131.24092952456166,10000.0,10000.0,0.0,HOLD,0.0,"The RSI is extremely low, suggesting potential undervaluation. However, the market trend is currently negative and volatility is elevated, making this a risky entry point for a Guardian Investor focused on capital preservation.",144.77,144.07,18.3,-2.2233,1444509,1.14,11.6,15.0,2.67,0.49,0,0.29,0.15,0.14
Day-164,google/gemma-2-9b-it,ISFJ,memory,flat,456,0.92,flat,131.23,131.47719104196887,10000.0,10000.0,0.0,HOLD,0.0,"The RSI is extremely low, suggesting potential undervaluation, but the market trend is down and volatility is high.  Holding cash allows for a safer entry point when the market stabilizes.",144.01,143.94,19.4,-2.7869,1178003,0.94,8.2,15.0,2.67,0.05,0,0.27,0.16,0.11
Day-165,google/gemma-2-9b-it,ISFJ,memory,flat,456,0.92,flat,133.41,133.50250302949405,10000.0,10000.0,0.0,HOLD,0.0,"The market is currently oversold, but the P/E ratio is high and implied volatility is elevated.  Further analysis is needed before considering a purchase.",143.26,143.84,28.3,-3.0228,1383229,1.09,7.5,15.0,2.67,-0.41,0,-0.43,0.01,-0.44
Day-166,google/gemma-2-9b-it,ISFJ,memory,flat,456,0.92,flat,136.06,135.94139038730313,10000.0,10000.0,0.0,HOLD,0.0,"The market is currently below the 20 and 60 day SMA, and RSI is low, suggesting potential for further decline.  Hedging is recommended to protect the principal.",142.48,143.74,35.2,-2.9617,1315347,1.03,7.5,15.0,2.66,-0.88,0,-0.14,-0.07,-0.07
Day-167,google/gemma-2-9b-it,ISFJ,memory,flat,456,0.92,flat,128.24,128.24215218225444,10000.0,10000.0,0.0,HOLD,0.0,"The market is currently oversold, but the P/E ratio is elevated.  Further analysis and a more favorable risk/reward profile are needed before investing.",141.21,143.54,29.1,-3.5038,1454160,1.14,10.6,15.0,2.67,-1.62,0,0.1,0.02,0.09
Day-168,google/gemma-2-9b-it,ISFJ,memory,flat,456,0.92,flat,127.8,127.27844248989561,10000.0,10000.0,0.0,HOLD,0.0,"The market is currently below the 20 and 60 day moving averages, indicating a downtrend.  The RSI is also low, suggesting potential for further decline.  Holding cash allows for a purchase opportunity at a lower price.",139.81,143.26,28.7,-3.9239,1253580,0.98,13.6,15.1,2.66,-2.41,-1,0.37,0.03,0.34
Day-169,google/gemma-2-9b-it,ISFJ,memory,flat,456,0.92,flat,129.33,129.2064380615062,10000.0,10000.0,0.0,HOLD,0.0,"The market is currently trending down and RSI is low, indicating potential for further decline.  Holding cash allows for a safer entry point when the market stabilizes.",138.77,142.86,24.7,-4.086,1363387,1.06,13.2,15.0,2.66,-2.86,-1,-0.01,-0.02,0.01
Day-170,google/gemma-2-9b-it,ISFJ,memory,flat,456,0.92,flat,134.35,134.58441435856568,10000.0,10000.0,0.0,HOLD,0.0,"The market is showing signs of weakness, and the RSI is below 50.  It is prudent to wait for a more stable market environment before considering a purchase.",138.04,142.51,34.7,-3.7658,1098039,0.86,17.0,15.0,2.67,-3.14,-1,0.7,0.2,0.49
Day-171,google/gemma-2-9b-it,ISFJ,memory,flat,456,0.92,flat,137.77,137.73771704646808,10000.0,10000.0,0.0,HOLD,0.0,The market is currently showing mixed signals.  Holding cash allows for a more measured approach and avoids unnecessary risk.,137.66,142.28,45.8,-3.1995,1182738,0.93,14.7,15.0,2.67,-3.25,-1,0.03,0.24,-0.21
Day-172,google/gemma-2-9b-it,ISFJ,memory,flat,456,0.92,flat,133.64,134.3842669376327,10000.0,10000.0,0.0,HOLD,0.0,"The market is showing signs of weakness, and the P/E ratio is elevated.  It is prudent to remain in cash and wait for a more favorable entry point.",137.1,141.98,38.2,-3.0486,1088403,0.85,16.2,14.9,2.68,-3.44,-1,-0.13,0.19,-0.32
Day-173,google/gemma-2-9b-it,ISFJ,memory,flat,456,0.92,flat,133.98,133.162858344212,10000.0,10000.0,0.0,HOLD,0.0,"The market is showing signs of weakness, and the P/E ratio is elevated.  It is prudent to remain in cash and wait for a more favorable entry point.",136.63,141.75,40.7,-2.869,1233872,0.97,15.8,15.1,2.65,-3.61,-1,-0.17,0.08,-0.25
Day-174,google/gemma-2-9b-it,ISFJ,memory,flat,456,0.92,flat,136.3,136.36663928563615,10000.0,10000.0,0.0,HOLD,0.0,"The market is showing slight bearish signals, and the P/E ratio is above average.  I will wait for a more compelling opportunity with a lower risk profile.",136.28,141.61,45.4,-2.5102,1093283,0.86,11.2,15.0,2.67,-3.76,-1,0.06,0.1,-0.03
Day-175,google/gemma-2-9b-it,ISFJ,memory,flat,456,0.92,flat,134.95,134.2451389035323,10000.0,10000.0,0.0,HOLD,0.0,Market is slightly below the 20-day SMA and RSI is neutral.  No compelling reason to deviate from the core mandate of capital preservation.,135.69,141.47,45.3,-2.3083,1235002,0.98,10.0,15.1,2.65,-4.08,-1,-0.0,-0.04,0.04
Day-176,google/gemma-2-9b-it,ISFJ,memory,flat,456,0.92,flat,128.91,128.4761712091232,10000.0,10000.0,0.0,HOLD,0.0,"The market is showing signs of weakness, and the P/E ratio is above average.  It is prudent to remain in cash and wait for a more favorable entry point.",134.83,141.11,41.5,-2.6058,1075848,0.86,9.0,15.1,2.66,-4.45,-1,0.12,-0.02,0.15
Day-177,google/gemma-2-9b-it,ISFJ,memory,flat,456,0.92,flat,127.69,127.32157905322433,10000.0,10000.0,0.0,HOLD,0.0,"The market is showing signs of weakness, and the P/E ratio is elevated.  I will wait for a more favorable entry point with a lower price and stronger indicators.",134.16,140.79,45.6,-2.9062,1293587,1.04,8.8,15.0,2.66,-4.71,-1,0.01,0.0,0.01
Day-178,google/gemma-2-9b-it,ISFJ,memory,flat,456,0.92,flat,127.34,127.34604942698378,10000.0,10000.0,0.0,HOLD,0.0,"The market is showing signs of weakness, and the P/E ratio is elevated.  It is prudent to remain in cash and wait for a more favorable entry point.",133.38,140.47,45.0,-3.1362,1328780,1.06,7.9,15.0,2.67,-5.04,-1,-0.37,-0.04,-0.33
Day-179,google/gemma-2-9b-it,ISFJ,memory,flat,456,0.92,flat,128.09,128.47455441140784,10000.0,10000.0,0.0,HOLD,0.0,"The market is showing signs of weakness, and the P/E ratio is elevated.  It is prudent to remain in cash and wait for a more favorable entry point.",132.74,140.18,42.9,-3.2215,1071556,0.86,12.0,15.0,2.67,-5.31,-1,0.5,0.05,0.45
Day-180,google/gemma-2-9b-it,ISFJ,memory,flat,456,0.92,flat,126.92,127.12581420759597,10000.0,10000.0,0.0,HOLD,0.0,"The market is currently below the 20-day SMA and RSI is in oversold territory. However, the P/E ratio is reasonable and implied volatility is moderate.  Further research and a more favorable market environment are needed before considering a purchase.",132.09,139.87,37.3,-3.3449,1312287,1.06,12.2,15.0,2.67,-5.56,-1,-0.53,-0.05,-0.48
Day-181,google/gemma-2-9b-it,ISFJ,memory,flat,456,0.92,flat,129.6,129.16800093520558,10000.0,10000.0,0.0,HOLD,0.0,"The market is showing mixed signals, and the P/E ratio is slightly elevated.  I will wait for a clearer trend and a more attractive entry point before considering a purchase.",131.64,139.71,52.2,-3.189,1075369,0.88,15.7,15.1,2.66,-5.78,-1,0.45,0.01,0.44
Day-182,google/gemma-2-9b-it,ISFJ,memory,flat,456,0.92,flat,128.2,128.36935146549166,10000.0,10000.0,0.0,HOLD,0.0,The market is showing mixed signals and the P/E ratio is elevated.  I need more information to justify taking on risk at this time.,131.24,139.59,50.6,-3.1423,1016459,0.83,12.3,15.0,2.67,-5.98,-1,-0.19,-0.03,-0.16
Day-183,google/gemma-2-9b-it,ISFJ,memory,flat,456,0.92,flat,130.46,129.90411814334263,10000.0,10000.0,0.0,HOLD,0.0,"The market is showing slight bearish signals, and the P/E ratio is above average.  It is prudent to remain in cash and observe for a more favorable entry point.",131.21,139.48,51.7,-2.8897,1178323,0.97,12.9,15.1,2.66,-5.93,-1,-0.08,0.03,-0.11
Day-184,google/gemma-2-9b-it,ISFJ,memory,flat,456,0.92,flat,130.14,130.0480353657845,10000.0,10000.0,0.0,HOLD,0.0,"Market is slightly below the 20-day SMA and RSI is low, but the P/E ratio is reasonable.  Holding cash allows for a better entry point when the market stabilizes.",131.16,139.36,42.4,-2.6842,1354907,1.11,11.7,15.0,2.66,-5.88,-1,-0.08,-0.09,0.0
Day-185,google/gemma-2-9b-it,ISFJ,memory,flat,456,0.92,flat,126.04,125.43900797863743,10000.0,10000.0,0.0,HOLD,0.0,"The market is showing signs of weakness, and the RSI is in oversold territory. However, further analysis is needed before making a decision.",130.79,139.12,29.4,-2.8202,1404710,1.15,14.4,15.1,2.65,-5.98,-1,-0.46,-0.07,-0.38
Day-186,google/gemma-2-9b-it,ISFJ,memory,flat,456,0.92,flat,120.7,120.90067175886374,10000.0,10000.0,0.0,HOLD,0.0,"The market is showing signs of weakness, and the RSI is in oversold territory. However, I need more information about the company's fundamentals before considering a purchase.",130.02,138.69,28.2,-3.3207,1018597,0.84,13.2,15.0,2.67,-6.25,-1,-0.05,-0.17,0.12
Day-187,google/gemma-2-9b-it,ISFJ,memory,flat,456,0.92,flat,116.47,116.43748769121613,10000.0,10000.0,0.0,HOLD,0.0,"The market is showing signs of weakness, and the RSI is oversold. However, I need more information about the company's fundamentals before considering a purchase.",129.43,138.03,23.9,-4.0124,1096983,0.92,9.6,15.0,2.67,-6.23,-1,0.0,-0.14,0.14
Day-188,google/gemma-2-9b-it,ISFJ,memory,flat,456,0.92,flat,117.65,117.31857058503172,10000.0,10000.0,0.0,HOLD,0.0,"The market is currently below the 20-day SMA and RSI is low, indicating potential for further decline.  Hedging is recommended to protect principal.",128.93,137.41,21.2,-4.4145,1394751,1.17,8.3,15.0,2.66,-6.17,-1,-0.19,-0.16,-0.03
Day-189,google/gemma-2-9b-it,ISFJ,memory,flat,456,0.92,flat,116.92,117.44034267770954,10000.0,10000.0,0.0,HOLD,0.0,"The market is currently below the 20-day SMA and RSI is low, indicating potential for further decline.  Hedging is recommended to protect against further losses.",128.31,136.84,21.6,-4.7373,1184258,1.0,11.0,14.9,2.68,-6.23,-1,-0.45,-0.23,-0.22
Day-190,google/gemma-2-9b-it,ISFJ,memory,flat,456,0.92,flat,115.15,115.05609609297487,10000.0,10000.0,0.0,HOLD,0.0,"The market is showing signs of weakness, and the RSI is low.  It is prudent to remain in cash and wait for a clearer signal before investing.",127.35,136.24,25.0,-5.0772,1170616,0.98,12.3,15.0,2.66,-6.53,-1,0.21,-0.1,0.3
Day-191,google/gemma-2-9b-it,ISFJ,memory,flat,456,0.92,flat,116.44,116.43650217521306,10000.0,10000.0,0.0,HOLD,0.0,"The market is currently below the 20-day SMA and RSI is low, indicating potential for further decline.  Hedging is recommended to protect the principal.",126.28,135.53,29.6,-5.1829,1442952,1.2,10.5,15.0,2.67,-6.83,-1,0.02,-0.08,0.1
Day-192,google/gemma-2-9b-it,ISFJ,memory,flat,456,0.92,flat,114.25,114.03393203155491,10000.0,10000.0,0.0,HOLD,0.0,"The market is currently showing signs of weakness, and the RSI is in oversold territory. However, I need more information about the company's fundamentals before considering a purchase.",125.31,134.82,27.7,-5.3812,1437966,1.18,9.1,15.0,2.66,-7.06,-1,0.35,-0.01,0.37
Day-193,google/gemma-2-9b-it,ISFJ,memory,flat,456,0.92,flat,110.43,110.0028266492836,10000.0,10000.0,0.0,HOLD,0.0,"The market is currently trending down and RSI is oversold. However, the P/E ratio is still elevated, indicating potential for further decline.  I will wait for a stronger signal before investing.",124.13,134.08,22.8,-5.7799,1212191,0.99,7.9,15.1,2.66,-7.42,-1,-0.18,-0.01,-0.17
Day-194,google/gemma-2-9b-it,ISFJ,memory,flat,456,0.92,flat,110.07,110.2773564097046,10000.0,10000.0,0.0,HOLD,0.0,"The market is currently below the 20-day SMA and RSI is low, indicating potential for further decline.  Hedging strategies should be considered before entering a position.",122.82,133.35,23.4,-6.0551,1386866,1.12,11.8,15.0,2.67,-7.9,-1,0.12,0.1,0.02
Day-195,google/gemma-2-9b-it,ISFJ,memory,flat,456,0.92,flat,112.62,112.74683871283355,10000.0,10000.0,0.0,HOLD,0.0,"The market is currently oversold, but the trend is still downward.  I need to see a sustained upward trend and a higher P/E ratio before considering a purchase.",121.7,132.63,23.1,-5.9985,1038058,0.85,12.8,15.0,2.67,-8.24,-1,0.3,0.12,0.18
Day-196,google/gemma-2-9b-it,ISFJ,memory,flat,456,0.92,flat,115.05,114.333641304902,10000.0,10000.0,0.0,HOLD,0.0,"The market is showing signs of weakness, and the RSI is in oversold territory. However, I need more information about the company's fundamentals before considering a purchase.",121.01,131.9,29.8,-5.6917,1180825,0.96,12.4,15.1,2.65,-8.26,-1,0.52,0.22,0.3
Day-197,google/gemma-2-9b-it,ISFJ,memory,flat,456,0.92,flat,112.17,112.45491265680015,10000.0,10000.0,0.0,HOLD,0.0,"The market is currently in a downtrend and the RSI is oversold, but the P/E ratio is still elevated.  Further research and a more favorable market environment are needed before considering a purchase.",120.24,131.07,22.4,-5.6165,1130024,0.92,16.3,15.0,2.67,-8.27,-1,0.03,0.16,-0.13
Day-198,google/gemma-2-9b-it,ISFJ,memory,flat,456,0.92,flat,108.52,108.64429656553736,10000.0,10000.0,0.0,HOLD,0.0,"The market is currently in a downtrend and the RSI is oversold, but the risk is too high for this conservative strategy.  Waiting for a clearer signal and a more stable market is prudent.",119.29,130.13,20.4,-5.7848,1427527,1.16,23.0,15.0,2.67,-8.32,-1,-0.22,0.15,-0.37
Day-199,google/gemma-2-9b-it,ISFJ,memory,flat,456,0.92,flat,109.33,108.54247218464397,10000.0,10000.0,0.0,HOLD,0.0,"The market is showing signs of weakness, and the RSI is in oversold territory. However, I need more information about the company's fundamentals before considering a purchase.",118.36,129.31,24.9,-5.7861,1170468,0.95,18.2,15.1,2.65,-8.47,-1,0.32,0.19,0.12
Day-200,google/gemma-2-9b-it,ISFJ,memory,flat,456,0.92,flat,111.41,111.82450475615282,10000.0,10000.0,0.0,HOLD,0.0,"The market is currently trending down and the RSI is below 50, indicating potential for further decline.  Hedging is recommended to protect the principal.",117.58,128.56,34.5,-5.5553,1471686,1.19,16.8,14.9,2.68,-8.54,-1,-0.0,0.13,-0.13
Day-201,google/gemma-2-9b-it,ISFJ,memory,flat,456,0.92,flat,114.62,114.09367768490597,10000.0,10000.0,0.0,HOLD,0.0,"The market is showing mixed signals and the RSI is below 50, indicating potential for further decline.  Holding cash allows for a more conservative approach and avoids unnecessary risk.",116.83,127.95,46.8,-5.0553,1491002,1.18,14.8,15.1,2.65,-8.69,-1,0.53,0.13,0.4
Day-202,google/gemma-2-9b-it,ISFJ,memory,flat,456,0.92,flat,115.33,115.2958361395025,10000.0,10000.0,0.0,HOLD,0.0,"The market is showing signs of weakness, and the P/E ratio is elevated.  It is prudent to remain in cash and wait for a more favorable entry point.",116.19,127.35,45.9,-4.5492,1480712,1.15,10.4,15.0,2.67,-8.77,-1,-0.03,0.12,-0.15
Day-203,google/gemma-2-9b-it,ISFJ,memory,flat,456,0.92,flat,112.97,113.28185515975355,10000.0,10000.0,0.0,HOLD,0.0,"The market is currently showing signs of weakness, and the P/E ratio is elevated.  It is prudent to remain in cash and wait for a more favorable entry point.",115.31,126.75,43.4,-4.289,1136356,0.89,9.6,15.0,2.67,-9.02,-1,0.03,0.17,-0.14
Day-204,google/gemma-2-9b-it,ISFJ,memory,flat,456,0.92,flat,110.69,110.70150393528897,10000.0,10000.0,0.0,HOLD,0.0,"The market is showing signs of weakness, and the P/E ratio is elevated.  It is prudent to remain in cash and wait for a more favorable entry point.",114.34,126.1,42.7,-4.2179,1070600,0.84,8.9,15.0,2.67,-9.32,-1,0.48,0.2,0.28
Day-205,google/gemma-2-9b-it,ISFJ,memory,flat,456,0.92,flat,112.28,112.2706246514172,10000.0,10000.0,0.0,HOLD,0.0,The market is currently showing mixed signals.  Holding cash allows for a more cautious approach and preserves capital until a clearer trend emerges.,113.65,125.41,43.3,-3.9871,1348898,1.07,10.4,15.0,2.67,-9.37,-1,-0.34,0.13,-0.47
Day-206,google/gemma-2-9b-it,ISFJ,memory,flat,456,0.92,flat,109.04,109.11890992823876,10000.0,10000.0,0.0,HOLD,0.0,"The market is showing signs of weakness, and the P/E ratio is elevated.  It is prudent to remain in cash and wait for a more favorable entry point.",113.07,124.66,41.9,-4.0195,1177675,0.93,7.5,15.0,2.67,-9.3,-1,0.16,0.06,0.1
Day-207,google/gemma-2-9b-it,ISFJ,memory,flat,456,0.92,flat,113.25,113.52889315942807,10000.0,10000.0,0.0,HOLD,0.0,"The market is showing slight bearish signs, and the P/E ratio is above average.  I will wait for a more compelling entry point with a lower price and stronger indicators.",112.91,124.11,54.4,-3.6632,1038148,0.82,8.3,15.0,2.67,-9.02,-1,-0.52,-0.04,-0.49
Day-208,google/gemma-2-9b-it,ISFJ,memory,flat,456,0.92,flat,115.94,115.66273920487995,10000.0,10000.0,0.0,HOLD,0.0,The market is showing signs of potential overvaluation (P/E ratio) and volatility.  I will wait for a more stable entry point with a lower price and stronger support indicators.,112.82,123.57,58.5,-3.1281,1325723,1.05,9.7,15.0,2.66,-8.7,-1,0.11,-0.02,0.13
Day-209,google/gemma-2-9b-it,ISFJ,memory,flat,456,0.92,flat,113.56,113.6100101589765,10000.0,10000.0,0.0,HOLD,0.0,Market is slightly overvalued and RSI is neutral.  Holding cash allows for a better entry point when volatility subsides.,112.66,123.02,51.4,-2.8629,1147824,0.91,8.5,15.0,2.67,-8.43,-1,0.45,-0.03,0.48
Day-210,google/gemma-2-9b-it,ISFJ,memory,flat,456,0.92,flat,113.59,113.39686075360633,10000.0,10000.0,0.0,HOLD,0.0,The market is showing mixed signals and the P/E ratio is slightly elevated.  It is prudent to remain in cash and wait for a clearer signal before investing.,112.58,122.49,47.7,-2.6202,1303800,1.03,8.9,15.0,2.66,-8.1,-1,0.34,0.11,0.23
Day-211,google/gemma-2-9b-it,ISFJ,memory,flat,456,0.92,flat,109.76,109.87368971082523,10000.0,10000.0,0.0,HOLD,0.0,The market is currently showing mixed signals and the P/E ratio is above average.  I will wait for a clearer trend and a more attractive entry point before investing.,112.24,121.92,46.4,-2.7057,1335764,1.06,10.6,15.0,2.67,-7.93,-1,-0.15,0.04,-0.2
Day-212,google/gemma-2-9b-it,ISFJ,memory,flat,456,0.92,flat,109.7,109.1885015358222,10000.0,10000.0,0.0,HOLD,0.0,The market is showing mixed signals and the P/E ratio is above average.  I need more information and a clearer trend before considering a purchase.,112.02,121.39,52.0,-2.7464,1110941,0.89,11.7,15.1,2.65,-7.72,-1,0.11,0.17,-0.06
Day-213,google/gemma-2-9b-it,ISFJ,memory,flat,456,0.92,flat,111.87,111.99493871467092,10000.0,10000.0,0.0,HOLD,0.0,"The market is showing slight bearish signals, and the P/E ratio is above average.  I will wait for a more compelling entry point with stronger support and lower risk.",112.09,121.0,54.1,-2.5741,1052082,0.85,9.5,15.0,2.67,-7.37,-1,-0.04,0.14,-0.18
Day-214,google/gemma-2-9b-it,ISFJ,memory,flat,456,0.92,flat,116.29,116.24339652370182,10000.0,10000.0,0.0,HOLD,0.0,The market is showing some signs of overvaluation (P/E ratio) and volatility is elevated.  Holding cash allows for a more conservative approach and protects against potential losses.,112.4,120.71,57.4,-2.0569,1097383,0.89,9.5,15.0,2.67,-6.88,-1,0.04,0.06,-0.02
Day-215,google/gemma-2-9b-it,ISFJ,memory,flat,456,0.92,flat,117.64,117.88669345100018,10000.0,10000.0,0.0,HOLD,0.0,The market is showing mixed signals and the P/E ratio is elevated.  Further research and a clearer trend are needed before considering a purchase.,112.65,120.39,54.8,-1.5208,1043290,0.85,7.5,15.0,2.67,-6.43,-1,-0.07,-0.02,-0.05
Day-216,google/gemma-2-9b-it,ISFJ,memory,flat,456,0.92,flat,113.03,112.47485164452355,10000.0,10000.0,0.0,HOLD,0.0,The market is showing mixed signals and the P/E ratio is slightly elevated.  Maintaining a cash position allows for a more measured approach to potential future opportunities.,112.55,119.93,46.7,-1.4507,1382356,1.12,11.2,15.1,2.65,-6.15,-1,-0.07,-0.0,-0.06
Day-217,google/gemma-2-9b-it,ISFJ,memory,flat,456,0.92,flat,114.14,113.60699896355489,10000.0,10000.0,0.0,HOLD,0.0,The market is showing mixed signals and the P/E ratio is slightly elevated.  I will wait for a clearer trend and a more attractive entry point before investing.,112.65,119.65,51.7,-1.2907,1459047,1.16,9.9,15.1,2.65,-5.85,-1,-0.26,-0.08,-0.18
Day-218,google/gemma-2-9b-it,ISFJ,memory,flat,456,0.92,flat,115.09,114.76503306514623,10000.0,10000.0,0.0,HOLD,0.0,"The market is showing slight bearish signals, and the P/E ratio is above average.  It is prudent to remain in cash and observe further before considering a purchase.",112.98,119.39,56.7,-1.0754,1197091,0.96,7.5,15.0,2.66,-5.38,-1,-0.11,-0.09,-0.02
Day-219,google/gemma-2-9b-it,ISFJ,memory,flat,456,0.92,flat,113.98,113.83625177805456,10000.0,10000.0,0.0,HOLD,0.0,The market is showing mixed signals.  Holding cash allows for a more measured approach and avoids unnecessary risk.,113.21,119.09,52.6,-0.9832,1183348,0.95,7.5,15.0,2.66,-4.94,-1,-0.45,-0.19,-0.26
Day-220,google/gemma-2-9b-it,ISFJ,memory,flat,456,0.92,flat,116.01,115.95911493432199,10000.0,10000.0,0.0,HOLD,0.0,The market is showing signs of potential overvaluation (RSI above 60) and the P/E ratio is above average.  I will wait for a more attractive entry point with lower risk.,113.44,118.72,61.3,-0.7377,1148731,0.94,9.9,15.0,2.67,-4.45,-1,-0.04,-0.19,0.15
Day-221,google/gemma-2-9b-it,ISFJ,memory,flat,456,0.92,flat,112.99,113.28874317820154,10000.0,10000.0,0.0,HOLD,0.0,The market is showing slight bearish signals and the P/E ratio is above average.  It is prudent to remain in cash and observe further developments before considering a purchase.,113.36,118.22,49.6,-0.7777,1005948,0.84,10.0,15.0,2.67,-4.12,-1,-0.43,-0.26,-0.17
Day-222,google/gemma-2-9b-it,ISFJ,memory,flat,456,0.92,flat,114.78,114.84533516997122,10000.0,10000.0,0.0,HOLD,0.0,The market is showing mixed signals and the P/E ratio is above average.  I need more information before considering a purchase.,113.33,117.85,48.0,-0.6573,1079904,0.91,9.5,15.0,2.67,-3.83,-1,-0.63,-0.33,-0.3
Day-223,google/gemma-2-9b-it,ISFJ,memory,flat,456,0.92,flat,114.61,114.61162663286247,10000.0,10000.0,0.0,HOLD,0.0,The market is showing mixed signals and the P/E ratio is elevated.  Holding cash allows for a more measured approach and avoids unnecessary risk.,113.41,117.46,52.0,-0.5689,1377618,1.15,9.4,15.0,2.67,-3.45,-1,-0.16,-0.34,0.18
Day-224,google/gemma-2-9b-it,ISFJ,memory,flat,456,0.92,flat,116.01,115.82700237185952,10000.0,10000.0,0.0,HOLD,0.0,"The market is showing slight bearish signals, and the P/E ratio is above average.  I will wait for a more compelling entry point with a lower risk profile.",113.68,117.05,54.3,-0.3812,1208939,1.01,8.5,15.0,2.66,-2.88,-1,-0.03,-0.26,0.23
Day-225,google/gemma-2-9b-it,ISFJ,memory,flat,456,0.92,flat,121.08,121.4152878951405,10000.0,10000.0,0.0,HOLD,0.0,The current market conditions are too volatile for my risk tolerance. I will wait for a more stable environment before considering an investment.,114.12,116.78,69.4,0.1742,1413833,1.17,12.4,15.0,2.67,-2.28,-1,-0.08,-0.27,0.18
Day-226,google/gemma-2-9b-it,ISFJ,memory,flat,456,0.92,flat,122.39,122.29434116320463,10000.0,10000.0,0.0,HOLD,0.0,"The RSI is high, indicating potential overvaluation.  I will wait for a pullback and a more favorable entry point before considering a purchase.",114.79,116.65,70.8,0.7116,1151028,0.96,14.2,15.0,2.66,-1.6,0,-0.71,-0.33,-0.39
Day-227,google/gemma-2-9b-it,ISFJ,memory,flat,456,0.92,flat,121.64,121.17363415211533,10000.0,10000.0,0.0,HOLD,0.0,"The market is currently showing signs of overbought conditions (RSI 66.8) and the price is above both the 20 and 60 day moving averages.  This suggests a potential for a pullback, and I will wait for a more favorable entry point.",115.2,116.52,66.8,1.0652,1033662,0.86,14.3,15.1,2.66,-1.13,0,0.5,-0.1,0.6
Day-228,google/gemma-2-9b-it,ISFJ,memory,flat,456,0.92,flat,119.07,119.00350232130879,10000.0,10000.0,0.0,HOLD,0.0,The market is showing no clear signal for a buy.  Maintaining cash reserves allows for a purchase opportunity at a more favorable price point.,115.36,116.36,55.1,1.1246,1396074,1.16,10.9,15.0,2.67,-0.86,0,-0.36,-0.14,-0.22
Day-229,google/gemma-2-9b-it,ISFJ,memory,flat,456,0.92,flat,119.22,118.38814043053753,10000.0,10000.0,0.0,HOLD,0.0,Market conditions are neutral.  No compelling reason to deviate from the core mandate of capital preservation.,115.64,116.18,53.0,1.1709,1027028,0.86,13.4,15.1,2.65,-0.46,0,0.05,-0.12,0.17
Day-230,google/gemma-2-9b-it,ISFJ,memory,flat,456,0.92,flat,118.67,118.46905712510053,10000.0,10000.0,0.0,HOLD,0.0,The market is showing signs of overbought conditions (RSI 62.8) and the P/E ratio is above average.  Further research and a more significant pullback are needed before considering a purchase.,115.9,116.02,62.8,1.1497,1335221,1.11,10.6,15.0,2.66,-0.1,0,0.35,-0.03,0.39
Day-231,google/gemma-2-9b-it,ISFJ,memory,flat,456,0.92,flat,116.83,117.19246573438753,10000.0,10000.0,0.0,HOLD,0.0,The market is currently neutral.  No compelling reason to deviate from the core mandate of security and avoiding volatility.,116.25,115.76,55.9,0.9734,1363283,1.13,16.0,15.0,2.67,0.42,0,0.27,0.16,0.1
Day-232,google/gemma-2-9b-it,ISFJ,memory,flat,456,0.92,flat,121.91,121.86159752527068,10000.0,10000.0,0.0,HOLD,0.0,The market is showing signs of overvaluation (RSI 62.7) and the P/E ratio is above average.  Hedging is recommended to protect against potential market downturn.,116.86,115.64,62.7,1.2289,1263690,1.04,16.6,15.0,2.67,1.06,0,-0.04,0.05,-0.09
Day-233,google/gemma-2-9b-it,ISFJ,memory,flat,456,0.92,flat,122.85,123.30850581122283,10000.0,10000.0,0.0,HOLD,0.0,"The current market conditions are not conducive to a purchase. Volatility is high and the price is above the 20-day SMA, indicating potential for further price fluctuations.",117.41,115.48,66.6,1.4904,1070646,0.88,19.9,14.9,2.68,1.67,0,0.76,0.28,0.48
Day-234,google/gemma-2-9b-it,ISFJ,memory,flat,456,0.92,flat,122.4,122.37191444863475,10000.0,10000.0,0.0,HOLD,0.0,The current market conditions are not aligned with the guardian investor mandate. Volatility is elevated and the P/E ratio suggests potential overvaluation.,117.72,115.33,62.7,1.6421,1040456,0.86,17.5,15.0,2.67,2.07,1,-0.27,0.21,-0.48
Day-235,google/gemma-2-9b-it,ISFJ,memory,flat,456,0.92,flat,125.78,125.91326593838663,10000.0,10000.0,0.0,HOLD,0.0,"The RSI is high, indicating potential overvaluation.  I will wait for a pullback and a more favorable entry point before considering a purchase.",118.12,115.32,75.1,2.0117,1440059,1.17,13.4,15.0,2.67,2.43,1,-0.19,0.1,-0.3
Day-236,google/gemma-2-9b-it,ISFJ,memory,flat,456,0.92,flat,121.67,121.82767456598933,10000.0,10000.0,0.0,HOLD,0.0,The market is showing signs of potential overvaluation (RSI 62.4) and the P/E ratio is above average.  Further research and a more significant drop in price are needed before considering a purchase.,118.56,115.34,62.4,1.9513,1021102,0.84,12.7,15.0,2.67,2.79,1,-0.2,0.01,-0.21
Day-237,google/gemma-2-9b-it,ISFJ,memory,flat,456,0.92,flat,125.02,125.12697141084655,10000.0,10000.0,0.0,HOLD,0.0,The market is showing signs of potential overvaluation (RSI 66.8) and the P/E ratio is above the historical average.  Further research and a more significant pullback are needed before considering a purchase.,119.1,115.51,66.8,2.1484,1023491,0.86,9.1,15.0,2.67,3.1,1,0.66,0.15,0.51
Day-238,google/gemma-2-9b-it,ISFJ,memory,flat,456,0.92,flat,129.15,128.3627619928215,10000.0,10000.0,0.0,HOLD,0.0,"The current price is above the 20 and 60 day moving averages, indicating potential overvaluation.  The RSI is also elevated, suggesting the stock may be due for a correction.",119.8,115.74,69.5,2.6078,1080272,0.91,10.2,15.1,2.65,3.51,1,-0.29,-0.06,-0.23
Day-239,google/gemma-2-9b-it,ISFJ,memory,flat,456,0.92,flat,134.4,133.7857879997444,10000.0,10000.0,0.0,HOLD,0.0,"The market is showing signs of overvaluation (RSI 69.7) and while the company has a good track record, the current price is not compelling enough to warrant a purchase.  Prioritizing capital preservation over potential gains.",120.82,116.09,69.7,3.3568,1025967,0.87,10.4,15.1,2.65,4.07,1,0.33,0.06,0.27
Day-240,google/gemma-2-9b-it,ISFJ,memory,flat,456,0.92,flat,134.03,134.3459933518343,10000.0,10000.0,0.0,HOLD,0.0,The market is showing signs of overvaluation (RSI 67.7) and the P/E ratio is above average.  Holding cash allows for a more conservative approach and avoids unnecessary risk.,121.73,116.47,67.7,3.8763,1316574,1.11,9.8,15.0,2.67,4.51,1,-0.14,0.07,-0.21
Day-241,google/gemma-2-9b-it,ISFJ,memory,flat,456,0.92,flat,137.56,137.45071581833176,10000.0,10000.0,0.0,HOLD,0.0,The high RSI and implied volatility suggest potential for a pullback.  Maintaining cash allows for a purchase opportunity at a more favorable price.,122.95,116.89,72.3,4.5201,1044027,0.88,8.6,15.0,2.66,5.18,1,-0.97,-0.08,-0.89
Day-242,google/gemma-2-9b-it,ISFJ,memory,flat,456,0.92,flat,139.08,138.79497093330886,10000.0,10000.0,0.0,HOLD,0.0,The high RSI and implied volatility suggest potential for price correction.  Holding cash allows for a safer entry point when the market stabilizes.,124.17,117.39,78.9,5.0944,1483281,1.23,14.8,15.0,2.66,5.77,1,-0.05,-0.22,0.18
Day-243,google/gemma-2-9b-it,ISFJ,memory,flat,456,0.92,flat,140.46,140.5684875568202,10000.0,10000.0,0.0,HOLD,0.0,"The RSI is high, indicating potential overvaluation.  Prioritizing capital preservation, I will observe the market further before considering a purchase.",125.46,117.99,79.6,5.5962,1484257,1.23,16.4,15.0,2.67,6.33,1,0.02,-0.16,0.18
Day-244,google/gemma-2-9b-it,ISFJ,memory,flat,456,0.92,flat,137.86,137.83321959487233,10000.0,10000.0,0.0,HOLD,0.0,"The RSI is high, indicating potential overvaluation.  I need more information about the company's fundamentals before considering a purchase.",126.55,118.55,75.3,5.7186,1278754,1.05,18.0,15.0,2.67,6.75,1,0.27,-0.17,0.44
Day-245,google/gemma-2-9b-it,ISFJ,memory,flat,456,0.92,flat,141.57,142.08803866329984,10000.0,10000.0,0.0,HOLD,0.0,"The RSI is high, indicating potential overvaluation.  I will wait for a pullback before considering a purchase.",127.58,119.13,81.1,6.0451,1324596,1.09,15.3,14.9,2.68,7.1,1,0.08,-0.13,0.21
Day-246,google/gemma-2-9b-it,ISFJ,memory,flat,456,0.92,flat,142.27,143.10361541048246,10000.0,10000.0,0.0,HOLD,0.0,"The RSI is high, indicating potential overvaluation.  I will wait for a pullback and a more favorable entry point before considering a purchase.",128.57,119.67,78.8,6.2877,1118335,0.93,12.9,14.9,2.68,7.44,1,0.14,0.09,0.05
Day-247,google/gemma-2-9b-it,ISFJ,memory,flat,456,0.92,flat,138.95,139.58817477187637,10000.0,10000.0,0.0,HOLD,0.0,The stock is overbought (RSI 71.3) and the P/E ratio is elevated.  Hedging is recommended to protect against potential market downturn.,129.44,120.21,71.3,6.1419,1351403,1.1,11.4,14.9,2.68,7.68,1,0.01,0.1,-0.09
Day-248,google/gemma-2-9b-it,ISFJ,memory,flat,456,0.92,flat,140.0,139.33924893012951,10000.0,10000.0,0.0,HOLD,0.0,"The RSI is high, indicating potential overvaluation.  I will wait for a pullback and a more favorable entry point to align with my risk-averse strategy.",130.48,120.83,72.9,6.0408,1030950,0.85,8.1,15.1,2.65,7.98,1,-0.58,-0.02,-0.57
Day-249,google/gemma-2-9b-it,ISFJ,memory,flat,456,0.92,flat,134.44,134.22077535240643,10000.0,10000.0,0.0,HOLD,0.0,The market is showing signs of overbought conditions (RSI 60.7) and the price is above both the 20 and 60 day moving averages.  Further analysis is needed before considering a purchase.,131.24,121.34,60.7,5.4493,1135757,0.94,8.1,15.0,2.66,8.16,1,0.02,-0.07,0.09
Day-250,google/gemma-2-9b-it,ISFJ,memory,flat,456,0.92,flat,129.79,129.62750734745896,10000.0,10000.0,0.0,HOLD,0.0,The market is showing signs of overbought conditions (RSI 59.9) and the price is above both the 20 and 60 day moving averages.  Hedging is recommended to protect against potential downside risk.,131.8,121.7,59.9,4.5528,1460341,1.2,7.5,15.0,2.66,8.29,1,-0.73,-0.23,-0.51
Day-251,google/gemma-2-9b-it,ISFJ,memory,flat,456,0.92,flat,126.96,127.2303945238604,10000.0,10000.0,0.0,HOLD,0.0,The market is showing mixed signals and the P/E ratio is elevated.  I will wait for a clearer trend and a more attractive entry point before considering a purchase.,132.31,121.95,52.4,3.5727,1062031,0.88,9.3,15.0,2.67,8.49,1,-0.01,-0.26,0.25
Day-252,google/gemma-2-9b-it,ISFJ,memory,flat,456,0.92,flat,129.01,129.12686480085586,10000.0,10000.0,0.0,HOLD,0.0,"The current market conditions are not conducive to a purchase. Volatility is elevated and the price is above the 60-day SMA, indicating potential for further decline.",132.66,122.23,49.8,2.9282,1297775,1.08,10.8,15.0,2.67,8.54,1,-0.34,-0.33,-0.01
Day-253,google/gemma-2-9b-it,ISFJ,memory,flat,456,0.92,flat,132.59,132.56209799185567,10000.0,10000.0,0.0,HOLD,0.0,The market is showing mixed signals.  Holding cash allows for a more measured approach when a clearer opportunity arises.,133.15,122.62,47.5,2.6754,1022281,0.85,8.1,15.0,2.67,8.59,1,0.27,-0.16,0.43
Day-254,google/gemma-2-9b-it,ISFJ,memory,flat,456,0.92,flat,130.27,130.3140566405587,10000.0,10000.0,0.0,HOLD,0.0,The market is showing mixed signals and the P/E ratio is above average.  I need more information before considering a purchase.,133.54,123.01,45.1,2.2612,1150925,0.95,7.5,15.0,2.67,8.56,1,0.26,-0.11,0.37
Day-255,google/gemma-2-9b-it,ISFJ,memory,flat,456,0.92,flat,129.54,129.41301995903592,10000.0,10000.0,0.0,HOLD,0.0,"The market is currently below the 20-day SMA and RSI is low, suggesting potential for further decline.  Hedging is recommended to protect the principal.",133.73,123.35,38.9,1.8533,1197994,1.0,7.5,15.0,2.66,8.41,1,0.23,0.08,0.15
Day-256,google/gemma-2-9b-it,ISFJ,memory,flat,456,0.92,flat,129.61,129.94894468478427,10000.0,10000.0,0.0,HOLD,0.0,"The market is currently below the 20-day SMA, indicating a potential downtrend.  Hedging is recommended to protect the principal until the market shows signs of stability.",134.13,123.77,36.3,1.5184,1156830,0.96,10.7,15.0,2.67,8.37,1,0.07,0.1,-0.03
Day-257,google/gemma-2-9b-it,ISFJ,memory,flat,456,0.92,flat,130.16,129.81541831736422,10000.0,10000.0,0.0,HOLD,0.0,"The market is showing signs of weakness, and the RSI is low.  It is prudent to wait for a clearer signal before investing.",134.38,124.1,34.7,1.2822,1384981,1.13,9.8,15.0,2.66,8.28,1,-0.04,0.16,-0.2
Day-258,google/gemma-2-9b-it,ISFJ,memory,flat,456,0.92,flat,130.28,130.3648291611624,10000.0,10000.0,0.0,HOLD,0.0,"The market is showing signs of weakness, but the P/E ratio and implied volatility are not alarming.  Maintaining cash reserves allows for a more secure entry point when the market stabilizes.",134.44,124.39,37.9,1.0921,1162571,0.95,8.3,15.0,2.67,8.08,1,0.15,0.14,0.02
Day-259,google/gemma-2-9b-it,ISFJ,memory,flat,456,0.92,flat,127.66,127.27317825047896,10000.0,10000.0,0.0,HOLD,0.0,"The current market conditions are volatile and the RSI is low, indicating potential for further decline.  It is prudent to maintain a cash position and wait for a more stable market entry point.",134.1,124.67,26.9,0.7217,1479123,1.19,7.7,15.0,2.66,7.56,1,0.31,0.15,0.17
Day-260,google/gemma-2-9b-it,ISFJ,memory,flat,456,0.92,flat,128.04,128.71364600572593,10000.0,10000.0,0.0,HOLD,0.0,"The current market conditions are volatile and the RSI is low, indicating potential for further decline.  It is prudent to maintain cash and wait for a more stable market environment.",133.8,124.96,26.1,0.4532,1036615,0.84,8.8,14.9,2.68,7.08,1,-0.57,-0.02,-0.56
Day-261,google/gemma-2-9b-it,ISFJ,memory,flat,456,0.92,flat,128.91,128.21606498781378,10000.0,10000.0,0.0,HOLD,0.0,"The market is showing signs of weakness, and the RSI is low, suggesting potential for further decline.  It is prudent to wait for a clearer signal before investing.",133.37,125.35,31.7,0.3076,1109654,0.9,11.1,15.1,2.65,6.4,1,0.1,-0.01,0.11
Day-262,google/gemma-2-9b-it,ISFJ,memory,flat,456,0.92,flat,126.52,127.08941981420152,10000.0,10000.0,0.0,HOLD,0.0,"The market is showing signs of weakness, and the RSI is in oversold territory. However, I need more information before making a decision.",132.74,125.68,26.5,-0.0007,1434787,1.16,9.9,14.9,2.68,5.62,1,-0.1,-0.02,-0.08
Day-263,google/gemma-2-9b-it,ISFJ,memory,flat,456,0.92,flat,128.97,128.74494859632887,10000.0,10000.0,0.0,HOLD,0.0,"The market is currently showing signs of weakness, and the P/E ratio is above the historical average.  It is prudent to remain in cash and wait for a more favorable entry point.",132.17,126.02,39.3,-0.0466,1298450,1.06,7.8,15.0,2.66,4.88,1,0.03,-0.05,0.08
Day-264,google/gemma-2-9b-it,ISFJ,memory,flat,456,0.92,flat,129.14,129.45183068264737,10000.0,10000.0,0.0,HOLD,0.0,The market is showing mixed signals and the P/E ratio is above average.  I need more information to justify taking on risk at this time.,131.73,126.28,48.5,-0.0691,1217660,1.0,7.6,15.0,2.67,4.32,1,-0.28,-0.17,-0.11
Day-265,google/gemma-2-9b-it,ISFJ,memory,flat,456,0.92,flat,130.52,130.68725407924867,10000.0,10000.0,0.0,HOLD,0.0,The market is currently showing mixed signals.  I need more information and a clearer trend before considering a purchase.,131.18,126.54,59.0,0.0243,1254546,1.03,13.8,15.0,2.67,3.67,1,0.42,0.03,0.39
Day-266,google/gemma-2-9b-it,ISFJ,memory,flat,456,0.92,flat,129.19,130.25262149267937,10000.0,10000.0,0.0,HOLD,0.0,The market is currently showing mixed signals.  I need more information and a clearer trend before considering a purchase.,130.53,126.86,50.5,-0.0089,1486015,1.2,11.8,14.9,2.69,2.89,1,0.02,0.02,-0.0
Day-267,google/gemma-2-9b-it,ISFJ,memory,flat,456,0.92,flat,134.74,134.1991306354275,10000.0,10000.0,0.0,HOLD,0.0,The market is showing signs of potential volatility.  Holding cash allows for a safer approach while observing market trends.,130.32,127.27,55.1,0.4078,1021004,0.84,16.6,15.1,2.66,2.39,1,0.32,0.1,0.22
Day-268,google/gemma-2-9b-it,ISFJ,memory,flat,456,0.92,flat,133.53,133.3603070750387,10000.0,10000.0,0.0,HOLD,0.0,The market is showing some signs of overbought conditions (RSI 58.3) and the P/E ratio is above average.  I will wait for a more attractive entry point with a lower price and stronger support indicators.,129.99,127.64,58.3,0.6338,1053448,0.86,12.2,15.0,2.66,1.84,0,-0.53,-0.01,-0.52
Day-269,google/gemma-2-9b-it,ISFJ,memory,flat,456,0.92,flat,136.67,137.13191243256873,10000.0,10000.0,0.0,HOLD,0.0,The market is showing signs of overbought conditions (RSI 66) and the P/E ratio is elevated.  Holding cash allows for a better entry point when volatility subsides.,130.11,128.1,66.0,1.054,1419351,1.15,10.0,14.9,2.68,1.57,0,-0.33,-0.02,-0.31
Day-270,google/gemma-2-9b-it,ISFJ,memory,flat,456,0.92,flat,136.35,136.3375549815791,10000.0,10000.0,0.0,HOLD,0.0,The market is showing signs of overvaluation (RSI 65) and the P/E ratio is above average.  Holding cash allows for a more conservative approach and avoids unnecessary risk.,130.43,128.5,65.0,1.3451,1454896,1.18,12.3,15.0,2.67,1.5,0,-0.11,-0.12,0.02
Day-271,google/gemma-2-9b-it,ISFJ,memory,flat,456,0.92,flat,138.07,138.24232558033154,10000.0,10000.0,0.0,HOLD,0.0,"The current price is above the 20-day SMA and RSI is elevated, indicating potential overvaluation.  Hedging is recommended to protect against potential market downturns.",130.99,129.0,66.7,1.695,1297385,1.04,14.4,15.0,2.67,1.54,0,-0.12,-0.15,0.03
Day-272,google/gemma-2-9b-it,ISFJ,memory,flat,456,0.92,flat,135.44,135.48551924079968,10000.0,10000.0,0.0,HOLD,0.0,The market is showing signs of potential overvaluation (P/E ratio) and volatility.  Holding cash allows for a more conservative approach and avoids unnecessary risk.,131.31,129.42,59.9,1.7403,1334058,1.07,11.6,15.0,2.67,1.46,0,0.22,-0.17,0.39
Day-273,google/gemma-2-9b-it,ISFJ,memory,flat,456,0.92,flat,130.67,130.54897428472736,10000.0,10000.0,0.0,HOLD,0.0,The market is currently neutral and the P/E ratio is within a reasonable range.  I will wait for a clearer signal before investing.,131.21,129.74,55.3,1.3758,1354905,1.07,9.4,15.0,2.66,1.14,0,0.03,-0.06,0.09
Day-274,google/gemma-2-9b-it,ISFJ,memory,flat,456,0.92,flat,133.01,133.12609827040507,10000.0,10000.0,0.0,HOLD,0.0,The market is showing no clear signal for a buy.  Maintaining cash reserves is prudent until a more compelling opportunity arises that aligns with the core mandate of security and low risk.,131.35,130.08,58.2,1.2608,1218489,0.96,9.1,15.0,2.67,0.98,0,-0.09,-0.01,-0.07
Day-275,google/gemma-2-9b-it,ISFJ,memory,flat,456,0.92,flat,132.32,132.04880900223307,10000.0,10000.0,0.0,HOLD,0.0,The market is showing no clear signal for a buy.  Maintaining cash reserves aligns with the core mandate of security and risk avoidance.,131.49,130.3,55.7,1.1014,1210159,0.95,12.2,15.0,2.66,0.91,0,-0.04,-0.0,-0.04
Day-276,google/gemma-2-9b-it,ISFJ,memory,flat,456,0.92,flat,134.41,134.236686896329,10000.0,10000.0,0.0,HOLD,0.0,The market is showing signs of overbought conditions (RSI 63.3) and the P/E ratio is above average.  I will wait for a pullback and a more favorable entry point to align with my risk-averse strategy.,131.73,130.54,63.3,1.1309,1480559,1.15,13.0,15.0,2.66,0.91,0,-0.42,-0.06,-0.36
Day-277,google/gemma-2-9b-it,ISFJ,memory,flat,456,0.92,flat,137.99,138.03610398779514,10000.0,10000.0,0.0,HOLD,0.0,The market is showing signs of overvaluation (RSI 64.6) and the P/E ratio is above average.  I will wait for a more favorable entry point with lower risk.,132.12,130.87,64.6,1.4266,1329460,1.04,13.6,15.0,2.67,0.96,0,0.05,-0.09,0.14
Day-278,google/gemma-2-9b-it,ISFJ,memory,flat,456,0.92,flat,136.03,136.0268433606653,10000.0,10000.0,0.0,HOLD,0.0,The market is showing signs of overbought conditions (RSI 60.5) and the P/E ratio is above average.  I will wait for a more favorable entry point with lower volatility and a stronger safety margin.,132.41,131.21,60.5,1.4857,1416759,1.09,13.8,15.0,2.67,0.91,0,-0.51,-0.2,-0.31
Day-279,google/gemma-2-9b-it,ISFJ,memory,flat,456,0.92,flat,134.69,134.42114270703283,10000.0,10000.0,0.0,HOLD,0.0,The market is showing no clear signal for a buy.  Maintaining cash reserves allows for opportunistic purchases when volatility dips and prices are more attractive.,132.76,131.52,56.4,1.4083,1490224,1.15,12.0,15.0,2.66,0.94,0,0.01,-0.18,0.2
Day-280,google/gemma-2-9b-it,ISFJ,memory,flat,456,0.92,flat,135.15,134.83343109574417,10000.0,10000.0,0.0,HOLD,0.0,The market is showing no clear signal for a buy.  Maintaining cash reserves aligns with the core mandate of security and risk avoidance.,133.12,131.85,59.4,1.3684,1413467,1.08,11.4,15.0,2.66,0.96,0,-0.01,-0.18,0.17
Day-281,google/gemma-2-9b-it,ISFJ,memory,flat,456,0.92,flat,134.03,134.21783252337295,10000.0,10000.0,0.0,HOLD,0.0,The market is showing no clear signal for a buy.  Maintaining cash reserves aligns with the core mandate of security and risk avoidance.,133.37,132.19,48.7,1.2321,1196395,0.91,10.2,15.0,2.67,0.89,0,-0.06,-0.1,0.04
Day-282,google/gemma-2-9b-it,ISFJ,memory,flat,456,0.92,flat,134.4,134.54784700324367,10000.0,10000.0,0.0,HOLD,0.0,The market is showing no clear signal for a buy.  Maintaining cash reserves is prudent until a more compelling opportunity arises that aligns with the core mandate of security and low risk.,133.77,132.44,51.6,1.1403,1452946,1.1,9.8,15.0,2.67,1.0,0,-0.22,-0.16,-0.06
Day-283,google/gemma-2-9b-it,ISFJ,memory,flat,456,0.92,flat,137.03,137.09693498115476,10000.0,10000.0,0.0,HOLD,0.0,Market conditions are neutral.  No compelling reason to deviate from the core mandate of capital preservation.,134.17,132.73,50.7,1.2656,1295456,0.98,7.6,15.0,2.67,1.09,0,-0.16,-0.09,-0.08
Day-284,google/gemma-2-9b-it,ISFJ,memory,flat,456,0.92,flat,134.5,134.52904633579348,10000.0,10000.0,0.0,HOLD,0.0,The market is currently neutral and the P/E ratio is reasonable.  Further research and a more established trend are needed before considering a purchase.,134.44,132.97,46.7,1.1469,1231349,0.93,7.5,15.0,2.67,1.1,0,0.04,-0.08,0.12
Day-285,google/gemma-2-9b-it,ISFJ,memory,flat,456,0.92,flat,134.21,134.29815804880246,10000.0,10000.0,0.0,HOLD,0.0,The market is currently neutral.  No compelling reason to deviate from the core mandate of security and avoiding volatility.,134.62,133.14,42.8,1.0183,1423571,1.07,7.5,15.0,2.67,1.12,0,0.26,-0.03,0.29
Day-286,google/gemma-2-9b-it,ISFJ,memory,flat,456,0.92,flat,137.89,137.7255259762437,10000.0,10000.0,0.0,HOLD,0.0,The market is showing mixed signals and the P/E ratio is elevated.  It is prudent to remain in cash and wait for a clearer signal before investing.,135.06,133.46,54.4,1.199,1112741,0.85,8.1,15.0,2.66,1.2,0,-0.76,-0.17,-0.59
Day-287,google/gemma-2-9b-it,ISFJ,memory,flat,456,0.92,flat,139.91,140.33330331459481,10000.0,10000.0,0.0,HOLD,0.0,The market is showing signs of overbought conditions (RSI 68.4) and the P/E ratio is above average.  I will wait for a more favorable entry point with lower volatility and a stronger indication of a sustainable trend.,135.32,133.76,68.4,1.4887,1283857,0.97,8.6,15.0,2.67,1.16,0,0.66,0.01,0.66
Day-288,google/gemma-2-9b-it,ISFJ,memory,flat,456,0.92,flat,144.06,143.0851025239723,10000.0,10000.0,0.0,HOLD,0.0,"The RSI is high, indicating potential overbought conditions.  I will wait for a pullback before considering a purchase.",135.84,134.06,70.5,2.0298,1312252,0.98,15.0,15.1,2.65,1.33,0,-0.48,-0.06,-0.42
Day-289,google/gemma-2-9b-it,ISFJ,memory,flat,456,0.92,flat,140.78,141.2991742119147,10000.0,10000.0,0.0,HOLD,0.0,The market is showing signs of overbought conditions (RSI 64.3) and the stock price is above both the 20 and 60 day moving averages.  This warrants caution and a wait-and-see approach to avoid unnecessary risk.,136.05,134.19,64.3,2.1687,1334979,1.0,16.6,14.9,2.68,1.39,0,-0.17,-0.1,-0.07
Day-290,google/gemma-2-9b-it,ISFJ,memory,flat,456,0.92,flat,140.98,141.77623238636937,10000.0,10000.0,0.0,HOLD,0.0,The market is showing signs of overbought conditions (RSI 61.9) and the P/E ratio is elevated.  Further analysis and a more favorable risk/reward profile are needed before considering a purchase.,136.28,134.32,61.9,2.269,1319377,1.0,15.4,14.9,2.68,1.46,0,0.28,-0.09,0.38
Day-291,google/gemma-2-9b-it,ISFJ,memory,flat,456,0.92,flat,144.05,143.40173144175213,10000.0,10000.0,0.0,HOLD,0.0,The market is showing signs of potential overvaluation (RSI 61.2) and the P/E ratio is above the historical average.  Further research and a more stable market environment are needed before considering a purchase.,136.58,134.45,61.2,2.5661,1232480,0.93,12.6,15.1,2.65,1.58,0,-0.42,-0.03,-0.4
Day-292,google/gemma-2-9b-it,ISFJ,memory,flat,456,0.92,flat,144.71,144.8191547473496,10000.0,10000.0,0.0,HOLD,0.0,The market is showing signs of potential overvaluation (RSI 66.8) and the P/E ratio is above average.  I will wait for a more compelling entry point with a lower price and stronger technical indicators.,137.04,134.57,66.8,2.8228,1058677,0.81,12.7,15.0,2.67,1.84,0,-0.26,-0.21,-0.05
Day-293,google/gemma-2-9b-it,ISFJ,memory,flat,456,0.92,flat,142.83,143.13791941929443,10000.0,10000.0,0.0,HOLD,0.0,The market is showing signs of overbought conditions (RSI 65.4) and the price is above both the 20 and 60 day moving averages.  This warrants caution and a wait-and-see approach to protect the principal.,137.65,134.61,65.4,2.8413,1351059,1.03,14.2,15.0,2.67,2.26,1,0.09,-0.1,0.18
Day-294,google/gemma-2-9b-it,ISFJ,memory,flat,456,0.92,flat,146.56,146.46612494460328,10000.0,10000.0,0.0,HOLD,0.0,"The current market conditions are volatile and the RSI is high, indicating potential for a correction.  It is prudent to remain in cash and wait for a more stable entry point.",138.33,134.79,69.3,3.1215,1244138,0.95,21.2,15.0,2.66,2.63,1,-0.39,-0.14,-0.25
Day-295,google/gemma-2-9b-it,ISFJ,memory,flat,456,0.92,flat,149.06,148.72172723263185,10000.0,10000.0,0.0,HOLD,0.0,"The RSI is high, indicating potential overvaluation.  I will wait for a pullback and a more favorable entry point before considering a purchase.",139.16,134.94,74.2,3.5042,1302843,0.99,15.6,15.0,2.66,3.13,1,0.56,-0.09,0.64
Day-296,google/gemma-2-9b-it,ISFJ,memory,flat,456,0.92,flat,145.99,145.5547664119257,10000.0,10000.0,0.0,HOLD,0.0,The market is showing signs of overvaluation (RSI 67.2) and volatility is elevated.  I will wait for a more stable entry point with a lower price and reduced risk.,139.74,135.01,67.2,3.5193,1279318,0.98,16.7,15.0,2.66,3.5,1,0.03,0.01,0.02
Day-297,google/gemma-2-9b-it,ISFJ,memory,flat,456,0.92,flat,146.48,147.79453852881866,10000.0,10000.0,0.0,HOLD,0.0,The current market conditions are too volatile for my risk tolerance. I will wait for a more stable environment before considering an investment.,140.17,135.16,65.0,3.5304,1351457,1.04,21.4,14.9,2.69,3.7,1,0.25,0.11,0.15
Day-298,google/gemma-2-9b-it,ISFJ,memory,flat,456,0.92,flat,153.13,152.06017343755624,10000.0,10000.0,0.0,HOLD,0.0,The high RSI and implied volatility suggest potential for price correction.  Maintaining cash allows for a safer entry point when the market stabilizes.,141.02,135.43,76.1,4.0289,1344961,1.03,22.5,15.1,2.65,4.13,1,-0.13,0.06,-0.2
Day-299,google/gemma-2-9b-it,ISFJ,memory,flat,456,0.92,flat,149.92,151.00743737024825,10000.0,10000.0,0.0,HOLD,0.0,"The RSI is high, indicating potential overbought conditions.  I will wait for a pullback and a more favorable entry point before considering a purchase.",141.78,135.74,70.4,4.118,1011694,0.79,22.5,14.9,2.69,4.46,1,-0.2,0.1,-0.3
Day-300,google/gemma-2-9b-it,ISFJ,memory,flat,456,0.92,flat,151.9,150.8022693597203,10000.0,10000.0,0.0,HOLD,0.0,The market is showing signs of overbought conditions (RSI 69.0) and the stock is trading above its 20-day moving average.  It is prudent to remain in cash and wait for a more favorable entry point.,142.62,136.18,69.0,4.299,1271183,1.0,17.8,15.1,2.65,4.73,1,0.05,0.0,0.05
Day-301,google/gemma-2-9b-it,ISFJ,memory,flat,456,0.92,flat,154.75,155.1635919783789,10000.0,10000.0,0.0,HOLD,0.0,"The current price is above the 20 and 60 day moving averages, indicating potential overvaluation.  The high RSI suggests the stock may be overbought, increasing the risk of a correction.",143.66,136.73,69.7,4.6186,1405726,1.1,20.2,15.0,2.67,5.06,1,0.1,0.01,0.08
Day-302,google/gemma-2-9b-it,ISFJ,memory,flat,456,0.92,flat,151.31,150.73999213452,10000.0,10000.0,0.0,HOLD,0.0,"The current market conditions are not conducive to a purchase. Volatility is elevated and the price is above the 20-day SMA, indicating potential for further price fluctuations.",144.5,137.18,59.8,4.5424,1408851,1.1,17.2,15.1,2.66,5.34,1,0.32,0.03,0.3
Day-303,google/gemma-2-9b-it,ISFJ,memory,flat,456,0.92,flat,146.12,146.50609426739214,10000.0,10000.0,0.0,HOLD,0.0,The market is showing signs of potential overvaluation (P/E ratio) and volatility.  Holding cash allows for a more conservative approach and avoids unnecessary risk.,144.96,137.45,56.9,4.0165,1412652,1.1,13.0,15.0,2.67,5.46,1,-0.22,0.01,-0.23
Day-304,google/gemma-2-9b-it,ISFJ,memory,flat,456,0.92,flat,149.15,148.75884361505533,10000.0,10000.0,0.0,HOLD,0.0,"The market is showing signs of potential overvaluation (RSI above 50, P/E above 15).  Holding cash allows for a safer entry point when the market corrects.",145.69,137.83,59.8,3.8007,1434518,1.11,12.1,15.0,2.66,5.7,1,0.05,0.06,-0.01
Day-305,google/gemma-2-9b-it,ISFJ,memory,flat,456,0.92,flat,147.58,147.77254159320955,10000.0,10000.0,0.0,HOLD,0.0,The market is showing mixed signals and the P/E ratio is elevated.  I need more information and a clearer trend before considering a purchase.,146.36,138.19,54.4,3.4633,1016513,0.8,11.6,15.0,2.67,5.91,1,-0.26,-0.0,-0.26
Day-306,google/gemma-2-9b-it,ISFJ,memory,flat,456,0.92,flat,143.11,143.00085842410112,10000.0,10000.0,0.0,HOLD,0.0,The market is showing mixed signals and the P/E ratio is elevated.  Holding cash allows for a more conservative approach and avoids unnecessary risk.,146.62,138.46,48.2,2.8025,1218411,0.95,9.5,15.0,2.66,5.89,1,0.35,0.05,0.3
Day-307,google/gemma-2-9b-it,ISFJ,memory,flat,456,0.92,flat,138.31,137.99706155491154,10000.0,10000.0,0.0,HOLD,0.0,"The market is showing signs of weakness, and the P/E ratio is elevated.  It is prudent to wait for a more favorable entry point that aligns with the core mandate of security and risk aversion.",146.54,138.62,45.2,1.8697,1416520,1.1,7.8,15.0,2.66,5.71,1,0.64,0.11,0.53
Day-308,google/gemma-2-9b-it,ISFJ,memory,flat,456,0.92,flat,139.24,139.37862535582383,10000.0,10000.0,0.0,HOLD,0.0,"The market is showing signs of weakness, and the P/E ratio is elevated.  It is prudent to remain in cash and wait for a more favorable entry point.",146.3,138.8,41.7,1.1921,1296072,1.01,7.5,15.0,2.67,5.4,1,0.08,0.17,-0.09
Day-309,google/gemma-2-9b-it,ISFJ,memory,flat,456,0.92,flat,144.64,144.16327119773862,10000.0,10000.0,0.0,HOLD,0.0,The market is showing mixed signals.  Holding cash allows for a more measured approach and avoids unnecessary risk.,146.49,139.14,45.3,1.0785,1374668,1.07,7.5,15.0,2.66,5.28,1,-0.03,0.16,-0.18
Day-310,google/gemma-2-9b-it,ISFJ,memory,flat,456,0.92,flat,142.63,142.40619803911883,10000.0,10000.0,0.0,HOLD,0.0,The market is showing signs of volatility and the P/E ratio is elevated.  It is prudent to remain in cash and wait for a more stable entry point.,146.57,139.43,46.4,0.8166,1430336,1.11,7.5,15.0,2.66,5.12,1,-0.26,0.16,-0.42
Day-311,google/gemma-2-9b-it,ISFJ,memory,flat,456,0.92,flat,140.46,140.49511299483942,10000.0,10000.0,0.0,HOLD,0.0,The market is currently volatile and the P/E ratio is above average.  I will wait for a more stable market and a lower entry point before considering a purchase.,146.39,139.66,43.7,0.4292,1030767,0.8,7.5,15.0,2.67,4.82,1,0.03,0.09,-0.06
Day-312,google/gemma-2-9b-it,ISFJ,memory,flat,456,0.92,flat,139.09,139.17637323400157,10000.0,10000.0,0.0,HOLD,0.0,"The market is showing signs of weakness, and the P/E ratio is elevated.  It is prudent to remain in cash and wait for a more favorable entry point.",146.11,139.91,33.5,0.0112,1003426,0.78,7.5,15.0,2.67,4.43,1,-0.16,-0.07,-0.09
Day-313,google/gemma-2-9b-it,ISFJ,memory,flat,456,0.92,flat,138.11,137.8484692643472,10000.0,10000.0,0.0,HOLD,0.0,"The market is showing signs of weakness, and the P/E ratio is elevated.  It is prudent to remain in cash and wait for a more favorable entry point.",145.88,140.1,35.3,-0.3941,1170782,0.92,7.5,15.0,2.66,4.13,1,0.64,0.04,0.59
Day-314,google/gemma-2-9b-it,ISFJ,memory,flat,456,0.92,flat,140.27,140.45561552044526,10000.0,10000.0,0.0,HOLD,0.0,"The market is showing signs of weakness, but the price is still above the 60-day SMA.  Further observation is needed before considering a purchase.",145.56,140.32,35.6,-0.5351,1457978,1.14,7.5,15.0,2.67,3.74,1,0.17,0.08,0.09
Day-315,google/gemma-2-9b-it,ISFJ,memory,flat,456,0.92,flat,134.16,134.6208663082204,10000.0,10000.0,0.0,HOLD,0.0,"The market is showing signs of weakness, and the RSI is oversold. However, I need more conviction before investing. I will wait for a clearer signal.",144.82,140.39,26.4,-1.1272,1124591,0.88,7.5,14.9,2.68,3.15,1,-0.45,0.05,-0.49
Day-316,google/gemma-2-9b-it,ISFJ,memory,flat,456,0.92,flat,135.4,135.38454207629155,10000.0,10000.0,0.0,HOLD,0.0,The current market conditions are volatile and the stock is below its moving averages.  It is prudent to remain in cash and wait for a more stable entry point.,144.29,140.52,30.8,-1.4789,1350687,1.06,7.5,15.0,2.67,2.68,1,-0.06,0.03,-0.09
Day-317,google/gemma-2-9b-it,ISFJ,memory,flat,456,0.92,flat,140.4,140.45788397988898,10000.0,10000.0,0.0,HOLD,0.0,"The market is showing signs of weakness, and the P/E ratio is elevated.  It is prudent to remain in cash and wait for a more favorable entry point.",143.98,140.63,43.1,-1.339,1280209,1.01,7.5,15.0,2.67,2.38,1,0.14,0.09,0.05
Day-318,google/gemma-2-9b-it,ISFJ,memory,flat,456,0.92,flat,142.52,142.51081857384145,10000.0,10000.0,0.0,HOLD,0.0,The market is currently showing no clear signal for a buy.  Maintaining cash reserves allows for opportunistic purchases at a more favorable price point.,143.45,140.81,41.8,-1.045,1033279,0.82,7.5,15.0,2.67,1.88,0,-0.32,-0.1,-0.22
Day-319,google/gemma-2-9b-it,ISFJ,memory,flat,456,0.92,flat,142.42,142.24887411073414,10000.0,10000.0,0.0,HOLD,0.0,"Market is slightly below the 20-day SMA, but RSI is not oversold.  Holding cash allows for a better entry point when volatility decreases.",143.08,140.92,43.4,-0.8109,1388026,1.09,7.5,15.0,2.66,1.53,0,0.22,-0.09,0.31
Day-320,google/gemma-2-9b-it,ISFJ,memory,flat,456,0.92,flat,143.28,143.45174994356464,10000.0,10000.0,0.0,HOLD,0.0,Market conditions are neutral.  No compelling reason to deviate from the core mandate of capital preservation.,142.65,141.06,50.2,-0.5492,1246851,0.98,7.5,15.0,2.67,1.12,0,0.29,0.05,0.23
Day-321,google/gemma-2-9b-it,ISFJ,memory,flat,456,0.92,flat,147.11,146.6107680582926,10000.0,10000.0,0.0,HOLD,0.0,The market is showing signs of overbought conditions (RSI 62.8) and the P/E ratio is elevated.  Hedging is recommended to protect against potential market volatility.,142.26,141.24,62.8,-0.0328,1181854,0.94,8.4,15.1,2.66,0.72,0,-0.31,0.0,-0.31
Day-322,google/gemma-2-9b-it,ISFJ,memory,flat,456,0.92,flat,145.04,144.76524766766198,10000.0,10000.0,0.0,HOLD,0.0,The market is showing some signs of overbought conditions (RSI 58.2) and volatility is elevated.  I will wait for a clearer signal before deploying capital.,141.95,141.44,58.2,0.2072,1455913,1.15,8.5,15.0,2.66,0.36,0,-0.16,-0.06,-0.11
Day-323,google/gemma-2-9b-it,ISFJ,memory,flat,456,0.92,flat,140.42,140.42270583172098,10000.0,10000.0,0.0,HOLD,0.0,The market is currently volatile and the P/E ratio is above average.  I will wait for a more stable market and a lower entry point before considering a purchase.,141.67,141.63,43.9,0.0248,1196364,0.95,8.6,15.0,2.67,0.03,0,0.1,0.03,0.08
Day-324,google/gemma-2-9b-it,ISFJ,memory,flat,456,0.92,flat,141.83,141.7980449082525,10000.0,10000.0,0.0,HOLD,0.0,"The market is currently neutral, and the P/E ratio is within a reasonable range.  No compelling reason to deviate from the core mandate of capital preservation.",141.3,141.81,48.8,-0.0066,1230742,0.99,15.4,15.0,2.67,-0.36,0,-0.5,-0.12,-0.38
Day-325,google/gemma-2-9b-it,ISFJ,memory,flat,456,0.92,flat,143.55,143.51134402390068,10000.0,10000.0,0.0,HOLD,0.0,The market is showing no clear signal for a buy.  Maintaining cash reserves is prudent until a more compelling opportunity arises that aligns with the core mandate of security and low risk.,141.1,142.03,54.6,0.1066,1270426,1.01,14.2,15.0,2.67,-0.66,0,0.4,-0.09,0.49
Day-326,google/gemma-2-9b-it,ISFJ,memory,flat,456,0.92,flat,140.71,141.30611367875437,10000.0,10000.0,0.0,HOLD,0.0,Market is currently neutral.  No compelling reason to deviate from the core mandate of security and capital preservation.,140.98,142.16,52.3,-0.0324,1305448,1.03,15.3,14.9,2.68,-0.83,0,0.18,0.0,0.18
Day-327,google/gemma-2-9b-it,ISFJ,memory,flat,456,0.92,flat,142.87,142.10995533206363,10000.0,10000.0,0.0,HOLD,0.0,"The market is currently neutral, and the P/E ratio is within a reasonable range.  Further research and a more significant dip are needed before considering a purchase.",141.21,142.26,56.6,0.0313,1274023,1.02,16.2,15.1,2.65,-0.74,0,0.12,0.06,0.06
Day-328,google/gemma-2-9b-it,ISFJ,memory,flat,456,0.92,flat,139.81,139.66135333725808,10000.0,10000.0,0.0,HOLD,0.0,"Market is near its SMA, RSI is neutral, and P/E is reasonable.  No immediate need to deviate from the core mandate of capital preservation.",141.24,142.33,49.4,-0.1634,1080526,0.87,12.8,15.0,2.66,-0.77,0,0.07,0.05,0.02
Day-329,google/gemma-2-9b-it,ISFJ,memory,flat,456,0.92,flat,144.22,145.18696623838733,10000.0,10000.0,0.0,HOLD,0.0,"The market is showing signs of potential overvaluation (RSI 64.2) and volatility (Implied Volatility 20.3%).  Holding cash allows for a more cautious approach, prioritizing security over potential gains.",141.21,142.52,64.2,0.0381,1297656,1.05,20.3,14.9,2.68,-0.92,0,0.27,0.21,0.06
Day-330,google/gemma-2-9b-it,ISFJ,memory,flat,456,0.92,flat,141.39,141.76121678995725,10000.0,10000.0,0.0,HOLD,0.0,The market is currently showing no clear signals for a buy.  Maintaining a cash position allows for a purchase opportunity at a more favorable price point.,141.15,142.65,58.1,-0.0307,1464474,1.18,17.1,15.0,2.67,-1.05,0,0.1,0.15,-0.05
Day-331,google/gemma-2-9b-it,ISFJ,memory,flat,456,0.92,flat,141.4,141.92853207460223,10000.0,10000.0,0.0,HOLD,0.0,Market is currently neutral.  No compelling reason to deviate from the core mandate of capital preservation.,141.2,142.79,51.6,-0.0831,1448510,1.15,15.9,14.9,2.68,-1.12,0,0.0,0.11,-0.11
Day-332,google/gemma-2-9b-it,ISFJ,memory,flat,456,0.92,flat,143.64,143.62332970912783,10000.0,10000.0,0.0,HOLD,0.0,"The market is showing no clear signal for a buy. Volatility is high, and I prioritize capital preservation over potential gains at this time.",141.43,142.98,51.7,0.0554,1266933,0.99,19.0,15.0,2.67,-1.08,0,-0.28,0.03,-0.31
Day-333,google/gemma-2-9b-it,ISFJ,memory,flat,456,0.92,flat,143.54,143.42116358434518,10000.0,10000.0,0.0,HOLD,0.0,"The market is currently neutral, and the P/E ratio is reasonable.  I will wait for a clearer signal before investing.",141.7,143.11,51.7,0.1551,1083190,0.85,14.0,15.0,2.66,-0.99,0,-0.68,-0.12,-0.56
Day-334,google/gemma-2-9b-it,ISFJ,memory,flat,456,0.92,flat,142.52,142.74965597225244,10000.0,10000.0,0.0,HOLD,0.0,"The market is currently neutral, and the P/E ratio is within a reasonable range.  I will wait for a clearer signal before investing.",141.81,143.27,48.8,0.1504,1059436,0.85,10.3,15.0,2.67,-1.02,0,-0.18,-0.21,0.03
Day-335,google/gemma-2-9b-it,ISFJ,memory,flat,456,0.92,flat,151.14,151.0491378944987,10000.0,10000.0,0.0,HOLD,0.0,The market is showing signs of potential volatility.  It is prudent to remain in cash and observe the market further before making any investment decisions.,142.66,143.61,55.4,0.8321,1092417,0.87,13.0,15.0,2.67,-0.66,0,-0.18,-0.26,0.08
Day-336,google/gemma-2-9b-it,ISFJ,memory,flat,456,0.92,flat,154.28,153.98588582093572,10000.0,10000.0,0.0,HOLD,0.0,The market is showing signs of overvaluation (RSI 62.1) and volatility is elevated.  Holding cash allows for a more conservative approach and avoids unnecessary risk.,143.6,143.94,62.1,1.6074,1276069,1.02,13.4,15.0,2.66,-0.23,0,0.28,-0.21,0.49
Day-337,google/gemma-2-9b-it,ISFJ,memory,flat,456,0.92,flat,145.72,146.35219947140297,10000.0,10000.0,0.0,HOLD,0.0,The market is showing no clear signal for a buy.  Maintaining cash reserves is prudent until a more compelling opportunity arises that aligns with the core mandate of security and risk aversion.,143.87,144.05,56.3,1.5134,1182454,0.95,12.4,14.9,2.68,-0.13,0,-0.36,-0.22,-0.13
Day-338,google/gemma-2-9b-it,ISFJ,memory,flat,456,0.92,flat,150.15,149.7995987353838,10000.0,10000.0,0.0,HOLD,0.0,"The market is showing signs of potential overvaluation (RSI above 50, P/E above 15) and volatility is elevated.  Holding cash allows for a more conservative approach and opportunity to buy at a potentially lower price.",144.25,144.17,59.2,1.7761,1195053,0.96,13.3,15.0,2.66,0.05,0,0.21,-0.04,0.25
Day-339,google/gemma-2-9b-it,ISFJ,memory,flat,456,0.92,flat,151.74,151.17049747640894,10000.0,10000.0,0.0,HOLD,0.0,"The market is showing signs of potential overvaluation (RSI above 50, P/E above 15) and volatility is elevated.  Holding cash allows for a safer entry point when the market stabilizes.",144.72,144.39,59.1,2.089,1456436,1.16,18.6,15.1,2.66,0.23,0,-0.19,-0.05,-0.15
Day-340,google/gemma-2-9b-it,ISFJ,memory,flat,456,0.92,flat,149.01,148.84240687659857,10000.0,10000.0,0.0,HOLD,0.0,The market is showing signs of potential overvaluation (P/E ratio) and volatility is elevated.  Holding cash allows for a safer entry point when the market stabilizes.,145.01,144.55,59.2,2.0922,1175240,0.94,16.0,15.0,2.66,0.31,0,-0.05,-0.02,-0.03
Day-341,google/gemma-2-9b-it,ISFJ,memory,flat,456,0.92,flat,141.6,141.61606834564293,10000.0,10000.0,0.0,HOLD,0.0,"Market is currently near its SMA, RSI is neutral, and P/E is reasonable.  No compelling reason to deviate from the core mandate of security and avoiding unnecessary risk.",144.73,144.5,48.7,1.4798,1031217,0.83,11.8,15.0,2.67,0.16,0,0.39,0.0,0.39
Day-342,google/gemma-2-9b-it,ISFJ,memory,flat,456,0.92,flat,144.47,144.41005398772458,10000.0,10000.0,0.0,HOLD,0.0,"The market is currently stable, but the P/E ratio is elevated.  I will wait for a more attractive entry point with a lower valuation and consider hedging strategies to protect against potential market downturns.",144.7,144.5,54.7,1.2124,1278234,1.04,9.7,15.0,2.67,0.14,0,0.23,0.12,0.11
Day-343,google/gemma-2-9b-it,ISFJ,memory,flat,456,0.92,flat,148.82,149.27264094737416,10000.0,10000.0,0.0,HOLD,0.0,The market is showing no clear signal for entry.  Maintaining cash reserves is prudent until a more compelling opportunity arises that aligns with the core mandate of security and risk aversion.,145.12,144.62,54.6,1.3353,1218157,0.99,7.5,15.0,2.67,0.35,0,-0.01,0.07,-0.09
Day-344,google/gemma-2-9b-it,ISFJ,memory,flat,456,0.92,flat,145.97,145.67894006280244,10000.0,10000.0,0.0,HOLD,0.0,The market is showing no clear signal for a buy.  Maintaining cash reserves allows for a purchase opportunity at a more favorable price point.,145.33,144.61,54.6,1.1895,1311569,1.06,7.5,15.0,2.66,0.5,0,0.08,0.13,-0.05
Day-345,google/gemma-2-9b-it,ISFJ,memory,flat,456,0.92,flat,143.5,143.7828024592474,10000.0,10000.0,0.0,HOLD,0.0,The market is currently showing no clear signal for a buy.  Maintaining cash reserves allows for a purchase opportunity at a more favorable price point.,145.33,144.5,52.0,0.8648,1353429,1.09,7.5,15.0,2.67,0.57,0,-0.77,-0.02,-0.75
Day-346,google/gemma-2-9b-it,ISFJ,memory,flat,456,0.92,flat,144.27,144.26982670980593,10000.0,10000.0,0.0,HOLD,0.0,The market is currently neutral with no clear signal to buy.  Maintaining cash preserves capital and allows for opportunistic purchases when volatility presents a buying opportunity.,145.5,144.46,50.6,0.6622,1063058,0.86,8.9,15.0,2.67,0.72,0,-0.18,-0.13,-0.05
Day-347,google/gemma-2-9b-it,ISFJ,memory,flat,456,0.92,flat,144.74,144.87808546319673,10000.0,10000.0,0.0,HOLD,0.0,The market is currently neutral.  No compelling reason to deviate from the core mandate of security and avoiding volatility.,145.6,144.43,51.2,0.5326,1167378,0.95,7.5,15.0,2.67,0.81,0,-0.03,-0.18,0.15
Day-348,google/gemma-2-9b-it,ISFJ,memory,flat,456,0.92,flat,145.66,145.4950318634944,10000.0,10000.0,0.0,HOLD,0.0,The market is currently neutral.  No compelling reason to deviate from the core mandate of capital preservation.,145.89,144.28,53.1,0.4989,1170226,0.95,11.6,15.0,2.66,1.12,0,0.76,-0.03,0.79
Day-349,google/gemma-2-9b-it,ISFJ,memory,flat,456,0.92,flat,146.45,146.1941213968105,10000.0,10000.0,0.0,HOLD,0.0,"The market is currently neutral, and the P/E ratio is within a reasonable range.  Holding cash allows for a more conservative approach and preserves capital.",146.0,144.21,44.6,0.5298,1492454,1.2,12.2,15.0,2.66,1.24,0,0.04,-0.04,0.07
Day-350,google/gemma-2-9b-it,ISFJ,memory,flat,456,0.92,flat,143.07,143.6204938710525,10000.0,10000.0,0.0,HOLD,0.0,"The market is showing signs of weakness, but the P/E ratio and RSI suggest potential for a rebound.  Maintaining cash reserves allows for a more secure entry point when the market stabilizes.",146.09,144.03,37.1,0.2779,1478206,1.19,14.2,14.9,2.68,1.43,0,-0.2,0.08,-0.27
Day-351,google/gemma-2-9b-it,ISFJ,memory,flat,456,0.92,flat,142.95,142.96200434448082,10000.0,10000.0,0.0,HOLD,0.0,The market is currently volatile and the P/E ratio is above average.  I will wait for a more stable market and a lower entry point before considering a purchase.,146.16,143.8,46.1,0.0682,1011111,0.83,12.5,15.0,2.67,1.65,0,0.28,0.17,0.11
Day-352,google/gemma-2-9b-it,ISFJ,memory,flat,456,0.92,flat,141.38,140.54726911299295,10000.0,10000.0,0.0,HOLD,0.0,"The market is currently showing signs of weakness, and the P/E ratio is elevated.  It is prudent to remain in cash and wait for a more favorable entry point.",146.05,143.6,36.4,-0.2225,1131774,0.93,15.5,15.1,2.65,1.71,0,-0.37,0.1,-0.47
Day-353,google/gemma-2-9b-it,ISFJ,memory,flat,456,0.92,flat,141.6,142.1985005363883,10000.0,10000.0,0.0,HOLD,0.0,"The market is showing signs of weakness, and the implied volatility is high.  It is prudent to remain in cash and wait for a clearer signal before investing.",145.95,143.51,33.6,-0.4295,1470126,1.19,21.6,14.9,2.68,1.7,0,-0.62,-0.17,-0.44
Day-354,google/gemma-2-9b-it,ISFJ,memory,flat,456,0.92,flat,142.98,142.714011963557,10000.0,10000.0,0.0,HOLD,0.0,The market is currently volatile and the P/E ratio is above average.  I will wait for a more stable market and a lower entry point before considering a purchase.,145.98,143.38,39.8,-0.4774,1222596,0.99,18.0,15.0,2.66,1.81,0,0.23,-0.13,0.37
Day-355,google/gemma-2-9b-it,ISFJ,memory,flat,456,0.92,flat,145.79,145.33950063686166,10000.0,10000.0,0.0,HOLD,0.0,The market is currently showing no clear signal for a buy.  Maintaining cash reserves allows for opportunistic purchases at more favorable prices in the future.,145.71,143.35,58.4,-0.2849,1107481,0.89,17.8,15.0,2.66,1.65,0,0.37,-0.02,0.39
Day-356,google/gemma-2-9b-it,ISFJ,memory,flat,456,0.92,flat,143.96,143.7426399837613,10000.0,10000.0,0.0,HOLD,0.0,Market conditions are neutral.  No compelling reason to deviate from the core mandate of capital preservation.,145.19,143.36,48.9,-0.2768,1035298,0.84,13.1,15.0,2.66,1.27,0,-0.21,-0.12,-0.09
Day-357,google/gemma-2-9b-it,ISFJ,memory,flat,456,0.92,flat,139.81,139.64353666784322,10000.0,10000.0,0.0,HOLD,0.0,The current market conditions are uncertain.  Holding cash allows for a more measured approach and avoids unnecessary risk.,144.9,143.39,31.0,-0.5981,1176450,0.96,9.4,15.0,2.66,1.05,0,0.09,-0.03,0.12
Day-358,google/gemma-2-9b-it,ISFJ,memory,flat,456,0.92,flat,136.32,136.56007666424753,10000.0,10000.0,0.0,HOLD,0.0,"The market is currently below the 20 and 60 day moving averages, and RSI is low, suggesting potential for further decline.  Hedging is recommended to protect the principal.",144.21,143.34,30.2,-1.1221,1001800,0.82,8.8,15.0,2.67,0.61,0,0.09,0.11,-0.03
Day-359,google/gemma-2-9b-it,ISFJ,memory,flat,456,0.92,flat,135.52,135.8634627910011,10000.0,10000.0,0.0,HOLD,0.0,"The market is showing signs of weakness, and the P/E ratio is elevated.  It is prudent to remain in cash and wait for a more favorable entry point.",143.39,143.15,32.4,-1.5831,1237085,1.03,7.5,15.0,2.67,0.17,0,0.35,0.14,0.21
Day-360,google/gemma-2-9b-it,ISFJ,memory,flat,456,0.92,flat,134.53,134.36639843864614,10000.0,10000.0,0.0,HOLD,0.0,"The market is currently oversold, but the P/E ratio and implied volatility are still elevated.  Further analysis and a more stable market are needed before considering a purchase.",142.67,142.99,28.7,-2.0057,1186989,0.98,8.1,15.0,2.66,-0.23,0,-0.09,0.05,-0.14
Day-361,google/gemma-2-9b-it,ISFJ,memory,flat,456,0.92,flat,139.38,139.1612671631386,10000.0,10000.0,0.0,HOLD,0.0,The market is currently showing mixed signals and the P/E ratio is above average.  I will wait for a clearer trend and a more favorable entry point before investing.,142.56,142.97,40.2,-1.927,1080880,0.89,7.5,15.0,2.66,-0.29,0,-0.49,-0.01,-0.48
Day-362,google/gemma-2-9b-it,ISFJ,memory,flat,456,0.92,flat,138.63,138.77829939218117,10000.0,10000.0,0.0,HOLD,0.0,"The market is showing signs of weakness, but the P/E ratio and implied volatility are within acceptable ranges.  Holding cash allows for a more conservative approach and the opportunity to buy at a potentially lower price.",142.27,142.96,37.0,-1.9034,1428772,1.17,7.5,15.0,2.67,-0.49,0,0.12,-0.01,0.13
Day-363,google/gemma-2-9b-it,ISFJ,memory,flat,456,0.92,flat,138.15,138.15395945598428,10000.0,10000.0,0.0,HOLD,0.0,"The market is showing signs of weakness, and the P/E ratio is elevated.  It is prudent to remain in cash and wait for a more favorable entry point.",141.73,142.96,34.5,-1.9009,1211788,1.0,7.5,15.0,2.67,-0.86,0,-0.35,-0.09,-0.26
Day-364,google/gemma-2-9b-it,ISFJ,memory,flat,456,0.92,flat,137.72,138.02121848788576,10000.0,10000.0,0.0,HOLD,0.0,"The market is showing signs of weakness, and the P/E ratio is elevated.  It is prudent to remain in cash and wait for a more favorable entry point.",141.32,142.91,38.8,-1.9118,1380337,1.13,7.5,15.0,2.67,-1.11,0,-0.13,-0.19,0.06
Day-365,google/gemma-2-9b-it,ISFJ,memory,flat,456,0.92,flat,134.35,134.52609527604358,10000.0,10000.0,0.0,HOLD,0.0,"The market is currently below the 20 and 60 day moving averages, and RSI is in oversold territory. However, the P/E ratio is reasonable and the implied volatility is manageable.  Further research and a more favorable market trend are needed before investing.",140.86,142.91,34.2,-2.167,1007135,0.84,7.5,15.0,2.67,-1.44,0,-0.26,-0.22,-0.03
Day-366,google/gemma-2-9b-it,ISFJ,memory,flat,456,0.92,flat,133.01,133.05485625127085,10000.0,10000.0,0.0,HOLD,0.0,The current market conditions are volatile and the price is below the 20 and 60 day moving averages.  Holding cash allows for a better entry point when the market stabilizes.,140.3,142.87,34.5,-2.4492,1017841,0.85,7.5,15.0,2.67,-1.8,0,0.43,-0.04,0.47
Day-367,google/gemma-2-9b-it,ISFJ,memory,flat,456,0.92,flat,133.92,133.80887470226074,10000.0,10000.0,0.0,HOLD,0.0,"The market is showing weakness and the RSI is low, but the P/E ratio is reasonable.  I need more information before risking capital.",139.76,142.74,36.1,-2.5701,1065922,0.89,7.5,15.0,2.66,-2.09,-1,0.66,0.07,0.59
Day-368,google/gemma-2-9b-it,ISFJ,memory,flat,456,0.92,flat,137.59,137.81471774611435,10000.0,10000.0,0.0,HOLD,0.0,"The market is showing signs of weakness, and the P/E ratio is elevated.  It is prudent to remain in cash and observe the market further before considering a purchase.",139.36,142.64,41.0,-2.3426,1315546,1.09,8.5,15.0,2.67,-2.3,-1,-0.2,0.1,-0.3
Day-369,google/gemma-2-9b-it,ISFJ,memory,flat,456,0.92,flat,136.88,136.7155768545223,10000.0,10000.0,0.0,HOLD,0.0,"The market is showing signs of weakness, and the RSI is in oversold territory. However, without a clear understanding of the company's fundamentals and a defined entry point, it is prudent to remain cautious and hold cash.",138.88,142.53,34.0,-2.1947,1151761,0.97,9.3,15.0,2.66,-2.56,-1,0.75,0.28,0.47
Day-370,google/gemma-2-9b-it,ISFJ,memory,flat,456,0.92,flat,134.03,134.3711140002051,10000.0,10000.0,0.0,HOLD,0.0,"The market is showing signs of weakness, and the RSI is in oversold territory. However, without a clear understanding of the company's fundamentals and the specific reasons for the decline, it's too risky to invest.",138.43,142.34,32.8,-2.281,1307369,1.11,8.6,15.0,2.67,-2.75,-1,-0.07,0.31,-0.39
Day-371,google/gemma-2-9b-it,ISFJ,memory,flat,456,0.92,flat,132.29,132.05365370243007,10000.0,10000.0,0.0,HOLD,0.0,The market is showing signs of weakness and the RSI is below 50.  It is prudent to wait for a clearer signal before investing.,137.89,142.05,35.7,-2.4617,1194509,1.01,7.6,15.0,2.66,-2.93,-1,-0.08,0.21,-0.29
Day-372,google/gemma-2-9b-it,ISFJ,memory,flat,456,0.92,flat,129.38,129.22276371472452,10000.0,10000.0,0.0,HOLD,0.0,"The market is currently trending down and the RSI is below 50, indicating potential for further decline.  Hedging is recommended to protect the principal.",137.29,141.73,36.6,-2.8069,1470116,1.22,8.6,15.0,2.66,-3.13,-1,-0.19,0.04,-0.23
Day-373,google/gemma-2-9b-it,ISFJ,memory,flat,456,0.92,flat,129.91,130.06709892617792,10000.0,10000.0,0.0,HOLD,0.0,"The market is showing signs of weakness, and the P/E ratio is elevated.  It is prudent to remain in cash and wait for a more favorable entry point.",136.71,141.52,39.0,-3.0029,1211191,1.02,7.5,15.0,2.67,-3.4,-1,0.06,0.09,-0.03
Day-374,google/gemma-2-9b-it,ISFJ,memory,flat,456,0.92,flat,125.48,125.42190089100447,10000.0,10000.0,0.0,HOLD,0.0,The current market conditions are volatile and the stock is below its moving averages.  It is prudent to wait for a more stable environment before considering a purchase.,135.83,141.2,34.4,-3.4762,1416416,1.18,7.7,15.0,2.67,-3.8,-1,-0.31,-0.12,-0.19
Day-375,google/gemma-2-9b-it,ISFJ,memory,flat,456,0.92,flat,129.03,129.1324165300856,10000.0,10000.0,0.0,HOLD,0.0,"The market is currently trending down and RSI is low, indicating potential for further decline.  Holding cash allows for a safer entry point when the market stabilizes.",135.0,140.91,31.3,-3.5236,1348655,1.11,8.7,15.0,2.67,-4.2,-1,-0.07,-0.12,0.05
Day-376,google/gemma-2-9b-it,ISFJ,memory,flat,456,0.92,flat,124.29,124.42820018749805,10000.0,10000.0,0.0,HOLD,0.0,"The market is currently below the 20-day SMA and RSI is low, indicating potential for further decline.  Hedging is recommended to protect principal.",134.01,140.58,27.4,-3.8988,1302705,1.06,8.1,15.0,2.67,-4.67,-1,0.58,0.01,0.56
Day-377,google/gemma-2-9b-it,ISFJ,memory,flat,456,0.92,flat,125.33,125.01509083330069,10000.0,10000.0,0.0,HOLD,0.0,"The market is showing signs of weakness, and the RSI is in oversold territory. However, I need more information about the company's fundamentals before considering a purchase.",133.29,140.23,30.1,-4.0654,1195084,0.97,7.5,15.0,2.66,-4.95,-1,-0.01,0.05,-0.06
Day-378,google/gemma-2-9b-it,ISFJ,memory,flat,456,0.92,flat,128.4,128.5966493182768,10000.0,10000.0,0.0,HOLD,0.0,"The market is currently below the 20-day SMA and RSI is low, suggesting potential for further decline.  Hedging is recommended to protect the principal.",132.89,140.0,36.6,-3.9048,1389322,1.12,7.5,15.0,2.67,-5.08,-1,0.05,0.05,0.0
Day-379,google/gemma-2-9b-it,ISFJ,memory,flat,456,0.92,flat,129.48,129.2622343911253,10000.0,10000.0,0.0,HOLD,0.0,"The market is showing signs of weakness, and the P/E ratio is elevated.  It is prudent to remain in cash and wait for a more favorable entry point.",132.59,139.7,42.5,-3.6486,1131972,0.91,9.0,15.0,2.66,-5.09,-1,-0.17,0.07,-0.25
Day-380,google/gemma-2-9b-it,ISFJ,memory,flat,456,0.92,flat,129.12,129.62722301775977,10000.0,10000.0,0.0,HOLD,0.0,"The market is showing signs of weakness, and the P/E ratio is elevated.  It is prudent to remain in cash and wait for a more favorable entry point.",132.32,139.46,43.8,-3.4353,1004403,0.82,14.1,14.9,2.68,-5.12,-1,-1.0,-0.11,-0.89
Day-381,google/gemma-2-9b-it,ISFJ,memory,flat,456,0.92,flat,131.24,131.20696835361224,10000.0,10000.0,0.0,HOLD,0.0,The market is currently showing mixed signals.  Holding cash allows for a more measured approach and avoids unnecessary risk.,131.91,139.26,45.9,-3.0595,1497625,1.2,10.3,15.0,2.67,-5.27,-1,0.26,-0.17,0.43
Day-382,google/gemma-2-9b-it,ISFJ,memory,flat,456,0.92,flat,129.42,129.70050979509807,10000.0,10000.0,0.0,HOLD,0.0,"The market is currently showing signs of weakness, and the P/E ratio is elevated.  It is prudent to remain in cash and wait for a more favorable entry point.",131.45,138.97,36.8,-2.8755,1359479,1.09,9.2,15.0,2.67,-5.41,-1,0.02,-0.17,0.19
Day-383,google/gemma-2-9b-it,ISFJ,memory,flat,456,0.92,flat,126.88,126.66113515786033,10000.0,10000.0,0.0,HOLD,0.0,"The market is showing signs of weakness, and the P/E ratio is above average.  It is prudent to remain in cash and wait for a more favorable entry point.",130.89,138.64,34.8,-2.9011,1089427,0.88,9.6,15.0,2.66,-5.59,-1,-0.09,-0.2,0.11
Day-384,google/gemma-2-9b-it,ISFJ,memory,flat,456,0.92,flat,127.21,126.759279886971,10000.0,10000.0,0.0,HOLD,0.0,"The market is showing signs of weakness, and the P/E ratio is above average.  It is prudent to remain in cash and wait for a more favorable entry point.",130.36,138.33,38.7,-2.8619,1493107,1.2,7.5,15.1,2.66,-5.76,-1,0.03,-0.16,0.19
Day-385,google/gemma-2-9b-it,ISFJ,memory,flat,456,0.92,flat,126.31,126.2185702282588,10000.0,10000.0,0.0,HOLD,0.0,"The market is showing signs of weakness, and the P/E ratio is elevated.  It is prudent to remain in cash and wait for a more favorable entry point.",129.96,137.83,39.8,-2.8702,1489784,1.17,7.8,15.0,2.66,-5.71,-1,-0.32,-0.02,-0.3
Day-386,google/gemma-2-9b-it,ISFJ,memory,flat,456,0.92,flat,122.76,122.74163653697332,10000.0,10000.0,0.0,HOLD,0.0,"The market is showing signs of weakness, and the P/E ratio is elevated.  It is prudent to remain in cash and wait for a more favorable entry point.",129.45,137.2,39.0,-3.1269,1172379,0.92,7.5,15.0,2.67,-5.65,-1,-0.17,-0.11,-0.07
Day-387,google/gemma-2-9b-it,ISFJ,memory,flat,456,0.92,flat,125.0,124.82614773353704,10000.0,10000.0,0.0,HOLD,0.0,"The market is showing signs of weakness, and the implied volatility is elevated.  It is prudent to remain in cash and wait for a clearer signal before investing.",129.0,136.79,42.3,-3.1142,1434168,1.1,14.8,15.0,2.66,-5.69,-1,-0.06,-0.12,0.06
Day-388,google/gemma-2-9b-it,ISFJ,memory,flat,456,0.92,flat,125.29,126.48909753579613,10000.0,10000.0,0.0,HOLD,0.0,"The market is showing signs of weakness, and the implied volatility is high.  It is prudent to remain in cash and wait for a more stable environment before considering an investment.",128.39,136.29,49.7,-3.0454,1206910,0.93,16.6,14.9,2.69,-5.8,-1,0.22,-0.06,0.28
Day-389,google/gemma-2-9b-it,ISFJ,memory,flat,456,0.92,flat,124.25,123.80469472065583,10000.0,10000.0,0.0,HOLD,0.0,"The market is showing signs of weakness, and the P/E ratio is above average.  It is prudent to remain in cash and wait for a more favorable entry point.",127.76,135.74,40.5,-3.0397,1458898,1.11,13.6,15.1,2.66,-5.88,-1,0.34,0.0,0.34
Day-390,google/gemma-2-9b-it,ISFJ,memory,flat,456,0.92,flat,119.16,118.28536325333248,10000.0,10000.0,0.0,HOLD,0.0,The market is currently trending down and volatility is high.  Holding cash allows me to wait for a more stable and secure entry point.,127.01,135.15,39.9,-3.4068,1282594,0.98,17.1,15.1,2.65,-6.02,-1,0.3,0.12,0.17
Day-391,google/gemma-2-9b-it,ISFJ,memory,flat,456,0.92,flat,117.72,117.74211862047099,10000.0,10000.0,0.0,HOLD,0.0,"The market is showing signs of weakness, and the P/E ratio is elevated.  It's prudent to remain in cash and wait for a more favorable entry point.",126.28,134.67,35.3,-3.77,1243838,0.95,13.2,15.0,2.67,-6.23,-1,0.47,0.25,0.21
Day-392,google/gemma-2-9b-it,ISFJ,memory,flat,456,0.92,flat,119.7,119.72257944942011,10000.0,10000.0,0.0,HOLD,0.0,"The market is showing signs of weakness, and the P/E ratio is elevated.  It is prudent to remain in cash and wait for a more favorable entry point.",125.8,134.17,32.4,-3.8539,1213147,0.94,11.2,15.0,2.67,-6.24,-1,-0.03,0.26,-0.29
Day-393,google/gemma-2-9b-it,ISFJ,memory,flat,456,0.92,flat,120.17,119.94428240259036,10000.0,10000.0,0.0,HOLD,0.0,"The market is showing signs of weakness, and the RSI is in oversold territory. However, I need more information before making a decision.",125.31,133.6,30.7,-3.8387,1145585,0.89,9.4,15.0,2.66,-6.2,-1,0.28,0.27,0.01
Day-394,google/gemma-2-9b-it,ISFJ,memory,flat,456,0.92,flat,120.11,119.8919638331437,10000.0,10000.0,0.0,HOLD,0.0,"The market is showing signs of weakness, and the P/E ratio is elevated.  It is prudent to remain in cash and wait for a more favorable entry point.",125.04,133.08,31.1,-3.7871,1489337,1.15,13.7,15.0,2.66,-6.04,-1,-0.44,0.11,-0.56
Day-395,google/gemma-2-9b-it,ISFJ,memory,flat,456,0.92,flat,118.15,118.75029812846383,10000.0,10000.0,0.0,HOLD,0.0,"The market is currently below both the 20 and 60 day moving averages, indicating a downtrend.  The RSI is also low, suggesting potential for further decline.",124.5,132.58,22.4,-3.8602,1450607,1.11,9.8,14.9,2.68,-6.09,-1,0.16,0.09,0.08
Day-396,google/gemma-2-9b-it,ISFJ,memory,flat,456,0.92,flat,118.65,119.16673977304664,10000.0,10000.0,0.0,HOLD,0.0,"The market is currently below the 20-day SMA and RSI is in oversold territory, suggesting potential for a rebound. However, the P/E ratio is elevated and implied volatility is high, indicating potential for further downside risk.  I will wait for a clearer signal before investing.",124.22,132.06,25.9,-3.8334,1320731,1.01,18.7,14.9,2.68,-5.94,-1,-0.01,-0.01,-0.0
Day-397,google/gemma-2-9b-it,ISFJ,memory,flat,456,0.92,flat,122.63,121.84927094911349,10000.0,10000.0,0.0,HOLD,0.0,"The market is showing signs of weakness, and the P/E ratio is elevated.  It is prudent to remain in cash and wait for a more favorable entry point.",124.08,131.62,41.1,-3.4515,1259566,0.96,14.3,15.1,2.65,-5.73,-1,0.04,0.01,0.03
Day-398,google/gemma-2-9b-it,ISFJ,memory,flat,456,0.92,flat,120.06,120.30196986722163,10000.0,10000.0,0.0,HOLD,0.0,"The market is showing signs of weakness, and the RSI is low.  It is prudent to wait for a more stable market environment before considering a purchase.",123.67,131.11,36.3,-3.3183,1450622,1.11,12.9,15.0,2.67,-5.68,-1,-0.33,-0.12,-0.21
Day-399,google/gemma-2-9b-it,ISFJ,memory,flat,456,0.92,flat,117.55,116.87410235465538,10000.0,10000.0,0.0,HOLD,0.0,"The market is showing signs of weakness, and the P/E ratio is elevated.  It is prudent to remain in cash and wait for a more favorable entry point.",123.07,130.53,34.2,-3.3763,1134393,0.87,11.6,15.1,2.65,-5.72,-1,0.03,-0.02,0.05
Day-400,google/gemma-2-9b-it,ISFJ,memory,flat,456,0.92,flat,118.18,118.08772510657022,10000.0,10000.0,0.0,HOLD,0.0,"The market is currently below the 20-day SMA and RSI is low, indicating potential for further decline.  Holding cash allows for a more conservative approach and the opportunity to buy at a potentially lower price.",122.52,130.03,40.7,-3.3326,1026877,0.78,8.6,15.0,2.66,-5.78,-1,0.24,-0.01,0.24
Day-401,google/gemma-2-9b-it,ISFJ,memory,flat,456,0.92,flat,115.74,115.72848457215336,10000.0,10000.0,0.0,HOLD,0.0,"The market is currently below the 20-day SMA and RSI is low, indicating potential for further decline.  Hedging is recommended to protect the principal.",121.75,129.49,31.4,-3.4553,1213153,0.94,13.9,15.0,2.67,-5.98,-1,0.48,0.09,0.39
Day-402,google/gemma-2-9b-it,ISFJ,memory,flat,456,0.92,flat,112.17,112.40071395092102,10000.0,10000.0,0.0,HOLD,0.0,"The market is currently trending down and the RSI is low, indicating potential for further decline.  Holding cash allows for a purchase opportunity at a potentially lower price.",120.88,128.9,26.8,-3.7969,1154383,0.9,12.5,15.0,2.67,-6.22,-1,0.43,0.17,0.26
Day-403,google/gemma-2-9b-it,ISFJ,memory,flat,456,0.92,flat,114.4,114.21833270545305,10000.0,10000.0,0.0,HOLD,0.0,"The market is currently trending down and the RSI is low, indicating potential for further decline.  Holding cash allows for a more secure position until the market stabilizes.",120.26,128.36,33.3,-3.8432,1322493,1.02,10.5,15.0,2.66,-6.31,-1,0.45,0.33,0.12
Day-404,google/gemma-2-9b-it,ISFJ,memory,flat,456,0.92,flat,114.94,115.15534401839204,10000.0,10000.0,0.0,HOLD,0.0,"The market is showing signs of weakness, and the P/E ratio is elevated.  It is prudent to remain in cash and wait for a more favorable entry point.",119.65,127.8,41.5,-3.7928,1161500,0.91,8.8,15.0,2.67,-6.38,-1,0.44,0.41,0.04
Day-405,google/gemma-2-9b-it,ISFJ,memory,flat,456,0.92,flat,112.99,112.92704194933675,10000.0,10000.0,0.0,HOLD,0.0,"The market is currently below the 20-day SMA and RSI is low, indicating potential for further decline.  Hedging is recommended to protect the principal.",118.98,127.14,40.7,-3.8652,1254569,0.99,11.5,15.0,2.67,-6.42,-1,-0.23,0.31,-0.55
Day-406,google/gemma-2-9b-it,ISFJ,memory,flat,456,0.92,flat,114.76,114.90346254255222,10000.0,10000.0,0.0,HOLD,0.0,"The market is showing signs of weakness, and the P/E ratio is elevated.  It is prudent to remain in cash and wait for a more favorable entry point.",118.58,126.56,40.2,-3.7366,1067725,0.84,9.0,15.0,2.67,-6.3,-1,0.19,0.26,-0.06
Day-407,google/gemma-2-9b-it,ISFJ,memory,flat,456,0.92,flat,113.8,114.32436583096448,10000.0,10000.0,0.0,HOLD,0.0,"The market trend is negative and RSI is low, suggesting potential for further decline.  Holding cash allows for a safer entry point when the market stabilizes.",118.02,126.04,37.6,-3.6705,1033350,0.83,7.9,14.9,2.68,-6.36,-1,-0.03,0.17,-0.19
Day-408,google/gemma-2-9b-it,ISFJ,memory,flat,456,0.92,flat,117.61,117.4331529075731,10000.0,10000.0,0.0,HOLD,0.0,Market is slightly below the 60-day SMA and RSI is neutral.  Holding cash allows for a potential entry point at a more attractive price.,117.64,125.67,45.8,-3.2724,1105721,0.89,7.5,15.0,2.66,-6.39,-1,0.31,0.14,0.18
Day-409,google/gemma-2-9b-it,ISFJ,memory,flat,456,0.92,flat,115.09,115.23519004547273,10000.0,10000.0,0.0,HOLD,0.0,"The market is showing signs of weakness, and the P/E ratio is elevated.  It is prudent to remain in cash and wait for a more favorable entry point.",117.18,125.26,44.9,-3.1247,1321945,1.07,9.6,15.0,2.67,-6.45,-1,-0.26,-0.0,-0.26
Day-410,google/gemma-2-9b-it,ISFJ,memory,flat,456,0.92,flat,114.19,114.07592268911475,10000.0,10000.0,0.0,HOLD,0.0,"The market is showing signs of weakness, and the P/E ratio is above average.  It is prudent to remain in cash and wait for a more favorable entry point.",116.93,124.85,42.7,-3.0449,1383264,1.12,8.4,15.0,2.66,-6.34,-1,0.3,0.1,0.2
Day-411,google/gemma-2-9b-it,ISFJ,memory,flat,456,0.92,flat,113.88,113.76274597598584,10000.0,10000.0,0.0,HOLD,0.0,"The market is currently trending down and RSI is low, indicating potential for further decline.  Hedging strategies should be prioritized over new investments at this time.",116.74,124.34,33.6,-2.9726,1450286,1.16,13.9,15.0,2.66,-6.11,-1,-0.14,0.04,-0.18
Day-412,google/gemma-2-9b-it,ISFJ,memory,flat,456,0.92,flat,114.05,113.31078183217875,10000.0,10000.0,0.0,HOLD,0.0,"The market is showing signs of weakness, and the implied volatility is high.  It is prudent to remain in cash and wait for a more stable environment.",116.45,123.85,37.7,-2.8685,1412787,1.12,18.5,15.1,2.65,-5.97,-1,0.15,0.07,0.08
Day-413,google/gemma-2-9b-it,ISFJ,memory,flat,456,0.92,flat,113.0,113.54727229189132,10000.0,10000.0,0.0,HOLD,0.0,"The market is currently below the 20-day SMA and RSI is low, indicating potential for further decline.  Hedging is recommended to protect the principal.",116.1,123.35,40.1,-2.8374,1124421,0.89,18.1,14.9,2.68,-5.88,-1,-0.15,-0.02,-0.13
Day-414,google/gemma-2-9b-it,ISFJ,memory,flat,456,0.92,flat,115.33,114.8493018857639,10000.0,10000.0,0.0,HOLD,0.0,The market is showing mixed signals and the P/E ratio is slightly elevated.  I will wait for a clearer trend and a more attractive entry point before investing.,115.86,122.9,44.2,-2.5955,1360821,1.09,13.7,15.1,2.66,-5.73,-1,0.3,0.09,0.21
Day-415,google/gemma-2-9b-it,ISFJ,memory,flat,456,0.92,flat,113.62,114.39006108007264,10000.0,10000.0,0.0,HOLD,0.0,The market is showing mixed signals and the P/E ratio is elevated.  Maintaining a cash position allows for a more conservative approach and prioritizes capital preservation.,115.63,122.48,45.5,-2.5129,1183313,0.96,15.4,14.9,2.68,-5.59,-1,0.21,0.07,0.14
Day-416,google/gemma-2-9b-it,ISFJ,memory,flat,456,0.92,flat,119.62,119.15636558592595,10000.0,10000.0,0.0,HOLD,0.0,The market is showing signs of overbought conditions (RSI 64.2) and the price is above the 20-day SMA.  Further analysis and a potential pullback are needed before considering a purchase.,115.68,122.21,64.2,-1.9407,1111973,0.91,11.1,15.1,2.66,-5.35,-1,0.1,0.12,-0.02
Day-417,google/gemma-2-9b-it,ISFJ,memory,flat,456,0.92,flat,119.51,119.55365881787772,10000.0,10000.0,0.0,HOLD,0.0,The market is showing signs of potential overvaluation (RSI 60.6) and the P/E ratio is above average.  I will wait for a more compelling entry point with a lower risk profile.,115.52,121.93,60.6,-1.4789,1475929,1.19,12.1,15.0,2.67,-5.25,-1,0.02,0.1,-0.07
Day-418,google/gemma-2-9b-it,ISFJ,memory,flat,456,0.92,flat,119.82,119.46404870148324,10000.0,10000.0,0.0,HOLD,0.0,The market is showing signs of overbought conditions (RSI 60.2) and the price is above the 20-day SMA.  I will wait for a pullback or confirmation of a stronger trend before considering a purchase.,115.51,121.57,60.2,-1.0758,1113954,0.91,10.8,15.0,2.66,-4.98,-1,0.45,0.22,0.23
Day-419,google/gemma-2-9b-it,ISFJ,memory,flat,456,0.92,flat,118.63,118.5221182376362,10000.0,10000.0,0.0,HOLD,0.0,The market is showing some signs of overbought conditions (RSI 62.2) and the price is slightly below the 60-day SMA.  Further analysis and a potential pullback are needed before considering a purchase.,115.57,121.21,62.2,-0.8421,1164188,0.95,12.4,15.0,2.66,-4.65,-1,-0.66,0.02,-0.69
Day-420,google/gemma-2-9b-it,ISFJ,memory,flat,456,0.92,flat,123.01,123.15460909659528,10000.0,10000.0,0.0,HOLD,0.0,The market is showing signs of potential overvaluation (RSI 66.0) and the trend is slightly negative.  I will wait for a more favorable entry point with lower risk.,115.81,120.99,66.0,-0.3004,1209822,0.98,10.5,15.0,2.67,-4.28,-1,-0.17,-0.05,-0.12
Day-421,google/gemma-2-9b-it,ISFJ,memory,flat,456,0.92,flat,123.47,123.2948835082581,10000.0,10000.0,0.0,HOLD,0.0,The market is showing signs of overbought conditions (RSI 69.2) and the price is above both the 20 and 60 day SMAs.  This warrants caution and a wait-and-see approach to avoid unnecessary risk.,116.19,120.81,69.2,0.1643,1482726,1.19,8.3,15.0,2.66,-3.82,-1,0.14,-0.04,0.19
Day-422,google/gemma-2-9b-it,ISFJ,memory,flat,456,0.92,flat,122.18,122.17721188205171,10000.0,10000.0,0.0,HOLD,0.0,The market is showing some signs of overbought conditions (RSI 60.1) and the price is slightly above both the 20 and 60 day moving averages.  I will wait for a more compelling entry point with a lower risk profile.,116.69,120.67,60.1,0.4237,1188628,0.95,7.5,15.0,2.67,-3.29,-1,0.0,-0.05,0.05
Day-423,google/gemma-2-9b-it,ISFJ,memory,flat,456,0.92,flat,120.69,120.72486783088421,10000.0,10000.0,0.0,HOLD,0.0,The market is showing signs of overbought conditions (RSI 62.9) and the price is slightly above the 60-day SMA.  Hedging is recommended to protect against potential pullbacks.,117.01,120.48,62.9,0.503,1115214,0.9,7.5,15.0,2.67,-2.88,-1,-0.6,-0.26,-0.34
Day-424,google/gemma-2-9b-it,ISFJ,memory,flat,456,0.92,flat,119.83,120.26463455496845,10000.0,10000.0,0.0,HOLD,0.0,The market is showing signs of overbought conditions (RSI 63.0) and the stock is trading slightly above its 20-day SMA.  I will wait for a more favorable entry point with lower volatility and a stronger indication of a sustained uptrend.,117.25,120.37,63.0,0.4911,1252173,1.01,16.3,14.9,2.68,-2.59,-1,-0.41,-0.21,-0.2
Day-425,google/gemma-2-9b-it,ISFJ,memory,flat,456,0.92,flat,119.73,119.47220280254187,10000.0,10000.0,0.0,HOLD,0.0,Market is showing slight overbought conditions (RSI 63.6) and the price is slightly below the 60-day SMA.  Holding cash allows for a potential entry point at a more favorable price.,117.59,120.18,63.6,0.4676,1075692,0.87,12.7,15.0,2.66,-2.16,-1,-0.06,-0.19,0.12
Day-426,google/gemma-2-9b-it,ISFJ,memory,flat,456,0.92,flat,113.73,114.53347422085494,10000.0,10000.0,0.0,HOLD,0.0,"The market is showing signs of weakness, and the P/E ratio is elevated.  It is prudent to remain in cash and wait for a more favorable entry point.",117.54,119.97,49.4,-0.0346,1225314,0.99,14.5,14.9,2.69,-2.03,-1,0.19,-0.18,0.37
Day-427,google/gemma-2-9b-it,ISFJ,memory,flat,456,0.92,flat,114.7,114.43566097000345,10000.0,10000.0,0.0,HOLD,0.0,The market is showing no clear signals for a strong buy.  Maintaining cash reserves allows for opportunistic purchases at more favorable prices in the future.,117.58,119.76,53.1,-0.3505,1199545,0.96,14.8,15.0,2.66,-1.82,0,-0.13,-0.2,0.07
Day-428,google/gemma-2-9b-it,ISFJ,memory,flat,456,0.92,flat,115.32,115.27776098777147,10000.0,10000.0,0.0,HOLD,0.0,"The market is currently neutral, and the P/E ratio is within a reasonable range.  Maintaining a cash position allows for a more conservative approach to investing.",117.47,119.5,50.0,-0.5442,1257005,1.0,11.2,15.0,2.67,-1.7,0,-0.23,-0.13,-0.1
Day-429,google/gemma-2-9b-it,ISFJ,memory,flat,456,0.92,flat,117.22,116.76997977431145,10000.0,10000.0,0.0,HOLD,0.0,"The market is currently neutral, and the P/E ratio is within a reasonable range.  Further research and a more significant drop in price are needed before considering a purchase.",117.58,119.25,57.0,-0.5383,1065374,0.86,11.1,15.1,2.66,-1.41,0,0.33,0.02,0.31
Day-430,google/gemma-2-9b-it,ISFJ,memory,flat,456,0.92,flat,119.62,120.02851840682207,10000.0,10000.0,0.0,HOLD,0.0,The market is currently neutral.  No compelling reason to deviate from the core mandate of security and avoiding volatility.,117.85,119.06,50.0,-0.3362,1449726,1.16,9.4,14.9,2.68,-1.02,0,0.5,0.13,0.37
Day-431,google/gemma-2-9b-it,ISFJ,memory,flat,456,0.92,flat,123.54,124.51612863883061,10000.0,10000.0,0.0,HOLD,0.0,The market is showing no clear signal for a buy.  Maintaining cash reserves is prudent given the current market conditions.,118.33,118.91,57.8,0.1389,1114110,0.91,15.0,14.9,2.69,-0.49,0,0.25,0.14,0.11
Day-432,google/gemma-2-9b-it,ISFJ,memory,flat,456,0.92,flat,129.52,129.5342978711875,10000.0,10000.0,0.0,HOLD,0.0,The market is showing signs of overvaluation (RSI 65.4) and news sentiment is negative.  Holding cash allows for a safer entry point when the market corrects.,119.1,118.91,65.4,0.9867,1052662,0.87,10.6,15.0,2.67,0.16,0,-0.7,0.03,-0.73
Day-433,google/gemma-2-9b-it,ISFJ,memory,flat,456,0.92,flat,130.9,130.81902161918086,10000.0,10000.0,0.0,HOLD,0.0,The market is showing signs of overbought conditions (RSI 69.3) and the P/E ratio is elevated.  I will wait for a pullback to a more attractive entry point.,120.0,118.99,69.3,1.7496,1148325,0.95,9.1,15.0,2.67,0.85,0,0.55,0.18,0.37
Day-434,google/gemma-2-9b-it,ISFJ,memory,flat,456,0.92,flat,127.76,128.09548358593287,10000.0,10000.0,0.0,HOLD,0.0,"The market is showing signs of potential overvaluation (P/E ratio) and volatility.  Holding cash allows for a more cautious approach, waiting for a clearer entry point.",120.62,119.0,57.8,2.0774,1065817,0.89,11.7,15.0,2.67,1.36,0,-0.29,0.06,-0.35
Day-435,google/gemma-2-9b-it,ISFJ,memory,flat,456,0.92,flat,130.25,130.3637912392728,10000.0,10000.0,0.0,HOLD,0.0,The market is showing signs of overvaluation (P/E ratio) and volatility is elevated.  It is prudent to remain in cash and wait for a more stable entry point.,121.45,119.08,60.4,2.5088,1454349,1.2,13.5,15.0,2.67,1.99,0,-0.06,-0.05,-0.01
Day-436,google/gemma-2-9b-it,ISFJ,memory,flat,456,0.92,flat,131.69,131.3848267543235,10000.0,10000.0,0.0,HOLD,0.0,The market is showing signs of overbought conditions (RSI 64.5) and the P/E ratio is above average.  I will wait for a more favorable entry point with lower volatility and a stronger indication of a sustainable uptrend.,122.05,119.26,64.5,2.9327,1167404,0.96,11.7,15.0,2.66,2.35,1,-0.18,-0.14,-0.04
Day-437,google/gemma-2-9b-it,ISFJ,memory,flat,456,0.92,flat,132.25,132.3486834113931,10000.0,10000.0,0.0,HOLD,0.0,The market is showing signs of overvaluation (RSI 68.2) and the P/E ratio is above average.  I need more information and a lower price point before considering a purchase.,122.69,119.4,68.2,3.2768,1183964,0.99,12.0,15.0,2.67,2.75,1,0.11,0.03,0.08
Day-438,google/gemma-2-9b-it,ISFJ,memory,flat,456,0.92,flat,129.78,129.8749618238799,10000.0,10000.0,0.0,HOLD,0.0,The market is showing signs of potential overvaluation (RSI above 60) and the implied volatility is elevated.  I will wait for a more stable market environment before considering an investment.,123.19,119.49,64.9,3.3118,1005389,0.84,13.2,15.0,2.67,3.09,1,0.13,-0.06,0.18
Day-439,google/gemma-2-9b-it,ISFJ,memory,flat,456,0.92,flat,126.72,127.1696988563918,10000.0,10000.0,0.0,HOLD,0.0,"The market is showing signs of potential overvaluation (high P/E, RSI above 50) and volatility.  Holding cash allows for a safer entry point when the market stabilizes.",123.59,119.54,59.6,3.0573,1306981,1.09,18.5,14.9,2.68,3.39,1,-0.5,-0.1,-0.4
Day-440,google/gemma-2-9b-it,ISFJ,memory,flat,456,0.92,flat,126.75,127.37836449939763,10000.0,10000.0,0.0,HOLD,0.0,"The RSI is high, indicating potential overvaluation.  I will wait for a pullback and a more favorable entry point before considering a purchase.",123.78,119.69,71.4,2.8255,1235739,1.03,16.2,14.9,2.68,3.42,1,0.34,-0.02,0.36
Day-441,google/gemma-2-9b-it,ISFJ,memory,flat,456,0.92,flat,125.8,127.49138384639187,10000.0,10000.0,0.0,HOLD,0.0,"The current market conditions are too volatile for a Guardian Investor.  The high implied volatility and RSI suggest potential for a downturn, warranting a cautious approach.",123.9,119.86,68.3,2.5357,1325335,1.11,18.5,14.8,2.7,3.37,1,-0.02,0.01,-0.03
Day-442,google/gemma-2-9b-it,ISFJ,memory,flat,456,0.92,flat,129.17,129.10632199451754,10000.0,10000.0,0.0,HOLD,0.0,"The RSI is high, indicating potential overvaluation.  I will wait for a pullback and a more favorable entry point before considering a purchase.",124.25,120.04,70.9,2.5485,1419240,1.18,15.2,15.0,2.67,3.5,1,-0.14,-0.04,-0.1
Day-443,google/gemma-2-9b-it,ISFJ,memory,flat,456,0.92,flat,127.83,127.94358717702927,10000.0,10000.0,0.0,HOLD,0.0,The market is showing signs of potential overvaluation (RSI 66.3) and the P/E ratio is above average.  Further research and a more significant drop in price are needed before considering a purchase.,124.6,120.2,66.3,2.4224,1023184,0.85,12.2,15.0,2.67,3.67,1,-0.17,-0.1,-0.07
Day-444,google/gemma-2-9b-it,ISFJ,memory,flat,456,0.92,flat,130.2,130.62197503126401,10000.0,10000.0,0.0,HOLD,0.0,The market is showing signs of overbought conditions (RSI 66.3) and the P/E ratio is above average.  I will wait for a pullback to a more conservative entry point.,125.12,120.4,66.3,2.4857,1290475,1.07,12.2,15.0,2.68,3.92,1,-0.08,-0.01,-0.07
Day-445,google/gemma-2-9b-it,ISFJ,memory,flat,456,0.92,flat,130.72,131.2246928560319,10000.0,10000.0,0.0,HOLD,0.0,The market is showing signs of potential overvaluation (RSI above 60) and the P/E ratio is elevated.  Holding cash allows for a more conservative approach and avoids unnecessary risk.,125.67,120.65,62.3,2.5481,1162285,0.96,10.6,14.9,2.68,4.16,1,-0.25,-0.13,-0.12
Day-446,google/gemma-2-9b-it,ISFJ,memory,flat,456,0.92,flat,130.81,130.98207369383522,10000.0,10000.0,0.0,HOLD,0.0,The market is showing mixed signals and the P/E ratio is elevated.  I will wait for a clearer signal before investing.,126.53,120.89,52.8,2.575,1247043,1.03,9.9,15.0,2.67,4.66,1,-0.27,-0.18,-0.09
Day-447,google/gemma-2-9b-it,ISFJ,memory,flat,456,0.92,flat,128.62,128.23827660983815,10000.0,10000.0,0.0,HOLD,0.0,The market is showing mixed signals and the P/E ratio is relatively high.  Further research and a clearer trend are needed before considering a purchase.,127.22,121.01,45.3,2.3923,1183135,0.98,8.3,15.0,2.66,5.13,1,-0.15,-0.19,0.03
Day-448,google/gemma-2-9b-it,ISFJ,memory,flat,456,0.92,flat,130.16,130.10082896020216,10000.0,10000.0,0.0,HOLD,0.0,The market is showing mixed signals and the P/E ratio is slightly elevated.  I need more information before considering a purchase.,127.96,121.22,55.3,2.3443,1065662,0.89,7.5,15.0,2.67,5.57,1,-0.51,-0.25,-0.26
Day-449,google/gemma-2-9b-it,ISFJ,memory,flat,456,0.92,flat,128.76,128.87136268360925,10000.0,10000.0,0.0,HOLD,0.0,The market is currently showing no clear signal for a buy.  Maintaining cash reserves allows for opportunistic purchases during future dips.,128.54,121.44,46.5,2.1687,1171468,0.97,10.6,15.0,2.67,5.85,1,0.63,-0.11,0.75
Day-450,google/gemma-2-9b-it,ISFJ,memory,flat,456,0.92,flat,127.85,127.72322140207612,10000.0,10000.0,0.0,HOLD,0.0,The market is showing mixed signals and the P/E ratio is elevated.  Further research and a clearer trend are needed before considering a purchase.,128.95,121.63,40.8,1.9338,1156682,0.97,9.8,15.0,2.66,6.02,1,0.18,-0.03,0.2
Day-451,google/gemma-2-9b-it,ISFJ,memory,flat,456,0.92,flat,127.36,127.04887664729296,10000.0,10000.0,0.0,HOLD,0.0,"The market is currently showing signs of weakness, and the P/E ratio is elevated.  It is prudent to remain in cash and wait for a more favorable entry point.",129.14,121.87,38.2,1.6889,1270724,1.06,9.8,15.0,2.66,5.97,1,-0.02,0.02,-0.04
Day-452,google/gemma-2-9b-it,ISFJ,memory,flat,456,0.92,flat,134.21,134.04259794939273,10000.0,10000.0,0.0,HOLD,0.0,The market is showing signs of potential overvaluation (P/E ratio) and volatility.  Holding cash allows for a more conservative approach and the opportunity to buy at a potentially lower price in the future.,129.38,122.31,58.8,2.0238,1227109,1.02,8.0,15.0,2.66,5.78,1,-0.01,0.05,-0.06
Day-453,google/gemma-2-9b-it,ISFJ,memory,flat,456,0.92,flat,135.6,135.25115440443238,10000.0,10000.0,0.0,HOLD,0.0,The market is showing signs of overvaluation (RSI 69.0) and the P/E ratio is above average.  I need more information about the company's fundamentals before considering a purchase.,129.61,122.73,69.0,2.3743,1161498,0.96,9.0,15.0,2.66,5.61,1,0.36,0.23,0.13
Day-454,google/gemma-2-9b-it,ISFJ,memory,flat,456,0.92,flat,135.83,135.32305816609895,10000.0,10000.0,0.0,HOLD,0.0,The market is showing signs of overbought conditions (RSI 69.2) and the price is above both the 20 and 60 day moving averages.  This warrants caution and a wait-and-see approach to avoid unnecessary risk.,130.02,123.15,69.2,2.6398,1440687,1.18,11.4,15.1,2.66,5.58,1,-0.44,0.01,-0.45
Day-455,google/gemma-2-9b-it,ISFJ,memory,flat,456,0.92,flat,138.19,138.4525131866769,10000.0,10000.0,0.0,HOLD,0.0,"The RSI is high, indicating potential overvaluation.  I need more information about the company's fundamentals before considering a purchase.",130.41,123.65,74.8,3.0062,1138568,0.94,10.8,15.0,2.67,5.47,1,0.05,-0.01,0.06
Day-456,google/gemma-2-9b-it,ISFJ,memory,flat,456,0.92,flat,144.87,145.0239611726042,10000.0,10000.0,0.0,HOLD,0.0,"The RSI is high, indicating potential overvaluation.  I will wait for a pullback and a more favorable entry point before considering a purchase.",131.07,124.25,77.7,3.7922,1219918,1.01,9.3,15.0,2.67,5.49,1,0.04,0.0,0.04
Day-457,google/gemma-2-9b-it,ISFJ,memory,flat,456,0.92,flat,147.42,147.5887094024136,10000.0,10000.0,0.0,HOLD,0.0,The high RSI and implied volatility suggest potential for a pullback.  Maintaining cash allows for a purchase opportunity at a more favorable price.,131.83,124.93,83.2,4.568,1266286,1.04,11.6,15.0,2.67,5.53,1,-0.12,-0.02,-0.1
Day-458,google/gemma-2-9b-it,ISFJ,memory,flat,456,0.92,flat,151.17,150.9449815373871,10000.0,10000.0,0.0,HOLD,0.0,The high RSI and implied volatility suggest significant risk.  Holding cash allows for a more secure approach until market conditions stabilize.,132.9,125.6,83.9,5.4233,1274231,1.04,18.1,15.0,2.66,5.81,1,-0.19,-0.13,-0.06
Day-459,google/gemma-2-9b-it,ISFJ,memory,flat,456,0.92,flat,149.26,149.0504590648144,10000.0,10000.0,0.0,HOLD,0.0,"The RSI is high, indicating potential overvaluation.  I will wait for a pullback and a more favorable entry point to align with my risk-averse strategy.",134.03,126.28,78.7,5.8785,1472332,1.19,16.4,15.0,2.66,6.13,1,0.18,-0.01,0.19
Day-460,google/gemma-2-9b-it,ISFJ,memory,flat,456,0.92,flat,151.16,151.41210646924347,10000.0,10000.0,0.0,HOLD,0.0,The high RSI and implied volatility suggest potential for a pullback.  Holding cash allows for a safer entry point when the market stabilizes.,135.25,127.02,79.8,6.3204,1473726,1.18,15.1,15.0,2.67,6.48,1,0.13,0.01,0.12
Day-461,google/gemma-2-9b-it,ISFJ,memory,flat,456,0.92,flat,151.8,151.22142446031143,10000.0,10000.0,0.0,HOLD,0.0,The high RSI and implied volatility indicate potential for a correction.  Maintaining cash preserves capital and allows for a safer entry point in the future.,136.55,127.78,85.5,6.6453,1365266,1.09,15.0,15.1,2.66,6.86,1,-0.12,-0.02,-0.1
Day-462,google/gemma-2-9b-it,ISFJ,memory,flat,456,0.92,flat,154.6,153.94180379113627,10000.0,10000.0,0.0,HOLD,0.0,"The RSI is extremely high, indicating potential overvaluation.  I will wait for a pullback before considering a purchase.",137.82,128.59,86.1,7.0472,1289446,1.04,13.4,15.1,2.66,7.18,1,0.06,0.01,0.05
Day-463,google/gemma-2-9b-it,ISFJ,memory,flat,456,0.92,flat,150.36,150.0384958684607,10000.0,10000.0,0.0,HOLD,0.0,"The RSI is high, indicating potential overvaluation.  I will wait for a pullback and a more favorable entry point before considering a purchase.",138.95,129.34,79.4,6.9437,1029656,0.83,14.7,15.0,2.66,7.43,1,-0.19,0.01,-0.2
Day-464,google/gemma-2-9b-it,ISFJ,memory,flat,456,0.92,flat,154.74,154.3696136262522,10000.0,10000.0,0.0,HOLD,0.0,The high RSI and implied volatility indicate potential for a pullback.  I will wait for a more stable market environment before considering a purchase.,140.17,130.13,83.5,7.1326,1060645,0.86,14.1,15.0,2.66,7.72,1,0.07,-0.01,0.08
Day-465,google/gemma-2-9b-it,ISFJ,memory,flat,456,0.92,flat,150.13,149.93602312508733,10000.0,10000.0,0.0,HOLD,0.0,"The market is overbought (RSI 75.7) and the stock is trading above its 20 and 60 day moving averages.  This suggests a potential for a pullback, making it prudent to wait for a more favorable entry point.",141.14,130.86,75.7,6.8321,1393189,1.12,16.2,15.0,2.66,7.86,1,-0.04,-0.04,0.0
Day-466,google/gemma-2-9b-it,ISFJ,memory,flat,456,0.92,flat,149.16,149.99265104406726,10000.0,10000.0,0.0,HOLD,0.0,The current market conditions are too volatile.  I need to see a more stable trend and lower implied volatility before considering an investment.,142.06,131.45,69.5,6.4415,1040089,0.84,13.1,14.9,2.68,8.08,1,0.54,0.09,0.45
Day-467,google/gemma-2-9b-it,ISFJ,memory,flat,456,0.92,flat,150.85,150.88784900079398,10000.0,10000.0,0.0,HOLD,0.0,"The market is showing signs of overbought conditions (RSI 69.7) and the price is above both the 20 and 60 day moving averages.  This suggests potential for a pullback, and I will wait for a more favorable entry point.",143.17,132.07,69.7,6.1965,1281292,1.03,11.8,15.0,2.67,8.4,1,-0.15,0.05,-0.2
Day-468,google/gemma-2-9b-it,ISFJ,memory,flat,456,0.92,flat,150.99,150.3537838420519,10000.0,10000.0,0.0,HOLD,0.0,The market is showing signs of overvaluation (RSI 69.6) and the price is above both the 20 and 60 day moving averages.  Further research and a more significant pullback are needed before considering a purchase.,144.22,132.7,69.6,5.945,1479229,1.17,14.1,15.1,2.66,8.68,1,0.27,0.14,0.13
Day-469,google/gemma-2-9b-it,ISFJ,memory,flat,456,0.92,flat,150.72,151.89053534774501,10000.0,10000.0,0.0,HOLD,0.0,"The current price is above the 20-day SMA, indicating potential overvaluation.  Holding cash allows for a more conservative approach and the opportunity to buy at a lower price if the market corrects.",145.31,133.34,67.2,5.6591,1248034,0.99,14.3,14.9,2.69,8.98,1,0.08,0.14,-0.06
Day-470,google/gemma-2-9b-it,ISFJ,memory,flat,456,0.92,flat,153.21,152.31997244940172,10000.0,10000.0,0.0,HOLD,0.0,The market is showing signs of potential overvaluation (RSI 62.9) and volatility (Implied Volatility 12.2%).  Holding cash allows for a more secure position until a clearer trend emerges.,146.58,133.94,62.9,5.5694,1257825,0.99,12.2,15.1,2.65,9.44,1,0.15,0.18,-0.03
Day-471,google/gemma-2-9b-it,ISFJ,memory,flat,456,0.92,flat,152.77,153.0100665740447,10000.0,10000.0,0.0,HOLD,0.0,The market is showing signs of potential overvaluation (P/E ratio) and volatility is elevated.  Holding cash allows for a safer entry point when the market stabilizes.,147.85,134.53,58.8,5.4002,1148133,0.91,11.8,15.0,2.67,9.9,1,-0.1,0.05,-0.15
Day-472,google/gemma-2-9b-it,ISFJ,memory,flat,456,0.92,flat,151.14,150.95045775978616,10000.0,10000.0,0.0,HOLD,0.0,The market is showing mixed signals.  I need more information to feel confident in taking on risk.  Holding cash allows me to wait for a clearer opportunity.,148.7,135.11,49.9,5.0759,1307847,1.03,16.5,15.0,2.66,10.06,1,0.09,0.1,-0.01
Day-473,google/gemma-2-9b-it,ISFJ,memory,flat,456,0.92,flat,149.9,149.62678732426232,10000.0,10000.0,0.0,HOLD,0.0,The market is showing mixed signals and volatility is elevated.  I will wait for a clearer trend and lower volatility before considering a purchase.,149.41,135.69,51.2,4.665,1079579,0.85,18.7,15.0,2.66,10.11,1,-0.48,-0.05,-0.43
Day-474,google/gemma-2-9b-it,ISFJ,memory,flat,456,0.92,flat,146.25,146.6718912618592,10000.0,10000.0,0.0,HOLD,0.0,"The market is showing signs of weakness, and the implied volatility is elevated.  It is prudent to remain in cash and wait for a clearer signal before deploying capital.",149.93,136.22,41.6,3.9987,1009916,0.81,14.3,15.0,2.67,10.07,1,-0.15,-0.1,-0.06
Day-475,google/gemma-2-9b-it,ISFJ,memory,flat,456,0.92,flat,144.19,144.2354828417744,10000.0,10000.0,0.0,HOLD,0.0,"Price is below both moving averages and RSI is low, suggesting potential for further decline.  Hedging is recommended to protect principal.",150.23,136.71,37.6,3.267,1325520,1.06,11.2,15.0,2.67,9.89,1,-0.36,-0.2,-0.16
Day-476,google/gemma-2-9b-it,ISFJ,memory,flat,456,0.92,flat,152.98,152.7955156460515,10000.0,10000.0,0.0,HOLD,0.0,The market is showing signs of volatility and the P/E ratio is above average.  It is prudent to remain in cash and wait for a more stable entry point.,150.64,137.5,47.8,3.3579,1142380,0.92,10.1,15.0,2.66,9.56,1,0.35,-0.11,0.46
Day-477,google/gemma-2-9b-it,ISFJ,memory,flat,456,0.92,flat,153.43,152.9437928083996,10000.0,10000.0,0.0,HOLD,0.0,The market is showing signs of potential volatility.  It is prudent to maintain a cash position and observe market trends before making any investments.,150.94,138.27,54.7,3.4262,1361588,1.09,8.3,15.0,2.66,9.16,1,0.31,-0.07,0.38
Day-478,google/gemma-2-9b-it,ISFJ,memory,flat,456,0.92,flat,151.94,152.0942049889187,10000.0,10000.0,0.0,HOLD,0.0,The market is showing mixed signals and volatility is elevated.  It is prudent to remain in cash and observe market trends before making a decision.,150.98,139.0,45.3,3.3218,1197683,0.96,7.7,15.0,2.67,8.62,1,0.03,0.03,-0.0
Day-479,google/gemma-2-9b-it,ISFJ,memory,flat,456,0.92,flat,147.27,147.0363632816549,10000.0,10000.0,0.0,HOLD,0.0,The market is showing mixed signals and volatility is elevated.  It is prudent to remain in cash and observe the market further before making a decision.,150.88,139.6,45.2,2.8304,1475684,1.18,7.5,15.0,2.66,8.08,1,-0.36,-0.01,-0.36
Day-480,google/gemma-2-9b-it,ISFJ,memory,flat,456,0.92,flat,145.9,145.90606370073357,10000.0,10000.0,0.0,HOLD,0.0,Current market conditions are volatile. Holding cash allows for a more measured approach to investing when the market stabilizes.,150.62,140.13,44.6,2.3035,1034886,0.84,7.5,15.0,2.67,7.48,1,0.24,0.11,0.13
Day-481,google/gemma-2-9b-it,ISFJ,memory,flat,456,0.92,flat,144.11,144.32242704123615,10000.0,10000.0,0.0,HOLD,0.0,"Price is below both moving averages and RSI is low, suggesting potential for further decline.  Hedging is recommended to protect principal.",150.23,140.54,38.9,1.722,1304762,1.07,8.0,15.0,2.67,6.9,1,0.53,0.15,0.38
Day-482,google/gemma-2-9b-it,ISFJ,memory,flat,456,0.92,flat,144.66,145.11439027018673,10000.0,10000.0,0.0,HOLD,0.0,"The market is showing signs of weakness, and the P/E ratio is elevated.  It is prudent to remain in cash and wait for a more favorable entry point.",149.73,140.84,39.8,1.2903,1493054,1.21,7.5,15.0,2.68,6.31,1,0.11,0.11,-0.0
Day-483,google/gemma-2-9b-it,ISFJ,memory,flat,456,0.92,flat,146.72,146.8718201573474,10000.0,10000.0,0.0,HOLD,0.0,The market is showing mixed signals and the P/E ratio is elevated.  I need more information and a clearer trend before considering a purchase.,149.55,141.16,43.9,1.1017,1090216,0.88,8.9,15.0,2.67,5.95,1,0.01,0.1,-0.1
Day-484,google/gemma-2-9b-it,ISFJ,memory,flat,456,0.92,flat,147.78,147.93868766673828,10000.0,10000.0,0.0,HOLD,0.0,"The market is showing signs of weakness, but the P/E ratio and implied volatility are not alarming.  Further observation is needed before considering a purchase.",149.21,141.56,41.3,1.0262,1139455,0.92,7.5,15.0,2.67,5.4,1,-0.36,0.11,-0.46
Day-485,google/gemma-2-9b-it,ISFJ,memory,flat,456,0.92,flat,143.67,143.4748099357748,10000.0,10000.0,0.0,HOLD,0.0,"The market is showing signs of weakness, but the P/E ratio is reasonable.  Further information is needed before making a decision.",148.88,141.83,37.0,0.627,1229581,1.0,7.5,15.0,2.66,4.97,1,0.17,0.09,0.08
Day-486,google/gemma-2-9b-it,ISFJ,memory,flat,456,0.92,flat,147.84,147.92835691152683,10000.0,10000.0,0.0,HOLD,0.0,The market is showing mixed signals and volatility is elevated.  I need more information and a clearer trend before considering a purchase.,148.82,142.15,45.6,0.6396,1384949,1.11,7.9,15.0,2.67,4.69,1,-0.11,-0.04,-0.07
Day-487,google/gemma-2-9b-it,ISFJ,memory,flat,456,0.92,flat,153.05,152.86013873324703,10000.0,10000.0,0.0,HOLD,0.0,The market is showing signs of volatility.  I will wait for a clearer trend and lower price point before considering a purchase.,148.93,142.57,53.8,1.0579,1129337,0.91,7.5,15.0,2.66,4.46,1,-0.63,-0.18,-0.45
Day-488,google/gemma-2-9b-it,ISFJ,memory,flat,456,0.92,flat,150.95,150.71877309473965,10000.0,10000.0,0.0,HOLD,0.0,The market is showing signs of potential volatility.  It is prudent to remain in cash and observe the market further before making a decision.,148.92,142.99,55.9,1.2061,1010345,0.83,7.8,15.0,2.66,4.15,1,-0.51,-0.29,-0.22
Day-489,google/gemma-2-9b-it,ISFJ,memory,flat,456,0.92,flat,150.39,150.94143805449193,10000.0,10000.0,0.0,HOLD,0.0,The market is showing signs of potential overbought conditions (RSI 58.1) and the price is slightly above the 20-day SMA.  Further analysis and a more significant dip are needed before considering a purchase.,148.91,143.46,58.1,1.2639,1191599,0.98,8.5,14.9,2.68,3.79,1,-0.55,-0.33,-0.22
Day-490,google/gemma-2-9b-it,ISFJ,memory,flat,456,0.92,flat,155.46,155.00153662405174,10000.0,10000.0,0.0,HOLD,0.0,"Market conditions are not yet favorable for a purchase.  The price is above the 20-day SMA and RSI is above 50, indicating potential overbought conditions.",149.02,144.04,53.6,1.6994,1372552,1.12,10.3,15.0,2.66,3.46,1,0.34,-0.29,0.63
Day-491,google/gemma-2-9b-it,ISFJ,memory,flat,456,0.92,flat,151.01,151.30454770878902,10000.0,10000.0,0.0,HOLD,0.0,The market is showing mixed signals and the P/E ratio is elevated.  Holding cash allows for a more measured approach to investing when conditions improve.,148.93,144.54,46.9,1.666,1080763,0.89,10.0,15.0,2.67,3.04,1,-0.1,-0.29,0.19
Day-492,google/gemma-2-9b-it,ISFJ,memory,flat,456,0.92,flat,146.12,145.87708900299788,10000.0,10000.0,0.0,HOLD,0.0,"The market is showing some weakness, but the P/E ratio and implied volatility suggest potential for further decline.  I will wait for a more stable environment before considering a purchase.",148.68,144.88,43.1,1.2312,1497768,1.22,8.5,15.0,2.66,2.62,1,-0.13,-0.19,0.06
Day-493,google/gemma-2-9b-it,ISFJ,memory,flat,456,0.92,flat,142.18,141.9862157893208,10000.0,10000.0,0.0,HOLD,0.0,The market is currently volatile and the P/E ratio is elevated.  Holding cash allows for a safer entry point when the market stabilizes.,148.29,145.17,43.8,0.5616,1174111,0.95,14.2,15.0,2.66,2.15,1,-0.28,-0.14,-0.14
Day-494,google/gemma-2-9b-it,ISFJ,memory,flat,456,0.92,flat,145.53,145.20112156128235,10000.0,10000.0,0.0,HOLD,0.0,The market is currently showing no clear signal for a buy.  Maintaining a cash position allows for a more secure approach while waiting for a more favorable opportunity.,148.26,145.48,49.6,0.2984,1178573,0.95,14.6,15.0,2.66,1.91,0,0.25,0.02,0.23
Day-495,google/gemma-2-9b-it,ISFJ,memory,flat,456,0.92,flat,148.11,148.1697630972426,10000.0,10000.0,0.0,HOLD,0.0,The market is showing no clear signal for a buy.  Maintaining cash reserves allows for opportunistic purchases when volatility dips and prices are more attractive.,148.45,145.82,54.5,0.2946,1049258,0.86,15.7,15.0,2.67,1.8,0,0.07,-0.04,0.1
Day-496,google/gemma-2-9b-it,ISFJ,memory,flat,456,0.92,flat,146.09,146.2501321855869,10000.0,10000.0,0.0,HOLD,0.0,"The market is currently neutral, and the P/E ratio is within a reasonable range.  I will wait for a clearer signal before making a decision.",148.11,146.13,51.6,0.1271,1310505,1.06,11.7,15.0,2.67,1.36,0,-0.12,-0.04,-0.08
Day-497,google/gemma-2-9b-it,ISFJ,memory,flat,456,0.92,flat,145.79,146.01864745376915,10000.0,10000.0,0.0,HOLD,0.0,The market is showing no clear signal for a buy.  Maintaining cash reserves allows for opportunistic purchases when volatility dips and prices become more attractive.,147.73,146.47,48.9,-0.0294,1298924,1.05,12.9,15.0,2.67,0.86,0,-0.17,-0.05,-0.12
Day-498,google/gemma-2-9b-it,ISFJ,memory,flat,456,0.92,flat,144.5,145.3559015476681,10000.0,10000.0,0.0,HOLD,0.0,The market is currently volatile and the P/E ratio is elevated.  Holding cash allows for a more secure position until a clearer trend emerges.,147.36,146.76,46.3,-0.2552,1254962,1.02,10.6,14.9,2.68,0.41,0,0.78,0.16,0.62
Day-499,google/gemma-2-9b-it,ISFJ,memory,flat,456,0.92,flat,143.91,143.5311328188496,10000.0,10000.0,0.0,HOLD,0.0,The market is currently neutral with no clear signal for a buy.  Holding cash preserves capital and allows for a more strategic entry point when volatility subsides.,147.19,147.06,50.3,-0.476,1257045,1.03,8.7,15.0,2.66,0.09,0,-0.34,0.04,-0.39
Day-500,google/gemma-2-9b-it,ISFJ,memory,flat,456,0.92,flat,144.44,144.58112677169066,10000.0,10000.0,0.0,HOLD,0.0,The market is currently neutral with no clear signal for a buy.  Maintaining cash reserves aligns with the core mandate of security and risk aversion.,147.12,147.39,45.4,-0.6012,1350169,1.09,8.0,15.0,2.67,-0.19,0,-0.54,-0.08,-0.46
Day-501,google/gemma-2-9b-it,ISFJ,memory,flat,456,0.92,flat,150.74,149.97441379216133,10000.0,10000.0,0.0,HOLD,0.0,"The market is currently neutral, and the P/E ratio is within a reasonable range.  Holding cash allows for a more conservative approach and preserves capital.",147.45,147.86,47.0,-0.1897,1175133,0.95,11.5,15.1,2.65,-0.28,0,0.51,0.05,0.46
Day-502,google/gemma-2-9b-it,ISFJ,memory,flat,456,0.92,flat,147.38,147.77440715561573,10000.0,10000.0,0.0,HOLD,0.0,"The market is currently neutral with no clear signal for a buy.  Prioritizing capital preservation, I will wait for a more compelling opportunity.",147.58,148.13,45.5,-0.1333,1074423,0.89,9.3,15.0,2.67,-0.37,0,0.41,0.16,0.25
Day-503,google/gemma-2-9b-it,ISFJ,memory,flat,456,0.92,flat,148.49,148.48769783804403,10000.0,10000.0,0.0,HOLD,0.0,The market is showing no clear signal for a buy.  Maintaining cash reserves is prudent until a more compelling opportunity arises that aligns with the core mandate of security and low risk.,147.67,148.38,47.6,0.0006,1482938,1.2,12.0,15.0,2.67,-0.48,0,-0.12,-0.02,-0.1
Day-504,google/gemma-2-9b-it,ISFJ,memory,flat,456,0.92,flat,151.72,151.98491245201956,10000.0,10000.0,0.0,HOLD,0.0,The market is showing no clear signal for a buy.  Maintaining cash preserves capital and allows for a purchase opportunity at a more favorable price.,147.87,148.7,45.1,0.3633,1111638,0.9,10.8,15.0,2.67,-0.56,0,0.51,0.16,0.36
Day-505,google/gemma-2-9b-it,ISFJ,memory,flat,456,0.92,flat,148.96,149.10951444251592,10000.0,10000.0,0.0,HOLD,0.0,The market is currently neutral.  There is no compelling reason to deviate from the core mandate of security and avoiding volatility.,148.13,148.92,47.2,0.4236,1150237,0.94,11.7,15.0,2.67,-0.53,0,0.31,0.33,-0.01
Day-506,google/gemma-2-9b-it,ISFJ,memory,flat,456,0.92,flat,150.96,150.8653244046779,10000.0,10000.0,0.0,HOLD,0.0,The market is showing no clear signal for a buy.  Maintaining cash reserves allows for opportunistic purchases at a more favorable price point.,148.29,149.04,57.2,0.625,1003606,0.83,11.2,15.0,2.67,-0.5,0,0.29,0.28,0.01
Day-507,google/gemma-2-9b-it,ISFJ,memory,flat,456,0.92,flat,154.22,154.35323271699284,10000.0,10000.0,0.0,HOLD,0.0,The market is showing signs of overvaluation (RSI 68.4) and the P/E ratio is elevated.  I will wait for a more attractive entry point with lower risk.,148.35,149.17,68.4,1.0358,1378370,1.13,8.4,15.0,2.67,-0.55,0,-0.33,0.13,-0.46
Day-508,google/gemma-2-9b-it,ISFJ,memory,flat,456,0.92,flat,151.26,151.30564282258285,10000.0,10000.0,0.0,HOLD,0.0,"The market is showing no clear signal for a buy. Volatility is moderate, and the P/E ratio is within a reasonable range.  Maintaining cash reserves is prudent until a more compelling opportunity arises.",148.36,149.18,58.9,1.1101,1070871,0.88,11.4,15.0,2.67,-0.54,0,0.01,0.16,-0.15
Day-509,google/gemma-2-9b-it,ISFJ,memory,flat,456,0.92,flat,155.49,155.69345812713357,10000.0,10000.0,0.0,HOLD,0.0,"The market is showing signs of overvaluation (RSI 60.9, P/E 15.0).  I will wait for a more attractive entry point with lower risk.",148.62,149.3,60.9,1.4927,1193148,0.98,10.9,15.0,2.67,-0.46,0,-0.43,-0.03,-0.4
Day-510,google/gemma-2-9b-it,ISFJ,memory,flat,456,0.92,flat,160.24,160.55634889387,10000.0,10000.0,0.0,HOLD,0.0,The market is showing signs of overvaluation (RSI 69.3) and the P/E ratio is above average.  Holding cash allows for a more conservative approach and avoids unnecessary risk.,148.86,149.48,69.3,2.1547,1044606,0.87,8.8,15.0,2.67,-0.42,0,0.69,0.05,0.64
Day-511,google/gemma-2-9b-it,ISFJ,memory,flat,456,0.92,flat,167.01,166.8740486940542,10000.0,10000.0,0.0,HOLD,0.0,"The RSI is high, indicating potential overvaluation.  I will wait for a pullback and a more favorable entry point before considering a purchase.",149.66,149.79,74.6,3.1886,1251816,1.03,7.5,15.0,2.66,-0.09,0,-0.05,-0.02,-0.03
Day-512,google/gemma-2-9b-it,ISFJ,memory,flat,456,0.92,flat,168.51,169.26036755634837,10000.0,10000.0,0.0,HOLD,0.0,"The RSI is high, indicating potential overvaluation.  I will wait for a pullback and a more favorable entry point to align with my risk-averse strategy.",150.78,150.06,77.7,4.0823,1062658,0.89,12.9,14.9,2.68,0.47,0,0.05,0.05,-0.0
Day-513,google/gemma-2-9b-it,ISFJ,memory,flat,456,0.92,flat,168.05,168.0897741987702,10000.0,10000.0,0.0,HOLD,0.0,"The RSI is high, indicating potential overvaluation.  I will wait for a pullback before considering a purchase.",152.07,150.42,77.9,4.6989,1486654,1.23,9.7,15.0,2.67,1.1,0,-0.05,0.04,-0.09
Day-514,google/gemma-2-9b-it,ISFJ,memory,flat,456,0.92,flat,169.3,169.47619209084388,10000.0,10000.0,0.0,HOLD,0.0,"The RSI is high, indicating potential overvaluation.  I will wait for a pullback and a more favorable entry point to align with my risk-averse strategy.",153.26,150.71,78.3,5.228,1232940,1.02,10.4,15.0,2.67,1.69,0,-0.05,0.12,-0.17
Day-515,google/gemma-2-9b-it,ISFJ,memory,flat,456,0.92,flat,169.03,169.07791568888527,10000.0,10000.0,0.0,HOLD,0.0,"The RSI is high, suggesting potential overvaluation.  I will wait for a pullback and a more favorable entry point before considering a purchase.",154.3,151.09,74.1,5.5616,1099097,0.9,9.3,15.0,2.67,2.13,1,0.7,0.12,0.58
Day-516,google/gemma-2-9b-it,ISFJ,memory,flat,456,0.92,flat,171.19,170.90114658449332,10000.0,10000.0,0.0,HOLD,0.0,The high RSI and implied volatility suggest potential for price correction.  Holding cash allows for a safer entry point when the market stabilizes.,155.56,151.53,82.4,5.932,1248714,1.03,9.4,15.0,2.66,2.66,1,0.44,0.22,0.22
Day-517,google/gemma-2-9b-it,ISFJ,memory,flat,456,0.92,flat,172.68,172.45833593820728,10000.0,10000.0,0.0,HOLD,0.0,"The RSI is high, indicating potential overvaluation.  I will wait for a pullback before considering a purchase.",156.9,151.96,82.6,6.2732,1019663,0.85,10.5,15.0,2.66,3.25,1,-0.07,0.19,-0.26
Day-518,google/gemma-2-9b-it,ISFJ,memory,flat,456,0.92,flat,166.9,167.0573372468841,10000.0,10000.0,0.0,HOLD,0.0,The market is showing signs of potential overvaluation (RSI 69.2) and the P/E ratio is above average.  I will wait for a more favorable entry point with a lower price and stronger support indicators.,158.02,152.28,69.2,6.0083,1236030,1.03,10.5,15.0,2.67,3.77,1,-0.02,0.2,-0.22
Day-519,google/gemma-2-9b-it,ISFJ,memory,flat,456,0.92,flat,168.43,168.04730542843254,10000.0,10000.0,0.0,HOLD,0.0,"The RSI is high, indicating potential overvaluation.  I will wait for a pullback or a more favorable entry point that aligns with my risk-averse strategy.",159.25,152.64,75.4,5.8547,1339072,1.12,16.6,15.0,2.66,4.33,1,0.08,0.23,-0.15
Day-520,google/gemma-2-9b-it,ISFJ,memory,flat,456,0.92,flat,168.5,167.9491236835709,10000.0,10000.0,0.0,HOLD,0.0,"The RSI is high, indicating potential overvaluation.  The market is trending downwards, and I need more information before considering a purchase.",160.45,152.94,74.0,5.6724,1382390,1.15,17.4,15.0,2.66,4.91,1,-0.04,0.08,-0.12
Day-521,google/gemma-2-9b-it,ISFJ,memory,flat,456,0.92,flat,168.09,168.2267007003182,10000.0,10000.0,0.0,HOLD,0.0,"The RSI is high, indicating potential overbought conditions.  I will wait for a pullback before considering a purchase.",161.32,153.25,70.6,5.4326,1455090,1.2,17.3,15.0,2.67,5.27,1,0.41,0.07,0.33
Day-522,google/gemma-2-9b-it,ISFJ,memory,flat,456,0.92,flat,164.18,164.68357581414827,10000.0,10000.0,0.0,HOLD,0.0,"The RSI is elevated, suggesting potential overbought conditions.  Further analysis and a more established trend are needed before considering a purchase.",162.16,153.51,68.7,4.8706,1093283,0.9,16.0,15.0,2.67,5.63,1,0.22,0.13,0.09
Day-523,google/gemma-2-9b-it,ISFJ,memory,flat,456,0.92,flat,161.46,161.42666450143776,10000.0,10000.0,0.0,HOLD,0.0,The market is showing signs of potential overvaluation (RSI above 50) and the P/E ratio is above the historical average.  I will wait for a more favorable entry point with a lower price and increased safety measures.,162.81,153.74,59.0,4.1579,1357007,1.12,12.6,15.0,2.67,5.9,1,0.37,0.21,0.16
Day-524,google/gemma-2-9b-it,ISFJ,memory,flat,456,0.92,flat,161.76,161.67366640883648,10000.0,10000.0,0.0,HOLD,0.0,"The market is showing mixed signals and the RSI is above 50, indicating potential overbought conditions.  I will wait for a clearer signal and a more favorable risk/reward profile before investing.",163.31,154.05,52.6,3.5759,1224591,1.01,9.8,15.0,2.67,6.01,1,-0.32,0.13,-0.44
Day-525,google/gemma-2-9b-it,ISFJ,memory,flat,456,0.92,flat,165.87,166.25596269372815,10000.0,10000.0,0.0,HOLD,0.0,The market is showing mixed signals and the P/E ratio is above average.  I will wait for a clearer trend and a lower entry point before considering a purchase.,164.16,154.48,47.8,3.4071,1338811,1.09,7.8,15.0,2.67,6.26,1,-0.05,0.13,-0.17
Day-526,google/gemma-2-9b-it,ISFJ,memory,flat,456,0.92,flat,162.59,162.93728131863446,10000.0,10000.0,0.0,HOLD,0.0,"The market is showing signs of weakness, and the P/E ratio is elevated.  It is prudent to remain in cash and wait for a more favorable entry point.",164.74,154.68,39.3,2.9747,1198048,0.97,7.5,15.0,2.67,6.5,1,0.33,0.11,0.22
Day-527,google/gemma-2-9b-it,ISFJ,memory,flat,456,0.92,flat,158.23,158.70786769615174,10000.0,10000.0,0.0,HOLD,0.0,"The market is showing signs of weakness, and the P/E ratio is relatively high.  It is prudent to remain in cash and wait for a more favorable entry point.",164.94,154.77,34.5,2.2541,1134258,0.93,10.6,15.0,2.67,6.57,1,-0.32,0.0,-0.32
Day-528,google/gemma-2-9b-it,ISFJ,memory,flat,456,0.92,flat,163.06,162.71065455604722,10000.0,10000.0,0.0,HOLD,0.0,"The market is showing signs of weakness, and the P/E ratio is elevated.  It is prudent to remain in cash and wait for a more favorable entry point.",165.53,155.0,41.1,2.0495,1121803,0.92,9.1,15.0,2.66,6.8,1,0.05,-0.06,0.11
Day-529,google/gemma-2-9b-it,ISFJ,memory,flat,456,0.92,flat,163.24,163.2820314962842,10000.0,10000.0,0.0,HOLD,0.0,The market is currently showing mixed signals.  Holding cash allows for a better entry point when the market stabilizes and presents a more secure opportunity.,165.92,155.31,41.8,1.8796,1060549,0.87,12.1,15.0,2.67,6.83,1,-0.01,0.0,-0.01
Day-530,google/gemma-2-9b-it,ISFJ,memory,flat,456,0.92,flat,168.34,168.1825945142599,10000.0,10000.0,0.0,HOLD,0.0,The market is showing signs of uncertainty.  Holding cash allows for a better entry point when volatility subsides and risk is reduced.,166.32,155.76,46.2,2.1319,1382516,1.12,11.4,15.0,2.66,6.78,1,0.02,0.02,0.0
Day-531,google/gemma-2-9b-it,ISFJ,memory,flat,456,0.92,flat,164.87,165.47635229284325,10000.0,10000.0,0.0,HOLD,0.0,"The market is showing signs of weakness, and the P/E ratio is elevated.  It is prudent to remain in cash and wait for a more favorable entry point.",166.21,156.18,40.2,2.0287,1401729,1.13,9.7,14.9,2.68,6.42,1,0.3,0.01,0.29
Day-532,google/gemma-2-9b-it,ISFJ,memory,flat,456,0.92,flat,168.14,167.93840601864355,10000.0,10000.0,0.0,HOLD,0.0,The market is showing mixed signals and the P/E ratio is elevated.  I need more information to justify taking on risk at this time.,166.19,156.65,51.7,2.1859,1229629,0.98,9.9,15.0,2.66,6.09,1,-0.04,0.06,-0.11
Day-533,google/gemma-2-9b-it,ISFJ,memory,flat,456,0.92,flat,172.13,171.80541524740224,10000.0,10000.0,0.0,HOLD,0.0,The market is showing signs of potential volatility.  Holding cash allows for a more conservative approach and avoids unnecessary risk.,166.4,157.16,54.6,2.6022,1081148,0.88,7.5,15.0,2.66,5.88,1,-0.14,0.03,-0.17
Day-534,google/gemma-2-9b-it,ISFJ,memory,flat,456,0.92,flat,169.89,169.54437804674117,10000.0,10000.0,0.0,HOLD,0.0,"The market is showing mixed signals and the P/E ratio is above average.  I need more information before making a decision, especially regarding hedging strategies.",166.43,157.6,51.7,2.7199,1271815,1.03,9.9,15.0,2.66,5.6,1,-0.01,0.02,-0.03
Day-535,google/gemma-2-9b-it,ISFJ,memory,flat,456,0.92,flat,170.73,170.4385906511517,10000.0,10000.0,0.0,HOLD,0.0,"Market conditions are currently neutral.  The P/E ratio is reasonable, but the price is above the 60-day SMA, suggesting potential overvaluation.  Further research and a more favorable market environment are needed before investing.",166.51,158.14,53.1,2.8482,1167377,0.94,12.9,15.0,2.66,5.29,1,-0.33,-0.05,-0.29
Day-536,google/gemma-2-9b-it,ISFJ,memory,flat,456,0.92,flat,170.04,170.32913000640295,10000.0,10000.0,0.0,HOLD,0.0,The market is showing signs of potential overvaluation (P/E ratio) and volatility is elevated.  Holding cash allows for a safer entry point when the market stabilizes.,166.46,158.58,57.4,2.8612,1146133,0.93,13.0,15.0,2.67,4.96,1,-0.13,-0.13,0.0
Day-537,google/gemma-2-9b-it,ISFJ,memory,flat,456,0.92,flat,165.22,165.1633169507866,10000.0,10000.0,0.0,HOLD,0.0,The market is showing mixed signals.  Holding cash allows for a more measured approach and avoids unnecessary risk.,166.08,158.83,54.5,2.4543,1303697,1.05,12.1,15.0,2.67,4.57,1,-0.05,-0.13,0.09
Day-538,google/gemma-2-9b-it,ISFJ,memory,flat,456,0.92,flat,161.29,161.45114480897863,10000.0,10000.0,0.0,HOLD,0.0,The market is showing mixed signals and the P/E ratio is slightly elevated.  It is prudent to remain in cash and observe market trends further before considering a purchase.,165.8,159.03,49.5,1.7937,1039164,0.84,13.5,15.0,2.67,4.26,1,-0.06,-0.12,0.06
Day-539,google/gemma-2-9b-it,ISFJ,memory,flat,456,0.92,flat,156.91,156.8270802390341,10000.0,10000.0,0.0,HOLD,0.0,"The market is showing signs of weakness, and the P/E ratio is above average.  It is prudent to remain in cash and wait for a more favorable entry point.",165.23,159.16,40.1,0.9063,1216565,0.99,11.7,15.0,2.67,3.81,1,-0.03,-0.12,0.09
Day-540,google/gemma-2-9b-it,ISFJ,memory,flat,456,0.92,flat,157.62,158.88668991059177,10000.0,10000.0,0.0,HOLD,0.0,The market is currently showing mixed signals.  Holding cash allows for a more cautious approach and preserves capital until a clearer trend emerges.,164.68,159.21,44.2,0.258,1127937,0.93,17.5,14.9,2.69,3.44,1,-0.09,-0.07,-0.02
Day-541,google/gemma-2-9b-it,ISFJ,memory,flat,456,0.92,flat,157.35,157.905911354805,10000.0,10000.0,0.0,HOLD,0.0,The market is showing mixed signals and the implied volatility is high.  It is prudent to remain in cash and wait for a clearer signal before investing.,164.14,159.33,48.9,-0.2748,1303806,1.08,15.5,14.9,2.68,3.02,1,-0.26,-0.1,-0.16
Day-542,google/gemma-2-9b-it,ISFJ,memory,flat,456,0.92,flat,156.88,156.6533779455112,10000.0,10000.0,0.0,HOLD,0.0,The market is currently showing mixed signals.  Holding cash allows for a more measured approach and avoids unnecessary risk.,163.78,159.55,41.0,-0.7268,1219174,1.0,14.6,15.0,2.66,2.65,1,-0.1,-0.11,0.01
Day-543,google/gemma-2-9b-it,ISFJ,memory,flat,456,0.92,flat,155.13,154.8116615808592,10000.0,10000.0,0.0,HOLD,0.0,"The market is showing signs of weakness, but the P/E ratio and low RSI suggest potential for a rebound.  Holding cash allows for a more opportunistic entry point.",163.46,159.81,38.7,-1.2123,1459224,1.19,15.2,15.0,2.66,2.29,1,0.03,-0.09,0.12
Day-544,google/gemma-2-9b-it,ISFJ,memory,flat,456,0.92,flat,157.26,157.37607571624642,10000.0,10000.0,0.0,HOLD,0.0,"The market is currently showing signs of weakness, and the RSI is in oversold territory. However, without a clear understanding of the company's fundamentals and future prospects, it is prudent to remain cautious and hold cash.",163.24,160.04,33.2,-1.4086,1435907,1.17,12.0,15.0,2.67,2.0,0,-0.59,-0.2,-0.39
Day-545,google/gemma-2-9b-it,ISFJ,memory,flat,456,0.92,flat,155.18,154.92752591063748,10000.0,10000.0,0.0,HOLD,0.0,"The market is showing signs of weakness, and the P/E ratio is elevated.  It is prudent to remain in cash and wait for a more favorable entry point.",162.7,160.18,34.7,-1.7124,1117622,0.92,13.6,15.0,2.66,1.57,0,-0.03,-0.19,0.16
Day-546,google/gemma-2-9b-it,ISFJ,memory,flat,456,0.92,flat,158.89,159.02806892413622,10000.0,10000.0,0.0,HOLD,0.0,"The market is showing signs of weakness, but the P/E ratio and implied volatility are not alarming.  Holding cash allows for a potential entry point at a more favorable price.",162.52,160.44,35.6,-1.635,1116221,0.92,14.7,15.0,2.67,1.3,0,-0.17,-0.17,0.0
Day-547,google/gemma-2-9b-it,ISFJ,memory,flat,456,0.92,flat,162.12,161.70802228816598,10000.0,10000.0,0.0,HOLD,0.0,"The market is showing no clear signal for entry. Volatility is high, and I need to see a more stable trend before considering investment.",162.71,160.77,34.0,-1.2977,1100518,0.91,17.0,15.0,2.66,1.21,0,0.05,-0.14,0.19
Day-548,google/gemma-2-9b-it,ISFJ,memory,flat,456,0.92,flat,160.97,160.12204777078867,10000.0,10000.0,0.0,HOLD,0.0,"The market is showing signs of weakness, but the P/E ratio and low RSI suggest potential for a bounce.  Holding cash allows for a more conservative approach and opportunity to buy at a lower price if the trend continues downwards.",162.61,161.1,35.2,-1.1103,1392101,1.13,15.4,15.1,2.65,0.94,0,0.08,-0.13,0.21
Day-549,google/gemma-2-9b-it,ISFJ,memory,flat,456,0.92,flat,155.58,155.8261030862501,10000.0,10000.0,0.0,HOLD,0.0,"The market is showing signs of weakness, and the RSI is oversold. However, I need more information about the company's fundamentals before considering a purchase.",162.23,161.33,28.2,-1.3813,1465459,1.17,20.0,15.0,2.67,0.56,0,-0.62,-0.14,-0.48
Day-550,google/gemma-2-9b-it,ISFJ,memory,flat,456,0.92,flat,156.32,156.71899086102758,10000.0,10000.0,0.0,HOLD,0.0,"The market is showing signs of weakness, but the P/E ratio and RSI suggest potential for a rebound.  Hedging is recommended to protect against further decline.",161.62,161.57,30.3,-1.5186,1315797,1.06,17.1,15.0,2.67,0.04,0,-0.1,-0.15,0.05
Day-551,google/gemma-2-9b-it,ISFJ,memory,flat,456,0.92,flat,161.74,161.12026660599327,10000.0,10000.0,0.0,HOLD,0.0,"The market is currently neutral, and the company's fundamentals are solid.  Holding cash allows for opportunistic buying at a potentially lower price in the future.",161.47,161.79,45.1,-1.1763,1083869,0.88,12.9,15.1,2.66,-0.2,0,-0.1,-0.14,0.04
Day-552,google/gemma-2-9b-it,ISFJ,memory,flat,456,0.92,flat,156.33,156.09562650886775,10000.0,10000.0,0.0,HOLD,0.0,"The market is showing slight bearish signals, but the P/E ratio and implied volatility are within acceptable ranges.  Holding cash allows for a more conservative approach and the opportunity to buy at a potentially lower price.",160.88,161.97,43.3,-1.3268,1189313,0.97,9.9,15.0,2.66,-0.67,0,-0.37,-0.22,-0.15
Day-553,google/gemma-2-9b-it,ISFJ,memory,flat,456,0.92,flat,155.24,155.04378864219092,10000.0,10000.0,0.0,HOLD,0.0,"Price is below the 20 and 60 day SMA, indicating a potential downtrend.  Holding cash allows for a potential purchase at a lower price point while minimizing risk.",160.03,162.1,47.5,-1.516,1120856,0.91,9.7,15.0,2.66,-1.28,0,-0.06,-0.25,0.19
Day-554,google/gemma-2-9b-it,ISFJ,memory,flat,456,0.92,flat,148.86,149.25624221755288,10000.0,10000.0,0.0,HOLD,0.0,"The market is currently showing signs of weakness, and the P/E ratio is elevated.  It is prudent to remain in cash and wait for a more favorable entry point.",158.98,162.04,38.8,-2.1559,1368636,1.11,10.3,15.0,2.67,-1.89,0,-0.0,-0.13,0.13
Day-555,google/gemma-2-9b-it,ISFJ,memory,flat,456,0.92,flat,145.12,145.17634538210655,10000.0,10000.0,0.0,HOLD,0.0,"The market is currently below the 20 and 60 day moving averages, indicating a potential downtrend.  The RSI is low, suggesting the stock may be oversold, but the risk is too high for this conservative strategy.",157.7,161.97,35.7,-2.931,1416070,1.14,15.8,15.0,2.67,-2.63,-1,-0.12,-0.13,0.01
Day-556,google/gemma-2-9b-it,ISFJ,memory,flat,456,0.92,flat,153.26,153.18529502663233,10000.0,10000.0,0.0,HOLD,0.0,"The market is showing signs of weakness, and the implied volatility is high. It's best to remain in cash and wait for a more stable entry point.",156.86,162.01,46.4,-2.8556,1489821,1.18,19.2,15.0,2.67,-3.18,-1,-0.5,-0.21,-0.29
Day-557,google/gemma-2-9b-it,ISFJ,memory,flat,456,0.92,flat,150.98,149.73844376777515,10000.0,10000.0,0.0,HOLD,0.0,"The market is showing signs of weakness, and the P/E ratio is above average.  It's prudent to remain in cash and wait for a more favorable entry point.",156.15,161.95,45.9,-2.9458,1348681,1.07,18.0,15.1,2.64,-3.58,-1,-0.2,-0.18,-0.02
Day-558,google/gemma-2-9b-it,ISFJ,memory,flat,456,0.92,flat,151.69,152.18426776043208,10000.0,10000.0,0.0,HOLD,0.0,"The market is currently showing signs of weakness, and the implied volatility is elevated.  It is prudent to remain in cash and wait for a more stable market environment.",155.67,161.96,44.4,-2.9268,1438220,1.12,18.9,15.0,2.68,-3.88,-1,0.42,-0.08,0.5
Day-559,google/gemma-2-9b-it,ISFJ,memory,flat,456,0.92,flat,148.63,149.72287502400513,10000.0,10000.0,0.0,HOLD,0.0,"The market is currently below the 20 and 60 day moving averages, indicating a potential downtrend.  Hedging strategies should be considered to protect the principal.",155.26,161.82,43.5,-3.1225,1175424,0.92,14.0,14.9,2.69,-4.06,-1,0.1,-0.06,0.16
Day-560,google/gemma-2-9b-it,ISFJ,memory,flat,456,0.92,flat,143.47,143.06708143066493,10000.0,10000.0,0.0,HOLD,0.0,"The market is currently below the 20 and 60 day moving averages, indicating a potential downtrend.  Hedging strategies should be considered before entering a position.",154.55,161.48,35.1,-3.6515,1205449,0.94,14.8,15.0,2.66,-4.29,-1,-0.18,-0.07,-0.11
Day-561,google/gemma-2-9b-it,ISFJ,memory,flat,456,0.92,flat,141.46,142.17746369613792,10000.0,10000.0,0.0,HOLD,0.0,"The market is currently below the 20 and 60 day moving averages and RSI is low, indicating potential for further decline.  Hedging is recommended to protect the principal.",153.76,160.97,29.6,-4.1848,1283796,1.0,15.2,14.9,2.68,-4.48,-1,0.39,0.11,0.28
Day-562,google/gemma-2-9b-it,ISFJ,memory,flat,456,0.92,flat,142.91,142.74886076123957,10000.0,10000.0,0.0,HOLD,0.0,"The market is currently below the 20 and 60 day moving averages, indicating a potential downtrend.  Volatility is elevated, which is not aligned with the guardian investor mandate of security and risk aversion.",153.06,160.46,32.3,-4.4397,1245148,0.97,16.7,15.0,2.66,-4.61,-1,0.21,0.19,0.02
Day-563,google/gemma-2-9b-it,ISFJ,memory,flat,456,0.92,flat,141.27,141.09623241214155,10000.0,10000.0,0.0,HOLD,0.0,"The market is currently below the 20-day SMA and RSI is low, indicating potential for further decline.  Hedging is recommended to protect against further losses.",152.36,159.93,34.8,-4.7193,1330472,1.04,14.8,15.0,2.66,-4.73,-1,-0.22,0.06,-0.28
Day-564,google/gemma-2-9b-it,ISFJ,memory,flat,456,0.92,flat,139.39,139.81743802490186,10000.0,10000.0,0.0,HOLD,0.0,"The market is currently below the 20 and 60 day moving averages, indicating a potential downtrend.  The low RSI suggests the stock may be oversold, but the risk is too high for this conservative strategy.",151.47,159.33,32.5,-5.0344,1152213,0.91,12.6,15.0,2.67,-4.93,-1,0.13,0.07,0.06
Day-565,google/gemma-2-9b-it,ISFJ,memory,flat,456,0.92,flat,137.69,137.67262033972256,10000.0,10000.0,0.0,HOLD,0.0,"The market is showing signs of weakness, and the RSI is in oversold territory. However, I need more information about the company's fundamentals before considering a purchase.",150.6,158.7,23.1,-5.3594,1299003,1.02,9.1,15.0,2.67,-5.11,-1,0.12,0.12,-0.01
Day-566,google/gemma-2-9b-it,ISFJ,memory,flat,456,0.92,flat,140.17,140.554577101105,10000.0,10000.0,0.0,HOLD,0.0,"The market is currently below the 20-day SMA and RSI is in oversold territory. However, the P/E ratio is still elevated and implied volatility is high, indicating potential for further downside.  I will wait for a clearer signal before investing.",149.66,158.08,30.6,-5.3555,1001855,0.79,12.8,15.0,2.67,-5.33,-1,-0.17,0.01,-0.18
Day-567,google/gemma-2-9b-it,ISFJ,memory,flat,456,0.92,flat,142.76,142.58412168054062,10000.0,10000.0,0.0,HOLD,0.0,"The market is showing signs of weakness, and the RSI is in oversold territory. However, without a clear understanding of the company's fundamentals and a defined entry point, it's prudent to remain cautious and hold cash.",148.69,157.48,35.5,-5.0847,1347541,1.05,11.2,15.0,2.66,-5.58,-1,-0.59,-0.15,-0.44
Day-568,google/gemma-2-9b-it,ISFJ,memory,flat,456,0.92,flat,145.66,145.9052291565383,10000.0,10000.0,0.0,HOLD,0.0,"The market is showing signs of weakness, and the P/E ratio is elevated.  It is prudent to remain in cash and wait for a more favorable entry point.",147.93,157.06,46.0,-4.5834,1120132,0.88,15.0,15.0,2.67,-5.81,-1,-0.45,-0.19,-0.26
Day-569,google/gemma-2-9b-it,ISFJ,memory,flat,456,0.92,flat,146.16,146.95141897865128,10000.0,10000.0,0.0,HOLD,0.0,"The market is currently showing slight bearish signals, and the P/E ratio is above average.  I will wait for a more stable market environment before considering a purchase.",147.46,156.61,51.4,-4.0986,1249467,0.99,10.8,14.9,2.68,-5.85,-1,-0.07,-0.23,0.16
Day-570,google/gemma-2-9b-it,ISFJ,memory,flat,456,0.92,flat,147.35,147.19409276101996,10000.0,10000.0,0.0,HOLD,0.0,"The market is showing mixed signals and the RSI is below 50, indicating potential for further decline.  Holding cash allows for a more conservative approach and avoids unnecessary risk.",147.01,156.19,40.0,-3.5771,1247573,0.99,12.3,15.0,2.66,-5.88,-1,-0.11,-0.28,0.17
Day-571,google/gemma-2-9b-it,ISFJ,memory,flat,456,0.92,flat,143.22,144.05381403749752,10000.0,10000.0,0.0,HOLD,0.0,"The market is showing signs of weakness, and the RSI is below 50.  It is prudent to wait for a clearer signal before investing.",146.08,155.69,37.6,-3.4573,1295644,1.02,16.8,14.9,2.68,-6.17,-1,-0.07,-0.26,0.18
Day-572,google/gemma-2-9b-it,ISFJ,memory,flat,456,0.92,flat,144.89,144.8209910505274,10000.0,10000.0,0.0,HOLD,0.0,"The market is showing signs of weakness, and the P/E ratio is elevated.  It is prudent to remain in cash and wait for a more favorable entry point.",145.51,155.31,39.5,-3.1908,1026267,0.82,13.8,15.0,2.67,-6.31,-1,0.11,-0.12,0.23
Day-573,google/gemma-2-9b-it,ISFJ,memory,flat,456,0.92,flat,141.43,141.94424587509403,10000.0,10000.0,0.0,HOLD,0.0,"The market is showing signs of weakness, and the RSI is below 50.  It is prudent to wait for a clearer signal before investing.",144.82,154.91,39.0,-3.2213,1295576,1.02,12.7,14.9,2.68,-6.51,-1,-0.47,-0.12,-0.35
Day-574,google/gemma-2-9b-it,ISFJ,memory,flat,456,0.92,flat,139.53,139.44173864726724,10000.0,10000.0,0.0,HOLD,0.0,"The market is showing signs of weakness, and the P/E ratio is elevated.  It is prudent to remain in cash and wait for a more favorable entry point.",144.35,154.46,43.3,-3.3603,1235983,0.98,11.2,15.0,2.67,-6.54,-1,0.14,-0.08,0.22
Day-575,google/gemma-2-9b-it,ISFJ,memory,flat,456,0.92,flat,140.14,140.0878129361126,10000.0,10000.0,0.0,HOLD,0.0,The market is currently showing mixed signals and the price is below the 20-day SMA.  Hedging is recommended to protect against potential downside risk.,144.1,153.95,47.7,-3.3818,1329776,1.06,11.0,15.0,2.67,-6.39,-1,-0.14,-0.09,-0.05
Day-576,google/gemma-2-9b-it,ISFJ,memory,flat,456,0.92,flat,138.46,138.3052864726453,10000.0,10000.0,0.0,HOLD,0.0,"The market is currently below the 20-day SMA and RSI is low, indicating potential for further decline.  Hedging is recommended to protect against further losses.",143.36,153.46,42.2,-3.4945,1212042,0.98,10.8,15.0,2.66,-6.58,-1,0.12,-0.05,0.17
Day-577,google/gemma-2-9b-it,ISFJ,memory,flat,456,0.92,flat,134.48,134.7862951118406,10000.0,10000.0,0.0,HOLD,0.0,"The market is showing signs of weakness, and the implied volatility is high.  It is prudent to remain in cash and wait for a more stable environment.",142.54,152.99,38.9,-3.8604,1015704,0.83,18.2,15.0,2.67,-6.83,-1,0.03,-0.06,0.1
Day-578,google/gemma-2-9b-it,ISFJ,memory,flat,456,0.92,flat,134.68,134.67140535639479,10000.0,10000.0,0.0,HOLD,0.0,The market is currently trending down and volatility is elevated.  Holding cash allows for a safer entry point when the market stabilizes.,141.69,152.42,41.9,-4.0871,1013768,0.84,21.5,15.0,2.67,-7.04,-1,0.01,0.03,-0.03
Day-579,google/gemma-2-9b-it,ISFJ,memory,flat,456,0.92,flat,133.51,133.4855975129346,10000.0,10000.0,0.0,HOLD,0.0,"The market is showing signs of weakness, and the implied volatility is high. It is prudent to remain in cash and wait for a more stable environment.",140.93,151.83,42.7,-4.3114,1462658,1.2,26.9,15.0,2.67,-7.18,-1,-0.02,0.0,-0.02
Day-580,google/gemma-2-9b-it,ISFJ,memory,flat,456,0.92,flat,137.96,136.97091415240322,10000.0,10000.0,0.0,HOLD,0.0,The market is currently showing mixed signals and volatility is elevated.  It is prudent to remain in cash and wait for a clearer trend before considering a purchase.,140.66,151.22,46.4,-4.0834,1408316,1.15,21.5,15.1,2.65,-6.99,-1,-0.04,0.02,-0.06
Day-581,google/gemma-2-9b-it,ISFJ,memory,flat,456,0.92,flat,138.03,137.6144979200144,10000.0,10000.0,0.0,HOLD,0.0,"Market is currently below the 20-day SMA and RSI is in oversold territory.  However, the P/E ratio is still elevated and implied volatility is high, indicating potential for further downside.  Holding cash allows for a more opportunistic entry point.",140.48,150.68,41.5,-3.8527,1470766,1.19,17.0,15.0,2.66,-6.77,-1,-0.26,-0.06,-0.2
Day-582,google/gemma-2-9b-it,ISFJ,memory,flat,456,0.92,flat,136.26,137.25049946940783,10000.0,10000.0,0.0,HOLD,0.0,"The market is showing signs of weakness, and the RSI is in oversold territory. However, I need more information about the company's fundamentals before considering a purchase.",140.15,150.04,32.5,-3.769,1415695,1.14,13.9,14.9,2.69,-6.59,-1,-0.34,-0.13,-0.21
Day-583,google/gemma-2-9b-it,ISFJ,memory,flat,456,0.92,flat,135.24,135.2941342859953,10000.0,10000.0,0.0,HOLD,0.0,"The market is showing signs of weakness, and the RSI is in oversold territory. However, I need more information before making a decision.",139.85,149.31,30.0,-3.742,1491514,1.19,12.0,15.0,2.67,-6.33,-1,0.37,-0.06,0.43
Day-584,google/gemma-2-9b-it,ISFJ,memory,flat,456,0.92,flat,134.99,135.56210652455,10000.0,10000.0,0.0,HOLD,0.0,"The market is showing signs of weakness, and the RSI is in oversold territory. However, without a clear understanding of the company's fundamentals and the potential for a sustained recovery, it's prudent to remain cautious and hold cash.",139.63,148.61,26.6,-3.6977,1267993,1.01,14.0,14.9,2.68,-6.04,-1,0.43,0.03,0.4
Day-585,google/gemma-2-9b-it,ISFJ,memory,flat,456,0.92,flat,136.42,136.10983797546785,10000.0,10000.0,0.0,HOLD,0.0,"The market is showing signs of weakness, and the RSI is below 50.  It is prudent to wait for a clearer signal before investing.",139.57,147.92,35.6,-3.5071,1135113,0.91,10.9,15.0,2.66,-5.65,-1,-0.25,-0.01,-0.24
Day-586,google/gemma-2-9b-it,ISFJ,memory,flat,456,0.92,flat,140.47,140.97669149758937,10000.0,10000.0,0.0,HOLD,0.0,"The market is showing signs of weakness, and the P/E ratio is elevated.  It is prudent to remain in cash and wait for a more favorable entry point.",139.58,147.33,41.5,-2.9948,1185834,0.94,12.2,14.9,2.68,-5.26,-1,-0.03,0.04,-0.06
Day-587,google/gemma-2-9b-it,ISFJ,memory,flat,456,0.92,flat,139.94,140.36016727598656,10000.0,10000.0,0.0,HOLD,0.0,The market is showing mixed signals and the P/E ratio is elevated.  I will wait for a clearer trend and a more attractive entry point before investing.,139.44,146.83,46.8,-2.6014,1456081,1.15,13.9,15.0,2.67,-5.03,-1,-0.14,0.08,-0.22
Day-588,google/gemma-2-9b-it,ISFJ,memory,flat,456,0.92,flat,139.72,139.98013310289414,10000.0,10000.0,0.0,HOLD,0.0,The market is currently neutral with no clear signal for entry.  Maintaining cash preserves capital and allows for a more secure entry point when conditions are more favorable.,139.14,146.39,50.4,-2.281,1259714,0.99,13.8,15.0,2.67,-4.95,-1,-0.3,-0.06,-0.24
Day-589,google/gemma-2-9b-it,ISFJ,memory,flat,456,0.92,flat,132.75,133.8403269035988,10000.0,10000.0,0.0,HOLD,0.0,"The market is currently below the 20-day SMA and RSI is low, indicating potential for further decline.  Hedging is recommended to protect against further losses.",138.47,145.91,36.7,-2.5597,1071852,0.85,11.7,14.9,2.69,-5.1,-1,0.2,-0.1,0.31
Day-590,google/gemma-2-9b-it,ISFJ,memory,flat,456,0.92,flat,135.73,135.73981800217797,10000.0,10000.0,0.0,HOLD,0.0,"The market is showing signs of weakness, and the P/E ratio is elevated.  It is prudent to remain in cash and wait for a more favorable entry point.",137.89,145.47,45.3,-2.5112,1078429,0.86,13.4,15.0,2.67,-5.21,-1,-0.13,-0.08,-0.05
Day-591,google/gemma-2-9b-it,ISFJ,memory,flat,456,0.92,flat,134.33,133.7073671885805,10000.0,10000.0,0.0,HOLD,0.0,The market is showing mixed signals.  Maintaining a cash position allows for a more measured approach when a clearer opportunity arises.,137.45,145.01,49.7,-2.5568,1476152,1.17,13.7,15.1,2.65,-5.22,-1,0.44,0.02,0.43
Day-592,google/gemma-2-9b-it,ISFJ,memory,flat,456,0.92,flat,129.76,129.84841991586617,10000.0,10000.0,0.0,HOLD,0.0,"The market is showing signs of weakness, and the P/E ratio is elevated.  It is prudent to remain in cash and wait for a more favorable entry point.",136.69,144.47,42.0,-2.9281,1426077,1.11,13.1,15.0,2.67,-5.38,-1,0.32,0.11,0.22
Day-593,google/gemma-2-9b-it,ISFJ,memory,flat,456,0.92,flat,131.24,130.85709229821933,10000.0,10000.0,0.0,HOLD,0.0,"The market is showing signs of weakness, and the P/E ratio is elevated.  It is prudent to remain in cash and wait for a more favorable entry point.",136.18,143.99,46.4,-3.0673,1487613,1.15,11.8,15.0,2.66,-5.42,-1,0.5,0.27,0.24
Day-594,google/gemma-2-9b-it,ISFJ,memory,flat,456,0.92,flat,133.67,133.9305980659314,10000.0,10000.0,0.0,HOLD,0.0,"The market is showing signs of weakness, and the implied volatility is elevated.  It is prudent to remain in cash and wait for a more stable environment.",135.89,143.52,42.7,-2.9472,1220899,0.94,15.9,15.0,2.67,-5.32,-1,0.16,0.26,-0.1
Day-595,google/gemma-2-9b-it,ISFJ,memory,flat,456,0.92,flat,128.96,129.57460770396125,10000.0,10000.0,0.0,HOLD,0.0,"The market is currently below the 20-day SMA and RSI is low, indicating potential for further decline.  Hedging is recommended to protect the principal.",135.33,143.0,36.6,-3.1953,1071139,0.84,17.1,14.9,2.68,-5.36,-1,-0.01,0.28,-0.29
Day-596,google/gemma-2-9b-it,ISFJ,memory,flat,456,0.92,flat,130.09,130.10441218335106,10000.0,10000.0,0.0,HOLD,0.0,"The market is showing signs of weakness, and the P/E ratio is elevated.  It is prudent to wait for a more favorable entry point that aligns with the core mandate of security and risk aversion.",134.91,142.42,40.7,-3.2632,1337032,1.04,12.7,15.0,2.67,-5.27,-1,-0.11,0.17,-0.29
Day-597,google/gemma-2-9b-it,ISFJ,memory,flat,456,0.92,flat,128.84,128.58602959170452,10000.0,10000.0,0.0,HOLD,0.0,"The market is showing signs of weakness, and the P/E ratio is elevated.  It is prudent to remain in cash and wait for a more favorable entry point.",134.63,141.75,40.4,-3.3794,1190117,0.92,15.8,15.0,2.66,-5.03,-1,-0.02,0.1,-0.12
Day-598,google/gemma-2-9b-it,ISFJ,memory,flat,456,0.92,flat,129.89,129.78297345580276,10000.0,10000.0,0.0,HOLD,0.0,"The market is showing signs of weakness, and the P/E ratio is elevated.  It is prudent to remain in cash and wait for a more favorable entry point.",134.39,141.13,42.5,-3.3478,1218421,0.93,11.3,15.0,2.66,-4.78,-1,0.38,0.08,0.3
Day-599,google/gemma-2-9b-it,ISFJ,memory,flat,456,0.92,flat,128.8,128.7433341108754,10000.0,10000.0,0.0,HOLD,0.0,"The market is currently below the 20-day SMA and RSI is low, indicating potential for further decline.  Hedging is recommended to protect the principal.",134.15,140.6,38.8,-3.3715,1423426,1.09,8.9,15.0,2.67,-4.58,-1,-0.0,0.05,-0.05
Day-600,google/gemma-2-9b-it,ISFJ,memory,flat,456,0.92,flat,131.98,131.68385185999148,10000.0,10000.0,0.0,HOLD,0.0,"The market is currently showing signs of weakness, and the RSI is below 50.  It is prudent to remain in cash and wait for a more favorable entry point.",133.86,140.11,37.1,-3.0985,1363649,1.05,15.0,15.0,2.66,-4.46,-1,0.26,0.1,0.16
Day-601,google/gemma-2-9b-it,ISFJ,memory,flat,456,0.92,flat,134.72,134.62789190153046,10000.0,10000.0,0.0,HOLD,0.0,The market is showing mixed signals.  Holding cash allows for a better entry point when volatility subsides and risk is reduced.,133.69,139.57,42.6,-2.6306,1180734,0.92,15.0,15.0,2.66,-4.21,-1,0.1,0.14,-0.05
Day-602,google/gemma-2-9b-it,ISFJ,memory,flat,456,0.92,flat,133.85,134.18096065555622,10000.0,10000.0,0.0,HOLD,0.0,The market is currently showing mixed signals.  Holding cash allows for a more measured approach and avoids unnecessary risk.,133.57,139.12,41.8,-2.3032,1256637,0.98,13.3,15.0,2.67,-3.99,-1,-0.06,0.14,-0.19
Day-603,google/gemma-2-9b-it,ISFJ,memory,flat,456,0.92,flat,136.36,136.59555903421565,10000.0,10000.0,0.0,HOLD,0.0,The market is showing mixed signals and the P/E ratio is above average.  I will wait for a clearer signal before investing.,133.63,138.74,55.7,-1.8205,1446827,1.13,13.1,15.0,2.67,-3.69,-1,-0.32,-0.0,-0.31
Day-604,google/gemma-2-9b-it,ISFJ,memory,flat,456,0.92,flat,140.53,140.65942724052795,10000.0,10000.0,0.0,HOLD,0.0,"The market is showing slight bearish signals, and the P/E ratio is above average.  It's prudent to remain in cash and wait for a more favorable entry point.",133.9,138.58,57.4,-1.0886,1488244,1.15,10.0,15.0,2.67,-3.37,-1,-0.05,-0.01,-0.03
Day-605,google/gemma-2-9b-it,ISFJ,memory,flat,456,0.92,flat,134.77,134.64891457889576,10000.0,10000.0,0.0,HOLD,0.0,The market is showing mixed signals and the P/E ratio is slightly elevated.  I will wait for a clearer trend and a more attractive entry point before investing.,133.82,138.37,50.6,-0.9626,1181212,0.91,11.7,15.0,2.66,-3.29,-1,-0.13,-0.09,-0.04
Day-606,google/gemma-2-9b-it,ISFJ,memory,flat,456,0.92,flat,134.88,134.36197625209635,10000.0,10000.0,0.0,HOLD,0.0,The market is showing mixed signals and the P/E ratio is above average.  I will wait for a clearer trend and lower entry point before investing.,133.54,138.0,57.9,-0.844,1045650,0.81,9.0,15.1,2.66,-3.23,-1,-0.32,-0.17,-0.15
Day-607,google/gemma-2-9b-it,ISFJ,memory,flat,456,0.92,flat,131.98,132.1949864190185,10000.0,10000.0,0.0,HOLD,0.0,"The market is showing slight bearish signals, and the P/E ratio is above average.  It is prudent to remain in cash and observe the market further before considering a purchase.",133.14,137.62,51.1,-0.9724,1275018,1.0,7.5,15.0,2.67,-3.25,-1,0.23,-0.12,0.35
Day-608,google/gemma-2-9b-it,ISFJ,memory,flat,456,0.92,flat,135.93,135.2968520223699,10000.0,10000.0,0.0,HOLD,0.0,The market is showing mixed signals and the P/E ratio is slightly elevated.  Holding cash allows for a more cautious approach and preserves capital until a clearer opportunity arises.,132.95,137.31,53.2,-0.7474,1220450,0.96,13.6,15.1,2.65,-3.17,-1,0.21,-0.01,0.22
Day-609,google/gemma-2-9b-it,ISFJ,memory,flat,456,0.92,flat,132.2,132.39022166035394,10000.0,10000.0,0.0,HOLD,0.0,The market is currently showing mixed signals.  Holding cash allows for a more measured approach and avoids unnecessary risk.,132.93,136.98,54.7,-0.8604,1369408,1.06,14.8,15.0,2.67,-2.96,-1,0.25,0.05,0.2
Day-610,google/gemma-2-9b-it,ISFJ,memory,flat,456,0.92,flat,135.46,135.1674092956549,10000.0,10000.0,0.0,HOLD,0.0,The market is showing signs of potential overvaluation (P/E ratio) and volatility.  Holding cash allows for a more conservative approach and avoids unnecessary risk.,132.91,136.82,57.3,-0.6785,1364581,1.05,13.8,15.0,2.66,-2.85,-1,0.21,0.12,0.1
Day-611,google/gemma-2-9b-it,ISFJ,memory,flat,456,0.92,flat,135.62,135.25739452356711,10000.0,10000.0,0.0,HOLD,0.0,"The market is showing signs of slight overvaluation, and the implied volatility is elevated.  I will wait for a more stable market environment before considering an investment.",132.98,136.7,59.6,-0.5159,1172820,0.91,15.9,15.0,2.66,-2.72,-1,-0.28,0.12,-0.4
Day-612,google/gemma-2-9b-it,ISFJ,memory,flat,456,0.92,flat,134.62,134.78256595099606,10000.0,10000.0,0.0,HOLD,0.0,"The market is showing slight bearish signals, and the implied volatility is elevated.  It is prudent to remain in cash and observe the market further before considering a purchase.",133.22,136.54,56.7,-0.4623,1485639,1.15,16.1,15.0,2.67,-2.43,-1,-0.18,0.04,-0.22
Day-613,google/gemma-2-9b-it,ISFJ,memory,flat,456,0.92,flat,133.34,132.81738324551094,10000.0,10000.0,0.0,HOLD,0.0,"Current market conditions do not warrant a purchase. Volatility is elevated and the P/E ratio is above historical averages, indicating potential risk.",133.32,136.38,56.4,-0.5172,1390869,1.08,14.9,15.1,2.66,-2.24,-1,-0.36,-0.07,-0.29
Day-614,google/gemma-2-9b-it,ISFJ,memory,flat,456,0.92,flat,129.52,129.73540739974433,10000.0,10000.0,0.0,HOLD,0.0,"The market is showing slight bearish signs, and the P/E ratio is above average.  Maintaining cash reserves is prudent until a more secure entry point presents itself.",133.12,136.18,46.6,-0.8587,1218795,0.95,11.5,15.0,2.67,-2.25,-1,-0.02,-0.12,0.1
Day-615,google/gemma-2-9b-it,ISFJ,memory,flat,456,0.92,flat,129.32,128.9921982117469,10000.0,10000.0,0.0,HOLD,0.0,"The market is showing signs of weakness, and the P/E ratio is elevated.  It is prudent to remain in cash and wait for a more favorable entry point.",133.13,136.01,42.0,-1.1328,1138340,0.88,10.5,15.0,2.66,-2.12,-1,0.4,-0.09,0.48
Day-616,google/gemma-2-9b-it,ISFJ,memory,flat,456,0.92,flat,129.44,129.945952742391,10000.0,10000.0,0.0,HOLD,0.0,The market is currently showing mixed signals.  I need more information before making a decision.  Sticking with cash allows me to observe the market further.,133.1,135.8,43.3,-1.3251,1329269,1.03,8.2,14.9,2.68,-1.98,0,0.02,-0.03,0.04
Day-617,google/gemma-2-9b-it,ISFJ,memory,flat,456,0.92,flat,125.49,125.09298201260388,10000.0,10000.0,0.0,HOLD,0.0,"The market is currently below the 20 and 60 day moving averages, indicating a potential downtrend.  Further analysis is needed before considering a purchase.",132.93,135.45,34.2,-1.7753,1355814,1.05,7.5,15.0,2.66,-1.86,0,-0.18,-0.03,-0.15
Day-618,google/gemma-2-9b-it,ISFJ,memory,flat,456,0.92,flat,123.01,122.75883897084638,10000.0,10000.0,0.0,HOLD,0.0,"The market is currently below the 20 and 60 day moving averages, and RSI is low, suggesting potential for further decline.  Hedging is recommended to protect the principal.",132.59,135.0,23.2,-2.306,1055016,0.82,7.5,15.0,2.66,-1.78,0,0.62,0.17,0.45
Day-619,google/gemma-2-9b-it,ISFJ,memory,flat,456,0.92,flat,121.47,120.97225736185608,10000.0,10000.0,0.0,HOLD,0.0,The current market conditions are volatile and the stock is below its moving averages.  Further analysis and a more stable market are needed before considering a purchase.,132.22,134.5,26.7,-2.8184,1146718,0.9,10.1,15.1,2.66,-1.7,0,-0.22,0.13,-0.34
Day-620,google/gemma-2-9b-it,ISFJ,memory,flat,456,0.92,flat,121.24,121.76189041677567,10000.0,10000.0,0.0,HOLD,0.0,"The market is currently below the 20 and 60 day moving averages, indicating a potential downtrend.  The RSI is oversold, suggesting a possible bounce, but the overall risk profile is too high for a purchase at this time.",131.69,133.98,26.2,-3.2062,1389199,1.09,13.2,14.9,2.68,-1.71,0,-0.24,-0.0,-0.24
Day-621,google/gemma-2-9b-it,ISFJ,memory,flat,456,0.92,flat,118.64,118.91153783570263,10000.0,10000.0,0.0,HOLD,0.0,"The market is currently below the 20 and 60 day moving averages, indicating a potential downtrend.  The RSI is low, suggesting potential for further decline, and warrants further observation before considering a purchase.",130.88,133.49,26.4,-3.6803,1062804,0.84,11.6,15.0,2.67,-1.95,0,0.5,0.1,0.41
Day-622,google/gemma-2-9b-it,ISFJ,memory,flat,456,0.92,flat,116.09,116.14442619340828,10000.0,10000.0,0.0,HOLD,0.0,"The market is currently trending down and the RSI is extremely low, indicating potential for further decline.  Hedging is recommended to protect the principal.",129.99,132.92,13.2,-4.2131,1024668,0.81,11.6,15.0,2.67,-2.2,-1,0.02,0.14,-0.12
Day-623,google/gemma-2-9b-it,ISFJ,memory,flat,456,0.92,flat,115.19,115.35794258627112,10000.0,10000.0,0.0,HOLD,0.0,"The market is currently below both the 20 and 60 day moving averages, and RSI is low.  This indicates potential for further downside, which is not aligned with the core mandate of capital preservation.",128.94,132.39,14.7,-4.6544,1244980,1.0,10.6,15.0,2.67,-2.61,-1,0.63,0.14,0.49
Day-624,google/gemma-2-9b-it,ISFJ,memory,flat,456,0.92,flat,121.92,121.7274656942015,10000.0,10000.0,0.0,HOLD,0.0,"The market is showing signs of weakness, and the RSI is in oversold territory. However, I need more information about the company's fundamentals before considering a purchase.",128.01,132.04,25.4,-4.4104,1107445,0.9,11.6,15.0,2.66,-3.05,-1,-0.19,0.14,-0.33
Day-625,google/gemma-2-9b-it,ISFJ,memory,flat,456,0.92,flat,122.02,122.68764103967989,10000.0,10000.0,0.0,HOLD,0.0,"The market is currently trending downwards and RSI is in oversold territory.  However, I need more information about the company's fundamentals before considering a purchase.",127.37,131.68,25.3,-4.1611,1058409,0.87,12.6,14.9,2.68,-3.27,-1,-0.18,0.16,-0.34
Day-626,google/gemma-2-9b-it,ISFJ,memory,flat,456,0.92,flat,122.02,121.65124389028121,10000.0,10000.0,0.0,HOLD,0.0,"The market is currently trending down and the RSI is oversold, indicating potential for a bounce. However, the P/E ratio is elevated and implied volatility is high, suggesting continued risk.  I will wait for a clearer signal before investing.",126.73,131.35,26.2,-3.9182,1043418,0.85,9.8,15.0,2.66,-3.52,-1,-0.27,0.0,-0.28
Day-627,google/gemma-2-9b-it,ISFJ,memory,flat,456,0.92,flat,123.01,122.94505087840906,10000.0,10000.0,0.0,HOLD,0.0,"The market is showing signs of weakness, and the RSI is in oversold territory. However, without a clear understanding of the company's fundamentals and future prospects, it's best to remain cautious and hold cash.",126.28,131.12,30.3,-3.6044,1232325,1.01,11.2,15.0,2.67,-3.69,-1,0.25,0.05,0.2
Day-628,google/gemma-2-9b-it,ISFJ,memory,flat,456,0.92,flat,122.88,122.59954801114121,10000.0,10000.0,0.0,HOLD,0.0,"The market is showing signs of weakness, and the P/E ratio is elevated.  It is prudent to remain in cash and wait for a more favorable entry point.",125.62,130.88,35.3,-3.328,1341228,1.09,9.2,15.0,2.66,-4.02,-1,-0.1,-0.1,0.0
Day-629,google/gemma-2-9b-it,ISFJ,memory,flat,456,0.92,flat,124.5,125.05963295383499,10000.0,10000.0,0.0,HOLD,0.0,"The market is showing slight bearish signals, and the P/E ratio is above average.  It's best to wait for a clearer signal before investing.",125.24,130.7,39.9,-2.9441,1423267,1.16,12.7,14.9,2.68,-4.18,-1,-0.17,-0.09,-0.07
Day-630,google/gemma-2-9b-it,ISFJ,memory,flat,456,0.92,flat,125.41,124.99678820086504,10000.0,10000.0,0.0,HOLD,0.0,The market is showing mixed signals and volatility is elevated.  I will wait for a clearer trend and lower volatility before considering an investment.,124.74,130.45,41.9,-2.5374,1475957,1.2,22.3,15.0,2.66,-4.38,-1,-0.17,-0.09,-0.07
Day-631,google/gemma-2-9b-it,ISFJ,memory,flat,456,0.92,flat,123.04,122.6305660659003,10000.0,10000.0,0.0,HOLD,0.0,The market is showing slight bearish signals and volatility is elevated.  It is prudent to remain in cash and wait for a more stable environment before considering an investment.,124.11,130.15,44.7,-2.3791,1334850,1.07,18.0,15.0,2.66,-4.64,-1,0.53,0.07,0.46
Day-632,google/gemma-2-9b-it,ISFJ,memory,flat,456,0.92,flat,124.02,124.12250421610855,10000.0,10000.0,0.0,HOLD,0.0,"The market is showing mixed signals, and the implied volatility is high.  It is prudent to remain in cash and wait for a clearer signal before investing.",123.58,129.91,52.3,-2.1495,1053651,0.86,20.2,15.0,2.67,-4.87,-1,-0.09,0.0,-0.09
Day-633,google/gemma-2-9b-it,ISFJ,memory,flat,456,0.92,flat,129.1,129.42878617120468,10000.0,10000.0,0.0,HOLD,0.0,The market is showing signs of overbought conditions (RSI 65.1) and the price is above both the 20 and 60 day SMAs.  This warrants caution and a wait-and-see approach to protect the principal.,123.37,129.78,65.1,-1.5398,1244549,1.03,16.7,15.0,2.67,-4.94,-1,-0.12,-0.0,-0.12
Day-634,google/gemma-2-9b-it,ISFJ,memory,flat,456,0.92,flat,136.98,136.98179871095783,10000.0,10000.0,0.0,HOLD,0.0,"The RSI is high, indicating potential overvaluation.  Holding cash allows for a more conservative approach and avoids unnecessary risk.",123.74,129.82,74.0,-0.4156,1116509,0.92,15.2,15.0,2.67,-4.69,-1,-0.65,-0.1,-0.55
Day-635,google/gemma-2-9b-it,ISFJ,memory,flat,456,0.92,flat,136.4,137.0850813916143,10000.0,10000.0,0.0,HOLD,0.0,"The RSI is high, indicating potential overvaluation.  I will wait for a pullback and a more favorable entry point before considering a purchase.",124.09,129.82,78.8,0.4233,1000823,0.83,14.6,14.9,2.68,-4.41,-1,0.13,-0.04,0.17
Day-636,google/gemma-2-9b-it,ISFJ,memory,flat,456,0.92,flat,134.61,134.23740724702844,10000.0,10000.0,0.0,HOLD,0.0,"The RSI is high, indicating potential overvaluation.  I will wait for a pullback and a more favorable entry point to align with my risk-averse strategy.",124.35,129.71,80.8,0.9331,1126443,0.95,17.7,15.0,2.66,-4.13,-1,0.69,-0.01,0.7
Day-637,google/gemma-2-9b-it,ISFJ,memory,flat,456,0.92,flat,127.1,127.24338191092055,10000.0,10000.0,0.0,HOLD,0.0,The market is showing signs of overbought conditions (RSI 66.2) and the price is slightly below the 60-day SMA.  I will wait for a more favorable entry point that aligns with my risk-averse strategy.,124.43,129.45,66.2,0.7223,1414419,1.18,13.4,15.0,2.67,-3.87,-1,-0.59,-0.11,-0.49
Day-638,google/gemma-2-9b-it,ISFJ,memory,flat,456,0.92,flat,125.36,125.75920219076953,10000.0,10000.0,0.0,HOLD,0.0,The market is showing mixed signals and the P/E ratio is above average.  I need more information before considering a purchase.,124.55,129.16,55.4,0.41,1161672,0.97,14.2,15.0,2.68,-3.57,-1,-0.3,-0.14,-0.15
Day-639,google/gemma-2-9b-it,ISFJ,memory,flat,456,0.92,flat,124.0,124.61716404103156,10000.0,10000.0,0.0,HOLD,0.0,"The market is showing slight bearish signals, and the P/E ratio is above average.  I will wait for a more compelling opportunity with a lower risk profile.",124.68,128.99,53.0,0.0527,1473127,1.21,14.5,14.9,2.68,-3.34,-1,0.13,0.01,0.12
Day-640,google/gemma-2-9b-it,ISFJ,memory,flat,456,0.92,flat,124.14,124.10305035881535,10000.0,10000.0,0.0,HOLD,0.0,"Market is slightly below the 20-day SMA, but RSI is not oversold.  Holding cash allows for a better entry point when volatility decreases.",124.82,128.75,53.2,-0.2164,1118731,0.93,13.8,15.0,2.67,-3.05,-1,-0.09,-0.03,-0.06
Day-641,google/gemma-2-9b-it,ISFJ,memory,flat,456,0.92,flat,120.37,121.06436229265822,10000.0,10000.0,0.0,HOLD,0.0,"The market is showing signs of weakness, and the P/E ratio is elevated.  It is prudent to remain in cash and wait for a more favorable entry point.",124.91,128.48,46.3,-0.7255,1333150,1.1,15.2,14.9,2.68,-2.78,-1,-0.3,-0.23,-0.07
Day-642,google/gemma-2-9b-it,ISFJ,memory,flat,456,0.92,flat,122.69,122.65631892141819,10000.0,10000.0,0.0,HOLD,0.0,"The market is showing slight bearish signals, and the implied volatility is high.  It is prudent to remain in cash and wait for a more stable and secure entry point.",125.24,128.33,49.8,-0.9315,1433315,1.16,19.6,15.0,2.67,-2.41,-1,0.3,-0.05,0.35
Day-643,google/gemma-2-9b-it,ISFJ,memory,flat,456,0.92,flat,120.4,120.32841617312415,10000.0,10000.0,0.0,HOLD,0.0,"The market is showing signs of weakness, and the P/E ratio is elevated. It is prudent to remain in cash and wait for a more favorable entry point.",125.5,128.12,44.7,-1.2646,1117553,0.91,14.1,15.0,2.66,-2.04,-1,-0.0,0.01,-0.01
Day-644,google/gemma-2-9b-it,ISFJ,memory,flat,456,0.92,flat,120.03,120.09626085965088,10000.0,10000.0,0.0,HOLD,0.0,The market is currently volatile and the P/E ratio is elevated.  I will wait for a more stable market and a lower entry point before considering a purchase.,125.4,127.84,43.0,-1.541,1111377,0.9,12.7,15.0,2.67,-1.91,0,0.22,0.03,0.2
Day-645,google/gemma-2-9b-it,ISFJ,memory,flat,456,0.92,flat,119.22,119.2495148957142,10000.0,10000.0,0.0,HOLD,0.0,"The market is showing signs of weakness, and the P/E ratio is elevated.  It is prudent to remain in cash and wait for a more favorable entry point.",125.26,127.65,44.8,-1.8043,1141199,0.92,10.2,15.0,2.67,-1.87,0,0.04,0.05,-0.01
Day-646,google/gemma-2-9b-it,ISFJ,memory,flat,456,0.92,flat,118.18,118.26338753734518,10000.0,10000.0,0.0,HOLD,0.0,The market is currently volatile and the P/E ratio is elevated.  I will wait for a more stable market and a lower entry point before considering a purchase.,125.07,127.41,42.0,-2.0733,1350073,1.08,11.0,15.0,2.67,-1.84,0,-0.56,-0.0,-0.56
Day-647,google/gemma-2-9b-it,ISFJ,memory,flat,456,0.92,flat,118.86,118.88375635624477,10000.0,10000.0,0.0,HOLD,0.0,"The market is currently below the 20 and 60 day moving averages, and RSI is low, suggesting potential for further decline.  Hedging is recommended to protect the principal.",124.87,127.21,34.1,-2.2062,1053152,0.85,10.4,15.0,2.67,-1.85,0,-0.41,-0.14,-0.27
Day-648,google/gemma-2-9b-it,ISFJ,memory,flat,456,0.92,flat,115.17,114.21282112441271,10000.0,10000.0,0.0,HOLD,0.0,"The market is currently oversold and the P/E ratio is low, but the implied volatility is high, indicating potential for further price swings.  Holding cash allows for a more conservative approach and avoids unnecessary risk.",124.48,126.92,11.2,-2.5796,1216504,0.99,14.7,15.1,2.64,-1.92,0,-0.23,-0.19,-0.04
Day-649,google/gemma-2-9b-it,ISFJ,memory,flat,456,0.92,flat,116.21,115.66449940208268,10000.0,10000.0,0.0,HOLD,0.0,"The market is currently below the 20 and 60 day moving averages, and RSI is low, indicating potential for further decline.  Hedging is recommended to protect the principal.",124.07,126.67,14.6,-2.7595,1131088,0.93,13.3,15.1,2.65,-2.05,-1,0.39,-0.16,0.54
Day-650,google/gemma-2-9b-it,ISFJ,memory,flat,456,0.92,flat,117.72,117.38382750062819,10000.0,10000.0,0.0,HOLD,0.0,"The market is currently trending down and RSI is oversold. However, the P/E ratio is elevated and implied volatility is high, indicating potential for further downside.  It is prudent to wait for a more stable market environment before considering an investment.",123.68,126.38,20.1,-2.749,1151450,0.96,9.9,15.0,2.66,-2.14,-1,-0.13,-0.19,0.06
Day-651,google/gemma-2-9b-it,ISFJ,memory,flat,456,0.92,flat,115.57,115.59995891030475,10000.0,10000.0,0.0,HOLD,0.0,"The market is currently below the 20-day SMA and RSI is low, indicating potential for further decline.  Hedging is recommended to protect the principal.",123.31,126.0,24.8,-2.8807,1478964,1.22,7.6,15.0,2.67,-2.14,-1,0.04,-0.07,0.1
Day-652,google/gemma-2-9b-it,ISFJ,memory,flat,456,0.92,flat,116.2,116.37833604291951,10000.0,10000.0,0.0,HOLD,0.0,"The market is showing signs of weakness, and the RSI is in oversold territory. However, I need more information about the company's fundamentals before considering a purchase.",122.92,125.64,29.0,-2.901,1255858,1.03,7.5,15.0,2.67,-2.17,-1,-0.14,-0.02,-0.13
Day-653,google/gemma-2-9b-it,ISFJ,memory,flat,456,0.92,flat,117.07,117.01414873665334,10000.0,10000.0,0.0,HOLD,0.0,"The market is showing signs of weakness, and the RSI is in oversold territory. However, I need more information before making a decision.",122.31,125.26,33.7,-2.8146,1056162,0.87,7.5,15.0,2.67,-2.35,-1,0.55,0.14,0.41
Day-654,google/gemma-2-9b-it,ISFJ,memory,flat,456,0.92,flat,115.46,114.9572998473715,10000.0,10000.0,0.0,HOLD,0.0,"The market is showing signs of weakness, and the RSI is in oversold territory. However, I need more information about the company's fundamentals before considering a purchase.",121.24,124.76,30.9,-2.8429,1337815,1.09,7.8,15.1,2.66,-2.82,-1,-0.49,-0.04,-0.46
Day-655,google/gemma-2-9b-it,ISFJ,memory,flat,456,0.92,flat,113.65,113.63412756991124,10000.0,10000.0,0.0,HOLD,0.0,"The market is currently below the 20-day SMA and RSI is low, suggesting potential for further decline.  Holding cash allows for a purchase opportunity at a potentially lower price.",120.1,124.33,33.8,-2.9773,1010684,0.83,9.4,15.0,2.67,-3.41,-1,-0.42,-0.09,-0.32
Day-656,google/gemma-2-9b-it,ISFJ,memory,flat,456,0.92,flat,109.77,109.60408748004879,10000.0,10000.0,0.0,HOLD,0.0,"The market is currently trending down and RSI is oversold, but the P/E ratio is still elevated.  Further analysis and a more favorable risk/reward profile are needed before investing.",118.86,123.83,21.1,-3.3579,1352948,1.1,7.7,15.0,2.66,-4.02,-1,-0.08,-0.12,0.03
Day-657,google/gemma-2-9b-it,ISFJ,memory,flat,456,0.92,flat,111.9,111.86491003851849,10000.0,10000.0,0.0,HOLD,0.0,"The market is currently trending down and the RSI is below 40, indicating potential oversold conditions. However, I need more information about the company's fundamentals before considering a purchase.",118.1,123.43,30.8,-3.4479,1036499,0.85,9.2,15.0,2.67,-4.32,-1,-0.44,-0.18,-0.26
Day-658,google/gemma-2-9b-it,ISFJ,memory,flat,456,0.92,flat,112.45,111.82967708510434,10000.0,10000.0,0.0,HOLD,0.0,"The market is currently below the 20-day SMA and RSI is low, indicating potential for further decline.  Hedging is recommended to protect the principal.",117.45,122.96,33.1,-3.4354,1269406,1.04,14.9,15.1,2.65,-4.48,-1,-0.31,-0.35,0.03
Day-659,google/gemma-2-9b-it,ISFJ,memory,flat,456,0.92,flat,110.04,109.61501404206551,10000.0,10000.0,0.0,HOLD,0.0,"The market is showing signs of weakness, and the RSI is in oversold territory. However, I need more information about the company's fundamentals before considering a purchase.",116.76,122.52,30.9,-3.5784,1412016,1.16,13.2,15.1,2.66,-4.7,-1,-0.4,-0.33,-0.07
Day-660,google/gemma-2-9b-it,ISFJ,memory,flat,456,0.92,flat,111.31,111.17926740184689,10000.0,10000.0,0.0,HOLD,0.0,"The market is showing signs of weakness, and the P/E ratio is elevated.  It is prudent to remain in cash and wait for a more favorable entry point.",116.11,122.04,35.8,-3.5488,1079047,0.89,16.5,15.0,2.66,-4.85,-1,0.08,-0.23,0.31
Day-661,google/gemma-2-9b-it,ISFJ,memory,flat,456,0.92,flat,110.14,110.46473334389538,10000.0,10000.0,0.0,HOLD,0.0,"The market is currently trending downwards and the RSI is in oversold territory.  However, I need more information about the company's fundamentals before considering a purchase.",115.6,121.53,32.3,-3.5784,1060207,0.88,14.4,15.0,2.67,-4.87,-1,0.03,-0.21,0.24
Day-662,google/gemma-2-9b-it,ISFJ,memory,flat,456,0.92,flat,109.81,109.30130085325793,10000.0,10000.0,0.0,HOLD,0.0,"The market is showing signs of weakness, and the RSI is below 50.  It is prudent to wait for a clearer uptrend before considering a purchase.",114.96,121.03,37.4,-3.5871,1011242,0.86,12.7,15.1,2.65,-5.02,-1,-0.09,-0.14,0.05
Day-663,google/gemma-2-9b-it,ISFJ,memory,flat,456,0.92,flat,109.07,108.16995005653895,10000.0,10000.0,0.0,HOLD,0.0,"The market is showing signs of weakness, and the RSI is low.  It is prudent to wait for a clearer signal before investing.",114.39,120.54,33.0,-3.6116,1162672,0.98,13.1,15.1,2.64,-5.1,-1,-0.15,-0.11,-0.05
Day-664,google/gemma-2-9b-it,ISFJ,memory,flat,456,0.92,flat,109.46,109.7902159342583,10000.0,10000.0,0.0,HOLD,0.0,"The market is showing signs of weakness, and the RSI is in oversold territory. However, I need more information about the company's fundamentals before considering a purchase.",113.86,120.14,29.2,-3.5591,1062210,0.9,14.3,15.0,2.67,-5.23,-1,0.39,0.05,0.34
Day-665,google/gemma-2-9b-it,ISFJ,memory,flat,456,0.92,flat,109.56,108.64226003034992,10000.0,10000.0,0.0,HOLD,0.0,"The market is showing signs of weakness, and the RSI is low.  It is prudent to wait for a clearer signal before investing.",113.38,119.75,33.2,-3.4694,1212285,1.02,10.3,15.1,2.64,-5.32,-1,-0.17,0.0,-0.17
Day-666,google/gemma-2-9b-it,ISFJ,memory,flat,456,0.92,flat,111.14,110.62703319677935,10000.0,10000.0,0.0,HOLD,0.0,"The market is showing signs of weakness, and the P/E ratio is elevated.  It's prudent to remain in cash and wait for a more favorable entry point.",113.03,119.38,36.5,-3.2334,1444502,1.21,10.8,15.1,2.65,-5.32,-1,0.23,0.04,0.19
Day-667,google/gemma-2-9b-it,ISFJ,memory,flat,456,0.92,flat,108.56,109.1419588721347,10000.0,10000.0,0.0,HOLD,0.0,"The market is currently in a downtrend and RSI is oversold, but the P/E ratio is still elevated.  Further analysis and a more favorable risk/reward profile are needed before investing.",112.51,119.04,29.3,-3.2174,1125912,0.94,10.2,14.9,2.68,-5.49,-1,-0.4,-0.02,-0.38
Day-668,google/gemma-2-9b-it,ISFJ,memory,flat,456,0.92,flat,108.23,108.12203023631517,10000.0,10000.0,0.0,HOLD,0.0,"The market is showing signs of weakness, and the RSI is in oversold territory. However, I need more information before making a decision.",112.17,118.75,31.2,-3.1945,1399199,1.16,16.6,15.0,2.66,-5.54,-1,-0.08,-0.0,-0.07
Day-669,google/gemma-2-9b-it,ISFJ,memory,flat,456,0.92,flat,109.79,109.76027679325647,10000.0,10000.0,0.0,HOLD,0.0,"The market is showing signs of weakness, and the P/E ratio is elevated.  It is prudent to remain in cash and wait for a more favorable entry point.",111.84,118.51,39.9,-3.0154,1144861,0.95,15.4,15.0,2.67,-5.63,-1,0.33,-0.02,0.35
Day-670,google/gemma-2-9b-it,ISFJ,memory,flat,456,0.92,flat,109.82,109.55103001614404,10000.0,10000.0,0.0,HOLD,0.0,The market is showing mixed signals.  Holding cash allows me to wait for a clearer trend and a more attractive entry point that aligns with my risk-averse strategy.,111.45,118.29,50.2,-2.8383,1114576,0.93,15.5,15.0,2.66,-5.78,-1,0.41,0.1,0.32
Day-671,google/gemma-2-9b-it,ISFJ,memory,flat,456,0.92,flat,110.72,110.51894468989067,10000.0,10000.0,0.0,HOLD,0.0,"The market is showing slight bearish signs, and the P/E ratio is above average.  I will wait for a more compelling entry point with a stronger safety net.",111.21,118.13,45.7,-2.5961,1472241,1.23,11.0,15.0,2.66,-5.86,-1,0.73,0.2,0.53
Day-672,google/gemma-2-9b-it,ISFJ,memory,flat,456,0.92,flat,107.68,108.04365699335217,10000.0,10000.0,0.0,HOLD,0.0,"The market is showing signs of weakness, and the RSI is below 50.  It is prudent to wait for a clearer signal before investing.",110.78,117.96,35.4,-2.6193,1429946,1.18,10.1,14.9,2.68,-6.09,-1,-0.28,0.22,-0.5
Day-673,google/gemma-2-9b-it,ISFJ,memory,flat,456,0.92,flat,110.77,110.67844093856284,10000.0,10000.0,0.0,HOLD,0.0,"The market is showing slight bearish signals, and the implied volatility is elevated.  I will wait for a more stable market environment before considering a purchase.",110.47,117.87,52.1,-2.3605,1395981,1.14,14.1,15.0,2.66,-6.28,-1,0.33,0.31,0.03
Day-674,google/gemma-2-9b-it,ISFJ,memory,flat,456,0.92,flat,113.33,113.3593880994842,10000.0,10000.0,0.0,HOLD,0.0,"The market is showing slight bearish signals, and the P/E ratio is above average.  It's best to remain in cash and wait for a more compelling opportunity that aligns with the core mandate of security and low risk.",110.36,117.7,55.5,-1.927,1229407,1.01,10.8,15.0,2.67,-6.24,-1,-0.24,0.19,-0.43
Day-675,google/gemma-2-9b-it,ISFJ,memory,flat,456,0.92,flat,111.34,111.22358466332743,10000.0,10000.0,0.0,HOLD,0.0,The market is showing mixed signals and the P/E ratio is elevated.  I will wait for a clearer signal and a more favorable entry point to align with my risk-averse strategy.,110.24,117.49,53.1,-1.7238,1197178,0.97,10.1,15.0,2.66,-6.16,-1,-0.34,0.04,-0.38
Day-676,google/gemma-2-9b-it,ISFJ,memory,flat,456,0.92,flat,110.11,109.56034129329733,10000.0,10000.0,0.0,HOLD,0.0,The market is currently neutral.  There is no compelling reason to deviate from the core mandate of security and avoiding volatility.,110.26,117.25,50.7,-1.6436,1210921,0.99,10.0,15.1,2.65,-5.96,-1,0.22,-0.06,0.28
Day-677,google/gemma-2-9b-it,ISFJ,memory,flat,456,0.92,flat,107.08,107.37177485483957,10000.0,10000.0,0.0,HOLD,0.0,The market is showing mixed signals and the P/E ratio is slightly elevated.  I will wait for a clearer trend and a more attractive entry point before investing.,110.02,116.93,45.5,-1.8037,1089397,0.89,9.2,15.0,2.67,-5.91,-1,0.17,0.03,0.14
Day-678,google/gemma-2-9b-it,ISFJ,memory,flat,456,0.92,flat,105.73,106.08683715440736,10000.0,10000.0,0.0,HOLD,0.0,"The market is showing signs of weakness, and the P/E ratio is elevated.  It is prudent to remain in cash and wait for a more favorable entry point.",109.68,116.59,42.0,-2.0158,1245771,1.02,7.9,15.0,2.68,-5.92,-1,0.47,0.05,0.41
Day-679,google/gemma-2-9b-it,ISFJ,memory,flat,456,0.92,flat,108.14,107.72700683355725,10000.0,10000.0,0.0,HOLD,0.0,The market is showing mixed signals and the P/E ratio is slightly elevated.  Maintaining a cash position allows for a more conservative approach and preserves capital.,109.59,116.26,47.2,-1.9671,1345567,1.1,7.5,15.1,2.66,-5.74,-1,0.15,0.13,0.01
Day-680,google/gemma-2-9b-it,ISFJ,memory,flat,456,0.92,flat,108.38,108.46657978935082,10000.0,10000.0,0.0,HOLD,0.0,"The market is showing slight bearish signals, and the P/E ratio is above average. Holding cash allows for a more conservative approach and protects against potential downside risk.",109.44,115.92,44.3,-1.8874,1372878,1.11,7.5,15.0,2.67,-5.59,-1,0.24,0.25,-0.01
Day-681,google/gemma-2-9b-it,ISFJ,memory,flat,456,0.92,flat,105.71,105.42358990419858,10000.0,10000.0,0.0,HOLD,0.0,"The market is showing signs of weakness, and the P/E ratio is elevated.  It is prudent to remain in cash and wait for a more favorable entry point.",109.22,115.57,44.2,-2.0162,1390343,1.11,7.5,15.0,2.66,-5.49,-1,-0.23,0.16,-0.39
Day-682,google/gemma-2-9b-it,ISFJ,memory,flat,456,0.92,flat,108.0,107.67789340244708,10000.0,10000.0,0.0,HOLD,0.0,"The market is showing slight bearish signals, and the P/E ratio is above average.  It's prudent to remain in cash and observe for a more favorable entry point.",109.13,115.25,49.6,-1.9113,1484716,1.16,7.5,15.0,2.66,-5.31,-1,-0.07,0.11,-0.18
Day-683,google/gemma-2-9b-it,ISFJ,memory,flat,456,0.92,flat,107.67,108.20917570721033,10000.0,10000.0,0.0,HOLD,0.0,"Market is slightly below the 20-day SMA, but RSI is healthy.  No compelling reason to deviate from the core mandate of capital preservation.",109.06,114.82,45.8,-1.834,1143792,0.9,7.5,14.9,2.68,-5.02,-1,-0.19,-0.02,-0.17
Day-684,google/gemma-2-9b-it,ISFJ,memory,flat,456,0.92,flat,110.65,110.6810222266859,10000.0,10000.0,0.0,HOLD,0.0,The market is showing mixed signals.  Holding cash allows for a more conservative approach and avoids unnecessary risk.,109.12,114.3,51.5,-1.515,1482704,1.14,11.5,15.0,2.67,-4.53,-1,-0.06,-0.06,0.0
Day-685,google/gemma-2-9b-it,ISFJ,memory,flat,456,0.92,flat,111.09,111.49990300226962,10000.0,10000.0,0.0,HOLD,0.0,"The market is currently neutral, and the P/E ratio is within a reasonable range.  Maintaining a cash position allows for opportunistic buying at a more favorable price point.",109.2,113.79,50.7,-1.2127,1011124,0.79,14.1,14.9,2.68,-4.04,-1,0.24,-0.06,0.3
Day-686,google/gemma-2-9b-it,ISFJ,memory,flat,456,0.92,flat,112.73,112.85014995373548,10000.0,10000.0,0.0,HOLD,0.0,The market is currently showing mixed signals.  I need more information and a clearer trend before considering a purchase.,109.28,113.35,59.6,-0.8308,1216587,0.95,13.1,15.0,2.67,-3.59,-1,0.23,0.03,0.2
Day-687,google/gemma-2-9b-it,ISFJ,memory,flat,456,0.92,flat,111.29,111.31179059573309,10000.0,10000.0,0.0,HOLD,0.0,Market is slightly overvalued and volatility is elevated.  Waiting for a more stable entry point aligns with the core mandate of security and risk aversion.,109.41,113.04,51.1,-0.6369,1113497,0.87,14.7,15.0,2.67,-3.2,-1,-0.27,-0.01,-0.26
Day-688,google/gemma-2-9b-it,ISFJ,memory,flat,456,0.92,flat,114.71,113.97162547020872,10000.0,10000.0,0.0,HOLD,0.0,"The market is showing slight bearish signals, and the P/E ratio is above average.  It's prudent to remain in cash and wait for a more compelling entry point.",109.74,112.82,52.7,-0.2048,1018142,0.81,10.5,15.1,2.65,-2.73,-1,0.17,0.06,0.1
Day-689,google/gemma-2-9b-it,ISFJ,memory,flat,456,0.92,flat,115.25,114.9761397562219,10000.0,10000.0,0.0,HOLD,0.0,"The market is showing slight bearish signals, and the P/E ratio is above average.  I will wait for a more compelling opportunity with a lower risk profile.",110.01,112.65,58.1,0.1787,1189731,0.95,10.2,15.0,2.66,-2.34,-1,-0.11,0.05,-0.16
Day-690,google/gemma-2-9b-it,ISFJ,memory,flat,456,0.92,flat,108.68,108.82373711517958,10000.0,10000.0,0.0,HOLD,0.0,"Market is slightly below the 20-day SMA and RSI is below 50, indicating potential for further decline.  Holding cash allows for a purchase opportunity at a lower price point.",109.95,112.34,47.6,-0.0466,1254235,0.99,8.1,15.0,2.67,-2.12,-1,-0.1,-0.02,-0.08
Day-691,google/gemma-2-9b-it,ISFJ,memory,flat,456,0.92,flat,108.01,107.86732055971635,10000.0,10000.0,0.0,HOLD,0.0,"The market is showing slight bearish signs, and the P/E ratio is above average.  It is prudent to remain in cash and observe for a more compelling entry point.",109.82,112.09,51.7,-0.2763,1117692,0.9,7.5,15.0,2.66,-2.03,-1,0.27,-0.01,0.28
Day-692,google/gemma-2-9b-it,ISFJ,memory,flat,456,0.92,flat,107.95,107.81463085528455,10000.0,10000.0,0.0,HOLD,0.0,The market is currently showing no clear signal for a buy.  Maintaining cash preserves capital and allows for a purchase at a potentially more favorable price in the future.,109.83,111.8,54.3,-0.4578,1256357,1.01,7.5,15.0,2.66,-1.76,0,-0.17,0.01,-0.18
Day-693,google/gemma-2-9b-it,ISFJ,memory,flat,456,0.92,flat,109.33,109.41536050839656,10000.0,10000.0,0.0,HOLD,0.0,Market is currently neutral.  No compelling reason to deviate from the core mandate of capital preservation.,109.76,111.57,52.4,-0.4846,1242077,1.01,9.6,15.0,2.67,-1.63,0,-0.6,-0.14,-0.45
Day-694,google/gemma-2-9b-it,ISFJ,memory,flat,456,0.92,flat,109.83,109.66740302425846,10000.0,10000.0,0.0,HOLD,0.0,"The market is currently neutral, and the P/E ratio is within a reasonable range.  No compelling reason to deviate from the core mandate of security and avoiding unnecessary risk.",109.58,111.37,52.9,-0.4604,1195139,0.97,11.1,15.0,2.66,-1.6,0,0.21,-0.08,0.29
Day-695,google/gemma-2-9b-it,ISFJ,memory,flat,456,0.92,flat,110.7,111.34351961922151,10000.0,10000.0,0.0,HOLD,0.0,The market is showing signs of potential overvaluation (RSI 60.8) and the P/E ratio is above average.  Further research and a more significant drop in price are needed before considering a purchase.,109.55,111.2,60.8,-0.3665,1427716,1.15,16.0,14.9,2.68,-1.48,0,0.02,-0.05,0.07
Day-696,google/gemma-2-9b-it,ISFJ,memory,flat,456,0.92,flat,109.22,109.24803667363199,10000.0,10000.0,0.0,HOLD,0.0,Market conditions are neutral.  No compelling reason to deviate from the core mandate of capital preservation.,109.51,111.02,52.7,-0.4069,1430202,1.14,11.4,15.0,2.67,-1.36,0,-0.11,-0.13,0.02
Day-697,google/gemma-2-9b-it,ISFJ,memory,flat,456,0.92,flat,107.44,107.96277724446246,10000.0,10000.0,0.0,HOLD,0.0,Market is currently neutral.  No compelling reason to deviate from the core mandate of capital preservation.,109.53,110.79,49.5,-0.5759,1173336,0.93,11.7,14.9,2.68,-1.14,0,-0.21,-0.14,-0.07
Day-698,google/gemma-2-9b-it,ISFJ,memory,flat,456,0.92,flat,107.34,107.05900583906964,10000.0,10000.0,0.0,HOLD,0.0,"Market is slightly below the 20 and 60 day moving averages, but RSI is low and P/E is reasonable.  More information is needed before making a decision.",109.61,110.64,42.1,-0.7098,1377407,1.09,8.7,15.0,2.66,-0.93,0,0.04,-0.01,0.05
Day-699,google/gemma-2-9b-it,ISFJ,memory,flat,456,0.92,flat,108.12,108.04488810857107,10000.0,10000.0,0.0,HOLD,0.0,Market is slightly below the 20 and 60 day moving averages.  Holding cash allows for a potential purchase at a more favorable price point.,109.61,110.47,43.0,-0.7442,1407073,1.11,7.5,15.0,2.66,-0.79,0,-0.01,-0.05,0.04
Day-700,google/gemma-2-9b-it,ISFJ,memory,flat,456,0.92,flat,107.22,107.69384596746407,10000.0,10000.0,0.0,HOLD,0.0,"The market is showing signs of weakness, but the company's fundamentals remain solid.  It is prudent to wait for a more significant dip before considering a purchase.",109.55,110.26,36.5,-0.8352,1319722,1.05,9.7,14.9,2.68,-0.65,0,0.15,-0.03,0.17
Day-701,google/gemma-2-9b-it,ISFJ,memory,flat,456,0.92,flat,105.86,105.34376925898263,10000.0,10000.0,0.0,HOLD,0.0,"The market is showing some weakness, but the company's fundamentals remain solid.  It's too early to make a move based on this limited information.",109.56,110.07,36.7,-1.0051,1410743,1.12,10.7,15.1,2.65,-0.47,0,0.71,0.14,0.57
Day-702,google/gemma-2-9b-it,ISFJ,memory,flat,456,0.92,flat,104.36,104.57386332302386,10000.0,10000.0,0.0,HOLD,0.0,"The market is currently oversold, but the P/E ratio and implied volatility suggest potential for further downside.  A conservative approach is warranted until the market stabilizes.",109.37,109.83,22.0,-1.2461,1059548,0.85,11.3,15.0,2.67,-0.42,0,-0.64,0.05,-0.69
Day-703,google/gemma-2-9b-it,ISFJ,memory,flat,456,0.92,flat,104.53,104.87516527545178,10000.0,10000.0,0.0,HOLD,0.0,"The market is currently oversold, but the P/E ratio and implied volatility suggest potential for further decline.  Hedging is recommended to protect the principal.",109.22,109.58,20.4,-1.4074,1305605,1.04,14.1,15.0,2.68,-0.33,0,0.02,0.04,-0.02
Day-704,google/gemma-2-9b-it,ISFJ,memory,flat,456,0.92,flat,101.85,102.25119013851082,10000.0,10000.0,0.0,HOLD,0.0,"The market is showing signs of weakness, and the RSI is in oversold territory. However, I need more information before making a decision.",108.78,109.31,26.0,-1.7312,1310031,1.05,17.0,14.9,2.68,-0.49,0,0.22,0.09,0.13
Day-705,google/gemma-2-9b-it,ISFJ,memory,flat,456,0.92,flat,101.48,101.72312415665428,10000.0,10000.0,0.0,HOLD,0.0,"The market is showing signs of weakness, and the RSI is low.  It is prudent to wait for a clearer upward trend before considering a purchase.",108.3,109.07,26.6,-1.9951,1328530,1.06,12.2,15.0,2.67,-0.71,0,-0.12,0.04,-0.15
Day-706,google/gemma-2-9b-it,ISFJ,memory,flat,456,0.92,flat,100.59,100.49290762117525,10000.0,10000.0,0.0,HOLD,0.0,"The market is currently below the 20 and 60 day moving averages, and RSI is low, suggesting potential for further decline.  Hedging is recommended before considering a purchase.",107.69,108.88,25.1,-2.2505,1182187,0.94,13.2,15.0,2.66,-1.1,0,-0.58,-0.22,-0.36
Day-707,google/gemma-2-9b-it,ISFJ,memory,flat,456,0.92,flat,101.11,101.52089234208677,10000.0,10000.0,0.0,HOLD,0.0,"The market is currently showing signs of weakness, and the RSI is in oversold territory. However, I need more information about the company's fundamentals before considering a purchase.",107.18,108.67,20.5,-2.3827,1456025,1.14,16.1,14.9,2.68,-1.37,0,-0.11,-0.11,0.0
Day-708,google/gemma-2-9b-it,ISFJ,memory,flat,456,0.92,flat,100.94,100.63487055800205,10000.0,10000.0,0.0,HOLD,0.0,"The market is currently oversold, but the P/E ratio and implied volatility suggest potential for further downside.  Hedging is recommended before considering a purchase.",106.49,108.44,17.3,-2.4729,1118642,0.88,11.5,15.0,2.66,-1.79,0,-0.32,-0.18,-0.14
Day-709,google/gemma-2-9b-it,ISFJ,memory,flat,456,0.92,flat,100.24,100.20976761949065,10000.0,10000.0,0.0,HOLD,0.0,"The market is showing signs of weakness, and the RSI is extremely low.  It is prudent to wait for a more favorable entry point before investing.",105.74,108.24,11.0,-2.5717,1275688,0.99,13.5,15.0,2.67,-2.31,-1,0.25,-0.18,0.42
Day-710,google/gemma-2-9b-it,ISFJ,memory,flat,456,0.92,flat,99.24,100.31189199478696,10000.0,10000.0,0.0,HOLD,0.0,The market is currently oversold and the P/E ratio is elevated.  Hedging is recommended to protect against further downside risk.,105.27,108.0,11.4,-2.699,1172698,0.92,13.2,14.8,2.7,-2.53,-1,0.0,-0.15,0.16
Day-711,google/gemma-2-9b-it,ISFJ,memory,flat,456,0.92,flat,100.53,100.64298686688649,10000.0,10000.0,0.0,HOLD,0.0,"The market is showing signs of weakness, and the RSI is in oversold territory. However, I need more information before making a decision.",104.9,107.81,22.2,-2.6654,1449626,1.12,17.7,15.0,2.67,-2.7,-1,-0.32,-0.1,-0.22
Day-712,google/gemma-2-9b-it,ISFJ,memory,flat,456,0.92,flat,101.13,101.31534196387273,10000.0,10000.0,0.0,HOLD,0.0,"The market is showing signs of weakness, and the RSI is in oversold territory. However, I need more information about the company's fundamentals before considering a purchase.",104.55,107.63,26.0,-2.5605,1334784,1.03,12.7,15.0,2.67,-2.86,-1,0.12,-0.05,0.17
Day-713,google/gemma-2-9b-it,ISFJ,memory,flat,456,0.92,flat,100.11,100.26804172542192,10000.0,10000.0,0.0,HOLD,0.0,"The market is showing signs of weakness, and the RSI is in oversold territory. However, without a clear understanding of the underlying fundamentals and potential catalysts for a rebound, it is prudent to remain cautious and hold cash.",104.09,107.46,19.6,-2.5311,1017957,0.79,13.8,15.0,2.67,-3.13,-1,0.13,0.04,0.09
Day-714,google/gemma-2-9b-it,ISFJ,memory,flat,456,0.92,flat,99.29,99.55610285118254,10000.0,10000.0,0.0,HOLD,0.0,"The market is showing signs of weakness, and the RSI is in oversold territory. However, I need more information about the company's fundamentals before considering a purchase.",103.57,107.25,19.7,-2.5443,1256180,0.97,17.5,15.0,2.67,-3.44,-1,-0.39,-0.09,-0.3
Day-715,google/gemma-2-9b-it,ISFJ,memory,flat,456,0.92,flat,100.05,100.68069275940074,10000.0,10000.0,0.0,HOLD,0.0,"The market is currently trending down and RSI is low, indicating potential for further decline.  Hedging strategies should be prioritized over new investments at this time.",103.03,107.06,26.8,-2.4648,1019200,0.8,23.6,14.9,2.68,-3.76,-1,0.76,0.06,0.7
Day-716,google/gemma-2-9b-it,ISFJ,memory,flat,456,0.92,flat,102.11,101.74721676704583,10000.0,10000.0,0.0,HOLD,0.0,"The market is showing signs of weakness, and the implied volatility is elevated.  It is prudent to remain in cash and wait for a clearer signal before investing.",102.68,106.88,41.4,-2.2105,1162356,0.92,17.4,15.1,2.66,-3.93,-1,-0.32,0.06,-0.38
Day-717,google/gemma-2-9b-it,ISFJ,memory,flat,456,0.92,flat,103.64,103.590885100298,10000.0,10000.0,0.0,HOLD,0.0,"The market is showing mixed signals and the P/E ratio is moderate.  Prioritizing capital preservation, I will wait for a clearer trend and more favorable entry point.",102.49,106.78,46.9,-1.8637,1259045,1.0,13.9,15.0,2.67,-4.02,-1,-0.42,-0.05,-0.37
Day-718,google/gemma-2-9b-it,ISFJ,memory,flat,456,0.92,flat,101.73,102.39828293247517,10000.0,10000.0,0.0,HOLD,0.0,"The market is showing slight bearish signals, but the P/E ratio and implied volatility are within acceptable ranges.  Maintaining a cash position allows for a more conservative approach and avoids unnecessary risk.",102.21,106.65,49.5,-1.7233,1114222,0.89,12.2,14.9,2.68,-4.17,-1,0.35,-0.01,0.35
Day-719,google/gemma-2-9b-it,ISFJ,memory,flat,456,0.92,flat,102.44,102.33506687473452,10000.0,10000.0,0.0,HOLD,0.0,"The market is showing slight bearish signals, and the P/E ratio is above average.  I will wait for a more compelling opportunity with a lower risk profile before investing.",101.92,106.51,53.4,-1.5369,1298613,1.05,10.9,15.0,2.66,-4.3,-1,0.38,0.15,0.23
Day-720,google/gemma-2-9b-it,ISFJ,memory,flat,456,0.92,flat,103.72,103.61486514992934,10000.0,10000.0,0.0,HOLD,0.0,"The market is showing signs of potential overvaluation (RSI 60.9, P/E 15.0).  Further research and a clearer trend are needed before considering a purchase.",101.75,106.38,60.9,-1.2711,1454430,1.16,13.9,15.0,2.66,-4.36,-1,0.11,0.02,0.09
Day-721,google/gemma-2-9b-it,ISFJ,memory,flat,456,0.92,flat,102.51,102.59999864024505,10000.0,10000.0,0.0,HOLD,0.0,"The market is showing slight bearish signals, and the P/E ratio is above average.  Holding cash allows for a more conservative approach and avoids unnecessary risk.",101.58,106.22,54.6,-1.1449,1252597,1.01,13.4,15.0,2.67,-4.37,-1,0.14,0.11,0.03
Day-722,google/gemma-2-9b-it,ISFJ,memory,flat,456,0.92,flat,104.78,105.21338995809049,10000.0,10000.0,0.0,HOLD,0.0,The market is showing signs of potential overvaluation (RSI 61.2) and the P/E ratio is above average.  Further research and a more significant drop in price are needed before considering a purchase.,101.6,106.16,61.2,-0.852,1057370,0.85,10.4,14.9,2.68,-4.3,-1,0.15,0.22,-0.07
Day-723,google/gemma-2-9b-it,ISFJ,memory,flat,456,0.92,flat,102.65,103.18980867121223,10000.0,10000.0,0.0,HOLD,0.0,"The market is showing slight bearish signs, and the P/E ratio is above the historical average.  I will wait for a more compelling entry point with a stronger safety margin.",101.51,106.0,56.5,-0.7825,1296018,1.04,11.7,14.9,2.68,-4.24,-1,0.01,0.16,-0.14
Day-724,google/gemma-2-9b-it,ISFJ,memory,flat,456,0.92,flat,102.85,102.72739347263351,10000.0,10000.0,0.0,HOLD,0.0,The market is showing signs of overbought conditions (RSI 60.2) and the price is slightly below the 60-day SMA.  I will wait for a more compelling entry point with a lower price and stronger support signals.,101.56,105.79,60.2,-0.703,1365368,1.1,9.1,15.0,2.66,-4.0,-1,0.04,0.09,-0.05
Day-725,google/gemma-2-9b-it,ISFJ,memory,flat,456,0.92,flat,101.34,101.60135703581487,10000.0,10000.0,0.0,HOLD,0.0,Market is slightly below the 20-day SMA and RSI is neutral.  Holding cash allows for a more conservative approach and avoids unnecessary risk.,101.55,105.59,52.3,-0.7535,1066767,0.87,7.5,15.0,2.67,-3.83,-1,-0.3,0.01,-0.31
Day-726,google/gemma-2-9b-it,ISFJ,memory,flat,456,0.92,flat,104.53,104.46547066345752,10000.0,10000.0,0.0,HOLD,0.0,"The market is showing slight bearish signals, but the P/E ratio and implied volatility are not alarming.  Maintaining a cash position allows for a more conservative approach and the opportunity to buy at a potentially lower price.",101.75,105.48,58.2,-0.5303,1273077,1.03,8.3,15.0,2.67,-3.54,-1,0.12,0.0,0.11
Day-727,google/gemma-2-9b-it,ISFJ,memory,flat,456,0.92,flat,102.44,101.68326534921512,10000.0,10000.0,0.0,HOLD,0.0,"The market is showing slight bearish signs, and the P/E ratio is above average.  It is prudent to remain in cash and observe the market further before considering a purchase.",101.81,105.39,55.4,-0.5157,1161282,0.95,11.7,15.1,2.65,-3.39,-1,0.49,0.07,0.42
Day-728,google/gemma-2-9b-it,ISFJ,memory,flat,456,0.92,flat,101.67,101.75898466520157,10000.0,10000.0,0.0,HOLD,0.0,"The market is showing slight bearish signals, but the P/E ratio and implied volatility suggest moderate risk.  Holding cash allows for a more informed decision when the market stabilizes.",101.85,105.3,55.5,-0.5601,1009416,0.83,9.3,15.0,2.67,-3.28,-1,0.14,0.1,0.04
Day-729,google/gemma-2-9b-it,ISFJ,memory,flat,456,0.92,flat,104.07,103.80956724267307,10000.0,10000.0,0.0,HOLD,0.0,"The market is showing slight bearish signals, but the P/E ratio and implied volatility are within acceptable ranges.  Holding cash allows for a more conservative approach and the opportunity to buy at a potentially lower price.",102.04,105.22,58.6,-0.3973,1366755,1.12,7.5,15.0,2.66,-3.02,-1,0.4,0.17,0.23
Day-730,google/gemma-2-9b-it,ISFJ,memory,flat,456,0.92,flat,103.54,102.97700281723658,10000.0,10000.0,0.0,HOLD,0.0,Market conditions are neutral.  No compelling reason to deviate from the core mandate of capital preservation.,102.26,105.13,53.3,-0.3069,1260849,1.03,8.5,15.1,2.65,-2.73,-1,-0.36,0.16,-0.51
Day-731,google/gemma-2-9b-it,ISFJ,memory,flat,456,0.92,flat,103.29,104.02346473720124,10000.0,10000.0,0.0,HOLD,0.0,"The market is showing slight bearish signals, but the P/E ratio and implied volatility are not alarming.  Holding cash allows for a more informed decision when the market stabilizes.",102.4,105.08,49.1,-0.2531,1282282,1.06,8.8,14.9,2.69,-2.55,-1,-0.12,0.11,-0.23
Day-732,google/gemma-2-9b-it,ISFJ,memory,flat,456,0.92,flat,101.97,102.02662345475227,10000.0,10000.0,0.0,HOLD,0.0,"Market is slightly below SMA60, but RSI is neutral.  No compelling reason to deviate from the core mandate of safety and security.",102.44,104.96,50.6,-0.3133,1410145,1.16,14.3,15.0,2.67,-2.4,-1,-0.24,-0.03,-0.21
Day-733,google/gemma-2-9b-it,ISFJ,memory,flat,456,0.92,flat,105.75,106.11759901822853,10000.0,10000.0,0.0,HOLD,0.0,The market is showing some signs of overbought conditions (RSI 57.2) and the price is slightly below the 60-day SMA.  I will wait for a more compelling entry point with a lower price and stronger support.,102.72,104.92,57.2,-0.0554,1393509,1.13,10.9,14.9,2.68,-2.1,-1,-0.18,-0.1,-0.08
Day-734,google/gemma-2-9b-it,ISFJ,memory,flat,456,0.92,flat,107.55,107.24042553344412,10000.0,10000.0,0.0,HOLD,0.0,The market is showing no clear signal for a buy.  Maintaining cash reserves aligns with the core mandate of security and risk avoidance.,103.13,104.86,58.2,0.2911,1405697,1.13,11.1,15.0,2.66,-1.64,0,-0.15,-0.21,0.06
Day-735,google/gemma-2-9b-it,ISFJ,memory,flat,456,0.92,flat,107.63,107.67847129131857,10000.0,10000.0,0.0,HOLD,0.0,The market is showing signs of overvaluation (RSI 61.5) and volatility is elevated.  I will wait for a more stable environment and a lower entry point before considering a purchase.,103.51,104.79,61.5,0.5657,1420797,1.12,13.4,15.0,2.67,-1.22,0,0.32,-0.07,0.39
Day-736,google/gemma-2-9b-it,ISFJ,memory,flat,456,0.92,flat,110.17,110.13129265310451,10000.0,10000.0,0.0,HOLD,0.0,The market is showing signs of potential overvaluation (RSI 61.9) and volatility (Implied Volatility 14.0%).  Holding cash allows for a more conservative approach and preserves capital until a more favorable entry point emerges.,103.91,104.74,61.9,0.9773,1357380,1.06,14.0,15.0,2.67,-0.79,0,0.07,-0.03,0.11
Day-737,google/gemma-2-9b-it,ISFJ,memory,flat,456,0.92,flat,111.33,110.88610729539712,10000.0,10000.0,0.0,HOLD,0.0,"The RSI is high, indicating potential overvaluation.  I will wait for a pullback before considering a purchase.",104.3,104.74,70.1,1.3805,1142452,0.9,14.0,15.1,2.66,-0.42,0,0.09,0.03,0.06
Day-738,google/gemma-2-9b-it,ISFJ,memory,flat,456,0.92,flat,116.77,116.0790774272612,10000.0,10000.0,0.0,HOLD,0.0,The market is showing signs of overvaluation (RSI 75.9) and the P/E ratio is elevated.  I will wait for a pullback and a more favorable entry point.,105.05,104.78,75.9,2.1151,1400271,1.09,14.6,15.1,2.65,0.26,0,0.31,0.13,0.18
Day-739,google/gemma-2-9b-it,ISFJ,memory,flat,456,0.92,flat,115.72,114.56445071821723,10000.0,10000.0,0.0,HOLD,0.0,The high RSI and implied volatility suggest potential for a pullback.  Holding cash allows for a safer entry point when the market stabilizes.,105.71,104.79,77.2,2.583,1083977,0.85,20.4,15.2,2.64,0.88,0,0.03,0.16,-0.14
Day-740,google/gemma-2-9b-it,ISFJ,memory,flat,456,0.92,flat,112.8,113.17726649109356,10000.0,10000.0,0.0,HOLD,0.0,The market is showing signs of overvaluation (RSI 65.8) and volatility is elevated.  Holding cash allows for a safer entry point when the market stabilizes.,106.17,104.87,65.8,2.6867,1439236,1.13,19.3,14.9,2.68,1.24,0,-0.1,0.08,-0.18
Day-741,google/gemma-2-9b-it,ISFJ,memory,flat,456,0.92,flat,109.87,110.49649639303283,10000.0,10000.0,0.0,HOLD,0.0,The market is showing signs of overbought conditions (RSI 63.8) and volatility is elevated.  Holding cash allows for a more conservative approach and avoids unnecessary risk.,106.54,104.91,63.8,2.5041,1238840,0.97,18.6,14.9,2.68,1.55,0,0.33,0.13,0.2
Day-742,google/gemma-2-9b-it,ISFJ,memory,flat,456,0.92,flat,106.95,107.66286742294966,10000.0,10000.0,0.0,HOLD,0.0,The market is showing no clear signal for a buy.  Maintaining cash reserves allows for opportunistic purchases at a more favorable price point.,106.65,104.89,59.1,2.0996,1464063,1.13,15.0,14.9,2.68,1.68,0,0.42,0.2,0.22
Day-743,google/gemma-2-9b-it,ISFJ,memory,flat,456,0.92,flat,109.11,108.57129045514522,10000.0,10000.0,0.0,HOLD,0.0,Market conditions are neutral.  No compelling reason to deviate from the core mandate of capital preservation.,106.97,104.88,58.7,1.9305,1234801,0.96,17.3,15.1,2.65,1.99,0,-0.32,0.07,-0.39
Day-744,google/gemma-2-9b-it,ISFJ,memory,flat,456,0.92,flat,110.5,110.25342489242493,10000.0,10000.0,0.0,HOLD,0.0,The current market conditions are uncertain.  Holding cash allows for a more measured approach and avoids unnecessary risk.,107.35,104.9,61.7,1.8872,1138980,0.89,12.4,15.0,2.66,2.34,1,0.07,0.08,-0.01
Day-745,google/gemma-2-9b-it,ISFJ,memory,flat,456,0.92,flat,110.15,109.8641251954456,10000.0,10000.0,0.0,HOLD,0.0,"The market is showing signs of potential overvaluation (RSI 61.5, P/E 15.0) and volatility (Implied Volatility 8.9%).  Holding cash allows for a more conservative approach and the opportunity to buy at a potentially lower price in the future.",107.79,104.89,61.5,1.8038,1021023,0.8,8.9,15.0,2.66,2.77,1,0.09,0.12,-0.03
Day-746,google/gemma-2-9b-it,ISFJ,memory,flat,456,0.92,flat,111.85,111.56682343478133,10000.0,10000.0,0.0,HOLD,0.0,The market is showing signs of potential overvaluation (RSI 66.4) and the P/E ratio is above average.  Further research and a more significant pullback are needed before considering a purchase.,108.16,104.94,66.4,1.8537,1064286,0.84,10.4,15.0,2.66,3.07,1,0.3,0.11,0.19
Day-747,google/gemma-2-9b-it,ISFJ,memory,flat,456,0.92,flat,107.54,108.11467709972153,10000.0,10000.0,0.0,HOLD,0.0,"Current market conditions are not compelling enough to warrant a purchase. Volatility is elevated and the P/E ratio is above historical averages, indicating potential overvaluation.",108.41,104.94,52.9,1.5273,1456554,1.14,7.8,14.9,2.68,3.31,1,0.27,0.08,0.19
Day-748,google/gemma-2-9b-it,ISFJ,memory,flat,456,0.92,flat,107.85,107.80277104730851,10000.0,10000.0,0.0,HOLD,0.0,The market is showing neutral signals and the P/E ratio is within a reasonable range.  Holding cash allows for a more conservative approach and avoids unnecessary risk.,108.72,104.95,50.5,1.2794,1484115,1.14,7.5,15.0,2.67,3.59,1,0.55,0.26,0.29
Day-749,google/gemma-2-9b-it,ISFJ,memory,flat,456,0.92,flat,110.93,110.66519068041426,10000.0,10000.0,0.0,HOLD,0.0,The market is showing signs of potential volatility.  Holding cash allows for a safer approach while monitoring the situation.,109.06,105.01,55.1,1.3162,1386404,1.06,7.5,15.0,2.66,3.86,1,0.22,0.29,-0.06
Day-750,google/gemma-2-9b-it,ISFJ,memory,flat,456,0.92,flat,110.2,110.27102542443717,10000.0,10000.0,0.0,HOLD,0.0,The market is showing no clear signal for a buy.  Maintaining cash reserves allows for opportunistic purchases when volatility dips and prices are more favorable.,109.4,105.07,50.0,1.2719,1410186,1.08,8.1,15.0,2.67,4.12,1,-0.23,0.22,-0.45
Day-751,google/gemma-2-9b-it,ISFJ,memory,flat,456,0.92,flat,116.15,116.16794228416268,10000.0,10000.0,0.0,HOLD,0.0,The market is showing signs of potential overvaluation (P/E ratio) and volatility is elevated.  Holding cash allows for a more conservative approach and opportunity to buy at a potentially lower price.,110.04,105.27,56.8,1.6968,1429938,1.08,13.6,15.0,2.67,4.53,1,0.27,0.22,0.05
Day-752,google/gemma-2-9b-it,ISFJ,memory,flat,456,0.92,flat,118.3,118.64482092453568,10000.0,10000.0,0.0,HOLD,0.0,"The market is showing some volatility, and the P/E ratio is above average.  I need more information before making a decision.",110.86,105.55,52.4,2.1821,1486228,1.12,11.2,15.0,2.67,5.03,1,-0.31,0.1,-0.41
Day-753,google/gemma-2-9b-it,ISFJ,memory,flat,456,0.92,flat,115.87,115.83741738267793,10000.0,10000.0,0.0,HOLD,0.0,The market is showing mixed signals and the P/E ratio is slightly elevated.  I need more information and a clearer trend before considering a purchase.,111.36,105.78,50.2,2.3436,1233815,0.94,8.6,15.0,2.67,5.28,1,-0.1,-0.03,-0.07
Day-754,google/gemma-2-9b-it,ISFJ,memory,flat,456,0.92,flat,115.25,115.1626694229158,10000.0,10000.0,0.0,HOLD,0.0,The market is showing signs of potential volatility.  It is prudent to maintain a cash position and observe market trends before considering an investment.,111.75,106.04,54.0,2.3942,1142005,0.88,8.9,15.0,2.66,5.38,1,0.43,0.01,0.42
Day-755,google/gemma-2-9b-it,ISFJ,memory,flat,456,0.92,flat,114.11,113.35371867048411,10000.0,10000.0,0.0,HOLD,0.0,The market is showing signs of potential volatility.  It is prudent to maintain cash reserves and observe the market further before making a decision.,112.07,106.3,57.2,2.3158,1027675,0.8,14.5,15.1,2.65,5.43,1,-0.16,0.03,-0.19
Day-756,google/gemma-2-9b-it,ISFJ,memory,flat,456,0.92,flat,109.5,110.23485470460139,10000.0,10000.0,0.0,HOLD,0.0,"The market is showing signs of potential weakness, but not enough to warrant a purchase.  Maintaining cash reserves allows for opportunistic buying at a more favorable price.",112.04,106.48,54.1,1.8599,1070876,0.84,14.0,14.9,2.68,5.22,1,0.1,-0.01,0.1
Day-757,google/gemma-2-9b-it,ISFJ,memory,flat,456,0.92,flat,111.16,110.72149301646806,10000.0,10000.0,0.0,HOLD,0.0,The market is showing mixed signals and volatility is elevated.  Maintaining cash reserves allows for a more secure approach and avoids unnecessary risk.,112.03,106.68,53.4,1.6144,1153299,0.91,17.5,15.1,2.66,5.02,1,-0.25,0.0,-0.25
Day-758,google/gemma-2-9b-it,ISFJ,memory,flat,456,0.92,flat,111.92,112.54645923676307,10000.0,10000.0,0.0,HOLD,0.0,The market is showing signs of volatility with a high implied volatility and negative news sentiment.  Holding cash allows me to wait for a more stable entry point that aligns with my risk-averse strategy.,111.79,106.9,52.4,1.4639,1359387,1.07,16.6,14.9,2.68,4.58,1,-0.42,-0.06,-0.36
Day-759,google/gemma-2-9b-it,ISFJ,memory,flat,456,0.92,flat,111.84,111.79918874980426,10000.0,10000.0,0.0,HOLD,0.0,The market is showing no clear signal for a buy.  Maintaining cash reserves is prudent until a more compelling opportunity arises that aligns with the core mandate of security and low risk.,111.59,107.13,52.9,1.3233,1106634,0.87,14.2,15.0,2.67,4.17,1,0.37,-0.07,0.45
Day-760,google/gemma-2-9b-it,ISFJ,memory,flat,456,0.92,flat,112.87,112.4209465019528,10000.0,10000.0,0.0,HOLD,0.0,"The market is showing mixed signals, and the P/E ratio is slightly elevated.  I need more information and a clearer trend before considering a purchase.",111.6,107.4,51.8,1.2801,1449414,1.14,15.3,15.1,2.66,3.91,1,0.41,0.04,0.37
Day-761,google/gemma-2-9b-it,ISFJ,memory,flat,456,0.92,flat,115.46,114.92660161112727,10000.0,10000.0,0.0,HOLD,0.0,"The market is showing signs of potential overvaluation (RSI 64.6) and volatility (implied volatility 15.8%).  Holding cash allows for a more cautious approach, prioritizing security over potential gains.",111.88,107.7,64.6,1.438,1290079,1.02,15.8,15.1,2.65,3.88,1,0.3,0.08,0.22
Day-762,google/gemma-2-9b-it,ISFJ,memory,flat,456,0.92,flat,116.88,115.74597196365856,10000.0,10000.0,0.0,HOLD,0.0,The market is showing signs of overbought conditions (RSI 66.0) and negative news sentiment.  Holding cash allows for a safer entry point when the market stabilizes.,112.37,108.01,66.0,1.6588,1180938,0.94,17.2,15.1,2.64,4.03,1,-0.7,-0.01,-0.69
Day-763,google/gemma-2-9b-it,ISFJ,memory,flat,456,0.92,flat,116.49,115.74917555843282,10000.0,10000.0,0.0,HOLD,0.0,The market is showing signs of overbought conditions (RSI 60.9) and the price is above both the 20 and 60 day moving averages.  Further analysis is needed before considering a purchase.,112.74,108.34,60.9,1.7814,1229630,0.98,12.3,15.1,2.65,4.06,1,-0.21,0.04,-0.25
Day-764,google/gemma-2-9b-it,ISFJ,memory,flat,456,0.92,flat,115.76,115.78916074180728,10000.0,10000.0,0.0,HOLD,0.0,The market is showing signs of potential overvaluation (RSI above 60) and the P/E ratio is elevated.  Further research and a more significant drop in price are needed before considering a purchase.,113.0,108.67,60.9,1.7988,1060500,0.85,8.8,15.0,2.67,3.99,1,0.09,-0.02,0.11
Day-765,google/gemma-2-9b-it,ISFJ,memory,flat,456,0.92,flat,116.28,116.2617664766505,10000.0,10000.0,0.0,HOLD,0.0,The market is showing no clear signal for a buy.  Maintaining cash reserves allows for a safer entry point when volatility subsides.,113.31,109.0,50.3,1.834,1375452,1.08,9.0,15.0,2.67,3.96,1,0.02,-0.1,0.12
Day-766,google/gemma-2-9b-it,ISFJ,memory,flat,456,0.92,flat,118.44,118.2001893792993,10000.0,10000.0,0.0,HOLD,0.0,"The market is showing mixed signals and the P/E ratio is above average.  I need more information before making a decision, especially regarding hedging strategies.",113.64,109.32,50.4,2.0128,1016458,0.8,7.5,15.0,2.66,3.95,1,-0.35,-0.23,-0.12
Day-767,google/gemma-2-9b-it,ISFJ,memory,flat,456,0.92,flat,118.91,118.73415987869183,10000.0,10000.0,0.0,HOLD,0.0,The market is showing signs of potential overvaluation (P/E ratio) and volatility.  Holding cash allows for a safer approach until a more compelling opportunity arises.,114.21,109.63,58.4,2.167,1060220,0.85,7.5,15.0,2.66,4.18,1,0.52,0.01,0.51
Day-768,google/gemma-2-9b-it,ISFJ,memory,flat,456,0.92,flat,123.91,124.07757941982057,10000.0,10000.0,0.0,HOLD,0.0,The market is showing signs of potential overvaluation (RSI 69.2) and the P/E ratio is above average.  I need more information to justify taking on risk at this time.,115.01,110.07,69.2,2.6623,1471323,1.18,7.5,15.0,2.67,4.49,1,0.26,0.11,0.16
Day-769,google/gemma-2-9b-it,ISFJ,memory,flat,456,0.92,flat,125.64,125.86092896947709,10000.0,10000.0,0.0,HOLD,0.0,"The RSI is high, indicating potential overvaluation.  I will wait for a pullback and a more favorable entry point to align with my risk-averse strategy.",115.75,110.54,74.9,3.1579,1329623,1.07,9.6,15.0,2.67,4.71,1,-0.24,0.04,-0.28
Day-770,google/gemma-2-9b-it,ISFJ,memory,flat,456,0.92,flat,125.04,124.87368104950424,10000.0,10000.0,0.0,HOLD,0.0,"The RSI is extremely high, indicating potential overvaluation.  I will wait for a pullback and a more favorable entry point before considering a purchase.",116.49,110.96,90.6,3.4623,1132468,0.92,11.4,15.0,2.66,4.98,1,-0.29,-0.02,-0.27
Day-771,google/gemma-2-9b-it,ISFJ,memory,flat,456,0.92,flat,125.6,124.63249863455425,10000.0,10000.0,0.0,HOLD,0.0,"The RSI is extremely high, indicating potential overvaluation.  I will wait for a pullback and a more favorable entry point before considering a purchase.",116.96,111.42,90.0,3.7064,1458612,1.18,13.5,15.1,2.65,4.97,1,0.32,0.12,0.2
Day-772,google/gemma-2-9b-it,ISFJ,memory,flat,456,0.92,flat,128.29,128.69741024165148,10000.0,10000.0,0.0,HOLD,0.0,The high RSI and implied volatility indicate significant risk.  Holding cash allows for a more secure approach until the market stabilizes.,117.46,111.89,91.0,4.0694,1049490,0.87,11.9,15.0,2.68,4.98,1,-0.3,-0.05,-0.25
Day-773,google/gemma-2-9b-it,ISFJ,memory,flat,456,0.92,flat,126.49,126.92094982285653,10000.0,10000.0,0.0,HOLD,0.0,"The RSI is high, indicating potential overvaluation.  I will wait for a pullback and a more favorable entry point before considering a purchase.",117.99,112.37,83.8,4.1641,1074851,0.89,10.8,14.9,2.68,5.0,1,-0.01,-0.1,0.09
Day-774,google/gemma-2-9b-it,ISFJ,memory,flat,456,0.92,flat,123.07,123.65154510893552,10000.0,10000.0,0.0,HOLD,0.0,"The RSI is high, indicating potential overvaluation.  I will wait for a pullback and a more favorable entry point before considering a purchase.",118.38,112.78,71.2,3.9181,1206151,1.0,12.2,14.9,2.68,4.97,1,0.01,-0.05,0.06
Day-775,google/gemma-2-9b-it,ISFJ,memory,flat,456,0.92,flat,123.02,123.50823803748412,10000.0,10000.0,0.0,HOLD,0.0,The market is showing signs of overbought conditions (RSI 67.6) and the P/E ratio is above average.  Holding cash allows for a more conservative approach and avoids unnecessary risk.,118.83,113.21,67.6,3.677,1343382,1.1,11.3,14.9,2.68,4.96,1,0.07,0.02,0.05
Day-776,google/gemma-2-9b-it,ISFJ,memory,flat,456,0.92,flat,120.46,120.76289701798557,10000.0,10000.0,0.0,HOLD,0.0,The market is showing signs of potential volatility.  Holding cash allows for a safer approach while monitoring the situation for a more favorable entry point.,119.38,113.53,57.9,3.2415,1358100,1.1,13.5,15.0,2.67,5.15,1,-0.2,-0.09,-0.11
Day-777,google/gemma-2-9b-it,ISFJ,memory,flat,456,0.92,flat,124.18,123.2743244706215,10000.0,10000.0,0.0,HOLD,0.0,The market is showing signs of overbought conditions (RSI 64.8) and the P/E ratio is above average.  I will wait for a more favorable entry point with lower risk.,120.03,113.96,64.8,3.1607,1220332,0.99,13.7,15.1,2.65,5.32,1,-0.13,-0.05,-0.08
Day-778,google/gemma-2-9b-it,ISFJ,memory,flat,456,0.92,flat,121.5,121.05339456681747,10000.0,10000.0,0.0,HOLD,0.0,The market is showing signs of overbought conditions (RSI 60.3) and the price is above both the 20 and 60 day moving averages.  This warrants caution and a wait-and-see approach.,120.51,114.36,60.3,2.8469,1228248,1.0,23.7,15.1,2.66,5.38,1,-0.2,-0.09,-0.11
Day-779,google/gemma-2-9b-it,ISFJ,memory,flat,456,0.92,flat,123.19,121.15702488536546,10000.0,10000.0,0.0,HOLD,0.0,The market is showing signs of potential overvaluation (RSI above 60) and volatility is elevated.  Holding cash allows for a safer entry point when the market stabilizes.,121.07,114.74,61.8,2.7036,1334716,1.07,20.0,15.3,2.62,5.52,1,0.13,-0.07,0.2
Day-780,google/gemma-2-9b-it,ISFJ,memory,flat,456,0.92,flat,120.46,120.76386668367954,10000.0,10000.0,0.0,HOLD,0.0,The market is showing mixed signals and the news sentiment is negative.  Holding cash allows for a more cautious approach and preserves capital until a clearer opportunity arises.,121.45,115.08,53.4,2.3427,1287603,1.04,16.0,15.0,2.67,5.54,1,-0.6,-0.2,-0.4
Day-781,google/gemma-2-9b-it,ISFJ,memory,flat,456,0.92,flat,115.74,116.08741210288302,10000.0,10000.0,0.0,HOLD,0.0,The market is showing mixed signals and the P/E ratio is slightly elevated.  I will wait for a clearer signal and a more attractive entry point before investing.,121.47,115.33,45.3,1.6568,1125568,0.92,11.9,15.0,2.67,5.32,1,0.31,-0.1,0.4
Day-782,google/gemma-2-9b-it,ISFJ,memory,flat,456,0.92,flat,119.64,119.14515094391136,10000.0,10000.0,0.0,HOLD,0.0,"The market is showing signs of weakness, but the company fundamentals are sound.  Hedging is recommended to protect against further decline.",121.6,115.68,43.5,1.4117,1161154,0.95,10.6,15.1,2.66,5.12,1,0.19,-0.03,0.22
Day-783,google/gemma-2-9b-it,ISFJ,memory,flat,456,0.92,flat,119.85,119.69303174032805,10000.0,10000.0,0.0,HOLD,0.0,The market is currently volatile and the P/E ratio is above average.  I will wait for a more stable market environment and a lower entry point before considering a purchase.,121.77,115.96,40.8,1.2203,1008596,0.83,7.6,15.0,2.66,5.01,1,-0.31,-0.06,-0.26
Day-784,google/gemma-2-9b-it,ISFJ,memory,flat,456,0.92,flat,119.81,119.63604428401213,10000.0,10000.0,0.0,HOLD,0.0,The market is showing mixed signals and the P/E ratio is elevated.  A conservative approach dictates waiting for a clearer trend and a more attractive entry point.,121.98,116.21,41.5,1.0533,1342925,1.09,7.5,15.0,2.66,4.96,1,0.37,-0.01,0.38
Day-785,google/gemma-2-9b-it,ISFJ,memory,flat,456,0.92,flat,121.32,121.32222004076489,10000.0,10000.0,0.0,HOLD,0.0,The market is showing mixed signals and the P/E ratio is slightly elevated.  I need more information and a clearer trend before considering a purchase.,122.23,116.48,43.3,1.031,1201854,0.98,7.5,15.0,2.67,4.93,1,0.07,0.12,-0.05
Day-786,google/gemma-2-9b-it,ISFJ,memory,flat,456,0.92,flat,118.13,117.83717518834116,10000.0,10000.0,0.0,HOLD,0.0,"The market is showing signs of weakness, and the P/E ratio is elevated.  It is prudent to remain in cash and wait for a more favorable entry point.",122.21,116.64,34.2,0.7471,1326825,1.07,7.5,15.0,2.66,4.77,1,-0.35,-0.01,-0.34
Day-787,google/gemma-2-9b-it,ISFJ,memory,flat,456,0.92,flat,118.72,118.59108862942054,10000.0,10000.0,0.0,HOLD,0.0,"The market is showing signs of weakness, but the P/E ratio is reasonable and the company is a sector leader.  Further research and a lower price point are needed before considering a purchase.",122.2,116.79,37.5,0.5633,1009047,0.82,7.5,15.0,2.66,4.63,1,0.17,-0.01,0.18
Day-788,google/gemma-2-9b-it,ISFJ,memory,flat,456,0.92,flat,116.45,116.00241452234658,10000.0,10000.0,0.0,HOLD,0.0,"The market is showing signs of weakness, but the P/E ratio and implied volatility suggest potential for further decline.  Holding cash allows for a more conservative approach and the opportunity to buy at a lower price.",121.83,116.78,38.9,0.2317,1141057,0.94,9.5,15.1,2.66,4.32,1,-0.21,0.01,-0.22
Day-789,google/gemma-2-9b-it,ISFJ,memory,flat,456,0.92,flat,112.99,112.85012916381834,10000.0,10000.0,0.0,HOLD,0.0,"The market is showing signs of weakness, and the P/E ratio is elevated.  It is prudent to remain in cash and wait for a more favorable entry point.",121.2,116.73,34.9,-0.3063,1145910,0.95,8.4,15.0,2.66,3.83,1,0.19,-0.03,0.22
Day-790,google/gemma-2-9b-it,ISFJ,memory,flat,456,0.92,flat,112.01,111.7543297329193,10000.0,10000.0,0.0,HOLD,0.0,"The market is showing signs of weakness, but the P/E ratio and implied volatility are not alarming.  Holding cash allows for a better entry point when the market stabilizes.",120.55,116.71,36.7,-0.8031,1312098,1.08,11.1,15.0,2.66,3.28,1,0.06,-0.03,0.08
Day-791,google/gemma-2-9b-it,ISFJ,memory,flat,456,0.92,flat,111.29,111.2121918013744,10000.0,10000.0,0.0,HOLD,0.0,"The current market conditions are volatile and the RSI is low, indicating potential for further decline.  It is prudent to remain in cash and wait for a more stable market environment.",119.83,116.74,27.5,-1.2406,1196042,0.99,13.5,15.0,2.66,2.65,1,0.07,0.06,0.02
Day-792,google/gemma-2-9b-it,ISFJ,memory,flat,456,0.92,flat,114.07,114.96532948074038,10000.0,10000.0,0.0,HOLD,0.0,"The market is showing signs of weakness, and the P/E ratio is elevated.  It is prudent to remain in cash and wait for a more favorable entry point.",119.12,116.88,37.1,-1.3474,1323694,1.09,15.7,14.9,2.69,1.91,0,0.67,0.16,0.51
Day-793,google/gemma-2-9b-it,ISFJ,memory,flat,456,0.92,flat,115.48,115.96404665412665,10000.0,10000.0,0.0,HOLD,0.0,The market is currently showing mixed signals.  Holding cash allows for a more cautious approach and avoids unnecessary risk.,118.57,117.01,36.5,-1.3032,1291355,1.05,14.0,14.9,2.68,1.33,0,0.16,0.23,-0.07
Day-794,google/gemma-2-9b-it,ISFJ,memory,flat,456,0.92,flat,115.25,115.48055205470573,10000.0,10000.0,0.0,HOLD,0.0,The market is showing mixed signals.  Holding cash allows for a more measured approach and avoids unnecessary risk.,118.18,117.11,40.0,-1.2721,1064922,0.87,10.1,15.0,2.67,0.91,0,0.21,0.23,-0.02
Day-795,google/gemma-2-9b-it,ISFJ,memory,flat,456,0.92,flat,115.75,115.7964681032691,10000.0,10000.0,0.0,HOLD,0.0,The market is currently neutral and the P/E ratio is reasonable.  No compelling reason to deviate from the core mandate of security and avoiding volatility.,117.81,117.22,50.0,-1.1935,1395924,1.14,10.7,15.0,2.67,0.51,0,0.14,0.25,-0.11
Day-796,google/gemma-2-9b-it,ISFJ,memory,flat,456,0.92,flat,119.62,119.38246225489057,10000.0,10000.0,0.0,HOLD,0.0,"The market is currently neutral with no clear signal for entry.  Prioritizing capital preservation, I will wait for a more compelling opportunity with a lower risk profile.",117.77,117.37,50.0,-0.8089,1085967,0.9,7.5,15.0,2.66,0.34,0,-0.45,0.15,-0.6
Day-797,google/gemma-2-9b-it,ISFJ,memory,flat,456,0.92,flat,118.47,118.8650401472987,10000.0,10000.0,0.0,HOLD,0.0,"The market is currently neutral, and the P/E ratio is reasonable.  I will wait for a clearer signal before investing.",117.49,117.59,47.0,-0.5902,1137266,0.94,10.5,15.0,2.68,-0.09,0,-0.15,-0.02,-0.13
Day-798,google/gemma-2-9b-it,ISFJ,memory,flat,456,0.92,flat,115.88,115.67058902964827,10000.0,10000.0,0.0,HOLD,0.0,The market is currently showing no clear signal for a buy.  Maintaining cash reserves allows for opportunistic purchases at a more favorable price point.,117.2,117.75,42.2,-0.6186,1055338,0.88,9.8,15.0,2.66,-0.46,0,0.41,0.03,0.38
Day-799,google/gemma-2-9b-it,ISFJ,memory,flat,456,0.92,flat,115.9,115.52939277798649,10000.0,10000.0,0.0,HOLD,0.0,The market is showing mixed signals and the P/E ratio is slightly elevated.  I need more information to justify taking on risk at this time.,116.84,117.85,38.6,-0.6323,1165510,0.98,11.8,15.0,2.66,-0.86,0,-0.23,-0.06,-0.17
Day-800,google/gemma-2-9b-it,ISFJ,memory,flat,456,0.92,flat,117.68,117.85266573229084,10000.0,10000.0,0.0,HOLD,0.0,The market is currently neutral.  No compelling reason to deviate from the core mandate of capital preservation.,116.7,118.0,49.0,-0.4943,1460081,1.22,8.8,15.0,2.67,-1.1,0,-0.15,-0.11,-0.03
