Date,Model,MBTI,Agent_Type,Scenario,Seed,Crash_Discount,Phase,Price,Fundamental_Value,Portfolio_Value,Cash,Holdings_Qty,Action,Quantity_Percent,Rationale,SMA20,SMA60,RSI14,MACD,Volume,Volume_Ratio,Implied_Volatility,Reported_PE,Dividend_Yield,Trend_Strength,Trend_Regime,Sentiment,Sentiment_MA5,Sentiment_Change
Day-1,meta-llama/Llama-3.1-8B-Instruct,ISFJ,memory,crash,123,0.85,deterioration,85.59,99.45718469834972,10000.0,10000.0,0.0,HOLD,0.0,"The current market conditions are neutral, with a flat trend, neutral RSI, and low implied volatility. Given the conservative approach of a Guardian Investor, it's best to maintain a cash position to avoid unnecessary risk and protect the principal.",85.59,85.59,50.0,0.0,1000040,1.0,15.0,12.9,3.1,0.0,0,0.33,0.33,0.0
Day-2,meta-llama/Llama-3.1-8B-Instruct,ISFJ,memory,crash,123,0.85,deterioration,84.4,100.34677398911458,10000.0,10000.0,0.0,HOLD,0.0,"The current market conditions and stock price are stable, with a neutral RSI and no significant news sentiment. Given the conservative approach as a Guardian Investor, it's best to hold cash and wait for a more favorable entry point or a clear indication of potential volatility.",85.0,85.0,50.0,-0.0954,1490298,1.2,15.1,12.6,3.17,0.0,0,-0.02,0.15,-0.17
Day-3,meta-llama/Llama-3.1-8B-Instruct,ISFJ,memory,crash,123,0.85,deterioration,88.16,99.83769178067156,10000.0,9000.0,11.34301270417423,BUY,0.1,"The current price is $88.16, and the trend is neutral with a flat SMA20/60. The RSI is at 50.0, indicating a balanced market. Given the low P/E ratio of 13.2 and implied volatility of 15.2%, I will buy a small portion of the asset to start building a position, focusing on security and stability.",86.05,86.05,50.0,0.1313,1441356,1.1,15.2,13.2,3.02,0.0,0,0.32,0.21,0.11
Day-4,meta-llama/Llama-3.1-8B-Instruct,ISFJ,memory,crash,123,0.85,deterioration,85.0,98.79115644050931,9964.156079854809,9000.0,11.34301270417423,HOLD,0.0,"The current market conditions do not warrant any action. The stock price is stable, and the RSI is at 50, indicating a neutral market sentiment. As a Guardian Investor, it's best to maintain the current position and avoid taking any unnecessary risks.",85.79,85.79,50.0,0.0555,1459736,1.08,15.3,12.9,3.1,0.0,0,0.1,0.18,-0.08
Day-5,meta-llama/Llama-3.1-8B-Instruct,ISFJ,memory,crash,123,0.85,deterioration,84.23,99.10310493730687,9955.421960072596,9000.0,11.34301270417423,HOLD,0.0,"The current market conditions are stable, with a flat trend and neutral RSI. Given the low risk appetite and conservative decision style, it's best to maintain the current position and avoid taking on any new risk. The portfolio is currently secure, and there's no pressing need to make a trade.",85.48,85.48,50.0,-0.0665,1207751,0.92,15.4,12.7,3.14,0.0,0,-0.03,0.14,-0.17
Day-6,meta-llama/Llama-3.1-8B-Instruct,ISFJ,memory,crash,123,0.85,deterioration,84.75,100.0662245976625,9961.320326678766,9000.0,11.34301270417423,HOLD,0.0,"The current market conditions are stable, with a flat trend and neutral RSI. The P/E ratio is reasonable, and implied volatility is within a normal range. Given the conservative approach of a Guardian Investor, it's best to maintain the current portfolio and avoid taking on any new risk.",85.36,85.36,50.0,-0.1199,1372307,1.03,15.5,12.7,3.15,0.0,0,0.07,0.09,-0.02
Day-7,meta-llama/Llama-3.1-8B-Instruct,ISFJ,memory,crash,123,0.85,deterioration,83.06,97.87526797324017,9942.15063520871,9000.0,11.34301270417423,HOLD,0.0,"The current market conditions and stock price suggest a neutral stance, with the RSI at 50.0 and the trend indicators showing no clear direction. Given the low risk appetite and focus on security, it's best to maintain the current portfolio and avoid taking on any new risk. The current holdings value is relatively low, so it's not worth taking on any new positions at this time.",85.03,85.03,50.0,-0.2947,1106415,0.85,15.6,12.7,3.14,0.0,0,-0.44,0.0,-0.45
Day-8,meta-llama/Llama-3.1-8B-Instruct,ISFJ,memory,crash,123,0.85,deterioration,82.54,98.7222525463314,9936.25226860254,9000.0,11.34301270417423,HOLD,0.0,"The current market conditions and stock price do not warrant any action. The stock price is near the trend line, and the RSI is at 50, indicating a neutral market sentiment. As a Guardian Investor, it's best to maintain a conservative stance and avoid taking any risks.",84.72,84.72,50.0,-0.4699,1196152,0.93,15.7,12.5,3.19,0.0,0,0.0,-0.06,0.06
Day-9,meta-llama/Llama-3.1-8B-Instruct,ISFJ,memory,crash,123,0.85,deterioration,84.36,99.41777825593503,9956.896551724138,9000.0,11.34301270417423,HOLD,0.0,"The current market conditions are stable, with a flat trend and neutral RSI. Given the low risk appetite and focus on security, it's best to maintain the current position and avoid taking on any new risk.",84.68,84.68,50.0,-0.4566,1425774,1.1,15.8,12.7,3.14,0.0,0,0.51,0.02,0.49
Day-10,meta-llama/Llama-3.1-8B-Instruct,ISFJ,memory,crash,123,0.85,deterioration,83.89,98.19954119127252,9951.565335753176,9000.0,11.34301270417423,HOLD,0.0,"The current market conditions do not present a compelling opportunity to buy or sell. The RSI is at 50, indicating a neutral market, and the trend is flat. Given the low risk appetite and focus on security, it is best to maintain the current portfolio and avoid taking on any new risk.",84.6,84.6,50.0,-0.4788,1063806,0.83,15.9,12.8,3.12,0.0,0,0.39,0.11,0.29
Day-11,meta-llama/Llama-3.1-8B-Instruct,ISFJ,memory,crash,123,0.85,deterioration,84.29,98.14156958241682,9956.102540834845,9000.0,11.34301270417423,HOLD,0.0,"The current market conditions are stable, with a neutral RSI and a flat trend. The P/E ratio is reasonable, and implied volatility is within a normal range. Given the conservative approach of a Guardian Investor, it's best to maintain the current portfolio and avoid taking on unnecessary risk.",84.57,84.57,50.0,-0.4587,1446932,1.12,15.9,12.9,3.1,0.0,0,-0.3,0.03,-0.33
Day-12,meta-llama/Llama-3.1-8B-Instruct,ISFJ,memory,crash,123,0.85,deterioration,84.41,98.28175943958219,9957.463702359346,9000.0,11.34301270417423,HOLD,0.0,"The current market conditions do not warrant any action. The price is stable, RSI is at 50, and the trend is neutral. As a Guardian Investor, it's best to maintain the current portfolio and avoid taking any unnecessary risks.",84.56,84.56,50.0,-0.4282,1248253,0.97,16.0,12.9,3.1,0.0,0,0.15,0.15,-0.0
Day-13,meta-llama/Llama-3.1-8B-Instruct,ISFJ,memory,crash,123,0.85,deterioration,83.67,98.92291000293557,9949.069872958258,9000.0,11.34301270417423,HOLD,0.0,"The current market conditions are stable, with a neutral RSI and a flat trend. The price is close to the SMA20/60, indicating a lack of clear direction. Given the priority on security, it's best to maintain the current position and avoid taking on any new risk.",84.49,84.49,50.0,-0.4582,1213047,0.95,16.1,12.7,3.15,0.0,0,0.07,0.17,-0.09
Day-14,meta-llama/Llama-3.1-8B-Instruct,ISFJ,memory,crash,123,0.85,deterioration,80.93,97.70586545735388,9917.990018148821,9000.0,11.34301270417423,HOLD,0.0,"The current market conditions and stock price suggest a stable trend, but the RSI is low at 37.0, indicating potential undervaluation. Given the conservative approach of a Guardian Investor, it's best to maintain the current position and avoid taking on unnecessary risk. The current portfolio value is $949.07, and holding onto cash reserves is prudent.",84.23,84.23,37.0,-0.6956,1152823,0.91,16.2,12.4,3.22,0.0,0,0.25,0.11,0.13
Day-15,meta-llama/Llama-3.1-8B-Instruct,ISFJ,memory,crash,123,0.85,deterioration,82.0,97.65142674169596,9930.127041742287,9000.0,11.34301270417423,HOLD,0.0,"The current market conditions and portfolio status suggest a stable environment, but the RSI is slightly below the neutral zone. Given the low risk appetite and focus on security, it's best to maintain the current holdings and avoid taking on any new risk. The current price of $82.00 is relatively close to the SMA20/60, indicating a stable trend.",84.09,84.09,40.5,-0.7879,1458424,1.13,16.3,12.6,3.18,0.0,0,0.03,0.04,-0.01
Day-16,meta-llama/Llama-3.1-8B-Instruct,ISFJ,memory,crash,123,0.85,deterioration,85.3,97.5043433495325,9967.558983666062,9000.0,11.34301270417423,HOLD,0.0,"The current market conditions and stock price are stable, with a neutral RSI and low implied volatility. Given the conservative nature of a Guardian Investor, it's best to maintain the current portfolio and avoid taking on unnecessary risk. The current holdings value is relatively low, and there's no compelling reason to make a trade at this time.",84.16,84.16,52.1,-0.5883,1258811,0.98,16.4,13.1,3.05,0.0,0,-0.07,0.09,-0.16
Day-17,meta-llama/Llama-3.1-8B-Instruct,ISFJ,memory,crash,123,0.85,deterioration,85.22,98.67258529452728,9966.651542649728,9000.0,11.34301270417423,HOLD,0.0,"The current market conditions and stock price of $85.22 are not alarming, and the RSI of 41.5 is below the overbought threshold. The low P/E ratio of 13.0 and implied volatility of 16.5% suggest a relatively stable environment. As a Guardian Investor, it's best to maintain the current position and avoid taking on unnecessary risks.",84.22,84.22,41.5,-0.4316,1402013,1.09,16.5,13.0,3.09,0.0,0,0.4,0.14,0.26
Day-18,meta-llama/Llama-3.1-8B-Instruct,ISFJ,memory,crash,123,0.85,deterioration,84.29,98.51111456347422,9956.102540834845,9000.0,11.34301270417423,HOLD,0.0,"The current market conditions are stable, with a flat trend and low RSI. The P/E ratio is reasonable, and implied volatility is moderate. Given the conservative approach of a Guardian Investor, it's best to maintain the current position and avoid taking on unnecessary risk.",84.23,84.23,47.6,-0.3779,1428825,1.1,16.6,12.8,3.12,0.0,0,0.06,0.13,-0.07
Day-19,meta-llama/Llama-3.1-8B-Instruct,ISFJ,memory,crash,123,0.85,deterioration,81.96,97.76784973374957,9929.67332123412,9000.0,11.34301270417423,HOLD,0.0,"The current market conditions do not warrant any action. The stock price is stable, and the RSI is below 50, indicating a potential buying opportunity, but the overall trend and news sentiment suggest caution. As a Guardian Investor, it's best to maintain the current portfolio and avoid taking unnecessary risks.",84.11,84.11,43.2,-0.5173,1461191,1.12,16.7,12.6,3.18,0.0,0,0.38,0.16,0.22
Day-20,meta-llama/Llama-3.1-8B-Instruct,ISFJ,memory,crash,123,0.85,deterioration,82.72,97.30701725022034,9938.294010889293,9000.0,11.34301270417423,HOLD,0.0,"The current market conditions and stock price do not justify taking on any new risk. The RSI is below 50, indicating a potential buying opportunity, but the trend is neutral and the P/E ratio is relatively low, suggesting the stock may not be overvalued. Given the conservative approach of a Guardian Investor, it's best to maintain the current cash position and wait for more favorable conditions.",84.04,84.04,44.0,-0.5603,1151690,0.89,16.8,12.8,3.14,0.0,0,0.29,0.21,0.08
Day-21,meta-llama/Llama-3.1-8B-Instruct,ISFJ,memory,crash,123,0.85,deterioration,80.85,97.33070960440382,9917.082577132487,9000.0,11.34301270417423,HOLD,0.0,"The stock price is slightly above the 20 and 60-day SMA, indicating a neutral trend. The RSI is below 50, suggesting a potential buying opportunity, but the news sentiment is slightly negative, and the implied volatility is relatively high. Given the current market conditions, it's best to maintain a cautious stance and hold the current position.",83.8,83.89,43.5,-0.7367,1169905,0.89,16.9,12.5,3.21,-0.1,0,-0.1,0.21,-0.3
Day-22,meta-llama/Llama-3.1-8B-Instruct,ISFJ,memory,crash,123,0.85,deterioration,82.09,97.55549259635389,9931.147912885663,9000.0,11.34301270417423,HOLD,0.0,"The current market conditions and stock price are stable, with a neutral RSI and low implied volatility. Given the conservative nature of a Guardian Investor, it's best to maintain the current position and avoid taking on any new risk. The current holdings value is relatively low, so it's not worth taking on any new positions at this time.",83.69,83.8,48.8,-0.767,1297536,1.0,17.0,12.6,3.17,-0.14,0,-0.05,0.12,-0.17
Day-23,meta-llama/Llama-3.1-8B-Instruct,ISFJ,memory,crash,123,0.85,deterioration,81.39,96.19031091390006,9923.20780399274,9000.0,11.34301270417423,HOLD,0.0,"The current market conditions are stable, with a neutral RSI and a low P/E ratio. The Implied Volatility is relatively high, but the overall trend is flat, indicating a lack of strong momentum. Given the conservative approach of a Guardian Investor, it's best to maintain the current portfolio and avoid taking on unnecessary risk.",83.35,83.7,41.1,-0.8379,1220662,0.95,17.1,12.7,3.15,-0.42,0,0.58,0.22,0.36
Day-24,meta-llama/Llama-3.1-8B-Instruct,ISFJ,memory,crash,123,0.85,deterioration,81.99,97.0942436363151,9930.013611615244,9000.0,11.34301270417423,HOLD,0.0,"The current market conditions do not justify a trade. The stock price is near the 20 and 60-day SMA, and the RSI is below 50, indicating a neutral trend. Given the low P/E ratio and low implied volatility, it is best to maintain a conservative stance and hold cash to protect the principal.",83.2,83.63,44.4,-0.8365,1466421,1.14,17.2,12.7,3.16,-0.52,0,0.06,0.16,-0.1
Day-25,meta-llama/Llama-3.1-8B-Instruct,ISFJ,memory,crash,123,0.85,deterioration,82.8,95.72749004587233,9939.201451905627,9000.0,11.34301270417423,HOLD,0.0,"The current market conditions are neutral, with a stable trend and low RSI. The P/E ratio is reasonable, and implied volatility is moderate. Given the conservative approach of a Guardian Investor, it's best to maintain the current position and avoid taking on unnecessary risk.",83.13,83.6,45.7,-0.7609,1198782,0.93,17.3,13.0,3.08,-0.56,0,-0.23,0.05,-0.28
Day-26,meta-llama/Llama-3.1-8B-Instruct,ISFJ,memory,crash,123,0.85,deterioration,79.37,95.88365589434292,9900.294918330308,9000.0,11.34301270417423,HOLD,0.0,"The current market conditions and stock price suggest a stable environment, but the RSI is slightly oversold, indicating a potential for a short-term bounce. Given the low P/E ratio and implied volatility, it's not an ideal time to take on significant risk. As a Guardian Investor, it's best to maintain a cautious stance and hold current positions.",82.86,83.43,37.8,-0.9666,1238889,0.97,17.4,12.4,3.22,-0.69,0,-0.36,-0.0,-0.36
Day-27,meta-llama/Llama-3.1-8B-Instruct,ISFJ,memory,crash,123,0.85,deterioration,80.73,96.50418550929255,9915.721415607986,9000.0,11.34301270417423,HOLD,0.0,"The current market conditions and portfolio status do not warrant any action. The stock price is slightly below the trend, RSI is below 50, and implied volatility is relatively high, suggesting potential for price fluctuations. As a Guardian Investor, it's best to maintain a cautious stance and avoid taking on unnecessary risks.",82.74,83.33,43.1,-1.0084,1308593,1.01,17.5,12.5,3.19,-0.71,0,0.29,0.07,0.22
Day-28,meta-llama/Llama-3.1-8B-Instruct,ISFJ,memory,crash,123,0.85,deterioration,78.84,95.1843938271022,9894.283121597096,9000.0,11.34301270417423,HOLD,0.0,"The current market conditions and stock price do not justify taking on any risk. The RSI is below 50, indicating a potential buying opportunity, but the price is still above the SMA20 and SMA60, suggesting a stable trend. Given the low P/E ratio and high implied volatility, it's best to maintain a conservative stance and hold cash.",82.56,83.17,44.9,-1.1802,1202369,0.93,17.6,12.4,3.22,-0.74,0,0.05,-0.04,0.09
Day-29,meta-llama/Llama-3.1-8B-Instruct,ISFJ,memory,crash,123,0.85,deterioration,79.47,95.67680108294364,9901.429219600726,9000.0,11.34301270417423,HOLD,0.0,"The current market conditions are stable, with a low RSI and a positive volume ratio. The price is above the SMA20/60, indicating a neutral trend. Given the conservative approach of a Guardian Investor, it's best to maintain the current position and avoid taking on unnecessary risk.",82.31,83.05,43.6,-1.2514,1496239,1.16,17.7,12.5,3.21,-0.88,0,-0.24,-0.1,-0.14
Day-30,meta-llama/Llama-3.1-8B-Instruct,ISFJ,memory,crash,123,0.85,deterioration,81.08,95.16405926093091,9919.691470054446,9000.0,11.34301270417423,HOLD,0.0,"The current market conditions do not justify taking any action. The RSI is below 50, indicating a potential buying opportunity, but the trend is neutral and the P/E ratio is relatively low, suggesting a stable stock. Given the low cash balance and the importance of preserving capital, it's best to hold off on any trades for now.",82.17,82.98,38.4,-1.1649,1049425,0.81,17.8,12.8,3.13,-0.98,0,0.2,-0.01,0.21
Day-31,meta-llama/Llama-3.1-8B-Instruct,ISFJ,memory,crash,123,0.85,deterioration,78.62,95.31522828941824,9891.787658802177,9000.0,11.34301270417423,HOLD,0.0,"The current market conditions are stable, with a low RSI and a positive volume ratio. The price is slightly below the trend, but not significantly so. Given the conservative nature of a Guardian Investor, it's best to hold and wait for a clearer signal before making any moves.",81.89,82.84,34.0,-1.2799,1110301,0.87,17.8,12.4,3.23,-1.15,0,0.05,0.07,-0.02
Day-32,meta-llama/Llama-3.1-8B-Instruct,ISFJ,memory,crash,123,0.85,deterioration,80.94,93.89184468777596,9918.103448275862,9000.0,11.34301270417423,HOLD,0.0,"The current market conditions and stock price do not justify taking on any new risk. The RSI is at 42.4, indicating a neutral market sentiment, and the news sentiment is slightly negative. Given the conservative nature of a Guardian Investor, it's best to maintain a cash position to avoid potential losses.",81.71,82.78,42.4,-1.1702,1161327,0.91,17.9,12.9,3.09,-1.29,0,-0.5,-0.09,-0.41
Day-33,meta-llama/Llama-3.1-8B-Instruct,ISFJ,memory,crash,123,0.85,deterioration,79.75,94.2534739540742,9904.605263157895,9000.0,11.34301270417423,HOLD,0.0,"The current market conditions do not warrant a trade. The stock price is near the SMA20 and SMA60, indicating a stable trend. The RSI is below 50, suggesting a potential buying opportunity, but the overall sentiment and volatility are not favorable for a trade.",81.52,82.69,44.7,-1.1662,1073861,0.85,18.0,12.7,3.15,-1.42,0,0.18,-0.06,0.24
Day-34,meta-llama/Llama-3.1-8B-Instruct,ISFJ,memory,crash,123,0.85,deterioration,80.54,94.63740315485293,9913.566243194193,9000.0,11.34301270417423,HOLD,0.0,"The current market conditions and portfolio status suggest a stable environment. The RSI is below 50, indicating a potential buying opportunity, but the trend and volume ratio are neutral. As a Guardian Investor, it's best to maintain the current position and avoid taking on unnecessary risk.",81.5,82.62,44.8,-1.0859,1142109,0.9,18.1,12.8,3.13,-1.36,0,0.4,0.07,0.33
Day-35,meta-llama/Llama-3.1-8B-Instruct,ISFJ,memory,crash,123,0.85,deterioration,81.49,95.29917425385398,9924.342105263158,9000.0,11.34301270417423,HOLD,0.0,"The current market conditions and stock price do not justify a trade. The RSI is at 51.6, indicating a neutral market sentiment, and the price is close to the SMA20. Given the conservative approach of a Guardian Investor, it's best to maintain the current portfolio and avoid taking on unnecessary risk.",81.47,82.59,51.6,-0.9354,1389622,1.1,18.2,12.8,3.12,-1.36,0,0.77,0.18,0.59
Day-36,meta-llama/Llama-3.1-8B-Instruct,ISFJ,memory,crash,123,0.85,deterioration,79.76,94.59672646240237,9904.718693284936,9000.0,11.34301270417423,HOLD,0.0,"The current market conditions are stable, with a low RSI and a positive trend. The price is slightly below the SMA20, indicating a potential buying opportunity, but the overall trend is neutral. Given the low risk appetite and focus on security, it's best to hold the current position and wait for a more favorable entry point.",81.19,82.51,44.3,-0.945,1261446,1.0,18.3,12.6,3.16,-1.6,0,0.01,0.17,-0.16
Day-37,meta-llama/Llama-3.1-8B-Instruct,ISFJ,memory,crash,123,0.85,deterioration,81.9,94.53306852756866,9928.99274047187,9000.0,11.34301270417423,HOLD,0.0,"The current market conditions and stock price do not warrant a buy or sell decision. The RSI is at 51.2, indicating a neutral market sentiment, and the trend is flat. Given the conservative approach of a Guardian Investor, it is best to maintain the current portfolio and avoid taking any action.",81.03,82.5,51.2,-0.7706,1016976,0.82,18.4,13.0,3.08,-1.78,0,0.07,0.28,-0.22
Day-38,meta-llama/Llama-3.1-8B-Instruct,ISFJ,memory,crash,123,0.85,deterioration,80.22,94.72385819099419,9909.936479128857,9000.0,11.34301270417423,HOLD,0.0,"The current market conditions and stock price are stable, with a low RSI and a relatively low P/E ratio. Given the conservative nature of the Guardian Investor mandate, it's best to maintain the current position and avoid taking on any new risk. The current holdings value is already relatively low, and there's no compelling reason to make a trade at this time.",80.83,82.44,46.2,-0.759,1491311,1.2,18.5,12.7,3.15,-1.95,0,0.48,0.35,0.14
Day-39,meta-llama/Llama-3.1-8B-Instruct,ISFJ,memory,crash,123,0.85,deterioration,80.61,93.7880799297613,9914.360254083485,9000.0,11.34301270417423,HOLD,0.0,"The current market conditions and stock price do not warrant a trade. The RSI is at 45.1, indicating a neutral market sentiment, and the trend is flat. As a Guardian Investor, it's best to maintain a conservative stance and hold cash to ensure principal protection.",80.76,82.39,45.1,-0.7104,1308003,1.06,18.6,12.9,3.1,-1.98,0,0.05,0.28,-0.23
Day-40,meta-llama/Llama-3.1-8B-Instruct,ISFJ,memory,crash,123,0.85,deterioration,79.79,94.21776302899225,9905.058983666062,9000.0,11.34301270417423,HOLD,0.0,"The current market conditions and portfolio status do not warrant any action. The RSI is at 51.0, indicating a neutral market sentiment, and the trend is slightly bearish. Given the low cash balance and the importance of preserving capital, it is best to maintain the current portfolio and avoid taking on any new risk.",80.61,82.32,51.0,-0.73,1029469,0.84,18.7,12.7,3.15,-2.08,-1,0.08,0.14,-0.06
Day-41,meta-llama/Llama-3.1-8B-Instruct,ISFJ,memory,crash,123,0.85,deterioration,79.93,93.52136737387858,9906.647005444647,9000.0,11.34301270417423,HOLD,0.0,"The current market conditions are neutral, with a slight downtrend and a moderate RSI. Given the low risk appetite and focus on security, it's best to maintain the current position and avoid taking on any new risk. The current holdings value is relatively low, so it's not worth taking on any new positions at this time.",80.57,82.27,47.9,-0.7256,1330584,1.07,18.8,12.8,3.12,-2.07,-1,-0.19,0.1,-0.29
Day-42,meta-llama/Llama-3.1-8B-Instruct,ISFJ,memory,crash,123,0.85,deterioration,79.39,92.90831715167387,9900.521778584392,9000.0,11.34301270417423,HOLD,0.0,"The current market conditions and stock price do not justify taking on any risk. The RSI is at 51.6, indicating a neutral market sentiment, and the trend is slightly bearish. Given the strict mandate to prioritize security and avoid volatility, it is best to maintain a cash position.",80.43,82.2,51.6,-0.7569,1189184,0.96,18.9,12.8,3.12,-2.15,-1,-0.42,0.0,-0.42
Day-43,meta-llama/Llama-3.1-8B-Instruct,ISFJ,memory,crash,123,0.85,deterioration,79.79,93.42480326767941,9905.058983666062,9000.0,11.34301270417423,HOLD,0.0,"The current market conditions and stock price do not warrant any action. The RSI is at 50.9, indicating a neutral market sentiment, and the trend is slightly bearish. Given the conservative nature of a Guardian Investor, it's best to maintain the current portfolio and avoid taking any risks.",80.35,82.14,50.9,-0.7412,1067836,0.87,19.0,12.8,3.12,-2.18,-1,0.27,-0.04,0.31
Day-44,meta-llama/Llama-3.1-8B-Instruct,ISFJ,memory,crash,123,0.85,deterioration,78.23,93.75525736158228,9887.36388384755,9000.0,11.34301270417423,HOLD,0.0,"The current market conditions and stock price of $78.23 suggest a slightly bearish trend, with a negative news sentiment and a low RSI of 41.7. Given the Guardian Investor mandate to prioritize security and avoid volatility, it is best to hold the current cash position and avoid taking on any new risk.",80.16,82.05,41.7,-0.8446,1281832,1.05,19.1,12.5,3.2,-2.3,-1,-0.38,-0.13,-0.26
Day-45,meta-llama/Llama-3.1-8B-Instruct,ISFJ,memory,crash,123,0.85,deterioration,80.12,93.48575022170243,9908.802177858439,9000.0,11.34301270417423,HOLD,0.0,"The current market conditions are neutral, with a slight downtrend and moderate volatility. The RSI is not overbought or oversold, and the P/E ratio is reasonable. Given the conservative approach of a Guardian Investor, it's best to maintain the current position and avoid taking on unnecessary risk.",80.03,82.01,54.5,-0.7655,1363539,1.11,19.2,12.9,3.11,-2.42,-1,0.34,-0.07,0.42
Day-46,meta-llama/Llama-3.1-8B-Instruct,ISFJ,memory,crash,123,0.85,deterioration,78.71,93.1586417147859,9892.808529945554,9000.0,11.34301270417423,HOLD,0.0,"The current market conditions and portfolio status do not warrant any action. The price is slightly below the 20-day SMA, but the 60-day SMA is still above, indicating a potential short-term downtrend. Given the low RSI and negative news sentiment, it's best to maintain a conservative stance and protect the principal.",79.99,81.94,42.9,-0.8073,1335563,1.09,19.3,12.7,3.16,-2.37,-1,-0.24,-0.08,-0.15
Day-47,meta-llama/Llama-3.1-8B-Instruct,ISFJ,memory,crash,123,0.85,deterioration,81.02,94.20884086081696,9919.010889292196,9000.0,11.34301270417423,HOLD,0.0,"The current market conditions do not justify taking on any risk. The RSI is at 53.8, indicating a neutral market sentiment. The price is close to the SMA20, and the P/E ratio is relatively low, suggesting a stable environment. Given the guardian investor mandate, it is best to maintain a conservative stance and hold cash to protect the principal.",80.01,81.92,53.8,-0.6461,1123756,0.92,19.4,12.9,3.1,-2.33,-1,0.08,0.02,0.06
Day-48,meta-llama/Llama-3.1-8B-Instruct,ISFJ,memory,crash,123,0.85,deterioration,75.88,93.06721557382528,9860.70780399274,9000.0,11.34301270417423,HOLD,0.0,"The current market conditions and stock price of $75.88 are not favorable for a buy, given the negative trend and low RSI. The P/E ratio of 12.2 is relatively low, but not low enough to warrant a purchase. The primary focus should be on maintaining the current portfolio value and avoiding potential losses.",79.86,81.79,38.9,-0.9228,1262433,1.03,19.5,12.2,3.27,-2.36,-1,-0.11,-0.06,-0.05
Day-49,meta-llama/Llama-3.1-8B-Instruct,ISFJ,memory,crash,123,0.85,deterioration,77.02,93.19822876246235,9873.6388384755,9000.0,11.34301270417423,HOLD,0.0,"The stock's price is above the SMA20 and SMA60, indicating a short-term uptrend. However, the RSI is below 50, suggesting a potential for a pullback. Given the current market conditions and the guardian investor mandate, it's best to maintain a conservative stance and hold the current position.",79.74,81.7,39.5,-1.0379,1268831,1.05,19.6,12.4,3.23,-2.4,-1,0.35,0.09,0.27
Day-50,meta-llama/Llama-3.1-8B-Instruct,ISFJ,memory,crash,123,0.85,deterioration,80.17,93.67603369456543,9909.369328493649,9000.0,11.34301270417423,HOLD,0.0,"The current market conditions are neutral, with a slight downtrend and a neutral RSI. Given the Guardian Investor mandate, it's best to maintain a conservative stance and avoid taking on unnecessary risk. The current holdings value is relatively low, so it's not worth taking on additional exposure at this time.",79.69,81.67,50.9,-0.8651,1358401,1.11,19.7,12.8,3.12,-2.41,-1,0.09,0.03,0.06
Day-51,meta-llama/Llama-3.1-8B-Instruct,ISFJ,memory,crash,123,0.85,deterioration,80.79,91.75802062955862,9916.401996370236,9000.0,11.34301270417423,HOLD,0.0,"The current market conditions and stock price do not warrant a buy or sell decision. The RSI is below 50, indicating a potential buying opportunity, but the trend is negative and the P/E ratio is relatively low, suggesting the stock may be undervalued. Given the conservative approach of a Guardian Investor, it's best to hold the current position and wait for more favorable conditions.",79.8,81.57,47.4,-0.6705,1179933,0.96,19.7,13.2,3.03,-2.17,-1,0.59,0.2,0.39
Day-52,meta-llama/Llama-3.1-8B-Instruct,ISFJ,memory,crash,123,0.85,deterioration,79.23,91.73377045185954,9898.706896551725,9000.0,11.34301270417423,HOLD,0.0,"The current market conditions and stock price suggest a neutral stance, with the RSI at 47.6 and a negative news sentiment. Given the conservative approach of a Guardian Investor, it's best to maintain the current position and avoid taking on any new risk. The current holdings value is relatively low, and there's no compelling reason to make a change.",79.72,81.47,47.6,-0.635,1398866,1.12,19.8,13.0,3.09,-2.15,-1,-0.33,0.12,-0.44
Day-53,meta-llama/Llama-3.1-8B-Instruct,ISFJ,memory,crash,123,0.85,deterioration,78.0,92.97312193534627,9884.75499092559,9000.0,11.34301270417423,HOLD,0.0,"The current market conditions and stock price of $78.00 suggest a neutral stance. The RSI is below 50, indicating a potential buying opportunity, but the trend is bearish and the P/E ratio is relatively low, which may indicate undervaluation. Given the conservative nature of a Guardian Investor, it's best to hold cash and wait for a more favorable entry point.",79.63,81.26,44.0,-0.6975,1313960,1.05,19.9,12.6,3.18,-2.01,-1,0.12,0.17,-0.04
Day-54,meta-llama/Llama-3.1-8B-Instruct,ISFJ,memory,crash,123,0.85,deterioration,75.28,91.55033572098706,9853.901996370236,9000.0,11.34301270417423,HOLD,0.0,"The current market conditions and portfolio status suggest a cautious approach. The RSI is below 50, indicating potential undervaluation, but the trend is bearish and implied volatility is high. Given the portfolio's current value and the guardian investor mandate, it's best to maintain the current holdings and avoid taking on unnecessary risk.",79.37,81.07,40.5,-0.9558,1019165,0.82,20.0,12.3,3.24,-2.1,-1,0.01,0.1,-0.08
Day-55,meta-llama/Llama-3.1-8B-Instruct,ISFJ,memory,crash,123,0.85,deterioration,79.15,91.81230996958205,9897.79945553539,9000.0,11.34301270417423,HOLD,0.0,"The current market conditions and stock price do not justify a buy or sell decision. The RSI is at 48.6, which is not overbought or oversold, and the trend is slightly bearish. Given the conservative nature of a Guardian Investor, it's best to maintain the current portfolio and avoid taking on any unnecessary risk.",79.25,80.97,48.6,-0.8382,1273239,1.02,20.1,12.9,3.09,-2.12,-1,0.08,0.1,-0.01
Day-56,meta-llama/Llama-3.1-8B-Instruct,ISFJ,memory,crash,123,0.85,deterioration,78.23,92.18022760496534,9887.36388384755,9000.0,11.34301270417423,HOLD,0.0,"The current market conditions and stock price do not justify a buy or sell decision. The RSI is below 50, indicating a potential buying opportunity, but the trend is negative and the P/E ratio is relatively low, suggesting the stock may not be overvalued. Given the conservative nature of a Guardian Investor, it is best to maintain the current cash position and wait for more favorable conditions.",79.17,80.84,47.9,-0.8101,1430956,1.14,20.2,12.7,3.14,-2.06,-1,0.48,0.08,0.4
Day-57,meta-llama/Llama-3.1-8B-Instruct,ISFJ,memory,crash,123,0.85,deterioration,79.03,91.93902408172254,9896.43829401089,9000.0,11.34301270417423,HOLD,0.0,"The current market conditions and portfolio status suggest a cautious approach. The RSI is below 50, indicating a potential sell-off, and the trend is negative. Given the strict mandate to prioritize security and avoid volatility, it's best to maintain the current holdings and avoid taking on any new risk.",79.03,80.76,48.7,-0.7148,1283787,1.01,20.3,12.9,3.1,-2.14,-1,0.18,0.18,0.0
Day-58,meta-llama/Llama-3.1-8B-Instruct,ISFJ,memory,crash,123,0.85,deterioration,78.56,92.21921524288929,9891.107078039928,9000.0,11.34301270417423,HOLD,0.0,"The current market conditions and portfolio status do not warrant any action. The stock price is relatively stable, and the RSI is at 50.6, indicating a neutral market sentiment. Given the conservative approach of a Guardian Investor, it's best to maintain the current position and avoid taking any risk.",78.95,80.68,50.6,-0.6699,1087914,0.87,20.4,12.8,3.13,-2.14,-1,-0.34,0.08,-0.43
Day-59,meta-llama/Llama-3.1-8B-Instruct,ISFJ,memory,crash,123,0.85,deterioration,78.19,91.93769548623825,9886.910163339384,9000.0,11.34301270417423,HOLD,0.0,"The current market conditions and stock price do not justify a buy or sell decision. The RSI is below 50, indicating a potential buying opportunity, but the stock's price is slightly below its 20-day SMA, and the trend is negative. Given the conservative nature of a Guardian Investor, it's best to maintain the current position and wait for more favorable conditions.",78.83,80.55,46.3,-0.6565,1255188,1.01,20.5,12.8,3.14,-2.14,-1,0.16,0.11,0.05
Day-60,meta-llama/Llama-3.1-8B-Instruct,ISFJ,memory,crash,123,0.85,deterioration,82.27,91.57267101839717,9933.189655172413,9000.0,11.34301270417423,HOLD,0.0,"The current market conditions do not justify taking on any new risk. The RSI is at 56.3, indicating a neutral market sentiment, and the P/E ratio is at 13.5, which is relatively stable. Given the low cash balance, it's best to maintain the current holdings and wait for a more favorable opportunity to invest.",78.95,80.52,56.3,-0.3127,1378472,1.09,20.6,13.5,2.97,-1.95,0,-0.12,0.07,-0.19
Day-61,meta-llama/Llama-3.1-8B-Instruct,ISFJ,memory,crash,123,0.85,deterioration,76.92,90.49972159224349,9872.50453720508,9000.0,11.34301270417423,HOLD,0.0,"The current market conditions and portfolio status do not warrant any action. The RSI is below 50, indicating a potential buying opportunity, but the trend is neutral and the P/E ratio is relatively low, suggesting a stable market. Given the conservative nature of a Guardian Investor, it's best to hold the current position and maintain a cash reserve.",78.8,80.37,43.5,-0.4673,1055052,0.85,20.7,12.7,3.14,-1.96,0,-0.14,-0.06,-0.09
Day-62,meta-llama/Llama-3.1-8B-Instruct,ISFJ,memory,crash,123,0.85,deterioration,77.22,91.13160854908648,9875.907441016334,9000.0,11.34301270417423,HOLD,0.0,"The current market conditions and stock price do not justify taking any action. The RSI is at a neutral level, and the trend indicators are not indicating a strong buy or sell signal. Given the conservative nature of a Guardian Investor, it's best to maintain the current portfolio and avoid taking on any unnecessary risk.",78.69,80.23,52.5,-0.5586,1408549,1.12,20.8,12.7,3.15,-1.92,0,0.31,-0.03,0.34
Day-63,meta-llama/Llama-3.1-8B-Instruct,ISFJ,memory,crash,123,0.85,deterioration,76.95,90.73941447826608,9872.844827586207,9000.0,11.34301270417423,HOLD,0.0,"The current market conditions and stock price do not justify a trade. The RSI is at 49.9, indicating a neutral market sentiment, and the trend is flat. Given the conservative nature of a Guardian Investor, it is best to maintain the current portfolio and avoid taking on unnecessary risk.",78.55,80.09,49.9,-0.6459,1083740,0.86,20.9,12.7,3.14,-1.93,0,-0.18,0.01,-0.19
Day-64,meta-llama/Llama-3.1-8B-Instruct,ISFJ,memory,crash,123,0.85,deterioration,75.43,89.76724701686521,9855.603448275862,9000.0,11.34301270417423,HOLD,0.0,"The current market conditions and stock price do not justify taking on any new risk. The RSI is below 50, indicating a potential buying opportunity, but the trend is neutral and the P/E ratio is relatively low, suggesting the stock may not be overvalued. Given the priority on security, it is best to maintain a cash position and wait for more favorable conditions.",78.41,79.98,40.2,-0.8281,1267038,1.01,21.0,12.6,3.17,-1.97,0,-0.11,-0.05,-0.06
Day-65,meta-llama/Llama-3.1-8B-Instruct,ISFJ,memory,crash,123,0.85,deterioration,78.82,90.98713053589665,9894.056261343012,9000.0,11.34301270417423,HOLD,0.0,"The market is neutral, with a slight downtrend and low RSI. Given the low P/E ratio and high implied volatility, it's not an attractive time to invest. As a Guardian Investor, it's best to maintain a conservative stance and hold cash to protect the principal.",78.34,79.92,46.3,-0.6903,1192871,0.96,21.1,13.0,3.08,-1.97,0,0.01,-0.02,0.03
Day-66,meta-llama/Llama-3.1-8B-Instruct,ISFJ,memory,crash,123,0.85,deterioration,76.42,90.5302005457703,9866.833030852995,9000.0,11.34301270417423,HOLD,0.0,"The current market conditions and stock price do not justify taking on any risk. The RSI is at 44.9, indicating a neutral market, and the trend is flat. Given the low P/E ratio and high implied volatility, it's best to maintain a conservative stance and protect the principal.",78.23,79.74,44.9,-0.7664,1124311,0.91,21.2,12.7,3.16,-1.9,0,0.28,0.06,0.22
Day-67,meta-llama/Llama-3.1-8B-Instruct,ISFJ,memory,crash,123,0.85,deterioration,77.45,89.99742858461934,9878.516333938294,9000.0,11.34301270417423,HOLD,0.0,"The current market conditions are stable, with a neutral RSI and a slight upward trend. Given the low risk appetite and conservative decision style, it's best to maintain the current position and avoid taking on any new risk. The current holdings value is relatively low, and there's no compelling reason to make a change.",78.05,79.59,49.0,-0.7349,1323716,1.06,21.3,12.9,3.1,-1.93,0,0.17,0.03,0.14
Day-68,meta-llama/Llama-3.1-8B-Instruct,ISFJ,memory,crash,123,0.85,deterioration,76.68,89.70623877963438,9869.78221415608,9000.0,11.34301270417423,HOLD,0.0,"The current market conditions and stock price do not justify taking on any risk. The RSI is at a neutral level, but the trend indicators are not strongly bullish, and the news sentiment is slightly negative. Given the low cash position, it's best to hold and wait for a more favorable opportunity to invest.",78.09,79.44,52.7,-0.7637,1018696,0.82,21.4,12.8,3.12,-1.69,0,-0.07,0.06,-0.13
Day-69,meta-llama/Llama-3.1-8B-Instruct,ISFJ,memory,crash,123,0.85,deterioration,77.54,89.07173550359897,9879.53720508167,9000.0,11.34301270417423,HOLD,0.0,"The current market conditions are stable, with a slight downtrend and low RSI. Given the conservative nature of a Guardian Investor, it's best to maintain the current portfolio and avoid taking on any new risk. The current holdings value is relatively low, and there's no compelling reason to make a trade at this time.",78.12,79.35,46.4,-0.7087,1380022,1.11,21.5,13.1,3.06,-1.55,0,-0.08,0.06,-0.14
Day-70,meta-llama/Llama-3.1-8B-Instruct,ISFJ,memory,crash,123,0.85,deterioration,76.81,89.61874937855146,9871.256805807623,9000.0,11.34301270417423,HOLD,0.0,"The current market conditions and stock price do not justify taking on any risk. The RSI is below 50, indicating a potential buying opportunity, but the trend is neutral and the P/E ratio is relatively low, suggesting the stock may not be overvalued. Given the strict mandate to prioritize security, it is best to hold cash and wait for a more favorable entry point.",77.95,79.23,46.8,-0.7161,1263470,1.02,21.6,12.9,3.11,-1.62,0,-0.35,-0.01,-0.34
Day-71,meta-llama/Llama-3.1-8B-Instruct,ISFJ,memory,crash,123,0.85,deterioration,74.34,89.60130816731775,9843.239564428311,9000.0,11.34301270417423,HOLD,0.0,"The current market conditions are neutral, with a slightly bearish sentiment and low RSI. Given the conservative nature of a Guardian Investor, it's best to maintain a defensive position and avoid taking on unnecessary risk. The current holdings value is relatively low, and there's no compelling reason to make a trade at this time.",77.63,79.1,40.2,-0.9103,1437885,1.15,21.6,12.4,3.21,-1.86,0,-0.23,-0.11,-0.12
Day-72,meta-llama/Llama-3.1-8B-Instruct,ISFJ,memory,crash,123,0.85,deterioration,73.49,88.79961238129609,9833.598003629764,9000.0,11.34301270417423,HOLD,0.0,"The current market conditions and stock price suggest a neutral stance. The RSI is below 50, indicating a potential buying opportunity, but the trend is negative and the P/E ratio is relatively low. Given the Guardian Investor mandate, it's best to maintain a conservative approach and avoid taking on unnecessary risk.",77.34,78.93,39.6,-1.12,1260359,1.01,21.7,12.4,3.22,-2.01,-1,-0.2,-0.18,-0.01
Day-73,meta-llama/Llama-3.1-8B-Instruct,ISFJ,memory,crash,123,0.85,deterioration,78.31,89.64439316379027,9888.271324863885,9000.0,11.34301270417423,HOLD,0.0,"The current market conditions and stock price do not justify taking any action. The RSI is at 50.2, indicating a neutral market sentiment. Given the conservative approach of a Guardian Investor, it's best to maintain the current portfolio and avoid taking any unnecessary risks.",77.35,78.87,50.2,-0.8871,1017516,0.83,21.8,13.1,3.05,-1.92,0,-0.04,-0.18,0.13
Day-74,meta-llama/Llama-3.1-8B-Instruct,ISFJ,memory,crash,123,0.85,deterioration,74.2,88.36279088182178,9841.651542649728,9000.0,11.34301270417423,HOLD,0.0,"The current market conditions are neutral, with a low RSI and a stable trend. Given the low price and conservative nature of the portfolio, it's best to maintain the current position and avoid taking on any new risk. The focus should be on preserving capital and avoiding volatility.",77.3,78.71,36.0,-1.0227,1071800,0.87,21.9,12.6,3.18,-1.79,0,0.6,-0.04,0.64
Day-75,meta-llama/Llama-3.1-8B-Instruct,ISFJ,memory,crash,123,0.85,deterioration,72.56,87.69794349586485,9823.049001814881,9000.0,11.34301270417423,HOLD,0.0,"The current market conditions and stock price of $72.56 are within a relatively stable range, with a low RSI of 41.4 and a low P/E ratio of 12.4. Given the conservative nature of the Guardian Investor mandate, it is best to maintain a cautious stance and avoid taking on unnecessary risk. Holding cash and maintaining a low-risk portfolio is the most prudent course of action.",76.97,78.5,41.4,-1.2475,1397802,1.13,22.0,12.4,3.22,-1.95,0,-0.2,-0.02,-0.19
Day-76,meta-llama/Llama-3.1-8B-Instruct,ISFJ,memory,crash,123,0.85,deterioration,74.75,89.12745848215522,9847.890199637024,9000.0,11.34301270417423,HOLD,0.0,"The current market conditions and portfolio status suggest a cautious approach. The RSI is below 50, indicating a potential for further decline, and the news sentiment is negative. Given the strict mandate to prioritize security and avoid volatility, it's best to hold the current position and maintain a cash reserve.",76.8,78.41,45.4,-1.2347,1245988,1.01,22.1,12.6,3.18,-2.06,-1,-0.09,0.01,-0.1
Day-77,meta-llama/Llama-3.1-8B-Instruct,ISFJ,memory,crash,123,0.85,deterioration,76.91,88.25401318348058,9872.39110707804,9000.0,11.34301270417423,HOLD,0.0,"The current market conditions are neutral, with a slight downtrend and a moderate RSI. The price is near the SMA20, and the P/E ratio is relatively low. Given the conservative nature of a Guardian Investor, it's best to hold and wait for more favorable conditions before making any moves.",76.69,78.34,49.9,-1.0383,1220939,1.0,22.2,13.1,3.06,-2.1,-1,-0.62,-0.07,-0.54
Day-78,meta-llama/Llama-3.1-8B-Instruct,ISFJ,memory,crash,123,0.85,deterioration,72.87,88.24078267569793,9826.565335753176,9000.0,11.34301270417423,HOLD,0.0,"The current market conditions and stock price do not justify a buy or sell decision. The RSI is below 50, indicating a potential oversold condition, but the trend is slightly negative and the P/E ratio is relatively low, suggesting a cautious approach. As a Guardian Investor, it's best to maintain a conservative stance and hold the current position.",76.41,78.22,45.9,-1.1948,1159217,0.94,22.3,12.4,3.23,-2.31,-1,0.18,-0.03,0.21
Day-79,meta-llama/Llama-3.1-8B-Instruct,ISFJ,memory,crash,123,0.85,deterioration,73.27,87.73314037276468,9831.102540834845,9000.0,11.34301270417423,HOLD,0.0,"The current market conditions and stock price suggest a neutral stance. The RSI is below 50, indicating potential undervaluation, but the trend is negative and the news sentiment is negative. Given the conservative mandate, it's best to hold cash and avoid taking on unnecessary risk.",76.16,78.09,40.3,-1.2719,1142274,0.93,22.4,12.5,3.19,-2.47,-1,-0.47,-0.24,-0.23
Day-80,meta-llama/Llama-3.1-8B-Instruct,ISFJ,memory,crash,123,0.85,deterioration,73.12,87.1970186196413,9829.40108892922,9000.0,11.34301270417423,HOLD,0.0,"The current market conditions indicate a potential pullback, with the RSI at 43.7 and the trend indicators showing a slight decline. The price is also below the SMA20, suggesting a possible bearish trend. Given the Guardian Investor mandate, it's best to err on the side of caution and hold the current position to avoid potential losses.",75.7,77.93,43.7,-1.3303,1482943,1.21,22.5,12.6,3.18,-2.86,-1,-0.27,-0.25,-0.02
Day-81,meta-llama/Llama-3.1-8B-Instruct,ISFJ,memory,crash,123,0.85,panic,72.88,87.95225599436552,9826.678765880219,9000.0,11.34301270417423,HOLD,0.0,"The current market conditions and stock price suggest a neutral stance. The RSI is below 50, indicating a possible undervaluation, but the trend is slightly bearish and the news sentiment is negative, which aligns with a cautious approach. Given the priority on security and avoiding volatility, it's best to hold the current position and maintain a cash reserve.",75.5,77.82,41.0,-1.3796,2432969,1.88,22.5,12.4,3.22,-2.98,-1,-0.82,-0.4,-0.42
Day-82,meta-llama/Llama-3.1-8B-Instruct,ISFJ,memory,crash,123,0.85,panic,71.97,86.7633870105186,9816.35662431942,9000.0,11.34301270417423,HOLD,0.0,"The current market conditions and stock price suggest a neutral stance. The RSI is below 50, indicating a potential oversold condition, but the trend is bearish and the news sentiment is negative. Given the conservative approach of a Guardian Investor, it's best to maintain a cash position to avoid potential losses.",75.24,77.64,40.8,-1.4751,2932884,2.14,22.9,12.4,3.21,-3.09,-1,-0.6,-0.4,-0.21
Day-83,meta-llama/Llama-3.1-8B-Instruct,ISFJ,memory,crash,123,0.85,panic,72.46,87.92433949866654,9821.914700544465,9000.0,11.34301270417423,HOLD,0.0,"The current market conditions and stock price are not favorable for a new investment. The RSI is below 50, indicating a potential sell-off, and the news sentiment is negative. As a Guardian Investor, it's best to maintain a conservative stance and avoid taking on unnecessary risk.",75.01,77.49,39.9,-1.4944,2737931,1.88,23.3,12.4,3.24,-3.2,-1,-0.95,-0.62,-0.33
Day-84,meta-llama/Llama-3.1-8B-Instruct,ISFJ,memory,crash,123,0.85,panic,74.31,88.23164768487726,9842.899274047188,9000.0,11.34301270417423,HOLD,0.0,"The current market conditions indicate a potential pullback, but the trend is still slightly bearish. The RSI is below 50, and the price is below the SMA20. Given the conservative nature of a Guardian Investor, it's best to hold cash and wait for a more favorable entry point.",74.96,77.37,45.2,-1.3451,3003771,1.95,23.6,12.6,3.17,-3.12,-1,-1.0,-0.73,-0.27
Day-85,meta-llama/Llama-3.1-8B-Instruct,ISFJ,memory,crash,123,0.85,panic,73.77,87.41688953815981,9836.774047186933,9000.0,11.34301270417423,HOLD,0.0,"The current market conditions and stock price are not favorable for a new investment. The RSI is below 50, indicating a potential sell-off, and the news sentiment is negative. As a Guardian Investor, it's best to prioritize security and avoid taking on unnecessary risks.",74.71,77.21,48.8,-1.2554,3045835,1.86,24.0,12.7,3.16,-3.25,-1,-0.55,-0.79,0.23
Day-86,meta-llama/Llama-3.1-8B-Instruct,ISFJ,memory,crash,123,0.85,panic,71.93,85.83098713703293,9815.902903811253,9000.0,11.34301270417423,HOLD,0.0,"The current market conditions and stock price suggest a neutral stance. The RSI is below 50, indicating a potential oversold condition, but the trend is bearish and the news sentiment is negative. Given the conservative approach of a Guardian Investor, it's best to hold onto cash and wait for more favorable conditions.",74.48,77.06,46.9,-1.3175,3206846,1.84,24.4,12.6,3.18,-3.34,-1,-1.0,-0.82,-0.18
Day-87,meta-llama/Llama-3.1-8B-Instruct,ISFJ,memory,crash,123,0.85,panic,69.43,84.59852515031248,9787.545372050818,9000.0,11.34301270417423,HOLD,0.0,"The current market conditions are not favorable for investment, with a declining trend, low RSI, and negative news sentiment. Given the strict mandate to prioritize security and avoid volatility, it's best to hold cash and wait for more favorable conditions.",74.08,76.81,30.7,-1.551,2972309,1.63,24.8,12.3,3.25,-3.55,-1,-1.0,-0.9,-0.1
Day-88,meta-llama/Llama-3.1-8B-Instruct,ISFJ,memory,crash,123,0.85,panic,72.33,82.88600201921732,9820.440108892923,9000.0,11.34301270417423,HOLD,0.0,"The current market conditions and stock price do not justify a buy or sell decision. The stock price is slightly below the SMA20, and the RSI is below 50, indicating a potential buying opportunity, but the Implied Volatility is high and the News Sentiment is negative, suggesting caution. As a Guardian Investor, it's best to hold and wait for more favorable conditions.",73.86,76.65,45.7,-1.4844,3138240,1.63,25.2,13.1,3.06,-3.64,-1,-1.0,-0.91,-0.09
Day-89,meta-llama/Llama-3.1-8B-Instruct,ISFJ,memory,crash,123,0.85,panic,69.81,84.47311537880549,9791.855716878403,9000.0,11.34301270417423,HOLD,0.0,"The current market conditions indicate a potential for volatility, with a declining trend and a low RSI. Given the Guardian Investor mandate, it's best to prioritize security and avoid taking on unnecessary risks. Holding cash is the most prudent course of action at this time.",73.48,76.43,43.9,-1.6168,3103721,1.54,25.6,12.4,3.23,-3.87,-1,-1.0,-0.91,-0.09
Day-90,meta-llama/Llama-3.1-8B-Instruct,ISFJ,memory,crash,123,0.85,panic,71.93,84.13755660903531,9815.902903811253,9000.0,11.34301270417423,HOLD,0.0,"The current market conditions indicate a neutral trend with a slight downtick in the RSI and negative news sentiment. Given the low P/E ratio and high implied volatility, it's prudent to maintain a conservative stance and avoid taking on unnecessary risk. The current portfolio value is relatively low, and it's essential to prioritize preserving capital.",73.23,76.28,43.8,-1.5325,3002634,1.43,25.9,12.8,3.12,-3.99,-1,-1.0,-1.0,0.0
Day-91,meta-llama/Llama-3.1-8B-Instruct,ISFJ,memory,crash,123,0.85,panic,70.46,84.78776215158196,9799.228675136117,9000.0,11.34301270417423,HOLD,0.0,"The current market conditions and stock price suggest a potential downtrend, with the RSI at 35.3 and negative news sentiment. Given the guardian investor mandate, it's best to prioritize security and avoid taking on unnecessary risks. Holding cash is the most prudent decision to protect the principal.",73.04,76.09,35.3,-1.5668,3177922,1.45,26.3,12.5,3.21,-4.01,-1,-1.0,-1.0,0.0
Day-92,meta-llama/Llama-3.1-8B-Instruct,ISFJ,memory,crash,123,0.85,panic,71.57,83.02041010257173,9811.819419237749,9000.0,11.34301270417423,HOLD,0.0,"The current market conditions indicate a potential pullback, with a negative news sentiment and a declining trend. Given the low RSI and the high implied volatility, it's best to err on the side of caution and hold the current position to avoid potential losses. The Guardian Investor mandate prioritizes security and stability, and holding cash is the safest option at this time.",72.94,75.93,46.6,-1.4871,3222076,1.41,26.7,12.9,3.09,-3.94,-1,-0.81,-0.96,0.15
Day-93,meta-llama/Llama-3.1-8B-Instruct,ISFJ,memory,crash,123,0.85,panic,71.73,82.70144523216872,9813.634301270418,9000.0,11.34301270417423,HOLD,0.0,"The current market conditions and stock price of $71.73 are not favorable for a buy, given the negative trend and low RSI. The P/E ratio of 13.0 is relatively low, but not low enough to justify a buy. The priority is to maintain the current portfolio value and avoid taking unnecessary risks.",72.61,75.77,45.9,-1.3949,2456007,1.04,27.1,13.0,3.07,-4.17,-1,-1.0,-0.96,-0.04
Day-94,meta-llama/Llama-3.1-8B-Instruct,ISFJ,memory,crash,123,0.85,panic,69.56,83.37930717097731,9789.01996370236,9000.0,11.34301270417423,HOLD,0.0,"The current market conditions and portfolio status suggest a cautious approach. The RSI is below 50, indicating a potential oversold condition, but the trend is bearish and implied volatility is high. Given the portfolio's current value and the guardian investor mandate, it's best to maintain a conservative stance and avoid taking on additional risk.",72.38,75.6,41.5,-1.4802,3070508,1.25,27.5,12.5,3.2,-4.25,-1,-1.0,-0.96,-0.04
Day-95,meta-llama/Llama-3.1-8B-Instruct,ISFJ,memory,crash,123,0.85,panic,67.28,82.54429640904429,9763.157894736842,9000.0,11.34301270417423,HOLD,0.0,"The current market conditions and stock price suggest a potential for volatility, and the RSI is below 40, indicating oversold territory. Given the Guardian Investor mandate, it's best to err on the side of caution and maintain a conservative stance. Holding cash and avoiding new purchases for now is the most prudent decision.",72.12,75.34,37.7,-1.712,3455314,1.35,27.8,12.2,3.27,-4.28,-1,-0.33,-0.83,0.49
Day-96,meta-llama/Llama-3.1-8B-Instruct,ISFJ,memory,crash,123,0.85,panic,71.66,83.07541086796603,9812.840290381126,9000.0,11.34301270417423,HOLD,0.0,"The current market conditions and stock price of $71.66 do not justify a buy or sell decision. The RSI of 49.4 indicates a neutral market sentiment, and the trend is slightly bearish. Given the conservative nature of a Guardian Investor, it's best to maintain the current portfolio and avoid taking any action.",71.96,75.2,49.4,-1.5246,2813206,1.07,28.2,12.9,3.09,-4.3,-1,-0.73,-0.77,0.04
Day-97,meta-llama/Llama-3.1-8B-Instruct,ISFJ,memory,crash,123,0.85,panic,72.08,81.49084295596026,9817.604355716878,9000.0,11.34301270417423,HOLD,0.0,"The current market conditions and stock price do not justify taking on any risk. The RSI is at 49.3, indicating a neutral market sentiment, and the price is slightly below the SMA20. Given the low cash balance, it's best to maintain a conservative stance and avoid any potential losses.",71.72,75.02,49.3,-1.3266,3133662,1.15,28.6,13.3,3.01,-4.4,-1,-0.79,-0.77,-0.02
Day-98,meta-llama/Llama-3.1-8B-Instruct,ISFJ,memory,crash,123,0.85,panic,68.31,79.62737141134168,9774.841197822141,9000.0,11.34301270417423,HOLD,0.0,"The current market conditions and stock price indicate a potential for volatility, and the RSI is below 50, suggesting a possible downward trend. Given the Guardian Investor mandate, it's best to prioritize security and avoid taking on unnecessary risks. Holding cash is the most prudent decision to protect the principal.",71.49,74.87,39.4,-1.4575,3136591,1.11,29.0,12.9,3.11,-4.51,-1,-1.0,-0.77,-0.23
Day-99,meta-llama/Llama-3.1-8B-Instruct,ISFJ,memory,crash,123,0.85,panic,67.82,79.50677202341981,9769.283121597096,9000.0,11.34301270417423,HOLD,0.0,"The current market conditions and stock price suggest a potential pullback, and with the RSI at 39.4, it's not an ideal time to buy. The P/E ratio is relatively low, but the implied volatility is high, which could lead to increased risk. As a Guardian Investor, it's best to prioritize security and hold cash to avoid potential losses.",71.22,74.69,39.4,-1.5821,3135840,1.07,29.4,12.8,3.13,-4.64,-1,-0.85,-0.74,-0.11
Day-100,meta-llama/Llama-3.1-8B-Instruct,ISFJ,memory,crash,123,0.85,panic,68.06,78.62759558884727,9772.005444646098,9000.0,11.34301270417423,HOLD,0.0,"The current market conditions and portfolio status suggest a cautious approach. The RSI is below 50, indicating a potential oversold condition, but the trend is negative and the news sentiment is negative. Given the low cash position and the importance of preserving capital, it's best to hold the current position and maintain a conservative stance.",70.97,74.44,42.7,-1.6425,2805143,0.94,29.7,13.0,3.08,-4.67,-1,-0.79,-0.83,0.04
Day-101,meta-llama/Llama-3.1-8B-Instruct,ISFJ,memory,crash,123,0.85,panic,68.1,78.7696502781191,9772.459165154265,9000.0,11.34301270417423,HOLD,0.0,"The current market conditions and stock price of $68.10 do not justify taking on any risk. The RSI of 47.2 is below 50, indicating a potential buying opportunity, but the trend is also negative, and the news sentiment is negative. Given the priority on security, it's best to hold the current cash position and wait for more favorable conditions.",70.73,74.19,47.2,-1.668,3381884,1.11,30.1,13.0,3.08,-4.67,-1,-1.0,-0.89,-0.11
Day-102,meta-llama/Llama-3.1-8B-Instruct,ISFJ,memory,crash,123,0.85,panic,63.6,76.29176234659865,9721.41560798548,9000.0,11.34301270417423,HOLD,0.0,"The current market conditions indicate a potential downtrend with the RSI at 33.0 and negative news sentiment. Given the strict mandate to prioritize security and avoid volatility, it's best to hold the current position and maintain a cash reserve to protect the principal.",70.31,73.88,33.0,-2.0277,3316946,1.08,30.5,12.5,3.2,-4.83,-1,-0.77,-0.88,0.11
Day-103,meta-llama/Llama-3.1-8B-Instruct,ISFJ,memory,crash,123,0.85,panic,64.04,76.50402698206916,9726.406533575318,9000.0,11.34301270417423,HOLD,0.0,"The current market conditions and stock price suggest a potential decline, with a negative news sentiment and a low RSI. Given the strict mandate to prioritize security and avoid volatility, it's best to hold the current cash position and avoid taking on unnecessary risk.",69.89,73.6,37.8,-2.2517,3656522,1.18,30.9,12.6,3.19,-5.04,-1,-0.56,-0.8,0.23
Day-104,meta-llama/Llama-3.1-8B-Instruct,ISFJ,memory,crash,123,0.85,panic,67.73,78.60233090933848,9768.262250453721,9000.0,11.34301270417423,HOLD,0.0,"The current market conditions are uncertain, with a negative news sentiment and a declining trend. The RSI is below 50, indicating a potential sell-off. Given the conservative nature of a Guardian Investor, it's best to hold cash and wait for more favorable conditions before making a move.",69.56,73.45,41.6,-2.1072,3543252,1.13,31.3,12.9,3.09,-5.29,-1,-0.87,-0.8,-0.07
Day-105,meta-llama/Llama-3.1-8B-Instruct,ISFJ,memory,crash,123,0.85,panic,66.15,78.077704927907,9750.340290381126,9000.0,11.34301270417423,HOLD,0.0,"The current market conditions and stock price of $66.15 indicate a potential for volatility, and the RSI of 41.5 suggests a possible oversold condition. Given the Guardian Investor mandate to prioritize security and avoid unnecessary risks, it is best to hold the current position and maintain a cash reserve of $9000.00 to be prepared for potential market fluctuations.",69.18,73.19,41.5,-2.096,2852306,0.91,31.7,12.7,3.15,-5.48,-1,-0.84,-0.81,-0.03
Day-106,meta-llama/Llama-3.1-8B-Instruct,ISFJ,memory,crash,123,0.85,panic,67.94,77.61184705681684,9770.644283121597,9000.0,11.34301270417423,HOLD,0.0,"The current market conditions and stock price are not favorable for a purchase, given the bearish trend, low RSI, and negative news sentiment. The stock's P/E ratio is also relatively low, which may indicate undervaluation. As a Guardian Investor, it's best to prioritize caution and maintain the current cash position.",68.98,72.98,43.0,-1.9201,2892900,0.93,32.0,13.1,3.05,-5.48,-1,-1.0,-0.81,-0.19
Day-107,meta-llama/Llama-3.1-8B-Instruct,ISFJ,memory,crash,123,0.85,panic,64.64,77.29139654145553,9733.212341197823,9000.0,11.34301270417423,HOLD,0.0,"The current market conditions and stock price suggest a neutral stance. The RSI is below 50, indicating a potential oversold condition, but the trend is bearish and the news sentiment is negative. Given the conservative approach of a Guardian Investor, it's best to hold cash and wait for more favorable conditions.",68.74,72.69,37.8,-2.024,3891789,1.23,32.4,12.5,3.19,-5.44,-1,-1.0,-0.85,-0.15
Day-108,meta-llama/Llama-3.1-8B-Instruct,ISFJ,memory,crash,123,0.85,panic,64.82,74.92942083066373,9735.254083484573,9000.0,11.34301270417423,HOLD,0.0,"The RSI is below 50, indicating a potential oversold condition, but the trend is still bearish and the news sentiment is negative. Given the current market conditions and the strict mandate to prioritize security, it's best to hold and wait for more favorable conditions before making any trades.",68.36,72.42,41.3,-2.0683,3946643,1.23,32.8,13.0,3.08,-5.6,-1,-0.59,-0.86,0.27
Day-109,meta-llama/Llama-3.1-8B-Instruct,ISFJ,memory,crash,123,0.85,panic,64.14,74.85556747035405,9727.540834845735,9000.0,11.34301270417423,HOLD,0.0,"The current market conditions and stock price of $64.14 do not justify taking any action. The RSI of 43.8 is below 50, indicating a potential buying opportunity, but the trend is negative and the news sentiment is negative, suggesting caution. As a Guardian Investor, it's best to maintain a conservative stance and hold cash to protect the principal.",68.08,72.14,43.8,-2.1334,4364656,1.34,33.2,12.9,3.11,-5.62,-1,-0.93,-0.87,-0.06
Day-110,meta-llama/Llama-3.1-8B-Instruct,ISFJ,memory,crash,123,0.85,panic,61.65,72.75015772633807,9699.29673321234,9000.0,11.34301270417423,HOLD,0.0,"The current market conditions indicate a potential downtrend, with a negative news sentiment and a low RSI. Given the strict mandate to prioritize security and avoid volatility, it's best to hold the current cash position and wait for more favorable conditions to invest.",67.57,71.72,28.8,-2.3589,4290678,1.29,33.6,12.7,3.15,-5.8,-1,-0.99,-0.9,-0.08
Day-111,meta-llama/Llama-3.1-8B-Instruct,ISFJ,memory,crash,123,0.85,panic,62.81,71.82247812821427,9712.454627949184,9000.0,11.34301270417423,HOLD,0.0,"The current market conditions indicate a potential downtrend, with the RSI at 31.0 and negative news sentiment. Given the strict mandate to prioritize security and avoid volatility, it's best to hold the current position and maintain a cash reserve to protect against potential losses.",67.18,71.44,31.0,-2.4157,3723005,1.11,33.9,13.1,3.05,-5.96,-1,-0.94,-0.89,-0.05
Day-112,meta-llama/Llama-3.1-8B-Instruct,ISFJ,memory,crash,123,0.85,panic,62.7,72.56534767781801,9711.206896551725,9000.0,11.34301270417423,HOLD,0.0,"The current market conditions indicate a potential downtrend, with a negative news sentiment and a low RSI. Given the strict mandate to prioritize security and avoid volatility, it's best to hold onto the current cash position to maintain a stable portfolio.",66.74,71.15,36.4,-2.4417,4005620,1.18,34.3,13.0,3.09,-6.2,-1,-0.81,-0.85,0.04
Day-113,meta-llama/Llama-3.1-8B-Instruct,ISFJ,memory,crash,123,0.85,panic,59.12,71.33013072171794,9670.59891107078,9000.0,11.34301270417423,HOLD,0.0,"The current market conditions indicate a potential sell-off, with a negative news sentiment and a low RSI. Given the strict mandate to prioritize security and avoid volatility, it's best to hold onto cash and wait for more favorable conditions before making any trades.",66.11,70.8,31.7,-2.7197,3789890,1.1,34.7,12.4,3.22,-6.62,-1,-1.0,-0.93,-0.07
Day-114,meta-llama/Llama-3.1-8B-Instruct,ISFJ,memory,crash,123,0.85,panic,61.59,71.33137971128534,9698.616152450091,9000.0,11.34301270417423,HOLD,0.0,"The current market conditions indicate a potential downturn, with a negative news sentiment and a low RSI. Given the strict mandate to prioritize security and avoid volatility, it's best to hold the current position and maintain a cash reserve to protect against potential losses.",65.71,70.52,37.6,-2.7095,3466289,1.0,35.1,13.0,3.09,-6.82,-1,-0.77,-0.9,0.13
Day-115,meta-llama/Llama-3.1-8B-Instruct,ISFJ,memory,crash,123,0.85,panic,63.13,71.8441187652417,9716.08439201452,9000.0,11.34301270417423,HOLD,0.0,"The current market conditions and stock price of $63.13 are not favorable for a new purchase, given the downward trend and low RSI. The stock's P/E ratio of 13.2 is relatively low, but the implied volatility of 35.5% is high, indicating potential for increased risk. As a Guardian Investor, it's best to prioritize security and hold the current cash position.",65.51,70.2,41.0,-2.5479,3746287,1.07,35.5,13.2,3.03,-6.69,-1,-1.0,-0.9,-0.1
Day-116,meta-llama/Llama-3.1-8B-Instruct,ISFJ,memory,crash,123,0.85,panic,60.68,71.62285962133771,9688.294010889293,9000.0,11.34301270417423,HOLD,0.0,"The current market conditions and stock price are not favorable for a new investment. The stock is trading below its 20 and 60-day SMA, indicating a bearish trend, and the RSI is below 50, suggesting a potential sell signal. Given the low cash balance and the importance of preserving capital, it's best to hold off on any new trades and maintain a conservative stance.",64.96,69.89,44.3,-2.5874,3351951,0.95,35.8,12.7,3.15,-7.06,-1,-0.65,-0.85,0.2
Day-117,meta-llama/Llama-3.1-8B-Instruct,ISFJ,memory,crash,123,0.85,panic,58.92,69.75191115124309,9668.330308529945,9000.0,11.34301270417423,HOLD,0.0,"The current market conditions are not favorable for a new investment. The RSI is below 50, indicating a potential sell-off, and the trend is negative. It's best to maintain a conservative stance and hold cash to avoid potential losses.",64.3,69.52,40.4,-2.7299,4293560,1.2,36.2,12.7,3.16,-7.51,-1,-1.0,-0.88,-0.12
Day-118,meta-llama/Llama-3.1-8B-Instruct,ISFJ,memory,crash,123,0.85,panic,57.58,68.91943587589168,9653.130671506353,9000.0,11.34301270417423,HOLD,0.0,"The current market conditions indicate a potential for volatility, with a low RSI of 29.2 and a negative news sentiment. Given the Guardian Investor mandate, it's best to prioritize security and avoid taking on unnecessary risks. Holding the current position is the most conservative approach to protect the principal.",63.76,69.14,29.2,-2.9173,3566693,0.99,36.6,12.5,3.19,-7.78,-1,-0.54,-0.79,0.26
Day-119,meta-llama/Llama-3.1-8B-Instruct,ISFJ,memory,crash,123,0.85,panic,59.8,70.37884721827997,9678.31215970962,9000.0,11.34301270417423,HOLD,0.0,"The current market conditions indicate a potential downtrend, with the RSI at 37.3 and negative news sentiment. Given the strict mandate to prioritize security and avoid volatility, it's best to hold the current position and maintain a cash reserve to be prepared for potential market fluctuations.",63.36,68.78,37.3,-2.8534,4069836,1.12,37.0,12.7,3.14,-7.88,-1,-0.8,-0.8,-0.01
Day-120,meta-llama/Llama-3.1-8B-Instruct,ISFJ,memory,crash,123,0.85,panic,58.71,67.85380145528251,9665.948275862069,9000.0,11.34301270417423,HOLD,0.0,"The current market conditions indicate a potential downtrend, with a negative news sentiment and a low RSI. Given the strict mandate to prioritize security and avoid volatility, it's best to hold the current cash position and avoid taking on unnecessary risk.",62.89,68.42,31.1,-2.8582,4928962,1.31,37.4,13.0,3.08,-8.08,-1,-0.97,-0.79,-0.18
Day-121,meta-llama/Llama-3.1-8B-Instruct,ISFJ,memory,crash,123,0.85,panic,55.79,67.07801544141633,9632.82667876588,9000.0,11.34301270417423,HOLD,0.0,"The current market conditions are uncertain, with a negative news sentiment and a low RSI. The price is below the SMA20, indicating a potential downtrend. Given the strict mandate to prioritize security and avoid volatility, it's best to hold cash and wait for more favorable conditions.",62.28,68.05,31.6,-3.062,3409071,0.91,37.8,12.5,3.21,-8.48,-1,-0.62,-0.78,0.17
Day-122,meta-llama/Llama-3.1-8B-Instruct,ISFJ,memory,crash,123,0.85,panic,54.1,66.02590736992822,9613.656987295826,9000.0,11.34301270417423,HOLD,0.0,"The current market conditions indicate a potential for volatility, with a low RSI and negative news sentiment. Given the strict mandate to prioritize security and avoid risk, it's best to hold the current cash position and avoid entering the market at this time.",61.8,67.66,29.0,-3.3214,3646999,0.97,38.1,12.3,3.25,-8.66,-1,-1.0,-0.78,-0.22
Day-123,meta-llama/Llama-3.1-8B-Instruct,ISFJ,memory,crash,123,0.85,panic,55.24,65.64665473302536,9626.588021778585,9000.0,11.34301270417423,HOLD,0.0,"The current market conditions indicate a potential for volatility, with a low RSI and negative news sentiment. Given the mandate to prioritize security and avoid risk, it's best to hold the current cash position and wait for more favorable conditions before making any trades.",61.36,67.2,32.9,-3.3964,3934855,1.04,38.5,12.6,3.17,-8.69,-1,-0.91,-0.86,-0.05
Day-124,meta-llama/Llama-3.1-8B-Instruct,ISFJ,memory,crash,123,0.85,panic,53.94,65.89487035021259,9611.842105263158,9000.0,11.34301270417423,HOLD,0.0,"The current market conditions and stock price do not align with my conservative investment approach. The RSI is below 50, indicating a potential buying opportunity, but the implied volatility is high and the news sentiment is negative. I will hold the current cash position to avoid taking unnecessary risks.",60.67,66.8,34.4,-3.5197,5085835,1.32,38.9,12.3,3.26,-9.17,-1,-0.8,-0.86,0.06
Day-125,meta-llama/Llama-3.1-8B-Instruct,ISFJ,memory,crash,123,0.85,panic,57.74,67.00356131823465,9654.94555353902,9000.0,11.34301270417423,HOLD,0.0,"The current market conditions and stock price of $57.74 are not favorable for a buy, and the RSI of 40.7 indicates a possible oversold condition. The trend is also negative, with the 60-day SMA lower than the 20-day SMA. As a guardian investor, it's best to prioritize caution and maintain the current cash position to avoid unnecessary risk.",60.25,66.5,40.7,-3.2733,5078147,1.28,39.3,12.9,3.09,-9.39,-1,-0.82,-0.83,0.01
Day-126,meta-llama/Llama-3.1-8B-Instruct,ISFJ,memory,crash,123,0.85,panic,55.66,66.23332892622548,9631.352087114337,9000.0,11.34301270417423,HOLD,0.0,"The current market conditions and stock price suggest a potential pullback, but the RSI is still below 50, indicating a possible oversold condition. Given the low P/E ratio and high implied volatility, it's best to maintain a cautious stance and avoid taking on unnecessary risk. The current portfolio value is relatively low, and it's essential to prioritize protecting the principal.",59.64,66.12,38.0,-3.2089,3810984,0.95,39.7,12.6,3.17,-9.8,-1,-1.0,-0.91,-0.09
Day-127,meta-llama/Llama-3.1-8B-Instruct,ISFJ,memory,crash,123,0.85,panic,53.93,66.5456702562023,9611.728675136117,9000.0,11.34301270417423,HOLD,0.0,"The current market conditions and stock price do not justify a buy or sell decision. The RSI is below 50, indicating a potential buying opportunity, but the trend is bearish and implied volatility is high, suggesting caution. As a guardian investor, it's best to hold the current position and wait for more favorable conditions.",59.1,65.66,40.6,-3.2596,5305379,1.3,40.0,12.2,3.29,-9.98,-1,-0.98,-0.9,-0.08
Day-128,meta-llama/Llama-3.1-8B-Instruct,ISFJ,memory,crash,123,0.85,panic,56.04,66.54541040106747,9635.662431941924,9000.0,11.34301270417423,HOLD,0.0,"The current market conditions and stock price of $56.04 suggest a stable trend, but the RSI of 39.8 indicates a potential oversold condition. Given the low P/E ratio of 12.6 and high implied volatility of 40.4%, it's prudent to maintain a conservative stance and avoid taking on unnecessary risk. As a Guardian Investor, prioritizing security and avoiding volatility is key.",58.66,65.32,39.8,-3.0939,4942020,1.19,40.4,12.6,3.17,-10.19,-1,-0.77,-0.87,0.11
Day-129,meta-llama/Llama-3.1-8B-Instruct,ISFJ,memory,crash,123,0.85,panic,56.25,66.51975769893927,9638.0444646098,9000.0,11.34301270417423,HOLD,0.0,"The current market conditions and stock price indicate a potential downtrend, with a negative news sentiment and a low RSI. Given the strict mandate to prioritize security and avoid volatility, it's best to hold the current cash position and avoid taking on any new risk. The current holdings value is relatively low, and it's essential to maintain a conservative approach to protect the principal.",58.27,64.98,36.7,-2.9119,4606399,1.11,40.8,12.7,3.15,-10.33,-1,-1.0,-0.91,-0.09
Day-130,meta-llama/Llama-3.1-8B-Instruct,ISFJ,memory,crash,123,0.85,panic,56.31,65.4558337674128,9638.725045372052,9000.0,11.34301270417423,HOLD,0.0,"The current market conditions and stock price suggest a potential for volatility, and the RSI is below 50, indicating a possible downward trend. Given the Guardian Investor mandate, it's best to prioritize security and avoid taking on unnecessary risks. Holding cash and maintaining a conservative stance is the most prudent approach at this time.",58.0,64.64,40.7,-2.7315,5366506,1.28,41.2,12.9,3.1,-10.27,-1,-0.55,-0.86,0.31
Day-131,meta-llama/Llama-3.1-8B-Instruct,ISFJ,memory,crash,123,0.85,panic,54.15,63.958512298636904,9614.224137931034,9000.0,11.34301270417423,HOLD,0.0,"The current market conditions are not favorable for a new investment, with a downward trend and negative news sentiment. The RSI is below 50, indicating potential undervaluation, but the implied volatility is high, suggesting a potential for increased risk. As a Guardian Investor, it's best to err on the side of caution and maintain a conservative stance.",57.57,64.27,40.0,-2.7317,5321799,1.24,41.6,12.7,3.15,-10.43,-1,-0.7,-0.8,0.1
Day-132,meta-llama/Llama-3.1-8B-Instruct,ISFJ,memory,crash,123,0.85,panic,55.81,62.35846918601621,9633.053539019964,9000.0,11.34301270417423,HOLD,0.0,"The current market conditions and stock price of $55.81 are not favorable for a buy. The RSI is below 50, indicating a potential sell-off, and the news sentiment is negative. Given the strict mandate to prioritize security and avoid volatility, it's best to hold the current cash position and wait for more favorable conditions.",57.22,63.95,46.3,-2.5682,4458386,1.03,41.9,13.4,2.98,-10.51,-1,-0.9,-0.78,-0.12
Day-133,meta-llama/Llama-3.1-8B-Instruct,ISFJ,memory,crash,123,0.85,panic,51.16,61.102031976617084,9580.308529945554,9000.0,11.34301270417423,HOLD,0.0,"The current market conditions and stock price of $51.16 are not favorable for a purchase, given the bearish trend, low RSI, and negative news sentiment. The Implied Volatility of 42.3% also suggests a high risk of potential losses. As a Guardian Investor, it's best to maintain a conservative stance and hold cash to protect the principal.",56.83,63.52,33.7,-2.7817,4997527,1.14,42.3,12.6,3.18,-10.54,-1,-0.84,-0.8,-0.05
Day-134,meta-llama/Llama-3.1-8B-Instruct,ISFJ,memory,crash,123,0.85,panic,51.69,60.92371855248331,9586.320326678766,9000.0,11.34301270417423,HOLD,0.0,"The current market conditions and stock price of $51.69 are not favorable for a buy. The RSI is low at 36.5, indicating a potential oversold condition, but the trend is bearish and the news sentiment is negative. Given the strict mandate to prioritize security and avoid volatility, it's best to hold cash and wait for more favorable conditions.",56.33,63.07,36.5,-2.8747,5025544,1.13,42.7,12.7,3.14,-10.68,-1,-0.43,-0.68,0.26
Day-135,meta-llama/Llama-3.1-8B-Instruct,ISFJ,memory,crash,123,0.85,panic,51.85,61.184667945611636,9588.135208711434,9000.0,11.34301270417423,HOLD,0.0,"The current market conditions indicate a potential pullback, with a negative news sentiment and a declining trend. The RSI is below 50, suggesting the stock may be oversold. Given the guardian investor mandate, it's best to hold cash and wait for a more stable environment before considering new investments.",55.77,62.63,41.5,-2.902,4456735,0.99,43.1,12.7,3.15,-10.96,-1,-0.61,-0.7,0.08
Day-136,meta-llama/Llama-3.1-8B-Instruct,ISFJ,memory,crash,123,0.85,panic,51.43,61.00813679346854,9583.37114337568,9000.0,11.34301270417423,HOLD,0.0,"The current market conditions and stock price suggest a neutral stance. The RSI is below 50, indicating a potential oversold condition, but the trend is still slightly negative. Given the low cash balance and the importance of preserving capital, it's best to hold off on any trades and maintain a conservative stance.",55.3,62.22,43.9,-2.9238,4211025,0.93,43.5,12.6,3.16,-11.11,-1,-0.72,-0.7,-0.02
Day-137,meta-llama/Llama-3.1-8B-Instruct,ISFJ,memory,crash,123,0.85,panic,51.18,59.9591816972728,9580.535390199637,9000.0,11.34301270417423,HOLD,0.0,"The current market conditions indicate a potential downtrend, with the price below the SMA20 and SMA60, and a negative news sentiment. Given the low RSI of 40.4, the stock may be undervalued, but the high implied volatility and negative news sentiment suggest caution. As a Guardian Investor, it's best to prioritize security and avoid taking unnecessary risks, so holding the current position is the most prudent decision.",54.92,61.85,40.4,-2.9279,4808188,1.06,43.9,12.8,3.12,-11.21,-1,-1.0,-0.72,-0.28
Day-138,meta-llama/Llama-3.1-8B-Instruct,ISFJ,memory,crash,123,0.85,panic,52.89,61.26515180720527,9599.931941923775,9000.0,11.34301270417423,HOLD,0.0,"The current market conditions are not favorable for a new investment. The RSI is below 50, indicating a potential downtrend, and the news sentiment is negative. Given the conservative approach of a Guardian Investor, it's best to maintain the current cash position and wait for more favorable conditions.",54.68,61.47,47.6,-2.7614,4449840,0.97,44.2,12.9,3.09,-11.03,-1,-0.47,-0.65,0.17
Day-139,meta-llama/Llama-3.1-8B-Instruct,ISFJ,memory,crash,123,0.85,panic,54.95,62.28401743083681,9623.298548094373,9000.0,11.34301270417423,HOLD,0.0,"The current market conditions and stock price do not justify a buy or sell decision. The RSI is at 43.0, indicating a potential oversold condition, but the trend is negative and the news sentiment is negative. Given the conservative nature of a Guardian Investor, it's best to maintain the current cash position to avoid unnecessary risk.",54.44,61.17,43.0,-2.4348,4670213,1.01,44.6,13.2,3.02,-11.0,-1,-0.59,-0.68,0.09
Day-140,meta-llama/Llama-3.1-8B-Instruct,ISFJ,memory,crash,123,0.85,panic,49.86,61.430017318086634,9565.562613430127,9000.0,11.34301270417423,HOLD,0.0,"The current market conditions indicate a potential downtrend, with a negative news sentiment and a low RSI. Given the strict mandate to prioritize security and avoid volatility, it's best to hold the current position and maintain a cash reserve to be prepared for potential market fluctuations.",54.0,60.73,37.3,-2.5572,5908287,1.26,45.0,12.2,3.29,-11.08,-1,-0.83,-0.72,-0.11
Day-141,meta-llama/Llama-3.1-8B-Instruct,ISFJ,memory,crash,123,0.85,stabilization,51.12,61.0383016150938,9579.854809437387,9000.0,11.34301270417423,HOLD,0.0,"The current market conditions and stock price suggest a neutral stance. The RSI is below 50, indicating a potential buying opportunity, but the trend is negative and the P/E ratio is relatively low. Given the conservative approach of a Guardian Investor, it's best to hold current positions and avoid taking on new risk.",53.76,60.34,43.7,-2.5238,1845853,0.4,45.0,12.6,3.18,-10.9,-1,0.32,-0.51,0.84
Day-142,meta-llama/Llama-3.1-8B-Instruct,ISFJ,memory,crash,123,0.85,stabilization,51.28,61.123409092172786,9581.669691470055,9000.0,11.34301270417423,HOLD,0.0,"The current market conditions and stock price do not align with the guardian investor's mandate of prioritizing security and avoiding volatility. The RSI is below 50, indicating a potential buying opportunity, but the implied volatility is high, and the news sentiment is negative. Given these factors, it is best to hold the current position and maintain a cautious approach.",53.62,59.93,38.3,-2.4557,2002291,0.44,44.7,12.6,3.18,-10.53,-1,-0.25,-0.36,0.12
Day-143,meta-llama/Llama-3.1-8B-Instruct,ISFJ,memory,crash,123,0.85,stabilization,53.92,61.777058414699965,9611.615245009074,9000.0,11.34301270417423,HOLD,0.0,"The current market conditions and stock price do not justify taking on any risk. The RSI is below 50, indicating a potential buying opportunity, but the price is above the SMA20, suggesting a short-term downtrend. Given the low cash balance and the priority of preserving capital, it's best to hold off on any trades for now.",53.56,59.58,44.9,-2.1641,1732373,0.39,44.5,13.1,3.06,-10.1,-1,0.24,-0.22,0.46
Day-144,meta-llama/Llama-3.1-8B-Instruct,ISFJ,memory,crash,123,0.85,stabilization,52.13,61.96344090332702,9591.311252268602,9000.0,11.34301270417423,HOLD,0.0,"The current market conditions, with a bearish trend, low RSI, and high implied volatility, suggest a cautious approach. The price is below the SMA20, indicating a potential downtrend. As a Guardian Investor, it's best to maintain a conservative stance and avoid taking on unnecessary risk.",53.47,59.23,41.5,-2.0533,2208812,0.52,44.2,12.6,3.17,-9.73,-1,0.29,-0.05,0.33
Day-145,meta-llama/Llama-3.1-8B-Instruct,ISFJ,memory,crash,123,0.85,stabilization,50.08,62.26171525578204,9568.058076225045,9000.0,11.34301270417423,HOLD,0.0,"The current market conditions and portfolio status suggest a cautious approach. The RSI is below 50, indicating a potential sell-off, and the Implied Volatility is high. Given the portfolio's current value and the Guardian Investor mandate, it is best to maintain a conservative stance and avoid taking on unnecessary risk.",53.08,58.89,41.7,-2.107,1949011,0.47,44.0,12.1,3.32,-9.85,-1,0.01,0.12,-0.11
Day-146,meta-llama/Llama-3.1-8B-Instruct,ISFJ,memory,crash,123,0.85,stabilization,52.98,62.17567519464423,9600.952813067152,9000.0,11.34301270417423,HOLD,0.0,"The current market conditions indicate a potential for volatility, with a negative news sentiment and a high implied volatility. Given the conservative nature of a Guardian Investor, it's best to maintain a defensive position and avoid taking on unnecessary risks. The current holdings value is relatively low, and there's no compelling reason to make a trade at this time.",52.95,58.51,44.5,-1.8936,1600481,0.4,43.7,12.8,3.13,-9.5,-1,-0.28,0.0,-0.29
Day-147,meta-llama/Llama-3.1-8B-Instruct,ISFJ,memory,crash,123,0.85,stabilization,53.01,62.42381064224534,9601.293103448275,9000.0,11.34301270417423,HOLD,0.0,"The current market conditions and stock price of $53.01 indicate a relatively stable situation, but the negative trend and high implied volatility suggest potential risks. As a Guardian Investor, it's best to maintain a cautious stance and avoid taking on unnecessary risks. Holding cash and monitoring the situation is the most prudent course of action.",52.9,58.13,54.4,-1.7025,1520294,0.4,43.5,12.7,3.14,-8.99,-1,0.48,0.15,0.34
Day-148,meta-llama/Llama-3.1-8B-Instruct,ISFJ,memory,crash,123,0.85,stabilization,54.0,63.21608286797341,9612.522686025408,9000.0,11.34301270417423,HOLD,0.0,"The current market conditions and stock price do not meet the criteria for a buy or sell, and the portfolio is adequately protected with a cash reserve. The RSI is at 55.4, which is not overbought or oversold, and the trend is slightly bearish. Given the low risk appetite and focus on security, it is best to maintain the current holdings and cash reserve.",52.8,57.84,55.4,-1.4542,2120087,0.58,43.2,12.8,3.12,-8.72,-1,0.11,0.12,-0.01
Day-149,meta-llama/Llama-3.1-8B-Instruct,ISFJ,memory,crash,123,0.85,stabilization,52.09,63.116248477234556,9590.857531760435,9000.0,11.34301270417423,HOLD,0.0,"The current market conditions and stock price are not favorable for a new investment. The RSI is at 50.5, indicating a neutral market sentiment, and the trend is negative. Given the low cash balance and the need to prioritize security, it is best to hold off on any new trades.",52.59,57.53,50.5,-1.3957,2108760,0.6,43.0,12.4,3.23,-8.58,-1,-0.08,0.05,-0.13
Day-150,meta-llama/Llama-3.1-8B-Instruct,ISFJ,memory,crash,123,0.85,stabilization,56.31,63.2079023434885,9638.725045372052,9000.0,11.34301270417423,HOLD,0.0,"The current market conditions and stock price do not align with the guardian investor's mandate of security and low risk. The RSI is above 50, indicating overbought conditions, and the trend is negative. Given the high implied volatility and low cash reserves, it's prudent to hold and maintain a conservative position.",52.59,57.29,59.0,-0.9977,1866030,0.55,42.7,13.4,2.99,-8.2,-1,0.23,0.09,0.14
Day-151,meta-llama/Llama-3.1-8B-Instruct,ISFJ,memory,crash,123,0.85,stabilization,53.37,63.35481058176331,9605.376588021778,9000.0,11.34301270417423,HOLD,0.0,"The current market conditions and stock price do not justify a buy or sell decision. The RSI is at a neutral level, and the trend is slightly bearish. Given the conservative approach of a Guardian Investor, it's best to maintain the current portfolio and avoid taking on unnecessary risks.",52.56,57.0,53.7,-0.9089,1427277,0.45,42.5,12.6,3.17,-7.8,-1,0.49,0.25,0.24
Day-152,meta-llama/Llama-3.1-8B-Instruct,ISFJ,memory,crash,123,0.85,stabilization,53.71,63.516673259648826,9609.233212341198,9000.0,11.34301270417423,HOLD,0.0,"The current market conditions and stock price suggest a neutral trend, with the SMA20 below the SMA60 indicating a possible downtrend. The RSI is below 50, indicating a potential sell signal. Given the low cash balance, it's best to hold current holdings and maintain a conservative approach to protect the principal.",52.45,56.8,51.4,-0.8019,1565418,0.52,42.2,12.7,3.15,-7.66,-1,-0.15,0.12,-0.27
Day-153,meta-llama/Llama-3.1-8B-Instruct,ISFJ,memory,crash,123,0.85,stabilization,52.06,62.830728821613214,9590.51724137931,9000.0,11.34301270417423,HOLD,0.0,"The current market conditions and stock price suggest a neutral stance. The RSI is below 50, indicating a potential buying opportunity, but the trend is negative and the P/E ratio is relatively low. Given the high implied volatility and negative news sentiment, it's best to hold cash and wait for more favorable conditions.",52.5,56.56,44.8,-0.8405,1958519,0.68,41.9,12.4,3.22,-7.19,-1,0.21,0.14,0.07
Day-154,meta-llama/Llama-3.1-8B-Instruct,ISFJ,memory,crash,123,0.85,stabilization,51.23,61.912294493676264,9581.102540834845,9000.0,11.34301270417423,HOLD,0.0,"The current market conditions and stock price do not align with the Guardian Investor mandate of prioritizing security and avoiding volatility. The RSI is above 50, indicating a potential overbought condition, and the Implied Volatility is high at 41.7%. Given these factors, it is prudent to maintain a conservative stance and hold cash to preserve principal.",52.47,56.23,52.9,-0.9272,1998200,0.73,41.7,12.4,3.22,-6.69,-1,0.58,0.27,0.31
Day-155,meta-llama/Llama-3.1-8B-Instruct,ISFJ,memory,crash,123,0.85,stabilization,50.37,61.422466958215345,9571.347549909256,9000.0,11.34301270417423,HOLD,0.0,"The current market conditions are not favorable for a new investment, with a negative news sentiment and a declining trend. The RSI is also below 50, indicating a potential sell-off. Given the strict mandate to prioritize security and avoid volatility, it's best to hold the current cash position and wait for more favorable market conditions.",52.4,55.92,48.4,-1.0526,1694916,0.66,41.4,12.3,3.25,-6.29,-1,-0.33,0.16,-0.49
Day-156,meta-llama/Llama-3.1-8B-Instruct,ISFJ,memory,crash,123,0.85,stabilization,51.71,61.52643810591618,9586.54718693285,9000.0,11.34301270417423,HOLD,0.0,"The current market conditions and stock price do not warrant a buy or sell decision. The RSI is at 50.9, indicating a neutral market sentiment. The stock's P/E ratio and implied volatility are within acceptable ranges, but the trend is slightly negative, suggesting caution.",52.41,55.59,50.9,-1.0327,1623789,0.66,41.2,12.6,3.17,-5.72,-1,-0.16,0.03,-0.19
Day-157,meta-llama/Llama-3.1-8B-Instruct,ISFJ,memory,crash,123,0.85,stabilization,51.11,61.82336618891779,9579.741379310344,9000.0,11.34301270417423,HOLD,0.0,"The current market conditions and stock price of $51.11 are not alarming, but the trend is slightly bearish and the RSI is below 50, indicating a potential for further decline. Given the low cash balance and the importance of preserving capital, it's best to hold and maintain a conservative stance.",52.41,55.32,43.8,-1.0526,1551484,0.68,40.9,12.4,3.23,-5.27,-1,-0.18,0.02,-0.2
Day-158,meta-llama/Llama-3.1-8B-Instruct,ISFJ,memory,crash,123,0.85,stabilization,55.43,61.57802890903098,9628.743194192377,9000.0,11.34301270417423,HOLD,0.0,"The current market conditions and stock price do not justify taking on any new risk. The RSI is slightly above 50, indicating a potential for a pullback, and the trend is bearish. As a Guardian Investor, it's best to maintain a conservative stance and protect the principal.",52.54,55.13,56.6,-0.7122,1435234,0.67,40.7,13.5,2.96,-4.71,-1,-0.05,-0.03,-0.02
Day-159,meta-llama/Llama-3.1-8B-Instruct,ISFJ,memory,crash,123,0.85,stabilization,50.11,62.286657650464626,9568.39836660617,9000.0,11.34301270417423,HOLD,0.0,"The current market conditions are neutral, with a slightly bearish trend and a neutral RSI. Given the low cash balance and the importance of preserving capital, it's best to hold off on any trades and maintain a conservative stance.",52.29,54.85,50.1,-0.8614,1425438,0.72,40.4,12.1,3.31,-4.67,-1,-0.06,-0.16,0.09
Day-160,meta-llama/Llama-3.1-8B-Instruct,ISFJ,memory,crash,123,0.85,stabilization,51.21,62.23506966330154,9580.875680580762,9000.0,11.34301270417423,HOLD,0.0,"The current market conditions and stock price of $51.21 indicate a relatively stable situation. The RSI of 46.6 suggests a potential oversold condition, but the trend is still slightly negative. Given the conservative approach of a Guardian Investor, it's best to hold the current position and avoid taking on any new risk.",52.36,54.64,46.6,-0.881,1976742,1.11,40.2,12.3,3.24,-4.18,-1,0.09,-0.07,0.16
Day-161,meta-llama/Llama-3.1-8B-Instruct,ISFJ,memory,crash,123,0.85,stabilization,52.32,62.265227662418845,9593.466424682396,9000.0,11.34301270417423,HOLD,0.0,"The current market conditions and stock price suggest a neutral stance. The RSI is below 50, indicating a potential for a short-term downtrend, but the P/E ratio is relatively low, and implied volatility is high. Given the Guardian Investor mandate, it's best to maintain a conservative approach and avoid taking on unnecessary risk.",52.42,54.43,48.8,-0.7973,1868450,1.05,39.9,12.6,3.17,-3.7,-1,-0.25,-0.09,-0.16
Day-162,meta-llama/Llama-3.1-8B-Instruct,ISFJ,memory,crash,123,0.85,stabilization,53.87,62.188245727142515,9611.048094373866,9000.0,11.34301270417423,HOLD,0.0,"The current market conditions and stock price do not justify taking on any risk. The RSI is below 50, indicating a potential sell-off, and the Implied Volatility is high. As a Guardian Investor, it's best to maintain a conservative stance and hold cash to protect the principal.",52.55,54.26,49.8,-0.5993,1430955,0.82,39.7,13.0,3.08,-3.15,-1,-0.19,-0.09,-0.1
Day-163,meta-llama/Llama-3.1-8B-Instruct,ISFJ,memory,crash,123,0.85,stabilization,52.31,62.27525912351585,9593.352994555355,9000.0,11.34301270417423,HOLD,0.0,"The current market conditions and stock price do not justify taking on any risk. The RSI is at 50.4, indicating a neutral market sentiment, and the Implied Volatility is high at 39.4%. As a Guardian Investor, it's best to maintain a conservative stance and protect the principal.",52.47,54.12,50.4,-0.5615,1449545,0.83,39.4,12.6,3.17,-3.05,-1,0.09,-0.06,0.15
Day-164,meta-llama/Llama-3.1-8B-Instruct,ISFJ,memory,crash,123,0.85,stabilization,54.26,62.64749616053765,9615.471869328494,9000.0,11.34301270417423,HOLD,0.0,"The current market conditions and stock price suggest a neutral stance. The RSI is below 50, indicating a potential buying opportunity, but the trend is slightly negative and implied volatility is high. Given the conservative nature of a Guardian Investor, it's best to hold cash and wait for more favorable conditions.",52.58,53.98,46.0,-0.3698,1732859,1.01,39.2,13.0,3.08,-2.59,-1,0.05,-0.04,0.09
Day-165,meta-llama/Llama-3.1-8B-Instruct,ISFJ,memory,crash,123,0.85,stabilization,52.07,63.000322879493815,9590.630671506353,9000.0,11.34301270417423,HOLD,0.0,"The current market conditions and stock price do not justify taking on any risk. The RSI is below 50, indicating a potential sell-off, and the Implied Volatility is high. As a Guardian Investor, it's best to maintain a conservative stance and avoid taking any action.",52.68,53.75,47.4,-0.3905,1792345,1.05,38.9,12.4,3.23,-2.01,-1,0.26,-0.01,0.27
Day-166,meta-llama/Llama-3.1-8B-Instruct,ISFJ,memory,crash,123,0.85,stabilization,53.27,62.57111140918902,9604.242286751361,9000.0,11.34301270417423,HOLD,0.0,"The current market conditions and stock price are stable, with a slight uptrend and low RSI. Given the conservative approach of a Guardian Investor, it's best to maintain the current position and avoid taking on unnecessary risk. The current holdings value is relatively low, and there's no compelling reason to make a trade at this time.",52.69,53.61,49.2,-0.3062,1810033,1.05,38.6,12.8,3.13,-1.71,0,0.12,0.07,0.06
Day-167,meta-llama/Llama-3.1-8B-Instruct,ISFJ,memory,crash,123,0.85,stabilization,56.47,63.35294329742828,9640.53992740472,9000.0,11.34301270417423,HOLD,0.0,"The current market conditions and stock price do not warrant a buy or sell decision. The RSI is slightly above the neutral zone, indicating a potential for a pullback, but the trend is flat and the P/E ratio is reasonable. Given the conservative nature of the Guardian Investor mandate, it is best to maintain the current cash position and wait for a more favorable entry point.",52.86,53.56,58.1,0.018,1384169,0.81,38.4,13.4,2.99,-1.29,0,0.23,0.15,0.08
Day-168,meta-llama/Llama-3.1-8B-Instruct,ISFJ,memory,crash,123,0.85,stabilization,51.95,62.82543006871482,9589.269509981852,9000.0,11.34301270417423,HOLD,0.0,"The current market conditions and stock price do not justify a trade. The stock price is slightly above the 20-day SMA and 60-day SMA, indicating a neutral trend. The RSI is at 51.2, which is not overly stretched, and the P/E ratio is reasonable at 12.4.",52.76,53.44,51.2,-0.0885,1896691,1.12,38.1,12.4,3.22,-1.28,0,-0.34,0.06,-0.41
Day-169,meta-llama/Llama-3.1-8B-Instruct,ISFJ,memory,crash,123,0.85,stabilization,54.08,62.88504357576013,9613.430127041742,9000.0,11.34301270417423,HOLD,0.0,"The current market conditions and stock price do not justify taking any action. The RSI is slightly above the neutral zone, but not excessively high, and the trend is flat. Given the low risk appetite and focus on security, it's best to maintain the current portfolio and avoid taking any unnecessary risks.",52.86,53.33,55.8,-0.0008,1406536,0.84,37.9,12.9,3.1,-0.88,0,-0.12,0.03,-0.15
Day-170,meta-llama/Llama-3.1-8B-Instruct,ISFJ,memory,crash,123,0.85,stabilization,53.66,62.767845288998956,9608.66606170599,9000.0,11.34301270417423,HOLD,0.0,"The current market conditions and stock price do not warrant a change in the portfolio. The RSI is at a neutral level, and the trend is flat. Given the low risk appetite and focus on security, it is best to maintain the current holdings and avoid taking on any new risk.",52.73,53.23,53.1,0.0344,1623870,0.98,37.6,12.8,3.12,-0.94,0,0.55,0.09,0.46
Day-171,meta-llama/Llama-3.1-8B-Instruct,ISFJ,memory,crash,123,0.85,stabilization,49.55,62.26334945033971,9562.046279491833,9000.0,11.34301270417423,HOLD,0.0,"The current market conditions and stock price do not justify taking on any risk. The RSI is below 50, indicating a potential buying opportunity, but the Implied Volatility is high, and the stock price is above the trend. Given the Guardian Investor mandate, it's best to maintain a conservative stance and hold cash to preserve principal.",52.54,53.1,47.7,-0.2667,1611777,0.97,37.4,11.9,3.35,-1.07,0,0.12,0.09,0.03
Day-172,meta-llama/Llama-3.1-8B-Instruct,ISFJ,memory,crash,123,0.85,stabilization,52.03,62.2457891563528,9590.176950998186,9000.0,11.34301270417423,HOLD,0.0,"The current market conditions suggest a stable trend, but the RSI is below 50, indicating a potential for a pullback. Given the low P/E ratio and high implied volatility, it's wise to maintain a conservative stance and avoid taking on unnecessary risk. The current portfolio value is relatively low, and it's essential to prioritize protecting the principal.",52.45,53.06,44.8,-0.3019,1835740,1.1,37.1,12.5,3.19,-1.15,0,0.22,0.09,0.14
Day-173,meta-llama/Llama-3.1-8B-Instruct,ISFJ,memory,crash,123,0.85,stabilization,54.31,61.895382269706595,9616.039019963702,9000.0,11.34301270417423,HOLD,0.0,"The current market conditions and stock price do not justify taking on any risk. The RSI is slightly above the neutral zone, indicating a potential for a pullback, and the implied volatility is relatively high. As a guardian investor, it's best to maintain a conservative stance and avoid taking any action.",52.57,53.04,57.0,-0.1439,1632888,0.98,36.9,13.2,3.04,-0.9,0,0.08,0.17,-0.09
Day-174,meta-llama/Llama-3.1-8B-Instruct,ISFJ,memory,crash,123,0.85,stabilization,52.86,61.95183589134462,9599.59165154265,9000.0,11.34301270417423,HOLD,0.0,"The current market conditions do not justify taking on any new risk. The RSI is slightly above the neutral zone, and the trend is flat. Given the high implied volatility and low news sentiment, it's best to maintain a conservative stance and protect the principal.",52.65,53.02,52.7,-0.1339,1577229,0.96,36.6,12.8,3.13,-0.71,0,0.13,0.22,-0.09
Day-175,meta-llama/Llama-3.1-8B-Instruct,ISFJ,memory,crash,123,0.85,stabilization,51.03,62.173378871954306,9578.83393829401,9000.0,11.34301270417423,HOLD,0.0,"The current market conditions and stock price of $51.03 are not alarming, but the RSI of 47.9 is slightly below the neutral zone, indicating a potential for a short-term correction. Given the conservative nature of a Guardian Investor, it's best to maintain the current position and avoid taking on any new risk. The current holdings value of $599.59 is relatively low, and it's essential to prioritize preserving capital over potential gains.",52.68,52.89,47.9,-0.2707,1526205,0.94,36.4,12.3,3.25,-0.39,0,-0.07,0.1,-0.17
Day-176,meta-llama/Llama-3.1-8B-Instruct,ISFJ,memory,crash,123,0.85,stabilization,54.53,62.92934355644094,9618.534482758621,9000.0,11.34301270417423,HOLD,0.0,"The current market conditions and stock price do not warrant a buy or sell decision. The RSI is at 51.0, indicating a neutral market sentiment, and the trend is flat. Given the low risk appetite and focus on security, it's best to maintain the current holdings and wait for a more favorable opportunity.",52.82,52.87,51.0,-0.0958,1663480,1.02,36.1,13.0,3.08,-0.08,0,1.0,0.27,0.73
Day-177,meta-llama/Llama-3.1-8B-Instruct,ISFJ,memory,crash,123,0.85,stabilization,52.92,63.103035665754646,9600.2722323049,9000.0,11.34301270417423,HOLD,0.0,"The current market conditions and stock price do not justify a buy or sell decision. The RSI is at 50.9, indicating a neutral market sentiment. The price is near the SMA20 and SMA60, suggesting a stable trend, and the P/E ratio is relatively low at 12.6. Given the low risk appetite and focus on security, it is best to maintain the current holdings and wait for a more favorable opportunity.",52.91,52.85,50.9,-0.0859,1258278,0.78,35.8,12.6,3.18,0.13,0,-0.12,0.2,-0.32
Day-178,meta-llama/Llama-3.1-8B-Instruct,ISFJ,memory,crash,123,0.85,stabilization,53.93,62.817422995602236,9611.728675136117,9000.0,11.34301270417423,HOLD,0.0,"The current market conditions and stock price do not justify taking any action. The RSI is at 49.5, indicating a neutral market sentiment, and the trend is flat. Given the low risk appetite and focus on security, it's best to maintain the current portfolio and avoid any potential volatility.",52.84,52.8,49.5,0.0039,1187681,0.74,35.6,12.9,3.11,0.06,0,-0.01,0.19,-0.2
Day-179,meta-llama/Llama-3.1-8B-Instruct,ISFJ,memory,crash,123,0.85,stabilization,53.81,62.64161309024244,9610.367513611614,9000.0,11.34301270417423,HOLD,0.0,"The current market conditions and stock price do not justify taking on any new risk. The RSI is slightly overbought, and the news sentiment is negative, indicating potential volatility. As a guardian investor, it's best to maintain a conservative stance and hold cash to ensure principal security.",53.02,52.75,52.9,0.0643,1738965,1.07,35.3,12.9,3.1,0.51,0,-0.73,0.01,-0.74
Day-180,meta-llama/Llama-3.1-8B-Instruct,ISFJ,memory,crash,123,0.85,stabilization,51.64,62.73160214329972,9585.753176043558,9000.0,11.34301270417423,HOLD,0.0,"The current market conditions and stock price suggest a neutral stance. The RSI is below 50, indicating a potential buying opportunity, but the trend is flat and the P/E ratio is relatively low, indicating a stable stock. Given the conservative approach of a Guardian Investor, it's best to hold and wait for more favorable conditions before making a move.",53.04,52.66,47.4,-0.062,1461079,0.92,35.1,12.3,3.24,0.73,0,0.33,0.09,0.24
Day-181,meta-llama/Llama-3.1-8B-Instruct,ISFJ,memory,crash,123,0.85,stabilization,54.56,62.79833255803079,9618.874773139745,9000.0,11.34301270417423,HOLD,0.0,"The current market conditions and stock price do not justify taking any action. The RSI is below 50, indicating a potential buying opportunity, but the trend is neutral and the P/E ratio is relatively low, suggesting the stock may be undervalued. Given the low cash balance, it's best to hold and wait for a more favorable entry point.",53.16,52.67,46.9,0.0727,1351618,0.86,34.8,13.0,3.07,0.92,0,-0.17,-0.14,-0.03
Day-182,meta-llama/Llama-3.1-8B-Instruct,ISFJ,memory,crash,123,0.85,stabilization,52.5,63.548127192145,9595.508166969146,9000.0,11.34301270417423,HOLD,0.0,"The current market conditions and stock price indicate a neutral trend, with the SMA20 and SMA60 lines close together and the RSI at 51.0, suggesting a stable market. Given the low P/E ratio and high implied volatility, it's wise to maintain a cautious stance and avoid taking on unnecessary risk. As a Guardian Investor, prioritizing security and avoiding volatility is key.",53.09,52.6,51.0,0.0131,1364640,0.87,34.6,12.4,3.23,0.92,0,-0.02,-0.12,0.1
Day-183,meta-llama/Llama-3.1-8B-Instruct,ISFJ,memory,crash,123,0.85,stabilization,52.67,64.26580365702348,9597.436479128857,9000.0,11.34301270417423,HOLD,0.0,"The current market conditions and stock price do not justify a buy or sell decision. The RSI is below 50, indicating a potential buying opportunity, but the implied volatility is high, and the news sentiment is negative. Given the conservative nature of a Guardian Investor, it's best to hold the current position and wait for more favorable conditions.",53.11,52.63,47.3,-0.0207,1603893,1.02,34.3,12.3,3.25,0.9,0,-0.16,-0.15,-0.01
Day-184,meta-llama/Llama-3.1-8B-Instruct,ISFJ,memory,crash,123,0.85,stabilization,53.17,64.10633569390235,9603.107985480943,9000.0,11.34301270417423,HOLD,0.0,"The current market conditions and stock price do not justify a buy or sell decision. The RSI is at 49.1, indicating a neutral market sentiment, and the trend is flat. Given the low risk appetite and focus on security, it's best to maintain the current portfolio status.",53.05,52.66,49.1,-0.0072,1352701,0.87,34.1,12.4,3.22,0.74,0,-0.04,-0.01,-0.03
Day-185,meta-llama/Llama-3.1-8B-Instruct,ISFJ,memory,crash,123,0.85,stabilization,53.76,63.852014629809254,9609.800362976406,9000.0,11.34301270417423,HOLD,0.0,"The current market conditions are neutral, with a slight uptrend but high implied volatility. Given the RSI is above 50, it's a sign of potential overbought conditions. As a Guardian Investor, it's best to maintain a cautious stance and avoid taking on unnecessary risk.",53.13,52.7,59.3,0.0505,1561154,1.01,33.8,12.6,3.17,0.82,0,-0.09,-0.09,0.01
Day-186,meta-llama/Llama-3.1-8B-Instruct,ISFJ,memory,crash,123,0.85,stabilization,53.37,62.59348732777532,9605.376588021778,9000.0,11.34301270417423,HOLD,0.0,"The current market conditions and stock price do not justify taking on any risk. The RSI is at 53.3, which is not overbought or oversold, and the trend is neutral. Given the low cash balance, it's best to maintain a conservative stance and avoid any potential losses.",53.14,52.74,53.3,0.0642,1365004,0.9,33.6,12.8,3.13,0.76,0,-0.01,-0.06,0.05
Day-187,meta-llama/Llama-3.1-8B-Instruct,ISFJ,memory,crash,123,0.85,stabilization,51.83,62.33902712111421,9587.908348457351,9000.0,11.34301270417423,HOLD,0.0,"The current market conditions and stock price do not justify taking any action to increase risk. The RSI is below 50, indicating a potential buying opportunity, but the Implied Volatility is high, and the trend is flat. Given the Guardian Investor mandate, it's best to maintain a conservative stance and hold the current position.",52.91,52.75,43.8,-0.0485,1578704,1.03,33.3,12.5,3.21,0.29,0,-0.02,-0.06,0.05
Day-188,meta-llama/Llama-3.1-8B-Instruct,ISFJ,memory,crash,123,0.85,stabilization,53.71,61.869998268072074,9609.233212341198,9000.0,11.34301270417423,HOLD,0.0,"The current market conditions do not justify taking on any new risk. The RSI is slightly overbought, and the trend is neutral. Given the low cash balance, it's best to maintain a conservative stance and avoid any potential losses.",53.0,52.77,52.1,0.0135,1143671,0.77,33.1,13.0,3.07,0.43,0,-0.05,-0.04,-0.01
Day-189,meta-llama/Llama-3.1-8B-Instruct,ISFJ,memory,crash,123,0.85,stabilization,52.83,61.712586039024664,9599.251361161525,9000.0,11.34301270417423,HOLD,0.0,"The current market conditions do not warrant any action, as the stock price is stable and the RSI is within a neutral range. The P/E ratio is reasonable, and the implied volatility is moderate. Given the conservative nature of a Guardian Investor, it's best to maintain the current position and avoid taking on any unnecessary risk.",52.93,52.73,54.7,-0.0078,1356209,0.91,32.8,12.8,3.11,0.39,0,-0.05,-0.04,-0.01
Day-190,meta-llama/Llama-3.1-8B-Instruct,ISFJ,memory,crash,123,0.85,stabilization,51.6,61.92837816019972,9585.29945553539,9000.0,11.34301270417423,HOLD,0.0,"The current market conditions are stable, with a neutral RSI and low volume ratio. The P/E ratio is reasonable, and implied volatility is within a normal range. Given the conservative nature of a guardian investor, it's best to maintain the current portfolio and avoid taking on unnecessary risk.",52.83,52.76,41.4,-0.123,1337952,0.91,32.5,12.5,3.2,0.13,0,0.39,0.05,0.34
Day-191,meta-llama/Llama-3.1-8B-Instruct,ISFJ,memory,crash,123,0.85,stabilization,54.06,62.03697432479921,9613.20326678766,9000.0,11.34301270417423,HOLD,0.0,"The current market conditions and stock price do not justify a buy or sell decision. The RSI is at 53.2, indicating a neutral market sentiment, and the trend is flat. Given the conservative approach of a Guardian Investor, it is best to maintain the current portfolio and avoid taking any action.",53.06,52.82,53.2,-0.0149,1218515,0.84,32.3,13.1,3.06,0.44,0,0.26,0.11,0.16
Day-192,meta-llama/Llama-3.1-8B-Instruct,ISFJ,memory,crash,123,0.85,stabilization,54.48,62.04199032127544,9617.967332123411,9000.0,11.34301270417423,HOLD,0.0,"The current market conditions and portfolio status do not warrant any action. The stock price is slightly above the SMA20 and SMA60, indicating a neutral trend. The RSI is at 51.6, which is not overbought or oversold, and the P/E ratio is relatively low at 13.2, suggesting the stock is undervalued.",53.18,52.88,51.6,0.1028,1571590,1.09,32.0,13.2,3.04,0.56,0,0.27,0.17,0.1
Day-193,meta-llama/Llama-3.1-8B-Instruct,ISFJ,memory,crash,123,0.85,stabilization,52.69,62.1617813768197,9597.66333938294,9000.0,11.34301270417423,HOLD,0.0,"The current market conditions and stock price do not justify taking on any risk. The RSI is below 50, indicating a potential buying opportunity, but the Implied Volatility is high, and the News Sentiment is negative. As a Guardian Investor, it's best to maintain a conservative stance and hold cash to protect the principal.",53.1,52.86,47.0,0.0512,1538680,1.07,31.8,12.7,3.15,0.45,0,-0.22,0.13,-0.35
Day-194,meta-llama/Llama-3.1-8B-Instruct,ISFJ,memory,crash,123,0.85,stabilization,52.48,62.1187224902042,9595.281306715064,9000.0,11.34301270417423,HOLD,0.0,"The current market conditions and stock price do not justify a buy or sell decision. The stock price is near the 20-day and 60-day SMA, indicating a neutral trend. The RSI is also at a neutral level, and the P/E ratio is reasonable, suggesting no immediate cause for concern.",53.08,52.87,52.5,-0.0066,1283923,0.9,31.5,12.7,3.16,0.4,0,0.38,0.22,0.16
Day-195,meta-llama/Llama-3.1-8B-Instruct,ISFJ,memory,crash,123,0.85,stabilization,50.24,62.23723195647594,9569.872958257713,9000.0,11.34301270417423,HOLD,0.0,"The current market conditions, with a low RSI of 36.8 and a negative trend, suggest a potential downward movement. Given the strict mandate of prioritizing security and avoiding volatility, it's best to hold the current position and maintain a cash reserve. The current holdings value of $595.28 is relatively low, and adding more exposure at this point may increase risk.",53.04,52.87,36.8,-0.2303,1093011,0.78,31.3,12.1,3.3,0.32,0,0.34,0.21,0.13
Day-196,meta-llama/Llama-3.1-8B-Instruct,ISFJ,memory,crash,123,0.85,stabilization,50.93,60.64170445251628,9577.699637023594,9000.0,11.34301270417423,HOLD,0.0,"The current market conditions and stock price do not justify a buy or sell decision. The RSI is below 50, indicating a potential buying opportunity, but the implied volatility is high and the news sentiment is negative, which suggests caution. Given the conservative nature of a Guardian Investor, it is best to maintain the current portfolio and wait for more favorable conditions.",52.86,52.83,44.8,-0.3477,1140794,0.83,31.0,12.6,3.17,0.06,0,-0.17,0.12,-0.29
Day-197,meta-llama/Llama-3.1-8B-Instruct,ISFJ,memory,crash,123,0.85,stabilization,51.01,60.52705770764091,9578.607078039928,9000.0,11.34301270417423,HOLD,0.0,"The current market conditions and stock price do not warrant a trade. The RSI is below 50, indicating a potential buying opportunity, but the Implied Volatility is high, which aligns with my conservative approach. I will maintain the current cash position to avoid unnecessary risk.",52.76,52.79,44.4,-0.4296,1164620,0.85,30.8,12.6,3.16,-0.05,0,0.46,0.16,0.3
Day-198,meta-llama/Llama-3.1-8B-Instruct,ISFJ,memory,crash,123,0.85,stabilization,51.79,60.491632347114404,9587.454627949184,9000.0,11.34301270417423,HOLD,0.0,"The current market conditions and stock price do not justify a buy or sell decision. The RSI is below 50, indicating a potential buying opportunity, but the Implied Volatility is high, and the News Sentiment is negative. Given the conservative approach of a Guardian Investor, it is best to maintain the current portfolio and wait for more favorable conditions.",52.66,52.74,45.4,-0.427,1263162,0.92,30.5,12.8,3.11,-0.17,0,-0.2,0.16,-0.37
Day-199,meta-llama/Llama-3.1-8B-Instruct,ISFJ,memory,crash,123,0.85,stabilization,51.04,60.341001489011106,9578.947368421053,9000.0,11.34301270417423,HOLD,0.0,"The current market conditions and stock price do not justify taking on any risk. The RSI is below 50, indicating a potential buying opportunity, but the implied volatility is high and the news sentiment is negative. Given the conservative approach of a Guardian Investor, it's best to hold the current cash position and wait for more favorable conditions.",52.52,52.72,41.1,-0.4798,1179096,0.88,30.3,12.7,3.15,-0.39,0,-0.55,-0.03,-0.53
Day-200,meta-llama/Llama-3.1-8B-Instruct,ISFJ,memory,crash,123,0.85,stabilization,51.58,60.25202835795964,9585.072595281306,9000.0,11.34301270417423,HOLD,0.0,"The current market conditions and stock price do not justify a trade. The RSI is below 50, indicating a potential buying opportunity, but the price is close to the trend line, and the implied volatility is high. As a Guardian Investor, it's best to maintain a conservative stance and hold the current cash position.",52.51,52.63,44.2,-0.4724,1387068,1.03,30.0,12.8,3.11,-0.22,0,0.33,-0.03,0.36
