family,model,persona,agent_type,scenario,seed,discount,run_id,day,cash_share,action,Price,SMA20,SMA60,RSI14,MACD,Volume_Ratio,Implied_Volatility,Reported_PE,Dividend_Yield,Trend_Strength,Trend_Regime,Sentiment
mbti,Llama-3.1-8B-Instruct,ENTJ,memory,bull_trap,123,,Llama-3.1-8B-Instruct|ENTJ|memory|bull_trap|123|,1,0.0,BUY,99.72,99.72,99.72,50.0,0.0,1.0,15.0,15.1,2.65,0.0,0,0.33
mbti,Llama-3.1-8B-Instruct,ENTJ,static,bull_trap,123,,Llama-3.1-8B-Instruct|ENTJ|static|bull_trap|123|,1,1.0,HOLD,99.72,99.72,99.72,50.0,0.0,1.0,15.0,15.1,2.65,0.0,0,0.33
mbti,Llama-3.1-8B-Instruct,INTJ,memory,bull_trap,123,,Llama-3.1-8B-Instruct|INTJ|memory|bull_trap|123|,1,1.0,HOLD,99.72,99.72,99.72,50.0,0.0,1.0,15.0,15.1,2.65,0.0,0,0.33
mbti,Llama-3.1-8B-Instruct,INTJ,static,bull_trap,123,,Llama-3.1-8B-Instruct|INTJ|static|bull_trap|123|,1,1.0,HOLD,99.72,99.72,99.72,50.0,0.0,1.0,15.0,15.1,2.65,0.0,0,0.33
mbti,Llama-3.1-8B-Instruct,ISFJ,memory,bull_trap,123,,Llama-3.1-8B-Instruct|ISFJ|memory|bull_trap|123|,1,1.0,HOLD,99.72,99.72,99.72,50.0,0.0,1.0,15.0,15.1,2.65,0.0,0,0.33
mbti,Llama-3.1-8B-Instruct,ISFJ,static,bull_trap,123,,Llama-3.1-8B-Instruct|ISFJ|static|bull_trap|123|,1,1.0,HOLD,99.72,99.72,99.72,50.0,0.0,1.0,15.0,15.1,2.65,0.0,0,0.33
mbti,Llama-3.1-8B-Instruct,ENTJ,memory,bull_trap,42,,Llama-3.1-8B-Instruct|ENTJ|memory|bull_trap|42|,1,0.9,BUY,100.96,100.96,100.96,50.0,0.0,1.0,15.0,15.1,2.66,0.0,0,0.1
mbti,Llama-3.1-8B-Instruct,ENTJ,static,bull_trap,42,,Llama-3.1-8B-Instruct|ENTJ|static|bull_trap|42|,1,1.0,HOLD,100.96,100.96,100.96,50.0,0.0,1.0,15.0,15.1,2.66,0.0,0,0.1
mbti,Llama-3.1-8B-Instruct,INTJ,memory,bull_trap,42,,Llama-3.1-8B-Instruct|INTJ|memory|bull_trap|42|,1,1.0,HOLD,100.96,100.96,100.96,50.0,0.0,1.0,15.0,15.1,2.66,0.0,0,0.1
mbti,Llama-3.1-8B-Instruct,INTJ,static,bull_trap,42,,Llama-3.1-8B-Instruct|INTJ|static|bull_trap|42|,1,1.0,HOLD,100.96,100.96,100.96,50.0,0.0,1.0,15.0,15.1,2.66,0.0,0,0.1
mbti,Llama-3.1-8B-Instruct,ISFJ,memory,bull_trap,42,,Llama-3.1-8B-Instruct|ISFJ|memory|bull_trap|42|,1,1.0,HOLD,100.96,100.96,100.96,50.0,0.0,1.0,15.0,15.1,2.66,0.0,0,0.1
mbti,Llama-3.1-8B-Instruct,ISFJ,static,bull_trap,42,,Llama-3.1-8B-Instruct|ISFJ|static|bull_trap|42|,1,1.0,HOLD,100.96,100.96,100.96,50.0,0.0,1.0,15.0,15.1,2.66,0.0,0,0.1
mbti,Llama-3.1-8B-Instruct,ENTJ,memory,bull_trap,456,,Llama-3.1-8B-Instruct|ENTJ|memory|bull_trap|456|,1,0.9,BUY,99.94,99.94,99.94,50.0,0.0,1.0,15.0,15.1,2.65,0.0,0,0.06
mbti,Llama-3.1-8B-Instruct,ENTJ,static,bull_trap,456,,Llama-3.1-8B-Instruct|ENTJ|static|bull_trap|456|,1,0.9,BUY,99.94,99.94,99.94,50.0,0.0,1.0,15.0,15.1,2.65,0.0,0,0.06
mbti,Llama-3.1-8B-Instruct,INTJ,memory,bull_trap,456,,Llama-3.1-8B-Instruct|INTJ|memory|bull_trap|456|,1,1.0,HOLD,99.94,99.94,99.94,50.0,0.0,1.0,15.0,15.1,2.65,0.0,0,0.06
mbti,Llama-3.1-8B-Instruct,INTJ,static,bull_trap,456,,Llama-3.1-8B-Instruct|INTJ|static|bull_trap|456|,1,1.0,HOLD,99.94,99.94,99.94,50.0,0.0,1.0,15.0,15.1,2.65,0.0,0,0.06
mbti,Llama-3.1-8B-Instruct,ISFJ,memory,bull_trap,456,,Llama-3.1-8B-Instruct|ISFJ|memory|bull_trap|456|,1,1.0,HOLD,99.94,99.94,99.94,50.0,0.0,1.0,15.0,15.1,2.65,0.0,0,0.06
mbti,Llama-3.1-8B-Instruct,ISFJ,static,bull_trap,456,,Llama-3.1-8B-Instruct|ISFJ|static|bull_trap|456|,1,1.0,HOLD,99.94,99.94,99.94,50.0,0.0,1.0,15.0,15.1,2.65,0.0,0,0.06
mbti,Llama-3.1-8B-Instruct,ENTJ,memory,bull_trap,789,,Llama-3.1-8B-Instruct|ENTJ|memory|bull_trap|789|,1,0.0,BUY,98.44,98.44,98.44,50.0,0.0,1.0,15.0,14.9,2.68,0.0,0,0.15
mbti,Llama-3.1-8B-Instruct,ENTJ,static,bull_trap,789,,Llama-3.1-8B-Instruct|ENTJ|static|bull_trap|789|,1,1.0,HOLD,98.44,98.44,98.44,50.0,0.0,1.0,15.0,14.9,2.68,0.0,0,0.15
mbti,Llama-3.1-8B-Instruct,INTJ,memory,bull_trap,789,,Llama-3.1-8B-Instruct|INTJ|memory|bull_trap|789|,1,1.0,HOLD,98.44,98.44,98.44,50.0,0.0,1.0,15.0,14.9,2.68,0.0,0,0.15
mbti,Llama-3.1-8B-Instruct,INTJ,static,bull_trap,789,,Llama-3.1-8B-Instruct|INTJ|static|bull_trap|789|,1,1.0,HOLD,98.44,98.44,98.44,50.0,0.0,1.0,15.0,14.9,2.68,0.0,0,0.15
mbti,Llama-3.1-8B-Instruct,ISFJ,memory,bull_trap,789,,Llama-3.1-8B-Instruct|ISFJ|memory|bull_trap|789|,1,1.0,HOLD,98.44,98.44,98.44,50.0,0.0,1.0,15.0,14.9,2.68,0.0,0,0.15
mbti,Llama-3.1-8B-Instruct,ISFJ,static,bull_trap,789,,Llama-3.1-8B-Instruct|ISFJ|static|bull_trap|789|,1,1.0,HOLD,98.44,98.44,98.44,50.0,0.0,1.0,15.0,14.9,2.68,0.0,0,0.15
mbti,Llama-3.1-8B-Instruct,ENTJ,memory,bull_trap,999,,Llama-3.1-8B-Instruct|ENTJ|memory|bull_trap|999|,1,0.9,BUY,97.06,97.06,97.06,50.0,0.0,1.0,15.0,14.5,2.75,0.0,0,-0.01
mbti,Llama-3.1-8B-Instruct,ENTJ,static,bull_trap,999,,Llama-3.1-8B-Instruct|ENTJ|static|bull_trap|999|,1,1.0,HOLD,97.06,97.06,97.06,50.0,0.0,1.0,15.0,14.5,2.75,0.0,0,-0.01
mbti,Llama-3.1-8B-Instruct,INTJ,memory,bull_trap,999,,Llama-3.1-8B-Instruct|INTJ|memory|bull_trap|999|,1,1.0,HOLD,97.06,97.06,97.06,50.0,0.0,1.0,15.0,14.5,2.75,0.0,0,-0.01
mbti,Llama-3.1-8B-Instruct,INTJ,static,bull_trap,999,,Llama-3.1-8B-Instruct|INTJ|static|bull_trap|999|,1,1.0,HOLD,97.06,97.06,97.06,50.0,0.0,1.0,15.0,14.5,2.75,0.0,0,-0.01
mbti,Llama-3.1-8B-Instruct,ISFJ,memory,bull_trap,999,,Llama-3.1-8B-Instruct|ISFJ|memory|bull_trap|999|,1,1.0,HOLD,97.06,97.06,97.06,50.0,0.0,1.0,15.0,14.5,2.75,0.0,0,-0.01
mbti,Llama-3.1-8B-Instruct,ISFJ,static,bull_trap,999,,Llama-3.1-8B-Instruct|ISFJ|static|bull_trap|999|,1,1.0,HOLD,97.06,97.06,97.06,50.0,0.0,1.0,15.0,14.5,2.75,0.0,0,-0.01
mbti,Llama-3.1-8B-Instruct,ENTJ,memory,crash,123,0.85,Llama-3.1-8B-Instruct|ENTJ|memory|crash|123|0.85,1,0.5,BUY,85.59,85.59,85.59,50.0,0.0,1.0,15.0,12.9,3.1,0.0,0,0.33
mbti,Llama-3.1-8B-Instruct,ENTJ,static,crash,123,0.85,Llama-3.1-8B-Instruct|ENTJ|static|crash|123|0.85,1,0.9,BUY,85.59,85.59,85.59,50.0,0.0,1.0,15.0,12.9,3.1,0.0,0,0.33
mbti,Llama-3.1-8B-Instruct,INTJ,memory,crash,123,0.85,Llama-3.1-8B-Instruct|INTJ|memory|crash|123|0.85,1,1.0,HOLD,85.59,85.59,85.59,50.0,0.0,1.0,15.0,12.9,3.1,0.0,0,0.33
mbti,Llama-3.1-8B-Instruct,INTJ,static,crash,123,0.85,Llama-3.1-8B-Instruct|INTJ|static|crash|123|0.85,1,1.0,HOLD,85.59,85.59,85.59,50.0,0.0,1.0,15.0,12.9,3.1,0.0,0,0.33
mbti,Llama-3.1-8B-Instruct,ISFJ,memory,crash,123,0.85,Llama-3.1-8B-Instruct|ISFJ|memory|crash|123|0.85,1,1.0,HOLD,85.59,85.59,85.59,50.0,0.0,1.0,15.0,12.9,3.1,0.0,0,0.33
mbti,Llama-3.1-8B-Instruct,ISFJ,static,crash,123,0.85,Llama-3.1-8B-Instruct|ISFJ|static|crash|123|0.85,1,1.0,HOLD,85.59,85.59,85.59,50.0,0.0,1.0,15.0,12.9,3.1,0.0,0,0.33
mbti,Llama-3.1-8B-Instruct,ENTJ,memory,crash,42,0.85,Llama-3.1-8B-Instruct|ENTJ|memory|crash|42|0.85,1,0.0,BUY,85.75,85.75,85.75,50.0,0.0,1.0,15.0,12.8,3.12,0.0,0,0.1
mbti,Llama-3.1-8B-Instruct,ENTJ,static,crash,42,0.85,Llama-3.1-8B-Instruct|ENTJ|static|crash|42|0.85,1,1.0,HOLD,85.75,85.75,85.75,50.0,0.0,1.0,15.0,12.8,3.12,0.0,0,0.1
mbti,Llama-3.1-8B-Instruct,INTJ,memory,crash,42,0.85,Llama-3.1-8B-Instruct|INTJ|memory|crash|42|0.85,1,1.0,HOLD,85.75,85.75,85.75,50.0,0.0,1.0,15.0,12.8,3.12,0.0,0,0.1
mbti,Llama-3.1-8B-Instruct,INTJ,static,crash,42,0.85,Llama-3.1-8B-Instruct|INTJ|static|crash|42|0.85,1,1.0,HOLD,85.75,85.75,85.75,50.0,0.0,1.0,15.0,12.8,3.12,0.0,0,0.1
mbti,Llama-3.1-8B-Instruct,ISFJ,memory,crash,42,0.85,Llama-3.1-8B-Instruct|ISFJ|memory|crash|42|0.85,1,1.0,HOLD,85.75,85.75,85.75,50.0,0.0,1.0,15.0,12.8,3.12,0.0,0,0.1
mbti,Llama-3.1-8B-Instruct,ISFJ,static,crash,42,0.85,Llama-3.1-8B-Instruct|ISFJ|static|crash|42|0.85,1,1.0,HOLD,85.75,85.75,85.75,50.0,0.0,1.0,15.0,12.8,3.12,0.0,0,0.1
mbti,Llama-3.1-8B-Instruct,ENTJ,memory,crash,456,0.85,Llama-3.1-8B-Instruct|ENTJ|memory|crash|456|0.85,1,0.5,BUY,85.48,85.48,85.48,50.0,0.0,1.0,15.0,12.9,3.11,0.0,0,0.06
mbti,Llama-3.1-8B-Instruct,ENTJ,static,crash,456,0.85,Llama-3.1-8B-Instruct|ENTJ|static|crash|456|0.85,1,1.0,HOLD,85.48,85.48,85.48,50.0,0.0,1.0,15.0,12.9,3.11,0.0,0,0.06
mbti,Llama-3.1-8B-Instruct,INTJ,memory,crash,456,0.85,Llama-3.1-8B-Instruct|INTJ|memory|crash|456|0.85,1,1.0,HOLD,85.48,85.48,85.48,50.0,0.0,1.0,15.0,12.9,3.11,0.0,0,0.06
mbti,Llama-3.1-8B-Instruct,INTJ,static,crash,456,0.85,Llama-3.1-8B-Instruct|INTJ|static|crash|456|0.85,1,1.0,HOLD,85.48,85.48,85.48,50.0,0.0,1.0,15.0,12.9,3.11,0.0,0,0.06
mbti,Llama-3.1-8B-Instruct,ISFJ,memory,crash,456,0.85,Llama-3.1-8B-Instruct|ISFJ|memory|crash|456|0.85,1,1.0,HOLD,85.48,85.48,85.48,50.0,0.0,1.0,15.0,12.9,3.11,0.0,0,0.06
mbti,Llama-3.1-8B-Instruct,ISFJ,static,crash,456,0.85,Llama-3.1-8B-Instruct|ISFJ|static|crash|456|0.85,1,1.0,HOLD,85.48,85.48,85.48,50.0,0.0,1.0,15.0,12.9,3.11,0.0,0,0.06
mbti,Llama-3.1-8B-Instruct,ENTJ,memory,crash,789,0.85,Llama-3.1-8B-Instruct|ENTJ|memory|crash|789|0.85,1,0.5,BUY,83.7,83.7,83.7,50.0,0.0,1.0,15.0,12.6,3.17,0.0,0,0.15
mbti,Llama-3.1-8B-Instruct,ENTJ,static,crash,789,0.85,Llama-3.1-8B-Instruct|ENTJ|static|crash|789|0.85,1,1.0,HOLD,83.7,83.7,83.7,50.0,0.0,1.0,15.0,12.6,3.17,0.0,0,0.15
mbti,Llama-3.1-8B-Instruct,INTJ,memory,crash,789,0.85,Llama-3.1-8B-Instruct|INTJ|memory|crash|789|0.85,1,1.0,HOLD,83.7,83.7,83.7,50.0,0.0,1.0,15.0,12.6,3.17,0.0,0,0.15
mbti,Llama-3.1-8B-Instruct,INTJ,static,crash,789,0.85,Llama-3.1-8B-Instruct|INTJ|static|crash|789|0.85,1,1.0,HOLD,83.7,83.7,83.7,50.0,0.0,1.0,15.0,12.6,3.17,0.0,0,0.15
mbti,Llama-3.1-8B-Instruct,ISFJ,memory,crash,789,0.85,Llama-3.1-8B-Instruct|ISFJ|memory|crash|789|0.85,1,1.0,HOLD,83.7,83.7,83.7,50.0,0.0,1.0,15.0,12.6,3.17,0.0,0,0.15
mbti,Llama-3.1-8B-Instruct,ISFJ,static,crash,789,0.85,Llama-3.1-8B-Instruct|ISFJ|static|crash|789|0.85,1,1.0,HOLD,83.7,83.7,83.7,50.0,0.0,1.0,15.0,12.6,3.17,0.0,0,0.15
mbti,Llama-3.1-8B-Instruct,ENTJ,memory,crash,999,0.85,Llama-3.1-8B-Instruct|ENTJ|memory|crash|999|0.85,1,0.9,BUY,80.3,80.3,80.3,50.0,0.0,1.0,15.0,12.0,3.32,0.0,0,-0.01
mbti,Llama-3.1-8B-Instruct,ENTJ,static,crash,999,0.85,Llama-3.1-8B-Instruct|ENTJ|static|crash|999|0.85,1,1.0,HOLD,80.3,80.3,80.3,50.0,0.0,1.0,15.0,12.0,3.32,0.0,0,-0.01
mbti,Llama-3.1-8B-Instruct,INTJ,memory,crash,999,0.85,Llama-3.1-8B-Instruct|INTJ|memory|crash|999|0.85,1,1.0,HOLD,80.3,80.3,80.3,50.0,0.0,1.0,15.0,12.0,3.32,0.0,0,-0.01
mbti,Llama-3.1-8B-Instruct,INTJ,static,crash,999,0.85,Llama-3.1-8B-Instruct|INTJ|static|crash|999|0.85,1,1.0,HOLD,80.3,80.3,80.3,50.0,0.0,1.0,15.0,12.0,3.32,0.0,0,-0.01
mbti,Llama-3.1-8B-Instruct,ISFJ,memory,crash,999,0.85,Llama-3.1-8B-Instruct|ISFJ|memory|crash|999|0.85,1,1.0,HOLD,80.3,80.3,80.3,50.0,0.0,1.0,15.0,12.0,3.32,0.0,0,-0.01
mbti,Llama-3.1-8B-Instruct,ISFJ,static,crash,999,0.85,Llama-3.1-8B-Instruct|ISFJ|static|crash|999|0.85,1,1.0,HOLD,80.3,80.3,80.3,50.0,0.0,1.0,15.0,12.0,3.32,0.0,0,-0.01
mbti,Llama-3.1-8B-Instruct,ENTJ,memory,crash,123,0.92,Llama-3.1-8B-Instruct|ENTJ|memory|crash|123|0.92,1,0.0,BUY,92.56,92.56,92.56,50.0,0.0,1.0,15.0,14.0,2.87,0.0,0,0.33
mbti,Llama-3.1-8B-Instruct,ENTJ,static,crash,123,0.92,Llama-3.1-8B-Instruct|ENTJ|static|crash|123|0.92,1,1.0,HOLD,92.56,92.56,92.56,50.0,0.0,1.0,15.0,14.0,2.87,0.0,0,0.33
mbti,Llama-3.1-8B-Instruct,INTJ,memory,crash,123,0.92,Llama-3.1-8B-Instruct|INTJ|memory|crash|123|0.92,1,1.0,HOLD,92.56,92.56,92.56,50.0,0.0,1.0,15.0,14.0,2.87,0.0,0,0.33
mbti,Llama-3.1-8B-Instruct,INTJ,static,crash,123,0.92,Llama-3.1-8B-Instruct|INTJ|static|crash|123|0.92,1,1.0,HOLD,92.56,92.56,92.56,50.0,0.0,1.0,15.0,14.0,2.87,0.0,0,0.33
mbti,Llama-3.1-8B-Instruct,ISFJ,memory,crash,123,0.92,Llama-3.1-8B-Instruct|ISFJ|memory|crash|123|0.92,1,1.0,HOLD,92.56,92.56,92.56,50.0,0.0,1.0,15.0,14.0,2.87,0.0,0,0.33
mbti,Llama-3.1-8B-Instruct,ISFJ,static,crash,123,0.92,Llama-3.1-8B-Instruct|ISFJ|static|crash|123|0.92,1,1.0,HOLD,92.56,92.56,92.56,50.0,0.0,1.0,15.0,14.0,2.87,0.0,0,0.33
mbti,Llama-3.1-8B-Instruct,ENTJ,memory,crash,42,0.92,Llama-3.1-8B-Instruct|ENTJ|memory|crash|42|0.92,1,0.0,BUY,92.77,92.77,92.77,50.0,0.0,1.0,15.0,13.9,2.88,0.0,0,0.1
mbti,Llama-3.1-8B-Instruct,ENTJ,static,crash,42,0.92,Llama-3.1-8B-Instruct|ENTJ|static|crash|42|0.92,1,0.9,BUY,92.77,92.77,92.77,50.0,0.0,1.0,15.0,13.9,2.88,0.0,0,0.1
mbti,Llama-3.1-8B-Instruct,INTJ,memory,crash,42,0.92,Llama-3.1-8B-Instruct|INTJ|memory|crash|42|0.92,1,1.0,HOLD,92.77,92.77,92.77,50.0,0.0,1.0,15.0,13.9,2.88,0.0,0,0.1
mbti,Llama-3.1-8B-Instruct,INTJ,static,crash,42,0.92,Llama-3.1-8B-Instruct|INTJ|static|crash|42|0.92,1,1.0,HOLD,92.77,92.77,92.77,50.0,0.0,1.0,15.0,13.9,2.88,0.0,0,0.1
mbti,Llama-3.1-8B-Instruct,ISFJ,memory,crash,42,0.92,Llama-3.1-8B-Instruct|ISFJ|memory|crash|42|0.92,1,1.0,HOLD,92.77,92.77,92.77,50.0,0.0,1.0,15.0,13.9,2.88,0.0,0,0.1
mbti,Llama-3.1-8B-Instruct,ISFJ,static,crash,42,0.92,Llama-3.1-8B-Instruct|ISFJ|static|crash|42|0.92,1,1.0,HOLD,92.77,92.77,92.77,50.0,0.0,1.0,15.0,13.9,2.88,0.0,0,0.1
mbti,Llama-3.1-8B-Instruct,ENTJ,memory,crash,456,0.92,Llama-3.1-8B-Instruct|ENTJ|memory|crash|456|0.92,1,0.9,BUY,92.46,92.46,92.46,50.0,0.0,1.0,15.0,13.9,2.87,0.0,0,0.06
mbti,Llama-3.1-8B-Instruct,ENTJ,static,crash,456,0.92,Llama-3.1-8B-Instruct|ENTJ|static|crash|456|0.92,1,1.0,HOLD,92.46,92.46,92.46,50.0,0.0,1.0,15.0,13.9,2.87,0.0,0,0.06
mbti,Llama-3.1-8B-Instruct,INTJ,memory,crash,456,0.92,Llama-3.1-8B-Instruct|INTJ|memory|crash|456|0.92,1,1.0,HOLD,92.46,92.46,92.46,50.0,0.0,1.0,15.0,13.9,2.87,0.0,0,0.06
mbti,Llama-3.1-8B-Instruct,INTJ,static,crash,456,0.92,Llama-3.1-8B-Instruct|INTJ|static|crash|456|0.92,1,1.0,HOLD,92.46,92.46,92.46,50.0,0.0,1.0,15.0,13.9,2.87,0.0,0,0.06
mbti,Llama-3.1-8B-Instruct,ISFJ,memory,crash,456,0.92,Llama-3.1-8B-Instruct|ISFJ|memory|crash|456|0.92,1,1.0,HOLD,92.46,92.46,92.46,50.0,0.0,1.0,15.0,13.9,2.87,0.0,0,0.06
mbti,Llama-3.1-8B-Instruct,ISFJ,static,crash,456,0.92,Llama-3.1-8B-Instruct|ISFJ|static|crash|456|0.92,1,1.0,HOLD,92.46,92.46,92.46,50.0,0.0,1.0,15.0,13.9,2.87,0.0,0,0.06
mbti,Llama-3.1-8B-Instruct,ENTJ,memory,crash,789,0.92,Llama-3.1-8B-Instruct|ENTJ|memory|crash|789|0.92,1,0.9,BUY,90.66,90.66,90.66,50.0,0.0,1.0,15.0,13.7,2.93,0.0,0,0.15
mbti,Llama-3.1-8B-Instruct,ENTJ,static,crash,789,0.92,Llama-3.1-8B-Instruct|ENTJ|static|crash|789|0.92,1,1.0,HOLD,90.66,90.66,90.66,50.0,0.0,1.0,15.0,13.7,2.93,0.0,0,0.15
mbti,Llama-3.1-8B-Instruct,INTJ,memory,crash,789,0.92,Llama-3.1-8B-Instruct|INTJ|memory|crash|789|0.92,1,1.0,HOLD,90.66,90.66,90.66,50.0,0.0,1.0,15.0,13.7,2.93,0.0,0,0.15
mbti,Llama-3.1-8B-Instruct,INTJ,static,crash,789,0.92,Llama-3.1-8B-Instruct|INTJ|static|crash|789|0.92,1,1.0,HOLD,90.66,90.66,90.66,50.0,0.0,1.0,15.0,13.7,2.93,0.0,0,0.15
mbti,Llama-3.1-8B-Instruct,ISFJ,memory,crash,789,0.92,Llama-3.1-8B-Instruct|ISFJ|memory|crash|789|0.92,1,1.0,HOLD,90.66,90.66,90.66,50.0,0.0,1.0,15.0,13.7,2.93,0.0,0,0.15
mbti,Llama-3.1-8B-Instruct,ISFJ,static,crash,789,0.92,Llama-3.1-8B-Instruct|ISFJ|static|crash|789|0.92,1,1.0,HOLD,90.66,90.66,90.66,50.0,0.0,1.0,15.0,13.7,2.93,0.0,0,0.15
mbti,Llama-3.1-8B-Instruct,ENTJ,memory,crash,999,0.92,Llama-3.1-8B-Instruct|ENTJ|memory|crash|999|0.92,1,0.5,BUY,87.3,87.3,87.3,50.0,0.0,1.0,15.0,13.1,3.06,0.0,0,-0.01
mbti,Llama-3.1-8B-Instruct,ENTJ,static,crash,999,0.92,Llama-3.1-8B-Instruct|ENTJ|static|crash|999|0.92,1,1.0,HOLD,87.3,87.3,87.3,50.0,0.0,1.0,15.0,13.1,3.06,0.0,0,-0.01
mbti,Llama-3.1-8B-Instruct,INTJ,memory,crash,999,0.92,Llama-3.1-8B-Instruct|INTJ|memory|crash|999|0.92,1,1.0,HOLD,87.3,87.3,87.3,50.0,0.0,1.0,15.0,13.1,3.06,0.0,0,-0.01
mbti,Llama-3.1-8B-Instruct,INTJ,static,crash,999,0.92,Llama-3.1-8B-Instruct|INTJ|static|crash|999|0.92,1,1.0,HOLD,87.3,87.3,87.3,50.0,0.0,1.0,15.0,13.1,3.06,0.0,0,-0.01
mbti,Llama-3.1-8B-Instruct,ISFJ,memory,crash,999,0.92,Llama-3.1-8B-Instruct|ISFJ|memory|crash|999|0.92,1,1.0,HOLD,87.3,87.3,87.3,50.0,0.0,1.0,15.0,13.1,3.06,0.0,0,-0.01
mbti,Llama-3.1-8B-Instruct,ISFJ,static,crash,999,0.92,Llama-3.1-8B-Instruct|ISFJ|static|crash|999|0.92,1,1.0,HOLD,87.3,87.3,87.3,50.0,0.0,1.0,15.0,13.1,3.06,0.0,0,-0.01
mbti,Llama-3.1-8B-Instruct,ENTJ,memory,crash,123,0.95,Llama-3.1-8B-Instruct|ENTJ|memory|crash|123|0.95,1,0.9,BUY,95.54,95.54,95.54,50.0,0.0,1.0,15.0,14.4,2.78,0.0,0,0.33
mbti,Llama-3.1-8B-Instruct,ENTJ,static,crash,123,0.95,Llama-3.1-8B-Instruct|ENTJ|static|crash|123|0.95,1,1.0,HOLD,95.54,95.54,95.54,50.0,0.0,1.0,15.0,14.4,2.78,0.0,0,0.33
mbti,Llama-3.1-8B-Instruct,INTJ,memory,crash,123,0.95,Llama-3.1-8B-Instruct|INTJ|memory|crash|123|0.95,1,1.0,HOLD,95.54,95.54,95.54,50.0,0.0,1.0,15.0,14.4,2.78,0.0,0,0.33
mbti,Llama-3.1-8B-Instruct,INTJ,static,crash,123,0.95,Llama-3.1-8B-Instruct|INTJ|static|crash|123|0.95,1,1.0,HOLD,95.54,95.54,95.54,50.0,0.0,1.0,15.0,14.4,2.78,0.0,0,0.33
mbti,Llama-3.1-8B-Instruct,ISFJ,memory,crash,123,0.95,Llama-3.1-8B-Instruct|ISFJ|memory|crash|123|0.95,1,1.0,HOLD,95.54,95.54,95.54,50.0,0.0,1.0,15.0,14.4,2.78,0.0,0,0.33
mbti,Llama-3.1-8B-Instruct,ISFJ,static,crash,123,0.95,Llama-3.1-8B-Instruct|ISFJ|static|crash|123|0.95,1,1.0,HOLD,95.54,95.54,95.54,50.0,0.0,1.0,15.0,14.4,2.78,0.0,0,0.33
mbti,Llama-3.1-8B-Instruct,ENTJ,memory,crash,42,0.95,Llama-3.1-8B-Instruct|ENTJ|memory|crash|42|0.95,1,0.9,BUY,95.77,95.77,95.77,50.0,0.0,1.0,15.0,14.3,2.79,0.0,0,0.1
mbti,Llama-3.1-8B-Instruct,ENTJ,static,crash,42,0.95,Llama-3.1-8B-Instruct|ENTJ|static|crash|42|0.95,1,0.5,BUY,95.77,95.77,95.77,50.0,0.0,1.0,15.0,14.3,2.79,0.0,0,0.1
mbti,Llama-3.1-8B-Instruct,INTJ,memory,crash,42,0.95,Llama-3.1-8B-Instruct|INTJ|memory|crash|42|0.95,1,1.0,HOLD,95.77,95.77,95.77,50.0,0.0,1.0,15.0,14.3,2.79,0.0,0,0.1
mbti,Llama-3.1-8B-Instruct,INTJ,static,crash,42,0.95,Llama-3.1-8B-Instruct|INTJ|static|crash|42|0.95,1,1.0,HOLD,95.77,95.77,95.77,50.0,0.0,1.0,15.0,14.3,2.79,0.0,0,0.1
mbti,Llama-3.1-8B-Instruct,ISFJ,memory,crash,42,0.95,Llama-3.1-8B-Instruct|ISFJ|memory|crash|42|0.95,1,1.0,HOLD,95.77,95.77,95.77,50.0,0.0,1.0,15.0,14.3,2.79,0.0,0,0.1
mbti,Llama-3.1-8B-Instruct,ISFJ,static,crash,42,0.95,Llama-3.1-8B-Instruct|ISFJ|static|crash|42|0.95,1,1.0,HOLD,95.77,95.77,95.77,50.0,0.0,1.0,15.0,14.3,2.79,0.0,0,0.1
mbti,Llama-3.1-8B-Instruct,ENTJ,memory,crash,456,0.95,Llama-3.1-8B-Instruct|ENTJ|memory|crash|456|0.95,1,0.9,BUY,95.45,95.45,95.45,50.0,0.0,1.0,15.0,14.4,2.78,0.0,0,0.06
mbti,Llama-3.1-8B-Instruct,ENTJ,static,crash,456,0.95,Llama-3.1-8B-Instruct|ENTJ|static|crash|456|0.95,1,1.0,HOLD,95.45,95.45,95.45,50.0,0.0,1.0,15.0,14.4,2.78,0.0,0,0.06
mbti,Llama-3.1-8B-Instruct,INTJ,memory,crash,456,0.95,Llama-3.1-8B-Instruct|INTJ|memory|crash|456|0.95,1,1.0,HOLD,95.45,95.45,95.45,50.0,0.0,1.0,15.0,14.4,2.78,0.0,0,0.06
mbti,Llama-3.1-8B-Instruct,INTJ,static,crash,456,0.95,Llama-3.1-8B-Instruct|INTJ|static|crash|456|0.95,1,1.0,HOLD,95.45,95.45,95.45,50.0,0.0,1.0,15.0,14.4,2.78,0.0,0,0.06
mbti,Llama-3.1-8B-Instruct,ISFJ,memory,crash,456,0.95,Llama-3.1-8B-Instruct|ISFJ|memory|crash|456|0.95,1,1.0,HOLD,95.45,95.45,95.45,50.0,0.0,1.0,15.0,14.4,2.78,0.0,0,0.06
mbti,Llama-3.1-8B-Instruct,ISFJ,static,crash,456,0.95,Llama-3.1-8B-Instruct|ISFJ|static|crash|456|0.95,1,1.0,HOLD,95.45,95.45,95.45,50.0,0.0,1.0,15.0,14.4,2.78,0.0,0,0.06
mbti,Llama-3.1-8B-Instruct,ENTJ,memory,crash,789,0.95,Llama-3.1-8B-Instruct|ENTJ|memory|crash|789|0.95,1,0.9,BUY,93.64,93.64,93.64,50.0,0.0,1.0,15.0,14.1,2.83,0.0,0,0.15
mbti,Llama-3.1-8B-Instruct,ENTJ,static,crash,789,0.95,Llama-3.1-8B-Instruct|ENTJ|static|crash|789|0.95,1,1.0,HOLD,93.64,93.64,93.64,50.0,0.0,1.0,15.0,14.1,2.83,0.0,0,0.15
mbti,Llama-3.1-8B-Instruct,INTJ,memory,crash,789,0.95,Llama-3.1-8B-Instruct|INTJ|memory|crash|789|0.95,1,1.0,HOLD,93.64,93.64,93.64,50.0,0.0,1.0,15.0,14.1,2.83,0.0,0,0.15
mbti,Llama-3.1-8B-Instruct,INTJ,static,crash,789,0.95,Llama-3.1-8B-Instruct|INTJ|static|crash|789|0.95,1,1.0,HOLD,93.64,93.64,93.64,50.0,0.0,1.0,15.0,14.1,2.83,0.0,0,0.15
mbti,Llama-3.1-8B-Instruct,ISFJ,memory,crash,789,0.95,Llama-3.1-8B-Instruct|ISFJ|memory|crash|789|0.95,1,1.0,HOLD,93.64,93.64,93.64,50.0,0.0,1.0,15.0,14.1,2.83,0.0,0,0.15
mbti,Llama-3.1-8B-Instruct,ISFJ,static,crash,789,0.95,Llama-3.1-8B-Instruct|ISFJ|static|crash|789|0.95,1,1.0,HOLD,93.64,93.64,93.64,50.0,0.0,1.0,15.0,14.1,2.83,0.0,0,0.15
mbti,Llama-3.1-8B-Instruct,ENTJ,memory,crash,999,0.95,Llama-3.1-8B-Instruct|ENTJ|memory|crash|999|0.95,1,0.9,BUY,90.3,90.3,90.3,50.0,0.0,1.0,15.0,13.5,2.95,0.0,0,-0.01
mbti,Llama-3.1-8B-Instruct,ENTJ,static,crash,999,0.95,Llama-3.1-8B-Instruct|ENTJ|static|crash|999|0.95,1,0.9,BUY,90.3,90.3,90.3,50.0,0.0,1.0,15.0,13.5,2.95,0.0,0,-0.01
mbti,Llama-3.1-8B-Instruct,INTJ,memory,crash,999,0.95,Llama-3.1-8B-Instruct|INTJ|memory|crash|999|0.95,1,1.0,HOLD,90.3,90.3,90.3,50.0,0.0,1.0,15.0,13.5,2.95,0.0,0,-0.01
mbti,Llama-3.1-8B-Instruct,INTJ,static,crash,999,0.95,Llama-3.1-8B-Instruct|INTJ|static|crash|999|0.95,1,1.0,HOLD,90.3,90.3,90.3,50.0,0.0,1.0,15.0,13.5,2.95,0.0,0,-0.01
mbti,Llama-3.1-8B-Instruct,ISFJ,memory,crash,999,0.95,Llama-3.1-8B-Instruct|ISFJ|memory|crash|999|0.95,1,1.0,HOLD,90.3,90.3,90.3,50.0,0.0,1.0,15.0,13.5,2.95,0.0,0,-0.01
mbti,Llama-3.1-8B-Instruct,ISFJ,static,crash,999,0.95,Llama-3.1-8B-Instruct|ISFJ|static|crash|999|0.95,1,1.0,HOLD,90.3,90.3,90.3,50.0,0.0,1.0,15.0,13.5,2.95,0.0,0,-0.01
mbti,Llama-3.1-8B-Instruct,ENTJ,memory,flat,123,,Llama-3.1-8B-Instruct|ENTJ|memory|flat|123|,1,0.0,BUY,99.92,99.92,99.92,50.0,0.0,1.0,15.0,15.0,2.67,0.0,0,-0.04
mbti,Llama-3.1-8B-Instruct,ENTJ,static,flat,123,,Llama-3.1-8B-Instruct|ENTJ|static|flat|123|,1,0.9,BUY,99.92,99.92,99.92,50.0,0.0,1.0,15.0,15.0,2.67,0.0,0,-0.04
mbti,Llama-3.1-8B-Instruct,INTJ,memory,flat,123,,Llama-3.1-8B-Instruct|INTJ|memory|flat|123|,1,1.0,HOLD,99.92,99.92,99.92,50.0,0.0,1.0,15.0,15.0,2.67,0.0,0,-0.04
mbti,Llama-3.1-8B-Instruct,INTJ,static,flat,123,,Llama-3.1-8B-Instruct|INTJ|static|flat|123|,1,1.0,HOLD,99.92,99.92,99.92,50.0,0.0,1.0,15.0,15.0,2.67,0.0,0,-0.04
mbti,Llama-3.1-8B-Instruct,ISFJ,memory,flat,123,,Llama-3.1-8B-Instruct|ISFJ|memory|flat|123|,1,1.0,HOLD,99.92,99.92,99.92,50.0,0.0,1.0,15.0,15.0,2.67,0.0,0,-0.04
mbti,Llama-3.1-8B-Instruct,ISFJ,static,flat,123,,Llama-3.1-8B-Instruct|ISFJ|static|flat|123|,1,1.0,HOLD,99.92,99.92,99.92,50.0,0.0,1.0,15.0,15.0,2.67,0.0,0,-0.04
mbti,Llama-3.1-8B-Instruct,ENTJ,memory,flat,42,,Llama-3.1-8B-Instruct|ENTJ|memory|flat|42|,1,0.9,BUY,99.94,99.94,99.94,50.0,0.0,1.0,15.0,15.0,2.67,0.0,0,-0.17
mbti,Llama-3.1-8B-Instruct,ENTJ,static,flat,42,,Llama-3.1-8B-Instruct|ENTJ|static|flat|42|,1,1.0,HOLD,99.94,99.94,99.94,50.0,0.0,1.0,15.0,15.0,2.67,0.0,0,-0.17
mbti,Llama-3.1-8B-Instruct,INTJ,memory,flat,42,,Llama-3.1-8B-Instruct|INTJ|memory|flat|42|,1,1.0,HOLD,99.94,99.94,99.94,50.0,0.0,1.0,15.0,15.0,2.67,0.0,0,-0.17
mbti,Llama-3.1-8B-Instruct,INTJ,static,flat,42,,Llama-3.1-8B-Instruct|INTJ|static|flat|42|,1,1.0,HOLD,99.94,99.94,99.94,50.0,0.0,1.0,15.0,15.0,2.67,0.0,0,-0.17
mbti,Llama-3.1-8B-Instruct,ISFJ,memory,flat,42,,Llama-3.1-8B-Instruct|ISFJ|memory|flat|42|,1,1.0,HOLD,99.94,99.94,99.94,50.0,0.0,1.0,15.0,15.0,2.67,0.0,0,-0.17
mbti,Llama-3.1-8B-Instruct,ISFJ,static,flat,42,,Llama-3.1-8B-Instruct|ISFJ|static|flat|42|,1,1.0,HOLD,99.94,99.94,99.94,50.0,0.0,1.0,15.0,15.0,2.67,0.0,0,-0.17
mbti,Llama-3.1-8B-Instruct,ENTJ,memory,flat,456,,Llama-3.1-8B-Instruct|ENTJ|memory|flat|456|,1,0.9,BUY,100.25,100.25,100.25,50.0,0.0,1.0,15.0,15.0,2.66,0.0,0,-0.39
mbti,Llama-3.1-8B-Instruct,ENTJ,static,flat,456,,Llama-3.1-8B-Instruct|ENTJ|static|flat|456|,1,1.0,HOLD,100.25,100.25,100.25,50.0,0.0,1.0,15.0,15.0,2.66,0.0,0,-0.39
mbti,Llama-3.1-8B-Instruct,INTJ,memory,flat,456,,Llama-3.1-8B-Instruct|INTJ|memory|flat|456|,1,1.0,HOLD,100.25,100.25,100.25,50.0,0.0,1.0,15.0,15.0,2.66,0.0,0,-0.39
mbti,Llama-3.1-8B-Instruct,INTJ,static,flat,456,,Llama-3.1-8B-Instruct|INTJ|static|flat|456|,1,1.0,HOLD,100.25,100.25,100.25,50.0,0.0,1.0,15.0,15.0,2.66,0.0,0,-0.39
mbti,Llama-3.1-8B-Instruct,ISFJ,memory,flat,456,,Llama-3.1-8B-Instruct|ISFJ|memory|flat|456|,1,1.0,HOLD,100.25,100.25,100.25,50.0,0.0,1.0,15.0,15.0,2.66,0.0,0,-0.39
mbti,Llama-3.1-8B-Instruct,ISFJ,static,flat,456,,Llama-3.1-8B-Instruct|ISFJ|static|flat|456|,1,1.0,HOLD,100.25,100.25,100.25,50.0,0.0,1.0,15.0,15.0,2.66,0.0,0,-0.39
mbti,Llama-3.1-8B-Instruct,ENTJ,memory,flat,789,,Llama-3.1-8B-Instruct|ENTJ|memory|flat|789|,1,0.5,BUY,100.19,100.19,100.19,50.0,0.0,1.0,15.0,15.0,2.66,0.0,0,0.26
mbti,Llama-3.1-8B-Instruct,ENTJ,static,flat,789,,Llama-3.1-8B-Instruct|ENTJ|static|flat|789|,1,1.0,HOLD,100.19,100.19,100.19,50.0,0.0,1.0,15.0,15.0,2.66,0.0,0,0.26
mbti,Llama-3.1-8B-Instruct,INTJ,memory,flat,789,,Llama-3.1-8B-Instruct|INTJ|memory|flat|789|,1,1.0,HOLD,100.19,100.19,100.19,50.0,0.0,1.0,15.0,15.0,2.66,0.0,0,0.26
mbti,Llama-3.1-8B-Instruct,INTJ,static,flat,789,,Llama-3.1-8B-Instruct|INTJ|static|flat|789|,1,1.0,HOLD,100.19,100.19,100.19,50.0,0.0,1.0,15.0,15.0,2.66,0.0,0,0.26
mbti,Llama-3.1-8B-Instruct,ISFJ,memory,flat,789,,Llama-3.1-8B-Instruct|ISFJ|memory|flat|789|,1,1.0,HOLD,100.19,100.19,100.19,50.0,0.0,1.0,15.0,15.0,2.66,0.0,0,0.26
mbti,Llama-3.1-8B-Instruct,ISFJ,static,flat,789,,Llama-3.1-8B-Instruct|ISFJ|static|flat|789|,1,1.0,HOLD,100.19,100.19,100.19,50.0,0.0,1.0,15.0,15.0,2.66,0.0,0,0.26
mbti,Llama-3.1-8B-Instruct,ENTJ,memory,flat,999,,Llama-3.1-8B-Instruct|ENTJ|memory|flat|999|,1,0.0,BUY,100.38,100.38,100.38,50.0,0.0,1.0,15.0,15.1,2.66,0.0,0,0.08
mbti,Llama-3.1-8B-Instruct,ENTJ,static,flat,999,,Llama-3.1-8B-Instruct|ENTJ|static|flat|999|,1,1.0,HOLD,100.38,100.38,100.38,50.0,0.0,1.0,15.0,15.1,2.66,0.0,0,0.08
mbti,Llama-3.1-8B-Instruct,INTJ,memory,flat,999,,Llama-3.1-8B-Instruct|INTJ|memory|flat|999|,1,1.0,HOLD,100.38,100.38,100.38,50.0,0.0,1.0,15.0,15.1,2.66,0.0,0,0.08
mbti,Llama-3.1-8B-Instruct,INTJ,static,flat,999,,Llama-3.1-8B-Instruct|INTJ|static|flat|999|,1,1.0,HOLD,100.38,100.38,100.38,50.0,0.0,1.0,15.0,15.1,2.66,0.0,0,0.08
mbti,Llama-3.1-8B-Instruct,ISFJ,memory,flat,999,,Llama-3.1-8B-Instruct|ISFJ|memory|flat|999|,1,1.0,HOLD,100.38,100.38,100.38,50.0,0.0,1.0,15.0,15.1,2.66,0.0,0,0.08
mbti,Llama-3.1-8B-Instruct,ISFJ,static,flat,999,,Llama-3.1-8B-Instruct|ISFJ|static|flat|999|,1,1.0,HOLD,100.38,100.38,100.38,50.0,0.0,1.0,15.0,15.1,2.66,0.0,0,0.08
mbti,Qwen2.5-7B-Instruct,ENTJ,memory,bull_trap,123,,Qwen2.5-7B-Instruct|ENTJ|memory|bull_trap|123|,1,0.0,BUY,99.72,99.72,99.72,50.0,0.0,1.0,15.0,15.1,2.65,0.0,0,0.33
mbti,Qwen2.5-7B-Instruct,ENTJ,static,bull_trap,123,,Qwen2.5-7B-Instruct|ENTJ|static|bull_trap|123|,1,0.0,BUY,99.72,99.72,99.72,50.0,0.0,1.0,15.0,15.1,2.65,0.0,0,0.33
mbti,Qwen2.5-7B-Instruct,INTJ,memory,bull_trap,123,,Qwen2.5-7B-Instruct|INTJ|memory|bull_trap|123|,1,0.5,BUY,99.72,99.72,99.72,50.0,0.0,1.0,15.0,15.1,2.65,0.0,0,0.33
mbti,Qwen2.5-7B-Instruct,INTJ,static,bull_trap,123,,Qwen2.5-7B-Instruct|INTJ|static|bull_trap|123|,1,0.0,BUY,99.72,99.72,99.72,50.0,0.0,1.0,15.0,15.1,2.65,0.0,0,0.33
mbti,Qwen2.5-7B-Instruct,ISFJ,memory,bull_trap,123,,Qwen2.5-7B-Instruct|ISFJ|memory|bull_trap|123|,1,0.5,BUY,99.72,99.72,99.72,50.0,0.0,1.0,15.0,15.1,2.65,0.0,0,0.33
mbti,Qwen2.5-7B-Instruct,ISFJ,static,bull_trap,123,,Qwen2.5-7B-Instruct|ISFJ|static|bull_trap|123|,1,0.0,BUY,99.72,99.72,99.72,50.0,0.0,1.0,15.0,15.1,2.65,0.0,0,0.33
mbti,Qwen2.5-7B-Instruct,ENTJ,memory,bull_trap,42,,Qwen2.5-7B-Instruct|ENTJ|memory|bull_trap|42|,1,0.0,BUY,100.96,100.96,100.96,50.0,0.0,1.0,15.0,15.1,2.66,0.0,0,0.1
mbti,Qwen2.5-7B-Instruct,ENTJ,static,bull_trap,42,,Qwen2.5-7B-Instruct|ENTJ|static|bull_trap|42|,1,0.0,BUY,100.96,100.96,100.96,50.0,0.0,1.0,15.0,15.1,2.66,0.0,0,0.1
mbti,Qwen2.5-7B-Instruct,INTJ,memory,bull_trap,42,,Qwen2.5-7B-Instruct|INTJ|memory|bull_trap|42|,1,1.0,HOLD,100.96,100.96,100.96,50.0,0.0,1.0,15.0,15.1,2.66,0.0,0,0.1
mbti,Qwen2.5-7B-Instruct,INTJ,static,bull_trap,42,,Qwen2.5-7B-Instruct|INTJ|static|bull_trap|42|,1,1.0,HOLD,100.96,100.96,100.96,50.0,0.0,1.0,15.0,15.1,2.66,0.0,0,0.1
mbti,Qwen2.5-7B-Instruct,ISFJ,memory,bull_trap,42,,Qwen2.5-7B-Instruct|ISFJ|memory|bull_trap|42|,1,0.5,BUY,100.96,100.96,100.96,50.0,0.0,1.0,15.0,15.1,2.66,0.0,0,0.1
mbti,Qwen2.5-7B-Instruct,ISFJ,static,bull_trap,42,,Qwen2.5-7B-Instruct|ISFJ|static|bull_trap|42|,1,0.5,BUY,100.96,100.96,100.96,50.0,0.0,1.0,15.0,15.1,2.66,0.0,0,0.1
mbti,Qwen2.5-7B-Instruct,ENTJ,memory,bull_trap,456,,Qwen2.5-7B-Instruct|ENTJ|memory|bull_trap|456|,1,0.0,BUY,99.94,99.94,99.94,50.0,0.0,1.0,15.0,15.1,2.65,0.0,0,0.06
mbti,Qwen2.5-7B-Instruct,ENTJ,static,bull_trap,456,,Qwen2.5-7B-Instruct|ENTJ|static|bull_trap|456|,1,0.0,BUY,99.94,99.94,99.94,50.0,0.0,1.0,15.0,15.1,2.65,0.0,0,0.06
mbti,Qwen2.5-7B-Instruct,INTJ,memory,bull_trap,456,,Qwen2.5-7B-Instruct|INTJ|memory|bull_trap|456|,1,0.5,BUY,99.94,99.94,99.94,50.0,0.0,1.0,15.0,15.1,2.65,0.0,0,0.06
mbti,Qwen2.5-7B-Instruct,INTJ,static,bull_trap,456,,Qwen2.5-7B-Instruct|INTJ|static|bull_trap|456|,1,0.0,BUY,99.94,99.94,99.94,50.0,0.0,1.0,15.0,15.1,2.65,0.0,0,0.06
mbti,Qwen2.5-7B-Instruct,ISFJ,memory,bull_trap,456,,Qwen2.5-7B-Instruct|ISFJ|memory|bull_trap|456|,1,0.5,BUY,99.94,99.94,99.94,50.0,0.0,1.0,15.0,15.1,2.65,0.0,0,0.06
mbti,Qwen2.5-7B-Instruct,ISFJ,static,bull_trap,456,,Qwen2.5-7B-Instruct|ISFJ|static|bull_trap|456|,1,0.0,BUY,99.94,99.94,99.94,50.0,0.0,1.0,15.0,15.1,2.65,0.0,0,0.06
mbti,Qwen2.5-7B-Instruct,ENTJ,memory,bull_trap,789,,Qwen2.5-7B-Instruct|ENTJ|memory|bull_trap|789|,1,0.0,BUY,98.44,98.44,98.44,50.0,0.0,1.0,15.0,14.9,2.68,0.0,0,0.15
mbti,Qwen2.5-7B-Instruct,ENTJ,static,bull_trap,789,,Qwen2.5-7B-Instruct|ENTJ|static|bull_trap|789|,1,0.0,BUY,98.44,98.44,98.44,50.0,0.0,1.0,15.0,14.9,2.68,0.0,0,0.15
mbti,Qwen2.5-7B-Instruct,INTJ,memory,bull_trap,789,,Qwen2.5-7B-Instruct|INTJ|memory|bull_trap|789|,1,0.5,BUY,98.44,98.44,98.44,50.0,0.0,1.0,15.0,14.9,2.68,0.0,0,0.15
mbti,Qwen2.5-7B-Instruct,INTJ,static,bull_trap,789,,Qwen2.5-7B-Instruct|INTJ|static|bull_trap|789|,1,0.5,BUY,98.44,98.44,98.44,50.0,0.0,1.0,15.0,14.9,2.68,0.0,0,0.15
mbti,Qwen2.5-7B-Instruct,ISFJ,memory,bull_trap,789,,Qwen2.5-7B-Instruct|ISFJ|memory|bull_trap|789|,1,0.5,BUY,98.44,98.44,98.44,50.0,0.0,1.0,15.0,14.9,2.68,0.0,0,0.15
mbti,Qwen2.5-7B-Instruct,ISFJ,static,bull_trap,789,,Qwen2.5-7B-Instruct|ISFJ|static|bull_trap|789|,1,0.5,BUY,98.44,98.44,98.44,50.0,0.0,1.0,15.0,14.9,2.68,0.0,0,0.15
mbti,Qwen2.5-7B-Instruct,ENTJ,memory,bull_trap,999,,Qwen2.5-7B-Instruct|ENTJ|memory|bull_trap|999|,1,0.0,BUY,97.06,97.06,97.06,50.0,0.0,1.0,15.0,14.5,2.75,0.0,0,-0.01
mbti,Qwen2.5-7B-Instruct,ENTJ,static,bull_trap,999,,Qwen2.5-7B-Instruct|ENTJ|static|bull_trap|999|,1,0.0,BUY,97.06,97.06,97.06,50.0,0.0,1.0,15.0,14.5,2.75,0.0,0,-0.01
mbti,Qwen2.5-7B-Instruct,INTJ,memory,bull_trap,999,,Qwen2.5-7B-Instruct|INTJ|memory|bull_trap|999|,1,0.5,BUY,97.06,97.06,97.06,50.0,0.0,1.0,15.0,14.5,2.75,0.0,0,-0.01
mbti,Qwen2.5-7B-Instruct,INTJ,static,bull_trap,999,,Qwen2.5-7B-Instruct|INTJ|static|bull_trap|999|,1,0.5,BUY,97.06,97.06,97.06,50.0,0.0,1.0,15.0,14.5,2.75,0.0,0,-0.01
mbti,Qwen2.5-7B-Instruct,ISFJ,memory,bull_trap,999,,Qwen2.5-7B-Instruct|ISFJ|memory|bull_trap|999|,1,0.5,BUY,97.06,97.06,97.06,50.0,0.0,1.0,15.0,14.5,2.75,0.0,0,-0.01
mbti,Qwen2.5-7B-Instruct,ISFJ,static,bull_trap,999,,Qwen2.5-7B-Instruct|ISFJ|static|bull_trap|999|,1,0.5,BUY,97.06,97.06,97.06,50.0,0.0,1.0,15.0,14.5,2.75,0.0,0,-0.01
mbti,Qwen2.5-7B-Instruct,ENTJ,memory,crash,123,0.85,Qwen2.5-7B-Instruct|ENTJ|memory|crash|123|0.85,1,0.0,BUY,85.59,85.59,85.59,50.0,0.0,1.0,15.0,12.9,3.1,0.0,0,0.33
mbti,Qwen2.5-7B-Instruct,ENTJ,static,crash,123,0.85,Qwen2.5-7B-Instruct|ENTJ|static|crash|123|0.85,1,0.0,BUY,85.59,85.59,85.59,50.0,0.0,1.0,15.0,12.9,3.1,0.0,0,0.33
mbti,Qwen2.5-7B-Instruct,INTJ,memory,crash,123,0.85,Qwen2.5-7B-Instruct|INTJ|memory|crash|123|0.85,1,0.5,BUY,85.59,85.59,85.59,50.0,0.0,1.0,15.0,12.9,3.1,0.0,0,0.33
mbti,Qwen2.5-7B-Instruct,INTJ,static,crash,123,0.85,Qwen2.5-7B-Instruct|INTJ|static|crash|123|0.85,1,0.5,BUY,85.59,85.59,85.59,50.0,0.0,1.0,15.0,12.9,3.1,0.0,0,0.33
mbti,Qwen2.5-7B-Instruct,ISFJ,memory,crash,123,0.85,Qwen2.5-7B-Instruct|ISFJ|memory|crash|123|0.85,1,0.5,BUY,85.59,85.59,85.59,50.0,0.0,1.0,15.0,12.9,3.1,0.0,0,0.33
mbti,Qwen2.5-7B-Instruct,ISFJ,static,crash,123,0.85,Qwen2.5-7B-Instruct|ISFJ|static|crash|123|0.85,1,0.5,BUY,85.59,85.59,85.59,50.0,0.0,1.0,15.0,12.9,3.1,0.0,0,0.33
mbti,Qwen2.5-7B-Instruct,ENTJ,memory,crash,42,0.85,Qwen2.5-7B-Instruct|ENTJ|memory|crash|42|0.85,1,0.0,BUY,85.75,85.75,85.75,50.0,0.0,1.0,15.0,12.8,3.12,0.0,0,0.1
mbti,Qwen2.5-7B-Instruct,ENTJ,static,crash,42,0.85,Qwen2.5-7B-Instruct|ENTJ|static|crash|42|0.85,1,0.0,BUY,85.75,85.75,85.75,50.0,0.0,1.0,15.0,12.8,3.12,0.0,0,0.1
mbti,Qwen2.5-7B-Instruct,INTJ,memory,crash,42,0.85,Qwen2.5-7B-Instruct|INTJ|memory|crash|42|0.85,1,0.5,BUY,85.75,85.75,85.75,50.0,0.0,1.0,15.0,12.8,3.12,0.0,0,0.1
mbti,Qwen2.5-7B-Instruct,INTJ,static,crash,42,0.85,Qwen2.5-7B-Instruct|INTJ|static|crash|42|0.85,1,0.0,BUY,85.75,85.75,85.75,50.0,0.0,1.0,15.0,12.8,3.12,0.0,0,0.1
mbti,Qwen2.5-7B-Instruct,ISFJ,memory,crash,42,0.85,Qwen2.5-7B-Instruct|ISFJ|memory|crash|42|0.85,1,0.5,BUY,85.75,85.75,85.75,50.0,0.0,1.0,15.0,12.8,3.12,0.0,0,0.1
mbti,Qwen2.5-7B-Instruct,ISFJ,static,crash,42,0.85,Qwen2.5-7B-Instruct|ISFJ|static|crash|42|0.85,1,0.5,BUY,85.75,85.75,85.75,50.0,0.0,1.0,15.0,12.8,3.12,0.0,0,0.1
mbti,Qwen2.5-7B-Instruct,ENTJ,memory,crash,456,0.85,Qwen2.5-7B-Instruct|ENTJ|memory|crash|456|0.85,1,0.0,BUY,85.48,85.48,85.48,50.0,0.0,1.0,15.0,12.9,3.11,0.0,0,0.06
mbti,Qwen2.5-7B-Instruct,ENTJ,static,crash,456,0.85,Qwen2.5-7B-Instruct|ENTJ|static|crash|456|0.85,1,0.0,BUY,85.48,85.48,85.48,50.0,0.0,1.0,15.0,12.9,3.11,0.0,0,0.06
mbti,Qwen2.5-7B-Instruct,INTJ,memory,crash,456,0.85,Qwen2.5-7B-Instruct|INTJ|memory|crash|456|0.85,1,0.5,BUY,85.48,85.48,85.48,50.0,0.0,1.0,15.0,12.9,3.11,0.0,0,0.06
mbti,Qwen2.5-7B-Instruct,INTJ,static,crash,456,0.85,Qwen2.5-7B-Instruct|INTJ|static|crash|456|0.85,1,0.5,BUY,85.48,85.48,85.48,50.0,0.0,1.0,15.0,12.9,3.11,0.0,0,0.06
mbti,Qwen2.5-7B-Instruct,ISFJ,memory,crash,456,0.85,Qwen2.5-7B-Instruct|ISFJ|memory|crash|456|0.85,1,0.5,BUY,85.48,85.48,85.48,50.0,0.0,1.0,15.0,12.9,3.11,0.0,0,0.06
mbti,Qwen2.5-7B-Instruct,ISFJ,static,crash,456,0.85,Qwen2.5-7B-Instruct|ISFJ|static|crash|456|0.85,1,0.5,BUY,85.48,85.48,85.48,50.0,0.0,1.0,15.0,12.9,3.11,0.0,0,0.06
mbti,Qwen2.5-7B-Instruct,ENTJ,memory,crash,789,0.85,Qwen2.5-7B-Instruct|ENTJ|memory|crash|789|0.85,1,0.0,BUY,83.7,83.7,83.7,50.0,0.0,1.0,15.0,12.6,3.17,0.0,0,0.15
mbti,Qwen2.5-7B-Instruct,ENTJ,static,crash,789,0.85,Qwen2.5-7B-Instruct|ENTJ|static|crash|789|0.85,1,0.0,BUY,83.7,83.7,83.7,50.0,0.0,1.0,15.0,12.6,3.17,0.0,0,0.15
mbti,Qwen2.5-7B-Instruct,INTJ,memory,crash,789,0.85,Qwen2.5-7B-Instruct|INTJ|memory|crash|789|0.85,1,0.5,BUY,83.7,83.7,83.7,50.0,0.0,1.0,15.0,12.6,3.17,0.0,0,0.15
mbti,Qwen2.5-7B-Instruct,INTJ,static,crash,789,0.85,Qwen2.5-7B-Instruct|INTJ|static|crash|789|0.85,1,0.5,BUY,83.7,83.7,83.7,50.0,0.0,1.0,15.0,12.6,3.17,0.0,0,0.15
mbti,Qwen2.5-7B-Instruct,ISFJ,memory,crash,789,0.85,Qwen2.5-7B-Instruct|ISFJ|memory|crash|789|0.85,1,0.5,BUY,83.7,83.7,83.7,50.0,0.0,1.0,15.0,12.6,3.17,0.0,0,0.15
mbti,Qwen2.5-7B-Instruct,ISFJ,static,crash,789,0.85,Qwen2.5-7B-Instruct|ISFJ|static|crash|789|0.85,1,0.5,BUY,83.7,83.7,83.7,50.0,0.0,1.0,15.0,12.6,3.17,0.0,0,0.15
mbti,Qwen2.5-7B-Instruct,ENTJ,memory,crash,999,0.85,Qwen2.5-7B-Instruct|ENTJ|memory|crash|999|0.85,1,0.0,BUY,80.3,80.3,80.3,50.0,0.0,1.0,15.0,12.0,3.32,0.0,0,-0.01
mbti,Qwen2.5-7B-Instruct,ENTJ,static,crash,999,0.85,Qwen2.5-7B-Instruct|ENTJ|static|crash|999|0.85,1,0.0,BUY,80.3,80.3,80.3,50.0,0.0,1.0,15.0,12.0,3.32,0.0,0,-0.01
mbti,Qwen2.5-7B-Instruct,INTJ,memory,crash,999,0.85,Qwen2.5-7B-Instruct|INTJ|memory|crash|999|0.85,1,0.5,BUY,80.3,80.3,80.3,50.0,0.0,1.0,15.0,12.0,3.32,0.0,0,-0.01
mbti,Qwen2.5-7B-Instruct,INTJ,static,crash,999,0.85,Qwen2.5-7B-Instruct|INTJ|static|crash|999|0.85,1,0.5,BUY,80.3,80.3,80.3,50.0,0.0,1.0,15.0,12.0,3.32,0.0,0,-0.01
mbti,Qwen2.5-7B-Instruct,ISFJ,memory,crash,999,0.85,Qwen2.5-7B-Instruct|ISFJ|memory|crash|999|0.85,1,0.5,BUY,80.3,80.3,80.3,50.0,0.0,1.0,15.0,12.0,3.32,0.0,0,-0.01
mbti,Qwen2.5-7B-Instruct,ISFJ,static,crash,999,0.85,Qwen2.5-7B-Instruct|ISFJ|static|crash|999|0.85,1,0.5,BUY,80.3,80.3,80.3,50.0,0.0,1.0,15.0,12.0,3.32,0.0,0,-0.01
mbti,Qwen2.5-7B-Instruct,ENTJ,memory,crash,123,0.92,Qwen2.5-7B-Instruct|ENTJ|memory|crash|123|0.92,1,0.0,BUY,92.56,92.56,92.56,50.0,0.0,1.0,15.0,14.0,2.87,0.0,0,0.33
mbti,Qwen2.5-7B-Instruct,ENTJ,static,crash,123,0.92,Qwen2.5-7B-Instruct|ENTJ|static|crash|123|0.92,1,0.0,BUY,92.56,92.56,92.56,50.0,0.0,1.0,15.0,14.0,2.87,0.0,0,0.33
mbti,Qwen2.5-7B-Instruct,INTJ,memory,crash,123,0.92,Qwen2.5-7B-Instruct|INTJ|memory|crash|123|0.92,1,0.5,BUY,92.56,92.56,92.56,50.0,0.0,1.0,15.0,14.0,2.87,0.0,0,0.33
mbti,Qwen2.5-7B-Instruct,INTJ,static,crash,123,0.92,Qwen2.5-7B-Instruct|INTJ|static|crash|123|0.92,1,0.0,BUY,92.56,92.56,92.56,50.0,0.0,1.0,15.0,14.0,2.87,0.0,0,0.33
mbti,Qwen2.5-7B-Instruct,ISFJ,memory,crash,123,0.92,Qwen2.5-7B-Instruct|ISFJ|memory|crash|123|0.92,1,0.5,BUY,92.56,92.56,92.56,50.0,0.0,1.0,15.0,14.0,2.87,0.0,0,0.33
mbti,Qwen2.5-7B-Instruct,ISFJ,static,crash,123,0.92,Qwen2.5-7B-Instruct|ISFJ|static|crash|123|0.92,1,0.5,BUY,92.56,92.56,92.56,50.0,0.0,1.0,15.0,14.0,2.87,0.0,0,0.33
mbti,Qwen2.5-7B-Instruct,ENTJ,memory,crash,42,0.92,Qwen2.5-7B-Instruct|ENTJ|memory|crash|42|0.92,1,0.0,BUY,92.77,92.77,92.77,50.0,0.0,1.0,15.0,13.9,2.88,0.0,0,0.1
mbti,Qwen2.5-7B-Instruct,ENTJ,static,crash,42,0.92,Qwen2.5-7B-Instruct|ENTJ|static|crash|42|0.92,1,0.0,BUY,92.77,92.77,92.77,50.0,0.0,1.0,15.0,13.9,2.88,0.0,0,0.1
mbti,Qwen2.5-7B-Instruct,INTJ,memory,crash,42,0.92,Qwen2.5-7B-Instruct|INTJ|memory|crash|42|0.92,1,0.5,BUY,92.77,92.77,92.77,50.0,0.0,1.0,15.0,13.9,2.88,0.0,0,0.1
mbti,Qwen2.5-7B-Instruct,INTJ,static,crash,42,0.92,Qwen2.5-7B-Instruct|INTJ|static|crash|42|0.92,1,0.0,BUY,92.77,92.77,92.77,50.0,0.0,1.0,15.0,13.9,2.88,0.0,0,0.1
mbti,Qwen2.5-7B-Instruct,ISFJ,memory,crash,42,0.92,Qwen2.5-7B-Instruct|ISFJ|memory|crash|42|0.92,1,0.5,BUY,92.77,92.77,92.77,50.0,0.0,1.0,15.0,13.9,2.88,0.0,0,0.1
mbti,Qwen2.5-7B-Instruct,ISFJ,static,crash,42,0.92,Qwen2.5-7B-Instruct|ISFJ|static|crash|42|0.92,1,0.5,BUY,92.77,92.77,92.77,50.0,0.0,1.0,15.0,13.9,2.88,0.0,0,0.1
mbti,Qwen2.5-7B-Instruct,ENTJ,memory,crash,456,0.92,Qwen2.5-7B-Instruct|ENTJ|memory|crash|456|0.92,1,0.0,BUY,92.46,92.46,92.46,50.0,0.0,1.0,15.0,13.9,2.87,0.0,0,0.06
mbti,Qwen2.5-7B-Instruct,ENTJ,static,crash,456,0.92,Qwen2.5-7B-Instruct|ENTJ|static|crash|456|0.92,1,0.0,BUY,92.46,92.46,92.46,50.0,0.0,1.0,15.0,13.9,2.87,0.0,0,0.06
mbti,Qwen2.5-7B-Instruct,INTJ,memory,crash,456,0.92,Qwen2.5-7B-Instruct|INTJ|memory|crash|456|0.92,1,0.5,BUY,92.46,92.46,92.46,50.0,0.0,1.0,15.0,13.9,2.87,0.0,0,0.06
mbti,Qwen2.5-7B-Instruct,INTJ,static,crash,456,0.92,Qwen2.5-7B-Instruct|INTJ|static|crash|456|0.92,1,0.5,BUY,92.46,92.46,92.46,50.0,0.0,1.0,15.0,13.9,2.87,0.0,0,0.06
mbti,Qwen2.5-7B-Instruct,ISFJ,memory,crash,456,0.92,Qwen2.5-7B-Instruct|ISFJ|memory|crash|456|0.92,1,0.5,BUY,92.46,92.46,92.46,50.0,0.0,1.0,15.0,13.9,2.87,0.0,0,0.06
mbti,Qwen2.5-7B-Instruct,ISFJ,static,crash,456,0.92,Qwen2.5-7B-Instruct|ISFJ|static|crash|456|0.92,1,0.5,BUY,92.46,92.46,92.46,50.0,0.0,1.0,15.0,13.9,2.87,0.0,0,0.06
mbti,Qwen2.5-7B-Instruct,ENTJ,memory,crash,789,0.92,Qwen2.5-7B-Instruct|ENTJ|memory|crash|789|0.92,1,0.0,BUY,90.66,90.66,90.66,50.0,0.0,1.0,15.0,13.7,2.93,0.0,0,0.15
mbti,Qwen2.5-7B-Instruct,ENTJ,static,crash,789,0.92,Qwen2.5-7B-Instruct|ENTJ|static|crash|789|0.92,1,0.0,BUY,90.66,90.66,90.66,50.0,0.0,1.0,15.0,13.7,2.93,0.0,0,0.15
mbti,Qwen2.5-7B-Instruct,INTJ,memory,crash,789,0.92,Qwen2.5-7B-Instruct|INTJ|memory|crash|789|0.92,1,0.5,BUY,90.66,90.66,90.66,50.0,0.0,1.0,15.0,13.7,2.93,0.0,0,0.15
mbti,Qwen2.5-7B-Instruct,INTJ,static,crash,789,0.92,Qwen2.5-7B-Instruct|INTJ|static|crash|789|0.92,1,0.5,BUY,90.66,90.66,90.66,50.0,0.0,1.0,15.0,13.7,2.93,0.0,0,0.15
mbti,Qwen2.5-7B-Instruct,ISFJ,memory,crash,789,0.92,Qwen2.5-7B-Instruct|ISFJ|memory|crash|789|0.92,1,0.5,BUY,90.66,90.66,90.66,50.0,0.0,1.0,15.0,13.7,2.93,0.0,0,0.15
mbti,Qwen2.5-7B-Instruct,ISFJ,static,crash,789,0.92,Qwen2.5-7B-Instruct|ISFJ|static|crash|789|0.92,1,0.5,BUY,90.66,90.66,90.66,50.0,0.0,1.0,15.0,13.7,2.93,0.0,0,0.15
mbti,Qwen2.5-7B-Instruct,ENTJ,memory,crash,999,0.92,Qwen2.5-7B-Instruct|ENTJ|memory|crash|999|0.92,1,0.0,BUY,87.3,87.3,87.3,50.0,0.0,1.0,15.0,13.1,3.06,0.0,0,-0.01
mbti,Qwen2.5-7B-Instruct,ENTJ,static,crash,999,0.92,Qwen2.5-7B-Instruct|ENTJ|static|crash|999|0.92,1,0.0,BUY,87.3,87.3,87.3,50.0,0.0,1.0,15.0,13.1,3.06,0.0,0,-0.01
mbti,Qwen2.5-7B-Instruct,INTJ,memory,crash,999,0.92,Qwen2.5-7B-Instruct|INTJ|memory|crash|999|0.92,1,0.5,BUY,87.3,87.3,87.3,50.0,0.0,1.0,15.0,13.1,3.06,0.0,0,-0.01
mbti,Qwen2.5-7B-Instruct,INTJ,static,crash,999,0.92,Qwen2.5-7B-Instruct|INTJ|static|crash|999|0.92,1,0.0,BUY,87.3,87.3,87.3,50.0,0.0,1.0,15.0,13.1,3.06,0.0,0,-0.01
mbti,Qwen2.5-7B-Instruct,ISFJ,memory,crash,999,0.92,Qwen2.5-7B-Instruct|ISFJ|memory|crash|999|0.92,1,0.5,BUY,87.3,87.3,87.3,50.0,0.0,1.0,15.0,13.1,3.06,0.0,0,-0.01
mbti,Qwen2.5-7B-Instruct,ISFJ,static,crash,999,0.92,Qwen2.5-7B-Instruct|ISFJ|static|crash|999|0.92,1,0.5,BUY,87.3,87.3,87.3,50.0,0.0,1.0,15.0,13.1,3.06,0.0,0,-0.01
mbti,Qwen2.5-7B-Instruct,ENTJ,memory,crash,123,0.95,Qwen2.5-7B-Instruct|ENTJ|memory|crash|123|0.95,1,0.0,BUY,95.54,95.54,95.54,50.0,0.0,1.0,15.0,14.4,2.78,0.0,0,0.33
mbti,Qwen2.5-7B-Instruct,ENTJ,static,crash,123,0.95,Qwen2.5-7B-Instruct|ENTJ|static|crash|123|0.95,1,0.0,BUY,95.54,95.54,95.54,50.0,0.0,1.0,15.0,14.4,2.78,0.0,0,0.33
mbti,Qwen2.5-7B-Instruct,INTJ,memory,crash,123,0.95,Qwen2.5-7B-Instruct|INTJ|memory|crash|123|0.95,1,0.5,BUY,95.54,95.54,95.54,50.0,0.0,1.0,15.0,14.4,2.78,0.0,0,0.33
mbti,Qwen2.5-7B-Instruct,INTJ,static,crash,123,0.95,Qwen2.5-7B-Instruct|INTJ|static|crash|123|0.95,1,0.5,BUY,95.54,95.54,95.54,50.0,0.0,1.0,15.0,14.4,2.78,0.0,0,0.33
mbti,Qwen2.5-7B-Instruct,ISFJ,memory,crash,123,0.95,Qwen2.5-7B-Instruct|ISFJ|memory|crash|123|0.95,1,0.5,BUY,95.54,95.54,95.54,50.0,0.0,1.0,15.0,14.4,2.78,0.0,0,0.33
mbti,Qwen2.5-7B-Instruct,ISFJ,static,crash,123,0.95,Qwen2.5-7B-Instruct|ISFJ|static|crash|123|0.95,1,0.5,BUY,95.54,95.54,95.54,50.0,0.0,1.0,15.0,14.4,2.78,0.0,0,0.33
mbti,Qwen2.5-7B-Instruct,ENTJ,memory,crash,42,0.95,Qwen2.5-7B-Instruct|ENTJ|memory|crash|42|0.95,1,0.0,BUY,95.77,95.77,95.77,50.0,0.0,1.0,15.0,14.3,2.79,0.0,0,0.1
mbti,Qwen2.5-7B-Instruct,ENTJ,static,crash,42,0.95,Qwen2.5-7B-Instruct|ENTJ|static|crash|42|0.95,1,0.0,BUY,95.77,95.77,95.77,50.0,0.0,1.0,15.0,14.3,2.79,0.0,0,0.1
mbti,Qwen2.5-7B-Instruct,INTJ,memory,crash,42,0.95,Qwen2.5-7B-Instruct|INTJ|memory|crash|42|0.95,1,0.5,BUY,95.77,95.77,95.77,50.0,0.0,1.0,15.0,14.3,2.79,0.0,0,0.1
mbti,Qwen2.5-7B-Instruct,INTJ,static,crash,42,0.95,Qwen2.5-7B-Instruct|INTJ|static|crash|42|0.95,1,0.0,BUY,95.77,95.77,95.77,50.0,0.0,1.0,15.0,14.3,2.79,0.0,0,0.1
mbti,Qwen2.5-7B-Instruct,ISFJ,memory,crash,42,0.95,Qwen2.5-7B-Instruct|ISFJ|memory|crash|42|0.95,1,0.5,BUY,95.77,95.77,95.77,50.0,0.0,1.0,15.0,14.3,2.79,0.0,0,0.1
mbti,Qwen2.5-7B-Instruct,ISFJ,static,crash,42,0.95,Qwen2.5-7B-Instruct|ISFJ|static|crash|42|0.95,1,0.5,BUY,95.77,95.77,95.77,50.0,0.0,1.0,15.0,14.3,2.79,0.0,0,0.1
mbti,Qwen2.5-7B-Instruct,ENTJ,memory,crash,456,0.95,Qwen2.5-7B-Instruct|ENTJ|memory|crash|456|0.95,1,0.0,BUY,95.45,95.45,95.45,50.0,0.0,1.0,15.0,14.4,2.78,0.0,0,0.06
mbti,Qwen2.5-7B-Instruct,ENTJ,static,crash,456,0.95,Qwen2.5-7B-Instruct|ENTJ|static|crash|456|0.95,1,0.0,BUY,95.45,95.45,95.45,50.0,0.0,1.0,15.0,14.4,2.78,0.0,0,0.06
mbti,Qwen2.5-7B-Instruct,INTJ,memory,crash,456,0.95,Qwen2.5-7B-Instruct|INTJ|memory|crash|456|0.95,1,0.5,BUY,95.45,95.45,95.45,50.0,0.0,1.0,15.0,14.4,2.78,0.0,0,0.06
mbti,Qwen2.5-7B-Instruct,INTJ,static,crash,456,0.95,Qwen2.5-7B-Instruct|INTJ|static|crash|456|0.95,1,0.5,BUY,95.45,95.45,95.45,50.0,0.0,1.0,15.0,14.4,2.78,0.0,0,0.06
mbti,Qwen2.5-7B-Instruct,ISFJ,memory,crash,456,0.95,Qwen2.5-7B-Instruct|ISFJ|memory|crash|456|0.95,1,0.5,BUY,95.45,95.45,95.45,50.0,0.0,1.0,15.0,14.4,2.78,0.0,0,0.06
mbti,Qwen2.5-7B-Instruct,ISFJ,static,crash,456,0.95,Qwen2.5-7B-Instruct|ISFJ|static|crash|456|0.95,1,0.5,BUY,95.45,95.45,95.45,50.0,0.0,1.0,15.0,14.4,2.78,0.0,0,0.06
mbti,Qwen2.5-7B-Instruct,ENTJ,memory,crash,789,0.95,Qwen2.5-7B-Instruct|ENTJ|memory|crash|789|0.95,1,0.0,BUY,93.64,93.64,93.64,50.0,0.0,1.0,15.0,14.1,2.83,0.0,0,0.15
mbti,Qwen2.5-7B-Instruct,ENTJ,static,crash,789,0.95,Qwen2.5-7B-Instruct|ENTJ|static|crash|789|0.95,1,0.0,BUY,93.64,93.64,93.64,50.0,0.0,1.0,15.0,14.1,2.83,0.0,0,0.15
mbti,Qwen2.5-7B-Instruct,INTJ,memory,crash,789,0.95,Qwen2.5-7B-Instruct|INTJ|memory|crash|789|0.95,1,0.5,BUY,93.64,93.64,93.64,50.0,0.0,1.0,15.0,14.1,2.83,0.0,0,0.15
mbti,Qwen2.5-7B-Instruct,INTJ,static,crash,789,0.95,Qwen2.5-7B-Instruct|INTJ|static|crash|789|0.95,1,0.0,BUY,93.64,93.64,93.64,50.0,0.0,1.0,15.0,14.1,2.83,0.0,0,0.15
mbti,Qwen2.5-7B-Instruct,ISFJ,memory,crash,789,0.95,Qwen2.5-7B-Instruct|ISFJ|memory|crash|789|0.95,1,0.5,BUY,93.64,93.64,93.64,50.0,0.0,1.0,15.0,14.1,2.83,0.0,0,0.15
mbti,Qwen2.5-7B-Instruct,ISFJ,static,crash,789,0.95,Qwen2.5-7B-Instruct|ISFJ|static|crash|789|0.95,1,0.5,BUY,93.64,93.64,93.64,50.0,0.0,1.0,15.0,14.1,2.83,0.0,0,0.15
mbti,Qwen2.5-7B-Instruct,ENTJ,memory,crash,999,0.95,Qwen2.5-7B-Instruct|ENTJ|memory|crash|999|0.95,1,0.0,BUY,90.3,90.3,90.3,50.0,0.0,1.0,15.0,13.5,2.95,0.0,0,-0.01
mbti,Qwen2.5-7B-Instruct,ENTJ,static,crash,999,0.95,Qwen2.5-7B-Instruct|ENTJ|static|crash|999|0.95,1,0.0,BUY,90.3,90.3,90.3,50.0,0.0,1.0,15.0,13.5,2.95,0.0,0,-0.01
mbti,Qwen2.5-7B-Instruct,INTJ,memory,crash,999,0.95,Qwen2.5-7B-Instruct|INTJ|memory|crash|999|0.95,1,0.5,BUY,90.3,90.3,90.3,50.0,0.0,1.0,15.0,13.5,2.95,0.0,0,-0.01
mbti,Qwen2.5-7B-Instruct,INTJ,static,crash,999,0.95,Qwen2.5-7B-Instruct|INTJ|static|crash|999|0.95,1,0.0,BUY,90.3,90.3,90.3,50.0,0.0,1.0,15.0,13.5,2.95,0.0,0,-0.01
mbti,Qwen2.5-7B-Instruct,ISFJ,memory,crash,999,0.95,Qwen2.5-7B-Instruct|ISFJ|memory|crash|999|0.95,1,0.5,BUY,90.3,90.3,90.3,50.0,0.0,1.0,15.0,13.5,2.95,0.0,0,-0.01
mbti,Qwen2.5-7B-Instruct,ISFJ,static,crash,999,0.95,Qwen2.5-7B-Instruct|ISFJ|static|crash|999|0.95,1,0.5,BUY,90.3,90.3,90.3,50.0,0.0,1.0,15.0,13.5,2.95,0.0,0,-0.01
mbti,Qwen2.5-7B-Instruct,ENTJ,memory,flat,123,,Qwen2.5-7B-Instruct|ENTJ|memory|flat|123|,1,0.0,BUY,99.92,99.92,99.92,50.0,0.0,1.0,15.0,15.0,2.67,0.0,0,-0.04
mbti,Qwen2.5-7B-Instruct,ENTJ,static,flat,123,,Qwen2.5-7B-Instruct|ENTJ|static|flat|123|,1,0.0,BUY,99.92,99.92,99.92,50.0,0.0,1.0,15.0,15.0,2.67,0.0,0,-0.04
mbti,Qwen2.5-7B-Instruct,INTJ,memory,flat,123,,Qwen2.5-7B-Instruct|INTJ|memory|flat|123|,1,0.5,BUY,99.92,99.92,99.92,50.0,0.0,1.0,15.0,15.0,2.67,0.0,0,-0.04
mbti,Qwen2.5-7B-Instruct,INTJ,static,flat,123,,Qwen2.5-7B-Instruct|INTJ|static|flat|123|,1,0.0,BUY,99.92,99.92,99.92,50.0,0.0,1.0,15.0,15.0,2.67,0.0,0,-0.04
mbti,Qwen2.5-7B-Instruct,ISFJ,memory,flat,123,,Qwen2.5-7B-Instruct|ISFJ|memory|flat|123|,1,0.0,BUY,99.92,99.92,99.92,50.0,0.0,1.0,15.0,15.0,2.67,0.0,0,-0.04
mbti,Qwen2.5-7B-Instruct,ISFJ,static,flat,123,,Qwen2.5-7B-Instruct|ISFJ|static|flat|123|,1,0.0,BUY,99.92,99.92,99.92,50.0,0.0,1.0,15.0,15.0,2.67,0.0,0,-0.04
mbti,Qwen2.5-7B-Instruct,ENTJ,memory,flat,42,,Qwen2.5-7B-Instruct|ENTJ|memory|flat|42|,1,0.0,BUY,99.94,99.94,99.94,50.0,0.0,1.0,15.0,15.0,2.67,0.0,0,-0.17
mbti,Qwen2.5-7B-Instruct,ENTJ,static,flat,42,,Qwen2.5-7B-Instruct|ENTJ|static|flat|42|,1,0.0,BUY,99.94,99.94,99.94,50.0,0.0,1.0,15.0,15.0,2.67,0.0,0,-0.17
mbti,Qwen2.5-7B-Instruct,INTJ,memory,flat,42,,Qwen2.5-7B-Instruct|INTJ|memory|flat|42|,1,0.5,BUY,99.94,99.94,99.94,50.0,0.0,1.0,15.0,15.0,2.67,0.0,0,-0.17
mbti,Qwen2.5-7B-Instruct,INTJ,static,flat,42,,Qwen2.5-7B-Instruct|INTJ|static|flat|42|,1,0.0,BUY,99.94,99.94,99.94,50.0,0.0,1.0,15.0,15.0,2.67,0.0,0,-0.17
mbti,Qwen2.5-7B-Instruct,ISFJ,memory,flat,42,,Qwen2.5-7B-Instruct|ISFJ|memory|flat|42|,1,0.5,BUY,99.94,99.94,99.94,50.0,0.0,1.0,15.0,15.0,2.67,0.0,0,-0.17
mbti,Qwen2.5-7B-Instruct,ISFJ,static,flat,42,,Qwen2.5-7B-Instruct|ISFJ|static|flat|42|,1,0.0,BUY,99.94,99.94,99.94,50.0,0.0,1.0,15.0,15.0,2.67,0.0,0,-0.17
mbti,Qwen2.5-7B-Instruct,ENTJ,memory,flat,456,,Qwen2.5-7B-Instruct|ENTJ|memory|flat|456|,1,0.0,BUY,100.25,100.25,100.25,50.0,0.0,1.0,15.0,15.0,2.66,0.0,0,-0.39
mbti,Qwen2.5-7B-Instruct,ENTJ,static,flat,456,,Qwen2.5-7B-Instruct|ENTJ|static|flat|456|,1,0.0,BUY,100.25,100.25,100.25,50.0,0.0,1.0,15.0,15.0,2.66,0.0,0,-0.39
mbti,Qwen2.5-7B-Instruct,INTJ,memory,flat,456,,Qwen2.5-7B-Instruct|INTJ|memory|flat|456|,1,1.0,HOLD,100.25,100.25,100.25,50.0,0.0,1.0,15.0,15.0,2.66,0.0,0,-0.39
mbti,Qwen2.5-7B-Instruct,INTJ,static,flat,456,,Qwen2.5-7B-Instruct|INTJ|static|flat|456|,1,1.0,HOLD,100.25,100.25,100.25,50.0,0.0,1.0,15.0,15.0,2.66,0.0,0,-0.39
mbti,Qwen2.5-7B-Instruct,ISFJ,memory,flat,456,,Qwen2.5-7B-Instruct|ISFJ|memory|flat|456|,1,0.5,BUY,100.25,100.25,100.25,50.0,0.0,1.0,15.0,15.0,2.66,0.0,0,-0.39
mbti,Qwen2.5-7B-Instruct,ISFJ,static,flat,456,,Qwen2.5-7B-Instruct|ISFJ|static|flat|456|,1,0.5,BUY,100.25,100.25,100.25,50.0,0.0,1.0,15.0,15.0,2.66,0.0,0,-0.39
mbti,Qwen2.5-7B-Instruct,ENTJ,memory,flat,789,,Qwen2.5-7B-Instruct|ENTJ|memory|flat|789|,1,0.0,BUY,100.19,100.19,100.19,50.0,0.0,1.0,15.0,15.0,2.66,0.0,0,0.26
mbti,Qwen2.5-7B-Instruct,ENTJ,static,flat,789,,Qwen2.5-7B-Instruct|ENTJ|static|flat|789|,1,0.0,BUY,100.19,100.19,100.19,50.0,0.0,1.0,15.0,15.0,2.66,0.0,0,0.26
mbti,Qwen2.5-7B-Instruct,INTJ,memory,flat,789,,Qwen2.5-7B-Instruct|INTJ|memory|flat|789|,1,0.5,BUY,100.19,100.19,100.19,50.0,0.0,1.0,15.0,15.0,2.66,0.0,0,0.26
mbti,Qwen2.5-7B-Instruct,INTJ,static,flat,789,,Qwen2.5-7B-Instruct|INTJ|static|flat|789|,1,0.0,BUY,100.19,100.19,100.19,50.0,0.0,1.0,15.0,15.0,2.66,0.0,0,0.26
mbti,Qwen2.5-7B-Instruct,ISFJ,memory,flat,789,,Qwen2.5-7B-Instruct|ISFJ|memory|flat|789|,1,0.5,BUY,100.19,100.19,100.19,50.0,0.0,1.0,15.0,15.0,2.66,0.0,0,0.26
mbti,Qwen2.5-7B-Instruct,ISFJ,static,flat,789,,Qwen2.5-7B-Instruct|ISFJ|static|flat|789|,1,0.5,BUY,100.19,100.19,100.19,50.0,0.0,1.0,15.0,15.0,2.66,0.0,0,0.26
mbti,Qwen2.5-7B-Instruct,ENTJ,memory,flat,999,,Qwen2.5-7B-Instruct|ENTJ|memory|flat|999|,1,0.0,BUY,100.38,100.38,100.38,50.0,0.0,1.0,15.0,15.1,2.66,0.0,0,0.08
mbti,Qwen2.5-7B-Instruct,ENTJ,static,flat,999,,Qwen2.5-7B-Instruct|ENTJ|static|flat|999|,1,0.0,BUY,100.38,100.38,100.38,50.0,0.0,1.0,15.0,15.1,2.66,0.0,0,0.08
mbti,Qwen2.5-7B-Instruct,INTJ,memory,flat,999,,Qwen2.5-7B-Instruct|INTJ|memory|flat|999|,1,0.0,BUY,100.38,100.38,100.38,50.0,0.0,1.0,15.0,15.1,2.66,0.0,0,0.08
mbti,Qwen2.5-7B-Instruct,INTJ,static,flat,999,,Qwen2.5-7B-Instruct|INTJ|static|flat|999|,1,0.0,BUY,100.38,100.38,100.38,50.0,0.0,1.0,15.0,15.1,2.66,0.0,0,0.08
mbti,Qwen2.5-7B-Instruct,ISFJ,memory,flat,999,,Qwen2.5-7B-Instruct|ISFJ|memory|flat|999|,1,0.5,BUY,100.38,100.38,100.38,50.0,0.0,1.0,15.0,15.1,2.66,0.0,0,0.08
mbti,Qwen2.5-7B-Instruct,ISFJ,static,flat,999,,Qwen2.5-7B-Instruct|ISFJ|static|flat|999|,1,0.5,BUY,100.38,100.38,100.38,50.0,0.0,1.0,15.0,15.1,2.66,0.0,0,0.08
mbti,claude_haiku_4_5,ENTJ,memory,bull_trap,123,,claude_haiku_4_5|ENTJ|memory|bull_trap|123|,1,1.0,HOLD,99.72,99.72,99.72,50.0,0.0,1.0,15.0,15.1,2.65,0.0,0,0.33
mbti,claude_haiku_4_5,ENTJ,static,bull_trap,123,,claude_haiku_4_5|ENTJ|static|bull_trap|123|,1,1.0,HOLD,99.72,99.72,99.72,50.0,0.0,1.0,15.0,15.1,2.65,0.0,0,0.33
mbti,claude_haiku_4_5,INTJ,memory,bull_trap,123,,claude_haiku_4_5|INTJ|memory|bull_trap|123|,1,1.0,HOLD,99.72,99.72,99.72,50.0,0.0,1.0,15.0,15.1,2.65,0.0,0,0.33
mbti,claude_haiku_4_5,INTJ,static,bull_trap,123,,claude_haiku_4_5|INTJ|static|bull_trap|123|,1,1.0,HOLD,99.72,99.72,99.72,50.0,0.0,1.0,15.0,15.1,2.65,0.0,0,0.33
mbti,claude_haiku_4_5,ISFJ,memory,bull_trap,123,,claude_haiku_4_5|ISFJ|memory|bull_trap|123|,1,1.0,HOLD,99.72,99.72,99.72,50.0,0.0,1.0,15.0,15.1,2.65,0.0,0,0.33
mbti,claude_haiku_4_5,ISFJ,static,bull_trap,123,,claude_haiku_4_5|ISFJ|static|bull_trap|123|,1,1.0,HOLD,99.72,99.72,99.72,50.0,0.0,1.0,15.0,15.1,2.65,0.0,0,0.33
mbti,claude_haiku_4_5,ENTJ,memory,bull_trap,42,,claude_haiku_4_5|ENTJ|memory|bull_trap|42|,1,1.0,HOLD,100.96,100.96,100.96,50.0,0.0,1.0,15.0,15.1,2.66,0.0,0,0.1
mbti,claude_haiku_4_5,ENTJ,static,bull_trap,42,,claude_haiku_4_5|ENTJ|static|bull_trap|42|,1,1.0,HOLD,100.96,100.96,100.96,50.0,0.0,1.0,15.0,15.1,2.66,0.0,0,0.1
mbti,claude_haiku_4_5,INTJ,memory,bull_trap,42,,claude_haiku_4_5|INTJ|memory|bull_trap|42|,1,1.0,HOLD,100.96,100.96,100.96,50.0,0.0,1.0,15.0,15.1,2.66,0.0,0,0.1
mbti,claude_haiku_4_5,INTJ,static,bull_trap,42,,claude_haiku_4_5|INTJ|static|bull_trap|42|,1,1.0,HOLD,100.96,100.96,100.96,50.0,0.0,1.0,15.0,15.1,2.66,0.0,0,0.1
mbti,claude_haiku_4_5,ISFJ,memory,bull_trap,42,,claude_haiku_4_5|ISFJ|memory|bull_trap|42|,1,1.0,HOLD,100.96,100.96,100.96,50.0,0.0,1.0,15.0,15.1,2.66,0.0,0,0.1
mbti,claude_haiku_4_5,ISFJ,static,bull_trap,42,,claude_haiku_4_5|ISFJ|static|bull_trap|42|,1,1.0,HOLD,100.96,100.96,100.96,50.0,0.0,1.0,15.0,15.1,2.66,0.0,0,0.1
mbti,claude_haiku_4_5,ENTJ,memory,bull_trap,456,,claude_haiku_4_5|ENTJ|memory|bull_trap|456|,1,1.0,HOLD,99.94,99.94,99.94,50.0,0.0,1.0,15.0,15.1,2.65,0.0,0,0.06
mbti,claude_haiku_4_5,ENTJ,static,bull_trap,456,,claude_haiku_4_5|ENTJ|static|bull_trap|456|,1,1.0,HOLD,99.94,99.94,99.94,50.0,0.0,1.0,15.0,15.1,2.65,0.0,0,0.06
mbti,claude_haiku_4_5,INTJ,memory,bull_trap,456,,claude_haiku_4_5|INTJ|memory|bull_trap|456|,1,1.0,HOLD,99.94,99.94,99.94,50.0,0.0,1.0,15.0,15.1,2.65,0.0,0,0.06
mbti,claude_haiku_4_5,INTJ,static,bull_trap,456,,claude_haiku_4_5|INTJ|static|bull_trap|456|,1,1.0,HOLD,99.94,99.94,99.94,50.0,0.0,1.0,15.0,15.1,2.65,0.0,0,0.06
mbti,claude_haiku_4_5,ISFJ,memory,bull_trap,456,,claude_haiku_4_5|ISFJ|memory|bull_trap|456|,1,1.0,HOLD,99.94,99.94,99.94,50.0,0.0,1.0,15.0,15.1,2.65,0.0,0,0.06
mbti,claude_haiku_4_5,ISFJ,static,bull_trap,456,,claude_haiku_4_5|ISFJ|static|bull_trap|456|,1,1.0,HOLD,99.94,99.94,99.94,50.0,0.0,1.0,15.0,15.1,2.65,0.0,0,0.06
mbti,claude_haiku_4_5,ENTJ,memory,bull_trap,789,,claude_haiku_4_5|ENTJ|memory|bull_trap|789|,1,1.0,HOLD,98.44,98.44,98.44,50.0,0.0,1.0,15.0,14.9,2.68,0.0,0,0.15
mbti,claude_haiku_4_5,ENTJ,static,bull_trap,789,,claude_haiku_4_5|ENTJ|static|bull_trap|789|,1,1.0,HOLD,98.44,98.44,98.44,50.0,0.0,1.0,15.0,14.9,2.68,0.0,0,0.15
mbti,claude_haiku_4_5,INTJ,memory,bull_trap,789,,claude_haiku_4_5|INTJ|memory|bull_trap|789|,1,1.0,HOLD,98.44,98.44,98.44,50.0,0.0,1.0,15.0,14.9,2.68,0.0,0,0.15
mbti,claude_haiku_4_5,INTJ,static,bull_trap,789,,claude_haiku_4_5|INTJ|static|bull_trap|789|,1,1.0,HOLD,98.44,98.44,98.44,50.0,0.0,1.0,15.0,14.9,2.68,0.0,0,0.15
mbti,claude_haiku_4_5,ISFJ,memory,bull_trap,789,,claude_haiku_4_5|ISFJ|memory|bull_trap|789|,1,1.0,HOLD,98.44,98.44,98.44,50.0,0.0,1.0,15.0,14.9,2.68,0.0,0,0.15
mbti,claude_haiku_4_5,ISFJ,static,bull_trap,789,,claude_haiku_4_5|ISFJ|static|bull_trap|789|,1,1.0,HOLD,98.44,98.44,98.44,50.0,0.0,1.0,15.0,14.9,2.68,0.0,0,0.15
mbti,claude_haiku_4_5,ENTJ,memory,bull_trap,999,,claude_haiku_4_5|ENTJ|memory|bull_trap|999|,1,1.0,HOLD,97.06,97.06,97.06,50.0,0.0,1.0,15.0,14.5,2.75,0.0,0,-0.01
mbti,claude_haiku_4_5,ENTJ,static,bull_trap,999,,claude_haiku_4_5|ENTJ|static|bull_trap|999|,1,1.0,HOLD,97.06,97.06,97.06,50.0,0.0,1.0,15.0,14.5,2.75,0.0,0,-0.01
mbti,claude_haiku_4_5,INTJ,memory,bull_trap,999,,claude_haiku_4_5|INTJ|memory|bull_trap|999|,1,1.0,HOLD,97.06,97.06,97.06,50.0,0.0,1.0,15.0,14.5,2.75,0.0,0,-0.01
mbti,claude_haiku_4_5,INTJ,static,bull_trap,999,,claude_haiku_4_5|INTJ|static|bull_trap|999|,1,1.0,HOLD,97.06,97.06,97.06,50.0,0.0,1.0,15.0,14.5,2.75,0.0,0,-0.01
mbti,claude_haiku_4_5,ISFJ,memory,bull_trap,999,,claude_haiku_4_5|ISFJ|memory|bull_trap|999|,1,1.0,HOLD,97.06,97.06,97.06,50.0,0.0,1.0,15.0,14.5,2.75,0.0,0,-0.01
mbti,claude_haiku_4_5,ISFJ,static,bull_trap,999,,claude_haiku_4_5|ISFJ|static|bull_trap|999|,1,1.0,HOLD,97.06,97.06,97.06,50.0,0.0,1.0,15.0,14.5,2.75,0.0,0,-0.01
mbti,claude_haiku_4_5,ENTJ,memory,crash,123,0.85,claude_haiku_4_5|ENTJ|memory|crash|123|0.85,1,1.0,HOLD,85.59,85.59,85.59,50.0,0.0,1.0,15.0,12.9,3.1,0.0,0,0.33
mbti,claude_haiku_4_5,ENTJ,static,crash,123,0.85,claude_haiku_4_5|ENTJ|static|crash|123|0.85,1,1.0,HOLD,85.59,85.59,85.59,50.0,0.0,1.0,15.0,12.9,3.1,0.0,0,0.33
mbti,claude_haiku_4_5,INTJ,memory,crash,123,0.85,claude_haiku_4_5|INTJ|memory|crash|123|0.85,1,1.0,HOLD,85.59,85.59,85.59,50.0,0.0,1.0,15.0,12.9,3.1,0.0,0,0.33
mbti,claude_haiku_4_5,INTJ,static,crash,123,0.85,claude_haiku_4_5|INTJ|static|crash|123|0.85,1,1.0,HOLD,85.59,85.59,85.59,50.0,0.0,1.0,15.0,12.9,3.1,0.0,0,0.33
mbti,claude_haiku_4_5,ISFJ,memory,crash,123,0.85,claude_haiku_4_5|ISFJ|memory|crash|123|0.85,1,1.0,HOLD,85.59,85.59,85.59,50.0,0.0,1.0,15.0,12.9,3.1,0.0,0,0.33
mbti,claude_haiku_4_5,ISFJ,static,crash,123,0.85,claude_haiku_4_5|ISFJ|static|crash|123|0.85,1,1.0,HOLD,85.59,85.59,85.59,50.0,0.0,1.0,15.0,12.9,3.1,0.0,0,0.33
mbti,claude_haiku_4_5,ENTJ,memory,crash,42,0.85,claude_haiku_4_5|ENTJ|memory|crash|42|0.85,1,1.0,HOLD,85.75,85.75,85.75,50.0,0.0,1.0,15.0,12.8,3.12,0.0,0,0.1
mbti,claude_haiku_4_5,ENTJ,static,crash,42,0.85,claude_haiku_4_5|ENTJ|static|crash|42|0.85,1,1.0,HOLD,85.75,85.75,85.75,50.0,0.0,1.0,15.0,12.8,3.12,0.0,0,0.1
mbti,claude_haiku_4_5,INTJ,memory,crash,42,0.85,claude_haiku_4_5|INTJ|memory|crash|42|0.85,1,1.0,HOLD,85.75,85.75,85.75,50.0,0.0,1.0,15.0,12.8,3.12,0.0,0,0.1
mbti,claude_haiku_4_5,INTJ,static,crash,42,0.85,claude_haiku_4_5|INTJ|static|crash|42|0.85,1,1.0,HOLD,85.75,85.75,85.75,50.0,0.0,1.0,15.0,12.8,3.12,0.0,0,0.1
mbti,claude_haiku_4_5,ISFJ,memory,crash,42,0.85,claude_haiku_4_5|ISFJ|memory|crash|42|0.85,1,1.0,HOLD,85.75,85.75,85.75,50.0,0.0,1.0,15.0,12.8,3.12,0.0,0,0.1
mbti,claude_haiku_4_5,ISFJ,static,crash,42,0.85,claude_haiku_4_5|ISFJ|static|crash|42|0.85,1,1.0,HOLD,85.75,85.75,85.75,50.0,0.0,1.0,15.0,12.8,3.12,0.0,0,0.1
mbti,claude_haiku_4_5,ENTJ,memory,crash,456,0.85,claude_haiku_4_5|ENTJ|memory|crash|456|0.85,1,1.0,HOLD,85.48,85.48,85.48,50.0,0.0,1.0,15.0,12.9,3.11,0.0,0,0.06
mbti,claude_haiku_4_5,ENTJ,static,crash,456,0.85,claude_haiku_4_5|ENTJ|static|crash|456|0.85,1,1.0,HOLD,85.48,85.48,85.48,50.0,0.0,1.0,15.0,12.9,3.11,0.0,0,0.06
mbti,claude_haiku_4_5,INTJ,memory,crash,456,0.85,claude_haiku_4_5|INTJ|memory|crash|456|0.85,1,1.0,HOLD,85.48,85.48,85.48,50.0,0.0,1.0,15.0,12.9,3.11,0.0,0,0.06
mbti,claude_haiku_4_5,INTJ,static,crash,456,0.85,claude_haiku_4_5|INTJ|static|crash|456|0.85,1,1.0,HOLD,85.48,85.48,85.48,50.0,0.0,1.0,15.0,12.9,3.11,0.0,0,0.06
mbti,claude_haiku_4_5,ISFJ,memory,crash,456,0.85,claude_haiku_4_5|ISFJ|memory|crash|456|0.85,1,1.0,HOLD,85.48,85.48,85.48,50.0,0.0,1.0,15.0,12.9,3.11,0.0,0,0.06
mbti,claude_haiku_4_5,ISFJ,static,crash,456,0.85,claude_haiku_4_5|ISFJ|static|crash|456|0.85,1,1.0,HOLD,85.48,85.48,85.48,50.0,0.0,1.0,15.0,12.9,3.11,0.0,0,0.06
mbti,claude_haiku_4_5,ENTJ,memory,crash,789,0.85,claude_haiku_4_5|ENTJ|memory|crash|789|0.85,1,1.0,HOLD,83.7,83.7,83.7,50.0,0.0,1.0,15.0,12.6,3.17,0.0,0,0.15
mbti,claude_haiku_4_5,ENTJ,static,crash,789,0.85,claude_haiku_4_5|ENTJ|static|crash|789|0.85,1,1.0,HOLD,83.7,83.7,83.7,50.0,0.0,1.0,15.0,12.6,3.17,0.0,0,0.15
mbti,claude_haiku_4_5,INTJ,memory,crash,789,0.85,claude_haiku_4_5|INTJ|memory|crash|789|0.85,1,1.0,HOLD,83.7,83.7,83.7,50.0,0.0,1.0,15.0,12.6,3.17,0.0,0,0.15
mbti,claude_haiku_4_5,INTJ,static,crash,789,0.85,claude_haiku_4_5|INTJ|static|crash|789|0.85,1,1.0,HOLD,83.7,83.7,83.7,50.0,0.0,1.0,15.0,12.6,3.17,0.0,0,0.15
mbti,claude_haiku_4_5,ISFJ,memory,crash,789,0.85,claude_haiku_4_5|ISFJ|memory|crash|789|0.85,1,1.0,HOLD,83.7,83.7,83.7,50.0,0.0,1.0,15.0,12.6,3.17,0.0,0,0.15
mbti,claude_haiku_4_5,ISFJ,static,crash,789,0.85,claude_haiku_4_5|ISFJ|static|crash|789|0.85,1,1.0,HOLD,83.7,83.7,83.7,50.0,0.0,1.0,15.0,12.6,3.17,0.0,0,0.15
mbti,claude_haiku_4_5,ENTJ,memory,crash,999,0.85,claude_haiku_4_5|ENTJ|memory|crash|999|0.85,1,1.0,HOLD,80.3,80.3,80.3,50.0,0.0,1.0,15.0,12.0,3.32,0.0,0,-0.01
mbti,claude_haiku_4_5,ENTJ,static,crash,999,0.85,claude_haiku_4_5|ENTJ|static|crash|999|0.85,1,1.0,HOLD,80.3,80.3,80.3,50.0,0.0,1.0,15.0,12.0,3.32,0.0,0,-0.01
mbti,claude_haiku_4_5,INTJ,memory,crash,999,0.85,claude_haiku_4_5|INTJ|memory|crash|999|0.85,1,1.0,HOLD,80.3,80.3,80.3,50.0,0.0,1.0,15.0,12.0,3.32,0.0,0,-0.01
mbti,claude_haiku_4_5,INTJ,static,crash,999,0.85,claude_haiku_4_5|INTJ|static|crash|999|0.85,1,1.0,HOLD,80.3,80.3,80.3,50.0,0.0,1.0,15.0,12.0,3.32,0.0,0,-0.01
mbti,claude_haiku_4_5,ISFJ,memory,crash,999,0.85,claude_haiku_4_5|ISFJ|memory|crash|999|0.85,1,1.0,HOLD,80.3,80.3,80.3,50.0,0.0,1.0,15.0,12.0,3.32,0.0,0,-0.01
mbti,claude_haiku_4_5,ISFJ,static,crash,999,0.85,claude_haiku_4_5|ISFJ|static|crash|999|0.85,1,1.0,HOLD,80.3,80.3,80.3,50.0,0.0,1.0,15.0,12.0,3.32,0.0,0,-0.01
mbti,claude_haiku_4_5,ENTJ,memory,crash,123,0.92,claude_haiku_4_5|ENTJ|memory|crash|123|0.92,1,1.0,HOLD,92.56,92.56,92.56,50.0,0.0,1.0,15.0,14.0,2.87,0.0,0,0.33
mbti,claude_haiku_4_5,ENTJ,static,crash,123,0.92,claude_haiku_4_5|ENTJ|static|crash|123|0.92,1,1.0,HOLD,92.56,92.56,92.56,50.0,0.0,1.0,15.0,14.0,2.87,0.0,0,0.33
mbti,claude_haiku_4_5,INTJ,memory,crash,123,0.92,claude_haiku_4_5|INTJ|memory|crash|123|0.92,1,1.0,HOLD,92.56,92.56,92.56,50.0,0.0,1.0,15.0,14.0,2.87,0.0,0,0.33
mbti,claude_haiku_4_5,INTJ,static,crash,123,0.92,claude_haiku_4_5|INTJ|static|crash|123|0.92,1,1.0,HOLD,92.56,92.56,92.56,50.0,0.0,1.0,15.0,14.0,2.87,0.0,0,0.33
mbti,claude_haiku_4_5,ISFJ,memory,crash,123,0.92,claude_haiku_4_5|ISFJ|memory|crash|123|0.92,1,1.0,HOLD,92.56,92.56,92.56,50.0,0.0,1.0,15.0,14.0,2.87,0.0,0,0.33
mbti,claude_haiku_4_5,ISFJ,static,crash,123,0.92,claude_haiku_4_5|ISFJ|static|crash|123|0.92,1,1.0,HOLD,92.56,92.56,92.56,50.0,0.0,1.0,15.0,14.0,2.87,0.0,0,0.33
mbti,claude_haiku_4_5,ENTJ,memory,crash,42,0.92,claude_haiku_4_5|ENTJ|memory|crash|42|0.92,1,1.0,HOLD,92.77,92.77,92.77,50.0,0.0,1.0,15.0,13.9,2.88,0.0,0,0.1
mbti,claude_haiku_4_5,ENTJ,static,crash,42,0.92,claude_haiku_4_5|ENTJ|static|crash|42|0.92,1,1.0,HOLD,92.77,92.77,92.77,50.0,0.0,1.0,15.0,13.9,2.88,0.0,0,0.1
mbti,claude_haiku_4_5,INTJ,memory,crash,42,0.92,claude_haiku_4_5|INTJ|memory|crash|42|0.92,1,1.0,HOLD,92.77,92.77,92.77,50.0,0.0,1.0,15.0,13.9,2.88,0.0,0,0.1
mbti,claude_haiku_4_5,INTJ,static,crash,42,0.92,claude_haiku_4_5|INTJ|static|crash|42|0.92,1,1.0,HOLD,92.77,92.77,92.77,50.0,0.0,1.0,15.0,13.9,2.88,0.0,0,0.1
mbti,claude_haiku_4_5,ISFJ,memory,crash,42,0.92,claude_haiku_4_5|ISFJ|memory|crash|42|0.92,1,1.0,HOLD,92.77,92.77,92.77,50.0,0.0,1.0,15.0,13.9,2.88,0.0,0,0.1
mbti,claude_haiku_4_5,ISFJ,static,crash,42,0.92,claude_haiku_4_5|ISFJ|static|crash|42|0.92,1,1.0,HOLD,92.77,92.77,92.77,50.0,0.0,1.0,15.0,13.9,2.88,0.0,0,0.1
mbti,claude_haiku_4_5,ENTJ,memory,crash,456,0.92,claude_haiku_4_5|ENTJ|memory|crash|456|0.92,1,1.0,HOLD,92.46,92.46,92.46,50.0,0.0,1.0,15.0,13.9,2.87,0.0,0,0.06
mbti,claude_haiku_4_5,ENTJ,static,crash,456,0.92,claude_haiku_4_5|ENTJ|static|crash|456|0.92,1,1.0,HOLD,92.46,92.46,92.46,50.0,0.0,1.0,15.0,13.9,2.87,0.0,0,0.06
mbti,claude_haiku_4_5,INTJ,memory,crash,456,0.92,claude_haiku_4_5|INTJ|memory|crash|456|0.92,1,1.0,HOLD,92.46,92.46,92.46,50.0,0.0,1.0,15.0,13.9,2.87,0.0,0,0.06
mbti,claude_haiku_4_5,INTJ,static,crash,456,0.92,claude_haiku_4_5|INTJ|static|crash|456|0.92,1,1.0,HOLD,92.46,92.46,92.46,50.0,0.0,1.0,15.0,13.9,2.87,0.0,0,0.06
mbti,claude_haiku_4_5,ISFJ,memory,crash,456,0.92,claude_haiku_4_5|ISFJ|memory|crash|456|0.92,1,1.0,HOLD,92.46,92.46,92.46,50.0,0.0,1.0,15.0,13.9,2.87,0.0,0,0.06
mbti,claude_haiku_4_5,ISFJ,static,crash,456,0.92,claude_haiku_4_5|ISFJ|static|crash|456|0.92,1,1.0,HOLD,92.46,92.46,92.46,50.0,0.0,1.0,15.0,13.9,2.87,0.0,0,0.06
mbti,claude_haiku_4_5,ENTJ,memory,crash,789,0.92,claude_haiku_4_5|ENTJ|memory|crash|789|0.92,1,1.0,HOLD,90.66,90.66,90.66,50.0,0.0,1.0,15.0,13.7,2.93,0.0,0,0.15
mbti,claude_haiku_4_5,ENTJ,static,crash,789,0.92,claude_haiku_4_5|ENTJ|static|crash|789|0.92,1,1.0,HOLD,90.66,90.66,90.66,50.0,0.0,1.0,15.0,13.7,2.93,0.0,0,0.15
mbti,claude_haiku_4_5,INTJ,memory,crash,789,0.92,claude_haiku_4_5|INTJ|memory|crash|789|0.92,1,1.0,HOLD,90.66,90.66,90.66,50.0,0.0,1.0,15.0,13.7,2.93,0.0,0,0.15
mbti,claude_haiku_4_5,INTJ,static,crash,789,0.92,claude_haiku_4_5|INTJ|static|crash|789|0.92,1,1.0,HOLD,90.66,90.66,90.66,50.0,0.0,1.0,15.0,13.7,2.93,0.0,0,0.15
mbti,claude_haiku_4_5,ISFJ,memory,crash,789,0.92,claude_haiku_4_5|ISFJ|memory|crash|789|0.92,1,1.0,HOLD,90.66,90.66,90.66,50.0,0.0,1.0,15.0,13.7,2.93,0.0,0,0.15
mbti,claude_haiku_4_5,ISFJ,static,crash,789,0.92,claude_haiku_4_5|ISFJ|static|crash|789|0.92,1,1.0,HOLD,90.66,90.66,90.66,50.0,0.0,1.0,15.0,13.7,2.93,0.0,0,0.15
mbti,claude_haiku_4_5,ENTJ,memory,crash,999,0.92,claude_haiku_4_5|ENTJ|memory|crash|999|0.92,1,1.0,HOLD,87.3,87.3,87.3,50.0,0.0,1.0,15.0,13.1,3.06,0.0,0,-0.01
mbti,claude_haiku_4_5,ENTJ,static,crash,999,0.92,claude_haiku_4_5|ENTJ|static|crash|999|0.92,1,1.0,HOLD,87.3,87.3,87.3,50.0,0.0,1.0,15.0,13.1,3.06,0.0,0,-0.01
mbti,claude_haiku_4_5,INTJ,memory,crash,999,0.92,claude_haiku_4_5|INTJ|memory|crash|999|0.92,1,1.0,HOLD,87.3,87.3,87.3,50.0,0.0,1.0,15.0,13.1,3.06,0.0,0,-0.01
mbti,claude_haiku_4_5,INTJ,static,crash,999,0.92,claude_haiku_4_5|INTJ|static|crash|999|0.92,1,1.0,HOLD,87.3,87.3,87.3,50.0,0.0,1.0,15.0,13.1,3.06,0.0,0,-0.01
mbti,claude_haiku_4_5,ISFJ,memory,crash,999,0.92,claude_haiku_4_5|ISFJ|memory|crash|999|0.92,1,1.0,HOLD,87.3,87.3,87.3,50.0,0.0,1.0,15.0,13.1,3.06,0.0,0,-0.01
mbti,claude_haiku_4_5,ISFJ,static,crash,999,0.92,claude_haiku_4_5|ISFJ|static|crash|999|0.92,1,1.0,HOLD,87.3,87.3,87.3,50.0,0.0,1.0,15.0,13.1,3.06,0.0,0,-0.01
mbti,claude_haiku_4_5,ENTJ,memory,crash,123,0.95,claude_haiku_4_5|ENTJ|memory|crash|123|0.95,1,1.0,HOLD,95.54,95.54,95.54,50.0,0.0,1.0,15.0,14.4,2.78,0.0,0,0.33
mbti,claude_haiku_4_5,ENTJ,static,crash,123,0.95,claude_haiku_4_5|ENTJ|static|crash|123|0.95,1,1.0,HOLD,95.54,95.54,95.54,50.0,0.0,1.0,15.0,14.4,2.78,0.0,0,0.33
mbti,claude_haiku_4_5,INTJ,memory,crash,123,0.95,claude_haiku_4_5|INTJ|memory|crash|123|0.95,1,1.0,HOLD,95.54,95.54,95.54,50.0,0.0,1.0,15.0,14.4,2.78,0.0,0,0.33
mbti,claude_haiku_4_5,INTJ,static,crash,123,0.95,claude_haiku_4_5|INTJ|static|crash|123|0.95,1,1.0,HOLD,95.54,95.54,95.54,50.0,0.0,1.0,15.0,14.4,2.78,0.0,0,0.33
mbti,claude_haiku_4_5,ISFJ,memory,crash,123,0.95,claude_haiku_4_5|ISFJ|memory|crash|123|0.95,1,1.0,HOLD,95.54,95.54,95.54,50.0,0.0,1.0,15.0,14.4,2.78,0.0,0,0.33
mbti,claude_haiku_4_5,ISFJ,static,crash,123,0.95,claude_haiku_4_5|ISFJ|static|crash|123|0.95,1,1.0,HOLD,95.54,95.54,95.54,50.0,0.0,1.0,15.0,14.4,2.78,0.0,0,0.33
mbti,claude_haiku_4_5,ENTJ,memory,crash,42,0.95,claude_haiku_4_5|ENTJ|memory|crash|42|0.95,1,1.0,HOLD,95.77,95.77,95.77,50.0,0.0,1.0,15.0,14.3,2.79,0.0,0,0.1
mbti,claude_haiku_4_5,ENTJ,static,crash,42,0.95,claude_haiku_4_5|ENTJ|static|crash|42|0.95,1,1.0,HOLD,95.77,95.77,95.77,50.0,0.0,1.0,15.0,14.3,2.79,0.0,0,0.1
mbti,claude_haiku_4_5,INTJ,memory,crash,42,0.95,claude_haiku_4_5|INTJ|memory|crash|42|0.95,1,1.0,HOLD,95.77,95.77,95.77,50.0,0.0,1.0,15.0,14.3,2.79,0.0,0,0.1
mbti,claude_haiku_4_5,INTJ,static,crash,42,0.95,claude_haiku_4_5|INTJ|static|crash|42|0.95,1,1.0,HOLD,95.77,95.77,95.77,50.0,0.0,1.0,15.0,14.3,2.79,0.0,0,0.1
mbti,claude_haiku_4_5,ISFJ,memory,crash,42,0.95,claude_haiku_4_5|ISFJ|memory|crash|42|0.95,1,1.0,HOLD,95.77,95.77,95.77,50.0,0.0,1.0,15.0,14.3,2.79,0.0,0,0.1
mbti,claude_haiku_4_5,ISFJ,static,crash,42,0.95,claude_haiku_4_5|ISFJ|static|crash|42|0.95,1,1.0,HOLD,95.77,95.77,95.77,50.0,0.0,1.0,15.0,14.3,2.79,0.0,0,0.1
mbti,claude_haiku_4_5,ENTJ,memory,crash,456,0.95,claude_haiku_4_5|ENTJ|memory|crash|456|0.95,1,1.0,HOLD,95.45,95.45,95.45,50.0,0.0,1.0,15.0,14.4,2.78,0.0,0,0.06
mbti,claude_haiku_4_5,ENTJ,static,crash,456,0.95,claude_haiku_4_5|ENTJ|static|crash|456|0.95,1,1.0,HOLD,95.45,95.45,95.45,50.0,0.0,1.0,15.0,14.4,2.78,0.0,0,0.06
mbti,claude_haiku_4_5,INTJ,memory,crash,456,0.95,claude_haiku_4_5|INTJ|memory|crash|456|0.95,1,1.0,HOLD,95.45,95.45,95.45,50.0,0.0,1.0,15.0,14.4,2.78,0.0,0,0.06
mbti,claude_haiku_4_5,INTJ,static,crash,456,0.95,claude_haiku_4_5|INTJ|static|crash|456|0.95,1,1.0,HOLD,95.45,95.45,95.45,50.0,0.0,1.0,15.0,14.4,2.78,0.0,0,0.06
mbti,claude_haiku_4_5,ISFJ,memory,crash,456,0.95,claude_haiku_4_5|ISFJ|memory|crash|456|0.95,1,1.0,HOLD,95.45,95.45,95.45,50.0,0.0,1.0,15.0,14.4,2.78,0.0,0,0.06
mbti,claude_haiku_4_5,ISFJ,static,crash,456,0.95,claude_haiku_4_5|ISFJ|static|crash|456|0.95,1,1.0,HOLD,95.45,95.45,95.45,50.0,0.0,1.0,15.0,14.4,2.78,0.0,0,0.06
mbti,claude_haiku_4_5,ENTJ,memory,crash,789,0.95,claude_haiku_4_5|ENTJ|memory|crash|789|0.95,1,1.0,HOLD,93.64,93.64,93.64,50.0,0.0,1.0,15.0,14.1,2.83,0.0,0,0.15
mbti,claude_haiku_4_5,ENTJ,static,crash,789,0.95,claude_haiku_4_5|ENTJ|static|crash|789|0.95,1,1.0,HOLD,93.64,93.64,93.64,50.0,0.0,1.0,15.0,14.1,2.83,0.0,0,0.15
mbti,claude_haiku_4_5,INTJ,memory,crash,789,0.95,claude_haiku_4_5|INTJ|memory|crash|789|0.95,1,1.0,HOLD,93.64,93.64,93.64,50.0,0.0,1.0,15.0,14.1,2.83,0.0,0,0.15
mbti,claude_haiku_4_5,INTJ,static,crash,789,0.95,claude_haiku_4_5|INTJ|static|crash|789|0.95,1,1.0,HOLD,93.64,93.64,93.64,50.0,0.0,1.0,15.0,14.1,2.83,0.0,0,0.15
mbti,claude_haiku_4_5,ISFJ,memory,crash,789,0.95,claude_haiku_4_5|ISFJ|memory|crash|789|0.95,1,1.0,HOLD,93.64,93.64,93.64,50.0,0.0,1.0,15.0,14.1,2.83,0.0,0,0.15
mbti,claude_haiku_4_5,ISFJ,static,crash,789,0.95,claude_haiku_4_5|ISFJ|static|crash|789|0.95,1,1.0,HOLD,93.64,93.64,93.64,50.0,0.0,1.0,15.0,14.1,2.83,0.0,0,0.15
mbti,claude_haiku_4_5,ENTJ,memory,crash,999,0.95,claude_haiku_4_5|ENTJ|memory|crash|999|0.95,1,1.0,HOLD,90.3,90.3,90.3,50.0,0.0,1.0,15.0,13.5,2.95,0.0,0,-0.01
mbti,claude_haiku_4_5,ENTJ,static,crash,999,0.95,claude_haiku_4_5|ENTJ|static|crash|999|0.95,1,1.0,HOLD,90.3,90.3,90.3,50.0,0.0,1.0,15.0,13.5,2.95,0.0,0,-0.01
mbti,claude_haiku_4_5,INTJ,memory,crash,999,0.95,claude_haiku_4_5|INTJ|memory|crash|999|0.95,1,1.0,HOLD,90.3,90.3,90.3,50.0,0.0,1.0,15.0,13.5,2.95,0.0,0,-0.01
mbti,claude_haiku_4_5,INTJ,static,crash,999,0.95,claude_haiku_4_5|INTJ|static|crash|999|0.95,1,1.0,HOLD,90.3,90.3,90.3,50.0,0.0,1.0,15.0,13.5,2.95,0.0,0,-0.01
mbti,claude_haiku_4_5,ISFJ,memory,crash,999,0.95,claude_haiku_4_5|ISFJ|memory|crash|999|0.95,1,1.0,HOLD,90.3,90.3,90.3,50.0,0.0,1.0,15.0,13.5,2.95,0.0,0,-0.01
mbti,claude_haiku_4_5,ISFJ,static,crash,999,0.95,claude_haiku_4_5|ISFJ|static|crash|999|0.95,1,1.0,HOLD,90.3,90.3,90.3,50.0,0.0,1.0,15.0,13.5,2.95,0.0,0,-0.01
mbti,claude_haiku_4_5,ENTJ,memory,flat,123,,claude_haiku_4_5|ENTJ|memory|flat|123|,1,1.0,HOLD,99.68,99.68,99.68,50.0,0.0,1.0,15.0,15.0,2.68,0.0,0,-0.61
mbti,claude_haiku_4_5,ENTJ,static,flat,123,,claude_haiku_4_5|ENTJ|static|flat|123|,1,1.0,HOLD,99.92,99.92,99.92,50.0,0.0,1.0,15.0,15.0,2.67,0.0,0,-0.04
mbti,claude_haiku_4_5,INTJ,memory,flat,123,,claude_haiku_4_5|INTJ|memory|flat|123|,1,1.0,HOLD,99.92,99.92,99.92,50.0,0.0,1.0,15.0,15.0,2.67,0.0,0,-0.04
mbti,claude_haiku_4_5,INTJ,static,flat,123,,claude_haiku_4_5|INTJ|static|flat|123|,1,1.0,HOLD,99.92,99.92,99.92,50.0,0.0,1.0,15.0,15.0,2.67,0.0,0,-0.04
mbti,claude_haiku_4_5,ISFJ,memory,flat,123,,claude_haiku_4_5|ISFJ|memory|flat|123|,1,1.0,HOLD,99.92,99.92,99.92,50.0,0.0,1.0,15.0,15.0,2.67,0.0,0,-0.04
mbti,claude_haiku_4_5,ISFJ,static,flat,123,,claude_haiku_4_5|ISFJ|static|flat|123|,1,1.0,HOLD,99.92,99.92,99.92,50.0,0.0,1.0,15.0,15.0,2.67,0.0,0,-0.04
mbti,claude_haiku_4_5,ENTJ,memory,flat,42,,claude_haiku_4_5|ENTJ|memory|flat|42|,1,1.0,HOLD,99.94,99.94,99.94,50.0,0.0,1.0,15.0,15.0,2.67,0.0,0,-0.17
mbti,claude_haiku_4_5,ENTJ,static,flat,42,,claude_haiku_4_5|ENTJ|static|flat|42|,1,1.0,HOLD,99.94,99.94,99.94,50.0,0.0,1.0,15.0,15.0,2.67,0.0,0,-0.17
mbti,claude_haiku_4_5,INTJ,memory,flat,42,,claude_haiku_4_5|INTJ|memory|flat|42|,1,1.0,HOLD,99.94,99.94,99.94,50.0,0.0,1.0,15.0,15.0,2.67,0.0,0,-0.17
mbti,claude_haiku_4_5,INTJ,static,flat,42,,claude_haiku_4_5|INTJ|static|flat|42|,1,1.0,HOLD,99.94,99.94,99.94,50.0,0.0,1.0,15.0,15.0,2.67,0.0,0,-0.17
mbti,claude_haiku_4_5,ISFJ,memory,flat,42,,claude_haiku_4_5|ISFJ|memory|flat|42|,1,1.0,HOLD,99.94,99.94,99.94,50.0,0.0,1.0,15.0,15.0,2.67,0.0,0,-0.17
mbti,claude_haiku_4_5,ISFJ,static,flat,42,,claude_haiku_4_5|ISFJ|static|flat|42|,1,1.0,HOLD,99.94,99.94,99.94,50.0,0.0,1.0,15.0,15.0,2.67,0.0,0,-0.17
mbti,claude_haiku_4_5,ENTJ,memory,flat,456,,claude_haiku_4_5|ENTJ|memory|flat|456|,1,1.0,HOLD,100.19,100.19,100.19,50.0,0.0,1.0,15.0,15.0,2.66,0.0,0,-0.42
mbti,claude_haiku_4_5,ENTJ,static,flat,456,,claude_haiku_4_5|ENTJ|static|flat|456|,1,1.0,HOLD,100.25,100.25,100.25,50.0,0.0,1.0,15.0,15.0,2.66,0.0,0,-0.39
mbti,claude_haiku_4_5,INTJ,memory,flat,456,,claude_haiku_4_5|INTJ|memory|flat|456|,1,1.0,HOLD,99.81,99.81,99.81,50.0,0.0,1.0,15.0,15.0,2.67,0.0,0,-0.05
mbti,claude_haiku_4_5,INTJ,static,flat,456,,claude_haiku_4_5|INTJ|static|flat|456|,1,1.0,HOLD,100.25,100.25,100.25,50.0,0.0,1.0,15.0,15.0,2.66,0.0,0,-0.39
mbti,claude_haiku_4_5,ISFJ,memory,flat,456,,claude_haiku_4_5|ISFJ|memory|flat|456|,1,1.0,HOLD,100.25,100.25,100.25,50.0,0.0,1.0,15.0,15.0,2.66,0.0,0,-0.39
mbti,claude_haiku_4_5,ISFJ,static,flat,456,,claude_haiku_4_5|ISFJ|static|flat|456|,1,1.0,HOLD,100.25,100.25,100.25,50.0,0.0,1.0,15.0,15.0,2.66,0.0,0,-0.39
mbti,claude_haiku_4_5,ENTJ,memory,flat,789,,claude_haiku_4_5|ENTJ|memory|flat|789|,1,1.0,HOLD,100.98,100.98,100.98,50.0,0.0,1.0,15.0,15.1,2.64,0.0,0,0.55
mbti,claude_haiku_4_5,ENTJ,static,flat,789,,claude_haiku_4_5|ENTJ|static|flat|789|,1,1.0,HOLD,100.19,100.19,100.19,50.0,0.0,1.0,15.0,15.0,2.66,0.0,0,0.26
mbti,claude_haiku_4_5,INTJ,memory,flat,789,,claude_haiku_4_5|INTJ|memory|flat|789|,1,1.0,HOLD,100.19,100.19,100.19,50.0,0.0,1.0,15.0,15.0,2.66,0.0,0,0.26
mbti,claude_haiku_4_5,INTJ,static,flat,789,,claude_haiku_4_5|INTJ|static|flat|789|,1,1.0,HOLD,100.19,100.19,100.19,50.0,0.0,1.0,15.0,15.0,2.66,0.0,0,0.26
mbti,claude_haiku_4_5,ISFJ,memory,flat,789,,claude_haiku_4_5|ISFJ|memory|flat|789|,1,1.0,HOLD,100.19,100.19,100.19,50.0,0.0,1.0,15.0,15.0,2.66,0.0,0,0.26
mbti,claude_haiku_4_5,ISFJ,static,flat,789,,claude_haiku_4_5|ISFJ|static|flat|789|,1,1.0,HOLD,100.19,100.19,100.19,50.0,0.0,1.0,15.0,15.0,2.66,0.0,0,0.26
mbti,claude_haiku_4_5,ENTJ,memory,flat,999,,claude_haiku_4_5|ENTJ|memory|flat|999|,1,1.0,HOLD,100.38,100.38,100.38,50.0,0.0,1.0,15.0,15.1,2.66,0.0,0,0.08
mbti,claude_haiku_4_5,ENTJ,static,flat,999,,claude_haiku_4_5|ENTJ|static|flat|999|,1,1.0,HOLD,100.38,100.38,100.38,50.0,0.0,1.0,15.0,15.1,2.66,0.0,0,0.08
mbti,claude_haiku_4_5,INTJ,memory,flat,999,,claude_haiku_4_5|INTJ|memory|flat|999|,1,1.0,HOLD,100.38,100.38,100.38,50.0,0.0,1.0,15.0,15.1,2.66,0.0,0,0.08
mbti,claude_haiku_4_5,INTJ,static,flat,999,,claude_haiku_4_5|INTJ|static|flat|999|,1,1.0,HOLD,100.38,100.38,100.38,50.0,0.0,1.0,15.0,15.1,2.66,0.0,0,0.08
mbti,claude_haiku_4_5,ISFJ,memory,flat,999,,claude_haiku_4_5|ISFJ|memory|flat|999|,1,1.0,HOLD,100.38,100.38,100.38,50.0,0.0,1.0,15.0,15.1,2.66,0.0,0,0.08
mbti,claude_haiku_4_5,ISFJ,static,flat,999,,claude_haiku_4_5|ISFJ|static|flat|999|,1,1.0,HOLD,100.38,100.38,100.38,50.0,0.0,1.0,15.0,15.1,2.66,0.0,0,0.08
mbti,claude_opus_4_6,ENTJ,memory,bull_trap,123,,claude_opus_4_6|ENTJ|memory|bull_trap|123|,1,0.75,BUY,99.72,99.72,99.72,50.0,0.0,1.0,15.0,15.1,2.65,0.0,0,0.33
mbti,claude_opus_4_6,ENTJ,static,bull_trap,123,,claude_opus_4_6|ENTJ|static|bull_trap|123|,1,0.75,BUY,99.72,99.72,99.72,50.0,0.0,1.0,15.0,15.1,2.65,0.0,0,0.33
mbti,claude_opus_4_6,INTJ,memory,bull_trap,123,,claude_opus_4_6|INTJ|memory|bull_trap|123|,1,0.75,BUY,99.72,99.72,99.72,50.0,0.0,1.0,15.0,15.1,2.65,0.0,0,0.33
mbti,claude_opus_4_6,INTJ,static,bull_trap,123,,claude_opus_4_6|INTJ|static|bull_trap|123|,1,0.75,BUY,99.72,99.72,99.72,50.0,0.0,1.0,15.0,15.1,2.65,0.0,0,0.33
mbti,claude_opus_4_6,ISFJ,memory,bull_trap,123,,claude_opus_4_6|ISFJ|memory|bull_trap|123|,1,0.7,BUY,99.72,99.72,99.72,50.0,0.0,1.0,15.0,15.1,2.65,0.0,0,0.33
mbti,claude_opus_4_6,ISFJ,static,bull_trap,123,,claude_opus_4_6|ISFJ|static|bull_trap|123|,1,0.75,BUY,99.72,99.72,99.72,50.0,0.0,1.0,15.0,15.1,2.65,0.0,0,0.33
mbti,claude_opus_4_6,ENTJ,memory,bull_trap,42,,claude_opus_4_6|ENTJ|memory|bull_trap|42|,1,0.75,BUY,100.96,100.96,100.96,50.0,0.0,1.0,15.0,15.1,2.66,0.0,0,0.1
mbti,claude_opus_4_6,ENTJ,static,bull_trap,42,,claude_opus_4_6|ENTJ|static|bull_trap|42|,1,0.75,BUY,100.96,100.96,100.96,50.0,0.0,1.0,15.0,15.1,2.66,0.0,0,0.1
mbti,claude_opus_4_6,INTJ,memory,bull_trap,42,,claude_opus_4_6|INTJ|memory|bull_trap|42|,1,0.75,BUY,100.96,100.96,100.96,50.0,0.0,1.0,15.0,15.1,2.66,0.0,0,0.1
mbti,claude_opus_4_6,INTJ,static,bull_trap,42,,claude_opus_4_6|INTJ|static|bull_trap|42|,1,0.75,BUY,100.96,100.96,100.96,50.0,0.0,1.0,15.0,15.1,2.66,0.0,0,0.1
mbti,claude_opus_4_6,ISFJ,memory,bull_trap,42,,claude_opus_4_6|ISFJ|memory|bull_trap|42|,1,0.7,BUY,100.96,100.96,100.96,50.0,0.0,1.0,15.0,15.1,2.66,0.0,0,0.1
mbti,claude_opus_4_6,ISFJ,static,bull_trap,42,,claude_opus_4_6|ISFJ|static|bull_trap|42|,1,0.75,BUY,100.96,100.96,100.96,50.0,0.0,1.0,15.0,15.1,2.66,0.0,0,0.1
mbti,claude_opus_4_6,ENTJ,memory,bull_trap,456,,claude_opus_4_6|ENTJ|memory|bull_trap|456|,1,1.0,HOLD,99.94,99.94,99.94,50.0,0.0,1.0,15.0,15.1,2.65,0.0,0,0.06
mbti,claude_opus_4_6,ENTJ,static,bull_trap,456,,claude_opus_4_6|ENTJ|static|bull_trap|456|,1,0.75,BUY,99.94,99.94,99.94,50.0,0.0,1.0,15.0,15.1,2.65,0.0,0,0.06
mbti,claude_opus_4_6,INTJ,memory,bull_trap,456,,claude_opus_4_6|INTJ|memory|bull_trap|456|,1,0.75,BUY,99.94,99.94,99.94,50.0,0.0,1.0,15.0,15.1,2.65,0.0,0,0.06
mbti,claude_opus_4_6,INTJ,static,bull_trap,456,,claude_opus_4_6|INTJ|static|bull_trap|456|,1,1.0,HOLD,99.94,99.94,99.94,50.0,0.0,1.0,15.0,15.1,2.65,0.0,0,0.06
mbti,claude_opus_4_6,ISFJ,memory,bull_trap,456,,claude_opus_4_6|ISFJ|memory|bull_trap|456|,1,0.7,BUY,99.94,99.94,99.94,50.0,0.0,1.0,15.0,15.1,2.65,0.0,0,0.06
mbti,claude_opus_4_6,ISFJ,static,bull_trap,456,,claude_opus_4_6|ISFJ|static|bull_trap|456|,1,0.75,BUY,99.94,99.94,99.94,50.0,0.0,1.0,15.0,15.1,2.65,0.0,0,0.06
mbti,claude_opus_4_6,ENTJ,memory,bull_trap,789,,claude_opus_4_6|ENTJ|memory|bull_trap|789|,1,0.75,BUY,98.44,98.44,98.44,50.0,0.0,1.0,15.0,14.9,2.68,0.0,0,0.15
mbti,claude_opus_4_6,ENTJ,static,bull_trap,789,,claude_opus_4_6|ENTJ|static|bull_trap|789|,1,0.75,BUY,98.44,98.44,98.44,50.0,0.0,1.0,15.0,14.9,2.68,0.0,0,0.15
mbti,claude_opus_4_6,INTJ,memory,bull_trap,789,,claude_opus_4_6|INTJ|memory|bull_trap|789|,1,0.75,BUY,98.44,98.44,98.44,50.0,0.0,1.0,15.0,14.9,2.68,0.0,0,0.15
mbti,claude_opus_4_6,INTJ,static,bull_trap,789,,claude_opus_4_6|INTJ|static|bull_trap|789|,1,0.75,BUY,98.44,98.44,98.44,50.0,0.0,1.0,15.0,14.9,2.68,0.0,0,0.15
mbti,claude_opus_4_6,ISFJ,memory,bull_trap,789,,claude_opus_4_6|ISFJ|memory|bull_trap|789|,1,0.7,BUY,98.44,98.44,98.44,50.0,0.0,1.0,15.0,14.9,2.68,0.0,0,0.15
mbti,claude_opus_4_6,ISFJ,static,bull_trap,789,,claude_opus_4_6|ISFJ|static|bull_trap|789|,1,0.75,BUY,98.44,98.44,98.44,50.0,0.0,1.0,15.0,14.9,2.68,0.0,0,0.15
mbti,claude_opus_4_6,ENTJ,memory,bull_trap,999,,claude_opus_4_6|ENTJ|memory|bull_trap|999|,1,1.0,HOLD,97.06,97.06,97.06,50.0,0.0,1.0,15.0,14.5,2.75,0.0,0,-0.01
mbti,claude_opus_4_6,ENTJ,static,bull_trap,999,,claude_opus_4_6|ENTJ|static|bull_trap|999|,1,0.75,BUY,97.06,97.06,97.06,50.0,0.0,1.0,15.0,14.5,2.75,0.0,0,-0.01
mbti,claude_opus_4_6,INTJ,memory,bull_trap,999,,claude_opus_4_6|INTJ|memory|bull_trap|999|,1,1.0,HOLD,97.06,97.06,97.06,50.0,0.0,1.0,15.0,14.5,2.75,0.0,0,-0.01
mbti,claude_opus_4_6,INTJ,static,bull_trap,999,,claude_opus_4_6|INTJ|static|bull_trap|999|,1,1.0,HOLD,97.06,97.06,97.06,50.0,0.0,1.0,15.0,14.5,2.75,0.0,0,-0.01
mbti,claude_opus_4_6,ISFJ,memory,bull_trap,999,,claude_opus_4_6|ISFJ|memory|bull_trap|999|,1,0.7,BUY,97.06,97.06,97.06,50.0,0.0,1.0,15.0,14.5,2.75,0.0,0,-0.01
mbti,claude_opus_4_6,ISFJ,static,bull_trap,999,,claude_opus_4_6|ISFJ|static|bull_trap|999|,1,0.75,BUY,97.06,97.06,97.06,50.0,0.0,1.0,15.0,14.5,2.75,0.0,0,-0.01
mbti,claude_opus_4_6,ENTJ,memory,crash,123,0.85,claude_opus_4_6|ENTJ|memory|crash|123|0.85,1,0.75,BUY,85.59,85.59,85.59,50.0,0.0,1.0,15.0,12.9,3.1,0.0,0,0.33
mbti,claude_opus_4_6,ENTJ,static,crash,123,0.85,claude_opus_4_6|ENTJ|static|crash|123|0.85,1,0.5,BUY,85.59,85.59,85.59,50.0,0.0,1.0,15.0,12.9,3.1,0.0,0,0.33
mbti,claude_opus_4_6,INTJ,memory,crash,123,0.85,claude_opus_4_6|INTJ|memory|crash|123|0.85,1,0.75,BUY,85.59,85.59,85.59,50.0,0.0,1.0,15.0,12.9,3.1,0.0,0,0.33
mbti,claude_opus_4_6,INTJ,static,crash,123,0.85,claude_opus_4_6|INTJ|static|crash|123|0.85,1,0.75,BUY,85.59,85.59,85.59,50.0,0.0,1.0,15.0,12.9,3.1,0.0,0,0.33
mbti,claude_opus_4_6,ISFJ,memory,crash,123,0.85,claude_opus_4_6|ISFJ|memory|crash|123|0.85,1,0.7,BUY,85.59,85.59,85.59,50.0,0.0,1.0,15.0,12.9,3.1,0.0,0,0.33
mbti,claude_opus_4_6,ISFJ,static,crash,123,0.85,claude_opus_4_6|ISFJ|static|crash|123|0.85,1,0.75,BUY,85.59,85.59,85.59,50.0,0.0,1.0,15.0,12.9,3.1,0.0,0,0.33
mbti,claude_opus_4_6,ENTJ,memory,crash,42,0.85,claude_opus_4_6|ENTJ|memory|crash|42|0.85,1,1.0,HOLD,85.75,85.75,85.75,50.0,0.0,1.0,15.0,12.8,3.12,0.0,0,0.1
mbti,claude_opus_4_6,ENTJ,static,crash,42,0.85,claude_opus_4_6|ENTJ|static|crash|42|0.85,1,0.75,BUY,85.75,85.75,85.75,50.0,0.0,1.0,15.0,12.8,3.12,0.0,0,0.1
mbti,claude_opus_4_6,INTJ,memory,crash,42,0.85,claude_opus_4_6|INTJ|memory|crash|42|0.85,1,0.75,BUY,85.75,85.75,85.75,50.0,0.0,1.0,15.0,12.8,3.12,0.0,0,0.1
mbti,claude_opus_4_6,INTJ,static,crash,42,0.85,claude_opus_4_6|INTJ|static|crash|42|0.85,1,0.75,BUY,85.75,85.75,85.75,50.0,0.0,1.0,15.0,12.8,3.12,0.0,0,0.1
mbti,claude_opus_4_6,ISFJ,memory,crash,42,0.85,claude_opus_4_6|ISFJ|memory|crash|42|0.85,1,0.7,BUY,85.75,85.75,85.75,50.0,0.0,1.0,15.0,12.8,3.12,0.0,0,0.1
mbti,claude_opus_4_6,ISFJ,static,crash,42,0.85,claude_opus_4_6|ISFJ|static|crash|42|0.85,1,0.75,BUY,85.75,85.75,85.75,50.0,0.0,1.0,15.0,12.8,3.12,0.0,0,0.1
mbti,claude_opus_4_6,ENTJ,memory,crash,456,0.85,claude_opus_4_6|ENTJ|memory|crash|456|0.85,1,0.75,BUY,85.48,85.48,85.48,50.0,0.0,1.0,15.0,12.9,3.11,0.0,0,0.06
mbti,claude_opus_4_6,ENTJ,static,crash,456,0.85,claude_opus_4_6|ENTJ|static|crash|456|0.85,1,0.75,BUY,85.48,85.48,85.48,50.0,0.0,1.0,15.0,12.9,3.11,0.0,0,0.06
mbti,claude_opus_4_6,INTJ,memory,crash,456,0.85,claude_opus_4_6|INTJ|memory|crash|456|0.85,1,0.75,BUY,85.48,85.48,85.48,50.0,0.0,1.0,15.0,12.9,3.11,0.0,0,0.06
mbti,claude_opus_4_6,INTJ,static,crash,456,0.85,claude_opus_4_6|INTJ|static|crash|456|0.85,1,0.75,BUY,85.48,85.48,85.48,50.0,0.0,1.0,15.0,12.9,3.11,0.0,0,0.06
mbti,claude_opus_4_6,ISFJ,memory,crash,456,0.85,claude_opus_4_6|ISFJ|memory|crash|456|0.85,1,0.7,BUY,85.48,85.48,85.48,50.0,0.0,1.0,15.0,12.9,3.11,0.0,0,0.06
mbti,claude_opus_4_6,ISFJ,static,crash,456,0.85,claude_opus_4_6|ISFJ|static|crash|456|0.85,1,0.75,BUY,85.48,85.48,85.48,50.0,0.0,1.0,15.0,12.9,3.11,0.0,0,0.06
mbti,claude_opus_4_6,ENTJ,memory,crash,789,0.85,claude_opus_4_6|ENTJ|memory|crash|789|0.85,1,0.75,BUY,83.7,83.7,83.7,50.0,0.0,1.0,15.0,12.6,3.17,0.0,0,0.15
mbti,claude_opus_4_6,ENTJ,static,crash,789,0.85,claude_opus_4_6|ENTJ|static|crash|789|0.85,1,0.75,BUY,83.7,83.7,83.7,50.0,0.0,1.0,15.0,12.6,3.17,0.0,0,0.15
mbti,claude_opus_4_6,INTJ,memory,crash,789,0.85,claude_opus_4_6|INTJ|memory|crash|789|0.85,1,0.75,BUY,83.7,83.7,83.7,50.0,0.0,1.0,15.0,12.6,3.17,0.0,0,0.15
mbti,claude_opus_4_6,INTJ,static,crash,789,0.85,claude_opus_4_6|INTJ|static|crash|789|0.85,1,0.75,BUY,83.7,83.7,83.7,50.0,0.0,1.0,15.0,12.6,3.17,0.0,0,0.15
mbti,claude_opus_4_6,ISFJ,memory,crash,789,0.85,claude_opus_4_6|ISFJ|memory|crash|789|0.85,1,0.7,BUY,83.7,83.7,83.7,50.0,0.0,1.0,15.0,12.6,3.17,0.0,0,0.15
mbti,claude_opus_4_6,ISFJ,static,crash,789,0.85,claude_opus_4_6|ISFJ|static|crash|789|0.85,1,0.75,BUY,83.7,83.7,83.7,50.0,0.0,1.0,15.0,12.6,3.17,0.0,0,0.15
mbti,claude_opus_4_6,ENTJ,memory,crash,999,0.85,claude_opus_4_6|ENTJ|memory|crash|999|0.85,1,1.0,HOLD,80.3,80.3,80.3,50.0,0.0,1.0,15.0,12.0,3.32,0.0,0,-0.01
mbti,claude_opus_4_6,ENTJ,static,crash,999,0.85,claude_opus_4_6|ENTJ|static|crash|999|0.85,1,0.75,BUY,80.3,80.3,80.3,50.0,0.0,1.0,15.0,12.0,3.32,0.0,0,-0.01
mbti,claude_opus_4_6,INTJ,memory,crash,999,0.85,claude_opus_4_6|INTJ|memory|crash|999|0.85,1,0.75,BUY,80.3,80.3,80.3,50.0,0.0,1.0,15.0,12.0,3.32,0.0,0,-0.01
mbti,claude_opus_4_6,INTJ,static,crash,999,0.85,claude_opus_4_6|INTJ|static|crash|999|0.85,1,1.0,HOLD,80.3,80.3,80.3,50.0,0.0,1.0,15.0,12.0,3.32,0.0,0,-0.01
mbti,claude_opus_4_6,ISFJ,memory,crash,999,0.85,claude_opus_4_6|ISFJ|memory|crash|999|0.85,1,0.75,BUY,80.3,80.3,80.3,50.0,0.0,1.0,15.0,12.0,3.32,0.0,0,-0.01
mbti,claude_opus_4_6,ISFJ,static,crash,999,0.85,claude_opus_4_6|ISFJ|static|crash|999|0.85,1,0.75,BUY,80.3,80.3,80.3,50.0,0.0,1.0,15.0,12.0,3.32,0.0,0,-0.01
mbti,claude_opus_4_6,ENTJ,memory,crash,123,0.92,claude_opus_4_6|ENTJ|memory|crash|123|0.92,1,0.75,BUY,92.56,92.56,92.56,50.0,0.0,1.0,15.0,14.0,2.87,0.0,0,0.33
mbti,claude_opus_4_6,ENTJ,static,crash,123,0.92,claude_opus_4_6|ENTJ|static|crash|123|0.92,1,0.75,BUY,92.56,92.56,92.56,50.0,0.0,1.0,15.0,14.0,2.87,0.0,0,0.33
mbti,claude_opus_4_6,INTJ,memory,crash,123,0.92,claude_opus_4_6|INTJ|memory|crash|123|0.92,1,0.75,BUY,92.56,92.56,92.56,50.0,0.0,1.0,15.0,14.0,2.87,0.0,0,0.33
mbti,claude_opus_4_6,INTJ,static,crash,123,0.92,claude_opus_4_6|INTJ|static|crash|123|0.92,1,0.75,BUY,92.56,92.56,92.56,50.0,0.0,1.0,15.0,14.0,2.87,0.0,0,0.33
mbti,claude_opus_4_6,ISFJ,memory,crash,123,0.92,claude_opus_4_6|ISFJ|memory|crash|123|0.92,1,0.7,BUY,92.56,92.56,92.56,50.0,0.0,1.0,15.0,14.0,2.87,0.0,0,0.33
mbti,claude_opus_4_6,ISFJ,static,crash,123,0.92,claude_opus_4_6|ISFJ|static|crash|123|0.92,1,0.75,BUY,92.56,92.56,92.56,50.0,0.0,1.0,15.0,14.0,2.87,0.0,0,0.33
mbti,claude_opus_4_6,ENTJ,memory,crash,42,0.92,claude_opus_4_6|ENTJ|memory|crash|42|0.92,1,0.75,BUY,92.77,92.77,92.77,50.0,0.0,1.0,15.0,13.9,2.88,0.0,0,0.1
mbti,claude_opus_4_6,ENTJ,static,crash,42,0.92,claude_opus_4_6|ENTJ|static|crash|42|0.92,1,0.75,BUY,92.77,92.77,92.77,50.0,0.0,1.0,15.0,13.9,2.88,0.0,0,0.1
mbti,claude_opus_4_6,INTJ,memory,crash,42,0.92,claude_opus_4_6|INTJ|memory|crash|42|0.92,1,0.75,BUY,92.77,92.77,92.77,50.0,0.0,1.0,15.0,13.9,2.88,0.0,0,0.1
mbti,claude_opus_4_6,INTJ,static,crash,42,0.92,claude_opus_4_6|INTJ|static|crash|42|0.92,1,0.75,BUY,92.77,92.77,92.77,50.0,0.0,1.0,15.0,13.9,2.88,0.0,0,0.1
mbti,claude_opus_4_6,ISFJ,memory,crash,42,0.92,claude_opus_4_6|ISFJ|memory|crash|42|0.92,1,0.7,BUY,92.77,92.77,92.77,50.0,0.0,1.0,15.0,13.9,2.88,0.0,0,0.1
mbti,claude_opus_4_6,ISFJ,static,crash,42,0.92,claude_opus_4_6|ISFJ|static|crash|42|0.92,1,0.75,BUY,92.77,92.77,92.77,50.0,0.0,1.0,15.0,13.9,2.88,0.0,0,0.1
mbti,claude_opus_4_6,ENTJ,memory,crash,456,0.92,claude_opus_4_6|ENTJ|memory|crash|456|0.92,1,0.75,BUY,92.46,92.46,92.46,50.0,0.0,1.0,15.0,13.9,2.87,0.0,0,0.06
mbti,claude_opus_4_6,ENTJ,static,crash,456,0.92,claude_opus_4_6|ENTJ|static|crash|456|0.92,1,0.75,BUY,92.46,92.46,92.46,50.0,0.0,1.0,15.0,13.9,2.87,0.0,0,0.06
mbti,claude_opus_4_6,INTJ,memory,crash,456,0.92,claude_opus_4_6|INTJ|memory|crash|456|0.92,1,0.75,BUY,92.46,92.46,92.46,50.0,0.0,1.0,15.0,13.9,2.87,0.0,0,0.06
mbti,claude_opus_4_6,INTJ,static,crash,456,0.92,claude_opus_4_6|INTJ|static|crash|456|0.92,1,0.75,BUY,92.46,92.46,92.46,50.0,0.0,1.0,15.0,13.9,2.87,0.0,0,0.06
mbti,claude_opus_4_6,ISFJ,memory,crash,456,0.92,claude_opus_4_6|ISFJ|memory|crash|456|0.92,1,0.7,BUY,92.46,92.46,92.46,50.0,0.0,1.0,15.0,13.9,2.87,0.0,0,0.06
mbti,claude_opus_4_6,ISFJ,static,crash,456,0.92,claude_opus_4_6|ISFJ|static|crash|456|0.92,1,0.75,BUY,92.46,92.46,92.46,50.0,0.0,1.0,15.0,13.9,2.87,0.0,0,0.06
mbti,claude_opus_4_6,ENTJ,memory,crash,789,0.92,claude_opus_4_6|ENTJ|memory|crash|789|0.92,1,0.75,BUY,90.66,90.66,90.66,50.0,0.0,1.0,15.0,13.7,2.93,0.0,0,0.15
mbti,claude_opus_4_6,ENTJ,static,crash,789,0.92,claude_opus_4_6|ENTJ|static|crash|789|0.92,1,0.5,BUY,90.66,90.66,90.66,50.0,0.0,1.0,15.0,13.7,2.93,0.0,0,0.15
mbti,claude_opus_4_6,INTJ,memory,crash,789,0.92,claude_opus_4_6|INTJ|memory|crash|789|0.92,1,0.75,BUY,90.66,90.66,90.66,50.0,0.0,1.0,15.0,13.7,2.93,0.0,0,0.15
mbti,claude_opus_4_6,INTJ,static,crash,789,0.92,claude_opus_4_6|INTJ|static|crash|789|0.92,1,0.75,BUY,90.66,90.66,90.66,50.0,0.0,1.0,15.0,13.7,2.93,0.0,0,0.15
mbti,claude_opus_4_6,ISFJ,memory,crash,789,0.92,claude_opus_4_6|ISFJ|memory|crash|789|0.92,1,0.7,BUY,90.66,90.66,90.66,50.0,0.0,1.0,15.0,13.7,2.93,0.0,0,0.15
mbti,claude_opus_4_6,ISFJ,static,crash,789,0.92,claude_opus_4_6|ISFJ|static|crash|789|0.92,1,0.75,BUY,90.66,90.66,90.66,50.0,0.0,1.0,15.0,13.7,2.93,0.0,0,0.15
mbti,claude_opus_4_6,ENTJ,memory,crash,999,0.92,claude_opus_4_6|ENTJ|memory|crash|999|0.92,1,1.0,HOLD,87.3,87.3,87.3,50.0,0.0,1.0,15.0,13.1,3.06,0.0,0,-0.01
mbti,claude_opus_4_6,ENTJ,static,crash,999,0.92,claude_opus_4_6|ENTJ|static|crash|999|0.92,1,0.75,BUY,87.3,87.3,87.3,50.0,0.0,1.0,15.0,13.1,3.06,0.0,0,-0.01
mbti,claude_opus_4_6,INTJ,memory,crash,999,0.92,claude_opus_4_6|INTJ|memory|crash|999|0.92,1,0.75,BUY,87.3,87.3,87.3,50.0,0.0,1.0,15.0,13.1,3.06,0.0,0,-0.01
mbti,claude_opus_4_6,INTJ,static,crash,999,0.92,claude_opus_4_6|INTJ|static|crash|999|0.92,1,1.0,HOLD,87.3,87.3,87.3,50.0,0.0,1.0,15.0,13.1,3.06,0.0,0,-0.01
mbti,claude_opus_4_6,ISFJ,memory,crash,999,0.92,claude_opus_4_6|ISFJ|memory|crash|999|0.92,1,0.7,BUY,87.3,87.3,87.3,50.0,0.0,1.0,15.0,13.1,3.06,0.0,0,-0.01
mbti,claude_opus_4_6,ISFJ,static,crash,999,0.92,claude_opus_4_6|ISFJ|static|crash|999|0.92,1,0.75,BUY,87.3,87.3,87.3,50.0,0.0,1.0,15.0,13.1,3.06,0.0,0,-0.01
mbti,claude_opus_4_6,ENTJ,memory,crash,123,0.95,claude_opus_4_6|ENTJ|memory|crash|123|0.95,1,0.75,BUY,95.54,95.54,95.54,50.0,0.0,1.0,15.0,14.4,2.78,0.0,0,0.33
mbti,claude_opus_4_6,ENTJ,static,crash,123,0.95,claude_opus_4_6|ENTJ|static|crash|123|0.95,1,0.5,BUY,95.54,95.54,95.54,50.0,0.0,1.0,15.0,14.4,2.78,0.0,0,0.33
mbti,claude_opus_4_6,INTJ,memory,crash,123,0.95,claude_opus_4_6|INTJ|memory|crash|123|0.95,1,0.75,BUY,95.54,95.54,95.54,50.0,0.0,1.0,15.0,14.4,2.78,0.0,0,0.33
mbti,claude_opus_4_6,INTJ,static,crash,123,0.95,claude_opus_4_6|INTJ|static|crash|123|0.95,1,0.75,BUY,95.54,95.54,95.54,50.0,0.0,1.0,15.0,14.4,2.78,0.0,0,0.33
mbti,claude_opus_4_6,ISFJ,memory,crash,123,0.95,claude_opus_4_6|ISFJ|memory|crash|123|0.95,1,0.7,BUY,95.54,95.54,95.54,50.0,0.0,1.0,15.0,14.4,2.78,0.0,0,0.33
mbti,claude_opus_4_6,ISFJ,static,crash,123,0.95,claude_opus_4_6|ISFJ|static|crash|123|0.95,1,0.75,BUY,95.54,95.54,95.54,50.0,0.0,1.0,15.0,14.4,2.78,0.0,0,0.33
mbti,claude_opus_4_6,ENTJ,memory,crash,42,0.95,claude_opus_4_6|ENTJ|memory|crash|42|0.95,1,0.75,BUY,95.77,95.77,95.77,50.0,0.0,1.0,15.0,14.3,2.79,0.0,0,0.1
mbti,claude_opus_4_6,ENTJ,static,crash,42,0.95,claude_opus_4_6|ENTJ|static|crash|42|0.95,1,0.75,BUY,95.77,95.77,95.77,50.0,0.0,1.0,15.0,14.3,2.79,0.0,0,0.1
mbti,claude_opus_4_6,INTJ,memory,crash,42,0.95,claude_opus_4_6|INTJ|memory|crash|42|0.95,1,0.75,BUY,95.77,95.77,95.77,50.0,0.0,1.0,15.0,14.3,2.79,0.0,0,0.1
mbti,claude_opus_4_6,INTJ,static,crash,42,0.95,claude_opus_4_6|INTJ|static|crash|42|0.95,1,0.75,BUY,95.77,95.77,95.77,50.0,0.0,1.0,15.0,14.3,2.79,0.0,0,0.1
mbti,claude_opus_4_6,ISFJ,memory,crash,42,0.95,claude_opus_4_6|ISFJ|memory|crash|42|0.95,1,0.7,BUY,95.77,95.77,95.77,50.0,0.0,1.0,15.0,14.3,2.79,0.0,0,0.1
mbti,claude_opus_4_6,ISFJ,static,crash,42,0.95,claude_opus_4_6|ISFJ|static|crash|42|0.95,1,0.75,BUY,95.77,95.77,95.77,50.0,0.0,1.0,15.0,14.3,2.79,0.0,0,0.1
mbti,claude_opus_4_6,ENTJ,memory,crash,456,0.95,claude_opus_4_6|ENTJ|memory|crash|456|0.95,1,1.0,HOLD,95.45,95.45,95.45,50.0,0.0,1.0,15.0,14.4,2.78,0.0,0,0.06
mbti,claude_opus_4_6,ENTJ,static,crash,456,0.95,claude_opus_4_6|ENTJ|static|crash|456|0.95,1,0.75,BUY,95.45,95.45,95.45,50.0,0.0,1.0,15.0,14.4,2.78,0.0,0,0.06
mbti,claude_opus_4_6,INTJ,memory,crash,456,0.95,claude_opus_4_6|INTJ|memory|crash|456|0.95,1,0.75,BUY,95.45,95.45,95.45,50.0,0.0,1.0,15.0,14.4,2.78,0.0,0,0.06
mbti,claude_opus_4_6,INTJ,static,crash,456,0.95,claude_opus_4_6|INTJ|static|crash|456|0.95,1,0.75,BUY,95.45,95.45,95.45,50.0,0.0,1.0,15.0,14.4,2.78,0.0,0,0.06
mbti,claude_opus_4_6,ISFJ,memory,crash,456,0.95,claude_opus_4_6|ISFJ|memory|crash|456|0.95,1,0.75,BUY,95.45,95.45,95.45,50.0,0.0,1.0,15.0,14.4,2.78,0.0,0,0.06
mbti,claude_opus_4_6,ISFJ,static,crash,456,0.95,claude_opus_4_6|ISFJ|static|crash|456|0.95,1,0.75,BUY,95.45,95.45,95.45,50.0,0.0,1.0,15.0,14.4,2.78,0.0,0,0.06
mbti,claude_opus_4_6,ENTJ,memory,crash,789,0.95,claude_opus_4_6|ENTJ|memory|crash|789|0.95,1,0.75,BUY,93.64,93.64,93.64,50.0,0.0,1.0,15.0,14.1,2.83,0.0,0,0.15
mbti,claude_opus_4_6,ENTJ,static,crash,789,0.95,claude_opus_4_6|ENTJ|static|crash|789|0.95,1,0.75,BUY,93.64,93.64,93.64,50.0,0.0,1.0,15.0,14.1,2.83,0.0,0,0.15
mbti,claude_opus_4_6,INTJ,memory,crash,789,0.95,claude_opus_4_6|INTJ|memory|crash|789|0.95,1,0.75,BUY,93.64,93.64,93.64,50.0,0.0,1.0,15.0,14.1,2.83,0.0,0,0.15
mbti,claude_opus_4_6,INTJ,static,crash,789,0.95,claude_opus_4_6|INTJ|static|crash|789|0.95,1,0.75,BUY,93.64,93.64,93.64,50.0,0.0,1.0,15.0,14.1,2.83,0.0,0,0.15
mbti,claude_opus_4_6,ISFJ,memory,crash,789,0.95,claude_opus_4_6|ISFJ|memory|crash|789|0.95,1,0.7,BUY,93.64,93.64,93.64,50.0,0.0,1.0,15.0,14.1,2.83,0.0,0,0.15
mbti,claude_opus_4_6,ISFJ,static,crash,789,0.95,claude_opus_4_6|ISFJ|static|crash|789|0.95,1,0.75,BUY,93.64,93.64,93.64,50.0,0.0,1.0,15.0,14.1,2.83,0.0,0,0.15
mbti,claude_opus_4_6,ENTJ,memory,crash,999,0.95,claude_opus_4_6|ENTJ|memory|crash|999|0.95,1,1.0,HOLD,90.3,90.3,90.3,50.0,0.0,1.0,15.0,13.5,2.95,0.0,0,-0.01
mbti,claude_opus_4_6,ENTJ,static,crash,999,0.95,claude_opus_4_6|ENTJ|static|crash|999|0.95,1,0.75,BUY,90.3,90.3,90.3,50.0,0.0,1.0,15.0,13.5,2.95,0.0,0,-0.01
mbti,claude_opus_4_6,INTJ,memory,crash,999,0.95,claude_opus_4_6|INTJ|memory|crash|999|0.95,1,0.75,BUY,90.3,90.3,90.3,50.0,0.0,1.0,15.0,13.5,2.95,0.0,0,-0.01
mbti,claude_opus_4_6,INTJ,static,crash,999,0.95,claude_opus_4_6|INTJ|static|crash|999|0.95,1,1.0,HOLD,90.3,90.3,90.3,50.0,0.0,1.0,15.0,13.5,2.95,0.0,0,-0.01
mbti,claude_opus_4_6,ISFJ,memory,crash,999,0.95,claude_opus_4_6|ISFJ|memory|crash|999|0.95,1,0.75,BUY,90.3,90.3,90.3,50.0,0.0,1.0,15.0,13.5,2.95,0.0,0,-0.01
mbti,claude_opus_4_6,ISFJ,static,crash,999,0.95,claude_opus_4_6|ISFJ|static|crash|999|0.95,1,0.75,BUY,90.3,90.3,90.3,50.0,0.0,1.0,15.0,13.5,2.95,0.0,0,-0.01
mbti,claude_opus_4_6,ENTJ,memory,flat,123,,claude_opus_4_6|ENTJ|memory|flat|123|,1,1.0,HOLD,100.58,100.58,100.58,50.0,0.0,1.0,15.0,15.1,2.65,0.0,0,-0.25
mbti,claude_opus_4_6,ENTJ,static,flat,123,,claude_opus_4_6|ENTJ|static|flat|123|,1,0.75,BUY,99.8,99.8,99.8,50.0,0.0,1.0,15.0,15.0,2.67,0.0,0,0.4
mbti,claude_opus_4_6,INTJ,memory,flat,123,,claude_opus_4_6|INTJ|memory|flat|123|,1,0.75,BUY,99.72,99.72,99.72,50.0,0.0,1.0,15.0,15.0,2.67,0.0,0,-0.16
mbti,claude_opus_4_6,INTJ,static,flat,123,,claude_opus_4_6|INTJ|static|flat|123|,1,0.75,BUY,100.35,100.35,100.35,50.0,0.0,1.0,15.0,15.1,2.66,0.0,0,0.13
mbti,claude_opus_4_6,ISFJ,memory,flat,123,,claude_opus_4_6|ISFJ|memory|flat|123|,1,0.75,BUY,99.82,99.82,99.82,50.0,0.0,1.0,15.0,15.0,2.67,0.0,0,-0.18
mbti,claude_opus_4_6,ISFJ,static,flat,123,,claude_opus_4_6|ISFJ|static|flat|123|,1,0.75,BUY,100.19,100.19,100.19,50.0,0.0,1.0,15.0,15.0,2.66,0.0,0,0.06
mbti,claude_opus_4_6,ENTJ,memory,flat,42,,claude_opus_4_6|ENTJ|memory|flat|42|,1,1.0,HOLD,99.17,99.17,99.17,50.0,0.0,1.0,15.0,14.9,2.69,0.0,0,-0.03
mbti,claude_opus_4_6,ENTJ,static,flat,42,,claude_opus_4_6|ENTJ|static|flat|42|,1,1.0,HOLD,100.71,100.71,100.71,50.0,0.0,1.0,15.0,15.1,2.65,0.0,0,-0.35
mbti,claude_opus_4_6,INTJ,memory,flat,42,,claude_opus_4_6|INTJ|memory|flat|42|,1,0.75,BUY,99.21,99.21,99.21,50.0,0.0,1.0,15.0,14.9,2.69,0.0,0,0.57
mbti,claude_opus_4_6,INTJ,static,flat,42,,claude_opus_4_6|INTJ|static|flat|42|,1,1.0,HOLD,99.4,99.4,99.4,50.0,0.0,1.0,15.0,14.9,2.68,0.0,0,0.1
mbti,claude_opus_4_6,ISFJ,memory,flat,42,,claude_opus_4_6|ISFJ|memory|flat|42|,1,0.75,BUY,99.83,99.83,99.83,50.0,0.0,1.0,15.0,15.0,2.67,0.0,0,0.18
mbti,claude_opus_4_6,ISFJ,static,flat,42,,claude_opus_4_6|ISFJ|static|flat|42|,1,0.75,BUY,99.63,99.63,99.63,50.0,0.0,1.0,15.0,14.9,2.68,0.0,0,0.15
mbti,claude_opus_4_6,ENTJ,memory,flat,456,,claude_opus_4_6|ENTJ|memory|flat|456|,1,0.75,BUY,99.85,99.85,99.85,50.0,0.0,1.0,15.0,15.0,2.67,0.0,0,0.33
mbti,claude_opus_4_6,ENTJ,static,flat,456,,claude_opus_4_6|ENTJ|static|flat|456|,1,0.75,BUY,100.5,100.5,100.5,50.0,0.0,1.0,15.0,15.1,2.65,0.0,0,0.01
mbti,claude_opus_4_6,INTJ,memory,flat,456,,claude_opus_4_6|INTJ|memory|flat|456|,1,0.75,BUY,100.25,100.25,100.25,50.0,0.0,1.0,15.0,15.0,2.66,0.0,0,-0.39
mbti,claude_opus_4_6,INTJ,static,flat,456,,claude_opus_4_6|INTJ|static|flat|456|,1,1.0,HOLD,100.25,100.25,100.25,50.0,0.0,1.0,15.0,15.0,2.66,0.0,0,-0.39
mbti,claude_opus_4_6,ISFJ,memory,flat,456,,claude_opus_4_6|ISFJ|memory|flat|456|,1,1.0,HOLD,100.25,100.25,100.25,50.0,0.0,1.0,15.0,15.0,2.66,0.0,0,-0.39
mbti,claude_opus_4_6,ISFJ,static,flat,456,,claude_opus_4_6|ISFJ|static|flat|456|,1,0.85,BUY,100.02,100.02,100.02,50.0,0.0,1.0,15.0,15.0,2.67,0.0,0,0.28
mbti,claude_opus_4_6,ENTJ,memory,flat,789,,claude_opus_4_6|ENTJ|memory|flat|789|,1,0.75,BUY,100.19,100.19,100.19,50.0,0.0,1.0,15.0,15.0,2.66,0.0,0,0.26
mbti,claude_opus_4_6,ENTJ,static,flat,789,,claude_opus_4_6|ENTJ|static|flat|789|,1,0.75,BUY,100.19,100.19,100.19,50.0,0.0,1.0,15.0,15.0,2.66,0.0,0,0.26
mbti,claude_opus_4_6,INTJ,memory,flat,789,,claude_opus_4_6|INTJ|memory|flat|789|,1,0.75,BUY,100.19,100.19,100.19,50.0,0.0,1.0,15.0,15.0,2.66,0.0,0,0.26
mbti,claude_opus_4_6,INTJ,static,flat,789,,claude_opus_4_6|INTJ|static|flat|789|,1,0.75,BUY,100.19,100.19,100.19,50.0,0.0,1.0,15.0,15.0,2.66,0.0,0,0.26
mbti,claude_opus_4_6,ISFJ,memory,flat,789,,claude_opus_4_6|ISFJ|memory|flat|789|,1,0.75,BUY,100.19,100.19,100.19,50.0,0.0,1.0,15.0,15.0,2.66,0.0,0,0.26
mbti,claude_opus_4_6,ISFJ,static,flat,789,,claude_opus_4_6|ISFJ|static|flat|789|,1,0.75,BUY,100.19,100.19,100.19,50.0,0.0,1.0,15.0,15.0,2.66,0.0,0,0.26
mbti,claude_opus_4_6,ENTJ,memory,flat,999,,claude_opus_4_6|ENTJ|memory|flat|999|,1,0.75,BUY,100.38,100.38,100.38,50.0,0.0,1.0,15.0,15.1,2.66,0.0,0,0.08
mbti,claude_opus_4_6,ENTJ,static,flat,999,,claude_opus_4_6|ENTJ|static|flat|999|,1,0.75,BUY,100.38,100.38,100.38,50.0,0.0,1.0,15.0,15.1,2.66,0.0,0,0.08
mbti,claude_opus_4_6,INTJ,memory,flat,999,,claude_opus_4_6|INTJ|memory|flat|999|,1,0.75,BUY,100.38,100.38,100.38,50.0,0.0,1.0,15.0,15.1,2.66,0.0,0,0.08
mbti,claude_opus_4_6,INTJ,static,flat,999,,claude_opus_4_6|INTJ|static|flat|999|,1,0.75,BUY,100.38,100.38,100.38,50.0,0.0,1.0,15.0,15.1,2.66,0.0,0,0.08
mbti,claude_opus_4_6,ISFJ,memory,flat,999,,claude_opus_4_6|ISFJ|memory|flat|999|,1,0.7,BUY,100.38,100.38,100.38,50.0,0.0,1.0,15.0,15.1,2.66,0.0,0,0.08
mbti,claude_opus_4_6,ISFJ,static,flat,999,,claude_opus_4_6|ISFJ|static|flat|999|,1,0.75,BUY,100.38,100.38,100.38,50.0,0.0,1.0,15.0,15.1,2.66,0.0,0,0.08
mbti,claude_sonnet_4_6,ENTJ,memory,bull_trap,123,,claude_sonnet_4_6|ENTJ|memory|bull_trap|123|,1,0.5,BUY,99.72,99.72,99.72,50.0,0.0,1.0,15.0,15.1,2.65,0.0,0,0.33
mbti,claude_sonnet_4_6,ENTJ,static,bull_trap,123,,claude_sonnet_4_6|ENTJ|static|bull_trap|123|,1,0.6,BUY,99.72,99.72,99.72,50.0,0.0,1.0,15.0,15.1,2.65,0.0,0,0.33
mbti,claude_sonnet_4_6,INTJ,memory,bull_trap,123,,claude_sonnet_4_6|INTJ|memory|bull_trap|123|,1,0.75,BUY,99.72,99.72,99.72,50.0,0.0,1.0,15.0,15.1,2.65,0.0,0,0.33
mbti,claude_sonnet_4_6,INTJ,static,bull_trap,123,,claude_sonnet_4_6|INTJ|static|bull_trap|123|,1,0.75,BUY,99.72,99.72,99.72,50.0,0.0,1.0,15.0,15.1,2.65,0.0,0,0.33
mbti,claude_sonnet_4_6,ISFJ,memory,bull_trap,123,,claude_sonnet_4_6|ISFJ|memory|bull_trap|123|,1,0.6,BUY,99.72,99.72,99.72,50.0,0.0,1.0,15.0,15.1,2.65,0.0,0,0.33
mbti,claude_sonnet_4_6,ISFJ,static,bull_trap,123,,claude_sonnet_4_6|ISFJ|static|bull_trap|123|,1,0.6,BUY,99.72,99.72,99.72,50.0,0.0,1.0,15.0,15.1,2.65,0.0,0,0.33
mbti,claude_sonnet_4_6,ENTJ,memory,bull_trap,42,,claude_sonnet_4_6|ENTJ|memory|bull_trap|42|,1,0.5,BUY,100.96,100.96,100.96,50.0,0.0,1.0,15.0,15.1,2.66,0.0,0,0.1
mbti,claude_sonnet_4_6,ENTJ,static,bull_trap,42,,claude_sonnet_4_6|ENTJ|static|bull_trap|42|,1,0.6,BUY,100.96,100.96,100.96,50.0,0.0,1.0,15.0,15.1,2.66,0.0,0,0.1
mbti,claude_sonnet_4_6,INTJ,memory,bull_trap,42,,claude_sonnet_4_6|INTJ|memory|bull_trap|42|,1,0.75,BUY,100.96,100.96,100.96,50.0,0.0,1.0,15.0,15.1,2.66,0.0,0,0.1
mbti,claude_sonnet_4_6,INTJ,static,bull_trap,42,,claude_sonnet_4_6|INTJ|static|bull_trap|42|,1,0.7,BUY,100.96,100.96,100.96,50.0,0.0,1.0,15.0,15.1,2.66,0.0,0,0.1
mbti,claude_sonnet_4_6,ISFJ,memory,bull_trap,42,,claude_sonnet_4_6|ISFJ|memory|bull_trap|42|,1,0.6,BUY,100.96,100.96,100.96,50.0,0.0,1.0,15.0,15.1,2.66,0.0,0,0.1
mbti,claude_sonnet_4_6,ISFJ,static,bull_trap,42,,claude_sonnet_4_6|ISFJ|static|bull_trap|42|,1,0.6,BUY,100.96,100.96,100.96,50.0,0.0,1.0,15.0,15.1,2.66,0.0,0,0.1
mbti,claude_sonnet_4_6,ENTJ,memory,bull_trap,456,,claude_sonnet_4_6|ENTJ|memory|bull_trap|456|,1,0.5,BUY,99.94,99.94,99.94,50.0,0.0,1.0,15.0,15.1,2.65,0.0,0,0.06
mbti,claude_sonnet_4_6,ENTJ,static,bull_trap,456,,claude_sonnet_4_6|ENTJ|static|bull_trap|456|,1,0.7,BUY,99.94,99.94,99.94,50.0,0.0,1.0,15.0,15.1,2.65,0.0,0,0.06
mbti,claude_sonnet_4_6,INTJ,memory,bull_trap,456,,claude_sonnet_4_6|INTJ|memory|bull_trap|456|,1,0.75,BUY,99.94,99.94,99.94,50.0,0.0,1.0,15.0,15.1,2.65,0.0,0,0.06
mbti,claude_sonnet_4_6,INTJ,static,bull_trap,456,,claude_sonnet_4_6|INTJ|static|bull_trap|456|,1,0.75,BUY,99.94,99.94,99.94,50.0,0.0,1.0,15.0,15.1,2.65,0.0,0,0.06
mbti,claude_sonnet_4_6,ISFJ,memory,bull_trap,456,,claude_sonnet_4_6|ISFJ|memory|bull_trap|456|,1,0.6,BUY,99.94,99.94,99.94,50.0,0.0,1.0,15.0,15.1,2.65,0.0,0,0.06
mbti,claude_sonnet_4_6,ISFJ,static,bull_trap,456,,claude_sonnet_4_6|ISFJ|static|bull_trap|456|,1,0.6,BUY,99.94,99.94,99.94,50.0,0.0,1.0,15.0,15.1,2.65,0.0,0,0.06
mbti,claude_sonnet_4_6,ENTJ,memory,bull_trap,789,,claude_sonnet_4_6|ENTJ|memory|bull_trap|789|,1,0.5,BUY,98.44,98.44,98.44,50.0,0.0,1.0,15.0,14.9,2.68,0.0,0,0.15
mbti,claude_sonnet_4_6,ENTJ,static,bull_trap,789,,claude_sonnet_4_6|ENTJ|static|bull_trap|789|,1,0.6,BUY,98.44,98.44,98.44,50.0,0.0,1.0,15.0,14.9,2.68,0.0,0,0.15
mbti,claude_sonnet_4_6,INTJ,memory,bull_trap,789,,claude_sonnet_4_6|INTJ|memory|bull_trap|789|,1,0.5,BUY,98.44,98.44,98.44,50.0,0.0,1.0,15.0,14.9,2.68,0.0,0,0.15
mbti,claude_sonnet_4_6,INTJ,static,bull_trap,789,,claude_sonnet_4_6|INTJ|static|bull_trap|789|,1,0.7,BUY,98.44,98.44,98.44,50.0,0.0,1.0,15.0,14.9,2.68,0.0,0,0.15
mbti,claude_sonnet_4_6,ISFJ,memory,bull_trap,789,,claude_sonnet_4_6|ISFJ|memory|bull_trap|789|,1,0.6,BUY,98.44,98.44,98.44,50.0,0.0,1.0,15.0,14.9,2.68,0.0,0,0.15
mbti,claude_sonnet_4_6,ISFJ,static,bull_trap,789,,claude_sonnet_4_6|ISFJ|static|bull_trap|789|,1,0.6,BUY,98.44,98.44,98.44,50.0,0.0,1.0,15.0,14.9,2.68,0.0,0,0.15
mbti,claude_sonnet_4_6,ENTJ,memory,bull_trap,999,,claude_sonnet_4_6|ENTJ|memory|bull_trap|999|,1,0.5,BUY,97.06,97.06,97.06,50.0,0.0,1.0,15.0,14.5,2.75,0.0,0,-0.01
mbti,claude_sonnet_4_6,ENTJ,static,bull_trap,999,,claude_sonnet_4_6|ENTJ|static|bull_trap|999|,1,0.6,BUY,97.06,97.06,97.06,50.0,0.0,1.0,15.0,14.5,2.75,0.0,0,-0.01
mbti,claude_sonnet_4_6,INTJ,memory,bull_trap,999,,claude_sonnet_4_6|INTJ|memory|bull_trap|999|,1,0.75,BUY,97.06,97.06,97.06,50.0,0.0,1.0,15.0,14.5,2.75,0.0,0,-0.01
mbti,claude_sonnet_4_6,INTJ,static,bull_trap,999,,claude_sonnet_4_6|INTJ|static|bull_trap|999|,1,0.75,BUY,97.06,97.06,97.06,50.0,0.0,1.0,15.0,14.5,2.75,0.0,0,-0.01
mbti,claude_sonnet_4_6,ISFJ,memory,bull_trap,999,,claude_sonnet_4_6|ISFJ|memory|bull_trap|999|,1,0.6,BUY,97.06,97.06,97.06,50.0,0.0,1.0,15.0,14.5,2.75,0.0,0,-0.01
mbti,claude_sonnet_4_6,ISFJ,static,bull_trap,999,,claude_sonnet_4_6|ISFJ|static|bull_trap|999|,1,0.6,BUY,97.06,97.06,97.06,50.0,0.0,1.0,15.0,14.5,2.75,0.0,0,-0.01
mbti,claude_sonnet_4_6,ENTJ,memory,crash,123,0.85,claude_sonnet_4_6|ENTJ|memory|crash|123|0.85,1,0.5,BUY,85.59,85.59,85.59,50.0,0.0,1.0,15.0,12.9,3.1,0.0,0,0.33
mbti,claude_sonnet_4_6,ENTJ,static,crash,123,0.85,claude_sonnet_4_6|ENTJ|static|crash|123|0.85,1,0.6,BUY,85.59,85.59,85.59,50.0,0.0,1.0,15.0,12.9,3.1,0.0,0,0.33
mbti,claude_sonnet_4_6,INTJ,memory,crash,123,0.85,claude_sonnet_4_6|INTJ|memory|crash|123|0.85,1,0.6,BUY,85.59,85.59,85.59,50.0,0.0,1.0,15.0,12.9,3.1,0.0,0,0.33
mbti,claude_sonnet_4_6,INTJ,static,crash,123,0.85,claude_sonnet_4_6|INTJ|static|crash|123|0.85,1,0.7,BUY,85.59,85.59,85.59,50.0,0.0,1.0,15.0,12.9,3.1,0.0,0,0.33
mbti,claude_sonnet_4_6,ISFJ,memory,crash,123,0.85,claude_sonnet_4_6|ISFJ|memory|crash|123|0.85,1,0.6,BUY,85.59,85.59,85.59,50.0,0.0,1.0,15.0,12.9,3.1,0.0,0,0.33
mbti,claude_sonnet_4_6,ISFJ,static,crash,123,0.85,claude_sonnet_4_6|ISFJ|static|crash|123|0.85,1,0.6,BUY,85.59,85.59,85.59,50.0,0.0,1.0,15.0,12.9,3.1,0.0,0,0.33
mbti,claude_sonnet_4_6,ENTJ,memory,crash,42,0.85,claude_sonnet_4_6|ENTJ|memory|crash|42|0.85,1,0.5,BUY,85.75,85.75,85.75,50.0,0.0,1.0,15.0,12.8,3.12,0.0,0,0.1
mbti,claude_sonnet_4_6,ENTJ,static,crash,42,0.85,claude_sonnet_4_6|ENTJ|static|crash|42|0.85,1,0.6,BUY,85.75,85.75,85.75,50.0,0.0,1.0,15.0,12.8,3.12,0.0,0,0.1
mbti,claude_sonnet_4_6,INTJ,memory,crash,42,0.85,claude_sonnet_4_6|INTJ|memory|crash|42|0.85,1,0.75,BUY,85.75,85.75,85.75,50.0,0.0,1.0,15.0,12.8,3.12,0.0,0,0.1
mbti,claude_sonnet_4_6,INTJ,static,crash,42,0.85,claude_sonnet_4_6|INTJ|static|crash|42|0.85,1,0.75,BUY,85.75,85.75,85.75,50.0,0.0,1.0,15.0,12.8,3.12,0.0,0,0.1
mbti,claude_sonnet_4_6,ISFJ,memory,crash,42,0.85,claude_sonnet_4_6|ISFJ|memory|crash|42|0.85,1,0.6,BUY,85.75,85.75,85.75,50.0,0.0,1.0,15.0,12.8,3.12,0.0,0,0.1
mbti,claude_sonnet_4_6,ISFJ,static,crash,42,0.85,claude_sonnet_4_6|ISFJ|static|crash|42|0.85,1,0.6,BUY,85.75,85.75,85.75,50.0,0.0,1.0,15.0,12.8,3.12,0.0,0,0.1
mbti,claude_sonnet_4_6,ENTJ,memory,crash,456,0.85,claude_sonnet_4_6|ENTJ|memory|crash|456|0.85,1,0.5,BUY,85.48,85.48,85.48,50.0,0.0,1.0,15.0,12.9,3.11,0.0,0,0.06
mbti,claude_sonnet_4_6,ENTJ,static,crash,456,0.85,claude_sonnet_4_6|ENTJ|static|crash|456|0.85,1,0.6,BUY,85.48,85.48,85.48,50.0,0.0,1.0,15.0,12.9,3.11,0.0,0,0.06
mbti,claude_sonnet_4_6,INTJ,memory,crash,456,0.85,claude_sonnet_4_6|INTJ|memory|crash|456|0.85,1,0.4,BUY,85.48,85.48,85.48,50.0,0.0,1.0,15.0,12.9,3.11,0.0,0,0.06
mbti,claude_sonnet_4_6,INTJ,static,crash,456,0.85,claude_sonnet_4_6|INTJ|static|crash|456|0.85,1,0.75,BUY,85.48,85.48,85.48,50.0,0.0,1.0,15.0,12.9,3.11,0.0,0,0.06
mbti,claude_sonnet_4_6,ISFJ,memory,crash,456,0.85,claude_sonnet_4_6|ISFJ|memory|crash|456|0.85,1,0.6,BUY,85.48,85.48,85.48,50.0,0.0,1.0,15.0,12.9,3.11,0.0,0,0.06
mbti,claude_sonnet_4_6,ISFJ,static,crash,456,0.85,claude_sonnet_4_6|ISFJ|static|crash|456|0.85,1,0.6,BUY,85.48,85.48,85.48,50.0,0.0,1.0,15.0,12.9,3.11,0.0,0,0.06
mbti,claude_sonnet_4_6,ENTJ,memory,crash,789,0.85,claude_sonnet_4_6|ENTJ|memory|crash|789|0.85,1,0.5,BUY,83.7,83.7,83.7,50.0,0.0,1.0,15.0,12.6,3.17,0.0,0,0.15
mbti,claude_sonnet_4_6,ENTJ,static,crash,789,0.85,claude_sonnet_4_6|ENTJ|static|crash|789|0.85,1,0.6,BUY,83.7,83.7,83.7,50.0,0.0,1.0,15.0,12.6,3.17,0.0,0,0.15
mbti,claude_sonnet_4_6,INTJ,memory,crash,789,0.85,claude_sonnet_4_6|INTJ|memory|crash|789|0.85,1,0.5,BUY,83.7,83.7,83.7,50.0,0.0,1.0,15.0,12.6,3.17,0.0,0,0.15
mbti,claude_sonnet_4_6,INTJ,static,crash,789,0.85,claude_sonnet_4_6|INTJ|static|crash|789|0.85,1,0.75,BUY,83.7,83.7,83.7,50.0,0.0,1.0,15.0,12.6,3.17,0.0,0,0.15
mbti,claude_sonnet_4_6,ISFJ,memory,crash,789,0.85,claude_sonnet_4_6|ISFJ|memory|crash|789|0.85,1,0.6,BUY,83.7,83.7,83.7,50.0,0.0,1.0,15.0,12.6,3.17,0.0,0,0.15
mbti,claude_sonnet_4_6,ISFJ,static,crash,789,0.85,claude_sonnet_4_6|ISFJ|static|crash|789|0.85,1,0.6,BUY,83.7,83.7,83.7,50.0,0.0,1.0,15.0,12.6,3.17,0.0,0,0.15
mbti,claude_sonnet_4_6,ENTJ,memory,crash,999,0.85,claude_sonnet_4_6|ENTJ|memory|crash|999|0.85,1,1.0,HOLD,80.3,80.3,80.3,50.0,0.0,1.0,15.0,12.0,3.32,0.0,0,-0.01
mbti,claude_sonnet_4_6,ENTJ,static,crash,999,0.85,claude_sonnet_4_6|ENTJ|static|crash|999|0.85,1,0.7,BUY,80.3,80.3,80.3,50.0,0.0,1.0,15.0,12.0,3.32,0.0,0,-0.01
mbti,claude_sonnet_4_6,INTJ,memory,crash,999,0.85,claude_sonnet_4_6|INTJ|memory|crash|999|0.85,1,0.75,BUY,80.3,80.3,80.3,50.0,0.0,1.0,15.0,12.0,3.32,0.0,0,-0.01
mbti,claude_sonnet_4_6,INTJ,static,crash,999,0.85,claude_sonnet_4_6|INTJ|static|crash|999|0.85,1,0.75,BUY,80.3,80.3,80.3,50.0,0.0,1.0,15.0,12.0,3.32,0.0,0,-0.01
mbti,claude_sonnet_4_6,ISFJ,memory,crash,999,0.85,claude_sonnet_4_6|ISFJ|memory|crash|999|0.85,1,0.6,BUY,80.3,80.3,80.3,50.0,0.0,1.0,15.0,12.0,3.32,0.0,0,-0.01
mbti,claude_sonnet_4_6,ISFJ,static,crash,999,0.85,claude_sonnet_4_6|ISFJ|static|crash|999|0.85,1,0.7,BUY,80.3,80.3,80.3,50.0,0.0,1.0,15.0,12.0,3.32,0.0,0,-0.01
mbti,claude_sonnet_4_6,ENTJ,memory,crash,123,0.92,claude_sonnet_4_6|ENTJ|memory|crash|123|0.92,1,0.5,BUY,92.56,92.56,92.56,50.0,0.0,1.0,15.0,14.0,2.87,0.0,0,0.33
mbti,claude_sonnet_4_6,ENTJ,static,crash,123,0.92,claude_sonnet_4_6|ENTJ|static|crash|123|0.92,1,0.6,BUY,92.56,92.56,92.56,50.0,0.0,1.0,15.0,14.0,2.87,0.0,0,0.33
mbti,claude_sonnet_4_6,INTJ,memory,crash,123,0.92,claude_sonnet_4_6|INTJ|memory|crash|123|0.92,1,0.75,BUY,92.56,92.56,92.56,50.0,0.0,1.0,15.0,14.0,2.87,0.0,0,0.33
mbti,claude_sonnet_4_6,INTJ,static,crash,123,0.92,claude_sonnet_4_6|INTJ|static|crash|123|0.92,1,0.75,BUY,92.56,92.56,92.56,50.0,0.0,1.0,15.0,14.0,2.87,0.0,0,0.33
mbti,claude_sonnet_4_6,ISFJ,memory,crash,123,0.92,claude_sonnet_4_6|ISFJ|memory|crash|123|0.92,1,0.6,BUY,92.56,92.56,92.56,50.0,0.0,1.0,15.0,14.0,2.87,0.0,0,0.33
mbti,claude_sonnet_4_6,ISFJ,static,crash,123,0.92,claude_sonnet_4_6|ISFJ|static|crash|123|0.92,1,0.6,BUY,92.56,92.56,92.56,50.0,0.0,1.0,15.0,14.0,2.87,0.0,0,0.33
mbti,claude_sonnet_4_6,ENTJ,memory,crash,42,0.92,claude_sonnet_4_6|ENTJ|memory|crash|42|0.92,1,0.5,BUY,92.77,92.77,92.77,50.0,0.0,1.0,15.0,13.9,2.88,0.0,0,0.1
mbti,claude_sonnet_4_6,ENTJ,static,crash,42,0.92,claude_sonnet_4_6|ENTJ|static|crash|42|0.92,1,0.6,BUY,92.77,92.77,92.77,50.0,0.0,1.0,15.0,13.9,2.88,0.0,0,0.1
mbti,claude_sonnet_4_6,INTJ,memory,crash,42,0.92,claude_sonnet_4_6|INTJ|memory|crash|42|0.92,1,0.5,BUY,92.77,92.77,92.77,50.0,0.0,1.0,15.0,13.9,2.88,0.0,0,0.1
mbti,claude_sonnet_4_6,INTJ,static,crash,42,0.92,claude_sonnet_4_6|INTJ|static|crash|42|0.92,1,0.7,BUY,92.77,92.77,92.77,50.0,0.0,1.0,15.0,13.9,2.88,0.0,0,0.1
mbti,claude_sonnet_4_6,ISFJ,memory,crash,42,0.92,claude_sonnet_4_6|ISFJ|memory|crash|42|0.92,1,0.6,BUY,92.77,92.77,92.77,50.0,0.0,1.0,15.0,13.9,2.88,0.0,0,0.1
mbti,claude_sonnet_4_6,ISFJ,static,crash,42,0.92,claude_sonnet_4_6|ISFJ|static|crash|42|0.92,1,0.6,BUY,92.77,92.77,92.77,50.0,0.0,1.0,15.0,13.9,2.88,0.0,0,0.1
mbti,claude_sonnet_4_6,ENTJ,memory,crash,456,0.92,claude_sonnet_4_6|ENTJ|memory|crash|456|0.92,1,0.5,BUY,92.46,92.46,92.46,50.0,0.0,1.0,15.0,13.9,2.87,0.0,0,0.06
mbti,claude_sonnet_4_6,ENTJ,static,crash,456,0.92,claude_sonnet_4_6|ENTJ|static|crash|456|0.92,1,0.6,BUY,92.46,92.46,92.46,50.0,0.0,1.0,15.0,13.9,2.87,0.0,0,0.06
mbti,claude_sonnet_4_6,INTJ,memory,crash,456,0.92,claude_sonnet_4_6|INTJ|memory|crash|456|0.92,1,0.5,BUY,92.46,92.46,92.46,50.0,0.0,1.0,15.0,13.9,2.87,0.0,0,0.06
mbti,claude_sonnet_4_6,INTJ,static,crash,456,0.92,claude_sonnet_4_6|INTJ|static|crash|456|0.92,1,0.75,BUY,92.46,92.46,92.46,50.0,0.0,1.0,15.0,13.9,2.87,0.0,0,0.06
mbti,claude_sonnet_4_6,ISFJ,memory,crash,456,0.92,claude_sonnet_4_6|ISFJ|memory|crash|456|0.92,1,0.6,BUY,92.46,92.46,92.46,50.0,0.0,1.0,15.0,13.9,2.87,0.0,0,0.06
mbti,claude_sonnet_4_6,ISFJ,static,crash,456,0.92,claude_sonnet_4_6|ISFJ|static|crash|456|0.92,1,0.6,BUY,92.46,92.46,92.46,50.0,0.0,1.0,15.0,13.9,2.87,0.0,0,0.06
mbti,claude_sonnet_4_6,ENTJ,memory,crash,789,0.92,claude_sonnet_4_6|ENTJ|memory|crash|789|0.92,1,0.5,BUY,90.66,90.66,90.66,50.0,0.0,1.0,15.0,13.7,2.93,0.0,0,0.15
mbti,claude_sonnet_4_6,ENTJ,static,crash,789,0.92,claude_sonnet_4_6|ENTJ|static|crash|789|0.92,1,0.6,BUY,90.66,90.66,90.66,50.0,0.0,1.0,15.0,13.7,2.93,0.0,0,0.15
mbti,claude_sonnet_4_6,INTJ,memory,crash,789,0.92,claude_sonnet_4_6|INTJ|memory|crash|789|0.92,1,0.5,BUY,90.66,90.66,90.66,50.0,0.0,1.0,15.0,13.7,2.93,0.0,0,0.15
mbti,claude_sonnet_4_6,INTJ,static,crash,789,0.92,claude_sonnet_4_6|INTJ|static|crash|789|0.92,1,0.7,BUY,90.66,90.66,90.66,50.0,0.0,1.0,15.0,13.7,2.93,0.0,0,0.15
mbti,claude_sonnet_4_6,ISFJ,memory,crash,789,0.92,claude_sonnet_4_6|ISFJ|memory|crash|789|0.92,1,0.6,BUY,90.66,90.66,90.66,50.0,0.0,1.0,15.0,13.7,2.93,0.0,0,0.15
mbti,claude_sonnet_4_6,ISFJ,static,crash,789,0.92,claude_sonnet_4_6|ISFJ|static|crash|789|0.92,1,0.6,BUY,90.66,90.66,90.66,50.0,0.0,1.0,15.0,13.7,2.93,0.0,0,0.15
mbti,claude_sonnet_4_6,ENTJ,memory,crash,999,0.92,claude_sonnet_4_6|ENTJ|memory|crash|999|0.92,1,1.0,HOLD,87.3,87.3,87.3,50.0,0.0,1.0,15.0,13.1,3.06,0.0,0,-0.01
mbti,claude_sonnet_4_6,ENTJ,static,crash,999,0.92,claude_sonnet_4_6|ENTJ|static|crash|999|0.92,1,0.7,BUY,87.3,87.3,87.3,50.0,0.0,1.0,15.0,13.1,3.06,0.0,0,-0.01
mbti,claude_sonnet_4_6,INTJ,memory,crash,999,0.92,claude_sonnet_4_6|INTJ|memory|crash|999|0.92,1,0.75,BUY,87.3,87.3,87.3,50.0,0.0,1.0,15.0,13.1,3.06,0.0,0,-0.01
mbti,claude_sonnet_4_6,INTJ,static,crash,999,0.92,claude_sonnet_4_6|INTJ|static|crash|999|0.92,1,0.75,BUY,87.3,87.3,87.3,50.0,0.0,1.0,15.0,13.1,3.06,0.0,0,-0.01
mbti,claude_sonnet_4_6,ISFJ,memory,crash,999,0.92,claude_sonnet_4_6|ISFJ|memory|crash|999|0.92,1,0.6,BUY,87.3,87.3,87.3,50.0,0.0,1.0,15.0,13.1,3.06,0.0,0,-0.01
mbti,claude_sonnet_4_6,ISFJ,static,crash,999,0.92,claude_sonnet_4_6|ISFJ|static|crash|999|0.92,1,0.7,BUY,87.3,87.3,87.3,50.0,0.0,1.0,15.0,13.1,3.06,0.0,0,-0.01
mbti,claude_sonnet_4_6,ENTJ,memory,crash,123,0.95,claude_sonnet_4_6|ENTJ|memory|crash|123|0.95,1,0.5,BUY,95.54,95.54,95.54,50.0,0.0,1.0,15.0,14.4,2.78,0.0,0,0.33
mbti,claude_sonnet_4_6,ENTJ,static,crash,123,0.95,claude_sonnet_4_6|ENTJ|static|crash|123|0.95,1,0.6,BUY,95.54,95.54,95.54,50.0,0.0,1.0,15.0,14.4,2.78,0.0,0,0.33
mbti,claude_sonnet_4_6,INTJ,memory,crash,123,0.95,claude_sonnet_4_6|INTJ|memory|crash|123|0.95,1,0.6,BUY,95.54,95.54,95.54,50.0,0.0,1.0,15.0,14.4,2.78,0.0,0,0.33
mbti,claude_sonnet_4_6,INTJ,static,crash,123,0.95,claude_sonnet_4_6|INTJ|static|crash|123|0.95,1,0.75,BUY,95.54,95.54,95.54,50.0,0.0,1.0,15.0,14.4,2.78,0.0,0,0.33
mbti,claude_sonnet_4_6,ISFJ,memory,crash,123,0.95,claude_sonnet_4_6|ISFJ|memory|crash|123|0.95,1,0.6,BUY,95.54,95.54,95.54,50.0,0.0,1.0,15.0,14.4,2.78,0.0,0,0.33
mbti,claude_sonnet_4_6,ISFJ,static,crash,123,0.95,claude_sonnet_4_6|ISFJ|static|crash|123|0.95,1,0.6,BUY,95.54,95.54,95.54,50.0,0.0,1.0,15.0,14.4,2.78,0.0,0,0.33
mbti,claude_sonnet_4_6,ENTJ,memory,crash,42,0.95,claude_sonnet_4_6|ENTJ|memory|crash|42|0.95,1,0.5,BUY,95.77,95.77,95.77,50.0,0.0,1.0,15.0,14.3,2.79,0.0,0,0.1
mbti,claude_sonnet_4_6,ENTJ,static,crash,42,0.95,claude_sonnet_4_6|ENTJ|static|crash|42|0.95,1,0.6,BUY,95.77,95.77,95.77,50.0,0.0,1.0,15.0,14.3,2.79,0.0,0,0.1
mbti,claude_sonnet_4_6,INTJ,memory,crash,42,0.95,claude_sonnet_4_6|INTJ|memory|crash|42|0.95,1,0.5,BUY,95.77,95.77,95.77,50.0,0.0,1.0,15.0,14.3,2.79,0.0,0,0.1
mbti,claude_sonnet_4_6,INTJ,static,crash,42,0.95,claude_sonnet_4_6|INTJ|static|crash|42|0.95,1,0.7,BUY,95.77,95.77,95.77,50.0,0.0,1.0,15.0,14.3,2.79,0.0,0,0.1
mbti,claude_sonnet_4_6,ISFJ,memory,crash,42,0.95,claude_sonnet_4_6|ISFJ|memory|crash|42|0.95,1,0.6,BUY,95.77,95.77,95.77,50.0,0.0,1.0,15.0,14.3,2.79,0.0,0,0.1
mbti,claude_sonnet_4_6,ISFJ,static,crash,42,0.95,claude_sonnet_4_6|ISFJ|static|crash|42|0.95,1,0.6,BUY,95.77,95.77,95.77,50.0,0.0,1.0,15.0,14.3,2.79,0.0,0,0.1
mbti,claude_sonnet_4_6,ENTJ,memory,crash,456,0.95,claude_sonnet_4_6|ENTJ|memory|crash|456|0.95,1,1.0,HOLD,95.45,95.45,95.45,50.0,0.0,1.0,15.0,14.4,2.78,0.0,0,0.06
mbti,claude_sonnet_4_6,ENTJ,static,crash,456,0.95,claude_sonnet_4_6|ENTJ|static|crash|456|0.95,1,0.6,BUY,95.45,95.45,95.45,50.0,0.0,1.0,15.0,14.4,2.78,0.0,0,0.06
mbti,claude_sonnet_4_6,INTJ,memory,crash,456,0.95,claude_sonnet_4_6|INTJ|memory|crash|456|0.95,1,0.5,BUY,95.45,95.45,95.45,50.0,0.0,1.0,15.0,14.4,2.78,0.0,0,0.06
mbti,claude_sonnet_4_6,INTJ,static,crash,456,0.95,claude_sonnet_4_6|INTJ|static|crash|456|0.95,1,0.7,BUY,95.45,95.45,95.45,50.0,0.0,1.0,15.0,14.4,2.78,0.0,0,0.06
mbti,claude_sonnet_4_6,ISFJ,memory,crash,456,0.95,claude_sonnet_4_6|ISFJ|memory|crash|456|0.95,1,0.6,BUY,95.45,95.45,95.45,50.0,0.0,1.0,15.0,14.4,2.78,0.0,0,0.06
mbti,claude_sonnet_4_6,ISFJ,static,crash,456,0.95,claude_sonnet_4_6|ISFJ|static|crash|456|0.95,1,0.6,BUY,95.45,95.45,95.45,50.0,0.0,1.0,15.0,14.4,2.78,0.0,0,0.06
mbti,claude_sonnet_4_6,ENTJ,memory,crash,789,0.95,claude_sonnet_4_6|ENTJ|memory|crash|789|0.95,1,0.5,BUY,93.64,93.64,93.64,50.0,0.0,1.0,15.0,14.1,2.83,0.0,0,0.15
mbti,claude_sonnet_4_6,ENTJ,static,crash,789,0.95,claude_sonnet_4_6|ENTJ|static|crash|789|0.95,1,0.6,BUY,93.64,93.64,93.64,50.0,0.0,1.0,15.0,14.1,2.83,0.0,0,0.15
mbti,claude_sonnet_4_6,INTJ,memory,crash,789,0.95,claude_sonnet_4_6|INTJ|memory|crash|789|0.95,1,0.6,BUY,93.64,93.64,93.64,50.0,0.0,1.0,15.0,14.1,2.83,0.0,0,0.15
mbti,claude_sonnet_4_6,INTJ,static,crash,789,0.95,claude_sonnet_4_6|INTJ|static|crash|789|0.95,1,0.75,BUY,93.64,93.64,93.64,50.0,0.0,1.0,15.0,14.1,2.83,0.0,0,0.15
mbti,claude_sonnet_4_6,ISFJ,memory,crash,789,0.95,claude_sonnet_4_6|ISFJ|memory|crash|789|0.95,1,0.6,BUY,93.64,93.64,93.64,50.0,0.0,1.0,15.0,14.1,2.83,0.0,0,0.15
mbti,claude_sonnet_4_6,ISFJ,static,crash,789,0.95,claude_sonnet_4_6|ISFJ|static|crash|789|0.95,1,0.6,BUY,93.64,93.64,93.64,50.0,0.0,1.0,15.0,14.1,2.83,0.0,0,0.15
mbti,claude_sonnet_4_6,ENTJ,memory,crash,999,0.95,claude_sonnet_4_6|ENTJ|memory|crash|999|0.95,1,0.5,BUY,90.3,90.3,90.3,50.0,0.0,1.0,15.0,13.5,2.95,0.0,0,-0.01
mbti,claude_sonnet_4_6,ENTJ,static,crash,999,0.95,claude_sonnet_4_6|ENTJ|static|crash|999|0.95,1,0.7,BUY,90.3,90.3,90.3,50.0,0.0,1.0,15.0,13.5,2.95,0.0,0,-0.01
mbti,claude_sonnet_4_6,INTJ,memory,crash,999,0.95,claude_sonnet_4_6|INTJ|memory|crash|999|0.95,1,0.7,BUY,90.3,90.3,90.3,50.0,0.0,1.0,15.0,13.5,2.95,0.0,0,-0.01
mbti,claude_sonnet_4_6,INTJ,static,crash,999,0.95,claude_sonnet_4_6|INTJ|static|crash|999|0.95,1,0.7,BUY,90.3,90.3,90.3,50.0,0.0,1.0,15.0,13.5,2.95,0.0,0,-0.01
mbti,claude_sonnet_4_6,ISFJ,memory,crash,999,0.95,claude_sonnet_4_6|ISFJ|memory|crash|999|0.95,1,0.6,BUY,90.3,90.3,90.3,50.0,0.0,1.0,15.0,13.5,2.95,0.0,0,-0.01
mbti,claude_sonnet_4_6,ISFJ,static,crash,999,0.95,claude_sonnet_4_6|ISFJ|static|crash|999|0.95,1,0.7,BUY,90.3,90.3,90.3,50.0,0.0,1.0,15.0,13.5,2.95,0.0,0,-0.01
mbti,claude_sonnet_4_6,ENTJ,memory,flat,123,,claude_sonnet_4_6|ENTJ|memory|flat|123|,1,1.0,HOLD,99.45,99.45,99.45,50.0,0.0,1.0,15.0,14.9,2.68,0.0,0,-0.29
mbti,claude_sonnet_4_6,ENTJ,static,flat,123,,claude_sonnet_4_6|ENTJ|static|flat|123|,1,0.6,BUY,100.89,100.89,100.89,50.0,0.0,1.0,15.0,15.1,2.64,0.0,0,0.43
mbti,claude_sonnet_4_6,INTJ,memory,flat,123,,claude_sonnet_4_6|INTJ|memory|flat|123|,1,0.75,BUY,99.92,99.92,99.92,50.0,0.0,1.0,15.0,15.0,2.67,0.0,0,-0.04
mbti,claude_sonnet_4_6,INTJ,static,flat,123,,claude_sonnet_4_6|INTJ|static|flat|123|,1,0.75,BUY,99.92,99.92,99.92,50.0,0.0,1.0,15.0,15.0,2.67,0.0,0,-0.04
mbti,claude_sonnet_4_6,ISFJ,memory,flat,123,,claude_sonnet_4_6|ISFJ|memory|flat|123|,1,0.6,BUY,99.09,99.09,99.09,50.0,0.0,1.0,15.0,14.9,2.69,0.0,0,-0.02
mbti,claude_sonnet_4_6,ISFJ,static,flat,123,,claude_sonnet_4_6|ISFJ|static|flat|123|,1,0.6,BUY,99.52,99.52,99.52,50.0,0.0,1.0,15.0,14.9,2.68,0.0,0,0.11
mbti,claude_sonnet_4_6,ENTJ,memory,flat,42,,claude_sonnet_4_6|ENTJ|memory|flat|42|,1,0.5,BUY,100.45,100.45,100.45,50.0,0.0,1.0,15.0,15.1,2.65,0.0,0,0.1
mbti,claude_sonnet_4_6,ENTJ,static,flat,42,,claude_sonnet_4_6|ENTJ|static|flat|42|,1,0.7,BUY,99.85,99.85,99.85,50.0,0.0,1.0,15.0,15.0,2.67,0.0,0,-0.04
mbti,claude_sonnet_4_6,INTJ,memory,flat,42,,claude_sonnet_4_6|INTJ|memory|flat|42|,1,0.75,BUY,100.05,100.05,100.05,50.0,0.0,1.0,15.0,15.0,2.67,0.0,0,-0.22
mbti,claude_sonnet_4_6,INTJ,static,flat,42,,claude_sonnet_4_6|INTJ|static|flat|42|,1,0.75,BUY,99.99,99.99,99.99,50.0,0.0,1.0,15.0,15.0,2.67,0.0,0,0.12
mbti,claude_sonnet_4_6,ISFJ,memory,flat,42,,claude_sonnet_4_6|ISFJ|memory|flat|42|,1,0.6,BUY,99.46,99.46,99.46,50.0,0.0,1.0,15.0,14.9,2.68,0.0,0,-0.23
mbti,claude_sonnet_4_6,ISFJ,static,flat,42,,claude_sonnet_4_6|ISFJ|static|flat|42|,1,0.7,BUY,100.39,100.39,100.39,50.0,0.0,1.0,15.0,15.1,2.66,0.0,0,-0.41
mbti,claude_sonnet_4_6,ENTJ,memory,flat,456,,claude_sonnet_4_6|ENTJ|memory|flat|456|,1,1.0,HOLD,100.25,100.25,100.25,50.0,0.0,1.0,15.0,15.0,2.66,0.0,0,-0.39
mbti,claude_sonnet_4_6,ENTJ,static,flat,456,,claude_sonnet_4_6|ENTJ|static|flat|456|,1,1.0,HOLD,100.25,100.25,100.25,50.0,0.0,1.0,15.0,15.0,2.66,0.0,0,-0.39
mbti,claude_sonnet_4_6,INTJ,memory,flat,456,,claude_sonnet_4_6|INTJ|memory|flat|456|,1,0.75,BUY,100.25,100.25,100.25,50.0,0.0,1.0,15.0,15.0,2.66,0.0,0,-0.39
mbti,claude_sonnet_4_6,INTJ,static,flat,456,,claude_sonnet_4_6|INTJ|static|flat|456|,1,0.75,BUY,100.25,100.25,100.25,50.0,0.0,1.0,15.0,15.0,2.66,0.0,0,-0.39
mbti,claude_sonnet_4_6,ISFJ,memory,flat,456,,claude_sonnet_4_6|ISFJ|memory|flat|456|,1,0.7,BUY,100.25,100.25,100.25,50.0,0.0,1.0,15.0,15.0,2.66,0.0,0,-0.39
mbti,claude_sonnet_4_6,ISFJ,static,flat,456,,claude_sonnet_4_6|ISFJ|static|flat|456|,1,0.75,BUY,100.25,100.25,100.25,50.0,0.0,1.0,15.0,15.0,2.66,0.0,0,-0.39
mbti,claude_sonnet_4_6,ENTJ,memory,flat,789,,claude_sonnet_4_6|ENTJ|memory|flat|789|,1,0.5,BUY,100.19,100.19,100.19,50.0,0.0,1.0,15.0,15.0,2.66,0.0,0,0.26
mbti,claude_sonnet_4_6,ENTJ,static,flat,789,,claude_sonnet_4_6|ENTJ|static|flat|789|,1,0.6,BUY,100.19,100.19,100.19,50.0,0.0,1.0,15.0,15.0,2.66,0.0,0,0.26
mbti,claude_sonnet_4_6,INTJ,memory,flat,789,,claude_sonnet_4_6|INTJ|memory|flat|789|,1,0.75,BUY,100.19,100.19,100.19,50.0,0.0,1.0,15.0,15.0,2.66,0.0,0,0.26
mbti,claude_sonnet_4_6,INTJ,static,flat,789,,claude_sonnet_4_6|INTJ|static|flat|789|,1,0.75,BUY,100.19,100.19,100.19,50.0,0.0,1.0,15.0,15.0,2.66,0.0,0,0.26
mbti,claude_sonnet_4_6,ISFJ,memory,flat,789,,claude_sonnet_4_6|ISFJ|memory|flat|789|,1,0.6,BUY,100.19,100.19,100.19,50.0,0.0,1.0,15.0,15.0,2.66,0.0,0,0.26
mbti,claude_sonnet_4_6,ISFJ,static,flat,789,,claude_sonnet_4_6|ISFJ|static|flat|789|,1,0.6,BUY,100.19,100.19,100.19,50.0,0.0,1.0,15.0,15.0,2.66,0.0,0,0.26
mbti,claude_sonnet_4_6,ENTJ,memory,flat,999,,claude_sonnet_4_6|ENTJ|memory|flat|999|,1,0.5,BUY,100.38,100.38,100.38,50.0,0.0,1.0,15.0,15.1,2.66,0.0,0,0.08
mbti,claude_sonnet_4_6,ENTJ,static,flat,999,,claude_sonnet_4_6|ENTJ|static|flat|999|,1,0.6,BUY,100.38,100.38,100.38,50.0,0.0,1.0,15.0,15.1,2.66,0.0,0,0.08
mbti,claude_sonnet_4_6,INTJ,memory,flat,999,,claude_sonnet_4_6|INTJ|memory|flat|999|,1,0.75,BUY,100.38,100.38,100.38,50.0,0.0,1.0,15.0,15.1,2.66,0.0,0,0.08
mbti,claude_sonnet_4_6,INTJ,static,flat,999,,claude_sonnet_4_6|INTJ|static|flat|999|,1,0.75,BUY,100.38,100.38,100.38,50.0,0.0,1.0,15.0,15.1,2.66,0.0,0,0.08
mbti,claude_sonnet_4_6,ISFJ,memory,flat,999,,claude_sonnet_4_6|ISFJ|memory|flat|999|,1,0.6,BUY,100.38,100.38,100.38,50.0,0.0,1.0,15.0,15.1,2.66,0.0,0,0.08
mbti,claude_sonnet_4_6,ISFJ,static,flat,999,,claude_sonnet_4_6|ISFJ|static|flat|999|,1,0.6,BUY,100.38,100.38,100.38,50.0,0.0,1.0,15.0,15.1,2.66,0.0,0,0.08
mbti,deepseek_chat,ENTJ,memory,bull_trap,123,,deepseek_chat|ENTJ|memory|bull_trap|123|,1,1.0,HOLD,99.72,99.72,99.72,50.0,0.0,1.0,15.0,15.1,2.65,0.0,0,0.33
mbti,deepseek_chat,ENTJ,static,bull_trap,123,,deepseek_chat|ENTJ|static|bull_trap|123|,1,1.0,HOLD,99.72,99.72,99.72,50.0,0.0,1.0,15.0,15.1,2.65,0.0,0,0.33
mbti,deepseek_chat,INTJ,memory,bull_trap,123,,deepseek_chat|INTJ|memory|bull_trap|123|,1,1.0,HOLD,99.72,99.72,99.72,50.0,0.0,1.0,15.0,15.1,2.65,0.0,0,0.33
mbti,deepseek_chat,INTJ,static,bull_trap,123,,deepseek_chat|INTJ|static|bull_trap|123|,1,1.0,HOLD,99.72,99.72,99.72,50.0,0.0,1.0,15.0,15.1,2.65,0.0,0,0.33
mbti,deepseek_chat,ISFJ,memory,bull_trap,123,,deepseek_chat|ISFJ|memory|bull_trap|123|,1,1.0,HOLD,99.72,99.72,99.72,50.0,0.0,1.0,15.0,15.1,2.65,0.0,0,0.33
mbti,deepseek_chat,ISFJ,static,bull_trap,123,,deepseek_chat|ISFJ|static|bull_trap|123|,1,1.0,HOLD,99.72,99.72,99.72,50.0,0.0,1.0,15.0,15.1,2.65,0.0,0,0.33
mbti,deepseek_chat,ENTJ,memory,bull_trap,42,,deepseek_chat|ENTJ|memory|bull_trap|42|,1,1.0,HOLD,100.96,100.96,100.96,50.0,0.0,1.0,15.0,15.1,2.66,0.0,0,0.1
mbti,deepseek_chat,ENTJ,static,bull_trap,42,,deepseek_chat|ENTJ|static|bull_trap|42|,1,1.0,HOLD,100.96,100.96,100.96,50.0,0.0,1.0,15.0,15.1,2.66,0.0,0,0.1
mbti,deepseek_chat,INTJ,memory,bull_trap,42,,deepseek_chat|INTJ|memory|bull_trap|42|,1,1.0,HOLD,100.96,100.96,100.96,50.0,0.0,1.0,15.0,15.1,2.66,0.0,0,0.1
mbti,deepseek_chat,INTJ,static,bull_trap,42,,deepseek_chat|INTJ|static|bull_trap|42|,1,1.0,HOLD,100.96,100.96,100.96,50.0,0.0,1.0,15.0,15.1,2.66,0.0,0,0.1
mbti,deepseek_chat,ISFJ,memory,bull_trap,42,,deepseek_chat|ISFJ|memory|bull_trap|42|,1,1.0,HOLD,100.96,100.96,100.96,50.0,0.0,1.0,15.0,15.1,2.66,0.0,0,0.1
mbti,deepseek_chat,ISFJ,static,bull_trap,42,,deepseek_chat|ISFJ|static|bull_trap|42|,1,1.0,HOLD,100.96,100.96,100.96,50.0,0.0,1.0,15.0,15.1,2.66,0.0,0,0.1
mbti,deepseek_chat,ENTJ,memory,bull_trap,456,,deepseek_chat|ENTJ|memory|bull_trap|456|,1,1.0,HOLD,99.94,99.94,99.94,50.0,0.0,1.0,15.0,15.1,2.65,0.0,0,0.06
mbti,deepseek_chat,ENTJ,static,bull_trap,456,,deepseek_chat|ENTJ|static|bull_trap|456|,1,1.0,HOLD,99.94,99.94,99.94,50.0,0.0,1.0,15.0,15.1,2.65,0.0,0,0.06
mbti,deepseek_chat,INTJ,memory,bull_trap,456,,deepseek_chat|INTJ|memory|bull_trap|456|,1,1.0,HOLD,99.94,99.94,99.94,50.0,0.0,1.0,15.0,15.1,2.65,0.0,0,0.06
mbti,deepseek_chat,INTJ,static,bull_trap,456,,deepseek_chat|INTJ|static|bull_trap|456|,1,1.0,HOLD,99.94,99.94,99.94,50.0,0.0,1.0,15.0,15.1,2.65,0.0,0,0.06
mbti,deepseek_chat,ISFJ,memory,bull_trap,456,,deepseek_chat|ISFJ|memory|bull_trap|456|,1,1.0,HOLD,99.94,99.94,99.94,50.0,0.0,1.0,15.0,15.1,2.65,0.0,0,0.06
mbti,deepseek_chat,ISFJ,static,bull_trap,456,,deepseek_chat|ISFJ|static|bull_trap|456|,1,1.0,HOLD,99.94,99.94,99.94,50.0,0.0,1.0,15.0,15.1,2.65,0.0,0,0.06
mbti,deepseek_chat,ENTJ,memory,bull_trap,789,,deepseek_chat|ENTJ|memory|bull_trap|789|,1,1.0,HOLD,98.44,98.44,98.44,50.0,0.0,1.0,15.0,14.9,2.68,0.0,0,0.15
mbti,deepseek_chat,ENTJ,static,bull_trap,789,,deepseek_chat|ENTJ|static|bull_trap|789|,1,1.0,HOLD,98.44,98.44,98.44,50.0,0.0,1.0,15.0,14.9,2.68,0.0,0,0.15
mbti,deepseek_chat,INTJ,memory,bull_trap,789,,deepseek_chat|INTJ|memory|bull_trap|789|,1,1.0,HOLD,98.44,98.44,98.44,50.0,0.0,1.0,15.0,14.9,2.68,0.0,0,0.15
mbti,deepseek_chat,INTJ,static,bull_trap,789,,deepseek_chat|INTJ|static|bull_trap|789|,1,1.0,HOLD,98.44,98.44,98.44,50.0,0.0,1.0,15.0,14.9,2.68,0.0,0,0.15
mbti,deepseek_chat,ISFJ,memory,bull_trap,789,,deepseek_chat|ISFJ|memory|bull_trap|789|,1,1.0,HOLD,98.44,98.44,98.44,50.0,0.0,1.0,15.0,14.9,2.68,0.0,0,0.15
mbti,deepseek_chat,ISFJ,static,bull_trap,789,,deepseek_chat|ISFJ|static|bull_trap|789|,1,1.0,HOLD,98.44,98.44,98.44,50.0,0.0,1.0,15.0,14.9,2.68,0.0,0,0.15
mbti,deepseek_chat,ENTJ,memory,bull_trap,999,,deepseek_chat|ENTJ|memory|bull_trap|999|,1,1.0,HOLD,97.06,97.06,97.06,50.0,0.0,1.0,15.0,14.5,2.75,0.0,0,-0.01
mbti,deepseek_chat,ENTJ,static,bull_trap,999,,deepseek_chat|ENTJ|static|bull_trap|999|,1,1.0,HOLD,97.06,97.06,97.06,50.0,0.0,1.0,15.0,14.5,2.75,0.0,0,-0.01
mbti,deepseek_chat,INTJ,memory,bull_trap,999,,deepseek_chat|INTJ|memory|bull_trap|999|,1,1.0,HOLD,97.06,97.06,97.06,50.0,0.0,1.0,15.0,14.5,2.75,0.0,0,-0.01
mbti,deepseek_chat,INTJ,static,bull_trap,999,,deepseek_chat|INTJ|static|bull_trap|999|,1,1.0,HOLD,97.06,97.06,97.06,50.0,0.0,1.0,15.0,14.5,2.75,0.0,0,-0.01
mbti,deepseek_chat,ISFJ,memory,bull_trap,999,,deepseek_chat|ISFJ|memory|bull_trap|999|,1,1.0,HOLD,97.06,97.06,97.06,50.0,0.0,1.0,15.0,14.5,2.75,0.0,0,-0.01
mbti,deepseek_chat,ISFJ,static,bull_trap,999,,deepseek_chat|ISFJ|static|bull_trap|999|,1,1.0,HOLD,97.06,97.06,97.06,50.0,0.0,1.0,15.0,14.5,2.75,0.0,0,-0.01
mbti,deepseek_chat,ENTJ,memory,crash,123,0.85,deepseek_chat|ENTJ|memory|crash|123|0.85,1,1.0,HOLD,85.59,85.59,85.59,50.0,0.0,1.0,15.0,12.9,3.1,0.0,0,0.33
mbti,deepseek_chat,ENTJ,static,crash,123,0.85,deepseek_chat|ENTJ|static|crash|123|0.85,1,1.0,HOLD,85.59,85.59,85.59,50.0,0.0,1.0,15.0,12.9,3.1,0.0,0,0.33
mbti,deepseek_chat,INTJ,memory,crash,123,0.85,deepseek_chat|INTJ|memory|crash|123|0.85,1,1.0,HOLD,85.59,85.59,85.59,50.0,0.0,1.0,15.0,12.9,3.1,0.0,0,0.33
mbti,deepseek_chat,INTJ,static,crash,123,0.85,deepseek_chat|INTJ|static|crash|123|0.85,1,1.0,HOLD,85.59,85.59,85.59,50.0,0.0,1.0,15.0,12.9,3.1,0.0,0,0.33
mbti,deepseek_chat,ISFJ,memory,crash,123,0.85,deepseek_chat|ISFJ|memory|crash|123|0.85,1,1.0,HOLD,85.59,85.59,85.59,50.0,0.0,1.0,15.0,12.9,3.1,0.0,0,0.33
mbti,deepseek_chat,ISFJ,static,crash,123,0.85,deepseek_chat|ISFJ|static|crash|123|0.85,1,1.0,HOLD,85.59,85.59,85.59,50.0,0.0,1.0,15.0,12.9,3.1,0.0,0,0.33
mbti,deepseek_chat,ENTJ,memory,crash,42,0.85,deepseek_chat|ENTJ|memory|crash|42|0.85,1,1.0,HOLD,85.75,85.75,85.75,50.0,0.0,1.0,15.0,12.8,3.12,0.0,0,0.1
mbti,deepseek_chat,ENTJ,static,crash,42,0.85,deepseek_chat|ENTJ|static|crash|42|0.85,1,1.0,HOLD,85.75,85.75,85.75,50.0,0.0,1.0,15.0,12.8,3.12,0.0,0,0.1
mbti,deepseek_chat,INTJ,memory,crash,42,0.85,deepseek_chat|INTJ|memory|crash|42|0.85,1,1.0,HOLD,85.75,85.75,85.75,50.0,0.0,1.0,15.0,12.8,3.12,0.0,0,0.1
mbti,deepseek_chat,INTJ,static,crash,42,0.85,deepseek_chat|INTJ|static|crash|42|0.85,1,1.0,HOLD,85.75,85.75,85.75,50.0,0.0,1.0,15.0,12.8,3.12,0.0,0,0.1
mbti,deepseek_chat,ISFJ,memory,crash,42,0.85,deepseek_chat|ISFJ|memory|crash|42|0.85,1,1.0,HOLD,85.75,85.75,85.75,50.0,0.0,1.0,15.0,12.8,3.12,0.0,0,0.1
mbti,deepseek_chat,ISFJ,static,crash,42,0.85,deepseek_chat|ISFJ|static|crash|42|0.85,1,1.0,HOLD,85.75,85.75,85.75,50.0,0.0,1.0,15.0,12.8,3.12,0.0,0,0.1
mbti,deepseek_chat,ENTJ,memory,crash,456,0.85,deepseek_chat|ENTJ|memory|crash|456|0.85,1,1.0,HOLD,85.48,85.48,85.48,50.0,0.0,1.0,15.0,12.9,3.11,0.0,0,0.06
mbti,deepseek_chat,ENTJ,static,crash,456,0.85,deepseek_chat|ENTJ|static|crash|456|0.85,1,1.0,HOLD,85.48,85.48,85.48,50.0,0.0,1.0,15.0,12.9,3.11,0.0,0,0.06
mbti,deepseek_chat,INTJ,memory,crash,456,0.85,deepseek_chat|INTJ|memory|crash|456|0.85,1,1.0,HOLD,85.48,85.48,85.48,50.0,0.0,1.0,15.0,12.9,3.11,0.0,0,0.06
mbti,deepseek_chat,INTJ,static,crash,456,0.85,deepseek_chat|INTJ|static|crash|456|0.85,1,1.0,HOLD,85.48,85.48,85.48,50.0,0.0,1.0,15.0,12.9,3.11,0.0,0,0.06
mbti,deepseek_chat,ISFJ,memory,crash,456,0.85,deepseek_chat|ISFJ|memory|crash|456|0.85,1,1.0,HOLD,85.48,85.48,85.48,50.0,0.0,1.0,15.0,12.9,3.11,0.0,0,0.06
mbti,deepseek_chat,ISFJ,static,crash,456,0.85,deepseek_chat|ISFJ|static|crash|456|0.85,1,1.0,HOLD,85.48,85.48,85.48,50.0,0.0,1.0,15.0,12.9,3.11,0.0,0,0.06
mbti,deepseek_chat,ENTJ,memory,crash,789,0.85,deepseek_chat|ENTJ|memory|crash|789|0.85,1,1.0,HOLD,83.7,83.7,83.7,50.0,0.0,1.0,15.0,12.6,3.17,0.0,0,0.15
mbti,deepseek_chat,ENTJ,static,crash,789,0.85,deepseek_chat|ENTJ|static|crash|789|0.85,1,1.0,HOLD,83.7,83.7,83.7,50.0,0.0,1.0,15.0,12.6,3.17,0.0,0,0.15
mbti,deepseek_chat,INTJ,memory,crash,789,0.85,deepseek_chat|INTJ|memory|crash|789|0.85,1,1.0,HOLD,83.7,83.7,83.7,50.0,0.0,1.0,15.0,12.6,3.17,0.0,0,0.15
mbti,deepseek_chat,INTJ,static,crash,789,0.85,deepseek_chat|INTJ|static|crash|789|0.85,1,1.0,HOLD,83.7,83.7,83.7,50.0,0.0,1.0,15.0,12.6,3.17,0.0,0,0.15
mbti,deepseek_chat,ISFJ,memory,crash,789,0.85,deepseek_chat|ISFJ|memory|crash|789|0.85,1,1.0,HOLD,83.7,83.7,83.7,50.0,0.0,1.0,15.0,12.6,3.17,0.0,0,0.15
mbti,deepseek_chat,ISFJ,static,crash,789,0.85,deepseek_chat|ISFJ|static|crash|789|0.85,1,1.0,HOLD,83.7,83.7,83.7,50.0,0.0,1.0,15.0,12.6,3.17,0.0,0,0.15
mbti,deepseek_chat,ENTJ,memory,crash,999,0.85,deepseek_chat|ENTJ|memory|crash|999|0.85,1,1.0,HOLD,80.3,80.3,80.3,50.0,0.0,1.0,15.0,12.0,3.32,0.0,0,-0.01
mbti,deepseek_chat,ENTJ,static,crash,999,0.85,deepseek_chat|ENTJ|static|crash|999|0.85,1,1.0,HOLD,80.3,80.3,80.3,50.0,0.0,1.0,15.0,12.0,3.32,0.0,0,-0.01
mbti,deepseek_chat,INTJ,memory,crash,999,0.85,deepseek_chat|INTJ|memory|crash|999|0.85,1,1.0,HOLD,80.3,80.3,80.3,50.0,0.0,1.0,15.0,12.0,3.32,0.0,0,-0.01
mbti,deepseek_chat,INTJ,static,crash,999,0.85,deepseek_chat|INTJ|static|crash|999|0.85,1,1.0,HOLD,80.3,80.3,80.3,50.0,0.0,1.0,15.0,12.0,3.32,0.0,0,-0.01
mbti,deepseek_chat,ISFJ,memory,crash,999,0.85,deepseek_chat|ISFJ|memory|crash|999|0.85,1,1.0,HOLD,80.3,80.3,80.3,50.0,0.0,1.0,15.0,12.0,3.32,0.0,0,-0.01
mbti,deepseek_chat,ISFJ,static,crash,999,0.85,deepseek_chat|ISFJ|static|crash|999|0.85,1,1.0,HOLD,80.3,80.3,80.3,50.0,0.0,1.0,15.0,12.0,3.32,0.0,0,-0.01
mbti,deepseek_chat,ENTJ,memory,crash,123,0.92,deepseek_chat|ENTJ|memory|crash|123|0.92,1,1.0,HOLD,92.56,92.56,92.56,50.0,0.0,1.0,15.0,14.0,2.87,0.0,0,0.33
mbti,deepseek_chat,ENTJ,static,crash,123,0.92,deepseek_chat|ENTJ|static|crash|123|0.92,1,1.0,HOLD,92.56,92.56,92.56,50.0,0.0,1.0,15.0,14.0,2.87,0.0,0,0.33
mbti,deepseek_chat,INTJ,memory,crash,123,0.92,deepseek_chat|INTJ|memory|crash|123|0.92,1,1.0,HOLD,92.56,92.56,92.56,50.0,0.0,1.0,15.0,14.0,2.87,0.0,0,0.33
mbti,deepseek_chat,INTJ,static,crash,123,0.92,deepseek_chat|INTJ|static|crash|123|0.92,1,1.0,HOLD,92.56,92.56,92.56,50.0,0.0,1.0,15.0,14.0,2.87,0.0,0,0.33
mbti,deepseek_chat,ISFJ,memory,crash,123,0.92,deepseek_chat|ISFJ|memory|crash|123|0.92,1,1.0,HOLD,92.56,92.56,92.56,50.0,0.0,1.0,15.0,14.0,2.87,0.0,0,0.33
mbti,deepseek_chat,ISFJ,static,crash,123,0.92,deepseek_chat|ISFJ|static|crash|123|0.92,1,1.0,HOLD,92.56,92.56,92.56,50.0,0.0,1.0,15.0,14.0,2.87,0.0,0,0.33
mbti,deepseek_chat,ENTJ,memory,crash,42,0.92,deepseek_chat|ENTJ|memory|crash|42|0.92,1,1.0,HOLD,92.77,92.77,92.77,50.0,0.0,1.0,15.0,13.9,2.88,0.0,0,0.1
mbti,deepseek_chat,ENTJ,static,crash,42,0.92,deepseek_chat|ENTJ|static|crash|42|0.92,1,1.0,HOLD,92.77,92.77,92.77,50.0,0.0,1.0,15.0,13.9,2.88,0.0,0,0.1
mbti,deepseek_chat,INTJ,memory,crash,42,0.92,deepseek_chat|INTJ|memory|crash|42|0.92,1,1.0,HOLD,92.77,92.77,92.77,50.0,0.0,1.0,15.0,13.9,2.88,0.0,0,0.1
mbti,deepseek_chat,INTJ,static,crash,42,0.92,deepseek_chat|INTJ|static|crash|42|0.92,1,1.0,HOLD,92.77,92.77,92.77,50.0,0.0,1.0,15.0,13.9,2.88,0.0,0,0.1
mbti,deepseek_chat,ISFJ,memory,crash,42,0.92,deepseek_chat|ISFJ|memory|crash|42|0.92,1,1.0,HOLD,92.77,92.77,92.77,50.0,0.0,1.0,15.0,13.9,2.88,0.0,0,0.1
mbti,deepseek_chat,ISFJ,static,crash,42,0.92,deepseek_chat|ISFJ|static|crash|42|0.92,1,1.0,HOLD,92.77,92.77,92.77,50.0,0.0,1.0,15.0,13.9,2.88,0.0,0,0.1
mbti,deepseek_chat,ENTJ,memory,crash,456,0.92,deepseek_chat|ENTJ|memory|crash|456|0.92,1,1.0,HOLD,92.46,92.46,92.46,50.0,0.0,1.0,15.0,13.9,2.87,0.0,0,0.06
mbti,deepseek_chat,ENTJ,static,crash,456,0.92,deepseek_chat|ENTJ|static|crash|456|0.92,1,1.0,HOLD,92.46,92.46,92.46,50.0,0.0,1.0,15.0,13.9,2.87,0.0,0,0.06
mbti,deepseek_chat,INTJ,memory,crash,456,0.92,deepseek_chat|INTJ|memory|crash|456|0.92,1,1.0,HOLD,92.46,92.46,92.46,50.0,0.0,1.0,15.0,13.9,2.87,0.0,0,0.06
mbti,deepseek_chat,INTJ,static,crash,456,0.92,deepseek_chat|INTJ|static|crash|456|0.92,1,1.0,HOLD,92.46,92.46,92.46,50.0,0.0,1.0,15.0,13.9,2.87,0.0,0,0.06
mbti,deepseek_chat,ISFJ,memory,crash,456,0.92,deepseek_chat|ISFJ|memory|crash|456|0.92,1,1.0,HOLD,92.46,92.46,92.46,50.0,0.0,1.0,15.0,13.9,2.87,0.0,0,0.06
mbti,deepseek_chat,ISFJ,static,crash,456,0.92,deepseek_chat|ISFJ|static|crash|456|0.92,1,1.0,HOLD,92.46,92.46,92.46,50.0,0.0,1.0,15.0,13.9,2.87,0.0,0,0.06
mbti,deepseek_chat,ENTJ,memory,crash,789,0.92,deepseek_chat|ENTJ|memory|crash|789|0.92,1,1.0,HOLD,90.66,90.66,90.66,50.0,0.0,1.0,15.0,13.7,2.93,0.0,0,0.15
mbti,deepseek_chat,ENTJ,static,crash,789,0.92,deepseek_chat|ENTJ|static|crash|789|0.92,1,1.0,HOLD,90.66,90.66,90.66,50.0,0.0,1.0,15.0,13.7,2.93,0.0,0,0.15
mbti,deepseek_chat,INTJ,memory,crash,789,0.92,deepseek_chat|INTJ|memory|crash|789|0.92,1,1.0,HOLD,90.66,90.66,90.66,50.0,0.0,1.0,15.0,13.7,2.93,0.0,0,0.15
mbti,deepseek_chat,INTJ,static,crash,789,0.92,deepseek_chat|INTJ|static|crash|789|0.92,1,1.0,HOLD,90.66,90.66,90.66,50.0,0.0,1.0,15.0,13.7,2.93,0.0,0,0.15
mbti,deepseek_chat,ISFJ,memory,crash,789,0.92,deepseek_chat|ISFJ|memory|crash|789|0.92,1,1.0,HOLD,90.66,90.66,90.66,50.0,0.0,1.0,15.0,13.7,2.93,0.0,0,0.15
mbti,deepseek_chat,ISFJ,static,crash,789,0.92,deepseek_chat|ISFJ|static|crash|789|0.92,1,1.0,HOLD,90.66,90.66,90.66,50.0,0.0,1.0,15.0,13.7,2.93,0.0,0,0.15
mbti,deepseek_chat,ENTJ,memory,crash,999,0.92,deepseek_chat|ENTJ|memory|crash|999|0.92,1,1.0,HOLD,87.3,87.3,87.3,50.0,0.0,1.0,15.0,13.1,3.06,0.0,0,-0.01
mbti,deepseek_chat,ENTJ,static,crash,999,0.92,deepseek_chat|ENTJ|static|crash|999|0.92,1,1.0,HOLD,87.3,87.3,87.3,50.0,0.0,1.0,15.0,13.1,3.06,0.0,0,-0.01
mbti,deepseek_chat,INTJ,memory,crash,999,0.92,deepseek_chat|INTJ|memory|crash|999|0.92,1,1.0,HOLD,87.3,87.3,87.3,50.0,0.0,1.0,15.0,13.1,3.06,0.0,0,-0.01
mbti,deepseek_chat,INTJ,static,crash,999,0.92,deepseek_chat|INTJ|static|crash|999|0.92,1,1.0,HOLD,87.3,87.3,87.3,50.0,0.0,1.0,15.0,13.1,3.06,0.0,0,-0.01
mbti,deepseek_chat,ISFJ,memory,crash,999,0.92,deepseek_chat|ISFJ|memory|crash|999|0.92,1,1.0,HOLD,87.3,87.3,87.3,50.0,0.0,1.0,15.0,13.1,3.06,0.0,0,-0.01
mbti,deepseek_chat,ISFJ,static,crash,999,0.92,deepseek_chat|ISFJ|static|crash|999|0.92,1,1.0,HOLD,87.3,87.3,87.3,50.0,0.0,1.0,15.0,13.1,3.06,0.0,0,-0.01
mbti,deepseek_chat,ENTJ,memory,crash,123,0.95,deepseek_chat|ENTJ|memory|crash|123|0.95,1,1.0,HOLD,95.54,95.54,95.54,50.0,0.0,1.0,15.0,14.4,2.78,0.0,0,0.33
mbti,deepseek_chat,ENTJ,static,crash,123,0.95,deepseek_chat|ENTJ|static|crash|123|0.95,1,1.0,HOLD,95.54,95.54,95.54,50.0,0.0,1.0,15.0,14.4,2.78,0.0,0,0.33
mbti,deepseek_chat,INTJ,memory,crash,123,0.95,deepseek_chat|INTJ|memory|crash|123|0.95,1,1.0,HOLD,95.54,95.54,95.54,50.0,0.0,1.0,15.0,14.4,2.78,0.0,0,0.33
mbti,deepseek_chat,INTJ,static,crash,123,0.95,deepseek_chat|INTJ|static|crash|123|0.95,1,1.0,HOLD,95.54,95.54,95.54,50.0,0.0,1.0,15.0,14.4,2.78,0.0,0,0.33
mbti,deepseek_chat,ISFJ,memory,crash,123,0.95,deepseek_chat|ISFJ|memory|crash|123|0.95,1,1.0,HOLD,95.54,95.54,95.54,50.0,0.0,1.0,15.0,14.4,2.78,0.0,0,0.33
mbti,deepseek_chat,ISFJ,static,crash,123,0.95,deepseek_chat|ISFJ|static|crash|123|0.95,1,1.0,HOLD,95.54,95.54,95.54,50.0,0.0,1.0,15.0,14.4,2.78,0.0,0,0.33
mbti,deepseek_chat,ENTJ,memory,crash,42,0.95,deepseek_chat|ENTJ|memory|crash|42|0.95,1,1.0,HOLD,95.77,95.77,95.77,50.0,0.0,1.0,15.0,14.3,2.79,0.0,0,0.1
mbti,deepseek_chat,ENTJ,static,crash,42,0.95,deepseek_chat|ENTJ|static|crash|42|0.95,1,1.0,HOLD,95.77,95.77,95.77,50.0,0.0,1.0,15.0,14.3,2.79,0.0,0,0.1
mbti,deepseek_chat,INTJ,memory,crash,42,0.95,deepseek_chat|INTJ|memory|crash|42|0.95,1,1.0,HOLD,95.77,95.77,95.77,50.0,0.0,1.0,15.0,14.3,2.79,0.0,0,0.1
mbti,deepseek_chat,INTJ,static,crash,42,0.95,deepseek_chat|INTJ|static|crash|42|0.95,1,1.0,HOLD,95.77,95.77,95.77,50.0,0.0,1.0,15.0,14.3,2.79,0.0,0,0.1
mbti,deepseek_chat,ISFJ,memory,crash,42,0.95,deepseek_chat|ISFJ|memory|crash|42|0.95,1,1.0,HOLD,95.77,95.77,95.77,50.0,0.0,1.0,15.0,14.3,2.79,0.0,0,0.1
mbti,deepseek_chat,ISFJ,static,crash,42,0.95,deepseek_chat|ISFJ|static|crash|42|0.95,1,1.0,HOLD,95.77,95.77,95.77,50.0,0.0,1.0,15.0,14.3,2.79,0.0,0,0.1
mbti,deepseek_chat,ENTJ,memory,crash,456,0.95,deepseek_chat|ENTJ|memory|crash|456|0.95,1,1.0,HOLD,95.45,95.45,95.45,50.0,0.0,1.0,15.0,14.4,2.78,0.0,0,0.06
mbti,deepseek_chat,ENTJ,static,crash,456,0.95,deepseek_chat|ENTJ|static|crash|456|0.95,1,1.0,HOLD,95.45,95.45,95.45,50.0,0.0,1.0,15.0,14.4,2.78,0.0,0,0.06
mbti,deepseek_chat,INTJ,memory,crash,456,0.95,deepseek_chat|INTJ|memory|crash|456|0.95,1,1.0,HOLD,95.45,95.45,95.45,50.0,0.0,1.0,15.0,14.4,2.78,0.0,0,0.06
mbti,deepseek_chat,INTJ,static,crash,456,0.95,deepseek_chat|INTJ|static|crash|456|0.95,1,1.0,HOLD,95.45,95.45,95.45,50.0,0.0,1.0,15.0,14.4,2.78,0.0,0,0.06
mbti,deepseek_chat,ISFJ,memory,crash,456,0.95,deepseek_chat|ISFJ|memory|crash|456|0.95,1,1.0,HOLD,95.45,95.45,95.45,50.0,0.0,1.0,15.0,14.4,2.78,0.0,0,0.06
mbti,deepseek_chat,ISFJ,static,crash,456,0.95,deepseek_chat|ISFJ|static|crash|456|0.95,1,1.0,HOLD,95.45,95.45,95.45,50.0,0.0,1.0,15.0,14.4,2.78,0.0,0,0.06
mbti,deepseek_chat,ENTJ,memory,crash,789,0.95,deepseek_chat|ENTJ|memory|crash|789|0.95,1,1.0,HOLD,93.64,93.64,93.64,50.0,0.0,1.0,15.0,14.1,2.83,0.0,0,0.15
mbti,deepseek_chat,ENTJ,static,crash,789,0.95,deepseek_chat|ENTJ|static|crash|789|0.95,1,1.0,HOLD,93.64,93.64,93.64,50.0,0.0,1.0,15.0,14.1,2.83,0.0,0,0.15
mbti,deepseek_chat,INTJ,memory,crash,789,0.95,deepseek_chat|INTJ|memory|crash|789|0.95,1,1.0,HOLD,93.64,93.64,93.64,50.0,0.0,1.0,15.0,14.1,2.83,0.0,0,0.15
mbti,deepseek_chat,INTJ,static,crash,789,0.95,deepseek_chat|INTJ|static|crash|789|0.95,1,1.0,HOLD,93.64,93.64,93.64,50.0,0.0,1.0,15.0,14.1,2.83,0.0,0,0.15
mbti,deepseek_chat,ISFJ,memory,crash,789,0.95,deepseek_chat|ISFJ|memory|crash|789|0.95,1,1.0,HOLD,93.64,93.64,93.64,50.0,0.0,1.0,15.0,14.1,2.83,0.0,0,0.15
mbti,deepseek_chat,ISFJ,static,crash,789,0.95,deepseek_chat|ISFJ|static|crash|789|0.95,1,1.0,HOLD,93.64,93.64,93.64,50.0,0.0,1.0,15.0,14.1,2.83,0.0,0,0.15
mbti,deepseek_chat,ENTJ,memory,crash,999,0.95,deepseek_chat|ENTJ|memory|crash|999|0.95,1,1.0,HOLD,90.3,90.3,90.3,50.0,0.0,1.0,15.0,13.5,2.95,0.0,0,-0.01
mbti,deepseek_chat,ENTJ,static,crash,999,0.95,deepseek_chat|ENTJ|static|crash|999|0.95,1,1.0,HOLD,90.3,90.3,90.3,50.0,0.0,1.0,15.0,13.5,2.95,0.0,0,-0.01
mbti,deepseek_chat,INTJ,memory,crash,999,0.95,deepseek_chat|INTJ|memory|crash|999|0.95,1,1.0,HOLD,90.3,90.3,90.3,50.0,0.0,1.0,15.0,13.5,2.95,0.0,0,-0.01
mbti,deepseek_chat,INTJ,static,crash,999,0.95,deepseek_chat|INTJ|static|crash|999|0.95,1,1.0,HOLD,90.3,90.3,90.3,50.0,0.0,1.0,15.0,13.5,2.95,0.0,0,-0.01
mbti,deepseek_chat,ISFJ,memory,crash,999,0.95,deepseek_chat|ISFJ|memory|crash|999|0.95,1,1.0,HOLD,90.3,90.3,90.3,50.0,0.0,1.0,15.0,13.5,2.95,0.0,0,-0.01
mbti,deepseek_chat,ISFJ,static,crash,999,0.95,deepseek_chat|ISFJ|static|crash|999|0.95,1,1.0,HOLD,90.3,90.3,90.3,50.0,0.0,1.0,15.0,13.5,2.95,0.0,0,-0.01
mbti,deepseek_chat,ENTJ,memory,flat,123,,deepseek_chat|ENTJ|memory|flat|123|,1,1.0,HOLD,100.04,100.04,100.04,50.0,0.0,1.0,15.0,15.0,2.67,0.0,0,0.23
mbti,deepseek_chat,ENTJ,static,flat,123,,deepseek_chat|ENTJ|static|flat|123|,1,1.0,HOLD,99.82,99.82,99.82,50.0,0.0,1.0,15.0,15.0,2.67,0.0,0,-0.03
mbti,deepseek_chat,INTJ,memory,flat,123,,deepseek_chat|INTJ|memory|flat|123|,1,1.0,HOLD,99.94,99.94,99.94,50.0,0.0,1.0,15.0,15.0,2.67,0.0,0,0.03
mbti,deepseek_chat,INTJ,static,flat,123,,deepseek_chat|INTJ|static|flat|123|,1,1.0,HOLD,100.04,100.04,100.04,50.0,0.0,1.0,15.0,15.0,2.67,0.0,0,0.58
mbti,deepseek_chat,ISFJ,memory,flat,123,,deepseek_chat|ISFJ|memory|flat|123|,1,1.0,HOLD,99.23,99.23,99.23,50.0,0.0,1.0,15.0,14.9,2.69,0.0,0,-0.1
mbti,deepseek_chat,ISFJ,static,flat,123,,deepseek_chat|ISFJ|static|flat|123|,1,1.0,HOLD,98.98,98.98,98.98,50.0,0.0,1.0,15.0,14.8,2.69,0.0,0,-0.13
mbti,deepseek_chat,ENTJ,memory,flat,42,,deepseek_chat|ENTJ|memory|flat|42|,1,1.0,HOLD,100.58,100.58,100.58,50.0,0.0,1.0,15.0,15.1,2.65,0.0,0,0.18
mbti,deepseek_chat,ENTJ,static,flat,42,,deepseek_chat|ENTJ|static|flat|42|,1,1.0,HOLD,99.89,99.89,99.89,50.0,0.0,1.0,15.0,15.0,2.67,0.0,0,-0.17
mbti,deepseek_chat,INTJ,memory,flat,42,,deepseek_chat|INTJ|memory|flat|42|,1,1.0,HOLD,98.7,98.7,98.7,50.0,0.0,1.0,15.0,14.8,2.7,0.0,0,0.24
mbti,deepseek_chat,INTJ,static,flat,42,,deepseek_chat|INTJ|static|flat|42|,1,1.0,HOLD,100.37,100.37,100.37,50.0,0.0,1.0,15.0,15.1,2.66,0.0,0,-0.2
mbti,deepseek_chat,ISFJ,memory,flat,42,,deepseek_chat|ISFJ|memory|flat|42|,1,1.0,HOLD,99.88,99.88,99.88,50.0,0.0,1.0,15.0,15.0,2.67,0.0,0,-0.24
mbti,deepseek_chat,ISFJ,static,flat,42,,deepseek_chat|ISFJ|static|flat|42|,1,1.0,HOLD,100.57,100.57,100.57,50.0,0.0,1.0,15.0,15.1,2.65,0.0,0,-0.55
mbti,deepseek_chat,ENTJ,memory,flat,456,,deepseek_chat|ENTJ|memory|flat|456|,1,1.0,HOLD,100.35,100.35,100.35,50.0,0.0,1.0,15.0,15.1,2.66,0.0,0,0.4
mbti,deepseek_chat,ENTJ,static,flat,456,,deepseek_chat|ENTJ|static|flat|456|,1,1.0,HOLD,100.51,100.51,100.51,50.0,0.0,1.0,15.0,15.1,2.65,0.0,0,-0.24
mbti,deepseek_chat,INTJ,memory,flat,456,,deepseek_chat|INTJ|memory|flat|456|,1,1.0,HOLD,99.41,99.41,99.41,50.0,0.0,1.0,15.0,14.9,2.68,0.0,0,0.22
mbti,deepseek_chat,INTJ,static,flat,456,,deepseek_chat|INTJ|static|flat|456|,1,1.0,HOLD,100.18,100.18,100.18,50.0,0.0,1.0,15.0,15.0,2.66,0.0,0,-0.13
mbti,deepseek_chat,ISFJ,memory,flat,456,,deepseek_chat|ISFJ|memory|flat|456|,1,1.0,HOLD,100.69,100.69,100.69,50.0,0.0,1.0,15.0,15.1,2.65,0.0,0,-0.09
mbti,deepseek_chat,ISFJ,static,flat,456,,deepseek_chat|ISFJ|static|flat|456|,1,1.0,HOLD,100.64,100.64,100.64,50.0,0.0,1.0,15.0,15.1,2.65,0.0,0,-0.19
mbti,deepseek_chat,ENTJ,memory,flat,789,,deepseek_chat|ENTJ|memory|flat|789|,1,1.0,HOLD,99.74,99.74,99.74,50.0,0.0,1.0,15.0,15.0,2.67,0.0,0,-0.02
mbti,deepseek_chat,ENTJ,static,flat,789,,deepseek_chat|ENTJ|static|flat|789|,1,1.0,HOLD,99.97,99.97,99.97,50.0,0.0,1.0,15.0,15.0,2.67,0.0,0,-0.02
mbti,deepseek_chat,INTJ,memory,flat,789,,deepseek_chat|INTJ|memory|flat|789|,1,1.0,HOLD,100.19,100.19,100.19,50.0,0.0,1.0,15.0,15.0,2.66,0.0,0,0.26
mbti,deepseek_chat,INTJ,static,flat,789,,deepseek_chat|INTJ|static|flat|789|,1,1.0,HOLD,100.19,100.19,100.19,50.0,0.0,1.0,15.0,15.0,2.66,0.0,0,0.26
mbti,deepseek_chat,ISFJ,memory,flat,789,,deepseek_chat|ISFJ|memory|flat|789|,1,1.0,HOLD,100.19,100.19,100.19,50.0,0.0,1.0,15.0,15.0,2.66,0.0,0,0.26
mbti,deepseek_chat,ISFJ,static,flat,789,,deepseek_chat|ISFJ|static|flat|789|,1,1.0,HOLD,100.19,100.19,100.19,50.0,0.0,1.0,15.0,15.0,2.66,0.0,0,0.26
mbti,deepseek_chat,ENTJ,memory,flat,999,,deepseek_chat|ENTJ|memory|flat|999|,1,1.0,HOLD,100.38,100.38,100.38,50.0,0.0,1.0,15.0,15.1,2.66,0.0,0,0.08
mbti,deepseek_chat,ENTJ,static,flat,999,,deepseek_chat|ENTJ|static|flat|999|,1,1.0,HOLD,100.38,100.38,100.38,50.0,0.0,1.0,15.0,15.1,2.66,0.0,0,0.08
mbti,deepseek_chat,INTJ,memory,flat,999,,deepseek_chat|INTJ|memory|flat|999|,1,1.0,HOLD,100.38,100.38,100.38,50.0,0.0,1.0,15.0,15.1,2.66,0.0,0,0.08
mbti,deepseek_chat,INTJ,static,flat,999,,deepseek_chat|INTJ|static|flat|999|,1,1.0,HOLD,100.38,100.38,100.38,50.0,0.0,1.0,15.0,15.1,2.66,0.0,0,0.08
mbti,deepseek_chat,ISFJ,memory,flat,999,,deepseek_chat|ISFJ|memory|flat|999|,1,1.0,HOLD,100.38,100.38,100.38,50.0,0.0,1.0,15.0,15.1,2.66,0.0,0,0.08
mbti,deepseek_chat,ISFJ,static,flat,999,,deepseek_chat|ISFJ|static|flat|999|,1,1.0,HOLD,100.38,100.38,100.38,50.0,0.0,1.0,15.0,15.1,2.66,0.0,0,0.08
mbti,gemini_2_5_flash,ENTJ,memory,bull_trap,123,,gemini_2_5_flash|ENTJ|memory|bull_trap|123|,1,1.0,HOLD,99.72,99.72,99.72,50.0,0.0,1.0,15.0,15.1,2.65,0.0,0,0.33
mbti,gemini_2_5_flash,ENTJ,static,bull_trap,123,,gemini_2_5_flash|ENTJ|static|bull_trap|123|,1,1.0,HOLD,99.72,99.72,99.72,50.0,0.0,1.0,15.0,15.1,2.65,0.0,0,0.33
mbti,gemini_2_5_flash,INTJ,memory,bull_trap,123,,gemini_2_5_flash|INTJ|memory|bull_trap|123|,1,1.0,HOLD,99.72,99.72,99.72,50.0,0.0,1.0,15.0,15.1,2.65,0.0,0,0.33
mbti,gemini_2_5_flash,INTJ,static,bull_trap,123,,gemini_2_5_flash|INTJ|static|bull_trap|123|,1,1.0,HOLD,99.72,99.72,99.72,50.0,0.0,1.0,15.0,15.1,2.65,0.0,0,0.33
mbti,gemini_2_5_flash,ISFJ,memory,bull_trap,123,,gemini_2_5_flash|ISFJ|memory|bull_trap|123|,1,1.0,HOLD,99.72,99.72,99.72,50.0,0.0,1.0,15.0,15.1,2.65,0.0,0,0.33
mbti,gemini_2_5_flash,ISFJ,static,bull_trap,123,,gemini_2_5_flash|ISFJ|static|bull_trap|123|,1,1.0,HOLD,99.72,99.72,99.72,50.0,0.0,1.0,15.0,15.1,2.65,0.0,0,0.33
mbti,gemini_2_5_flash,ENTJ,memory,bull_trap,42,,gemini_2_5_flash|ENTJ|memory|bull_trap|42|,1,1.0,HOLD,100.96,100.96,100.96,50.0,0.0,1.0,15.0,15.1,2.66,0.0,0,0.1
mbti,gemini_2_5_flash,ENTJ,static,bull_trap,42,,gemini_2_5_flash|ENTJ|static|bull_trap|42|,1,1.0,HOLD,100.96,100.96,100.96,50.0,0.0,1.0,15.0,15.1,2.66,0.0,0,0.1
mbti,gemini_2_5_flash,INTJ,memory,bull_trap,42,,gemini_2_5_flash|INTJ|memory|bull_trap|42|,1,1.0,HOLD,100.96,100.96,100.96,50.0,0.0,1.0,15.0,15.1,2.66,0.0,0,0.1
mbti,gemini_2_5_flash,INTJ,static,bull_trap,42,,gemini_2_5_flash|INTJ|static|bull_trap|42|,1,1.0,HOLD,100.96,100.96,100.96,50.0,0.0,1.0,15.0,15.1,2.66,0.0,0,0.1
mbti,gemini_2_5_flash,ISFJ,memory,bull_trap,42,,gemini_2_5_flash|ISFJ|memory|bull_trap|42|,1,1.0,HOLD,100.96,100.96,100.96,50.0,0.0,1.0,15.0,15.1,2.66,0.0,0,0.1
mbti,gemini_2_5_flash,ISFJ,static,bull_trap,42,,gemini_2_5_flash|ISFJ|static|bull_trap|42|,1,1.0,HOLD,100.96,100.96,100.96,50.0,0.0,1.0,15.0,15.1,2.66,0.0,0,0.1
mbti,gemini_2_5_flash,ENTJ,memory,bull_trap,456,,gemini_2_5_flash|ENTJ|memory|bull_trap|456|,1,1.0,HOLD,99.94,99.94,99.94,50.0,0.0,1.0,15.0,15.1,2.65,0.0,0,0.06
mbti,gemini_2_5_flash,ENTJ,static,bull_trap,456,,gemini_2_5_flash|ENTJ|static|bull_trap|456|,1,1.0,HOLD,99.94,99.94,99.94,50.0,0.0,1.0,15.0,15.1,2.65,0.0,0,0.06
mbti,gemini_2_5_flash,INTJ,memory,bull_trap,456,,gemini_2_5_flash|INTJ|memory|bull_trap|456|,1,1.0,HOLD,99.94,99.94,99.94,50.0,0.0,1.0,15.0,15.1,2.65,0.0,0,0.06
mbti,gemini_2_5_flash,INTJ,static,bull_trap,456,,gemini_2_5_flash|INTJ|static|bull_trap|456|,1,1.0,HOLD,99.94,99.94,99.94,50.0,0.0,1.0,15.0,15.1,2.65,0.0,0,0.06
mbti,gemini_2_5_flash,ISFJ,memory,bull_trap,456,,gemini_2_5_flash|ISFJ|memory|bull_trap|456|,1,1.0,HOLD,99.94,99.94,99.94,50.0,0.0,1.0,15.0,15.1,2.65,0.0,0,0.06
mbti,gemini_2_5_flash,ISFJ,static,bull_trap,456,,gemini_2_5_flash|ISFJ|static|bull_trap|456|,1,1.0,HOLD,99.94,99.94,99.94,50.0,0.0,1.0,15.0,15.1,2.65,0.0,0,0.06
mbti,gemini_2_5_flash,ENTJ,memory,bull_trap,789,,gemini_2_5_flash|ENTJ|memory|bull_trap|789|,1,1.0,HOLD,98.44,98.44,98.44,50.0,0.0,1.0,15.0,14.9,2.68,0.0,0,0.15
mbti,gemini_2_5_flash,ENTJ,static,bull_trap,789,,gemini_2_5_flash|ENTJ|static|bull_trap|789|,1,1.0,HOLD,98.44,98.44,98.44,50.0,0.0,1.0,15.0,14.9,2.68,0.0,0,0.15
mbti,gemini_2_5_flash,INTJ,memory,bull_trap,789,,gemini_2_5_flash|INTJ|memory|bull_trap|789|,1,1.0,HOLD,98.44,98.44,98.44,50.0,0.0,1.0,15.0,14.9,2.68,0.0,0,0.15
mbti,gemini_2_5_flash,INTJ,static,bull_trap,789,,gemini_2_5_flash|INTJ|static|bull_trap|789|,1,1.0,HOLD,98.44,98.44,98.44,50.0,0.0,1.0,15.0,14.9,2.68,0.0,0,0.15
mbti,gemini_2_5_flash,ISFJ,memory,bull_trap,789,,gemini_2_5_flash|ISFJ|memory|bull_trap|789|,1,1.0,HOLD,98.44,98.44,98.44,50.0,0.0,1.0,15.0,14.9,2.68,0.0,0,0.15
mbti,gemini_2_5_flash,ISFJ,static,bull_trap,789,,gemini_2_5_flash|ISFJ|static|bull_trap|789|,1,1.0,HOLD,98.44,98.44,98.44,50.0,0.0,1.0,15.0,14.9,2.68,0.0,0,0.15
mbti,gemini_2_5_flash,ENTJ,memory,bull_trap,999,,gemini_2_5_flash|ENTJ|memory|bull_trap|999|,1,1.0,HOLD,97.06,97.06,97.06,50.0,0.0,1.0,15.0,14.5,2.75,0.0,0,-0.01
mbti,gemini_2_5_flash,ENTJ,static,bull_trap,999,,gemini_2_5_flash|ENTJ|static|bull_trap|999|,1,1.0,HOLD,97.06,97.06,97.06,50.0,0.0,1.0,15.0,14.5,2.75,0.0,0,-0.01
mbti,gemini_2_5_flash,INTJ,memory,bull_trap,999,,gemini_2_5_flash|INTJ|memory|bull_trap|999|,1,1.0,HOLD,97.06,97.06,97.06,50.0,0.0,1.0,15.0,14.5,2.75,0.0,0,-0.01
mbti,gemini_2_5_flash,INTJ,static,bull_trap,999,,gemini_2_5_flash|INTJ|static|bull_trap|999|,1,1.0,HOLD,97.06,97.06,97.06,50.0,0.0,1.0,15.0,14.5,2.75,0.0,0,-0.01
mbti,gemini_2_5_flash,ISFJ,memory,bull_trap,999,,gemini_2_5_flash|ISFJ|memory|bull_trap|999|,1,1.0,HOLD,97.06,97.06,97.06,50.0,0.0,1.0,15.0,14.5,2.75,0.0,0,-0.01
mbti,gemini_2_5_flash,ISFJ,static,bull_trap,999,,gemini_2_5_flash|ISFJ|static|bull_trap|999|,1,1.0,HOLD,97.06,97.06,97.06,50.0,0.0,1.0,15.0,14.5,2.75,0.0,0,-0.01
mbti,gemini_2_5_flash,ENTJ,memory,crash,123,0.85,gemini_2_5_flash|ENTJ|memory|crash|123|0.85,1,1.0,HOLD,85.59,85.59,85.59,50.0,0.0,1.0,15.0,12.9,3.1,0.0,0,0.33
mbti,gemini_2_5_flash,ENTJ,static,crash,123,0.85,gemini_2_5_flash|ENTJ|static|crash|123|0.85,1,1.0,HOLD,85.59,85.59,85.59,50.0,0.0,1.0,15.0,12.9,3.1,0.0,0,0.33
mbti,gemini_2_5_flash,INTJ,memory,crash,123,0.85,gemini_2_5_flash|INTJ|memory|crash|123|0.85,1,1.0,HOLD,85.59,85.59,85.59,50.0,0.0,1.0,15.0,12.9,3.1,0.0,0,0.33
mbti,gemini_2_5_flash,INTJ,static,crash,123,0.85,gemini_2_5_flash|INTJ|static|crash|123|0.85,1,1.0,HOLD,85.59,85.59,85.59,50.0,0.0,1.0,15.0,12.9,3.1,0.0,0,0.33
mbti,gemini_2_5_flash,ISFJ,memory,crash,123,0.85,gemini_2_5_flash|ISFJ|memory|crash|123|0.85,1,1.0,HOLD,85.59,85.59,85.59,50.0,0.0,1.0,15.0,12.9,3.1,0.0,0,0.33
mbti,gemini_2_5_flash,ISFJ,static,crash,123,0.85,gemini_2_5_flash|ISFJ|static|crash|123|0.85,1,1.0,HOLD,85.59,85.59,85.59,50.0,0.0,1.0,15.0,12.9,3.1,0.0,0,0.33
mbti,gemini_2_5_flash,ENTJ,memory,crash,42,0.85,gemini_2_5_flash|ENTJ|memory|crash|42|0.85,1,1.0,HOLD,85.75,85.75,85.75,50.0,0.0,1.0,15.0,12.8,3.12,0.0,0,0.1
mbti,gemini_2_5_flash,ENTJ,static,crash,42,0.85,gemini_2_5_flash|ENTJ|static|crash|42|0.85,1,1.0,HOLD,85.75,85.75,85.75,50.0,0.0,1.0,15.0,12.8,3.12,0.0,0,0.1
mbti,gemini_2_5_flash,INTJ,memory,crash,42,0.85,gemini_2_5_flash|INTJ|memory|crash|42|0.85,1,1.0,HOLD,85.75,85.75,85.75,50.0,0.0,1.0,15.0,12.8,3.12,0.0,0,0.1
mbti,gemini_2_5_flash,INTJ,static,crash,42,0.85,gemini_2_5_flash|INTJ|static|crash|42|0.85,1,1.0,HOLD,85.75,85.75,85.75,50.0,0.0,1.0,15.0,12.8,3.12,0.0,0,0.1
mbti,gemini_2_5_flash,ISFJ,memory,crash,42,0.85,gemini_2_5_flash|ISFJ|memory|crash|42|0.85,1,1.0,HOLD,85.75,85.75,85.75,50.0,0.0,1.0,15.0,12.8,3.12,0.0,0,0.1
mbti,gemini_2_5_flash,ISFJ,static,crash,42,0.85,gemini_2_5_flash|ISFJ|static|crash|42|0.85,1,1.0,HOLD,85.75,85.75,85.75,50.0,0.0,1.0,15.0,12.8,3.12,0.0,0,0.1
mbti,gemini_2_5_flash,ENTJ,memory,crash,456,0.85,gemini_2_5_flash|ENTJ|memory|crash|456|0.85,1,1.0,HOLD,85.48,85.48,85.48,50.0,0.0,1.0,15.0,12.9,3.11,0.0,0,0.06
mbti,gemini_2_5_flash,ENTJ,static,crash,456,0.85,gemini_2_5_flash|ENTJ|static|crash|456|0.85,1,1.0,HOLD,85.48,85.48,85.48,50.0,0.0,1.0,15.0,12.9,3.11,0.0,0,0.06
mbti,gemini_2_5_flash,INTJ,memory,crash,456,0.85,gemini_2_5_flash|INTJ|memory|crash|456|0.85,1,1.0,HOLD,85.48,85.48,85.48,50.0,0.0,1.0,15.0,12.9,3.11,0.0,0,0.06
mbti,gemini_2_5_flash,INTJ,static,crash,456,0.85,gemini_2_5_flash|INTJ|static|crash|456|0.85,1,1.0,HOLD,85.48,85.48,85.48,50.0,0.0,1.0,15.0,12.9,3.11,0.0,0,0.06
mbti,gemini_2_5_flash,ISFJ,memory,crash,456,0.85,gemini_2_5_flash|ISFJ|memory|crash|456|0.85,1,1.0,HOLD,85.48,85.48,85.48,50.0,0.0,1.0,15.0,12.9,3.11,0.0,0,0.06
mbti,gemini_2_5_flash,ISFJ,static,crash,456,0.85,gemini_2_5_flash|ISFJ|static|crash|456|0.85,1,1.0,HOLD,85.48,85.48,85.48,50.0,0.0,1.0,15.0,12.9,3.11,0.0,0,0.06
mbti,gemini_2_5_flash,ENTJ,memory,crash,789,0.85,gemini_2_5_flash|ENTJ|memory|crash|789|0.85,1,1.0,HOLD,83.7,83.7,83.7,50.0,0.0,1.0,15.0,12.6,3.17,0.0,0,0.15
mbti,gemini_2_5_flash,ENTJ,static,crash,789,0.85,gemini_2_5_flash|ENTJ|static|crash|789|0.85,1,1.0,HOLD,83.7,83.7,83.7,50.0,0.0,1.0,15.0,12.6,3.17,0.0,0,0.15
mbti,gemini_2_5_flash,INTJ,memory,crash,789,0.85,gemini_2_5_flash|INTJ|memory|crash|789|0.85,1,1.0,HOLD,83.7,83.7,83.7,50.0,0.0,1.0,15.0,12.6,3.17,0.0,0,0.15
mbti,gemini_2_5_flash,INTJ,static,crash,789,0.85,gemini_2_5_flash|INTJ|static|crash|789|0.85,1,1.0,HOLD,83.7,83.7,83.7,50.0,0.0,1.0,15.0,12.6,3.17,0.0,0,0.15
mbti,gemini_2_5_flash,ISFJ,memory,crash,789,0.85,gemini_2_5_flash|ISFJ|memory|crash|789|0.85,1,1.0,HOLD,83.7,83.7,83.7,50.0,0.0,1.0,15.0,12.6,3.17,0.0,0,0.15
mbti,gemini_2_5_flash,ISFJ,static,crash,789,0.85,gemini_2_5_flash|ISFJ|static|crash|789|0.85,1,1.0,HOLD,83.7,83.7,83.7,50.0,0.0,1.0,15.0,12.6,3.17,0.0,0,0.15
mbti,gemini_2_5_flash,ENTJ,memory,crash,999,0.85,gemini_2_5_flash|ENTJ|memory|crash|999|0.85,1,1.0,HOLD,80.3,80.3,80.3,50.0,0.0,1.0,15.0,12.0,3.32,0.0,0,-0.01
mbti,gemini_2_5_flash,ENTJ,static,crash,999,0.85,gemini_2_5_flash|ENTJ|static|crash|999|0.85,1,1.0,HOLD,80.3,80.3,80.3,50.0,0.0,1.0,15.0,12.0,3.32,0.0,0,-0.01
mbti,gemini_2_5_flash,INTJ,memory,crash,999,0.85,gemini_2_5_flash|INTJ|memory|crash|999|0.85,1,1.0,HOLD,80.3,80.3,80.3,50.0,0.0,1.0,15.0,12.0,3.32,0.0,0,-0.01
mbti,gemini_2_5_flash,INTJ,static,crash,999,0.85,gemini_2_5_flash|INTJ|static|crash|999|0.85,1,1.0,HOLD,80.3,80.3,80.3,50.0,0.0,1.0,15.0,12.0,3.32,0.0,0,-0.01
mbti,gemini_2_5_flash,ISFJ,memory,crash,999,0.85,gemini_2_5_flash|ISFJ|memory|crash|999|0.85,1,1.0,HOLD,80.3,80.3,80.3,50.0,0.0,1.0,15.0,12.0,3.32,0.0,0,-0.01
mbti,gemini_2_5_flash,ISFJ,static,crash,999,0.85,gemini_2_5_flash|ISFJ|static|crash|999|0.85,1,1.0,HOLD,80.3,80.3,80.3,50.0,0.0,1.0,15.0,12.0,3.32,0.0,0,-0.01
mbti,gemini_2_5_flash,ENTJ,memory,crash,123,0.92,gemini_2_5_flash|ENTJ|memory|crash|123|0.92,1,1.0,HOLD,92.56,92.56,92.56,50.0,0.0,1.0,15.0,14.0,2.87,0.0,0,0.33
mbti,gemini_2_5_flash,ENTJ,static,crash,123,0.92,gemini_2_5_flash|ENTJ|static|crash|123|0.92,1,1.0,HOLD,92.56,92.56,92.56,50.0,0.0,1.0,15.0,14.0,2.87,0.0,0,0.33
mbti,gemini_2_5_flash,INTJ,memory,crash,123,0.92,gemini_2_5_flash|INTJ|memory|crash|123|0.92,1,1.0,HOLD,92.56,92.56,92.56,50.0,0.0,1.0,15.0,14.0,2.87,0.0,0,0.33
mbti,gemini_2_5_flash,INTJ,static,crash,123,0.92,gemini_2_5_flash|INTJ|static|crash|123|0.92,1,1.0,HOLD,92.56,92.56,92.56,50.0,0.0,1.0,15.0,14.0,2.87,0.0,0,0.33
mbti,gemini_2_5_flash,ISFJ,memory,crash,123,0.92,gemini_2_5_flash|ISFJ|memory|crash|123|0.92,1,1.0,HOLD,92.56,92.56,92.56,50.0,0.0,1.0,15.0,14.0,2.87,0.0,0,0.33
mbti,gemini_2_5_flash,ISFJ,static,crash,123,0.92,gemini_2_5_flash|ISFJ|static|crash|123|0.92,1,1.0,HOLD,92.56,92.56,92.56,50.0,0.0,1.0,15.0,14.0,2.87,0.0,0,0.33
mbti,gemini_2_5_flash,ENTJ,memory,crash,42,0.92,gemini_2_5_flash|ENTJ|memory|crash|42|0.92,1,1.0,HOLD,92.77,92.77,92.77,50.0,0.0,1.0,15.0,13.9,2.88,0.0,0,0.1
mbti,gemini_2_5_flash,ENTJ,static,crash,42,0.92,gemini_2_5_flash|ENTJ|static|crash|42|0.92,1,1.0,HOLD,92.77,92.77,92.77,50.0,0.0,1.0,15.0,13.9,2.88,0.0,0,0.1
mbti,gemini_2_5_flash,INTJ,memory,crash,42,0.92,gemini_2_5_flash|INTJ|memory|crash|42|0.92,1,1.0,HOLD,92.77,92.77,92.77,50.0,0.0,1.0,15.0,13.9,2.88,0.0,0,0.1
mbti,gemini_2_5_flash,INTJ,static,crash,42,0.92,gemini_2_5_flash|INTJ|static|crash|42|0.92,1,1.0,HOLD,92.77,92.77,92.77,50.0,0.0,1.0,15.0,13.9,2.88,0.0,0,0.1
mbti,gemini_2_5_flash,ISFJ,memory,crash,42,0.92,gemini_2_5_flash|ISFJ|memory|crash|42|0.92,1,1.0,HOLD,92.77,92.77,92.77,50.0,0.0,1.0,15.0,13.9,2.88,0.0,0,0.1
mbti,gemini_2_5_flash,ISFJ,static,crash,42,0.92,gemini_2_5_flash|ISFJ|static|crash|42|0.92,1,1.0,HOLD,92.77,92.77,92.77,50.0,0.0,1.0,15.0,13.9,2.88,0.0,0,0.1
mbti,gemini_2_5_flash,ENTJ,memory,crash,456,0.92,gemini_2_5_flash|ENTJ|memory|crash|456|0.92,1,1.0,HOLD,92.46,92.46,92.46,50.0,0.0,1.0,15.0,13.9,2.87,0.0,0,0.06
mbti,gemini_2_5_flash,ENTJ,static,crash,456,0.92,gemini_2_5_flash|ENTJ|static|crash|456|0.92,1,1.0,HOLD,92.46,92.46,92.46,50.0,0.0,1.0,15.0,13.9,2.87,0.0,0,0.06
mbti,gemini_2_5_flash,INTJ,memory,crash,456,0.92,gemini_2_5_flash|INTJ|memory|crash|456|0.92,1,1.0,HOLD,92.46,92.46,92.46,50.0,0.0,1.0,15.0,13.9,2.87,0.0,0,0.06
mbti,gemini_2_5_flash,INTJ,static,crash,456,0.92,gemini_2_5_flash|INTJ|static|crash|456|0.92,1,1.0,HOLD,92.46,92.46,92.46,50.0,0.0,1.0,15.0,13.9,2.87,0.0,0,0.06
mbti,gemini_2_5_flash,ISFJ,memory,crash,456,0.92,gemini_2_5_flash|ISFJ|memory|crash|456|0.92,1,1.0,HOLD,92.46,92.46,92.46,50.0,0.0,1.0,15.0,13.9,2.87,0.0,0,0.06
mbti,gemini_2_5_flash,ISFJ,static,crash,456,0.92,gemini_2_5_flash|ISFJ|static|crash|456|0.92,1,1.0,HOLD,92.46,92.46,92.46,50.0,0.0,1.0,15.0,13.9,2.87,0.0,0,0.06
mbti,gemini_2_5_flash,ENTJ,memory,crash,789,0.92,gemini_2_5_flash|ENTJ|memory|crash|789|0.92,1,1.0,HOLD,90.66,90.66,90.66,50.0,0.0,1.0,15.0,13.7,2.93,0.0,0,0.15
mbti,gemini_2_5_flash,ENTJ,static,crash,789,0.92,gemini_2_5_flash|ENTJ|static|crash|789|0.92,1,1.0,HOLD,90.66,90.66,90.66,50.0,0.0,1.0,15.0,13.7,2.93,0.0,0,0.15
mbti,gemini_2_5_flash,INTJ,memory,crash,789,0.92,gemini_2_5_flash|INTJ|memory|crash|789|0.92,1,1.0,HOLD,90.66,90.66,90.66,50.0,0.0,1.0,15.0,13.7,2.93,0.0,0,0.15
mbti,gemini_2_5_flash,INTJ,static,crash,789,0.92,gemini_2_5_flash|INTJ|static|crash|789|0.92,1,1.0,HOLD,90.66,90.66,90.66,50.0,0.0,1.0,15.0,13.7,2.93,0.0,0,0.15
mbti,gemini_2_5_flash,ISFJ,memory,crash,789,0.92,gemini_2_5_flash|ISFJ|memory|crash|789|0.92,1,1.0,HOLD,90.66,90.66,90.66,50.0,0.0,1.0,15.0,13.7,2.93,0.0,0,0.15
mbti,gemini_2_5_flash,ISFJ,static,crash,789,0.92,gemini_2_5_flash|ISFJ|static|crash|789|0.92,1,1.0,HOLD,90.66,90.66,90.66,50.0,0.0,1.0,15.0,13.7,2.93,0.0,0,0.15
mbti,gemini_2_5_flash,ENTJ,memory,crash,999,0.92,gemini_2_5_flash|ENTJ|memory|crash|999|0.92,1,1.0,HOLD,87.3,87.3,87.3,50.0,0.0,1.0,15.0,13.1,3.06,0.0,0,-0.01
mbti,gemini_2_5_flash,ENTJ,static,crash,999,0.92,gemini_2_5_flash|ENTJ|static|crash|999|0.92,1,1.0,HOLD,87.3,87.3,87.3,50.0,0.0,1.0,15.0,13.1,3.06,0.0,0,-0.01
mbti,gemini_2_5_flash,INTJ,memory,crash,999,0.92,gemini_2_5_flash|INTJ|memory|crash|999|0.92,1,1.0,HOLD,87.3,87.3,87.3,50.0,0.0,1.0,15.0,13.1,3.06,0.0,0,-0.01
mbti,gemini_2_5_flash,INTJ,static,crash,999,0.92,gemini_2_5_flash|INTJ|static|crash|999|0.92,1,1.0,HOLD,87.3,87.3,87.3,50.0,0.0,1.0,15.0,13.1,3.06,0.0,0,-0.01
mbti,gemini_2_5_flash,ISFJ,memory,crash,999,0.92,gemini_2_5_flash|ISFJ|memory|crash|999|0.92,1,1.0,HOLD,87.3,87.3,87.3,50.0,0.0,1.0,15.0,13.1,3.06,0.0,0,-0.01
mbti,gemini_2_5_flash,ISFJ,static,crash,999,0.92,gemini_2_5_flash|ISFJ|static|crash|999|0.92,1,1.0,HOLD,87.3,87.3,87.3,50.0,0.0,1.0,15.0,13.1,3.06,0.0,0,-0.01
mbti,gemini_2_5_flash,ENTJ,memory,crash,123,0.95,gemini_2_5_flash|ENTJ|memory|crash|123|0.95,1,1.0,HOLD,95.54,95.54,95.54,50.0,0.0,1.0,15.0,14.4,2.78,0.0,0,0.33
mbti,gemini_2_5_flash,ENTJ,static,crash,123,0.95,gemini_2_5_flash|ENTJ|static|crash|123|0.95,1,1.0,HOLD,95.54,95.54,95.54,50.0,0.0,1.0,15.0,14.4,2.78,0.0,0,0.33
mbti,gemini_2_5_flash,INTJ,memory,crash,123,0.95,gemini_2_5_flash|INTJ|memory|crash|123|0.95,1,1.0,HOLD,95.54,95.54,95.54,50.0,0.0,1.0,15.0,14.4,2.78,0.0,0,0.33
mbti,gemini_2_5_flash,INTJ,static,crash,123,0.95,gemini_2_5_flash|INTJ|static|crash|123|0.95,1,1.0,HOLD,95.54,95.54,95.54,50.0,0.0,1.0,15.0,14.4,2.78,0.0,0,0.33
mbti,gemini_2_5_flash,ISFJ,memory,crash,123,0.95,gemini_2_5_flash|ISFJ|memory|crash|123|0.95,1,1.0,HOLD,95.54,95.54,95.54,50.0,0.0,1.0,15.0,14.4,2.78,0.0,0,0.33
mbti,gemini_2_5_flash,ISFJ,static,crash,123,0.95,gemini_2_5_flash|ISFJ|static|crash|123|0.95,1,1.0,HOLD,95.54,95.54,95.54,50.0,0.0,1.0,15.0,14.4,2.78,0.0,0,0.33
mbti,gemini_2_5_flash,ENTJ,memory,crash,42,0.95,gemini_2_5_flash|ENTJ|memory|crash|42|0.95,1,1.0,HOLD,95.77,95.77,95.77,50.0,0.0,1.0,15.0,14.3,2.79,0.0,0,0.1
mbti,gemini_2_5_flash,ENTJ,static,crash,42,0.95,gemini_2_5_flash|ENTJ|static|crash|42|0.95,1,1.0,HOLD,95.77,95.77,95.77,50.0,0.0,1.0,15.0,14.3,2.79,0.0,0,0.1
mbti,gemini_2_5_flash,INTJ,memory,crash,42,0.95,gemini_2_5_flash|INTJ|memory|crash|42|0.95,1,1.0,HOLD,95.77,95.77,95.77,50.0,0.0,1.0,15.0,14.3,2.79,0.0,0,0.1
mbti,gemini_2_5_flash,INTJ,static,crash,42,0.95,gemini_2_5_flash|INTJ|static|crash|42|0.95,1,1.0,HOLD,95.77,95.77,95.77,50.0,0.0,1.0,15.0,14.3,2.79,0.0,0,0.1
mbti,gemini_2_5_flash,ISFJ,memory,crash,42,0.95,gemini_2_5_flash|ISFJ|memory|crash|42|0.95,1,1.0,HOLD,95.77,95.77,95.77,50.0,0.0,1.0,15.0,14.3,2.79,0.0,0,0.1
mbti,gemini_2_5_flash,ISFJ,static,crash,42,0.95,gemini_2_5_flash|ISFJ|static|crash|42|0.95,1,1.0,HOLD,95.77,95.77,95.77,50.0,0.0,1.0,15.0,14.3,2.79,0.0,0,0.1
mbti,gemini_2_5_flash,ENTJ,memory,crash,456,0.95,gemini_2_5_flash|ENTJ|memory|crash|456|0.95,1,1.0,HOLD,95.45,95.45,95.45,50.0,0.0,1.0,15.0,14.4,2.78,0.0,0,0.06
mbti,gemini_2_5_flash,ENTJ,static,crash,456,0.95,gemini_2_5_flash|ENTJ|static|crash|456|0.95,1,1.0,HOLD,95.45,95.45,95.45,50.0,0.0,1.0,15.0,14.4,2.78,0.0,0,0.06
mbti,gemini_2_5_flash,INTJ,memory,crash,456,0.95,gemini_2_5_flash|INTJ|memory|crash|456|0.95,1,1.0,HOLD,95.45,95.45,95.45,50.0,0.0,1.0,15.0,14.4,2.78,0.0,0,0.06
mbti,gemini_2_5_flash,INTJ,static,crash,456,0.95,gemini_2_5_flash|INTJ|static|crash|456|0.95,1,1.0,HOLD,95.45,95.45,95.45,50.0,0.0,1.0,15.0,14.4,2.78,0.0,0,0.06
mbti,gemini_2_5_flash,ISFJ,memory,crash,456,0.95,gemini_2_5_flash|ISFJ|memory|crash|456|0.95,1,1.0,HOLD,95.45,95.45,95.45,50.0,0.0,1.0,15.0,14.4,2.78,0.0,0,0.06
mbti,gemini_2_5_flash,ISFJ,static,crash,456,0.95,gemini_2_5_flash|ISFJ|static|crash|456|0.95,1,1.0,HOLD,95.45,95.45,95.45,50.0,0.0,1.0,15.0,14.4,2.78,0.0,0,0.06
mbti,gemini_2_5_flash,ENTJ,memory,crash,789,0.95,gemini_2_5_flash|ENTJ|memory|crash|789|0.95,1,1.0,HOLD,93.64,93.64,93.64,50.0,0.0,1.0,15.0,14.1,2.83,0.0,0,0.15
mbti,gemini_2_5_flash,ENTJ,static,crash,789,0.95,gemini_2_5_flash|ENTJ|static|crash|789|0.95,1,1.0,HOLD,93.64,93.64,93.64,50.0,0.0,1.0,15.0,14.1,2.83,0.0,0,0.15
mbti,gemini_2_5_flash,INTJ,memory,crash,789,0.95,gemini_2_5_flash|INTJ|memory|crash|789|0.95,1,1.0,HOLD,93.64,93.64,93.64,50.0,0.0,1.0,15.0,14.1,2.83,0.0,0,0.15
mbti,gemini_2_5_flash,INTJ,static,crash,789,0.95,gemini_2_5_flash|INTJ|static|crash|789|0.95,1,1.0,HOLD,93.64,93.64,93.64,50.0,0.0,1.0,15.0,14.1,2.83,0.0,0,0.15
mbti,gemini_2_5_flash,ISFJ,memory,crash,789,0.95,gemini_2_5_flash|ISFJ|memory|crash|789|0.95,1,1.0,HOLD,93.64,93.64,93.64,50.0,0.0,1.0,15.0,14.1,2.83,0.0,0,0.15
mbti,gemini_2_5_flash,ISFJ,static,crash,789,0.95,gemini_2_5_flash|ISFJ|static|crash|789|0.95,1,1.0,HOLD,93.64,93.64,93.64,50.0,0.0,1.0,15.0,14.1,2.83,0.0,0,0.15
mbti,gemini_2_5_flash,ENTJ,memory,crash,999,0.95,gemini_2_5_flash|ENTJ|memory|crash|999|0.95,1,1.0,HOLD,90.3,90.3,90.3,50.0,0.0,1.0,15.0,13.5,2.95,0.0,0,-0.01
mbti,gemini_2_5_flash,ENTJ,static,crash,999,0.95,gemini_2_5_flash|ENTJ|static|crash|999|0.95,1,1.0,HOLD,90.3,90.3,90.3,50.0,0.0,1.0,15.0,13.5,2.95,0.0,0,-0.01
mbti,gemini_2_5_flash,INTJ,memory,crash,999,0.95,gemini_2_5_flash|INTJ|memory|crash|999|0.95,1,1.0,HOLD,90.3,90.3,90.3,50.0,0.0,1.0,15.0,13.5,2.95,0.0,0,-0.01
mbti,gemini_2_5_flash,INTJ,static,crash,999,0.95,gemini_2_5_flash|INTJ|static|crash|999|0.95,1,1.0,HOLD,90.3,90.3,90.3,50.0,0.0,1.0,15.0,13.5,2.95,0.0,0,-0.01
mbti,gemini_2_5_flash,ISFJ,memory,crash,999,0.95,gemini_2_5_flash|ISFJ|memory|crash|999|0.95,1,1.0,HOLD,90.3,90.3,90.3,50.0,0.0,1.0,15.0,13.5,2.95,0.0,0,-0.01
mbti,gemini_2_5_flash,ISFJ,static,crash,999,0.95,gemini_2_5_flash|ISFJ|static|crash|999|0.95,1,1.0,HOLD,90.3,90.3,90.3,50.0,0.0,1.0,15.0,13.5,2.95,0.0,0,-0.01
mbti,gemini_2_5_flash,ENTJ,memory,flat,123,,gemini_2_5_flash|ENTJ|memory|flat|123|,1,1.0,HOLD,99.92,99.92,99.92,50.0,0.0,1.0,15.0,15.0,2.67,0.0,0,-0.04
mbti,gemini_2_5_flash,ENTJ,static,flat,123,,gemini_2_5_flash|ENTJ|static|flat|123|,1,1.0,HOLD,99.92,99.92,99.92,50.0,0.0,1.0,15.0,15.0,2.67,0.0,0,-0.04
mbti,gemini_2_5_flash,INTJ,memory,flat,123,,gemini_2_5_flash|INTJ|memory|flat|123|,1,1.0,HOLD,100.35,100.35,100.35,50.0,0.0,1.0,15.0,15.1,2.66,0.0,0,-0.25
mbti,gemini_2_5_flash,INTJ,static,flat,123,,gemini_2_5_flash|INTJ|static|flat|123|,1,1.0,HOLD,100.46,100.46,100.46,50.0,0.0,1.0,15.0,15.1,2.65,0.0,0,-0.34
mbti,gemini_2_5_flash,ISFJ,memory,flat,123,,gemini_2_5_flash|ISFJ|memory|flat|123|,1,1.0,HOLD,99.81,99.81,99.81,50.0,0.0,1.0,15.0,15.0,2.67,0.0,0,-0.4
mbti,gemini_2_5_flash,ISFJ,static,flat,123,,gemini_2_5_flash|ISFJ|static|flat|123|,1,1.0,HOLD,99.79,99.79,99.79,50.0,0.0,1.0,15.0,15.0,2.67,0.0,0,0.45
mbti,gemini_2_5_flash,ENTJ,memory,flat,42,,gemini_2_5_flash|ENTJ|memory|flat|42|,1,1.0,HOLD,99.94,99.94,99.94,50.0,0.0,1.0,15.0,15.0,2.67,0.0,0,-0.17
mbti,gemini_2_5_flash,ENTJ,static,flat,42,,gemini_2_5_flash|ENTJ|static|flat|42|,1,1.0,HOLD,99.94,99.94,99.94,50.0,0.0,1.0,15.0,15.0,2.67,0.0,0,-0.17
mbti,gemini_2_5_flash,INTJ,memory,flat,42,,gemini_2_5_flash|INTJ|memory|flat|42|,1,1.0,HOLD,99.94,99.94,99.94,50.0,0.0,1.0,15.0,15.0,2.67,0.0,0,-0.17
mbti,gemini_2_5_flash,INTJ,static,flat,42,,gemini_2_5_flash|INTJ|static|flat|42|,1,1.0,HOLD,99.94,99.94,99.94,50.0,0.0,1.0,15.0,15.0,2.67,0.0,0,-0.17
mbti,gemini_2_5_flash,ISFJ,memory,flat,42,,gemini_2_5_flash|ISFJ|memory|flat|42|,1,1.0,HOLD,99.94,99.94,99.94,50.0,0.0,1.0,15.0,15.0,2.67,0.0,0,-0.17
mbti,gemini_2_5_flash,ISFJ,static,flat,42,,gemini_2_5_flash|ISFJ|static|flat|42|,1,1.0,HOLD,99.94,99.94,99.94,50.0,0.0,1.0,15.0,15.0,2.67,0.0,0,-0.17
mbti,gemini_2_5_flash,ENTJ,memory,flat,456,,gemini_2_5_flash|ENTJ|memory|flat|456|,1,1.0,HOLD,100.25,100.25,100.25,50.0,0.0,1.0,15.0,15.0,2.66,0.0,0,-0.39
mbti,gemini_2_5_flash,ENTJ,static,flat,456,,gemini_2_5_flash|ENTJ|static|flat|456|,1,1.0,HOLD,100.25,100.25,100.25,50.0,0.0,1.0,15.0,15.0,2.66,0.0,0,-0.39
mbti,gemini_2_5_flash,INTJ,memory,flat,456,,gemini_2_5_flash|INTJ|memory|flat|456|,1,1.0,HOLD,100.36,100.36,100.36,50.0,0.0,1.0,15.0,15.1,2.66,0.0,0,-0.24
mbti,gemini_2_5_flash,INTJ,static,flat,456,,gemini_2_5_flash|INTJ|static|flat|456|,1,1.0,HOLD,100.25,100.25,100.25,50.0,0.0,1.0,15.0,15.0,2.66,0.0,0,-0.39
mbti,gemini_2_5_flash,ISFJ,memory,flat,456,,gemini_2_5_flash|ISFJ|memory|flat|456|,1,1.0,HOLD,100.15,100.15,100.15,50.0,0.0,1.0,15.0,15.0,2.66,0.0,0,0.31
mbti,gemini_2_5_flash,ISFJ,static,flat,456,,gemini_2_5_flash|ISFJ|static|flat|456|,1,1.0,HOLD,100.25,100.25,100.25,50.0,0.0,1.0,15.0,15.0,2.66,0.0,0,-0.39
mbti,gemini_2_5_flash,ENTJ,memory,flat,789,,gemini_2_5_flash|ENTJ|memory|flat|789|,1,1.0,HOLD,101.38,101.38,101.38,50.0,0.0,1.0,15.0,15.2,2.63,0.0,0,-0.22
mbti,gemini_2_5_flash,ENTJ,static,flat,789,,gemini_2_5_flash|ENTJ|static|flat|789|,1,1.0,HOLD,100.19,100.19,100.19,50.0,0.0,1.0,15.0,15.0,2.66,0.0,0,-0.33
mbti,gemini_2_5_flash,INTJ,memory,flat,789,,gemini_2_5_flash|INTJ|memory|flat|789|,1,1.0,HOLD,100.19,100.19,100.19,50.0,0.0,1.0,15.0,15.0,2.66,0.0,0,0.26
mbti,gemini_2_5_flash,INTJ,static,flat,789,,gemini_2_5_flash|INTJ|static|flat|789|,1,1.0,HOLD,100.19,100.19,100.19,50.0,0.0,1.0,15.0,15.0,2.66,0.0,0,0.26
mbti,gemini_2_5_flash,ISFJ,memory,flat,789,,gemini_2_5_flash|ISFJ|memory|flat|789|,1,1.0,HOLD,100.19,100.19,100.19,50.0,0.0,1.0,15.0,15.0,2.66,0.0,0,0.26
mbti,gemini_2_5_flash,ISFJ,static,flat,789,,gemini_2_5_flash|ISFJ|static|flat|789|,1,1.0,HOLD,100.19,100.19,100.19,50.0,0.0,1.0,15.0,15.0,2.66,0.0,0,0.26
mbti,gemini_2_5_flash,ENTJ,memory,flat,999,,gemini_2_5_flash|ENTJ|memory|flat|999|,1,1.0,HOLD,100.38,100.38,100.38,50.0,0.0,1.0,15.0,15.1,2.66,0.0,0,0.08
mbti,gemini_2_5_flash,ENTJ,static,flat,999,,gemini_2_5_flash|ENTJ|static|flat|999|,1,1.0,HOLD,100.38,100.38,100.38,50.0,0.0,1.0,15.0,15.1,2.66,0.0,0,0.08
mbti,gemini_2_5_flash,INTJ,memory,flat,999,,gemini_2_5_flash|INTJ|memory|flat|999|,1,1.0,HOLD,100.38,100.38,100.38,50.0,0.0,1.0,15.0,15.1,2.66,0.0,0,0.08
mbti,gemini_2_5_flash,INTJ,static,flat,999,,gemini_2_5_flash|INTJ|static|flat|999|,1,1.0,HOLD,100.38,100.38,100.38,50.0,0.0,1.0,15.0,15.1,2.66,0.0,0,0.08
mbti,gemini_2_5_flash,ISFJ,memory,flat,999,,gemini_2_5_flash|ISFJ|memory|flat|999|,1,1.0,HOLD,100.38,100.38,100.38,50.0,0.0,1.0,15.0,15.1,2.66,0.0,0,0.08
mbti,gemini_2_5_flash,ISFJ,static,flat,999,,gemini_2_5_flash|ISFJ|static|flat|999|,1,1.0,HOLD,100.38,100.38,100.38,50.0,0.0,1.0,15.0,15.1,2.66,0.0,0,0.08
mbti,gemini_2_5_pro,ENTJ,memory,bull_trap,123,,gemini_2_5_pro|ENTJ|memory|bull_trap|123|,1,1.0,HOLD,99.72,99.72,99.72,50.0,0.0,1.0,15.0,15.1,2.65,0.0,0,0.33
mbti,gemini_2_5_pro,ENTJ,static,bull_trap,123,,gemini_2_5_pro|ENTJ|static|bull_trap|123|,1,1.0,HOLD,99.72,99.72,99.72,50.0,0.0,1.0,15.0,15.1,2.65,0.0,0,0.33
mbti,gemini_2_5_pro,INTJ,memory,bull_trap,123,,gemini_2_5_pro|INTJ|memory|bull_trap|123|,1,1.0,HOLD,99.72,99.72,99.72,50.0,0.0,1.0,15.0,15.1,2.65,0.0,0,0.33
mbti,gemini_2_5_pro,INTJ,static,bull_trap,123,,gemini_2_5_pro|INTJ|static|bull_trap|123|,1,1.0,HOLD,99.72,99.72,99.72,50.0,0.0,1.0,15.0,15.1,2.65,0.0,0,0.33
mbti,gemini_2_5_pro,ISFJ,memory,bull_trap,123,,gemini_2_5_pro|ISFJ|memory|bull_trap|123|,1,0.8,BUY,99.72,99.72,99.72,50.0,0.0,1.0,15.0,15.1,2.65,0.0,0,0.33
mbti,gemini_2_5_pro,ISFJ,static,bull_trap,123,,gemini_2_5_pro|ISFJ|static|bull_trap|123|,1,1.0,HOLD,99.72,99.72,99.72,50.0,0.0,1.0,15.0,15.1,2.65,0.0,0,0.33
mbti,gemini_2_5_pro,ENTJ,memory,bull_trap,42,,gemini_2_5_pro|ENTJ|memory|bull_trap|42|,1,1.0,HOLD,100.96,100.96,100.96,50.0,0.0,1.0,15.0,15.1,2.66,0.0,0,0.1
mbti,gemini_2_5_pro,ENTJ,static,bull_trap,42,,gemini_2_5_pro|ENTJ|static|bull_trap|42|,1,1.0,HOLD,100.96,100.96,100.96,50.0,0.0,1.0,15.0,15.1,2.66,0.0,0,0.1
mbti,gemini_2_5_pro,INTJ,memory,bull_trap,42,,gemini_2_5_pro|INTJ|memory|bull_trap|42|,1,1.0,HOLD,100.96,100.96,100.96,50.0,0.0,1.0,15.0,15.1,2.66,0.0,0,0.1
mbti,gemini_2_5_pro,INTJ,static,bull_trap,42,,gemini_2_5_pro|INTJ|static|bull_trap|42|,1,1.0,HOLD,100.96,100.96,100.96,50.0,0.0,1.0,15.0,15.1,2.66,0.0,0,0.1
mbti,gemini_2_5_pro,ISFJ,memory,bull_trap,42,,gemini_2_5_pro|ISFJ|memory|bull_trap|42|,1,0.8,BUY,100.96,100.96,100.96,50.0,0.0,1.0,15.0,15.1,2.66,0.0,0,0.1
mbti,gemini_2_5_pro,ISFJ,static,bull_trap,42,,gemini_2_5_pro|ISFJ|static|bull_trap|42|,1,1.0,HOLD,100.96,100.96,100.96,50.0,0.0,1.0,15.0,15.1,2.66,0.0,0,0.1
mbti,gemini_2_5_pro,ENTJ,memory,bull_trap,456,,gemini_2_5_pro|ENTJ|memory|bull_trap|456|,1,1.0,HOLD,99.94,99.94,99.94,50.0,0.0,1.0,15.0,15.1,2.65,0.0,0,0.06
mbti,gemini_2_5_pro,ENTJ,static,bull_trap,456,,gemini_2_5_pro|ENTJ|static|bull_trap|456|,1,1.0,HOLD,99.94,99.94,99.94,50.0,0.0,1.0,15.0,15.1,2.65,0.0,0,0.06
mbti,gemini_2_5_pro,INTJ,memory,bull_trap,456,,gemini_2_5_pro|INTJ|memory|bull_trap|456|,1,1.0,HOLD,99.94,99.94,99.94,50.0,0.0,1.0,15.0,15.1,2.65,0.0,0,0.06
mbti,gemini_2_5_pro,INTJ,static,bull_trap,456,,gemini_2_5_pro|INTJ|static|bull_trap|456|,1,1.0,HOLD,99.94,99.94,99.94,50.0,0.0,1.0,15.0,15.1,2.65,0.0,0,0.06
mbti,gemini_2_5_pro,ISFJ,memory,bull_trap,456,,gemini_2_5_pro|ISFJ|memory|bull_trap|456|,1,1.0,HOLD,99.94,99.94,99.94,50.0,0.0,1.0,15.0,15.1,2.65,0.0,0,0.06
mbti,gemini_2_5_pro,ISFJ,static,bull_trap,456,,gemini_2_5_pro|ISFJ|static|bull_trap|456|,1,1.0,HOLD,99.94,99.94,99.94,50.0,0.0,1.0,15.0,15.1,2.65,0.0,0,0.06
mbti,gemini_2_5_pro,ENTJ,memory,bull_trap,789,,gemini_2_5_pro|ENTJ|memory|bull_trap|789|,1,1.0,HOLD,98.44,98.44,98.44,50.0,0.0,1.0,15.0,14.9,2.68,0.0,0,0.15
mbti,gemini_2_5_pro,ENTJ,static,bull_trap,789,,gemini_2_5_pro|ENTJ|static|bull_trap|789|,1,1.0,HOLD,98.44,98.44,98.44,50.0,0.0,1.0,15.0,14.9,2.68,0.0,0,0.15
mbti,gemini_2_5_pro,INTJ,memory,bull_trap,789,,gemini_2_5_pro|INTJ|memory|bull_trap|789|,1,1.0,HOLD,98.44,98.44,98.44,50.0,0.0,1.0,15.0,14.9,2.68,0.0,0,0.15
mbti,gemini_2_5_pro,INTJ,static,bull_trap,789,,gemini_2_5_pro|INTJ|static|bull_trap|789|,1,1.0,HOLD,98.44,98.44,98.44,50.0,0.0,1.0,15.0,14.9,2.68,0.0,0,0.15
mbti,gemini_2_5_pro,ISFJ,memory,bull_trap,789,,gemini_2_5_pro|ISFJ|memory|bull_trap|789|,1,1.0,HOLD,98.44,98.44,98.44,50.0,0.0,1.0,15.0,14.9,2.68,0.0,0,0.15
mbti,gemini_2_5_pro,ISFJ,static,bull_trap,789,,gemini_2_5_pro|ISFJ|static|bull_trap|789|,1,1.0,HOLD,98.44,98.44,98.44,50.0,0.0,1.0,15.0,14.9,2.68,0.0,0,0.15
mbti,gemini_2_5_pro,ENTJ,memory,bull_trap,999,,gemini_2_5_pro|ENTJ|memory|bull_trap|999|,1,1.0,HOLD,97.06,97.06,97.06,50.0,0.0,1.0,15.0,14.5,2.75,0.0,0,-0.01
mbti,gemini_2_5_pro,ENTJ,static,bull_trap,999,,gemini_2_5_pro|ENTJ|static|bull_trap|999|,1,1.0,HOLD,97.06,97.06,97.06,50.0,0.0,1.0,15.0,14.5,2.75,0.0,0,-0.01
mbti,gemini_2_5_pro,INTJ,memory,bull_trap,999,,gemini_2_5_pro|INTJ|memory|bull_trap|999|,1,1.0,HOLD,97.06,97.06,97.06,50.0,0.0,1.0,15.0,14.5,2.75,0.0,0,-0.01
mbti,gemini_2_5_pro,INTJ,static,bull_trap,999,,gemini_2_5_pro|INTJ|static|bull_trap|999|,1,1.0,HOLD,97.06,97.06,97.06,50.0,0.0,1.0,15.0,14.5,2.75,0.0,0,-0.01
mbti,gemini_2_5_pro,ISFJ,memory,bull_trap,999,,gemini_2_5_pro|ISFJ|memory|bull_trap|999|,1,1.0,HOLD,97.06,97.06,97.06,50.0,0.0,1.0,15.0,14.5,2.75,0.0,0,-0.01
mbti,gemini_2_5_pro,ISFJ,static,bull_trap,999,,gemini_2_5_pro|ISFJ|static|bull_trap|999|,1,1.0,HOLD,97.06,97.06,97.06,50.0,0.0,1.0,15.0,14.5,2.75,0.0,0,-0.01
mbti,gemini_2_5_pro,ENTJ,memory,crash,123,0.85,gemini_2_5_pro|ENTJ|memory|crash|123|0.85,1,1.0,HOLD,85.59,85.59,85.59,50.0,0.0,1.0,15.0,12.9,3.1,0.0,0,0.33
mbti,gemini_2_5_pro,ENTJ,static,crash,123,0.85,gemini_2_5_pro|ENTJ|static|crash|123|0.85,1,1.0,HOLD,85.59,85.59,85.59,50.0,0.0,1.0,15.0,12.9,3.1,0.0,0,0.33
mbti,gemini_2_5_pro,INTJ,memory,crash,123,0.85,gemini_2_5_pro|INTJ|memory|crash|123|0.85,1,1.0,HOLD,85.59,85.59,85.59,50.0,0.0,1.0,15.0,12.9,3.1,0.0,0,0.29
mbti,gemini_2_5_pro,INTJ,static,crash,123,0.85,gemini_2_5_pro|INTJ|static|crash|123|0.85,1,1.0,HOLD,85.59,85.59,85.59,50.0,0.0,1.0,15.0,12.9,3.1,0.0,0,0.33
mbti,gemini_2_5_pro,ISFJ,memory,crash,123,0.85,gemini_2_5_pro|ISFJ|memory|crash|123|0.85,1,1.0,HOLD,85.59,85.59,85.59,50.0,0.0,1.0,15.0,12.9,3.1,0.0,0,0.33
mbti,gemini_2_5_pro,ISFJ,static,crash,123,0.85,gemini_2_5_pro|ISFJ|static|crash|123|0.85,1,1.0,HOLD,85.59,85.59,85.59,50.0,0.0,1.0,15.0,12.9,3.1,0.0,0,0.33
mbti,gemini_2_5_pro,ENTJ,memory,crash,42,0.85,gemini_2_5_pro|ENTJ|memory|crash|42|0.85,1,1.0,HOLD,85.75,85.75,85.75,50.0,0.0,1.0,15.0,12.8,3.12,0.0,0,0.1
mbti,gemini_2_5_pro,ENTJ,static,crash,42,0.85,gemini_2_5_pro|ENTJ|static|crash|42|0.85,1,1.0,HOLD,85.75,85.75,85.75,50.0,0.0,1.0,15.0,12.8,3.12,0.0,0,0.1
mbti,gemini_2_5_pro,INTJ,memory,crash,42,0.85,gemini_2_5_pro|INTJ|memory|crash|42|0.85,1,1.0,HOLD,85.75,85.75,85.75,50.0,0.0,1.0,15.0,12.8,3.12,0.0,0,0.1
mbti,gemini_2_5_pro,INTJ,static,crash,42,0.85,gemini_2_5_pro|INTJ|static|crash|42|0.85,1,1.0,HOLD,85.75,85.75,85.75,50.0,0.0,1.0,15.0,12.8,3.12,0.0,0,0.1
mbti,gemini_2_5_pro,ISFJ,memory,crash,42,0.85,gemini_2_5_pro|ISFJ|memory|crash|42|0.85,1,0.8,BUY,85.75,85.75,85.75,50.0,0.0,1.0,15.0,12.8,3.12,0.0,0,0.1
mbti,gemini_2_5_pro,ISFJ,static,crash,42,0.85,gemini_2_5_pro|ISFJ|static|crash|42|0.85,1,1.0,HOLD,85.75,85.75,85.75,50.0,0.0,1.0,15.0,12.8,3.12,0.0,0,0.1
mbti,gemini_2_5_pro,ENTJ,memory,crash,456,0.85,gemini_2_5_pro|ENTJ|memory|crash|456|0.85,1,1.0,HOLD,85.48,85.48,85.48,50.0,0.0,1.0,15.0,12.9,3.11,0.0,0,0.06
mbti,gemini_2_5_pro,ENTJ,static,crash,456,0.85,gemini_2_5_pro|ENTJ|static|crash|456|0.85,1,1.0,HOLD,85.48,85.48,85.48,50.0,0.0,1.0,15.0,12.9,3.11,0.0,0,0.06
mbti,gemini_2_5_pro,INTJ,memory,crash,456,0.85,gemini_2_5_pro|INTJ|memory|crash|456|0.85,1,1.0,HOLD,85.48,85.48,85.48,50.0,0.0,1.0,15.0,12.9,3.11,0.0,0,0.06
mbti,gemini_2_5_pro,INTJ,static,crash,456,0.85,gemini_2_5_pro|INTJ|static|crash|456|0.85,1,1.0,HOLD,85.48,85.48,85.48,50.0,0.0,1.0,15.0,12.9,3.11,0.0,0,0.06
mbti,gemini_2_5_pro,ISFJ,memory,crash,456,0.85,gemini_2_5_pro|ISFJ|memory|crash|456|0.85,1,1.0,HOLD,85.48,85.48,85.48,50.0,0.0,1.0,15.0,12.9,3.11,0.0,0,0.06
mbti,gemini_2_5_pro,ISFJ,static,crash,456,0.85,gemini_2_5_pro|ISFJ|static|crash|456|0.85,1,1.0,HOLD,85.48,85.48,85.48,50.0,0.0,1.0,15.0,12.9,3.11,0.0,0,0.06
mbti,gemini_2_5_pro,ENTJ,memory,crash,789,0.85,gemini_2_5_pro|ENTJ|memory|crash|789|0.85,1,1.0,HOLD,83.7,83.7,83.7,50.0,0.0,1.0,15.0,12.6,3.17,0.0,0,0.15
mbti,gemini_2_5_pro,ENTJ,static,crash,789,0.85,gemini_2_5_pro|ENTJ|static|crash|789|0.85,1,1.0,HOLD,83.63,83.63,83.63,50.0,0.0,1.0,15.0,12.6,3.17,0.0,0,0.24
mbti,gemini_2_5_pro,INTJ,memory,crash,789,0.85,gemini_2_5_pro|INTJ|memory|crash|789|0.85,1,1.0,HOLD,83.7,83.7,83.7,50.0,0.0,1.0,15.0,12.6,3.17,0.0,0,0.15
mbti,gemini_2_5_pro,INTJ,static,crash,789,0.85,gemini_2_5_pro|INTJ|static|crash|789|0.85,1,1.0,HOLD,83.7,83.7,83.7,50.0,0.0,1.0,15.0,12.6,3.17,0.0,0,0.15
mbti,gemini_2_5_pro,ISFJ,memory,crash,789,0.85,gemini_2_5_pro|ISFJ|memory|crash|789|0.85,1,1.0,HOLD,83.7,83.7,83.7,50.0,0.0,1.0,15.0,12.6,3.17,0.0,0,0.15
mbti,gemini_2_5_pro,ISFJ,static,crash,789,0.85,gemini_2_5_pro|ISFJ|static|crash|789|0.85,1,1.0,HOLD,83.7,83.7,83.7,50.0,0.0,1.0,15.0,12.6,3.17,0.0,0,0.15
mbti,gemini_2_5_pro,ENTJ,memory,crash,999,0.85,gemini_2_5_pro|ENTJ|memory|crash|999|0.85,1,1.0,HOLD,80.3,80.3,80.3,50.0,0.0,1.0,15.0,12.0,3.32,0.0,0,-0.01
mbti,gemini_2_5_pro,ENTJ,static,crash,999,0.85,gemini_2_5_pro|ENTJ|static|crash|999|0.85,1,1.0,HOLD,80.3,80.3,80.3,50.0,0.0,1.0,15.0,12.0,3.32,0.0,0,-0.01
mbti,gemini_2_5_pro,INTJ,memory,crash,999,0.85,gemini_2_5_pro|INTJ|memory|crash|999|0.85,1,1.0,HOLD,80.3,80.3,80.3,50.0,0.0,1.0,15.0,12.0,3.32,0.0,0,-0.01
mbti,gemini_2_5_pro,INTJ,static,crash,999,0.85,gemini_2_5_pro|INTJ|static|crash|999|0.85,1,1.0,HOLD,80.3,80.3,80.3,50.0,0.0,1.0,15.0,12.0,3.32,0.0,0,-0.01
mbti,gemini_2_5_pro,ISFJ,memory,crash,999,0.85,gemini_2_5_pro|ISFJ|memory|crash|999|0.85,1,1.0,HOLD,80.3,80.3,80.3,50.0,0.0,1.0,15.0,12.0,3.32,0.0,0,-0.01
mbti,gemini_2_5_pro,ISFJ,static,crash,999,0.85,gemini_2_5_pro|ISFJ|static|crash|999|0.85,1,1.0,HOLD,80.3,80.3,80.3,50.0,0.0,1.0,15.0,12.0,3.32,0.0,0,-0.01
mbti,gemini_2_5_pro,ENTJ,memory,crash,123,0.92,gemini_2_5_pro|ENTJ|memory|crash|123|0.92,1,1.0,HOLD,92.56,92.56,92.56,50.0,0.0,1.0,15.0,14.0,2.87,0.0,0,0.33
mbti,gemini_2_5_pro,ENTJ,static,crash,123,0.92,gemini_2_5_pro|ENTJ|static|crash|123|0.92,1,1.0,HOLD,92.56,92.56,92.56,50.0,0.0,1.0,15.0,14.0,2.87,0.0,0,0.33
mbti,gemini_2_5_pro,INTJ,memory,crash,123,0.92,gemini_2_5_pro|INTJ|memory|crash|123|0.92,1,1.0,HOLD,92.56,92.56,92.56,50.0,0.0,1.0,15.0,14.0,2.87,0.0,0,0.33
mbti,gemini_2_5_pro,INTJ,static,crash,123,0.92,gemini_2_5_pro|INTJ|static|crash|123|0.92,1,1.0,HOLD,92.56,92.56,92.56,50.0,0.0,1.0,15.0,14.0,2.87,0.0,0,0.33
mbti,gemini_2_5_pro,ISFJ,memory,crash,123,0.92,gemini_2_5_pro|ISFJ|memory|crash|123|0.92,1,1.0,HOLD,92.56,92.56,92.56,50.0,0.0,1.0,15.0,14.0,2.87,0.0,0,0.33
mbti,gemini_2_5_pro,ISFJ,static,crash,123,0.92,gemini_2_5_pro|ISFJ|static|crash|123|0.92,1,1.0,HOLD,92.56,92.56,92.56,50.0,0.0,1.0,15.0,14.0,2.87,0.0,0,0.33
mbti,gemini_2_5_pro,ENTJ,memory,crash,42,0.92,gemini_2_5_pro|ENTJ|memory|crash|42|0.92,1,1.0,HOLD,92.77,92.77,92.77,50.0,0.0,1.0,15.0,13.9,2.88,0.0,0,0.1
mbti,gemini_2_5_pro,ENTJ,static,crash,42,0.92,gemini_2_5_pro|ENTJ|static|crash|42|0.92,1,1.0,HOLD,92.77,92.77,92.77,50.0,0.0,1.0,15.0,13.9,2.88,0.0,0,0.1
mbti,gemini_2_5_pro,INTJ,memory,crash,42,0.92,gemini_2_5_pro|INTJ|memory|crash|42|0.92,1,1.0,HOLD,92.77,92.77,92.77,50.0,0.0,1.0,15.0,13.9,2.88,0.0,0,0.1
mbti,gemini_2_5_pro,INTJ,static,crash,42,0.92,gemini_2_5_pro|INTJ|static|crash|42|0.92,1,1.0,HOLD,92.77,92.77,92.77,50.0,0.0,1.0,15.0,13.9,2.88,0.0,0,0.1
mbti,gemini_2_5_pro,ISFJ,memory,crash,42,0.92,gemini_2_5_pro|ISFJ|memory|crash|42|0.92,1,1.0,HOLD,92.77,92.77,92.77,50.0,0.0,1.0,15.0,13.9,2.88,0.0,0,0.1
mbti,gemini_2_5_pro,ISFJ,static,crash,42,0.92,gemini_2_5_pro|ISFJ|static|crash|42|0.92,1,1.0,HOLD,92.77,92.77,92.77,50.0,0.0,1.0,15.0,13.9,2.88,0.0,0,0.1
mbti,gemini_2_5_pro,ENTJ,memory,crash,456,0.92,gemini_2_5_pro|ENTJ|memory|crash|456|0.92,1,1.0,HOLD,92.46,92.46,92.46,50.0,0.0,1.0,15.0,13.9,2.87,0.0,0,0.06
mbti,gemini_2_5_pro,ENTJ,static,crash,456,0.92,gemini_2_5_pro|ENTJ|static|crash|456|0.92,1,1.0,HOLD,92.46,92.46,92.46,50.0,0.0,1.0,15.0,13.9,2.87,0.0,0,0.06
mbti,gemini_2_5_pro,INTJ,memory,crash,456,0.92,gemini_2_5_pro|INTJ|memory|crash|456|0.92,1,1.0,HOLD,92.46,92.46,92.46,50.0,0.0,1.0,15.0,13.9,2.87,0.0,0,-0.33
mbti,gemini_2_5_pro,INTJ,static,crash,456,0.92,gemini_2_5_pro|INTJ|static|crash|456|0.92,1,1.0,HOLD,92.46,92.46,92.46,50.0,0.0,1.0,15.0,13.9,2.87,0.0,0,0.06
mbti,gemini_2_5_pro,ISFJ,memory,crash,456,0.92,gemini_2_5_pro|ISFJ|memory|crash|456|0.92,1,1.0,HOLD,92.46,92.46,92.46,50.0,0.0,1.0,15.0,13.9,2.87,0.0,0,0.06
mbti,gemini_2_5_pro,ISFJ,static,crash,456,0.92,gemini_2_5_pro|ISFJ|static|crash|456|0.92,1,1.0,HOLD,92.46,92.46,92.46,50.0,0.0,1.0,15.0,13.9,2.87,0.0,0,0.06
mbti,gemini_2_5_pro,ENTJ,memory,crash,789,0.92,gemini_2_5_pro|ENTJ|memory|crash|789|0.92,1,1.0,HOLD,90.66,90.66,90.66,50.0,0.0,1.0,15.0,13.7,2.93,0.0,0,0.15
mbti,gemini_2_5_pro,ENTJ,static,crash,789,0.92,gemini_2_5_pro|ENTJ|static|crash|789|0.92,1,1.0,HOLD,90.66,90.66,90.66,50.0,0.0,1.0,15.0,13.7,2.93,0.0,0,0.15
mbti,gemini_2_5_pro,INTJ,memory,crash,789,0.92,gemini_2_5_pro|INTJ|memory|crash|789|0.92,1,1.0,HOLD,90.66,90.66,90.66,50.0,0.0,1.0,15.0,13.7,2.93,0.0,0,0.15
mbti,gemini_2_5_pro,INTJ,static,crash,789,0.92,gemini_2_5_pro|INTJ|static|crash|789|0.92,1,1.0,HOLD,90.66,90.66,90.66,50.0,0.0,1.0,15.0,13.7,2.93,0.0,0,0.15
mbti,gemini_2_5_pro,ISFJ,memory,crash,789,0.92,gemini_2_5_pro|ISFJ|memory|crash|789|0.92,1,1.0,HOLD,90.66,90.66,90.66,50.0,0.0,1.0,15.0,13.7,2.93,0.0,0,0.15
mbti,gemini_2_5_pro,ISFJ,static,crash,789,0.92,gemini_2_5_pro|ISFJ|static|crash|789|0.92,1,0.75,BUY,90.66,90.66,90.66,50.0,0.0,1.0,15.0,13.7,2.93,0.0,0,0.15
mbti,gemini_2_5_pro,ENTJ,memory,crash,999,0.92,gemini_2_5_pro|ENTJ|memory|crash|999|0.92,1,1.0,HOLD,87.3,87.3,87.3,50.0,0.0,1.0,15.0,13.1,3.06,0.0,0,-0.01
mbti,gemini_2_5_pro,ENTJ,static,crash,999,0.92,gemini_2_5_pro|ENTJ|static|crash|999|0.92,1,1.0,HOLD,87.3,87.3,87.3,50.0,0.0,1.0,15.0,13.1,3.06,0.0,0,-0.01
mbti,gemini_2_5_pro,INTJ,memory,crash,999,0.92,gemini_2_5_pro|INTJ|memory|crash|999|0.92,1,1.0,HOLD,87.3,87.3,87.3,50.0,0.0,1.0,15.0,13.1,3.06,0.0,0,-0.01
mbti,gemini_2_5_pro,INTJ,static,crash,999,0.92,gemini_2_5_pro|INTJ|static|crash|999|0.92,1,1.0,HOLD,87.3,87.3,87.3,50.0,0.0,1.0,15.0,13.1,3.06,0.0,0,-0.01
mbti,gemini_2_5_pro,ISFJ,memory,crash,999,0.92,gemini_2_5_pro|ISFJ|memory|crash|999|0.92,1,1.0,HOLD,87.3,87.3,87.3,50.0,0.0,1.0,15.0,13.1,3.06,0.0,0,-0.01
mbti,gemini_2_5_pro,ISFJ,static,crash,999,0.92,gemini_2_5_pro|ISFJ|static|crash|999|0.92,1,1.0,HOLD,87.3,87.3,87.3,50.0,0.0,1.0,15.0,13.1,3.06,0.0,0,-0.01
mbti,gemini_2_5_pro,ENTJ,memory,crash,123,0.95,gemini_2_5_pro|ENTJ|memory|crash|123|0.95,1,1.0,HOLD,95.54,95.54,95.54,50.0,0.0,1.0,15.0,14.4,2.78,0.0,0,0.33
mbti,gemini_2_5_pro,ENTJ,static,crash,123,0.95,gemini_2_5_pro|ENTJ|static|crash|123|0.95,1,1.0,HOLD,95.54,95.54,95.54,50.0,0.0,1.0,15.0,14.4,2.78,0.0,0,0.33
mbti,gemini_2_5_pro,INTJ,memory,crash,123,0.95,gemini_2_5_pro|INTJ|memory|crash|123|0.95,1,1.0,HOLD,95.54,95.54,95.54,50.0,0.0,1.0,15.0,14.4,2.78,0.0,0,0.33
mbti,gemini_2_5_pro,INTJ,static,crash,123,0.95,gemini_2_5_pro|INTJ|static|crash|123|0.95,1,1.0,HOLD,95.54,95.54,95.54,50.0,0.0,1.0,15.0,14.4,2.78,0.0,0,0.33
mbti,gemini_2_5_pro,ISFJ,memory,crash,123,0.95,gemini_2_5_pro|ISFJ|memory|crash|123|0.95,1,1.0,HOLD,95.54,95.54,95.54,50.0,0.0,1.0,15.0,14.4,2.78,0.0,0,0.33
mbti,gemini_2_5_pro,ISFJ,static,crash,123,0.95,gemini_2_5_pro|ISFJ|static|crash|123|0.95,1,1.0,HOLD,95.54,95.54,95.54,50.0,0.0,1.0,15.0,14.4,2.78,0.0,0,0.33
mbti,gemini_2_5_pro,ENTJ,memory,crash,42,0.95,gemini_2_5_pro|ENTJ|memory|crash|42|0.95,1,1.0,HOLD,95.77,95.77,95.77,50.0,0.0,1.0,15.0,14.3,2.79,0.0,0,0.1
mbti,gemini_2_5_pro,ENTJ,static,crash,42,0.95,gemini_2_5_pro|ENTJ|static|crash|42|0.95,1,1.0,HOLD,95.77,95.77,95.77,50.0,0.0,1.0,15.0,14.3,2.79,0.0,0,0.1
mbti,gemini_2_5_pro,INTJ,memory,crash,42,0.95,gemini_2_5_pro|INTJ|memory|crash|42|0.95,1,1.0,HOLD,95.77,95.77,95.77,50.0,0.0,1.0,15.0,14.3,2.79,0.0,0,0.1
mbti,gemini_2_5_pro,INTJ,static,crash,42,0.95,gemini_2_5_pro|INTJ|static|crash|42|0.95,1,1.0,HOLD,95.77,95.77,95.77,50.0,0.0,1.0,15.0,14.3,2.79,0.0,0,0.1
mbti,gemini_2_5_pro,ISFJ,memory,crash,42,0.95,gemini_2_5_pro|ISFJ|memory|crash|42|0.95,1,1.0,HOLD,95.77,95.77,95.77,50.0,0.0,1.0,15.0,14.3,2.79,0.0,0,0.1
mbti,gemini_2_5_pro,ISFJ,static,crash,42,0.95,gemini_2_5_pro|ISFJ|static|crash|42|0.95,1,1.0,HOLD,95.77,95.77,95.77,50.0,0.0,1.0,15.0,14.3,2.79,0.0,0,0.1
mbti,gemini_2_5_pro,ENTJ,memory,crash,456,0.95,gemini_2_5_pro|ENTJ|memory|crash|456|0.95,1,1.0,HOLD,95.45,95.45,95.45,50.0,0.0,1.0,15.0,14.4,2.78,0.0,0,0.06
mbti,gemini_2_5_pro,ENTJ,static,crash,456,0.95,gemini_2_5_pro|ENTJ|static|crash|456|0.95,1,1.0,HOLD,95.45,95.45,95.45,50.0,0.0,1.0,15.0,14.4,2.78,0.0,0,0.06
mbti,gemini_2_5_pro,INTJ,memory,crash,456,0.95,gemini_2_5_pro|INTJ|memory|crash|456|0.95,1,1.0,HOLD,95.45,95.45,95.45,50.0,0.0,1.0,15.0,14.4,2.78,0.0,0,0.06
mbti,gemini_2_5_pro,INTJ,static,crash,456,0.95,gemini_2_5_pro|INTJ|static|crash|456|0.95,1,1.0,HOLD,95.45,95.45,95.45,50.0,0.0,1.0,15.0,14.4,2.78,0.0,0,0.06
mbti,gemini_2_5_pro,ISFJ,memory,crash,456,0.95,gemini_2_5_pro|ISFJ|memory|crash|456|0.95,1,1.0,HOLD,95.45,95.45,95.45,50.0,0.0,1.0,15.0,14.4,2.78,0.0,0,0.06
mbti,gemini_2_5_pro,ISFJ,static,crash,456,0.95,gemini_2_5_pro|ISFJ|static|crash|456|0.95,1,1.0,HOLD,95.45,95.45,95.45,50.0,0.0,1.0,15.0,14.4,2.78,0.0,0,0.06
mbti,gemini_2_5_pro,ENTJ,memory,crash,789,0.95,gemini_2_5_pro|ENTJ|memory|crash|789|0.95,1,1.0,HOLD,93.64,93.64,93.64,50.0,0.0,1.0,15.0,14.1,2.83,0.0,0,0.15
mbti,gemini_2_5_pro,ENTJ,static,crash,789,0.95,gemini_2_5_pro|ENTJ|static|crash|789|0.95,1,1.0,HOLD,94.73,94.73,94.73,50.0,0.0,1.0,15.0,14.2,2.82,0.0,0,-0.15
mbti,gemini_2_5_pro,INTJ,memory,crash,789,0.95,gemini_2_5_pro|INTJ|memory|crash|789|0.95,1,1.0,HOLD,93.64,93.64,93.64,50.0,0.0,1.0,15.0,14.1,2.83,0.0,0,0.15
mbti,gemini_2_5_pro,INTJ,static,crash,789,0.95,gemini_2_5_pro|INTJ|static|crash|789|0.95,1,1.0,HOLD,93.64,93.64,93.64,50.0,0.0,1.0,15.0,14.1,2.83,0.0,0,0.15
mbti,gemini_2_5_pro,ISFJ,memory,crash,789,0.95,gemini_2_5_pro|ISFJ|memory|crash|789|0.95,1,1.0,HOLD,93.64,93.64,93.64,50.0,0.0,1.0,15.0,14.1,2.83,0.0,0,0.15
mbti,gemini_2_5_pro,ISFJ,static,crash,789,0.95,gemini_2_5_pro|ISFJ|static|crash|789|0.95,1,1.0,HOLD,93.64,93.64,93.64,50.0,0.0,1.0,15.0,14.1,2.83,0.0,0,0.15
mbti,gemini_2_5_pro,ENTJ,memory,crash,999,0.95,gemini_2_5_pro|ENTJ|memory|crash|999|0.95,1,1.0,HOLD,90.3,90.3,90.3,50.0,0.0,1.0,15.0,13.5,2.95,0.0,0,-0.01
mbti,gemini_2_5_pro,ENTJ,static,crash,999,0.95,gemini_2_5_pro|ENTJ|static|crash|999|0.95,1,1.0,HOLD,90.3,90.3,90.3,50.0,0.0,1.0,15.0,13.5,2.95,0.0,0,-0.01
mbti,gemini_2_5_pro,INTJ,memory,crash,999,0.95,gemini_2_5_pro|INTJ|memory|crash|999|0.95,1,1.0,HOLD,90.3,90.3,90.3,50.0,0.0,1.0,15.0,13.5,2.95,0.0,0,-0.01
mbti,gemini_2_5_pro,INTJ,static,crash,999,0.95,gemini_2_5_pro|INTJ|static|crash|999|0.95,1,1.0,HOLD,90.3,90.3,90.3,50.0,0.0,1.0,15.0,13.5,2.95,0.0,0,-0.01
mbti,gemini_2_5_pro,ISFJ,memory,crash,999,0.95,gemini_2_5_pro|ISFJ|memory|crash|999|0.95,1,1.0,HOLD,90.3,90.3,90.3,50.0,0.0,1.0,15.0,13.5,2.95,0.0,0,-0.01
mbti,gemini_2_5_pro,ISFJ,static,crash,999,0.95,gemini_2_5_pro|ISFJ|static|crash|999|0.95,1,1.0,HOLD,90.3,90.3,90.3,50.0,0.0,1.0,15.0,13.5,2.95,0.0,0,-0.01
mbti,gemini_2_5_pro,ENTJ,memory,flat,123,,gemini_2_5_pro|ENTJ|memory|flat|123|,1,1.0,HOLD,99.92,99.92,99.92,50.0,0.0,1.0,15.0,15.0,2.67,0.0,0,-0.04
mbti,gemini_2_5_pro,ENTJ,static,flat,123,,gemini_2_5_pro|ENTJ|static|flat|123|,1,1.0,HOLD,99.92,99.92,99.92,50.0,0.0,1.0,15.0,15.0,2.67,0.0,0,-0.04
mbti,gemini_2_5_pro,INTJ,memory,flat,123,,gemini_2_5_pro|INTJ|memory|flat|123|,1,1.0,HOLD,99.92,99.92,99.92,50.0,0.0,1.0,15.0,15.0,2.67,0.0,0,-0.04
mbti,gemini_2_5_pro,INTJ,static,flat,123,,gemini_2_5_pro|INTJ|static|flat|123|,1,1.0,HOLD,99.92,99.92,99.92,50.0,0.0,1.0,15.0,15.0,2.67,0.0,0,-0.04
mbti,gemini_2_5_pro,ISFJ,memory,flat,123,,gemini_2_5_pro|ISFJ|memory|flat|123|,1,1.0,HOLD,99.92,99.92,99.92,50.0,0.0,1.0,15.0,15.0,2.67,0.0,0,-0.04
mbti,gemini_2_5_pro,ISFJ,static,flat,123,,gemini_2_5_pro|ISFJ|static|flat|123|,1,1.0,HOLD,99.92,99.92,99.92,50.0,0.0,1.0,15.0,15.0,2.67,0.0,0,-0.04
mbti,gemini_2_5_pro,ENTJ,memory,flat,42,,gemini_2_5_pro|ENTJ|memory|flat|42|,1,1.0,HOLD,99.94,99.94,99.94,50.0,0.0,1.0,15.0,15.0,2.67,0.0,0,-0.17
mbti,gemini_2_5_pro,ENTJ,static,flat,42,,gemini_2_5_pro|ENTJ|static|flat|42|,1,1.0,HOLD,99.94,99.94,99.94,50.0,0.0,1.0,15.0,15.0,2.67,0.0,0,-0.17
mbti,gemini_2_5_pro,INTJ,memory,flat,42,,gemini_2_5_pro|INTJ|memory|flat|42|,1,1.0,HOLD,99.94,99.94,99.94,50.0,0.0,1.0,15.0,15.0,2.67,0.0,0,-0.17
mbti,gemini_2_5_pro,INTJ,static,flat,42,,gemini_2_5_pro|INTJ|static|flat|42|,1,1.0,HOLD,99.94,99.94,99.94,50.0,0.0,1.0,15.0,15.0,2.67,0.0,0,-0.17
mbti,gemini_2_5_pro,ISFJ,memory,flat,42,,gemini_2_5_pro|ISFJ|memory|flat|42|,1,1.0,HOLD,99.94,99.94,99.94,50.0,0.0,1.0,15.0,15.0,2.67,0.0,0,-0.17
mbti,gemini_2_5_pro,ISFJ,static,flat,42,,gemini_2_5_pro|ISFJ|static|flat|42|,1,1.0,HOLD,99.94,99.94,99.94,50.0,0.0,1.0,15.0,15.0,2.67,0.0,0,-0.17
mbti,gemini_2_5_pro,ENTJ,memory,flat,456,,gemini_2_5_pro|ENTJ|memory|flat|456|,1,1.0,HOLD,100.25,100.25,100.25,50.0,0.0,1.0,15.0,15.0,2.66,0.0,0,-0.39
mbti,gemini_2_5_pro,ENTJ,static,flat,456,,gemini_2_5_pro|ENTJ|static|flat|456|,1,1.0,HOLD,100.25,100.25,100.25,50.0,0.0,1.0,15.0,15.0,2.66,0.0,0,-0.39
mbti,gemini_2_5_pro,INTJ,memory,flat,456,,gemini_2_5_pro|INTJ|memory|flat|456|,1,1.0,HOLD,100.25,100.25,100.25,50.0,0.0,1.0,15.0,15.0,2.66,0.0,0,-0.39
mbti,gemini_2_5_pro,INTJ,static,flat,456,,gemini_2_5_pro|INTJ|static|flat|456|,1,1.0,HOLD,100.25,100.25,100.25,50.0,0.0,1.0,15.0,15.0,2.66,0.0,0,-0.39
mbti,gemini_2_5_pro,ISFJ,memory,flat,456,,gemini_2_5_pro|ISFJ|memory|flat|456|,1,1.0,HOLD,100.25,100.25,100.25,50.0,0.0,1.0,15.0,15.0,2.66,0.0,0,-0.39
mbti,gemini_2_5_pro,ISFJ,static,flat,456,,gemini_2_5_pro|ISFJ|static|flat|456|,1,1.0,HOLD,100.25,100.25,100.25,50.0,0.0,1.0,15.0,15.0,2.66,0.0,0,-0.39
mbti,gemini_2_5_pro,ENTJ,memory,flat,789,,gemini_2_5_pro|ENTJ|memory|flat|789|,1,1.0,HOLD,100.19,100.19,100.19,50.0,0.0,1.0,15.0,15.0,2.66,0.0,0,0.26
mbti,gemini_2_5_pro,ENTJ,static,flat,789,,gemini_2_5_pro|ENTJ|static|flat|789|,1,1.0,HOLD,100.19,100.19,100.19,50.0,0.0,1.0,15.0,15.0,2.66,0.0,0,0.26
mbti,gemini_2_5_pro,INTJ,memory,flat,789,,gemini_2_5_pro|INTJ|memory|flat|789|,1,1.0,HOLD,100.19,100.19,100.19,50.0,0.0,1.0,15.0,15.0,2.66,0.0,0,0.26
mbti,gemini_2_5_pro,INTJ,static,flat,789,,gemini_2_5_pro|INTJ|static|flat|789|,1,1.0,HOLD,100.19,100.19,100.19,50.0,0.0,1.0,15.0,15.0,2.66,0.0,0,0.26
mbti,gemini_2_5_pro,ISFJ,memory,flat,789,,gemini_2_5_pro|ISFJ|memory|flat|789|,1,1.0,HOLD,100.19,100.19,100.19,50.0,0.0,1.0,15.0,15.0,2.66,0.0,0,0.26
mbti,gemini_2_5_pro,ISFJ,static,flat,789,,gemini_2_5_pro|ISFJ|static|flat|789|,1,1.0,HOLD,100.19,100.19,100.19,50.0,0.0,1.0,15.0,15.0,2.66,0.0,0,0.26
mbti,gemini_2_5_pro,ENTJ,memory,flat,999,,gemini_2_5_pro|ENTJ|memory|flat|999|,1,1.0,HOLD,100.38,100.38,100.38,50.0,0.0,1.0,15.0,15.1,2.66,0.0,0,0.08
mbti,gemini_2_5_pro,ENTJ,static,flat,999,,gemini_2_5_pro|ENTJ|static|flat|999|,1,1.0,HOLD,100.38,100.38,100.38,50.0,0.0,1.0,15.0,15.1,2.66,0.0,0,0.08
mbti,gemini_2_5_pro,INTJ,memory,flat,999,,gemini_2_5_pro|INTJ|memory|flat|999|,1,1.0,HOLD,100.38,100.38,100.38,50.0,0.0,1.0,15.0,15.1,2.66,0.0,0,0.08
mbti,gemini_2_5_pro,INTJ,static,flat,999,,gemini_2_5_pro|INTJ|static|flat|999|,1,1.0,HOLD,100.38,100.38,100.38,50.0,0.0,1.0,15.0,15.1,2.66,0.0,0,0.08
mbti,gemini_2_5_pro,ISFJ,memory,flat,999,,gemini_2_5_pro|ISFJ|memory|flat|999|,1,1.0,HOLD,100.38,100.38,100.38,50.0,0.0,1.0,15.0,15.1,2.66,0.0,0,0.08
mbti,gemini_2_5_pro,ISFJ,static,flat,999,,gemini_2_5_pro|ISFJ|static|flat|999|,1,0.8,BUY,100.38,100.38,100.38,50.0,0.0,1.0,15.0,15.1,2.66,0.0,0,0.08
mbti,gemini_3_1_pro_preview,ENTJ,memory,bull_trap,123,,gemini_3_1_pro_preview|ENTJ|memory|bull_trap|123|,1,1.0,HOLD,99.72,99.72,99.72,50.0,0.0,1.0,15.0,15.1,2.65,0.0,0,0.33
mbti,gemini_3_1_pro_preview,ENTJ,static,bull_trap,123,,gemini_3_1_pro_preview|ENTJ|static|bull_trap|123|,1,1.0,HOLD,99.72,99.72,99.72,50.0,0.0,1.0,15.0,15.1,2.65,0.0,0,0.33
mbti,gemini_3_1_pro_preview,INTJ,memory,bull_trap,123,,gemini_3_1_pro_preview|INTJ|memory|bull_trap|123|,1,1.0,HOLD,99.72,99.72,99.72,50.0,0.0,1.0,15.0,15.1,2.65,0.0,0,0.33
mbti,gemini_3_1_pro_preview,INTJ,static,bull_trap,123,,gemini_3_1_pro_preview|INTJ|static|bull_trap|123|,1,1.0,HOLD,99.72,99.72,99.72,50.0,0.0,1.0,15.0,15.1,2.65,0.0,0,0.33
mbti,gemini_3_1_pro_preview,ISFJ,memory,bull_trap,123,,gemini_3_1_pro_preview|ISFJ|memory|bull_trap|123|,1,1.0,HOLD,99.72,99.72,99.72,50.0,0.0,1.0,15.0,15.1,2.65,0.0,0,0.33
mbti,gemini_3_1_pro_preview,ISFJ,static,bull_trap,123,,gemini_3_1_pro_preview|ISFJ|static|bull_trap|123|,1,0.95,BUY,99.72,99.72,99.72,50.0,0.0,1.0,15.0,15.1,2.65,0.0,0,0.33
mbti,gemini_3_1_pro_preview,ENTJ,memory,bull_trap,42,,gemini_3_1_pro_preview|ENTJ|memory|bull_trap|42|,1,1.0,HOLD,100.96,100.96,100.96,50.0,0.0,1.0,15.0,15.1,2.66,0.0,0,0.1
mbti,gemini_3_1_pro_preview,ENTJ,static,bull_trap,42,,gemini_3_1_pro_preview|ENTJ|static|bull_trap|42|,1,1.0,HOLD,100.96,100.96,100.96,50.0,0.0,1.0,15.0,15.1,2.66,0.0,0,0.1
mbti,gemini_3_1_pro_preview,INTJ,memory,bull_trap,42,,gemini_3_1_pro_preview|INTJ|memory|bull_trap|42|,1,1.0,HOLD,100.96,100.96,100.96,50.0,0.0,1.0,15.0,15.1,2.66,0.0,0,0.1
mbti,gemini_3_1_pro_preview,INTJ,static,bull_trap,42,,gemini_3_1_pro_preview|INTJ|static|bull_trap|42|,1,1.0,HOLD,100.96,100.96,100.96,50.0,0.0,1.0,15.0,15.1,2.66,0.0,0,0.1
mbti,gemini_3_1_pro_preview,ISFJ,memory,bull_trap,42,,gemini_3_1_pro_preview|ISFJ|memory|bull_trap|42|,1,0.9,BUY,100.96,100.96,100.96,50.0,0.0,1.0,15.0,15.1,2.66,0.0,0,0.1
mbti,gemini_3_1_pro_preview,ISFJ,static,bull_trap,42,,gemini_3_1_pro_preview|ISFJ|static|bull_trap|42|,1,0.9,BUY,100.96,100.96,100.96,50.0,0.0,1.0,15.0,15.1,2.66,0.0,0,0.1
mbti,gemini_3_1_pro_preview,ENTJ,memory,bull_trap,456,,gemini_3_1_pro_preview|ENTJ|memory|bull_trap|456|,1,1.0,HOLD,99.94,99.94,99.94,50.0,0.0,1.0,15.0,15.1,2.65,0.0,0,0.06
mbti,gemini_3_1_pro_preview,ENTJ,static,bull_trap,456,,gemini_3_1_pro_preview|ENTJ|static|bull_trap|456|,1,1.0,HOLD,99.94,99.94,99.94,50.0,0.0,1.0,15.0,15.1,2.65,0.0,0,0.06
mbti,gemini_3_1_pro_preview,INTJ,memory,bull_trap,456,,gemini_3_1_pro_preview|INTJ|memory|bull_trap|456|,1,1.0,HOLD,99.94,99.94,99.94,50.0,0.0,1.0,15.0,15.1,2.65,0.0,0,0.06
mbti,gemini_3_1_pro_preview,INTJ,static,bull_trap,456,,gemini_3_1_pro_preview|INTJ|static|bull_trap|456|,1,1.0,HOLD,99.94,99.94,99.94,50.0,0.0,1.0,15.0,15.1,2.65,0.0,0,0.06
mbti,gemini_3_1_pro_preview,ISFJ,memory,bull_trap,456,,gemini_3_1_pro_preview|ISFJ|memory|bull_trap|456|,1,0.9,BUY,99.94,99.94,99.94,50.0,0.0,1.0,15.0,15.1,2.65,0.0,0,0.06
mbti,gemini_3_1_pro_preview,ISFJ,static,bull_trap,456,,gemini_3_1_pro_preview|ISFJ|static|bull_trap|456|,1,0.9,BUY,99.94,99.94,99.94,50.0,0.0,1.0,15.0,15.1,2.65,0.0,0,0.06
mbti,gemini_3_1_pro_preview,ENTJ,memory,bull_trap,789,,gemini_3_1_pro_preview|ENTJ|memory|bull_trap|789|,1,1.0,HOLD,98.44,98.44,98.44,50.0,0.0,1.0,15.0,14.9,2.68,0.0,0,0.15
mbti,gemini_3_1_pro_preview,ENTJ,static,bull_trap,789,,gemini_3_1_pro_preview|ENTJ|static|bull_trap|789|,1,1.0,HOLD,98.44,98.44,98.44,50.0,0.0,1.0,15.0,14.9,2.68,0.0,0,0.15
mbti,gemini_3_1_pro_preview,INTJ,memory,bull_trap,789,,gemini_3_1_pro_preview|INTJ|memory|bull_trap|789|,1,1.0,HOLD,98.44,98.44,98.44,50.0,0.0,1.0,15.0,14.9,2.68,0.0,0,0.15
mbti,gemini_3_1_pro_preview,INTJ,static,bull_trap,789,,gemini_3_1_pro_preview|INTJ|static|bull_trap|789|,1,1.0,HOLD,98.44,98.44,98.44,50.0,0.0,1.0,15.0,14.9,2.68,0.0,0,0.15
mbti,gemini_3_1_pro_preview,ISFJ,memory,bull_trap,789,,gemini_3_1_pro_preview|ISFJ|memory|bull_trap|789|,1,0.9,BUY,98.44,98.44,98.44,50.0,0.0,1.0,15.0,14.9,2.68,0.0,0,0.15
mbti,gemini_3_1_pro_preview,ISFJ,static,bull_trap,789,,gemini_3_1_pro_preview|ISFJ|static|bull_trap|789|,1,0.9,BUY,98.44,98.44,98.44,50.0,0.0,1.0,15.0,14.9,2.68,0.0,0,0.15
mbti,gemini_3_1_pro_preview,ENTJ,memory,bull_trap,999,,gemini_3_1_pro_preview|ENTJ|memory|bull_trap|999|,1,1.0,HOLD,97.06,97.06,97.06,50.0,0.0,1.0,15.0,14.5,2.75,0.0,0,-0.01
mbti,gemini_3_1_pro_preview,ENTJ,static,bull_trap,999,,gemini_3_1_pro_preview|ENTJ|static|bull_trap|999|,1,1.0,HOLD,97.06,97.06,97.06,50.0,0.0,1.0,15.0,14.5,2.75,0.0,0,-0.01
mbti,gemini_3_1_pro_preview,INTJ,memory,bull_trap,999,,gemini_3_1_pro_preview|INTJ|memory|bull_trap|999|,1,1.0,HOLD,97.06,97.06,97.06,50.0,0.0,1.0,15.0,14.5,2.75,0.0,0,-0.01
mbti,gemini_3_1_pro_preview,INTJ,static,bull_trap,999,,gemini_3_1_pro_preview|INTJ|static|bull_trap|999|,1,1.0,HOLD,97.06,97.06,97.06,50.0,0.0,1.0,15.0,14.5,2.75,0.0,0,-0.01
mbti,gemini_3_1_pro_preview,ISFJ,memory,bull_trap,999,,gemini_3_1_pro_preview|ISFJ|memory|bull_trap|999|,1,1.0,HOLD,97.06,97.06,97.06,50.0,0.0,1.0,15.0,14.5,2.75,0.0,0,-0.01
mbti,gemini_3_1_pro_preview,ISFJ,static,bull_trap,999,,gemini_3_1_pro_preview|ISFJ|static|bull_trap|999|,1,1.0,HOLD,97.06,97.06,97.06,50.0,0.0,1.0,15.0,14.5,2.75,0.0,0,-0.01
mbti,gemini_3_1_pro_preview,ENTJ,memory,crash,123,0.85,gemini_3_1_pro_preview|ENTJ|memory|crash|123|0.85,1,1.0,HOLD,85.59,85.59,85.59,50.0,0.0,1.0,15.0,12.9,3.1,0.0,0,0.33
mbti,gemini_3_1_pro_preview,ENTJ,static,crash,123,0.85,gemini_3_1_pro_preview|ENTJ|static|crash|123|0.85,1,0.6,BUY,85.59,85.59,85.59,50.0,0.0,1.0,15.0,12.9,3.1,0.0,0,0.33
mbti,gemini_3_1_pro_preview,INTJ,memory,crash,123,0.85,gemini_3_1_pro_preview|INTJ|memory|crash|123|0.85,1,1.0,HOLD,85.59,85.59,85.59,50.0,0.0,1.0,15.0,12.9,3.1,0.0,0,0.33
mbti,gemini_3_1_pro_preview,INTJ,static,crash,123,0.85,gemini_3_1_pro_preview|INTJ|static|crash|123|0.85,1,0.75,BUY,85.59,85.59,85.59,50.0,0.0,1.0,15.0,12.9,3.1,0.0,0,0.33
mbti,gemini_3_1_pro_preview,ISFJ,memory,crash,123,0.85,gemini_3_1_pro_preview|ISFJ|memory|crash|123|0.85,1,0.8,BUY,85.59,85.59,85.59,50.0,0.0,1.0,15.0,12.9,3.1,0.0,0,0.33
mbti,gemini_3_1_pro_preview,ISFJ,static,crash,123,0.85,gemini_3_1_pro_preview|ISFJ|static|crash|123|0.85,1,0.9,BUY,85.59,85.59,85.59,50.0,0.0,1.0,15.0,12.9,3.1,0.0,0,0.33
mbti,gemini_3_1_pro_preview,ENTJ,memory,crash,42,0.85,gemini_3_1_pro_preview|ENTJ|memory|crash|42|0.85,1,1.0,HOLD,85.75,85.75,85.75,50.0,0.0,1.0,15.0,12.8,3.12,0.0,0,0.1
mbti,gemini_3_1_pro_preview,ENTJ,static,crash,42,0.85,gemini_3_1_pro_preview|ENTJ|static|crash|42|0.85,1,0.75,BUY,85.75,85.75,85.75,50.0,0.0,1.0,15.0,12.8,3.12,0.0,0,0.1
mbti,gemini_3_1_pro_preview,INTJ,memory,crash,42,0.85,gemini_3_1_pro_preview|INTJ|memory|crash|42|0.85,1,1.0,HOLD,85.75,85.75,85.75,50.0,0.0,1.0,15.0,12.8,3.12,0.0,0,0.1
mbti,gemini_3_1_pro_preview,INTJ,static,crash,42,0.85,gemini_3_1_pro_preview|INTJ|static|crash|42|0.85,1,0.8,BUY,85.75,85.75,85.75,50.0,0.0,1.0,15.0,12.8,3.12,0.0,0,0.1
mbti,gemini_3_1_pro_preview,ISFJ,memory,crash,42,0.85,gemini_3_1_pro_preview|ISFJ|memory|crash|42|0.85,1,0.9,BUY,85.75,85.75,85.75,50.0,0.0,1.0,15.0,12.8,3.12,0.0,0,0.1
mbti,gemini_3_1_pro_preview,ISFJ,static,crash,42,0.85,gemini_3_1_pro_preview|ISFJ|static|crash|42|0.85,1,0.85,BUY,85.75,85.75,85.75,50.0,0.0,1.0,15.0,12.8,3.12,0.0,0,0.1
mbti,gemini_3_1_pro_preview,ENTJ,memory,crash,456,0.85,gemini_3_1_pro_preview|ENTJ|memory|crash|456|0.85,1,1.0,HOLD,85.48,85.48,85.48,50.0,0.0,1.0,15.0,12.9,3.11,0.0,0,0.06
mbti,gemini_3_1_pro_preview,ENTJ,static,crash,456,0.85,gemini_3_1_pro_preview|ENTJ|static|crash|456|0.85,1,0.8,BUY,85.48,85.48,85.48,50.0,0.0,1.0,15.0,12.9,3.11,0.0,0,0.06
mbti,gemini_3_1_pro_preview,INTJ,memory,crash,456,0.85,gemini_3_1_pro_preview|INTJ|memory|crash|456|0.85,1,0.75,BUY,85.48,85.48,85.48,50.0,0.0,1.0,15.0,12.9,3.11,0.0,0,0.06
mbti,gemini_3_1_pro_preview,INTJ,static,crash,456,0.85,gemini_3_1_pro_preview|INTJ|static|crash|456|0.85,1,1.0,HOLD,85.48,85.48,85.48,50.0,0.0,1.0,15.0,12.9,3.11,0.0,0,0.06
mbti,gemini_3_1_pro_preview,ISFJ,memory,crash,456,0.85,gemini_3_1_pro_preview|ISFJ|memory|crash|456|0.85,1,0.9,BUY,85.48,85.48,85.48,50.0,0.0,1.0,15.0,12.9,3.11,0.0,0,0.06
mbti,gemini_3_1_pro_preview,ISFJ,static,crash,456,0.85,gemini_3_1_pro_preview|ISFJ|static|crash|456|0.85,1,0.9,BUY,85.48,85.48,85.48,50.0,0.0,1.0,15.0,12.9,3.11,0.0,0,0.06
mbti,gemini_3_1_pro_preview,ENTJ,memory,crash,789,0.85,gemini_3_1_pro_preview|ENTJ|memory|crash|789|0.85,1,1.0,HOLD,83.7,83.7,83.7,50.0,0.0,1.0,15.0,12.6,3.17,0.0,0,0.15
mbti,gemini_3_1_pro_preview,ENTJ,static,crash,789,0.85,gemini_3_1_pro_preview|ENTJ|static|crash|789|0.85,1,0.7,BUY,83.7,83.7,83.7,50.0,0.0,1.0,15.0,12.6,3.17,0.0,0,0.15
mbti,gemini_3_1_pro_preview,INTJ,memory,crash,789,0.85,gemini_3_1_pro_preview|INTJ|memory|crash|789|0.85,1,1.0,HOLD,83.7,83.7,83.7,50.0,0.0,1.0,15.0,12.6,3.17,0.0,0,0.15
mbti,gemini_3_1_pro_preview,INTJ,static,crash,789,0.85,gemini_3_1_pro_preview|INTJ|static|crash|789|0.85,1,0.75,BUY,83.7,83.7,83.7,50.0,0.0,1.0,15.0,12.6,3.17,0.0,0,0.15
mbti,gemini_3_1_pro_preview,ISFJ,memory,crash,789,0.85,gemini_3_1_pro_preview|ISFJ|memory|crash|789|0.85,1,0.9,BUY,83.7,83.7,83.7,50.0,0.0,1.0,15.0,12.6,3.17,0.0,0,0.15
mbti,gemini_3_1_pro_preview,ISFJ,static,crash,789,0.85,gemini_3_1_pro_preview|ISFJ|static|crash|789|0.85,1,0.9,BUY,83.7,83.7,83.7,50.0,0.0,1.0,15.0,12.6,3.17,0.0,0,0.15
mbti,gemini_3_1_pro_preview,ENTJ,memory,crash,999,0.85,gemini_3_1_pro_preview|ENTJ|memory|crash|999|0.85,1,1.0,HOLD,80.3,80.3,80.3,50.0,0.0,1.0,15.0,12.0,3.32,0.0,0,-0.01
mbti,gemini_3_1_pro_preview,ENTJ,static,crash,999,0.85,gemini_3_1_pro_preview|ENTJ|static|crash|999|0.85,1,1.0,HOLD,80.3,80.3,80.3,50.0,0.0,1.0,15.0,12.0,3.32,0.0,0,-0.01
mbti,gemini_3_1_pro_preview,INTJ,memory,crash,999,0.85,gemini_3_1_pro_preview|INTJ|memory|crash|999|0.85,1,1.0,HOLD,80.3,80.3,80.3,50.0,0.0,1.0,15.0,12.0,3.32,0.0,0,-0.01
mbti,gemini_3_1_pro_preview,INTJ,static,crash,999,0.85,gemini_3_1_pro_preview|INTJ|static|crash|999|0.85,1,1.0,HOLD,80.3,80.3,80.3,50.0,0.0,1.0,15.0,12.0,3.32,0.0,0,-0.01
mbti,gemini_3_1_pro_preview,ISFJ,memory,crash,999,0.85,gemini_3_1_pro_preview|ISFJ|memory|crash|999|0.85,1,1.0,HOLD,80.3,80.3,80.3,50.0,0.0,1.0,15.0,12.0,3.32,0.0,0,-0.01
mbti,gemini_3_1_pro_preview,ISFJ,static,crash,999,0.85,gemini_3_1_pro_preview|ISFJ|static|crash|999|0.85,1,1.0,HOLD,80.3,80.3,80.3,50.0,0.0,1.0,15.0,12.0,3.32,0.0,0,-0.01
mbti,gemini_3_1_pro_preview,ENTJ,memory,crash,123,0.92,gemini_3_1_pro_preview|ENTJ|memory|crash|123|0.92,1,1.0,HOLD,92.56,92.56,92.56,50.0,0.0,1.0,15.0,14.0,2.87,0.0,0,0.33
mbti,gemini_3_1_pro_preview,ENTJ,static,crash,123,0.92,gemini_3_1_pro_preview|ENTJ|static|crash|123|0.92,1,0.6,BUY,92.56,92.56,92.56,50.0,0.0,1.0,15.0,14.0,2.87,0.0,0,0.33
mbti,gemini_3_1_pro_preview,INTJ,memory,crash,123,0.92,gemini_3_1_pro_preview|INTJ|memory|crash|123|0.92,1,1.0,HOLD,92.56,92.56,92.56,50.0,0.0,1.0,15.0,14.0,2.87,0.0,0,0.33
mbti,gemini_3_1_pro_preview,INTJ,static,crash,123,0.92,gemini_3_1_pro_preview|INTJ|static|crash|123|0.92,1,1.0,HOLD,92.56,92.56,92.56,50.0,0.0,1.0,15.0,14.0,2.87,0.0,0,0.33
mbti,gemini_3_1_pro_preview,ISFJ,memory,crash,123,0.92,gemini_3_1_pro_preview|ISFJ|memory|crash|123|0.92,1,0.9,BUY,92.56,92.56,92.56,50.0,0.0,1.0,15.0,14.0,2.87,0.0,0,0.33
mbti,gemini_3_1_pro_preview,ISFJ,static,crash,123,0.92,gemini_3_1_pro_preview|ISFJ|static|crash|123|0.92,1,0.9,BUY,92.56,92.56,92.56,50.0,0.0,1.0,15.0,14.0,2.87,0.0,0,0.33
mbti,gemini_3_1_pro_preview,ENTJ,memory,crash,42,0.92,gemini_3_1_pro_preview|ENTJ|memory|crash|42|0.92,1,1.0,HOLD,92.77,92.77,92.77,50.0,0.0,1.0,15.0,13.9,2.88,0.0,0,0.1
mbti,gemini_3_1_pro_preview,ENTJ,static,crash,42,0.92,gemini_3_1_pro_preview|ENTJ|static|crash|42|0.92,1,1.0,HOLD,92.77,92.77,92.77,50.0,0.0,1.0,15.0,13.9,2.88,0.0,0,0.1
mbti,gemini_3_1_pro_preview,INTJ,memory,crash,42,0.92,gemini_3_1_pro_preview|INTJ|memory|crash|42|0.92,1,1.0,HOLD,92.77,92.77,92.77,50.0,0.0,1.0,15.0,13.9,2.88,0.0,0,0.1
mbti,gemini_3_1_pro_preview,INTJ,static,crash,42,0.92,gemini_3_1_pro_preview|INTJ|static|crash|42|0.92,1,0.75,BUY,92.77,92.77,92.77,50.0,0.0,1.0,15.0,13.9,2.88,0.0,0,0.1
mbti,gemini_3_1_pro_preview,ISFJ,memory,crash,42,0.92,gemini_3_1_pro_preview|ISFJ|memory|crash|42|0.92,1,0.9,BUY,92.77,92.77,92.77,50.0,0.0,1.0,15.0,13.9,2.88,0.0,0,0.1
mbti,gemini_3_1_pro_preview,ISFJ,static,crash,42,0.92,gemini_3_1_pro_preview|ISFJ|static|crash|42|0.92,1,0.9,BUY,92.77,92.77,92.77,50.0,0.0,1.0,15.0,13.9,2.88,0.0,0,0.1
mbti,gemini_3_1_pro_preview,ENTJ,memory,crash,456,0.92,gemini_3_1_pro_preview|ENTJ|memory|crash|456|0.92,1,1.0,HOLD,92.46,92.46,92.46,50.0,0.0,1.0,15.0,13.9,2.87,0.0,0,0.06
mbti,gemini_3_1_pro_preview,ENTJ,static,crash,456,0.92,gemini_3_1_pro_preview|ENTJ|static|crash|456|0.92,1,0.7,BUY,92.46,92.46,92.46,50.0,0.0,1.0,15.0,13.9,2.87,0.0,0,0.06
mbti,gemini_3_1_pro_preview,INTJ,memory,crash,456,0.92,gemini_3_1_pro_preview|INTJ|memory|crash|456|0.92,1,1.0,HOLD,92.46,92.46,92.46,50.0,0.0,1.0,15.0,13.9,2.87,0.0,0,0.06
mbti,gemini_3_1_pro_preview,INTJ,static,crash,456,0.92,gemini_3_1_pro_preview|INTJ|static|crash|456|0.92,1,1.0,HOLD,92.46,92.46,92.46,50.0,0.0,1.0,15.0,13.9,2.87,0.0,0,0.06
mbti,gemini_3_1_pro_preview,ISFJ,memory,crash,456,0.92,gemini_3_1_pro_preview|ISFJ|memory|crash|456|0.92,1,0.9,BUY,92.46,92.46,92.46,50.0,0.0,1.0,15.0,13.9,2.87,0.0,0,0.06
mbti,gemini_3_1_pro_preview,ISFJ,static,crash,456,0.92,gemini_3_1_pro_preview|ISFJ|static|crash|456|0.92,1,0.85,BUY,92.46,92.46,92.46,50.0,0.0,1.0,15.0,13.9,2.87,0.0,0,0.06
mbti,gemini_3_1_pro_preview,ENTJ,memory,crash,789,0.92,gemini_3_1_pro_preview|ENTJ|memory|crash|789|0.92,1,1.0,HOLD,90.66,90.66,90.66,50.0,0.0,1.0,15.0,13.7,2.93,0.0,0,0.15
mbti,gemini_3_1_pro_preview,ENTJ,static,crash,789,0.92,gemini_3_1_pro_preview|ENTJ|static|crash|789|0.92,1,0.75,BUY,90.66,90.66,90.66,50.0,0.0,1.0,15.0,13.7,2.93,0.0,0,0.15
mbti,gemini_3_1_pro_preview,INTJ,memory,crash,789,0.92,gemini_3_1_pro_preview|INTJ|memory|crash|789|0.92,1,1.0,HOLD,90.66,90.66,90.66,50.0,0.0,1.0,15.0,13.7,2.93,0.0,0,0.15
mbti,gemini_3_1_pro_preview,INTJ,static,crash,789,0.92,gemini_3_1_pro_preview|INTJ|static|crash|789|0.92,1,1.0,HOLD,90.66,90.66,90.66,50.0,0.0,1.0,15.0,13.7,2.93,0.0,0,0.15
mbti,gemini_3_1_pro_preview,ISFJ,memory,crash,789,0.92,gemini_3_1_pro_preview|ISFJ|memory|crash|789|0.92,1,0.9,BUY,90.66,90.66,90.66,50.0,0.0,1.0,15.0,13.7,2.93,0.0,0,0.15
mbti,gemini_3_1_pro_preview,ISFJ,static,crash,789,0.92,gemini_3_1_pro_preview|ISFJ|static|crash|789|0.92,1,1.0,HOLD,90.66,90.66,90.66,50.0,0.0,1.0,15.0,13.7,2.93,0.0,0,0.15
mbti,gemini_3_1_pro_preview,ENTJ,memory,crash,999,0.92,gemini_3_1_pro_preview|ENTJ|memory|crash|999|0.92,1,1.0,HOLD,87.3,87.3,87.3,50.0,0.0,1.0,15.0,13.1,3.06,0.0,0,-0.01
mbti,gemini_3_1_pro_preview,ENTJ,static,crash,999,0.92,gemini_3_1_pro_preview|ENTJ|static|crash|999|0.92,1,1.0,HOLD,87.3,87.3,87.3,50.0,0.0,1.0,15.0,13.1,3.06,0.0,0,-0.01
mbti,gemini_3_1_pro_preview,INTJ,memory,crash,999,0.92,gemini_3_1_pro_preview|INTJ|memory|crash|999|0.92,1,1.0,HOLD,87.3,87.3,87.3,50.0,0.0,1.0,15.0,13.1,3.06,0.0,0,-0.01
mbti,gemini_3_1_pro_preview,INTJ,static,crash,999,0.92,gemini_3_1_pro_preview|INTJ|static|crash|999|0.92,1,1.0,HOLD,87.3,87.3,87.3,50.0,0.0,1.0,15.0,13.1,3.06,0.0,0,-0.01
mbti,gemini_3_1_pro_preview,ISFJ,memory,crash,999,0.92,gemini_3_1_pro_preview|ISFJ|memory|crash|999|0.92,1,0.9,BUY,87.3,87.3,87.3,50.0,0.0,1.0,15.0,13.1,3.06,0.0,0,-0.01
mbti,gemini_3_1_pro_preview,ISFJ,static,crash,999,0.92,gemini_3_1_pro_preview|ISFJ|static|crash|999|0.92,1,0.9,BUY,87.3,87.3,87.3,50.0,0.0,1.0,15.0,13.1,3.06,0.0,0,-0.01
mbti,gemini_3_1_pro_preview,ENTJ,memory,crash,123,0.95,gemini_3_1_pro_preview|ENTJ|memory|crash|123|0.95,1,1.0,HOLD,95.54,95.54,95.54,50.0,0.0,1.0,15.0,14.4,2.78,0.0,0,0.33
mbti,gemini_3_1_pro_preview,ENTJ,static,crash,123,0.95,gemini_3_1_pro_preview|ENTJ|static|crash|123|0.95,1,0.8,BUY,95.54,95.54,95.54,50.0,0.0,1.0,15.0,14.4,2.78,0.0,0,0.33
mbti,gemini_3_1_pro_preview,INTJ,memory,crash,123,0.95,gemini_3_1_pro_preview|INTJ|memory|crash|123|0.95,1,1.0,HOLD,95.54,95.54,95.54,50.0,0.0,1.0,15.0,14.4,2.78,0.0,0,0.33
mbti,gemini_3_1_pro_preview,INTJ,static,crash,123,0.95,gemini_3_1_pro_preview|INTJ|static|crash|123|0.95,1,1.0,HOLD,95.54,95.54,95.54,50.0,0.0,1.0,15.0,14.4,2.78,0.0,0,0.33
mbti,gemini_3_1_pro_preview,ISFJ,memory,crash,123,0.95,gemini_3_1_pro_preview|ISFJ|memory|crash|123|0.95,1,0.9,BUY,95.54,95.54,95.54,50.0,0.0,1.0,15.0,14.4,2.78,0.0,0,0.33
mbti,gemini_3_1_pro_preview,ISFJ,static,crash,123,0.95,gemini_3_1_pro_preview|ISFJ|static|crash|123|0.95,1,0.85,BUY,95.54,95.54,95.54,50.0,0.0,1.0,15.0,14.4,2.78,0.0,0,0.33
mbti,gemini_3_1_pro_preview,ENTJ,memory,crash,42,0.95,gemini_3_1_pro_preview|ENTJ|memory|crash|42|0.95,1,1.0,HOLD,95.77,95.77,95.77,50.0,0.0,1.0,15.0,14.3,2.79,0.0,0,0.1
mbti,gemini_3_1_pro_preview,ENTJ,static,crash,42,0.95,gemini_3_1_pro_preview|ENTJ|static|crash|42|0.95,1,0.75,BUY,95.77,95.77,95.77,50.0,0.0,1.0,15.0,14.3,2.79,0.0,0,0.1
mbti,gemini_3_1_pro_preview,INTJ,memory,crash,42,0.95,gemini_3_1_pro_preview|INTJ|memory|crash|42|0.95,1,1.0,HOLD,95.77,95.77,95.77,50.0,0.0,1.0,15.0,14.3,2.79,0.0,0,0.1
mbti,gemini_3_1_pro_preview,INTJ,static,crash,42,0.95,gemini_3_1_pro_preview|INTJ|static|crash|42|0.95,1,1.0,HOLD,95.77,95.77,95.77,50.0,0.0,1.0,15.0,14.3,2.79,0.0,0,0.1
mbti,gemini_3_1_pro_preview,ISFJ,memory,crash,42,0.95,gemini_3_1_pro_preview|ISFJ|memory|crash|42|0.95,1,0.8,BUY,95.77,95.77,95.77,50.0,0.0,1.0,15.0,14.3,2.79,0.0,0,0.1
mbti,gemini_3_1_pro_preview,ISFJ,static,crash,42,0.95,gemini_3_1_pro_preview|ISFJ|static|crash|42|0.95,1,0.9,BUY,95.77,95.77,95.77,50.0,0.0,1.0,15.0,14.3,2.79,0.0,0,0.1
mbti,gemini_3_1_pro_preview,ENTJ,memory,crash,456,0.95,gemini_3_1_pro_preview|ENTJ|memory|crash|456|0.95,1,1.0,HOLD,95.45,95.45,95.45,50.0,0.0,1.0,15.0,14.4,2.78,0.0,0,0.06
mbti,gemini_3_1_pro_preview,ENTJ,static,crash,456,0.95,gemini_3_1_pro_preview|ENTJ|static|crash|456|0.95,1,0.8,BUY,95.45,95.45,95.45,50.0,0.0,1.0,15.0,14.4,2.78,0.0,0,0.06
mbti,gemini_3_1_pro_preview,INTJ,memory,crash,456,0.95,gemini_3_1_pro_preview|INTJ|memory|crash|456|0.95,1,1.0,HOLD,95.45,95.45,95.45,50.0,0.0,1.0,15.0,14.4,2.78,0.0,0,0.06
mbti,gemini_3_1_pro_preview,INTJ,static,crash,456,0.95,gemini_3_1_pro_preview|INTJ|static|crash|456|0.95,1,1.0,HOLD,95.45,95.45,95.45,50.0,0.0,1.0,15.0,14.4,2.78,0.0,0,0.06
mbti,gemini_3_1_pro_preview,ISFJ,memory,crash,456,0.95,gemini_3_1_pro_preview|ISFJ|memory|crash|456|0.95,1,0.9,BUY,95.45,95.45,95.45,50.0,0.0,1.0,15.0,14.4,2.78,0.0,0,0.06
mbti,gemini_3_1_pro_preview,ISFJ,static,crash,456,0.95,gemini_3_1_pro_preview|ISFJ|static|crash|456|0.95,1,0.9,BUY,95.45,95.45,95.45,50.0,0.0,1.0,15.0,14.4,2.78,0.0,0,0.06
mbti,gemini_3_1_pro_preview,ENTJ,memory,crash,789,0.95,gemini_3_1_pro_preview|ENTJ|memory|crash|789|0.95,1,1.0,HOLD,93.64,93.64,93.64,50.0,0.0,1.0,15.0,14.1,2.83,0.0,0,0.15
mbti,gemini_3_1_pro_preview,ENTJ,static,crash,789,0.95,gemini_3_1_pro_preview|ENTJ|static|crash|789|0.95,1,0.75,BUY,93.64,93.64,93.64,50.0,0.0,1.0,15.0,14.1,2.83,0.0,0,0.15
mbti,gemini_3_1_pro_preview,INTJ,memory,crash,789,0.95,gemini_3_1_pro_preview|INTJ|memory|crash|789|0.95,1,1.0,HOLD,93.64,93.64,93.64,50.0,0.0,1.0,15.0,14.1,2.83,0.0,0,0.15
mbti,gemini_3_1_pro_preview,INTJ,static,crash,789,0.95,gemini_3_1_pro_preview|INTJ|static|crash|789|0.95,1,1.0,HOLD,93.64,93.64,93.64,50.0,0.0,1.0,15.0,14.1,2.83,0.0,0,0.15
mbti,gemini_3_1_pro_preview,ISFJ,memory,crash,789,0.95,gemini_3_1_pro_preview|ISFJ|memory|crash|789|0.95,1,1.0,HOLD,93.64,93.64,93.64,50.0,0.0,1.0,15.0,14.1,2.83,0.0,0,0.15
mbti,gemini_3_1_pro_preview,ISFJ,static,crash,789,0.95,gemini_3_1_pro_preview|ISFJ|static|crash|789|0.95,1,0.9,BUY,93.64,93.64,93.64,50.0,0.0,1.0,15.0,14.1,2.83,0.0,0,0.15
mbti,gemini_3_1_pro_preview,ENTJ,memory,crash,999,0.95,gemini_3_1_pro_preview|ENTJ|memory|crash|999|0.95,1,1.0,HOLD,90.3,90.3,90.3,50.0,0.0,1.0,15.0,13.5,2.95,0.0,0,-0.01
mbti,gemini_3_1_pro_preview,ENTJ,static,crash,999,0.95,gemini_3_1_pro_preview|ENTJ|static|crash|999|0.95,1,1.0,HOLD,90.3,90.3,90.3,50.0,0.0,1.0,15.0,13.5,2.95,0.0,0,-0.01
mbti,gemini_3_1_pro_preview,INTJ,memory,crash,999,0.95,gemini_3_1_pro_preview|INTJ|memory|crash|999|0.95,1,1.0,HOLD,90.3,90.3,90.3,50.0,0.0,1.0,15.0,13.5,2.95,0.0,0,-0.01
mbti,gemini_3_1_pro_preview,INTJ,static,crash,999,0.95,gemini_3_1_pro_preview|INTJ|static|crash|999|0.95,1,1.0,HOLD,90.3,90.3,90.3,50.0,0.0,1.0,15.0,13.5,2.95,0.0,0,-0.01
mbti,gemini_3_1_pro_preview,ISFJ,memory,crash,999,0.95,gemini_3_1_pro_preview|ISFJ|memory|crash|999|0.95,1,1.0,HOLD,90.3,90.3,90.3,50.0,0.0,1.0,15.0,13.5,2.95,0.0,0,-0.01
mbti,gemini_3_1_pro_preview,ISFJ,static,crash,999,0.95,gemini_3_1_pro_preview|ISFJ|static|crash|999|0.95,1,0.9,BUY,90.3,90.3,90.3,50.0,0.0,1.0,15.0,13.5,2.95,0.0,0,-0.01
mbti,gemini_3_1_pro_preview,ENTJ,memory,flat,123,,gemini_3_1_pro_preview|ENTJ|memory|flat|123|,1,1.0,HOLD,99.92,99.92,99.92,50.0,0.0,1.0,15.0,15.0,2.67,0.0,0,-0.04
mbti,gemini_3_1_pro_preview,ENTJ,static,flat,123,,gemini_3_1_pro_preview|ENTJ|static|flat|123|,1,1.0,HOLD,99.92,99.92,99.92,50.0,0.0,1.0,15.0,15.0,2.67,0.0,0,-0.04
mbti,gemini_3_1_pro_preview,INTJ,memory,flat,123,,gemini_3_1_pro_preview|INTJ|memory|flat|123|,1,1.0,HOLD,101.17,101.17,101.17,50.0,0.0,1.0,15.0,15.2,2.64,0.0,0,0.46
mbti,gemini_3_1_pro_preview,INTJ,static,flat,123,,gemini_3_1_pro_preview|INTJ|static|flat|123|,1,1.0,HOLD,99.92,99.92,99.92,50.0,0.0,1.0,15.0,15.0,2.67,0.0,0,-0.04
mbti,gemini_3_1_pro_preview,ISFJ,memory,flat,123,,gemini_3_1_pro_preview|ISFJ|memory|flat|123|,1,1.0,HOLD,99.92,99.92,99.92,50.0,0.0,1.0,15.0,15.0,2.67,0.0,0,-0.04
mbti,gemini_3_1_pro_preview,ISFJ,static,flat,123,,gemini_3_1_pro_preview|ISFJ|static|flat|123|,1,1.0,HOLD,99.92,99.92,99.92,50.0,0.0,1.0,15.0,15.0,2.67,0.0,0,-0.18
mbti,gemini_3_1_pro_preview,ENTJ,memory,flat,42,,gemini_3_1_pro_preview|ENTJ|memory|flat|42|,1,1.0,HOLD,99.94,99.94,99.94,50.0,0.0,1.0,15.0,15.0,2.67,0.0,0,-0.17
mbti,gemini_3_1_pro_preview,ENTJ,static,flat,42,,gemini_3_1_pro_preview|ENTJ|static|flat|42|,1,1.0,HOLD,99.94,99.94,99.94,50.0,0.0,1.0,15.0,15.0,2.67,0.0,0,-0.17
mbti,gemini_3_1_pro_preview,INTJ,memory,flat,42,,gemini_3_1_pro_preview|INTJ|memory|flat|42|,1,1.0,HOLD,99.94,99.94,99.94,50.0,0.0,1.0,15.0,15.0,2.67,0.0,0,-0.17
mbti,gemini_3_1_pro_preview,INTJ,static,flat,42,,gemini_3_1_pro_preview|INTJ|static|flat|42|,1,1.0,HOLD,99.94,99.94,99.94,50.0,0.0,1.0,15.0,15.0,2.67,0.0,0,-0.17
mbti,gemini_3_1_pro_preview,ISFJ,memory,flat,42,,gemini_3_1_pro_preview|ISFJ|memory|flat|42|,1,1.0,HOLD,99.94,99.94,99.94,50.0,0.0,1.0,15.0,15.0,2.67,0.0,0,-0.17
mbti,gemini_3_1_pro_preview,ISFJ,static,flat,42,,gemini_3_1_pro_preview|ISFJ|static|flat|42|,1,1.0,HOLD,99.94,99.94,99.94,50.0,0.0,1.0,15.0,15.0,2.67,0.0,0,-0.17
mbti,gemini_3_1_pro_preview,ENTJ,memory,flat,456,,gemini_3_1_pro_preview|ENTJ|memory|flat|456|,1,1.0,HOLD,100.25,100.25,100.25,50.0,0.0,1.0,15.0,15.0,2.66,0.0,0,-0.39
mbti,gemini_3_1_pro_preview,ENTJ,static,flat,456,,gemini_3_1_pro_preview|ENTJ|static|flat|456|,1,1.0,HOLD,100.25,100.25,100.25,50.0,0.0,1.0,15.0,15.0,2.66,0.0,0,-0.39
mbti,gemini_3_1_pro_preview,INTJ,memory,flat,456,,gemini_3_1_pro_preview|INTJ|memory|flat|456|,1,1.0,HOLD,100.25,100.25,100.25,50.0,0.0,1.0,15.0,15.0,2.66,0.0,0,-0.39
mbti,gemini_3_1_pro_preview,INTJ,static,flat,456,,gemini_3_1_pro_preview|INTJ|static|flat|456|,1,1.0,HOLD,100.25,100.25,100.25,50.0,0.0,1.0,15.0,15.0,2.66,0.0,0,-0.39
mbti,gemini_3_1_pro_preview,ISFJ,memory,flat,456,,gemini_3_1_pro_preview|ISFJ|memory|flat|456|,1,1.0,HOLD,100.25,100.25,100.25,50.0,0.0,1.0,15.0,15.0,2.66,0.0,0,-0.39
mbti,gemini_3_1_pro_preview,ISFJ,static,flat,456,,gemini_3_1_pro_preview|ISFJ|static|flat|456|,1,1.0,HOLD,100.25,100.25,100.25,50.0,0.0,1.0,15.0,15.0,2.66,0.0,0,-0.39
mbti,gemini_3_1_pro_preview,ENTJ,memory,flat,789,,gemini_3_1_pro_preview|ENTJ|memory|flat|789|,1,1.0,HOLD,100.19,100.19,100.19,50.0,0.0,1.0,15.0,15.0,2.66,0.0,0,0.26
mbti,gemini_3_1_pro_preview,ENTJ,static,flat,789,,gemini_3_1_pro_preview|ENTJ|static|flat|789|,1,0.75,BUY,100.19,100.19,100.19,50.0,0.0,1.0,15.0,15.0,2.66,0.0,0,0.26
mbti,gemini_3_1_pro_preview,INTJ,memory,flat,789,,gemini_3_1_pro_preview|INTJ|memory|flat|789|,1,1.0,HOLD,100.19,100.19,100.19,50.0,0.0,1.0,15.0,15.0,2.66,0.0,0,0.26
mbti,gemini_3_1_pro_preview,INTJ,static,flat,789,,gemini_3_1_pro_preview|INTJ|static|flat|789|,1,1.0,HOLD,100.19,100.19,100.19,50.0,0.0,1.0,15.0,15.0,2.66,0.0,0,0.26
mbti,gemini_3_1_pro_preview,ISFJ,memory,flat,789,,gemini_3_1_pro_preview|ISFJ|memory|flat|789|,1,1.0,HOLD,100.19,100.19,100.19,50.0,0.0,1.0,15.0,15.0,2.66,0.0,0,0.26
mbti,gemini_3_1_pro_preview,ISFJ,static,flat,789,,gemini_3_1_pro_preview|ISFJ|static|flat|789|,1,0.9,BUY,100.19,100.19,100.19,50.0,0.0,1.0,15.0,15.0,2.66,0.0,0,0.26
mbti,gemini_3_1_pro_preview,ENTJ,memory,flat,999,,gemini_3_1_pro_preview|ENTJ|memory|flat|999|,1,1.0,HOLD,100.38,100.38,100.38,50.0,0.0,1.0,15.0,15.1,2.66,0.0,0,0.08
mbti,gemini_3_1_pro_preview,ENTJ,static,flat,999,,gemini_3_1_pro_preview|ENTJ|static|flat|999|,1,0.8,BUY,100.38,100.38,100.38,50.0,0.0,1.0,15.0,15.1,2.66,0.0,0,0.08
mbti,gemini_3_1_pro_preview,INTJ,memory,flat,999,,gemini_3_1_pro_preview|INTJ|memory|flat|999|,1,1.0,HOLD,100.38,100.38,100.38,50.0,0.0,1.0,15.0,15.1,2.66,0.0,0,0.08
mbti,gemini_3_1_pro_preview,INTJ,static,flat,999,,gemini_3_1_pro_preview|INTJ|static|flat|999|,1,1.0,HOLD,100.38,100.38,100.38,50.0,0.0,1.0,15.0,15.1,2.66,0.0,0,0.08
mbti,gemini_3_1_pro_preview,ISFJ,memory,flat,999,,gemini_3_1_pro_preview|ISFJ|memory|flat|999|,1,1.0,HOLD,100.38,100.38,100.38,50.0,0.0,1.0,15.0,15.1,2.66,0.0,0,0.08
mbti,gemini_3_1_pro_preview,ISFJ,static,flat,999,,gemini_3_1_pro_preview|ISFJ|static|flat|999|,1,0.9,BUY,100.38,100.38,100.38,50.0,0.0,1.0,15.0,15.1,2.66,0.0,0,0.08
mbti,gemma-2-9b-it,ENTJ,memory,bull_trap,123,,gemma-2-9b-it|ENTJ|memory|bull_trap|123|,1,1.0,HOLD,99.72,99.72,99.72,50.0,0.0,1.0,15.0,15.1,2.65,0.0,0,0.33
mbti,gemma-2-9b-it,ENTJ,static,bull_trap,123,,gemma-2-9b-it|ENTJ|static|bull_trap|123|,1,1.0,HOLD,99.72,99.72,99.72,50.0,0.0,1.0,15.0,15.1,2.65,0.0,0,0.33
mbti,gemma-2-9b-it,INTJ,memory,bull_trap,123,,gemma-2-9b-it|INTJ|memory|bull_trap|123|,1,1.0,HOLD,99.72,99.72,99.72,50.0,0.0,1.0,15.0,15.1,2.65,0.0,0,0.33
mbti,gemma-2-9b-it,INTJ,static,bull_trap,123,,gemma-2-9b-it|INTJ|static|bull_trap|123|,1,1.0,HOLD,99.72,99.72,99.72,50.0,0.0,1.0,15.0,15.1,2.65,0.0,0,0.33
mbti,gemma-2-9b-it,ISFJ,memory,bull_trap,123,,gemma-2-9b-it|ISFJ|memory|bull_trap|123|,1,1.0,HOLD,99.72,99.72,99.72,50.0,0.0,1.0,15.0,15.1,2.65,0.0,0,0.33
mbti,gemma-2-9b-it,ISFJ,static,bull_trap,123,,gemma-2-9b-it|ISFJ|static|bull_trap|123|,1,1.0,HOLD,99.72,99.72,99.72,50.0,0.0,1.0,15.0,15.1,2.65,0.0,0,0.33
mbti,gemma-2-9b-it,ENTJ,memory,bull_trap,42,,gemma-2-9b-it|ENTJ|memory|bull_trap|42|,1,1.0,HOLD,100.96,100.96,100.96,50.0,0.0,1.0,15.0,15.1,2.66,0.0,0,0.1
mbti,gemma-2-9b-it,ENTJ,static,bull_trap,42,,gemma-2-9b-it|ENTJ|static|bull_trap|42|,1,1.0,HOLD,100.96,100.96,100.96,50.0,0.0,1.0,15.0,15.1,2.66,0.0,0,0.1
mbti,gemma-2-9b-it,INTJ,memory,bull_trap,42,,gemma-2-9b-it|INTJ|memory|bull_trap|42|,1,1.0,HOLD,100.96,100.96,100.96,50.0,0.0,1.0,15.0,15.1,2.66,0.0,0,0.1
mbti,gemma-2-9b-it,INTJ,static,bull_trap,42,,gemma-2-9b-it|INTJ|static|bull_trap|42|,1,1.0,HOLD,100.96,100.96,100.96,50.0,0.0,1.0,15.0,15.1,2.66,0.0,0,0.1
mbti,gemma-2-9b-it,ISFJ,memory,bull_trap,42,,gemma-2-9b-it|ISFJ|memory|bull_trap|42|,1,1.0,HOLD,100.96,100.96,100.96,50.0,0.0,1.0,15.0,15.1,2.66,0.0,0,0.1
mbti,gemma-2-9b-it,ISFJ,static,bull_trap,42,,gemma-2-9b-it|ISFJ|static|bull_trap|42|,1,1.0,HOLD,100.96,100.96,100.96,50.0,0.0,1.0,15.0,15.1,2.66,0.0,0,0.1
mbti,gemma-2-9b-it,ENTJ,memory,bull_trap,456,,gemma-2-9b-it|ENTJ|memory|bull_trap|456|,1,1.0,HOLD,99.94,99.94,99.94,50.0,0.0,1.0,15.0,15.1,2.65,0.0,0,0.06
mbti,gemma-2-9b-it,ENTJ,static,bull_trap,456,,gemma-2-9b-it|ENTJ|static|bull_trap|456|,1,1.0,HOLD,99.94,99.94,99.94,50.0,0.0,1.0,15.0,15.1,2.65,0.0,0,0.06
mbti,gemma-2-9b-it,INTJ,memory,bull_trap,456,,gemma-2-9b-it|INTJ|memory|bull_trap|456|,1,1.0,HOLD,99.94,99.94,99.94,50.0,0.0,1.0,15.0,15.1,2.65,0.0,0,0.06
mbti,gemma-2-9b-it,INTJ,static,bull_trap,456,,gemma-2-9b-it|INTJ|static|bull_trap|456|,1,1.0,HOLD,99.94,99.94,99.94,50.0,0.0,1.0,15.0,15.1,2.65,0.0,0,0.06
mbti,gemma-2-9b-it,ISFJ,memory,bull_trap,456,,gemma-2-9b-it|ISFJ|memory|bull_trap|456|,1,1.0,HOLD,99.94,99.94,99.94,50.0,0.0,1.0,15.0,15.1,2.65,0.0,0,0.06
mbti,gemma-2-9b-it,ISFJ,static,bull_trap,456,,gemma-2-9b-it|ISFJ|static|bull_trap|456|,1,1.0,HOLD,99.94,99.94,99.94,50.0,0.0,1.0,15.0,15.1,2.65,0.0,0,0.06
mbti,gemma-2-9b-it,ENTJ,memory,bull_trap,789,,gemma-2-9b-it|ENTJ|memory|bull_trap|789|,1,1.0,HOLD,98.44,98.44,98.44,50.0,0.0,1.0,15.0,14.9,2.68,0.0,0,0.15
mbti,gemma-2-9b-it,ENTJ,static,bull_trap,789,,gemma-2-9b-it|ENTJ|static|bull_trap|789|,1,1.0,HOLD,98.44,98.44,98.44,50.0,0.0,1.0,15.0,14.9,2.68,0.0,0,0.15
mbti,gemma-2-9b-it,INTJ,memory,bull_trap,789,,gemma-2-9b-it|INTJ|memory|bull_trap|789|,1,1.0,HOLD,98.44,98.44,98.44,50.0,0.0,1.0,15.0,14.9,2.68,0.0,0,0.15
mbti,gemma-2-9b-it,INTJ,static,bull_trap,789,,gemma-2-9b-it|INTJ|static|bull_trap|789|,1,1.0,HOLD,98.44,98.44,98.44,50.0,0.0,1.0,15.0,14.9,2.68,0.0,0,0.15
mbti,gemma-2-9b-it,ISFJ,memory,bull_trap,789,,gemma-2-9b-it|ISFJ|memory|bull_trap|789|,1,1.0,HOLD,98.44,98.44,98.44,50.0,0.0,1.0,15.0,14.9,2.68,0.0,0,0.15
mbti,gemma-2-9b-it,ISFJ,static,bull_trap,789,,gemma-2-9b-it|ISFJ|static|bull_trap|789|,1,1.0,HOLD,98.44,98.44,98.44,50.0,0.0,1.0,15.0,14.9,2.68,0.0,0,0.15
mbti,gemma-2-9b-it,ENTJ,memory,bull_trap,999,,gemma-2-9b-it|ENTJ|memory|bull_trap|999|,1,1.0,HOLD,97.06,97.06,97.06,50.0,0.0,1.0,15.0,14.5,2.75,0.0,0,-0.01
mbti,gemma-2-9b-it,ENTJ,static,bull_trap,999,,gemma-2-9b-it|ENTJ|static|bull_trap|999|,1,1.0,HOLD,97.06,97.06,97.06,50.0,0.0,1.0,15.0,14.5,2.75,0.0,0,-0.01
mbti,gemma-2-9b-it,INTJ,memory,bull_trap,999,,gemma-2-9b-it|INTJ|memory|bull_trap|999|,1,1.0,HOLD,97.06,97.06,97.06,50.0,0.0,1.0,15.0,14.5,2.75,0.0,0,-0.01
mbti,gemma-2-9b-it,INTJ,static,bull_trap,999,,gemma-2-9b-it|INTJ|static|bull_trap|999|,1,1.0,HOLD,97.06,97.06,97.06,50.0,0.0,1.0,15.0,14.5,2.75,0.0,0,-0.01
mbti,gemma-2-9b-it,ISFJ,memory,bull_trap,999,,gemma-2-9b-it|ISFJ|memory|bull_trap|999|,1,1.0,HOLD,97.06,97.06,97.06,50.0,0.0,1.0,15.0,14.5,2.75,0.0,0,-0.01
mbti,gemma-2-9b-it,ISFJ,static,bull_trap,999,,gemma-2-9b-it|ISFJ|static|bull_trap|999|,1,1.0,HOLD,97.06,97.06,97.06,50.0,0.0,1.0,15.0,14.5,2.75,0.0,0,-0.01
mbti,gemma-2-9b-it,ENTJ,memory,crash,123,0.85,gemma-2-9b-it|ENTJ|memory|crash|123|0.85,1,1.0,HOLD,85.59,85.59,85.59,50.0,0.0,1.0,15.0,12.9,3.1,0.0,0,0.33
mbti,gemma-2-9b-it,ENTJ,static,crash,123,0.85,gemma-2-9b-it|ENTJ|static|crash|123|0.85,1,1.0,HOLD,85.59,85.59,85.59,50.0,0.0,1.0,15.0,12.9,3.1,0.0,0,0.33
mbti,gemma-2-9b-it,INTJ,memory,crash,123,0.85,gemma-2-9b-it|INTJ|memory|crash|123|0.85,1,1.0,HOLD,85.59,85.59,85.59,50.0,0.0,1.0,15.0,12.9,3.1,0.0,0,0.33
mbti,gemma-2-9b-it,INTJ,static,crash,123,0.85,gemma-2-9b-it|INTJ|static|crash|123|0.85,1,1.0,HOLD,85.59,85.59,85.59,50.0,0.0,1.0,15.0,12.9,3.1,0.0,0,0.33
mbti,gemma-2-9b-it,ISFJ,memory,crash,123,0.85,gemma-2-9b-it|ISFJ|memory|crash|123|0.85,1,1.0,HOLD,85.59,85.59,85.59,50.0,0.0,1.0,15.0,12.9,3.1,0.0,0,0.33
mbti,gemma-2-9b-it,ISFJ,static,crash,123,0.85,gemma-2-9b-it|ISFJ|static|crash|123|0.85,1,1.0,HOLD,85.59,85.59,85.59,50.0,0.0,1.0,15.0,12.9,3.1,0.0,0,0.33
mbti,gemma-2-9b-it,ENTJ,memory,crash,42,0.85,gemma-2-9b-it|ENTJ|memory|crash|42|0.85,1,1.0,HOLD,85.75,85.75,85.75,50.0,0.0,1.0,15.0,12.8,3.12,0.0,0,0.1
mbti,gemma-2-9b-it,ENTJ,static,crash,42,0.85,gemma-2-9b-it|ENTJ|static|crash|42|0.85,1,1.0,HOLD,85.75,85.75,85.75,50.0,0.0,1.0,15.0,12.8,3.12,0.0,0,0.1
mbti,gemma-2-9b-it,INTJ,memory,crash,42,0.85,gemma-2-9b-it|INTJ|memory|crash|42|0.85,1,1.0,HOLD,85.75,85.75,85.75,50.0,0.0,1.0,15.0,12.8,3.12,0.0,0,0.1
mbti,gemma-2-9b-it,INTJ,static,crash,42,0.85,gemma-2-9b-it|INTJ|static|crash|42|0.85,1,1.0,HOLD,85.75,85.75,85.75,50.0,0.0,1.0,15.0,12.8,3.12,0.0,0,0.1
mbti,gemma-2-9b-it,ISFJ,memory,crash,42,0.85,gemma-2-9b-it|ISFJ|memory|crash|42|0.85,1,1.0,HOLD,85.75,85.75,85.75,50.0,0.0,1.0,15.0,12.8,3.12,0.0,0,0.1
mbti,gemma-2-9b-it,ISFJ,static,crash,42,0.85,gemma-2-9b-it|ISFJ|static|crash|42|0.85,1,1.0,HOLD,85.75,85.75,85.75,50.0,0.0,1.0,15.0,12.8,3.12,0.0,0,0.1
mbti,gemma-2-9b-it,ENTJ,memory,crash,456,0.85,gemma-2-9b-it|ENTJ|memory|crash|456|0.85,1,1.0,HOLD,85.48,85.48,85.48,50.0,0.0,1.0,15.0,12.9,3.11,0.0,0,0.06
mbti,gemma-2-9b-it,ENTJ,static,crash,456,0.85,gemma-2-9b-it|ENTJ|static|crash|456|0.85,1,1.0,HOLD,85.48,85.48,85.48,50.0,0.0,1.0,15.0,12.9,3.11,0.0,0,0.06
mbti,gemma-2-9b-it,INTJ,memory,crash,456,0.85,gemma-2-9b-it|INTJ|memory|crash|456|0.85,1,1.0,HOLD,85.48,85.48,85.48,50.0,0.0,1.0,15.0,12.9,3.11,0.0,0,0.06
mbti,gemma-2-9b-it,INTJ,static,crash,456,0.85,gemma-2-9b-it|INTJ|static|crash|456|0.85,1,1.0,HOLD,85.48,85.48,85.48,50.0,0.0,1.0,15.0,12.9,3.11,0.0,0,0.06
mbti,gemma-2-9b-it,ISFJ,memory,crash,456,0.85,gemma-2-9b-it|ISFJ|memory|crash|456|0.85,1,1.0,HOLD,85.48,85.48,85.48,50.0,0.0,1.0,15.0,12.9,3.11,0.0,0,0.06
mbti,gemma-2-9b-it,ISFJ,static,crash,456,0.85,gemma-2-9b-it|ISFJ|static|crash|456|0.85,1,1.0,HOLD,85.48,85.48,85.48,50.0,0.0,1.0,15.0,12.9,3.11,0.0,0,0.06
mbti,gemma-2-9b-it,ENTJ,memory,crash,789,0.85,gemma-2-9b-it|ENTJ|memory|crash|789|0.85,1,1.0,HOLD,83.7,83.7,83.7,50.0,0.0,1.0,15.0,12.6,3.17,0.0,0,0.15
mbti,gemma-2-9b-it,ENTJ,static,crash,789,0.85,gemma-2-9b-it|ENTJ|static|crash|789|0.85,1,1.0,HOLD,83.7,83.7,83.7,50.0,0.0,1.0,15.0,12.6,3.17,0.0,0,0.15
mbti,gemma-2-9b-it,INTJ,memory,crash,789,0.85,gemma-2-9b-it|INTJ|memory|crash|789|0.85,1,1.0,HOLD,83.7,83.7,83.7,50.0,0.0,1.0,15.0,12.6,3.17,0.0,0,0.15
mbti,gemma-2-9b-it,INTJ,static,crash,789,0.85,gemma-2-9b-it|INTJ|static|crash|789|0.85,1,1.0,HOLD,83.7,83.7,83.7,50.0,0.0,1.0,15.0,12.6,3.17,0.0,0,0.15
mbti,gemma-2-9b-it,ISFJ,memory,crash,789,0.85,gemma-2-9b-it|ISFJ|memory|crash|789|0.85,1,1.0,HOLD,83.7,83.7,83.7,50.0,0.0,1.0,15.0,12.6,3.17,0.0,0,0.15
mbti,gemma-2-9b-it,ISFJ,static,crash,789,0.85,gemma-2-9b-it|ISFJ|static|crash|789|0.85,1,1.0,HOLD,83.7,83.7,83.7,50.0,0.0,1.0,15.0,12.6,3.17,0.0,0,0.15
mbti,gemma-2-9b-it,ENTJ,memory,crash,999,0.85,gemma-2-9b-it|ENTJ|memory|crash|999|0.85,1,1.0,HOLD,80.3,80.3,80.3,50.0,0.0,1.0,15.0,12.0,3.32,0.0,0,-0.01
mbti,gemma-2-9b-it,ENTJ,static,crash,999,0.85,gemma-2-9b-it|ENTJ|static|crash|999|0.85,1,1.0,HOLD,80.3,80.3,80.3,50.0,0.0,1.0,15.0,12.0,3.32,0.0,0,-0.01
mbti,gemma-2-9b-it,INTJ,memory,crash,999,0.85,gemma-2-9b-it|INTJ|memory|crash|999|0.85,1,1.0,HOLD,80.3,80.3,80.3,50.0,0.0,1.0,15.0,12.0,3.32,0.0,0,-0.01
mbti,gemma-2-9b-it,INTJ,static,crash,999,0.85,gemma-2-9b-it|INTJ|static|crash|999|0.85,1,1.0,HOLD,80.3,80.3,80.3,50.0,0.0,1.0,15.0,12.0,3.32,0.0,0,-0.01
mbti,gemma-2-9b-it,ISFJ,memory,crash,999,0.85,gemma-2-9b-it|ISFJ|memory|crash|999|0.85,1,1.0,HOLD,80.3,80.3,80.3,50.0,0.0,1.0,15.0,12.0,3.32,0.0,0,-0.01
mbti,gemma-2-9b-it,ISFJ,static,crash,999,0.85,gemma-2-9b-it|ISFJ|static|crash|999|0.85,1,1.0,HOLD,80.3,80.3,80.3,50.0,0.0,1.0,15.0,12.0,3.32,0.0,0,-0.01
mbti,gemma-2-9b-it,ENTJ,memory,crash,123,0.92,gemma-2-9b-it|ENTJ|memory|crash|123|0.92,1,1.0,HOLD,92.56,92.56,92.56,50.0,0.0,1.0,15.0,14.0,2.87,0.0,0,0.33
mbti,gemma-2-9b-it,ENTJ,static,crash,123,0.92,gemma-2-9b-it|ENTJ|static|crash|123|0.92,1,1.0,HOLD,92.56,92.56,92.56,50.0,0.0,1.0,15.0,14.0,2.87,0.0,0,0.33
mbti,gemma-2-9b-it,INTJ,memory,crash,123,0.92,gemma-2-9b-it|INTJ|memory|crash|123|0.92,1,1.0,HOLD,92.56,92.56,92.56,50.0,0.0,1.0,15.0,14.0,2.87,0.0,0,0.33
mbti,gemma-2-9b-it,INTJ,static,crash,123,0.92,gemma-2-9b-it|INTJ|static|crash|123|0.92,1,1.0,HOLD,92.56,92.56,92.56,50.0,0.0,1.0,15.0,14.0,2.87,0.0,0,0.33
mbti,gemma-2-9b-it,ISFJ,memory,crash,123,0.92,gemma-2-9b-it|ISFJ|memory|crash|123|0.92,1,1.0,HOLD,92.56,92.56,92.56,50.0,0.0,1.0,15.0,14.0,2.87,0.0,0,0.33
mbti,gemma-2-9b-it,ISFJ,static,crash,123,0.92,gemma-2-9b-it|ISFJ|static|crash|123|0.92,1,1.0,HOLD,92.56,92.56,92.56,50.0,0.0,1.0,15.0,14.0,2.87,0.0,0,0.33
mbti,gemma-2-9b-it,ENTJ,memory,crash,42,0.92,gemma-2-9b-it|ENTJ|memory|crash|42|0.92,1,1.0,HOLD,92.77,92.77,92.77,50.0,0.0,1.0,15.0,13.9,2.88,0.0,0,0.1
mbti,gemma-2-9b-it,ENTJ,static,crash,42,0.92,gemma-2-9b-it|ENTJ|static|crash|42|0.92,1,1.0,HOLD,92.77,92.77,92.77,50.0,0.0,1.0,15.0,13.9,2.88,0.0,0,0.1
mbti,gemma-2-9b-it,INTJ,memory,crash,42,0.92,gemma-2-9b-it|INTJ|memory|crash|42|0.92,1,1.0,HOLD,92.77,92.77,92.77,50.0,0.0,1.0,15.0,13.9,2.88,0.0,0,0.1
mbti,gemma-2-9b-it,INTJ,static,crash,42,0.92,gemma-2-9b-it|INTJ|static|crash|42|0.92,1,1.0,HOLD,92.77,92.77,92.77,50.0,0.0,1.0,15.0,13.9,2.88,0.0,0,0.1
mbti,gemma-2-9b-it,ISFJ,memory,crash,42,0.92,gemma-2-9b-it|ISFJ|memory|crash|42|0.92,1,1.0,HOLD,92.77,92.77,92.77,50.0,0.0,1.0,15.0,13.9,2.88,0.0,0,0.1
mbti,gemma-2-9b-it,ISFJ,static,crash,42,0.92,gemma-2-9b-it|ISFJ|static|crash|42|0.92,1,1.0,HOLD,92.77,92.77,92.77,50.0,0.0,1.0,15.0,13.9,2.88,0.0,0,0.1
mbti,gemma-2-9b-it,ENTJ,memory,crash,456,0.92,gemma-2-9b-it|ENTJ|memory|crash|456|0.92,1,1.0,HOLD,92.46,92.46,92.46,50.0,0.0,1.0,15.0,13.9,2.87,0.0,0,0.06
mbti,gemma-2-9b-it,ENTJ,static,crash,456,0.92,gemma-2-9b-it|ENTJ|static|crash|456|0.92,1,1.0,HOLD,92.46,92.46,92.46,50.0,0.0,1.0,15.0,13.9,2.87,0.0,0,0.06
mbti,gemma-2-9b-it,INTJ,memory,crash,456,0.92,gemma-2-9b-it|INTJ|memory|crash|456|0.92,1,1.0,HOLD,92.46,92.46,92.46,50.0,0.0,1.0,15.0,13.9,2.87,0.0,0,0.06
mbti,gemma-2-9b-it,INTJ,static,crash,456,0.92,gemma-2-9b-it|INTJ|static|crash|456|0.92,1,1.0,HOLD,92.46,92.46,92.46,50.0,0.0,1.0,15.0,13.9,2.87,0.0,0,0.06
mbti,gemma-2-9b-it,ISFJ,memory,crash,456,0.92,gemma-2-9b-it|ISFJ|memory|crash|456|0.92,1,1.0,HOLD,92.46,92.46,92.46,50.0,0.0,1.0,15.0,13.9,2.87,0.0,0,0.06
mbti,gemma-2-9b-it,ISFJ,static,crash,456,0.92,gemma-2-9b-it|ISFJ|static|crash|456|0.92,1,1.0,HOLD,92.46,92.46,92.46,50.0,0.0,1.0,15.0,13.9,2.87,0.0,0,0.06
mbti,gemma-2-9b-it,ENTJ,memory,crash,789,0.92,gemma-2-9b-it|ENTJ|memory|crash|789|0.92,1,1.0,HOLD,90.66,90.66,90.66,50.0,0.0,1.0,15.0,13.7,2.93,0.0,0,0.15
mbti,gemma-2-9b-it,ENTJ,static,crash,789,0.92,gemma-2-9b-it|ENTJ|static|crash|789|0.92,1,1.0,HOLD,90.66,90.66,90.66,50.0,0.0,1.0,15.0,13.7,2.93,0.0,0,0.15
mbti,gemma-2-9b-it,INTJ,memory,crash,789,0.92,gemma-2-9b-it|INTJ|memory|crash|789|0.92,1,1.0,HOLD,90.66,90.66,90.66,50.0,0.0,1.0,15.0,13.7,2.93,0.0,0,0.15
mbti,gemma-2-9b-it,INTJ,static,crash,789,0.92,gemma-2-9b-it|INTJ|static|crash|789|0.92,1,1.0,HOLD,90.66,90.66,90.66,50.0,0.0,1.0,15.0,13.7,2.93,0.0,0,0.15
mbti,gemma-2-9b-it,ISFJ,memory,crash,789,0.92,gemma-2-9b-it|ISFJ|memory|crash|789|0.92,1,1.0,HOLD,90.66,90.66,90.66,50.0,0.0,1.0,15.0,13.7,2.93,0.0,0,0.15
mbti,gemma-2-9b-it,ISFJ,static,crash,789,0.92,gemma-2-9b-it|ISFJ|static|crash|789|0.92,1,1.0,HOLD,90.66,90.66,90.66,50.0,0.0,1.0,15.0,13.7,2.93,0.0,0,0.15
mbti,gemma-2-9b-it,ENTJ,memory,crash,999,0.92,gemma-2-9b-it|ENTJ|memory|crash|999|0.92,1,1.0,HOLD,87.3,87.3,87.3,50.0,0.0,1.0,15.0,13.1,3.06,0.0,0,-0.01
mbti,gemma-2-9b-it,ENTJ,static,crash,999,0.92,gemma-2-9b-it|ENTJ|static|crash|999|0.92,1,1.0,HOLD,87.3,87.3,87.3,50.0,0.0,1.0,15.0,13.1,3.06,0.0,0,-0.01
mbti,gemma-2-9b-it,INTJ,memory,crash,999,0.92,gemma-2-9b-it|INTJ|memory|crash|999|0.92,1,1.0,HOLD,87.3,87.3,87.3,50.0,0.0,1.0,15.0,13.1,3.06,0.0,0,-0.01
mbti,gemma-2-9b-it,INTJ,static,crash,999,0.92,gemma-2-9b-it|INTJ|static|crash|999|0.92,1,1.0,HOLD,87.3,87.3,87.3,50.0,0.0,1.0,15.0,13.1,3.06,0.0,0,-0.01
mbti,gemma-2-9b-it,ISFJ,memory,crash,999,0.92,gemma-2-9b-it|ISFJ|memory|crash|999|0.92,1,1.0,HOLD,87.3,87.3,87.3,50.0,0.0,1.0,15.0,13.1,3.06,0.0,0,-0.01
mbti,gemma-2-9b-it,ISFJ,static,crash,999,0.92,gemma-2-9b-it|ISFJ|static|crash|999|0.92,1,1.0,HOLD,87.3,87.3,87.3,50.0,0.0,1.0,15.0,13.1,3.06,0.0,0,-0.01
mbti,gemma-2-9b-it,ENTJ,memory,crash,123,0.95,gemma-2-9b-it|ENTJ|memory|crash|123|0.95,1,1.0,HOLD,95.54,95.54,95.54,50.0,0.0,1.0,15.0,14.4,2.78,0.0,0,0.33
mbti,gemma-2-9b-it,ENTJ,static,crash,123,0.95,gemma-2-9b-it|ENTJ|static|crash|123|0.95,1,1.0,HOLD,95.54,95.54,95.54,50.0,0.0,1.0,15.0,14.4,2.78,0.0,0,0.33
mbti,gemma-2-9b-it,INTJ,memory,crash,123,0.95,gemma-2-9b-it|INTJ|memory|crash|123|0.95,1,1.0,HOLD,95.54,95.54,95.54,50.0,0.0,1.0,15.0,14.4,2.78,0.0,0,0.33
mbti,gemma-2-9b-it,INTJ,static,crash,123,0.95,gemma-2-9b-it|INTJ|static|crash|123|0.95,1,1.0,HOLD,95.54,95.54,95.54,50.0,0.0,1.0,15.0,14.4,2.78,0.0,0,0.33
mbti,gemma-2-9b-it,ISFJ,memory,crash,123,0.95,gemma-2-9b-it|ISFJ|memory|crash|123|0.95,1,1.0,HOLD,95.54,95.54,95.54,50.0,0.0,1.0,15.0,14.4,2.78,0.0,0,0.33
mbti,gemma-2-9b-it,ISFJ,static,crash,123,0.95,gemma-2-9b-it|ISFJ|static|crash|123|0.95,1,1.0,HOLD,95.54,95.54,95.54,50.0,0.0,1.0,15.0,14.4,2.78,0.0,0,0.33
mbti,gemma-2-9b-it,ENTJ,memory,crash,42,0.95,gemma-2-9b-it|ENTJ|memory|crash|42|0.95,1,1.0,HOLD,95.77,95.77,95.77,50.0,0.0,1.0,15.0,14.3,2.79,0.0,0,0.1
mbti,gemma-2-9b-it,ENTJ,static,crash,42,0.95,gemma-2-9b-it|ENTJ|static|crash|42|0.95,1,1.0,HOLD,95.77,95.77,95.77,50.0,0.0,1.0,15.0,14.3,2.79,0.0,0,0.1
mbti,gemma-2-9b-it,INTJ,memory,crash,42,0.95,gemma-2-9b-it|INTJ|memory|crash|42|0.95,1,1.0,HOLD,95.77,95.77,95.77,50.0,0.0,1.0,15.0,14.3,2.79,0.0,0,0.1
mbti,gemma-2-9b-it,INTJ,static,crash,42,0.95,gemma-2-9b-it|INTJ|static|crash|42|0.95,1,1.0,HOLD,95.77,95.77,95.77,50.0,0.0,1.0,15.0,14.3,2.79,0.0,0,0.1
mbti,gemma-2-9b-it,ISFJ,memory,crash,42,0.95,gemma-2-9b-it|ISFJ|memory|crash|42|0.95,1,1.0,HOLD,95.77,95.77,95.77,50.0,0.0,1.0,15.0,14.3,2.79,0.0,0,0.1
mbti,gemma-2-9b-it,ISFJ,static,crash,42,0.95,gemma-2-9b-it|ISFJ|static|crash|42|0.95,1,1.0,HOLD,95.77,95.77,95.77,50.0,0.0,1.0,15.0,14.3,2.79,0.0,0,0.1
mbti,gemma-2-9b-it,ENTJ,memory,crash,456,0.95,gemma-2-9b-it|ENTJ|memory|crash|456|0.95,1,1.0,HOLD,95.45,95.45,95.45,50.0,0.0,1.0,15.0,14.4,2.78,0.0,0,0.06
mbti,gemma-2-9b-it,ENTJ,static,crash,456,0.95,gemma-2-9b-it|ENTJ|static|crash|456|0.95,1,1.0,HOLD,95.45,95.45,95.45,50.0,0.0,1.0,15.0,14.4,2.78,0.0,0,0.06
mbti,gemma-2-9b-it,INTJ,memory,crash,456,0.95,gemma-2-9b-it|INTJ|memory|crash|456|0.95,1,1.0,HOLD,95.45,95.45,95.45,50.0,0.0,1.0,15.0,14.4,2.78,0.0,0,0.06
mbti,gemma-2-9b-it,INTJ,static,crash,456,0.95,gemma-2-9b-it|INTJ|static|crash|456|0.95,1,1.0,HOLD,95.45,95.45,95.45,50.0,0.0,1.0,15.0,14.4,2.78,0.0,0,0.06
mbti,gemma-2-9b-it,ISFJ,memory,crash,456,0.95,gemma-2-9b-it|ISFJ|memory|crash|456|0.95,1,1.0,HOLD,95.45,95.45,95.45,50.0,0.0,1.0,15.0,14.4,2.78,0.0,0,0.06
mbti,gemma-2-9b-it,ISFJ,static,crash,456,0.95,gemma-2-9b-it|ISFJ|static|crash|456|0.95,1,1.0,HOLD,95.45,95.45,95.45,50.0,0.0,1.0,15.0,14.4,2.78,0.0,0,0.06
mbti,gemma-2-9b-it,ENTJ,memory,crash,789,0.95,gemma-2-9b-it|ENTJ|memory|crash|789|0.95,1,1.0,HOLD,93.64,93.64,93.64,50.0,0.0,1.0,15.0,14.1,2.83,0.0,0,0.15
mbti,gemma-2-9b-it,ENTJ,static,crash,789,0.95,gemma-2-9b-it|ENTJ|static|crash|789|0.95,1,1.0,HOLD,93.64,93.64,93.64,50.0,0.0,1.0,15.0,14.1,2.83,0.0,0,0.15
mbti,gemma-2-9b-it,INTJ,memory,crash,789,0.95,gemma-2-9b-it|INTJ|memory|crash|789|0.95,1,1.0,HOLD,93.64,93.64,93.64,50.0,0.0,1.0,15.0,14.1,2.83,0.0,0,0.15
mbti,gemma-2-9b-it,INTJ,static,crash,789,0.95,gemma-2-9b-it|INTJ|static|crash|789|0.95,1,1.0,HOLD,93.64,93.64,93.64,50.0,0.0,1.0,15.0,14.1,2.83,0.0,0,0.15
mbti,gemma-2-9b-it,ISFJ,memory,crash,789,0.95,gemma-2-9b-it|ISFJ|memory|crash|789|0.95,1,1.0,HOLD,93.64,93.64,93.64,50.0,0.0,1.0,15.0,14.1,2.83,0.0,0,0.15
mbti,gemma-2-9b-it,ISFJ,static,crash,789,0.95,gemma-2-9b-it|ISFJ|static|crash|789|0.95,1,1.0,HOLD,93.64,93.64,93.64,50.0,0.0,1.0,15.0,14.1,2.83,0.0,0,0.15
mbti,gemma-2-9b-it,ENTJ,memory,crash,999,0.95,gemma-2-9b-it|ENTJ|memory|crash|999|0.95,1,1.0,HOLD,90.3,90.3,90.3,50.0,0.0,1.0,15.0,13.5,2.95,0.0,0,-0.01
mbti,gemma-2-9b-it,ENTJ,static,crash,999,0.95,gemma-2-9b-it|ENTJ|static|crash|999|0.95,1,1.0,HOLD,90.3,90.3,90.3,50.0,0.0,1.0,15.0,13.5,2.95,0.0,0,-0.01
mbti,gemma-2-9b-it,INTJ,memory,crash,999,0.95,gemma-2-9b-it|INTJ|memory|crash|999|0.95,1,1.0,HOLD,90.3,90.3,90.3,50.0,0.0,1.0,15.0,13.5,2.95,0.0,0,-0.01
mbti,gemma-2-9b-it,INTJ,static,crash,999,0.95,gemma-2-9b-it|INTJ|static|crash|999|0.95,1,1.0,HOLD,90.3,90.3,90.3,50.0,0.0,1.0,15.0,13.5,2.95,0.0,0,-0.01
mbti,gemma-2-9b-it,ISFJ,memory,crash,999,0.95,gemma-2-9b-it|ISFJ|memory|crash|999|0.95,1,1.0,HOLD,90.3,90.3,90.3,50.0,0.0,1.0,15.0,13.5,2.95,0.0,0,-0.01
mbti,gemma-2-9b-it,ISFJ,static,crash,999,0.95,gemma-2-9b-it|ISFJ|static|crash|999|0.95,1,1.0,HOLD,90.3,90.3,90.3,50.0,0.0,1.0,15.0,13.5,2.95,0.0,0,-0.01
mbti,gemma-2-9b-it,ENTJ,memory,flat,123,,gemma-2-9b-it|ENTJ|memory|flat|123|,1,1.0,HOLD,99.92,99.92,99.92,50.0,0.0,1.0,15.0,15.0,2.67,0.0,0,-0.04
mbti,gemma-2-9b-it,ENTJ,static,flat,123,,gemma-2-9b-it|ENTJ|static|flat|123|,1,1.0,HOLD,99.92,99.92,99.92,50.0,0.0,1.0,15.0,15.0,2.67,0.0,0,-0.04
mbti,gemma-2-9b-it,INTJ,memory,flat,123,,gemma-2-9b-it|INTJ|memory|flat|123|,1,1.0,HOLD,99.92,99.92,99.92,50.0,0.0,1.0,15.0,15.0,2.67,0.0,0,-0.04
mbti,gemma-2-9b-it,INTJ,static,flat,123,,gemma-2-9b-it|INTJ|static|flat|123|,1,1.0,HOLD,99.92,99.92,99.92,50.0,0.0,1.0,15.0,15.0,2.67,0.0,0,-0.04
mbti,gemma-2-9b-it,ISFJ,memory,flat,123,,gemma-2-9b-it|ISFJ|memory|flat|123|,1,1.0,HOLD,99.92,99.92,99.92,50.0,0.0,1.0,15.0,15.0,2.67,0.0,0,-0.04
mbti,gemma-2-9b-it,ISFJ,static,flat,123,,gemma-2-9b-it|ISFJ|static|flat|123|,1,1.0,HOLD,99.92,99.92,99.92,50.0,0.0,1.0,15.0,15.0,2.67,0.0,0,-0.04
mbti,gemma-2-9b-it,ENTJ,memory,flat,42,,gemma-2-9b-it|ENTJ|memory|flat|42|,1,1.0,HOLD,99.94,99.94,99.94,50.0,0.0,1.0,15.0,15.0,2.67,0.0,0,-0.17
mbti,gemma-2-9b-it,ENTJ,static,flat,42,,gemma-2-9b-it|ENTJ|static|flat|42|,1,1.0,HOLD,99.94,99.94,99.94,50.0,0.0,1.0,15.0,15.0,2.67,0.0,0,-0.17
mbti,gemma-2-9b-it,INTJ,memory,flat,42,,gemma-2-9b-it|INTJ|memory|flat|42|,1,1.0,HOLD,99.94,99.94,99.94,50.0,0.0,1.0,15.0,15.0,2.67,0.0,0,-0.17
mbti,gemma-2-9b-it,INTJ,static,flat,42,,gemma-2-9b-it|INTJ|static|flat|42|,1,1.0,HOLD,99.94,99.94,99.94,50.0,0.0,1.0,15.0,15.0,2.67,0.0,0,-0.17
mbti,gemma-2-9b-it,ISFJ,memory,flat,42,,gemma-2-9b-it|ISFJ|memory|flat|42|,1,1.0,HOLD,99.94,99.94,99.94,50.0,0.0,1.0,15.0,15.0,2.67,0.0,0,-0.17
mbti,gemma-2-9b-it,ISFJ,static,flat,42,,gemma-2-9b-it|ISFJ|static|flat|42|,1,1.0,HOLD,99.94,99.94,99.94,50.0,0.0,1.0,15.0,15.0,2.67,0.0,0,-0.17
mbti,gemma-2-9b-it,ENTJ,memory,flat,456,,gemma-2-9b-it|ENTJ|memory|flat|456|,1,1.0,HOLD,100.25,100.25,100.25,50.0,0.0,1.0,15.0,15.0,2.66,0.0,0,-0.39
mbti,gemma-2-9b-it,ENTJ,static,flat,456,,gemma-2-9b-it|ENTJ|static|flat|456|,1,1.0,HOLD,100.25,100.25,100.25,50.0,0.0,1.0,15.0,15.0,2.66,0.0,0,-0.39
mbti,gemma-2-9b-it,INTJ,memory,flat,456,,gemma-2-9b-it|INTJ|memory|flat|456|,1,1.0,HOLD,100.25,100.25,100.25,50.0,0.0,1.0,15.0,15.0,2.66,0.0,0,-0.39
mbti,gemma-2-9b-it,INTJ,static,flat,456,,gemma-2-9b-it|INTJ|static|flat|456|,1,1.0,HOLD,100.25,100.25,100.25,50.0,0.0,1.0,15.0,15.0,2.66,0.0,0,-0.39
mbti,gemma-2-9b-it,ISFJ,memory,flat,456,,gemma-2-9b-it|ISFJ|memory|flat|456|,1,1.0,HOLD,100.25,100.25,100.25,50.0,0.0,1.0,15.0,15.0,2.66,0.0,0,-0.39
mbti,gemma-2-9b-it,ISFJ,static,flat,456,,gemma-2-9b-it|ISFJ|static|flat|456|,1,1.0,HOLD,100.25,100.25,100.25,50.0,0.0,1.0,15.0,15.0,2.66,0.0,0,-0.39
mbti,gemma-2-9b-it,ENTJ,memory,flat,789,,gemma-2-9b-it|ENTJ|memory|flat|789|,1,1.0,HOLD,100.19,100.19,100.19,50.0,0.0,1.0,15.0,15.0,2.66,0.0,0,0.26
mbti,gemma-2-9b-it,ENTJ,static,flat,789,,gemma-2-9b-it|ENTJ|static|flat|789|,1,1.0,HOLD,100.19,100.19,100.19,50.0,0.0,1.0,15.0,15.0,2.66,0.0,0,0.26
mbti,gemma-2-9b-it,INTJ,memory,flat,789,,gemma-2-9b-it|INTJ|memory|flat|789|,1,1.0,HOLD,100.19,100.19,100.19,50.0,0.0,1.0,15.0,15.0,2.66,0.0,0,0.26
mbti,gemma-2-9b-it,INTJ,static,flat,789,,gemma-2-9b-it|INTJ|static|flat|789|,1,1.0,HOLD,100.19,100.19,100.19,50.0,0.0,1.0,15.0,15.0,2.66,0.0,0,0.26
mbti,gemma-2-9b-it,ISFJ,memory,flat,789,,gemma-2-9b-it|ISFJ|memory|flat|789|,1,1.0,HOLD,100.19,100.19,100.19,50.0,0.0,1.0,15.0,15.0,2.66,0.0,0,0.26
mbti,gemma-2-9b-it,ISFJ,static,flat,789,,gemma-2-9b-it|ISFJ|static|flat|789|,1,1.0,HOLD,100.19,100.19,100.19,50.0,0.0,1.0,15.0,15.0,2.66,0.0,0,0.26
mbti,gemma-2-9b-it,ENTJ,memory,flat,999,,gemma-2-9b-it|ENTJ|memory|flat|999|,1,1.0,HOLD,100.38,100.38,100.38,50.0,0.0,1.0,15.0,15.1,2.66,0.0,0,0.08
mbti,gemma-2-9b-it,ENTJ,static,flat,999,,gemma-2-9b-it|ENTJ|static|flat|999|,1,1.0,HOLD,100.38,100.38,100.38,50.0,0.0,1.0,15.0,15.1,2.66,0.0,0,0.08
mbti,gemma-2-9b-it,INTJ,memory,flat,999,,gemma-2-9b-it|INTJ|memory|flat|999|,1,1.0,HOLD,100.38,100.38,100.38,50.0,0.0,1.0,15.0,15.1,2.66,0.0,0,0.08
mbti,gemma-2-9b-it,INTJ,static,flat,999,,gemma-2-9b-it|INTJ|static|flat|999|,1,1.0,HOLD,100.38,100.38,100.38,50.0,0.0,1.0,15.0,15.1,2.66,0.0,0,0.08
mbti,gemma-2-9b-it,ISFJ,memory,flat,999,,gemma-2-9b-it|ISFJ|memory|flat|999|,1,1.0,HOLD,100.38,100.38,100.38,50.0,0.0,1.0,15.0,15.1,2.66,0.0,0,0.08
mbti,gemma-2-9b-it,ISFJ,static,flat,999,,gemma-2-9b-it|ISFJ|static|flat|999|,1,1.0,HOLD,100.38,100.38,100.38,50.0,0.0,1.0,15.0,15.1,2.66,0.0,0,0.08
mbti,gemma-3-4b-it,ENTJ,memory,bull_trap,123,,gemma-3-4b-it|ENTJ|memory|bull_trap|123|,1,0.7,BUY,99.72,99.72,99.72,50.0,0.0,1.0,15.0,15.1,2.65,0.0,0,0.33
mbti,gemma-3-4b-it,ENTJ,static,bull_trap,123,,gemma-3-4b-it|ENTJ|static|bull_trap|123|,1,0.8,BUY,99.72,99.72,99.72,50.0,0.0,1.0,15.0,15.1,2.65,0.0,0,0.33
mbti,gemma-3-4b-it,INTJ,memory,bull_trap,123,,gemma-3-4b-it|INTJ|memory|bull_trap|123|,1,0.8,BUY,99.72,99.72,99.72,50.0,0.0,1.0,15.0,15.1,2.65,0.0,0,0.33
mbti,gemma-3-4b-it,INTJ,static,bull_trap,123,,gemma-3-4b-it|INTJ|static|bull_trap|123|,1,1.0,HOLD,99.72,99.72,99.72,50.0,0.0,1.0,15.0,15.1,2.65,0.0,0,0.33
mbti,gemma-3-4b-it,ISFJ,memory,bull_trap,123,,gemma-3-4b-it|ISFJ|memory|bull_trap|123|,1,1.0,HOLD,99.72,99.72,99.72,50.0,0.0,1.0,15.0,15.1,2.65,0.0,0,0.33
mbti,gemma-3-4b-it,ISFJ,static,bull_trap,123,,gemma-3-4b-it|ISFJ|static|bull_trap|123|,1,1.0,HOLD,99.72,99.72,99.72,50.0,0.0,1.0,15.0,15.1,2.65,0.0,0,0.33
mbti,gemma-3-4b-it,ENTJ,memory,bull_trap,42,,gemma-3-4b-it|ENTJ|memory|bull_trap|42|,1,0.7,BUY,100.96,100.96,100.96,50.0,0.0,1.0,15.0,15.1,2.66,0.0,0,0.1
mbti,gemma-3-4b-it,ENTJ,static,bull_trap,42,,gemma-3-4b-it|ENTJ|static|bull_trap|42|,1,0.8,BUY,100.96,100.96,100.96,50.0,0.0,1.0,15.0,15.1,2.66,0.0,0,0.1
mbti,gemma-3-4b-it,INTJ,memory,bull_trap,42,,gemma-3-4b-it|INTJ|memory|bull_trap|42|,1,1.0,HOLD,100.96,100.96,100.96,50.0,0.0,1.0,15.0,15.1,2.66,0.0,0,0.1
mbti,gemma-3-4b-it,INTJ,static,bull_trap,42,,gemma-3-4b-it|INTJ|static|bull_trap|42|,1,1.0,HOLD,100.96,100.96,100.96,50.0,0.0,1.0,15.0,15.1,2.66,0.0,0,0.1
mbti,gemma-3-4b-it,ISFJ,memory,bull_trap,42,,gemma-3-4b-it|ISFJ|memory|bull_trap|42|,1,1.0,HOLD,100.96,100.96,100.96,50.0,0.0,1.0,15.0,15.1,2.66,0.0,0,0.1
mbti,gemma-3-4b-it,ISFJ,static,bull_trap,42,,gemma-3-4b-it|ISFJ|static|bull_trap|42|,1,1.0,HOLD,100.96,100.96,100.96,50.0,0.0,1.0,15.0,15.1,2.66,0.0,0,0.1
mbti,gemma-3-4b-it,ENTJ,memory,bull_trap,456,,gemma-3-4b-it|ENTJ|memory|bull_trap|456|,1,0.7,BUY,99.94,99.94,99.94,50.0,0.0,1.0,15.0,15.1,2.65,0.0,0,0.06
mbti,gemma-3-4b-it,ENTJ,static,bull_trap,456,,gemma-3-4b-it|ENTJ|static|bull_trap|456|,1,0.8,BUY,99.94,99.94,99.94,50.0,0.0,1.0,15.0,15.1,2.65,0.0,0,0.06
mbti,gemma-3-4b-it,INTJ,memory,bull_trap,456,,gemma-3-4b-it|INTJ|memory|bull_trap|456|,1,0.8,BUY,99.94,99.94,99.94,50.0,0.0,1.0,15.0,15.1,2.65,0.0,0,0.06
mbti,gemma-3-4b-it,INTJ,static,bull_trap,456,,gemma-3-4b-it|INTJ|static|bull_trap|456|,1,1.0,HOLD,99.94,99.94,99.94,50.0,0.0,1.0,15.0,15.1,2.65,0.0,0,0.06
mbti,gemma-3-4b-it,ISFJ,memory,bull_trap,456,,gemma-3-4b-it|ISFJ|memory|bull_trap|456|,1,1.0,HOLD,99.94,99.94,99.94,50.0,0.0,1.0,15.0,15.1,2.65,0.0,0,0.06
mbti,gemma-3-4b-it,ISFJ,static,bull_trap,456,,gemma-3-4b-it|ISFJ|static|bull_trap|456|,1,1.0,HOLD,99.94,99.94,99.94,50.0,0.0,1.0,15.0,15.1,2.65,0.0,0,0.06
mbti,gemma-3-4b-it,ENTJ,memory,bull_trap,789,,gemma-3-4b-it|ENTJ|memory|bull_trap|789|,1,0.7,BUY,98.44,98.44,98.44,50.0,0.0,1.0,15.0,14.9,2.68,0.0,0,0.15
mbti,gemma-3-4b-it,ENTJ,static,bull_trap,789,,gemma-3-4b-it|ENTJ|static|bull_trap|789|,1,0.7,BUY,98.44,98.44,98.44,50.0,0.0,1.0,15.0,14.9,2.68,0.0,0,0.15
mbti,gemma-3-4b-it,INTJ,memory,bull_trap,789,,gemma-3-4b-it|INTJ|memory|bull_trap|789|,1,0.8,BUY,98.44,98.44,98.44,50.0,0.0,1.0,15.0,14.9,2.68,0.0,0,0.15
mbti,gemma-3-4b-it,INTJ,static,bull_trap,789,,gemma-3-4b-it|INTJ|static|bull_trap|789|,1,1.0,HOLD,98.44,98.44,98.44,50.0,0.0,1.0,15.0,14.9,2.68,0.0,0,0.15
mbti,gemma-3-4b-it,ISFJ,memory,bull_trap,789,,gemma-3-4b-it|ISFJ|memory|bull_trap|789|,1,1.0,HOLD,98.44,98.44,98.44,50.0,0.0,1.0,15.0,14.9,2.68,0.0,0,0.15
mbti,gemma-3-4b-it,ISFJ,static,bull_trap,789,,gemma-3-4b-it|ISFJ|static|bull_trap|789|,1,1.0,HOLD,98.44,98.44,98.44,50.0,0.0,1.0,15.0,14.9,2.68,0.0,0,0.15
mbti,gemma-3-4b-it,ENTJ,memory,bull_trap,999,,gemma-3-4b-it|ENTJ|memory|bull_trap|999|,1,0.7,BUY,97.06,97.06,97.06,50.0,0.0,1.0,15.0,14.5,2.75,0.0,0,-0.01
mbti,gemma-3-4b-it,ENTJ,static,bull_trap,999,,gemma-3-4b-it|ENTJ|static|bull_trap|999|,1,1.0,HOLD,97.06,97.06,97.06,50.0,0.0,1.0,15.0,14.5,2.75,0.0,0,-0.01
mbti,gemma-3-4b-it,INTJ,memory,bull_trap,999,,gemma-3-4b-it|INTJ|memory|bull_trap|999|,1,1.0,HOLD,97.06,97.06,97.06,50.0,0.0,1.0,15.0,14.5,2.75,0.0,0,-0.01
mbti,gemma-3-4b-it,INTJ,static,bull_trap,999,,gemma-3-4b-it|INTJ|static|bull_trap|999|,1,1.0,HOLD,97.06,97.06,97.06,50.0,0.0,1.0,15.0,14.5,2.75,0.0,0,-0.01
mbti,gemma-3-4b-it,ISFJ,memory,bull_trap,999,,gemma-3-4b-it|ISFJ|memory|bull_trap|999|,1,1.0,HOLD,97.06,97.06,97.06,50.0,0.0,1.0,15.0,14.5,2.75,0.0,0,-0.01
mbti,gemma-3-4b-it,ISFJ,static,bull_trap,999,,gemma-3-4b-it|ISFJ|static|bull_trap|999|,1,1.0,HOLD,97.06,97.06,97.06,50.0,0.0,1.0,15.0,14.5,2.75,0.0,0,-0.01
mbti,gemma-3-4b-it,ENTJ,memory,crash,123,0.85,gemma-3-4b-it|ENTJ|memory|crash|123|0.85,1,0.7,BUY,85.59,85.59,85.59,50.0,0.0,1.0,15.0,12.9,3.1,0.0,0,0.33
mbti,gemma-3-4b-it,ENTJ,static,crash,123,0.85,gemma-3-4b-it|ENTJ|static|crash|123|0.85,1,0.7,BUY,85.59,85.59,85.59,50.0,0.0,1.0,15.0,12.9,3.1,0.0,0,0.33
mbti,gemma-3-4b-it,INTJ,memory,crash,123,0.85,gemma-3-4b-it|INTJ|memory|crash|123|0.85,1,0.8,BUY,85.59,85.59,85.59,50.0,0.0,1.0,15.0,12.9,3.1,0.0,0,0.33
mbti,gemma-3-4b-it,INTJ,static,crash,123,0.85,gemma-3-4b-it|INTJ|static|crash|123|0.85,1,1.0,HOLD,85.59,85.59,85.59,50.0,0.0,1.0,15.0,12.9,3.1,0.0,0,0.33
mbti,gemma-3-4b-it,ISFJ,memory,crash,123,0.85,gemma-3-4b-it|ISFJ|memory|crash|123|0.85,1,1.0,HOLD,85.59,85.59,85.59,50.0,0.0,1.0,15.0,12.9,3.1,0.0,0,0.33
mbti,gemma-3-4b-it,ISFJ,static,crash,123,0.85,gemma-3-4b-it|ISFJ|static|crash|123|0.85,1,1.0,HOLD,85.59,85.59,85.59,50.0,0.0,1.0,15.0,12.9,3.1,0.0,0,0.33
mbti,gemma-3-4b-it,ENTJ,memory,crash,42,0.85,gemma-3-4b-it|ENTJ|memory|crash|42|0.85,1,0.7,BUY,85.75,85.75,85.75,50.0,0.0,1.0,15.0,12.8,3.12,0.0,0,0.1
mbti,gemma-3-4b-it,ENTJ,static,crash,42,0.85,gemma-3-4b-it|ENTJ|static|crash|42|0.85,1,0.7,BUY,85.75,85.75,85.75,50.0,0.0,1.0,15.0,12.8,3.12,0.0,0,0.1
mbti,gemma-3-4b-it,INTJ,memory,crash,42,0.85,gemma-3-4b-it|INTJ|memory|crash|42|0.85,1,0.8,BUY,85.75,85.75,85.75,50.0,0.0,1.0,15.0,12.8,3.12,0.0,0,0.1
mbti,gemma-3-4b-it,INTJ,static,crash,42,0.85,gemma-3-4b-it|INTJ|static|crash|42|0.85,1,1.0,HOLD,85.75,85.75,85.75,50.0,0.0,1.0,15.0,12.8,3.12,0.0,0,0.1
mbti,gemma-3-4b-it,ISFJ,memory,crash,42,0.85,gemma-3-4b-it|ISFJ|memory|crash|42|0.85,1,1.0,HOLD,85.75,85.75,85.75,50.0,0.0,1.0,15.0,12.8,3.12,0.0,0,0.1
mbti,gemma-3-4b-it,ISFJ,static,crash,42,0.85,gemma-3-4b-it|ISFJ|static|crash|42|0.85,1,1.0,HOLD,85.75,85.75,85.75,50.0,0.0,1.0,15.0,12.8,3.12,0.0,0,0.1
mbti,gemma-3-4b-it,ENTJ,memory,crash,456,0.85,gemma-3-4b-it|ENTJ|memory|crash|456|0.85,1,0.7,BUY,85.48,85.48,85.48,50.0,0.0,1.0,15.0,12.9,3.11,0.0,0,0.06
mbti,gemma-3-4b-it,ENTJ,static,crash,456,0.85,gemma-3-4b-it|ENTJ|static|crash|456|0.85,1,0.7,BUY,85.48,85.48,85.48,50.0,0.0,1.0,15.0,12.9,3.11,0.0,0,0.06
mbti,gemma-3-4b-it,ISFJ,memory,crash,456,0.85,gemma-3-4b-it|ISFJ|memory|crash|456|0.85,1,1.0,HOLD,85.48,85.48,85.48,50.0,0.0,1.0,15.0,12.9,3.11,0.0,0,0.06
mbti,gemma-3-4b-it,ISFJ,static,crash,456,0.85,gemma-3-4b-it|ISFJ|static|crash|456|0.85,1,1.0,HOLD,85.48,85.48,85.48,50.0,0.0,1.0,15.0,12.9,3.11,0.0,0,0.06
mbti,gemma-3-4b-it,ENTJ,memory,crash,123,0.92,gemma-3-4b-it|ENTJ|memory|crash|123|0.92,1,0.7,BUY,92.56,92.56,92.56,50.0,0.0,1.0,15.0,14.0,2.87,0.0,0,0.33
mbti,gemma-3-4b-it,ENTJ,static,crash,123,0.92,gemma-3-4b-it|ENTJ|static|crash|123|0.92,1,0.7,BUY,92.56,92.56,92.56,50.0,0.0,1.0,15.0,14.0,2.87,0.0,0,0.33
mbti,gemma-3-4b-it,INTJ,memory,crash,123,0.92,gemma-3-4b-it|INTJ|memory|crash|123|0.92,1,0.8,BUY,92.56,92.56,92.56,50.0,0.0,1.0,15.0,14.0,2.87,0.0,0,0.33
mbti,gemma-3-4b-it,INTJ,static,crash,123,0.92,gemma-3-4b-it|INTJ|static|crash|123|0.92,1,1.0,HOLD,92.56,92.56,92.56,50.0,0.0,1.0,15.0,14.0,2.87,0.0,0,0.33
mbti,gemma-3-4b-it,ISFJ,memory,crash,123,0.92,gemma-3-4b-it|ISFJ|memory|crash|123|0.92,1,1.0,HOLD,92.56,92.56,92.56,50.0,0.0,1.0,15.0,14.0,2.87,0.0,0,0.33
mbti,gemma-3-4b-it,ISFJ,static,crash,123,0.92,gemma-3-4b-it|ISFJ|static|crash|123|0.92,1,1.0,HOLD,92.56,92.56,92.56,50.0,0.0,1.0,15.0,14.0,2.87,0.0,0,0.33
mbti,gemma-3-4b-it,ENTJ,memory,crash,42,0.92,gemma-3-4b-it|ENTJ|memory|crash|42|0.92,1,0.7,BUY,92.77,92.77,92.77,50.0,0.0,1.0,15.0,13.9,2.88,0.0,0,0.1
mbti,gemma-3-4b-it,ENTJ,static,crash,42,0.92,gemma-3-4b-it|ENTJ|static|crash|42|0.92,1,0.7,BUY,92.77,92.77,92.77,50.0,0.0,1.0,15.0,13.9,2.88,0.0,0,0.1
mbti,gemma-3-4b-it,INTJ,memory,crash,42,0.92,gemma-3-4b-it|INTJ|memory|crash|42|0.92,1,0.8,BUY,92.77,92.77,92.77,50.0,0.0,1.0,15.0,13.9,2.88,0.0,0,0.1
mbti,gemma-3-4b-it,INTJ,static,crash,42,0.92,gemma-3-4b-it|INTJ|static|crash|42|0.92,1,1.0,HOLD,92.77,92.77,92.77,50.0,0.0,1.0,15.0,13.9,2.88,0.0,0,0.1
mbti,gemma-3-4b-it,ISFJ,memory,crash,42,0.92,gemma-3-4b-it|ISFJ|memory|crash|42|0.92,1,1.0,HOLD,92.77,92.77,92.77,50.0,0.0,1.0,15.0,13.9,2.88,0.0,0,0.1
mbti,gemma-3-4b-it,ISFJ,static,crash,42,0.92,gemma-3-4b-it|ISFJ|static|crash|42|0.92,1,1.0,HOLD,92.77,92.77,92.77,50.0,0.0,1.0,15.0,13.9,2.88,0.0,0,0.1
mbti,gemma-3-4b-it,ENTJ,memory,crash,456,0.92,gemma-3-4b-it|ENTJ|memory|crash|456|0.92,1,0.5,BUY,92.46,92.46,92.46,50.0,0.0,1.0,15.0,13.9,2.87,0.0,0,0.06
mbti,gemma-3-4b-it,ENTJ,static,crash,456,0.92,gemma-3-4b-it|ENTJ|static|crash|456|0.92,1,0.7,BUY,92.46,92.46,92.46,50.0,0.0,1.0,15.0,13.9,2.87,0.0,0,0.06
mbti,gemma-3-4b-it,ISFJ,memory,crash,456,0.92,gemma-3-4b-it|ISFJ|memory|crash|456|0.92,1,1.0,HOLD,92.46,92.46,92.46,50.0,0.0,1.0,15.0,13.9,2.87,0.0,0,0.06
mbti,gemma-3-4b-it,ISFJ,static,crash,456,0.92,gemma-3-4b-it|ISFJ|static|crash|456|0.92,1,1.0,HOLD,92.46,92.46,92.46,50.0,0.0,1.0,15.0,13.9,2.87,0.0,0,0.06
mbti,gemma-3-4b-it,ENTJ,memory,crash,123,0.95,gemma-3-4b-it|ENTJ|memory|crash|123|0.95,1,0.7,BUY,95.54,95.54,95.54,50.0,0.0,1.0,15.0,14.4,2.78,0.0,0,0.33
mbti,gemma-3-4b-it,ENTJ,static,crash,123,0.95,gemma-3-4b-it|ENTJ|static|crash|123|0.95,1,0.7,BUY,95.54,95.54,95.54,50.0,0.0,1.0,15.0,14.4,2.78,0.0,0,0.33
mbti,gemma-3-4b-it,INTJ,memory,crash,123,0.95,gemma-3-4b-it|INTJ|memory|crash|123|0.95,1,0.8,BUY,95.54,95.54,95.54,50.0,0.0,1.0,15.0,14.4,2.78,0.0,0,0.33
mbti,gemma-3-4b-it,INTJ,static,crash,123,0.95,gemma-3-4b-it|INTJ|static|crash|123|0.95,1,1.0,HOLD,95.54,95.54,95.54,50.0,0.0,1.0,15.0,14.4,2.78,0.0,0,0.33
mbti,gemma-3-4b-it,ISFJ,memory,crash,123,0.95,gemma-3-4b-it|ISFJ|memory|crash|123|0.95,1,1.0,HOLD,95.54,95.54,95.54,50.0,0.0,1.0,15.0,14.4,2.78,0.0,0,0.33
mbti,gemma-3-4b-it,ISFJ,static,crash,123,0.95,gemma-3-4b-it|ISFJ|static|crash|123|0.95,1,1.0,HOLD,95.54,95.54,95.54,50.0,0.0,1.0,15.0,14.4,2.78,0.0,0,0.33
mbti,gemma-3-4b-it,ENTJ,memory,crash,42,0.95,gemma-3-4b-it|ENTJ|memory|crash|42|0.95,1,0.7,BUY,95.77,95.77,95.77,50.0,0.0,1.0,15.0,14.3,2.79,0.0,0,0.1
mbti,gemma-3-4b-it,ENTJ,static,crash,42,0.95,gemma-3-4b-it|ENTJ|static|crash|42|0.95,1,0.7,BUY,95.77,95.77,95.77,50.0,0.0,1.0,15.0,14.3,2.79,0.0,0,0.1
mbti,gemma-3-4b-it,INTJ,memory,crash,42,0.95,gemma-3-4b-it|INTJ|memory|crash|42|0.95,1,0.8,BUY,95.77,95.77,95.77,50.0,0.0,1.0,15.0,14.3,2.79,0.0,0,0.1
mbti,gemma-3-4b-it,INTJ,static,crash,42,0.95,gemma-3-4b-it|INTJ|static|crash|42|0.95,1,1.0,HOLD,95.77,95.77,95.77,50.0,0.0,1.0,15.0,14.3,2.79,0.0,0,0.1
mbti,gemma-3-4b-it,ISFJ,memory,crash,42,0.95,gemma-3-4b-it|ISFJ|memory|crash|42|0.95,1,1.0,HOLD,95.77,95.77,95.77,50.0,0.0,1.0,15.0,14.3,2.79,0.0,0,0.1
mbti,gemma-3-4b-it,ISFJ,static,crash,42,0.95,gemma-3-4b-it|ISFJ|static|crash|42|0.95,1,1.0,HOLD,95.77,95.77,95.77,50.0,0.0,1.0,15.0,14.3,2.79,0.0,0,0.1
mbti,gemma-3-4b-it,ENTJ,memory,crash,456,0.95,gemma-3-4b-it|ENTJ|memory|crash|456|0.95,1,0.7,BUY,95.45,95.45,95.45,50.0,0.0,1.0,15.0,14.4,2.78,0.0,0,0.06
mbti,gemma-3-4b-it,ENTJ,static,crash,456,0.95,gemma-3-4b-it|ENTJ|static|crash|456|0.95,1,1.0,HOLD,95.45,95.45,95.45,50.0,0.0,1.0,15.0,14.4,2.78,0.0,0,0.06
mbti,gemma-3-4b-it,ISFJ,memory,crash,456,0.95,gemma-3-4b-it|ISFJ|memory|crash|456|0.95,1,1.0,HOLD,95.45,95.45,95.45,50.0,0.0,1.0,15.0,14.4,2.78,0.0,0,0.06
mbti,gemma-3-4b-it,ISFJ,static,crash,456,0.95,gemma-3-4b-it|ISFJ|static|crash|456|0.95,1,1.0,HOLD,95.45,95.45,95.45,50.0,0.0,1.0,15.0,14.4,2.78,0.0,0,0.06
mbti,gemma-3-4b-it,ENTJ,memory,flat,123,,gemma-3-4b-it|ENTJ|memory|flat|123|,1,0.7,BUY,99.92,99.92,99.92,50.0,0.0,1.0,15.0,15.0,2.67,0.0,0,-0.04
mbti,gemma-3-4b-it,ENTJ,static,flat,123,,gemma-3-4b-it|ENTJ|static|flat|123|,1,0.7,BUY,99.92,99.92,99.92,50.0,0.0,1.0,15.0,15.0,2.67,0.0,0,-0.04
mbti,gemma-3-4b-it,INTJ,memory,flat,123,,gemma-3-4b-it|INTJ|memory|flat|123|,1,0.8,BUY,99.92,99.92,99.92,50.0,0.0,1.0,15.0,15.0,2.67,0.0,0,-0.04
mbti,gemma-3-4b-it,INTJ,static,flat,123,,gemma-3-4b-it|INTJ|static|flat|123|,1,1.0,HOLD,99.92,99.92,99.92,50.0,0.0,1.0,15.0,15.0,2.67,0.0,0,-0.04
mbti,gemma-3-4b-it,ISFJ,memory,flat,123,,gemma-3-4b-it|ISFJ|memory|flat|123|,1,1.0,HOLD,99.92,99.92,99.92,50.0,0.0,1.0,15.0,15.0,2.67,0.0,0,-0.04
mbti,gemma-3-4b-it,ISFJ,static,flat,123,,gemma-3-4b-it|ISFJ|static|flat|123|,1,1.0,HOLD,99.92,99.92,99.92,50.0,0.0,1.0,15.0,15.0,2.67,0.0,0,-0.04
mbti,gemma-3-4b-it,ENTJ,memory,flat,42,,gemma-3-4b-it|ENTJ|memory|flat|42|,1,0.7,BUY,99.94,99.94,99.94,50.0,0.0,1.0,15.0,15.0,2.67,0.0,0,-0.17
mbti,gemma-3-4b-it,ENTJ,static,flat,42,,gemma-3-4b-it|ENTJ|static|flat|42|,1,0.8,BUY,99.94,99.94,99.94,50.0,0.0,1.0,15.0,15.0,2.67,0.0,0,-0.17
mbti,gemma-3-4b-it,INTJ,memory,flat,42,,gemma-3-4b-it|INTJ|memory|flat|42|,1,0.8,BUY,99.94,99.94,99.94,50.0,0.0,1.0,15.0,15.0,2.67,0.0,0,-0.17
mbti,gemma-3-4b-it,INTJ,static,flat,42,,gemma-3-4b-it|INTJ|static|flat|42|,1,1.0,HOLD,99.94,99.94,99.94,50.0,0.0,1.0,15.0,15.0,2.67,0.0,0,-0.17
mbti,gemma-3-4b-it,ISFJ,memory,flat,42,,gemma-3-4b-it|ISFJ|memory|flat|42|,1,1.0,HOLD,99.94,99.94,99.94,50.0,0.0,1.0,15.0,15.0,2.67,0.0,0,-0.17
mbti,gemma-3-4b-it,ISFJ,static,flat,42,,gemma-3-4b-it|ISFJ|static|flat|42|,1,1.0,HOLD,99.94,99.94,99.94,50.0,0.0,1.0,15.0,15.0,2.67,0.0,0,-0.17
mbti,gemma-3-4b-it,ENTJ,memory,flat,456,,gemma-3-4b-it|ENTJ|memory|flat|456|,1,0.5,BUY,100.25,100.25,100.25,50.0,0.0,1.0,15.0,15.0,2.66,0.0,0,-0.39
mbti,gemma-3-4b-it,ENTJ,static,flat,456,,gemma-3-4b-it|ENTJ|static|flat|456|,1,0.7,BUY,100.25,100.25,100.25,50.0,0.0,1.0,15.0,15.0,2.66,0.0,0,-0.39
mbti,gemma-3-4b-it,INTJ,memory,flat,456,,gemma-3-4b-it|INTJ|memory|flat|456|,1,0.8,BUY,100.25,100.25,100.25,50.0,0.0,1.0,15.0,15.0,2.66,0.0,0,-0.39
mbti,gemma-3-4b-it,INTJ,static,flat,456,,gemma-3-4b-it|INTJ|static|flat|456|,1,1.0,HOLD,100.25,100.25,100.25,50.0,0.0,1.0,15.0,15.0,2.66,0.0,0,-0.39
mbti,gemma-3-4b-it,ISFJ,memory,flat,456,,gemma-3-4b-it|ISFJ|memory|flat|456|,1,1.0,HOLD,100.25,100.25,100.25,50.0,0.0,1.0,15.0,15.0,2.66,0.0,0,-0.39
mbti,gemma-3-4b-it,ISFJ,static,flat,456,,gemma-3-4b-it|ISFJ|static|flat|456|,1,1.0,HOLD,100.25,100.25,100.25,50.0,0.0,1.0,15.0,15.0,2.66,0.0,0,-0.39
mbti,gemma-3-4b-it,ENTJ,memory,flat,789,,gemma-3-4b-it|ENTJ|memory|flat|789|,1,0.5,BUY,100.19,100.19,100.19,50.0,0.0,1.0,15.0,15.0,2.66,0.0,0,0.26
mbti,gemma-3-4b-it,ENTJ,static,flat,789,,gemma-3-4b-it|ENTJ|static|flat|789|,1,0.8,BUY,100.19,100.19,100.19,50.0,0.0,1.0,15.0,15.0,2.66,0.0,0,0.26
mbti,gemma-3-4b-it,INTJ,memory,flat,789,,gemma-3-4b-it|INTJ|memory|flat|789|,1,1.0,HOLD,100.19,100.19,100.19,50.0,0.0,1.0,15.0,15.0,2.66,0.0,0,0.26
mbti,gemma-3-4b-it,INTJ,static,flat,789,,gemma-3-4b-it|INTJ|static|flat|789|,1,1.0,HOLD,100.19,100.19,100.19,50.0,0.0,1.0,15.0,15.0,2.66,0.0,0,0.26
mbti,gemma-3-4b-it,ISFJ,memory,flat,789,,gemma-3-4b-it|ISFJ|memory|flat|789|,1,1.0,HOLD,100.19,100.19,100.19,50.0,0.0,1.0,15.0,15.0,2.66,0.0,0,0.26
mbti,gemma-3-4b-it,ISFJ,static,flat,789,,gemma-3-4b-it|ISFJ|static|flat|789|,1,1.0,HOLD,100.19,100.19,100.19,50.0,0.0,1.0,15.0,15.0,2.66,0.0,0,0.26
mbti,gemma-3-4b-it,ENTJ,memory,flat,999,,gemma-3-4b-it|ENTJ|memory|flat|999|,1,0.5,BUY,100.38,100.38,100.38,50.0,0.0,1.0,15.0,15.1,2.66,0.0,0,0.08
mbti,gemma-3-4b-it,ENTJ,static,flat,999,,gemma-3-4b-it|ENTJ|static|flat|999|,1,0.8,BUY,100.38,100.38,100.38,50.0,0.0,1.0,15.0,15.1,2.66,0.0,0,0.08
mbti,gemma-3-4b-it,INTJ,memory,flat,999,,gemma-3-4b-it|INTJ|memory|flat|999|,1,1.0,HOLD,100.38,100.38,100.38,50.0,0.0,1.0,15.0,15.1,2.66,0.0,0,0.08
mbti,gemma-3-4b-it,INTJ,static,flat,999,,gemma-3-4b-it|INTJ|static|flat|999|,1,1.0,HOLD,100.38,100.38,100.38,50.0,0.0,1.0,15.0,15.1,2.66,0.0,0,0.08
mbti,gemma-3-4b-it,ISFJ,memory,flat,999,,gemma-3-4b-it|ISFJ|memory|flat|999|,1,1.0,HOLD,100.38,100.38,100.38,50.0,0.0,1.0,15.0,15.1,2.66,0.0,0,0.08
mbti,gemma-3-4b-it,ISFJ,static,flat,999,,gemma-3-4b-it|ISFJ|static|flat|999|,1,1.0,HOLD,100.38,100.38,100.38,50.0,0.0,1.0,15.0,15.1,2.66,0.0,0,0.08
mbti,gpt_4_1,ENTJ,memory,bull_trap,123,,gpt_4_1|ENTJ|memory|bull_trap|123|,1,1.0,HOLD,99.72,99.72,99.72,50.0,0.0,1.0,15.0,15.1,2.65,0.0,0,0.33
mbti,gpt_4_1,ENTJ,static,bull_trap,123,,gpt_4_1|ENTJ|static|bull_trap|123|,1,1.0,HOLD,99.72,99.72,99.72,50.0,0.0,1.0,15.0,15.1,2.65,0.0,0,0.33
mbti,gpt_4_1,INTJ,memory,bull_trap,123,,gpt_4_1|INTJ|memory|bull_trap|123|,1,1.0,HOLD,99.72,99.72,99.72,50.0,0.0,1.0,15.0,15.1,2.65,0.0,0,0.33
mbti,gpt_4_1,INTJ,static,bull_trap,123,,gpt_4_1|INTJ|static|bull_trap|123|,1,1.0,HOLD,99.72,99.72,99.72,50.0,0.0,1.0,15.0,15.1,2.65,0.0,0,0.33
mbti,gpt_4_1,ISFJ,memory,bull_trap,123,,gpt_4_1|ISFJ|memory|bull_trap|123|,1,1.0,HOLD,99.72,99.72,99.72,50.0,0.0,1.0,15.0,15.1,2.65,0.0,0,0.33
mbti,gpt_4_1,ISFJ,static,bull_trap,123,,gpt_4_1|ISFJ|static|bull_trap|123|,1,1.0,HOLD,99.72,99.72,99.72,50.0,0.0,1.0,15.0,15.1,2.65,0.0,0,0.33
mbti,gpt_4_1,ENTJ,memory,bull_trap,42,,gpt_4_1|ENTJ|memory|bull_trap|42|,1,1.0,HOLD,100.96,100.96,100.96,50.0,0.0,1.0,15.0,15.1,2.66,0.0,0,0.1
mbti,gpt_4_1,ENTJ,static,bull_trap,42,,gpt_4_1|ENTJ|static|bull_trap|42|,1,1.0,HOLD,100.96,100.96,100.96,50.0,0.0,1.0,15.0,15.1,2.66,0.0,0,0.1
mbti,gpt_4_1,INTJ,memory,bull_trap,42,,gpt_4_1|INTJ|memory|bull_trap|42|,1,1.0,HOLD,100.96,100.96,100.96,50.0,0.0,1.0,15.0,15.1,2.66,0.0,0,0.1
mbti,gpt_4_1,INTJ,static,bull_trap,42,,gpt_4_1|INTJ|static|bull_trap|42|,1,1.0,HOLD,100.96,100.96,100.96,50.0,0.0,1.0,15.0,15.1,2.66,0.0,0,0.1
mbti,gpt_4_1,ISFJ,memory,bull_trap,42,,gpt_4_1|ISFJ|memory|bull_trap|42|,1,1.0,HOLD,100.96,100.96,100.96,50.0,0.0,1.0,15.0,15.1,2.66,0.0,0,0.1
mbti,gpt_4_1,ISFJ,static,bull_trap,42,,gpt_4_1|ISFJ|static|bull_trap|42|,1,1.0,HOLD,100.96,100.96,100.96,50.0,0.0,1.0,15.0,15.1,2.66,0.0,0,0.1
mbti,gpt_4_1,ENTJ,memory,bull_trap,456,,gpt_4_1|ENTJ|memory|bull_trap|456|,1,1.0,HOLD,99.94,99.94,99.94,50.0,0.0,1.0,15.0,15.1,2.65,0.0,0,0.06
mbti,gpt_4_1,ENTJ,static,bull_trap,456,,gpt_4_1|ENTJ|static|bull_trap|456|,1,1.0,HOLD,99.94,99.94,99.94,50.0,0.0,1.0,15.0,15.1,2.65,0.0,0,0.06
mbti,gpt_4_1,INTJ,memory,bull_trap,456,,gpt_4_1|INTJ|memory|bull_trap|456|,1,1.0,HOLD,99.94,99.94,99.94,50.0,0.0,1.0,15.0,15.1,2.65,0.0,0,0.06
mbti,gpt_4_1,INTJ,static,bull_trap,456,,gpt_4_1|INTJ|static|bull_trap|456|,1,1.0,HOLD,99.94,99.94,99.94,50.0,0.0,1.0,15.0,15.1,2.65,0.0,0,0.06
mbti,gpt_4_1,ISFJ,memory,bull_trap,456,,gpt_4_1|ISFJ|memory|bull_trap|456|,1,1.0,HOLD,99.94,99.94,99.94,50.0,0.0,1.0,15.0,15.1,2.65,0.0,0,0.06
mbti,gpt_4_1,ISFJ,static,bull_trap,456,,gpt_4_1|ISFJ|static|bull_trap|456|,1,1.0,HOLD,99.94,99.94,99.94,50.0,0.0,1.0,15.0,15.1,2.65,0.0,0,0.06
mbti,gpt_4_1,ENTJ,memory,bull_trap,789,,gpt_4_1|ENTJ|memory|bull_trap|789|,1,1.0,HOLD,98.44,98.44,98.44,50.0,0.0,1.0,15.0,14.9,2.68,0.0,0,0.15
mbti,gpt_4_1,ENTJ,static,bull_trap,789,,gpt_4_1|ENTJ|static|bull_trap|789|,1,0.0,BUY,98.44,98.44,98.44,50.0,0.0,1.0,15.0,14.9,2.68,0.0,0,0.15
mbti,gpt_4_1,INTJ,memory,bull_trap,789,,gpt_4_1|INTJ|memory|bull_trap|789|,1,1.0,HOLD,98.44,98.44,98.44,50.0,0.0,1.0,15.0,14.9,2.68,0.0,0,0.15
mbti,gpt_4_1,INTJ,static,bull_trap,789,,gpt_4_1|INTJ|static|bull_trap|789|,1,1.0,HOLD,98.44,98.44,98.44,50.0,0.0,1.0,15.0,14.9,2.68,0.0,0,0.15
mbti,gpt_4_1,ISFJ,memory,bull_trap,789,,gpt_4_1|ISFJ|memory|bull_trap|789|,1,1.0,HOLD,98.44,98.44,98.44,50.0,0.0,1.0,15.0,14.9,2.68,0.0,0,0.15
mbti,gpt_4_1,ISFJ,static,bull_trap,789,,gpt_4_1|ISFJ|static|bull_trap|789|,1,1.0,HOLD,98.44,98.44,98.44,50.0,0.0,1.0,15.0,14.9,2.68,0.0,0,0.15
mbti,gpt_4_1,ENTJ,memory,bull_trap,999,,gpt_4_1|ENTJ|memory|bull_trap|999|,1,1.0,HOLD,97.06,97.06,97.06,50.0,0.0,1.0,15.0,14.5,2.75,0.0,0,-0.01
mbti,gpt_4_1,ENTJ,static,bull_trap,999,,gpt_4_1|ENTJ|static|bull_trap|999|,1,1.0,HOLD,97.06,97.06,97.06,50.0,0.0,1.0,15.0,14.5,2.75,0.0,0,-0.01
mbti,gpt_4_1,INTJ,memory,bull_trap,999,,gpt_4_1|INTJ|memory|bull_trap|999|,1,1.0,HOLD,97.06,97.06,97.06,50.0,0.0,1.0,15.0,14.5,2.75,0.0,0,-0.01
mbti,gpt_4_1,INTJ,static,bull_trap,999,,gpt_4_1|INTJ|static|bull_trap|999|,1,1.0,HOLD,97.06,97.06,97.06,50.0,0.0,1.0,15.0,14.5,2.75,0.0,0,-0.01
mbti,gpt_4_1,ISFJ,memory,bull_trap,999,,gpt_4_1|ISFJ|memory|bull_trap|999|,1,1.0,HOLD,97.06,97.06,97.06,50.0,0.0,1.0,15.0,14.5,2.75,0.0,0,-0.01
mbti,gpt_4_1,ISFJ,static,bull_trap,999,,gpt_4_1|ISFJ|static|bull_trap|999|,1,1.0,HOLD,97.06,97.06,97.06,50.0,0.0,1.0,15.0,14.5,2.75,0.0,0,-0.01
mbti,gpt_4_1,ENTJ,memory,crash,123,0.85,gpt_4_1|ENTJ|memory|crash|123|0.85,1,1.0,HOLD,85.59,85.59,85.59,50.0,0.0,1.0,15.0,12.9,3.1,0.0,0,0.33
mbti,gpt_4_1,ENTJ,static,crash,123,0.85,gpt_4_1|ENTJ|static|crash|123|0.85,1,0.0,BUY,85.59,85.59,85.59,50.0,0.0,1.0,15.0,12.9,3.1,0.0,0,0.33
mbti,gpt_4_1,INTJ,memory,crash,123,0.85,gpt_4_1|INTJ|memory|crash|123|0.85,1,1.0,HOLD,85.59,85.59,85.59,50.0,0.0,1.0,15.0,12.9,3.1,0.0,0,0.33
mbti,gpt_4_1,INTJ,static,crash,123,0.85,gpt_4_1|INTJ|static|crash|123|0.85,1,1.0,HOLD,85.59,85.59,85.59,50.0,0.0,1.0,15.0,12.9,3.1,0.0,0,0.33
mbti,gpt_4_1,ISFJ,memory,crash,123,0.85,gpt_4_1|ISFJ|memory|crash|123|0.85,1,1.0,HOLD,85.59,85.59,85.59,50.0,0.0,1.0,15.0,12.9,3.1,0.0,0,0.33
mbti,gpt_4_1,ISFJ,static,crash,123,0.85,gpt_4_1|ISFJ|static|crash|123|0.85,1,1.0,HOLD,85.59,85.59,85.59,50.0,0.0,1.0,15.0,12.9,3.1,0.0,0,0.33
mbti,gpt_4_1,ENTJ,memory,crash,42,0.85,gpt_4_1|ENTJ|memory|crash|42|0.85,1,1.0,HOLD,85.75,85.75,85.75,50.0,0.0,1.0,15.0,12.8,3.12,0.0,0,0.1
mbti,gpt_4_1,ENTJ,static,crash,42,0.85,gpt_4_1|ENTJ|static|crash|42|0.85,1,1.0,HOLD,85.75,85.75,85.75,50.0,0.0,1.0,15.0,12.8,3.12,0.0,0,0.1
mbti,gpt_4_1,INTJ,memory,crash,42,0.85,gpt_4_1|INTJ|memory|crash|42|0.85,1,1.0,HOLD,85.75,85.75,85.75,50.0,0.0,1.0,15.0,12.8,3.12,0.0,0,0.1
mbti,gpt_4_1,INTJ,static,crash,42,0.85,gpt_4_1|INTJ|static|crash|42|0.85,1,1.0,HOLD,85.75,85.75,85.75,50.0,0.0,1.0,15.0,12.8,3.12,0.0,0,0.1
mbti,gpt_4_1,ISFJ,memory,crash,42,0.85,gpt_4_1|ISFJ|memory|crash|42|0.85,1,1.0,HOLD,85.75,85.75,85.75,50.0,0.0,1.0,15.0,12.8,3.12,0.0,0,0.1
mbti,gpt_4_1,ISFJ,static,crash,42,0.85,gpt_4_1|ISFJ|static|crash|42|0.85,1,1.0,HOLD,85.75,85.75,85.75,50.0,0.0,1.0,15.0,12.8,3.12,0.0,0,0.1
mbti,gpt_4_1,ENTJ,memory,crash,456,0.85,gpt_4_1|ENTJ|memory|crash|456|0.85,1,1.0,HOLD,85.48,85.48,85.48,50.0,0.0,1.0,15.0,12.9,3.11,0.0,0,0.06
mbti,gpt_4_1,ENTJ,static,crash,456,0.85,gpt_4_1|ENTJ|static|crash|456|0.85,1,1.0,HOLD,85.48,85.48,85.48,50.0,0.0,1.0,15.0,12.9,3.11,0.0,0,0.06
mbti,gpt_4_1,INTJ,memory,crash,456,0.85,gpt_4_1|INTJ|memory|crash|456|0.85,1,1.0,HOLD,85.48,85.48,85.48,50.0,0.0,1.0,15.0,12.9,3.11,0.0,0,0.06
mbti,gpt_4_1,INTJ,static,crash,456,0.85,gpt_4_1|INTJ|static|crash|456|0.85,1,1.0,HOLD,85.48,85.48,85.48,50.0,0.0,1.0,15.0,12.9,3.11,0.0,0,0.06
mbti,gpt_4_1,ISFJ,memory,crash,456,0.85,gpt_4_1|ISFJ|memory|crash|456|0.85,1,1.0,HOLD,85.48,85.48,85.48,50.0,0.0,1.0,15.0,12.9,3.11,0.0,0,0.06
mbti,gpt_4_1,ISFJ,static,crash,456,0.85,gpt_4_1|ISFJ|static|crash|456|0.85,1,1.0,HOLD,85.48,85.48,85.48,50.0,0.0,1.0,15.0,12.9,3.11,0.0,0,0.06
mbti,gpt_4_1,ENTJ,memory,crash,789,0.85,gpt_4_1|ENTJ|memory|crash|789|0.85,1,1.0,HOLD,83.7,83.7,83.7,50.0,0.0,1.0,15.0,12.6,3.17,0.0,0,0.15
mbti,gpt_4_1,ENTJ,static,crash,789,0.85,gpt_4_1|ENTJ|static|crash|789|0.85,1,1.0,HOLD,83.7,83.7,83.7,50.0,0.0,1.0,15.0,12.6,3.17,0.0,0,0.15
mbti,gpt_4_1,INTJ,memory,crash,789,0.85,gpt_4_1|INTJ|memory|crash|789|0.85,1,1.0,HOLD,83.7,83.7,83.7,50.0,0.0,1.0,15.0,12.6,3.17,0.0,0,0.15
mbti,gpt_4_1,INTJ,static,crash,789,0.85,gpt_4_1|INTJ|static|crash|789|0.85,1,1.0,HOLD,83.7,83.7,83.7,50.0,0.0,1.0,15.0,12.6,3.17,0.0,0,0.15
mbti,gpt_4_1,ISFJ,memory,crash,789,0.85,gpt_4_1|ISFJ|memory|crash|789|0.85,1,1.0,HOLD,83.7,83.7,83.7,50.0,0.0,1.0,15.0,12.6,3.17,0.0,0,0.15
mbti,gpt_4_1,ISFJ,static,crash,789,0.85,gpt_4_1|ISFJ|static|crash|789|0.85,1,1.0,HOLD,83.7,83.7,83.7,50.0,0.0,1.0,15.0,12.6,3.17,0.0,0,0.15
mbti,gpt_4_1,ENTJ,memory,crash,999,0.85,gpt_4_1|ENTJ|memory|crash|999|0.85,1,1.0,HOLD,80.3,80.3,80.3,50.0,0.0,1.0,15.0,12.0,3.32,0.0,0,-0.01
mbti,gpt_4_1,ENTJ,static,crash,999,0.85,gpt_4_1|ENTJ|static|crash|999|0.85,1,1.0,HOLD,80.3,80.3,80.3,50.0,0.0,1.0,15.0,12.0,3.32,0.0,0,-0.01
mbti,gpt_4_1,INTJ,memory,crash,999,0.85,gpt_4_1|INTJ|memory|crash|999|0.85,1,1.0,HOLD,80.3,80.3,80.3,50.0,0.0,1.0,15.0,12.0,3.32,0.0,0,-0.01
mbti,gpt_4_1,INTJ,static,crash,999,0.85,gpt_4_1|INTJ|static|crash|999|0.85,1,1.0,HOLD,80.3,80.3,80.3,50.0,0.0,1.0,15.0,12.0,3.32,0.0,0,-0.01
mbti,gpt_4_1,ISFJ,memory,crash,999,0.85,gpt_4_1|ISFJ|memory|crash|999|0.85,1,1.0,HOLD,80.3,80.3,80.3,50.0,0.0,1.0,15.0,12.0,3.32,0.0,0,-0.01
mbti,gpt_4_1,ISFJ,static,crash,999,0.85,gpt_4_1|ISFJ|static|crash|999|0.85,1,1.0,HOLD,80.3,80.3,80.3,50.0,0.0,1.0,15.0,12.0,3.32,0.0,0,-0.01
mbti,gpt_4_1,ENTJ,memory,crash,123,0.92,gpt_4_1|ENTJ|memory|crash|123|0.92,1,1.0,HOLD,92.56,92.56,92.56,50.0,0.0,1.0,15.0,14.0,2.87,0.0,0,0.33
mbti,gpt_4_1,ENTJ,static,crash,123,0.92,gpt_4_1|ENTJ|static|crash|123|0.92,1,0.0,BUY,92.56,92.56,92.56,50.0,0.0,1.0,15.0,14.0,2.87,0.0,0,0.33
mbti,gpt_4_1,INTJ,memory,crash,123,0.92,gpt_4_1|INTJ|memory|crash|123|0.92,1,1.0,HOLD,92.56,92.56,92.56,50.0,0.0,1.0,15.0,14.0,2.87,0.0,0,0.33
mbti,gpt_4_1,INTJ,static,crash,123,0.92,gpt_4_1|INTJ|static|crash|123|0.92,1,1.0,HOLD,92.56,92.56,92.56,50.0,0.0,1.0,15.0,14.0,2.87,0.0,0,0.33
mbti,gpt_4_1,ISFJ,memory,crash,123,0.92,gpt_4_1|ISFJ|memory|crash|123|0.92,1,1.0,HOLD,92.56,92.56,92.56,50.0,0.0,1.0,15.0,14.0,2.87,0.0,0,0.33
mbti,gpt_4_1,ISFJ,static,crash,123,0.92,gpt_4_1|ISFJ|static|crash|123|0.92,1,1.0,HOLD,92.56,92.56,92.56,50.0,0.0,1.0,15.0,14.0,2.87,0.0,0,0.33
mbti,gpt_4_1,ENTJ,memory,crash,42,0.92,gpt_4_1|ENTJ|memory|crash|42|0.92,1,1.0,HOLD,92.77,92.77,92.77,50.0,0.0,1.0,15.0,13.9,2.88,0.0,0,0.1
mbti,gpt_4_1,ENTJ,static,crash,42,0.92,gpt_4_1|ENTJ|static|crash|42|0.92,1,1.0,HOLD,92.77,92.77,92.77,50.0,0.0,1.0,15.0,13.9,2.88,0.0,0,0.1
mbti,gpt_4_1,INTJ,memory,crash,42,0.92,gpt_4_1|INTJ|memory|crash|42|0.92,1,1.0,HOLD,92.77,92.77,92.77,50.0,0.0,1.0,15.0,13.9,2.88,0.0,0,0.1
mbti,gpt_4_1,INTJ,static,crash,42,0.92,gpt_4_1|INTJ|static|crash|42|0.92,1,1.0,HOLD,92.77,92.77,92.77,50.0,0.0,1.0,15.0,13.9,2.88,0.0,0,0.1
mbti,gpt_4_1,ISFJ,memory,crash,42,0.92,gpt_4_1|ISFJ|memory|crash|42|0.92,1,1.0,HOLD,92.77,92.77,92.77,50.0,0.0,1.0,15.0,13.9,2.88,0.0,0,0.1
mbti,gpt_4_1,ISFJ,static,crash,42,0.92,gpt_4_1|ISFJ|static|crash|42|0.92,1,1.0,HOLD,92.77,92.77,92.77,50.0,0.0,1.0,15.0,13.9,2.88,0.0,0,0.1
mbti,gpt_4_1,ENTJ,memory,crash,456,0.92,gpt_4_1|ENTJ|memory|crash|456|0.92,1,1.0,HOLD,92.46,92.46,92.46,50.0,0.0,1.0,15.0,13.9,2.87,0.0,0,0.06
mbti,gpt_4_1,ENTJ,static,crash,456,0.92,gpt_4_1|ENTJ|static|crash|456|0.92,1,1.0,HOLD,92.46,92.46,92.46,50.0,0.0,1.0,15.0,13.9,2.87,0.0,0,0.06
mbti,gpt_4_1,INTJ,memory,crash,456,0.92,gpt_4_1|INTJ|memory|crash|456|0.92,1,1.0,HOLD,92.46,92.46,92.46,50.0,0.0,1.0,15.0,13.9,2.87,0.0,0,0.06
mbti,gpt_4_1,INTJ,static,crash,456,0.92,gpt_4_1|INTJ|static|crash|456|0.92,1,1.0,HOLD,92.46,92.46,92.46,50.0,0.0,1.0,15.0,13.9,2.87,0.0,0,0.06
mbti,gpt_4_1,ISFJ,memory,crash,456,0.92,gpt_4_1|ISFJ|memory|crash|456|0.92,1,1.0,HOLD,92.46,92.46,92.46,50.0,0.0,1.0,15.0,13.9,2.87,0.0,0,0.06
mbti,gpt_4_1,ISFJ,static,crash,456,0.92,gpt_4_1|ISFJ|static|crash|456|0.92,1,1.0,HOLD,92.46,92.46,92.46,50.0,0.0,1.0,15.0,13.9,2.87,0.0,0,0.06
mbti,gpt_4_1,ENTJ,memory,crash,789,0.92,gpt_4_1|ENTJ|memory|crash|789|0.92,1,1.0,HOLD,90.66,90.66,90.66,50.0,0.0,1.0,15.0,13.7,2.93,0.0,0,0.15
mbti,gpt_4_1,ENTJ,static,crash,789,0.92,gpt_4_1|ENTJ|static|crash|789|0.92,1,1.0,HOLD,90.66,90.66,90.66,50.0,0.0,1.0,15.0,13.7,2.93,0.0,0,0.15
mbti,gpt_4_1,INTJ,memory,crash,789,0.92,gpt_4_1|INTJ|memory|crash|789|0.92,1,1.0,HOLD,90.66,90.66,90.66,50.0,0.0,1.0,15.0,13.7,2.93,0.0,0,0.15
mbti,gpt_4_1,INTJ,static,crash,789,0.92,gpt_4_1|INTJ|static|crash|789|0.92,1,1.0,HOLD,90.66,90.66,90.66,50.0,0.0,1.0,15.0,13.7,2.93,0.0,0,0.15
mbti,gpt_4_1,ISFJ,memory,crash,789,0.92,gpt_4_1|ISFJ|memory|crash|789|0.92,1,1.0,HOLD,90.66,90.66,90.66,50.0,0.0,1.0,15.0,13.7,2.93,0.0,0,0.15
mbti,gpt_4_1,ISFJ,static,crash,789,0.92,gpt_4_1|ISFJ|static|crash|789|0.92,1,1.0,HOLD,90.66,90.66,90.66,50.0,0.0,1.0,15.0,13.7,2.93,0.0,0,0.15
mbti,gpt_4_1,ENTJ,memory,crash,999,0.92,gpt_4_1|ENTJ|memory|crash|999|0.92,1,1.0,HOLD,87.3,87.3,87.3,50.0,0.0,1.0,15.0,13.1,3.06,0.0,0,-0.01
mbti,gpt_4_1,ENTJ,static,crash,999,0.92,gpt_4_1|ENTJ|static|crash|999|0.92,1,1.0,HOLD,87.3,87.3,87.3,50.0,0.0,1.0,15.0,13.1,3.06,0.0,0,-0.01
mbti,gpt_4_1,INTJ,memory,crash,999,0.92,gpt_4_1|INTJ|memory|crash|999|0.92,1,1.0,HOLD,87.3,87.3,87.3,50.0,0.0,1.0,15.0,13.1,3.06,0.0,0,-0.01
mbti,gpt_4_1,INTJ,static,crash,999,0.92,gpt_4_1|INTJ|static|crash|999|0.92,1,1.0,HOLD,87.3,87.3,87.3,50.0,0.0,1.0,15.0,13.1,3.06,0.0,0,-0.01
mbti,gpt_4_1,ISFJ,memory,crash,999,0.92,gpt_4_1|ISFJ|memory|crash|999|0.92,1,1.0,HOLD,87.3,87.3,87.3,50.0,0.0,1.0,15.0,13.1,3.06,0.0,0,-0.01
mbti,gpt_4_1,ISFJ,static,crash,999,0.92,gpt_4_1|ISFJ|static|crash|999|0.92,1,1.0,HOLD,87.3,87.3,87.3,50.0,0.0,1.0,15.0,13.1,3.06,0.0,0,-0.01
mbti,gpt_4_1,ENTJ,memory,crash,123,0.95,gpt_4_1|ENTJ|memory|crash|123|0.95,1,1.0,HOLD,95.54,95.54,95.54,50.0,0.0,1.0,15.0,14.4,2.78,0.0,0,0.33
mbti,gpt_4_1,ENTJ,static,crash,123,0.95,gpt_4_1|ENTJ|static|crash|123|0.95,1,0.0,BUY,95.54,95.54,95.54,50.0,0.0,1.0,15.0,14.4,2.78,0.0,0,0.33
mbti,gpt_4_1,INTJ,memory,crash,123,0.95,gpt_4_1|INTJ|memory|crash|123|0.95,1,1.0,HOLD,95.54,95.54,95.54,50.0,0.0,1.0,15.0,14.4,2.78,0.0,0,0.33
mbti,gpt_4_1,INTJ,static,crash,123,0.95,gpt_4_1|INTJ|static|crash|123|0.95,1,1.0,HOLD,95.54,95.54,95.54,50.0,0.0,1.0,15.0,14.4,2.78,0.0,0,0.33
mbti,gpt_4_1,ISFJ,memory,crash,123,0.95,gpt_4_1|ISFJ|memory|crash|123|0.95,1,1.0,HOLD,95.54,95.54,95.54,50.0,0.0,1.0,15.0,14.4,2.78,0.0,0,0.33
mbti,gpt_4_1,ISFJ,static,crash,123,0.95,gpt_4_1|ISFJ|static|crash|123|0.95,1,1.0,HOLD,95.54,95.54,95.54,50.0,0.0,1.0,15.0,14.4,2.78,0.0,0,0.33
mbti,gpt_4_1,ENTJ,memory,crash,42,0.95,gpt_4_1|ENTJ|memory|crash|42|0.95,1,1.0,HOLD,95.77,95.77,95.77,50.0,0.0,1.0,15.0,14.3,2.79,0.0,0,0.1
mbti,gpt_4_1,ENTJ,static,crash,42,0.95,gpt_4_1|ENTJ|static|crash|42|0.95,1,1.0,HOLD,95.77,95.77,95.77,50.0,0.0,1.0,15.0,14.3,2.79,0.0,0,0.1
mbti,gpt_4_1,INTJ,memory,crash,42,0.95,gpt_4_1|INTJ|memory|crash|42|0.95,1,1.0,HOLD,95.77,95.77,95.77,50.0,0.0,1.0,15.0,14.3,2.79,0.0,0,0.1
mbti,gpt_4_1,INTJ,static,crash,42,0.95,gpt_4_1|INTJ|static|crash|42|0.95,1,1.0,HOLD,95.77,95.77,95.77,50.0,0.0,1.0,15.0,14.3,2.79,0.0,0,0.1
mbti,gpt_4_1,ISFJ,memory,crash,42,0.95,gpt_4_1|ISFJ|memory|crash|42|0.95,1,1.0,HOLD,95.77,95.77,95.77,50.0,0.0,1.0,15.0,14.3,2.79,0.0,0,0.1
mbti,gpt_4_1,ISFJ,static,crash,42,0.95,gpt_4_1|ISFJ|static|crash|42|0.95,1,1.0,HOLD,95.77,95.77,95.77,50.0,0.0,1.0,15.0,14.3,2.79,0.0,0,0.1
mbti,gpt_4_1,ENTJ,memory,crash,456,0.95,gpt_4_1|ENTJ|memory|crash|456|0.95,1,1.0,HOLD,95.45,95.45,95.45,50.0,0.0,1.0,15.0,14.4,2.78,0.0,0,0.06
mbti,gpt_4_1,ENTJ,static,crash,456,0.95,gpt_4_1|ENTJ|static|crash|456|0.95,1,1.0,HOLD,95.45,95.45,95.45,50.0,0.0,1.0,15.0,14.4,2.78,0.0,0,0.06
mbti,gpt_4_1,INTJ,memory,crash,456,0.95,gpt_4_1|INTJ|memory|crash|456|0.95,1,1.0,HOLD,95.45,95.45,95.45,50.0,0.0,1.0,15.0,14.4,2.78,0.0,0,0.06
mbti,gpt_4_1,INTJ,static,crash,456,0.95,gpt_4_1|INTJ|static|crash|456|0.95,1,1.0,HOLD,95.45,95.45,95.45,50.0,0.0,1.0,15.0,14.4,2.78,0.0,0,0.06
mbti,gpt_4_1,ISFJ,memory,crash,456,0.95,gpt_4_1|ISFJ|memory|crash|456|0.95,1,1.0,HOLD,95.45,95.45,95.45,50.0,0.0,1.0,15.0,14.4,2.78,0.0,0,0.06
mbti,gpt_4_1,ISFJ,static,crash,456,0.95,gpt_4_1|ISFJ|static|crash|456|0.95,1,1.0,HOLD,95.45,95.45,95.45,50.0,0.0,1.0,15.0,14.4,2.78,0.0,0,0.06
mbti,gpt_4_1,ENTJ,memory,crash,789,0.95,gpt_4_1|ENTJ|memory|crash|789|0.95,1,1.0,HOLD,93.64,93.64,93.64,50.0,0.0,1.0,15.0,14.1,2.83,0.0,0,0.15
mbti,gpt_4_1,ENTJ,static,crash,789,0.95,gpt_4_1|ENTJ|static|crash|789|0.95,1,1.0,HOLD,93.64,93.64,93.64,50.0,0.0,1.0,15.0,14.1,2.83,0.0,0,0.15
mbti,gpt_4_1,INTJ,memory,crash,789,0.95,gpt_4_1|INTJ|memory|crash|789|0.95,1,1.0,HOLD,93.64,93.64,93.64,50.0,0.0,1.0,15.0,14.1,2.83,0.0,0,0.15
mbti,gpt_4_1,INTJ,static,crash,789,0.95,gpt_4_1|INTJ|static|crash|789|0.95,1,1.0,HOLD,93.64,93.64,93.64,50.0,0.0,1.0,15.0,14.1,2.83,0.0,0,0.15
mbti,gpt_4_1,ISFJ,memory,crash,789,0.95,gpt_4_1|ISFJ|memory|crash|789|0.95,1,1.0,HOLD,93.64,93.64,93.64,50.0,0.0,1.0,15.0,14.1,2.83,0.0,0,0.15
mbti,gpt_4_1,ISFJ,static,crash,789,0.95,gpt_4_1|ISFJ|static|crash|789|0.95,1,1.0,HOLD,93.64,93.64,93.64,50.0,0.0,1.0,15.0,14.1,2.83,0.0,0,0.15
mbti,gpt_4_1,ENTJ,memory,crash,999,0.95,gpt_4_1|ENTJ|memory|crash|999|0.95,1,1.0,HOLD,90.3,90.3,90.3,50.0,0.0,1.0,15.0,13.5,2.95,0.0,0,-0.01
mbti,gpt_4_1,ENTJ,static,crash,999,0.95,gpt_4_1|ENTJ|static|crash|999|0.95,1,1.0,HOLD,90.3,90.3,90.3,50.0,0.0,1.0,15.0,13.5,2.95,0.0,0,-0.01
mbti,gpt_4_1,INTJ,memory,crash,999,0.95,gpt_4_1|INTJ|memory|crash|999|0.95,1,1.0,HOLD,90.3,90.3,90.3,50.0,0.0,1.0,15.0,13.5,2.95,0.0,0,-0.01
mbti,gpt_4_1,INTJ,static,crash,999,0.95,gpt_4_1|INTJ|static|crash|999|0.95,1,1.0,HOLD,90.3,90.3,90.3,50.0,0.0,1.0,15.0,13.5,2.95,0.0,0,-0.01
mbti,gpt_4_1,ISFJ,memory,crash,999,0.95,gpt_4_1|ISFJ|memory|crash|999|0.95,1,1.0,HOLD,90.3,90.3,90.3,50.0,0.0,1.0,15.0,13.5,2.95,0.0,0,-0.01
mbti,gpt_4_1,ISFJ,static,crash,999,0.95,gpt_4_1|ISFJ|static|crash|999|0.95,1,1.0,HOLD,90.3,90.3,90.3,50.0,0.0,1.0,15.0,13.5,2.95,0.0,0,-0.01
mbti,gpt_4_1,ENTJ,memory,flat,123,,gpt_4_1|ENTJ|memory|flat|123|,1,1.0,HOLD,99.92,99.92,99.92,50.0,0.0,1.0,15.0,15.0,2.67,0.0,0,-0.04
mbti,gpt_4_1,ENTJ,static,flat,123,,gpt_4_1|ENTJ|static|flat|123|,1,1.0,HOLD,99.92,99.92,99.92,50.0,0.0,1.0,15.0,15.0,2.67,0.0,0,-0.04
mbti,gpt_4_1,INTJ,memory,flat,123,,gpt_4_1|INTJ|memory|flat|123|,1,1.0,HOLD,99.92,99.92,99.92,50.0,0.0,1.0,15.0,15.0,2.67,0.0,0,-0.04
mbti,gpt_4_1,INTJ,static,flat,123,,gpt_4_1|INTJ|static|flat|123|,1,1.0,HOLD,99.92,99.92,99.92,50.0,0.0,1.0,15.0,15.0,2.67,0.0,0,-0.04
mbti,gpt_4_1,ISFJ,memory,flat,123,,gpt_4_1|ISFJ|memory|flat|123|,1,1.0,HOLD,99.92,99.92,99.92,50.0,0.0,1.0,15.0,15.0,2.67,0.0,0,-0.04
mbti,gpt_4_1,ISFJ,static,flat,123,,gpt_4_1|ISFJ|static|flat|123|,1,1.0,HOLD,99.92,99.92,99.92,50.0,0.0,1.0,15.0,15.0,2.67,0.0,0,-0.04
mbti,gpt_4_1,ENTJ,memory,flat,42,,gpt_4_1|ENTJ|memory|flat|42|,1,1.0,HOLD,99.94,99.94,99.94,50.0,0.0,1.0,15.0,15.0,2.67,0.0,0,-0.17
mbti,gpt_4_1,ENTJ,static,flat,42,,gpt_4_1|ENTJ|static|flat|42|,1,1.0,HOLD,99.94,99.94,99.94,50.0,0.0,1.0,15.0,15.0,2.67,0.0,0,-0.17
mbti,gpt_4_1,INTJ,memory,flat,42,,gpt_4_1|INTJ|memory|flat|42|,1,1.0,HOLD,99.94,99.94,99.94,50.0,0.0,1.0,15.0,15.0,2.67,0.0,0,-0.17
mbti,gpt_4_1,INTJ,static,flat,42,,gpt_4_1|INTJ|static|flat|42|,1,1.0,HOLD,99.94,99.94,99.94,50.0,0.0,1.0,15.0,15.0,2.67,0.0,0,-0.17
mbti,gpt_4_1,ISFJ,memory,flat,42,,gpt_4_1|ISFJ|memory|flat|42|,1,1.0,HOLD,99.94,99.94,99.94,50.0,0.0,1.0,15.0,15.0,2.67,0.0,0,-0.17
mbti,gpt_4_1,ISFJ,static,flat,42,,gpt_4_1|ISFJ|static|flat|42|,1,1.0,HOLD,99.94,99.94,99.94,50.0,0.0,1.0,15.0,15.0,2.67,0.0,0,-0.17
mbti,gpt_4_1,ENTJ,memory,flat,456,,gpt_4_1|ENTJ|memory|flat|456|,1,1.0,HOLD,100.05,100.05,100.05,50.0,0.0,1.0,15.0,15.0,2.67,0.0,0,-0.03
mbti,gpt_4_1,ENTJ,static,flat,456,,gpt_4_1|ENTJ|static|flat|456|,1,1.0,HOLD,100.25,100.25,100.25,50.0,0.0,1.0,15.0,15.0,2.66,0.0,0,-0.39
mbti,gpt_4_1,INTJ,memory,flat,456,,gpt_4_1|INTJ|memory|flat|456|,1,1.0,HOLD,100.25,100.25,100.25,50.0,0.0,1.0,15.0,15.0,2.66,0.0,0,-0.39
mbti,gpt_4_1,INTJ,static,flat,456,,gpt_4_1|INTJ|static|flat|456|,1,1.0,HOLD,100.25,100.25,100.25,50.0,0.0,1.0,15.0,15.0,2.66,0.0,0,-0.39
mbti,gpt_4_1,ISFJ,memory,flat,456,,gpt_4_1|ISFJ|memory|flat|456|,1,1.0,HOLD,100.25,100.25,100.25,50.0,0.0,1.0,15.0,15.0,2.66,0.0,0,-0.39
mbti,gpt_4_1,ISFJ,static,flat,456,,gpt_4_1|ISFJ|static|flat|456|,1,1.0,HOLD,100.25,100.25,100.25,50.0,0.0,1.0,15.0,15.0,2.66,0.0,0,-0.39
mbti,gpt_4_1,ENTJ,memory,flat,789,,gpt_4_1|ENTJ|memory|flat|789|,1,1.0,HOLD,100.19,100.19,100.19,50.0,0.0,1.0,15.0,15.0,2.66,0.0,0,0.26
mbti,gpt_4_1,ENTJ,static,flat,789,,gpt_4_1|ENTJ|static|flat|789|,1,1.0,HOLD,100.19,100.19,100.19,50.0,0.0,1.0,15.0,15.0,2.66,0.0,0,0.26
mbti,gpt_4_1,INTJ,memory,flat,789,,gpt_4_1|INTJ|memory|flat|789|,1,1.0,HOLD,100.19,100.19,100.19,50.0,0.0,1.0,15.0,15.0,2.66,0.0,0,0.26
mbti,gpt_4_1,INTJ,static,flat,789,,gpt_4_1|INTJ|static|flat|789|,1,1.0,HOLD,100.19,100.19,100.19,50.0,0.0,1.0,15.0,15.0,2.66,0.0,0,0.26
mbti,gpt_4_1,ISFJ,memory,flat,789,,gpt_4_1|ISFJ|memory|flat|789|,1,1.0,HOLD,100.19,100.19,100.19,50.0,0.0,1.0,15.0,15.0,2.66,0.0,0,0.26
mbti,gpt_4_1,ISFJ,static,flat,789,,gpt_4_1|ISFJ|static|flat|789|,1,1.0,HOLD,100.19,100.19,100.19,50.0,0.0,1.0,15.0,15.0,2.66,0.0,0,0.26
mbti,gpt_4_1,ENTJ,memory,flat,999,,gpt_4_1|ENTJ|memory|flat|999|,1,1.0,HOLD,100.38,100.38,100.38,50.0,0.0,1.0,15.0,15.1,2.66,0.0,0,0.08
mbti,gpt_4_1,ENTJ,static,flat,999,,gpt_4_1|ENTJ|static|flat|999|,1,1.0,HOLD,100.38,100.38,100.38,50.0,0.0,1.0,15.0,15.1,2.66,0.0,0,0.08
mbti,gpt_4_1,INTJ,memory,flat,999,,gpt_4_1|INTJ|memory|flat|999|,1,1.0,HOLD,100.38,100.38,100.38,50.0,0.0,1.0,15.0,15.1,2.66,0.0,0,0.08
mbti,gpt_4_1,INTJ,static,flat,999,,gpt_4_1|INTJ|static|flat|999|,1,1.0,HOLD,100.38,100.38,100.38,50.0,0.0,1.0,15.0,15.1,2.66,0.0,0,0.08
mbti,gpt_4_1,ISFJ,memory,flat,999,,gpt_4_1|ISFJ|memory|flat|999|,1,1.0,HOLD,100.38,100.38,100.38,50.0,0.0,1.0,15.0,15.1,2.66,0.0,0,0.08
mbti,gpt_4_1,ISFJ,static,flat,999,,gpt_4_1|ISFJ|static|flat|999|,1,1.0,HOLD,100.38,100.38,100.38,50.0,0.0,1.0,15.0,15.1,2.66,0.0,0,0.08
mbti,gpt_4_1_mini,ENTJ,memory,bull_trap,123,,gpt_4_1_mini|ENTJ|memory|bull_trap|123|,1,1.0,HOLD,99.72,99.72,99.72,50.0,0.0,1.0,15.0,15.1,2.65,0.0,0,0.33
mbti,gpt_4_1_mini,ENTJ,static,bull_trap,123,,gpt_4_1_mini|ENTJ|static|bull_trap|123|,1,1.0,HOLD,99.72,99.72,99.72,50.0,0.0,1.0,15.0,15.1,2.65,0.0,0,0.33
mbti,gpt_4_1_mini,INTJ,memory,bull_trap,123,,gpt_4_1_mini|INTJ|memory|bull_trap|123|,1,1.0,HOLD,99.72,99.72,99.72,50.0,0.0,1.0,15.0,15.1,2.65,0.0,0,0.33
mbti,gpt_4_1_mini,INTJ,static,bull_trap,123,,gpt_4_1_mini|INTJ|static|bull_trap|123|,1,1.0,HOLD,99.72,99.72,99.72,50.0,0.0,1.0,15.0,15.1,2.65,0.0,0,0.33
mbti,gpt_4_1_mini,ISFJ,memory,bull_trap,123,,gpt_4_1_mini|ISFJ|memory|bull_trap|123|,1,1.0,HOLD,99.72,99.72,99.72,50.0,0.0,1.0,15.0,15.1,2.65,0.0,0,0.33
mbti,gpt_4_1_mini,ISFJ,static,bull_trap,123,,gpt_4_1_mini|ISFJ|static|bull_trap|123|,1,1.0,HOLD,99.72,99.72,99.72,50.0,0.0,1.0,15.0,15.1,2.65,0.0,0,0.33
mbti,gpt_4_1_mini,ENTJ,memory,bull_trap,42,,gpt_4_1_mini|ENTJ|memory|bull_trap|42|,1,1.0,HOLD,100.96,100.96,100.96,50.0,0.0,1.0,15.0,15.1,2.66,0.0,0,0.1
mbti,gpt_4_1_mini,ENTJ,static,bull_trap,42,,gpt_4_1_mini|ENTJ|static|bull_trap|42|,1,1.0,HOLD,100.96,100.96,100.96,50.0,0.0,1.0,15.0,15.1,2.66,0.0,0,0.1
mbti,gpt_4_1_mini,INTJ,memory,bull_trap,42,,gpt_4_1_mini|INTJ|memory|bull_trap|42|,1,1.0,HOLD,100.96,100.96,100.96,50.0,0.0,1.0,15.0,15.1,2.66,0.0,0,0.1
mbti,gpt_4_1_mini,INTJ,static,bull_trap,42,,gpt_4_1_mini|INTJ|static|bull_trap|42|,1,1.0,HOLD,100.96,100.96,100.96,50.0,0.0,1.0,15.0,15.1,2.66,0.0,0,0.1
mbti,gpt_4_1_mini,ISFJ,memory,bull_trap,42,,gpt_4_1_mini|ISFJ|memory|bull_trap|42|,1,1.0,HOLD,100.96,100.96,100.96,50.0,0.0,1.0,15.0,15.1,2.66,0.0,0,0.1
mbti,gpt_4_1_mini,ISFJ,static,bull_trap,42,,gpt_4_1_mini|ISFJ|static|bull_trap|42|,1,1.0,HOLD,100.96,100.96,100.96,50.0,0.0,1.0,15.0,15.1,2.66,0.0,0,0.1
mbti,gpt_4_1_mini,ENTJ,memory,bull_trap,456,,gpt_4_1_mini|ENTJ|memory|bull_trap|456|,1,1.0,HOLD,99.94,99.94,99.94,50.0,0.0,1.0,15.0,15.1,2.65,0.0,0,0.06
mbti,gpt_4_1_mini,ENTJ,static,bull_trap,456,,gpt_4_1_mini|ENTJ|static|bull_trap|456|,1,1.0,HOLD,99.94,99.94,99.94,50.0,0.0,1.0,15.0,15.1,2.65,0.0,0,0.06
mbti,gpt_4_1_mini,INTJ,memory,bull_trap,456,,gpt_4_1_mini|INTJ|memory|bull_trap|456|,1,1.0,HOLD,99.94,99.94,99.94,50.0,0.0,1.0,15.0,15.1,2.65,0.0,0,0.06
mbti,gpt_4_1_mini,INTJ,static,bull_trap,456,,gpt_4_1_mini|INTJ|static|bull_trap|456|,1,1.0,HOLD,99.94,99.94,99.94,50.0,0.0,1.0,15.0,15.1,2.65,0.0,0,0.06
mbti,gpt_4_1_mini,ISFJ,memory,bull_trap,456,,gpt_4_1_mini|ISFJ|memory|bull_trap|456|,1,1.0,HOLD,99.94,99.94,99.94,50.0,0.0,1.0,15.0,15.1,2.65,0.0,0,0.06
mbti,gpt_4_1_mini,ISFJ,static,bull_trap,456,,gpt_4_1_mini|ISFJ|static|bull_trap|456|,1,0.5,BUY,99.94,99.94,99.94,50.0,0.0,1.0,15.0,15.1,2.65,0.0,0,0.06
mbti,gpt_4_1_mini,ENTJ,memory,bull_trap,789,,gpt_4_1_mini|ENTJ|memory|bull_trap|789|,1,1.0,HOLD,98.44,98.44,98.44,50.0,0.0,1.0,15.0,14.9,2.68,0.0,0,0.15
mbti,gpt_4_1_mini,ENTJ,static,bull_trap,789,,gpt_4_1_mini|ENTJ|static|bull_trap|789|,1,1.0,HOLD,98.44,98.44,98.44,50.0,0.0,1.0,15.0,14.9,2.68,0.0,0,0.15
mbti,gpt_4_1_mini,INTJ,memory,bull_trap,789,,gpt_4_1_mini|INTJ|memory|bull_trap|789|,1,1.0,HOLD,98.44,98.44,98.44,50.0,0.0,1.0,15.0,14.9,2.68,0.0,0,0.15
mbti,gpt_4_1_mini,INTJ,static,bull_trap,789,,gpt_4_1_mini|INTJ|static|bull_trap|789|,1,1.0,HOLD,98.44,98.44,98.44,50.0,0.0,1.0,15.0,14.9,2.68,0.0,0,0.15
mbti,gpt_4_1_mini,ISFJ,memory,bull_trap,789,,gpt_4_1_mini|ISFJ|memory|bull_trap|789|,1,1.0,HOLD,98.44,98.44,98.44,50.0,0.0,1.0,15.0,14.9,2.68,0.0,0,0.15
mbti,gpt_4_1_mini,ISFJ,static,bull_trap,789,,gpt_4_1_mini|ISFJ|static|bull_trap|789|,1,1.0,HOLD,98.44,98.44,98.44,50.0,0.0,1.0,15.0,14.9,2.68,0.0,0,0.15
mbti,gpt_4_1_mini,ENTJ,memory,bull_trap,999,,gpt_4_1_mini|ENTJ|memory|bull_trap|999|,1,1.0,HOLD,97.06,97.06,97.06,50.0,0.0,1.0,15.0,14.5,2.75,0.0,0,-0.01
mbti,gpt_4_1_mini,ENTJ,static,bull_trap,999,,gpt_4_1_mini|ENTJ|static|bull_trap|999|,1,1.0,HOLD,97.06,97.06,97.06,50.0,0.0,1.0,15.0,14.5,2.75,0.0,0,-0.01
mbti,gpt_4_1_mini,INTJ,memory,bull_trap,999,,gpt_4_1_mini|INTJ|memory|bull_trap|999|,1,1.0,HOLD,97.06,97.06,97.06,50.0,0.0,1.0,15.0,14.5,2.75,0.0,0,-0.01
mbti,gpt_4_1_mini,INTJ,static,bull_trap,999,,gpt_4_1_mini|INTJ|static|bull_trap|999|,1,1.0,HOLD,97.06,97.06,97.06,50.0,0.0,1.0,15.0,14.5,2.75,0.0,0,-0.01
mbti,gpt_4_1_mini,ISFJ,memory,bull_trap,999,,gpt_4_1_mini|ISFJ|memory|bull_trap|999|,1,1.0,HOLD,97.06,97.06,97.06,50.0,0.0,1.0,15.0,14.5,2.75,0.0,0,-0.01
mbti,gpt_4_1_mini,ISFJ,static,bull_trap,999,,gpt_4_1_mini|ISFJ|static|bull_trap|999|,1,1.0,HOLD,97.06,97.06,97.06,50.0,0.0,1.0,15.0,14.5,2.75,0.0,0,-0.01
mbti,gpt_4_1_mini,ENTJ,memory,crash,123,0.85,gpt_4_1_mini|ENTJ|memory|crash|123|0.85,1,1.0,HOLD,85.59,85.59,85.59,50.0,0.0,1.0,15.0,12.9,3.1,0.0,0,0.33
mbti,gpt_4_1_mini,ENTJ,static,crash,123,0.85,gpt_4_1_mini|ENTJ|static|crash|123|0.85,1,1.0,HOLD,85.59,85.59,85.59,50.0,0.0,1.0,15.0,12.9,3.1,0.0,0,0.33
mbti,gpt_4_1_mini,INTJ,memory,crash,123,0.85,gpt_4_1_mini|INTJ|memory|crash|123|0.85,1,1.0,HOLD,85.59,85.59,85.59,50.0,0.0,1.0,15.0,12.9,3.1,0.0,0,0.33
mbti,gpt_4_1_mini,INTJ,static,crash,123,0.85,gpt_4_1_mini|INTJ|static|crash|123|0.85,1,1.0,HOLD,85.59,85.59,85.59,50.0,0.0,1.0,15.0,12.9,3.1,0.0,0,0.33
mbti,gpt_4_1_mini,ISFJ,memory,crash,123,0.85,gpt_4_1_mini|ISFJ|memory|crash|123|0.85,1,1.0,HOLD,85.59,85.59,85.59,50.0,0.0,1.0,15.0,12.9,3.1,0.0,0,0.33
mbti,gpt_4_1_mini,ISFJ,static,crash,123,0.85,gpt_4_1_mini|ISFJ|static|crash|123|0.85,1,1.0,HOLD,85.59,85.59,85.59,50.0,0.0,1.0,15.0,12.9,3.1,0.0,0,0.33
mbti,gpt_4_1_mini,ENTJ,memory,crash,42,0.85,gpt_4_1_mini|ENTJ|memory|crash|42|0.85,1,1.0,HOLD,85.75,85.75,85.75,50.0,0.0,1.0,15.0,12.8,3.12,0.0,0,0.1
mbti,gpt_4_1_mini,ENTJ,static,crash,42,0.85,gpt_4_1_mini|ENTJ|static|crash|42|0.85,1,1.0,HOLD,85.75,85.75,85.75,50.0,0.0,1.0,15.0,12.8,3.12,0.0,0,0.1
mbti,gpt_4_1_mini,INTJ,memory,crash,42,0.85,gpt_4_1_mini|INTJ|memory|crash|42|0.85,1,1.0,HOLD,85.75,85.75,85.75,50.0,0.0,1.0,15.0,12.8,3.12,0.0,0,0.1
mbti,gpt_4_1_mini,INTJ,static,crash,42,0.85,gpt_4_1_mini|INTJ|static|crash|42|0.85,1,1.0,HOLD,85.75,85.75,85.75,50.0,0.0,1.0,15.0,12.8,3.12,0.0,0,0.1
mbti,gpt_4_1_mini,ISFJ,memory,crash,42,0.85,gpt_4_1_mini|ISFJ|memory|crash|42|0.85,1,1.0,HOLD,85.75,85.75,85.75,50.0,0.0,1.0,15.0,12.8,3.12,0.0,0,0.1
mbti,gpt_4_1_mini,ISFJ,static,crash,42,0.85,gpt_4_1_mini|ISFJ|static|crash|42|0.85,1,0.5,BUY,85.75,85.75,85.75,50.0,0.0,1.0,15.0,12.8,3.12,0.0,0,0.1
mbti,gpt_4_1_mini,ENTJ,memory,crash,456,0.85,gpt_4_1_mini|ENTJ|memory|crash|456|0.85,1,1.0,HOLD,85.48,85.48,85.48,50.0,0.0,1.0,15.0,12.9,3.11,0.0,0,0.06
mbti,gpt_4_1_mini,ENTJ,static,crash,456,0.85,gpt_4_1_mini|ENTJ|static|crash|456|0.85,1,1.0,HOLD,85.48,85.48,85.48,50.0,0.0,1.0,15.0,12.9,3.11,0.0,0,0.06
mbti,gpt_4_1_mini,INTJ,memory,crash,456,0.85,gpt_4_1_mini|INTJ|memory|crash|456|0.85,1,1.0,HOLD,85.48,85.48,85.48,50.0,0.0,1.0,15.0,12.9,3.11,0.0,0,0.06
mbti,gpt_4_1_mini,INTJ,static,crash,456,0.85,gpt_4_1_mini|INTJ|static|crash|456|0.85,1,1.0,HOLD,85.48,85.48,85.48,50.0,0.0,1.0,15.0,12.9,3.11,0.0,0,0.06
mbti,gpt_4_1_mini,ISFJ,memory,crash,456,0.85,gpt_4_1_mini|ISFJ|memory|crash|456|0.85,1,1.0,HOLD,85.48,85.48,85.48,50.0,0.0,1.0,15.0,12.9,3.11,0.0,0,0.06
mbti,gpt_4_1_mini,ISFJ,static,crash,456,0.85,gpt_4_1_mini|ISFJ|static|crash|456|0.85,1,0.7,BUY,85.48,85.48,85.48,50.0,0.0,1.0,15.0,12.9,3.11,0.0,0,0.06
mbti,gpt_4_1_mini,ENTJ,memory,crash,789,0.85,gpt_4_1_mini|ENTJ|memory|crash|789|0.85,1,1.0,HOLD,83.7,83.7,83.7,50.0,0.0,1.0,15.0,12.6,3.17,0.0,0,0.15
mbti,gpt_4_1_mini,ENTJ,static,crash,789,0.85,gpt_4_1_mini|ENTJ|static|crash|789|0.85,1,1.0,HOLD,83.7,83.7,83.7,50.0,0.0,1.0,15.0,12.6,3.17,0.0,0,0.15
mbti,gpt_4_1_mini,INTJ,memory,crash,789,0.85,gpt_4_1_mini|INTJ|memory|crash|789|0.85,1,1.0,HOLD,83.7,83.7,83.7,50.0,0.0,1.0,15.0,12.6,3.17,0.0,0,0.15
mbti,gpt_4_1_mini,INTJ,static,crash,789,0.85,gpt_4_1_mini|INTJ|static|crash|789|0.85,1,1.0,HOLD,83.7,83.7,83.7,50.0,0.0,1.0,15.0,12.6,3.17,0.0,0,0.15
mbti,gpt_4_1_mini,ISFJ,memory,crash,789,0.85,gpt_4_1_mini|ISFJ|memory|crash|789|0.85,1,1.0,HOLD,83.7,83.7,83.7,50.0,0.0,1.0,15.0,12.6,3.17,0.0,0,0.15
mbti,gpt_4_1_mini,ISFJ,static,crash,789,0.85,gpt_4_1_mini|ISFJ|static|crash|789|0.85,1,0.7,BUY,83.7,83.7,83.7,50.0,0.0,1.0,15.0,12.6,3.17,0.0,0,0.15
mbti,gpt_4_1_mini,ENTJ,memory,crash,999,0.85,gpt_4_1_mini|ENTJ|memory|crash|999|0.85,1,1.0,HOLD,80.3,80.3,80.3,50.0,0.0,1.0,15.0,12.0,3.32,0.0,0,-0.01
mbti,gpt_4_1_mini,ENTJ,static,crash,999,0.85,gpt_4_1_mini|ENTJ|static|crash|999|0.85,1,1.0,HOLD,80.3,80.3,80.3,50.0,0.0,1.0,15.0,12.0,3.32,0.0,0,-0.01
mbti,gpt_4_1_mini,INTJ,memory,crash,999,0.85,gpt_4_1_mini|INTJ|memory|crash|999|0.85,1,1.0,HOLD,80.3,80.3,80.3,50.0,0.0,1.0,15.0,12.0,3.32,0.0,0,-0.01
mbti,gpt_4_1_mini,INTJ,static,crash,999,0.85,gpt_4_1_mini|INTJ|static|crash|999|0.85,1,1.0,HOLD,80.3,80.3,80.3,50.0,0.0,1.0,15.0,12.0,3.32,0.0,0,-0.01
mbti,gpt_4_1_mini,ISFJ,memory,crash,999,0.85,gpt_4_1_mini|ISFJ|memory|crash|999|0.85,1,1.0,HOLD,80.3,80.3,80.3,50.0,0.0,1.0,15.0,12.0,3.32,0.0,0,-0.01
mbti,gpt_4_1_mini,ISFJ,static,crash,999,0.85,gpt_4_1_mini|ISFJ|static|crash|999|0.85,1,1.0,HOLD,80.3,80.3,80.3,50.0,0.0,1.0,15.0,12.0,3.32,0.0,0,-0.01
mbti,gpt_4_1_mini,ENTJ,memory,crash,123,0.92,gpt_4_1_mini|ENTJ|memory|crash|123|0.92,1,1.0,HOLD,92.56,92.56,92.56,50.0,0.0,1.0,15.0,14.0,2.87,0.0,0,0.33
mbti,gpt_4_1_mini,ENTJ,static,crash,123,0.92,gpt_4_1_mini|ENTJ|static|crash|123|0.92,1,1.0,HOLD,92.56,92.56,92.56,50.0,0.0,1.0,15.0,14.0,2.87,0.0,0,0.33
mbti,gpt_4_1_mini,INTJ,memory,crash,123,0.92,gpt_4_1_mini|INTJ|memory|crash|123|0.92,1,1.0,HOLD,92.56,92.56,92.56,50.0,0.0,1.0,15.0,14.0,2.87,0.0,0,0.33
mbti,gpt_4_1_mini,INTJ,static,crash,123,0.92,gpt_4_1_mini|INTJ|static|crash|123|0.92,1,1.0,HOLD,92.56,92.56,92.56,50.0,0.0,1.0,15.0,14.0,2.87,0.0,0,0.33
mbti,gpt_4_1_mini,ISFJ,memory,crash,123,0.92,gpt_4_1_mini|ISFJ|memory|crash|123|0.92,1,1.0,HOLD,92.56,92.56,92.56,50.0,0.0,1.0,15.0,14.0,2.87,0.0,0,0.33
mbti,gpt_4_1_mini,ISFJ,static,crash,123,0.92,gpt_4_1_mini|ISFJ|static|crash|123|0.92,1,1.0,HOLD,92.56,92.56,92.56,50.0,0.0,1.0,15.0,14.0,2.87,0.0,0,0.33
mbti,gpt_4_1_mini,ENTJ,memory,crash,42,0.92,gpt_4_1_mini|ENTJ|memory|crash|42|0.92,1,1.0,HOLD,92.77,92.77,92.77,50.0,0.0,1.0,15.0,13.9,2.88,0.0,0,0.1
mbti,gpt_4_1_mini,ENTJ,static,crash,42,0.92,gpt_4_1_mini|ENTJ|static|crash|42|0.92,1,1.0,HOLD,92.77,92.77,92.77,50.0,0.0,1.0,15.0,13.9,2.88,0.0,0,0.1
mbti,gpt_4_1_mini,INTJ,memory,crash,42,0.92,gpt_4_1_mini|INTJ|memory|crash|42|0.92,1,1.0,HOLD,92.77,92.77,92.77,50.0,0.0,1.0,15.0,13.9,2.88,0.0,0,0.1
mbti,gpt_4_1_mini,INTJ,static,crash,42,0.92,gpt_4_1_mini|INTJ|static|crash|42|0.92,1,1.0,HOLD,92.77,92.77,92.77,50.0,0.0,1.0,15.0,13.9,2.88,0.0,0,0.1
mbti,gpt_4_1_mini,ISFJ,memory,crash,42,0.92,gpt_4_1_mini|ISFJ|memory|crash|42|0.92,1,1.0,HOLD,92.77,92.77,92.77,50.0,0.0,1.0,15.0,13.9,2.88,0.0,0,0.1
mbti,gpt_4_1_mini,ISFJ,static,crash,42,0.92,gpt_4_1_mini|ISFJ|static|crash|42|0.92,1,1.0,HOLD,92.77,92.77,92.77,50.0,0.0,1.0,15.0,13.9,2.88,0.0,0,0.1
mbti,gpt_4_1_mini,ENTJ,memory,crash,456,0.92,gpt_4_1_mini|ENTJ|memory|crash|456|0.92,1,1.0,HOLD,92.46,92.46,92.46,50.0,0.0,1.0,15.0,13.9,2.87,0.0,0,0.06
mbti,gpt_4_1_mini,ENTJ,static,crash,456,0.92,gpt_4_1_mini|ENTJ|static|crash|456|0.92,1,1.0,HOLD,92.46,92.46,92.46,50.0,0.0,1.0,15.0,13.9,2.87,0.0,0,0.06
mbti,gpt_4_1_mini,INTJ,memory,crash,456,0.92,gpt_4_1_mini|INTJ|memory|crash|456|0.92,1,1.0,HOLD,92.46,92.46,92.46,50.0,0.0,1.0,15.0,13.9,2.87,0.0,0,0.06
mbti,gpt_4_1_mini,INTJ,static,crash,456,0.92,gpt_4_1_mini|INTJ|static|crash|456|0.92,1,1.0,HOLD,92.46,92.46,92.46,50.0,0.0,1.0,15.0,13.9,2.87,0.0,0,0.06
mbti,gpt_4_1_mini,ISFJ,memory,crash,456,0.92,gpt_4_1_mini|ISFJ|memory|crash|456|0.92,1,1.0,HOLD,92.46,92.46,92.46,50.0,0.0,1.0,15.0,13.9,2.87,0.0,0,0.06
mbti,gpt_4_1_mini,ISFJ,static,crash,456,0.92,gpt_4_1_mini|ISFJ|static|crash|456|0.92,1,1.0,HOLD,92.46,92.46,92.46,50.0,0.0,1.0,15.0,13.9,2.87,0.0,0,0.06
mbti,gpt_4_1_mini,ENTJ,memory,crash,789,0.92,gpt_4_1_mini|ENTJ|memory|crash|789|0.92,1,1.0,HOLD,90.66,90.66,90.66,50.0,0.0,1.0,15.0,13.7,2.93,0.0,0,0.15
mbti,gpt_4_1_mini,ENTJ,static,crash,789,0.92,gpt_4_1_mini|ENTJ|static|crash|789|0.92,1,1.0,HOLD,90.66,90.66,90.66,50.0,0.0,1.0,15.0,13.7,2.93,0.0,0,0.15
mbti,gpt_4_1_mini,INTJ,memory,crash,789,0.92,gpt_4_1_mini|INTJ|memory|crash|789|0.92,1,1.0,HOLD,90.66,90.66,90.66,50.0,0.0,1.0,15.0,13.7,2.93,0.0,0,0.15
mbti,gpt_4_1_mini,INTJ,static,crash,789,0.92,gpt_4_1_mini|INTJ|static|crash|789|0.92,1,1.0,HOLD,90.66,90.66,90.66,50.0,0.0,1.0,15.0,13.7,2.93,0.0,0,0.15
mbti,gpt_4_1_mini,ISFJ,memory,crash,789,0.92,gpt_4_1_mini|ISFJ|memory|crash|789|0.92,1,1.0,HOLD,90.66,90.66,90.66,50.0,0.0,1.0,15.0,13.7,2.93,0.0,0,0.15
mbti,gpt_4_1_mini,ISFJ,static,crash,789,0.92,gpt_4_1_mini|ISFJ|static|crash|789|0.92,1,1.0,HOLD,90.66,90.66,90.66,50.0,0.0,1.0,15.0,13.7,2.93,0.0,0,0.15
mbti,gpt_4_1_mini,ENTJ,memory,crash,999,0.92,gpt_4_1_mini|ENTJ|memory|crash|999|0.92,1,1.0,HOLD,87.3,87.3,87.3,50.0,0.0,1.0,15.0,13.1,3.06,0.0,0,-0.01
mbti,gpt_4_1_mini,ENTJ,static,crash,999,0.92,gpt_4_1_mini|ENTJ|static|crash|999|0.92,1,1.0,HOLD,87.3,87.3,87.3,50.0,0.0,1.0,15.0,13.1,3.06,0.0,0,-0.01
mbti,gpt_4_1_mini,INTJ,memory,crash,999,0.92,gpt_4_1_mini|INTJ|memory|crash|999|0.92,1,1.0,HOLD,87.3,87.3,87.3,50.0,0.0,1.0,15.0,13.1,3.06,0.0,0,-0.01
mbti,gpt_4_1_mini,INTJ,static,crash,999,0.92,gpt_4_1_mini|INTJ|static|crash|999|0.92,1,1.0,HOLD,87.3,87.3,87.3,50.0,0.0,1.0,15.0,13.1,3.06,0.0,0,-0.01
mbti,gpt_4_1_mini,ISFJ,memory,crash,999,0.92,gpt_4_1_mini|ISFJ|memory|crash|999|0.92,1,1.0,HOLD,87.3,87.3,87.3,50.0,0.0,1.0,15.0,13.1,3.06,0.0,0,-0.01
mbti,gpt_4_1_mini,ISFJ,static,crash,999,0.92,gpt_4_1_mini|ISFJ|static|crash|999|0.92,1,1.0,HOLD,87.3,87.3,87.3,50.0,0.0,1.0,15.0,13.1,3.06,0.0,0,-0.01
mbti,gpt_4_1_mini,ENTJ,memory,crash,123,0.95,gpt_4_1_mini|ENTJ|memory|crash|123|0.95,1,1.0,HOLD,95.54,95.54,95.54,50.0,0.0,1.0,15.0,14.4,2.78,0.0,0,0.33
mbti,gpt_4_1_mini,ENTJ,static,crash,123,0.95,gpt_4_1_mini|ENTJ|static|crash|123|0.95,1,1.0,HOLD,95.54,95.54,95.54,50.0,0.0,1.0,15.0,14.4,2.78,0.0,0,0.33
mbti,gpt_4_1_mini,INTJ,memory,crash,123,0.95,gpt_4_1_mini|INTJ|memory|crash|123|0.95,1,1.0,HOLD,95.54,95.54,95.54,50.0,0.0,1.0,15.0,14.4,2.78,0.0,0,0.33
mbti,gpt_4_1_mini,INTJ,static,crash,123,0.95,gpt_4_1_mini|INTJ|static|crash|123|0.95,1,1.0,HOLD,95.54,95.54,95.54,50.0,0.0,1.0,15.0,14.4,2.78,0.0,0,0.33
mbti,gpt_4_1_mini,ISFJ,memory,crash,123,0.95,gpt_4_1_mini|ISFJ|memory|crash|123|0.95,1,1.0,HOLD,95.54,95.54,95.54,50.0,0.0,1.0,15.0,14.4,2.78,0.0,0,0.33
mbti,gpt_4_1_mini,ISFJ,static,crash,123,0.95,gpt_4_1_mini|ISFJ|static|crash|123|0.95,1,0.5,BUY,95.54,95.54,95.54,50.0,0.0,1.0,15.0,14.4,2.78,0.0,0,0.33
mbti,gpt_4_1_mini,ENTJ,memory,crash,42,0.95,gpt_4_1_mini|ENTJ|memory|crash|42|0.95,1,1.0,HOLD,95.77,95.77,95.77,50.0,0.0,1.0,15.0,14.3,2.79,0.0,0,0.1
mbti,gpt_4_1_mini,ENTJ,static,crash,42,0.95,gpt_4_1_mini|ENTJ|static|crash|42|0.95,1,1.0,HOLD,95.77,95.77,95.77,50.0,0.0,1.0,15.0,14.3,2.79,0.0,0,0.1
mbti,gpt_4_1_mini,INTJ,memory,crash,42,0.95,gpt_4_1_mini|INTJ|memory|crash|42|0.95,1,1.0,HOLD,95.77,95.77,95.77,50.0,0.0,1.0,15.0,14.3,2.79,0.0,0,0.1
mbti,gpt_4_1_mini,INTJ,static,crash,42,0.95,gpt_4_1_mini|INTJ|static|crash|42|0.95,1,1.0,HOLD,95.77,95.77,95.77,50.0,0.0,1.0,15.0,14.3,2.79,0.0,0,0.1
mbti,gpt_4_1_mini,ISFJ,memory,crash,42,0.95,gpt_4_1_mini|ISFJ|memory|crash|42|0.95,1,1.0,HOLD,95.77,95.77,95.77,50.0,0.0,1.0,15.0,14.3,2.79,0.0,0,0.1
mbti,gpt_4_1_mini,ISFJ,static,crash,42,0.95,gpt_4_1_mini|ISFJ|static|crash|42|0.95,1,0.5,BUY,95.77,95.77,95.77,50.0,0.0,1.0,15.0,14.3,2.79,0.0,0,0.1
mbti,gpt_4_1_mini,ENTJ,memory,crash,456,0.95,gpt_4_1_mini|ENTJ|memory|crash|456|0.95,1,1.0,HOLD,95.45,95.45,95.45,50.0,0.0,1.0,15.0,14.4,2.78,0.0,0,0.06
mbti,gpt_4_1_mini,ENTJ,static,crash,456,0.95,gpt_4_1_mini|ENTJ|static|crash|456|0.95,1,1.0,HOLD,95.45,95.45,95.45,50.0,0.0,1.0,15.0,14.4,2.78,0.0,0,0.06
mbti,gpt_4_1_mini,INTJ,memory,crash,456,0.95,gpt_4_1_mini|INTJ|memory|crash|456|0.95,1,1.0,HOLD,95.45,95.45,95.45,50.0,0.0,1.0,15.0,14.4,2.78,0.0,0,0.06
mbti,gpt_4_1_mini,INTJ,static,crash,456,0.95,gpt_4_1_mini|INTJ|static|crash|456|0.95,1,1.0,HOLD,95.45,95.45,95.45,50.0,0.0,1.0,15.0,14.4,2.78,0.0,0,0.06
mbti,gpt_4_1_mini,ISFJ,memory,crash,456,0.95,gpt_4_1_mini|ISFJ|memory|crash|456|0.95,1,1.0,HOLD,95.45,95.45,95.45,50.0,0.0,1.0,15.0,14.4,2.78,0.0,0,0.06
mbti,gpt_4_1_mini,ISFJ,static,crash,456,0.95,gpt_4_1_mini|ISFJ|static|crash|456|0.95,1,0.7,BUY,95.45,95.45,95.45,50.0,0.0,1.0,15.0,14.4,2.78,0.0,0,0.06
mbti,gpt_4_1_mini,ENTJ,memory,crash,789,0.95,gpt_4_1_mini|ENTJ|memory|crash|789|0.95,1,1.0,HOLD,93.64,93.64,93.64,50.0,0.0,1.0,15.0,14.1,2.83,0.0,0,0.15
mbti,gpt_4_1_mini,ENTJ,static,crash,789,0.95,gpt_4_1_mini|ENTJ|static|crash|789|0.95,1,1.0,HOLD,93.64,93.64,93.64,50.0,0.0,1.0,15.0,14.1,2.83,0.0,0,0.15
mbti,gpt_4_1_mini,INTJ,memory,crash,789,0.95,gpt_4_1_mini|INTJ|memory|crash|789|0.95,1,1.0,HOLD,93.64,93.64,93.64,50.0,0.0,1.0,15.0,14.1,2.83,0.0,0,0.15
mbti,gpt_4_1_mini,INTJ,static,crash,789,0.95,gpt_4_1_mini|INTJ|static|crash|789|0.95,1,1.0,HOLD,93.64,93.64,93.64,50.0,0.0,1.0,15.0,14.1,2.83,0.0,0,0.15
mbti,gpt_4_1_mini,ISFJ,memory,crash,789,0.95,gpt_4_1_mini|ISFJ|memory|crash|789|0.95,1,1.0,HOLD,93.64,93.64,93.64,50.0,0.0,1.0,15.0,14.1,2.83,0.0,0,0.15
mbti,gpt_4_1_mini,ISFJ,static,crash,789,0.95,gpt_4_1_mini|ISFJ|static|crash|789|0.95,1,1.0,HOLD,93.64,93.64,93.64,50.0,0.0,1.0,15.0,14.1,2.83,0.0,0,0.15
mbti,gpt_4_1_mini,ENTJ,memory,crash,999,0.95,gpt_4_1_mini|ENTJ|memory|crash|999|0.95,1,1.0,HOLD,90.3,90.3,90.3,50.0,0.0,1.0,15.0,13.5,2.95,0.0,0,-0.01
mbti,gpt_4_1_mini,ENTJ,static,crash,999,0.95,gpt_4_1_mini|ENTJ|static|crash|999|0.95,1,1.0,HOLD,90.3,90.3,90.3,50.0,0.0,1.0,15.0,13.5,2.95,0.0,0,-0.01
mbti,gpt_4_1_mini,INTJ,memory,crash,999,0.95,gpt_4_1_mini|INTJ|memory|crash|999|0.95,1,1.0,HOLD,90.3,90.3,90.3,50.0,0.0,1.0,15.0,13.5,2.95,0.0,0,-0.01
mbti,gpt_4_1_mini,INTJ,static,crash,999,0.95,gpt_4_1_mini|INTJ|static|crash|999|0.95,1,1.0,HOLD,90.3,90.3,90.3,50.0,0.0,1.0,15.0,13.5,2.95,0.0,0,-0.01
mbti,gpt_4_1_mini,ISFJ,memory,crash,999,0.95,gpt_4_1_mini|ISFJ|memory|crash|999|0.95,1,1.0,HOLD,90.3,90.3,90.3,50.0,0.0,1.0,15.0,13.5,2.95,0.0,0,-0.01
mbti,gpt_4_1_mini,ISFJ,static,crash,999,0.95,gpt_4_1_mini|ISFJ|static|crash|999|0.95,1,1.0,HOLD,90.3,90.3,90.3,50.0,0.0,1.0,15.0,13.5,2.95,0.0,0,-0.01
mbti,gpt_4_1_mini,ENTJ,memory,flat,123,,gpt_4_1_mini|ENTJ|memory|flat|123|,1,1.0,HOLD,99.92,99.92,99.92,50.0,0.0,1.0,15.0,15.0,2.67,0.0,0,-0.04
mbti,gpt_4_1_mini,ENTJ,static,flat,123,,gpt_4_1_mini|ENTJ|static|flat|123|,1,1.0,HOLD,99.92,99.92,99.92,50.0,0.0,1.0,15.0,15.0,2.67,0.0,0,-0.04
mbti,gpt_4_1_mini,INTJ,memory,flat,123,,gpt_4_1_mini|INTJ|memory|flat|123|,1,1.0,HOLD,99.92,99.92,99.92,50.0,0.0,1.0,15.0,15.0,2.67,0.0,0,-0.04
mbti,gpt_4_1_mini,INTJ,static,flat,123,,gpt_4_1_mini|INTJ|static|flat|123|,1,1.0,HOLD,99.92,99.92,99.92,50.0,0.0,1.0,15.0,15.0,2.67,0.0,0,-0.04
mbti,gpt_4_1_mini,ISFJ,memory,flat,123,,gpt_4_1_mini|ISFJ|memory|flat|123|,1,1.0,HOLD,99.92,99.92,99.92,50.0,0.0,1.0,15.0,15.0,2.67,0.0,0,-0.04
mbti,gpt_4_1_mini,ISFJ,static,flat,123,,gpt_4_1_mini|ISFJ|static|flat|123|,1,1.0,HOLD,99.92,99.92,99.92,50.0,0.0,1.0,15.0,15.0,2.67,0.0,0,-0.04
mbti,gpt_4_1_mini,ENTJ,memory,flat,42,,gpt_4_1_mini|ENTJ|memory|flat|42|,1,1.0,HOLD,99.94,99.94,99.94,50.0,0.0,1.0,15.0,15.0,2.67,0.0,0,-0.17
mbti,gpt_4_1_mini,ENTJ,static,flat,42,,gpt_4_1_mini|ENTJ|static|flat|42|,1,1.0,HOLD,99.94,99.94,99.94,50.0,0.0,1.0,15.0,15.0,2.67,0.0,0,-0.17
mbti,gpt_4_1_mini,INTJ,memory,flat,42,,gpt_4_1_mini|INTJ|memory|flat|42|,1,1.0,HOLD,99.94,99.94,99.94,50.0,0.0,1.0,15.0,15.0,2.67,0.0,0,-0.17
mbti,gpt_4_1_mini,INTJ,static,flat,42,,gpt_4_1_mini|INTJ|static|flat|42|,1,1.0,HOLD,99.94,99.94,99.94,50.0,0.0,1.0,15.0,15.0,2.67,0.0,0,-0.17
mbti,gpt_4_1_mini,ISFJ,memory,flat,42,,gpt_4_1_mini|ISFJ|memory|flat|42|,1,1.0,HOLD,99.94,99.94,99.94,50.0,0.0,1.0,15.0,15.0,2.67,0.0,0,-0.17
mbti,gpt_4_1_mini,ISFJ,static,flat,42,,gpt_4_1_mini|ISFJ|static|flat|42|,1,1.0,HOLD,99.94,99.94,99.94,50.0,0.0,1.0,15.0,15.0,2.67,0.0,0,-0.17
mbti,gpt_4_1_mini,ENTJ,memory,flat,456,,gpt_4_1_mini|ENTJ|memory|flat|456|,1,1.0,HOLD,100.25,100.25,100.25,50.0,0.0,1.0,15.0,15.0,2.66,0.0,0,-0.39
mbti,gpt_4_1_mini,ENTJ,static,flat,456,,gpt_4_1_mini|ENTJ|static|flat|456|,1,1.0,HOLD,100.25,100.25,100.25,50.0,0.0,1.0,15.0,15.0,2.66,0.0,0,-0.39
mbti,gpt_4_1_mini,INTJ,memory,flat,456,,gpt_4_1_mini|INTJ|memory|flat|456|,1,1.0,HOLD,100.25,100.25,100.25,50.0,0.0,1.0,15.0,15.0,2.66,0.0,0,-0.39
mbti,gpt_4_1_mini,INTJ,static,flat,456,,gpt_4_1_mini|INTJ|static|flat|456|,1,1.0,HOLD,100.25,100.25,100.25,50.0,0.0,1.0,15.0,15.0,2.66,0.0,0,-0.39
mbti,gpt_4_1_mini,ISFJ,memory,flat,456,,gpt_4_1_mini|ISFJ|memory|flat|456|,1,1.0,HOLD,100.25,100.25,100.25,50.0,0.0,1.0,15.0,15.0,2.66,0.0,0,-0.39
mbti,gpt_4_1_mini,ISFJ,static,flat,456,,gpt_4_1_mini|ISFJ|static|flat|456|,1,1.0,HOLD,100.25,100.25,100.25,50.0,0.0,1.0,15.0,15.0,2.66,0.0,0,-0.39
mbti,gpt_4_1_mini,ENTJ,memory,flat,789,,gpt_4_1_mini|ENTJ|memory|flat|789|,1,1.0,HOLD,100.19,100.19,100.19,50.0,0.0,1.0,15.0,15.0,2.66,0.0,0,0.26
mbti,gpt_4_1_mini,ENTJ,static,flat,789,,gpt_4_1_mini|ENTJ|static|flat|789|,1,1.0,HOLD,100.19,100.19,100.19,50.0,0.0,1.0,15.0,15.0,2.66,0.0,0,0.26
mbti,gpt_4_1_mini,INTJ,memory,flat,789,,gpt_4_1_mini|INTJ|memory|flat|789|,1,1.0,HOLD,100.19,100.19,100.19,50.0,0.0,1.0,15.0,15.0,2.66,0.0,0,0.26
mbti,gpt_4_1_mini,INTJ,static,flat,789,,gpt_4_1_mini|INTJ|static|flat|789|,1,1.0,HOLD,100.19,100.19,100.19,50.0,0.0,1.0,15.0,15.0,2.66,0.0,0,0.26
mbti,gpt_4_1_mini,ISFJ,memory,flat,789,,gpt_4_1_mini|ISFJ|memory|flat|789|,1,1.0,HOLD,100.19,100.19,100.19,50.0,0.0,1.0,15.0,15.0,2.66,0.0,0,0.26
mbti,gpt_4_1_mini,ISFJ,static,flat,789,,gpt_4_1_mini|ISFJ|static|flat|789|,1,1.0,HOLD,100.19,100.19,100.19,50.0,0.0,1.0,15.0,15.0,2.66,0.0,0,0.26
mbti,gpt_4_1_mini,ENTJ,memory,flat,999,,gpt_4_1_mini|ENTJ|memory|flat|999|,1,1.0,HOLD,100.38,100.38,100.38,50.0,0.0,1.0,15.0,15.1,2.66,0.0,0,0.08
mbti,gpt_4_1_mini,ENTJ,static,flat,999,,gpt_4_1_mini|ENTJ|static|flat|999|,1,1.0,HOLD,100.38,100.38,100.38,50.0,0.0,1.0,15.0,15.1,2.66,0.0,0,0.08
mbti,gpt_4_1_mini,INTJ,memory,flat,999,,gpt_4_1_mini|INTJ|memory|flat|999|,1,1.0,HOLD,100.38,100.38,100.38,50.0,0.0,1.0,15.0,15.1,2.66,0.0,0,0.08
mbti,gpt_4_1_mini,INTJ,static,flat,999,,gpt_4_1_mini|INTJ|static|flat|999|,1,1.0,HOLD,100.38,100.38,100.38,50.0,0.0,1.0,15.0,15.1,2.66,0.0,0,0.08
mbti,gpt_4_1_mini,ISFJ,memory,flat,999,,gpt_4_1_mini|ISFJ|memory|flat|999|,1,1.0,HOLD,100.38,100.38,100.38,50.0,0.0,1.0,15.0,15.1,2.66,0.0,0,0.08
mbti,gpt_4_1_mini,ISFJ,static,flat,999,,gpt_4_1_mini|ISFJ|static|flat|999|,1,1.0,HOLD,100.38,100.38,100.38,50.0,0.0,1.0,15.0,15.1,2.66,0.0,0,0.08
mbti,gpt_4o,ENTJ,memory,bull_trap,123,,gpt_4o|ENTJ|memory|bull_trap|123|,1,1.0,HOLD,99.72,99.72,99.72,50.0,0.0,1.0,15.0,15.1,2.65,0.0,0,0.33
mbti,gpt_4o,ENTJ,static,bull_trap,123,,gpt_4o|ENTJ|static|bull_trap|123|,1,1.0,HOLD,99.72,99.72,99.72,50.0,0.0,1.0,15.0,15.1,2.65,0.0,0,0.33
mbti,gpt_4o,INTJ,memory,bull_trap,123,,gpt_4o|INTJ|memory|bull_trap|123|,1,1.0,HOLD,99.72,99.72,99.72,50.0,0.0,1.0,15.0,15.1,2.65,0.0,0,0.33
mbti,gpt_4o,INTJ,static,bull_trap,123,,gpt_4o|INTJ|static|bull_trap|123|,1,1.0,HOLD,99.72,99.72,99.72,50.0,0.0,1.0,15.0,15.1,2.65,0.0,0,0.33
mbti,gpt_4o,ISFJ,memory,bull_trap,123,,gpt_4o|ISFJ|memory|bull_trap|123|,1,1.0,HOLD,99.72,99.72,99.72,50.0,0.0,1.0,15.0,15.1,2.65,0.0,0,0.33
mbti,gpt_4o,ISFJ,static,bull_trap,123,,gpt_4o|ISFJ|static|bull_trap|123|,1,1.0,HOLD,99.72,99.72,99.72,50.0,0.0,1.0,15.0,15.1,2.65,0.0,0,0.33
mbti,gpt_4o,ENTJ,memory,bull_trap,42,,gpt_4o|ENTJ|memory|bull_trap|42|,1,1.0,HOLD,100.96,100.96,100.96,50.0,0.0,1.0,15.0,15.1,2.66,0.0,0,0.1
mbti,gpt_4o,ENTJ,static,bull_trap,42,,gpt_4o|ENTJ|static|bull_trap|42|,1,1.0,HOLD,100.96,100.96,100.96,50.0,0.0,1.0,15.0,15.1,2.66,0.0,0,0.1
mbti,gpt_4o,INTJ,memory,bull_trap,42,,gpt_4o|INTJ|memory|bull_trap|42|,1,1.0,HOLD,100.96,100.96,100.96,50.0,0.0,1.0,15.0,15.1,2.66,0.0,0,0.1
mbti,gpt_4o,INTJ,static,bull_trap,42,,gpt_4o|INTJ|static|bull_trap|42|,1,1.0,HOLD,100.96,100.96,100.96,50.0,0.0,1.0,15.0,15.1,2.66,0.0,0,0.1
mbti,gpt_4o,ISFJ,memory,bull_trap,42,,gpt_4o|ISFJ|memory|bull_trap|42|,1,1.0,HOLD,100.96,100.96,100.96,50.0,0.0,1.0,15.0,15.1,2.66,0.0,0,0.1
mbti,gpt_4o,ISFJ,static,bull_trap,42,,gpt_4o|ISFJ|static|bull_trap|42|,1,1.0,HOLD,100.96,100.96,100.96,50.0,0.0,1.0,15.0,15.1,2.66,0.0,0,0.1
mbti,gpt_4o,ENTJ,memory,bull_trap,456,,gpt_4o|ENTJ|memory|bull_trap|456|,1,1.0,HOLD,99.94,99.94,99.94,50.0,0.0,1.0,15.0,15.1,2.65,0.0,0,0.06
mbti,gpt_4o,ENTJ,static,bull_trap,456,,gpt_4o|ENTJ|static|bull_trap|456|,1,1.0,HOLD,99.94,99.94,99.94,50.0,0.0,1.0,15.0,15.1,2.65,0.0,0,0.06
mbti,gpt_4o,INTJ,memory,bull_trap,456,,gpt_4o|INTJ|memory|bull_trap|456|,1,1.0,HOLD,99.94,99.94,99.94,50.0,0.0,1.0,15.0,15.1,2.65,0.0,0,0.06
mbti,gpt_4o,INTJ,static,bull_trap,456,,gpt_4o|INTJ|static|bull_trap|456|,1,1.0,HOLD,99.94,99.94,99.94,50.0,0.0,1.0,15.0,15.1,2.65,0.0,0,0.06
mbti,gpt_4o,ISFJ,memory,bull_trap,456,,gpt_4o|ISFJ|memory|bull_trap|456|,1,1.0,HOLD,99.94,99.94,99.94,50.0,0.0,1.0,15.0,15.1,2.65,0.0,0,0.06
mbti,gpt_4o,ISFJ,static,bull_trap,456,,gpt_4o|ISFJ|static|bull_trap|456|,1,1.0,HOLD,99.94,99.94,99.94,50.0,0.0,1.0,15.0,15.1,2.65,0.0,0,0.06
mbti,gpt_4o,ENTJ,memory,bull_trap,789,,gpt_4o|ENTJ|memory|bull_trap|789|,1,1.0,HOLD,98.44,98.44,98.44,50.0,0.0,1.0,15.0,14.9,2.68,0.0,0,0.15
mbti,gpt_4o,ENTJ,static,bull_trap,789,,gpt_4o|ENTJ|static|bull_trap|789|,1,1.0,HOLD,98.44,98.44,98.44,50.0,0.0,1.0,15.0,14.9,2.68,0.0,0,0.15
mbti,gpt_4o,INTJ,memory,bull_trap,789,,gpt_4o|INTJ|memory|bull_trap|789|,1,1.0,HOLD,98.44,98.44,98.44,50.0,0.0,1.0,15.0,14.9,2.68,0.0,0,0.15
mbti,gpt_4o,INTJ,static,bull_trap,789,,gpt_4o|INTJ|static|bull_trap|789|,1,1.0,HOLD,98.44,98.44,98.44,50.0,0.0,1.0,15.0,14.9,2.68,0.0,0,0.15
mbti,gpt_4o,ISFJ,memory,bull_trap,789,,gpt_4o|ISFJ|memory|bull_trap|789|,1,1.0,HOLD,98.44,98.44,98.44,50.0,0.0,1.0,15.0,14.9,2.68,0.0,0,0.15
mbti,gpt_4o,ISFJ,static,bull_trap,789,,gpt_4o|ISFJ|static|bull_trap|789|,1,1.0,HOLD,98.44,98.44,98.44,50.0,0.0,1.0,15.0,14.9,2.68,0.0,0,0.15
mbti,gpt_4o,ENTJ,memory,bull_trap,999,,gpt_4o|ENTJ|memory|bull_trap|999|,1,1.0,HOLD,97.06,97.06,97.06,50.0,0.0,1.0,15.0,14.5,2.75,0.0,0,-0.01
mbti,gpt_4o,ENTJ,static,bull_trap,999,,gpt_4o|ENTJ|static|bull_trap|999|,1,1.0,HOLD,97.06,97.06,97.06,50.0,0.0,1.0,15.0,14.5,2.75,0.0,0,-0.01
mbti,gpt_4o,INTJ,memory,bull_trap,999,,gpt_4o|INTJ|memory|bull_trap|999|,1,1.0,HOLD,97.06,97.06,97.06,50.0,0.0,1.0,15.0,14.5,2.75,0.0,0,-0.01
mbti,gpt_4o,INTJ,static,bull_trap,999,,gpt_4o|INTJ|static|bull_trap|999|,1,1.0,HOLD,97.06,97.06,97.06,50.0,0.0,1.0,15.0,14.5,2.75,0.0,0,-0.01
mbti,gpt_4o,ISFJ,memory,bull_trap,999,,gpt_4o|ISFJ|memory|bull_trap|999|,1,1.0,HOLD,97.06,97.06,97.06,50.0,0.0,1.0,15.0,14.5,2.75,0.0,0,-0.01
mbti,gpt_4o,ISFJ,static,bull_trap,999,,gpt_4o|ISFJ|static|bull_trap|999|,1,1.0,HOLD,97.06,97.06,97.06,50.0,0.0,1.0,15.0,14.5,2.75,0.0,0,-0.01
mbti,gpt_4o,ENTJ,memory,crash,123,0.85,gpt_4o|ENTJ|memory|crash|123|0.85,1,1.0,HOLD,85.59,85.59,85.59,50.0,0.0,1.0,15.0,12.9,3.1,0.0,0,0.33
mbti,gpt_4o,ENTJ,static,crash,123,0.85,gpt_4o|ENTJ|static|crash|123|0.85,1,1.0,HOLD,85.59,85.59,85.59,50.0,0.0,1.0,15.0,12.9,3.1,0.0,0,0.33
mbti,gpt_4o,INTJ,memory,crash,123,0.85,gpt_4o|INTJ|memory|crash|123|0.85,1,1.0,HOLD,85.59,85.59,85.59,50.0,0.0,1.0,15.0,12.9,3.1,0.0,0,0.33
mbti,gpt_4o,INTJ,static,crash,123,0.85,gpt_4o|INTJ|static|crash|123|0.85,1,1.0,HOLD,85.59,85.59,85.59,50.0,0.0,1.0,15.0,12.9,3.1,0.0,0,0.33
mbti,gpt_4o,ISFJ,memory,crash,123,0.85,gpt_4o|ISFJ|memory|crash|123|0.85,1,1.0,HOLD,85.59,85.59,85.59,50.0,0.0,1.0,15.0,12.9,3.1,0.0,0,0.33
mbti,gpt_4o,ISFJ,static,crash,123,0.85,gpt_4o|ISFJ|static|crash|123|0.85,1,1.0,HOLD,85.59,85.59,85.59,50.0,0.0,1.0,15.0,12.9,3.1,0.0,0,0.33
mbti,gpt_4o,ENTJ,memory,crash,42,0.85,gpt_4o|ENTJ|memory|crash|42|0.85,1,1.0,HOLD,85.75,85.75,85.75,50.0,0.0,1.0,15.0,12.8,3.12,0.0,0,0.1
mbti,gpt_4o,ENTJ,static,crash,42,0.85,gpt_4o|ENTJ|static|crash|42|0.85,1,1.0,HOLD,85.75,85.75,85.75,50.0,0.0,1.0,15.0,12.8,3.12,0.0,0,0.1
mbti,gpt_4o,INTJ,memory,crash,42,0.85,gpt_4o|INTJ|memory|crash|42|0.85,1,1.0,HOLD,85.75,85.75,85.75,50.0,0.0,1.0,15.0,12.8,3.12,0.0,0,0.1
mbti,gpt_4o,INTJ,static,crash,42,0.85,gpt_4o|INTJ|static|crash|42|0.85,1,1.0,HOLD,85.75,85.75,85.75,50.0,0.0,1.0,15.0,12.8,3.12,0.0,0,0.1
mbti,gpt_4o,ISFJ,memory,crash,42,0.85,gpt_4o|ISFJ|memory|crash|42|0.85,1,1.0,HOLD,85.75,85.75,85.75,50.0,0.0,1.0,15.0,12.8,3.12,0.0,0,0.1
mbti,gpt_4o,ISFJ,static,crash,42,0.85,gpt_4o|ISFJ|static|crash|42|0.85,1,1.0,HOLD,85.75,85.75,85.75,50.0,0.0,1.0,15.0,12.8,3.12,0.0,0,0.1
mbti,gpt_4o,ENTJ,memory,crash,456,0.85,gpt_4o|ENTJ|memory|crash|456|0.85,1,1.0,HOLD,85.48,85.48,85.48,50.0,0.0,1.0,15.0,12.9,3.11,0.0,0,0.06
mbti,gpt_4o,ENTJ,static,crash,456,0.85,gpt_4o|ENTJ|static|crash|456|0.85,1,1.0,HOLD,85.48,85.48,85.48,50.0,0.0,1.0,15.0,12.9,3.11,0.0,0,0.06
mbti,gpt_4o,INTJ,memory,crash,456,0.85,gpt_4o|INTJ|memory|crash|456|0.85,1,1.0,HOLD,85.48,85.48,85.48,50.0,0.0,1.0,15.0,12.9,3.11,0.0,0,0.06
mbti,gpt_4o,INTJ,static,crash,456,0.85,gpt_4o|INTJ|static|crash|456|0.85,1,1.0,HOLD,85.48,85.48,85.48,50.0,0.0,1.0,15.0,12.9,3.11,0.0,0,0.06
mbti,gpt_4o,ISFJ,memory,crash,456,0.85,gpt_4o|ISFJ|memory|crash|456|0.85,1,1.0,HOLD,85.48,85.48,85.48,50.0,0.0,1.0,15.0,12.9,3.11,0.0,0,0.06
mbti,gpt_4o,ISFJ,static,crash,456,0.85,gpt_4o|ISFJ|static|crash|456|0.85,1,1.0,HOLD,85.48,85.48,85.48,50.0,0.0,1.0,15.0,12.9,3.11,0.0,0,0.06
mbti,gpt_4o,ENTJ,memory,crash,789,0.85,gpt_4o|ENTJ|memory|crash|789|0.85,1,1.0,HOLD,83.7,83.7,83.7,50.0,0.0,1.0,15.0,12.6,3.17,0.0,0,0.15
mbti,gpt_4o,ENTJ,static,crash,789,0.85,gpt_4o|ENTJ|static|crash|789|0.85,1,1.0,HOLD,83.7,83.7,83.7,50.0,0.0,1.0,15.0,12.6,3.17,0.0,0,0.15
mbti,gpt_4o,INTJ,memory,crash,789,0.85,gpt_4o|INTJ|memory|crash|789|0.85,1,1.0,HOLD,83.7,83.7,83.7,50.0,0.0,1.0,15.0,12.6,3.17,0.0,0,0.15
mbti,gpt_4o,INTJ,static,crash,789,0.85,gpt_4o|INTJ|static|crash|789|0.85,1,1.0,HOLD,83.7,83.7,83.7,50.0,0.0,1.0,15.0,12.6,3.17,0.0,0,0.15
mbti,gpt_4o,ISFJ,memory,crash,789,0.85,gpt_4o|ISFJ|memory|crash|789|0.85,1,1.0,HOLD,83.7,83.7,83.7,50.0,0.0,1.0,15.0,12.6,3.17,0.0,0,0.15
mbti,gpt_4o,ISFJ,static,crash,789,0.85,gpt_4o|ISFJ|static|crash|789|0.85,1,1.0,HOLD,83.7,83.7,83.7,50.0,0.0,1.0,15.0,12.6,3.17,0.0,0,0.15
mbti,gpt_4o,ENTJ,memory,crash,999,0.85,gpt_4o|ENTJ|memory|crash|999|0.85,1,1.0,HOLD,80.3,80.3,80.3,50.0,0.0,1.0,15.0,12.0,3.32,0.0,0,-0.01
mbti,gpt_4o,ENTJ,static,crash,999,0.85,gpt_4o|ENTJ|static|crash|999|0.85,1,1.0,HOLD,80.3,80.3,80.3,50.0,0.0,1.0,15.0,12.0,3.32,0.0,0,-0.01
mbti,gpt_4o,INTJ,memory,crash,999,0.85,gpt_4o|INTJ|memory|crash|999|0.85,1,1.0,HOLD,80.3,80.3,80.3,50.0,0.0,1.0,15.0,12.0,3.32,0.0,0,-0.01
mbti,gpt_4o,INTJ,static,crash,999,0.85,gpt_4o|INTJ|static|crash|999|0.85,1,1.0,HOLD,80.3,80.3,80.3,50.0,0.0,1.0,15.0,12.0,3.32,0.0,0,-0.01
mbti,gpt_4o,ISFJ,memory,crash,999,0.85,gpt_4o|ISFJ|memory|crash|999|0.85,1,1.0,HOLD,80.3,80.3,80.3,50.0,0.0,1.0,15.0,12.0,3.32,0.0,0,-0.01
mbti,gpt_4o,ISFJ,static,crash,999,0.85,gpt_4o|ISFJ|static|crash|999|0.85,1,1.0,HOLD,80.3,80.3,80.3,50.0,0.0,1.0,15.0,12.0,3.32,0.0,0,-0.01
mbti,gpt_4o,ENTJ,memory,crash,123,0.92,gpt_4o|ENTJ|memory|crash|123|0.92,1,1.0,HOLD,92.56,92.56,92.56,50.0,0.0,1.0,15.0,14.0,2.87,0.0,0,0.33
mbti,gpt_4o,ENTJ,static,crash,123,0.92,gpt_4o|ENTJ|static|crash|123|0.92,1,1.0,HOLD,92.56,92.56,92.56,50.0,0.0,1.0,15.0,14.0,2.87,0.0,0,0.33
mbti,gpt_4o,INTJ,memory,crash,123,0.92,gpt_4o|INTJ|memory|crash|123|0.92,1,1.0,HOLD,92.56,92.56,92.56,50.0,0.0,1.0,15.0,14.0,2.87,0.0,0,0.33
mbti,gpt_4o,INTJ,static,crash,123,0.92,gpt_4o|INTJ|static|crash|123|0.92,1,1.0,HOLD,92.56,92.56,92.56,50.0,0.0,1.0,15.0,14.0,2.87,0.0,0,0.33
mbti,gpt_4o,ISFJ,memory,crash,123,0.92,gpt_4o|ISFJ|memory|crash|123|0.92,1,1.0,HOLD,92.56,92.56,92.56,50.0,0.0,1.0,15.0,14.0,2.87,0.0,0,0.33
mbti,gpt_4o,ISFJ,static,crash,123,0.92,gpt_4o|ISFJ|static|crash|123|0.92,1,1.0,HOLD,92.56,92.56,92.56,50.0,0.0,1.0,15.0,14.0,2.87,0.0,0,0.33
mbti,gpt_4o,ENTJ,memory,crash,42,0.92,gpt_4o|ENTJ|memory|crash|42|0.92,1,1.0,HOLD,92.77,92.77,92.77,50.0,0.0,1.0,15.0,13.9,2.88,0.0,0,0.1
mbti,gpt_4o,ENTJ,static,crash,42,0.92,gpt_4o|ENTJ|static|crash|42|0.92,1,1.0,HOLD,92.77,92.77,92.77,50.0,0.0,1.0,15.0,13.9,2.88,0.0,0,0.1
mbti,gpt_4o,INTJ,memory,crash,42,0.92,gpt_4o|INTJ|memory|crash|42|0.92,1,1.0,HOLD,92.77,92.77,92.77,50.0,0.0,1.0,15.0,13.9,2.88,0.0,0,0.1
mbti,gpt_4o,INTJ,static,crash,42,0.92,gpt_4o|INTJ|static|crash|42|0.92,1,1.0,HOLD,92.77,92.77,92.77,50.0,0.0,1.0,15.0,13.9,2.88,0.0,0,0.1
mbti,gpt_4o,ISFJ,memory,crash,42,0.92,gpt_4o|ISFJ|memory|crash|42|0.92,1,1.0,HOLD,92.77,92.77,92.77,50.0,0.0,1.0,15.0,13.9,2.88,0.0,0,0.1
mbti,gpt_4o,ISFJ,static,crash,42,0.92,gpt_4o|ISFJ|static|crash|42|0.92,1,1.0,HOLD,92.77,92.77,92.77,50.0,0.0,1.0,15.0,13.9,2.88,0.0,0,0.1
mbti,gpt_4o,ENTJ,memory,crash,456,0.92,gpt_4o|ENTJ|memory|crash|456|0.92,1,1.0,HOLD,92.46,92.46,92.46,50.0,0.0,1.0,15.0,13.9,2.87,0.0,0,0.06
mbti,gpt_4o,ENTJ,static,crash,456,0.92,gpt_4o|ENTJ|static|crash|456|0.92,1,1.0,HOLD,92.46,92.46,92.46,50.0,0.0,1.0,15.0,13.9,2.87,0.0,0,0.06
mbti,gpt_4o,INTJ,memory,crash,456,0.92,gpt_4o|INTJ|memory|crash|456|0.92,1,1.0,HOLD,92.46,92.46,92.46,50.0,0.0,1.0,15.0,13.9,2.87,0.0,0,0.06
mbti,gpt_4o,INTJ,static,crash,456,0.92,gpt_4o|INTJ|static|crash|456|0.92,1,1.0,HOLD,92.46,92.46,92.46,50.0,0.0,1.0,15.0,13.9,2.87,0.0,0,0.06
mbti,gpt_4o,ISFJ,memory,crash,456,0.92,gpt_4o|ISFJ|memory|crash|456|0.92,1,1.0,HOLD,92.46,92.46,92.46,50.0,0.0,1.0,15.0,13.9,2.87,0.0,0,0.06
mbti,gpt_4o,ISFJ,static,crash,456,0.92,gpt_4o|ISFJ|static|crash|456|0.92,1,1.0,HOLD,92.46,92.46,92.46,50.0,0.0,1.0,15.0,13.9,2.87,0.0,0,0.06
mbti,gpt_4o,ENTJ,memory,crash,789,0.92,gpt_4o|ENTJ|memory|crash|789|0.92,1,1.0,HOLD,90.66,90.66,90.66,50.0,0.0,1.0,15.0,13.7,2.93,0.0,0,0.15
mbti,gpt_4o,ENTJ,static,crash,789,0.92,gpt_4o|ENTJ|static|crash|789|0.92,1,1.0,HOLD,90.66,90.66,90.66,50.0,0.0,1.0,15.0,13.7,2.93,0.0,0,0.15
mbti,gpt_4o,INTJ,memory,crash,789,0.92,gpt_4o|INTJ|memory|crash|789|0.92,1,1.0,HOLD,90.66,90.66,90.66,50.0,0.0,1.0,15.0,13.7,2.93,0.0,0,0.15
mbti,gpt_4o,INTJ,static,crash,789,0.92,gpt_4o|INTJ|static|crash|789|0.92,1,1.0,HOLD,90.66,90.66,90.66,50.0,0.0,1.0,15.0,13.7,2.93,0.0,0,0.15
mbti,gpt_4o,ISFJ,memory,crash,789,0.92,gpt_4o|ISFJ|memory|crash|789|0.92,1,1.0,HOLD,90.66,90.66,90.66,50.0,0.0,1.0,15.0,13.7,2.93,0.0,0,0.15
mbti,gpt_4o,ISFJ,static,crash,789,0.92,gpt_4o|ISFJ|static|crash|789|0.92,1,1.0,HOLD,90.66,90.66,90.66,50.0,0.0,1.0,15.0,13.7,2.93,0.0,0,0.15
mbti,gpt_4o,ENTJ,memory,crash,999,0.92,gpt_4o|ENTJ|memory|crash|999|0.92,1,1.0,HOLD,87.3,87.3,87.3,50.0,0.0,1.0,15.0,13.1,3.06,0.0,0,-0.01
mbti,gpt_4o,ENTJ,static,crash,999,0.92,gpt_4o|ENTJ|static|crash|999|0.92,1,1.0,HOLD,87.3,87.3,87.3,50.0,0.0,1.0,15.0,13.1,3.06,0.0,0,-0.01
mbti,gpt_4o,INTJ,memory,crash,999,0.92,gpt_4o|INTJ|memory|crash|999|0.92,1,1.0,HOLD,87.3,87.3,87.3,50.0,0.0,1.0,15.0,13.1,3.06,0.0,0,-0.01
mbti,gpt_4o,INTJ,static,crash,999,0.92,gpt_4o|INTJ|static|crash|999|0.92,1,1.0,HOLD,87.3,87.3,87.3,50.0,0.0,1.0,15.0,13.1,3.06,0.0,0,-0.01
mbti,gpt_4o,ISFJ,memory,crash,999,0.92,gpt_4o|ISFJ|memory|crash|999|0.92,1,1.0,HOLD,87.3,87.3,87.3,50.0,0.0,1.0,15.0,13.1,3.06,0.0,0,-0.01
mbti,gpt_4o,ISFJ,static,crash,999,0.92,gpt_4o|ISFJ|static|crash|999|0.92,1,1.0,HOLD,87.3,87.3,87.3,50.0,0.0,1.0,15.0,13.1,3.06,0.0,0,-0.01
mbti,gpt_4o,ENTJ,memory,crash,123,0.95,gpt_4o|ENTJ|memory|crash|123|0.95,1,1.0,HOLD,95.54,95.54,95.54,50.0,0.0,1.0,15.0,14.4,2.78,0.0,0,0.33
mbti,gpt_4o,ENTJ,static,crash,123,0.95,gpt_4o|ENTJ|static|crash|123|0.95,1,1.0,HOLD,95.54,95.54,95.54,50.0,0.0,1.0,15.0,14.4,2.78,0.0,0,0.33
mbti,gpt_4o,INTJ,memory,crash,123,0.95,gpt_4o|INTJ|memory|crash|123|0.95,1,1.0,HOLD,95.54,95.54,95.54,50.0,0.0,1.0,15.0,14.4,2.78,0.0,0,0.33
mbti,gpt_4o,INTJ,static,crash,123,0.95,gpt_4o|INTJ|static|crash|123|0.95,1,1.0,HOLD,95.54,95.54,95.54,50.0,0.0,1.0,15.0,14.4,2.78,0.0,0,0.33
mbti,gpt_4o,ISFJ,memory,crash,123,0.95,gpt_4o|ISFJ|memory|crash|123|0.95,1,1.0,HOLD,95.54,95.54,95.54,50.0,0.0,1.0,15.0,14.4,2.78,0.0,0,0.33
mbti,gpt_4o,ISFJ,static,crash,123,0.95,gpt_4o|ISFJ|static|crash|123|0.95,1,1.0,HOLD,95.54,95.54,95.54,50.0,0.0,1.0,15.0,14.4,2.78,0.0,0,0.33
mbti,gpt_4o,ENTJ,memory,crash,42,0.95,gpt_4o|ENTJ|memory|crash|42|0.95,1,1.0,HOLD,95.77,95.77,95.77,50.0,0.0,1.0,15.0,14.3,2.79,0.0,0,0.1
mbti,gpt_4o,ENTJ,static,crash,42,0.95,gpt_4o|ENTJ|static|crash|42|0.95,1,1.0,HOLD,95.77,95.77,95.77,50.0,0.0,1.0,15.0,14.3,2.79,0.0,0,0.1
mbti,gpt_4o,INTJ,memory,crash,42,0.95,gpt_4o|INTJ|memory|crash|42|0.95,1,1.0,HOLD,95.77,95.77,95.77,50.0,0.0,1.0,15.0,14.3,2.79,0.0,0,0.1
mbti,gpt_4o,INTJ,static,crash,42,0.95,gpt_4o|INTJ|static|crash|42|0.95,1,1.0,HOLD,95.77,95.77,95.77,50.0,0.0,1.0,15.0,14.3,2.79,0.0,0,0.1
mbti,gpt_4o,ISFJ,memory,crash,42,0.95,gpt_4o|ISFJ|memory|crash|42|0.95,1,1.0,HOLD,95.77,95.77,95.77,50.0,0.0,1.0,15.0,14.3,2.79,0.0,0,0.1
mbti,gpt_4o,ISFJ,static,crash,42,0.95,gpt_4o|ISFJ|static|crash|42|0.95,1,1.0,HOLD,95.77,95.77,95.77,50.0,0.0,1.0,15.0,14.3,2.79,0.0,0,0.1
mbti,gpt_4o,ENTJ,memory,crash,456,0.95,gpt_4o|ENTJ|memory|crash|456|0.95,1,1.0,HOLD,95.45,95.45,95.45,50.0,0.0,1.0,15.0,14.4,2.78,0.0,0,0.06
mbti,gpt_4o,ENTJ,static,crash,456,0.95,gpt_4o|ENTJ|static|crash|456|0.95,1,1.0,HOLD,95.45,95.45,95.45,50.0,0.0,1.0,15.0,14.4,2.78,0.0,0,0.06
mbti,gpt_4o,INTJ,memory,crash,456,0.95,gpt_4o|INTJ|memory|crash|456|0.95,1,1.0,HOLD,95.45,95.45,95.45,50.0,0.0,1.0,15.0,14.4,2.78,0.0,0,0.06
mbti,gpt_4o,INTJ,static,crash,456,0.95,gpt_4o|INTJ|static|crash|456|0.95,1,1.0,HOLD,95.45,95.45,95.45,50.0,0.0,1.0,15.0,14.4,2.78,0.0,0,0.06
mbti,gpt_4o,ISFJ,memory,crash,456,0.95,gpt_4o|ISFJ|memory|crash|456|0.95,1,1.0,HOLD,95.45,95.45,95.45,50.0,0.0,1.0,15.0,14.4,2.78,0.0,0,0.06
mbti,gpt_4o,ISFJ,static,crash,456,0.95,gpt_4o|ISFJ|static|crash|456|0.95,1,1.0,HOLD,95.45,95.45,95.45,50.0,0.0,1.0,15.0,14.4,2.78,0.0,0,0.06
mbti,gpt_4o,ENTJ,memory,crash,789,0.95,gpt_4o|ENTJ|memory|crash|789|0.95,1,1.0,HOLD,93.64,93.64,93.64,50.0,0.0,1.0,15.0,14.1,2.83,0.0,0,0.15
mbti,gpt_4o,ENTJ,static,crash,789,0.95,gpt_4o|ENTJ|static|crash|789|0.95,1,1.0,HOLD,93.64,93.64,93.64,50.0,0.0,1.0,15.0,14.1,2.83,0.0,0,0.15
mbti,gpt_4o,INTJ,memory,crash,789,0.95,gpt_4o|INTJ|memory|crash|789|0.95,1,1.0,HOLD,93.64,93.64,93.64,50.0,0.0,1.0,15.0,14.1,2.83,0.0,0,0.15
mbti,gpt_4o,INTJ,static,crash,789,0.95,gpt_4o|INTJ|static|crash|789|0.95,1,1.0,HOLD,93.64,93.64,93.64,50.0,0.0,1.0,15.0,14.1,2.83,0.0,0,0.15
mbti,gpt_4o,ISFJ,memory,crash,789,0.95,gpt_4o|ISFJ|memory|crash|789|0.95,1,1.0,HOLD,93.64,93.64,93.64,50.0,0.0,1.0,15.0,14.1,2.83,0.0,0,0.15
mbti,gpt_4o,ISFJ,static,crash,789,0.95,gpt_4o|ISFJ|static|crash|789|0.95,1,1.0,HOLD,93.64,93.64,93.64,50.0,0.0,1.0,15.0,14.1,2.83,0.0,0,0.15
mbti,gpt_4o,ENTJ,memory,crash,999,0.95,gpt_4o|ENTJ|memory|crash|999|0.95,1,1.0,HOLD,90.3,90.3,90.3,50.0,0.0,1.0,15.0,13.5,2.95,0.0,0,-0.01
mbti,gpt_4o,ENTJ,static,crash,999,0.95,gpt_4o|ENTJ|static|crash|999|0.95,1,1.0,HOLD,90.3,90.3,90.3,50.0,0.0,1.0,15.0,13.5,2.95,0.0,0,-0.01
mbti,gpt_4o,INTJ,memory,crash,999,0.95,gpt_4o|INTJ|memory|crash|999|0.95,1,1.0,HOLD,90.3,90.3,90.3,50.0,0.0,1.0,15.0,13.5,2.95,0.0,0,-0.01
mbti,gpt_4o,INTJ,static,crash,999,0.95,gpt_4o|INTJ|static|crash|999|0.95,1,1.0,HOLD,90.3,90.3,90.3,50.0,0.0,1.0,15.0,13.5,2.95,0.0,0,-0.01
mbti,gpt_4o,ISFJ,memory,crash,999,0.95,gpt_4o|ISFJ|memory|crash|999|0.95,1,1.0,HOLD,90.3,90.3,90.3,50.0,0.0,1.0,15.0,13.5,2.95,0.0,0,-0.01
mbti,gpt_4o,ISFJ,static,crash,999,0.95,gpt_4o|ISFJ|static|crash|999|0.95,1,1.0,HOLD,90.3,90.3,90.3,50.0,0.0,1.0,15.0,13.5,2.95,0.0,0,-0.01
mbti,gpt_4o,ENTJ,memory,flat,123,,gpt_4o|ENTJ|memory|flat|123|,1,1.0,HOLD,99.41,99.41,99.41,50.0,0.0,1.0,15.0,14.9,2.68,0.0,0,-0.38
mbti,gpt_4o,ENTJ,static,flat,123,,gpt_4o|ENTJ|static|flat|123|,1,1.0,HOLD,100.4,100.4,100.4,50.0,0.0,1.0,15.0,15.1,2.66,0.0,0,-0.81
mbti,gpt_4o,INTJ,memory,flat,123,,gpt_4o|INTJ|memory|flat|123|,1,1.0,HOLD,99.54,99.54,99.54,50.0,0.0,1.0,15.0,14.9,2.68,0.0,0,0.27
mbti,gpt_4o,INTJ,static,flat,123,,gpt_4o|INTJ|static|flat|123|,1,1.0,HOLD,100.35,100.35,100.35,50.0,0.0,1.0,15.0,15.1,2.66,0.0,0,0.17
mbti,gpt_4o,ISFJ,memory,flat,123,,gpt_4o|ISFJ|memory|flat|123|,1,1.0,HOLD,99.44,99.44,99.44,50.0,0.0,1.0,15.0,14.9,2.68,0.0,0,0.24
mbti,gpt_4o,ISFJ,static,flat,123,,gpt_4o|ISFJ|static|flat|123|,1,1.0,HOLD,100.06,100.06,100.06,50.0,0.0,1.0,15.0,15.0,2.67,0.0,0,-0.21
mbti,gpt_4o,ENTJ,memory,flat,42,,gpt_4o|ENTJ|memory|flat|42|,1,1.0,HOLD,100.34,100.34,100.34,50.0,0.0,1.0,15.0,15.1,2.66,0.0,0,-0.27
mbti,gpt_4o,ENTJ,static,flat,42,,gpt_4o|ENTJ|static|flat|42|,1,1.0,HOLD,99.35,99.35,99.35,50.0,0.0,1.0,15.0,14.9,2.68,0.0,0,-0.36
mbti,gpt_4o,INTJ,memory,flat,42,,gpt_4o|INTJ|memory|flat|42|,1,1.0,HOLD,98.9,98.9,98.9,50.0,0.0,1.0,15.0,14.8,2.7,0.0,0,0.3
mbti,gpt_4o,INTJ,static,flat,42,,gpt_4o|INTJ|static|flat|42|,1,1.0,HOLD,99.75,99.75,99.75,50.0,0.0,1.0,15.0,15.0,2.67,0.0,0,0.45
mbti,gpt_4o,ISFJ,memory,flat,42,,gpt_4o|ISFJ|memory|flat|42|,1,1.0,HOLD,100.28,100.28,100.28,50.0,0.0,1.0,15.0,15.0,2.66,0.0,0,0.11
mbti,gpt_4o,ISFJ,static,flat,42,,gpt_4o|ISFJ|static|flat|42|,1,1.0,HOLD,100.37,100.37,100.37,50.0,0.0,1.0,15.0,15.1,2.66,0.0,0,0.34
mbti,gpt_4o,ENTJ,memory,flat,456,,gpt_4o|ENTJ|memory|flat|456|,1,1.0,HOLD,100.02,100.02,100.02,50.0,0.0,1.0,15.0,15.0,2.67,0.0,0,-0.94
mbti,gpt_4o,ENTJ,static,flat,456,,gpt_4o|ENTJ|static|flat|456|,1,1.0,HOLD,100.55,100.55,100.55,50.0,0.0,1.0,15.0,15.1,2.65,0.0,0,-0.1
mbti,gpt_4o,INTJ,memory,flat,456,,gpt_4o|INTJ|memory|flat|456|,1,1.0,HOLD,99.66,99.66,99.66,50.0,0.0,1.0,15.0,14.9,2.68,0.0,0,-0.48
mbti,gpt_4o,INTJ,static,flat,456,,gpt_4o|INTJ|static|flat|456|,1,1.0,HOLD,100.34,100.34,100.34,50.0,0.0,1.0,15.0,15.1,2.66,0.0,0,-0.19
mbti,gpt_4o,ISFJ,memory,flat,456,,gpt_4o|ISFJ|memory|flat|456|,1,1.0,HOLD,101.03,101.03,101.03,50.0,0.0,1.0,15.0,15.2,2.64,0.0,0,-0.17
mbti,gpt_4o,ISFJ,static,flat,456,,gpt_4o|ISFJ|static|flat|456|,1,1.0,HOLD,100.2,100.2,100.2,50.0,0.0,1.0,15.0,15.0,2.66,0.0,0,-0.21
mbti,gpt_4o,ENTJ,memory,flat,789,,gpt_4o|ENTJ|memory|flat|789|,1,1.0,HOLD,99.88,99.88,99.88,50.0,0.0,1.0,15.0,15.0,2.67,0.0,0,-0.33
mbti,gpt_4o,ENTJ,static,flat,789,,gpt_4o|ENTJ|static|flat|789|,1,1.0,HOLD,99.39,99.39,99.39,50.0,0.0,1.0,15.0,14.9,2.68,0.0,0,0.14
mbti,gpt_4o,INTJ,memory,flat,789,,gpt_4o|INTJ|memory|flat|789|,1,1.0,HOLD,100.19,100.19,100.19,50.0,0.0,1.0,15.0,15.0,2.66,0.0,0,0.26
mbti,gpt_4o,INTJ,static,flat,789,,gpt_4o|INTJ|static|flat|789|,1,1.0,HOLD,100.19,100.19,100.19,50.0,0.0,1.0,15.0,15.0,2.66,0.0,0,0.26
mbti,gpt_4o,ISFJ,memory,flat,789,,gpt_4o|ISFJ|memory|flat|789|,1,1.0,HOLD,100.19,100.19,100.19,50.0,0.0,1.0,15.0,15.0,2.66,0.0,0,0.26
mbti,gpt_4o,ISFJ,static,flat,789,,gpt_4o|ISFJ|static|flat|789|,1,1.0,HOLD,100.19,100.19,100.19,50.0,0.0,1.0,15.0,15.0,2.66,0.0,0,0.26
mbti,gpt_4o,ENTJ,memory,flat,999,,gpt_4o|ENTJ|memory|flat|999|,1,1.0,HOLD,100.38,100.38,100.38,50.0,0.0,1.0,15.0,15.1,2.66,0.0,0,0.08
mbti,gpt_4o,ENTJ,static,flat,999,,gpt_4o|ENTJ|static|flat|999|,1,1.0,HOLD,100.38,100.38,100.38,50.0,0.0,1.0,15.0,15.1,2.66,0.0,0,0.08
mbti,gpt_4o,INTJ,memory,flat,999,,gpt_4o|INTJ|memory|flat|999|,1,1.0,HOLD,100.38,100.38,100.38,50.0,0.0,1.0,15.0,15.1,2.66,0.0,0,0.08
mbti,gpt_4o,INTJ,static,flat,999,,gpt_4o|INTJ|static|flat|999|,1,1.0,HOLD,100.38,100.38,100.38,50.0,0.0,1.0,15.0,15.1,2.66,0.0,0,0.08
mbti,gpt_4o,ISFJ,memory,flat,999,,gpt_4o|ISFJ|memory|flat|999|,1,1.0,HOLD,100.38,100.38,100.38,50.0,0.0,1.0,15.0,15.1,2.66,0.0,0,0.08
mbti,gpt_4o,ISFJ,static,flat,999,,gpt_4o|ISFJ|static|flat|999|,1,1.0,HOLD,100.38,100.38,100.38,50.0,0.0,1.0,15.0,15.1,2.66,0.0,0,0.08
mbti,gpt_4o_mini,ENTJ,memory,bull_trap,123,,gpt_4o_mini|ENTJ|memory|bull_trap|123|,1,1.0,HOLD,99.72,99.72,99.72,50.0,0.0,1.0,15.0,15.1,2.65,0.0,0,0.33
mbti,gpt_4o_mini,ENTJ,static,bull_trap,123,,gpt_4o_mini|ENTJ|static|bull_trap|123|,1,1.0,HOLD,99.72,99.72,99.72,50.0,0.0,1.0,15.0,15.1,2.65,0.0,0,0.33
mbti,gpt_4o_mini,INTJ,memory,bull_trap,123,,gpt_4o_mini|INTJ|memory|bull_trap|123|,1,1.0,HOLD,99.72,99.72,99.72,50.0,0.0,1.0,15.0,15.1,2.65,0.0,0,0.33
mbti,gpt_4o_mini,INTJ,static,bull_trap,123,,gpt_4o_mini|INTJ|static|bull_trap|123|,1,1.0,HOLD,99.72,99.72,99.72,50.0,0.0,1.0,15.0,15.1,2.65,0.0,0,0.33
mbti,gpt_4o_mini,ISFJ,memory,bull_trap,123,,gpt_4o_mini|ISFJ|memory|bull_trap|123|,1,1.0,HOLD,99.72,99.72,99.72,50.0,0.0,1.0,15.0,15.1,2.65,0.0,0,0.33
mbti,gpt_4o_mini,ISFJ,static,bull_trap,123,,gpt_4o_mini|ISFJ|static|bull_trap|123|,1,1.0,HOLD,99.72,99.72,99.72,50.0,0.0,1.0,15.0,15.1,2.65,0.0,0,0.33
mbti,gpt_4o_mini,ENTJ,memory,bull_trap,42,,gpt_4o_mini|ENTJ|memory|bull_trap|42|,1,1.0,HOLD,100.96,100.96,100.96,50.0,0.0,1.0,15.0,15.1,2.66,0.0,0,0.1
mbti,gpt_4o_mini,ENTJ,static,bull_trap,42,,gpt_4o_mini|ENTJ|static|bull_trap|42|,1,1.0,HOLD,100.96,100.96,100.96,50.0,0.0,1.0,15.0,15.1,2.66,0.0,0,0.1
mbti,gpt_4o_mini,INTJ,memory,bull_trap,42,,gpt_4o_mini|INTJ|memory|bull_trap|42|,1,1.0,HOLD,100.96,100.96,100.96,50.0,0.0,1.0,15.0,15.1,2.66,0.0,0,0.1
mbti,gpt_4o_mini,INTJ,static,bull_trap,42,,gpt_4o_mini|INTJ|static|bull_trap|42|,1,1.0,HOLD,100.96,100.96,100.96,50.0,0.0,1.0,15.0,15.1,2.66,0.0,0,0.1
mbti,gpt_4o_mini,ISFJ,memory,bull_trap,42,,gpt_4o_mini|ISFJ|memory|bull_trap|42|,1,1.0,HOLD,100.96,100.96,100.96,50.0,0.0,1.0,15.0,15.1,2.66,0.0,0,0.1
mbti,gpt_4o_mini,ISFJ,static,bull_trap,42,,gpt_4o_mini|ISFJ|static|bull_trap|42|,1,1.0,HOLD,100.96,100.96,100.96,50.0,0.0,1.0,15.0,15.1,2.66,0.0,0,0.1
mbti,gpt_4o_mini,ENTJ,memory,bull_trap,456,,gpt_4o_mini|ENTJ|memory|bull_trap|456|,1,0.5,BUY,99.94,99.94,99.94,50.0,0.0,1.0,15.0,15.1,2.65,0.0,0,0.06
mbti,gpt_4o_mini,ENTJ,static,bull_trap,456,,gpt_4o_mini|ENTJ|static|bull_trap|456|,1,1.0,HOLD,99.94,99.94,99.94,50.0,0.0,1.0,15.0,15.1,2.65,0.0,0,0.06
mbti,gpt_4o_mini,INTJ,memory,bull_trap,456,,gpt_4o_mini|INTJ|memory|bull_trap|456|,1,1.0,HOLD,99.94,99.94,99.94,50.0,0.0,1.0,15.0,15.1,2.65,0.0,0,0.06
mbti,gpt_4o_mini,INTJ,static,bull_trap,456,,gpt_4o_mini|INTJ|static|bull_trap|456|,1,1.0,HOLD,99.94,99.94,99.94,50.0,0.0,1.0,15.0,15.1,2.65,0.0,0,0.06
mbti,gpt_4o_mini,ISFJ,memory,bull_trap,456,,gpt_4o_mini|ISFJ|memory|bull_trap|456|,1,1.0,HOLD,99.94,99.94,99.94,50.0,0.0,1.0,15.0,15.1,2.65,0.0,0,0.06
mbti,gpt_4o_mini,ISFJ,static,bull_trap,456,,gpt_4o_mini|ISFJ|static|bull_trap|456|,1,1.0,HOLD,99.94,99.94,99.94,50.0,0.0,1.0,15.0,15.1,2.65,0.0,0,0.06
mbti,gpt_4o_mini,ENTJ,memory,bull_trap,789,,gpt_4o_mini|ENTJ|memory|bull_trap|789|,1,0.0,BUY,98.44,98.44,98.44,50.0,0.0,1.0,15.0,14.9,2.68,0.0,0,0.15
mbti,gpt_4o_mini,ENTJ,static,bull_trap,789,,gpt_4o_mini|ENTJ|static|bull_trap|789|,1,1.0,HOLD,98.44,98.44,98.44,50.0,0.0,1.0,15.0,14.9,2.68,0.0,0,0.15
mbti,gpt_4o_mini,INTJ,memory,bull_trap,789,,gpt_4o_mini|INTJ|memory|bull_trap|789|,1,1.0,HOLD,98.44,98.44,98.44,50.0,0.0,1.0,15.0,14.9,2.68,0.0,0,0.15
mbti,gpt_4o_mini,INTJ,static,bull_trap,789,,gpt_4o_mini|INTJ|static|bull_trap|789|,1,1.0,HOLD,98.44,98.44,98.44,50.0,0.0,1.0,15.0,14.9,2.68,0.0,0,0.15
mbti,gpt_4o_mini,ISFJ,memory,bull_trap,789,,gpt_4o_mini|ISFJ|memory|bull_trap|789|,1,1.0,HOLD,98.44,98.44,98.44,50.0,0.0,1.0,15.0,14.9,2.68,0.0,0,0.15
mbti,gpt_4o_mini,ISFJ,static,bull_trap,789,,gpt_4o_mini|ISFJ|static|bull_trap|789|,1,1.0,HOLD,98.44,98.44,98.44,50.0,0.0,1.0,15.0,14.9,2.68,0.0,0,0.15
mbti,gpt_4o_mini,ENTJ,memory,bull_trap,999,,gpt_4o_mini|ENTJ|memory|bull_trap|999|,1,1.0,HOLD,97.06,97.06,97.06,50.0,0.0,1.0,15.0,14.5,2.75,0.0,0,-0.01
mbti,gpt_4o_mini,ENTJ,static,bull_trap,999,,gpt_4o_mini|ENTJ|static|bull_trap|999|,1,1.0,HOLD,97.06,97.06,97.06,50.0,0.0,1.0,15.0,14.5,2.75,0.0,0,-0.01
mbti,gpt_4o_mini,INTJ,memory,bull_trap,999,,gpt_4o_mini|INTJ|memory|bull_trap|999|,1,1.0,HOLD,97.06,97.06,97.06,50.0,0.0,1.0,15.0,14.5,2.75,0.0,0,-0.01
mbti,gpt_4o_mini,INTJ,static,bull_trap,999,,gpt_4o_mini|INTJ|static|bull_trap|999|,1,1.0,HOLD,97.06,97.06,97.06,50.0,0.0,1.0,15.0,14.5,2.75,0.0,0,-0.01
mbti,gpt_4o_mini,ISFJ,memory,bull_trap,999,,gpt_4o_mini|ISFJ|memory|bull_trap|999|,1,1.0,HOLD,97.06,97.06,97.06,50.0,0.0,1.0,15.0,14.5,2.75,0.0,0,-0.01
mbti,gpt_4o_mini,ISFJ,static,bull_trap,999,,gpt_4o_mini|ISFJ|static|bull_trap|999|,1,1.0,HOLD,97.06,97.06,97.06,50.0,0.0,1.0,15.0,14.5,2.75,0.0,0,-0.01
mbti,gpt_4o_mini,ENTJ,memory,crash,123,0.85,gpt_4o_mini|ENTJ|memory|crash|123|0.85,1,1.0,HOLD,85.59,85.59,85.59,50.0,0.0,1.0,15.0,12.9,3.1,0.0,0,0.33
mbti,gpt_4o_mini,ENTJ,static,crash,123,0.85,gpt_4o_mini|ENTJ|static|crash|123|0.85,1,1.0,HOLD,85.59,85.59,85.59,50.0,0.0,1.0,15.0,12.9,3.1,0.0,0,0.33
mbti,gpt_4o_mini,INTJ,memory,crash,123,0.85,gpt_4o_mini|INTJ|memory|crash|123|0.85,1,1.0,HOLD,85.59,85.59,85.59,50.0,0.0,1.0,15.0,12.9,3.1,0.0,0,0.33
mbti,gpt_4o_mini,INTJ,static,crash,123,0.85,gpt_4o_mini|INTJ|static|crash|123|0.85,1,1.0,HOLD,85.59,85.59,85.59,50.0,0.0,1.0,15.0,12.9,3.1,0.0,0,0.33
mbti,gpt_4o_mini,ISFJ,memory,crash,123,0.85,gpt_4o_mini|ISFJ|memory|crash|123|0.85,1,1.0,HOLD,85.59,85.59,85.59,50.0,0.0,1.0,15.0,12.9,3.1,0.0,0,0.33
mbti,gpt_4o_mini,ISFJ,static,crash,123,0.85,gpt_4o_mini|ISFJ|static|crash|123|0.85,1,1.0,HOLD,85.59,85.59,85.59,50.0,0.0,1.0,15.0,12.9,3.1,0.0,0,0.33
mbti,gpt_4o_mini,ENTJ,memory,crash,42,0.85,gpt_4o_mini|ENTJ|memory|crash|42|0.85,1,0.5,BUY,85.75,85.75,85.75,50.0,0.0,1.0,15.0,12.8,3.12,0.0,0,0.1
mbti,gpt_4o_mini,ENTJ,static,crash,42,0.85,gpt_4o_mini|ENTJ|static|crash|42|0.85,1,1.0,HOLD,85.75,85.75,85.75,50.0,0.0,1.0,15.0,12.8,3.12,0.0,0,0.1
mbti,gpt_4o_mini,INTJ,memory,crash,42,0.85,gpt_4o_mini|INTJ|memory|crash|42|0.85,1,1.0,HOLD,85.75,85.75,85.75,50.0,0.0,1.0,15.0,12.8,3.12,0.0,0,0.1
mbti,gpt_4o_mini,INTJ,static,crash,42,0.85,gpt_4o_mini|INTJ|static|crash|42|0.85,1,1.0,HOLD,85.75,85.75,85.75,50.0,0.0,1.0,15.0,12.8,3.12,0.0,0,0.1
mbti,gpt_4o_mini,ISFJ,memory,crash,42,0.85,gpt_4o_mini|ISFJ|memory|crash|42|0.85,1,1.0,HOLD,85.75,85.75,85.75,50.0,0.0,1.0,15.0,12.8,3.12,0.0,0,0.1
mbti,gpt_4o_mini,ISFJ,static,crash,42,0.85,gpt_4o_mini|ISFJ|static|crash|42|0.85,1,1.0,HOLD,85.75,85.75,85.75,50.0,0.0,1.0,15.0,12.8,3.12,0.0,0,0.1
mbti,gpt_4o_mini,ENTJ,memory,crash,456,0.85,gpt_4o_mini|ENTJ|memory|crash|456|0.85,1,1.0,HOLD,85.48,85.48,85.48,50.0,0.0,1.0,15.0,12.9,3.11,0.0,0,0.06
mbti,gpt_4o_mini,ENTJ,static,crash,456,0.85,gpt_4o_mini|ENTJ|static|crash|456|0.85,1,1.0,HOLD,85.48,85.48,85.48,50.0,0.0,1.0,15.0,12.9,3.11,0.0,0,0.06
mbti,gpt_4o_mini,INTJ,memory,crash,456,0.85,gpt_4o_mini|INTJ|memory|crash|456|0.85,1,1.0,HOLD,85.48,85.48,85.48,50.0,0.0,1.0,15.0,12.9,3.11,0.0,0,0.06
mbti,gpt_4o_mini,INTJ,static,crash,456,0.85,gpt_4o_mini|INTJ|static|crash|456|0.85,1,1.0,HOLD,85.48,85.48,85.48,50.0,0.0,1.0,15.0,12.9,3.11,0.0,0,0.06
mbti,gpt_4o_mini,ISFJ,memory,crash,456,0.85,gpt_4o_mini|ISFJ|memory|crash|456|0.85,1,1.0,HOLD,85.48,85.48,85.48,50.0,0.0,1.0,15.0,12.9,3.11,0.0,0,0.06
mbti,gpt_4o_mini,ISFJ,static,crash,456,0.85,gpt_4o_mini|ISFJ|static|crash|456|0.85,1,1.0,HOLD,85.48,85.48,85.48,50.0,0.0,1.0,15.0,12.9,3.11,0.0,0,0.06
mbti,gpt_4o_mini,ENTJ,memory,crash,789,0.85,gpt_4o_mini|ENTJ|memory|crash|789|0.85,1,1.0,HOLD,83.7,83.7,83.7,50.0,0.0,1.0,15.0,12.6,3.17,0.0,0,0.15
mbti,gpt_4o_mini,ENTJ,static,crash,789,0.85,gpt_4o_mini|ENTJ|static|crash|789|0.85,1,1.0,HOLD,83.7,83.7,83.7,50.0,0.0,1.0,15.0,12.6,3.17,0.0,0,0.15
mbti,gpt_4o_mini,INTJ,memory,crash,789,0.85,gpt_4o_mini|INTJ|memory|crash|789|0.85,1,1.0,HOLD,83.7,83.7,83.7,50.0,0.0,1.0,15.0,12.6,3.17,0.0,0,0.15
mbti,gpt_4o_mini,INTJ,static,crash,789,0.85,gpt_4o_mini|INTJ|static|crash|789|0.85,1,1.0,HOLD,83.7,83.7,83.7,50.0,0.0,1.0,15.0,12.6,3.17,0.0,0,0.15
mbti,gpt_4o_mini,ISFJ,memory,crash,789,0.85,gpt_4o_mini|ISFJ|memory|crash|789|0.85,1,1.0,HOLD,83.7,83.7,83.7,50.0,0.0,1.0,15.0,12.6,3.17,0.0,0,0.15
mbti,gpt_4o_mini,ISFJ,static,crash,789,0.85,gpt_4o_mini|ISFJ|static|crash|789|0.85,1,1.0,HOLD,83.7,83.7,83.7,50.0,0.0,1.0,15.0,12.6,3.17,0.0,0,0.15
mbti,gpt_4o_mini,ENTJ,memory,crash,999,0.85,gpt_4o_mini|ENTJ|memory|crash|999|0.85,1,1.0,HOLD,80.3,80.3,80.3,50.0,0.0,1.0,15.0,12.0,3.32,0.0,0,-0.01
mbti,gpt_4o_mini,ENTJ,static,crash,999,0.85,gpt_4o_mini|ENTJ|static|crash|999|0.85,1,1.0,HOLD,80.3,80.3,80.3,50.0,0.0,1.0,15.0,12.0,3.32,0.0,0,-0.01
mbti,gpt_4o_mini,INTJ,memory,crash,999,0.85,gpt_4o_mini|INTJ|memory|crash|999|0.85,1,1.0,HOLD,80.3,80.3,80.3,50.0,0.0,1.0,15.0,12.0,3.32,0.0,0,-0.01
mbti,gpt_4o_mini,INTJ,static,crash,999,0.85,gpt_4o_mini|INTJ|static|crash|999|0.85,1,1.0,HOLD,80.3,80.3,80.3,50.0,0.0,1.0,15.0,12.0,3.32,0.0,0,-0.01
mbti,gpt_4o_mini,ISFJ,memory,crash,999,0.85,gpt_4o_mini|ISFJ|memory|crash|999|0.85,1,1.0,HOLD,80.3,80.3,80.3,50.0,0.0,1.0,15.0,12.0,3.32,0.0,0,-0.01
mbti,gpt_4o_mini,ISFJ,static,crash,999,0.85,gpt_4o_mini|ISFJ|static|crash|999|0.85,1,1.0,HOLD,80.3,80.3,80.3,50.0,0.0,1.0,15.0,12.0,3.32,0.0,0,-0.01
mbti,gpt_4o_mini,ENTJ,memory,crash,123,0.92,gpt_4o_mini|ENTJ|memory|crash|123|0.92,1,0.5,BUY,92.56,92.56,92.56,50.0,0.0,1.0,15.0,14.0,2.87,0.0,0,0.33
mbti,gpt_4o_mini,ENTJ,static,crash,123,0.92,gpt_4o_mini|ENTJ|static|crash|123|0.92,1,1.0,HOLD,92.56,92.56,92.56,50.0,0.0,1.0,15.0,14.0,2.87,0.0,0,0.33
mbti,gpt_4o_mini,INTJ,memory,crash,123,0.92,gpt_4o_mini|INTJ|memory|crash|123|0.92,1,1.0,HOLD,92.56,92.56,92.56,50.0,0.0,1.0,15.0,14.0,2.87,0.0,0,0.33
mbti,gpt_4o_mini,INTJ,static,crash,123,0.92,gpt_4o_mini|INTJ|static|crash|123|0.92,1,1.0,HOLD,92.56,92.56,92.56,50.0,0.0,1.0,15.0,14.0,2.87,0.0,0,0.33
mbti,gpt_4o_mini,ISFJ,memory,crash,123,0.92,gpt_4o_mini|ISFJ|memory|crash|123|0.92,1,1.0,HOLD,92.56,92.56,92.56,50.0,0.0,1.0,15.0,14.0,2.87,0.0,0,0.33
mbti,gpt_4o_mini,ISFJ,static,crash,123,0.92,gpt_4o_mini|ISFJ|static|crash|123|0.92,1,1.0,HOLD,92.56,92.56,92.56,50.0,0.0,1.0,15.0,14.0,2.87,0.0,0,0.33
mbti,gpt_4o_mini,ENTJ,memory,crash,42,0.92,gpt_4o_mini|ENTJ|memory|crash|42|0.92,1,1.0,HOLD,92.77,92.77,92.77,50.0,0.0,1.0,15.0,13.9,2.88,0.0,0,0.1
mbti,gpt_4o_mini,ENTJ,static,crash,42,0.92,gpt_4o_mini|ENTJ|static|crash|42|0.92,1,1.0,HOLD,92.77,92.77,92.77,50.0,0.0,1.0,15.0,13.9,2.88,0.0,0,0.1
mbti,gpt_4o_mini,INTJ,memory,crash,42,0.92,gpt_4o_mini|INTJ|memory|crash|42|0.92,1,1.0,HOLD,92.77,92.77,92.77,50.0,0.0,1.0,15.0,13.9,2.88,0.0,0,0.1
mbti,gpt_4o_mini,INTJ,static,crash,42,0.92,gpt_4o_mini|INTJ|static|crash|42|0.92,1,1.0,HOLD,92.77,92.77,92.77,50.0,0.0,1.0,15.0,13.9,2.88,0.0,0,0.1
mbti,gpt_4o_mini,ISFJ,memory,crash,42,0.92,gpt_4o_mini|ISFJ|memory|crash|42|0.92,1,1.0,HOLD,92.77,92.77,92.77,50.0,0.0,1.0,15.0,13.9,2.88,0.0,0,0.1
mbti,gpt_4o_mini,ISFJ,static,crash,42,0.92,gpt_4o_mini|ISFJ|static|crash|42|0.92,1,1.0,HOLD,92.77,92.77,92.77,50.0,0.0,1.0,15.0,13.9,2.88,0.0,0,0.1
mbti,gpt_4o_mini,ENTJ,memory,crash,456,0.92,gpt_4o_mini|ENTJ|memory|crash|456|0.92,1,0.0,BUY,92.46,92.46,92.46,50.0,0.0,1.0,15.0,13.9,2.87,0.0,0,0.06
mbti,gpt_4o_mini,ENTJ,static,crash,456,0.92,gpt_4o_mini|ENTJ|static|crash|456|0.92,1,1.0,HOLD,92.46,92.46,92.46,50.0,0.0,1.0,15.0,13.9,2.87,0.0,0,0.06
mbti,gpt_4o_mini,INTJ,memory,crash,456,0.92,gpt_4o_mini|INTJ|memory|crash|456|0.92,1,1.0,HOLD,92.46,92.46,92.46,50.0,0.0,1.0,15.0,13.9,2.87,0.0,0,0.06
mbti,gpt_4o_mini,INTJ,static,crash,456,0.92,gpt_4o_mini|INTJ|static|crash|456|0.92,1,1.0,HOLD,92.46,92.46,92.46,50.0,0.0,1.0,15.0,13.9,2.87,0.0,0,0.06
mbti,gpt_4o_mini,ISFJ,memory,crash,456,0.92,gpt_4o_mini|ISFJ|memory|crash|456|0.92,1,1.0,HOLD,92.46,92.46,92.46,50.0,0.0,1.0,15.0,13.9,2.87,0.0,0,0.06
mbti,gpt_4o_mini,ISFJ,static,crash,456,0.92,gpt_4o_mini|ISFJ|static|crash|456|0.92,1,1.0,HOLD,92.46,92.46,92.46,50.0,0.0,1.0,15.0,13.9,2.87,0.0,0,0.06
mbti,gpt_4o_mini,ENTJ,memory,crash,789,0.92,gpt_4o_mini|ENTJ|memory|crash|789|0.92,1,1.0,HOLD,90.66,90.66,90.66,50.0,0.0,1.0,15.0,13.7,2.93,0.0,0,0.15
mbti,gpt_4o_mini,ENTJ,static,crash,789,0.92,gpt_4o_mini|ENTJ|static|crash|789|0.92,1,1.0,HOLD,90.66,90.66,90.66,50.0,0.0,1.0,15.0,13.7,2.93,0.0,0,0.15
mbti,gpt_4o_mini,INTJ,memory,crash,789,0.92,gpt_4o_mini|INTJ|memory|crash|789|0.92,1,1.0,HOLD,90.66,90.66,90.66,50.0,0.0,1.0,15.0,13.7,2.93,0.0,0,0.15
mbti,gpt_4o_mini,INTJ,static,crash,789,0.92,gpt_4o_mini|INTJ|static|crash|789|0.92,1,1.0,HOLD,90.66,90.66,90.66,50.0,0.0,1.0,15.0,13.7,2.93,0.0,0,0.15
mbti,gpt_4o_mini,ISFJ,memory,crash,789,0.92,gpt_4o_mini|ISFJ|memory|crash|789|0.92,1,1.0,HOLD,90.66,90.66,90.66,50.0,0.0,1.0,15.0,13.7,2.93,0.0,0,0.15
mbti,gpt_4o_mini,ISFJ,static,crash,789,0.92,gpt_4o_mini|ISFJ|static|crash|789|0.92,1,1.0,HOLD,90.66,90.66,90.66,50.0,0.0,1.0,15.0,13.7,2.93,0.0,0,0.15
mbti,gpt_4o_mini,ENTJ,memory,crash,999,0.92,gpt_4o_mini|ENTJ|memory|crash|999|0.92,1,1.0,HOLD,87.3,87.3,87.3,50.0,0.0,1.0,15.0,13.1,3.06,0.0,0,-0.01
mbti,gpt_4o_mini,ENTJ,static,crash,999,0.92,gpt_4o_mini|ENTJ|static|crash|999|0.92,1,1.0,HOLD,87.3,87.3,87.3,50.0,0.0,1.0,15.0,13.1,3.06,0.0,0,-0.01
mbti,gpt_4o_mini,INTJ,memory,crash,999,0.92,gpt_4o_mini|INTJ|memory|crash|999|0.92,1,1.0,HOLD,87.3,87.3,87.3,50.0,0.0,1.0,15.0,13.1,3.06,0.0,0,-0.01
mbti,gpt_4o_mini,INTJ,static,crash,999,0.92,gpt_4o_mini|INTJ|static|crash|999|0.92,1,1.0,HOLD,87.3,87.3,87.3,50.0,0.0,1.0,15.0,13.1,3.06,0.0,0,-0.01
mbti,gpt_4o_mini,ISFJ,memory,crash,999,0.92,gpt_4o_mini|ISFJ|memory|crash|999|0.92,1,1.0,HOLD,87.3,87.3,87.3,50.0,0.0,1.0,15.0,13.1,3.06,0.0,0,-0.01
mbti,gpt_4o_mini,ISFJ,static,crash,999,0.92,gpt_4o_mini|ISFJ|static|crash|999|0.92,1,1.0,HOLD,87.3,87.3,87.3,50.0,0.0,1.0,15.0,13.1,3.06,0.0,0,-0.01
mbti,gpt_4o_mini,ENTJ,memory,crash,123,0.95,gpt_4o_mini|ENTJ|memory|crash|123|0.95,1,1.0,HOLD,95.54,95.54,95.54,50.0,0.0,1.0,15.0,14.4,2.78,0.0,0,0.33
mbti,gpt_4o_mini,ENTJ,static,crash,123,0.95,gpt_4o_mini|ENTJ|static|crash|123|0.95,1,1.0,HOLD,95.54,95.54,95.54,50.0,0.0,1.0,15.0,14.4,2.78,0.0,0,0.33
mbti,gpt_4o_mini,INTJ,memory,crash,123,0.95,gpt_4o_mini|INTJ|memory|crash|123|0.95,1,1.0,HOLD,95.54,95.54,95.54,50.0,0.0,1.0,15.0,14.4,2.78,0.0,0,0.33
mbti,gpt_4o_mini,INTJ,static,crash,123,0.95,gpt_4o_mini|INTJ|static|crash|123|0.95,1,1.0,HOLD,95.54,95.54,95.54,50.0,0.0,1.0,15.0,14.4,2.78,0.0,0,0.33
mbti,gpt_4o_mini,ISFJ,memory,crash,123,0.95,gpt_4o_mini|ISFJ|memory|crash|123|0.95,1,1.0,HOLD,95.54,95.54,95.54,50.0,0.0,1.0,15.0,14.4,2.78,0.0,0,0.33
mbti,gpt_4o_mini,ISFJ,static,crash,123,0.95,gpt_4o_mini|ISFJ|static|crash|123|0.95,1,1.0,HOLD,95.54,95.54,95.54,50.0,0.0,1.0,15.0,14.4,2.78,0.0,0,0.33
mbti,gpt_4o_mini,ENTJ,memory,crash,42,0.95,gpt_4o_mini|ENTJ|memory|crash|42|0.95,1,0.0,BUY,95.77,95.77,95.77,50.0,0.0,1.0,15.0,14.3,2.79,0.0,0,0.1
mbti,gpt_4o_mini,ENTJ,static,crash,42,0.95,gpt_4o_mini|ENTJ|static|crash|42|0.95,1,1.0,HOLD,95.77,95.77,95.77,50.0,0.0,1.0,15.0,14.3,2.79,0.0,0,0.1
mbti,gpt_4o_mini,INTJ,memory,crash,42,0.95,gpt_4o_mini|INTJ|memory|crash|42|0.95,1,1.0,HOLD,95.77,95.77,95.77,50.0,0.0,1.0,15.0,14.3,2.79,0.0,0,0.1
mbti,gpt_4o_mini,INTJ,static,crash,42,0.95,gpt_4o_mini|INTJ|static|crash|42|0.95,1,1.0,HOLD,95.77,95.77,95.77,50.0,0.0,1.0,15.0,14.3,2.79,0.0,0,0.1
mbti,gpt_4o_mini,ISFJ,memory,crash,42,0.95,gpt_4o_mini|ISFJ|memory|crash|42|0.95,1,1.0,HOLD,95.77,95.77,95.77,50.0,0.0,1.0,15.0,14.3,2.79,0.0,0,0.1
mbti,gpt_4o_mini,ISFJ,static,crash,42,0.95,gpt_4o_mini|ISFJ|static|crash|42|0.95,1,1.0,HOLD,95.77,95.77,95.77,50.0,0.0,1.0,15.0,14.3,2.79,0.0,0,0.1
mbti,gpt_4o_mini,ENTJ,memory,crash,456,0.95,gpt_4o_mini|ENTJ|memory|crash|456|0.95,1,1.0,HOLD,95.45,95.45,95.45,50.0,0.0,1.0,15.0,14.4,2.78,0.0,0,0.06
mbti,gpt_4o_mini,ENTJ,static,crash,456,0.95,gpt_4o_mini|ENTJ|static|crash|456|0.95,1,1.0,HOLD,95.45,95.45,95.45,50.0,0.0,1.0,15.0,14.4,2.78,0.0,0,0.06
mbti,gpt_4o_mini,INTJ,memory,crash,456,0.95,gpt_4o_mini|INTJ|memory|crash|456|0.95,1,1.0,HOLD,95.45,95.45,95.45,50.0,0.0,1.0,15.0,14.4,2.78,0.0,0,0.06
mbti,gpt_4o_mini,INTJ,static,crash,456,0.95,gpt_4o_mini|INTJ|static|crash|456|0.95,1,1.0,HOLD,95.45,95.45,95.45,50.0,0.0,1.0,15.0,14.4,2.78,0.0,0,0.06
mbti,gpt_4o_mini,ISFJ,memory,crash,456,0.95,gpt_4o_mini|ISFJ|memory|crash|456|0.95,1,1.0,HOLD,95.45,95.45,95.45,50.0,0.0,1.0,15.0,14.4,2.78,0.0,0,0.06
mbti,gpt_4o_mini,ISFJ,static,crash,456,0.95,gpt_4o_mini|ISFJ|static|crash|456|0.95,1,1.0,HOLD,95.45,95.45,95.45,50.0,0.0,1.0,15.0,14.4,2.78,0.0,0,0.06
mbti,gpt_4o_mini,ENTJ,memory,crash,789,0.95,gpt_4o_mini|ENTJ|memory|crash|789|0.95,1,1.0,HOLD,93.64,93.64,93.64,50.0,0.0,1.0,15.0,14.1,2.83,0.0,0,0.15
mbti,gpt_4o_mini,ENTJ,static,crash,789,0.95,gpt_4o_mini|ENTJ|static|crash|789|0.95,1,1.0,HOLD,93.64,93.64,93.64,50.0,0.0,1.0,15.0,14.1,2.83,0.0,0,0.15
mbti,gpt_4o_mini,INTJ,memory,crash,789,0.95,gpt_4o_mini|INTJ|memory|crash|789|0.95,1,1.0,HOLD,93.64,93.64,93.64,50.0,0.0,1.0,15.0,14.1,2.83,0.0,0,0.15
mbti,gpt_4o_mini,INTJ,static,crash,789,0.95,gpt_4o_mini|INTJ|static|crash|789|0.95,1,1.0,HOLD,93.64,93.64,93.64,50.0,0.0,1.0,15.0,14.1,2.83,0.0,0,0.15
mbti,gpt_4o_mini,ISFJ,memory,crash,789,0.95,gpt_4o_mini|ISFJ|memory|crash|789|0.95,1,1.0,HOLD,93.64,93.64,93.64,50.0,0.0,1.0,15.0,14.1,2.83,0.0,0,0.15
mbti,gpt_4o_mini,ISFJ,static,crash,789,0.95,gpt_4o_mini|ISFJ|static|crash|789|0.95,1,1.0,HOLD,93.64,93.64,93.64,50.0,0.0,1.0,15.0,14.1,2.83,0.0,0,0.15
mbti,gpt_4o_mini,ENTJ,memory,crash,999,0.95,gpt_4o_mini|ENTJ|memory|crash|999|0.95,1,1.0,HOLD,90.3,90.3,90.3,50.0,0.0,1.0,15.0,13.5,2.95,0.0,0,-0.01
mbti,gpt_4o_mini,ENTJ,static,crash,999,0.95,gpt_4o_mini|ENTJ|static|crash|999|0.95,1,1.0,HOLD,90.3,90.3,90.3,50.0,0.0,1.0,15.0,13.5,2.95,0.0,0,-0.01
mbti,gpt_4o_mini,INTJ,memory,crash,999,0.95,gpt_4o_mini|INTJ|memory|crash|999|0.95,1,1.0,HOLD,90.3,90.3,90.3,50.0,0.0,1.0,15.0,13.5,2.95,0.0,0,-0.01
mbti,gpt_4o_mini,INTJ,static,crash,999,0.95,gpt_4o_mini|INTJ|static|crash|999|0.95,1,1.0,HOLD,90.3,90.3,90.3,50.0,0.0,1.0,15.0,13.5,2.95,0.0,0,-0.01
mbti,gpt_4o_mini,ISFJ,memory,crash,999,0.95,gpt_4o_mini|ISFJ|memory|crash|999|0.95,1,1.0,HOLD,90.3,90.3,90.3,50.0,0.0,1.0,15.0,13.5,2.95,0.0,0,-0.01
mbti,gpt_4o_mini,ISFJ,static,crash,999,0.95,gpt_4o_mini|ISFJ|static|crash|999|0.95,1,1.0,HOLD,90.3,90.3,90.3,50.0,0.0,1.0,15.0,13.5,2.95,0.0,0,-0.01
mbti,gpt_4o_mini,ENTJ,memory,flat,123,,gpt_4o_mini|ENTJ|memory|flat|123|,1,1.0,HOLD,99.92,99.92,99.92,50.0,0.0,1.0,15.0,15.0,2.67,0.0,0,-0.04
mbti,gpt_4o_mini,ENTJ,static,flat,123,,gpt_4o_mini|ENTJ|static|flat|123|,1,1.0,HOLD,99.92,99.92,99.92,50.0,0.0,1.0,15.0,15.0,2.67,0.0,0,-0.04
mbti,gpt_4o_mini,INTJ,memory,flat,123,,gpt_4o_mini|INTJ|memory|flat|123|,1,1.0,HOLD,99.92,99.92,99.92,50.0,0.0,1.0,15.0,15.0,2.67,0.0,0,-0.04
mbti,gpt_4o_mini,INTJ,static,flat,123,,gpt_4o_mini|INTJ|static|flat|123|,1,1.0,HOLD,99.92,99.92,99.92,50.0,0.0,1.0,15.0,15.0,2.67,0.0,0,-0.04
mbti,gpt_4o_mini,ISFJ,memory,flat,123,,gpt_4o_mini|ISFJ|memory|flat|123|,1,1.0,HOLD,99.92,99.92,99.92,50.0,0.0,1.0,15.0,15.0,2.67,0.0,0,-0.04
mbti,gpt_4o_mini,ISFJ,static,flat,123,,gpt_4o_mini|ISFJ|static|flat|123|,1,1.0,HOLD,99.92,99.92,99.92,50.0,0.0,1.0,15.0,15.0,2.67,0.0,0,-0.04
mbti,gpt_4o_mini,ENTJ,memory,flat,42,,gpt_4o_mini|ENTJ|memory|flat|42|,1,1.0,HOLD,99.94,99.94,99.94,50.0,0.0,1.0,15.0,15.0,2.67,0.0,0,-0.17
mbti,gpt_4o_mini,ENTJ,static,flat,42,,gpt_4o_mini|ENTJ|static|flat|42|,1,1.0,HOLD,99.94,99.94,99.94,50.0,0.0,1.0,15.0,15.0,2.67,0.0,0,-0.17
mbti,gpt_4o_mini,INTJ,memory,flat,42,,gpt_4o_mini|INTJ|memory|flat|42|,1,1.0,HOLD,99.94,99.94,99.94,50.0,0.0,1.0,15.0,15.0,2.67,0.0,0,-0.17
mbti,gpt_4o_mini,INTJ,static,flat,42,,gpt_4o_mini|INTJ|static|flat|42|,1,1.0,HOLD,99.94,99.94,99.94,50.0,0.0,1.0,15.0,15.0,2.67,0.0,0,-0.17
mbti,gpt_4o_mini,ISFJ,memory,flat,42,,gpt_4o_mini|ISFJ|memory|flat|42|,1,1.0,HOLD,99.94,99.94,99.94,50.0,0.0,1.0,15.0,15.0,2.67,0.0,0,-0.17
mbti,gpt_4o_mini,ISFJ,static,flat,42,,gpt_4o_mini|ISFJ|static|flat|42|,1,1.0,HOLD,99.94,99.94,99.94,50.0,0.0,1.0,15.0,15.0,2.67,0.0,0,-0.17
mbti,gpt_4o_mini,ENTJ,memory,flat,456,,gpt_4o_mini|ENTJ|memory|flat|456|,1,1.0,HOLD,100.25,100.25,100.25,50.0,0.0,1.0,15.0,15.0,2.66,0.0,0,-0.39
mbti,gpt_4o_mini,ENTJ,static,flat,456,,gpt_4o_mini|ENTJ|static|flat|456|,1,1.0,HOLD,100.25,100.25,100.25,50.0,0.0,1.0,15.0,15.0,2.66,0.0,0,-0.39
mbti,gpt_4o_mini,INTJ,memory,flat,456,,gpt_4o_mini|INTJ|memory|flat|456|,1,1.0,HOLD,100.25,100.25,100.25,50.0,0.0,1.0,15.0,15.0,2.66,0.0,0,-0.39
mbti,gpt_4o_mini,INTJ,static,flat,456,,gpt_4o_mini|INTJ|static|flat|456|,1,1.0,HOLD,100.25,100.25,100.25,50.0,0.0,1.0,15.0,15.0,2.66,0.0,0,-0.39
mbti,gpt_4o_mini,ISFJ,memory,flat,456,,gpt_4o_mini|ISFJ|memory|flat|456|,1,1.0,HOLD,100.25,100.25,100.25,50.0,0.0,1.0,15.0,15.0,2.66,0.0,0,-0.39
mbti,gpt_4o_mini,ISFJ,static,flat,456,,gpt_4o_mini|ISFJ|static|flat|456|,1,1.0,HOLD,100.25,100.25,100.25,50.0,0.0,1.0,15.0,15.0,2.66,0.0,0,-0.39
mbti,gpt_4o_mini,ENTJ,memory,flat,789,,gpt_4o_mini|ENTJ|memory|flat|789|,1,1.0,HOLD,100.19,100.19,100.19,50.0,0.0,1.0,15.0,15.0,2.66,0.0,0,0.26
mbti,gpt_4o_mini,ENTJ,static,flat,789,,gpt_4o_mini|ENTJ|static|flat|789|,1,1.0,HOLD,100.19,100.19,100.19,50.0,0.0,1.0,15.0,15.0,2.66,0.0,0,0.26
mbti,gpt_4o_mini,INTJ,memory,flat,789,,gpt_4o_mini|INTJ|memory|flat|789|,1,1.0,HOLD,100.19,100.19,100.19,50.0,0.0,1.0,15.0,15.0,2.66,0.0,0,0.26
mbti,gpt_4o_mini,INTJ,static,flat,789,,gpt_4o_mini|INTJ|static|flat|789|,1,1.0,HOLD,100.19,100.19,100.19,50.0,0.0,1.0,15.0,15.0,2.66,0.0,0,0.26
mbti,gpt_4o_mini,ISFJ,memory,flat,789,,gpt_4o_mini|ISFJ|memory|flat|789|,1,1.0,HOLD,100.19,100.19,100.19,50.0,0.0,1.0,15.0,15.0,2.66,0.0,0,0.26
mbti,gpt_4o_mini,ISFJ,static,flat,789,,gpt_4o_mini|ISFJ|static|flat|789|,1,1.0,HOLD,100.19,100.19,100.19,50.0,0.0,1.0,15.0,15.0,2.66,0.0,0,0.26
mbti,gpt_4o_mini,ENTJ,memory,flat,999,,gpt_4o_mini|ENTJ|memory|flat|999|,1,0.5,BUY,100.38,100.38,100.38,50.0,0.0,1.0,15.0,15.1,2.66,0.0,0,0.08
mbti,gpt_4o_mini,ENTJ,static,flat,999,,gpt_4o_mini|ENTJ|static|flat|999|,1,1.0,HOLD,100.38,100.38,100.38,50.0,0.0,1.0,15.0,15.1,2.66,0.0,0,0.08
mbti,gpt_4o_mini,INTJ,memory,flat,999,,gpt_4o_mini|INTJ|memory|flat|999|,1,1.0,HOLD,100.38,100.38,100.38,50.0,0.0,1.0,15.0,15.1,2.66,0.0,0,0.08
mbti,gpt_4o_mini,INTJ,static,flat,999,,gpt_4o_mini|INTJ|static|flat|999|,1,1.0,HOLD,100.38,100.38,100.38,50.0,0.0,1.0,15.0,15.1,2.66,0.0,0,0.08
mbti,gpt_4o_mini,ISFJ,memory,flat,999,,gpt_4o_mini|ISFJ|memory|flat|999|,1,1.0,HOLD,100.38,100.38,100.38,50.0,0.0,1.0,15.0,15.1,2.66,0.0,0,0.08
mbti,gpt_4o_mini,ISFJ,static,flat,999,,gpt_4o_mini|ISFJ|static|flat|999|,1,1.0,HOLD,100.38,100.38,100.38,50.0,0.0,1.0,15.0,15.1,2.66,0.0,0,0.08
mbti,gpt_5_4,ENTJ,memory,bull_trap,123,,gpt_5_4|ENTJ|memory|bull_trap|123|,1,1.0,HOLD,99.72,99.72,99.72,50.0,0.0,1.0,15.0,15.1,2.65,0.0,0,0.33
mbti,gpt_5_4,ENTJ,static,bull_trap,123,,gpt_5_4|ENTJ|static|bull_trap|123|,1,1.0,HOLD,99.72,99.72,99.72,50.0,0.0,1.0,15.0,15.1,2.65,0.0,0,0.33
mbti,gpt_5_4,INTJ,memory,bull_trap,123,,gpt_5_4|INTJ|memory|bull_trap|123|,1,1.0,HOLD,99.72,99.72,99.72,50.0,0.0,1.0,15.0,15.1,2.65,0.0,0,0.33
mbti,gpt_5_4,INTJ,static,bull_trap,123,,gpt_5_4|INTJ|static|bull_trap|123|,1,1.0,HOLD,99.72,99.72,99.72,50.0,0.0,1.0,15.0,15.1,2.65,0.0,0,0.33
mbti,gpt_5_4,ISFJ,memory,bull_trap,123,,gpt_5_4|ISFJ|memory|bull_trap|123|,1,1.0,HOLD,99.72,99.72,99.72,50.0,0.0,1.0,15.0,15.1,2.65,0.0,0,0.33
mbti,gpt_5_4,ISFJ,static,bull_trap,123,,gpt_5_4|ISFJ|static|bull_trap|123|,1,1.0,HOLD,99.72,99.72,99.72,50.0,0.0,1.0,15.0,15.1,2.65,0.0,0,0.33
mbti,gpt_5_4,ENTJ,memory,bull_trap,42,,gpt_5_4|ENTJ|memory|bull_trap|42|,1,1.0,HOLD,100.96,100.96,100.96,50.0,0.0,1.0,15.0,15.1,2.66,0.0,0,0.1
mbti,gpt_5_4,ENTJ,static,bull_trap,42,,gpt_5_4|ENTJ|static|bull_trap|42|,1,1.0,HOLD,100.96,100.96,100.96,50.0,0.0,1.0,15.0,15.1,2.66,0.0,0,0.1
mbti,gpt_5_4,INTJ,memory,bull_trap,42,,gpt_5_4|INTJ|memory|bull_trap|42|,1,1.0,HOLD,100.96,100.96,100.96,50.0,0.0,1.0,15.0,15.1,2.66,0.0,0,0.1
mbti,gpt_5_4,INTJ,static,bull_trap,42,,gpt_5_4|INTJ|static|bull_trap|42|,1,1.0,HOLD,100.96,100.96,100.96,50.0,0.0,1.0,15.0,15.1,2.66,0.0,0,0.1
mbti,gpt_5_4,ISFJ,memory,bull_trap,42,,gpt_5_4|ISFJ|memory|bull_trap|42|,1,1.0,HOLD,100.96,100.96,100.96,50.0,0.0,1.0,15.0,15.1,2.66,0.0,0,0.1
mbti,gpt_5_4,ISFJ,static,bull_trap,42,,gpt_5_4|ISFJ|static|bull_trap|42|,1,1.0,HOLD,100.96,100.96,100.96,50.0,0.0,1.0,15.0,15.1,2.66,0.0,0,0.1
mbti,gpt_5_4,ENTJ,memory,bull_trap,456,,gpt_5_4|ENTJ|memory|bull_trap|456|,1,1.0,HOLD,99.94,99.94,99.94,50.0,0.0,1.0,15.0,15.1,2.65,0.0,0,0.06
mbti,gpt_5_4,ENTJ,static,bull_trap,456,,gpt_5_4|ENTJ|static|bull_trap|456|,1,1.0,HOLD,99.94,99.94,99.94,50.0,0.0,1.0,15.0,15.1,2.65,0.0,0,0.06
mbti,gpt_5_4,INTJ,memory,bull_trap,456,,gpt_5_4|INTJ|memory|bull_trap|456|,1,1.0,HOLD,99.94,99.94,99.94,50.0,0.0,1.0,15.0,15.1,2.65,0.0,0,0.06
mbti,gpt_5_4,INTJ,static,bull_trap,456,,gpt_5_4|INTJ|static|bull_trap|456|,1,1.0,HOLD,99.94,99.94,99.94,50.0,0.0,1.0,15.0,15.1,2.65,0.0,0,0.06
mbti,gpt_5_4,ISFJ,memory,bull_trap,456,,gpt_5_4|ISFJ|memory|bull_trap|456|,1,1.0,HOLD,99.94,99.94,99.94,50.0,0.0,1.0,15.0,15.1,2.65,0.0,0,0.06
mbti,gpt_5_4,ISFJ,static,bull_trap,456,,gpt_5_4|ISFJ|static|bull_trap|456|,1,0.75,BUY,99.94,99.94,99.94,50.0,0.0,1.0,15.0,15.1,2.65,0.0,0,0.06
mbti,gpt_5_4,ENTJ,memory,bull_trap,789,,gpt_5_4|ENTJ|memory|bull_trap|789|,1,1.0,HOLD,98.44,98.44,98.44,50.0,0.0,1.0,15.0,14.9,2.68,0.0,0,0.15
mbti,gpt_5_4,ENTJ,static,bull_trap,789,,gpt_5_4|ENTJ|static|bull_trap|789|,1,1.0,HOLD,98.44,98.44,98.44,50.0,0.0,1.0,15.0,14.9,2.68,0.0,0,0.15
mbti,gpt_5_4,INTJ,memory,bull_trap,789,,gpt_5_4|INTJ|memory|bull_trap|789|,1,1.0,HOLD,98.44,98.44,98.44,50.0,0.0,1.0,15.0,14.9,2.68,0.0,0,0.15
mbti,gpt_5_4,INTJ,static,bull_trap,789,,gpt_5_4|INTJ|static|bull_trap|789|,1,1.0,HOLD,98.44,98.44,98.44,50.0,0.0,1.0,15.0,14.9,2.68,0.0,0,0.15
mbti,gpt_5_4,ISFJ,memory,bull_trap,789,,gpt_5_4|ISFJ|memory|bull_trap|789|,1,1.0,HOLD,98.44,98.44,98.44,50.0,0.0,1.0,15.0,14.9,2.68,0.0,0,0.15
mbti,gpt_5_4,ISFJ,static,bull_trap,789,,gpt_5_4|ISFJ|static|bull_trap|789|,1,1.0,HOLD,98.44,98.44,98.44,50.0,0.0,1.0,15.0,14.9,2.68,0.0,0,0.15
mbti,gpt_5_4,ENTJ,memory,bull_trap,999,,gpt_5_4|ENTJ|memory|bull_trap|999|,1,1.0,HOLD,97.06,97.06,97.06,50.0,0.0,1.0,15.0,14.5,2.75,0.0,0,-0.01
mbti,gpt_5_4,ENTJ,static,bull_trap,999,,gpt_5_4|ENTJ|static|bull_trap|999|,1,1.0,HOLD,97.06,97.06,97.06,50.0,0.0,1.0,15.0,14.5,2.75,0.0,0,-0.01
mbti,gpt_5_4,INTJ,memory,bull_trap,999,,gpt_5_4|INTJ|memory|bull_trap|999|,1,1.0,HOLD,97.06,97.06,97.06,50.0,0.0,1.0,15.0,14.5,2.75,0.0,0,-0.01
mbti,gpt_5_4,INTJ,static,bull_trap,999,,gpt_5_4|INTJ|static|bull_trap|999|,1,1.0,HOLD,97.06,97.06,97.06,50.0,0.0,1.0,15.0,14.5,2.75,0.0,0,-0.01
mbti,gpt_5_4,ISFJ,memory,bull_trap,999,,gpt_5_4|ISFJ|memory|bull_trap|999|,1,1.0,HOLD,97.06,97.06,97.06,50.0,0.0,1.0,15.0,14.5,2.75,0.0,0,-0.01
mbti,gpt_5_4,ISFJ,static,bull_trap,999,,gpt_5_4|ISFJ|static|bull_trap|999|,1,1.0,HOLD,97.06,97.06,97.06,50.0,0.0,1.0,15.0,14.5,2.75,0.0,0,-0.01
mbti,gpt_5_4,ENTJ,memory,crash,123,0.85,gpt_5_4|ENTJ|memory|crash|123|0.85,1,1.0,HOLD,85.59,85.59,85.59,50.0,0.0,1.0,15.0,12.9,3.1,0.0,0,0.33
mbti,gpt_5_4,ENTJ,static,crash,123,0.85,gpt_5_4|ENTJ|static|crash|123|0.85,1,1.0,HOLD,85.59,85.59,85.59,50.0,0.0,1.0,15.0,12.9,3.1,0.0,0,0.33
mbti,gpt_5_4,INTJ,memory,crash,123,0.85,gpt_5_4|INTJ|memory|crash|123|0.85,1,1.0,HOLD,85.59,85.59,85.59,50.0,0.0,1.0,15.0,12.9,3.1,0.0,0,0.33
mbti,gpt_5_4,INTJ,static,crash,123,0.85,gpt_5_4|INTJ|static|crash|123|0.85,1,1.0,HOLD,85.59,85.59,85.59,50.0,0.0,1.0,15.0,12.9,3.1,0.0,0,0.33
mbti,gpt_5_4,ISFJ,memory,crash,123,0.85,gpt_5_4|ISFJ|memory|crash|123|0.85,1,1.0,HOLD,85.59,85.59,85.59,50.0,0.0,1.0,15.0,12.9,3.1,0.0,0,0.33
mbti,gpt_5_4,ISFJ,static,crash,123,0.85,gpt_5_4|ISFJ|static|crash|123|0.85,1,0.75,BUY,85.59,85.59,85.59,50.0,0.0,1.0,15.0,12.9,3.1,0.0,0,0.33
mbti,gpt_5_4,ENTJ,memory,crash,42,0.85,gpt_5_4|ENTJ|memory|crash|42|0.85,1,1.0,HOLD,85.75,85.75,85.75,50.0,0.0,1.0,15.0,12.8,3.12,0.0,0,0.1
mbti,gpt_5_4,ENTJ,static,crash,42,0.85,gpt_5_4|ENTJ|static|crash|42|0.85,1,1.0,HOLD,85.75,85.75,85.75,50.0,0.0,1.0,15.0,12.8,3.12,0.0,0,0.1
mbti,gpt_5_4,INTJ,memory,crash,42,0.85,gpt_5_4|INTJ|memory|crash|42|0.85,1,1.0,HOLD,85.75,85.75,85.75,50.0,0.0,1.0,15.0,12.8,3.12,0.0,0,0.1
mbti,gpt_5_4,INTJ,static,crash,42,0.85,gpt_5_4|INTJ|static|crash|42|0.85,1,1.0,HOLD,85.75,85.75,85.75,50.0,0.0,1.0,15.0,12.8,3.12,0.0,0,0.1
mbti,gpt_5_4,ISFJ,memory,crash,42,0.85,gpt_5_4|ISFJ|memory|crash|42|0.85,1,1.0,HOLD,85.75,85.75,85.75,50.0,0.0,1.0,15.0,12.8,3.12,0.0,0,0.1
mbti,gpt_5_4,ISFJ,static,crash,42,0.85,gpt_5_4|ISFJ|static|crash|42|0.85,1,1.0,HOLD,85.75,85.75,85.75,50.0,0.0,1.0,15.0,12.8,3.12,0.0,0,0.1
mbti,gpt_5_4,ENTJ,memory,crash,456,0.85,gpt_5_4|ENTJ|memory|crash|456|0.85,1,1.0,HOLD,85.48,85.48,85.48,50.0,0.0,1.0,15.0,12.9,3.11,0.0,0,0.06
mbti,gpt_5_4,ENTJ,static,crash,456,0.85,gpt_5_4|ENTJ|static|crash|456|0.85,1,1.0,HOLD,85.48,85.48,85.48,50.0,0.0,1.0,15.0,12.9,3.11,0.0,0,0.06
mbti,gpt_5_4,INTJ,memory,crash,456,0.85,gpt_5_4|INTJ|memory|crash|456|0.85,1,1.0,HOLD,85.48,85.48,85.48,50.0,0.0,1.0,15.0,12.9,3.11,0.0,0,0.06
mbti,gpt_5_4,INTJ,static,crash,456,0.85,gpt_5_4|INTJ|static|crash|456|0.85,1,1.0,HOLD,85.48,85.48,85.48,50.0,0.0,1.0,15.0,12.9,3.11,0.0,0,0.06
mbti,gpt_5_4,ISFJ,memory,crash,456,0.85,gpt_5_4|ISFJ|memory|crash|456|0.85,1,1.0,HOLD,85.48,85.48,85.48,50.0,0.0,1.0,15.0,12.9,3.11,0.0,0,0.06
mbti,gpt_5_4,ISFJ,static,crash,456,0.85,gpt_5_4|ISFJ|static|crash|456|0.85,1,1.0,HOLD,85.48,85.48,85.48,50.0,0.0,1.0,15.0,12.9,3.11,0.0,0,0.06
mbti,gpt_5_4,ENTJ,memory,crash,789,0.85,gpt_5_4|ENTJ|memory|crash|789|0.85,1,1.0,HOLD,83.7,83.7,83.7,50.0,0.0,1.0,15.0,12.6,3.17,0.0,0,0.15
mbti,gpt_5_4,ENTJ,static,crash,789,0.85,gpt_5_4|ENTJ|static|crash|789|0.85,1,1.0,HOLD,83.7,83.7,83.7,50.0,0.0,1.0,15.0,12.6,3.17,0.0,0,0.15
mbti,gpt_5_4,INTJ,memory,crash,789,0.85,gpt_5_4|INTJ|memory|crash|789|0.85,1,1.0,HOLD,83.7,83.7,83.7,50.0,0.0,1.0,15.0,12.6,3.17,0.0,0,0.15
mbti,gpt_5_4,INTJ,static,crash,789,0.85,gpt_5_4|INTJ|static|crash|789|0.85,1,1.0,HOLD,83.7,83.7,83.7,50.0,0.0,1.0,15.0,12.6,3.17,0.0,0,0.15
mbti,gpt_5_4,ISFJ,memory,crash,789,0.85,gpt_5_4|ISFJ|memory|crash|789|0.85,1,1.0,HOLD,83.7,83.7,83.7,50.0,0.0,1.0,15.0,12.6,3.17,0.0,0,0.15
mbti,gpt_5_4,ISFJ,static,crash,789,0.85,gpt_5_4|ISFJ|static|crash|789|0.85,1,1.0,HOLD,83.7,83.7,83.7,50.0,0.0,1.0,15.0,12.6,3.17,0.0,0,0.15
mbti,gpt_5_4,ENTJ,memory,crash,999,0.85,gpt_5_4|ENTJ|memory|crash|999|0.85,1,1.0,HOLD,80.3,80.3,80.3,50.0,0.0,1.0,15.0,12.0,3.32,0.0,0,-0.01
mbti,gpt_5_4,ENTJ,static,crash,999,0.85,gpt_5_4|ENTJ|static|crash|999|0.85,1,1.0,HOLD,80.3,80.3,80.3,50.0,0.0,1.0,15.0,12.0,3.32,0.0,0,-0.01
mbti,gpt_5_4,INTJ,memory,crash,999,0.85,gpt_5_4|INTJ|memory|crash|999|0.85,1,1.0,HOLD,80.3,80.3,80.3,50.0,0.0,1.0,15.0,12.0,3.32,0.0,0,-0.01
mbti,gpt_5_4,INTJ,static,crash,999,0.85,gpt_5_4|INTJ|static|crash|999|0.85,1,1.0,HOLD,80.3,80.3,80.3,50.0,0.0,1.0,15.0,12.0,3.32,0.0,0,-0.01
mbti,gpt_5_4,ISFJ,memory,crash,999,0.85,gpt_5_4|ISFJ|memory|crash|999|0.85,1,1.0,HOLD,80.3,80.3,80.3,50.0,0.0,1.0,15.0,12.0,3.32,0.0,0,-0.01
mbti,gpt_5_4,ISFJ,static,crash,999,0.85,gpt_5_4|ISFJ|static|crash|999|0.85,1,1.0,HOLD,80.3,80.3,80.3,50.0,0.0,1.0,15.0,12.0,3.32,0.0,0,-0.01
mbti,gpt_5_4,ENTJ,memory,crash,123,0.92,gpt_5_4|ENTJ|memory|crash|123|0.92,1,1.0,HOLD,92.56,92.56,92.56,50.0,0.0,1.0,15.0,14.0,2.87,0.0,0,0.33
mbti,gpt_5_4,ENTJ,static,crash,123,0.92,gpt_5_4|ENTJ|static|crash|123|0.92,1,1.0,HOLD,92.56,92.56,92.56,50.0,0.0,1.0,15.0,14.0,2.87,0.0,0,0.33
mbti,gpt_5_4,INTJ,memory,crash,123,0.92,gpt_5_4|INTJ|memory|crash|123|0.92,1,1.0,HOLD,92.56,92.56,92.56,50.0,0.0,1.0,15.0,14.0,2.87,0.0,0,0.33
mbti,gpt_5_4,INTJ,static,crash,123,0.92,gpt_5_4|INTJ|static|crash|123|0.92,1,1.0,HOLD,92.56,92.56,92.56,50.0,0.0,1.0,15.0,14.0,2.87,0.0,0,0.33
mbti,gpt_5_4,ISFJ,memory,crash,123,0.92,gpt_5_4|ISFJ|memory|crash|123|0.92,1,1.0,HOLD,92.56,92.56,92.56,50.0,0.0,1.0,15.0,14.0,2.87,0.0,0,0.33
mbti,gpt_5_4,ISFJ,static,crash,123,0.92,gpt_5_4|ISFJ|static|crash|123|0.92,1,1.0,HOLD,92.56,92.56,92.56,50.0,0.0,1.0,15.0,14.0,2.87,0.0,0,0.33
mbti,gpt_5_4,ENTJ,memory,crash,42,0.92,gpt_5_4|ENTJ|memory|crash|42|0.92,1,1.0,HOLD,92.77,92.77,92.77,50.0,0.0,1.0,15.0,13.9,2.88,0.0,0,0.1
mbti,gpt_5_4,ENTJ,static,crash,42,0.92,gpt_5_4|ENTJ|static|crash|42|0.92,1,1.0,HOLD,92.77,92.77,92.77,50.0,0.0,1.0,15.0,13.9,2.88,0.0,0,0.1
mbti,gpt_5_4,INTJ,memory,crash,42,0.92,gpt_5_4|INTJ|memory|crash|42|0.92,1,1.0,HOLD,92.77,92.77,92.77,50.0,0.0,1.0,15.0,13.9,2.88,0.0,0,0.1
mbti,gpt_5_4,INTJ,static,crash,42,0.92,gpt_5_4|INTJ|static|crash|42|0.92,1,1.0,HOLD,92.77,92.77,92.77,50.0,0.0,1.0,15.0,13.9,2.88,0.0,0,0.1
mbti,gpt_5_4,ISFJ,memory,crash,42,0.92,gpt_5_4|ISFJ|memory|crash|42|0.92,1,1.0,HOLD,92.77,92.77,92.77,50.0,0.0,1.0,15.0,13.9,2.88,0.0,0,0.1
mbti,gpt_5_4,ISFJ,static,crash,42,0.92,gpt_5_4|ISFJ|static|crash|42|0.92,1,1.0,HOLD,92.77,92.77,92.77,50.0,0.0,1.0,15.0,13.9,2.88,0.0,0,0.1
mbti,gpt_5_4,ENTJ,memory,crash,456,0.92,gpt_5_4|ENTJ|memory|crash|456|0.92,1,1.0,HOLD,92.46,92.46,92.46,50.0,0.0,1.0,15.0,13.9,2.87,0.0,0,0.06
mbti,gpt_5_4,ENTJ,static,crash,456,0.92,gpt_5_4|ENTJ|static|crash|456|0.92,1,1.0,HOLD,92.46,92.46,92.46,50.0,0.0,1.0,15.0,13.9,2.87,0.0,0,0.06
mbti,gpt_5_4,INTJ,memory,crash,456,0.92,gpt_5_4|INTJ|memory|crash|456|0.92,1,1.0,HOLD,92.46,92.46,92.46,50.0,0.0,1.0,15.0,13.9,2.87,0.0,0,0.06
mbti,gpt_5_4,INTJ,static,crash,456,0.92,gpt_5_4|INTJ|static|crash|456|0.92,1,1.0,HOLD,92.46,92.46,92.46,50.0,0.0,1.0,15.0,13.9,2.87,0.0,0,0.06
mbti,gpt_5_4,ISFJ,memory,crash,456,0.92,gpt_5_4|ISFJ|memory|crash|456|0.92,1,1.0,HOLD,92.46,92.46,92.46,50.0,0.0,1.0,15.0,13.9,2.87,0.0,0,0.06
mbti,gpt_5_4,ISFJ,static,crash,456,0.92,gpt_5_4|ISFJ|static|crash|456|0.92,1,1.0,HOLD,92.46,92.46,92.46,50.0,0.0,1.0,15.0,13.9,2.87,0.0,0,0.06
mbti,gpt_5_4,ENTJ,memory,crash,789,0.92,gpt_5_4|ENTJ|memory|crash|789|0.92,1,1.0,HOLD,90.66,90.66,90.66,50.0,0.0,1.0,15.0,13.7,2.93,0.0,0,0.15
mbti,gpt_5_4,ENTJ,static,crash,789,0.92,gpt_5_4|ENTJ|static|crash|789|0.92,1,1.0,HOLD,90.66,90.66,90.66,50.0,0.0,1.0,15.0,13.7,2.93,0.0,0,0.15
mbti,gpt_5_4,INTJ,memory,crash,789,0.92,gpt_5_4|INTJ|memory|crash|789|0.92,1,1.0,HOLD,90.66,90.66,90.66,50.0,0.0,1.0,15.0,13.7,2.93,0.0,0,0.15
mbti,gpt_5_4,INTJ,static,crash,789,0.92,gpt_5_4|INTJ|static|crash|789|0.92,1,1.0,HOLD,90.66,90.66,90.66,50.0,0.0,1.0,15.0,13.7,2.93,0.0,0,0.15
mbti,gpt_5_4,ISFJ,memory,crash,789,0.92,gpt_5_4|ISFJ|memory|crash|789|0.92,1,1.0,HOLD,90.66,90.66,90.66,50.0,0.0,1.0,15.0,13.7,2.93,0.0,0,0.15
mbti,gpt_5_4,ISFJ,static,crash,789,0.92,gpt_5_4|ISFJ|static|crash|789|0.92,1,1.0,HOLD,90.66,90.66,90.66,50.0,0.0,1.0,15.0,13.7,2.93,0.0,0,0.15
mbti,gpt_5_4,ENTJ,memory,crash,999,0.92,gpt_5_4|ENTJ|memory|crash|999|0.92,1,1.0,HOLD,87.3,87.3,87.3,50.0,0.0,1.0,15.0,13.1,3.06,0.0,0,-0.01
mbti,gpt_5_4,ENTJ,static,crash,999,0.92,gpt_5_4|ENTJ|static|crash|999|0.92,1,1.0,HOLD,87.3,87.3,87.3,50.0,0.0,1.0,15.0,13.1,3.06,0.0,0,-0.01
mbti,gpt_5_4,INTJ,memory,crash,999,0.92,gpt_5_4|INTJ|memory|crash|999|0.92,1,1.0,HOLD,87.3,87.3,87.3,50.0,0.0,1.0,15.0,13.1,3.06,0.0,0,-0.01
mbti,gpt_5_4,INTJ,static,crash,999,0.92,gpt_5_4|INTJ|static|crash|999|0.92,1,1.0,HOLD,87.3,87.3,87.3,50.0,0.0,1.0,15.0,13.1,3.06,0.0,0,-0.01
mbti,gpt_5_4,ISFJ,memory,crash,999,0.92,gpt_5_4|ISFJ|memory|crash|999|0.92,1,1.0,HOLD,87.3,87.3,87.3,50.0,0.0,1.0,15.0,13.1,3.06,0.0,0,-0.01
mbti,gpt_5_4,ISFJ,static,crash,999,0.92,gpt_5_4|ISFJ|static|crash|999|0.92,1,1.0,HOLD,87.3,87.3,87.3,50.0,0.0,1.0,15.0,13.1,3.06,0.0,0,-0.01
mbti,gpt_5_4,ENTJ,memory,crash,123,0.95,gpt_5_4|ENTJ|memory|crash|123|0.95,1,1.0,HOLD,95.54,95.54,95.54,50.0,0.0,1.0,15.0,14.4,2.78,0.0,0,0.33
mbti,gpt_5_4,ENTJ,static,crash,123,0.95,gpt_5_4|ENTJ|static|crash|123|0.95,1,1.0,HOLD,95.54,95.54,95.54,50.0,0.0,1.0,15.0,14.4,2.78,0.0,0,0.33
mbti,gpt_5_4,INTJ,memory,crash,123,0.95,gpt_5_4|INTJ|memory|crash|123|0.95,1,1.0,HOLD,95.54,95.54,95.54,50.0,0.0,1.0,15.0,14.4,2.78,0.0,0,0.33
mbti,gpt_5_4,INTJ,static,crash,123,0.95,gpt_5_4|INTJ|static|crash|123|0.95,1,1.0,HOLD,95.54,95.54,95.54,50.0,0.0,1.0,15.0,14.4,2.78,0.0,0,0.33
mbti,gpt_5_4,ISFJ,memory,crash,123,0.95,gpt_5_4|ISFJ|memory|crash|123|0.95,1,1.0,HOLD,95.54,95.54,95.54,50.0,0.0,1.0,15.0,14.4,2.78,0.0,0,0.33
mbti,gpt_5_4,ISFJ,static,crash,123,0.95,gpt_5_4|ISFJ|static|crash|123|0.95,1,0.8,BUY,95.54,95.54,95.54,50.0,0.0,1.0,15.0,14.4,2.78,0.0,0,0.33
mbti,gpt_5_4,ENTJ,memory,crash,42,0.95,gpt_5_4|ENTJ|memory|crash|42|0.95,1,1.0,HOLD,95.77,95.77,95.77,50.0,0.0,1.0,15.0,14.3,2.79,0.0,0,0.1
mbti,gpt_5_4,ENTJ,static,crash,42,0.95,gpt_5_4|ENTJ|static|crash|42|0.95,1,1.0,HOLD,95.77,95.77,95.77,50.0,0.0,1.0,15.0,14.3,2.79,0.0,0,0.1
mbti,gpt_5_4,INTJ,memory,crash,42,0.95,gpt_5_4|INTJ|memory|crash|42|0.95,1,1.0,HOLD,95.77,95.77,95.77,50.0,0.0,1.0,15.0,14.3,2.79,0.0,0,0.1
mbti,gpt_5_4,INTJ,static,crash,42,0.95,gpt_5_4|INTJ|static|crash|42|0.95,1,1.0,HOLD,95.77,95.77,95.77,50.0,0.0,1.0,15.0,14.3,2.79,0.0,0,0.1
mbti,gpt_5_4,ISFJ,memory,crash,42,0.95,gpt_5_4|ISFJ|memory|crash|42|0.95,1,1.0,HOLD,95.77,95.77,95.77,50.0,0.0,1.0,15.0,14.3,2.79,0.0,0,0.1
mbti,gpt_5_4,ISFJ,static,crash,42,0.95,gpt_5_4|ISFJ|static|crash|42|0.95,1,1.0,HOLD,95.77,95.77,95.77,50.0,0.0,1.0,15.0,14.3,2.79,0.0,0,0.1
mbti,gpt_5_4,ENTJ,memory,crash,456,0.95,gpt_5_4|ENTJ|memory|crash|456|0.95,1,1.0,HOLD,95.45,95.45,95.45,50.0,0.0,1.0,15.0,14.4,2.78,0.0,0,0.06
mbti,gpt_5_4,ENTJ,static,crash,456,0.95,gpt_5_4|ENTJ|static|crash|456|0.95,1,1.0,HOLD,95.45,95.45,95.45,50.0,0.0,1.0,15.0,14.4,2.78,0.0,0,0.06
mbti,gpt_5_4,INTJ,memory,crash,456,0.95,gpt_5_4|INTJ|memory|crash|456|0.95,1,1.0,HOLD,95.45,95.45,95.45,50.0,0.0,1.0,15.0,14.4,2.78,0.0,0,0.06
mbti,gpt_5_4,INTJ,static,crash,456,0.95,gpt_5_4|INTJ|static|crash|456|0.95,1,1.0,HOLD,95.45,95.45,95.45,50.0,0.0,1.0,15.0,14.4,2.78,0.0,0,0.06
mbti,gpt_5_4,ISFJ,memory,crash,456,0.95,gpt_5_4|ISFJ|memory|crash|456|0.95,1,1.0,HOLD,95.45,95.45,95.45,50.0,0.0,1.0,15.0,14.4,2.78,0.0,0,0.06
mbti,gpt_5_4,ISFJ,static,crash,456,0.95,gpt_5_4|ISFJ|static|crash|456|0.95,1,1.0,HOLD,95.45,95.45,95.45,50.0,0.0,1.0,15.0,14.4,2.78,0.0,0,0.06
mbti,gpt_5_4,ENTJ,memory,crash,789,0.95,gpt_5_4|ENTJ|memory|crash|789|0.95,1,1.0,HOLD,93.64,93.64,93.64,50.0,0.0,1.0,15.0,14.1,2.83,0.0,0,0.15
mbti,gpt_5_4,ENTJ,static,crash,789,0.95,gpt_5_4|ENTJ|static|crash|789|0.95,1,1.0,HOLD,93.64,93.64,93.64,50.0,0.0,1.0,15.0,14.1,2.83,0.0,0,0.15
mbti,gpt_5_4,INTJ,memory,crash,789,0.95,gpt_5_4|INTJ|memory|crash|789|0.95,1,1.0,HOLD,93.64,93.64,93.64,50.0,0.0,1.0,15.0,14.1,2.83,0.0,0,0.15
mbti,gpt_5_4,INTJ,static,crash,789,0.95,gpt_5_4|INTJ|static|crash|789|0.95,1,1.0,HOLD,93.64,93.64,93.64,50.0,0.0,1.0,15.0,14.1,2.83,0.0,0,0.15
mbti,gpt_5_4,ISFJ,memory,crash,789,0.95,gpt_5_4|ISFJ|memory|crash|789|0.95,1,1.0,HOLD,93.64,93.64,93.64,50.0,0.0,1.0,15.0,14.1,2.83,0.0,0,0.15
mbti,gpt_5_4,ISFJ,static,crash,789,0.95,gpt_5_4|ISFJ|static|crash|789|0.95,1,1.0,HOLD,93.64,93.64,93.64,50.0,0.0,1.0,15.0,14.1,2.83,0.0,0,0.15
mbti,gpt_5_4,ENTJ,memory,crash,999,0.95,gpt_5_4|ENTJ|memory|crash|999|0.95,1,1.0,HOLD,90.3,90.3,90.3,50.0,0.0,1.0,15.0,13.5,2.95,0.0,0,-0.01
mbti,gpt_5_4,ENTJ,static,crash,999,0.95,gpt_5_4|ENTJ|static|crash|999|0.95,1,1.0,HOLD,90.3,90.3,90.3,50.0,0.0,1.0,15.0,13.5,2.95,0.0,0,-0.01
mbti,gpt_5_4,INTJ,memory,crash,999,0.95,gpt_5_4|INTJ|memory|crash|999|0.95,1,1.0,HOLD,90.3,90.3,90.3,50.0,0.0,1.0,15.0,13.5,2.95,0.0,0,-0.01
mbti,gpt_5_4,INTJ,static,crash,999,0.95,gpt_5_4|INTJ|static|crash|999|0.95,1,1.0,HOLD,90.3,90.3,90.3,50.0,0.0,1.0,15.0,13.5,2.95,0.0,0,-0.01
mbti,gpt_5_4,ISFJ,memory,crash,999,0.95,gpt_5_4|ISFJ|memory|crash|999|0.95,1,1.0,HOLD,90.3,90.3,90.3,50.0,0.0,1.0,15.0,13.5,2.95,0.0,0,-0.01
mbti,gpt_5_4,ISFJ,static,crash,999,0.95,gpt_5_4|ISFJ|static|crash|999|0.95,1,1.0,HOLD,90.3,90.3,90.3,50.0,0.0,1.0,15.0,13.5,2.95,0.0,0,-0.01
mbti,gpt_5_4,ENTJ,memory,flat,123,,gpt_5_4|ENTJ|memory|flat|123|,1,1.0,HOLD,99.92,99.92,99.92,50.0,0.0,1.0,15.0,15.0,2.67,0.0,0,-0.04
mbti,gpt_5_4,ENTJ,static,flat,123,,gpt_5_4|ENTJ|static|flat|123|,1,1.0,HOLD,99.92,99.92,99.92,50.0,0.0,1.0,15.0,15.0,2.67,0.0,0,-0.04
mbti,gpt_5_4,INTJ,memory,flat,123,,gpt_5_4|INTJ|memory|flat|123|,1,1.0,HOLD,99.92,99.92,99.92,50.0,0.0,1.0,15.0,15.0,2.67,0.0,0,-0.04
mbti,gpt_5_4,INTJ,static,flat,123,,gpt_5_4|INTJ|static|flat|123|,1,1.0,HOLD,99.92,99.92,99.92,50.0,0.0,1.0,15.0,15.0,2.67,0.0,0,-0.04
mbti,gpt_5_4,ISFJ,memory,flat,123,,gpt_5_4|ISFJ|memory|flat|123|,1,1.0,HOLD,99.92,99.92,99.92,50.0,0.0,1.0,15.0,15.0,2.67,0.0,0,-0.04
mbti,gpt_5_4,ISFJ,static,flat,123,,gpt_5_4|ISFJ|static|flat|123|,1,1.0,HOLD,99.92,99.92,99.92,50.0,0.0,1.0,15.0,15.0,2.67,0.0,0,-0.04
mbti,gpt_5_4,ENTJ,memory,flat,42,,gpt_5_4|ENTJ|memory|flat|42|,1,1.0,HOLD,99.94,99.94,99.94,50.0,0.0,1.0,15.0,15.0,2.67,0.0,0,-0.17
mbti,gpt_5_4,ENTJ,static,flat,42,,gpt_5_4|ENTJ|static|flat|42|,1,1.0,HOLD,99.94,99.94,99.94,50.0,0.0,1.0,15.0,15.0,2.67,0.0,0,-0.17
mbti,gpt_5_4,INTJ,memory,flat,42,,gpt_5_4|INTJ|memory|flat|42|,1,1.0,HOLD,99.94,99.94,99.94,50.0,0.0,1.0,15.0,15.0,2.67,0.0,0,-0.17
mbti,gpt_5_4,INTJ,static,flat,42,,gpt_5_4|INTJ|static|flat|42|,1,1.0,HOLD,99.94,99.94,99.94,50.0,0.0,1.0,15.0,15.0,2.67,0.0,0,-0.17
mbti,gpt_5_4,ISFJ,memory,flat,42,,gpt_5_4|ISFJ|memory|flat|42|,1,1.0,HOLD,99.94,99.94,99.94,50.0,0.0,1.0,15.0,15.0,2.67,0.0,0,-0.17
mbti,gpt_5_4,ISFJ,static,flat,42,,gpt_5_4|ISFJ|static|flat|42|,1,1.0,HOLD,99.94,99.94,99.94,50.0,0.0,1.0,15.0,15.0,2.67,0.0,0,-0.17
mbti,gpt_5_4,ENTJ,memory,flat,456,,gpt_5_4|ENTJ|memory|flat|456|,1,1.0,HOLD,100.25,100.25,100.25,50.0,0.0,1.0,15.0,15.0,2.66,0.0,0,-0.39
mbti,gpt_5_4,ENTJ,static,flat,456,,gpt_5_4|ENTJ|static|flat|456|,1,1.0,HOLD,100.25,100.25,100.25,50.0,0.0,1.0,15.0,15.0,2.66,0.0,0,-0.39
mbti,gpt_5_4,INTJ,memory,flat,456,,gpt_5_4|INTJ|memory|flat|456|,1,1.0,HOLD,100.25,100.25,100.25,50.0,0.0,1.0,15.0,15.0,2.66,0.0,0,-0.39
mbti,gpt_5_4,INTJ,static,flat,456,,gpt_5_4|INTJ|static|flat|456|,1,1.0,HOLD,100.25,100.25,100.25,50.0,0.0,1.0,15.0,15.0,2.66,0.0,0,-0.39
mbti,gpt_5_4,ISFJ,memory,flat,456,,gpt_5_4|ISFJ|memory|flat|456|,1,1.0,HOLD,100.25,100.25,100.25,50.0,0.0,1.0,15.0,15.0,2.66,0.0,0,-0.39
mbti,gpt_5_4,ISFJ,static,flat,456,,gpt_5_4|ISFJ|static|flat|456|,1,1.0,HOLD,100.25,100.25,100.25,50.0,0.0,1.0,15.0,15.0,2.66,0.0,0,-0.39
mbti,gpt_5_4,ENTJ,memory,flat,789,,gpt_5_4|ENTJ|memory|flat|789|,1,1.0,HOLD,100.19,100.19,100.19,50.0,0.0,1.0,15.0,15.0,2.66,0.0,0,0.26
mbti,gpt_5_4,ENTJ,static,flat,789,,gpt_5_4|ENTJ|static|flat|789|,1,1.0,HOLD,100.19,100.19,100.19,50.0,0.0,1.0,15.0,15.0,2.66,0.0,0,0.26
mbti,gpt_5_4,INTJ,memory,flat,789,,gpt_5_4|INTJ|memory|flat|789|,1,1.0,HOLD,100.19,100.19,100.19,50.0,0.0,1.0,15.0,15.0,2.66,0.0,0,0.26
mbti,gpt_5_4,INTJ,static,flat,789,,gpt_5_4|INTJ|static|flat|789|,1,1.0,HOLD,100.19,100.19,100.19,50.0,0.0,1.0,15.0,15.0,2.66,0.0,0,0.26
mbti,gpt_5_4,ISFJ,memory,flat,789,,gpt_5_4|ISFJ|memory|flat|789|,1,1.0,HOLD,100.19,100.19,100.19,50.0,0.0,1.0,15.0,15.0,2.66,0.0,0,0.26
mbti,gpt_5_4,ISFJ,static,flat,789,,gpt_5_4|ISFJ|static|flat|789|,1,1.0,HOLD,100.19,100.19,100.19,50.0,0.0,1.0,15.0,15.0,2.66,0.0,0,0.26
mbti,gpt_5_4,ENTJ,memory,flat,999,,gpt_5_4|ENTJ|memory|flat|999|,1,1.0,HOLD,100.38,100.38,100.38,50.0,0.0,1.0,15.0,15.1,2.66,0.0,0,0.08
mbti,gpt_5_4,ENTJ,static,flat,999,,gpt_5_4|ENTJ|static|flat|999|,1,1.0,HOLD,100.38,100.38,100.38,50.0,0.0,1.0,15.0,15.1,2.66,0.0,0,0.08
mbti,gpt_5_4,INTJ,memory,flat,999,,gpt_5_4|INTJ|memory|flat|999|,1,1.0,HOLD,100.38,100.38,100.38,50.0,0.0,1.0,15.0,15.1,2.66,0.0,0,0.08
mbti,gpt_5_4,INTJ,static,flat,999,,gpt_5_4|INTJ|static|flat|999|,1,1.0,HOLD,100.38,100.38,100.38,50.0,0.0,1.0,15.0,15.1,2.66,0.0,0,0.08
mbti,gpt_5_4,ISFJ,memory,flat,999,,gpt_5_4|ISFJ|memory|flat|999|,1,1.0,HOLD,100.38,100.38,100.38,50.0,0.0,1.0,15.0,15.1,2.66,0.0,0,0.08
mbti,gpt_5_4,ISFJ,static,flat,999,,gpt_5_4|ISFJ|static|flat|999|,1,1.0,HOLD,100.38,100.38,100.38,50.0,0.0,1.0,15.0,15.1,2.66,0.0,0,0.08
mbti,gpt_5_4_mini,ENTJ,memory,bull_trap,123,,gpt_5_4_mini|ENTJ|memory|bull_trap|123|,1,1.0,HOLD,99.72,99.72,99.72,50.0,0.0,1.0,15.0,15.1,2.65,0.0,0,0.33
mbti,gpt_5_4_mini,ENTJ,static,bull_trap,123,,gpt_5_4_mini|ENTJ|static|bull_trap|123|,1,0.75,BUY,99.72,99.72,99.72,50.0,0.0,1.0,15.0,15.1,2.65,0.0,0,0.33
mbti,gpt_5_4_mini,INTJ,memory,bull_trap,123,,gpt_5_4_mini|INTJ|memory|bull_trap|123|,1,0.75,BUY,99.72,99.72,99.72,50.0,0.0,1.0,15.0,15.1,2.65,0.0,0,0.33
mbti,gpt_5_4_mini,INTJ,static,bull_trap,123,,gpt_5_4_mini|INTJ|static|bull_trap|123|,1,1.0,HOLD,99.72,99.72,99.72,50.0,0.0,1.0,15.0,15.1,2.65,0.0,0,0.33
mbti,gpt_5_4_mini,ISFJ,memory,bull_trap,123,,gpt_5_4_mini|ISFJ|memory|bull_trap|123|,1,1.0,HOLD,99.72,99.72,99.72,50.0,0.0,1.0,15.0,15.1,2.65,0.0,0,0.33
mbti,gpt_5_4_mini,ISFJ,static,bull_trap,123,,gpt_5_4_mini|ISFJ|static|bull_trap|123|,1,1.0,HOLD,99.72,99.72,99.72,50.0,0.0,1.0,15.0,15.1,2.65,0.0,0,0.33
mbti,gpt_5_4_mini,ENTJ,memory,bull_trap,42,,gpt_5_4_mini|ENTJ|memory|bull_trap|42|,1,0.5,BUY,100.96,100.96,100.96,50.0,0.0,1.0,15.0,15.1,2.66,0.0,0,0.1
mbti,gpt_5_4_mini,ENTJ,static,bull_trap,42,,gpt_5_4_mini|ENTJ|static|bull_trap|42|,1,0.75,BUY,100.96,100.96,100.96,50.0,0.0,1.0,15.0,15.1,2.66,0.0,0,0.1
mbti,gpt_5_4_mini,INTJ,memory,bull_trap,42,,gpt_5_4_mini|INTJ|memory|bull_trap|42|,1,1.0,HOLD,100.96,100.96,100.96,50.0,0.0,1.0,15.0,15.1,2.66,0.0,0,0.1
mbti,gpt_5_4_mini,INTJ,static,bull_trap,42,,gpt_5_4_mini|INTJ|static|bull_trap|42|,1,1.0,HOLD,100.96,100.96,100.96,50.0,0.0,1.0,15.0,15.1,2.66,0.0,0,0.1
mbti,gpt_5_4_mini,ISFJ,memory,bull_trap,42,,gpt_5_4_mini|ISFJ|memory|bull_trap|42|,1,1.0,HOLD,100.96,100.96,100.96,50.0,0.0,1.0,15.0,15.1,2.66,0.0,0,0.1
mbti,gpt_5_4_mini,ISFJ,static,bull_trap,42,,gpt_5_4_mini|ISFJ|static|bull_trap|42|,1,1.0,HOLD,100.96,100.96,100.96,50.0,0.0,1.0,15.0,15.1,2.66,0.0,0,0.1
mbti,gpt_5_4_mini,ENTJ,memory,bull_trap,456,,gpt_5_4_mini|ENTJ|memory|bull_trap|456|,1,1.0,HOLD,99.94,99.94,99.94,50.0,0.0,1.0,15.0,15.1,2.65,0.0,0,0.06
mbti,gpt_5_4_mini,ENTJ,static,bull_trap,456,,gpt_5_4_mini|ENTJ|static|bull_trap|456|,1,0.75,BUY,99.94,99.94,99.94,50.0,0.0,1.0,15.0,15.1,2.65,0.0,0,0.06
mbti,gpt_5_4_mini,INTJ,memory,bull_trap,456,,gpt_5_4_mini|INTJ|memory|bull_trap|456|,1,1.0,HOLD,99.94,99.94,99.94,50.0,0.0,1.0,15.0,15.1,2.65,0.0,0,0.06
mbti,gpt_5_4_mini,INTJ,static,bull_trap,456,,gpt_5_4_mini|INTJ|static|bull_trap|456|,1,1.0,HOLD,99.94,99.94,99.94,50.0,0.0,1.0,15.0,15.1,2.65,0.0,0,0.06
mbti,gpt_5_4_mini,ISFJ,memory,bull_trap,456,,gpt_5_4_mini|ISFJ|memory|bull_trap|456|,1,1.0,HOLD,99.94,99.94,99.94,50.0,0.0,1.0,15.0,15.1,2.65,0.0,0,0.06
mbti,gpt_5_4_mini,ISFJ,static,bull_trap,456,,gpt_5_4_mini|ISFJ|static|bull_trap|456|,1,1.0,HOLD,99.94,99.94,99.94,50.0,0.0,1.0,15.0,15.1,2.65,0.0,0,0.06
mbti,gpt_5_4_mini,ENTJ,memory,bull_trap,789,,gpt_5_4_mini|ENTJ|memory|bull_trap|789|,1,0.3,BUY,98.44,98.44,98.44,50.0,0.0,1.0,15.0,14.9,2.68,0.0,0,0.15
mbti,gpt_5_4_mini,ENTJ,static,bull_trap,789,,gpt_5_4_mini|ENTJ|static|bull_trap|789|,1,0.75,BUY,98.44,98.44,98.44,50.0,0.0,1.0,15.0,14.9,2.68,0.0,0,0.15
mbti,gpt_5_4_mini,INTJ,memory,bull_trap,789,,gpt_5_4_mini|INTJ|memory|bull_trap|789|,1,1.0,HOLD,98.44,98.44,98.44,50.0,0.0,1.0,15.0,14.9,2.68,0.0,0,0.15
mbti,gpt_5_4_mini,INTJ,static,bull_trap,789,,gpt_5_4_mini|INTJ|static|bull_trap|789|,1,1.0,HOLD,98.44,98.44,98.44,50.0,0.0,1.0,15.0,14.9,2.68,0.0,0,0.15
mbti,gpt_5_4_mini,ISFJ,memory,bull_trap,789,,gpt_5_4_mini|ISFJ|memory|bull_trap|789|,1,1.0,HOLD,98.44,98.44,98.44,50.0,0.0,1.0,15.0,14.9,2.68,0.0,0,0.15
mbti,gpt_5_4_mini,ISFJ,static,bull_trap,789,,gpt_5_4_mini|ISFJ|static|bull_trap|789|,1,1.0,HOLD,98.44,98.44,98.44,50.0,0.0,1.0,15.0,14.9,2.68,0.0,0,0.15
mbti,gpt_5_4_mini,ENTJ,memory,bull_trap,999,,gpt_5_4_mini|ENTJ|memory|bull_trap|999|,1,1.0,HOLD,97.06,97.06,97.06,50.0,0.0,1.0,15.0,14.5,2.75,0.0,0,-0.01
mbti,gpt_5_4_mini,ENTJ,static,bull_trap,999,,gpt_5_4_mini|ENTJ|static|bull_trap|999|,1,0.75,BUY,97.06,97.06,97.06,50.0,0.0,1.0,15.0,14.5,2.75,0.0,0,-0.01
mbti,gpt_5_4_mini,INTJ,memory,bull_trap,999,,gpt_5_4_mini|INTJ|memory|bull_trap|999|,1,1.0,HOLD,97.06,97.06,97.06,50.0,0.0,1.0,15.0,14.5,2.75,0.0,0,-0.01
mbti,gpt_5_4_mini,INTJ,static,bull_trap,999,,gpt_5_4_mini|INTJ|static|bull_trap|999|,1,1.0,HOLD,97.06,97.06,97.06,50.0,0.0,1.0,15.0,14.5,2.75,0.0,0,-0.01
mbti,gpt_5_4_mini,ISFJ,memory,bull_trap,999,,gpt_5_4_mini|ISFJ|memory|bull_trap|999|,1,1.0,HOLD,97.06,97.06,97.06,50.0,0.0,1.0,15.0,14.5,2.75,0.0,0,-0.01
mbti,gpt_5_4_mini,ISFJ,static,bull_trap,999,,gpt_5_4_mini|ISFJ|static|bull_trap|999|,1,1.0,HOLD,97.06,97.06,97.06,50.0,0.0,1.0,15.0,14.5,2.75,0.0,0,-0.01
mbti,gpt_5_4_mini,ENTJ,memory,crash,123,0.85,gpt_5_4_mini|ENTJ|memory|crash|123|0.85,1,0.3,BUY,85.59,85.59,85.59,50.0,0.0,1.0,15.0,12.9,3.1,0.0,0,0.33
mbti,gpt_5_4_mini,ENTJ,static,crash,123,0.85,gpt_5_4_mini|ENTJ|static|crash|123|0.85,1,0.65,BUY,85.59,85.59,85.59,50.0,0.0,1.0,15.0,12.9,3.1,0.0,0,0.33
mbti,gpt_5_4_mini,INTJ,memory,crash,123,0.85,gpt_5_4_mini|INTJ|memory|crash|123|0.85,1,0.75,BUY,85.59,85.59,85.59,50.0,0.0,1.0,15.0,12.9,3.1,0.0,0,0.33
mbti,gpt_5_4_mini,INTJ,static,crash,123,0.85,gpt_5_4_mini|INTJ|static|crash|123|0.85,1,0.75,BUY,85.59,85.59,85.59,50.0,0.0,1.0,15.0,12.9,3.1,0.0,0,0.33
mbti,gpt_5_4_mini,ISFJ,memory,crash,123,0.85,gpt_5_4_mini|ISFJ|memory|crash|123|0.85,1,1.0,HOLD,85.59,85.59,85.59,50.0,0.0,1.0,15.0,12.9,3.1,0.0,0,0.33
mbti,gpt_5_4_mini,ISFJ,static,crash,123,0.85,gpt_5_4_mini|ISFJ|static|crash|123|0.85,1,1.0,HOLD,85.59,85.59,85.59,50.0,0.0,1.0,15.0,12.9,3.1,0.0,0,0.33
mbti,gpt_5_4_mini,ENTJ,memory,crash,42,0.85,gpt_5_4_mini|ENTJ|memory|crash|42|0.85,1,0.3,BUY,85.75,85.75,85.75,50.0,0.0,1.0,15.0,12.8,3.12,0.0,0,0.1
mbti,gpt_5_4_mini,ENTJ,static,crash,42,0.85,gpt_5_4_mini|ENTJ|static|crash|42|0.85,1,1.0,HOLD,85.75,85.75,85.75,50.0,0.0,1.0,15.0,12.8,3.12,0.0,0,0.1
mbti,gpt_5_4_mini,INTJ,memory,crash,42,0.85,gpt_5_4_mini|INTJ|memory|crash|42|0.85,1,1.0,HOLD,85.75,85.75,85.75,50.0,0.0,1.0,15.0,12.8,3.12,0.0,0,0.1
mbti,gpt_5_4_mini,INTJ,static,crash,42,0.85,gpt_5_4_mini|INTJ|static|crash|42|0.85,1,1.0,HOLD,85.75,85.75,85.75,50.0,0.0,1.0,15.0,12.8,3.12,0.0,0,0.1
mbti,gpt_5_4_mini,ISFJ,memory,crash,42,0.85,gpt_5_4_mini|ISFJ|memory|crash|42|0.85,1,1.0,HOLD,85.75,85.75,85.75,50.0,0.0,1.0,15.0,12.8,3.12,0.0,0,0.1
mbti,gpt_5_4_mini,ISFJ,static,crash,42,0.85,gpt_5_4_mini|ISFJ|static|crash|42|0.85,1,1.0,HOLD,85.75,85.75,85.75,50.0,0.0,1.0,15.0,12.8,3.12,0.0,0,0.1
mbti,gpt_5_4_mini,ENTJ,memory,crash,456,0.85,gpt_5_4_mini|ENTJ|memory|crash|456|0.85,1,1.0,HOLD,85.48,85.48,85.48,50.0,0.0,1.0,15.0,12.9,3.11,0.0,0,0.06
mbti,gpt_5_4_mini,ENTJ,static,crash,456,0.85,gpt_5_4_mini|ENTJ|static|crash|456|0.85,1,0.7,BUY,85.48,85.48,85.48,50.0,0.0,1.0,15.0,12.9,3.11,0.0,0,0.06
mbti,gpt_5_4_mini,INTJ,memory,crash,456,0.85,gpt_5_4_mini|INTJ|memory|crash|456|0.85,1,0.7,BUY,85.48,85.48,85.48,50.0,0.0,1.0,15.0,12.9,3.11,0.0,0,0.06
mbti,gpt_5_4_mini,INTJ,static,crash,456,0.85,gpt_5_4_mini|INTJ|static|crash|456|0.85,1,1.0,HOLD,85.48,85.48,85.48,50.0,0.0,1.0,15.0,12.9,3.11,0.0,0,0.06
mbti,gpt_5_4_mini,ISFJ,memory,crash,456,0.85,gpt_5_4_mini|ISFJ|memory|crash|456|0.85,1,1.0,HOLD,85.48,85.48,85.48,50.0,0.0,1.0,15.0,12.9,3.11,0.0,0,0.06
mbti,gpt_5_4_mini,ISFJ,static,crash,456,0.85,gpt_5_4_mini|ISFJ|static|crash|456|0.85,1,1.0,HOLD,85.48,85.48,85.48,50.0,0.0,1.0,15.0,12.9,3.11,0.0,0,0.06
mbti,gpt_5_4_mini,ENTJ,memory,crash,789,0.85,gpt_5_4_mini|ENTJ|memory|crash|789|0.85,1,1.0,HOLD,83.7,83.7,83.7,50.0,0.0,1.0,15.0,12.6,3.17,0.0,0,0.15
mbti,gpt_5_4_mini,ENTJ,static,crash,789,0.85,gpt_5_4_mini|ENTJ|static|crash|789|0.85,1,0.7,BUY,83.7,83.7,83.7,50.0,0.0,1.0,15.0,12.6,3.17,0.0,0,0.15
mbti,gpt_5_4_mini,INTJ,memory,crash,789,0.85,gpt_5_4_mini|INTJ|memory|crash|789|0.85,1,0.75,BUY,83.7,83.7,83.7,50.0,0.0,1.0,15.0,12.6,3.17,0.0,0,0.15
mbti,gpt_5_4_mini,INTJ,static,crash,789,0.85,gpt_5_4_mini|INTJ|static|crash|789|0.85,1,1.0,HOLD,83.7,83.7,83.7,50.0,0.0,1.0,15.0,12.6,3.17,0.0,0,0.15
mbti,gpt_5_4_mini,ISFJ,memory,crash,789,0.85,gpt_5_4_mini|ISFJ|memory|crash|789|0.85,1,1.0,HOLD,83.7,83.7,83.7,50.0,0.0,1.0,15.0,12.6,3.17,0.0,0,0.15
mbti,gpt_5_4_mini,ISFJ,static,crash,789,0.85,gpt_5_4_mini|ISFJ|static|crash|789|0.85,1,1.0,HOLD,83.7,83.7,83.7,50.0,0.0,1.0,15.0,12.6,3.17,0.0,0,0.15
mbti,gpt_5_4_mini,ENTJ,memory,crash,999,0.85,gpt_5_4_mini|ENTJ|memory|crash|999|0.85,1,1.0,HOLD,80.3,80.3,80.3,50.0,0.0,1.0,15.0,12.0,3.32,0.0,0,-0.01
mbti,gpt_5_4_mini,ENTJ,static,crash,999,0.85,gpt_5_4_mini|ENTJ|static|crash|999|0.85,1,1.0,HOLD,80.3,80.3,80.3,50.0,0.0,1.0,15.0,12.0,3.32,0.0,0,-0.01
mbti,gpt_5_4_mini,INTJ,memory,crash,999,0.85,gpt_5_4_mini|INTJ|memory|crash|999|0.85,1,0.75,BUY,80.3,80.3,80.3,50.0,0.0,1.0,15.0,12.0,3.32,0.0,0,-0.01
mbti,gpt_5_4_mini,INTJ,static,crash,999,0.85,gpt_5_4_mini|INTJ|static|crash|999|0.85,1,1.0,HOLD,80.3,80.3,80.3,50.0,0.0,1.0,15.0,12.0,3.32,0.0,0,-0.01
mbti,gpt_5_4_mini,ISFJ,memory,crash,999,0.85,gpt_5_4_mini|ISFJ|memory|crash|999|0.85,1,1.0,HOLD,80.3,80.3,80.3,50.0,0.0,1.0,15.0,12.0,3.32,0.0,0,-0.01
mbti,gpt_5_4_mini,ISFJ,static,crash,999,0.85,gpt_5_4_mini|ISFJ|static|crash|999|0.85,1,1.0,HOLD,80.3,80.3,80.3,50.0,0.0,1.0,15.0,12.0,3.32,0.0,0,-0.01
mbti,gpt_5_4_mini,ENTJ,memory,crash,123,0.92,gpt_5_4_mini|ENTJ|memory|crash|123|0.92,1,1.0,HOLD,92.56,92.56,92.56,50.0,0.0,1.0,15.0,14.0,2.87,0.0,0,0.33
mbti,gpt_5_4_mini,ENTJ,static,crash,123,0.92,gpt_5_4_mini|ENTJ|static|crash|123|0.92,1,0.65,BUY,92.56,92.56,92.56,50.0,0.0,1.0,15.0,14.0,2.87,0.0,0,0.33
mbti,gpt_5_4_mini,INTJ,memory,crash,123,0.92,gpt_5_4_mini|INTJ|memory|crash|123|0.92,1,0.75,BUY,92.56,92.56,92.56,50.0,0.0,1.0,15.0,14.0,2.87,0.0,0,0.33
mbti,gpt_5_4_mini,INTJ,static,crash,123,0.92,gpt_5_4_mini|INTJ|static|crash|123|0.92,1,0.7,BUY,92.56,92.56,92.56,50.0,0.0,1.0,15.0,14.0,2.87,0.0,0,0.33
mbti,gpt_5_4_mini,ISFJ,memory,crash,123,0.92,gpt_5_4_mini|ISFJ|memory|crash|123|0.92,1,1.0,HOLD,92.56,92.56,92.56,50.0,0.0,1.0,15.0,14.0,2.87,0.0,0,0.33
mbti,gpt_5_4_mini,ISFJ,static,crash,123,0.92,gpt_5_4_mini|ISFJ|static|crash|123|0.92,1,0.75,BUY,92.56,92.56,92.56,50.0,0.0,1.0,15.0,14.0,2.87,0.0,0,0.33
mbti,gpt_5_4_mini,ENTJ,memory,crash,42,0.92,gpt_5_4_mini|ENTJ|memory|crash|42|0.92,1,1.0,HOLD,92.77,92.77,92.77,50.0,0.0,1.0,15.0,13.9,2.88,0.0,0,0.1
mbti,gpt_5_4_mini,ENTJ,static,crash,42,0.92,gpt_5_4_mini|ENTJ|static|crash|42|0.92,1,0.5,BUY,92.77,92.77,92.77,50.0,0.0,1.0,15.0,13.9,2.88,0.0,0,0.1
mbti,gpt_5_4_mini,INTJ,memory,crash,42,0.92,gpt_5_4_mini|INTJ|memory|crash|42|0.92,1,0.75,BUY,92.77,92.77,92.77,50.0,0.0,1.0,15.0,13.9,2.88,0.0,0,0.1
mbti,gpt_5_4_mini,INTJ,static,crash,42,0.92,gpt_5_4_mini|INTJ|static|crash|42|0.92,1,1.0,HOLD,92.77,92.77,92.77,50.0,0.0,1.0,15.0,13.9,2.88,0.0,0,0.1
mbti,gpt_5_4_mini,ISFJ,memory,crash,42,0.92,gpt_5_4_mini|ISFJ|memory|crash|42|0.92,1,1.0,HOLD,92.77,92.77,92.77,50.0,0.0,1.0,15.0,13.9,2.88,0.0,0,0.1
mbti,gpt_5_4_mini,ISFJ,static,crash,42,0.92,gpt_5_4_mini|ISFJ|static|crash|42|0.92,1,0.75,BUY,92.77,92.77,92.77,50.0,0.0,1.0,15.0,13.9,2.88,0.0,0,0.1
mbti,gpt_5_4_mini,ENTJ,memory,crash,456,0.92,gpt_5_4_mini|ENTJ|memory|crash|456|0.92,1,1.0,HOLD,92.46,92.46,92.46,50.0,0.0,1.0,15.0,13.9,2.87,0.0,0,0.06
mbti,gpt_5_4_mini,ENTJ,static,crash,456,0.92,gpt_5_4_mini|ENTJ|static|crash|456|0.92,1,1.0,HOLD,92.46,92.46,92.46,50.0,0.0,1.0,15.0,13.9,2.87,0.0,0,0.06
mbti,gpt_5_4_mini,INTJ,memory,crash,456,0.92,gpt_5_4_mini|INTJ|memory|crash|456|0.92,1,0.75,BUY,92.46,92.46,92.46,50.0,0.0,1.0,15.0,13.9,2.87,0.0,0,0.06
mbti,gpt_5_4_mini,INTJ,static,crash,456,0.92,gpt_5_4_mini|INTJ|static|crash|456|0.92,1,1.0,HOLD,92.46,92.46,92.46,50.0,0.0,1.0,15.0,13.9,2.87,0.0,0,0.06
mbti,gpt_5_4_mini,ISFJ,memory,crash,456,0.92,gpt_5_4_mini|ISFJ|memory|crash|456|0.92,1,1.0,HOLD,92.46,92.46,92.46,50.0,0.0,1.0,15.0,13.9,2.87,0.0,0,0.06
mbti,gpt_5_4_mini,ISFJ,static,crash,456,0.92,gpt_5_4_mini|ISFJ|static|crash|456|0.92,1,1.0,HOLD,92.46,92.46,92.46,50.0,0.0,1.0,15.0,13.9,2.87,0.0,0,0.06
mbti,gpt_5_4_mini,ENTJ,memory,crash,789,0.92,gpt_5_4_mini|ENTJ|memory|crash|789|0.92,1,0.25,BUY,90.66,90.66,90.66,50.0,0.0,1.0,15.0,13.7,2.93,0.0,0,0.15
mbti,gpt_5_4_mini,ENTJ,static,crash,789,0.92,gpt_5_4_mini|ENTJ|static|crash|789|0.92,1,0.65,BUY,90.66,90.66,90.66,50.0,0.0,1.0,15.0,13.7,2.93,0.0,0,0.15
mbti,gpt_5_4_mini,INTJ,memory,crash,789,0.92,gpt_5_4_mini|INTJ|memory|crash|789|0.92,1,0.75,BUY,90.66,90.66,90.66,50.0,0.0,1.0,15.0,13.7,2.93,0.0,0,0.15
mbti,gpt_5_4_mini,INTJ,static,crash,789,0.92,gpt_5_4_mini|INTJ|static|crash|789|0.92,1,1.0,HOLD,90.66,90.66,90.66,50.0,0.0,1.0,15.0,13.7,2.93,0.0,0,0.15
mbti,gpt_5_4_mini,ISFJ,memory,crash,789,0.92,gpt_5_4_mini|ISFJ|memory|crash|789|0.92,1,1.0,HOLD,90.66,90.66,90.66,50.0,0.0,1.0,15.0,13.7,2.93,0.0,0,0.15
mbti,gpt_5_4_mini,ISFJ,static,crash,789,0.92,gpt_5_4_mini|ISFJ|static|crash|789|0.92,1,1.0,HOLD,90.66,90.66,90.66,50.0,0.0,1.0,15.0,13.7,2.93,0.0,0,0.15
mbti,gpt_5_4_mini,ENTJ,memory,crash,999,0.92,gpt_5_4_mini|ENTJ|memory|crash|999|0.92,1,1.0,HOLD,87.3,87.3,87.3,50.0,0.0,1.0,15.0,13.1,3.06,0.0,0,-0.01
mbti,gpt_5_4_mini,ENTJ,static,crash,999,0.92,gpt_5_4_mini|ENTJ|static|crash|999|0.92,1,0.75,BUY,87.3,87.3,87.3,50.0,0.0,1.0,15.0,13.1,3.06,0.0,0,-0.01
mbti,gpt_5_4_mini,INTJ,memory,crash,999,0.92,gpt_5_4_mini|INTJ|memory|crash|999|0.92,1,0.75,BUY,87.3,87.3,87.3,50.0,0.0,1.0,15.0,13.1,3.06,0.0,0,-0.01
mbti,gpt_5_4_mini,INTJ,static,crash,999,0.92,gpt_5_4_mini|INTJ|static|crash|999|0.92,1,1.0,HOLD,87.3,87.3,87.3,50.0,0.0,1.0,15.0,13.1,3.06,0.0,0,-0.01
mbti,gpt_5_4_mini,ISFJ,memory,crash,999,0.92,gpt_5_4_mini|ISFJ|memory|crash|999|0.92,1,1.0,HOLD,87.3,87.3,87.3,50.0,0.0,1.0,15.0,13.1,3.06,0.0,0,-0.01
mbti,gpt_5_4_mini,ISFJ,static,crash,999,0.92,gpt_5_4_mini|ISFJ|static|crash|999|0.92,1,1.0,HOLD,87.3,87.3,87.3,50.0,0.0,1.0,15.0,13.1,3.06,0.0,0,-0.01
mbti,gpt_5_4_mini,ENTJ,memory,crash,123,0.95,gpt_5_4_mini|ENTJ|memory|crash|123|0.95,1,0.25,BUY,95.54,95.54,95.54,50.0,0.0,1.0,15.0,14.4,2.78,0.0,0,0.33
mbti,gpt_5_4_mini,ENTJ,static,crash,123,0.95,gpt_5_4_mini|ENTJ|static|crash|123|0.95,1,0.65,BUY,95.54,95.54,95.54,50.0,0.0,1.0,15.0,14.4,2.78,0.0,0,0.33
mbti,gpt_5_4_mini,INTJ,memory,crash,123,0.95,gpt_5_4_mini|INTJ|memory|crash|123|0.95,1,0.75,BUY,95.54,95.54,95.54,50.0,0.0,1.0,15.0,14.4,2.78,0.0,0,0.33
mbti,gpt_5_4_mini,INTJ,static,crash,123,0.95,gpt_5_4_mini|INTJ|static|crash|123|0.95,1,0.75,BUY,95.54,95.54,95.54,50.0,0.0,1.0,15.0,14.4,2.78,0.0,0,0.33
mbti,gpt_5_4_mini,ISFJ,memory,crash,123,0.95,gpt_5_4_mini|ISFJ|memory|crash|123|0.95,1,1.0,HOLD,95.54,95.54,95.54,50.0,0.0,1.0,15.0,14.4,2.78,0.0,0,0.33
mbti,gpt_5_4_mini,ISFJ,static,crash,123,0.95,gpt_5_4_mini|ISFJ|static|crash|123|0.95,1,1.0,HOLD,95.54,95.54,95.54,50.0,0.0,1.0,15.0,14.4,2.78,0.0,0,0.33
mbti,gpt_5_4_mini,ENTJ,memory,crash,42,0.95,gpt_5_4_mini|ENTJ|memory|crash|42|0.95,1,1.0,HOLD,95.77,95.77,95.77,50.0,0.0,1.0,15.0,14.3,2.79,0.0,0,0.1
mbti,gpt_5_4_mini,ENTJ,static,crash,42,0.95,gpt_5_4_mini|ENTJ|static|crash|42|0.95,1,0.5,BUY,95.77,95.77,95.77,50.0,0.0,1.0,15.0,14.3,2.79,0.0,0,0.1
mbti,gpt_5_4_mini,INTJ,memory,crash,42,0.95,gpt_5_4_mini|INTJ|memory|crash|42|0.95,1,1.0,HOLD,95.77,95.77,95.77,50.0,0.0,1.0,15.0,14.3,2.79,0.0,0,0.1
mbti,gpt_5_4_mini,INTJ,static,crash,42,0.95,gpt_5_4_mini|INTJ|static|crash|42|0.95,1,1.0,HOLD,95.77,95.77,95.77,50.0,0.0,1.0,15.0,14.3,2.79,0.0,0,0.1
mbti,gpt_5_4_mini,ISFJ,memory,crash,42,0.95,gpt_5_4_mini|ISFJ|memory|crash|42|0.95,1,1.0,HOLD,95.77,95.77,95.77,50.0,0.0,1.0,15.0,14.3,2.79,0.0,0,0.1
mbti,gpt_5_4_mini,ISFJ,static,crash,42,0.95,gpt_5_4_mini|ISFJ|static|crash|42|0.95,1,1.0,HOLD,95.77,95.77,95.77,50.0,0.0,1.0,15.0,14.3,2.79,0.0,0,0.1
mbti,gpt_5_4_mini,ENTJ,memory,crash,456,0.95,gpt_5_4_mini|ENTJ|memory|crash|456|0.95,1,1.0,HOLD,95.45,95.45,95.45,50.0,0.0,1.0,15.0,14.4,2.78,0.0,0,0.06
mbti,gpt_5_4_mini,ENTJ,static,crash,456,0.95,gpt_5_4_mini|ENTJ|static|crash|456|0.95,1,0.7,BUY,95.45,95.45,95.45,50.0,0.0,1.0,15.0,14.4,2.78,0.0,0,0.06
mbti,gpt_5_4_mini,INTJ,memory,crash,456,0.95,gpt_5_4_mini|INTJ|memory|crash|456|0.95,1,0.75,BUY,95.45,95.45,95.45,50.0,0.0,1.0,15.0,14.4,2.78,0.0,0,0.06
mbti,gpt_5_4_mini,INTJ,static,crash,456,0.95,gpt_5_4_mini|INTJ|static|crash|456|0.95,1,1.0,HOLD,95.45,95.45,95.45,50.0,0.0,1.0,15.0,14.4,2.78,0.0,0,0.06
mbti,gpt_5_4_mini,ISFJ,memory,crash,456,0.95,gpt_5_4_mini|ISFJ|memory|crash|456|0.95,1,1.0,HOLD,95.45,95.45,95.45,50.0,0.0,1.0,15.0,14.4,2.78,0.0,0,0.06
mbti,gpt_5_4_mini,ISFJ,static,crash,456,0.95,gpt_5_4_mini|ISFJ|static|crash|456|0.95,1,1.0,HOLD,95.45,95.45,95.45,50.0,0.0,1.0,15.0,14.4,2.78,0.0,0,0.06
mbti,gpt_5_4_mini,ENTJ,memory,crash,789,0.95,gpt_5_4_mini|ENTJ|memory|crash|789|0.95,1,1.0,HOLD,93.64,93.64,93.64,50.0,0.0,1.0,15.0,14.1,2.83,0.0,0,0.15
mbti,gpt_5_4_mini,ENTJ,static,crash,789,0.95,gpt_5_4_mini|ENTJ|static|crash|789|0.95,1,0.6,BUY,93.64,93.64,93.64,50.0,0.0,1.0,15.0,14.1,2.83,0.0,0,0.15
mbti,gpt_5_4_mini,INTJ,memory,crash,789,0.95,gpt_5_4_mini|INTJ|memory|crash|789|0.95,1,0.75,BUY,93.64,93.64,93.64,50.0,0.0,1.0,15.0,14.1,2.83,0.0,0,0.15
mbti,gpt_5_4_mini,INTJ,static,crash,789,0.95,gpt_5_4_mini|INTJ|static|crash|789|0.95,1,0.75,BUY,93.64,93.64,93.64,50.0,0.0,1.0,15.0,14.1,2.83,0.0,0,0.15
mbti,gpt_5_4_mini,ISFJ,memory,crash,789,0.95,gpt_5_4_mini|ISFJ|memory|crash|789|0.95,1,0.85,BUY,93.64,93.64,93.64,50.0,0.0,1.0,15.0,14.1,2.83,0.0,0,0.15
mbti,gpt_5_4_mini,ISFJ,static,crash,789,0.95,gpt_5_4_mini|ISFJ|static|crash|789|0.95,1,1.0,HOLD,93.64,93.64,93.64,50.0,0.0,1.0,15.0,14.1,2.83,0.0,0,0.15
mbti,gpt_5_4_mini,ENTJ,memory,crash,999,0.95,gpt_5_4_mini|ENTJ|memory|crash|999|0.95,1,1.0,HOLD,90.3,90.3,90.3,50.0,0.0,1.0,15.0,13.5,2.95,0.0,0,-0.01
mbti,gpt_5_4_mini,ENTJ,static,crash,999,0.95,gpt_5_4_mini|ENTJ|static|crash|999|0.95,1,1.0,HOLD,90.3,90.3,90.3,50.0,0.0,1.0,15.0,13.5,2.95,0.0,0,-0.01
mbti,gpt_5_4_mini,INTJ,memory,crash,999,0.95,gpt_5_4_mini|INTJ|memory|crash|999|0.95,1,0.75,BUY,90.3,90.3,90.3,50.0,0.0,1.0,15.0,13.5,2.95,0.0,0,-0.01
mbti,gpt_5_4_mini,INTJ,static,crash,999,0.95,gpt_5_4_mini|INTJ|static|crash|999|0.95,1,1.0,HOLD,90.3,90.3,90.3,50.0,0.0,1.0,15.0,13.5,2.95,0.0,0,-0.01
mbti,gpt_5_4_mini,ISFJ,memory,crash,999,0.95,gpt_5_4_mini|ISFJ|memory|crash|999|0.95,1,1.0,HOLD,90.3,90.3,90.3,50.0,0.0,1.0,15.0,13.5,2.95,0.0,0,-0.01
mbti,gpt_5_4_mini,ISFJ,static,crash,999,0.95,gpt_5_4_mini|ISFJ|static|crash|999|0.95,1,1.0,HOLD,90.3,90.3,90.3,50.0,0.0,1.0,15.0,13.5,2.95,0.0,0,-0.01
mbti,gpt_5_4_mini,ENTJ,memory,flat,123,,gpt_5_4_mini|ENTJ|memory|flat|123|,1,0.3,BUY,99.92,99.92,99.92,50.0,0.0,1.0,15.0,15.0,2.67,0.0,0,-0.04
mbti,gpt_5_4_mini,ENTJ,static,flat,123,,gpt_5_4_mini|ENTJ|static|flat|123|,1,1.0,HOLD,99.92,99.92,99.92,50.0,0.0,1.0,15.0,15.0,2.67,0.0,0,-0.04
mbti,gpt_5_4_mini,INTJ,memory,flat,123,,gpt_5_4_mini|INTJ|memory|flat|123|,1,1.0,HOLD,99.92,99.92,99.92,50.0,0.0,1.0,15.0,15.0,2.67,0.0,0,-0.04
mbti,gpt_5_4_mini,INTJ,static,flat,123,,gpt_5_4_mini|INTJ|static|flat|123|,1,1.0,HOLD,99.92,99.92,99.92,50.0,0.0,1.0,15.0,15.0,2.67,0.0,0,-0.04
mbti,gpt_5_4_mini,ISFJ,memory,flat,123,,gpt_5_4_mini|ISFJ|memory|flat|123|,1,1.0,HOLD,99.92,99.92,99.92,50.0,0.0,1.0,15.0,15.0,2.67,0.0,0,-0.04
mbti,gpt_5_4_mini,ISFJ,static,flat,123,,gpt_5_4_mini|ISFJ|static|flat|123|,1,1.0,HOLD,99.92,99.92,99.92,50.0,0.0,1.0,15.0,15.0,2.67,0.0,0,-0.04
mbti,gpt_5_4_mini,ENTJ,memory,flat,42,,gpt_5_4_mini|ENTJ|memory|flat|42|,1,1.0,HOLD,99.94,99.94,99.94,50.0,0.0,1.0,15.0,15.0,2.67,0.0,0,-0.17
mbti,gpt_5_4_mini,ENTJ,static,flat,42,,gpt_5_4_mini|ENTJ|static|flat|42|,1,1.0,HOLD,99.94,99.94,99.94,50.0,0.0,1.0,15.0,15.0,2.67,0.0,0,-0.17
mbti,gpt_5_4_mini,INTJ,memory,flat,42,,gpt_5_4_mini|INTJ|memory|flat|42|,1,1.0,HOLD,99.94,99.94,99.94,50.0,0.0,1.0,15.0,15.0,2.67,0.0,0,-0.17
mbti,gpt_5_4_mini,INTJ,static,flat,42,,gpt_5_4_mini|INTJ|static|flat|42|,1,1.0,HOLD,99.94,99.94,99.94,50.0,0.0,1.0,15.0,15.0,2.67,0.0,0,-0.17
mbti,gpt_5_4_mini,ISFJ,memory,flat,42,,gpt_5_4_mini|ISFJ|memory|flat|42|,1,1.0,HOLD,99.94,99.94,99.94,50.0,0.0,1.0,15.0,15.0,2.67,0.0,0,-0.17
mbti,gpt_5_4_mini,ISFJ,static,flat,42,,gpt_5_4_mini|ISFJ|static|flat|42|,1,1.0,HOLD,99.94,99.94,99.94,50.0,0.0,1.0,15.0,15.0,2.67,0.0,0,-0.17
mbti,gpt_5_4_mini,ENTJ,memory,flat,456,,gpt_5_4_mini|ENTJ|memory|flat|456|,1,1.0,HOLD,100.25,100.25,100.25,50.0,0.0,1.0,15.0,15.0,2.66,0.0,0,-0.39
mbti,gpt_5_4_mini,ENTJ,static,flat,456,,gpt_5_4_mini|ENTJ|static|flat|456|,1,1.0,HOLD,100.25,100.25,100.25,50.0,0.0,1.0,15.0,15.0,2.66,0.0,0,-0.39
mbti,gpt_5_4_mini,INTJ,memory,flat,456,,gpt_5_4_mini|INTJ|memory|flat|456|,1,1.0,HOLD,100.25,100.25,100.25,50.0,0.0,1.0,15.0,15.0,2.66,0.0,0,-0.39
mbti,gpt_5_4_mini,INTJ,static,flat,456,,gpt_5_4_mini|INTJ|static|flat|456|,1,1.0,HOLD,100.71,100.71,100.71,50.0,0.0,1.0,15.0,15.1,2.65,0.0,0,0.23
mbti,gpt_5_4_mini,ISFJ,memory,flat,456,,gpt_5_4_mini|ISFJ|memory|flat|456|,1,1.0,HOLD,100.25,100.25,100.25,50.0,0.0,1.0,15.0,15.0,2.66,0.0,0,-0.39
mbti,gpt_5_4_mini,ISFJ,static,flat,456,,gpt_5_4_mini|ISFJ|static|flat|456|,1,1.0,HOLD,100.25,100.25,100.25,50.0,0.0,1.0,15.0,15.0,2.66,0.0,0,-0.39
mbti,gpt_5_4_mini,ENTJ,memory,flat,789,,gpt_5_4_mini|ENTJ|memory|flat|789|,1,0.3,BUY,100.19,100.19,100.19,50.0,0.0,1.0,15.0,15.0,2.66,0.0,0,0.26
mbti,gpt_5_4_mini,ENTJ,static,flat,789,,gpt_5_4_mini|ENTJ|static|flat|789|,1,1.0,HOLD,100.95,100.95,100.95,50.0,0.0,1.0,15.0,15.1,2.64,0.0,0,-0.12
mbti,gpt_5_4_mini,INTJ,memory,flat,789,,gpt_5_4_mini|INTJ|memory|flat|789|,1,1.0,HOLD,100.19,100.19,100.19,50.0,0.0,1.0,15.0,15.0,2.66,0.0,0,0.26
mbti,gpt_5_4_mini,INTJ,static,flat,789,,gpt_5_4_mini|INTJ|static|flat|789|,1,1.0,HOLD,100.19,100.19,100.19,50.0,0.0,1.0,15.0,15.0,2.66,0.0,0,0.26
mbti,gpt_5_4_mini,ISFJ,memory,flat,789,,gpt_5_4_mini|ISFJ|memory|flat|789|,1,1.0,HOLD,100.19,100.19,100.19,50.0,0.0,1.0,15.0,15.0,2.66,0.0,0,0.26
mbti,gpt_5_4_mini,ISFJ,static,flat,789,,gpt_5_4_mini|ISFJ|static|flat|789|,1,1.0,HOLD,100.19,100.19,100.19,50.0,0.0,1.0,15.0,15.0,2.66,0.0,0,0.26
mbti,gpt_5_4_mini,ENTJ,memory,flat,999,,gpt_5_4_mini|ENTJ|memory|flat|999|,1,0.4,BUY,100.38,100.38,100.38,50.0,0.0,1.0,15.0,15.1,2.66,0.0,0,0.08
mbti,gpt_5_4_mini,ENTJ,static,flat,999,,gpt_5_4_mini|ENTJ|static|flat|999|,1,1.0,HOLD,100.38,100.38,100.38,50.0,0.0,1.0,15.0,15.1,2.66,0.0,0,0.08
mbti,gpt_5_4_mini,INTJ,memory,flat,999,,gpt_5_4_mini|INTJ|memory|flat|999|,1,1.0,HOLD,100.38,100.38,100.38,50.0,0.0,1.0,15.0,15.1,2.66,0.0,0,0.08
mbti,gpt_5_4_mini,INTJ,static,flat,999,,gpt_5_4_mini|INTJ|static|flat|999|,1,1.0,HOLD,100.38,100.38,100.38,50.0,0.0,1.0,15.0,15.1,2.66,0.0,0,0.08
mbti,gpt_5_4_mini,ISFJ,memory,flat,999,,gpt_5_4_mini|ISFJ|memory|flat|999|,1,1.0,HOLD,100.38,100.38,100.38,50.0,0.0,1.0,15.0,15.1,2.66,0.0,0,0.08
mbti,gpt_5_4_mini,ISFJ,static,flat,999,,gpt_5_4_mini|ISFJ|static|flat|999|,1,1.0,HOLD,100.38,100.38,100.38,50.0,0.0,1.0,15.0,15.1,2.66,0.0,0,0.08
mbti,gpt_5_mini,ENTJ,memory,bull_trap,123,,gpt_5_mini|ENTJ|memory|bull_trap|123|,1,0.4,BUY,99.72,99.72,99.72,50.0,0.0,1.0,15.0,15.1,2.65,0.0,0,0.33
mbti,gpt_5_mini,ENTJ,static,bull_trap,123,,gpt_5_mini|ENTJ|static|bull_trap|123|,1,0.7,BUY,99.72,99.72,99.72,50.0,0.0,1.0,15.0,15.1,2.65,0.0,0,0.33
mbti,gpt_5_mini,INTJ,memory,bull_trap,123,,gpt_5_mini|INTJ|memory|bull_trap|123|,1,0.7,BUY,99.72,99.72,99.72,50.0,0.0,1.0,15.0,15.1,2.65,0.0,0,0.33
mbti,gpt_5_mini,INTJ,static,bull_trap,123,,gpt_5_mini|INTJ|static|bull_trap|123|,1,1.0,HOLD,99.72,99.72,99.72,50.0,0.0,1.0,15.0,15.1,2.65,0.0,0,0.33
mbti,gpt_5_mini,ISFJ,memory,bull_trap,123,,gpt_5_mini|ISFJ|memory|bull_trap|123|,1,1.0,HOLD,99.72,99.72,99.72,50.0,0.0,1.0,15.0,15.1,2.65,0.0,0,0.33
mbti,gpt_5_mini,ISFJ,static,bull_trap,123,,gpt_5_mini|ISFJ|static|bull_trap|123|,1,0.9,BUY,99.72,99.72,99.72,50.0,0.0,1.0,15.0,15.1,2.65,0.0,0,0.33
mbti,gpt_5_mini,ENTJ,memory,bull_trap,42,,gpt_5_mini|ENTJ|memory|bull_trap|42|,1,0.4,BUY,100.96,100.96,100.96,50.0,0.0,1.0,15.0,15.1,2.66,0.0,0,0.1
mbti,gpt_5_mini,ENTJ,static,bull_trap,42,,gpt_5_mini|ENTJ|static|bull_trap|42|,1,0.75,BUY,100.96,100.96,100.96,50.0,0.0,1.0,15.0,15.1,2.66,0.0,0,0.1
mbti,gpt_5_mini,INTJ,memory,bull_trap,42,,gpt_5_mini|INTJ|memory|bull_trap|42|,1,0.8,BUY,100.96,100.96,100.96,50.0,0.0,1.0,15.0,15.1,2.66,0.0,0,0.1
mbti,gpt_5_mini,INTJ,static,bull_trap,42,,gpt_5_mini|INTJ|static|bull_trap|42|,1,0.9,BUY,100.96,100.96,100.96,50.0,0.0,1.0,15.0,15.1,2.66,0.0,0,0.1
mbti,gpt_5_mini,ISFJ,memory,bull_trap,42,,gpt_5_mini|ISFJ|memory|bull_trap|42|,1,1.0,HOLD,100.96,100.96,100.96,50.0,0.0,1.0,15.0,15.1,2.66,0.0,0,0.1
mbti,gpt_5_mini,ISFJ,static,bull_trap,42,,gpt_5_mini|ISFJ|static|bull_trap|42|,1,0.9,BUY,100.96,100.96,100.96,50.0,0.0,1.0,15.0,15.1,2.66,0.0,0,0.1
mbti,gpt_5_mini,ENTJ,memory,bull_trap,456,,gpt_5_mini|ENTJ|memory|bull_trap|456|,1,1.0,HOLD,99.94,99.94,99.94,50.0,0.0,1.0,15.0,15.1,2.65,0.0,0,0.06
mbti,gpt_5_mini,ENTJ,static,bull_trap,456,,gpt_5_mini|ENTJ|static|bull_trap|456|,1,0.75,BUY,99.94,99.94,99.94,50.0,0.0,1.0,15.0,15.1,2.65,0.0,0,0.06
mbti,gpt_5_mini,INTJ,memory,bull_trap,456,,gpt_5_mini|INTJ|memory|bull_trap|456|,1,0.8,BUY,99.94,99.94,99.94,50.0,0.0,1.0,15.0,15.1,2.65,0.0,0,0.06
mbti,gpt_5_mini,INTJ,static,bull_trap,456,,gpt_5_mini|INTJ|static|bull_trap|456|,1,0.8,BUY,99.94,99.94,99.94,50.0,0.0,1.0,15.0,15.1,2.65,0.0,0,0.06
mbti,gpt_5_mini,ISFJ,memory,bull_trap,456,,gpt_5_mini|ISFJ|memory|bull_trap|456|,1,1.0,HOLD,99.94,99.94,99.94,50.0,0.0,1.0,15.0,15.1,2.65,0.0,0,0.06
mbti,gpt_5_mini,ISFJ,static,bull_trap,456,,gpt_5_mini|ISFJ|static|bull_trap|456|,1,0.95,BUY,99.94,99.94,99.94,50.0,0.0,1.0,15.0,15.1,2.65,0.0,0,0.06
mbti,gpt_5_mini,ENTJ,memory,bull_trap,789,,gpt_5_mini|ENTJ|memory|bull_trap|789|,1,0.4,BUY,98.44,98.44,98.44,50.0,0.0,1.0,15.0,14.9,2.68,0.0,0,0.15
mbti,gpt_5_mini,ENTJ,static,bull_trap,789,,gpt_5_mini|ENTJ|static|bull_trap|789|,1,0.7,BUY,98.44,98.44,98.44,50.0,0.0,1.0,15.0,14.9,2.68,0.0,0,0.15
mbti,gpt_5_mini,INTJ,memory,bull_trap,789,,gpt_5_mini|INTJ|memory|bull_trap|789|,1,0.7,BUY,98.44,98.44,98.44,50.0,0.0,1.0,15.0,14.9,2.68,0.0,0,0.15
mbti,gpt_5_mini,INTJ,static,bull_trap,789,,gpt_5_mini|INTJ|static|bull_trap|789|,1,0.75,BUY,98.44,98.44,98.44,50.0,0.0,1.0,15.0,14.9,2.68,0.0,0,0.15
mbti,gpt_5_mini,ISFJ,memory,bull_trap,789,,gpt_5_mini|ISFJ|memory|bull_trap|789|,1,1.0,HOLD,98.44,98.44,98.44,50.0,0.0,1.0,15.0,14.9,2.68,0.0,0,0.15
mbti,gpt_5_mini,ISFJ,static,bull_trap,789,,gpt_5_mini|ISFJ|static|bull_trap|789|,1,0.9,BUY,98.44,98.44,98.44,50.0,0.0,1.0,15.0,14.9,2.68,0.0,0,0.15
mbti,gpt_5_mini,ENTJ,memory,bull_trap,999,,gpt_5_mini|ENTJ|memory|bull_trap|999|,1,1.0,HOLD,97.06,97.06,97.06,50.0,0.0,1.0,15.0,14.5,2.75,0.0,0,-0.01
mbti,gpt_5_mini,ENTJ,static,bull_trap,999,,gpt_5_mini|ENTJ|static|bull_trap|999|,1,0.7,BUY,97.06,97.06,97.06,50.0,0.0,1.0,15.0,14.5,2.75,0.0,0,-0.01
mbti,gpt_5_mini,INTJ,memory,bull_trap,999,,gpt_5_mini|INTJ|memory|bull_trap|999|,1,0.75,BUY,97.06,97.06,97.06,50.0,0.0,1.0,15.0,14.5,2.75,0.0,0,-0.01
mbti,gpt_5_mini,INTJ,static,bull_trap,999,,gpt_5_mini|INTJ|static|bull_trap|999|,1,1.0,HOLD,97.06,97.06,97.06,50.0,0.0,1.0,15.0,14.5,2.75,0.0,0,-0.01
mbti,gpt_5_mini,ISFJ,memory,bull_trap,999,,gpt_5_mini|ISFJ|memory|bull_trap|999|,1,1.0,HOLD,97.06,97.06,97.06,50.0,0.0,1.0,15.0,14.5,2.75,0.0,0,-0.01
mbti,gpt_5_mini,ISFJ,static,bull_trap,999,,gpt_5_mini|ISFJ|static|bull_trap|999|,1,0.9,BUY,97.06,97.06,97.06,50.0,0.0,1.0,15.0,14.5,2.75,0.0,0,-0.01
mbti,gpt_5_mini,ENTJ,memory,crash,123,0.85,gpt_5_mini|ENTJ|memory|crash|123|0.85,1,0.4,BUY,85.59,85.59,85.59,50.0,0.0,1.0,15.0,12.9,3.1,0.0,0,0.33
mbti,gpt_5_mini,ENTJ,static,crash,123,0.85,gpt_5_mini|ENTJ|static|crash|123|0.85,1,0.6,BUY,85.59,85.59,85.59,50.0,0.0,1.0,15.0,12.9,3.1,0.0,0,0.33
mbti,gpt_5_mini,INTJ,memory,crash,123,0.85,gpt_5_mini|INTJ|memory|crash|123|0.85,1,0.75,BUY,85.59,85.59,85.59,50.0,0.0,1.0,15.0,12.9,3.1,0.0,0,0.33
mbti,gpt_5_mini,INTJ,static,crash,123,0.85,gpt_5_mini|INTJ|static|crash|123|0.85,1,0.8,BUY,85.59,85.59,85.59,50.0,0.0,1.0,15.0,12.9,3.1,0.0,0,0.33
mbti,gpt_5_mini,ISFJ,memory,crash,123,0.85,gpt_5_mini|ISFJ|memory|crash|123|0.85,1,1.0,HOLD,85.59,85.59,85.59,50.0,0.0,1.0,15.0,12.9,3.1,0.0,0,0.33
mbti,gpt_5_mini,ISFJ,static,crash,123,0.85,gpt_5_mini|ISFJ|static|crash|123|0.85,1,0.9,BUY,85.59,85.59,85.59,50.0,0.0,1.0,15.0,12.9,3.1,0.0,0,0.33
mbti,gpt_5_mini,ENTJ,memory,crash,42,0.85,gpt_5_mini|ENTJ|memory|crash|42|0.85,1,0.5,BUY,85.75,85.75,85.75,50.0,0.0,1.0,15.0,12.8,3.12,0.0,0,0.1
mbti,gpt_5_mini,ENTJ,static,crash,42,0.85,gpt_5_mini|ENTJ|static|crash|42|0.85,1,0.7,BUY,85.75,85.75,85.75,50.0,0.0,1.0,15.0,12.8,3.12,0.0,0,0.1
mbti,gpt_5_mini,INTJ,memory,crash,42,0.85,gpt_5_mini|INTJ|memory|crash|42|0.85,1,0.7,BUY,85.75,85.75,85.75,50.0,0.0,1.0,15.0,12.8,3.12,0.0,0,0.1
mbti,gpt_5_mini,INTJ,static,crash,42,0.85,gpt_5_mini|INTJ|static|crash|42|0.85,1,0.75,BUY,85.75,85.75,85.75,50.0,0.0,1.0,15.0,12.8,3.12,0.0,0,0.1
mbti,gpt_5_mini,ISFJ,memory,crash,42,0.85,gpt_5_mini|ISFJ|memory|crash|42|0.85,1,1.0,HOLD,85.75,85.75,85.75,50.0,0.0,1.0,15.0,12.8,3.12,0.0,0,0.1
mbti,gpt_5_mini,ISFJ,static,crash,42,0.85,gpt_5_mini|ISFJ|static|crash|42|0.85,1,0.9,BUY,85.75,85.75,85.75,50.0,0.0,1.0,15.0,12.8,3.12,0.0,0,0.1
mbti,gpt_5_mini,ENTJ,memory,crash,456,0.85,gpt_5_mini|ENTJ|memory|crash|456|0.85,1,1.0,HOLD,85.48,85.48,85.48,50.0,0.0,1.0,15.0,12.9,3.11,0.0,0,0.06
mbti,gpt_5_mini,ENTJ,static,crash,456,0.85,gpt_5_mini|ENTJ|static|crash|456|0.85,1,0.7,BUY,85.48,85.48,85.48,50.0,0.0,1.0,15.0,12.9,3.11,0.0,0,0.06
mbti,gpt_5_mini,INTJ,memory,crash,456,0.85,gpt_5_mini|INTJ|memory|crash|456|0.85,1,0.7,BUY,85.48,85.48,85.48,50.0,0.0,1.0,15.0,12.9,3.11,0.0,0,0.06
mbti,gpt_5_mini,INTJ,static,crash,456,0.85,gpt_5_mini|INTJ|static|crash|456|0.85,1,0.7,BUY,85.48,85.48,85.48,50.0,0.0,1.0,15.0,12.9,3.11,0.0,0,0.06
mbti,gpt_5_mini,ISFJ,memory,crash,456,0.85,gpt_5_mini|ISFJ|memory|crash|456|0.85,1,1.0,HOLD,85.48,85.48,85.48,50.0,0.0,1.0,15.0,12.9,3.11,0.0,0,0.06
mbti,gpt_5_mini,ISFJ,static,crash,456,0.85,gpt_5_mini|ISFJ|static|crash|456|0.85,1,0.8,BUY,85.48,85.48,85.48,50.0,0.0,1.0,15.0,12.9,3.11,0.0,0,0.06
mbti,gpt_5_mini,ENTJ,memory,crash,789,0.85,gpt_5_mini|ENTJ|memory|crash|789|0.85,1,1.0,HOLD,83.7,83.7,83.7,50.0,0.0,1.0,15.0,12.6,3.17,0.0,0,0.15
mbti,gpt_5_mini,ENTJ,static,crash,789,0.85,gpt_5_mini|ENTJ|static|crash|789|0.85,1,0.8,BUY,83.7,83.7,83.7,50.0,0.0,1.0,15.0,12.6,3.17,0.0,0,0.15
mbti,gpt_5_mini,INTJ,memory,crash,789,0.85,gpt_5_mini|INTJ|memory|crash|789|0.85,1,0.75,BUY,83.7,83.7,83.7,50.0,0.0,1.0,15.0,12.6,3.17,0.0,0,0.15
mbti,gpt_5_mini,INTJ,static,crash,789,0.85,gpt_5_mini|INTJ|static|crash|789|0.85,1,0.7,BUY,83.7,83.7,83.7,50.0,0.0,1.0,15.0,12.6,3.17,0.0,0,0.15
mbti,gpt_5_mini,ISFJ,memory,crash,789,0.85,gpt_5_mini|ISFJ|memory|crash|789|0.85,1,1.0,HOLD,83.7,83.7,83.7,50.0,0.0,1.0,15.0,12.6,3.17,0.0,0,0.15
mbti,gpt_5_mini,ISFJ,static,crash,789,0.85,gpt_5_mini|ISFJ|static|crash|789|0.85,1,0.95,BUY,83.7,83.7,83.7,50.0,0.0,1.0,15.0,12.6,3.17,0.0,0,0.15
mbti,gpt_5_mini,ENTJ,memory,crash,999,0.85,gpt_5_mini|ENTJ|memory|crash|999|0.85,1,1.0,HOLD,80.3,80.3,80.3,50.0,0.0,1.0,15.0,12.0,3.32,0.0,0,-0.01
mbti,gpt_5_mini,ENTJ,static,crash,999,0.85,gpt_5_mini|ENTJ|static|crash|999|0.85,1,0.7,BUY,80.3,80.3,80.3,50.0,0.0,1.0,15.0,12.0,3.32,0.0,0,-0.01
mbti,gpt_5_mini,INTJ,memory,crash,999,0.85,gpt_5_mini|INTJ|memory|crash|999|0.85,1,0.5,BUY,80.3,80.3,80.3,50.0,0.0,1.0,15.0,12.0,3.32,0.0,0,-0.01
mbti,gpt_5_mini,INTJ,static,crash,999,0.85,gpt_5_mini|INTJ|static|crash|999|0.85,1,0.8,BUY,80.3,80.3,80.3,50.0,0.0,1.0,15.0,12.0,3.32,0.0,0,-0.01
mbti,gpt_5_mini,ISFJ,memory,crash,999,0.85,gpt_5_mini|ISFJ|memory|crash|999|0.85,1,1.0,HOLD,80.3,80.3,80.3,50.0,0.0,1.0,15.0,12.0,3.32,0.0,0,-0.01
mbti,gpt_5_mini,ISFJ,static,crash,999,0.85,gpt_5_mini|ISFJ|static|crash|999|0.85,1,0.8,BUY,80.3,80.3,80.3,50.0,0.0,1.0,15.0,12.0,3.32,0.0,0,-0.01
mbti,gpt_5_mini,ENTJ,memory,crash,123,0.92,gpt_5_mini|ENTJ|memory|crash|123|0.92,1,0.4,BUY,92.56,92.56,92.56,50.0,0.0,1.0,15.0,14.0,2.87,0.0,0,0.33
mbti,gpt_5_mini,ENTJ,static,crash,123,0.92,gpt_5_mini|ENTJ|static|crash|123|0.92,1,0.5,BUY,92.56,92.56,92.56,50.0,0.0,1.0,15.0,14.0,2.87,0.0,0,0.33
mbti,gpt_5_mini,INTJ,memory,crash,123,0.92,gpt_5_mini|INTJ|memory|crash|123|0.92,1,0.8,BUY,92.56,92.56,92.56,50.0,0.0,1.0,15.0,14.0,2.87,0.0,0,0.33
mbti,gpt_5_mini,INTJ,static,crash,123,0.92,gpt_5_mini|INTJ|static|crash|123|0.92,1,0.7,BUY,92.56,92.56,92.56,50.0,0.0,1.0,15.0,14.0,2.87,0.0,0,0.33
mbti,gpt_5_mini,ISFJ,memory,crash,123,0.92,gpt_5_mini|ISFJ|memory|crash|123|0.92,1,1.0,HOLD,92.56,92.56,92.56,50.0,0.0,1.0,15.0,14.0,2.87,0.0,0,0.33
mbti,gpt_5_mini,ISFJ,static,crash,123,0.92,gpt_5_mini|ISFJ|static|crash|123|0.92,1,0.8,BUY,92.56,92.56,92.56,50.0,0.0,1.0,15.0,14.0,2.87,0.0,0,0.33
mbti,gpt_5_mini,ENTJ,memory,crash,42,0.92,gpt_5_mini|ENTJ|memory|crash|42|0.92,1,0.5,BUY,92.77,92.77,92.77,50.0,0.0,1.0,15.0,13.9,2.88,0.0,0,0.1
mbti,gpt_5_mini,ENTJ,static,crash,42,0.92,gpt_5_mini|ENTJ|static|crash|42|0.92,1,0.7,BUY,92.77,92.77,92.77,50.0,0.0,1.0,15.0,13.9,2.88,0.0,0,0.1
mbti,gpt_5_mini,INTJ,memory,crash,42,0.92,gpt_5_mini|INTJ|memory|crash|42|0.92,1,0.7,BUY,92.77,92.77,92.77,50.0,0.0,1.0,15.0,13.9,2.88,0.0,0,0.1
mbti,gpt_5_mini,INTJ,static,crash,42,0.92,gpt_5_mini|INTJ|static|crash|42|0.92,1,0.8,BUY,92.77,92.77,92.77,50.0,0.0,1.0,15.0,13.9,2.88,0.0,0,0.1
mbti,gpt_5_mini,ISFJ,memory,crash,42,0.92,gpt_5_mini|ISFJ|memory|crash|42|0.92,1,1.0,HOLD,92.77,92.77,92.77,50.0,0.0,1.0,15.0,13.9,2.88,0.0,0,0.1
mbti,gpt_5_mini,ISFJ,static,crash,42,0.92,gpt_5_mini|ISFJ|static|crash|42|0.92,1,0.9,BUY,92.77,92.77,92.77,50.0,0.0,1.0,15.0,13.9,2.88,0.0,0,0.1
mbti,gpt_5_mini,ENTJ,memory,crash,456,0.92,gpt_5_mini|ENTJ|memory|crash|456|0.92,1,1.0,HOLD,92.46,92.46,92.46,50.0,0.0,1.0,15.0,13.9,2.87,0.0,0,0.06
mbti,gpt_5_mini,ENTJ,static,crash,456,0.92,gpt_5_mini|ENTJ|static|crash|456|0.92,1,0.5,BUY,92.46,92.46,92.46,50.0,0.0,1.0,15.0,13.9,2.87,0.0,0,0.06
mbti,gpt_5_mini,INTJ,memory,crash,456,0.92,gpt_5_mini|INTJ|memory|crash|456|0.92,1,1.0,HOLD,92.46,92.46,92.46,50.0,0.0,1.0,15.0,13.9,2.87,0.0,0,0.06
mbti,gpt_5_mini,INTJ,static,crash,456,0.92,gpt_5_mini|INTJ|static|crash|456|0.92,1,0.75,BUY,92.46,92.46,92.46,50.0,0.0,1.0,15.0,13.9,2.87,0.0,0,0.06
mbti,gpt_5_mini,ISFJ,memory,crash,456,0.92,gpt_5_mini|ISFJ|memory|crash|456|0.92,1,1.0,HOLD,92.46,92.46,92.46,50.0,0.0,1.0,15.0,13.9,2.87,0.0,0,0.06
mbti,gpt_5_mini,ISFJ,static,crash,456,0.92,gpt_5_mini|ISFJ|static|crash|456|0.92,1,0.95,BUY,92.46,92.46,92.46,50.0,0.0,1.0,15.0,13.9,2.87,0.0,0,0.06
mbti,gpt_5_mini,ENTJ,memory,crash,789,0.92,gpt_5_mini|ENTJ|memory|crash|789|0.92,1,0.4,BUY,90.66,90.66,90.66,50.0,0.0,1.0,15.0,13.7,2.93,0.0,0,0.15
mbti,gpt_5_mini,ENTJ,static,crash,789,0.92,gpt_5_mini|ENTJ|static|crash|789|0.92,1,0.6,BUY,90.66,90.66,90.66,50.0,0.0,1.0,15.0,13.7,2.93,0.0,0,0.15
mbti,gpt_5_mini,INTJ,memory,crash,789,0.92,gpt_5_mini|INTJ|memory|crash|789|0.92,1,0.75,BUY,90.66,90.66,90.66,50.0,0.0,1.0,15.0,13.7,2.93,0.0,0,0.15
mbti,gpt_5_mini,INTJ,static,crash,789,0.92,gpt_5_mini|INTJ|static|crash|789|0.92,1,0.7,BUY,90.66,90.66,90.66,50.0,0.0,1.0,15.0,13.7,2.93,0.0,0,0.15
mbti,gpt_5_mini,ISFJ,memory,crash,789,0.92,gpt_5_mini|ISFJ|memory|crash|789|0.92,1,1.0,HOLD,90.66,90.66,90.66,50.0,0.0,1.0,15.0,13.7,2.93,0.0,0,0.15
mbti,gpt_5_mini,ISFJ,static,crash,789,0.92,gpt_5_mini|ISFJ|static|crash|789|0.92,1,0.9,BUY,90.66,90.66,90.66,50.0,0.0,1.0,15.0,13.7,2.93,0.0,0,0.15
mbti,gpt_5_mini,ENTJ,memory,crash,999,0.92,gpt_5_mini|ENTJ|memory|crash|999|0.92,1,1.0,HOLD,87.3,87.3,87.3,50.0,0.0,1.0,15.0,13.1,3.06,0.0,0,-0.01
mbti,gpt_5_mini,ENTJ,static,crash,999,0.92,gpt_5_mini|ENTJ|static|crash|999|0.92,1,0.9,BUY,87.3,87.3,87.3,50.0,0.0,1.0,15.0,13.1,3.06,0.0,0,-0.01
mbti,gpt_5_mini,INTJ,memory,crash,999,0.92,gpt_5_mini|INTJ|memory|crash|999|0.92,1,0.75,BUY,87.3,87.3,87.3,50.0,0.0,1.0,15.0,13.1,3.06,0.0,0,-0.01
mbti,gpt_5_mini,INTJ,static,crash,999,0.92,gpt_5_mini|INTJ|static|crash|999|0.92,1,0.7,BUY,87.3,87.3,87.3,50.0,0.0,1.0,15.0,13.1,3.06,0.0,0,-0.01
mbti,gpt_5_mini,ISFJ,memory,crash,999,0.92,gpt_5_mini|ISFJ|memory|crash|999|0.92,1,1.0,HOLD,87.3,87.3,87.3,50.0,0.0,1.0,15.0,13.1,3.06,0.0,0,-0.01
mbti,gpt_5_mini,ISFJ,static,crash,999,0.92,gpt_5_mini|ISFJ|static|crash|999|0.92,1,0.95,BUY,87.3,87.3,87.3,50.0,0.0,1.0,15.0,13.1,3.06,0.0,0,-0.01
mbti,gpt_5_mini,ENTJ,memory,crash,123,0.95,gpt_5_mini|ENTJ|memory|crash|123|0.95,1,0.3,BUY,95.54,95.54,95.54,50.0,0.0,1.0,15.0,14.4,2.78,0.0,0,0.33
mbti,gpt_5_mini,ENTJ,static,crash,123,0.95,gpt_5_mini|ENTJ|static|crash|123|0.95,1,0.75,BUY,95.54,95.54,95.54,50.0,0.0,1.0,15.0,14.4,2.78,0.0,0,0.33
mbti,gpt_5_mini,INTJ,memory,crash,123,0.95,gpt_5_mini|INTJ|memory|crash|123|0.95,1,0.75,BUY,95.54,95.54,95.54,50.0,0.0,1.0,15.0,14.4,2.78,0.0,0,0.33
mbti,gpt_5_mini,INTJ,static,crash,123,0.95,gpt_5_mini|INTJ|static|crash|123|0.95,1,0.6,BUY,95.54,95.54,95.54,50.0,0.0,1.0,15.0,14.4,2.78,0.0,0,0.33
mbti,gpt_5_mini,ISFJ,memory,crash,123,0.95,gpt_5_mini|ISFJ|memory|crash|123|0.95,1,0.95,BUY,95.54,95.54,95.54,50.0,0.0,1.0,15.0,14.4,2.78,0.0,0,0.33
mbti,gpt_5_mini,ISFJ,static,crash,123,0.95,gpt_5_mini|ISFJ|static|crash|123|0.95,1,0.9,BUY,95.54,95.54,95.54,50.0,0.0,1.0,15.0,14.4,2.78,0.0,0,0.33
mbti,gpt_5_mini,ENTJ,memory,crash,42,0.95,gpt_5_mini|ENTJ|memory|crash|42|0.95,1,0.3,BUY,95.77,95.77,95.77,50.0,0.0,1.0,15.0,14.3,2.79,0.0,0,0.1
mbti,gpt_5_mini,ENTJ,static,crash,42,0.95,gpt_5_mini|ENTJ|static|crash|42|0.95,1,0.7,BUY,95.77,95.77,95.77,50.0,0.0,1.0,15.0,14.3,2.79,0.0,0,0.1
mbti,gpt_5_mini,INTJ,memory,crash,42,0.95,gpt_5_mini|INTJ|memory|crash|42|0.95,1,0.75,BUY,95.77,95.77,95.77,50.0,0.0,1.0,15.0,14.3,2.79,0.0,0,0.1
mbti,gpt_5_mini,INTJ,static,crash,42,0.95,gpt_5_mini|INTJ|static|crash|42|0.95,1,0.7,BUY,95.77,95.77,95.77,50.0,0.0,1.0,15.0,14.3,2.79,0.0,0,0.1
mbti,gpt_5_mini,ISFJ,memory,crash,42,0.95,gpt_5_mini|ISFJ|memory|crash|42|0.95,1,1.0,HOLD,95.77,95.77,95.77,50.0,0.0,1.0,15.0,14.3,2.79,0.0,0,0.1
mbti,gpt_5_mini,ISFJ,static,crash,42,0.95,gpt_5_mini|ISFJ|static|crash|42|0.95,1,0.9,BUY,95.77,95.77,95.77,50.0,0.0,1.0,15.0,14.3,2.79,0.0,0,0.1
mbti,gpt_5_mini,ENTJ,memory,crash,456,0.95,gpt_5_mini|ENTJ|memory|crash|456|0.95,1,1.0,HOLD,95.45,95.45,95.45,50.0,0.0,1.0,15.0,14.4,2.78,0.0,0,0.06
mbti,gpt_5_mini,ENTJ,static,crash,456,0.95,gpt_5_mini|ENTJ|static|crash|456|0.95,1,0.8,BUY,95.45,95.45,95.45,50.0,0.0,1.0,15.0,14.4,2.78,0.0,0,0.06
mbti,gpt_5_mini,INTJ,memory,crash,456,0.95,gpt_5_mini|INTJ|memory|crash|456|0.95,1,1.0,HOLD,95.45,95.45,95.45,50.0,0.0,1.0,15.0,14.4,2.78,0.0,0,0.06
mbti,gpt_5_mini,INTJ,static,crash,456,0.95,gpt_5_mini|INTJ|static|crash|456|0.95,1,0.8,BUY,95.45,95.45,95.45,50.0,0.0,1.0,15.0,14.4,2.78,0.0,0,0.06
mbti,gpt_5_mini,ISFJ,memory,crash,456,0.95,gpt_5_mini|ISFJ|memory|crash|456|0.95,1,1.0,HOLD,95.45,95.45,95.45,50.0,0.0,1.0,15.0,14.4,2.78,0.0,0,0.06
mbti,gpt_5_mini,ISFJ,static,crash,456,0.95,gpt_5_mini|ISFJ|static|crash|456|0.95,1,0.9,BUY,95.45,95.45,95.45,50.0,0.0,1.0,15.0,14.4,2.78,0.0,0,0.06
mbti,gpt_5_mini,ENTJ,memory,crash,789,0.95,gpt_5_mini|ENTJ|memory|crash|789|0.95,1,0.3,BUY,93.64,93.64,93.64,50.0,0.0,1.0,15.0,14.1,2.83,0.0,0,0.15
mbti,gpt_5_mini,ENTJ,static,crash,789,0.95,gpt_5_mini|ENTJ|static|crash|789|0.95,1,0.6,BUY,93.64,93.64,93.64,50.0,0.0,1.0,15.0,14.1,2.83,0.0,0,0.15
mbti,gpt_5_mini,INTJ,memory,crash,789,0.95,gpt_5_mini|INTJ|memory|crash|789|0.95,1,0.8,BUY,93.64,93.64,93.64,50.0,0.0,1.0,15.0,14.1,2.83,0.0,0,0.15
mbti,gpt_5_mini,INTJ,static,crash,789,0.95,gpt_5_mini|INTJ|static|crash|789|0.95,1,0.75,BUY,93.64,93.64,93.64,50.0,0.0,1.0,15.0,14.1,2.83,0.0,0,0.15
mbti,gpt_5_mini,ISFJ,memory,crash,789,0.95,gpt_5_mini|ISFJ|memory|crash|789|0.95,1,1.0,HOLD,93.64,93.64,93.64,50.0,0.0,1.0,15.0,14.1,2.83,0.0,0,0.15
mbti,gpt_5_mini,ISFJ,static,crash,789,0.95,gpt_5_mini|ISFJ|static|crash|789|0.95,1,0.92,BUY,93.64,93.64,93.64,50.0,0.0,1.0,15.0,14.1,2.83,0.0,0,0.15
mbti,gpt_5_mini,ENTJ,memory,crash,999,0.95,gpt_5_mini|ENTJ|memory|crash|999|0.95,1,1.0,HOLD,90.3,90.3,90.3,50.0,0.0,1.0,15.0,13.5,2.95,0.0,0,-0.01
mbti,gpt_5_mini,ENTJ,static,crash,999,0.95,gpt_5_mini|ENTJ|static|crash|999|0.95,1,0.5,BUY,90.3,90.3,90.3,50.0,0.0,1.0,15.0,13.5,2.95,0.0,0,-0.01
mbti,gpt_5_mini,INTJ,memory,crash,999,0.95,gpt_5_mini|INTJ|memory|crash|999|0.95,1,1.0,HOLD,90.3,90.3,90.3,50.0,0.0,1.0,15.0,13.5,2.95,0.0,0,-0.01
mbti,gpt_5_mini,INTJ,static,crash,999,0.95,gpt_5_mini|INTJ|static|crash|999|0.95,1,1.0,HOLD,90.3,90.3,90.3,50.0,0.0,1.0,15.0,13.5,2.95,0.0,0,-0.01
mbti,gpt_5_mini,ISFJ,memory,crash,999,0.95,gpt_5_mini|ISFJ|memory|crash|999|0.95,1,1.0,HOLD,90.3,90.3,90.3,50.0,0.0,1.0,15.0,13.5,2.95,0.0,0,-0.01
mbti,gpt_5_mini,ISFJ,static,crash,999,0.95,gpt_5_mini|ISFJ|static|crash|999|0.95,1,0.9,BUY,90.3,90.3,90.3,50.0,0.0,1.0,15.0,13.5,2.95,0.0,0,-0.01
mbti,gpt_5_mini,ENTJ,memory,flat,123,,gpt_5_mini|ENTJ|memory|flat|123|,1,0.3,BUY,100.16,100.16,100.16,50.0,0.0,1.0,15.0,15.0,2.66,0.0,0,0.31
mbti,gpt_5_mini,ENTJ,static,flat,123,,gpt_5_mini|ENTJ|static|flat|123|,1,0.85,BUY,99.85,99.85,99.85,50.0,0.0,1.0,15.0,15.0,2.67,0.0,0,-0.28
mbti,gpt_5_mini,INTJ,memory,flat,123,,gpt_5_mini|INTJ|memory|flat|123|,1,1.0,HOLD,100.53,100.53,100.53,50.0,0.0,1.0,15.0,15.1,2.65,0.0,0,0.15
mbti,gpt_5_mini,INTJ,static,flat,123,,gpt_5_mini|INTJ|static|flat|123|,1,0.8,BUY,99.67,99.67,99.67,50.0,0.0,1.0,15.0,15.0,2.68,0.0,0,-0.02
mbti,gpt_5_mini,ISFJ,memory,flat,123,,gpt_5_mini|ISFJ|memory|flat|123|,1,1.0,HOLD,99.94,99.94,99.94,50.0,0.0,1.0,15.0,15.0,2.67,0.0,0,0.13
mbti,gpt_5_mini,ISFJ,static,flat,123,,gpt_5_mini|ISFJ|static|flat|123|,1,0.9,BUY,100.14,100.14,100.14,50.0,0.0,1.0,15.0,15.0,2.66,0.0,0,0.28
mbti,gpt_5_mini,ENTJ,memory,flat,42,,gpt_5_mini|ENTJ|memory|flat|42|,1,0.5,BUY,100.24,100.24,100.24,50.0,0.0,1.0,15.0,15.0,2.66,0.0,0,0.06
mbti,gpt_5_mini,ENTJ,static,flat,42,,gpt_5_mini|ENTJ|static|flat|42|,1,0.6,BUY,99.97,99.97,99.97,50.0,0.0,1.0,15.0,15.0,2.67,0.0,0,-0.23
mbti,gpt_5_mini,INTJ,memory,flat,42,,gpt_5_mini|INTJ|memory|flat|42|,1,0.7,BUY,99.63,99.63,99.63,50.0,0.0,1.0,15.0,14.9,2.68,0.0,0,0.66
mbti,gpt_5_mini,INTJ,static,flat,42,,gpt_5_mini|INTJ|static|flat|42|,1,0.8,BUY,100.84,100.84,100.84,50.0,0.0,1.0,15.0,15.1,2.64,0.0,0,0.16
mbti,gpt_5_mini,ISFJ,memory,flat,42,,gpt_5_mini|ISFJ|memory|flat|42|,1,1.0,HOLD,100.95,100.95,100.95,50.0,0.0,1.0,15.0,15.1,2.64,0.0,0,-0.26
mbti,gpt_5_mini,ISFJ,static,flat,42,,gpt_5_mini|ISFJ|static|flat|42|,1,0.9,BUY,100.75,100.75,100.75,50.0,0.0,1.0,15.0,15.1,2.65,0.0,0,0.13
mbti,gpt_5_mini,ENTJ,memory,flat,456,,gpt_5_mini|ENTJ|memory|flat|456|,1,1.0,HOLD,99.66,99.66,99.66,50.0,0.0,1.0,15.0,14.9,2.68,0.0,0,-0.08
mbti,gpt_5_mini,ENTJ,static,flat,456,,gpt_5_mini|ENTJ|static|flat|456|,1,0.8,BUY,100.51,100.51,100.51,50.0,0.0,1.0,15.0,15.1,2.65,0.0,0,-0.4
mbti,gpt_5_mini,INTJ,memory,flat,456,,gpt_5_mini|INTJ|memory|flat|456|,1,0.7,BUY,99.55,99.55,99.55,50.0,0.0,1.0,15.0,14.9,2.68,0.0,0,0.37
mbti,gpt_5_mini,INTJ,static,flat,456,,gpt_5_mini|INTJ|static|flat|456|,1,0.8,BUY,99.96,99.96,99.96,50.0,0.0,1.0,15.0,15.0,2.67,0.0,0,0.01
mbti,gpt_5_mini,ISFJ,memory,flat,456,,gpt_5_mini|ISFJ|memory|flat|456|,1,1.0,HOLD,100.86,100.86,100.86,50.0,0.0,1.0,15.0,15.1,2.64,0.0,0,-0.23
mbti,gpt_5_mini,ISFJ,static,flat,456,,gpt_5_mini|ISFJ|static|flat|456|,1,0.9,BUY,99.37,99.37,99.37,50.0,0.0,1.0,15.0,14.9,2.68,0.0,0,0.36
mbti,gpt_5_mini,ENTJ,memory,flat,789,,gpt_5_mini|ENTJ|memory|flat|789|,1,0.5,BUY,100.06,100.06,100.06,50.0,0.0,1.0,15.0,15.0,2.67,0.0,0,0.24
mbti,gpt_5_mini,ENTJ,static,flat,789,,gpt_5_mini|ENTJ|static|flat|789|,1,0.7,BUY,100.88,100.88,100.88,50.0,0.0,1.0,15.0,15.1,2.64,0.0,0,-0.07
mbti,gpt_5_mini,INTJ,memory,flat,789,,gpt_5_mini|INTJ|memory|flat|789|,1,1.0,HOLD,100.19,100.19,100.19,50.0,0.0,1.0,15.0,15.0,2.66,0.0,0,0.26
mbti,gpt_5_mini,INTJ,static,flat,789,,gpt_5_mini|INTJ|static|flat|789|,1,0.8,BUY,100.19,100.19,100.19,50.0,0.0,1.0,15.0,15.0,2.66,0.0,0,0.26
mbti,gpt_5_mini,ISFJ,memory,flat,789,,gpt_5_mini|ISFJ|memory|flat|789|,1,1.0,HOLD,100.19,100.19,100.19,50.0,0.0,1.0,15.0,15.0,2.66,0.0,0,0.26
mbti,gpt_5_mini,ISFJ,static,flat,789,,gpt_5_mini|ISFJ|static|flat|789|,1,0.9,BUY,100.19,100.19,100.19,50.0,0.0,1.0,15.0,15.0,2.66,0.0,0,0.26
mbti,gpt_5_mini,ENTJ,memory,flat,999,,gpt_5_mini|ENTJ|memory|flat|999|,1,0.4,BUY,100.38,100.38,100.38,50.0,0.0,1.0,15.0,15.1,2.66,0.0,0,0.08
mbti,gpt_5_mini,ENTJ,static,flat,999,,gpt_5_mini|ENTJ|static|flat|999|,1,0.7,BUY,100.38,100.38,100.38,50.0,0.0,1.0,15.0,15.1,2.66,0.0,0,0.08
mbti,gpt_5_mini,INTJ,memory,flat,999,,gpt_5_mini|INTJ|memory|flat|999|,1,0.8,BUY,100.38,100.38,100.38,50.0,0.0,1.0,15.0,15.1,2.66,0.0,0,0.08
mbti,gpt_5_mini,INTJ,static,flat,999,,gpt_5_mini|INTJ|static|flat|999|,1,0.8,BUY,100.38,100.38,100.38,50.0,0.0,1.0,15.0,15.1,2.66,0.0,0,0.08
mbti,gpt_5_mini,ISFJ,memory,flat,999,,gpt_5_mini|ISFJ|memory|flat|999|,1,1.0,HOLD,100.38,100.38,100.38,50.0,0.0,1.0,15.0,15.1,2.66,0.0,0,0.08
mbti,gpt_5_mini,ISFJ,static,flat,999,,gpt_5_mini|ISFJ|static|flat|999|,1,0.9,BUY,100.38,100.38,100.38,50.0,0.0,1.0,15.0,15.1,2.66,0.0,0,0.08
ocean,claude-sonnet-4-6,O1_conservative,memory,bull_trap,123,,claude-sonnet-4-6|O1_conservative|memory|bull_trap|123|,1,0.6,BUY,99.72,99.72,99.72,50.0,0.0,1.0,15.0,15.1,2.65,0.0,0,0.33
ocean,claude-sonnet-4-6,O1_conservative,static,bull_trap,123,,claude-sonnet-4-6|O1_conservative|static|bull_trap|123|,1,0.7,BUY,99.72,99.72,99.72,50.0,0.0,1.0,15.0,15.1,2.65,0.0,0,0.33
ocean,claude-sonnet-4-6,O2_aggressive,memory,bull_trap,123,,claude-sonnet-4-6|O2_aggressive|memory|bull_trap|123|,1,0.5,BUY,99.72,99.72,99.72,50.0,0.0,1.0,15.0,15.1,2.65,0.0,0,0.33
ocean,claude-sonnet-4-6,O2_aggressive,static,bull_trap,123,,claude-sonnet-4-6|O2_aggressive|static|bull_trap|123|,1,0.6,BUY,99.72,99.72,99.72,50.0,0.0,1.0,15.0,15.1,2.65,0.0,0,0.33
ocean,claude-sonnet-4-6,O1_conservative,memory,bull_trap,42,,claude-sonnet-4-6|O1_conservative|memory|bull_trap|42|,1,0.6,BUY,100.96,100.96,100.96,50.0,0.0,1.0,15.0,15.1,2.66,0.0,0,0.1
ocean,claude-sonnet-4-6,O1_conservative,static,bull_trap,42,,claude-sonnet-4-6|O1_conservative|static|bull_trap|42|,1,0.7,BUY,100.96,100.96,100.96,50.0,0.0,1.0,15.0,15.1,2.66,0.0,0,0.1
ocean,claude-sonnet-4-6,O2_aggressive,memory,bull_trap,42,,claude-sonnet-4-6|O2_aggressive|memory|bull_trap|42|,1,0.5,BUY,100.96,100.96,100.96,50.0,0.0,1.0,15.0,15.1,2.66,0.0,0,0.1
ocean,claude-sonnet-4-6,O2_aggressive,static,bull_trap,42,,claude-sonnet-4-6|O2_aggressive|static|bull_trap|42|,1,0.6,BUY,100.96,100.96,100.96,50.0,0.0,1.0,15.0,15.1,2.66,0.0,0,0.1
ocean,claude-sonnet-4-6,O1_conservative,memory,bull_trap,456,,claude-sonnet-4-6|O1_conservative|memory|bull_trap|456|,1,0.6,BUY,99.94,99.94,99.94,50.0,0.0,1.0,15.0,15.1,2.65,0.0,0,0.06
ocean,claude-sonnet-4-6,O1_conservative,static,bull_trap,456,,claude-sonnet-4-6|O1_conservative|static|bull_trap|456|,1,0.7,BUY,99.94,99.94,99.94,50.0,0.0,1.0,15.0,15.1,2.65,0.0,0,0.06
ocean,claude-sonnet-4-6,O2_aggressive,memory,bull_trap,456,,claude-sonnet-4-6|O2_aggressive|memory|bull_trap|456|,1,0.5,BUY,99.94,99.94,99.94,50.0,0.0,1.0,15.0,15.1,2.65,0.0,0,0.06
ocean,claude-sonnet-4-6,O2_aggressive,static,bull_trap,456,,claude-sonnet-4-6|O2_aggressive|static|bull_trap|456|,1,0.7,BUY,99.94,99.94,99.94,50.0,0.0,1.0,15.0,15.1,2.65,0.0,0,0.06
ocean,claude-sonnet-4-6,O1_conservative,memory,bull_trap,789,,claude-sonnet-4-6|O1_conservative|memory|bull_trap|789|,1,0.6,BUY,98.44,98.44,98.44,50.0,0.0,1.0,15.0,14.9,2.68,0.0,0,0.15
ocean,claude-sonnet-4-6,O1_conservative,static,bull_trap,789,,claude-sonnet-4-6|O1_conservative|static|bull_trap|789|,1,0.7,BUY,98.44,98.44,98.44,50.0,0.0,1.0,15.0,14.9,2.68,0.0,0,0.15
ocean,claude-sonnet-4-6,O2_aggressive,memory,bull_trap,789,,claude-sonnet-4-6|O2_aggressive|memory|bull_trap|789|,1,0.5,BUY,98.44,98.44,98.44,50.0,0.0,1.0,15.0,14.9,2.68,0.0,0,0.15
ocean,claude-sonnet-4-6,O2_aggressive,static,bull_trap,789,,claude-sonnet-4-6|O2_aggressive|static|bull_trap|789|,1,0.6,BUY,98.44,98.44,98.44,50.0,0.0,1.0,15.0,14.9,2.68,0.0,0,0.15
ocean,claude-sonnet-4-6,O1_conservative,memory,bull_trap,999,,claude-sonnet-4-6|O1_conservative|memory|bull_trap|999|,1,0.6,BUY,97.06,97.06,97.06,50.0,0.0,1.0,15.0,14.5,2.75,0.0,0,-0.01
ocean,claude-sonnet-4-6,O1_conservative,static,bull_trap,999,,claude-sonnet-4-6|O1_conservative|static|bull_trap|999|,1,0.7,BUY,97.06,97.06,97.06,50.0,0.0,1.0,15.0,14.5,2.75,0.0,0,-0.01
ocean,claude-sonnet-4-6,O2_aggressive,memory,bull_trap,999,,claude-sonnet-4-6|O2_aggressive|memory|bull_trap|999|,1,0.5,BUY,97.06,97.06,97.06,50.0,0.0,1.0,15.0,14.5,2.75,0.0,0,-0.01
ocean,claude-sonnet-4-6,O2_aggressive,static,bull_trap,999,,claude-sonnet-4-6|O2_aggressive|static|bull_trap|999|,1,0.6,BUY,97.06,97.06,97.06,50.0,0.0,1.0,15.0,14.5,2.75,0.0,0,-0.01
ocean,claude-sonnet-4-6,O1_conservative,memory,crash,123,0.92,claude-sonnet-4-6|O1_conservative|memory|crash|123|0.92,1,0.6,BUY,92.56,92.56,92.56,50.0,0.0,1.0,15.0,14.0,2.87,0.0,0,0.33
ocean,claude-sonnet-4-6,O1_conservative,static,crash,123,0.92,claude-sonnet-4-6|O1_conservative|static|crash|123|0.92,1,0.7,BUY,92.56,92.56,92.56,50.0,0.0,1.0,15.0,14.0,2.87,0.0,0,0.33
ocean,claude-sonnet-4-6,O2_aggressive,memory,crash,123,0.92,claude-sonnet-4-6|O2_aggressive|memory|crash|123|0.92,1,0.5,BUY,92.56,92.56,92.56,50.0,0.0,1.0,15.0,14.0,2.87,0.0,0,0.33
ocean,claude-sonnet-4-6,O2_aggressive,static,crash,123,0.92,claude-sonnet-4-6|O2_aggressive|static|crash|123|0.92,1,0.6,BUY,92.56,92.56,92.56,50.0,0.0,1.0,15.0,14.0,2.87,0.0,0,0.33
ocean,claude-sonnet-4-6,O1_conservative,memory,crash,42,0.92,claude-sonnet-4-6|O1_conservative|memory|crash|42|0.92,1,0.6,BUY,92.77,92.77,92.77,50.0,0.0,1.0,15.0,13.9,2.88,0.0,0,0.1
ocean,claude-sonnet-4-6,O1_conservative,static,crash,42,0.92,claude-sonnet-4-6|O1_conservative|static|crash|42|0.92,1,0.7,BUY,92.77,92.77,92.77,50.0,0.0,1.0,15.0,13.9,2.88,0.0,0,0.1
ocean,claude-sonnet-4-6,O2_aggressive,memory,crash,42,0.92,claude-sonnet-4-6|O2_aggressive|memory|crash|42|0.92,1,0.5,BUY,92.77,92.77,92.77,50.0,0.0,1.0,15.0,13.9,2.88,0.0,0,0.1
ocean,claude-sonnet-4-6,O2_aggressive,static,crash,42,0.92,claude-sonnet-4-6|O2_aggressive|static|crash|42|0.92,1,0.6,BUY,92.77,92.77,92.77,50.0,0.0,1.0,15.0,13.9,2.88,0.0,0,0.1
ocean,claude-sonnet-4-6,O1_conservative,memory,crash,456,0.92,claude-sonnet-4-6|O1_conservative|memory|crash|456|0.92,1,0.6,BUY,92.46,92.46,92.46,50.0,0.0,1.0,15.0,13.9,2.87,0.0,0,0.06
ocean,claude-sonnet-4-6,O1_conservative,static,crash,456,0.92,claude-sonnet-4-6|O1_conservative|static|crash|456|0.92,1,0.7,BUY,92.46,92.46,92.46,50.0,0.0,1.0,15.0,13.9,2.87,0.0,0,0.06
ocean,claude-sonnet-4-6,O2_aggressive,memory,crash,456,0.92,claude-sonnet-4-6|O2_aggressive|memory|crash|456|0.92,1,0.5,BUY,92.46,92.46,92.46,50.0,0.0,1.0,15.0,13.9,2.87,0.0,0,0.06
ocean,claude-sonnet-4-6,O2_aggressive,static,crash,456,0.92,claude-sonnet-4-6|O2_aggressive|static|crash|456|0.92,1,0.6,BUY,92.46,92.46,92.46,50.0,0.0,1.0,15.0,13.9,2.87,0.0,0,0.06
ocean,claude-sonnet-4-6,O1_conservative,memory,crash,789,0.92,claude-sonnet-4-6|O1_conservative|memory|crash|789|0.92,1,0.7,BUY,90.66,90.66,90.66,50.0,0.0,1.0,15.0,13.7,2.93,0.0,0,0.15
ocean,claude-sonnet-4-6,O1_conservative,static,crash,789,0.92,claude-sonnet-4-6|O1_conservative|static|crash|789|0.92,1,0.7,BUY,90.66,90.66,90.66,50.0,0.0,1.0,15.0,13.7,2.93,0.0,0,0.15
ocean,claude-sonnet-4-6,O2_aggressive,memory,crash,789,0.92,claude-sonnet-4-6|O2_aggressive|memory|crash|789|0.92,1,0.5,BUY,90.66,90.66,90.66,50.0,0.0,1.0,15.0,13.7,2.93,0.0,0,0.15
ocean,claude-sonnet-4-6,O2_aggressive,static,crash,789,0.92,claude-sonnet-4-6|O2_aggressive|static|crash|789|0.92,1,0.6,BUY,90.66,90.66,90.66,50.0,0.0,1.0,15.0,13.7,2.93,0.0,0,0.15
ocean,claude-sonnet-4-6,O1_conservative,memory,crash,999,0.92,claude-sonnet-4-6|O1_conservative|memory|crash|999|0.92,1,1.0,HOLD,87.3,87.3,87.3,50.0,0.0,1.0,15.0,13.1,3.06,0.0,0,-0.01
ocean,claude-sonnet-4-6,O1_conservative,static,crash,999,0.92,claude-sonnet-4-6|O1_conservative|static|crash|999|0.92,1,0.7,BUY,87.3,87.3,87.3,50.0,0.0,1.0,15.0,13.1,3.06,0.0,0,-0.01
ocean,claude-sonnet-4-6,O2_aggressive,memory,crash,999,0.92,claude-sonnet-4-6|O2_aggressive|memory|crash|999|0.92,1,0.5,BUY,87.3,87.3,87.3,50.0,0.0,1.0,15.0,13.1,3.06,0.0,0,-0.01
ocean,claude-sonnet-4-6,O2_aggressive,static,crash,999,0.92,claude-sonnet-4-6|O2_aggressive|static|crash|999|0.92,1,0.7,BUY,87.3,87.3,87.3,50.0,0.0,1.0,15.0,13.1,3.06,0.0,0,-0.01
ocean,claude-sonnet-4-6,O1_conservative,memory,flat,123,,claude-sonnet-4-6|O1_conservative|memory|flat|123|,1,0.5,BUY,99.92,99.92,99.92,50.0,0.0,1.0,15.0,15.0,2.67,0.0,0,-0.04
ocean,claude-sonnet-4-6,O1_conservative,static,flat,123,,claude-sonnet-4-6|O1_conservative|static|flat|123|,1,0.7,BUY,99.92,99.92,99.92,50.0,0.0,1.0,15.0,15.0,2.67,0.0,0,-0.04
ocean,claude-sonnet-4-6,O2_aggressive,memory,flat,123,,claude-sonnet-4-6|O2_aggressive|memory|flat|123|,1,1.0,HOLD,99.92,99.92,99.92,50.0,0.0,1.0,15.0,15.0,2.67,0.0,0,-0.04
ocean,claude-sonnet-4-6,O2_aggressive,static,flat,123,,claude-sonnet-4-6|O2_aggressive|static|flat|123|,1,1.0,HOLD,99.92,99.92,99.92,50.0,0.0,1.0,15.0,15.0,2.67,0.0,0,-0.04
ocean,claude-sonnet-4-6,O3_aggressive,memory,flat,123,,claude-sonnet-4-6|O3_aggressive|memory|flat|123|,1,0.2,BUY,99.92,99.92,99.92,50.0,0.0,1.0,15.0,15.0,2.67,0.0,0,-0.04
ocean,claude-sonnet-4-6,O3_aggressive,static,flat,123,,claude-sonnet-4-6|O3_aggressive|static|flat|123|,1,0.2,BUY,99.92,99.92,99.92,50.0,0.0,1.0,15.0,15.0,2.67,0.0,0,-0.04
ocean,claude-sonnet-4-6,O3_conservative,memory,flat,123,,claude-sonnet-4-6|O3_conservative|memory|flat|123|,1,1.0,HOLD,99.92,99.92,99.92,50.0,0.0,1.0,15.0,15.0,2.67,0.0,0,-0.04
ocean,claude-sonnet-4-6,O3_conservative,static,flat,123,,claude-sonnet-4-6|O3_conservative|static|flat|123|,1,1.0,HOLD,99.92,99.92,99.92,50.0,0.0,1.0,15.0,15.0,2.67,0.0,0,-0.04
ocean,claude-sonnet-4-6,O1_conservative,memory,flat,42,,claude-sonnet-4-6|O1_conservative|memory|flat|42|,1,1.0,HOLD,99.94,99.94,99.94,50.0,0.0,1.0,15.0,15.0,2.67,0.0,0,-0.17
ocean,claude-sonnet-4-6,O1_conservative,static,flat,42,,claude-sonnet-4-6|O1_conservative|static|flat|42|,1,0.7,BUY,99.94,99.94,99.94,50.0,0.0,1.0,15.0,15.0,2.67,0.0,0,-0.17
ocean,claude-sonnet-4-6,O2_aggressive,memory,flat,42,,claude-sonnet-4-6|O2_aggressive|memory|flat|42|,1,1.0,HOLD,99.94,99.94,99.94,50.0,0.0,1.0,15.0,15.0,2.67,0.0,0,-0.17
ocean,claude-sonnet-4-6,O2_aggressive,static,flat,42,,claude-sonnet-4-6|O2_aggressive|static|flat|42|,1,0.7,BUY,99.94,99.94,99.94,50.0,0.0,1.0,15.0,15.0,2.67,0.0,0,-0.17
ocean,claude-sonnet-4-6,O3_aggressive,memory,flat,42,,claude-sonnet-4-6|O3_aggressive|memory|flat|42|,1,0.0,BUY,99.94,99.94,99.94,50.0,0.0,1.0,15.0,15.0,2.67,0.0,0,-0.17
ocean,claude-sonnet-4-6,O3_aggressive,static,flat,42,,claude-sonnet-4-6|O3_aggressive|static|flat|42|,1,0.2,BUY,99.94,99.94,99.94,50.0,0.0,1.0,15.0,15.0,2.67,0.0,0,-0.17
ocean,claude-sonnet-4-6,O3_conservative,memory,flat,42,,claude-sonnet-4-6|O3_conservative|memory|flat|42|,1,1.0,HOLD,99.94,99.94,99.94,50.0,0.0,1.0,15.0,15.0,2.67,0.0,0,-0.17
ocean,claude-sonnet-4-6,O3_conservative,static,flat,42,,claude-sonnet-4-6|O3_conservative|static|flat|42|,1,1.0,HOLD,99.94,99.94,99.94,50.0,0.0,1.0,15.0,15.0,2.67,0.0,0,-0.17
ocean,claude-sonnet-4-6,O1_conservative,memory,flat,456,,claude-sonnet-4-6|O1_conservative|memory|flat|456|,1,0.75,BUY,100.25,100.25,100.25,50.0,0.0,1.0,15.0,15.0,2.66,0.0,0,-0.39
ocean,claude-sonnet-4-6,O1_conservative,static,flat,456,,claude-sonnet-4-6|O1_conservative|static|flat|456|,1,1.0,HOLD,100.25,100.25,100.25,50.0,0.0,1.0,15.0,15.0,2.66,0.0,0,-0.39
ocean,claude-sonnet-4-6,O2_aggressive,memory,flat,456,,claude-sonnet-4-6|O2_aggressive|memory|flat|456|,1,1.0,HOLD,100.25,100.25,100.25,50.0,0.0,1.0,15.0,15.0,2.66,0.0,0,-0.39
ocean,claude-sonnet-4-6,O2_aggressive,static,flat,456,,claude-sonnet-4-6|O2_aggressive|static|flat|456|,1,1.0,HOLD,100.25,100.25,100.25,50.0,0.0,1.0,15.0,15.0,2.66,0.0,0,-0.39
ocean,claude-sonnet-4-6,O3_aggressive,memory,flat,456,,claude-sonnet-4-6|O3_aggressive|memory|flat|456|,1,0.0,BUY,100.25,100.25,100.25,50.0,0.0,1.0,15.0,15.0,2.66,0.0,0,-0.39
ocean,claude-sonnet-4-6,O3_aggressive,static,flat,456,,claude-sonnet-4-6|O3_aggressive|static|flat|456|,1,0.2,BUY,100.25,100.25,100.25,50.0,0.0,1.0,15.0,15.0,2.66,0.0,0,-0.39
ocean,claude-sonnet-4-6,O3_conservative,memory,flat,456,,claude-sonnet-4-6|O3_conservative|memory|flat|456|,1,1.0,HOLD,100.25,100.25,100.25,50.0,0.0,1.0,15.0,15.0,2.66,0.0,0,-0.39
ocean,claude-sonnet-4-6,O3_conservative,static,flat,456,,claude-sonnet-4-6|O3_conservative|static|flat|456|,1,1.0,HOLD,100.25,100.25,100.25,50.0,0.0,1.0,15.0,15.0,2.66,0.0,0,-0.39
ocean,claude-sonnet-4-6,O1_conservative,memory,flat,789,,claude-sonnet-4-6|O1_conservative|memory|flat|789|,1,0.6,BUY,100.19,100.19,100.19,50.0,0.0,1.0,15.0,15.0,2.66,0.0,0,0.26
ocean,claude-sonnet-4-6,O1_conservative,static,flat,789,,claude-sonnet-4-6|O1_conservative|static|flat|789|,1,0.7,BUY,100.19,100.19,100.19,50.0,0.0,1.0,15.0,15.0,2.66,0.0,0,0.26
ocean,claude-sonnet-4-6,O2_aggressive,memory,flat,789,,claude-sonnet-4-6|O2_aggressive|memory|flat|789|,1,0.5,BUY,100.19,100.19,100.19,50.0,0.0,1.0,15.0,15.0,2.66,0.0,0,0.26
ocean,claude-sonnet-4-6,O2_aggressive,static,flat,789,,claude-sonnet-4-6|O2_aggressive|static|flat|789|,1,0.6,BUY,100.19,100.19,100.19,50.0,0.0,1.0,15.0,15.0,2.66,0.0,0,0.26
ocean,claude-sonnet-4-6,O3_aggressive,memory,flat,789,,claude-sonnet-4-6|O3_aggressive|memory|flat|789|,1,0.2,BUY,100.19,100.19,100.19,50.0,0.0,1.0,15.0,15.0,2.66,0.0,0,0.26
ocean,claude-sonnet-4-6,O3_aggressive,static,flat,789,,claude-sonnet-4-6|O3_aggressive|static|flat|789|,1,0.2,BUY,100.19,100.19,100.19,50.0,0.0,1.0,15.0,15.0,2.66,0.0,0,0.26
ocean,claude-sonnet-4-6,O3_conservative,memory,flat,789,,claude-sonnet-4-6|O3_conservative|memory|flat|789|,1,1.0,HOLD,100.19,100.19,100.19,50.0,0.0,1.0,15.0,15.0,2.66,0.0,0,0.26
ocean,claude-sonnet-4-6,O3_conservative,static,flat,789,,claude-sonnet-4-6|O3_conservative|static|flat|789|,1,1.0,HOLD,100.19,100.19,100.19,50.0,0.0,1.0,15.0,15.0,2.66,0.0,0,0.26
ocean,claude-sonnet-4-6,O1_conservative,memory,flat,999,,claude-sonnet-4-6|O1_conservative|memory|flat|999|,1,0.7,BUY,100.38,100.38,100.38,50.0,0.0,1.0,15.0,15.1,2.66,0.0,0,0.08
ocean,claude-sonnet-4-6,O1_conservative,static,flat,999,,claude-sonnet-4-6|O1_conservative|static|flat|999|,1,0.7,BUY,100.38,100.38,100.38,50.0,0.0,1.0,15.0,15.1,2.66,0.0,0,0.08
ocean,claude-sonnet-4-6,O2_aggressive,memory,flat,999,,claude-sonnet-4-6|O2_aggressive|memory|flat|999|,1,0.5,BUY,100.38,100.38,100.38,50.0,0.0,1.0,15.0,15.1,2.66,0.0,0,0.08
ocean,claude-sonnet-4-6,O2_aggressive,static,flat,999,,claude-sonnet-4-6|O2_aggressive|static|flat|999|,1,0.6,BUY,100.38,100.38,100.38,50.0,0.0,1.0,15.0,15.1,2.66,0.0,0,0.08
ocean,claude-sonnet-4-6,O3_aggressive,memory,flat,999,,claude-sonnet-4-6|O3_aggressive|memory|flat|999|,1,0.25,BUY,100.38,100.38,100.38,50.0,0.0,1.0,15.0,15.1,2.66,0.0,0,0.08
ocean,claude-sonnet-4-6,O3_aggressive,static,flat,999,,claude-sonnet-4-6|O3_aggressive|static|flat|999|,1,0.2,BUY,100.38,100.38,100.38,50.0,0.0,1.0,15.0,15.1,2.66,0.0,0,0.08
ocean,claude-sonnet-4-6,O3_conservative,memory,flat,999,,claude-sonnet-4-6|O3_conservative|memory|flat|999|,1,1.0,HOLD,100.38,100.38,100.38,50.0,0.0,1.0,15.0,15.1,2.66,0.0,0,0.08
ocean,claude-sonnet-4-6,O3_conservative,static,flat,999,,claude-sonnet-4-6|O3_conservative|static|flat|999|,1,1.0,HOLD,100.38,100.38,100.38,50.0,0.0,1.0,15.0,15.1,2.66,0.0,0,0.08
ocean,gemini-2.5-flash,O1_conservative,memory,bull_trap,123,,gemini-2.5-flash|O1_conservative|memory|bull_trap|123|,1,1.0,HOLD,99.72,99.72,99.72,50.0,0.0,1.0,15.0,15.1,2.65,0.0,0,0.33
ocean,gemini-2.5-flash,O1_conservative,static,bull_trap,123,,gemini-2.5-flash|O1_conservative|static|bull_trap|123|,1,1.0,HOLD,99.72,99.72,99.72,50.0,0.0,1.0,15.0,15.1,2.65,0.0,0,0.33
ocean,gemini-2.5-flash,O2_aggressive,memory,bull_trap,123,,gemini-2.5-flash|O2_aggressive|memory|bull_trap|123|,1,1.0,HOLD,99.72,99.72,99.72,50.0,0.0,1.0,15.0,15.1,2.65,0.0,0,0.33
ocean,gemini-2.5-flash,O2_aggressive,static,bull_trap,123,,gemini-2.5-flash|O2_aggressive|static|bull_trap|123|,1,1.0,HOLD,99.72,99.72,99.72,50.0,0.0,1.0,15.0,15.1,2.65,0.0,0,0.33
ocean,gemini-2.5-flash,O1_conservative,memory,bull_trap,42,,gemini-2.5-flash|O1_conservative|memory|bull_trap|42|,1,1.0,HOLD,100.96,100.96,100.96,50.0,0.0,1.0,15.0,15.1,2.66,0.0,0,0.1
ocean,gemini-2.5-flash,O1_conservative,static,bull_trap,42,,gemini-2.5-flash|O1_conservative|static|bull_trap|42|,1,1.0,HOLD,100.96,100.96,100.96,50.0,0.0,1.0,15.0,15.1,2.66,0.0,0,0.1
ocean,gemini-2.5-flash,O2_aggressive,memory,bull_trap,42,,gemini-2.5-flash|O2_aggressive|memory|bull_trap|42|,1,1.0,HOLD,100.96,100.96,100.96,50.0,0.0,1.0,15.0,15.1,2.66,0.0,0,0.1
ocean,gemini-2.5-flash,O2_aggressive,static,bull_trap,42,,gemini-2.5-flash|O2_aggressive|static|bull_trap|42|,1,1.0,HOLD,100.96,100.96,100.96,50.0,0.0,1.0,15.0,15.1,2.66,0.0,0,0.1
ocean,gemini-2.5-flash,O1_conservative,memory,bull_trap,456,,gemini-2.5-flash|O1_conservative|memory|bull_trap|456|,1,1.0,HOLD,99.94,99.94,99.94,50.0,0.0,1.0,15.0,15.1,2.65,0.0,0,0.06
ocean,gemini-2.5-flash,O1_conservative,static,bull_trap,456,,gemini-2.5-flash|O1_conservative|static|bull_trap|456|,1,1.0,HOLD,99.94,99.94,99.94,50.0,0.0,1.0,15.0,15.1,2.65,0.0,0,0.06
ocean,gemini-2.5-flash,O2_aggressive,memory,bull_trap,456,,gemini-2.5-flash|O2_aggressive|memory|bull_trap|456|,1,1.0,HOLD,99.94,99.94,99.94,50.0,0.0,1.0,15.0,15.1,2.65,0.0,0,0.06
ocean,gemini-2.5-flash,O2_aggressive,static,bull_trap,456,,gemini-2.5-flash|O2_aggressive|static|bull_trap|456|,1,1.0,HOLD,99.94,99.94,99.94,50.0,0.0,1.0,15.0,15.1,2.65,0.0,0,0.06
ocean,gemini-2.5-flash,O1_conservative,memory,bull_trap,789,,gemini-2.5-flash|O1_conservative|memory|bull_trap|789|,1,1.0,HOLD,98.44,98.44,98.44,50.0,0.0,1.0,15.0,14.9,2.68,0.0,0,0.15
ocean,gemini-2.5-flash,O1_conservative,static,bull_trap,789,,gemini-2.5-flash|O1_conservative|static|bull_trap|789|,1,1.0,HOLD,98.44,98.44,98.44,50.0,0.0,1.0,15.0,14.9,2.68,0.0,0,0.15
ocean,gemini-2.5-flash,O2_aggressive,memory,bull_trap,789,,gemini-2.5-flash|O2_aggressive|memory|bull_trap|789|,1,1.0,HOLD,98.44,98.44,98.44,50.0,0.0,1.0,15.0,14.9,2.68,0.0,0,0.15
ocean,gemini-2.5-flash,O2_aggressive,static,bull_trap,789,,gemini-2.5-flash|O2_aggressive|static|bull_trap|789|,1,1.0,HOLD,98.44,98.44,98.44,50.0,0.0,1.0,15.0,14.9,2.68,0.0,0,0.15
ocean,gemini-2.5-flash,O1_conservative,memory,bull_trap,999,,gemini-2.5-flash|O1_conservative|memory|bull_trap|999|,1,1.0,HOLD,97.06,97.06,97.06,50.0,0.0,1.0,15.0,14.5,2.75,0.0,0,-0.01
ocean,gemini-2.5-flash,O1_conservative,static,bull_trap,999,,gemini-2.5-flash|O1_conservative|static|bull_trap|999|,1,1.0,HOLD,97.06,97.06,97.06,50.0,0.0,1.0,15.0,14.5,2.75,0.0,0,-0.01
ocean,gemini-2.5-flash,O2_aggressive,memory,bull_trap,999,,gemini-2.5-flash|O2_aggressive|memory|bull_trap|999|,1,1.0,HOLD,97.06,97.06,97.06,50.0,0.0,1.0,15.0,14.5,2.75,0.0,0,-0.01
ocean,gemini-2.5-flash,O2_aggressive,static,bull_trap,999,,gemini-2.5-flash|O2_aggressive|static|bull_trap|999|,1,1.0,HOLD,97.06,97.06,97.06,50.0,0.0,1.0,15.0,14.5,2.75,0.0,0,-0.01
ocean,gemini-2.5-flash,O1_conservative,memory,crash,123,0.92,gemini-2.5-flash|O1_conservative|memory|crash|123|0.92,1,1.0,HOLD,92.56,92.56,92.56,50.0,0.0,1.0,15.0,14.0,2.87,0.0,0,0.33
ocean,gemini-2.5-flash,O1_conservative,static,crash,123,0.92,gemini-2.5-flash|O1_conservative|static|crash|123|0.92,1,1.0,HOLD,92.56,92.56,92.56,50.0,0.0,1.0,15.0,14.0,2.87,0.0,0,0.33
ocean,gemini-2.5-flash,O2_aggressive,memory,crash,123,0.92,gemini-2.5-flash|O2_aggressive|memory|crash|123|0.92,1,1.0,HOLD,92.56,92.56,92.56,50.0,0.0,1.0,15.0,14.0,2.87,0.0,0,0.33
ocean,gemini-2.5-flash,O2_aggressive,static,crash,123,0.92,gemini-2.5-flash|O2_aggressive|static|crash|123|0.92,1,1.0,HOLD,92.56,92.56,92.56,50.0,0.0,1.0,15.0,14.0,2.87,0.0,0,0.33
ocean,gemini-2.5-flash,O1_conservative,memory,crash,42,0.92,gemini-2.5-flash|O1_conservative|memory|crash|42|0.92,1,1.0,HOLD,92.77,92.77,92.77,50.0,0.0,1.0,15.0,13.9,2.88,0.0,0,0.1
ocean,gemini-2.5-flash,O1_conservative,static,crash,42,0.92,gemini-2.5-flash|O1_conservative|static|crash|42|0.92,1,1.0,HOLD,92.77,92.77,92.77,50.0,0.0,1.0,15.0,13.9,2.88,0.0,0,0.1
ocean,gemini-2.5-flash,O2_aggressive,memory,crash,42,0.92,gemini-2.5-flash|O2_aggressive|memory|crash|42|0.92,1,1.0,HOLD,92.77,92.77,92.77,50.0,0.0,1.0,15.0,13.9,2.88,0.0,0,0.1
ocean,gemini-2.5-flash,O2_aggressive,static,crash,42,0.92,gemini-2.5-flash|O2_aggressive|static|crash|42|0.92,1,1.0,HOLD,92.77,92.77,92.77,50.0,0.0,1.0,15.0,13.9,2.88,0.0,0,0.1
ocean,gemini-2.5-flash,O1_conservative,memory,crash,456,0.92,gemini-2.5-flash|O1_conservative|memory|crash|456|0.92,1,1.0,HOLD,92.46,92.46,92.46,50.0,0.0,1.0,15.0,13.9,2.87,0.0,0,0.06
ocean,gemini-2.5-flash,O1_conservative,static,crash,456,0.92,gemini-2.5-flash|O1_conservative|static|crash|456|0.92,1,1.0,HOLD,92.46,92.46,92.46,50.0,0.0,1.0,15.0,13.9,2.87,0.0,0,0.06
ocean,gemini-2.5-flash,O2_aggressive,memory,crash,456,0.92,gemini-2.5-flash|O2_aggressive|memory|crash|456|0.92,1,0.0,BUY,92.46,92.46,92.46,50.0,0.0,1.0,15.0,13.9,2.87,0.0,0,0.06
ocean,gemini-2.5-flash,O2_aggressive,static,crash,456,0.92,gemini-2.5-flash|O2_aggressive|static|crash|456|0.92,1,1.0,HOLD,92.46,92.46,92.46,50.0,0.0,1.0,15.0,13.9,2.87,0.0,0,0.06
ocean,gemini-2.5-flash,O1_conservative,memory,crash,789,0.92,gemini-2.5-flash|O1_conservative|memory|crash|789|0.92,1,1.0,HOLD,90.66,90.66,90.66,50.0,0.0,1.0,15.0,13.7,2.93,0.0,0,0.15
ocean,gemini-2.5-flash,O1_conservative,static,crash,789,0.92,gemini-2.5-flash|O1_conservative|static|crash|789|0.92,1,1.0,HOLD,90.66,90.66,90.66,50.0,0.0,1.0,15.0,13.7,2.93,0.0,0,0.15
ocean,gemini-2.5-flash,O2_aggressive,memory,crash,789,0.92,gemini-2.5-flash|O2_aggressive|memory|crash|789|0.92,1,1.0,HOLD,90.66,90.66,90.66,50.0,0.0,1.0,15.0,13.7,2.93,0.0,0,0.15
ocean,gemini-2.5-flash,O2_aggressive,static,crash,789,0.92,gemini-2.5-flash|O2_aggressive|static|crash|789|0.92,1,1.0,HOLD,90.66,90.66,90.66,50.0,0.0,1.0,15.0,13.7,2.93,0.0,0,0.15
ocean,gemini-2.5-flash,O1_conservative,memory,crash,999,0.92,gemini-2.5-flash|O1_conservative|memory|crash|999|0.92,1,1.0,HOLD,87.3,87.3,87.3,50.0,0.0,1.0,15.0,13.1,3.06,0.0,0,-0.01
ocean,gemini-2.5-flash,O1_conservative,static,crash,999,0.92,gemini-2.5-flash|O1_conservative|static|crash|999|0.92,1,1.0,HOLD,87.3,87.3,87.3,50.0,0.0,1.0,15.0,13.1,3.06,0.0,0,-0.01
ocean,gemini-2.5-flash,O2_aggressive,memory,crash,999,0.92,gemini-2.5-flash|O2_aggressive|memory|crash|999|0.92,1,1.0,HOLD,87.3,87.3,87.3,50.0,0.0,1.0,15.0,13.1,3.06,0.0,0,-0.01
ocean,gemini-2.5-flash,O2_aggressive,static,crash,999,0.92,gemini-2.5-flash|O2_aggressive|static|crash|999|0.92,1,1.0,HOLD,87.3,87.3,87.3,50.0,0.0,1.0,15.0,13.1,3.06,0.0,0,-0.01
ocean,gemini-2.5-flash,O1_conservative,memory,flat,123,,gemini-2.5-flash|O1_conservative|memory|flat|123|,1,1.0,HOLD,99.92,99.92,99.92,50.0,0.0,1.0,15.0,15.0,2.67,0.0,0,-0.04
ocean,gemini-2.5-flash,O1_conservative,static,flat,123,,gemini-2.5-flash|O1_conservative|static|flat|123|,1,1.0,HOLD,99.92,99.92,99.92,50.0,0.0,1.0,15.0,15.0,2.67,0.0,0,-0.04
ocean,gemini-2.5-flash,O2_aggressive,memory,flat,123,,gemini-2.5-flash|O2_aggressive|memory|flat|123|,1,1.0,HOLD,99.92,99.92,99.92,50.0,0.0,1.0,15.0,15.0,2.67,0.0,0,-0.04
ocean,gemini-2.5-flash,O2_aggressive,static,flat,123,,gemini-2.5-flash|O2_aggressive|static|flat|123|,1,1.0,HOLD,99.92,99.92,99.92,50.0,0.0,1.0,15.0,15.0,2.67,0.0,0,-0.04
ocean,gemini-2.5-flash,O3_aggressive,memory,flat,123,,gemini-2.5-flash|O3_aggressive|memory|flat|123|,1,0.2,BUY,99.92,99.92,99.92,50.0,0.0,1.0,15.0,15.0,2.67,0.0,0,-0.04
ocean,gemini-2.5-flash,O3_aggressive,static,flat,123,,gemini-2.5-flash|O3_aggressive|static|flat|123|,1,0.2,BUY,99.92,99.92,99.92,50.0,0.0,1.0,15.0,15.0,2.67,0.0,0,-0.04
ocean,gemini-2.5-flash,O3_conservative,memory,flat,123,,gemini-2.5-flash|O3_conservative|memory|flat|123|,1,1.0,HOLD,99.92,99.92,99.92,50.0,0.0,1.0,15.0,15.0,2.67,0.0,0,-0.04
ocean,gemini-2.5-flash,O3_conservative,static,flat,123,,gemini-2.5-flash|O3_conservative|static|flat|123|,1,1.0,HOLD,99.92,99.92,99.92,50.0,0.0,1.0,15.0,15.0,2.67,0.0,0,-0.04
ocean,gemini-2.5-flash,O1_conservative,memory,flat,42,,gemini-2.5-flash|O1_conservative|memory|flat|42|,1,1.0,HOLD,99.94,99.94,99.94,50.0,0.0,1.0,15.0,15.0,2.67,0.0,0,-0.17
ocean,gemini-2.5-flash,O1_conservative,static,flat,42,,gemini-2.5-flash|O1_conservative|static|flat|42|,1,1.0,HOLD,99.94,99.94,99.94,50.0,0.0,1.0,15.0,15.0,2.67,0.0,0,-0.17
ocean,gemini-2.5-flash,O2_aggressive,memory,flat,42,,gemini-2.5-flash|O2_aggressive|memory|flat|42|,1,1.0,HOLD,99.94,99.94,99.94,50.0,0.0,1.0,15.0,15.0,2.67,0.0,0,-0.17
ocean,gemini-2.5-flash,O2_aggressive,static,flat,42,,gemini-2.5-flash|O2_aggressive|static|flat|42|,1,1.0,HOLD,99.94,99.94,99.94,50.0,0.0,1.0,15.0,15.0,2.67,0.0,0,-0.17
ocean,gemini-2.5-flash,O3_aggressive,memory,flat,42,,gemini-2.5-flash|O3_aggressive|memory|flat|42|,1,0.2,BUY,99.94,99.94,99.94,50.0,0.0,1.0,15.0,15.0,2.67,0.0,0,-0.17
ocean,gemini-2.5-flash,O3_aggressive,static,flat,42,,gemini-2.5-flash|O3_aggressive|static|flat|42|,1,1.0,HOLD,99.94,99.94,99.94,50.0,0.0,1.0,15.0,15.0,2.67,0.0,0,-0.17
ocean,gemini-2.5-flash,O3_conservative,memory,flat,42,,gemini-2.5-flash|O3_conservative|memory|flat|42|,1,1.0,HOLD,99.94,99.94,99.94,50.0,0.0,1.0,15.0,15.0,2.67,0.0,0,-0.17
ocean,gemini-2.5-flash,O3_conservative,static,flat,42,,gemini-2.5-flash|O3_conservative|static|flat|42|,1,1.0,HOLD,99.94,99.94,99.94,50.0,0.0,1.0,15.0,15.0,2.67,0.0,0,-0.17
ocean,gemini-2.5-flash,O1_conservative,memory,flat,456,,gemini-2.5-flash|O1_conservative|memory|flat|456|,1,1.0,HOLD,100.25,100.25,100.25,50.0,0.0,1.0,15.0,15.0,2.66,0.0,0,-0.39
ocean,gemini-2.5-flash,O1_conservative,static,flat,456,,gemini-2.5-flash|O1_conservative|static|flat|456|,1,1.0,HOLD,100.25,100.25,100.25,50.0,0.0,1.0,15.0,15.0,2.66,0.0,0,-0.39
ocean,gemini-2.5-flash,O2_aggressive,memory,flat,456,,gemini-2.5-flash|O2_aggressive|memory|flat|456|,1,1.0,HOLD,100.25,100.25,100.25,50.0,0.0,1.0,15.0,15.0,2.66,0.0,0,-0.39
ocean,gemini-2.5-flash,O2_aggressive,static,flat,456,,gemini-2.5-flash|O2_aggressive|static|flat|456|,1,1.0,HOLD,100.25,100.25,100.25,50.0,0.0,1.0,15.0,15.0,2.66,0.0,0,-0.39
ocean,gemini-2.5-flash,O3_aggressive,memory,flat,456,,gemini-2.5-flash|O3_aggressive|memory|flat|456|,1,0.2,BUY,100.25,100.25,100.25,50.0,0.0,1.0,15.0,15.0,2.66,0.0,0,-0.39
ocean,gemini-2.5-flash,O3_aggressive,static,flat,456,,gemini-2.5-flash|O3_aggressive|static|flat|456|,1,1.0,HOLD,100.25,100.25,100.25,50.0,0.0,1.0,15.0,15.0,2.66,0.0,0,-0.39
ocean,gemini-2.5-flash,O3_conservative,memory,flat,456,,gemini-2.5-flash|O3_conservative|memory|flat|456|,1,1.0,HOLD,100.25,100.25,100.25,50.0,0.0,1.0,15.0,15.0,2.66,0.0,0,-0.39
ocean,gemini-2.5-flash,O3_conservative,static,flat,456,,gemini-2.5-flash|O3_conservative|static|flat|456|,1,1.0,HOLD,100.25,100.25,100.25,50.0,0.0,1.0,15.0,15.0,2.66,0.0,0,-0.39
ocean,gemini-2.5-flash,O1_conservative,memory,flat,789,,gemini-2.5-flash|O1_conservative|memory|flat|789|,1,1.0,HOLD,100.19,100.19,100.19,50.0,0.0,1.0,15.0,15.0,2.66,0.0,0,0.26
ocean,gemini-2.5-flash,O1_conservative,static,flat,789,,gemini-2.5-flash|O1_conservative|static|flat|789|,1,1.0,HOLD,100.19,100.19,100.19,50.0,0.0,1.0,15.0,15.0,2.66,0.0,0,0.26
ocean,gemini-2.5-flash,O2_aggressive,memory,flat,789,,gemini-2.5-flash|O2_aggressive|memory|flat|789|,1,1.0,HOLD,100.19,100.19,100.19,50.0,0.0,1.0,15.0,15.0,2.66,0.0,0,0.26
ocean,gemini-2.5-flash,O2_aggressive,static,flat,789,,gemini-2.5-flash|O2_aggressive|static|flat|789|,1,1.0,HOLD,100.19,100.19,100.19,50.0,0.0,1.0,15.0,15.0,2.66,0.0,0,0.26
ocean,gemini-2.5-flash,O3_aggressive,memory,flat,789,,gemini-2.5-flash|O3_aggressive|memory|flat|789|,1,0.2,BUY,100.19,100.19,100.19,50.0,0.0,1.0,15.0,15.0,2.66,0.0,0,0.26
ocean,gemini-2.5-flash,O3_aggressive,static,flat,789,,gemini-2.5-flash|O3_aggressive|static|flat|789|,1,0.2,BUY,100.19,100.19,100.19,50.0,0.0,1.0,15.0,15.0,2.66,0.0,0,0.26
ocean,gemini-2.5-flash,O3_conservative,memory,flat,789,,gemini-2.5-flash|O3_conservative|memory|flat|789|,1,1.0,HOLD,100.19,100.19,100.19,50.0,0.0,1.0,15.0,15.0,2.66,0.0,0,0.26
ocean,gemini-2.5-flash,O3_conservative,static,flat,789,,gemini-2.5-flash|O3_conservative|static|flat|789|,1,1.0,HOLD,100.19,100.19,100.19,50.0,0.0,1.0,15.0,15.0,2.66,0.0,0,0.26
ocean,gemini-2.5-flash,O1_conservative,memory,flat,999,,gemini-2.5-flash|O1_conservative|memory|flat|999|,1,1.0,HOLD,100.38,100.38,100.38,50.0,0.0,1.0,15.0,15.1,2.66,0.0,0,0.08
ocean,gemini-2.5-flash,O1_conservative,static,flat,999,,gemini-2.5-flash|O1_conservative|static|flat|999|,1,1.0,HOLD,100.38,100.38,100.38,50.0,0.0,1.0,15.0,15.1,2.66,0.0,0,0.08
ocean,gemini-2.5-flash,O2_aggressive,memory,flat,999,,gemini-2.5-flash|O2_aggressive|memory|flat|999|,1,1.0,HOLD,100.38,100.38,100.38,50.0,0.0,1.0,15.0,15.1,2.66,0.0,0,0.08
ocean,gemini-2.5-flash,O2_aggressive,static,flat,999,,gemini-2.5-flash|O2_aggressive|static|flat|999|,1,1.0,HOLD,100.38,100.38,100.38,50.0,0.0,1.0,15.0,15.1,2.66,0.0,0,0.08
ocean,gemini-2.5-flash,O3_aggressive,memory,flat,999,,gemini-2.5-flash|O3_aggressive|memory|flat|999|,1,0.2,BUY,100.38,100.38,100.38,50.0,0.0,1.0,15.0,15.1,2.66,0.0,0,0.08
ocean,gemini-2.5-flash,O3_aggressive,static,flat,999,,gemini-2.5-flash|O3_aggressive|static|flat|999|,1,0.2,BUY,100.38,100.38,100.38,50.0,0.0,1.0,15.0,15.1,2.66,0.0,0,0.08
ocean,gemini-2.5-flash,O3_conservative,memory,flat,999,,gemini-2.5-flash|O3_conservative|memory|flat|999|,1,1.0,HOLD,100.38,100.38,100.38,50.0,0.0,1.0,15.0,15.1,2.66,0.0,0,0.08
ocean,gemini-2.5-flash,O3_conservative,static,flat,999,,gemini-2.5-flash|O3_conservative|static|flat|999|,1,1.0,HOLD,100.38,100.38,100.38,50.0,0.0,1.0,15.0,15.1,2.66,0.0,0,0.08
ocean,gpt-4o-mini,O1_conservative,memory,bull_trap,123,,gpt-4o-mini|O1_conservative|memory|bull_trap|123|,1,1.0,HOLD,99.72,99.72,99.72,50.0,0.0,1.0,15.0,15.1,2.65,0.0,0,0.33
ocean,gpt-4o-mini,O1_conservative,static,bull_trap,123,,gpt-4o-mini|O1_conservative|static|bull_trap|123|,1,1.0,HOLD,99.72,99.72,99.72,50.0,0.0,1.0,15.0,15.1,2.65,0.0,0,0.33
ocean,gpt-4o-mini,O2_aggressive,memory,bull_trap,123,,gpt-4o-mini|O2_aggressive|memory|bull_trap|123|,1,1.0,HOLD,99.72,99.72,99.72,50.0,0.0,1.0,15.0,15.1,2.65,0.0,0,0.33
ocean,gpt-4o-mini,O2_aggressive,static,bull_trap,123,,gpt-4o-mini|O2_aggressive|static|bull_trap|123|,1,0.5,BUY,99.72,99.72,99.72,50.0,0.0,1.0,15.0,15.1,2.65,0.0,0,0.33
ocean,gpt-4o-mini,O1_conservative,memory,bull_trap,42,,gpt-4o-mini|O1_conservative|memory|bull_trap|42|,1,1.0,HOLD,100.96,100.96,100.96,50.0,0.0,1.0,15.0,15.1,2.66,0.0,0,0.1
ocean,gpt-4o-mini,O1_conservative,static,bull_trap,42,,gpt-4o-mini|O1_conservative|static|bull_trap|42|,1,1.0,HOLD,100.96,100.96,100.96,50.0,0.0,1.0,15.0,15.1,2.66,0.0,0,0.1
ocean,gpt-4o-mini,O2_aggressive,memory,bull_trap,42,,gpt-4o-mini|O2_aggressive|memory|bull_trap|42|,1,0.0,BUY,100.96,100.96,100.96,50.0,0.0,1.0,15.0,15.1,2.66,0.0,0,0.1
ocean,gpt-4o-mini,O2_aggressive,static,bull_trap,42,,gpt-4o-mini|O2_aggressive|static|bull_trap|42|,1,0.5,BUY,100.96,100.96,100.96,50.0,0.0,1.0,15.0,15.1,2.66,0.0,0,0.1
ocean,gpt-4o-mini,O1_conservative,memory,bull_trap,456,,gpt-4o-mini|O1_conservative|memory|bull_trap|456|,1,1.0,HOLD,99.94,99.94,99.94,50.0,0.0,1.0,15.0,15.1,2.65,0.0,0,0.06
ocean,gpt-4o-mini,O1_conservative,static,bull_trap,456,,gpt-4o-mini|O1_conservative|static|bull_trap|456|,1,1.0,HOLD,99.94,99.94,99.94,50.0,0.0,1.0,15.0,15.1,2.65,0.0,0,0.06
ocean,gpt-4o-mini,O2_aggressive,memory,bull_trap,456,,gpt-4o-mini|O2_aggressive|memory|bull_trap|456|,1,0.0,BUY,99.94,99.94,99.94,50.0,0.0,1.0,15.0,15.1,2.65,0.0,0,0.06
ocean,gpt-4o-mini,O2_aggressive,static,bull_trap,456,,gpt-4o-mini|O2_aggressive|static|bull_trap|456|,1,0.5,BUY,99.94,99.94,99.94,50.0,0.0,1.0,15.0,15.1,2.65,0.0,0,0.06
ocean,gpt-4o-mini,O1_conservative,memory,bull_trap,789,,gpt-4o-mini|O1_conservative|memory|bull_trap|789|,1,1.0,HOLD,98.44,98.44,98.44,50.0,0.0,1.0,15.0,14.9,2.68,0.0,0,0.15
ocean,gpt-4o-mini,O1_conservative,static,bull_trap,789,,gpt-4o-mini|O1_conservative|static|bull_trap|789|,1,1.0,HOLD,98.44,98.44,98.44,50.0,0.0,1.0,15.0,14.9,2.68,0.0,0,0.15
ocean,gpt-4o-mini,O2_aggressive,memory,bull_trap,789,,gpt-4o-mini|O2_aggressive|memory|bull_trap|789|,1,0.0,BUY,98.44,98.44,98.44,50.0,0.0,1.0,15.0,14.9,2.68,0.0,0,0.15
ocean,gpt-4o-mini,O2_aggressive,static,bull_trap,789,,gpt-4o-mini|O2_aggressive|static|bull_trap|789|,1,1.0,HOLD,98.44,98.44,98.44,50.0,0.0,1.0,15.0,14.9,2.68,0.0,0,0.15
ocean,gpt-4o-mini,O1_conservative,memory,bull_trap,999,,gpt-4o-mini|O1_conservative|memory|bull_trap|999|,1,1.0,HOLD,97.06,97.06,97.06,50.0,0.0,1.0,15.0,14.5,2.75,0.0,0,-0.01
ocean,gpt-4o-mini,O1_conservative,static,bull_trap,999,,gpt-4o-mini|O1_conservative|static|bull_trap|999|,1,1.0,HOLD,97.06,97.06,97.06,50.0,0.0,1.0,15.0,14.5,2.75,0.0,0,-0.01
ocean,gpt-4o-mini,O2_aggressive,memory,bull_trap,999,,gpt-4o-mini|O2_aggressive|memory|bull_trap|999|,1,1.0,HOLD,97.06,97.06,97.06,50.0,0.0,1.0,15.0,14.5,2.75,0.0,0,-0.01
ocean,gpt-4o-mini,O2_aggressive,static,bull_trap,999,,gpt-4o-mini|O2_aggressive|static|bull_trap|999|,1,1.0,HOLD,97.06,97.06,97.06,50.0,0.0,1.0,15.0,14.5,2.75,0.0,0,-0.01
ocean,gpt-4o-mini,O1_conservative,memory,crash,123,0.92,gpt-4o-mini|O1_conservative|memory|crash|123|0.92,1,1.0,HOLD,92.56,92.56,92.56,50.0,0.0,1.0,15.0,14.0,2.87,0.0,0,0.33
ocean,gpt-4o-mini,O1_conservative,static,crash,123,0.92,gpt-4o-mini|O1_conservative|static|crash|123|0.92,1,1.0,HOLD,92.56,92.56,92.56,50.0,0.0,1.0,15.0,14.0,2.87,0.0,0,0.33
ocean,gpt-4o-mini,O2_aggressive,memory,crash,123,0.92,gpt-4o-mini|O2_aggressive|memory|crash|123|0.92,1,1.0,HOLD,92.56,92.56,92.56,50.0,0.0,1.0,15.0,14.0,2.87,0.0,0,0.33
ocean,gpt-4o-mini,O2_aggressive,static,crash,123,0.92,gpt-4o-mini|O2_aggressive|static|crash|123|0.92,1,0.5,BUY,92.56,92.56,92.56,50.0,0.0,1.0,15.0,14.0,2.87,0.0,0,0.33
ocean,gpt-4o-mini,O1_conservative,memory,crash,42,0.92,gpt-4o-mini|O1_conservative|memory|crash|42|0.92,1,1.0,HOLD,92.77,92.77,92.77,50.0,0.0,1.0,15.0,13.9,2.88,0.0,0,0.1
ocean,gpt-4o-mini,O1_conservative,static,crash,42,0.92,gpt-4o-mini|O1_conservative|static|crash|42|0.92,1,1.0,HOLD,92.77,92.77,92.77,50.0,0.0,1.0,15.0,13.9,2.88,0.0,0,0.1
ocean,gpt-4o-mini,O2_aggressive,memory,crash,42,0.92,gpt-4o-mini|O2_aggressive|memory|crash|42|0.92,1,1.0,HOLD,92.77,92.77,92.77,50.0,0.0,1.0,15.0,13.9,2.88,0.0,0,0.1
ocean,gpt-4o-mini,O2_aggressive,static,crash,42,0.92,gpt-4o-mini|O2_aggressive|static|crash|42|0.92,1,1.0,HOLD,92.77,92.77,92.77,50.0,0.0,1.0,15.0,13.9,2.88,0.0,0,0.1
ocean,gpt-4o-mini,O1_conservative,memory,crash,456,0.92,gpt-4o-mini|O1_conservative|memory|crash|456|0.92,1,1.0,HOLD,92.46,92.46,92.46,50.0,0.0,1.0,15.0,13.9,2.87,0.0,0,0.06
ocean,gpt-4o-mini,O1_conservative,static,crash,456,0.92,gpt-4o-mini|O1_conservative|static|crash|456|0.92,1,1.0,HOLD,92.46,92.46,92.46,50.0,0.0,1.0,15.0,13.9,2.87,0.0,0,0.06
ocean,gpt-4o-mini,O2_aggressive,memory,crash,456,0.92,gpt-4o-mini|O2_aggressive|memory|crash|456|0.92,1,0.0,BUY,92.46,92.46,92.46,50.0,0.0,1.0,15.0,13.9,2.87,0.0,0,0.06
ocean,gpt-4o-mini,O2_aggressive,static,crash,456,0.92,gpt-4o-mini|O2_aggressive|static|crash|456|0.92,1,0.5,BUY,92.46,92.46,92.46,50.0,0.0,1.0,15.0,13.9,2.87,0.0,0,0.06
ocean,gpt-4o-mini,O1_conservative,memory,crash,789,0.92,gpt-4o-mini|O1_conservative|memory|crash|789|0.92,1,1.0,HOLD,90.66,90.66,90.66,50.0,0.0,1.0,15.0,13.7,2.93,0.0,0,0.15
ocean,gpt-4o-mini,O1_conservative,static,crash,789,0.92,gpt-4o-mini|O1_conservative|static|crash|789|0.92,1,1.0,HOLD,90.66,90.66,90.66,50.0,0.0,1.0,15.0,13.7,2.93,0.0,0,0.15
ocean,gpt-4o-mini,O2_aggressive,memory,crash,789,0.92,gpt-4o-mini|O2_aggressive|memory|crash|789|0.92,1,0.0,BUY,90.66,90.66,90.66,50.0,0.0,1.0,15.0,13.7,2.93,0.0,0,0.15
ocean,gpt-4o-mini,O2_aggressive,static,crash,789,0.92,gpt-4o-mini|O2_aggressive|static|crash|789|0.92,1,0.5,BUY,90.66,90.66,90.66,50.0,0.0,1.0,15.0,13.7,2.93,0.0,0,0.15
ocean,gpt-4o-mini,O1_conservative,memory,crash,999,0.92,gpt-4o-mini|O1_conservative|memory|crash|999|0.92,1,1.0,HOLD,87.3,87.3,87.3,50.0,0.0,1.0,15.0,13.1,3.06,0.0,0,-0.01
ocean,gpt-4o-mini,O1_conservative,static,crash,999,0.92,gpt-4o-mini|O1_conservative|static|crash|999|0.92,1,1.0,HOLD,87.3,87.3,87.3,50.0,0.0,1.0,15.0,13.1,3.06,0.0,0,-0.01
ocean,gpt-4o-mini,O2_aggressive,memory,crash,999,0.92,gpt-4o-mini|O2_aggressive|memory|crash|999|0.92,1,1.0,HOLD,87.3,87.3,87.3,50.0,0.0,1.0,15.0,13.1,3.06,0.0,0,-0.01
ocean,gpt-4o-mini,O2_aggressive,static,crash,999,0.92,gpt-4o-mini|O2_aggressive|static|crash|999|0.92,1,1.0,HOLD,87.3,87.3,87.3,50.0,0.0,1.0,15.0,13.1,3.06,0.0,0,-0.01
ocean,gpt-4o-mini,O1_conservative,memory,flat,123,,gpt-4o-mini|O1_conservative|memory|flat|123|,1,1.0,HOLD,99.92,99.92,99.92,50.0,0.0,1.0,15.0,15.0,2.67,0.0,0,-0.04
ocean,gpt-4o-mini,O1_conservative,static,flat,123,,gpt-4o-mini|O1_conservative|static|flat|123|,1,1.0,HOLD,99.92,99.92,99.92,50.0,0.0,1.0,15.0,15.0,2.67,0.0,0,-0.04
ocean,gpt-4o-mini,O2_aggressive,memory,flat,123,,gpt-4o-mini|O2_aggressive|memory|flat|123|,1,1.0,HOLD,99.92,99.92,99.92,50.0,0.0,1.0,15.0,15.0,2.67,0.0,0,-0.04
ocean,gpt-4o-mini,O2_aggressive,static,flat,123,,gpt-4o-mini|O2_aggressive|static|flat|123|,1,1.0,HOLD,99.92,99.92,99.92,50.0,0.0,1.0,15.0,15.0,2.67,0.0,0,-0.04
ocean,gpt-4o-mini,O3_aggressive,memory,flat,123,,gpt-4o-mini|O3_aggressive|memory|flat|123|,1,1.0,HOLD,99.92,99.92,99.92,50.0,0.0,1.0,15.0,15.0,2.67,0.0,0,-0.04
ocean,gpt-4o-mini,O3_aggressive,static,flat,123,,gpt-4o-mini|O3_aggressive|static|flat|123|,1,0.8,BUY,99.92,99.92,99.92,50.0,0.0,1.0,15.0,15.0,2.67,0.0,0,-0.04
ocean,gpt-4o-mini,O3_conservative,memory,flat,123,,gpt-4o-mini|O3_conservative|memory|flat|123|,1,1.0,HOLD,99.92,99.92,99.92,50.0,0.0,1.0,15.0,15.0,2.67,0.0,0,-0.04
ocean,gpt-4o-mini,O3_conservative,static,flat,123,,gpt-4o-mini|O3_conservative|static|flat|123|,1,1.0,HOLD,99.92,99.92,99.92,50.0,0.0,1.0,15.0,15.0,2.67,0.0,0,-0.04
ocean,gpt-4o-mini,O1_conservative,memory,flat,42,,gpt-4o-mini|O1_conservative|memory|flat|42|,1,1.0,HOLD,99.94,99.94,99.94,50.0,0.0,1.0,15.0,15.0,2.67,0.0,0,-0.17
ocean,gpt-4o-mini,O1_conservative,static,flat,42,,gpt-4o-mini|O1_conservative|static|flat|42|,1,1.0,HOLD,99.94,99.94,99.94,50.0,0.0,1.0,15.0,15.0,2.67,0.0,0,-0.17
ocean,gpt-4o-mini,O2_aggressive,memory,flat,42,,gpt-4o-mini|O2_aggressive|memory|flat|42|,1,1.0,HOLD,99.94,99.94,99.94,50.0,0.0,1.0,15.0,15.0,2.67,0.0,0,-0.17
ocean,gpt-4o-mini,O2_aggressive,static,flat,42,,gpt-4o-mini|O2_aggressive|static|flat|42|,1,1.0,HOLD,99.94,99.94,99.94,50.0,0.0,1.0,15.0,15.0,2.67,0.0,0,-0.17
ocean,gpt-4o-mini,O3_aggressive,memory,flat,42,,gpt-4o-mini|O3_aggressive|memory|flat|42|,1,1.0,HOLD,99.94,99.94,99.94,50.0,0.0,1.0,15.0,15.0,2.67,0.0,0,-0.17
ocean,gpt-4o-mini,O3_aggressive,static,flat,42,,gpt-4o-mini|O3_aggressive|static|flat|42|,1,0.8,BUY,99.94,99.94,99.94,50.0,0.0,1.0,15.0,15.0,2.67,0.0,0,-0.17
ocean,gpt-4o-mini,O3_conservative,memory,flat,42,,gpt-4o-mini|O3_conservative|memory|flat|42|,1,1.0,HOLD,99.94,99.94,99.94,50.0,0.0,1.0,15.0,15.0,2.67,0.0,0,-0.17
ocean,gpt-4o-mini,O3_conservative,static,flat,42,,gpt-4o-mini|O3_conservative|static|flat|42|,1,1.0,HOLD,99.94,99.94,99.94,50.0,0.0,1.0,15.0,15.0,2.67,0.0,0,-0.17
ocean,gpt-4o-mini,O1_conservative,memory,flat,456,,gpt-4o-mini|O1_conservative|memory|flat|456|,1,1.0,HOLD,100.25,100.25,100.25,50.0,0.0,1.0,15.0,15.0,2.66,0.0,0,-0.39
ocean,gpt-4o-mini,O1_conservative,static,flat,456,,gpt-4o-mini|O1_conservative|static|flat|456|,1,1.0,HOLD,100.25,100.25,100.25,50.0,0.0,1.0,15.0,15.0,2.66,0.0,0,-0.39
ocean,gpt-4o-mini,O2_aggressive,memory,flat,456,,gpt-4o-mini|O2_aggressive|memory|flat|456|,1,1.0,HOLD,100.25,100.25,100.25,50.0,0.0,1.0,15.0,15.0,2.66,0.0,0,-0.39
ocean,gpt-4o-mini,O2_aggressive,static,flat,456,,gpt-4o-mini|O2_aggressive|static|flat|456|,1,1.0,HOLD,100.25,100.25,100.25,50.0,0.0,1.0,15.0,15.0,2.66,0.0,0,-0.39
ocean,gpt-4o-mini,O3_aggressive,memory,flat,456,,gpt-4o-mini|O3_aggressive|memory|flat|456|,1,1.0,HOLD,100.25,100.25,100.25,50.0,0.0,1.0,15.0,15.0,2.66,0.0,0,-0.39
ocean,gpt-4o-mini,O3_aggressive,static,flat,456,,gpt-4o-mini|O3_aggressive|static|flat|456|,1,0.8,BUY,100.25,100.25,100.25,50.0,0.0,1.0,15.0,15.0,2.66,0.0,0,-0.39
ocean,gpt-4o-mini,O3_conservative,memory,flat,456,,gpt-4o-mini|O3_conservative|memory|flat|456|,1,1.0,HOLD,100.25,100.25,100.25,50.0,0.0,1.0,15.0,15.0,2.66,0.0,0,-0.39
ocean,gpt-4o-mini,O3_conservative,static,flat,456,,gpt-4o-mini|O3_conservative|static|flat|456|,1,1.0,HOLD,100.25,100.25,100.25,50.0,0.0,1.0,15.0,15.0,2.66,0.0,0,-0.39
ocean,gpt-4o-mini,O1_conservative,memory,flat,789,,gpt-4o-mini|O1_conservative|memory|flat|789|,1,1.0,HOLD,100.19,100.19,100.19,50.0,0.0,1.0,15.0,15.0,2.66,0.0,0,0.26
ocean,gpt-4o-mini,O1_conservative,static,flat,789,,gpt-4o-mini|O1_conservative|static|flat|789|,1,1.0,HOLD,100.19,100.19,100.19,50.0,0.0,1.0,15.0,15.0,2.66,0.0,0,0.26
ocean,gpt-4o-mini,O2_aggressive,memory,flat,789,,gpt-4o-mini|O2_aggressive|memory|flat|789|,1,0.0,BUY,100.19,100.19,100.19,50.0,0.0,1.0,15.0,15.0,2.66,0.0,0,0.26
ocean,gpt-4o-mini,O2_aggressive,static,flat,789,,gpt-4o-mini|O2_aggressive|static|flat|789|,1,0.5,BUY,100.19,100.19,100.19,50.0,0.0,1.0,15.0,15.0,2.66,0.0,0,0.26
ocean,gpt-4o-mini,O3_aggressive,memory,flat,789,,gpt-4o-mini|O3_aggressive|memory|flat|789|,1,0.2,BUY,100.19,100.19,100.19,50.0,0.0,1.0,15.0,15.0,2.66,0.0,0,0.26
ocean,gpt-4o-mini,O3_aggressive,static,flat,789,,gpt-4o-mini|O3_aggressive|static|flat|789|,1,0.8,BUY,100.19,100.19,100.19,50.0,0.0,1.0,15.0,15.0,2.66,0.0,0,0.26
ocean,gpt-4o-mini,O3_conservative,memory,flat,789,,gpt-4o-mini|O3_conservative|memory|flat|789|,1,1.0,HOLD,100.19,100.19,100.19,50.0,0.0,1.0,15.0,15.0,2.66,0.0,0,0.26
ocean,gpt-4o-mini,O3_conservative,static,flat,789,,gpt-4o-mini|O3_conservative|static|flat|789|,1,1.0,HOLD,100.19,100.19,100.19,50.0,0.0,1.0,15.0,15.0,2.66,0.0,0,0.26
ocean,gpt-4o-mini,O1_conservative,memory,flat,999,,gpt-4o-mini|O1_conservative|memory|flat|999|,1,1.0,HOLD,100.38,100.38,100.38,50.0,0.0,1.0,15.0,15.1,2.66,0.0,0,0.08
ocean,gpt-4o-mini,O1_conservative,static,flat,999,,gpt-4o-mini|O1_conservative|static|flat|999|,1,1.0,HOLD,100.38,100.38,100.38,50.0,0.0,1.0,15.0,15.1,2.66,0.0,0,0.08
ocean,gpt-4o-mini,O2_aggressive,memory,flat,999,,gpt-4o-mini|O2_aggressive|memory|flat|999|,1,1.0,HOLD,100.38,100.38,100.38,50.0,0.0,1.0,15.0,15.1,2.66,0.0,0,0.08
ocean,gpt-4o-mini,O2_aggressive,static,flat,999,,gpt-4o-mini|O2_aggressive|static|flat|999|,1,0.5,BUY,100.38,100.38,100.38,50.0,0.0,1.0,15.0,15.1,2.66,0.0,0,0.08
ocean,gpt-4o-mini,O3_aggressive,memory,flat,999,,gpt-4o-mini|O3_aggressive|memory|flat|999|,1,0.2,BUY,100.38,100.38,100.38,50.0,0.0,1.0,15.0,15.1,2.66,0.0,0,0.08
ocean,gpt-4o-mini,O3_aggressive,static,flat,999,,gpt-4o-mini|O3_aggressive|static|flat|999|,1,0.8,BUY,100.38,100.38,100.38,50.0,0.0,1.0,15.0,15.1,2.66,0.0,0,0.08
ocean,gpt-4o-mini,O3_conservative,memory,flat,999,,gpt-4o-mini|O3_conservative|memory|flat|999|,1,1.0,HOLD,100.38,100.38,100.38,50.0,0.0,1.0,15.0,15.1,2.66,0.0,0,0.08
ocean,gpt-4o-mini,O3_conservative,static,flat,999,,gpt-4o-mini|O3_conservative|static|flat|999|,1,1.0,HOLD,100.38,100.38,100.38,50.0,0.0,1.0,15.0,15.1,2.66,0.0,0,0.08
