Date,Model,MBTI,Agent_Type,Scenario,Seed,Crash_Discount,Phase,Price,Fundamental_Value,Portfolio_Value,Cash,Holdings_Qty,Action,Quantity_Percent,Rationale,SMA20,SMA60,RSI14,MACD,Volume,Volume_Ratio,Implied_Volatility,Reported_PE,Dividend_Yield,Trend_Strength,Trend_Regime,Sentiment,Sentiment_MA5,Sentiment_Change
Day-1,google/gemma-3-27b-it,ENTJ,memory,flat,123,0.92,flat,99.7,100.0,10000.0,10000.0,0.0,HOLD,0.0,"The trend is flat, indicated by the SMA20 and SMA60 being equal. RSI is neutral at 50. No clear momentum signal exists to justify a buy or sell at this time; maintaining current position is the logical course.",99.7,99.7,50.0,0.0,1350690,1.0,15.0,15.0,2.67,0.0,0,0.28,0.28,0.0
Day-2,google/gemma-3-27b-it,ENTJ,memory,flat,123,0.92,flat,97.46,97.8815010353334,10000.0,10000.0,0.0,HOLD,0.0,"The 20/60 SMA are flat, indicating no clear trend. RSI is neutral at 50. There is no momentum to capitalize on, therefore, a hold is the logical course of action until a definitive trend emerges.",98.58,98.58,50.0,-0.1789,1481121,1.05,10.5,14.9,2.68,0.0,0,0.22,0.25,-0.03
Day-3,google/gemma-3-27b-it,ENTJ,memory,flat,123,0.92,flat,99.74,99.88349760336308,10000.0,10000.0,0.0,HOLD,0.0,"The 20 and 60-day SMAs are flat, indicating no clear trend. RSI is neutral at 50. Without a defined momentum signal, holding is the logical course of action until a clear trend emerges.",98.96,98.96,50.0,-0.135,1294452,0.94,7.9,15.0,2.67,0.0,0,-0.04,0.16,-0.2
Day-4,google/gemma-3-27b-it,ENTJ,memory,flat,123,0.92,flat,101.0,100.48053757897392,10000.0,10000.0,0.0,HOLD,0.0,"The SMA20 and SMA60 are flat, indicating no clear trend. RSI is neutral at 50. While negative news sentiment exists, it's not strong enough to trigger a sell without a defined downtrend. Maintaining current position.",99.47,99.47,50.0,0.0014,1435268,1.03,14.6,15.1,2.65,0.0,0,-0.16,0.08,-0.23
Day-5,google/gemma-3-27b-it,ENTJ,memory,flat,123,0.92,flat,97.28,97.52786758374806,10000.0,10000.0,0.0,HOLD,0.0,"The trend is flat, indicated by the SMA20 and SMA60 being equal. RSI is neutral at 50. There is no clear momentum signal to initiate a trade at this time.",99.03,99.03,50.0,-0.1885,1496213,1.06,14.3,15.0,2.67,0.0,0,-0.19,0.03,-0.21
Day-6,google/gemma-3-27b-it,ENTJ,memory,flat,123,0.92,flat,96.63,96.43470560708546,10000.0,10000.0,0.0,HOLD,0.0,"The 20 and 60-day SMAs are flat, indicating no clear trend. RSI is neutral at 50. Without a defined momentum signal, holding is the logical course of action to avoid premature entry.",98.63,98.63,50.0,-0.3867,1338130,0.96,10.8,15.0,2.66,0.0,0,-0.23,-0.08,-0.16
Day-7,google/gemma-3-27b-it,ENTJ,memory,flat,123,0.92,flat,99.45,99.70291200746529,10000.0,10000.0,0.0,HOLD,0.0,"The 20/60 SMA is flat, indicating no clear trend. RSI is neutral at 50. While negative news sentiment exists, it's not strong enough to override the lack of momentum. Awaiting a decisive break to initiate a trade.",98.75,98.75,50.0,-0.3129,1342389,0.96,13.5,15.0,2.67,0.0,0,-0.18,-0.16,-0.02
Day-8,google/gemma-3-27b-it,ENTJ,memory,flat,123,0.92,flat,95.18,95.00801907663842,10000.0,10000.0,0.0,HOLD,0.0,"The 20/60 SMA is flat, indicating no clear trend. RSI is neutral at 50. While news sentiment is slightly negative, it's not strong enough to override the lack of momentum. Maintaining current position.",98.3,98.3,50.0,-0.5918,1090514,0.81,15.1,15.0,2.66,0.0,0,-0.04,-0.16,0.12
Day-9,google/gemma-3-27b-it,ENTJ,memory,flat,123,0.92,flat,94.45,94.22476515774873,10000.0,10000.0,0.0,HOLD,0.0,"The 20/60 SMA are flat, indicating no clear trend. RSI is neutral at 50. Negative news sentiment slightly offsets any potential bullish signals, requiring further observation before committing capital.",97.88,97.88,50.0,-0.8619,1231535,0.92,12.8,15.0,2.66,0.0,0,-0.37,-0.2,-0.16
Day-10,google/gemma-3-27b-it,ENTJ,memory,flat,123,0.92,flat,97.04,96.66987002646168,10000.0,10000.0,0.0,HOLD,0.0,"The 20 and 60-day SMAs are flat, indicating no clear trend. RSI is neutral at 50. A decisive move is needed before committing capital; current data doesn't support a momentum-based trade.",97.79,97.79,50.0,-0.8571,1368915,1.02,11.3,15.1,2.66,0.0,0,0.13,-0.14,0.27
Day-11,google/gemma-3-27b-it,ENTJ,memory,flat,123,0.92,flat,95.46,95.03706409898669,10000.0,10000.0,0.0,HOLD,0.0,"The SMA20 and SMA60 are flat, indicating a lack of clear momentum. RSI is neutral at 50. While news sentiment is slightly negative, it's not strong enough to trigger a sell given the absence of a defined trend.",97.58,97.58,50.0,-0.9695,1171289,0.88,8.9,15.1,2.65,0.0,0,-0.03,-0.1,0.06
Day-12,google/gemma-3-27b-it,ENTJ,memory,flat,123,0.92,flat,94.42,93.7835287479185,10000.0,10000.0,0.0,HOLD,0.0,"The 20 and 60-day SMAs are flat, indicating no clear trend. RSI is neutral at 50. Without a defined momentum signal, initiating a position is premature.",97.32,97.32,50.0,-1.1295,1058416,0.81,14.6,15.1,2.65,0.0,0,-0.25,-0.11,-0.14
Day-13,google/gemma-3-27b-it,ENTJ,memory,flat,123,0.92,flat,93.38,93.63414008812185,10000.0,10000.0,0.0,HOLD,0.0,"The 20 and 60-day SMAs are flat, indicating no clear trend. RSI is neutral at 50. While negative news sentiment exists, it's not strong enough to trigger a sell without a defined downtrend. Maintaining current position.",97.01,97.01,50.0,-1.3252,1010461,0.79,14.4,15.0,2.67,0.0,0,-0.19,-0.14,-0.05
Day-14,google/gemma-3-27b-it,ENTJ,memory,flat,123,0.92,flat,96.44,96.49805512860591,10000.0,10000.0,0.0,HOLD,0.0,"The 20 and 60-day SMAs are flat, indicating no clear trend. RSI is neutral, and news sentiment is slightly positive but not strong enough to initiate a position. Maintaining current position and awaiting a decisive breakout.",96.97,96.97,44.0,-1.2192,1334364,1.04,11.8,15.0,2.67,0.0,0,0.25,-0.02,0.27
Day-15,google/gemma-3-27b-it,ENTJ,memory,flat,123,0.92,flat,94.73,95.30142983858521,10000.0,10000.0,0.0,HOLD,0.0,"The SMA20 and SMA60 are flat, indicating a lack of clear momentum. RSI is neutral, and volume is below average. No clear signal to initiate a trade at this time.",96.82,96.82,41.4,-1.2588,1016637,0.8,14.6,14.9,2.68,0.0,0,0.27,0.01,0.26
Day-16,google/gemma-3-27b-it,ENTJ,memory,flat,123,0.92,flat,94.35,94.48727552529462,10000.0,10000.0,0.0,HOLD,0.0,"The SMA20 and SMA60 are flat, indicating a lack of clear momentum. RSI is neutral, and while news sentiment is positive, it's not strong enough to initiate a trade. We await a definitive break to establish a position.",96.67,96.67,44.3,-1.3057,1244125,0.98,17.6,15.0,2.67,0.0,0,0.72,0.16,0.56
Day-17,google/gemma-3-27b-it,ENTJ,memory,flat,123,0.92,flat,93.71,93.6981222849419,10000.0,10000.0,0.0,HOLD,0.0,"The 20 and 60-day SMAs are flat, indicating no clear trend. RSI is neutral, and while volume is slightly elevated, it doesn't signal strong momentum. Awaiting a definitive breakout to initiate a position.",96.49,96.49,38.2,-1.3784,1441354,1.13,17.0,15.0,2.67,0.0,0,0.17,0.24,-0.07
Day-18,google/gemma-3-27b-it,ENTJ,memory,flat,123,0.92,flat,97.78,97.95387954908705,10000.0,10000.0,0.0,HOLD,0.0,"The 20 and 60-day SMAs are flat, indicating no clear trend. RSI is neutral, and news sentiment is slightly negative, but not enough to trigger a sell. Maintaining current position and awaiting a definitive momentum shift.",96.57,96.57,44.3,-1.0949,1411997,1.1,12.6,15.0,2.67,0.0,0,-0.2,0.24,-0.44
Day-19,google/gemma-3-27b-it,ENTJ,memory,flat,123,0.92,flat,102.17,102.36373227102484,10000.0,10000.0,0.0,HOLD,0.0,"The SMA20 and SMA60 are flat, indicating no clear trend. RSI is neutral. Without a defined momentum signal, initiating a position is premature; we await a clear directional shift.",96.86,96.86,58.5,-0.51,1359690,1.06,11.3,15.0,2.67,0.0,0,-0.22,0.15,-0.36
Day-20,google/gemma-3-27b-it,ENTJ,memory,flat,123,0.92,flat,104.77,104.47142100405327,10000.0,10000.0,0.0,HOLD,0.0,"The SMA20 and SMA60 are flat, indicating no clear trend. RSI is neutral. While news sentiment is slightly positive, it's insufficient to initiate a position given the lack of momentum.",97.26,97.26,63.2,0.1613,1429875,1.1,8.8,15.0,2.66,0.0,0,0.12,0.12,-0.0
Day-21,google/gemma-3-27b-it,ENTJ,memory,flat,123,0.92,flat,105.66,105.31304322681618,10000.0,10000.0,0.0,HOLD,0.0,"The 20 and 60-day SMAs are flat, indicating a lack of clear momentum. While the RSI is neutral, the news sentiment is slightly positive but not strong enough to initiate a buy. Maintaining current position and awaiting a definitive trend.",97.56,97.66,60.7,0.7563,1374217,1.06,11.5,15.0,2.66,-0.1,0,0.24,0.02,0.22
Day-22,google/gemma-3-27b-it,ENTJ,memory,flat,123,0.92,flat,107.05,106.90971040929,10000.0,10000.0,0.0,HOLD,0.0,"The SMA indicators are flat, indicating a lack of clear momentum. While the RSI is high, it doesn't definitively signal an immediate reversal, and the volume ratio is below 1.0. Maintaining a neutral position is the logical course of action.",98.03,98.08,72.7,1.3243,1009083,0.79,10.2,15.0,2.66,-0.05,0,0.42,0.07,0.35
Day-23,google/gemma-3-27b-it,ENTJ,memory,flat,123,0.92,flat,109.73,110.17822598479066,10000.0,10000.0,0.0,HOLD,0.0,"The SMA indicators are flat, suggesting a lack of strong momentum. While the RSI is high, indicating overbought conditions, the negative news sentiment and volume ratio below 1 suggest caution. Maintaining current position until a clear trend emerges.",98.53,98.59,77.2,1.9682,1235610,0.97,10.6,14.9,2.68,-0.06,0,-0.26,0.06,-0.32
Day-24,google/gemma-3-27b-it,ENTJ,memory,flat,123,0.92,flat,108.27,108.16767976117522,10000.0,10000.0,0.0,HOLD,0.0,"The trend is flat (SMA20/60 are equal). RSI is high, suggesting potential overbought conditions, but without a clear upward trend, initiating a position is premature. Maintaining current position and awaiting a decisive break.",98.9,98.99,70.9,2.3341,1007339,0.81,15.5,15.0,2.66,-0.1,0,0.03,0.11,-0.08
Day-25,google/gemma-3-27b-it,ENTJ,memory,flat,123,0.92,flat,110.62,110.7747870123578,10000.0,10000.0,0.0,HOLD,0.0,"The SMA indicators are flat, indicating a lack of clear momentum. While the RSI is high, suggesting potential overbought conditions, the negative news sentiment and neutral volume ratio prevent a decisive buy signal. Maintaining current position pending further clarity.",99.57,99.46,77.4,2.7812,1277534,1.03,12.3,15.0,2.67,0.11,0,-0.35,0.02,-0.37
Day-26,google/gemma-3-27b-it,ENTJ,memory,flat,123,0.92,flat,108.46,108.06377704481187,10000.0,1000.0,82.97990042411949,BUY,0.9,"The 20/60 SMA indicates a stable trend, and while the RSI is high, it doesn't signal immediate reversal. Momentum is key, and a buy position aligns with the growth mandate.",100.16,99.81,74.4,2.9281,1118085,0.91,9.1,15.1,2.66,0.35,0,0.11,-0.01,0.12
Day-27,google/gemma-3-27b-it,ENTJ,memory,flat,123,0.92,flat,106.28,106.72618661043714,9819.10381707542,1000.0,82.97990042411949,HOLD,0.0,"The SMA indicators are neutral, suggesting a lack of strong momentum. While the RSI is high, indicating potential overbought conditions, the negative news sentiment and moderate implied volatility don't yet signal a clear trend reversal. Maintaining current position until a definitive signal emerges.",100.5,100.04,71.5,2.8352,1220553,1.0,7.5,14.9,2.68,0.45,0,-0.3,-0.15,-0.15
Day-28,google/gemma-3-27b-it,ENTJ,memory,flat,123,0.92,flat,108.52,108.71270350725273,10004.978794025446,1000.0,82.97990042411949,HOLD,0.0,"The RSI is high at 70.7, indicating potential overbought conditions, but the 20/60 SMA suggests a stable trend. While a pullback is possible, the overall momentum isn't broken, so holding is the most logical course of action for now. We will reassess if the trend weakens.",101.17,100.35,70.7,2.9095,1102009,0.9,10.1,15.0,2.67,0.81,0,0.44,-0.01,0.45
Day-29,google/gemma-3-27b-it,ENTJ,memory,flat,123,0.92,flat,105.44,105.68204816927607,9749.40070071916,1000.0,82.97990042411949,HOLD,0.0,"The 20/60 SMA indicates a neutral trend, and while RSI is approaching overbought territory, it hasn't crossed the threshold. News sentiment is slightly negative, but momentum is the primary driver, and currently, there isn't a clear signal to initiate a trade. Maintaining current position.",101.71,100.52,67.6,2.6886,1409630,1.15,12.4,15.0,2.67,1.19,0,-0.23,-0.07,-0.17
Day-30,google/gemma-3-27b-it,ENTJ,memory,flat,123,0.92,flat,105.21,105.41802814317643,9730.315323621611,1000.0,82.97990042411949,HOLD,0.0,"The 20 and 60-day SMAs are nearly aligned, indicating a potential continuation of the current trend. While the RSI is approaching overbought territory, the positive news sentiment and moderate volume suggest continued upward momentum. Maintaining current position.",102.12,100.68,67.9,2.4662,1092160,0.9,13.6,15.0,2.67,1.43,0,0.18,0.04,0.14
Day-31,google/gemma-3-27b-it,ENTJ,memory,flat,123,0.92,flat,104.13,103.64779535513384,9640.697031163563,250.0,90.18243571654243,BUY,0.75,"The 20/60 SMA indicates an upward trend, and the RSI is healthy, suggesting continued momentum. Despite neutral news sentiment, the overall technical picture supports a buy decision to capitalize on potential growth.",102.56,100.79,66.9,2.1777,1163183,0.96,15.0,15.1,2.65,1.75,0,0.05,0.03,0.02
Day-32,google/gemma-3-27b-it,ENTJ,memory,flat,123,0.92,flat,101.97,103.15020028008615,9445.902970015832,200.0,90.67277601270797,BUY,0.2,"The 20-day SMA is above the 60-day SMA, indicating an upward trend. Despite neutral news sentiment, the RSI is healthy and supports continued momentum. I will allocate 20% of available cash to capitalize on this opportunity.",102.93,100.83,57.2,1.7549,1007587,0.83,15.0,14.8,2.7,2.09,1,0.01,0.09,-0.07
Day-33,google/gemma-3-27b-it,ENTJ,memory,flat,123,0.92,flat,97.48,97.5645684220234,9038.782205718773,160.0,91.0831165953916,BUY,0.2,"The 20-day SMA is above the 60-day SMA, indicating an upward trend. Despite negative news sentiment, the momentum is positive, aligning with my growth mandate. I will initiate a partial buy to capitalize on this trend.",103.14,100.73,41.9,1.0451,1154791,0.95,12.7,15.0,2.67,2.4,1,-0.54,-0.11,-0.43
Day-34,google/gemma-3-27b-it,ENTJ,memory,flat,123,0.92,flat,94.59,94.19656697868261,8775.551998758092,96.0,91.75972088760008,BUY,0.4,"The 20-day SMA is above the 60-day SMA, indicating an upward trend. Despite negative news sentiment, the momentum is positive, aligning with my growth mandate. I will initiate a partial buy to capitalize on this trend.",103.05,100.55,32.6,0.2465,1013117,0.84,13.8,15.1,2.66,2.49,1,-0.03,-0.07,0.04
Day-35,google/gemma-3-27b-it,ENTJ,memory,flat,123,0.92,flat,93.29,92.91510179193352,8656.264361604211,86.4,91.86262580774158,BUY,0.1,"The 20-day SMA is above the 60-day SMA, indicating an upward trend. Despite negative news sentiment and a low RSI, the primary mandate is to chase momentum, and the trend suggests a buying opportunity. I will allocate 10% of available cash.",102.97,100.34,29.2,-0.4852,1224993,1.01,11.5,15.1,2.66,2.63,1,-0.29,-0.16,-0.13
Day-36,google/gemma-3-27b-it,ENTJ,memory,flat,123,0.92,flat,94.44,94.6830919444835,8761.906381283115,6.911999999999992,92.70430306314184,BUY,0.92,"The 20-day SMA is above the 60-day SMA, indicating an upward trend. Despite negative news sentiment and a low volume ratio, the RSI suggests the stock is currently undervalued, presenting a buying opportunity to capitalize on the momentum.",102.98,100.17,28.6,-0.9614,1013479,0.84,13.3,15.0,2.67,2.8,1,-0.18,-0.2,0.03
Day-37,google/gemma-3-27b-it,ENTJ,memory,flat,123,0.92,flat,94.08,94.3831656474176,8728.532832180383,1.8662399999999977,92.75793571620306,BUY,0.73,"The 20-day SMA is above the 60-day SMA, indicating an upward trend. Despite the RSI being oversold, the momentum signal is positive, aligning with my growth mandate. I will allocate a significant portion of available cash to capitalize on this potential upward movement.",103.0,100.01,21.2,-1.3519,1194083,1.0,13.2,15.0,2.68,2.99,1,0.15,-0.18,0.32
Day-38,google/gemma-3-27b-it,ENTJ,memory,flat,123,0.92,flat,94.52,94.41685874062537,8769.346323895514,1.679615999999998,92.75991015547518,BUY,0.1,"The 20-day SMA is above the 60-day SMA, indicating an upward trend. Despite the RSI being low, the positive trend and news sentiment suggest a buying opportunity to capitalize on potential momentum.",102.83,99.87,23.7,-1.6073,1303270,1.1,9.3,15.0,2.66,2.97,1,0.82,0.09,0.72
Day-39,google/gemma-3-27b-it,ENTJ,memory,flat,123,0.92,flat,95.82,95.75416250783987,8889.93420709763,1.2597119999999986,92.76429237213141,BUY,0.25,"The 20-day SMA is above the 60-day SMA, indicating an upward trend. Despite the RSI being oversold, the overall momentum suggests a buying opportunity to capitalize on potential gains. I am initiating a partial position.",102.52,99.76,20.5,-1.6858,1455009,1.22,13.0,15.0,2.66,2.76,1,0.57,0.21,0.36
Day-40,google/gemma-3-27b-it,ENTJ,memory,flat,123,0.92,flat,94.14,94.11273506942901,8734.09019591245,1.1337407999999987,92.76563049832643,BUY,0.1,"The 20/60 SMA crossover indicates an upward trend (1). Despite the low RSI, the momentum signal is clear, and my mandate prioritizes growth through trend following. I will initiate a small position to capitalize on this potential upswing.",101.98,99.62,20.9,-1.8618,1276830,1.08,13.1,15.0,2.67,2.37,1,0.15,0.3,-0.15
Day-41,google/gemma-3-27b-it,ENTJ,memory,flat,123,0.92,flat,93.38,94.67650966272807,8663.588316733723,0.850305599999999,92.76866578639668,BUY,0.25,"The RSI is deeply oversold at 22.2, indicating a potential reversal. While the SMA trend is neutral, the low RSI suggests a buying opportunity to capitalize on a potential upward momentum shift. This aligns with my mandate to chase growth.",101.37,99.47,22.2,-2.0393,1257545,1.07,10.2,14.8,2.7,1.91,0,0.12,0.36,-0.24
Day-42,google/gemma-3-27b-it,ENTJ,memory,flat,123,0.92,flat,92.85,93.19169320682691,8614.420923866932,0.04251527999999993,92.7773657359928,BUY,0.95,"The SMA indicators show a stable trend, despite the low RSI suggesting a potential undervaluation. Momentum is key, and the current conditions present a buying opportunity to capitalize on potential upward movement. I am allocating a significant portion of available capital to maximize gains.",100.66,99.31,13.4,-2.1977,1023605,0.87,9.2,14.9,2.68,1.36,0,-0.11,0.31,-0.42
Day-43,google/gemma-3-27b-it,ENTJ,memory,flat,123,0.92,flat,89.84,90.0536135568348,8335.161053001593,0.03826375199999994,92.77741305932317,BUY,0.1,"The 20/60 SMA indicates a stable trend, despite negative news sentiment. The RSI is deeply oversold, suggesting a potential reversal and upward momentum. This presents a calculated risk for significant gains, aligning with my growth mandate.",99.67,99.09,13.5,-2.5368,1187127,1.01,7.5,15.0,2.67,0.58,0,-0.3,0.09,-0.39
Day-44,google/gemma-3-27b-it,ENTJ,memory,flat,123,0.92,flat,89.54,89.37912942287694,8307.327829083797,0.034820014319999947,92.77745151965017,BUY,0.09,"The RSI is deeply oversold at 13.5, indicating a potential reversal. While current price is below the SMAs, a strong bounce is anticipated given the low RSI and slightly positive volume ratio, aligning with a momentum-based growth strategy.",98.73,98.87,13.5,-2.7974,1196798,1.01,7.5,15.0,2.66,-0.15,0,0.13,-0.0,0.13
Day-45,google/gemma-3-27b-it,ENTJ,memory,flat,123,0.92,flat,90.06,90.43789034140256,8355.572103874016,0.0017410007160000018,92.77781881937929,BUY,0.95,"The RSI is deeply oversold at 16.3, indicating a potential reversal. While news sentiment is slightly negative, the primary mandate is growth through momentum, and a bounce is anticipated. A large position is appropriate given the potential for significant gains.",97.7,98.68,16.3,-2.9277,1161833,0.99,7.8,14.9,2.68,-0.99,0,-0.13,-0.06,-0.08
Day-46,google/gemma-3-27b-it,ENTJ,memory,flat,123,0.92,flat,90.76,91.07971404133438,8420.516577047581,0.0002611501074000003,92.77783512447634,BUY,0.85,"The RSI is deeply oversold at 21.1, indicating a potential reversal. While the price is below the SMAs, the volume ratio is elevated, suggesting increasing interest. Momentum dictates we capitalize on this potential upswing.",96.82,98.51,21.1,-2.9412,1444611,1.21,9.2,14.9,2.68,-1.71,0,0.53,0.02,0.5
Day-47,google/gemma-3-27b-it,ENTJ,memory,flat,123,0.92,flat,91.04,91.08548777746176,8446.494370882434,0.0,92.77783799299685,BUY,1.0,"The RSI is low, indicating a potential reversal. While the short-term trend is down, my mandate prioritizes growth and chasing momentum, and a bounce is anticipated. I am allocating full capital to capitalize on this opportunity.",96.06,98.35,28.8,-2.8955,1197877,1.0,8.2,15.0,2.67,-2.33,-1,0.64,0.17,0.47
Day-48,google/gemma-3-27b-it,ENTJ,memory,flat,123,0.92,flat,95.25,95.5782990569182,8837.089068832951,0.0,92.77783799299685,HOLD,0.0,"The 20-day SMA is below the 60-day SMA, indicating a downtrend. While the RSI is neutral, the negative trend signal overrides any potential for a buy. Maintaining current position and awaiting a trend reversal.",95.39,98.28,52.0,-2.4912,1105464,0.93,7.7,14.9,2.68,-2.94,-1,0.64,0.36,0.28
Day-49,google/gemma-3-27b-it,ENTJ,memory,flat,123,0.92,flat,96.57,96.39979163805222,8959.555814983705,0.0,92.77783799299685,HOLD,0.0,"The 20-day SMA is below the 60-day SMA, indicating a downtrend. While the RSI is neutral, the negative news sentiment and declining trend override any potential for a momentum-based buy. Maintaining current position.",94.95,98.25,59.9,-2.0409,1392508,1.17,7.8,15.0,2.66,-3.36,-1,-0.19,0.3,-0.49
Day-50,google/gemma-3-27b-it,ENTJ,memory,flat,123,0.92,flat,98.24,98.33487645407817,9114.49480443201,0.0,92.77783799299685,HOLD,0.0,"The 20-day SMA is nearing the current price, indicating a potential shift in momentum. While the RSI is neutral, the negative news sentiment and slight downward trend suggest caution. Maintaining current position to observe further developments.",94.6,98.25,61.1,-1.5316,1406262,1.16,7.5,15.0,2.67,-3.71,-1,-0.15,0.29,-0.45
Day-51,google/gemma-3-27b-it,ENTJ,memory,flat,123,0.92,flat,103.34,102.86748711502243,9587.661778196294,9587.661778196294,0.0,SELL,1.0,"The 20-day SMA is crossing below the 60-day SMA, indicating a weakening trend. While RSI is high, the trend reversal is the primary signal. Momentum is shifting, necessitating a full exit.",94.56,98.32,71.2,-0.7084,1172704,0.97,7.7,15.1,2.65,-3.82,-1,-0.36,0.12,-0.48
Day-52,google/gemma-3-27b-it,ENTJ,memory,flat,123,0.92,flat,100.11,100.26933552021316,9587.661778196294,958.7661778196289,86.19414244707487,BUY,0.9,"The 20-day SMA is trending down, but the price is above both SMAs indicating potential for a reversal. Momentum is key, and the volume ratio suggests increasing interest; a calculated risk is warranted to capitalize on potential growth.",94.47,98.37,61.4,-0.3126,1410685,1.15,7.5,15.0,2.67,-3.97,-1,0.19,0.03,0.17
Day-53,google/gemma-3-27b-it,ENTJ,memory,flat,123,0.92,flat,97.92,98.23712082483357,9398.8966062372,958.7661778196289,86.19414244707487,HOLD,0.0,"The 20-day SMA is trending down relative to the 60-day SMA, indicating a weakening momentum. While the RSI is neutral, the negative news sentiment and slight volume increase suggest potential further decline. Maintaining current position until a clear reversal emerges.",94.49,98.34,54.1,-0.1739,1352832,1.09,16.6,15.0,2.68,-3.91,-1,-0.26,-0.15,-0.1
Day-54,google/gemma-3-27b-it,ENTJ,memory,flat,123,0.92,flat,102.07,101.75402699714007,9756.60229739256,958.7661778196289,86.19414244707487,HOLD,0.0,"The 20-day SMA is trending down relative to the 60-day SMA, indicating weakening momentum. While the RSI is neutral, the negative news sentiment and volume ratio suggest caution. Maintaining current position until a clear reversal emerges.",94.86,98.36,64.2,0.2682,1055003,0.85,11.9,15.0,2.66,-3.55,-1,-0.18,-0.15,-0.03
Day-55,google/gemma-3-27b-it,ENTJ,memory,flat,123,0.92,flat,99.95,100.17284522686715,9573.870715404762,958.7661778196289,86.19414244707487,HOLD,0.0,"The 20-day SMA is trending down relative to the 60-day SMA, indicating a weakening momentum. While the RSI is neutral, the negative news sentiment and volume ratio below 1 suggest caution. Maintaining current position until a clear upward trend emerges.",95.2,98.41,61.2,0.442,1184069,0.96,10.3,15.0,2.67,-3.27,-1,-0.27,-0.17,-0.09
Day-56,google/gemma-3-27b-it,ENTJ,memory,flat,123,0.92,flat,101.0,100.2624061658955,9664.37456497419,958.7661778196289,86.19414244707487,HOLD,0.0,"The 20-day SMA is trending down relative to the 60-day SMA, indicating a weakening momentum. While the RSI is neutral, the negative news sentiment and declining trend suggest caution. Maintaining current position until a clear reversal emerges.",95.52,98.5,63.7,0.6573,1426039,1.13,14.7,15.1,2.65,-3.02,-1,-0.17,-0.14,-0.03
Day-57,google/gemma-3-27b-it,ENTJ,memory,flat,123,0.92,flat,102.63,102.46047661282402,9804.871017162923,958.7661778196289,86.19414244707487,HOLD,0.0,"The 20-day SMA is trending down relative to the 60-day SMA, indicating a weakening momentum. While the RSI is high, it doesn't override the negative trend signal. Maintaining current position until a clear reversal emerges.",95.95,98.56,72.5,0.9483,1186472,0.94,10.5,15.0,2.66,-2.65,-1,0.5,-0.07,0.57
Day-58,google/gemma-3-27b-it,ENTJ,memory,flat,123,0.92,flat,104.21,104.33337049171539,9941.0577622293,3204.3390739220467,64.64560683530615,SELL,0.25,"The 20-day SMA is crossing below the 60-day SMA, indicating a weakening trend. While RSI is high, the trend reversal is the primary signal. Protecting profits and reallocating capital is paramount.",96.44,98.74,74.6,1.2913,1432539,1.13,12.4,15.0,2.67,-2.34,-1,-0.74,-0.17,-0.57
Day-59,google/gemma-3-27b-it,ENTJ,memory,flat,123,0.92,flat,108.04,108.09267723158075,10188.650436408523,3204.3390739220467,64.64560683530615,HOLD,0.0,"The RSI is high at 77.2, indicating potential overbought conditions, but the 20/60 SMA trend is neutral. While a breakout could occur, current data doesn't strongly support a buy or sell signal, necessitating a hold to observe further movement. Maintaining current position until a clearer trend emerges is the most logical course.",97.05,99.02,77.2,1.8509,1222728,0.97,10.3,15.0,2.67,-1.99,0,0.16,-0.1,0.26
Day-60,google/gemma-3-27b-it,ENTJ,memory,flat,123,0.92,flat,112.16,111.40830372120523,10454.990336569985,10454.990336569985,0.0,SELL,1.0,"RSI is overbought at 79.3, indicating a potential trend reversal. While the SMA trend is neutral, the negative news sentiment (-0.24) further supports exiting the position to protect gains. Momentum is fading.",97.95,99.32,79.3,2.5971,1282310,1.02,7.9,15.1,2.65,-1.38,0,-0.24,-0.1,-0.14
Day-61,google/gemma-3-27b-it,ENTJ,memory,flat,123,0.92,flat,114.07,113.85090229753054,10454.990336569985,10454.990336569985,0.0,HOLD,0.0,"The RSI is overbought at 80.2, indicating a potential pullback. While the trend indicators are neutral, the overbought condition warrants caution. Maintaining current position and awaiting clearer signals.",98.98,99.69,80.2,3.3043,1194694,0.95,13.3,15.0,2.66,-0.71,0,0.7,0.08,0.63
Day-62,google/gemma-3-27b-it,ENTJ,memory,flat,123,0.92,flat,112.19,112.13859296767427,10454.990336569985,10454.990336569985,0.0,HOLD,0.0,"The SMA indicators are essentially flat, indicating a lack of strong momentum. While the RSI is high, it doesn't definitively signal an immediate reversal, and the news sentiment is slightly positive. Maintaining current position and awaiting a clearer signal.",99.95,100.04,73.7,3.6708,1306685,1.03,10.0,15.0,2.67,-0.1,0,0.25,0.03,0.22
Day-63,google/gemma-3-27b-it,ENTJ,memory,flat,123,0.92,flat,113.93,113.9697197481476,10454.990336569985,10454.990336569985,0.0,HOLD,0.0,"The RSI is high at 74.0, indicating potential overbought conditions and a possible pullback. While the SMA trend is neutral, the negative news sentiment suggests caution. Maintaining current position and awaiting clearer signals.",101.15,100.46,74.0,4.0552,1262012,0.99,8.4,15.0,2.67,0.69,0,-0.31,0.11,-0.42
Day-64,google/gemma-3-27b-it,ENTJ,memory,flat,123,0.92,flat,115.13,114.72273724115863,10454.990336569985,10454.990336569985,0.0,HOLD,0.0,"The RSI is high at 73.6, indicating potential overbought conditions, and news sentiment is negative. While the SMA trend is neutral, these factors suggest caution. Maintaining current position and awaiting a clearer signal.",102.43,100.83,73.6,4.4055,1421250,1.11,11.7,15.1,2.66,1.59,0,-0.18,0.04,-0.23
Day-65,google/gemma-3-27b-it,ENTJ,memory,flat,123,0.92,flat,111.25,111.75320660783406,10454.990336569985,1045.499033656999,84.57969710483583,BUY,0.9,"The 20-day SMA is above the 60-day SMA, indicating an upward trend. Despite slightly negative news sentiment, the RSI is healthy and suggests continued momentum. I am initiating a substantial position to capitalize on this growth opportunity.",103.49,101.16,61.5,4.3203,1483679,1.14,10.0,14.9,2.68,2.31,1,-0.17,0.06,-0.23
Day-66,google/gemma-3-27b-it,ENTJ,memory,flat,123,0.92,flat,114.91,115.0007797170814,10764.552027973685,261.37475841424975,91.40350943833813,BUY,0.75,"The 20/60 SMA indicates a strong upward trend. Despite the RSI being overbought, the momentum is clear, and my mandate prioritizes growth through trend following. A calculated entry is warranted.",104.7,101.57,71.2,4.4963,1144597,0.89,15.2,15.0,2.67,3.08,1,0.35,-0.01,0.36
Day-67,google/gemma-3-27b-it,ENTJ,memory,flat,123,0.92,flat,115.23,116.90757194032173,10793.801150993953,169.89359296926233,92.19741003232397,BUY,0.35,"The 20/60 SMA indicates a strong upward trend. Despite the RSI being high, the overall momentum suggests continued growth, aligning with my mandate to chase wins. I will allocate a moderate portion of my cash to capitalize on this opportunity.",105.91,102.0,76.2,4.6088,1077136,0.84,17.7,14.8,2.71,3.83,1,0.51,0.04,0.47
Day-68,google/gemma-3-27b-it,ENTJ,memory,flat,123,0.92,flat,116.8,117.0490924980213,10938.551084744702,33.97871859385245,93.36106477868879,BUY,0.8,"The 20 and 60-day SMAs confirm an upward trend. While the RSI is high, momentum is the priority, and the positive trend signals a buying opportunity. I will allocate a significant portion of available capital to capitalize on this growth potential.",106.99,102.38,74.2,4.7696,1163766,0.91,13.9,15.0,2.67,4.5,1,0.05,0.11,-0.06
Day-69,google/gemma-3-27b-it,ENTJ,memory,flat,123,0.92,flat,116.84,116.53965479252639,10942.285527335851,2761.055420779352,70.02079858401659,SELL,0.25,"RSI is extremely high at 79.7, indicating overbought conditions and a potential trend reversal. While the SMAs show an upward trend, the negative news sentiment and high RSI suggest a weakening momentum. Protecting profits is paramount; a partial sell is the logical course.",108.0,102.68,79.7,4.844,1356236,1.06,10.5,15.0,2.66,5.19,1,-0.04,0.14,-0.18
Day-70,google/gemma-3-27b-it,ENTJ,memory,flat,123,0.92,flat,114.19,113.81400451917246,10756.730411088205,1932.7387945455466,77.27464415923163,BUY,0.3,"The 20/60 SMA crossover confirms an upward trend. RSI is high but not overbought enough to signal immediate reversal, indicating continued momentum. This aligns with my growth mandate, justifying a buy position.",108.8,102.86,72.0,4.6358,1105372,0.88,8.1,15.0,2.66,5.77,1,0.31,0.23,0.08
Day-71,google/gemma-3-27b-it,ENTJ,memory,flat,123,0.92,flat,114.52,114.30337045376287,10782.231043660753,386.54775890910923,90.77613765937517,BUY,0.8,"The price is trending upwards, confirmed by the SMA20 and SMA60. While the RSI is high, momentum is strong and the primary objective is growth, justifying a significant buy position.",109.36,103.04,70.7,4.4464,1160963,0.92,10.8,15.0,2.66,6.13,1,0.01,0.17,-0.16
Day-72,google/gemma-3-27b-it,ENTJ,memory,flat,123,0.92,flat,115.58,115.41390497576809,10878.45374957969,251.256043290921,91.94668373670851,BUY,0.35,"The price is trending upwards, confirmed by the SMA20 and SMA60. While the RSI is high, momentum is strong and the mandate prioritizes growth, justifying a calculated entry point.",110.13,103.21,70.2,4.3321,1467486,1.16,8.0,15.0,2.66,6.7,1,0.14,0.09,0.05
Day-73,google/gemma-3-27b-it,ENTJ,memory,flat,123,0.92,flat,113.12,113.54528462790887,10652.264907587387,201.00483463273682,92.39091295044776,BUY,0.2,"The 20-day SMA is above the 60-day SMA, indicating an upward trend. RSI is below 70, suggesting room for growth, and news sentiment is slightly positive. Momentum dictates a buy.",110.89,103.28,59.5,3.9964,1376684,1.09,7.5,14.9,2.68,7.37,1,0.07,0.1,-0.03
Day-74,google/gemma-3-27b-it,ENTJ,memory,flat,123,0.92,flat,115.98,116.25032286959846,10916.502918625669,40.20096692654735,93.77739223744715,BUY,0.8,"The 20/60 SMA indicates a strong upward trend. RSI is healthy, suggesting room for continued growth, and volume is slightly elevated. Momentum is key, and this presents a clear buying opportunity.",111.59,103.43,57.5,3.9166,1476767,1.15,11.8,15.0,2.67,7.88,1,-0.24,0.06,-0.29
Day-75,google/gemma-3-27b-it,ENTJ,memory,flat,123,0.92,flat,114.24,113.76122802898117,10753.330256132509,26.13062850225578,93.90055696455053,BUY,0.35,"The 20-day SMA is above the 60-day SMA, indicating an upward trend. Momentum is present, and my mandate is to chase growth by capitalizing on upward trends. A calculated entry point is warranted.",112.3,103.51,50.3,3.6705,1043347,0.82,9.8,15.1,2.66,8.5,1,0.41,0.08,0.33
Day-76,google/gemma-3-27b-it,ENTJ,memory,flat,123,0.92,flat,108.86,109.06453310855187,10248.145259663226,19.597971376691838,93.96056667542288,BUY,0.25,"The 20-day SMA is above the 60-day SMA, indicating an upward trend. Despite negative news sentiment, the momentum is positive, aligning with my growth mandate. I will initiate a partial buy to capitalize on this trend.",112.69,103.51,44.2,3.0064,1243694,0.98,11.8,15.0,2.67,8.87,1,-0.18,0.04,-0.22
Day-77,google/gemma-3-27b-it,ENTJ,memory,flat,123,0.92,flat,111.34,111.38963674295903,10481.167465018276,2.9396957065037768,94.11018294693525,BUY,0.85,"The 20-day SMA is above the 60-day SMA, indicating an upward trend. Despite a neutral news sentiment, the momentum suggests a buying opportunity to capitalize on potential gains. I am allocating a significant portion of available capital to maximize growth.",113.13,103.62,45.6,2.6494,1452312,1.13,12.0,15.0,2.67,9.18,1,0.58,0.13,0.45
Day-78,google/gemma-3-27b-it,ENTJ,memory,flat,123,0.92,flat,110.13,110.52778916114279,10367.294143652483,2.2047717798778326,94.11685618698452,BUY,0.25,"The 20-day SMA is above the 60-day SMA, indicating an upward trend. Despite the RSI being below 50, the overall momentum suggests a buying opportunity to capitalize on potential gains. I am initiating a partial position to leverage the trend.",113.43,103.65,41.6,2.2434,1219723,0.96,14.8,14.9,2.68,9.43,1,0.35,0.19,0.17
Day-79,google/gemma-3-27b-it,ENTJ,memory,flat,123,0.92,flat,109.95,110.28262437540806,10350.353109538824,2.028390037487606,94.1184603865515,BUY,0.08,"The 20-day SMA is above the 60-day SMA, indicating an upward trend. Despite a neutral RSI, the positive trend and moderate volume ratio suggest continued momentum, aligning with my growth mandate. I will allocate 8% of my cash to capitalize on this opportunity.",113.52,103.74,47.5,1.8851,1344667,1.05,10.8,15.0,2.67,9.43,1,0.06,0.24,-0.19
Day-80,google/gemma-3-27b-it,ENTJ,memory,flat,123,0.92,flat,108.33,108.4832788149126,10197.881203712612,1.8255510337388452,94.12033280419895,BUY,0.1,"The 20-day SMA is above the 60-day SMA, indicating an upward trend. Despite the negative news sentiment and low RSI, the primary mandate is to chase momentum, and the trend suggests a buying opportunity. A small position is taken to capitalize on potential gains.",113.33,103.8,36.2,1.4538,1085130,0.85,9.8,15.0,2.67,9.18,1,-0.37,0.09,-0.46
Day-81,google/gemma-3-27b-it,ENTJ,memory,flat,123,0.92,flat,104.84,105.08576156482172,9869.401242225957,0.20081061371127285,94.13583013746896,BUY,0.89,"The 20-day SMA is above the 60-day SMA, indicating an upward trend. Despite the RSI being slightly oversold, the overall momentum suggests a buying opportunity to capitalize on potential gains. I am allocating 89% of available capital.",112.87,103.81,30.8,0.8209,1123379,0.89,11.2,15.0,2.67,8.72,1,0.5,0.22,0.28
Day-82,google/gemma-3-27b-it,ENTJ,memory,flat,123,0.92,flat,108.18,107.78963904268339,10183.814914885104,0.15060796028345463,94.13629420340932,BUY,0.25,"The 20-day SMA is above the 60-day SMA, indicating an upward trend. Despite the RSI being relatively low, the overall momentum suggests a buying opportunity to capitalize on potential gains. I will allocate 25% of available capital.",112.67,103.94,35.1,0.5825,1211750,0.96,12.4,15.1,2.66,8.4,1,0.09,0.13,-0.03
Day-83,google/gemma-3-27b-it,ENTJ,memory,flat,123,0.92,flat,106.42,106.3466627634116,10018.135037087102,0.052712786099209125,94.13721409792336,BUY,0.65,"The 20-day SMA is above the 60-day SMA, indicating an upward trend. Despite the RSI being relatively low, the overall momentum suggests a buying opportunity to capitalize on potential gains. I am initiating a 65% position to leverage the trend.",112.29,104.12,33.0,0.2488,1156902,0.92,10.8,15.0,2.66,7.85,1,0.27,0.11,0.16
Day-84,google/gemma-3-27b-it,ENTJ,memory,flat,123,0.92,flat,110.38,109.97171662776171,10390.918404914879,0.03953458957440684,94.137333487274,BUY,0.25,"The 20-day SMA is above the 60-day SMA, indicating an upward trend. Despite the RSI being neutral, the overall momentum suggests a buying opportunity to capitalize on potential gains. I will allocate 25% of available capital.",112.05,104.43,44.0,0.2997,1321938,1.06,11.9,15.1,2.66,7.3,1,0.44,0.19,0.26
Day-85,google/gemma-3-27b-it,ENTJ,memory,flat,123,0.92,flat,111.08,111.79528372350921,10456.81453835597,0.03558113061696616,94.13736907837013,BUY,0.1,"The 20-day SMA is above the 60-day SMA, indicating an upward trend. Despite negative news sentiment, the momentum is positive, aligning with my growth mandate. I will initiate a small position to capitalize on this trend.",112.05,104.79,44.7,0.3925,1413215,1.13,15.4,14.9,2.68,6.93,1,-0.34,0.19,-0.53
Day-86,google/gemma-3-27b-it,ENTJ,memory,flat,123,0.92,flat,111.9,111.12705784524901,10534.007181000236,0.02668584796272462,94.1374485715127,BUY,0.25,"The 20-day SMA is above the 60-day SMA, indicating an upward trend. Despite a neutral RSI, the positive trend and my mandate to chase growth necessitate a buy order. I will allocate 25% of available capital.",111.9,105.14,44.2,0.5258,1179046,0.94,18.9,15.1,2.65,6.43,1,0.11,0.12,-0.01
Day-87,google/gemma-3-27b-it,ENTJ,memory,flat,123,0.92,flat,108.78,108.77224099255261,10240.298341457115,0.020014385972043466,94.13750990137105,BUY,0.25,"The 20-day SMA is above the 60-day SMA, indicating an upward trend. Despite negative news sentiment, the momentum is positive, aligning with my growth mandate. I will initiate a partial buy to capitalize on this trend.",111.57,105.43,43.4,0.3757,1381610,1.09,14.4,15.0,2.67,5.82,1,-0.11,0.07,-0.19
Day-88,google/gemma-3-27b-it,ENTJ,memory,flat,123,0.92,flat,108.09,107.22258679934333,10175.34345962517,0.0020014385972043462,94.13767654904775,BUY,0.9,"The 20-day SMA is above the 60-day SMA, indicating an upward trend. Despite the RSI being below 50, the overall momentum suggests a buying opportunity to capitalize on potential gains. I am deploying a significant portion of available capital to maximize growth.",111.14,105.7,37.0,0.1984,1140080,0.9,14.1,15.1,2.65,5.14,1,0.1,0.04,0.06
Day-89,google/gemma-3-27b-it,ENTJ,memory,flat,123,0.92,flat,104.65,104.68506495067554,9851.509852296445,0.00010007192986021744,94.13769471786445,BUY,0.95,"The 20-day SMA is above the 60-day SMA, indicating an upward trend. Despite the RSI being relatively low, the overall momentum suggests a buying opportunity to capitalize on potential gains. I am allocating a significant portion of available capital to maximize growth.",110.53,105.88,35.1,-0.2168,1201543,0.96,18.2,15.0,2.67,4.39,1,0.14,-0.02,0.16
Day-90,google/gemma-3-27b-it,ENTJ,memory,flat,123,0.92,flat,108.53,109.1800908830381,10216.764107801759,1.0007192986021736e-05,94.13769554772473,BUY,0.9,"The 20-day SMA is above the 60-day SMA, indicating an upward trend. Despite negative news sentiment, the momentum is positive, aligning with my growth mandate. I will allocate a significant portion of available capital to capitalize on this opportunity.",110.25,106.17,49.5,-0.2301,1017783,0.81,13.0,14.9,2.68,3.84,1,-0.5,-0.05,-0.45
Day-91,google/gemma-3-27b-it,ENTJ,memory,flat,123,0.92,flat,110.34,109.57262302272505,10387.15333674314,8.005754388817381e-07,94.13769563116335,BUY,0.92,"The 20-day SMA is above the 60-day SMA, indicating an upward trend. Despite slightly negative news sentiment, the overall technical picture supports a momentum-based buy, aiming for continued growth. I am allocating a significant portion of available capital to capitalize on this opportunity.",110.04,106.51,48.3,-0.094,1072307,0.86,17.9,15.1,2.65,3.31,1,-0.07,-0.09,0.02
Day-92,google/gemma-3-27b-it,ENTJ,memory,flat,123,0.92,flat,112.07,112.1561014912738,10550.011550185052,8.005754388817379e-08,94.13769563759253,BUY,0.9,"The price is above both the 20 and 60-day SMAs, indicating an upward trend. Momentum is key, and this setup presents a clear buying opportunity to capitalize on continued growth.",109.86,106.89,53.2,0.152,1056217,0.86,18.9,15.0,2.67,2.78,1,0.03,-0.06,0.09
Day-93,google/gemma-3-27b-it,ENTJ,memory,flat,123,0.92,flat,108.38,109.38181193022037,10202.643453282335,8.005754388817379e-09,94.13769563825734,BUY,0.9,"The 20-day SMA is above the 60-day SMA, indicating an upward trend. Despite negative news sentiment, the momentum is positive, aligning with my growth mandate. I will allocate a significant portion of available capital to capitalize on this opportunity.",109.62,107.26,47.7,0.0488,1288466,1.05,13.9,14.9,2.69,2.2,1,-0.38,-0.16,-0.22
Day-94,google/gemma-3-27b-it,ENTJ,memory,flat,123,0.92,flat,109.87,109.81150728717981,10342.90861978334,8.005754388817379e-09,94.13769563825734,HOLD,0.0,"The 20 and 60-day SMAs are flat, indicating a lack of strong momentum. While the RSI is neutral, the negative news sentiment and moderate implied volatility suggest caution. Maintaining current position until a clear trend emerges.",109.32,107.67,52.3,0.0864,1313825,1.08,12.9,15.0,2.67,1.53,0,-0.22,-0.23,0.01
Day-95,google/gemma-3-27b-it,ENTJ,memory,flat,123,0.92,flat,112.56,112.46280723314426,10596.139021050252,8.005754388817379e-09,94.13769563825734,HOLD,0.0,"The 20 and 60 day SMAs are essentially flat, indicating a lack of strong momentum. While the RSI is moderately bullish, the news sentiment is neutral and volume is below average. No clear signal to buy or sell exists at this time.",109.23,108.12,61.7,0.3289,1027690,0.85,12.1,15.0,2.66,1.03,0,0.04,-0.12,0.16
Day-96,google/gemma-3-27b-it,ENTJ,memory,flat,123,0.92,flat,112.1,111.74531954750546,10552.835681056653,8.005754388817375e-10,94.13769563832162,BUY,0.9,"The 20 and 60-day SMAs are aligned and trending upwards, indicating positive momentum. RSI is neutral, allowing for further upside potential, and the volume ratio is slightly elevated. This aligns with my mandate to chase growth and capitalize on upward trends.",109.4,108.55,56.5,0.4785,1279296,1.05,9.8,15.0,2.66,0.78,0,0.21,-0.07,0.27
Day-97,google/gemma-3-27b-it,ENTJ,memory,flat,123,0.92,flat,113.0,114.10791672468281,10637.559607131143,8.005754388817375e-10,94.13769563832162,HOLD,0.0,"The SMA indicators are flat, indicating a lack of strong momentum. While the RSI is moderately positive, the negative news sentiment and low implied volatility suggest caution. Maintaining current position until a clear trend emerges.",109.48,108.98,61.2,0.6626,1376576,1.14,9.2,14.9,2.69,0.45,0,-0.04,-0.08,0.04
Day-98,google/gemma-3-27b-it,ENTJ,memory,flat,123,0.92,flat,111.98,111.692915566822,10541.539157580055,8.005754388817375e-10,94.13769563832162,HOLD,0.0,"The SMA20 and SMA60 are nearly identical, indicating a lack of strong momentum. While the RSI is neutral, the negative news sentiment and low implied volatility suggest caution. Maintaining current position until a clear trend emerges.",109.57,109.32,53.0,0.7177,1252063,1.03,7.5,15.0,2.66,0.23,0,-0.21,-0.05,-0.16
Day-99,google/gemma-3-27b-it,ENTJ,memory,flat,123,0.92,flat,108.56,108.7208784150308,10219.588238496995,8.005754388817375e-10,94.13769563832162,HOLD,0.0,"The 20/60 SMA is flat, indicating a lack of clear momentum. RSI is neutral. While news sentiment is slightly negative, it's not strong enough to override the lack of a defined trend, therefore, maintaining current position.",109.5,109.56,45.7,0.4796,1230839,1.02,10.3,15.0,2.67,-0.05,0,-0.3,-0.06,-0.24
Day-100,google/gemma-3-27b-it,ENTJ,memory,flat,123,0.92,flat,110.15,109.58186129237566,10369.267174561926,8.005754388817375e-10,94.13769563832162,HOLD,0.0,"The 20 and 60-day SMAs are nearly identical, indicating a lack of strong momentum. RSI is neutral, and news sentiment is slightly negative, but not enough to trigger a sell. Maintaining current position pending a clearer signal.",109.59,109.8,47.1,0.4145,1317142,1.08,8.8,15.1,2.65,-0.19,0,-0.11,-0.09,-0.02
Day-101,google/gemma-3-27b-it,ENTJ,memory,flat,123,0.92,flat,108.17,108.78661826491351,10182.87453719805,8.005754388817375e-10,94.13769563832162,HOLD,0.0,"The 20 and 60-day SMAs are nearly identical, indicating a stalled trend. RSI is neutral, and news sentiment is slightly negative, suggesting no strong momentum. Maintaining current position until a clear trend emerges.",109.76,109.89,48.9,0.2008,1191248,0.98,10.8,14.9,2.68,-0.12,0,-0.24,-0.18,-0.06
Day-102,google/gemma-3-27b-it,ENTJ,memory,flat,123,0.92,flat,110.38,110.2256277894047,10390.918844558739,8.005754388817377e-11,94.13769563832814,BUY,0.9,"The 20/60 SMA indicates a neutral to slightly positive trend. RSI is moderate, suggesting room for growth, and news sentiment is positive. Momentum is key, and a small buy is warranted to capitalize on potential upward movement.",109.87,110.1,53.8,0.2075,1303777,1.06,8.5,15.0,2.66,-0.21,0,0.18,-0.14,0.31
Day-103,google/gemma-3-27b-it,ENTJ,memory,flat,123,0.92,flat,106.1,105.98225433083235,9988.009507226696,8.005754388817377e-11,94.13769563832814,HOLD,0.0,"The 20 and 60 day SMAs are converging, indicating a potential shift but not a confirmed trend reversal. RSI is neutral. Maintaining current position and awaiting a clearer signal.",109.85,110.26,52.3,-0.1313,1462294,1.18,8.4,15.0,2.66,-0.37,0,0.08,-0.08,0.15
Day-104,google/gemma-3-27b-it,ENTJ,memory,flat,123,0.92,flat,107.43,107.53506289297117,10113.212642425673,8.005754388817377e-11,94.13769563832814,HOLD,0.0,"The 20 and 60 day SMAs are converging, indicating a potential trend shift but not yet confirmed. RSI is neutral, and negative news sentiment is a minor concern, but insufficient to trigger a sell. Maintaining current position to observe further development.",109.71,110.37,48.1,-0.2892,1427445,1.15,7.8,15.0,2.67,-0.6,0,-0.2,-0.06,-0.14
Day-105,google/gemma-3-27b-it,ENTJ,memory,flat,123,0.92,flat,112.95,113.3049707323872,10632.852722349244,8.005754388817377e-11,94.13769563832814,HOLD,0.0,"The 20 and 60 day SMAs are nearly identical, indicating a lack of strong momentum. RSI is neutral, and news sentiment is slightly positive but not enough to trigger a buy. Maintaining current position until a clear trend emerges.",109.8,110.63,54.0,0.0313,1368870,1.1,13.6,15.0,2.67,-0.75,0,0.07,-0.02,0.09
Day-106,google/gemma-3-27b-it,ENTJ,memory,flat,123,0.92,flat,113.15,113.28315940112199,10651.68026147691,8.005754388817377e-11,94.13769563832814,HOLD,0.0,"The 20 and 60 day SMAs are essentially flat, indicating a lack of clear momentum. While the RSI is neutral and news sentiment is positive, there isn't a definitive upward trend to justify a buy. Maintaining current position until a clear signal emerges.",109.86,110.87,51.8,0.2977,1436770,1.14,10.7,15.0,2.67,-0.91,0,0.7,0.17,0.53
Day-107,google/gemma-3-27b-it,ENTJ,memory,flat,123,0.92,flat,113.29,113.39455364611048,10664.859538866276,8.005754388817377e-11,94.13769563832814,HOLD,0.0,"The 20 and 60 day SMAs are flat, indicating a lack of clear momentum. RSI is neutral. While news sentiment is slightly positive, it's insufficient to trigger a buy given the absence of a defined trend.",110.09,111.09,59.0,0.5144,1149874,0.92,8.8,15.0,2.67,-0.9,0,0.23,0.17,0.05
Day-108,google/gemma-3-27b-it,ENTJ,memory,flat,123,0.92,flat,113.52,113.8366301854474,10686.51120886309,8.005754388817377e-11,94.13769563832814,HOLD,0.0,"The 20 and 60-day SMAs are essentially flat, indicating a lack of clear momentum. While the RSI is neutral, the news sentiment is slightly positive, but not enough to initiate a buy. Maintaining current position until a definitive trend emerges.",110.36,111.27,57.0,0.6968,1375227,1.09,7.5,15.0,2.67,-0.82,0,0.08,0.17,-0.1
Day-109,google/gemma-3-27b-it,ENTJ,memory,flat,123,0.92,flat,109.96,109.70827942890044,10351.381012390642,8.005754388817377e-11,94.13769563832814,HOLD,0.0,"The price is below both the 20 and 60-day SMAs, indicating a lack of strong upward momentum. While the RSI isn't deeply oversold, the negative trend signals a pause in activity. Maintaining current position until a clear upward trend emerges.",110.62,111.31,45.2,0.5471,1145777,0.91,7.5,15.0,2.66,-0.62,0,0.22,0.26,-0.04
Day-110,google/gemma-3-27b-it,ENTJ,memory,flat,123,0.92,flat,110.18,110.6805108646659,10372.091305431075,8.005754388817377e-11,94.13769563832814,HOLD,0.0,"The 20/60 SMA indicates a neutral trend, and RSI is near 50. While news sentiment is slightly positive, it's not strong enough to initiate a buy. Maintaining current position until a clear momentum shift emerges.",110.71,111.27,46.4,0.4413,1258174,0.99,13.8,14.9,2.68,-0.51,0,0.38,0.32,0.06
Day-111,google/gemma-3-27b-it,ENTJ,memory,flat,123,0.92,flat,107.64,107.21536576432122,10132.98155850972,8.005754388817377e-11,94.13769563832814,HOLD,0.0,"The trend, as indicated by the SMAs, is flat, not up. RSI is neutral, and negative news sentiment suggests potential downside. Maintaining current position until a clear upward momentum emerges.",110.57,111.14,40.5,0.1513,1243893,0.98,12.6,15.1,2.66,-0.51,0,-0.46,0.09,-0.54
Day-112,google/gemma-3-27b-it,ENTJ,memory,flat,123,0.92,flat,105.73,106.33409570772426,9953.178559840515,8.005754388817377e-11,94.13769563832814,HOLD,0.0,"The 20 and 60-day SMAs are converging, indicating a potential shift but not yet a clear trend. RSI is neutral, and news sentiment is slightly negative, but not enough to trigger a sell. Maintaining current position pending further confirmation.",110.26,111.01,39.3,-0.2305,1023718,0.8,10.1,14.9,2.68,-0.68,0,-0.13,0.02,-0.15
Day-113,google/gemma-3-27b-it,ENTJ,memory,flat,123,0.92,flat,109.0,109.04311721028502,10261.008824577848,8.005754388817377e-11,94.13769563832814,HOLD,0.0,"The price is currently below both the 20 and 60-day SMAs, indicating a lack of clear upward momentum. While the RSI is neutral, the negative news sentiment and lack of a defined trend do not support a buy signal. Maintaining current position until a decisive trend emerges.",110.29,110.92,50.8,-0.2661,1285191,1.01,7.5,15.0,2.67,-0.57,0,-0.19,-0.03,-0.15
Day-114,google/gemma-3-27b-it,ENTJ,memory,flat,123,0.92,flat,107.44,107.48368145499585,10114.154019382055,8.005754388817377e-11,94.13769563832814,HOLD,0.0,"The price is below both the 20 and 60-day SMAs, indicating a lack of clear upward momentum. While the RSI isn't deeply oversold, the negative news sentiment and volume ratio below 1 suggest caution. Maintaining current position until a definitive trend emerges.",110.16,110.76,45.3,-0.4155,1252451,0.99,8.6,15.0,2.67,-0.54,0,-0.19,-0.12,-0.08
Day-115,google/gemma-3-27b-it,ENTJ,memory,flat,123,0.92,flat,108.59,108.59919722283338,10222.412369366133,8.005754388817377e-11,94.13769563832814,HOLD,0.0,"The price is currently below both the 20 and 60-day SMAs, indicating a lack of strong upward momentum. While the RSI is neutral, the news sentiment is positive, but not enough to override the current trend weakness. Maintaining current position until a clear upward trend emerges.",109.97,110.71,50.8,-0.4356,1259581,0.98,9.0,15.0,2.67,-0.67,0,0.63,-0.07,0.7
Day-116,google/gemma-3-27b-it,ENTJ,memory,flat,123,0.92,flat,111.11,110.85452947168841,10459.639362374719,8.005754388817377e-11,94.13769563832814,HOLD,0.0,"The 20 and 60-day SMAs are nearly identical, indicating a lack of strong momentum. RSI is neutral, and volume ratio is below 1, suggesting limited conviction. Maintaining current position until a clear trend emerges.",109.92,110.63,51.3,-0.2459,1015924,0.8,7.9,15.0,2.66,-0.65,0,0.15,0.06,0.1
Day-117,google/gemma-3-27b-it,ENTJ,memory,flat,123,0.92,flat,111.45,111.50769629871344,10491.646178891751,8.005754388817377e-11,94.13769563832814,HOLD,0.0,"The 20 and 60-day SMAs are essentially flat, indicating a lack of strong momentum. RSI is neutral. While not a clear sell signal, there's no compelling reason to buy based on current momentum indicators.",109.84,110.56,60.9,-0.0674,1187097,0.94,9.1,15.0,2.67,-0.65,0,0.33,0.15,0.19
Day-118,google/gemma-3-27b-it,ENTJ,memory,flat,123,0.92,flat,108.39,108.52435786284668,10203.584830238467,8.005754388817377e-11,94.13769563832814,HOLD,0.0,"The price is below both the 20 and 60-day SMAs, indicating a lack of strong upward momentum. While the RSI is neutral, the news sentiment is slightly positive but insufficient to trigger a buy. Maintaining current position until a clear upward trend emerges.",109.66,110.39,51.8,-0.1705,1211586,0.96,8.7,15.0,2.67,-0.66,0,0.09,0.2,-0.11
Day-119,google/gemma-3-27b-it,ENTJ,memory,flat,123,0.92,flat,107.78,107.83746487808708,10146.160835899087,8.005754388817377e-11,94.13769563832814,HOLD,0.0,"The price is below both the 20 and 60-day SMAs, indicating a lack of clear upward momentum. While the RSI is approaching oversold territory, news sentiment is positive, and volume is slightly elevated, these factors aren't enough to override the negative trend signal given my mandate. Maintaining current position.",109.62,110.21,37.9,-0.298,1368165,1.08,8.5,15.0,2.67,-0.53,0,0.83,0.41,0.42
Day-120,google/gemma-3-27b-it,ENTJ,memory,flat,123,0.92,flat,112.51,112.18096940510918,10591.432136268379,8.005754388817377e-11,94.13769563832814,HOLD,0.0,"The 20 and 60-day SMAs are nearly identical, indicating a lack of strong momentum. RSI is neutral, and news sentiment is slightly negative, but not enough to trigger a sell. Maintaining current position until a clear trend emerges.",109.74,110.17,48.8,-0.0174,1367239,1.08,10.0,15.0,2.66,-0.4,0,-0.6,0.16,-0.76
Day-121,google/gemma-3-27b-it,ENTJ,memory,flat,123,0.92,flat,107.3,107.76063774662423,10100.97474199269,8.005754388817377e-11,94.13769563832814,HOLD,0.0,"The price is below both the 20 and 60-day SMAs, indicating a downtrend. While the RSI is approaching oversold territory, the negative news sentiment and volume ratio suggest continued downward pressure. Maintaining current position until a clear upward momentum shift is observed.",109.69,110.03,40.3,-0.2132,1190826,0.94,11.6,14.9,2.68,-0.3,0,-0.15,0.1,-0.25
Day-122,google/gemma-3-27b-it,ENTJ,memory,flat,123,0.92,flat,106.78,107.20005160432262,10052.023140260759,8.005754388817377e-11,94.13769563832814,HOLD,0.0,"The 20 and 60 day SMAs are nearly identical, indicating a stalled trend. RSI is neutral, and news sentiment is slightly negative, but not enough to trigger a sell. Maintaining current position pending a clear directional signal.",109.51,109.85,39.2,-0.4052,1201834,0.95,12.3,14.9,2.68,-0.31,0,-0.13,0.01,-0.14
Day-123,google/gemma-3-27b-it,ENTJ,memory,flat,123,0.92,flat,105.37,106.05465437996526,9919.288989410716,8.005754388817377e-11,94.13769563832814,HOLD,0.0,"The 20/60 SMA indicates a flat trend, offering no clear momentum signal. RSI is neutral, and news sentiment is slightly negative, but not enough to trigger a sell. Maintaining current position pending a definitive trend emergence.",109.48,109.7,42.1,-0.6637,1355394,1.08,10.5,14.9,2.68,-0.2,0,-0.1,-0.03,-0.07
Day-124,google/gemma-3-27b-it,ENTJ,memory,flat,123,0.92,flat,107.06,106.34297838862786,10078.38169503949,8.005754388817377e-11,94.13769563832814,HOLD,0.0,"The 20 and 60 day SMAs are nearly identical, indicating a stalled trend. RSI is neutral. While news sentiment is slightly positive, it's not strong enough to initiate a buy given the lack of clear momentum.",109.46,109.52,44.9,-0.724,1209797,0.97,10.6,15.1,2.65,-0.05,0,0.27,-0.14,0.42
Day-125,google/gemma-3-27b-it,ENTJ,memory,flat,123,0.92,flat,107.53,107.97868301980871,10122.626411989506,8.005754388817377e-11,94.13769563832814,HOLD,0.0,"The 20 and 60-day SMAs are nearly identical, indicating a stalled trend. RSI is neutral, and news sentiment is minimal. Maintaining current position until a clear directional momentum emerges.",109.19,109.39,49.8,-0.7255,1303291,1.05,11.7,14.9,2.68,-0.18,0,0.03,-0.02,0.04
Day-126,google/gemma-3-27b-it,ENTJ,memory,flat,123,0.92,flat,110.94,111.54271899856296,10443.635954116204,8.005754388817377e-11,94.13769563832814,HOLD,0.0,"The 20 and 60-day SMAs are essentially flat, indicating a lack of strong momentum. While the RSI is neutral, the news sentiment is slightly negative, and volume is below average. No clear signal for a buy or sell.",109.08,109.43,58.7,-0.4462,1133680,0.92,9.6,14.9,2.68,-0.32,0,0.2,0.05,0.14
Day-127,google/gemma-3-27b-it,ENTJ,memory,flat,123,0.92,flat,110.77,110.97478348757299,10427.632545857688,8.005754388817377e-11,94.13769563832814,HOLD,0.0,"The 20 and 60-day SMAs are nearly identical, indicating a lack of strong momentum. RSI is neutral, and volume ratio is below 1.0, suggesting limited buying pressure. Maintaining current position until a clear trend emerges.",108.95,109.42,53.3,-0.2356,1026914,0.84,7.5,15.0,2.67,-0.42,0,0.31,0.14,0.17
Day-128,google/gemma-3-27b-it,ENTJ,memory,flat,123,0.92,flat,112.61,112.8263404369788,10600.845905832211,8.005754388817377e-11,94.13769563832814,HOLD,0.0,"The 20 and 60-day SMAs are essentially flat, indicating a lack of strong momentum. While the RSI is neutral, the news sentiment is slightly positive, but not enough to initiate a buy. Maintaining current position until a clear trend emerges.",108.91,109.47,59.5,0.0784,1347142,1.1,10.8,15.0,2.67,-0.51,0,0.07,0.18,-0.11
Day-129,google/gemma-3-27b-it,ENTJ,memory,flat,123,0.92,flat,114.38,113.99386477843186,10767.469627112052,8.005754388817377e-11,94.13769563832814,HOLD,0.0,"The 20 and 60-day SMAs are nearly identical, indicating a stalled trend. RSI is neutral. While news sentiment is slightly positive, it’s insufficient to initiate a buy given the lack of clear momentum.",109.13,109.55,60.4,0.4651,1334409,1.09,7.9,15.1,2.66,-0.39,0,0.22,0.16,0.05
Day-130,google/gemma-3-27b-it,ENTJ,memory,flat,123,0.92,flat,115.0,115.11499383839126,10825.834998407816,8.005754388817377e-11,94.13769563832814,HOLD,0.0,"The SMA20 and SMA60 are nearly identical, indicating a lack of strong momentum. While the RSI is neutral, the negative news sentiment and volume ratio below 1 suggest caution. Maintaining current position until a clear trend emerges.",109.37,109.69,57.5,0.8121,1041682,0.86,7.5,15.0,2.67,-0.29,0,-0.13,0.13,-0.26
Day-131,google/gemma-3-27b-it,ENTJ,memory,flat,123,0.92,flat,113.97,113.85811825328665,10728.873171900337,8.005754388817377e-11,94.13769563832814,HOLD,0.0,"The 20 and 60-day SMAs are nearly identical, indicating a stalled trend. RSI is neutral, and news sentiment is slightly negative, but not enough to trigger a sell. Maintaining current position until a clear momentum shift emerges.",109.68,109.87,54.7,0.9922,1012215,0.84,11.0,15.0,2.66,-0.17,0,-0.19,0.05,-0.25
Day-132,google/gemma-3-27b-it,ENTJ,memory,flat,123,0.92,flat,111.05,111.64304318002335,10453.99110063642,8.005754388817377e-11,94.13769563832814,HOLD,0.0,"The SMA20 and SMA60 are essentially flat, indicating a lack of strong momentum. While the RSI is neutral, the negative news sentiment and volume ratio below 1 suggest caution. Maintaining current position until a clear trend emerges.",109.95,109.93,55.0,0.8896,1001226,0.83,9.9,14.9,2.68,0.02,0,-0.27,-0.06,-0.2
Day-133,google/gemma-3-27b-it,ENTJ,memory,flat,123,0.92,flat,109.33,109.24639163440237,10292.074264138495,8.005754388817377e-11,94.13769563832814,HOLD,0.0,"The 20 and 60-day SMAs are nearly identical, indicating a stalled trend. RSI is neutral, and volume is slightly below average. No clear momentum signal exists to justify a buy or sell.",109.97,109.98,52.8,0.6613,1064945,0.89,11.3,15.0,2.66,-0.02,0,0.03,-0.07,0.09
Day-134,google/gemma-3-27b-it,ENTJ,memory,flat,123,0.92,flat,106.95,107.63835687346398,10068.026548519274,8.005754388817377e-11,94.13769563832814,HOLD,0.0,"The SMA indicators are flat, indicating a lack of clear momentum. RSI is below 50, suggesting potential for downside, but news sentiment is slightly negative, further reinforcing caution. Maintaining current position until a definitive trend emerges.",109.94,109.92,39.0,0.2856,1105970,0.93,12.5,14.9,2.68,0.02,0,-0.29,-0.17,-0.12
Day-135,google/gemma-3-27b-it,ENTJ,memory,flat,123,0.92,flat,108.27,108.36561048691003,10192.288306761868,8.005754388817377e-11,94.13769563832814,HOLD,0.0,"The 20 and 60 day SMAs are nearly identical, indicating a stalled trend. RSI is neutral, and news sentiment is slightly negative, suggesting no strong momentum. Maintaining current position until a clear directional signal emerges.",109.93,109.86,52.3,0.0928,1428508,1.2,9.6,15.0,2.67,0.06,0,-0.32,-0.21,-0.11
Day-136,google/gemma-3-27b-it,ENTJ,memory,flat,123,0.92,flat,109.64,110.06045217941067,10321.256949786377,8.005754388817377e-11,94.13769563832814,HOLD,0.0,"The 20 and 60-day SMAs are essentially flat, indicating a lack of strong momentum. RSI is neutral, and news sentiment is slightly positive but not enough to trigger a buy. Maintaining current position until a clear trend emerges.",109.85,109.81,56.5,0.05,1216672,1.01,16.8,14.9,2.68,0.03,0,0.2,-0.13,0.33
Day-137,google/gemma-3-27b-it,ENTJ,memory,flat,123,0.92,flat,110.83,110.80802029874641,10433.280807595987,8.005754388817377e-11,94.13769563832814,HOLD,0.0,"The 20 and 60-day SMAs are flat, indicating a lack of clear momentum. While the RSI is moderately positive, the negative news sentiment and neutral volume ratio suggest caution. Maintaining current position until a definitive trend emerges.",109.82,109.86,62.5,0.1115,1326089,1.09,13.3,15.0,2.67,-0.03,0,-0.28,-0.13,-0.15
Day-138,google/gemma-3-27b-it,ENTJ,memory,flat,123,0.92,flat,109.85,109.63098617571474,10341.025865870426,8.005754388817377e-11,94.13769563832814,HOLD,0.0,"The 20 and 60-day SMAs are aligned, indicating a stable trend. While the RSI is neutral, the positive news sentiment and volume ratio suggest potential for upward momentum. Maintaining current position to observe further development.",109.89,109.89,56.6,0.0799,1484873,1.21,10.4,15.0,2.66,0.0,0,0.17,-0.1,0.27
Day-139,google/gemma-3-27b-it,ENTJ,memory,flat,123,0.92,flat,113.28,113.6972776656781,10663.918161909893,8.005754388817377e-11,94.13769563832814,HOLD,0.0,"The 20 and 60 day SMAs are essentially flat, indicating a lack of clear momentum. While the RSI is moderately positive, the negative news sentiment and low implied volatility suggest caution. Maintaining current position pending a definitive trend emergence.",110.17,110.06,61.9,0.3276,1221009,1.0,9.4,14.9,2.68,0.1,0,-0.1,-0.07,-0.03
Day-140,google/gemma-3-27b-it,ENTJ,memory,flat,123,0.92,flat,116.87,117.23925599332408,11001.87248925149,8.005754388817377e-11,94.13769563832814,HOLD,0.0,"The 20 and 60-day SMAs are essentially flat, indicating a lack of strong momentum. While the RSI is moderately positive, the negative news sentiment and low implied volatility suggest caution. Maintaining current position until a clear trend emerges.",110.39,110.23,62.2,0.8049,1399476,1.15,9.6,15.0,2.67,0.14,0,-0.17,-0.04,-0.14
Day-141,google/gemma-3-27b-it,ENTJ,memory,flat,123,0.92,flat,116.5,116.44706214600666,10967.041541865308,8.005754388817377e-11,94.13769563832814,HOLD,0.0,"The 20 and 60-day SMAs are nearly identical, indicating a lack of strong momentum. While the RSI is moderately bullish, the news sentiment is weak and volume is slightly below average. Maintaining current position until a clear trend emerges.",110.85,110.35,61.7,1.1399,1193054,0.98,8.2,15.0,2.67,0.45,0,0.27,-0.02,0.29
Day-142,google/gemma-3-27b-it,ENTJ,memory,flat,123,0.92,flat,114.82,114.57941225806411,10808.890213192917,1.6011508777634752e-11,94.1376956383287,BUY,0.8,"The price is trending upwards, indicated by the SMA20 and SMA60. RSI is neutral, not indicating overbought conditions, and volume is slightly elevated. Momentum is present; initiate a position to capitalize on continued growth.",111.25,110.41,54.5,1.2549,1370734,1.12,10.3,15.0,2.66,0.76,0,0.3,0.09,0.2
Day-143,google/gemma-3-27b-it,ENTJ,memory,flat,123,0.92,flat,115.93,114.91266884418265,10913.383055351462,1.6011508777634752e-11,94.1376956383287,HOLD,0.0,"The 20 and 60-day SMAs are nearly aligned, indicating a potential consolidation rather than a clear upward trend. RSI is neutral, and news sentiment is slightly positive but not strong enough to initiate a buy. Maintaining current position until a definitive momentum shift occurs.",111.78,110.56,53.3,1.4194,1132040,0.93,21.5,15.1,2.64,1.1,0,0.06,0.07,-0.01
Day-144,google/gemma-3-27b-it,ENTJ,memory,flat,123,0.92,flat,117.61,117.89783111678926,11071.534384023853,2.4017263166452125e-12,94.13769563832881,BUY,0.85,"The price is trending upwards, supported by the SMA indicators. RSI is neutral, allowing for further gains, and volume is slightly elevated. Momentum is key, and this presents a clear buying opportunity.",112.31,110.71,55.3,1.6664,1443913,1.17,18.2,15.0,2.67,1.44,0,0.42,0.18,0.25
Day-145,google/gemma-3-27b-it,ENTJ,memory,flat,123,0.92,flat,117.84,118.72070419500922,11093.186054020669,2.4017263166452125e-12,94.13769563832881,HOLD,0.0,"The 20 and 60 day SMAs are flat, indicating a lack of strong momentum. While the RSI is neutral, the negative news sentiment and volume ratio suggest caution. Maintaining current position until a clear trend emerges.",112.82,110.82,58.1,1.859,1026097,0.84,17.8,14.9,2.69,1.81,0,-0.5,0.11,-0.62
Day-146,google/gemma-3-27b-it,ENTJ,memory,flat,123,0.92,flat,120.2,120.08558357797476,11315.351015727125,4.803452633290423e-13,94.13769563832882,BUY,0.8,"The price is trending upwards, confirmed by the SMA20 and SMA60. RSI is high but not overbought, indicating continued momentum. This aligns with my mandate to chase growth and capitalize on upward trends.",113.28,110.98,69.5,2.1771,1226157,1.0,18.1,15.0,2.66,2.07,1,0.32,0.12,0.2
Day-147,google/gemma-3-27b-it,ENTJ,memory,flat,123,0.92,flat,119.16,119.61318556226685,11217.447812263263,9.606905266580846e-14,94.13769563832882,BUY,0.8,"The 20/60 SMA crossover confirms an upward trend, indicating strong momentum. Despite the high RSI, the overall trend is positive, aligning with my growth mandate. I will allocate a significant portion of available capital to capitalize on this opportunity.",113.7,111.11,71.6,2.3189,1494299,1.2,17.0,14.9,2.68,2.34,1,-0.24,0.01,-0.25
Day-148,google/gemma-3-27b-it,ENTJ,memory,flat,123,0.92,flat,120.26,120.74591968340367,11320.999277465424,11320.999277465424,0.0,SELL,1.0,"RSI is overbought at 81.0, indicating a potential trend reversal. While the SMAs show an upward trend, the negative news sentiment and high RSI suggest a weakening momentum, necessitating a full exit.",114.09,111.27,81.0,2.4915,1071866,0.87,15.6,14.9,2.68,2.53,1,-0.07,-0.01,-0.06
Day-149,google/gemma-3-27b-it,ENTJ,memory,flat,123,0.92,flat,125.25,124.57144285919964,11320.999277465424,11320.999277465424,0.0,SELL,1.0,"RSI is overbought at 83.8, indicating a potential trend reversal. While the SMA trend is positive, the overbought condition suggests limited upside and increased risk of a correction. Protecting capital and awaiting a more favorable entry point aligns with disciplined momentum trading.",114.63,111.6,83.8,2.9958,1050636,0.86,14.4,15.1,2.65,2.71,1,0.11,-0.08,0.18
Day-150,google/gemma-3-27b-it,ENTJ,memory,flat,123,0.92,flat,124.33,124.01295226740483,11320.999277465424,2264.199855493085,72.84484373821554,BUY,0.8,"The 20 and 60-day SMAs confirm an upward trend. Despite the high RSI, the momentum is strong, and my mandate prioritizes growth through trend following. I will allocate a significant portion of available capital to capitalize on this opportunity.",115.1,111.89,79.8,3.2836,1165943,0.95,15.4,15.0,2.66,2.87,1,-0.21,-0.02,-0.19
Day-151,google/gemma-3-27b-it,ENTJ,memory,flat,123,0.92,flat,124.13,124.40621869554509,11306.43030871778,1471.7299060705054,79.2290373209319,BUY,0.35,"The 20/60 SMA indicates a strong upward trend. Despite the high RSI, the momentum is clearly positive, aligning with my growth mandate. I will initiate a partial buy to capitalize on this trend.",115.6,112.21,78.1,3.4559,1068029,0.87,11.2,15.0,2.67,3.03,1,-0.01,-0.08,0.07
Day-152,google/gemma-3-27b-it,ENTJ,memory,flat,123,0.92,flat,125.07,125.0768687253141,11380.905603799456,11380.905603799456,0.0,SELL,1.0,"RSI is overbought at 82.2, indicating a potential trend reversal. While the SMA trend is positive, the negative news sentiment and overbought RSI suggest a weakening momentum. Protecting profits is paramount.",116.31,112.5,82.2,3.6264,1338882,1.08,9.8,15.0,2.67,3.38,1,-0.13,-0.06,-0.07
Day-153,google/gemma-3-27b-it,ENTJ,memory,flat,123,0.92,flat,125.8,125.82637811261151,11380.905603799456,11380.905603799456,0.0,SELL,1.0,"RSI is extremely overbought at 79.9, indicating a potential trend reversal. While the SMAs show an upward trend, the negative news sentiment and high RSI suggest the momentum is fading. Protecting capital is paramount; exiting now secures gains and avoids a potential correction.",117.13,112.9,79.9,3.7765,1307216,1.04,10.0,15.0,2.67,3.75,1,-0.07,-0.06,-0.01
Day-154,google/gemma-3-27b-it,ENTJ,memory,flat,123,0.92,flat,122.42,122.35971960160859,11380.905603799456,2276.181120759891,74.37285151968277,BUY,0.8,"The 20/60 SMA indicates a strong upward trend. RSI is healthy, suggesting room for growth, and news sentiment is positive. Momentum is present; capitalize on it.",117.9,113.2,63.4,3.5815,1263080,1.0,10.5,15.0,2.67,4.16,1,0.63,0.04,0.59
Day-155,google/gemma-3-27b-it,ENTJ,memory,flat,123,0.92,flat,117.76,117.88715514504715,11034.328115717735,1251.89961641794,83.07089418563004,BUY,0.45,"The 20-day SMA is above the 60-day SMA, indicating an upward trend. Despite negative news sentiment, the RSI is neutral, and the volume ratio suggests increasing interest, supporting a momentum-based buy decision.",118.38,113.29,52.5,3.0163,1485148,1.17,9.5,15.0,2.67,4.49,1,-0.56,-0.03,-0.53
Day-156,google/gemma-3-27b-it,ENTJ,memory,flat,123,0.92,flat,114.94,115.54207544120251,10800.068194114257,250.3799232835879,91.78430721098546,BUY,0.8,"The 20-day SMA is above the 60-day SMA, indicating an upward trend. While news sentiment is slightly negative, the primary mandate is to chase momentum, and the technical indicators support a bullish position. I will allocate a significant portion of available capital to capitalize on this potential growth.",118.64,113.33,50.2,2.314,1157984,0.92,9.5,14.9,2.68,4.69,1,-0.06,-0.04,-0.03
Day-157,google/gemma-3-27b-it,ENTJ,memory,flat,123,0.92,flat,115.71,115.96560042498045,10870.742110666715,200.30393862687032,92.21707866251703,BUY,0.2,"The 20-day SMA is above the 60-day SMA, indicating an upward trend. Momentum is present, and my mandate is to chase growth by capitalizing on upward trends. A small position is initiated to capitalize on potential gains.",118.89,113.38,49.6,1.7993,1222021,0.97,7.8,15.0,2.67,4.86,1,0.12,0.01,0.11
Day-158,google/gemma-3-27b-it,ENTJ,memory,flat,123,0.92,flat,117.03,117.29248913760087,10992.468654501237,40.06078772537404,93.58632715351503,BUY,0.8,"The 20-day SMA is above the 60-day SMA, indicating an upward trend. Despite negative news sentiment, the momentum is positive, aligning with my growth mandate. I will allocate a significant portion of available capital to capitalize on this trend.",119.25,113.45,48.9,1.4807,1231658,0.99,14.7,15.0,2.67,5.11,1,-0.34,-0.04,-0.3
Day-159,google/gemma-3-27b-it,ENTJ,memory,flat,123,0.92,flat,116.1,116.08901078291598,10905.43337024847,26.039512021493127,93.70709610875949,BUY,0.35,"The 20-day SMA is above the 60-day SMA, indicating an upward trend. Despite slightly negative news sentiment, the momentum is positive, aligning with my growth mandate. I will initiate a partial buy to capitalize on this trend.",119.39,113.57,46.7,1.1399,1352537,1.08,11.6,15.0,2.67,5.12,1,-0.05,-0.18,0.13
Day-160,google/gemma-3-27b-it,ENTJ,memory,flat,123,0.92,flat,118.98,119.36695225324334,11175.309807041698,20.831609617194502,93.7508673510212,BUY,0.2,"The 20-day SMA is above the 60-day SMA, indicating an upward trend. Despite a neutral RSI, the positive trend and my mandate to chase growth necessitate a buy order. I will allocate a portion of my cash to capitalize on this momentum.",119.49,113.74,47.7,1.0898,1113678,0.9,10.7,15.0,2.68,5.05,1,0.09,-0.05,0.14
Day-161,google/gemma-3-27b-it,ENTJ,memory,flat,123,0.92,flat,119.13,119.06134462800817,11189.37243714435,17.290235982271437,93.78059431849306,BUY,0.17,"The 20-day SMA is above the 60-day SMA, indicating an upward trend. Momentum is positive, and my mandate is to chase growth by buying into uptrends. This is a calculated risk with potential for significant gains.",119.62,113.97,49.9,1.0496,1377766,1.11,10.5,15.0,2.67,4.96,1,0.11,-0.01,0.12
Day-162,google/gemma-3-27b-it,ENTJ,memory,flat,123,0.92,flat,119.05,119.14546973886732,11181.86998959887,1.3832188785817134,93.91421058983863,BUY,0.92,"The 20-day SMA is above the 60-day SMA, indicating an upward trend. Despite neutral news sentiment and a moderate RSI, the momentum suggests continued growth, aligning with my core mandate. I will allocate a significant portion of available capital to capitalize on this opportunity.",119.84,114.24,47.5,1.0001,1092656,0.89,7.5,15.0,2.67,4.9,1,0.25,0.01,0.24
Day-163,google/gemma-3-27b-it,ENTJ,memory,flat,123,0.92,flat,118.37,118.71977734046455,11118.008326397781,1.2587291795093591,93.9152622895858,BUY,0.09,"The 20-day SMA is above the 60-day SMA, indicating an upward trend. Despite the RSI being relatively low, the overall momentum suggests a buying opportunity to capitalize on potential gains, aligning with my growth mandate.",119.96,114.43,33.2,0.896,1488522,1.19,13.7,15.0,2.67,4.83,1,0.33,0.14,0.18
Day-164,google/gemma-3-27b-it,ENTJ,memory,flat,123,0.92,flat,118.44,119.07415374696572,11124.582394758052,0.9440468846320194,93.91791918163982,BUY,0.25,"The 20-day SMA is above the 60-day SMA, indicating an upward trend. Despite negative news sentiment and a slightly low RSI, the overall momentum suggests a buying opportunity to capitalize on potential gains. I am initiating a partial position.",120.0,114.65,35.0,0.8091,1476215,1.18,15.1,14.9,2.68,4.67,1,-0.1,0.14,-0.23
Day-165,google/gemma-3-27b-it,ENTJ,memory,flat,123,0.92,flat,120.98,120.79995599871971,11363.133909479417,0.23601172115800484,93.92377167927144,BUY,0.75,"The 20/60 SMA indicates an upward trend, confirming momentum. Despite a neutral RSI, the overall trend is positive, aligning with my growth mandate. I will allocate a significant portion of available capital to capitalize on this opportunity.",120.16,114.9,42.8,0.9347,1199762,0.95,12.0,15.0,2.66,4.58,1,0.03,0.12,-0.1
Day-166,google/gemma-3-27b-it,ENTJ,memory,flat,123,0.92,flat,122.59,122.45565813032428,11514.351181883043,0.18644925971482382,93.92417597376074,BUY,0.21,"The price is trending upwards, confirmed by the SMA20 and SMA60. While news sentiment is slightly negative, the overall momentum suggests a buying opportunity to capitalize on continued growth.",120.28,115.13,44.5,1.1513,1439925,1.13,9.8,15.0,2.66,4.47,1,-0.43,0.02,-0.44
Day-167,google/gemma-3-27b-it,ENTJ,memory,flat,123,0.92,flat,120.54,120.31105706662227,11321.806621136837,0.13983694478611786,93.92456266958726,BUY,0.25,"The 20-day SMA is above the 60-day SMA, indicating an upward trend. Despite negative news sentiment, the overall momentum suggests a buying opportunity to capitalize on potential gains, aligning with my growth mandate.",120.34,115.31,39.0,1.1437,1197155,0.95,8.5,15.0,2.66,4.37,1,-0.02,-0.04,0.02
Day-168,google/gemma-3-27b-it,ENTJ,memory,flat,123,0.92,flat,124.28,124.07097820554334,11673.08448552109,0.11186955582889428,93.92478770490233,BUY,0.2,"The price is trending upwards, confirmed by the SMA20 and SMA60. Despite negative news sentiment, the momentum is positive, aligning with my core mandate for growth. I will initiate a partial buy to capitalize on this upward trajectory.",120.54,115.63,53.8,1.4232,1270601,1.0,11.3,15.0,2.66,4.25,1,-0.44,-0.19,-0.25
Day-169,google/gemma-3-27b-it,ENTJ,memory,flat,123,0.92,flat,121.62,121.4197168338873,11423.244550226053,0.08390216687167071,93.92501766205541,BUY,0.25,"The price is trending upwards, supported by the SMA20 and SMA60. RSI is healthy, indicating room for growth, and the volume ratio suggests increasing interest. Momentum is key, and this presents a clear buying opportunity.",120.36,115.9,58.6,1.4136,1373844,1.07,9.4,15.0,2.66,3.85,1,0.0,-0.17,0.17
Day-170,google/gemma-3-27b-it,ENTJ,memory,flat,123,0.92,flat,121.76,121.64875292735408,11436.39405269874,0.06292662515375302,93.92518993161617,BUY,0.25,"The price is trending upwards, confirmed by the SMA20 and SMA60. RSI is healthy, indicating room for growth, and volume is slightly elevated. Momentum is present; capitalize on it.",120.23,116.09,67.4,1.4015,1379302,1.07,8.8,15.0,2.66,3.57,1,0.25,-0.13,0.37
Day-171,google/gemma-3-27b-it,ENTJ,memory,flat,123,0.92,flat,120.52,121.01928177214103,11319.926817183534,0.05034130012300242,93.92529435681557,BUY,0.2,"The 20-day SMA is above the 60-day SMA, indicating an upward trend. RSI is moderately bullish, and volume is slightly elevated, supporting continued momentum. This aligns with my mandate to chase growth and capitalize on upward trends.",120.05,116.35,62.0,1.2771,1442931,1.1,8.5,14.9,2.68,3.18,1,0.12,-0.02,0.14
Day-172,google/gemma-3-27b-it,ENTJ,memory,flat,123,0.92,flat,118.43,118.542322989978,11123.622951977792,0.037755975092251814,93.92540062486447,BUY,0.25,"The 20-day SMA is above the 60-day SMA, indicating an upward trend. Despite neutral news sentiment, the RSI is within a reasonable range, suggesting potential for continued momentum. I am initiating a partial buy to capitalize on this trend.",119.72,116.58,53.3,0.9981,1230883,0.94,12.4,15.0,2.67,2.69,1,0.03,-0.01,0.03
Day-173,google/gemma-3-27b-it,ENTJ,memory,flat,123,0.92,flat,117.62,118.39987196637504,11047.543377471651,0.02831698131918886,93.92548087476901,BUY,0.25,"The 20-day SMA is above the 60-day SMA, indicating an upward trend. Despite neutral news sentiment, the momentum is positive, aligning with my growth mandate. I will initiate a partial buy to capitalize on this trend.",119.31,116.83,53.7,0.7036,1296872,0.99,16.4,14.9,2.68,2.13,1,0.24,0.13,0.11
Day-174,google/gemma-3-27b-it,ENTJ,memory,flat,123,0.92,flat,117.54,116.69356140985295,11040.029339001669,0.02831698131918886,93.92548087476901,HOLD,0.0,"The 20 and 60 day SMAs are nearly aligned, indicating a potential consolidation rather than a clear trend. RSI is neutral, and news sentiment is slightly positive but not strong enough to initiate a buy. Maintaining current position until a decisive trend emerges.",119.07,117.04,46.0,0.4586,1284944,0.98,18.5,15.1,2.65,1.73,0,0.32,0.19,0.13
Day-175,google/gemma-3-27b-it,ENTJ,memory,flat,123,0.92,flat,116.89,116.89890605560774,10978.977776433068,0.02831698131918886,93.92548087476901,HOLD,0.0,"The 20 and 60 day SMAs are nearly aligned, indicating a potential consolidation rather than a clear trend. RSI is neutral and news sentiment is slightly negative, not providing a strong signal for either buying or selling. Maintaining current position pending clearer momentum.",119.03,117.23,43.9,0.2099,1252784,0.97,13.2,15.0,2.67,1.53,0,-0.25,0.09,-0.34
Day-176,google/gemma-3-27b-it,ENTJ,memory,flat,123,0.92,flat,118.48,117.88047998933631,11128.319291023952,0.02831698131918886,93.92548087476901,HOLD,0.0,"The 20/60 SMA crossover is neutral, indicating no strong momentum. RSI is near 50, suggesting a lack of clear direction. Maintaining current position until a definitive trend emerges.",119.2,117.38,48.6,0.1394,1347336,1.03,14.2,15.1,2.65,1.56,0,0.36,0.14,0.22
Day-177,google/gemma-3-27b-it,ENTJ,memory,flat,123,0.92,flat,121.09,121.43872530449835,11373.464796107099,0.02831698131918886,93.92548087476901,HOLD,0.0,"The 20 and 60 day SMAs are aligned, indicating a stable trend. While news sentiment is slightly negative, the RSI is neutral, and implied volatility is low. Maintaining current position to observe further development.",119.47,117.58,56.2,0.2904,1129792,0.87,10.3,15.0,2.67,1.61,0,-0.23,0.09,-0.32
Day-178,google/gemma-3-27b-it,ENTJ,memory,flat,123,0.92,flat,122.2,122.22425357366764,11477.722079878093,0.02831698131918886,93.92548087476901,HOLD,0.0,"The 20 and 60 day SMAs are nearly identical, indicating a stalled trend. RSI is neutral. While news sentiment is slightly negative, it's not enough to trigger a sell given the lack of clear momentum.",119.73,117.78,58.2,0.4938,1032648,0.8,9.1,15.0,2.67,1.66,0,-0.13,0.01,-0.15
Day-179,google/gemma-3-27b-it,ENTJ,memory,flat,123,0.92,flat,120.84,120.7754449617356,11349.983425888406,0.021237735989391646,93.92553945839471,BUY,0.25,"The 20 and 60-day SMAs indicate a stable, potentially upward trend. While RSI is neutral, the overall momentum suggests a buying opportunity to capitalize on potential growth. I will initiate a partial position.",119.97,117.9,49.7,0.5395,1259349,0.98,7.5,15.0,2.67,1.75,0,0.22,-0.01,0.22
Day-180,google/gemma-3-27b-it,ENTJ,memory,flat,123,0.92,flat,119.79,119.86913408871753,11251.361609457092,0.021237735989391646,93.92553945839471,HOLD,0.0,"The 20/60 SMA crossover is neutral, indicating no strong momentum. RSI is neutral, and news sentiment is slightly positive but not enough to trigger a buy. Maintaining current position until a clear trend emerges.",120.01,118.0,43.4,0.485,1214183,0.94,7.5,15.0,2.67,1.7,0,0.05,0.05,0.0
Day-181,google/gemma-3-27b-it,ENTJ,memory,flat,123,0.92,flat,120.3,120.24125232023803,11299.263634580873,0.021237735989391646,93.92553945839471,HOLD,0.0,"The 20 and 60-day SMAs are essentially flat, indicating a lack of strong momentum. RSI is neutral. While news sentiment is slightly negative, it's not enough to trigger a sell given the current lack of a clear trend.",120.07,118.13,49.4,0.4781,1263595,0.98,10.1,15.0,2.67,1.64,0,-0.01,-0.02,0.01
Day-182,google/gemma-3-27b-it,ENTJ,memory,flat,123,0.92,flat,121.01,120.502364741792,11365.950767596334,0.021237735989391646,93.92553945839471,HOLD,0.0,"The trend is flat, indicated by the SMA20 and SMA60 being nearly aligned. While the RSI is low, suggesting potential for a bounce, the news sentiment is neutral and volume is unremarkable. Maintaining current position until a clear momentum shift emerges.",120.16,118.33,40.2,0.5238,1306450,1.01,10.3,15.1,2.66,1.55,0,0.05,0.04,0.02
Day-183,google/gemma-3-27b-it,ENTJ,memory,flat,123,0.92,flat,123.82,124.10911799984365,11629.881533474421,0.021237735989391646,93.92553945839471,HOLD,0.0,"The 20 and 60-day SMAs are indicating a neutral trend (0). RSI is moderate, and news sentiment is slightly positive, but not strong enough to initiate a buy. Maintaining current position pending a clearer momentum signal.",120.44,118.62,56.6,0.7774,1182463,0.92,8.5,15.0,2.67,1.53,0,0.39,0.14,0.25
Day-184,google/gemma-3-27b-it,ENTJ,memory,flat,123,0.92,flat,127.0,127.659711652534,11928.564748952118,0.021237735989391646,93.92553945839471,HOLD,0.0,"The 20 and 60 day SMAs are essentially flat, indicating a lack of strong momentum. While the RSI is neutral, the news sentiment is negligible and volume is slightly below average. No clear signal to buy or sell exists at this time.",120.86,119.02,63.2,1.221,1153486,0.91,7.5,14.9,2.68,1.55,0,0.02,0.1,-0.08
Day-185,google/gemma-3-27b-it,ENTJ,memory,flat,123,0.92,flat,127.22,126.78458973843337,11949.228367632963,0.015928301992043734,93.92558119266603,BUY,0.25,"The price is trending upwards, supported by the SMA20 and SMA60. RSI is healthy, indicating room for growth, and the volume ratio suggests continued interest. Momentum is key, and this presents a buying opportunity.",121.18,119.4,67.8,1.5721,1337860,1.05,8.1,15.1,2.66,1.49,0,0.22,0.14,0.09
Day-186,google/gemma-3-27b-it,ENTJ,memory,flat,123,0.92,flat,125.22,125.43863314050272,11761.37720524763,0.015928301992043734,93.92558119266603,HOLD,0.0,"The 20 and 60-day SMAs are flat, indicating a lack of strong momentum. RSI is approaching overbought territory, but not yet signaling a reversal. Maintaining current position pending a clearer directional signal.",121.31,119.71,68.2,1.6695,1200242,0.95,8.4,15.0,2.67,1.34,0,0.22,0.18,0.03
Day-187,google/gemma-3-27b-it,ENTJ,memory,flat,123,0.92,flat,119.51,119.22060112656283,11225.062136637509,0.015928301992043734,93.92558119266603,HOLD,0.0,"The 20 and 60-day SMAs are nearly aligned, indicating a potential continuation of the current trend. While not a strong buy signal, the RSI is neutral and volume is slightly elevated. Maintaining current position to observe further development.",121.26,119.88,54.0,1.2719,1416567,1.12,7.8,15.0,2.66,1.15,0,0.63,0.3,0.33
Day-188,google/gemma-3-27b-it,ENTJ,memory,flat,123,0.92,flat,118.25,117.95428801113135,11106.71590433475,0.015928301992043734,93.92558119266603,HOLD,0.0,"The price is below both the 20 and 60-day SMAs, indicating a lack of clear upward momentum. While the RSI is neutral, the news sentiment is slightly positive, it's insufficient to override the bearish trend signal. Maintaining current position until a definitive trend reversal is observed.",120.95,120.05,51.4,0.8449,1381137,1.08,13.5,15.0,2.66,0.75,0,0.41,0.3,0.11
Day-189,google/gemma-3-27b-it,ENTJ,memory,flat,123,0.92,flat,115.6,115.70409253796552,10857.813114174183,0.015928301992043734,93.92558119266603,HOLD,0.0,"The 20/60 SMA indicates a neutral trend, and the RSI is near 50. While not a strong buy signal, it's not a sell either. Maintaining current position pending clearer momentum.",120.65,120.1,47.6,0.2893,1450675,1.13,14.8,15.0,2.67,0.46,0,0.21,0.34,-0.13
Day-190,google/gemma-3-27b-it,ENTJ,memory,flat,123,0.92,flat,115.06,114.92037720024018,10807.093300330145,0.015928301992043734,93.92558119266603,HOLD,0.0,"The SMA indicators are flat, suggesting a lack of clear momentum. RSI is neutral, and volume is slightly below average. Maintaining current position until a definitive trend emerges.",120.32,120.06,43.3,-0.1922,1048091,0.83,11.0,15.0,2.66,0.22,0,0.22,0.34,-0.12
Day-191,google/gemma-3-27b-it,ENTJ,memory,flat,123,0.92,flat,115.26,115.85868332458055,10825.878416568677,0.015928301992043734,93.92558119266603,HOLD,0.0,"The SMA indicators are flat, indicating a lack of clear momentum. RSI is low, but not low enough to trigger a buy signal based on my mandate. Maintaining current position and awaiting a definitive trend.",120.06,120.03,37.5,-0.5512,1080444,0.87,15.7,14.9,2.68,0.02,0,0.05,0.3,-0.25
Day-192,google/gemma-3-27b-it,ENTJ,memory,flat,123,0.92,flat,116.34,116.30488334151813,10927.318044256757,0.015928301992043734,93.92558119266603,HOLD,0.0,"The 20/60 SMA indicates a flat trend, offering no clear momentum signal. RSI is low but doesn't override the lack of a defined trend. Maintaining current position until a decisive breakout occurs.",119.95,120.06,37.4,-0.7402,1303930,1.05,11.7,15.0,2.67,-0.09,0,-0.05,0.17,-0.22
Day-193,google/gemma-3-27b-it,ENTJ,memory,flat,123,0.92,flat,116.47,116.2700715061457,10939.528369811804,0.015928301992043734,93.92558119266603,HOLD,0.0,"The price is below both the 20 and 60-day SMAs, indicating a lack of strong upward momentum. While the RSI is approaching oversold territory, the negative news sentiment and flat trend suggest caution. Maintaining current position until a clear trend emerges.",119.89,120.08,40.1,-0.8691,1354232,1.08,10.2,15.0,2.66,-0.15,0,-0.0,0.09,-0.09
Day-194,google/gemma-3-27b-it,ENTJ,memory,flat,123,0.92,flat,116.47,116.7701333298484,10939.528369811804,0.015928301992043734,93.92558119266603,HOLD,0.0,"The price is below both the 20 and 60-day SMAs, indicating a lack of strong upward momentum. While the RSI isn't deeply oversold, the neutral news sentiment and volume ratio don't support initiating a buy. Maintaining current position until a clear trend emerges.",119.84,120.05,42.1,-0.9605,1105471,0.89,11.7,15.0,2.67,-0.18,0,0.01,0.04,-0.04
Day-195,google/gemma-3-27b-it,ENTJ,memory,flat,123,0.92,flat,116.33,116.51091672834015,10926.37878844483,0.015928301992043734,93.92558119266603,HOLD,0.0,"The trend, as indicated by the SMAs, is flat, not up. RSI is neutral, and news sentiment is slightly negative. No clear momentum signal exists to justify a buy or sell.",119.81,120.02,40.4,-1.0321,1012144,0.82,14.1,15.0,2.67,-0.18,0,-0.13,-0.03,-0.11
Day-196,google/gemma-3-27b-it,ENTJ,memory,flat,123,0.92,flat,117.2,117.00601609476284,11008.09404408245,0.015928301992043734,93.92558119266603,HOLD,0.0,"The trend, as indicated by the SMAs, is flat, offering no clear momentum signal. The RSI is approaching oversold territory, but news sentiment is negative, creating conflicting signals. Maintaining current position until a definitive trend emerges.",119.75,119.96,40.8,-1.0072,1430785,1.16,18.6,15.0,2.66,-0.18,0,-0.12,-0.06,-0.06
Day-197,google/gemma-3-27b-it,ENTJ,memory,flat,123,0.92,flat,110.37,109.71699227165665,10366.582324536543,0.0015928301992043734,93.92571107824901,BUY,0.9,"The RSI is deeply oversold at 22.9, indicating a potential reversal. While news sentiment is slightly negative, the primary mandate is growth through momentum, and this presents a buying opportunity to capitalize on a potential upward swing.",119.21,119.79,22.9,-1.5208,1389088,1.11,14.9,15.1,2.65,-0.48,0,-0.02,-0.05,0.04
Day-198,google/gemma-3-27b-it,ENTJ,memory,flat,123,0.92,flat,109.16,109.16040250593322,10252.93221413186,0.00015928301992043734,93.92572421078088,BUY,0.9,"The RSI is extremely low, indicating a potential reversal and buying opportunity. Despite negative news sentiment, the primary mandate is growth and momentum, and a low RSI suggests an upcoming upward trend. I am allocating a significant portion of available capital to capitalize on this potential swing.",118.56,119.57,10.9,-2.0027,1460575,1.15,13.3,15.0,2.67,-0.84,0,-0.1,-0.07,-0.02
Day-199,google/gemma-3-27b-it,ENTJ,memory,flat,123,0.92,flat,108.75,108.95134089120992,10214.422667205441,0.0,93.92572567545233,BUY,1.0,"The RSI is deeply oversold at 9.9, indicating a potential reversal. Despite negative news sentiment, the primary mandate is growth and momentum, and a bounce is anticipated. This presents a high-probability entry point.",117.96,119.24,9.9,-2.3902,1144849,0.91,14.1,15.0,2.67,-1.07,0,-0.06,-0.09,0.03
Day-200,google/gemma-3-27b-it,ENTJ,memory,flat,123,0.92,flat,108.17,108.24272232738943,10159.945746313679,0.0,93.92572567545233,BUY,0.95,"The RSI is deeply oversold at 10.6, indicating a potential reversal. While news sentiment is slightly negative, the primary mandate is momentum, and a bounce is anticipated. I'm allocating a significant portion of available capital to capitalize on this potential upswing.",117.38,118.91,10.6,-2.7123,1254878,0.99,14.0,15.0,2.67,-1.29,0,-0.05,-0.07,0.02
Day-201,google/gemma-3-27b-it,ENTJ,memory,flat,123,0.92,flat,108.26,107.80426364693095,10168.39906162447,0.0,93.92572567545233,BUY,0.9,"The RSI is deeply oversold at 14.8, indicating a potential reversal. While the current price is below the SMAs, a strong bounce is anticipated given the low RSI and positive volume ratio, aligning with a momentum-based growth strategy.",116.77,118.59,14.8,-2.9267,1363413,1.07,11.9,15.1,2.66,-1.54,0,0.27,0.01,0.26
Day-202,google/gemma-3-27b-it,ENTJ,memory,flat,123,0.92,flat,109.08,109.36417971944059,10245.418156678339,0.0,93.92572567545233,BUY,0.9,"The RSI is deeply oversold at 20.5, indicating a potential reversal. While current price is below the SMAs, a strong bounce is anticipated given the low RSI and positive volume ratio, aligning with a momentum-based growth strategy.",116.18,118.27,20.5,-2.9962,1312923,1.03,13.3,15.0,2.67,-1.77,0,0.24,0.06,0.18
Day-203,google/gemma-3-27b-it,ENTJ,memory,flat,123,0.92,flat,107.97,108.09617119096025,10141.160601178588,0.0,93.92572567545233,BUY,0.9,"The RSI is deeply oversold at 22.8, indicating a potential reversal. While the short-term trend is down, the overall momentum strategy dictates capitalizing on potential upswings from oversold conditions. I am initiating a substantial position to maximize gains from the anticipated rebound.",115.38,117.92,22.8,-3.1051,1006214,0.8,12.7,15.0,2.67,-2.15,-1,0.31,0.14,0.17
Day-204,google/gemma-3-27b-it,ENTJ,memory,flat,123,0.92,flat,112.75,112.99407083649022,10590.12556990725,0.0,93.92572567545233,HOLD,0.0,"The 20/60 SMA trend is negative, indicating a weakening momentum. While the RSI isn't deeply oversold, the overall trend is not supportive of a buy signal. Maintaining current position and awaiting a clearer signal.",114.67,117.72,43.7,-2.7734,1254931,0.99,11.4,15.0,2.67,-2.59,-1,0.37,0.23,0.15
Day-205,google/gemma-3-27b-it,ENTJ,memory,flat,123,0.92,flat,114.52,114.59466906790881,10756.3741043528,0.0,93.92572567545233,HOLD,0.0,"The 20-day SMA is below the 60-day SMA, indicating a downtrend. While the RSI is neutral, the negative news sentiment and declining trend override any potential for a momentum-based buy. Maintaining current position until a clear upward trend emerges.",114.04,117.66,48.1,-2.3412,1490931,1.17,11.2,15.0,2.67,-3.08,-1,-0.22,0.19,-0.41
Day-206,google/gemma-3-27b-it,ENTJ,memory,flat,123,0.92,flat,114.7,114.61459365394919,10773.280734974382,0.0,93.92572567545233,BUY,0.85,"The 20-day SMA is below the 60-day SMA, indicating a downtrend, but the price is currently above both SMAs. This suggests a potential trend reversal, and as a Momentum Commander, I will capitalize on this opportunity for growth with a significant position.",113.51,117.66,45.7,-1.9611,1116167,0.88,12.4,15.0,2.66,-3.52,-1,0.01,0.14,-0.13
Day-207,google/gemma-3-27b-it,ENTJ,memory,flat,123,0.92,flat,114.55,114.17608869958995,10759.191876123065,0.0,93.92572567545233,BUY,0.8,"The 20-day SMA is below the 60-day SMA, indicating a downtrend, but the price is currently above both. This suggests a potential reversal and momentum shift, aligning with my growth mandate. I will initiate a position with 80% of available funds.",113.26,117.63,44.9,-1.6533,1227965,0.98,10.8,15.0,2.66,-3.71,-1,0.09,0.11,-0.02
Day-208,google/gemma-3-27b-it,ENTJ,memory,flat,123,0.92,flat,112.88,114.01288275776076,10602.335914245059,0.0,93.92572567545233,HOLD,0.0,"The 20-day SMA is trending down relative to the 60-day SMA, indicating a weakening momentum. While the RSI is not yet oversold, the negative trend signal overrides any potential for immediate buying. Maintaining current position until a clear reversal emerges.",113.0,117.55,41.3,-1.5262,1403756,1.11,16.0,14.9,2.69,-3.87,-1,0.13,0.08,0.05
Day-209,google/gemma-3-27b-it,ENTJ,memory,flat,123,0.92,flat,112.2,111.97832292584953,10538.466420785751,0.0,93.92572567545233,HOLD,0.0,"The 20-day SMA is trending down relative to the 60-day SMA, indicating a weakening momentum. While the RSI is approaching oversold territory, the negative trend overrides this signal. Maintaining current position until a clear upward trend emerges.",112.83,117.47,40.2,-1.4634,1133059,0.91,12.1,15.0,2.66,-3.95,-1,0.15,0.03,0.12
Day-210,google/gemma-3-27b-it,ENTJ,memory,flat,123,0.92,flat,111.4,111.79884799097661,10463.32584024539,0.0,93.92572567545233,BUY,0.3,"The RSI is low, indicating a potential buying opportunity. While the short-term trend is slightly down, the overall momentum is still present, and my mandate is to chase growth. A calculated entry point now aligns with my strategy.",112.64,117.32,36.2,-1.462,1203344,0.96,13.6,14.9,2.68,-3.99,-1,0.43,0.16,0.26
Day-211,google/gemma-3-27b-it,ENTJ,memory,flat,123,0.92,flat,112.72,112.45744987956519,10587.307798136986,0.0,93.92572567545233,HOLD,0.0,"The 20-day SMA is trending downwards relative to the 60-day SMA, indicating a weakening momentum. While the RSI is neutral, the negative news sentiment and lack of strong volume suggest caution. Maintaining current position until a clearer trend emerges.",112.51,117.19,57.5,-1.3387,1345226,1.06,13.1,15.0,2.66,-3.99,-1,-0.16,0.13,-0.29
Day-212,google/gemma-3-27b-it,ENTJ,memory,flat,123,0.92,flat,114.42,113.80264444985897,10746.981531785255,0.0,93.92572567545233,BUY,0.8,"The 20-day SMA is below the 60-day SMA, indicating a downward trend, but the price is currently above both. Momentum is key, and a potential reversal is indicated; initiating a position to capitalize on a possible upward swing.",112.42,117.1,66.4,-1.0911,1224946,0.97,14.9,15.1,2.65,-4.0,-1,0.07,0.12,-0.05
Day-213,google/gemma-3-27b-it,ENTJ,memory,flat,123,0.92,flat,115.59,115.16427124356782,10856.874630825534,10856.874630825534,0.0,SELL,1.0,"The RSI is over 70, indicating overbought conditions and a potential trend reversal. News sentiment is negative, further supporting a sell signal. Momentum is waning, and protecting profits is paramount.",112.38,117.04,70.3,-0.791,1477037,1.16,12.9,15.1,2.66,-3.99,-1,-0.37,0.02,-0.39
Day-214,google/gemma-3-27b-it,ENTJ,memory,flat,123,0.92,flat,114.63,114.56725194144208,10856.874630825534,1628.5311946238307,80.50548230133215,BUY,0.85,"The 20-day SMA is below the 60-day SMA, indicating a downtrend, but the price is currently above both. RSI is healthy, and news sentiment is positive; a breakout is probable, and I will capitalize on the momentum.",112.28,116.97,68.7,-0.6239,1425097,1.11,11.6,15.0,2.67,-4.0,-1,0.13,0.02,0.11
Day-215,google/gemma-3-27b-it,ENTJ,memory,flat,123,0.92,flat,111.71,111.4014516881087,10621.798622505645,1628.5311946238307,80.50548230133215,HOLD,0.0,"The 20-day SMA is trending down relative to the 60-day SMA, indicating a weakening momentum. While the RSI is neutral, the negative news sentiment and volume ratio suggest potential further decline. Maintaining current position until a clear reversal emerges.",112.05,116.78,58.6,-0.7184,1144989,0.89,11.2,15.0,2.66,-4.05,-1,-0.48,-0.16,-0.32
Day-216,google/gemma-3-27b-it,ENTJ,memory,flat,123,0.92,flat,109.65,109.95358324031206,10455.957328964902,1628.5311946238307,80.50548230133215,HOLD,0.0,"The 20 and 60-day SMAs are trending downwards, indicating a weakening momentum. While the RSI is neutral, the negative trend overrides any potential buy signal. Maintaining current position and awaiting a clearer directional shift.",111.67,116.52,51.3,-0.9485,1000278,0.79,9.5,15.0,2.67,-4.16,-1,0.11,-0.11,0.22
Day-217,google/gemma-3-27b-it,ENTJ,memory,flat,123,0.92,flat,113.57,113.5907602386154,10771.538819586123,977.1187167742984,86.24126180163621,BUY,0.4,"The 20-day SMA is below the 60-day SMA, indicating a downward trend, but the price is currently above both. RSI is moderately high, suggesting continued momentum, and news sentiment is positive. I'm initiating a partial buy to capitalize on a potential trend reversal.",111.83,116.38,61.6,-0.8054,1268115,1.0,7.8,15.0,2.67,-3.91,-1,0.37,-0.05,0.42
Day-218,google/gemma-3-27b-it,ENTJ,memory,flat,123,0.92,flat,116.06,115.67948810662516,10986.279561472198,195.42374335485965,92.97652781421108,BUY,0.8,"The 20-day SMA is nearing the 60-day SMA, indicating a potential upward trend. Despite a slightly negative crossover, the RSI is neutral and volume is above average, suggesting continued momentum. I am initiating a buy position to capitalize on potential gains.",112.18,116.22,57.6,-0.4857,1426629,1.13,7.5,15.0,2.66,-3.48,-1,0.19,0.06,0.12
Day-219,google/gemma-3-27b-it,ENTJ,memory,flat,123,0.92,flat,116.21,116.57277138140836,11000.226040644327,195.42374335485965,92.97652781421108,HOLD,0.0,"The 20-day SMA is nearing the 60-day, indicating a potential trend shift, but hasn't fully crossed. RSI is neutral. Maintaining current position to observe further development before committing additional capital.",112.55,116.11,54.2,-0.218,1454588,1.14,14.0,15.0,2.68,-3.06,-1,-0.32,-0.03,-0.29
Day-220,google/gemma-3-27b-it,ENTJ,memory,flat,123,0.92,flat,114.93,114.84574040911073,10881.216085042139,195.42374335485965,92.97652781421108,HOLD,0.0,"The 20-day SMA is below the 60-day SMA, indicating a downtrend. While the RSI is neutral, the negative news sentiment and volume ratio suggest continued bearish pressure. Maintaining current position until a clear upward trend emerges.",112.89,115.97,50.5,-0.1072,1061011,0.84,13.6,15.0,2.66,-2.66,-1,-0.23,0.02,-0.26
Day-221,google/gemma-3-27b-it,ENTJ,memory,flat,123,0.92,flat,114.77,114.88857472769955,10866.339840591865,25.405086636131756,94.45791368786035,BUY,0.87,"The 20-day SMA is below the 60-day SMA, indicating a downward trend, but the price is currently above both. Momentum is key, and a rebound is likely, presenting a buying opportunity to capitalize on potential gains.",113.22,115.86,50.5,-0.0322,1445701,1.14,9.6,15.0,2.67,-2.28,-1,0.19,0.04,0.15
Day-222,google/gemma-3-27b-it,ENTJ,memory,flat,123,0.92,flat,112.02,112.07287950448799,10606.580577950248,25.405086636131756,94.45791368786035,HOLD,0.0,"The short-term trend is down, indicated by the price being below both the 20 and 60-day SMAs. While the RSI isn't deeply oversold, and the P/E is reasonable, my mandate prioritizes momentum, and momentum is currently negative. Maintaining current position.",113.36,115.73,48.1,-0.1927,1248838,0.98,8.4,15.0,2.67,-2.05,-1,-0.03,-0.04,0.01
Day-223,google/gemma-3-27b-it,ENTJ,memory,flat,123,0.92,flat,110.98,110.87579734857307,10508.344347714874,25.405086636131756,94.45791368786035,HOLD,0.0,"The 20/60 SMA indicates a downtrend, despite the RSI being neutral. News sentiment is negative, reinforcing the bearish outlook. Maintaining current position and awaiting a clear reversal signal.",113.51,115.6,47.3,-0.3992,1489600,1.15,7.6,15.0,2.66,-1.8,0,-0.65,-0.21,-0.44
Day-224,google/gemma-3-27b-it,ENTJ,memory,flat,123,0.92,flat,110.3,110.36649110699257,10444.112966407129,25.405086636131756,94.45791368786035,HOLD,0.0,"The price is below both the 20 and 60-day SMAs, indicating a downtrend. While the RSI is neutral, the overall momentum is negative. Maintaining current position and awaiting a clear upward trend reversal.",113.39,115.45,47.6,-0.6106,1400855,1.08,7.5,15.0,2.67,-1.79,0,0.43,-0.06,0.49
Day-225,google/gemma-3-27b-it,ENTJ,memory,flat,123,0.92,flat,109.6,109.6039886399291,10377.992426825627,25.405086636131756,94.45791368786035,HOLD,0.0,"The 20 and 60-day SMAs are trending downwards, indicating a weakening momentum. While the RSI isn't deeply oversold, the overall picture suggests a lack of strong upward pressure, and chasing a downtrend is not aligned with my mandate. Maintaining current position.",113.14,115.31,42.9,-0.8248,1083296,0.85,7.5,15.0,2.67,-1.88,0,0.06,-0.0,0.06
Day-226,google/gemma-3-27b-it,ENTJ,memory,flat,123,0.92,flat,111.62,111.75464573172007,10568.797412475105,25.405086636131756,94.45791368786035,HOLD,0.0,"The price is below both the 20 and 60-day SMAs, indicating a downtrend. While the RSI is not deeply oversold, the negative news sentiment and volume ratio below 1 confirm the bearish momentum. Maintaining current position until a clear upward trend emerges.",112.99,115.17,43.7,-0.822,1263493,0.98,7.7,15.0,2.67,-1.89,0,-0.43,-0.13,-0.3
Day-227,google/gemma-3-27b-it,ENTJ,memory,flat,123,0.92,flat,108.2,108.66081992633501,10245.751347662623,25.405086636131756,94.45791368786035,HOLD,0.0,"The 20/60 SMA crossover is not present, indicating no clear upward trend. RSI is neutral, and while news sentiment is slightly positive, it's insufficient to initiate a buy. Maintaining current position until a definitive momentum shift occurs.",112.67,114.91,34.9,-1.0832,1440638,1.11,7.5,14.9,2.68,-1.95,0,0.07,-0.11,0.18
Day-228,google/gemma-3-27b-it,ENTJ,memory,flat,123,0.92,flat,106.89,106.82827529742656,10122.011480731526,25.405086636131756,94.45791368786035,HOLD,0.0,"The 20/60 SMA indicates a downtrend, despite the RSI suggesting potential for a bounce. My mandate prioritizes momentum, and currently, momentum is negative. Maintaining current position until a clear upward trend emerges.",112.37,114.61,34.5,-1.3805,1406729,1.08,9.5,15.0,2.67,-1.95,0,0.66,0.16,0.51
Day-229,google/gemma-3-27b-it,ENTJ,memory,flat,123,0.92,flat,104.12,103.96235703571897,9860.363059816153,25.405086636131756,94.45791368786035,HOLD,0.0,"The 20/60 SMA trend is negative, indicating a weakening momentum. While the RSI suggests potential for a bounce, the negative news sentiment and overall trend outweigh this. Maintaining current position pending further confirmation.",111.97,114.27,34.7,-1.8184,1484056,1.13,10.9,15.0,2.66,-2.01,-1,-0.04,0.06,-0.11
Day-230,google/gemma-3-27b-it,ENTJ,memory,flat,123,0.92,flat,101.85,101.45159800387178,9645.94359574471,25.405086636131756,94.45791368786035,HOLD,0.0,"The 20/60 SMA trend is negative, indicating a weakening momentum. While the RSI suggests potential for a bounce, the negative news sentiment and overall trend outweigh this. Maintaining current position until a clear upward trend emerges.",111.49,113.91,34.4,-2.3224,1417105,1.07,8.5,15.1,2.66,-2.13,-1,-0.05,0.04,-0.09
Day-231,google/gemma-3-27b-it,ENTJ,memory,flat,123,0.92,flat,101.69,101.73413957059513,9630.83032955465,3.810762995419765,94.67026813412559,BUY,0.85,"The RSI is deeply oversold at 22.0, indicating a potential reversal. Despite negative news sentiment, the price is showing signs of stabilization and a potential break from the downward trend, aligning with my momentum-focused strategy.",110.94,113.54,22.0,-2.7029,1495573,1.12,9.3,15.0,2.67,-2.29,-1,-0.19,0.09,-0.28
Day-232,google/gemma-3-27b-it,ENTJ,memory,flat,123,0.92,flat,98.21,98.55887891301725,9301.377796447892,0.5716144493129649,94.70324999489442,BUY,0.85,"The RSI is deeply oversold at 9.8, indicating a potential reversal. While the SMA trend is slightly negative, the overall market conditions suggest a buying opportunity to capitalize on anticipated momentum. I am initiating a substantial position to maximize potential gains.",110.13,113.09,9.8,-3.2481,1262309,0.95,7.5,14.9,2.68,-2.61,-1,0.19,0.11,0.08
Day-233,google/gemma-3-27b-it,ENTJ,memory,flat,123,0.92,flat,99.83,100.08616856821529,9454.797061439624,0.21721349073892665,94.70680003955609,BUY,0.62,"The RSI is deeply oversold at 15.4, indicating a potential reversal. While the short-term trend is down, the overall mandate is growth and momentum, and this presents a buying opportunity to capitalize on a potential upswing.",109.34,112.61,15.4,-3.5086,1298133,0.98,10.0,15.0,2.67,-2.9,-1,0.08,-0.0,0.08
Day-234,google/gemma-3-27b-it,ENTJ,memory,flat,123,0.92,flat,99.85,99.6232115463662,9456.691197440412,0.16291011805419497,94.70734388905719,BUY,0.25,"The RSI is deeply oversold at 16.3, indicating a potential reversal. While the short-term trend is down, the overall mandate is growth and momentum, and a bounce is anticipated. This is a calculated risk for a significant gain.",108.6,112.06,16.3,-3.6718,1034925,0.79,12.4,15.0,2.66,-3.09,-1,0.24,0.05,0.19
Day-235,google/gemma-3-27b-it,ENTJ,memory,flat,123,0.92,flat,99.76,99.79029676070762,9448.1675364904,0.02443651770812924,94.70873195642233,BUY,0.85,"The RSI is deeply oversold at 16.4, indicating a potential reversal. While short-term trends are down, the core mandate prioritizes growth and capitalizing on momentum shifts, and this presents a buying opportunity.",108.01,111.51,16.4,-3.7646,1197030,0.91,10.3,15.0,2.67,-3.15,-1,-0.22,0.02,-0.24
Day-236,google/gemma-3-27b-it,ENTJ,memory,flat,123,0.92,flat,100.55,100.4663139267721,9522.987434735973,0.0012218258854064627,94.70896283351654,BUY,0.95,"The RSI is deeply oversold at 21.8, indicating a potential reversal. While the short-term trend is down, the overall mandate is growth and momentum, and a bounce is anticipated. I am deploying a significant portion of available capital to capitalize on this potential upswing.",107.55,111.02,21.8,-3.7316,1157754,0.88,8.8,15.0,2.66,-3.12,-1,0.22,0.1,0.12
Day-237,google/gemma-3-27b-it,ENTJ,memory,flat,123,0.92,flat,99.54,99.62759217545187,9427.331382274122,0.00012218258854064632,94.70897388076686,BUY,0.9,"The RSI is deeply oversold at 21.9, indicating a potential reversal. Despite negative news sentiment, the price is approaching a key support level and a bounce is anticipated, aligning with the momentum strategy.",106.85,110.62,21.9,-3.7438,1458510,1.1,7.5,15.0,2.67,-3.41,-1,-0.35,-0.01,-0.35
Day-238,google/gemma-3-27b-it,ENTJ,memory,flat,123,0.92,flat,102.26,101.7367658405118,9684.939791229808,0.00012218258854064632,94.70897388076686,HOLD,0.0,"The 20/60 SMA trend is negative, indicating a downtrend. While the RSI is low, suggesting a potential reversal, my mandate prioritizes momentum, and current indicators do not support a buy signal. Maintaining current position until a clear upward trend emerges.",106.16,110.3,32.0,-3.4933,1165612,0.89,8.4,15.1,2.65,-3.75,-1,0.15,0.01,0.14
Day-239,google/gemma-3-27b-it,ENTJ,memory,flat,123,0.92,flat,101.89,101.37250452733184,9649.897470893924,1.2218258854064632e-05,94.70897496001241,BUY,0.9,"The RSI is low, indicating a potential buying opportunity. While the short-term trend is down, the overall momentum strategy dictates capitalizing on potential reversals and chasing growth. I am allocating a significant portion of available capital based on this assessment.",105.44,110.03,32.5,-3.287,1443057,1.1,9.0,15.1,2.65,-4.17,-1,-0.24,-0.09,-0.15
Day-240,google/gemma-3-27b-it,ENTJ,memory,flat,123,0.92,flat,102.17,102.61491586631435,9676.415983882727,1.2218258854064628e-06,94.70897506764119,BUY,0.9,"The RSI is deeply oversold at 26.7, indicating a potential reversal. While the short-term trend is down, the overall market presents an opportunity for a momentum play, aligning with my growth mandate. I'm initiating a substantial position to capitalize on the anticipated upward movement.",104.81,109.77,26.7,-3.0653,1119599,0.85,14.2,14.9,2.68,-4.52,-1,0.01,-0.04,0.05
Day-241,google/gemma-3-27b-it,ENTJ,memory,flat,123,0.92,flat,102.63,102.237757155029,9719.98211241384,6.109129427032327e-08,94.70897507895108,BUY,0.95,"The RSI is low, indicating a potential buying opportunity. While short-term sentiment is negative, the overall trend, though declining, still suggests potential for recovery and momentum. I am allocating a significant portion of available capital to capitalize on this anticipated rebound.",104.2,109.52,33.9,-2.8204,1290995,0.99,12.9,15.1,2.66,-4.86,-1,-0.47,-0.18,-0.29
Day-242,google/gemma-3-27b-it,ENTJ,memory,flat,123,0.92,flat,102.99,102.86511234420821,9754.077343442263,6.109129427032327e-08,94.70897507895108,HOLD,0.0,"The 20/60 SMA trend is negative, indicating a weakening momentum. While the RSI suggests potential for a bounce, my mandate prioritizes established upward trends. I will hold current position and await a clear signal of upward momentum.",103.75,109.25,38.1,-2.5676,1267322,0.97,12.2,15.0,2.66,-5.04,-1,0.03,-0.1,0.13
Day-243,google/gemma-3-27b-it,ENTJ,memory,flat,123,0.92,flat,103.48,103.47311230684726,9800.48474123095,6.109129427032327e-08,94.70897507895108,HOLD,0.0,"The 20-day SMA is trending down relative to the 60-day SMA, indicating a weakening momentum. While not a definitive sell signal, it warrants caution and a hold position until a clearer trend emerges. Further observation is required before committing capital.",103.37,108.99,47.7,-2.3013,1049230,0.82,12.6,15.0,2.67,-5.15,-1,-0.01,-0.13,0.13
Day-244,google/gemma-3-27b-it,ENTJ,memory,flat,123,0.92,flat,103.67,104.02291311307559,9818.47944649595,6.109129427032327e-08,94.70897507895108,HOLD,0.0,"The 20-day SMA is below the 60-day SMA, indicating a downtrend. While the RSI is neutral, negative news sentiment and a volume ratio below 1 further support this assessment. Maintaining current position until a clear upward trend emerges.",103.04,108.73,57.6,-2.0509,1158573,0.91,12.2,14.9,2.68,-5.24,-1,-0.46,-0.18,-0.28
Day-245,google/gemma-3-27b-it,ENTJ,memory,flat,123,0.92,flat,102.69,102.04613717665674,9725.664650918578,6.109129427032327e-08,94.70897507895108,HOLD,0.0,"The 20-day SMA is trending down relative to the 60-day SMA, indicating weakening momentum. While the RSI is neutral, the negative trend signal overrides any potential for a buy. Maintaining current position until a clear upward trend emerges.",102.7,108.46,53.9,-1.9095,1492908,1.15,12.0,15.1,2.65,-5.32,-1,0.52,-0.08,0.6
Day-246,google/gemma-3-27b-it,ENTJ,memory,flat,123,0.92,flat,103.41,102.97050126120526,9793.855112975421,9793.855112975421,0.0,SELL,1.0,"The RSI is overbought at 75.8, indicating a potential pullback. While the 20-day SMA is below the 60-day SMA (-1), this is a signal to protect profits and re-evaluate. Momentum is waning, and I will not hesitate to exit.",102.28,108.19,75.8,-1.7194,1297239,1.0,11.4,15.1,2.66,-5.45,-1,0.19,0.05,0.13
Day-247,google/gemma-3-27b-it,ENTJ,memory,flat,123,0.92,flat,101.65,102.34642802676306,9793.855112975421,9793.855112975421,0.0,HOLD,0.0,"The 20-day SMA is trending down relative to the 60-day SMA, indicating a weakening momentum. While the RSI is neutral, the negative news sentiment and declining trend suggest caution. Maintaining current position until a clear reversal emerges.",101.96,108.01,58.9,-1.6918,1413278,1.09,14.4,14.9,2.68,-5.6,-1,-0.33,-0.02,-0.31
Day-248,google/gemma-3-27b-it,ENTJ,memory,flat,123,0.92,flat,104.21,103.67626135750199,9793.855112975421,9793.855112975421,0.0,HOLD,0.0,"The 20-day SMA is below the 60-day SMA, indicating a downtrend. While the RSI is not overbought, the negative news sentiment further reinforces a bearish outlook. Maintaining current position and awaiting a clear momentum shift.",101.82,107.91,67.1,-1.4469,1359741,1.05,11.5,15.1,2.65,-5.64,-1,-0.3,-0.08,-0.23
Day-249,google/gemma-3-27b-it,ENTJ,memory,flat,123,0.92,flat,99.32,99.3375159299207,9793.855112975421,9793.855112975421,0.0,HOLD,0.0,"The 20 and 60-day SMAs are trending downwards, indicating a weakening momentum. While the RSI isn't deeply oversold, the negative news sentiment and declining trend suggest waiting for a clearer signal before initiating a position. Maintaining current cash position is optimal.",101.58,107.72,48.8,-1.628,1450164,1.12,11.6,15.0,2.67,-5.7,-1,-0.07,0.0,-0.08
Day-250,google/gemma-3-27b-it,ENTJ,memory,flat,123,0.92,flat,96.33,96.49787420965313,9793.855112975421,9793.855112975421,0.0,HOLD,0.0,"The 20 and 60-day SMAs are declining, indicating a weakening trend. While the RSI is low, suggesting potential for a bounce, the negative news sentiment and overall trend direction do not support initiating a buy position at this time. Maintaining a neutral stance is the logical course of action.",101.31,107.49,39.3,-1.9901,1172241,0.92,8.4,15.0,2.67,-5.75,-1,-0.17,-0.14,-0.03
Day-251,google/gemma-3-27b-it,ENTJ,memory,flat,123,0.92,flat,96.97,97.23102914687493,9793.855112975421,9793.855112975421,0.0,HOLD,0.0,"The 20-day SMA is trending down relative to the 60-day SMA, indicating a weakening momentum. While the RSI isn't deeply oversold, the negative news sentiment and volume ratio suggest caution. Maintaining a hold position to observe further developments is the logical course of action.",101.07,107.26,43.4,-2.2003,1110532,0.88,8.1,15.0,2.67,-5.77,-1,-0.03,-0.18,0.15
Day-252,google/gemma-3-27b-it,ENTJ,memory,flat,123,0.92,flat,101.19,100.95233170670687,9793.855112975421,9793.855112975421,0.0,HOLD,0.0,"The 20-day SMA is trending down relative to the 60-day SMA, indicating weakening momentum. While the RSI isn't overly concerning, the negative news sentiment and volume ratio suggest a lack of strong buying pressure. Maintaining current position until a clear upward trend emerges.",101.22,107.1,47.4,-2.0032,1035751,0.83,7.5,15.0,2.66,-5.49,-1,-0.65,-0.25,-0.41
Day-253,google/gemma-3-27b-it,ENTJ,memory,flat,123,0.92,flat,102.81,102.68331261957577,9793.855112975421,979.3855112975416,85.73552768872561,BUY,0.9,"The 20-day SMA is below the 60-day SMA, indicating a downward trend, but the price is currently above both. This suggests a potential reversal and a buying opportunity to capitalize on momentum. I am allocating a significant portion of available capital to maximize potential gains.",101.37,107.0,52.1,-1.6967,1420877,1.13,9.3,15.0,2.66,-5.26,-1,0.51,-0.08,0.59
Day-254,google/gemma-3-27b-it,ENTJ,memory,flat,123,0.92,flat,101.1,101.32169947997775,9647.2473606277,979.3855112975416,85.73552768872561,HOLD,0.0,"The 20-day SMA is trending down relative to the 60-day SMA, indicating a weakening momentum. While not a definitive sell signal, it warrants caution and a hold position until a clearer trend emerges. We await further confirmation before committing capital.",101.43,106.77,47.7,-1.5736,1261411,1.0,7.6,15.0,2.67,-5.0,-1,-0.22,-0.11,-0.1
Day-255,google/gemma-3-27b-it,ENTJ,memory,flat,123,0.92,flat,97.78,97.9796251160913,9362.605408701133,979.3855112975416,85.73552768872561,HOLD,0.0,"The 20-day SMA is trending down relative to the 60-day SMA, indicating weakening momentum. While the RSI is approaching oversold territory, the negative trend overrides this signal. Maintaining current position until a clear reversal emerges.",101.33,106.43,40.8,-1.7242,1359644,1.07,7.5,15.0,2.67,-4.79,-1,0.36,-0.0,0.37
Day-256,google/gemma-3-27b-it,ENTJ,memory,flat,123,0.92,flat,99.36,99.47568818898257,9498.067542449318,979.3855112975416,85.73552768872561,HOLD,0.0,"The 20/60 SMA trend is negative, indicating a weakening momentum. While the RSI isn't deeply oversold, the negative news sentiment and volume ratio suggest further potential downside. Maintaining current position until a clear reversal emerges.",101.27,106.12,43.5,-1.696,1032038,0.81,8.7,15.0,2.67,-4.57,-1,-0.05,-0.01,-0.04
Day-257,google/gemma-3-27b-it,ENTJ,memory,flat,123,0.92,flat,99.09,99.34529500080396,9474.918949973362,979.3855112975416,85.73552768872561,HOLD,0.0,"The 20/60 SMA trend is negative, indicating a weakening momentum. While the RSI isn't deeply oversold, and news sentiment is positive, my mandate prioritizes a confirmed upward trend which is currently absent. Maintaining current position until a clear signal emerges.",101.25,105.82,42.0,-1.6763,1423270,1.12,14.9,15.0,2.67,-4.31,-1,0.73,0.27,0.47
Day-258,google/gemma-3-27b-it,ENTJ,memory,flat,123,0.92,flat,100.91,100.5560913222936,9630.957610366842,979.3855112975416,85.73552768872561,HOLD,0.0,"The 20-day SMA is trending down relative to the 60-day SMA, indicating a weakening momentum. While the RSI isn't overbought, the negative trend signal overrides any potential for a buy. Maintaining current position and awaiting a clearer signal.",101.18,105.58,45.2,-1.497,1291347,1.01,19.9,15.1,2.66,-4.16,-1,0.26,0.22,0.04
Day-259,google/gemma-3-27b-it,ENTJ,memory,flat,123,0.92,flat,101.01,100.8184796666575,9639.531163135716,979.3855112975416,85.73552768872561,HOLD,0.0,"The 20-day SMA is trending down relative to the 60-day SMA, indicating a weakening momentum. While the RSI is neutral, the negative trend signal overrides any potential for a buy. Maintaining current position until a clear upward trend emerges.",101.14,105.35,47.0,-1.331,1058897,0.84,15.4,15.0,2.66,-4.0,-1,0.32,0.32,-0.01
Day-260,google/gemma-3-27b-it,ENTJ,memory,flat,123,0.92,flat,100.61,100.90853650145048,9605.236952060226,979.3855112975416,85.73552768872561,HOLD,0.0,"The 20-day SMA is trending down relative to the 60-day SMA, indicating a weakening momentum. While the RSI is neutral, the negative trend signal overrides any potential buy signal. Maintaining current position and awaiting a clearer directional shift.",101.06,105.14,45.0,-1.2175,1249243,0.99,13.9,15.0,2.67,-3.88,-1,0.36,0.32,0.03
Day-261,google/gemma-3-27b-it,ENTJ,memory,flat,123,0.92,flat,106.07,107.09186700922291,10073.352933240667,244.8463778243854,92.66056901495504,BUY,0.75,"The 20-day SMA is trending above the 60-day SMA, indicating upward momentum. Despite a neutral news sentiment, the RSI is healthy and supports continued growth. I am initiating a 75% position to capitalize on this trend.",101.23,105.0,57.0,-0.6792,1298554,1.03,18.4,14.9,2.69,-3.59,-1,0.03,0.34,-0.31
Day-262,google/gemma-3-27b-it,ENTJ,memory,flat,123,0.92,flat,106.37,107.11086687511005,10101.151103945154,244.8463778243854,92.66056901495504,HOLD,0.0,"The 20-day SMA is trending downwards relative to the 60-day SMA, indicating a weakening momentum. While the RSI is neutral, the negative trend signal overrides any potential for a buy. Maintaining current position until a clear upward trend emerges.",101.4,104.84,53.7,-0.2261,1170377,0.93,16.7,14.9,2.69,-3.28,-1,0.05,0.2,-0.16
Day-263,google/gemma-3-27b-it,ENTJ,memory,flat,123,0.92,flat,107.31,106.80230758299578,10188.252038819212,244.8463778243854,92.66056901495504,HOLD,0.0,"The 20-day SMA is below the 60-day SMA, indicating a weakening trend. While the RSI is not overbought, the negative news sentiment and slight volume increase suggest caution. Maintaining current position until a clearer momentum shift emerges.",101.59,104.68,65.7,0.2069,1355558,1.07,17.7,15.1,2.65,-2.95,-1,-0.04,0.14,-0.18
Day-264,google/gemma-3-27b-it,ENTJ,memory,flat,123,0.92,flat,106.11,106.57517017010932,10077.059356001264,2211.288973459761,74.12845521196404,SELL,0.2,"RSI is overbought at 70.7, indicating a potential pullback. The 20-day SMA is crossing below the 60-day SMA (-1), confirming a weakening trend. Momentum is shifting; protect profits.",101.72,104.51,70.7,0.4474,1290666,1.01,14.1,14.9,2.68,-2.67,-1,0.11,0.1,0.01
Day-265,google/gemma-3-27b-it,ENTJ,memory,flat,123,0.92,flat,105.41,105.37019592741122,10025.16943735289,1437.337832748845,81.47074854951187,BUY,0.35,"The 20-day SMA is trending above the 60-day SMA, indicating upward momentum. Despite the RSI being moderately high, the positive trend and volume ratio suggest continued growth potential, aligning with my momentum strategy.",101.85,104.38,67.8,0.5752,1420206,1.12,10.8,15.0,2.67,-2.42,-1,0.02,0.03,-0.01
Day-266,google/gemma-3-27b-it,ENTJ,memory,flat,123,0.92,flat,107.05,107.50985125248889,10158.78146497409,359.3344581872111,91.54084079203064,BUY,0.75,"The 20-day SMA is above the 60-day SMA, indicating an upward trend. RSI is healthy, and volume is slightly elevated, confirming momentum. This aligns with my mandate to chase growth and capitalize on upward trends.",102.03,104.33,63.9,0.7993,1431741,1.12,7.9,14.9,2.68,-2.2,-1,0.11,0.05,0.06
Day-267,google/gemma-3-27b-it,ENTJ,memory,flat,123,0.92,flat,106.88,106.78392457662034,10143.219522039446,359.3344581872111,91.54084079203064,HOLD,0.0,"The 20/60 SMA crossover is neutral, indicating no strong momentum. While the RSI is moderately positive, the negative news sentiment and volume ratio suggest caution. Maintaining current position until a clear trend emerges.",102.29,104.19,60.4,0.9527,1031121,0.82,7.5,15.0,2.66,-1.82,0,-0.24,-0.01,-0.23
Day-268,google/gemma-3-27b-it,ENTJ,memory,flat,123,0.92,flat,108.77,108.18321774523743,10316.231711136383,359.3344581872111,91.54084079203064,HOLD,0.0,"The 20/60 SMA crossover is neutral, indicating no strong momentum. RSI is approaching overbought territory, suggesting a potential pullback, but the negative news sentiment is minimal. Maintaining current position to observe further development.",102.52,104.05,69.4,1.2127,1323240,1.05,9.2,15.1,2.65,-1.47,0,-0.12,-0.02,-0.1
Day-269,google/gemma-3-27b-it,ENTJ,memory,flat,123,0.92,flat,108.48,108.83340417430796,10289.684867306696,10289.684867306696,0.0,SELL,1.0,"RSI is extremely overbought at 81.9, indicating a potential trend reversal. While the SMA trend is neutral, the overbought condition overrides this, signaling a high probability of a pullback. Protecting profits is paramount; selling now secures gains.",102.98,103.89,81.9,1.3793,1361305,1.08,8.0,15.0,2.68,-0.88,0,0.17,-0.01,0.18
Day-270,google/gemma-3-27b-it,ENTJ,memory,flat,123,0.92,flat,111.69,111.55280075723533,10289.684867306696,10289.684867306696,0.0,SELL,1.0,"RSI is extremely overbought at 83.5, indicating a potential trend reversal. While the SMA trend is neutral, the overbought condition overrides this, suggesting it's time to secure profits and await a more favorable entry point. Momentum is fading.",103.75,103.83,83.5,1.7502,1071311,0.86,7.5,15.0,2.66,-0.08,0,0.01,-0.02,0.02
Day-271,google/gemma-3-27b-it,ENTJ,memory,flat,123,0.92,flat,112.62,112.52794830210497,10289.684867306696,10289.684867306696,0.0,SELL,1.0,"RSI is extremely overbought at 85.5, indicating a potential trend reversal. While the SMA trend is neutral, the overbought condition overrides this, suggesting it's time to secure profits and await a more favorable entry point. Momentum is fading.",104.53,103.79,85.5,2.0954,1441724,1.14,10.7,15.0,2.66,0.72,0,0.15,-0.01,0.15
Day-272,google/gemma-3-27b-it,ENTJ,memory,flat,123,0.92,flat,110.11,109.86297687386539,10289.684867306696,1028.9684867306696,84.10422650600333,BUY,0.9,"The 20 and 60 day SMAs are trending upwards, indicating positive momentum. While the RSI is high, it doesn't negate the established trend, and my mandate prioritizes growth through momentum. I will allocate a significant portion of available capital.",104.98,103.75,73.3,2.1417,1428237,1.11,8.2,15.0,2.66,1.18,0,0.2,0.08,0.12
Day-273,google/gemma-3-27b-it,ENTJ,memory,flat,123,0.92,flat,106.98,107.0187624214403,10026.438638342905,102.89684867306698,92.76071966414132,BUY,0.9,"The 20/60 SMA indicates an upward trend, and the RSI is showing positive momentum. Despite the moderate volume ratio, the overall indicators suggest a buying opportunity to capitalize on potential growth, aligning with my momentum-focused strategy.",105.19,103.67,63.1,1.9032,1069746,0.84,9.9,15.0,2.67,1.46,0,0.27,0.16,0.11
Day-274,google/gemma-3-27b-it,ENTJ,memory,flat,123,0.92,flat,110.21,110.10908450732101,10326.055762858081,8.231747893845352,93.61967167193754,BUY,0.92,"The price is trending upwards, supported by the SMA indicators. RSI is healthy and volume is above average, indicating strong momentum. This aligns with my mandate to chase growth and capitalize on upward trends.",105.64,103.67,68.7,1.9523,1441641,1.13,10.6,15.0,2.66,1.91,0,0.15,0.15,-0.01
Day-275,google/gemma-3-27b-it,ENTJ,memory,flat,123,0.92,flat,108.9,108.80935733917437,10203.413992967842,2.057936973461338,93.67636415054528,BUY,0.75,"The 20 and 60-day SMAs indicate a clear upward trend. RSI is neutral, allowing for further gains, and the volume ratio suggests continued interest. Momentum is key, and this setup presents a buying opportunity.",106.2,103.65,56.6,1.8643,1323321,1.04,14.7,15.0,2.66,2.46,1,-0.07,0.14,-0.21
Day-276,google/gemma-3-27b-it,ENTJ,memory,flat,123,0.92,flat,106.26,106.00489625004792,9956.108391610403,1.5846114695652302,93.68081855957875,BUY,0.23,"The 20-day SMA is above the 60-day SMA, indicating an upward trend. Despite negative news sentiment, the momentum is positive, aligning with my growth mandate. I will initiate a partial buy to capitalize on this trend.",106.54,103.55,49.8,1.5639,1393391,1.08,13.6,15.0,2.66,2.89,1,-0.26,0.06,-0.32
Day-277,google/gemma-3-27b-it,ENTJ,memory,flat,123,0.92,flat,104.31,104.62608635593827,9773.430795419225,1.426150322608707,93.68233769625746,BUY,0.1,"The 20-day SMA is above the 60-day SMA, indicating an upward trend. Despite a neutral news sentiment, the momentum is positive, aligning with my growth mandate. I will initiate a small position to capitalize on this trend.",106.8,103.47,43.9,1.1548,1399275,1.08,11.3,15.0,2.67,3.22,1,0.35,0.09,0.26
Day-278,google/gemma-3-27b-it,ENTJ,memory,flat,123,0.92,flat,107.45,107.33828805623172,10067.593335785474,0.2139225483913061,93.6936194810338,BUY,0.85,"The 20-day SMA is above the 60-day SMA, indicating an upward trend. Despite negative news sentiment, the momentum is positive, aligning with my growth mandate. I will allocate a significant portion of available cash to capitalize on this opportunity.",107.13,103.48,52.5,1.0717,1080916,0.84,17.4,15.0,2.66,3.53,1,-0.21,-0.01,-0.2
Day-279,google/gemma-3-27b-it,ENTJ,memory,flat,123,0.92,flat,104.69,104.36362110205613,9808.99894601782,0.13904965645434897,93.6943346676986,BUY,0.35,"The 20-day SMA is above the 60-day SMA, indicating an upward trend. Despite neutral news sentiment, the momentum is positive, aligning with my growth mandate. I will initiate a partial buy to capitalize on this trend.",107.31,103.49,48.8,0.7745,1031336,0.81,12.2,15.0,2.66,3.7,1,0.0,-0.04,0.04
Day-280,google/gemma-3-27b-it,ENTJ,memory,flat,123,0.92,flat,103.14,102.60136674725476,9663.772727282887,0.011123972516347919,93.69557497877032,BUY,0.92,"The 20-day SMA is above the 60-day SMA, indicating an upward trend. Despite a neutral news sentiment, the momentum is positive, aligning with my growth mandate. I will allocate a significant portion of available capital to capitalize on this opportunity.",107.44,103.52,43.2,0.4089,1318494,1.03,13.9,15.1,2.65,3.79,1,0.49,0.07,0.41
Day-281,google/gemma-3-27b-it,ENTJ,memory,flat,123,0.92,flat,101.46,101.27252026201481,9506.364161318554,0.000556198625817397,93.69567913581636,BUY,0.95,"The 20-day SMA is above the 60-day SMA, indicating an upward trend. Despite negative news sentiment, the momentum is positive, aligning with my growth mandate. A strong buy signal is present.",107.21,103.51,41.0,-0.0166,1168624,0.91,11.1,15.0,2.66,3.57,1,-0.24,0.08,-0.32
Day-282,google/gemma-3-27b-it,ENTJ,memory,flat,123,0.92,flat,98.26,98.79937769752014,9206.537988083943,0.0,93.69568479629496,BUY,1.0,"The 20-day SMA is above the 60-day SMA, indicating an upward trend. Despite negative news sentiment and a low RSI, the primary mandate is to chase momentum, and the trend suggests a buying opportunity. I will fully allocate remaining capital.",106.8,103.51,33.3,-0.6047,1130229,0.89,14.3,14.9,2.68,3.18,1,-0.08,-0.01,-0.07
Day-283,google/gemma-3-27b-it,ENTJ,memory,flat,123,0.92,flat,95.96,96.51561023498576,8991.037913052463,0.0,93.69568479629496,BUY,1.0,"The 20-day SMA is above the 60-day SMA, indicating an upward trend. Despite the RSI being in oversold territory, the primary mandate is to chase momentum, and the trend suggests a buying opportunity. I will fully deploy available capital.",106.24,103.43,31.3,-1.2419,1064932,0.84,10.7,14.9,2.68,2.71,1,0.04,0.04,-0.0
Day-284,google/gemma-3-27b-it,ENTJ,memory,flat,123,0.92,flat,93.77,93.65732099657174,8785.844363348577,0.0,93.69568479629496,BUY,0.85,"The 20-day SMA is above the 60-day SMA, indicating an upward trend. Despite negative news sentiment and a low RSI, the momentum signal is strong enough to initiate a position, prioritizing growth as per my mandate. I will allocate a significant portion of available capital.",105.62,103.31,22.5,-1.9018,1429688,1.13,8.3,15.0,2.66,2.23,1,-0.54,-0.07,-0.47
Day-285,google/gemma-3-27b-it,ENTJ,memory,flat,123,0.92,flat,92.57,92.82526469313962,8673.409541593024,0.0,93.69568479629496,BUY,0.45,"The RSI is deeply oversold at 19.4, indicating a potential reversal. While news sentiment is negative, my mandate prioritizes momentum, and a bounce is anticipated. I'm initiating a position to capitalize on the expected upward trend.",104.98,103.17,19.4,-2.4928,1285716,1.02,7.5,15.0,2.67,1.75,0,-0.32,-0.23,-0.09
Day-286,google/gemma-3-27b-it,ENTJ,memory,flat,123,0.92,flat,92.41,92.19636226455061,8658.418232025617,0.0,93.69568479629496,BUY,0.85,"The RSI is deeply oversold at 20.9, indicating a potential reversal. While current price is below the SMAs, the momentum strategy dictates capitalizing on potential upward swings from oversold conditions. A significant allocation is warranted given the growth mandate.",104.25,103.01,20.9,-2.9405,1418354,1.13,7.5,15.0,2.66,1.2,0,0.38,-0.11,0.48
Day-287,google/gemma-3-27b-it,ENTJ,memory,flat,123,0.92,flat,90.83,90.97365070251767,8510.379050047472,0.0,93.69568479629496,BUY,0.8,"The RSI is deeply oversold at 22.1, indicating a potential reversal. While current sentiment is slightly positive, the primary focus is on identifying undervalued momentum opportunities, and this presents one. A decisive move now could capitalize on anticipated upward correction.",103.44,102.83,22.1,-3.3837,1278375,1.0,15.1,15.0,2.67,0.59,0,0.14,-0.06,0.2
Day-288,google/gemma-3-27b-it,ENTJ,memory,flat,123,0.92,flat,88.43,88.04041365085176,8285.509406536363,0.0,93.69568479629496,BUY,0.95,"The RSI is deeply oversold at 11.2, indicating a potential reversal. While current price is below the SMAs, the mandate prioritizes momentum, and a bounce is anticipated. This is a calculated risk for significant growth.",102.43,102.56,11.2,-3.8834,1024256,0.81,11.7,15.1,2.65,-0.13,0,0.25,-0.02,0.27
Day-289,google/gemma-3-27b-it,ENTJ,memory,flat,123,0.92,flat,91.08,90.30227681710913,8533.802971246545,0.0,93.69568479629496,BUY,0.95,"The RSI is deeply oversold at 19.7, indicating a potential reversal. While current price is below the SMAs, a strong momentum play dictates capitalizing on this dip for a potential rebound. I am allocating a significant portion of available capital to maximize potential gains.",101.56,102.34,19.7,-4.0196,1109755,0.89,11.0,15.1,2.64,-0.76,0,0.08,0.1,-0.03
Day-290,google/gemma-3-27b-it,ENTJ,memory,flat,123,0.92,flat,87.94,87.95990603735588,8239.598520986177,0.0,93.69568479629496,BUY,0.85,"The RSI is deeply oversold at 19.4, indicating a potential reversal. While news sentiment is negative, my mandate prioritizes momentum, and a bounce is anticipated. I'm allocating a significant portion of available capital to capitalize on this potential upswing.",100.37,102.05,19.4,-4.3308,1408601,1.12,8.8,15.0,2.67,-1.65,0,-0.59,0.05,-0.64
Day-291,google/gemma-3-27b-it,ENTJ,memory,flat,123,0.92,flat,88.44,88.47692394978736,8286.446363384326,0.0,93.69568479629496,BUY,0.98,"The RSI is deeply oversold at 22.1, indicating a potential reversal. While the short-term trend is down, the overall mandate is growth and momentum, and a bounce is anticipated. This is a calculated risk for a significant gain.",99.16,101.77,22.1,-4.4859,1095629,0.88,10.6,15.0,2.67,-2.57,-1,-0.31,-0.09,-0.22
Day-292,google/gemma-3-27b-it,ENTJ,memory,flat,123,0.92,flat,86.89,86.62136029416713,8141.218051950069,0.0,93.69568479629496,BUY,0.45,"The RSI is deeply oversold at 11.7, indicating a potential reversal. While the short-term trend is down, the momentum strategy prioritizes capitalizing on potential upswings, and this presents an opportunity for growth. I will allocate 45% of available capital.",98.0,101.45,11.7,-4.6795,1456156,1.17,8.0,15.0,2.66,-3.4,-1,-0.67,-0.25,-0.42
Day-293,google/gemma-3-27b-it,ENTJ,memory,flat,123,0.92,flat,88.13,87.81328308269605,8257.400701097475,0.0,93.69568479629496,BUY,0.95,"The RSI is deeply oversold at 17.3, indicating a potential reversal. While the short-term trend is down, the overall mandate is growth and momentum, and a bounce is anticipated. I am deploying a significant portion of available capital to capitalize on this potential upswing.",97.06,101.14,17.3,-4.6787,1159876,0.93,9.0,15.1,2.66,-4.04,-1,0.19,-0.26,0.45
Day-294,google/gemma-3-27b-it,ENTJ,memory,flat,123,0.92,flat,90.47,89.53498334386246,8476.648603520804,0.0,93.69568479629496,BUY,0.95,"The RSI is deeply oversold at 25.7, indicating a potential reversal. While the short-term trend is down, the overall market sentiment is positive (0.81) and I anticipate a bounce. Momentum dictates we capitalize on this potential upswing.",96.07,100.88,25.7,-4.438,1211187,0.98,16.6,15.2,2.64,-4.77,-1,0.81,-0.11,0.92
Day-295,google/gemma-3-27b-it,ENTJ,memory,flat,123,0.92,flat,88.08,88.00354981987267,8252.71591685766,0.0,93.69568479629496,BUY,0.1,"The 20-day SMA is trending down, indicating a potential reversal. RSI is deeply oversold, suggesting a buying opportunity to capitalize on a bounce. Momentum dictates we enter now, anticipating a short-term upward correction.",95.03,100.59,25.1,-4.3897,1331030,1.07,12.0,15.0,2.66,-5.52,-1,-0.47,-0.09,-0.38
Day-296,google/gemma-3-27b-it,ENTJ,memory,flat,123,0.92,flat,84.35,84.70738923478017,7903.2310125674785,0.0,93.69568479629496,BUY,0.1,"The trend, while negative, is showing signs of stabilization. The RSI is deeply oversold, indicating a potential reversal. Momentum dictates we capitalize on this potential upswing.",93.93,100.2,24.6,-4.6,1400029,1.13,17.2,14.9,2.68,-6.26,-1,0.32,0.04,0.28
Day-297,google/gemma-3-27b-it,ENTJ,memory,flat,123,0.92,flat,85.92,85.92016784961824,8050.333237697662,0.0,93.69568479629496,BUY,0.65,"The 20-day SMA is trending down, but the RSI is indicating an oversold condition, suggesting a potential reversal. Despite negative sentiment, a rebound is likely, aligning with the momentum strategy to capitalize on potential gains.",93.01,99.89,31.2,-4.5864,1382795,1.12,13.5,15.0,2.67,-6.88,-1,0.33,0.24,0.09
Day-298,google/gemma-3-27b-it,ENTJ,memory,flat,123,0.92,flat,88.87,89.23154274095442,8326.735507846734,0.0,93.69568479629496,BUY,0.1,"The 20-day SMA is trending down, indicating a potential shift, but the RSI is low suggesting a possible bounce. I'm initiating a small position to capitalize on a potential upward correction, aligning with the growth mandate.",92.09,99.58,41.1,-4.2881,1408192,1.12,17.2,14.9,2.68,-7.53,-1,0.06,0.21,-0.15
Day-299,google/gemma-3-27b-it,ENTJ,memory,flat,123,0.92,flat,90.12,90.00349348237664,8443.855113842103,0.0,93.69568479629496,HOLD,0.0,"The 20/60 SMA trend is negative, indicating a downtrend. While the RSI is neutral, the negative news sentiment and declining SMAs outweigh any potential for a momentum-based buy. Maintaining current position and awaiting a clear reversal.",91.36,99.4,45.5,-3.906,1254813,0.99,14.8,15.0,2.66,-8.09,-1,-0.41,-0.04,-0.38
Day-300,google/gemma-3-27b-it,ENTJ,memory,flat,123,0.92,flat,89.85,90.32004106272967,8418.5572789471,0.0,93.69568479629496,HOLD,0.0,"The 20-day SMA is trending down relative to the 60-day SMA, indicating a weakening momentum. While the RSI is neutral, the negative news sentiment and volume ratio suggest potential further decline. Maintaining current position until a clear reversal emerges.",90.69,99.27,45.4,-3.5839,1160948,0.92,16.3,14.9,2.68,-8.64,-1,-0.26,0.01,-0.27
Day-301,google/gemma-3-27b-it,ENTJ,memory,flat,123,0.92,flat,92.28,91.8406111144228,8646.2377930021,0.0,93.69568479629496,BUY,0.95,"The 20-day SMA is trending downwards, indicating a potential reversal. Despite negative news sentiment, the RSI is neutral, and I anticipate a bounce. I'm initiating a large position to capitalize on the anticipated upward momentum.",90.23,99.18,52.5,-3.097,1107461,0.88,14.5,15.1,2.65,-9.02,-1,-0.61,-0.18,-0.43
Day-302,google/gemma-3-27b-it,ENTJ,memory,flat,123,0.92,flat,93.55,93.2846604773185,8765.231312693393,0.0,93.69568479629496,BUY,0.1,"The 20-day SMA is trending down, but the price is still above it, indicating potential for a rebound. Momentum is key, and a slight dip presents a buying opportunity to capitalize on a potential upward swing. I am initiating a small position to test the waters.",90.0,99.02,59.4,-2.5783,1479603,1.16,11.6,15.0,2.66,-9.11,-1,-0.04,-0.25,0.21
Day-303,google/gemma-3-27b-it,ENTJ,memory,flat,123,0.92,flat,91.83,91.77830189734068,8604.074734843765,0.0,93.69568479629496,BUY,0.1,"The 20-day SMA is trending downwards, indicating a potential buying opportunity as the price corrects. Momentum trading dictates capitalizing on these dips to re-enter a potentially strong upward trend. The RSI is neutral, allowing for entry.",89.79,98.8,51.4,-2.2802,1286859,1.0,11.0,15.0,2.67,-9.12,-1,0.07,-0.25,0.32
Day-304,google/gemma-3-27b-it,ENTJ,memory,flat,123,0.92,flat,90.62,90.60350335695229,8490.70295624025,0.0,93.69568479629496,BUY,0.85,"The 20-day SMA is below the 60-day SMA, indicating a potential upward trend reversal. Despite current price being below the 60-day SMA, the volume ratio is elevated, suggesting increasing interest. Momentum is key, and this presents a buying opportunity.",89.63,98.59,55.5,-2.1174,1484484,1.15,14.8,15.0,2.67,-9.09,-1,0.25,-0.12,0.36
Day-305,google/gemma-3-27b-it,ENTJ,memory,flat,123,0.92,flat,91.66,91.74521671704385,8588.146468428395,0.0,93.69568479629496,BUY,0.1,"The 20-day SMA is trending down, but the price is currently above it, indicating a potential short-term upward momentum. Despite negative news sentiment, the RSI is neutral, and I am prioritizing momentum. I will initiate a small position to capitalize on a potential bounce.",89.59,98.47,56.4,-1.8828,1246686,0.97,13.8,15.0,2.67,-9.02,-1,-0.06,-0.08,0.02
Day-306,google/gemma-3-27b-it,ENTJ,memory,flat,123,0.92,flat,91.99,91.50879471367557,8619.066044411173,0.0,93.69568479629496,BUY,0.95,"The 20-day SMA is trending downwards, but the price is still above it, indicating potential for a rebound. Momentum is key, and a quick entry now could capitalize on a developing upward swing. I am allocating a significant portion of available capital to maximize potential gains.",89.57,98.32,60.7,-1.6512,1187574,0.93,10.9,15.1,2.65,-8.91,-1,-0.25,-0.01,-0.25
Day-307,google/gemma-3-27b-it,ENTJ,memory,flat,123,0.92,flat,94.32,93.97860938770933,8837.37698998654,0.0,93.69568479629496,HOLD,0.0,"The 20-day SMA is trending down relative to the 60-day SMA, indicating a weakening momentum. While the RSI is neutral, the negative news sentiment and declining trend suggest caution. Maintaining current position until a clear reversal emerges.",89.74,98.23,62.4,-1.265,1305665,1.02,8.6,15.1,2.66,-8.64,-1,-0.21,-0.04,-0.16
Day-308,google/gemma-3-27b-it,ENTJ,memory,flat,123,0.92,flat,92.73,92.69183174294032,8688.400851160432,0.0,93.69568479629496,BUY,0.1,"The 20-day SMA is below the 60-day SMA, indicating a potential downward trend, but the RSI is neutral. Despite negative news sentiment, I'm initiating a small position anticipating a reversal and momentum shift. I will reassess if the trend continues to decline.",89.96,98.07,54.7,-1.0747,1496553,1.15,7.5,15.0,2.67,-8.27,-1,-0.04,-0.06,0.02
Day-309,google/gemma-3-27b-it,ENTJ,memory,flat,123,0.92,flat,93.91,94.12206955258652,8798.96175922006,0.0,93.69568479629496,HOLD,0.0,"The 20-day SMA is trending down relative to the 60-day SMA, indicating a weakening momentum. While the RSI is neutral, the negative trend signal overrides any potential buy signal. Maintaining current position until a clear upward trend emerges.",90.1,97.92,62.7,-0.8192,1432356,1.09,7.5,15.0,2.67,-7.99,-1,0.09,-0.09,0.18
Day-310,google/gemma-3-27b-it,ENTJ,memory,flat,123,0.92,flat,94.5,94.79771557792166,8854.242213249874,8854.242213249874,0.0,SELL,1.0,"The 20-day SMA is trending down relative to the 60-day SMA, indicating a weakening trend. While the RSI is high, the negative trend shift overrides this signal. Momentum is fading; protect capital and await a new uptrend.",90.43,97.8,75.7,-0.5623,1204778,0.92,7.5,15.0,2.67,-7.54,-1,0.42,0.0,0.42
Day-311,google/gemma-3-27b-it,ENTJ,memory,flat,123,0.92,flat,94.7,94.58667031959202,8854.242213249874,8854.242213249874,0.0,HOLD,0.0,"The 20-day SMA is below the 60-day SMA, indicating a downtrend. Despite a positive news sentiment, the overall trend dictates caution. Maintaining a hold position until a clear upward momentum emerges is the logical course of action.",90.74,97.57,73.9,-0.3387,1021498,0.79,12.0,15.0,2.66,-7.0,-1,0.61,0.18,0.44
Day-312,google/gemma-3-27b-it,ENTJ,memory,flat,123,0.92,flat,96.67,96.86660015665595,8854.242213249874,8854.242213249874,0.0,SELL,1.0,"The 20-day SMA is crossing below the 60-day SMA, indicating a trend reversal. Despite the high RSI, the weakening trend overrides any potential for continued growth, necessitating a swift exit to preserve capital and await a new momentum opportunity.",91.23,97.38,72.4,-0.0025,1204346,0.93,9.1,15.0,2.67,-6.32,-1,-0.0,0.22,-0.22
Day-313,google/gemma-3-27b-it,ENTJ,memory,flat,123,0.92,flat,98.37,98.22258772839315,8854.242213249874,8854.242213249874,0.0,HOLD,0.0,"The 20-day SMA is trending down relative to the 60-day SMA, indicating a weakening momentum. While the RSI is high, the negative trend shift overrides this signal. Maintaining a neutral position until a clear upward trend re-establishes itself.",91.74,97.2,73.1,0.3961,1379339,1.06,9.1,15.0,2.66,-5.62,-1,-0.32,0.16,-0.48
Day-314,google/gemma-3-27b-it,ENTJ,memory,flat,123,0.92,flat,96.19,96.29697089642013,8854.242213249874,885.4242213249872,82.84455756237537,BUY,0.9,"The 20-day SMA is trending negatively against the 60-day SMA, indicating a potential shift in momentum. Despite this, the RSI is at 66.1, suggesting room for upward movement, and the overall sentiment is positive. I'm initiating a substantial buy, anticipating a rebound and capitalizing on potential gains.",92.03,97.0,66.1,0.5302,1000861,0.78,8.3,15.0,2.67,-5.13,-1,0.37,0.21,0.15
Day-315,google/gemma-3-27b-it,ENTJ,memory,flat,123,0.92,flat,97.76,97.56718689568596,8984.308168622805,88.5424221324987,90.99596712858332,BUY,0.9,"The 20-day SMA is crossing above the 60-day SMA, indicating a positive trend. News sentiment is strong, and the RSI suggests room for further growth. Momentum is building, aligning with my core mandate.",92.51,96.85,64.5,0.7546,1416333,1.1,7.5,15.0,2.66,-4.48,-1,0.77,0.28,0.48
Day-316,google/gemma-3-27b-it,ENTJ,memory,flat,123,0.92,flat,100.42,100.31758961997267,9226.357441184837,88.5424221324987,90.99596712858332,HOLD,0.0,"The 20-day SMA is trending down relative to the 60-day SMA, indicating a weakening momentum. While the RSI is not overbought, the negative news sentiment and volume ratio suggest caution. Maintaining current position pending further confirmation of a trend reversal.",93.31,96.72,66.9,1.1343,1130166,0.88,15.5,15.0,2.66,-3.52,-1,-0.23,0.12,-0.34
Day-317,google/gemma-3-27b-it,ENTJ,memory,flat,123,0.92,flat,100.61,100.08623415168564,9243.646674939268,88.5424221324987,90.99596712858332,HOLD,0.0,"The 20/60 SMA trend is negative, indicating a potential downturn. While RSI is high, suggesting overbought conditions, my mandate prioritizes momentum, and the SMA trend dictates caution. Maintaining current position until a clear upward trend emerges.",94.05,96.59,73.4,1.434,1183075,0.93,15.9,15.1,2.65,-2.63,-1,-0.15,0.09,-0.24
Day-318,google/gemma-3-27b-it,ENTJ,memory,flat,123,0.92,flat,98.78,99.61961061101452,9077.12405509396,88.5424221324987,90.99596712858332,HOLD,0.0,"The RSI is high at 71.1, indicating potential overbought conditions, but the 20/60 SMA crossover is neutral (0). While momentum isn't screaming 'buy', it hasn't broken down either. Maintaining current position pending further confirmation.",94.54,96.39,71.1,1.5062,1460341,1.15,11.3,14.9,2.69,-1.92,0,-0.04,0.14,-0.18
Day-319,google/gemma-3-27b-it,ENTJ,memory,flat,123,0.92,flat,98.22,98.32379824219211,9026.166313501952,88.5424221324987,90.99596712858332,HOLD,0.0,"The 20 and 60-day SMAs are essentially flat, indicating a lack of strong momentum. While the RSI is moderately high, it doesn't signal an immediate overbought condition requiring a sell. Maintaining current position until a clear trend emerges.",94.95,96.19,67.4,1.5007,1187063,0.94,13.8,15.0,2.67,-1.29,0,0.01,0.07,-0.07
Day-320,google/gemma-3-27b-it,ENTJ,memory,flat,123,0.92,flat,99.85,98.32654370578535,9174.489739921542,88.5424221324987,90.99596712858332,HOLD,0.0,"The 20/60 SMA indicates a flat trend, offering no clear momentum signal. While RSI is elevated, it doesn't override the lack of a defined upward trend. Maintaining current position until a decisive breakout occurs.",95.45,95.95,69.5,1.6097,1239094,0.97,20.7,15.2,2.63,-0.52,0,-0.2,-0.12,-0.08
Day-321,google/gemma-3-27b-it,ENTJ,memory,flat,123,0.92,flat,97.88,99.71519094881536,8995.227684678233,88.5424221324987,90.99596712858332,HOLD,0.0,"The 20 and 60-day SMAs are essentially flat, indicating a lack of strong momentum. While the RSI is neutral, the negative news sentiment and volume ratio below 1 suggest caution. Maintaining current position until a clear trend emerges.",95.73,95.65,59.0,1.5195,1221951,0.96,22.0,14.7,2.72,0.08,0,-0.42,-0.16,-0.26
Day-322,google/gemma-3-27b-it,ENTJ,memory,flat,123,0.92,flat,98.6,98.12720684183293,9060.744781010813,88.5424221324987,90.99596712858332,HOLD,0.0,"The 20 and 60-day SMAs are flat, indicating a lack of clear momentum. While the RSI is moderately high, it doesn't signal an immediate overbought condition requiring a sell. Maintaining current position until a definitive trend emerges.",95.98,95.42,65.5,1.4891,1181456,0.94,16.9,15.1,2.65,0.58,0,0.18,-0.09,0.28
Day-323,google/gemma-3-27b-it,ENTJ,memory,flat,123,0.92,flat,95.82,95.54883850665797,8807.775992393352,88.5424221324987,90.99596712858332,HOLD,0.0,"The 20/60 SMA crossover is neutral (0), indicating no strong momentum. RSI is neutral at 54.6, and news sentiment is slightly negative, but not enough to trigger a sell. Maintaining current position pending a clearer signal.",96.18,95.2,54.6,1.2261,1040734,0.83,19.3,15.0,2.66,1.03,0,-0.04,-0.09,0.05
Day-324,google/gemma-3-27b-it,ENTJ,memory,flat,123,0.92,flat,95.53,94.86193479128279,8781.387161926064,88.5424221324987,90.99596712858332,HOLD,0.0,"The 20 and 60-day SMAs are nearly aligned, indicating a potential consolidation rather than a clear trend. RSI is neutral, and news sentiment is slightly positive but not strong enough to initiate a position. Maintaining current holdings until a definitive trend emerges.",96.43,94.91,52.5,0.9834,1211933,0.98,15.7,15.1,2.65,1.6,0,0.34,-0.03,0.37
Day-325,google/gemma-3-27b-it,ENTJ,memory,flat,123,0.92,flat,92.24,92.30774202789759,8482.010430073024,88.5424221324987,90.99596712858332,HOLD,0.0,"The 20 and 60-day SMAs are nearly aligned, indicating a potential consolidation rather than a clear trend. RSI is neutral, and news sentiment is slightly positive but not strong enough to initiate a position. Maintaining current holdings until a definitive trend emerges.",96.46,94.57,44.7,0.519,1246573,1.01,12.4,15.0,2.67,1.99,0,0.16,0.05,0.12
Day-326,google/gemma-3-27b-it,ENTJ,memory,flat,123,0.92,flat,93.75,93.30674377386265,8619.414340437184,35.41696885299948,91.5626386302313,BUY,0.6,"The 20-day SMA is above the 60-day SMA, indicating an upward trend. Despite the RSI being neutral, the overall momentum suggests a buying opportunity to capitalize on potential gains. I am initiating a 60% position to maximize potential growth.",96.54,94.32,43.6,0.2699,1109152,0.9,11.1,15.1,2.65,2.35,1,0.31,0.19,0.12
Day-327,google/gemma-3-27b-it,ENTJ,memory,flat,123,0.92,flat,92.98,92.54162935658212,8548.911108691907,21.95852068885968,91.70738425471119,BUY,0.38,"The 20-day SMA is above the 60-day SMA, indicating an upward trend. Despite the RSI being relatively low, the overall momentum suggests a buying opportunity to capitalize on potential gains. I am initiating a partial position to leverage the trend.",96.48,94.1,37.7,0.0104,1412825,1.14,10.8,15.1,2.65,2.53,1,0.02,0.16,-0.14
Day-328,google/gemma-3-27b-it,ENTJ,memory,flat,123,0.92,flat,89.45,89.37585375613367,8225.184042272775,16.46889051664476,91.76875519011884,BUY,0.25,"The 20-day SMA is trending above the 60-day SMA, indicating an upward momentum. Despite the RSI being relatively low, the overall trend suggests a buying opportunity to capitalize on potential growth. I am initiating a partial position to leverage this momentum.",96.31,93.74,35.6,-0.4748,1247288,1.02,11.2,15.0,2.66,2.75,1,0.21,0.21,0.0
Day-329,google/gemma-3-27b-it,ENTJ,memory,flat,123,0.92,flat,88.46,88.78150960878408,8134.332974634557,0.8234445258322385,91.94561982940002,BUY,0.95,"The 20-day SMA is above the 60-day SMA, indicating an upward trend. Despite negative news sentiment and a low RSI, the primary mandate is to chase momentum, and the trend suggests a buying opportunity. A large position is appropriate given the positive trend.",96.04,93.41,29.6,-0.9287,1119284,0.92,8.4,14.9,2.68,2.81,1,-0.22,0.1,-0.31
Day-330,google/gemma-3-27b-it,ENTJ,memory,flat,123,0.92,flat,88.74,88.46669057426267,8160.077748186789,0.04117222629161199,91.954435158446,BUY,0.95,"The 20-day SMA is above the 60-day SMA, indicating an upward trend. Despite the low RSI, the momentum signal is positive, aligning with my growth mandate. I am increasing position size to capitalize on potential gains.",95.75,93.13,21.3,-1.2511,1050181,0.87,9.0,15.0,2.66,2.82,1,0.15,0.09,0.06
Day-331,google/gemma-3-27b-it,ENTJ,memory,flat,123,0.92,flat,89.04,89.29172476124029,8187.664078734325,0.0032937781033289606,91.95486056779224,BUY,0.92,"The 20-day SMA is above the 60-day SMA, indicating an upward trend. Despite the RSI being oversold, the overall momentum suggests a buying opportunity to capitalize on potential gains. I am allocating a significant portion of available capital to maximize growth.",95.47,92.88,21.7,-1.4653,1288913,1.06,7.7,15.0,2.67,2.79,1,0.3,0.09,0.21
Day-332,google/gemma-3-27b-it,ENTJ,memory,flat,123,0.92,flat,89.02,89.05922028174432,8185.824981522967,0.0003293778103328959,91.95489386817746,BUY,0.9,"The 20-day SMA is above the 60-day SMA, indicating an upward trend. Despite the RSI being relatively low, the overall momentum suggests a buying opportunity to capitalize on potential growth. I am allocating a significant portion of available capital to maximize gains.",95.09,92.69,23.9,-1.6178,1239283,1.02,7.5,15.0,2.67,2.58,1,0.4,0.17,0.23
Day-333,google/gemma-3-27b-it,ENTJ,memory,flat,123,0.92,flat,92.72,92.47848972985985,8526.058088835225,6.587556206657944e-06,91.95489734952189,BUY,0.98,"The 20-day SMA is above the 60-day SMA, indicating an upward trend. Despite negative news sentiment and a slightly low RSI, the overall momentum suggests a buying opportunity to capitalize on potential gains. I am allocating nearly my entire available capital to maximize growth.",94.8,92.63,37.4,-1.4245,1357612,1.12,7.5,15.0,2.66,2.35,1,-0.09,0.11,-0.2
Day-334,google/gemma-3-27b-it,ENTJ,memory,flat,123,0.92,flat,91.85,91.55153126562593,8446.057328141142,6.58755620665794e-07,91.95489741407062,BUY,0.9,"The 20-day SMA is trending above the 60-day SMA, indicating an upward momentum. Despite the RSI being relatively low, the overall trend suggests a buying opportunity to capitalize on potential gains. I am allocating a significant portion of available capital to maximize growth.",94.59,92.59,31.0,-1.326,1494165,1.2,8.1,15.0,2.66,2.16,1,0.18,0.19,-0.01
Day-335,google/gemma-3-27b-it,ENTJ,memory,flat,123,0.92,flat,91.34,91.46478419492507,8399.160330459967,6.58755620665794e-07,91.95489741407062,HOLD,0.0,"The 20 and 60-day SMAs are nearly aligned, indicating a potential consolidation rather than a clear trend. The RSI is low, but not yet signaling a strong reversal, and volume is slightly below average. Maintaining current position pending a definitive breakout.",94.27,92.56,33.3,-1.2745,1100216,0.9,11.1,15.0,2.67,1.84,0,0.39,0.24,0.15
Day-336,google/gemma-3-27b-it,ENTJ,memory,flat,123,0.92,flat,91.6,91.30411097788847,8423.068603787624,6.58755620665794e-07,91.95489741407062,HOLD,0.0,"The 20/60 SMA crossover is neutral, indicating no clear trend. While the RSI is low, suggesting potential for a bounce, the negative news sentiment and lack of a defined upward trend do not support a buy signal. Maintaining current position until a clear momentum shift occurs.",93.82,92.55,31.7,-1.1989,1366580,1.1,14.0,15.0,2.66,1.38,0,-0.47,0.08,-0.55
Day-337,google/gemma-3-27b-it,ENTJ,memory,flat,123,0.92,flat,90.24,90.81670514371342,8298.009943304489,6.58755620665794e-07,91.95489741407062,HOLD,0.0,"The 20 and 60-day SMAs are nearly aligned, indicating a potential trend consolidation. RSI is neutral, and news sentiment is slightly negative, but not enough to trigger a sell. Maintaining current position pending clearer momentum.",93.31,92.54,34.2,-1.2343,1215755,0.98,11.2,14.9,2.68,0.83,0,-0.11,-0.02,-0.09
Day-338,google/gemma-3-27b-it,ENTJ,memory,flat,123,0.92,flat,90.96,91.10309321394897,8364.21746944262,6.58755620665794e-07,91.95489741407062,HOLD,0.0,"The 20 and 60-day SMAs are nearly identical, indicating a lack of clear momentum. The RSI is low, but not yet signaling a strong reversal. Maintaining current position until a definitive trend emerges.",92.91,92.59,37.4,-1.1904,1197656,0.98,9.1,15.0,2.67,0.35,0,0.18,0.03,0.14
Day-339,google/gemma-3-27b-it,ENTJ,memory,flat,123,0.92,flat,92.49,92.12223934750729,8504.908462486146,6.58755620665794e-07,91.95489741407062,HOLD,0.0,"The 20 and 60-day SMAs are essentially flat, indicating a lack of clear momentum. RSI is neutral at 50.8, and while news sentiment is slightly negative, it's not strong enough to trigger a sell given the current neutral trend. Maintaining current position.",92.63,92.61,50.8,-1.0205,1144484,0.93,7.5,15.1,2.66,0.01,0,-0.08,-0.02,-0.07
Day-340,google/gemma-3-27b-it,ENTJ,memory,flat,123,0.92,flat,94.99,94.65307429127505,8734.795706021323,6.58755620665794e-07,91.95489741407062,HOLD,0.0,"The 20 and 60-day SMAs are nearly identical, indicating a lack of strong momentum. While the RSI is neutral, the negative news sentiment and volume ratio below 1 suggest potential weakness. Maintaining current position until a clear trend emerges.",92.38,92.76,53.6,-0.6764,1178776,0.97,7.5,15.1,2.66,-0.4,0,-0.2,-0.14,-0.06
Day-341,google/gemma-3-27b-it,ENTJ,memory,flat,123,0.92,flat,91.96,91.75603260222765,8456.17236685669,6.58755620665794e-07,91.95489741407062,HOLD,0.0,"The 20 and 60-day SMAs are converging, indicating a potential trend shift but not yet confirmed. RSI is neutral. Maintaining current position pending clearer momentum signal.",92.09,92.83,47.4,-0.6404,1058926,0.87,9.3,15.0,2.66,-0.79,0,0.13,-0.02,0.15
Day-342,google/gemma-3-27b-it,ENTJ,memory,flat,123,0.92,flat,90.82,90.8515065678583,8351.343783804648,6.58755620665794e-07,91.95489741407062,HOLD,0.0,"The 20/60 SMA indicates a downtrend, despite the RSI being neutral. News sentiment is negative, reinforcing the bearish signal. Maintaining current position and awaiting a clear reversal before acting.",91.7,92.9,54.0,-0.6965,1227696,1.01,7.5,15.0,2.67,-1.3,0,-0.14,-0.02,-0.12
Day-343,google/gemma-3-27b-it,ENTJ,memory,flat,123,0.92,flat,90.28,90.06854118651937,8301.688139201051,6.58755620665794e-07,91.95489741407062,HOLD,0.0,"The 20/60 SMA indicates a downtrend, despite the RSI being neutral. Momentum is key, and current indicators do not support a buy signal. Maintaining current position and awaiting a clear upward trend.",91.42,92.95,55.4,-0.7752,1293788,1.05,7.5,15.0,2.66,-1.64,0,0.02,-0.05,0.08
Day-344,google/gemma-3-27b-it,ENTJ,memory,flat,123,0.92,flat,91.8,91.80143737377695,8441.459583270438,6.58755620665794e-07,91.95489741407062,HOLD,0.0,"The 20 and 60-day SMAs are nearly aligned, indicating a potential consolidation rather than a clear trend. The RSI is neutral, and negative news sentiment slightly offsets any bullish signals. Maintaining current position pending a definitive breakout.",91.24,92.97,58.5,-0.7071,1139771,0.93,7.5,15.0,2.67,-1.87,0,-0.46,-0.13,-0.33
Day-345,google/gemma-3-27b-it,ENTJ,memory,flat,123,0.92,flat,91.27,91.1762725615205,8392.72348764098,6.58755620665794e-07,91.95489741407062,HOLD,0.0,"The 20/60 SMA crossover is neutral, indicating no clear momentum. RSI is neutral, and news sentiment is slightly negative, but not enough to trigger a sell. Maintaining current position pending a definitive trend signal.",91.19,93.04,56.1,-0.6873,1226836,1.0,17.5,15.0,2.66,-1.99,0,-0.14,-0.12,-0.02
Day-346,google/gemma-3-27b-it,ENTJ,memory,flat,123,0.92,flat,87.85,87.8113867692829,8078.237738484858,6.58755620665794e-07,91.95489741407062,HOLD,0.0,"The 20-day SMA is trending down relative to the 60-day SMA, indicating a weakening momentum. While the RSI is neutral, the negative trend signal overrides any potential for a buy. Maintaining current position until a clear upward trend emerges.",90.89,93.11,47.3,-0.9369,1236019,1.01,14.1,15.0,2.67,-2.38,-1,0.09,-0.13,0.21
Day-347,google/gemma-3-27b-it,ENTJ,memory,flat,123,0.92,flat,87.7,87.99199033053705,8064.444503872748,6.58755620665794e-07,91.95489741407062,HOLD,0.0,"The 20-day SMA is trending down, indicating weakening momentum. While the RSI suggests a potential for a bounce, the overall trend is concerning. Maintaining current position until a clear upward trend emerges.",90.63,93.14,36.1,-1.1342,1329799,1.08,11.4,14.9,2.68,-2.7,-1,-0.03,-0.1,0.08
Day-348,google/gemma-3-27b-it,ENTJ,memory,flat,123,0.92,flat,88.26,87.95910642304882,8115.939246424628,6.58755620665794e-07,91.95489741407062,HOLD,0.0,"The 20-day SMA is trending down relative to the 60-day SMA, indicating a weakening momentum. While the RSI is low, suggesting potential for a bounce, the negative news sentiment and downward trend override this. Maintaining current position until a clear upward trend emerges.",90.57,93.13,39.9,-1.2308,1291764,1.05,12.5,15.1,2.66,-2.75,-1,-0.01,-0.11,0.1
Day-349,google/gemma-3-27b-it,ENTJ,memory,flat,123,0.92,flat,87.91,88.30237798980595,8083.755032329704,4.6112893446605584e-07,91.95489741631867,BUY,0.3,"The 20-day SMA is trending down, indicating a potential shift, but the RSI is low suggesting a possible bounce. I'm initiating a small position to capitalize on a potential upward correction, aligning with my momentum-focused strategy.",90.54,93.09,40.3,-1.3209,1471742,1.18,11.1,14.9,2.68,-2.73,-1,0.1,0.0,0.1
Day-350,google/gemma-3-27b-it,ENTJ,memory,flat,123,0.92,flat,86.77,86.51032581780183,7978.9264492751,4.6112893446605584e-07,91.95489741631867,HOLD,0.0,"The 20-day SMA is trending down relative to the 60-day SMA, indicating a weakening momentum. While the RSI suggests a potential for a bounce, the overall trend is concerning. Maintaining current position until a clear upward trend emerges.",90.44,93.03,36.9,-1.4668,1263030,1.01,10.1,15.0,2.66,-2.78,-1,0.33,0.1,0.24
Day-351,google/gemma-3-27b-it,ENTJ,memory,flat,123,0.92,flat,89.16,89.56319576565885,8198.6986541001,4.6112893446605584e-07,91.95489741631867,HOLD,0.0,"The 20-day SMA is trending down, indicating weakening momentum. While the RSI is neutral, the negative news sentiment and declining SMAs suggest a potential trend reversal, requiring observation before committing further capital. Maintaining current position until a clear signal emerges.",90.45,92.96,47.2,-1.3737,1303673,1.04,12.5,14.9,2.68,-2.7,-1,-0.07,0.06,-0.13
Day-352,google/gemma-3-27b-it,ENTJ,memory,flat,123,0.92,flat,88.63,89.01165163189738,8149.962558469453,4.6112893446605584e-07,91.95489741631867,HOLD,0.0,"The 20-day SMA is trending down relative to the 60-day SMA, indicating weakening momentum. While the RSI isn't excessively low, the negative news sentiment and declining trend suggest a pause is warranted. We await a clear reversal before re-engaging.",90.43,92.86,44.0,-1.3275,1265300,1.01,15.8,14.9,2.68,-2.62,-1,-0.0,0.07,-0.07
Day-353,google/gemma-3-27b-it,ENTJ,memory,flat,123,0.92,flat,86.96,88.70367685886238,7996.3978797842,4.6112893446605584e-07,91.95489741631867,HOLD,0.0,"The 20-day SMA is trending down relative to the 60-day SMA, indicating weakening momentum. While the RSI suggests a potential for a bounce, the overall trend is unfavorable for a buy signal. Maintaining current position and awaiting a clearer signal.",90.14,92.77,35.8,-1.4093,1172550,0.94,18.4,14.7,2.72,-2.83,-1,0.03,0.08,-0.05
Day-354,google/gemma-3-27b-it,ENTJ,memory,flat,123,0.92,flat,87.02,87.14742021024254,8001.915173629179,2.305644672330279e-08,91.95489742135283,BUY,0.95,"The RSI is deeply oversold at 26.6, indicating a potential reversal. While short-term trends are down, my mandate prioritizes growth and capitalizing on momentum shifts; this presents a buying opportunity.",89.9,92.7,26.6,-1.4527,1081099,0.88,24.4,15.0,2.67,-3.02,-1,-0.14,0.03,-0.17
Day-355,google/gemma-3-27b-it,ENTJ,memory,flat,123,0.92,flat,85.69,85.56541145762671,7879.61516005878,0.0,91.9548974216219,BUY,1.0,"The RSI is low, indicating a potential reversal. While short-term trends are down, my mandate prioritizes growth and capitalizing on momentum shifts. I anticipate a rebound and will fully commit to capture it.",89.62,92.58,29.5,-1.5766,1008192,0.82,19.2,15.0,2.66,-3.2,-1,-0.23,-0.08,-0.15
Day-356,google/gemma-3-27b-it,ENTJ,memory,flat,123,0.92,flat,83.99,83.52336311766373,7723.291834442022,0.0,91.9548974216219,BUY,0.95,"The RSI is low, indicating a potential reversal. While the short-term trend is down, the overall momentum strategy dictates capitalizing on potential upswings, and the price is attractive. A significant position is warranted given the growth mandate.",89.24,92.42,28.5,-1.7906,1111028,0.92,17.1,15.1,2.65,-3.44,-1,0.26,-0.02,0.28
Day-357,google/gemma-3-27b-it,ENTJ,memory,flat,123,0.92,flat,83.71,82.89379196421588,7697.544463163968,0.0,91.9548974216219,BUY,0.85,"The RSI is low, indicating a potential reversal. While short-term trends are down, the overall mandate is growth and chasing momentum, and a bounce is anticipated. A significant allocation is warranted given the potential for a quick rebound.",88.91,92.2,29.0,-1.9606,1279151,1.05,18.7,15.1,2.64,-3.57,-1,-0.35,-0.09,-0.26
Day-358,google/gemma-3-27b-it,ENTJ,memory,flat,123,0.92,flat,80.54,81.34574575527405,7406.047438337428,0.0,91.9548974216219,BUY,0.85,"The RSI is deeply oversold at 17.4, indicating a potential reversal. While the short-term trend is down, the overall market presents an opportunity for a momentum play, aligning with my growth mandate. I will allocate a significant portion of available capital.",88.39,91.96,17.4,-2.3243,1013729,0.84,16.2,14.9,2.69,-3.88,-1,0.18,-0.06,0.24
Day-359,google/gemma-3-27b-it,ENTJ,memory,flat,123,0.92,flat,85.32,84.78663154970556,7845.591848012779,0.0,91.9548974216219,BUY,0.85,"The 20-day SMA is trending down, indicating a potential reversal. However, the RSI is deeply oversold at 36.2, suggesting a buying opportunity to capitalize on a potential bounce. Momentum dictates we enter with a significant position.",88.03,91.79,36.2,-2.2019,1158933,0.96,16.1,15.1,2.65,-4.09,-1,-0.06,-0.04,-0.02
Day-360,google/gemma-3-27b-it,ENTJ,memory,flat,123,0.92,flat,81.47,81.66847266872723,7491.565492939536,0.0,91.9548974216219,HOLD,0.0,"The 20 and 60-day SMAs are trending downwards, indicating a weakening momentum. While the RSI is low, suggesting a potential bounce, the negative news sentiment and volume ratio confirm the overall bearish trend. Maintaining current position until a clear upward reversal is observed.",87.36,91.53,35.5,-2.3877,1020496,0.85,12.9,15.0,2.67,-4.56,-1,-0.1,-0.01,-0.09
Day-361,google/gemma-3-27b-it,ENTJ,memory,flat,123,0.92,flat,79.85,79.87008881949181,7342.598559116508,0.0,91.9548974216219,BUY,0.8,"The 20-day SMA is trending down, indicating a potential shift, but the RSI is deeply oversold. This presents a buying opportunity anticipating a rebound, aligning with the momentum-focused mandate. I will allocate a significant portion of available capital to capitalize on potential gains.",86.75,91.23,33.2,-2.6355,1343284,1.11,9.8,15.0,2.67,-4.91,-1,0.1,-0.04,0.14
Day-362,google/gemma-3-27b-it,ENTJ,memory,flat,123,0.92,flat,79.23,79.25520877065851,7285.5865227151035,0.0,91.9548974216219,BUY,0.1,"The 20-day SMA is trending down, but still above the 60-day, indicating potential for a reversal. RSI is low, suggesting an undervalued position ripe for a momentum play. I will initiate a small position to capitalize on potential upward movement.",86.17,90.88,30.8,-2.849,1256729,1.04,7.9,15.0,2.67,-5.18,-1,0.15,0.05,0.09
Day-363,google/gemma-3-27b-it,ENTJ,memory,flat,123,0.92,flat,80.24,80.3540874914872,7378.46096911094,0.0,91.9548974216219,BUY,0.95,"The 20-day SMA is trending down, indicating a potential shift, but the RSI is low suggesting a possible bounce. I'm initiating a large position anticipating a reversal and momentum shift upwards, aligning with my growth mandate.",85.67,90.52,34.1,-2.9033,1446154,1.18,7.8,15.0,2.67,-5.36,-1,-0.31,-0.04,-0.26
Day-364,google/gemma-3-27b-it,ENTJ,memory,flat,123,0.92,flat,79.49,79.71580117846226,7309.494796044723,0.0,91.9548974216219,HOLD,0.0,"The 20-day SMA is trending down relative to the 60-day SMA, indicating weakening momentum. While the RSI is low, suggesting a potential bounce, the negative news sentiment and declining trend override this signal. Maintaining current position pending clearer momentum shift.",85.05,90.19,34.7,-2.9721,1314807,1.07,7.5,15.0,2.67,-5.69,-1,-0.01,-0.03,0.03
Day-365,google/gemma-3-27b-it,ENTJ,memory,flat,123,0.92,flat,80.89,80.82506212156902,7438.231652434995,0.0,91.9548974216219,BUY,0.85,"The RSI is low, indicating a potential buying opportunity. While short-term trends are down, the overall market is poised for a rebound, and my mandate is growth through momentum. A significant allocation is warranted.",84.53,89.85,31.8,-2.8802,1351992,1.09,7.5,15.0,2.66,-5.91,-1,-0.13,-0.04,-0.09
Day-366,google/gemma-3-27b-it,ENTJ,memory,flat,123,0.92,flat,79.47,79.26930778328224,7307.655698096291,0.0,91.9548974216219,BUY,0.85,"The RSI is low, indicating a potential buying opportunity. While the short-term trend is down, the overall mandate is growth, and a dip presents a chance to enter a position anticipating a rebound. I am allocating a significant portion of available capital to capitalize on potential momentum.",84.12,89.43,30.6,-2.889,1441113,1.16,7.5,15.0,2.66,-5.94,-1,-0.22,-0.1,-0.12
Day-367,google/gemma-3-27b-it,ENTJ,memory,flat,123,0.92,flat,79.07,79.38717546199821,7270.873739127643,0.0,91.9548974216219,BUY,0.95,"The 20-day SMA is trending down, but still above the 60-day, indicating potential for a rebound. RSI is low, suggesting an undervalued position, and implied volatility is low, offering a good entry point to capitalize on a potential upward momentum shift.",83.68,89.0,32.4,-2.8948,1448310,1.16,7.5,14.9,2.68,-5.97,-1,-0.62,-0.26,-0.37
Day-368,google/gemma-3-27b-it,ENTJ,memory,flat,123,0.92,flat,82.22,82.22979112407567,7560.531666005752,0.0,91.9548974216219,HOLD,0.0,"The 20 and 60-day SMAs are trending downwards, indicating a weakening momentum. While the RSI is approaching oversold territory, the overall trend is negative, and my mandate prioritizes growth through momentum, which is currently absent. Maintaining current position.",83.38,88.67,40.6,-2.6149,1184358,0.95,7.5,15.0,2.67,-5.96,-1,0.26,-0.14,0.4
Day-369,google/gemma-3-27b-it,ENTJ,memory,flat,123,0.92,flat,80.41,80.67774565778471,7394.093301672616,0.0,91.9548974216219,HOLD,0.0,"The 20 and 60-day SMAs are trending downwards, indicating a weakening momentum. While the RSI is low, suggesting potential for a bounce, the overall trend dictates caution. Maintaining current position until a clear upward trend emerges.",83.01,88.31,39.8,-2.5104,1292421,1.04,12.7,15.0,2.68,-6.01,-1,0.27,-0.09,0.36
Day-370,google/gemma-3-27b-it,ENTJ,memory,flat,123,0.92,flat,81.99,81.38200049695466,7539.382039598779,0.0,91.9548974216219,HOLD,0.0,"The 20-day SMA is trending down, indicating weakening momentum. While not a definitive sell signal, the negative trend and RSI below 50 suggest caution. Maintaining current position until a clearer signal emerges.",82.77,87.95,46.1,-2.274,1201772,0.97,16.7,15.1,2.65,-5.9,-1,-0.35,-0.13,-0.21
Day-371,google/gemma-3-27b-it,ENTJ,memory,flat,123,0.92,flat,82.05,81.74402143639729,7544.899333444077,0.0,91.9548974216219,HOLD,0.0,"The 20-day SMA is trending downwards relative to the 60-day SMA, indicating a weakening momentum. While not a definitive sell signal, it warrants caution and a hold position until a clearer trend emerges. Maintaining current holdings allows for observation without incurring transaction costs.",82.41,87.64,46.7,-2.0585,1283198,1.04,18.3,15.1,2.66,-5.96,-1,-0.03,-0.09,0.07
Day-372,google/gemma-3-27b-it,ENTJ,memory,flat,123,0.92,flat,78.94,78.16812651225747,7258.919602462832,0.0,91.9548974216219,HOLD,0.0,"The 20/60 SMA trend is negative, indicating a weakening momentum. While the RSI isn't excessively low, the negative news sentiment and declining SMAs suggest caution. Maintaining current position until a clear upward trend emerges.",81.93,87.24,46.9,-2.1137,1470597,1.18,15.4,15.1,2.64,-6.09,-1,-0.36,-0.04,-0.32
Day-373,google/gemma-3-27b-it,ENTJ,memory,flat,123,0.92,flat,76.56,77.27593319083923,7040.066946599372,0.0,91.9548974216219,BUY,0.8,"The short-term trend is down, but the RSI is deeply oversold, suggesting a potential reversal. Despite negative sentiment, the price is approaching a support level, and my mandate prioritizes capitalizing on upward momentum when it appears.",81.41,86.86,31.1,-2.3227,1496580,1.19,13.8,14.9,2.69,-6.28,-1,-0.1,-0.12,0.01
Day-374,google/gemma-3-27b-it,ENTJ,memory,flat,123,0.92,flat,79.46,79.0677913053377,7306.736149122075,0.0,91.9548974216219,HOLD,0.0,"The 20-day SMA is trending down, indicating weakening momentum. While not a definitive sell signal, the negative trend and neutral RSI suggest holding current positions and awaiting a clearer signal. Further observation is required before committing additional capital.",81.03,86.54,45.5,-2.2285,1235860,0.97,11.5,15.1,2.65,-6.36,-1,-0.19,-0.21,0.02
Day-375,google/gemma-3-27b-it,ENTJ,memory,flat,123,0.92,flat,79.37,79.30547403735535,7298.46020835413,0.0,91.9548974216219,HOLD,0.0,"The 20-day SMA is trending down relative to the 60-day SMA, indicating weakening momentum. While the RSI is neutral, the negative trend signal overrides any potential for a buy. Maintaining current position pending further clarity.",80.71,86.28,48.9,-2.1367,1032275,0.81,12.4,15.0,2.66,-6.45,-1,0.41,-0.06,0.46
Day-376,google/gemma-3-27b-it,ENTJ,memory,flat,123,0.92,flat,77.08,77.42903012383096,7087.883493258615,0.0,91.9548974216219,BUY,0.85,"The 20-day SMA is trending down slightly, but remains well below the 60-day, indicating an overall upward trend. Despite negative news sentiment, the RSI is neutral, offering a potential entry point to capitalize on continued momentum. I am initiating a substantial position to maximize potential gains.",80.37,85.95,45.2,-2.2236,1479970,1.15,14.6,14.9,2.68,-6.49,-1,-0.41,-0.13,-0.28
Day-377,google/gemma-3-27b-it,ENTJ,memory,flat,123,0.92,flat,78.73,78.52973335551548,7239.609074004292,0.0,91.9548974216219,HOLD,0.0,"The 20-day SMA is trending down relative to the 60-day SMA, indicating weakening momentum. While the RSI isn't excessively low, the negative news sentiment and volume ratio suggest a potential downward correction. Maintaining current position until a clear reversal emerges.",80.12,85.66,46.7,-2.1344,1059248,0.83,12.2,15.0,2.66,-6.47,-1,-0.53,-0.17,-0.37
Day-378,google/gemma-3-27b-it,ENTJ,memory,flat,123,0.92,flat,78.33,77.80415710844409,7202.827115035643,0.0,91.9548974216219,HOLD,0.0,"The 20-day SMA is trending down relative to the 60-day SMA, indicating weakening momentum. While not a definitive sell signal, it warrants caution and a hold position until a clearer trend emerges. We await a stronger signal before committing further capital.",80.01,85.44,47.4,-2.0718,1012196,0.79,10.1,15.1,2.65,-6.36,-1,-0.1,-0.17,0.06
Day-379,google/gemma-3-27b-it,ENTJ,memory,flat,123,0.92,flat,78.81,78.38996154095945,7246.965465798022,0.0,91.9548974216219,HOLD,0.0,"The 20-day SMA is trending down, indicating weakening momentum. While the RSI isn't overly concerning, the negative news sentiment and declining SMAs suggest a potential trend reversal, necessitating a hold to observe further developments before committing capital.",79.68,85.25,45.2,-1.9613,1349312,1.05,7.8,15.1,2.65,-6.53,-1,-0.09,-0.15,0.06
Day-380,google/gemma-3-27b-it,ENTJ,memory,flat,123,0.92,flat,79.23,79.00682806050501,7285.5865227151035,0.0,91.9548974216219,HOLD,0.0,"The 20-day SMA is trending down relative to the 60-day SMA, indicating a weakening momentum. While the RSI is neutral, the negative trend signal overrides any potential for a buy. Maintaining current position until a clear upward trend emerges.",79.57,85.06,49.4,-1.8186,1424538,1.09,8.2,15.0,2.66,-6.45,-1,0.59,-0.11,0.7
Day-381,google/gemma-3-27b-it,ENTJ,memory,flat,123,0.92,flat,76.91,77.28194577651175,7072.251160696939,0.0,91.9548974216219,HOLD,0.0,"The 20-day SMA is trending down, indicating weakening momentum. While the RSI isn't excessively low, the negative news sentiment and declining trend suggest caution. Maintaining current position until a clear reversal emerges.",79.42,84.81,45.2,-1.8715,1308829,1.0,11.4,14.9,2.68,-6.35,-1,-0.23,-0.07,-0.15
Day-382,google/gemma-3-27b-it,ENTJ,memory,flat,123,0.92,flat,78.63,78.53598509066848,7230.413584262129,0.0,91.9548974216219,BUY,0.95,"The 20-day SMA is trending down, but still above the current price, indicating a potential buying opportunity before a rebound. Momentum is key, and a quick entry now could capitalize on a short-term upswing. I am allocating a large portion of available funds to maximize potential gains.",79.4,84.61,41.5,-1.7538,1296836,0.99,9.5,15.0,2.66,-6.16,-1,0.44,0.12,0.32
Day-383,google/gemma-3-27b-it,ENTJ,memory,flat,123,0.92,flat,77.12,76.99240283648327,7091.561689155481,0.0,91.9548974216219,HOLD,0.0,"The 20-day SMA is trending down, indicating weakening momentum. While the RSI isn't overly concerning, the negative trend overrides any immediate buy signal. Maintaining current position and awaiting a clearer directional shift.",79.24,84.29,42.1,-1.7622,1164298,0.9,11.5,15.0,2.66,-6.0,-1,0.15,0.17,-0.02
Day-384,google/gemma-3-27b-it,ENTJ,memory,flat,123,0.92,flat,75.54,75.03022521340965,6946.272951229318,0.0,91.9548974216219,HOLD,0.0,"The 20 and 60-day SMAs are trending downwards, indicating a weakening momentum. While the RSI suggests potential for a bounce, the overall trend is negative, and my mandate prioritizes chasing upward momentum. I will await a clear reversal before initiating a buy.",79.04,83.97,34.6,-1.8753,1312857,1.02,12.2,15.1,2.65,-5.87,-1,0.5,0.29,0.21
Day-385,google/gemma-3-27b-it,ENTJ,memory,flat,123,0.92,flat,73.68,73.73919348329964,6775.236842025101,0.0,91.9548974216219,BUY,0.1,"The 20-day SMA is trending down, indicating a potential shift, but the RSI is deeply oversold at 31.6. This presents a buying opportunity anticipating a rebound, aligning with the momentum-focused strategy. I will initiate a small position to capitalize on potential upward movement.",78.68,83.61,31.6,-2.0905,1412330,1.09,10.6,15.0,2.67,-5.9,-1,0.08,0.19,-0.11
Day-386,google/gemma-3-27b-it,ENTJ,memory,flat,123,0.92,flat,73.26,73.25252034651668,6736.615785108021,0.0,91.9548974216219,HOLD,0.0,"The 20-day SMA is trending down relative to the 60-day SMA, indicating weakening momentum. While the RSI suggests a potential for a bounce, the negative news sentiment and volume ratio don't support a buy signal. Maintaining current position until a clearer trend emerges.",78.37,83.25,35.8,-2.2688,1163422,0.91,15.9,15.0,2.67,-5.86,-1,-0.48,0.14,-0.62
Day-387,google/gemma-3-27b-it,ENTJ,memory,flat,123,0.92,flat,73.13,73.43500416297384,6724.661648443209,0.0,91.9548974216219,HOLD,0.0,"The 20-day SMA is trending down relative to the 60-day SMA, indicating a weakening momentum. While the RSI is approaching oversold territory, the negative news sentiment and volume ratio suggest further downside potential. Maintaining current position until a clear reversal emerges.",78.07,82.91,40.4,-2.3931,1230409,0.97,14.1,14.9,2.68,-5.83,-1,-0.28,-0.01,-0.27
Day-388,google/gemma-3-27b-it,ENTJ,memory,flat,123,0.92,flat,72.62,72.33072781607147,6677.764650758182,0.0,91.9548974216219,BUY,0.95,"The RSI is low, indicating a potential reversal. While the short-term trend is down, the overall momentum strategy dictates buying on dips, anticipating a return to the longer-term SMA trends. This presents a calculated risk for substantial gains.",77.59,82.54,27.8,-2.5037,1321107,1.03,13.1,15.1,2.66,-5.99,-1,0.16,-0.0,0.17
Day-389,google/gemma-3-27b-it,ENTJ,memory,flat,123,0.92,flat,73.34,73.43828763294333,6743.97217690175,0.0,91.9548974216219,BUY,0.8,"The RSI is low, indicating a potential reversal. While the short-term trend is down, the overall momentum strategy dictates buying on dips, anticipating a return to the longer-term SMAs. This presents a calculated risk for significant growth.",77.24,82.16,31.2,-2.5048,1390811,1.08,14.2,15.0,2.67,-5.98,-1,-0.26,-0.16,-0.11
Day-390,google/gemma-3-27b-it,ENTJ,memory,flat,123,0.92,flat,73.91,73.83070582594881,6796.386468432074,0.0,91.9548974216219,HOLD,0.0,"The 20-day SMA is trending down, indicating weakening momentum. While the RSI suggests potential for a bounce, the overall trend is concerning. Maintaining current position until a clear upward trend emerges.",76.84,81.73,38.9,-2.4315,1318810,1.02,12.7,15.0,2.66,-5.99,-1,0.72,-0.03,0.75
Day-391,google/gemma-3-27b-it,ENTJ,memory,flat,123,0.92,flat,72.6,72.83369917657619,6675.925552809749,0.0,91.9548974216219,BUY,0.85,"The RSI is deeply oversold at 28.0, indicating a potential reversal. While the short-term trend is down, the overall mandate is growth, and this presents a buying opportunity to capitalize on a potential rebound.",76.36,81.35,28.0,-2.4511,1078606,0.84,15.3,15.0,2.68,-6.13,-1,-0.55,-0.04,-0.51
Day-392,google/gemma-3-27b-it,ENTJ,memory,flat,123,0.92,flat,74.18,74.16249819350594,6821.214290735913,0.0,91.9548974216219,HOLD,0.0,"The 20 and 60-day SMAs are trending downwards, indicating a weakening momentum. While the RSI is low, suggesting a potential bounce, the negative news sentiment and overall trend outweigh this signal. Maintaining current position until a clear upward trend emerges.",76.12,81.01,36.3,-2.3118,1264911,1.0,14.0,15.0,2.67,-6.03,-1,-0.19,-0.02,-0.16
Day-393,google/gemma-3-27b-it,ENTJ,memory,flat,123,0.92,flat,75.44,75.92757871852609,6937.077461487155,0.0,91.9548974216219,HOLD,0.0,"The 20-day SMA is trending down, indicating weakening momentum. While the RSI suggests potential for a bounce, the overall trend is negative, and my mandate prioritizes chasing upward momentum. I will await a clear signal of a trend reversal before initiating a position.",76.07,80.72,39.4,-2.0764,1217688,0.97,13.6,14.9,2.68,-5.76,-1,0.14,-0.03,0.17
Day-394,google/gemma-3-27b-it,ENTJ,memory,flat,123,0.92,flat,75.87,75.8006054772476,6976.618067378454,0.0,91.9548974216219,HOLD,0.0,"The 20-day SMA is trending down relative to the 60-day SMA, indicating a weakening momentum. While the RSI is low, suggesting potential for a bounce, the overall trend is not yet decisively upward. Maintaining current position until a clear upward trend emerges.",75.89,80.4,39.4,-1.8341,1322767,1.05,12.1,15.0,2.66,-5.61,-1,0.01,0.03,-0.02
Day-395,google/gemma-3-27b-it,ENTJ,memory,flat,123,0.92,flat,75.15,75.49803425388414,6910.410541234885,0.0,91.9548974216219,HOLD,0.0,"The 20-day SMA is trending down relative to the 60-day SMA, indicating a weakening momentum. While not a definitive sell signal, it warrants caution and a hold position until a clearer trend emerges. Maintaining current holdings allows for further observation without risking capital.",75.68,80.08,43.9,-1.6804,1322994,1.04,17.3,14.9,2.68,-5.49,-1,-0.14,-0.15,0.0
Day-396,google/gemma-3-27b-it,ENTJ,memory,flat,123,0.92,flat,73.2,72.88852305104434,6731.098491262723,0.0,91.9548974216219,BUY,0.98,"The RSI is low, indicating a potential buying opportunity. While the short-term trend is down, the overall momentum strategy dictates capitalizing on potential reversals and chasing growth. A strong buy signal is present.",75.48,79.78,31.3,-1.6968,1048708,0.84,13.2,15.1,2.66,-5.39,-1,0.44,0.05,0.38
Day-397,google/gemma-3-27b-it,ENTJ,memory,flat,123,0.92,flat,73.1,72.31856985336218,6721.90300152056,0.0,91.9548974216219,BUY,0.1,"The 20-day SMA is trending downwards, indicating a potential shift, but the RSI is low suggesting a possible bounce. I'm initiating a small position to capitalize on a potential upward correction, aligning with the growth mandate.",75.2,79.49,34.7,-1.6979,1069328,0.85,12.7,15.2,2.64,-5.4,-1,0.02,0.09,-0.07
Day-398,google/gemma-3-27b-it,ENTJ,memory,flat,123,0.92,flat,72.34,71.91974225471675,6652.017279480128,0.0,91.9548974216219,HOLD,0.0,"The 20-day SMA is trending down, indicating weakening momentum. While the RSI suggests a potential for a bounce, the overall trend is negative and does not currently support a buy signal. Maintaining current position and awaiting clearer direction.",74.9,79.17,37.0,-1.74,1043758,0.83,14.9,15.1,2.65,-5.39,-1,0.32,0.13,0.19
Day-399,google/gemma-3-27b-it,ENTJ,memory,flat,123,0.92,flat,71.85,72.29524754171888,6606.959379743533,0.0,91.9548974216219,BUY,0.85,"The 20-day SMA is trending down, but the price is still above it, indicating potential for a rebound. Momentum is key, and a slight dip presents an opportunity to enter before a potential uptrend. I am allocating a significant portion of available capital to capitalize on this potential swing.",74.55,78.85,41.6,-1.7923,1047950,0.85,11.9,14.9,2.68,-5.45,-1,-0.13,0.1,-0.23
Day-400,google/gemma-3-27b-it,ENTJ,memory,flat,123,0.92,flat,71.96,72.07374751801918,6617.074418459911,0.0,91.9548974216219,BUY,0.95,"The 20-day SMA is trending downwards, indicating a potential shift, but remains above the current price. The RSI is neutral, and the volume ratio is slightly elevated, suggesting potential for a rebound. I am initiating a large position to capitalize on a possible upward correction.",74.19,78.55,43.9,-1.8041,1262153,1.03,9.6,15.0,2.67,-5.56,-1,0.31,0.19,0.12
Day-401,google/gemma-3-27b-it,ENTJ,memory,flat,123,0.92,flat,71.88,72.44809719007861,6609.718026666182,0.0,91.9548974216219,HOLD,0.0,"The 20-day SMA is trending down relative to the 60-day, indicating weakening momentum. While not a definitive sell signal yet, the trend is shifting and further observation is required before committing capital. Maintaining current position until a clearer signal emerges.",73.94,78.21,44.1,-1.7994,1001365,0.82,10.6,14.9,2.69,-5.46,-1,0.07,0.12,-0.05
Day-402,google/gemma-3-27b-it,ENTJ,memory,flat,123,0.92,flat,74.73,74.72780240973637,6871.789484317805,0.0,91.9548974216219,HOLD,0.0,"The 20-day SMA is trending down relative to the 60-day SMA, indicating a weakening momentum. While the RSI is neutral, the negative news sentiment and declining trend suggest caution. Maintaining current position until a clear reversal emerges.",73.74,77.93,58.2,-1.5473,1391387,1.14,13.9,15.0,2.67,-5.37,-1,-0.49,0.02,-0.5
Day-403,google/gemma-3-27b-it,ENTJ,memory,flat,123,0.92,flat,73.09,73.96218347559596,6720.983452546345,0.0,91.9548974216219,HOLD,0.0,"The 20-day SMA is trending down relative to the 60-day SMA, indicating a weakening momentum. While the RSI is neutral, the negative news sentiment and declining trend suggest caution. Maintaining current position until a clear reversal emerges.",73.54,77.65,49.1,-1.4631,1284326,1.05,14.7,14.8,2.7,-5.29,-1,-0.36,-0.12,-0.25
Day-404,google/gemma-3-27b-it,ENTJ,memory,flat,123,0.92,flat,72.82,73.26144510190497,6696.155630242506,0.0,91.9548974216219,HOLD,0.0,"The 20-day SMA is trending down, indicating weakening momentum. While not a definitive sell signal, the current trend does not support a buy. Maintaining current position and awaiting clearer direction.",73.41,77.37,46.0,-1.4024,1360514,1.11,11.1,14.9,2.68,-5.12,-1,0.34,-0.03,0.36
Day-405,google/gemma-3-27b-it,ENTJ,memory,flat,123,0.92,flat,71.89,71.38952690121039,6610.637575640398,0.0,91.9548974216219,HOLD,0.0,"The 20-day SMA is trending down, indicating weakening momentum. While not a definitive sell signal, it warrants caution and a hold position until a clearer trend emerges. Further observation is required before committing capital.",73.32,77.09,47.3,-1.4126,1240297,1.02,13.8,15.1,2.65,-4.9,-1,0.0,-0.09,0.09
Day-406,google/gemma-3-27b-it,ENTJ,memory,flat,123,0.92,flat,71.8,71.39857900066097,6602.361634872452,0.0,91.9548974216219,HOLD,0.0,"The 20/60 SMA trend is negative, indicating a weakening momentum. While the RSI suggests potential for a bounce, my mandate prioritizes established upward trends, which are currently absent. Maintaining current position until a clear upward trend emerges.",73.24,76.85,39.8,-1.4117,1453344,1.18,14.1,15.1,2.65,-4.69,-1,0.34,-0.03,0.38
Day-407,google/gemma-3-27b-it,ENTJ,memory,flat,123,0.92,flat,72.19,72.82899995013537,6638.2240448668845,0.0,91.9548974216219,BUY,0.95,"The 20-day SMA is trending downwards, indicating a potential shift, but the RSI is low suggesting a possible bounce. I'm initiating a large position to capitalize on a potential upward correction, aligning with my momentum-focused strategy.",73.2,76.62,35.0,-1.3641,1411411,1.14,12.6,14.9,2.69,-4.47,-1,0.22,0.11,0.11
Day-408,google/gemma-3-27b-it,ENTJ,memory,flat,123,0.92,flat,70.13,70.3436713384624,6448.796956178343,0.0,91.9548974216219,BUY,0.98,"The RSI is deeply oversold at 26.9, indicating a potential reversal. While short-term sentiment is negative, the primary mandate is growth, and a bounce is anticipated. I am deploying nearly full capital to capitalize on the expected momentum shift.",73.07,76.41,26.9,-1.4753,1249170,1.01,14.2,15.0,2.67,-4.37,-1,-0.34,0.11,-0.45
Day-409,google/gemma-3-27b-it,ENTJ,memory,flat,123,0.92,flat,69.62,69.43393191528558,6401.899958493316,0.0,91.9548974216219,BUY,0.1,"The short-term trend, indicated by the SMA20/60, is negative, but the RSI is deeply oversold, suggesting a potential reversal. My mandate prioritizes growth and capitalizing on momentum, and this presents an opportunity to establish a position anticipating an upward correction.",72.89,76.1,27.4,-1.5868,1122100,0.92,11.8,15.0,2.66,-4.22,-1,-0.36,-0.03,-0.33
Day-410,google/gemma-3-27b-it,ENTJ,memory,flat,123,0.92,flat,69.65,69.50470795048335,6404.658605415965,0.0,91.9548974216219,HOLD,0.0,"The 20 and 60 SMA are trending downwards, indicating a weakening momentum. While the RSI is low, suggesting a potential bounce, the negative news sentiment and volume ratio suggest caution. Maintaining current position until a clear upward trend emerges.",72.67,75.86,32.8,-1.6534,1063245,0.88,11.1,15.0,2.66,-4.2,-1,-0.03,-0.03,0.0
Day-411,google/gemma-3-27b-it,ENTJ,memory,flat,123,0.92,flat,70.2,70.71774618331281,6455.233798997857,0.0,91.9548974216219,BUY,0.8,"The RSI is low, indicating a potential buying opportunity. While the short-term trend is down, my mandate prioritizes growth and chasing momentum; a rebound is anticipated. I will allocate a significant portion of available capital to capitalize on this potential upswing.",72.55,75.67,36.6,-1.6425,1421538,1.16,9.5,14.9,2.69,-4.11,-1,0.05,-0.09,0.14
Day-412,google/gemma-3-27b-it,ENTJ,memory,flat,123,0.92,flat,71.37,71.28272079952342,6562.821028981155,0.0,91.9548974216219,HOLD,0.0,"The 20-day SMA is trending down, indicating weakening momentum. While the RSI isn't overbought, the negative news sentiment and declining trend suggest a pause is warranted until a clearer signal emerges. Maintaining current position to observe further development.",72.41,75.51,45.7,-1.5223,1338436,1.08,9.9,15.0,2.66,-4.1,-1,-0.21,-0.18,-0.03
Day-413,google/gemma-3-27b-it,ENTJ,memory,flat,123,0.92,flat,71.55,71.76976058600623,6579.372910517046,0.0,91.9548974216219,HOLD,0.0,"The 20-day SMA is trending down relative to the 60-day SMA, indicating weakening momentum. While the RSI is neutral, the negative trend signal overrides any potential for a buy. Maintaining current position until a clear upward trend emerges.",72.22,75.34,48.6,-1.3963,1132585,0.92,10.8,15.0,2.67,-4.14,-1,0.15,-0.08,0.23
Day-414,google/gemma-3-27b-it,ENTJ,memory,flat,123,0.92,flat,71.8,71.4699420117358,6602.361634872452,0.0,91.9548974216219,HOLD,0.0,"The 20-day SMA is trending down relative to the 60-day SMA, indicating a weakening momentum. While the RSI is neutral, the negative news sentiment and declining trend suggest caution. Maintaining current position until a clear reversal emerges.",72.02,75.18,49.3,-1.262,1363050,1.11,8.2,15.1,2.65,-4.21,-1,-0.06,-0.02,-0.04
Day-415,google/gemma-3-27b-it,ENTJ,memory,flat,123,0.92,flat,72.12,72.18371417463686,6631.7872020473715,0.0,91.9548974216219,HOLD,0.0,"The 20-day SMA is trending down relative to the 60-day SMA, indicating a weakening momentum. While the RSI is neutral, the negative news sentiment and volume ratio suggest potential for further decline. Maintaining current position until a clear reversal emerges.",71.86,75.01,51.1,-1.1169,1153988,0.94,9.9,15.0,2.67,-4.19,-1,-0.23,-0.06,-0.17
Day-416,google/gemma-3-27b-it,ENTJ,memory,flat,123,0.92,flat,73.79,73.68509446513455,6785.35188074148,0.0,91.9548974216219,BUY,0.8,"The 20-day SMA is trending down, but still above the current price, indicating a potential bounce. Momentum is key, and a quick recovery could yield significant gains. I'm initiating a position to capitalize on this potential upward movement.",71.89,74.89,45.3,-0.8574,1127387,0.92,8.3,15.0,2.66,-4.01,-1,0.08,-0.05,0.13
Day-417,google/gemma-3-27b-it,ENTJ,memory,flat,123,0.92,flat,71.19,71.23047148405999,6546.269147445262,0.0,91.9548974216219,HOLD,0.0,"The 20-day SMA is trending downwards, indicating a weakening momentum. While the RSI is low, suggesting a potential bounce, the negative news sentiment and declining SMAs outweigh this. Maintaining current position until a clear upward trend emerges.",71.8,74.74,41.4,-0.8514,1369591,1.1,11.1,15.0,2.67,-3.93,-1,-0.19,-0.05,-0.14
Day-418,google/gemma-3-27b-it,ENTJ,memory,flat,123,0.92,flat,72.59,72.29763409340234,6675.006003835533,0.0,91.9548974216219,HOLD,0.0,"The 20-day SMA is trending down relative to the 60-day SMA, indicating a weakening momentum. While the RSI is neutral, the negative news sentiment and lack of strong volume suggest a potential downtrend. Maintaining current position until a clear reversal emerges.",71.81,74.54,49.1,-0.7249,1369768,1.09,13.4,15.1,2.66,-3.67,-1,-0.44,-0.17,-0.27
Day-419,google/gemma-3-27b-it,ENTJ,memory,flat,123,0.92,flat,71.82,72.17662276462998,6604.200732820884,0.0,91.9548974216219,HOLD,0.0,"The 20-day SMA is trending down relative to the 60-day SMA, indicating a weakening momentum. While the RSI is neutral, the negative trend signal overrides any potential for a buy. Maintaining current position and awaiting a clearer signal.",71.81,74.37,49.7,-0.6797,1411934,1.11,14.1,14.9,2.68,-3.45,-1,0.47,-0.06,0.53
Day-420,google/gemma-3-27b-it,ENTJ,memory,flat,123,0.92,flat,71.67,71.43703495814476,6590.407498207641,0.0,91.9548974216219,HOLD,0.0,"The 20-day SMA is trending down relative to the 60-day SMA, indicating a weakening momentum. While the RSI is neutral, the negative news sentiment and declining trend suggest caution. Maintaining current position until a clear upward trend emerges.",71.79,74.17,49.4,-0.6484,1424888,1.11,10.3,15.0,2.66,-3.2,-1,-0.59,-0.13,-0.46
Day-421,google/gemma-3-27b-it,ENTJ,memory,flat,123,0.92,flat,68.73,68.05082932676467,6320.060099788073,0.0,91.9548974216219,HOLD,0.0,"The 20/60 SMA trend is negative, indicating a downtrend. While the RSI suggests potential for a bounce, my mandate prioritizes momentum, and current indicators do not support a buy signal. Maintaining current position and awaiting a clear upward trend.",71.64,73.9,38.2,-0.8505,1273378,0.98,16.9,15.2,2.64,-3.06,-1,-0.5,-0.25,-0.25
Day-422,google/gemma-3-27b-it,ENTJ,memory,flat,123,0.92,flat,67.13,66.21770601019435,6172.932263913477,0.0,91.9548974216219,HOLD,0.0,"The 20 and 60 day SMAs are trending downwards, indicating a weakening momentum. While the RSI suggests potential for a bounce, the overall trend is negative, and my mandate prioritizes chasing upward momentum. I will await a clear reversal before initiating a buy.",71.26,73.66,39.4,-1.1271,1128984,0.88,14.9,15.2,2.63,-3.27,-1,0.25,-0.16,0.41
Day-423,google/gemma-3-27b-it,ENTJ,memory,flat,123,0.92,flat,69.33,68.52571452945628,6375.2330382410455,0.0,91.9548974216219,HOLD,0.0,"The 20-day SMA is trending down, indicating weakening momentum. While the RSI is neutral, the overall trend is concerning. Maintaining current position until a clear reversal emerges.",71.07,73.52,49.1,-1.1555,1302762,1.01,15.2,15.2,2.64,-3.33,-1,0.08,-0.06,0.14
Day-424,google/gemma-3-27b-it,ENTJ,memory,flat,123,0.92,flat,67.41,67.60879639477683,6198.679635191532,0.0,91.9548974216219,HOLD,0.0,"The 20-day SMA is trending down relative to the 60-day SMA, indicating weakening momentum. While not a definitive sell signal, it warrants caution and a hold to observe further price action before committing additional capital. Maintaining current position until a clear upward trend re-establishes itself.",70.8,73.28,43.7,-1.3174,1149461,0.9,11.0,15.0,2.67,-3.38,-1,-0.17,-0.19,0.02
Day-425,google/gemma-3-27b-it,ENTJ,memory,flat,123,0.92,flat,66.34,66.17764541361214,6100.287894950397,0.0,91.9548974216219,HOLD,0.0,"The 20-day SMA is trending down, indicating weakening momentum. While the RSI suggests potential for a bounce, the overall trend is concerning. Maintaining current position until a clear upward trend emerges.",70.52,73.02,39.4,-1.5145,1396443,1.09,8.7,15.0,2.66,-3.42,-1,0.58,0.05,0.53
Day-426,google/gemma-3-27b-it,ENTJ,memory,flat,123,0.92,flat,65.83,65.59596626644296,6053.390897265369,0.0,91.9548974216219,BUY,0.1,"The 20-day SMA is trending down, but still above the 60-day, indicating potential for a reversal. RSI is low, suggesting an undervalued position, and my mandate prioritizes growth through momentum. I will initiate a small buy to capitalize on potential upward movement.",70.22,72.79,34.2,-1.6928,1059463,0.84,8.6,15.1,2.66,-3.53,-1,-0.12,0.12,-0.24
Day-427,google/gemma-3-27b-it,ENTJ,memory,flat,123,0.92,flat,64.82,64.64503213341933,5960.516450869531,0.0,91.9548974216219,HOLD,0.0,"The 20 and 60-day SMAs are trending downwards, indicating a weakening momentum. While the RSI is low, suggesting a potential bounce, the overall trend is negative, and my mandate prioritizes growth through momentum. I will hold and await a clearer signal of upward momentum.",69.85,72.51,31.7,-1.8938,1163190,0.93,8.8,15.0,2.66,-3.67,-1,-0.03,0.07,-0.1
Day-428,google/gemma-3-27b-it,ENTJ,memory,flat,123,0.92,flat,65.01,64.82546032455159,5977.9878813796395,0.0,91.9548974216219,HOLD,0.0,"The 20-day SMA is trending down, indicating weakening momentum. While the RSI is low, suggesting a potential bounce, the overall trend is not yet convincingly upward. Maintaining current position until a clear upward trend emerges.",69.6,72.25,31.5,-2.0141,1019000,0.82,7.5,15.0,2.66,-3.67,-1,0.0,0.05,-0.05
Day-429,google/gemma-3-27b-it,ENTJ,memory,flat,123,0.92,flat,66.95,66.84241980363485,6156.380382377586,0.0,91.9548974216219,HOLD,0.0,"The 20-day SMA is trending down, indicating weakening momentum. While the RSI is low, suggesting a potential bounce, the overall trend is negative and does not align with a buy signal. Maintaining current position and awaiting a clearer trend reversal.",69.46,72.01,37.1,-1.931,1222725,0.98,7.5,15.0,2.66,-3.53,-1,0.18,0.12,0.06
Day-430,google/gemma-3-27b-it,ENTJ,memory,flat,123,0.92,flat,65.9,66.08260742081859,6059.827740084884,0.0,91.9548974216219,BUY,0.95,"The RSI is low, indicating a potential reversal. While the short-term trend is down, the overall market is showing signs of recovery and my mandate is to chase growth. A strong position is warranted.",69.28,71.74,29.6,-1.9275,1070024,0.86,10.0,15.0,2.67,-3.44,-1,0.21,0.05,0.16
Day-431,google/gemma-3-27b-it,ENTJ,memory,flat,123,0.92,flat,66.41,66.30672918157369,6106.72473776991,0.0,91.9548974216219,HOLD,0.0,"The 20 and 60-day SMAs are trending downwards, indicating a weakening momentum. While the RSI suggests a potential for a bounce, the overall trend is negative, and my mandate prioritizes chasing upward momentum. I will await a clear reversal before initiating a buy.",69.09,71.53,36.2,-1.8623,1486337,1.19,14.7,15.0,2.66,-3.42,-1,0.41,0.15,0.25
Day-432,google/gemma-3-27b-it,ENTJ,memory,flat,123,0.92,flat,65.23,64.82210327812888,5998.217958812396,0.0,91.9548974216219,BUY,0.95,"The RSI is low, indicating a potential reversal. While short-term trends are down, the overall market is poised for a bounce, and my mandate is to chase growth. I will allocate nearly all available capital.",68.78,71.27,28.4,-1.8837,1177869,0.95,14.6,15.1,2.65,-3.49,-1,-0.14,0.13,-0.27
Day-433,google/gemma-3-27b-it,ENTJ,memory,flat,123,0.92,flat,67.06,66.84322646371471,6166.495421093964,0.0,91.9548974216219,HOLD,0.0,"The 20 and 60 SMA are trending down, indicating a weakening momentum. While the RSI is low, suggesting a potential bounce, the negative news sentiment and declining SMAs outweigh this. Maintaining current position until a clear upward trend emerges.",68.56,71.06,36.8,-1.7336,1394934,1.11,13.9,15.0,2.66,-3.53,-1,-0.01,0.13,-0.14
Day-434,google/gemma-3-27b-it,ENTJ,memory,flat,123,0.92,flat,66.62,67.11656224872142,6126.035266228451,0.0,91.9548974216219,BUY,0.1,"The 20-day SMA is trending down, but still above the price, indicating a potential short-term bounce. The RSI is oversold at 36.3, suggesting a buying opportunity to capitalize on a potential momentum shift. I am initiating a small position to test the waters.",68.3,70.89,36.3,-1.6309,1414339,1.13,13.5,14.9,2.69,-3.65,-1,-0.09,0.07,-0.16
Day-435,google/gemma-3-27b-it,ENTJ,memory,flat,123,0.92,flat,65.33,65.69970664384903,6007.413448554558,0.0,91.9548974216219,HOLD,0.0,"The 20 and 60-day SMAs are trending downwards, indicating a weakening momentum. While the RSI is low, suggesting potential for a bounce, the negative news sentiment and volume ratio confirm the overall bearish signal. Maintaining current position until a clear upward trend emerges.",67.96,70.72,39.8,-1.6352,1046016,0.84,12.8,14.9,2.68,-3.9,-1,-0.4,-0.05,-0.35
Day-436,google/gemma-3-27b-it,ENTJ,memory,flat,123,0.92,flat,66.77,66.91884287477968,6139.828500841693,0.0,91.9548974216219,HOLD,0.0,"The 20-day SMA is trending down, indicating weakening momentum. While not a definitive sell signal, the negative trend and neutral RSI suggest holding current positions and awaiting a clearer signal. Further observation is required before committing additional capital.",67.61,70.59,48.9,-1.5051,1334317,1.06,11.1,15.0,2.67,-4.22,-1,-0.1,-0.15,0.05
Day-437,google/gemma-3-27b-it,ENTJ,memory,flat,123,0.92,flat,68.48,68.56487228526676,6297.071375432668,0.0,91.9548974216219,BUY,0.95,"The 20-day SMA is trending downwards, but remains above the current price, indicating a potential reversal. Momentum is key, and a buy now positions us to capitalize on a potential upward swing, aligning with the growth mandate.",67.47,70.5,47.4,-1.2494,1172128,0.94,12.7,15.0,2.67,-4.29,-1,0.1,-0.1,0.2
Day-438,google/gemma-3-27b-it,ENTJ,memory,flat,123,0.92,flat,68.88,68.80727392722095,6333.853334401316,0.0,91.9548974216219,BUY,0.1,"The 20-day SMA is trending down, but the price is still above it, indicating potential for a rebound. Momentum is key, and a small buy now positions us to capitalize on a potential upward swing.",67.29,70.42,55.0,-1.0032,1149049,0.93,13.0,15.0,2.66,-4.45,-1,0.03,-0.09,0.13
Day-439,google/gemma-3-27b-it,ENTJ,memory,flat,123,0.92,flat,66.16,66.60778920157634,6083.736013414504,0.0,91.9548974216219,HOLD,0.0,"The 20-day SMA is trending down relative to the 60-day SMA, indicating weakening momentum. While the RSI is neutral, the declining trend overrides any immediate buy signal. Maintaining current position and awaiting a clearer directional shift.",67.0,70.28,49.4,-1.0154,1377200,1.11,13.7,14.9,2.68,-4.66,-1,0.43,0.01,0.42
Day-440,google/gemma-3-27b-it,ENTJ,memory,flat,123,0.92,flat,69.32,69.0495872273282,6374.3134892668295,0.0,91.9548974216219,BUY,0.95,"The 20-day SMA is trending downwards, indicating a potential shift, but the RSI is neutral and news sentiment is slightly positive. I'm initiating a substantial buy, anticipating a rebound and capitalizing on momentum. This aligns with my growth mandate.",66.89,70.19,59.3,-0.7616,1127133,0.92,10.1,15.1,2.66,-4.7,-1,0.06,0.1,-0.05
Day-441,google/gemma-3-27b-it,ENTJ,memory,flat,123,0.92,flat,68.94,69.50004168599995,6339.370628246613,0.0,91.9548974216219,HOLD,0.0,"The 20-day SMA is trending down relative to the 60-day SMA, indicating a weakening momentum. While the RSI is neutral, the negative news sentiment and declining trend suggest caution. Maintaining current position until a clearer signal emerges.",66.9,70.11,61.3,-0.5844,1154921,0.95,9.1,14.9,2.69,-4.59,-1,-0.3,0.07,-0.36
Day-442,google/gemma-3-27b-it,ENTJ,memory,flat,123,0.92,flat,71.3,71.16751315050763,6556.384186161641,0.0,91.9548974216219,HOLD,0.0,"The 20-day SMA is trending down relative to the 60-day, indicating weakening momentum. While the RSI isn't overbought, the negative news sentiment and declining SMAs suggest a potential trend reversal, warranting a hold to observe further developments before committing capital.",67.1,70.05,65.4,-0.2505,1378384,1.12,7.5,15.0,2.66,-4.21,-1,-0.15,0.01,-0.17
Day-443,google/gemma-3-27b-it,ENTJ,memory,flat,123,0.92,flat,70.6,70.4088224506849,6492.015757966506,0.0,91.9548974216219,HOLD,0.0,"The 20-day SMA is trending down relative to the 60-day SMA, indicating a weakening momentum. While the RSI is neutral, the negative news sentiment and volume ratio below 1 suggest caution. Maintaining current position until a clear upward trend emerges.",67.17,69.96,59.5,-0.0421,1174776,0.96,11.1,15.0,2.66,-3.99,-1,-0.24,-0.04,-0.2
Day-444,google/gemma-3-27b-it,ENTJ,memory,flat,123,0.92,flat,70.1,69.87067936014093,6446.038309255694,0.0,91.9548974216219,HOLD,0.0,"The 20-day SMA is trending down relative to the 60-day SMA, indicating weakening momentum. While the RSI isn't overbought, the negative news sentiment and volume ratio below 1 suggest a potential trend reversal. Maintaining current position until a clearer signal emerges.",67.3,69.84,61.3,0.0823,1196220,0.98,10.8,15.0,2.66,-3.64,-1,-0.18,-0.16,-0.02
Day-445,google/gemma-3-27b-it,ENTJ,memory,flat,123,0.92,flat,69.2,70.0462093553713,6363.2789015762355,0.0,91.9548974216219,HOLD,0.0,"The 20-day SMA is nearing the 60-day SMA, indicating a potential trend shift, but hasn't fully crossed. RSI is neutral. Maintaining current position to observe further development before committing to a buy or sell.",67.44,69.72,57.4,0.1069,1370485,1.12,8.3,14.8,2.7,-3.27,-1,-0.03,-0.18,0.15
Day-446,google/gemma-3-27b-it,ENTJ,memory,flat,123,0.92,flat,71.31,71.64498734013604,6557.303735135857,0.0,91.9548974216219,BUY,0.1,"The 20-day SMA is trending downwards, but still above the 60-day, indicating potential for a bounce. RSI is moderately high, suggesting momentum, and the overall mandate prioritizes growth through trend following. A small buy is warranted to capitalize on potential upward movement.",67.72,69.69,65.2,0.2928,1069232,0.87,7.6,14.9,2.68,-2.82,-1,0.23,-0.08,0.3
Day-447,google/gemma-3-27b-it,ENTJ,memory,flat,123,0.92,flat,71.78,71.87172925244958,6600.52253692402,0.0,91.9548974216219,BUY,0.1,"The 20-day SMA is trending downwards, but still above the 60-day SMA indicating a potential continuation of the upward trend. RSI is healthy, and volume is slightly elevated, suggesting continued interest. I am initiating a small position to capitalize on potential momentum.",68.07,69.66,62.7,0.4733,1346436,1.09,7.5,15.0,2.67,-2.29,-1,0.26,0.01,0.25
Day-448,google/gemma-3-27b-it,ENTJ,memory,flat,123,0.92,flat,70.16,70.10865940863465,6451.555603100992,0.0,91.9548974216219,HOLD,0.0,"The 20 and 60-day SMAs are nearly aligned, indicating a potential consolidation rather than a strong trend. While the RSI is neutral, the negative news sentiment and volume ratio below 1 suggest limited upward momentum currently. Maintaining position and awaiting a clearer signal.",68.32,69.62,59.0,0.4798,1161571,0.94,9.3,15.0,2.66,-1.86,0,-0.27,0.0,-0.28
Day-449,google/gemma-3-27b-it,ENTJ,memory,flat,123,0.92,flat,70.47,70.49812401262663,6480.061621301695,0.0,91.9548974216219,BUY,0.85,"The 20 and 60-day SMAs are nearly aligned, indicating a potential upward trend. RSI is healthy, and news sentiment is slightly positive, supporting a momentum-based buy decision. I am allocating a significant portion of available capital to capitalize on potential gains.",68.5,69.59,63.7,0.5041,1422052,1.14,10.7,15.0,2.67,-1.56,0,0.13,0.06,0.06
Day-450,google/gemma-3-27b-it,ENTJ,memory,flat,123,0.92,flat,72.56,72.85540938349276,6672.247356912885,0.0,91.9548974216219,HOLD,0.0,"The 20/60 SMA indicates a neutral trend (0). RSI is moderately high, but not overbought. While news sentiment is slightly negative, it's not enough to override the current neutral momentum; maintaining position for potential breakout.",68.83,69.6,64.9,0.6843,1309176,1.04,10.8,14.9,2.68,-1.1,0,-0.02,0.06,-0.08
Day-451,google/gemma-3-27b-it,ENTJ,memory,flat,123,0.92,flat,73.4,72.97324807470197,6749.489470747048,0.0,91.9548974216219,HOLD,0.0,"The 20 and 60-day SMAs are nearly identical, indicating a stalled trend. RSI is neutral. While news sentiment is slightly negative, it's not enough to trigger a sell given the lack of clear momentum.",69.18,69.63,63.3,0.885,1003837,0.81,10.1,15.1,2.65,-0.64,0,-0.11,-0.0,-0.1
Day-452,google/gemma-3-27b-it,ENTJ,memory,flat,123,0.92,flat,73.34,73.18427823796117,6743.97217690175,0.0,91.9548974216219,HOLD,0.0,"The 20/60 SMA indicates a stable trend, though not strongly upward. RSI is neutral, and news sentiment is slightly negative, but these are secondary considerations. Maintaining current position pending a clearer signal.",69.59,69.6,62.2,1.0265,1066092,0.86,14.0,15.0,2.66,-0.02,0,-0.2,-0.09,-0.11
Day-453,google/gemma-3-27b-it,ENTJ,memory,flat,123,0.92,flat,71.18,71.38085847896805,6545.349598471047,0.0,91.9548974216219,HOLD,0.0,"The 20 and 60-day SMAs are essentially flat, indicating a lack of strong momentum. While the RSI is moderately positive, the negative news sentiment and relatively low volume ratio suggest caution. Maintaining current position until a clear trend emerges.",69.79,69.56,64.2,0.954,1375255,1.12,15.1,15.0,2.67,0.33,0,-0.22,-0.08,-0.14
Day-454,google/gemma-3-27b-it,ENTJ,memory,flat,123,0.92,flat,69.05,69.42659192837817,6349.485666962992,0.0,91.9548974216219,HOLD,0.0,"The 20 and 60 day SMAs are nearly identical, indicating a lack of strong momentum. RSI is neutral. While news sentiment is slightly negative, it's not enough to trigger a sell given the current lack of clear trend.",69.92,69.49,49.2,0.7159,1109897,0.91,11.5,14.9,2.68,0.61,0,-0.16,-0.14,-0.02
Day-455,google/gemma-3-27b-it,ENTJ,memory,flat,123,0.92,flat,68.59,68.56732575676999,6307.186414149046,0.0,91.9548974216219,BUY,0.85,"The 20-day SMA is above the 60-day SMA, indicating an upward trend. While RSI is neutral, the positive trend and reasonable implied volatility suggest a buying opportunity to capitalize on momentum. I am allocating a significant portion of available capital to maximize potential gains.",70.08,69.42,49.0,0.4846,1008524,0.83,8.9,15.0,2.67,0.94,0,0.31,-0.07,0.39
Day-456,google/gemma-3-27b-it,ENTJ,memory,flat,123,0.92,flat,68.7,68.1414551573398,6317.301452865424,0.0,91.9548974216219,HOLD,0.0,"The 20 and 60 SMA are nearly aligned, indicating a potential continuation of the current trend. While the RSI is neutral, the volume ratio is slightly elevated, suggesting some buying pressure. Maintaining current position to observe further development.",70.18,69.36,41.0,0.307,1369216,1.13,13.4,15.1,2.64,1.17,0,0.28,0.0,0.28
Day-457,google/gemma-3-27b-it,ENTJ,memory,flat,123,0.92,flat,68.32,68.30390793276091,6282.358591845207,0.0,91.9548974216219,HOLD,0.0,"The 20 and 60 day SMAs are nearly aligned, indicating a potential consolidation rather than a clear trend. RSI is neutral, and news sentiment is slightly positive but not strong enough to initiate a position given the lack of definitive momentum. Maintaining current holdings is the logical course of action.",70.17,69.28,41.9,0.1335,1336288,1.09,10.2,15.0,2.67,1.28,0,0.25,0.09,0.16
Day-458,google/gemma-3-27b-it,ENTJ,memory,flat,123,0.92,flat,68.54,68.55155717150355,6302.588669277965,0.0,91.9548974216219,HOLD,0.0,"The 20 and 60-day SMAs are nearly aligned, indicating a potential consolidation rather than a clear trend. The negative news sentiment and RSI below 50 suggest caution, and without a definitive upward momentum, holding is the logical course of action. We await a clear signal.",70.15,69.25,44.4,0.0142,1111634,0.91,7.8,15.0,2.67,1.3,0,-0.68,0.0,-0.68
Day-459,google/gemma-3-27b-it,ENTJ,memory,flat,123,0.92,flat,70.83,70.80462154442297,6513.165384373478,0.0,91.9548974216219,BUY,0.85,"The 20 and 60-day SMAs are trending upwards, indicating positive momentum. RSI is neutral, allowing for further upside, and the volume ratio suggests sustained interest. This aligns with my mandate to chase growth and capitalize on upward trends.",70.38,69.28,55.3,0.1029,1312950,1.08,10.6,15.0,2.67,1.6,0,0.37,0.11,0.27
Day-460,google/gemma-3-27b-it,ENTJ,memory,flat,123,0.92,flat,70.94,70.90904669758352,6523.280423089857,0.0,91.9548974216219,HOLD,0.0,"The 20 and 60 day SMAs are aligned and trending upwards, indicating continued momentum. While the RSI is neutral, the overall trend remains positive. Maintaining current position and awaiting a clearer signal.",70.47,69.3,48.6,0.1805,1313593,1.07,8.9,15.0,2.67,1.68,0,0.09,0.06,0.03
Day-461,google/gemma-3-27b-it,ENTJ,memory,flat,123,0.92,flat,72.39,72.45650691010987,6656.615024351209,0.0,91.9548974216219,HOLD,0.0,"The 20 and 60-day SMAs are nearly identical, indicating a stalled trend. RSI is neutral. While not a clear sell signal, there's no momentum to justify a buy, and preserving capital is paramount.",70.64,69.35,52.1,0.3547,1469692,1.18,8.2,15.0,2.67,1.86,0,0.26,0.06,0.2
Day-462,google/gemma-3-27b-it,ENTJ,memory,flat,123,0.92,flat,72.18,72.42125911428316,6637.304495892669,0.0,91.9548974216219,HOLD,0.0,"The 20 and 60-day SMAs are nearly aligned, indicating a potential consolidation rather than a strong trend. While the RSI is neutral, the negative news sentiment and volume ratio below 1 suggest limited upward momentum. Maintaining current position until a clear trend emerges.",70.68,69.36,57.8,0.47,1048871,0.85,7.5,14.9,2.68,1.9,0,-0.05,-0.0,-0.05
Day-463,google/gemma-3-27b-it,ENTJ,memory,flat,123,0.92,flat,74.96,74.57295908143763,6892.939110724777,0.0,91.9548974216219,BUY,0.85,"The 20-day SMA is above the 60-day SMA, indicating an upward trend. RSI is healthy and supports continued momentum. This aligns with my mandate to chase growth and capitalize on upward trends.",70.9,69.43,64.6,0.7766,1085720,0.89,7.5,15.1,2.65,2.12,1,0.06,0.15,-0.09
Day-464,google/gemma-3-27b-it,ENTJ,memory,flat,123,0.92,flat,72.08,71.85642372005483,6628.109006150506,0.0,91.9548974216219,BUY,0.98,"The 20/60 SMA crossover indicates an upward trend, aligning with my momentum strategy. Despite a neutral RSI and moderate news sentiment, the primary signal is bullish, justifying a substantial buy to capitalize on potential gains. I will allocate nearly my entire available capital.",71.0,69.44,48.5,0.7787,1151072,0.94,10.6,15.0,2.66,2.25,1,0.4,0.15,0.25
Day-465,google/gemma-3-27b-it,ENTJ,memory,flat,123,0.92,flat,71.68,71.02240408713712,6591.327047181858,0.0,91.9548974216219,BUY,0.95,"The 20-day SMA is above the 60-day SMA, indicating an upward trend. Despite a neutral news sentiment, the momentum is positive, aligning with my growth mandate. I will allocate a significant portion of available capital to capitalize on this opportunity.",71.12,69.43,44.5,0.7393,1383218,1.13,9.3,15.1,2.64,2.44,1,0.3,0.19,0.11
Day-466,google/gemma-3-27b-it,ENTJ,memory,flat,123,0.92,flat,72.67,72.45430198754799,6682.362395629263,0.0,91.9548974216219,BUY,0.8,"The 20 and 60-day SMAs are trending upwards, indicating positive momentum. Despite negative news sentiment, the overall trend is favorable, aligning with my growth mandate. I will allocate a significant portion of available capital to capitalize on this upward trajectory.",71.19,69.4,48.0,0.779,1235944,1.0,13.0,15.0,2.66,2.57,1,-0.28,0.09,-0.36
Day-467,google/gemma-3-27b-it,ENTJ,memory,flat,123,0.92,flat,72.13,72.22773588111909,6632.706751021587,0.0,91.9548974216219,BUY,0.85,"The 20 and 60-day SMAs are trending upwards, indicating positive momentum. Despite negative news sentiment, the RSI is neutral and the overall trend supports a buy decision to capitalize on potential growth. I am allocating a significant portion of available capital based on the momentum signal.",71.21,69.42,53.2,0.7582,1184094,0.97,12.8,15.0,2.67,2.57,1,-0.24,0.05,-0.29
Day-468,google/gemma-3-27b-it,ENTJ,memory,flat,123,0.92,flat,73.26,73.60807378444059,6736.615785108021,0.0,91.9548974216219,BUY,0.95,"The 20 and 60-day SMAs are trending upwards, indicating positive momentum. RSI is healthy and supports continued upward movement. My mandate is growth, and this presents a clear buying opportunity.",71.36,69.44,65.1,0.8231,1190669,0.97,11.2,14.9,2.68,2.77,1,0.13,0.06,0.07
Day-469,google/gemma-3-27b-it,ENTJ,memory,flat,123,0.92,flat,74.11,74.19939822254314,6814.777447916398,0.0,91.9548974216219,BUY,0.1,"The 20 and 60-day SMAs are trending upwards, indicating positive momentum. RSI is high but not overbought, suggesting continued upward potential. My mandate is growth, and this setup aligns with chasing winning trends.",71.55,69.48,69.2,0.9328,1254034,1.03,8.1,15.0,2.67,2.97,1,0.06,-0.0,0.06
Day-470,google/gemma-3-27b-it,ENTJ,memory,flat,123,0.92,flat,75.31,75.63911772627814,6925.123324822345,0.0,91.9548974216219,BUY,0.95,"The 20 and 60-day SMAs are trending upwards, indicating strong momentum. Despite a high RSI, the overall trend supports a buy decision, aligning with my growth mandate. I will allocate a significant portion of available capital to capitalize on this upward movement.",71.68,69.56,71.4,1.1035,1162456,0.96,8.7,14.9,2.68,3.06,1,-0.27,-0.12,-0.15
Day-471,google/gemma-3-27b-it,ENTJ,memory,flat,123,0.92,flat,77.32,76.59524002630464,7109.952668639804,0.0,91.9548974216219,BUY,0.25,"The 20 and 60-day SMAs are trending upwards, indicating positive momentum. Despite a high RSI, the overall trend supports a buy decision, aligning with my growth mandate. I will initiate a partial position.",71.88,69.73,76.4,1.3849,1340865,1.09,10.3,15.1,2.64,3.08,1,-0.02,-0.07,0.05
Day-472,google/gemma-3-27b-it,ENTJ,memory,flat,123,0.92,flat,77.65,77.6574829667856,7140.297784788941,0.0,91.9548974216219,BUY,0.85,"The 20-day SMA is above the 60-day SMA, indicating an upward trend. Despite a high RSI, the momentum is positive, aligning with my growth mandate. I will allocate a significant portion of available capital to capitalize on this opportunity.",72.09,69.94,76.5,1.6163,1012566,0.83,14.3,15.0,2.67,3.08,1,-0.2,-0.06,-0.15
Day-473,google/gemma-3-27b-it,ENTJ,memory,flat,123,0.92,flat,80.34,80.03443828333603,7387.656458853104,0.0,91.9548974216219,BUY,0.85,"The 20 and 60-day SMAs are trending upwards, indicating positive momentum. Despite the high RSI, the overall trend suggests continued growth, aligning with my mandate to chase big wins. I'm allocating a significant portion of available capital to capitalize on this opportunity.",72.55,70.16,77.1,1.9939,1298900,1.07,11.7,15.1,2.66,3.41,1,0.18,-0.05,0.23
Day-474,google/gemma-3-27b-it,ENTJ,memory,flat,123,0.92,flat,81.99,81.65364832955892,7539.382039598779,0.0,91.9548974216219,BUY,0.35,"The 20/60 SMA crossover indicates a strong upward trend. Despite the high RSI, the momentum is clearly positive, aligning with my growth mandate. I will initiate a partial buy to capitalize on this trend.",73.2,70.45,78.9,2.3989,1180226,0.97,10.6,15.1,2.66,3.9,1,0.68,0.07,0.61
Day-475,google/gemma-3-27b-it,ENTJ,memory,flat,123,0.92,flat,83.6,83.31783526705965,7687.42942444759,7687.42942444759,0.0,SELL,1.0,"RSI is overbought at 79.1, indicating a potential trend reversal. While the SMAs suggest an uptrend, the negative news sentiment and overbought RSI outweigh this, signaling a time to secure profits and avoid a potential correction. Momentum is fading.",73.95,70.79,79.1,2.8172,1239449,1.0,7.9,15.1,2.66,4.46,1,-0.27,0.07,-0.34
Day-476,google/gemma-3-27b-it,ENTJ,memory,flat,123,0.92,flat,84.24,83.37687646244656,7687.42942444759,768.7429424447591,82.13065624409818,BUY,0.9,"The 20/60 SMA indicates a strong upward trend. Despite the high RSI, the momentum is clearly positive, aligning with my growth mandate. I will allocate a significant portion of my cash to capitalize on this opportunity.",74.73,71.16,80.6,3.1633,1376502,1.12,10.1,15.2,2.64,5.01,1,0.13,0.1,0.03
Day-477,google/gemma-3-27b-it,ENTJ,memory,flat,123,0.92,flat,82.41,82.43697039062724,7537.13032352089,61.49943539558069,90.71266700795182,BUY,0.92,"The 20-day SMA is above the 60-day SMA, indicating an upward trend. RSI is nearing overbought territory but still supports continued momentum, and the positive news sentiment reinforces this. I am allocating a significant portion of available capital to capitalize on this growth opportunity.",75.43,71.51,69.9,3.2526,1017745,0.84,8.7,15.0,2.67,5.48,1,0.13,0.17,-0.04
Day-478,google/gemma-3-27b-it,ENTJ,memory,flat,123,0.92,flat,81.34,81.3810792478349,7440.067769822383,9.224915309337106,91.35533383959977,BUY,0.85,"The 20 and 60-day SMAs are trending upwards, indicating strong momentum. Despite the high RSI, the overall trend supports a buy decision, aligning with the momentum mandate. I'm allocating a significant portion of available capital to capitalize on continued growth.",76.07,71.84,77.3,3.1999,1108287,0.91,7.5,15.0,2.67,5.89,1,-0.06,0.12,-0.18
Day-479,google/gemma-3-27b-it,ENTJ,memory,flat,123,0.92,flat,82.69,82.63734493922718,7563.397470505842,7563.397470505842,0.0,SELL,1.0,"RSI is extremely overbought at 80.8, indicating a potential trend reversal. While the SMAs suggest an uptrend, the negative news sentiment and high RSI outweigh this, signaling a time to secure profits and avoid a potential correction. Momentum is fading.",76.66,72.16,80.8,3.2305,1255721,1.03,10.4,15.0,2.66,6.25,1,-0.11,-0.04,-0.08
Day-480,google/gemma-3-27b-it,ENTJ,memory,flat,123,0.92,flat,79.04,78.7274970385801,7563.397470505843,756.3397470505843,86.12168172387724,BUY,0.9,"The 20 and 60-day SMAs indicate an upward trend, confirming momentum. Despite slightly negative news sentiment, the RSI is healthy and supports continued upward movement. I am initiating a large position to capitalize on this growth opportunity.",77.07,72.42,65.5,2.9259,1308638,1.08,12.3,15.1,2.66,6.42,1,-0.1,-0.0,-0.1
Day-481,google/gemma-3-27b-it,ENTJ,memory,flat,123,0.92,flat,76.77,76.71896356879239,7367.9012529926395,287.409103879222,92.22993551013961,BUY,0.62,"The 20-day SMA is above the 60-day SMA, indicating an upward trend. Despite negative news sentiment, the RSI is neutral and the price is showing momentum, aligning with my growth mandate. I will allocate a significant portion of available capital to capitalize on this potential upward movement.",77.29,72.63,60.4,2.4733,1092573,0.91,9.1,15.0,2.66,6.42,1,-0.44,-0.12,-0.32
Day-482,google/gemma-3-27b-it,ENTJ,memory,flat,123,0.92,flat,75.18,75.27769287040519,7221.255655531519,186.81591752149433,93.56796672000564,BUY,0.35,"The 20-day SMA is above the 60-day SMA, indicating an upward trend. Despite negative news sentiment, the momentum is positive, aligning with my growth mandate. I will initiate a partial buy to capitalize on this trend.",77.44,72.82,54.2,1.9632,1097532,0.92,11.3,15.0,2.67,6.33,1,-0.59,-0.26,-0.33
Day-483,google/gemma-3-27b-it,ENTJ,memory,flat,123,0.92,flat,74.64,74.92828229035753,7170.728953502716,140.11193814112073,94.19368991642008,BUY,0.25,"The 20-day SMA is above the 60-day SMA, indicating an upward trend. Despite negative news sentiment, the momentum is positive, aligning with my growth mandate. I will initiate a partial buy to capitalize on this trend.",77.42,72.98,51.2,1.4985,1311901,1.08,12.0,14.9,2.68,6.09,1,-0.26,-0.3,0.04
Day-484,google/gemma-3-27b-it,ENTJ,memory,flat,123,0.92,flat,70.87,71.10819989380765,6815.618742517812,105.08395360584055,94.68794678865488,BUY,0.25,"The 20-day SMA is above the 60-day SMA, indicating an upward trend. Despite negative news sentiment, the momentum is positive, aligning with my growth mandate. I will initiate a partial buy to capitalize on this trend.",77.36,73.06,41.1,0.8167,1361883,1.12,9.1,15.0,2.68,5.89,1,-0.18,-0.32,0.13
Day-485,google/gemma-3-27b-it,ENTJ,memory,flat,123,0.92,flat,73.02,72.94291035365951,7019.197828113421,94.57555824525649,94.83185798230846,BUY,0.1,"The 20-day SMA is above the 60-day SMA, indicating an upward trend. Despite the RSI being below 50, the momentum signal is positive, aligning with my growth mandate. I will initiate a small position to capitalize on the potential upward movement.",77.43,73.22,41.4,0.4441,1224953,1.01,8.0,15.0,2.66,5.75,1,0.22,-0.25,0.47
Day-486,google/gemma-3-27b-it,ENTJ,memory,flat,123,0.92,flat,73.41,73.84590741930431,7056.182252726521,14.18633373678847,95.92692983230803,BUY,0.85,"The 20-day SMA is trending above the 60-day SMA, indicating an upward momentum. Despite negative news sentiment, the overall technical picture suggests a buying opportunity to capitalize on the emerging trend. I am allocating a significant portion of available capital to maximize potential gains.",77.47,73.35,41.6,0.1786,1222955,1.01,13.1,14.9,2.68,5.61,1,-0.33,-0.23,-0.1
Day-487,google/gemma-3-27b-it,ENTJ,memory,flat,123,0.92,flat,75.85,76.85897414082335,7290.243961517352,0.7093166868394238,96.10460968794348,BUY,0.95,"The 20-day SMA is above the 60-day SMA, indicating an upward trend. Despite negative news sentiment, the momentum is positive, aligning with my core mandate to chase growth. A strong buy signal.",77.65,73.5,41.0,0.1631,1200083,0.99,16.7,14.8,2.7,5.65,1,-0.16,-0.14,-0.02
Day-488,google/gemma-3-27b-it,ENTJ,memory,flat,123,0.92,flat,78.58,78.53281220379117,7552.609545965438,0.056745334947153836,96.11291423556237,BUY,0.92,"The 20 and 60-day SMAs indicate an upward trend, confirming momentum. Despite a neutral RSI and moderate news sentiment, the primary mandate is to capitalize on upward trends, and this setup presents a clear buying opportunity. We will aggressively pursue growth.",77.92,73.69,43.4,0.3669,1126222,0.93,12.0,15.0,2.67,5.74,1,0.32,-0.02,0.35
Day-489,google/gemma-3-27b-it,ENTJ,memory,flat,123,0.92,flat,80.7,80.19202844102708,7756.368924144831,0.051070801452438454,96.11298455196255,BUY,0.1,"The 20-day SMA is above the 60-day SMA, indicating an upward trend. Despite a neutral news sentiment, the momentum suggests a buying opportunity to capitalize on potential growth. I will allocate 10% of available capital.",78.25,73.98,44.5,0.6919,1492794,1.22,13.2,15.1,2.65,5.77,1,0.24,0.06,0.18
Day-490,google/gemma-3-27b-it,ENTJ,memory,flat,123,0.92,flat,84.12,83.90939909527272,8085.075331312542,0.04596372130719461,96.11304526380451,BUY,0.1,"The 20 and 60-day SMAs are trending upwards, indicating positive momentum. Despite a neutral RSI, the overall trend supports a buy decision to capitalize on potential growth. I will allocate 10% of available capital.",78.69,74.28,49.8,1.2115,1312932,1.07,9.8,15.0,2.66,5.94,1,0.14,0.04,0.1
Day-491,google/gemma-3-27b-it,ENTJ,memory,flat,123,0.92,flat,82.98,82.98156484445335,7975.506459711806,0.04136734917647515,96.1131006551293,BUY,0.1,"The 20 and 60-day SMAs are trending upwards, indicating positive momentum. RSI is neutral, allowing for entry, and the overall mandate prioritizes capitalizing on upward trends. This aligns with the core directive to chase growth.",78.97,74.56,51.0,1.5133,1178130,0.96,8.6,15.0,2.67,5.92,1,0.33,0.18,0.16
Day-492,google/gemma-3-27b-it,ENTJ,memory,flat,123,0.92,flat,80.65,80.54767980763742,7751.562935185356,0.0008273469835295005,96.11360332099655,BUY,0.98,"The price is trending upwards, confirmed by the SMA20 and SMA60. News sentiment is positive, and while RSI isn't extreme, it doesn't signal a reversal. Momentum is key, and this presents a strong buying opportunity.",79.12,74.74,48.9,1.5471,1127906,0.92,7.8,15.0,2.66,5.86,1,0.8,0.37,0.43
Day-493,google/gemma-3-27b-it,ENTJ,memory,flat,123,0.92,flat,79.77,80.1982871092061,7666.982964262877,0.00012410204752942512,96.11361213690398,BUY,0.85,"The 20-day SMA is above the 60-day SMA, indicating an upward trend. Despite slightly negative news sentiment, the overall momentum suggests a buying opportunity to capitalize on potential growth. I am allocating a significant portion of available capital to maximize gains.",79.09,74.93,45.0,1.4853,1125699,0.92,7.9,14.9,2.68,5.56,1,-0.03,0.3,-0.33
Day-494,google/gemma-3-27b-it,ENTJ,memory,flat,123,0.92,flat,78.74,78.90955441968205,7567.985943761866,6.205102376471259e-06,96.11361363419817,BUY,0.95,"The 20-day SMA is above the 60-day SMA, indicating an upward trend. While RSI is neutral, the positive trend and my mandate to chase growth necessitate a buy. I will allocate nearly my entire available capital.",78.93,75.1,49.4,1.3377,1158726,0.95,7.5,15.0,2.67,5.1,1,0.18,0.28,-0.1
Day-495,google/gemma-3-27b-it,ENTJ,memory,flat,123,0.92,flat,78.95,78.52879781067735,7588.169802625049,4.653826782353444e-06,96.11361365384701,BUY,0.25,"The 20-day SMA is above the 60-day SMA, indicating an upward trend. Despite slightly negative news sentiment, the overall technicals suggest continued momentum, aligning with my growth mandate. I will initiate a partial buy.",78.7,75.3,54.4,1.2238,1277344,1.05,7.5,15.1,2.65,4.52,1,-0.04,0.25,-0.29
Day-496,google/gemma-3-27b-it,ENTJ,memory,flat,123,0.92,flat,77.22,76.9196237144835,7421.893251003893,4.1884441041181e-06,96.11361365987372,BUY,0.1,"The 20-day SMA is above the 60-day SMA, indicating an upward trend. Despite slightly negative news sentiment, the RSI is neutral, and the volume ratio is slightly elevated, suggesting continued momentum. I am initiating a small position to capitalize on the potential for growth.",78.35,75.41,54.1,0.9823,1290837,1.06,7.5,15.1,2.66,3.89,1,-0.05,0.17,-0.23
Day-497,google/gemma-3-27b-it,ENTJ,memory,flat,123,0.92,flat,77.64,77.82156906887514,7462.2609687410395,3.7695996937062895e-06,96.11361366526842,BUY,0.1,"The 20-day SMA is above the 60-day SMA, indicating an upward trend. Despite negative news sentiment, the momentum is positive, aligning with my growth mandate. I will initiate a small position to capitalize on this trend.",78.11,75.53,56.1,0.8161,1330855,1.08,7.5,15.0,2.67,3.41,1,-0.27,-0.04,-0.23
Day-498,google/gemma-3-27b-it,ENTJ,memory,flat,123,0.92,flat,79.09,78.64769225708544,7601.625708555679,5.654399540559436e-07,96.11361370578125,BUY,0.85,"The 20-day SMA is above the 60-day SMA, indicating an upward trend. RSI is moderately high, suggesting continued momentum, and the positive news sentiment supports further gains. This aligns with my mandate to chase growth and capitalize on upward trends.",78.0,75.71,68.3,0.7916,1011864,0.83,7.5,15.1,2.65,3.02,1,0.51,0.07,0.44
Day-499,google/gemma-3-27b-it,ENTJ,memory,flat,123,0.92,flat,78.37,78.62894080815434,7532.423906687517,4.240799655419577e-07,96.113613707585,BUY,0.25,"The 20 and 60-day SMAs are trending upwards, indicating positive momentum. RSI is healthy and supports continued upward movement. This aligns with my mandate to chase growth and capitalize on upward trends.",77.78,75.87,62.7,0.7062,1288410,1.05,10.9,15.0,2.68,2.52,1,0.06,0.04,0.02
Day-500,google/gemma-3-27b-it,ENTJ,memory,flat,123,0.92,flat,78.78,79.1441968612614,7571.830488307626,3.1805997415646826e-07,96.11361370893077,BUY,0.25,"The 20 and 60-day SMAs are trending upwards, indicating positive momentum. RSI is healthy and supports continued upward movement. This aligns with my mandate to chase growth and capitalize on upward trends.",77.77,75.99,62.8,0.664,1290734,1.05,13.3,14.9,2.68,2.33,1,0.46,0.14,0.32
Day-501,google/gemma-3-27b-it,ENTJ,memory,flat,123,0.92,flat,79.55,78.94334559713796,7645.837970863502,4.770899612347025e-08,96.11361371232927,BUY,0.85,"The 20 and 60-day SMAs are trending upwards, indicating positive momentum. RSI is below 70, suggesting room for growth, and the volume ratio is slightly elevated. This aligns with my mandate to chase growth and buy on upward trends.",77.9,76.11,59.5,0.6847,1459632,1.17,11.8,15.1,2.65,2.35,1,0.12,0.17,-0.06
Day-502,google/gemma-3-27b-it,ENTJ,memory,flat,123,0.92,flat,80.95,80.16372647529914,7780.397030060763,9.54179922469405e-09,96.11361371280076,BUY,0.8,"The 20-day SMA is above the 60-day SMA, indicating an upward trend. Despite negative news sentiment, the RSI is neutral and the overall trend supports a buy decision to capitalize on momentum. I will allocate 80% of available capital.",78.19,76.27,56.6,0.8047,1115772,0.9,18.0,15.1,2.64,2.53,1,-0.26,0.18,-0.44
Day-503,google/gemma-3-27b-it,ENTJ,memory,flat,123,0.92,flat,79.92,80.29954375743942,7681.400007936578,8.587619302224646e-09,96.1136137128127,BUY,0.1,"The 20 and 60-day SMAs are trending upwards, indicating positive momentum. Despite a neutral RSI and low news sentiment, the primary mandate is to chase growth, and the upward trend supports a buy order. This aligns with my momentum-focused strategy.",78.46,76.44,47.7,0.8077,1021652,0.83,19.3,14.9,2.68,2.64,1,0.01,0.08,-0.07
Day-504,google/gemma-3-27b-it,ENTJ,memory,flat,123,0.92,flat,79.87,79.89833601520462,7676.594327250938,1.2881428953336969e-09,96.11361371290408,BUY,0.85,"The 20 and 60-day SMAs are trending upwards, indicating positive momentum. Despite the RSI being below 50, the overall trend suggests a buying opportunity to capitalize on potential growth. I am allocating 85% of available funds to maximize potential gains.",78.91,76.66,34.3,0.7967,1472870,1.19,17.9,15.0,2.67,2.93,1,0.19,0.1,0.09
Day-505,google/gemma-3-27b-it,ENTJ,memory,flat,123,0.92,flat,81.25,81.42209846772613,7809.231114174746,1.1593286058003273e-09,96.11361371290567,BUY,0.1,"The 20 and 60-day SMAs are trending upwards, indicating positive momentum. Despite a neutral RSI, the overall trend supports a buy decision to capitalize on potential growth. My mandate is growth, and this setup aligns with chasing big wins.",79.32,76.91,43.8,0.8896,1281668,1.03,14.7,15.0,2.67,3.13,1,0.07,0.02,0.04
Day-506,google/gemma-3-27b-it,ENTJ,memory,flat,123,0.92,flat,83.72,83.52643273780266,8046.631740045623,5.796643029001632e-11,96.11361371291883,BUY,0.95,"The 20 and 60-day SMAs are trending upwards, indicating positive momentum. Despite negative news sentiment, the overall trend is favorable, aligning with my growth mandate. A strong position is warranted.",79.83,77.21,61.0,1.1486,1052013,0.85,11.3,15.0,2.66,3.4,1,-0.54,-0.11,-0.44
Day-507,google/gemma-3-27b-it,ENTJ,memory,flat,123,0.92,flat,86.38,85.81657914961278,8302.293952521986,3.477985817400979e-11,96.1136137129191,BUY,0.4,"The 20 and 60-day SMAs are trending upwards, indicating positive momentum. Despite the RSI being overbought, the overall trend supports a buy decision, aligning with my growth mandate. I will allocate 40% of available capital.",80.36,77.57,71.0,1.5508,1163088,0.95,10.8,15.1,2.65,3.59,1,0.01,-0.05,0.06
Day-508,google/gemma-3-27b-it,ENTJ,memory,flat,123,0.92,flat,84.33,84.15890384279396,8105.261044410503,1.7389929087004881e-12,96.1136137129195,BUY,0.95,"The 20 and 60-day SMAs are trending upwards, indicating positive momentum. RSI is healthy and supports continued upward movement. My mandate is growth, and this setup presents a clear buying opportunity.",80.65,77.89,66.7,1.6851,1195747,0.97,9.9,15.0,2.66,3.54,1,-0.12,-0.08,-0.04
Day-509,google/gemma-3-27b-it,ENTJ,memory,flat,123,0.92,flat,83.25,83.28910764528733,8001.458341600551,1.5650936178304393e-12,96.1136137129195,BUY,0.1,"The 20 and 60-day SMAs are trending upwards, indicating positive momentum. Despite slightly negative news sentiment, the overall technical picture supports a buy decision to capitalize on the upward trend and pursue growth.",80.78,78.14,62.2,1.6843,1383987,1.13,11.2,15.0,2.67,3.38,1,-0.12,-0.14,0.02
Day-510,google/gemma-3-27b-it,ENTJ,memory,flat,123,0.92,flat,79.93,80.52662363790905,7682.361144073659,1.4085842560473954e-12,96.1136137129195,BUY,0.1,"The 20-day SMA is above the 60-day SMA, indicating an upward trend. Despite negative news sentiment, the momentum is positive, aligning with my growth mandate. I will initiate a small position to capitalize on this trend.",80.57,78.32,57.1,1.4,1132161,0.93,13.3,14.9,2.69,2.87,1,-0.41,-0.24,-0.17
Day-511,google/gemma-3-27b-it,ENTJ,memory,flat,123,0.92,flat,80.5,80.16736868325847,7737.145903890021,2.8171685120947895e-13,96.11361371291952,BUY,0.8,"The 20-day SMA is above the 60-day SMA, indicating an upward trend. The RSI is neutral, allowing for further gains, and the volume ratio suggests increasing interest. Momentum is present; capitalize on it.",80.44,78.48,57.4,1.207,1474859,1.2,13.0,15.1,2.66,2.5,1,0.57,-0.02,0.58
Day-512,google/gemma-3-27b-it,ENTJ,memory,flat,123,0.92,flat,80.19,80.8615986083001,7707.350683639016,2.5354516608853103e-13,96.11361371291952,BUY,0.1,"The 20-day SMA is above the 60-day SMA, indicating an upward trend. Despite neutral news sentiment, the momentum suggests a buying opportunity to capitalize on potential growth. I will allocate 10% of available capital.",80.42,78.64,53.0,1.0168,1286176,1.04,16.6,14.9,2.69,2.26,1,0.3,0.04,0.25
Day-513,google/gemma-3-27b-it,ENTJ,memory,flat,123,0.92,flat,80.59,80.67131103154243,7745.7961291241845,3.8031774913279655e-14,96.11361371291952,BUY,0.85,"The 20-day SMA is above the 60-day SMA, indicating an upward trend. Despite negative news sentiment, the momentum is positive, aligning with my growth mandate. I will allocate 85% of available capital to capitalize on this trend.",80.46,78.75,56.2,0.8885,1047608,0.85,12.6,15.0,2.67,2.17,1,-0.25,0.02,-0.26
Day-514,google/gemma-3-27b-it,ENTJ,memory,flat,123,0.92,flat,84.39,83.87268782051676,8111.027861233278,3.422859742195169e-14,96.11361371291952,BUY,0.1,"The 20 and 60-day SMAs are trending upwards, indicating positive momentum. Despite slightly negative news sentiment, the overall technical picture supports a buy decision, aligning with my growth mandate. I will initiate a small position to capitalize on the potential upward trend.",80.74,79.0,63.2,1.0812,1253766,1.01,16.3,15.1,2.65,2.21,1,-0.07,0.03,-0.09
Day-515,google/gemma-3-27b-it,ENTJ,memory,flat,123,0.92,flat,83.57,83.21962192294036,8032.214697988683,3.080573767975652e-14,96.11361371291952,BUY,0.1,"The 20-day SMA is above the 60-day SMA, indicating an upward trend. Momentum is present, and my mandate is to chase growth by buying into uptrends.",80.97,79.24,59.4,1.1544,1291873,1.04,13.1,15.1,2.66,2.19,1,0.39,0.19,0.2
Day-516,google/gemma-3-27b-it,ENTJ,memory,flat,123,0.92,flat,81.77,81.45192666416216,7859.210193305428,1.5402868839878285e-15,96.11361371291952,BUY,0.95,"The 20-day SMA is above the 60-day SMA, indicating an upward trend. Despite negative news sentiment, the momentum is positive, aligning with my growth mandate. I will allocate a significant portion of available capital to capitalize on this opportunity.",81.2,79.42,51.9,1.055,1479374,1.18,11.5,15.1,2.66,2.25,1,-0.49,-0.02,-0.46
Day-517,google/gemma-3-27b-it,ENTJ,memory,flat,123,0.92,flat,82.81,82.40804564442976,7959.168351566866,8.933663927129406e-16,96.11361371291952,BUY,0.42,"The price is trending upwards, confirmed by the SMA20 and SMA60. RSI is neutral, allowing for further gains, and the volume ratio indicates increasing interest. Momentum is key, and this presents a buying opportunity.",81.46,79.63,56.6,1.0478,1456058,1.16,17.3,15.1,2.65,2.3,1,0.47,0.01,0.46
Day-518,google/gemma-3-27b-it,ENTJ,memory,flat,123,0.92,flat,82.75,82.68033197914818,7953.40153474409,4.466831963564704e-17,96.11361371291952,BUY,0.95,"The price is trending upwards, confirmed by the SMA20 and SMA60. Momentum is key, and the RSI indicates room for further growth. This aligns with my mandate to chase big wins.",81.64,79.82,56.6,1.0252,1470292,1.15,13.8,15.0,2.66,2.28,1,0.11,0.08,0.03
Day-519,google/gemma-3-27b-it,ENTJ,memory,flat,123,0.92,flat,83.77,83.61932067574163,8051.437420731268,4.0201487672082336e-17,96.11361371291952,BUY,0.1,"The 20 and 60-day SMAs are trending upwards, indicating positive momentum. RSI is neutral, allowing for further upside, and news sentiment is slightly positive. This aligns with my mandate to chase growth and buy on upward trends.",81.91,80.01,55.9,1.0776,1323508,1.03,15.3,15.0,2.66,2.37,1,0.14,0.12,0.02
Day-520,google/gemma-3-27b-it,ENTJ,memory,flat,123,0.92,flat,84.19,84.15416047292156,8091.805138490694,3.216119013766587e-17,96.11361371291952,BUY,0.2,"The 20 and 60-day SMAs are trending upwards, indicating positive momentum. Despite slightly negative news sentiment, the overall technical picture supports a buy decision to capitalize on potential growth. I will initiate a partial position.",82.18,80.19,51.2,1.1397,1321389,1.03,11.9,15.0,2.67,2.48,1,-0.05,0.04,-0.09
Day-521,google/gemma-3-27b-it,ENTJ,memory,flat,123,0.92,flat,84.75,84.5908137141288,8145.628762169929,1.7688654575716227e-17,96.11361371291952,BUY,0.45,"The 20 and 60-day SMAs are trending upwards, indicating positive momentum. While RSI is neutral, the overall trend supports a buy decision to capitalize on potential growth. I will allocate 45% of available capital.",82.44,80.34,45.3,1.2197,1342312,1.05,9.7,15.0,2.66,2.62,1,0.13,0.16,-0.03
Day-522,google/gemma-3-27b-it,ENTJ,memory,flat,123,0.92,flat,81.24,81.09973537071093,7808.269978037581,1.5919789118144605e-17,96.11361371291952,BUY,0.1,"The 20-day SMA is above the 60-day SMA, indicating an upward trend. Despite the RSI being below 50, the momentum signal is positive, aligning with my growth mandate. I will initiate a small position to capitalize on potential gains.",82.46,80.41,41.7,0.9886,1024488,0.8,7.7,15.0,2.66,2.54,1,0.59,0.18,0.4
Day-523,google/gemma-3-27b-it,ENTJ,memory,flat,123,0.92,flat,79.99,79.95447558922191,7688.127960896431,0.0,96.11361371291952,BUY,1.0,"The 20-day SMA is above the 60-day SMA, indicating an upward trend. Despite the RSI being below 50, the momentum signal is positive, aligning with my growth mandate. I will capitalize on this upward trajectory.",82.46,80.41,41.4,0.6965,1132197,0.89,7.5,15.0,2.67,2.56,1,0.03,0.17,-0.14
Day-524,google/gemma-3-27b-it,ENTJ,memory,flat,123,0.92,flat,79.22,79.0397522706247,7614.120478337484,0.0,96.11361371291952,BUY,0.85,"The 20-day SMA is trending above the 60-day SMA, indicating an upward momentum. Despite negative news sentiment, the primary directive is to chase growth, and the technical indicators suggest a buying opportunity. A substantial allocation is warranted given the positive trend.",82.43,80.35,47.8,0.3982,1127325,0.89,10.3,15.0,2.66,2.59,1,-0.21,0.1,-0.31
Day-525,google/gemma-3-27b-it,ENTJ,memory,flat,123,0.92,flat,78.31,78.51515256352084,7526.657089858728,0.0,96.11361371291952,BUY,0.8,"The 20-day SMA is trending above the 60-day SMA, indicating an upward momentum. Despite negative news sentiment, the overall trend suggests a buying opportunity to capitalize on potential growth. I will allocate a significant portion of available capital to this trade.",82.28,80.24,43.4,0.0878,1390580,1.1,8.9,15.0,2.67,2.54,1,-0.16,0.08,-0.23
Day-526,google/gemma-3-27b-it,ENTJ,memory,flat,123,0.92,flat,77.76,77.83753732155574,7473.794602316622,0.0,96.11361371291952,BUY,0.85,"The 20-day SMA is trending upwards, indicating positive momentum. Despite the RSI being below 50, the overall trend suggests a buying opportunity to capitalize on potential gains. I am allocating a significant portion of available capital to maximize growth.",81.98,80.11,42.8,-0.2005,1085286,0.86,7.7,15.0,2.67,2.33,1,0.31,0.11,0.2
Day-527,google/gemma-3-27b-it,ENTJ,memory,flat,123,0.92,flat,78.57,78.50640194578966,7551.646629424085,0.0,96.11361371291952,HOLD,0.0,"The 20 and 60-day SMAs are essentially flat, indicating a lack of clear momentum. RSI is neutral. While sentiment is slightly positive, it's not strong enough to initiate a buy given the absence of a defined trend.",81.59,80.04,44.2,-0.3595,1371885,1.07,8.1,15.0,2.66,1.94,0,0.08,0.01,0.07
Day-528,google/gemma-3-27b-it,ENTJ,memory,flat,123,0.92,flat,79.96,79.47939654266824,7685.244552485044,0.0,96.11361371291952,HOLD,0.0,"The 20/60 SMA crossover is flat, indicating a lack of clear momentum. While the RSI is low, suggesting potential for a bounce, the overall trend is currently undefined. Maintaining current position until a definitive trend emerges.",81.38,80.01,35.1,-0.3689,1208971,0.94,7.5,15.1,2.65,1.71,0,0.07,0.02,0.05
Day-529,google/gemma-3-27b-it,ENTJ,memory,flat,123,0.92,flat,77.98,77.72407123894787,7494.939597333464,0.0,96.11361371291952,HOLD,0.0,"The 20 and 60 SMA are nearly aligned, indicating a potential consolidation rather than a clear trend. RSI is low, but news sentiment is negative, creating conflicting signals. Maintaining current position until a definitive trend emerges.",81.11,79.92,32.6,-0.5303,1135467,0.9,14.4,15.0,2.66,1.5,0,-0.16,0.03,-0.19
Day-530,google/gemma-3-27b-it,ENTJ,memory,flat,123,0.92,flat,78.78,78.82270537901897,7571.8304883038,0.0,96.11361371291952,HOLD,0.0,"The 20 and 60 SMA are nearly aligned, indicating a potential consolidation rather than a clear trend. RSI is neutral, and sentiment is slightly positive but not strong enough to initiate a position. Maintaining current holdings until a definitive trend emerges.",81.05,79.91,40.1,-0.587,1451931,1.13,10.4,15.0,2.67,1.43,0,0.42,0.15,0.28
Day-531,google/gemma-3-27b-it,ENTJ,memory,flat,123,0.92,flat,79.68,79.77550141109255,7658.332740645427,0.0,96.11361371291952,HOLD,0.0,"The 20 and 60-day SMAs are nearly aligned, indicating a potential consolidation rather than a clear trend. RSI is neutral, and news sentiment is minimal. Maintaining current position pending a decisive breakout.",81.01,79.97,39.5,-0.5527,1151077,0.91,13.2,15.0,2.67,1.31,0,0.04,0.09,-0.05
Day-532,google/gemma-3-27b-it,ENTJ,memory,flat,123,0.92,flat,80.83,80.54627458086522,7768.863396415284,0.0,96.11361371291952,HOLD,0.0,"The 20 and 60-day SMAs are nearly aligned, indicating a potential consolidation rather than a clear trend. RSI is neutral, and negative news sentiment slightly offsets the volume ratio. Maintaining current position pending a decisive breakout.",81.05,80.08,44.0,-0.4274,1386727,1.09,11.6,15.1,2.66,1.2,0,-0.24,0.03,-0.27
Day-533,google/gemma-3-27b-it,ENTJ,memory,flat,123,0.92,flat,78.28,78.3177264659443,7523.77368144734,0.0,96.11361371291952,HOLD,0.0,"The 20 and 60-day SMAs are essentially flat, indicating a lack of clear momentum. While the RSI suggests potential for a bounce, the negative news sentiment and neutral volume ratio don't support initiating a buy. Maintaining current position until a definitive trend emerges.",80.93,80.16,34.4,-0.5281,1379139,1.07,11.7,15.0,2.67,0.97,0,-0.52,-0.09,-0.43
Day-534,google/gemma-3-27b-it,ENTJ,memory,flat,123,0.92,flat,79.24,79.03459081293681,7616.042750611742,0.0,96.11361371291952,HOLD,0.0,"The 20 and 60 SMA are nearly identical, indicating a lack of strong momentum. RSI is low, but not enough to trigger a buy signal given the flat trend. Maintaining current position until a clear trend emerges.",80.67,80.32,36.3,-0.5247,1188236,0.92,9.5,15.0,2.66,0.44,0,-0.37,-0.13,-0.23
Day-535,google/gemma-3-27b-it,ENTJ,memory,flat,123,0.92,flat,79.33,79.18900975068495,7624.6929758459055,0.0,96.11361371291952,HOLD,0.0,"The 20 and 60-day SMAs are essentially flat, indicating a lack of clear momentum. While the RSI suggests potential for a bounce, the overall trend is currently neutral. Maintaining current position until a definitive trend emerges.",80.46,80.45,34.7,-0.5083,1162958,0.91,8.5,15.0,2.66,0.01,0,0.12,-0.19,0.32
Day-536,google/gemma-3-27b-it,ENTJ,memory,flat,123,0.92,flat,80.38,80.74977089794717,7725.61227024447,0.0,96.11361371291952,HOLD,0.0,"The 20 and 60-day SMAs are nearly identical, indicating a stalled trend. RSI is neutral, and volume is slightly below average. No clear momentum signal exists to justify a buy or sell.",80.39,80.59,47.2,-0.406,1001755,0.8,8.9,14.9,2.68,-0.25,0,-0.26,-0.26,-0.01
Day-537,google/gemma-3-27b-it,ENTJ,memory,flat,123,0.92,flat,83.92,83.70864526135422,8065.854462788206,0.0,96.11361371291952,HOLD,0.0,"The 20/60 SMA indicates a flat trend (0), and while the RSI is moderately positive, the negative news sentiment introduces uncertainty. Without a clear upward momentum, maintaining current holdings is the most logical course of action. Further observation is required before committing additional capital.",80.45,80.75,61.2,-0.0393,1231540,0.99,13.1,15.0,2.66,-0.38,0,-0.61,-0.33,-0.28
Day-538,google/gemma-3-27b-it,ENTJ,memory,flat,123,0.92,flat,86.62,86.43594492682757,8325.361219813089,0.0,96.11361371291952,HOLD,0.0,"The 20/60 SMA indicates a flat trend, offering no clear momentum signal. RSI is approaching overbought territory, suggesting a potential pullback, and negative news sentiment further reinforces caution. Maintaining current position until a definitive trend emerges.",80.64,80.91,69.1,0.4641,1088817,0.89,11.8,15.0,2.66,-0.34,0,-0.25,-0.27,0.02
Day-539,google/gemma-3-27b-it,ENTJ,memory,flat,123,0.92,flat,86.97,86.65688772027235,8359.00098461261,0.0,96.11361371291952,HOLD,0.0,"The 20/60 SMA indicates a flat trend, offering no clear momentum signal. RSI is high, suggesting potential overbought conditions, but doesn't definitively signal a reversal. Maintaining current position pending a clearer directional signal.",80.8,81.04,73.0,0.8811,1005446,0.83,11.8,15.1,2.66,-0.29,0,-0.04,-0.21,0.17
Day-540,google/gemma-3-27b-it,ENTJ,memory,flat,123,0.92,flat,86.42,86.67963867358273,8306.138497070504,0.0,96.11361371291952,BUY,0.85,"The 20/60 SMA indicates a stable trend, and the RSI, while high, doesn't signal immediate overbought conditions. Momentum is key, and a continued upward trend is anticipated, justifying a significant position.",80.91,81.08,73.0,1.1536,1307898,1.08,9.5,15.0,2.67,-0.21,0,0.18,-0.2,0.38
Day-541,google/gemma-3-27b-it,ENTJ,memory,flat,123,0.92,flat,88.27,87.80847075458152,8483.948682439406,0.0,96.11361371291952,HOLD,0.0,"The RSI is high at 74.4, indicating potential overbought conditions, and news sentiment is negative. While the SMA trend is neutral, these factors suggest caution. Maintaining current position until a clearer signal emerges.",81.09,81.19,74.4,1.5016,1062782,0.89,12.5,15.1,2.65,-0.12,0,-0.76,-0.3,-0.46
Day-542,google/gemma-3-27b-it,ENTJ,memory,flat,123,0.92,flat,85.85,85.89771043227663,8251.35373725414,0.0,96.11361371291952,HOLD,0.0,"The 20 and 60-day SMAs are essentially flat, indicating a lack of clear momentum. While the RSI is moderately positive, the negative news sentiment and volume ratio below 1 suggest caution. Maintaining current position until a definitive trend emerges.",81.32,81.29,64.1,1.5641,1153123,0.96,9.1,15.0,2.67,0.03,0,-0.02,-0.18,0.16
Day-543,google/gemma-3-27b-it,ENTJ,memory,flat,123,0.92,flat,83.96,83.46634626977107,8069.699007336722,0.0,96.11361371291952,BUY,0.1,"The 20/60 SMA indicates a stable, potentially upward trend. RSI is healthy, suggesting room for growth, and volume is slightly elevated. Momentum is key, and this presents a buying opportunity.",81.52,81.38,64.4,1.4451,1357200,1.12,7.5,15.1,2.65,0.17,0,0.27,-0.07,0.34
Day-544,google/gemma-3-27b-it,ENTJ,memory,flat,123,0.92,flat,83.14,82.70606197167231,7990.8858440921285,0.0,96.11361371291952,HOLD,0.0,"The 20 and 60-day SMAs are nearly identical, indicating a stalled trend. RSI is neutral. While news sentiment is slightly negative, it's not enough to trigger a sell given the lack of clear momentum.",81.71,81.46,60.5,1.2699,1372519,1.12,7.5,15.1,2.65,0.31,0,-0.26,-0.12,-0.14
Day-545,google/gemma-3-27b-it,ENTJ,memory,flat,123,0.92,flat,84.6,84.77530437260336,8131.21172011299,0.0,96.11361371291952,BUY,0.9,"The 20 and 60-day SMAs are nearly flat, indicating consolidation before a potential upward move. RSI is showing momentum, and the volume ratio is slightly elevated, suggesting increasing interest. This aligns with my momentum-focused strategy; initiate a substantial buy.",82.03,81.58,61.5,1.2347,1475987,1.2,8.5,15.0,2.67,0.55,0,-0.17,-0.19,0.01
Day-546,google/gemma-3-27b-it,ENTJ,memory,flat,123,0.92,flat,83.85,84.24099779264888,8059.126509828301,0.0,96.11361371291952,BUY,0.12,"The 20 and 60-day SMAs are trending upwards, indicating positive momentum. The RSI is neutral, allowing for entry, and the volume ratio suggests increasing interest. This aligns with my mandate to chase growth and capitalize on upward trends.",82.33,81.71,57.2,1.1332,1454058,1.17,8.5,14.9,2.68,0.76,0,0.06,-0.02,0.08
Day-547,google/gemma-3-27b-it,ENTJ,memory,flat,123,0.92,flat,87.01,86.83704623138152,8362.845529161128,0.0,96.11361371291952,HOLD,0.0,"The 20 and 60 SMA indicate an upward trend, but the RSI is overbought at 70.2. While momentum is present, a pullback is possible; maintaining current position to observe further price action before committing additional capital.",82.75,81.9,70.2,1.2926,1257571,1.01,7.5,15.0,2.66,1.05,0,-0.3,-0.08,-0.22
Day-548,google/gemma-3-27b-it,ENTJ,memory,flat,123,0.92,flat,81.9,82.15199038461407,7871.704963088109,0.0,96.11361371291952,BUY,0.85,"The 20-day SMA is above the 60-day SMA, indicating an upward trend. Despite negative news sentiment, the RSI is neutral and volume is slightly elevated, suggesting continued momentum. I am initiating a substantial position to capitalize on this growth opportunity.",82.85,81.95,55.2,0.9948,1472760,1.17,9.4,15.0,2.67,1.1,0,-0.27,-0.19,-0.09
Day-549,google/gemma-3-27b-it,ENTJ,memory,flat,123,0.92,flat,79.97,79.60898348358788,7686.2056886221735,0.0,96.11361371291952,HOLD,0.0,"The 20 and 60-day SMAs are essentially flat, indicating a lack of clear momentum. While the RSI is neutral, the negative news sentiment and volume ratio below 1 suggest potential headwinds. Maintaining current position until a definitive trend emerges.",82.95,81.98,51.2,0.5967,1171158,0.93,9.5,15.1,2.65,1.18,0,-0.03,-0.14,0.11
Day-550,google/gemma-3-27b-it,ENTJ,memory,flat,123,0.92,flat,79.62,79.43611944461566,7652.565923822653,0.0,96.11361371291952,HOLD,0.0,"The 20/60 SMA indicates a neutral trend (0). RSI is neutral. While news sentiment is slightly positive, it's insufficient to initiate a buy given the lack of clear momentum. Maintaining current position.",82.99,82.0,48.6,0.2496,1275267,1.02,10.2,15.0,2.66,1.21,0,0.05,-0.1,0.15
Day-551,google/gemma-3-27b-it,ENTJ,memory,flat,123,0.92,flat,80.36,80.88408339246695,7723.689997970212,0.0,96.11361371291952,HOLD,0.0,"The 20 and 60 SMA are nearly aligned, indicating a potential consolidation rather than a clear trend. RSI is neutral, and news sentiment is slightly positive but not strong enough to initiate a buy. Maintaining current position until a definitive trend emerges.",83.03,82.02,42.6,0.034,1272111,1.01,10.8,14.9,2.68,1.23,0,0.17,-0.08,0.25
Day-552,google/gemma-3-27b-it,ENTJ,memory,flat,123,0.92,flat,81.07,80.7957688559462,7791.930663706385,0.0,96.11361371291952,HOLD,0.0,"The 20 and 60-day SMAs are converging, indicating a potential shift but not yet a clear trend. RSI is low, suggesting potential for a bounce, but news sentiment is neutral and volume is below average. Maintaining current position until a definitive trend emerges.",83.04,82.02,37.4,-0.0786,1011136,0.82,10.5,15.1,2.66,1.24,0,0.0,-0.02,0.02
Day-553,google/gemma-3-27b-it,ENTJ,memory,flat,123,0.92,flat,80.7,80.66554590253462,7756.368626632605,0.0,96.11361371291952,HOLD,0.0,"The 20 and 60-day SMAs are essentially flat, indicating a lack of clear momentum. RSI is low, but not a strong buy signal without a defined trend. Maintaining current position until a clear directional bias emerges.",83.16,82.04,35.8,-0.1954,1017696,0.84,7.6,15.0,2.67,1.37,0,0.0,0.04,-0.04
Day-554,google/gemma-3-27b-it,ENTJ,memory,flat,123,0.92,flat,80.62,80.49352236865263,7748.679537535571,0.0,96.11361371291952,HOLD,0.0,"The 20 and 60 day SMAs are nearly aligned, indicating a potential stabilization. RSI is low, but not decisively signaling a reversal. Maintaining current position pending further confirmation of a clear trend.",83.23,82.05,36.6,-0.2914,1119030,0.92,8.9,15.0,2.66,1.43,0,0.07,0.06,0.01
Day-555,google/gemma-3-27b-it,ENTJ,memory,flat,123,0.92,flat,78.31,77.7282492126049,7526.657089858728,0.0,96.11361371291952,HOLD,0.0,"The 20 and 60 SMA's are nearly aligned, indicating a potential stabilization. RSI is low, suggesting a possible reversal, but news sentiment is negative. Maintaining current position to observe further development.",83.18,81.99,27.5,-0.5477,1465645,1.19,11.4,15.1,2.65,1.44,0,-0.26,-0.0,-0.26
Day-556,google/gemma-3-27b-it,ENTJ,memory,flat,123,0.92,flat,79.53,79.57342151417674,7643.915698588489,0.0,96.11361371291952,HOLD,0.0,"The 20 and 60 day SMAs are essentially flat, indicating a lack of clear momentum. While the RSI suggests potential for a bounce, the negative news sentiment and low implied volatility don't support a strong buy signal. Maintaining current position until a definitive trend emerges.",83.13,81.91,34.9,-0.6448,1452137,1.16,10.9,15.0,2.67,1.5,0,-0.63,-0.16,-0.47
Day-557,google/gemma-3-27b-it,ENTJ,memory,flat,123,0.92,flat,78.73,78.51776006933142,7567.024807618154,0.0,96.11361371291952,HOLD,0.0,"The 20 and 60-day SMAs are essentially flat, indicating a lack of clear momentum. RSI is low, but not a strong buy signal without a defined upward trend. Maintaining current position until a clear directional bias emerges.",82.87,81.75,36.8,-0.7769,1318292,1.05,8.5,15.0,2.66,1.37,0,-0.27,-0.22,-0.05
Day-558,google/gemma-3-27b-it,ENTJ,memory,flat,123,0.92,flat,80.11,80.27156874169303,7699.661594541983,0.0,96.11361371291952,HOLD,0.0,"The 20 and 60 day SMAs are nearly aligned, indicating a potential consolidation rather than a clear trend. The RSI is neutral, and negative news sentiment slightly offsets any bullish signals. Maintaining current position until a definitive trend emerges.",82.55,81.67,42.6,-0.7614,1033279,0.82,8.0,15.0,2.67,1.08,0,-0.15,-0.25,0.1
Day-559,google/gemma-3-27b-it,ENTJ,memory,flat,123,0.92,flat,80.04,80.1824791791834,7692.933641582079,0.0,96.11361371291952,HOLD,0.0,"The 20 and 60 day SMAs are essentially flat, indicating a lack of clear momentum. RSI is neutral, and negative news sentiment slightly offsets the volume ratio. No clear signal to buy or sell exists at this time.",82.2,81.61,38.0,-0.7465,1476263,1.16,7.5,15.0,2.67,0.73,0,-0.25,-0.31,0.07
Day-560,google/gemma-3-27b-it,ENTJ,memory,flat,123,0.92,flat,81.87,81.93844008485249,7868.8215546767215,0.0,96.11361371291952,HOLD,0.0,"The 20 and 60-day SMAs are nearly aligned, indicating a potential consolidation rather than a clear trend. RSI is neutral, and news sentiment is slightly negative, but not enough to trigger a sell. Maintaining current position until a definitive trend emerges.",81.98,81.65,45.1,-0.5799,1033036,0.82,9.0,15.0,2.67,0.4,0,-0.34,-0.33,-0.01
Day-561,google/gemma-3-27b-it,ENTJ,memory,flat,123,0.92,flat,82.37,82.52765045941685,7916.878361533181,0.0,96.11361371291952,HOLD,0.0,"The 20 and 60 SMA are flat, indicating a lack of clear momentum. The RSI is low, but not yet signaling a strong reversal. Maintaining current position until a definitive trend emerges.",81.68,81.68,36.7,-0.403,1252848,0.98,7.5,15.0,2.67,-0.0,0,0.32,-0.14,0.46
Day-562,google/gemma-3-27b-it,ENTJ,memory,flat,123,0.92,flat,82.52,82.37647548439855,7931.295403590118,0.0,96.11361371291952,HOLD,0.0,"The 20 and 60-day SMAs are nearly identical, indicating a stalled trend. RSI is neutral. While news sentiment is slightly negative, it's not strong enough to trigger a sell given the lack of clear momentum.",81.51,81.73,52.5,-0.2482,1310229,1.02,7.5,15.0,2.66,-0.26,0,-0.25,-0.13,-0.12
Day-563,google/gemma-3-27b-it,ENTJ,memory,flat,123,0.92,flat,82.44,82.7749216923033,7923.606314493085,0.0,96.11361371291952,HOLD,0.0,"The 20 and 60-day SMAs are nearly identical, indicating a stalled trend. RSI is neutral, and news sentiment is slightly negative, suggesting no strong momentum. Maintaining current position until a clear directional signal emerges.",81.44,81.77,61.7,-0.13,1354861,1.06,7.5,14.9,2.68,-0.4,0,-0.11,-0.13,0.02
Day-564,google/gemma-3-27b-it,ENTJ,memory,flat,123,0.92,flat,80.62,80.39609338132342,7748.679537535571,0.0,96.11361371291952,HOLD,0.0,"The 20 and 60-day SMAs are converging, indicating a potential trend shift but not a confirmed break. RSI is neutral. Maintaining current position until a clear directional signal emerges to align with momentum strategy.",81.31,81.69,54.2,-0.1811,1462757,1.14,8.2,15.0,2.66,-0.46,0,0.17,-0.04,0.21
Day-565,google/gemma-3-27b-it,ENTJ,memory,flat,123,0.92,flat,80.19,80.42991400809491,7707.350683639016,0.0,96.11361371291952,HOLD,0.0,"The 20 and 60 day SMAs are converging, indicating a potential trend shift but not yet confirmed. RSI is neutral. Maintaining current position and awaiting a clearer signal before committing further capital.",81.09,81.62,49.3,-0.2535,1171804,0.92,9.4,15.0,2.67,-0.65,0,0.13,0.05,0.08
Day-566,google/gemma-3-27b-it,ENTJ,memory,flat,123,0.92,flat,83.38,83.26322525835313,8013.953111383229,0.0,96.11361371291952,HOLD,0.0,"The 20 and 60-day SMAs are nearly identical, indicating a lack of strong momentum. RSI is neutral. While news sentiment is slightly negative, it's not enough to trigger a sell given the current stagnation; we await a clear signal.",81.07,81.66,58.1,-0.0533,1187043,0.95,8.9,15.0,2.66,-0.72,0,-0.22,-0.05,-0.16
Day-567,google/gemma-3-27b-it,ENTJ,memory,flat,123,0.92,flat,84.85,85.49610757649603,8155.240123541221,0.0,96.11361371291952,HOLD,0.0,"The 20 and 60-day SMAs are essentially flat, indicating a lack of clear momentum. While the RSI is neutral, the negative news sentiment and low implied volatility suggest caution. Maintaining current position until a definitive trend emerges.",80.96,81.7,63.5,0.222,1271735,1.01,16.2,14.9,2.69,-0.9,0,-0.27,-0.06,-0.21
Day-568,google/gemma-3-27b-it,ENTJ,memory,flat,123,0.92,flat,84.1,83.85342865988171,8083.154913256531,0.0,96.11361371291952,HOLD,0.0,"The 20 and 60 SMA are nearly identical, indicating a lack of strong momentum. RSI is neutral. While news sentiment is slightly negative, it's not enough to trigger a sell given the current sideways trend.",81.07,81.72,60.9,0.3748,1124709,0.91,15.4,15.0,2.66,-0.8,0,-0.02,-0.04,0.02
Day-569,google/gemma-3-27b-it,ENTJ,memory,flat,123,0.92,flat,85.16,84.73121712534363,8185.035343792226,0.0,96.11361371291952,HOLD,0.0,"The 20/60 SMA indicates a flat trend, offering no clear momentum signal. While the RSI is high, it doesn't override the lack of a defined upward trend, and news sentiment is slightly negative. Maintaining current position until a clear signal emerges.",81.33,81.75,73.2,0.5753,1273964,1.02,11.9,15.1,2.65,-0.52,0,-0.21,-0.12,-0.09
Day-570,google/gemma-3-27b-it,ENTJ,memory,flat,123,0.92,flat,85.18,85.17804327245393,8186.957616066485,0.0,96.11361371291952,HOLD,0.0,"The RSI is high at 70.9, indicating potential overbought conditions, but the 20/60 SMA trend is neutral. While momentum isn't strongly confirmed, a decisive break isn't present. Maintaining current position pending further confirmation.",81.61,81.77,70.9,0.7273,1173977,0.95,11.6,15.0,2.67,-0.2,0,-0.04,-0.15,0.11
Day-571,google/gemma-3-27b-it,ENTJ,memory,flat,123,0.92,flat,87.14,86.60759018064161,8375.340298943807,0.0,96.11361371291952,HOLD,0.0,"The RSI is high at 78.6, indicating potential overbought conditions, but the SMA20/60 trend is neutral. News sentiment is slightly negative, but my mandate prioritizes momentum, and a clear trend isn't yet broken. Maintaining current position.",81.95,81.82,78.6,0.9945,1464648,1.17,10.4,15.1,2.65,0.16,0,-0.26,-0.16,-0.1
Day-572,google/gemma-3-27b-it,ENTJ,memory,flat,123,0.92,flat,86.75,86.7968660730967,8337.855989595768,0.0,96.11361371291952,HOLD,0.0,"The RSI is high at 74.2, indicating potential overbought conditions, but the 20/60 SMA crossover is neutral. While momentum isn't overwhelmingly bullish, a decisive sell signal isn't present. Maintaining current position pending further confirmation.",82.23,81.93,74.2,1.1611,1153992,0.92,10.4,15.0,2.67,0.37,0,0.12,-0.08,0.2
Day-573,google/gemma-3-27b-it,ENTJ,memory,flat,123,0.92,flat,86.57,86.41838443636387,8320.555539127441,0.0,96.11361371291952,HOLD,0.0,"The 20/60 SMA indicates a stable trend, though RSI is high suggesting potential overbought conditions. News sentiment is negative, but my mandate prioritizes momentum, and the trend isn't yet broken. Maintaining current position.",82.52,82.06,73.6,1.264,1316994,1.04,10.9,15.0,2.66,0.57,0,-0.42,-0.16,-0.26
Day-574,google/gemma-3-27b-it,ENTJ,memory,flat,123,0.92,flat,88.49,88.7757077793795,8505.093677456247,0.0,96.11361371291952,HOLD,0.0,"The 20/60 SMA indicates a neutral trend, despite the price being above both. RSI is high, suggesting potential overbought conditions, and negative news sentiment further supports caution. Maintaining current position until a clear upward or downward trend emerges.",82.92,82.25,73.7,1.4833,1192753,0.94,9.3,15.0,2.68,0.82,0,-0.06,-0.13,0.07
Day-575,google/gemma-3-27b-it,ENTJ,memory,flat,123,0.92,flat,89.3,89.18750781807297,8582.945704563712,0.0,96.11361371291952,BUY,0.1,"The 20 and 60 SMA are trending upwards, indicating positive momentum. Despite the RSI being high, the overall trend supports a buy decision to capitalize on continued growth. I am allocating 10% of available capital.",83.47,82.47,74.3,1.7028,1492948,1.17,7.5,15.0,2.66,1.21,0,0.09,-0.11,0.19
Day-576,google/gemma-3-27b-it,ENTJ,memory,flat,123,0.92,flat,91.34,91.48273530938121,8779.017476538069,0.0,96.11361371291952,HOLD,0.0,"The RSI is high at 77.3, indicating potential overbought conditions, but the 20/60 SMA trend is neutral. While momentum isn't strongly confirmed, it hasn't broken either. Maintaining current position pending further confirmation.",84.06,82.74,77.3,2.0184,1445885,1.13,7.5,15.0,2.67,1.6,0,0.09,-0.04,0.13
Day-577,google/gemma-3-27b-it,ENTJ,memory,flat,123,0.92,flat,93.11,93.31099936998743,8949.138572809936,0.0,96.11361371291952,BUY,1.0,"The 20-day SMA is above the 60-day SMA, indicating an upward trend. Despite the high RSI, the momentum is strong, aligning with my growth mandate. I will capitalize on this upward trajectory.",84.78,83.03,79.9,2.3837,1159009,0.91,8.4,15.0,2.67,2.11,1,0.73,0.08,0.64
Day-578,google/gemma-3-27b-it,ENTJ,memory,flat,123,0.92,flat,93.25,92.73521192105373,8962.594478729745,8962.594478729745,0.0,SELL,1.0,"RSI is extremely overbought at 89.1, indicating a potential trend reversal. While the short-term moving averages suggest an uptrend, the negative news sentiment and high RSI outweigh this, signaling a time to secure profits and avoid a potential correction. Momentum is fading.",85.43,83.29,89.1,2.6538,1002820,0.79,9.7,15.1,2.65,2.57,1,-0.07,0.15,-0.22
Day-579,google/gemma-3-27b-it,ENTJ,memory,flat,123,0.92,flat,92.06,92.4537244464796,8962.594478729745,268.8778343618924,94.43533178761517,BUY,0.97,"The 20-day SMA is above the 60-day SMA, indicating an upward trend. Despite the high RSI, the momentum is strong and aligns with my growth mandate; a decisive buy is warranted to capitalize on potential gains.",86.03,83.58,85.1,2.7405,1148109,0.92,9.3,14.9,2.68,2.94,1,0.04,0.18,-0.13
Day-580,google/gemma-3-27b-it,ENTJ,memory,flat,123,0.92,flat,96.08,96.12071906640358,9342.224512515957,9342.224512515957,0.0,SELL,1.0,"RSI is extremely overbought at 85.8, indicating a potential trend reversal. While the SMA trend is positive, the negative news sentiment and high RSI suggest a weakening momentum. Protecting profits is paramount.",86.75,83.92,85.8,3.0982,1246821,0.99,9.7,15.0,2.67,3.36,1,-0.03,0.15,-0.18
Day-581,google/gemma-3-27b-it,ENTJ,memory,flat,123,0.92,flat,96.77,96.51848440815675,9342.224512515957,467.1112256257984,91.7134782152543,BUY,0.95,"The 20-day SMA is above the 60-day SMA, indicating an upward trend. Despite the high RSI, the momentum is strong and aligns with my growth mandate, justifying a significant position.",87.47,84.26,85.1,3.3978,1168157,0.93,10.6,15.0,2.66,3.8,1,0.57,0.25,0.32
Day-582,google/gemma-3-27b-it,ENTJ,memory,flat,123,0.92,flat,95.18,95.09362853764107,9196.400082153703,467.1112256257984,91.7134782152543,HOLD,0.0,"The 20-day SMA is above the 60-day SMA, indicating an upward trend (1). However, the RSI is extremely high at 81.1, suggesting overbought conditions and a potential pullback. Maintaining current position to observe further movement.",88.1,84.55,81.1,3.4667,1329286,1.06,10.7,15.0,2.66,4.2,1,0.3,0.16,0.14
Day-583,google/gemma-3-27b-it,ENTJ,memory,flat,123,0.92,flat,92.29,92.86632599228348,8931.348130111617,233.5556128128992,94.24414906597376,BUY,0.5,"The 20-day SMA is above the 60-day SMA, indicating an upward trend. RSI is moderately high, suggesting continued momentum, and the positive news sentiment supports further gains. This aligns with my mandate to chase growth and buy into upward trends.",88.59,84.83,68.2,3.2511,1165827,0.93,9.3,14.9,2.68,4.43,1,0.58,0.29,0.29
Day-584,google/gemma-3-27b-it,ENTJ,memory,flat,123,0.92,flat,94.87,94.72176008591933,9174.49803470183,88.75113286890169,95.77049543409854,BUY,0.62,"The 20/60 SMA crossover indicates an upward trend, aligning with my momentum strategy. Despite the slightly overbought RSI, the overall trend suggests continued growth potential, justifying a significant position.",89.3,85.14,71.9,3.251,1164122,0.94,7.5,15.0,2.66,4.89,1,-0.17,0.25,-0.42
Day-585,google/gemma-3-27b-it,ENTJ,memory,flat,123,0.92,flat,94.71,95.05442548262022,9159.174755432372,4.437556643445092,96.66072430354691,BUY,0.95,"The 20-day SMA is above the 60-day SMA, indicating an upward trend. RSI is healthy and supports continued momentum. This aligns with my mandate to chase growth and capitalize on upward trends.",90.03,85.45,68.6,3.2005,1447952,1.16,7.6,14.9,2.68,5.36,1,0.05,0.27,-0.22
Day-586,google/gemma-3-27b-it,ENTJ,memory,flat,123,0.92,flat,93.48,93.58852580003116,9040.282064539011,4.038176545535033,96.66499666231788,BUY,0.09,"The 20-day SMA is above the 60-day SMA, indicating an upward trend. RSI is moderately high, suggesting continued momentum, and the overall market sentiment is slightly positive. This aligns with my momentum-focused strategy.",90.53,85.71,65.9,3.0265,1145389,0.92,7.5,15.0,2.67,5.62,1,0.02,0.15,-0.14
Day-587,google/gemma-3-27b-it,ENTJ,memory,flat,123,0.92,flat,94.82,94.88821219450696,9169.813160066515,2.342142396410319,96.68288354429556,BUY,0.42,"The 20 and 60-day SMAs are trending upwards, indicating positive momentum. Despite negative news sentiment, the RSI is healthy, and the overall trend supports a buy decision. I am initiating a partial position to capitalize on continued growth.",91.03,85.93,68.4,2.9631,1296077,1.04,8.0,15.0,2.67,5.94,1,-0.35,0.03,-0.37
Day-588,google/gemma-3-27b-it,ENTJ,memory,flat,123,0.92,flat,94.38,95.2204242176661,9127.272691307024,1.7566067973077395,96.68908756632462,BUY,0.25,"The price is trending upwards, confirmed by the SMA20 and SMA60. RSI is healthy, indicating room for further growth. Momentum is key, and this presents a clear buying opportunity.",91.55,86.09,64.1,2.8439,1260199,1.01,8.7,14.9,2.69,6.34,1,0.1,-0.07,0.17
Day-589,google/gemma-3-27b-it,ENTJ,memory,flat,123,0.92,flat,92.11,92.13777005151557,8907.78846253147,1.5809461175769655,96.6909946413407,BUY,0.1,"The 20-day SMA is above the 60-day SMA, indicating an upward trend. Despite negative news sentiment, the momentum is positive, aligning with my growth mandate. I will initiate a small position to capitalize on this trend.",91.89,86.19,56.3,2.5375,1129463,0.91,7.5,15.0,2.67,6.62,1,-0.3,-0.09,-0.2
Day-590,google/gemma-3-27b-it,ENTJ,memory,flat,123,0.92,flat,93.53,93.25695764610361,9045.089674922172,1.4228515058192688,96.69268495045817,BUY,0.1,"The 20 and 60-day SMAs indicate an upward trend, confirming momentum. RSI is neutral, allowing for further gains, and the overall market sentiment is slightly positive. This aligns with my mandate to chase growth and capitalize on upward trends.",92.31,86.33,55.0,2.3816,1074901,0.87,12.3,15.0,2.66,6.93,1,0.32,-0.04,0.36
Day-591,google/gemma-3-27b-it,ENTJ,memory,flat,123,0.92,flat,95.75,95.80572878590554,9259.74743551219,1.2805663552373419,96.69417095725277,BUY,0.1,"The 20 and 60-day SMAs are trending upwards, indicating a clear bullish momentum. Despite slightly negative news sentiment, the overall technical picture supports a buy decision to capitalize on the upward trend. I am initiating a small position to begin capturing potential gains.",92.74,86.48,56.0,2.4095,1177133,0.96,9.8,15.0,2.67,7.24,1,-0.06,-0.06,-0.01
Day-592,google/gemma-3-27b-it,ENTJ,memory,flat,123,0.92,flat,100.94,100.86868145314045,9761.59018278033,0.19208495328560127,96.7049544068461,BUY,0.85,"The 20-day SMA is above the 60-day SMA, indicating an upward trend. Despite negative news sentiment, the RSI at 64.1 suggests room for growth, and my mandate prioritizes momentum. I will allocate a significant portion of available cash to capitalize on this opportunity.",93.45,86.78,64.1,2.8179,1159409,0.95,11.5,15.0,2.66,7.68,1,-0.46,-0.08,-0.38
Day-593,google/gemma-3-27b-it,ENTJ,memory,flat,123,0.92,flat,102.02,100.96940382458686,9866.031533539724,0.009604247664280086,96.70674308265106,BUY,0.95,"The 20-day SMA is above the 60-day SMA, indicating an upward trend. Despite negative news sentiment, the RSI at 68.4 suggests continued momentum, and my mandate is to chase growth. A significant allocation is warranted.",94.22,87.14,68.4,3.1922,1179787,0.97,14.0,15.2,2.64,8.12,1,-0.17,-0.13,-0.03
Day-594,google/gemma-3-27b-it,ENTJ,memory,flat,123,0.92,flat,101.93,101.47074513665603,9857.327926662289,0.00019208495328560185,96.7068354221263,BUY,0.98,"The 20-day SMA is above the 60-day SMA, indicating an upward trend. Momentum is present, and my mandate is to chase growth by capitalizing on upward trends. A nearly full allocation is appropriate given the positive indicators.",94.9,87.52,62.6,3.4412,1406398,1.14,12.1,15.1,2.65,8.43,1,0.01,-0.07,0.09
Day-595,google/gemma-3-27b-it,ENTJ,memory,flat,123,0.92,flat,104.83,104.81558448897599,10137.777749386452,9.604247664280114e-06,96.7068371628561,BUY,0.95,"The 20-day SMA is above the 60-day SMA, indicating an upward trend. RSI is moderately high, suggesting continued momentum, and news sentiment is positive. This aligns with my mandate to chase growth and capitalize on upward trends.",95.67,87.92,65.9,3.8292,1266794,1.04,9.4,15.0,2.67,8.81,1,0.52,-0.03,0.55
Day-596,google/gemma-3-27b-it,ENTJ,memory,flat,123,0.92,flat,105.94,105.20143207863812,10245.122338637222,9.604247664280104e-07,96.70683724444778,BUY,0.9,"The 20/60 SMA crossover indicates a strong upward trend. RSI is high but not overbought enough to deter entry, and positive news sentiment supports continued momentum. This aligns with my mandate to chase growth.",96.4,88.37,71.6,4.1779,1486910,1.22,8.6,15.1,2.65,9.09,1,0.26,0.03,0.23
Day-597,google/gemma-3-27b-it,ENTJ,memory,flat,123,0.92,flat,105.66,105.81409677494547,10218.044424208778,4.8021238321400584e-08,96.70683725308307,BUY,0.95,"The price is trending upwards, confirmed by the SMA20 and SMA60. Despite the high RSI, the momentum is strong, and my mandate prioritizes growth through trend following. A large position is warranted given the positive indicators.",97.03,88.74,79.9,4.3806,1151151,0.94,7.5,15.0,2.67,9.34,1,0.03,0.13,-0.1
Day-598,google/gemma-3-27b-it,ENTJ,memory,flat,123,0.92,flat,104.79,104.51926229065415,10133.909475798597,2.401061916070029e-09,96.70683725351842,BUY,0.95,"The 20/60 SMA indicates a strong upward trend (1). RSI is high but not overbought enough to signal immediate reversal, and news sentiment is slightly positive. Momentum is key; we capitalize on this upward trajectory.",97.61,89.2,74.0,4.4201,1124041,0.92,15.4,15.0,2.66,9.43,1,0.26,0.22,0.05
Day-599,google/gemma-3-27b-it,ENTJ,memory,flat,123,0.92,flat,101.06,101.67524691917616,9773.192972842971,2.1609557244630264e-09,96.70683725352079,BUY,0.1,"The 20-day SMA is above the 60-day SMA, indicating an upward trend. RSI is healthy and supports continued momentum. I will initiate a small position to capitalize on this growth opportunity.",98.06,89.62,63.1,4.1038,1021943,0.84,11.6,14.9,2.68,9.42,1,0.05,0.23,-0.17
Day-600,google/gemma-3-27b-it,ENTJ,memory,flat,123,0.92,flat,103.7,103.57931409811508,10028.499023192266,1.0804778622315136e-10,96.70683725354058,BUY,0.95,"The 20 and 60 SMA indicate a strong upward trend (1). Despite the RSI being overbought, the overall momentum suggests continued growth, aligning with my core mandate. I will allocate a significant portion of available capital to capitalize on this opportunity.",98.44,90.1,70.0,4.0195,1431371,1.16,9.1,15.0,2.66,9.25,1,-0.27,0.07,-0.33
Day-601,google/gemma-3-27b-it,ENTJ,memory,flat,123,0.92,flat,100.97,101.00461756733243,9764.4893574901,2.1609557244630265e-11,96.70683725354144,BUY,0.8,"The 20-day SMA is above the 60-day SMA, indicating an upward trend. RSI is healthy and supports continued momentum. I will allocate 80% of available funds to capitalize on this growth opportunity.",98.65,90.51,61.4,3.6899,1238945,1.0,9.3,15.0,2.67,8.99,1,0.12,0.04,0.08
Day-602,google/gemma-3-27b-it,ENTJ,memory,flat,123,0.92,flat,103.38,103.36633813745959,9997.552835271135,1.0804778622315139e-12,96.70683725354164,BUY,0.95,"The 20-day SMA is above the 60-day SMA, indicating an upward trend. RSI is moderately high, suggesting continued momentum, and the news sentiment is slightly positive. This aligns with my mandate to chase growth and buy into upward trends.",99.06,90.96,65.6,3.5819,1147867,0.94,7.5,15.0,2.67,8.9,1,0.26,0.09,0.17
Day-603,google/gemma-3-27b-it,ENTJ,memory,flat,123,0.92,flat,101.89,101.78024700052792,9853.459647763359,0.0,96.70683725354165,BUY,1.0,"The 20-day SMA is above the 60-day SMA, indicating an upward trend. News sentiment is strongly positive, reinforcing the bullish momentum. I am allocating full capital to capitalize on this growth opportunity.",99.54,91.38,67.4,3.3379,1013960,0.83,9.3,15.0,2.66,8.92,1,0.92,0.22,0.7
Day-604,google/gemma-3-27b-it,ENTJ,memory,flat,123,0.92,flat,102.42,102.35229420367497,9904.714271507735,0.0,96.70683725354165,BUY,0.97,"The price is trending upwards, confirmed by the SMA20 and SMA60. RSI is healthy, indicating room for growth, and the volume ratio suggests sustained interest. Momentum is key, and this presents a strong buying opportunity.",99.92,91.82,66.3,3.151,1311451,1.07,7.7,15.0,2.66,8.82,1,0.09,0.22,-0.13
Day-605,google/gemma-3-27b-it,ENTJ,memory,flat,123,0.92,flat,101.31,101.62354927675892,9797.369682156304,0.0,96.70683725354165,BUY,0.95,"The 20/60 SMA indicates a strong upward trend. RSI is healthy, suggesting room for growth, and despite negative news sentiment, the momentum is clearly positive. We capitalize on this upward trajectory.",100.25,92.28,60.6,2.8795,1149211,0.95,8.8,15.0,2.67,8.63,1,-0.14,0.25,-0.39
Day-606,google/gemma-3-27b-it,ENTJ,memory,flat,123,0.92,flat,103.97,104.07036920105371,10054.609869250726,0.0,96.70683725354165,BUY,0.95,"The 20-day SMA is above the 60-day SMA, indicating an upward trend. Momentum is confirmed by the volume ratio exceeding 1.0, and the RSI is within a reasonable range for continued growth. This aligns with my mandate to chase upward trends.",100.77,92.77,56.4,2.8461,1325588,1.09,8.2,15.0,2.67,8.63,1,0.28,0.28,-0.0
Day-607,google/gemma-3-27b-it,ENTJ,memory,flat,123,0.92,flat,104.73,104.72985500401913,10128.107065563418,0.0,96.70683725354165,BUY,0.95,"The price is trending upwards, confirmed by the SMA20 and SMA60. Momentum is key, and this presents a clear opportunity for growth. A high allocation is justified given the positive indicators.",101.27,93.29,55.8,2.8485,1055984,0.88,8.6,15.0,2.67,8.55,1,0.21,0.27,-0.06
Day-608,google/gemma-3-27b-it,ENTJ,memory,flat,123,0.92,flat,108.59,108.94750191075886,10501.395457362089,0.0,96.70683725354165,BUY,0.95,"The price is trending upwards, confirmed by the SMA20 and SMA60. RSI is healthy, indicating room for further growth, and the volume ratio suggests sustained interest. Momentum is key, and this presents a strong buying opportunity.",101.98,93.86,62.3,3.1258,1258987,1.04,7.5,15.0,2.68,8.65,1,0.47,0.18,0.29
Day-609,google/gemma-3-27b-it,ENTJ,memory,flat,123,0.92,flat,106.84,106.64361546680048,10332.15849216839,0.0,96.70683725354165,BUY,0.95,"The price is trending upwards, confirmed by the SMA20 and SMA60. Momentum is key, and this setup presents a clear opportunity for growth. A high allocation is justified given the positive trend.",102.71,94.39,53.9,3.1681,1068486,0.89,7.5,15.0,2.66,8.81,1,0.23,0.21,0.02
Day-610,google/gemma-3-27b-it,ENTJ,memory,flat,123,0.92,flat,108.03,107.56225975209136,10447.239628500105,0.0,96.70683725354165,BUY,0.9,"The price is trending upwards, confirmed by the SMA20 and SMA60. Despite negative news sentiment, the momentum is positive, aligning with my growth mandate. I will allocate a significant portion of available capital to capitalize on this upward trajectory.",103.44,94.92,54.0,3.26,1327065,1.09,7.5,15.1,2.66,8.98,1,-0.51,0.13,-0.65
Day-611,google/gemma-3-27b-it,ENTJ,memory,flat,123,0.92,flat,107.77,107.69645606696434,10422.095850814183,0.0,96.70683725354165,BUY,0.9,"The price is trending upwards, supported by the SMA20 and SMA60. RSI is neutral, indicating room for growth, and the volume ratio suggests increasing interest. Momentum is key, and this presents a clear buying opportunity.",104.04,95.42,54.1,3.2741,1368182,1.12,7.5,15.0,2.66,9.03,1,-0.02,0.08,-0.09
Day-612,google/gemma-3-27b-it,ENTJ,memory,flat,123,0.92,flat,108.15,108.33362104378257,10458.84444897053,0.0,96.70683725354165,BUY,0.85,"The price is trending upwards, confirmed by the SMA20 and SMA60. Momentum is key, and the current indicators suggest a continued upward trajectory, justifying a significant buy to capitalize on potential gains.",104.4,95.94,56.6,3.278,1400670,1.13,10.4,15.0,2.67,8.82,1,0.39,0.11,0.28
Day-613,google/gemma-3-27b-it,ENTJ,memory,flat,123,0.92,flat,111.07,111.8807948593532,10741.22841375087,0.0,96.70683725354165,BUY,0.9,"The price is trending upwards, confirmed by the SMA20 and SMA60. RSI is high but within acceptable limits for a momentum strategy, indicating strong buying pressure. This aligns with my mandate to chase growth and capitalize on upward trends.",104.85,96.51,70.3,3.4766,1396636,1.12,10.5,14.9,2.69,8.64,1,0.51,0.12,0.39
Day-614,google/gemma-3-27b-it,ENTJ,memory,flat,123,0.92,flat,112.63,113.23217235593566,10892.091079866395,0.0,96.70683725354165,BUY,0.85,"The price is trending upwards, confirmed by the SMA20 and SMA60. Despite negative news sentiment, the momentum indicators suggest a continued upward trajectory, aligning with my growth mandate. A substantial position is warranted given the positive trend.",105.39,97.15,68.9,3.717,1438926,1.15,11.9,14.9,2.68,8.48,1,-0.25,0.02,-0.27
Day-615,google/gemma-3-27b-it,ENTJ,memory,flat,123,0.92,flat,110.83,110.69623466915914,10718.01877281002,0.0,96.70683725354165,BUY,0.9,"The price is trending upwards, confirmed by the SMA20 and SMA60. Despite the high RSI, the momentum is strong and aligns with my growth mandate. I will allocate a significant portion of available capital to capitalize on this upward trajectory.",105.69,97.76,71.7,3.7192,1430865,1.14,11.6,15.0,2.66,8.11,1,-0.06,0.11,-0.18
Day-616,google/gemma-3-27b-it,ENTJ,memory,flat,123,0.92,flat,112.28,111.91728164360524,10858.243686827656,0.0,96.70683725354165,BUY,0.85,"The price is trending upwards, supported by the SMA20 and SMA60. While the RSI is high, the momentum is strong and aligns with my growth mandate, justifying a significant position.",106.0,98.34,70.5,3.7944,1405068,1.12,8.6,15.0,2.66,7.79,1,0.2,0.16,0.04
Day-617,google/gemma-3-27b-it,ENTJ,memory,flat,123,0.92,flat,110.96,111.0241398896467,10730.590661652981,0.0,96.70683725354165,BUY,0.8,"The price is trending upwards, confirmed by the SMA20 and SMA60. Despite the RSI being overbought, the momentum is strong and aligns with my growth mandate. I will allocate a significant portion of available capital to capitalize on this upward trajectory.",106.27,98.86,71.0,3.705,1124737,0.9,8.3,15.0,2.67,7.49,1,-0.12,0.05,-0.18
Day-618,google/gemma-3-27b-it,ENTJ,memory,flat,123,0.92,flat,109.55,110.01102133739352,10594.234021125487,0.0,96.70683725354165,BUY,0.9,"The price is trending upwards, confirmed by the SMA20 and SMA60. Despite slightly overbought RSI, the momentum is strong and aligns with my growth mandate. I will allocate a significant portion of available capital to capitalize on this upward trajectory.",106.51,99.37,65.9,3.48,1437772,1.13,9.3,14.9,2.68,7.18,1,-0.08,-0.06,-0.01
Day-619,google/gemma-3-27b-it,ENTJ,memory,flat,123,0.92,flat,112.07,112.37007904001783,10837.935251004412,0.0,96.70683725354165,BUY,0.85,"The price is trending upwards, confirmed by the SMA20 and SMA60. Despite the RSI being high, the momentum is strong and aligns with my growth mandate; a calculated risk is warranted to capitalize on potential gains.",107.06,99.91,72.6,3.4652,1242873,0.97,10.3,15.0,2.67,7.15,1,0.27,0.04,0.23
Day-620,google/gemma-3-27b-it,ENTJ,memory,flat,123,0.92,flat,110.83,111.05781278771958,10718.01877281002,0.0,96.70683725354165,BUY,0.9,"The 20-day SMA is above the 60-day SMA, indicating an upward trend. RSI is moderately high, suggesting continued momentum, and news sentiment is slightly positive. This aligns with my mandate to chase growth and buy into uptrends.",107.41,100.42,65.3,3.3148,1067607,0.85,12.1,15.0,2.67,6.96,1,0.3,0.11,0.19
Day-621,google/gemma-3-27b-it,ENTJ,memory,flat,123,0.92,flat,109.53,110.25063733186961,10592.299884380416,0.0,96.70683725354165,BUY,0.35,"The 20-day SMA is above the 60-day SMA, indicating an upward trend. Momentum is positive with an RSI of 60.5, and volume is slightly elevated. This aligns with my mandate to chase growth and buy into upward trends.",107.84,100.87,60.5,3.0559,1404822,1.11,11.2,14.9,2.68,6.91,1,0.34,0.14,0.2
Day-622,google/gemma-3-27b-it,ENTJ,memory,flat,123,0.92,flat,110.25,110.35522050428901,10661.928807202967,0.0,96.70683725354165,BUY,0.9,"The price is above both the 20 and 60-day Simple Moving Averages, indicating a clear upward trend. Momentum is positive, and as a Momentum Commander, I prioritize capitalizing on established trends for growth.",108.19,101.34,54.2,2.8755,1405249,1.1,10.2,15.0,2.67,6.75,1,0.15,0.2,-0.05
Day-623,google/gemma-3-27b-it,ENTJ,memory,flat,123,0.92,flat,112.76,112.49718038896248,10904.662968709357,0.0,96.70683725354165,BUY,0.8,"The price is above both the 20 and 60-day Simple Moving Averages, indicating a clear upward trend. Despite negative news sentiment, the RSI at 64.4 suggests room for further growth, aligning with my momentum-focused strategy. I will allocate a significant portion of available capital to capitalize on this opportunity.",108.73,101.86,64.4,2.902,1219179,0.94,9.0,15.0,2.66,6.74,1,-0.3,0.15,-0.46
Day-624,google/gemma-3-27b-it,ENTJ,memory,flat,123,0.92,flat,113.38,113.84751373312274,10964.621207806551,0.0,96.70683725354165,BUY,0.9,"The 20 and 60-day SMAs indicate a clear upward trend. RSI is healthy, suggesting continued momentum, and the volume ratio is slightly elevated. This aligns with my mandate to chase growth and capitalize on upward trends.",109.28,102.36,63.4,2.939,1356789,1.05,8.3,14.9,2.68,6.76,1,-0.04,0.09,-0.13
Day-625,google/gemma-3-27b-it,ENTJ,memory,flat,123,0.92,flat,113.18,113.34901147742949,10945.279840355844,0.0,96.70683725354165,BUY,0.9,"The 20-day SMA is above the 60-day SMA, indicating an upward trend. Despite negative news sentiment, the RSI is healthy and suggests continued momentum. I am initiating a large position to capitalize on this growth opportunity.",109.87,102.84,63.5,2.9181,1053957,0.82,9.2,15.0,2.67,6.84,1,-0.3,-0.03,-0.27
Day-626,google/gemma-3-27b-it,ENTJ,memory,flat,123,0.92,flat,111.77,112.76749432152566,10808.92319982835,0.0,96.70683725354165,BUY,0.9,"The 20/60 SMA indicates a strong upward trend. RSI is healthy, suggesting room for further growth, and my mandate is to chase momentum. I will allocate a significant portion of available capital to capitalize on this opportunity.",110.26,103.25,58.6,2.7566,1060799,0.83,14.7,14.9,2.69,6.79,1,-0.15,-0.13,-0.02
Day-627,google/gemma-3-27b-it,ENTJ,memory,flat,123,0.92,flat,109.84,110.21417667358375,10622.279003929016,0.0,96.70683725354165,BUY,0.92,"The 20-day SMA is above the 60-day SMA, indicating an upward trend. Despite a neutral RSI, the overall momentum suggests a buying opportunity to capitalize on continued growth. I am allocating a significant portion of available capital to maximize potential gains.",110.52,103.58,46.9,2.4441,1199157,0.93,13.8,14.9,2.68,6.69,1,0.17,-0.12,0.3
Day-628,google/gemma-3-27b-it,ENTJ,memory,flat,123,0.92,flat,108.53,108.58451736360965,10495.593047126875,0.0,96.70683725354165,BUY,0.85,"The 20-day SMA is above the 60-day SMA, indicating an upward trend. Despite the RSI being below 50, the overall momentum suggests a buying opportunity to capitalize on potential gains. I am allocating a significant portion of available capital to maximize potential growth.",110.51,103.89,39.6,2.0674,1118347,0.88,10.5,15.0,2.67,6.38,1,0.05,-0.05,0.1
Day-629,google/gemma-3-27b-it,ENTJ,memory,flat,123,0.92,flat,107.62,107.20481995656834,10407.589825226152,0.0,96.70683725354165,BUY,0.95,"The 20-day SMA is above the 60-day SMA, indicating an upward trend. News sentiment is positive, and while RSI is neutral, the overall momentum suggests a buying opportunity to capitalize on potential gains.",110.55,104.2,41.5,1.6756,1432580,1.11,12.1,15.1,2.66,6.1,1,0.66,0.09,0.58
Day-630,google/gemma-3-27b-it,ENTJ,memory,flat,123,0.92,flat,107.06,106.91727355355852,10353.433996364169,0.0,96.70683725354165,BUY,0.9,"The 20-day SMA is above the 60-day SMA, indicating an upward trend. Despite the RSI being relatively low, the overall momentum suggests a buying opportunity to capitalize on potential gains. I am allocating 90% of available capital.",110.5,104.42,35.5,1.3051,1432281,1.1,9.4,15.0,2.66,5.83,1,0.08,0.16,-0.08
Day-631,google/gemma-3-27b-it,ENTJ,memory,flat,123,0.92,flat,110.7,111.28457416945052,10705.44688396706,0.0,96.70683725354165,BUY,0.9,"The 20/60 SMA indicates a strong upward trend. RSI is neutral, allowing for further gains, and the positive, albeit small, news sentiment supports continued momentum. I am allocating a significant portion of available capital to capitalize on this trend.",110.65,104.7,49.4,1.2903,1069972,0.83,14.8,14.9,2.68,5.68,1,0.12,0.22,-0.09
Day-632,google/gemma-3-27b-it,ENTJ,memory,flat,123,0.92,flat,109.87,109.82423927541431,10625.18020904662,0.0,96.70683725354165,BUY,0.9,"The 20-day SMA is above the 60-day SMA, indicating an upward trend. Despite slightly negative news sentiment, the RSI is neutral, and the overall momentum suggests a buying opportunity to capitalize on potential growth. I am deploying 90% of available capital.",110.74,104.99,50.8,1.1979,1155487,0.91,14.6,15.0,2.67,5.47,1,-0.01,0.18,-0.19
Day-633,google/gemma-3-27b-it,ENTJ,memory,flat,123,0.92,flat,109.06,109.20913151882476,10546.847670871253,0.0,96.70683725354165,BUY,0.93,"The 20-day SMA is above the 60-day SMA, indicating an upward trend. Despite the RSI being below 50, the overall momentum suggests a buying opportunity to capitalize on potential gains. I am allocating a significant portion of available capital to maximize growth.",110.64,105.33,41.6,1.0475,1225283,0.97,13.0,15.0,2.67,5.04,1,0.23,0.22,0.01
Day-634,google/gemma-3-27b-it,ENTJ,memory,flat,123,0.92,flat,104.84,104.84852753200984,10138.744817661307,0.0,96.70683725354165,BUY,0.9,"The 20-day SMA is above the 60-day SMA, indicating an upward trend. Despite the RSI being below 50, the overall momentum suggests a buying opportunity to capitalize on potential gains. I am allocating a significant portion of available capital to maximize growth.",110.25,105.53,35.7,0.581,1061652,0.85,13.1,15.0,2.67,4.47,1,0.5,0.18,0.31
Day-635,google/gemma-3-27b-it,ENTJ,memory,flat,123,0.92,flat,106.08,106.14734070187588,10258.661295855698,0.0,96.70683725354165,BUY,0.95,"The 20-day SMA is above the 60-day SMA, indicating an upward trend. Despite the RSI being below 50, the overall momentum suggests a buying opportunity to capitalize on potential gains. I am allocating a significant portion of available capital to maximize growth.",110.01,105.75,41.8,0.3078,1059709,0.86,9.7,15.0,2.67,4.02,1,0.05,0.18,-0.13
Day-636,google/gemma-3-27b-it,ENTJ,memory,flat,123,0.92,flat,102.99,102.88163572298441,9959.837168742253,0.0,96.70683725354165,BUY,0.95,"The 20-day SMA is above the 60-day SMA, indicating an upward trend. Despite the RSI being in neutral territory, the overall momentum suggests a buying opportunity to capitalize on continued growth. I am allocating a significant portion of available funds to maximize potential gains.",109.54,105.94,34.4,-0.1566,1237333,1.02,10.1,15.0,2.66,3.4,1,0.46,0.25,0.21
Day-637,google/gemma-3-27b-it,ENTJ,memory,flat,123,0.92,flat,101.12,101.06333194097694,9778.995383078132,0.0,96.70683725354165,BUY,0.95,"The 20-day SMA is above the 60-day SMA, indicating an upward trend. Despite the negative news sentiment and low RSI, the primary mandate is to chase momentum, and the trend suggests a buying opportunity. A large position is warranted given the positive trend.",109.05,106.07,24.3,-0.6675,1303562,1.06,9.9,15.0,2.67,2.81,1,-0.03,0.24,-0.27
Day-638,google/gemma-3-27b-it,ENTJ,memory,flat,123,0.92,flat,103.69,103.22324569007996,10027.531954819733,0.0,96.70683725354165,BUY,0.9,"The 20-day SMA is above the 60-day SMA, indicating an upward trend. Despite the RSI being oversold, the overall momentum suggests a buying opportunity to capitalize on potential gains. I am deploying a significant portion of available capital to maximize growth.",108.76,106.26,30.3,-0.855,1084311,0.9,16.3,15.1,2.65,2.36,1,0.32,0.26,0.06
Day-639,google/gemma-3-27b-it,ENTJ,memory,flat,123,0.92,flat,99.05,98.99759016058337,9578.8122299633,0.0,96.70683725354165,HOLD,0.0,"The trend indicator is flat, indicating no clear momentum. While the RSI is low, suggesting a potential reversal, the negative news sentiment and low volume ratio prevent a decisive buy signal. Maintaining current position until a clear upward trend emerges.",108.11,106.4,25.7,-1.3628,1076698,0.9,13.0,15.0,2.67,1.61,0,-0.02,0.16,-0.18
Day-640,google/gemma-3-27b-it,ENTJ,memory,flat,123,0.92,flat,100.06,99.21745101151345,9676.486135589377,0.0,96.70683725354165,HOLD,0.0,"The trend indicators (SMA20/60) are flat, indicating no clear momentum. While the RSI is low, suggesting a potential reversal, the lack of a defined upward trend prevents a buy signal. Maintaining current position until a clear trend emerges.",107.57,106.53,29.5,-1.6648,1349829,1.11,14.9,15.1,2.64,0.98,0,-0.03,0.14,-0.17
Day-641,google/gemma-3-27b-it,ENTJ,memory,flat,123,0.92,flat,101.05,100.84982298894336,9772.225904470384,0.0,96.70683725354165,HOLD,0.0,"The 20 and 60 SMA are nearly identical, indicating a lack of clear momentum. RSI is neutral, and negative news sentiment slightly offsets the volume ratio. A decisive move is needed before committing capital.",107.15,106.63,34.1,-1.8031,1458321,1.2,11.6,15.0,2.66,0.48,0,-0.61,-0.07,-0.53
Day-642,google/gemma-3-27b-it,ENTJ,memory,flat,123,0.92,flat,104.56,104.00525159123401,10111.666903230314,0.0,96.70683725354165,HOLD,0.0,"The trend indicators (SMA20/60) are flat, indicating no clear momentum. While the RSI is neutral, the negative news sentiment and low volume ratio suggest caution. Maintaining current position until a definitive trend emerges.",106.86,106.7,43.4,-1.6109,1000623,0.84,11.2,15.1,2.65,0.15,0,-0.54,-0.18,-0.36
Day-643,google/gemma-3-27b-it,ENTJ,memory,flat,123,0.92,flat,102.5,102.13950059246666,9912.45081848802,0.0,96.70683725354165,HOLD,0.0,"The 20 and 60-day SMAs are nearly identical, indicating a stalled trend. RSI is neutral, and news sentiment is slightly negative, but not enough to trigger a sell. Maintaining current position pending a clear directional signal.",106.35,106.71,41.8,-1.6059,1382567,1.15,15.2,15.1,2.66,-0.34,0,-0.04,-0.25,0.21
Day-644,google/gemma-3-27b-it,ENTJ,memory,flat,123,0.92,flat,100.65,100.90293697959483,9733.543169568968,0.0,96.70683725354165,HOLD,0.0,"The 20 and 60 day SMAs are converging, indicating a potential shift but not a confirmed trend. RSI is neutral, and volume is slightly below average. Maintaining current position pending a clearer signal.",105.71,106.69,40.1,-1.7318,1005499,0.85,11.4,15.0,2.67,-0.92,0,0.23,-0.2,0.42
Day-645,google/gemma-3-27b-it,ENTJ,memory,flat,123,0.92,flat,105.07,104.6422888702305,10160.98739022962,0.0,96.70683725354165,HOLD,0.0,"The 20/60 SMA crossover is not yet confirmed, indicating a lack of strong upward momentum. While the RSI is approaching oversold territory, the negative news sentiment and relatively low volume ratio suggest caution. Maintaining current position pending clearer signals.",105.31,106.69,41.5,-1.458,1470469,1.22,10.3,15.1,2.66,-1.3,0,-0.01,-0.19,0.18
Day-646,google/gemma-3-27b-it,ENTJ,memory,flat,123,0.92,flat,105.06,104.62123665707692,10160.020321857086,0.0,96.70683725354165,HOLD,0.0,"The 20/60 SMA crossover is neutral, indicating no clear momentum. RSI is neutral, and news sentiment is slightly negative, but not enough to trigger a sell. Maintaining current position pending a definitive trend signal.",104.97,106.68,42.5,-1.2279,1173640,0.97,11.0,15.1,2.66,-1.6,0,-0.25,-0.12,-0.13
Day-647,google/gemma-3-27b-it,ENTJ,memory,flat,123,0.92,flat,102.16,103.12287925593814,9879.570493821815,0.0,96.70683725354165,HOLD,0.0,"The 20/60 SMA indicates a downtrend, and the RSI is approaching oversold territory. While news sentiment is negative, a clear reversal signal is needed before initiating a buy or sell. Maintaining current position until a definitive trend emerges.",104.59,106.61,40.0,-1.265,1384731,1.13,10.1,14.9,2.69,-1.89,0,-0.29,-0.07,-0.22
Day-648,google/gemma-3-27b-it,ENTJ,memory,flat,123,0.92,flat,101.52,101.68416246023301,9817.678117979547,0.0,96.70683725354165,HOLD,0.0,"The 20/60 SMA trend is negative, indicating a weakening momentum. While the RSI isn't overbought, the negative trend overrides any potential for a buy signal given my mandate. Maintaining current position and awaiting a clearer signal.",104.24,106.54,44.6,-1.3307,1261274,1.02,9.2,15.0,2.67,-2.16,-1,0.23,-0.02,0.25
Day-649,google/gemma-3-27b-it,ENTJ,memory,flat,123,0.92,flat,100.14,99.75532486345658,9684.222682569662,0.0,96.70683725354165,HOLD,0.0,"The 20 and 60 day SMAs are trending down, indicating a weakening momentum. While the RSI is approaching oversold territory, the negative news sentiment and declining SMAs outweigh potential for immediate gains. Maintaining current position and awaiting clearer signals.",103.86,106.52,40.4,-1.4766,1184154,0.97,8.0,15.1,2.66,-2.5,-1,-0.31,-0.13,-0.18
Day-650,google/gemma-3-27b-it,ENTJ,memory,flat,123,0.92,flat,99.38,98.91164652641012,9610.725486256968,0.0,96.70683725354165,HOLD,0.0,"The 20 and 60 day SMAs are trending down, indicating a weakening momentum. While the RSI isn't deeply oversold, the negative trend overrides any potential for a buy signal given my mandate. Maintaining current position and awaiting a clearer trend reversal.",103.48,106.44,43.7,-1.6347,1193230,0.99,13.4,15.1,2.65,-2.78,-1,0.25,-0.07,0.32
Day-651,google/gemma-3-27b-it,ENTJ,memory,flat,123,0.92,flat,100.42,101.11832864753526,9711.300597000652,0.0,96.70683725354165,HOLD,0.0,"The 20-day SMA is trending down relative to the 60-day SMA, indicating a weakening momentum. While the RSI is neutral, the negative trend signal overrides any potential for a buy. Maintaining current position until a clear upward trend emerges.",102.96,106.42,48.7,-1.6569,1342750,1.1,14.3,14.9,2.69,-3.25,-1,0.21,0.02,0.19
Day-652,google/gemma-3-27b-it,ENTJ,memory,flat,123,0.92,flat,103.38,102.96063422927853,9997.552835271135,0.0,96.70683725354165,BUY,0.95,"The 20-day SMA is below the 60-day SMA, indicating a downtrend, but the price is currently above both. Momentum is key, and a potential reversal is forming; a decisive buy now will capitalize on this shift.",102.64,106.42,49.4,-1.4197,1441485,1.17,14.6,15.1,2.66,-3.56,-1,0.45,0.17,0.28
Day-653,google/gemma-3-27b-it,ENTJ,memory,flat,123,0.92,flat,101.41,100.6009113903093,9807.040365881658,0.0,96.70683725354165,HOLD,0.0,"The 20-day SMA is trending downwards relative to the 60-day SMA, indicating a weakening momentum. While the RSI is neutral, the negative trend signal overrides any potential for immediate gains. Maintaining current position to observe further developments.",102.26,106.41,54.6,-1.3743,1404105,1.13,14.1,15.1,2.65,-3.91,-1,0.74,0.27,0.47
Day-654,google/gemma-3-27b-it,ENTJ,memory,flat,123,0.92,flat,101.28,101.06390491264305,9794.468477038698,0.0,96.70683725354165,HOLD,0.0,"The 20-day SMA is trending down relative to the 60-day SMA, indicating a weakening momentum. While the RSI is neutral, the negative news sentiment and volume ratio suggest potential for further decline. Maintaining current position until a clear reversal emerges.",102.08,106.39,52.5,-1.3335,1172321,0.94,10.9,15.0,2.66,-4.05,-1,-0.08,0.31,-0.39
Day-655,google/gemma-3-27b-it,ENTJ,memory,flat,123,0.92,flat,99.76,100.2843693622719,9647.474084413316,0.0,96.70683725354165,HOLD,0.0,"The 20 and 60-day SMAs are declining, indicating a weakening trend. While not a definitive sell signal yet, the negative trend warrants holding and observing further price action before committing additional capital. Momentum is currently insufficient for a buy.",101.76,106.36,47.4,-1.4079,1381181,1.09,10.7,14.9,2.68,-4.32,-1,-0.03,0.26,-0.29
Day-656,google/gemma-3-27b-it,ENTJ,memory,flat,123,0.92,flat,101.67,101.89660799055487,9832.18414356758,0.0,96.70683725354165,HOLD,0.0,"The 20-day SMA is below the 60-day SMA, indicating a downtrend. While the RSI is not overbought, the negative trend overrides any potential for a momentum-based buy. Maintaining current position until a clear upward trend emerges.",101.7,106.31,43.9,-1.2979,1084708,0.86,8.7,15.0,2.67,-4.34,-1,0.43,0.3,0.13
Day-657,google/gemma-3-27b-it,ENTJ,memory,flat,123,0.92,flat,101.83,101.60893330410022,9847.657237528147,0.0,96.70683725354165,HOLD,0.0,"The 20-day SMA is trending down relative to the 60-day SMA, indicating a weakening momentum. While not a definitive sell signal, it warrants caution and a hold position until a clearer trend emerges. Maintaining current holdings allows for observation without risking capital.",101.73,106.26,48.5,-1.1838,1000456,0.81,16.8,15.0,2.66,-4.26,-1,-0.01,0.21,-0.22
Day-658,google/gemma-3-27b-it,ENTJ,memory,flat,123,0.92,flat,102.31,102.39746445698124,9894.076519409846,0.0,96.70683725354165,HOLD,0.0,"The 20-day SMA is trending downwards relative to the 60-day SMA, indicating a weakening momentum. While the RSI is neutral, the negative news sentiment and lack of strong volume suggest caution. Maintaining current position until a clear upward trend emerges.",101.66,106.13,54.1,-1.0429,1344571,1.07,12.3,15.0,2.67,-4.21,-1,-0.47,-0.03,-0.44
Day-659,google/gemma-3-27b-it,ENTJ,memory,flat,123,0.92,flat,102.48,102.10379020886174,9910.516681742949,0.0,96.70683725354165,BUY,0.95,"The 20-day SMA is below the 60-day SMA, indicating a downtrend, but the price is currently above the 20-day SMA. This suggests a potential trend reversal, and as a Momentum Commander, I will capitalize on this potential upward swing with a significant position.",101.83,106.04,41.9,-0.9067,1042084,0.83,8.9,15.1,2.66,-3.97,-1,-0.23,-0.06,-0.17
Day-660,google/gemma-3-27b-it,ENTJ,memory,flat,123,0.92,flat,97.95,97.76319025035323,9472.434708984405,0.0,96.70683725354165,HOLD,0.0,"The 20-day SMA is trending down relative to the 60-day SMA, indicating a weakening momentum. While the RSI suggests a potential for a bounce, the overall trend is concerning. Maintaining current position until a clear upward trend emerges.",101.73,105.84,32.7,-1.1512,1201861,0.96,7.7,15.0,2.66,-3.89,-1,0.12,-0.03,0.15
Day-661,google/gemma-3-27b-it,ENTJ,memory,flat,123,0.92,flat,98.74,97.88449658495371,9548.833110414702,0.0,96.70683725354165,HOLD,0.0,"The 20/60 SMA trend is negative, indicating weakening momentum. While the RSI suggests potential for a bounce, my mandate prioritizes established upward trends, which are absent here. Maintaining current position until a clear upward trend emerges.",101.61,105.66,40.7,-1.267,1409478,1.13,13.0,15.1,2.64,-3.83,-1,-0.36,-0.19,-0.17
Day-662,google/gemma-3-27b-it,ENTJ,memory,flat,123,0.92,flat,95.81,95.45483830459466,9265.482077261826,0.0,96.70683725354165,HOLD,0.0,"The 20 and 60-day SMAs are declining, indicating a weakening trend. While the RSI suggests potential for a bounce, the overall momentum is negative, and my mandate prioritizes chasing upward trends. Maintaining current position until a clear upward shift occurs.",101.18,105.41,36.2,-1.5772,1192296,0.95,10.3,15.1,2.66,-4.02,-1,0.61,-0.07,0.67
Day-663,google/gemma-3-27b-it,ENTJ,memory,flat,123,0.92,flat,97.07,96.92096053881308,9387.332692201288,0.0,96.70683725354165,HOLD,0.0,"The 20-day SMA is trending down relative to the 60-day SMA, indicating weakening momentum. While the RSI isn't deeply oversold, the negative trend signal overrides any potential for a buy. Maintaining current position and awaiting a clearer signal.",100.9,105.13,42.6,-1.7011,1026394,0.83,8.3,15.0,2.66,-4.02,-1,0.39,0.1,0.29
Day-664,google/gemma-3-27b-it,ENTJ,memory,flat,123,0.92,flat,95.51,95.64077527024072,9236.470026085763,0.0,96.70683725354165,HOLD,0.0,"The 20/60 SMA trend is negative, indicating a weakening momentum. While the RSI suggests potential for a bounce, my mandate prioritizes established upward trends. I will await confirmation of a trend reversal before initiating a position.",100.65,104.79,41.0,-1.9035,1008973,0.82,12.5,15.0,2.67,-3.96,-1,-0.28,0.09,-0.37
Day-665,google/gemma-3-27b-it,ENTJ,memory,flat,123,0.92,flat,95.03,94.51882259501738,9190.050744204063,0.0,96.70683725354165,HOLD,0.0,"The 20/60 SMA trend is negative, indicating a weakening momentum. While the RSI suggests potential for a bounce, my mandate prioritizes established upward trends, which are currently absent. Maintaining current position until a clear upward trend emerges.",100.15,104.48,37.1,-2.0784,1453565,1.18,11.0,15.1,2.65,-4.15,-1,-0.26,0.02,-0.27
Day-666,google/gemma-3-27b-it,ENTJ,memory,flat,123,0.92,flat,94.53,94.53034925382352,9141.697325577292,0.0,96.70683725354165,BUY,0.1,"The RSI is deeply oversold at 26.0, suggesting a potential reversal. While the short-term trend is down, my mandate prioritizes growth and capitalizing on momentum shifts; a bounce is anticipated.",99.62,104.12,26.0,-2.2317,1409741,1.13,8.5,15.0,2.67,-4.32,-1,0.04,0.1,-0.06
Day-667,google/gemma-3-27b-it,ENTJ,memory,flat,123,0.92,flat,95.4,95.65775965923528,9225.832273987873,0.0,96.70683725354165,HOLD,0.0,"The 20 and 60-day SMAs are trending downwards, indicating a weakening momentum. While the RSI suggests a potential for a bounce, the negative news sentiment and overall trend outweigh this signal. Maintaining current position until a clear upward trend emerges.",99.28,103.81,32.6,-2.2571,1326993,1.07,7.5,15.0,2.67,-4.36,-1,-0.13,-0.05,-0.08
Day-668,google/gemma-3-27b-it,ENTJ,memory,flat,123,0.92,flat,95.37,95.36216836578969,9222.931068870268,0.0,96.70683725354165,HOLD,0.0,"The 20/60 SMA crossover is negative, indicating a downtrend. While the RSI suggests potential for a bounce, my mandate prioritizes momentum, and current trends are unfavorable. Maintaining current position until a clear upward trend emerges.",98.97,103.53,32.8,-2.2534,1004238,0.82,7.5,15.0,2.67,-4.4,-1,-0.03,-0.13,0.1
Day-669,google/gemma-3-27b-it,ENTJ,memory,flat,123,0.92,flat,98.55,98.57578046778744,9530.45881133653,0.0,96.70683725354165,HOLD,0.0,"The 20-day SMA is trending down relative to the 60-day SMA, indicating a weakening momentum. While the RSI isn't deeply oversold, the negative trend signal overrides any potential for a buy. Maintaining current position until a clear upward trend emerges.",98.9,103.26,46.8,-1.9712,1382117,1.11,7.5,15.0,2.67,-4.22,-1,0.2,-0.03,0.24
Day-670,google/gemma-3-27b-it,ENTJ,memory,flat,123,0.92,flat,101.66,101.91121106729162,9831.217075195043,0.0,96.70683725354165,HOLD,0.0,"The 20-day SMA is trending down relative to the 60-day SMA, indicating a weakening momentum. While the RSI is neutral, the negative news sentiment and volume ratio slightly below 1 suggest caution. Maintaining current position until a clearer trend emerges.",99.01,103.07,50.0,-1.4796,1216166,0.98,7.5,15.0,2.67,-3.94,-1,-0.06,0.01,-0.06
Day-671,google/gemma-3-27b-it,ENTJ,memory,flat,123,0.92,flat,105.84,105.50003939282371,10235.451654914848,0.0,96.70683725354165,BUY,0.95,"The RSI is neutral, but the price is above both the 20 and 60-day SMAs, indicating a potential upward trend. My mandate is growth through momentum, and this presents a buying opportunity to capitalize on a possible rally.",99.28,103.0,58.3,-0.7444,1041512,0.85,12.3,15.0,2.66,-3.61,-1,0.43,0.08,0.35
Day-672,google/gemma-3-27b-it,ENTJ,memory,flat,123,0.92,flat,104.99,105.0382901541026,10153.250843249338,0.0,96.70683725354165,HOLD,0.0,"The 20-day SMA is below the 60-day SMA, indicating a downtrend. While the RSI is neutral, the negative trend signal overrides any potential for a momentum-based buy. Maintaining current position until a clear upward trend emerges.",99.36,102.89,55.5,-0.2276,1377782,1.13,10.2,15.0,2.67,-3.43,-1,0.26,0.16,0.1
Day-673,google/gemma-3-27b-it,ENTJ,memory,flat,123,0.92,flat,102.17,102.0013228884232,9880.537562194351,0.0,96.70683725354165,HOLD,0.0,"The 20-day SMA is trending down relative to the 60-day SMA, indicating a weakening momentum. While the RSI is neutral, the negative trend signal overrides any potential for a buy. Maintaining current position and awaiting a clearer signal.",99.4,102.68,49.4,-0.0454,1346810,1.1,12.6,15.0,2.66,-3.2,-1,0.31,0.23,0.08
Day-674,google/gemma-3-27b-it,ENTJ,memory,flat,123,0.92,flat,104.22,104.5522925039236,10078.786578564112,0.0,96.70683725354165,HOLD,0.0,"The 20-day SMA is below the 60-day SMA, indicating a downtrend. While the RSI is neutral, the negative news sentiment and declining trend override any potential for a momentum-based buy. Maintaining current position.",99.55,102.5,62.7,0.2617,1106285,0.91,12.8,15.0,2.68,-2.88,-1,-0.35,0.12,-0.46
Day-675,google/gemma-3-27b-it,ENTJ,memory,flat,123,0.92,flat,103.65,103.71642033221804,10023.663681329592,0.0,96.70683725354165,HOLD,0.0,"The 20-day SMA is trending down relative to the 60-day SMA, indicating a weakening momentum. While the RSI is neutral, the negative news sentiment and volume ratio suggest potential for further decline. Maintaining current position until a clear upward trend emerges.",99.74,102.31,60.1,0.4542,1162326,0.96,11.4,15.0,2.67,-2.51,-1,-0.43,0.04,-0.47
Day-676,google/gemma-3-27b-it,ENTJ,memory,flat,123,0.92,flat,104.04,103.82676337841178,10061.379347858474,0.0,96.70683725354165,HOLD,0.0,"The 20-day SMA is trending down relative to the 60-day SMA, indicating a weakening momentum. While the RSI is not overbought, the negative news sentiment and declining trend suggest caution. Maintaining current position until a clear reversal emerges.",99.86,102.15,68.9,0.6309,1480894,1.21,8.5,15.0,2.66,-2.25,-1,-0.01,-0.04,0.04
Day-677,google/gemma-3-27b-it,ENTJ,memory,flat,123,0.92,flat,105.11,105.17127120152048,10164.855663719763,0.0,96.70683725354165,HOLD,0.0,"The 20 and 60 SMA are essentially flat, indicating a lack of strong momentum. RSI is nearing overbought territory, but not decisively. Maintaining current position until a clear trend emerges.",100.02,102.06,68.6,0.8472,1058131,0.86,7.5,15.0,2.67,-2.0,0,0.54,0.01,0.52
Day-678,google/gemma-3-27b-it,ENTJ,memory,flat,123,0.92,flat,101.79,101.88059064580781,9843.788964038005,0.0,96.70683725354165,HOLD,0.0,"The 20/60 SMA crossover is neutral, indicating a lack of strong momentum. While the RSI is moderately positive, the news sentiment is weak. Maintaining current position until a clear trend emerges.",100.0,101.92,63.4,0.7421,1407856,1.14,7.5,15.0,2.67,-1.89,0,0.36,0.02,0.34
Day-679,google/gemma-3-27b-it,ENTJ,memory,flat,123,0.92,flat,106.2,105.28635953464489,10270.266116326124,10270.266116326124,0.0,SELL,1.0,"RSI is overbought at 70.4, indicating a potential trend reversal. While the SMA trend is neutral, the overbought condition warrants exiting the position to protect gains and await a clearer signal. Momentum is fading.",100.18,101.9,70.4,1.0034,1325350,1.06,12.6,15.1,2.64,-1.68,0,0.22,0.14,0.09
Day-680,google/gemma-3-27b-it,ENTJ,memory,flat,123,0.92,flat,107.3,107.17715485701014,10270.266116326124,10270.266116326124,0.0,HOLD,0.0,"The trend indicators (SMA20/60) are flat, indicating no clear momentum. While RSI is high, it doesn't override the lack of a defined trend. Maintaining current position until a clear signal emerges.",100.65,101.9,72.9,1.2845,1112236,0.9,12.0,15.0,2.66,-1.23,0,0.37,0.3,0.08
Day-681,google/gemma-3-27b-it,ENTJ,memory,flat,123,0.92,flat,108.3,107.9673158053691,10270.266116326124,10270.266116326124,0.0,HOLD,0.0,"The RSI is high at 73.0, indicating a potential overbought condition and a possible pullback. While the trend indicators are neutral, the negative news sentiment (-0.33) adds to the caution. Maintaining current position and awaiting clearer signals.",101.13,101.85,73.0,1.5694,1284640,1.04,13.5,15.0,2.66,-0.71,0,-0.33,0.23,-0.57
Day-682,google/gemma-3-27b-it,ENTJ,memory,flat,123,0.92,flat,110.35,109.94133275214173,10270.266116326124,10270.266116326124,0.0,HOLD,0.0,"The RSI is high at 74.9, indicating potential overbought conditions. While the trend is neutral, the negative news sentiment (-0.43) suggests caution. Maintaining current position and awaiting a clearer signal.",101.86,101.86,74.9,1.9385,1287886,1.04,16.5,15.1,2.66,-0.01,0,-0.43,0.04,-0.47
Day-683,google/gemma-3-27b-it,ENTJ,memory,flat,123,0.92,flat,111.25,111.20617776193701,10270.266116326124,10270.266116326124,0.0,HOLD,0.0,"The 20 and 60 SMA are nearly identical, indicating a lack of strong momentum. RSI is high, suggesting potential overbought conditions, and news sentiment is mildly positive but not enough to trigger a buy. Maintaining current position until a clearer trend emerges.",102.56,101.91,72.8,2.2771,1023510,0.82,13.0,15.0,2.67,0.65,0,0.39,0.04,0.35
Day-684,google/gemma-3-27b-it,ENTJ,memory,flat,123,0.92,flat,111.75,111.49976664163195,10270.266116326124,10270.266116326124,0.0,HOLD,0.0,"RSI is overbought at 70, indicating potential for a pullback. While the SMA trend is neutral, the negative news sentiment suggests caution. Maintaining current position and awaiting a clearer signal.",103.38,102.04,70.0,2.5567,1344285,1.07,14.3,15.0,2.66,1.31,0,-0.18,-0.04,-0.15
Day-685,google/gemma-3-27b-it,ENTJ,memory,flat,123,0.92,flat,110.5,110.84878902497046,10270.266116326124,10270.266116326124,0.0,HOLD,0.0,"The 20 and 60 day SMAs are flat, indicating a lack of clear momentum. While the RSI is neutral, the negative news sentiment and volume ratio below 1 suggest potential headwinds. Maintaining current position until a definitive trend emerges.",104.15,102.13,60.5,2.6469,1025484,0.83,10.7,15.0,2.68,1.97,0,-0.24,-0.16,-0.08
Day-686,google/gemma-3-27b-it,ENTJ,memory,flat,123,0.92,flat,109.63,109.25495264331957,10270.266116326124,1027.026611632613,84.31304847845946,BUY,0.9,"The 20 and 60-day SMAs confirm an upward trend. RSI is healthy, indicating room for growth, and news sentiment is positive. Momentum is key, and this setup presents a clear buying opportunity.",104.9,102.27,60.4,2.6178,1280583,1.04,7.8,15.1,2.66,2.58,1,0.18,-0.06,0.24
Day-687,google/gemma-3-27b-it,ENTJ,memory,flat,123,0.92,flat,110.23,109.91732053610426,10320.8539454132,359.4593140714145,90.36917927371664,BUY,0.65,"The 20/60 SMA indicates a strong upward trend. Despite the RSI being overbought, the momentum is clear, and my mandate prioritizes growth through trend following. I will allocate a significant portion of available capital to capitalize on this opportunity.",105.65,102.45,70.1,2.613,1021875,0.84,7.5,15.0,2.66,3.12,1,-0.07,0.02,-0.09
Day-688,google/gemma-3-27b-it,ENTJ,memory,flat,123,0.92,flat,110.82,110.74746429216376,10374.171761184693,251.62151984999014,91.34226891657374,BUY,0.3,"The 20 and 60-day SMAs confirm an upward trend. RSI is healthy, indicating room for growth, and the volume ratio suggests increasing interest. Momentum is present; capitalize on it.",106.42,102.59,67.7,2.6265,1393527,1.13,11.3,15.0,2.66,3.73,1,-0.04,-0.07,0.03
Day-689,google/gemma-3-27b-it,ENTJ,memory,flat,123,0.92,flat,113.21,113.20682878835584,10592.479783895304,50.32430396999803,93.12035579829791,BUY,0.8,"The price is trending upwards, confirmed by the SMA20 and SMA60. Despite the RSI being high, the momentum is strong and aligns with my growth mandate. I will allocate a significant portion of available capital to capitalize on this upward trajectory.",107.15,102.87,73.4,2.7978,1484035,1.2,10.4,15.0,2.67,4.16,1,0.1,-0.01,0.12
Day-690,google/gemma-3-27b-it,ENTJ,memory,flat,123,0.92,flat,113.13,113.69616705034093,10585.030155431441,29.188096302598858,93.30718694536235,BUY,0.42,"The price is trending upwards, confirmed by the SMA20 and SMA60. Despite the RSI being high, the momentum is strong and aligns with my growth mandate. I will initiate a partial buy to capitalize on this upward trajectory.",107.72,103.14,72.6,2.8937,1033981,0.84,13.8,14.9,2.68,4.45,1,0.05,0.05,0.01
Day-691,google/gemma-3-27b-it,ENTJ,memory,flat,123,0.92,flat,112.25,111.80604832814498,10502.919830919522,4.37821444538983,93.52821039175174,BUY,0.85,"The price is trending upwards, confirmed by the SMA20 and SMA60. Despite negative news sentiment, the momentum is strong, and my mandate prioritizes growth through trend following. A substantial position is warranted given the positive indicators.",108.04,103.36,67.9,2.8654,1439294,1.15,12.8,15.1,2.66,4.53,1,-0.49,-0.09,-0.4
Day-692,google/gemma-3-27b-it,ENTJ,memory,flat,123,0.92,flat,108.26,108.36888421858082,10129.742271456435,2.8458393895033893,93.54236497383087,BUY,0.35,"The 20-day SMA is above the 60-day SMA, indicating an upward trend. Despite slightly overbought RSI levels, the positive trend and volume ratio suggest continued momentum, aligning with my growth mandate.",108.21,103.43,65.7,2.4927,1392053,1.11,12.8,15.0,2.67,4.62,1,-0.14,-0.1,-0.04
Day-693,google/gemma-3-27b-it,ENTJ,memory,flat,123,0.92,flat,108.31,108.1251939065402,10134.419389705125,2.134379542127542,93.54893371030373,BUY,0.25,"The 20-day SMA is above the 60-day SMA, indicating an upward trend. Momentum is present, and my mandate is to capitalize on growth opportunities. A partial buy is executed to increase portfolio exposure.",108.52,103.55,56.5,2.1766,1205310,0.97,9.3,15.0,2.66,4.8,1,0.22,-0.05,0.27
Day-694,google/gemma-3-27b-it,ENTJ,memory,flat,123,0.92,flat,107.55,108.09825597480219,10063.322200085293,0.17075036337020322,93.5671915362336,BUY,0.92,"The 20-day SMA is above the 60-day SMA, indicating an upward trend. Despite negative news sentiment, the momentum is positive, aligning with my growth mandate. I will allocate a significant portion of available capital to capitalize on this opportunity.",108.68,103.69,50.8,1.8431,1086528,0.87,11.4,14.9,2.68,4.82,1,-0.21,-0.11,-0.09
Day-695,google/gemma-3-27b-it,ENTJ,memory,flat,123,0.92,flat,108.18,107.91876405506413,10122.269530753121,0.1280627725276524,93.56758613404135,BUY,0.25,"The 20-day SMA is above the 60-day SMA, indicating an upward trend. Despite slightly negative news sentiment, the momentum is positive, aligning with my growth mandate. I will initiate a partial buy to capitalize on this trend.",108.91,103.75,49.6,1.6113,1370989,1.09,12.5,15.0,2.66,4.97,1,-0.1,-0.14,0.05
Day-696,google/gemma-3-27b-it,ENTJ,memory,flat,123,0.92,flat,104.6,104.6967945112004,9787.297572393252,0.05122510901106096,93.56832071973463,BUY,0.6,"The 20-day SMA is above the 60-day SMA, indicating an upward trend. Despite negative news sentiment and a low RSI, the primary mandate is to chase momentum, and the trend suggests a buying opportunity. A partial position is taken to manage risk.",108.94,103.74,33.2,1.1257,1367460,1.1,16.3,15.0,2.67,5.01,1,-0.09,-0.06,-0.02
Day-697,google/gemma-3-27b-it,ENTJ,memory,flat,123,0.92,flat,107.01,107.00309981539942,10012.797225327813,0.04661484920006548,93.56836380224851,BUY,0.09,"The 20-day SMA is above the 60-day SMA, indicating an upward trend. Despite negative news sentiment, the momentum is positive, aligning with my growth mandate. A calculated entry point is warranted.",109.03,103.84,38.6,0.9244,1331855,1.06,15.0,15.0,2.67,5.0,1,-0.77,-0.19,-0.58
Day-698,google/gemma-3-27b-it,ENTJ,memory,flat,123,0.92,flat,108.81,109.35619508059833,10181.220280171861,0.0023307424600032753,93.56877078788163,BUY,0.95,"The 20-day SMA is above the 60-day SMA, indicating an upward trend. Despite a neutral news sentiment, the momentum is positive, aligning with my growth mandate. A significant allocation is warranted to capitalize on this opportunity.",109.38,103.98,42.6,0.9002,1156010,0.93,11.5,14.9,2.68,5.19,1,0.03,-0.22,0.26
Day-699,google/gemma-3-27b-it,ENTJ,memory,flat,123,0.92,flat,107.93,107.60258761575037,10098.879761878527,0.00011653712300016376,93.56879130307979,BUY,0.95,"The 20-day SMA is above the 60-day SMA, indicating an upward trend. Despite negative news sentiment, the momentum is positive, aligning with my growth mandate. I will allocate a significant portion of available capital to capitalize on this opportunity.",109.47,104.14,43.4,0.8006,1227206,0.99,14.5,15.0,2.66,5.12,1,-0.18,-0.22,0.04
Day-700,google/gemma-3-27b-it,ENTJ,memory,flat,123,0.92,flat,109.17,109.38396840309107,10214.905063094344,1.1653712300016379e-05,93.56879226381453,BUY,0.9,"The 20-day SMA is above the 60-day SMA, indicating an upward trend. Despite a neutral RSI, the positive trend and my mandate to chase growth necessitate a significant buy position. I will allocate 90% of available capital.",109.56,104.34,48.9,0.8124,1006156,0.81,10.3,15.0,2.67,5.01,1,0.18,-0.17,0.34
Day-701,google/gemma-3-27b-it,ENTJ,memory,flat,123,0.92,flat,111.51,111.52189678938606,10433.85603699167,1.1653712300016372e-06,93.56879235787193,BUY,0.9,"The price is trending upwards, confirmed by the SMA20 and SMA60. Momentum is key, and this setup presents a clear opportunity for growth. I will allocate a significant portion of available capital to capitalize on this upward trajectory.",109.72,104.56,53.0,0.9987,1168961,0.95,9.4,15.0,2.67,4.94,1,0.08,-0.13,0.21
Day-702,google/gemma-3-27b-it,ENTJ,memory,flat,123,0.92,flat,112.03,111.64117091387354,10482.511809017764,1.1653712300016364e-07,93.56879236723401,BUY,0.9,"The price is above both the 20 and 60-day Simple Moving Averages, indicating an upward trend. Despite negative news sentiment, the momentum is positive and aligns with my growth mandate. I will allocate a significant portion of available capital to capitalize on this opportunity.",109.81,104.73,52.8,1.1749,1243751,1.01,14.5,15.1,2.66,4.85,1,-0.24,-0.03,-0.21
Day-703,google/gemma-3-27b-it,ENTJ,memory,flat,123,0.92,flat,109.53,109.57617005740168,10248.589828099677,9.322969840013086e-09,93.56879236821287,BUY,0.92,"The 20-day SMA is above the 60-day SMA, indicating an upward trend. Despite the RSI being below 50, the overall momentum suggests a buying opportunity to capitalize on potential gains, aligning with my growth mandate.",109.72,104.89,41.5,1.0999,1128845,0.91,17.2,15.0,2.67,4.6,1,0.14,-0.01,0.15
Day-704,google/gemma-3-27b-it,ENTJ,memory,flat,123,0.92,flat,114.49,113.20355332746293,10712.691038246014,1.8645939680026175e-09,93.56879236827801,BUY,0.8,"The 20 and 60-day SMAs indicate an upward trend (1). Momentum is key, and this setup suggests continued growth potential. I will allocate a significant portion of available capital to capitalize on this opportunity.",109.86,105.16,52.6,1.4244,1281712,1.04,19.4,15.2,2.64,4.47,1,-0.15,0.0,-0.15
Day-705,google/gemma-3-27b-it,ENTJ,memory,flat,123,0.92,flat,113.63,114.10350599343049,10632.221876809293,2.7968909520039267e-10,93.56879236829195,BUY,0.85,"The 20-day SMA is above the 60-day SMA, indicating an upward trend. Despite negative news sentiment, the momentum is positive and aligns with my growth mandate. I will allocate a significant portion of available capital to capitalize on this opportunity.",110.01,105.43,52.6,1.5936,1133856,0.92,16.0,14.9,2.68,4.34,1,-0.21,-0.07,-0.13
Day-706,google/gemma-3-27b-it,ENTJ,memory,flat,123,0.92,flat,113.66,113.56612139663697,10635.028940580341,4.19533642800589e-11,93.56879236829404,BUY,0.85,"The price is trending upwards, confirmed by the SMA20 and SMA60. RSI is healthy, indicating room for growth, and despite negative news sentiment, momentum is the priority. A substantial position is warranted given the bullish indicators.",110.22,105.67,62.0,1.7111,1324040,1.07,12.3,15.0,2.66,4.3,1,-0.44,-0.18,-0.26
Day-707,google/gemma-3-27b-it,ENTJ,memory,flat,123,0.92,flat,115.59,115.36974476036373,10815.61670985115,8.390672856011776e-12,93.56879236829433,BUY,0.8,"The price is trending upwards, confirmed by the SMA20 and SMA60. RSI is healthy, indicating room for further growth, and the volume ratio suggests continued interest. Momentum is key, and this setup presents a clear buying opportunity.",110.48,105.95,64.9,1.9374,1289665,1.03,16.1,15.0,2.66,4.28,1,0.13,-0.1,0.24
Day-708,google/gemma-3-27b-it,ENTJ,memory,flat,123,0.92,flat,118.72,119.20996049461891,11108.487029963911,1.2586009284017666e-12,93.56879236829438,BUY,0.85,"The price is trending upwards, supported by the SMA20 and SMA60. Despite the high RSI, the momentum is strong and aligns with my growth mandate. I will allocate a significant portion of available capital to capitalize on this upward trajectory.",110.88,106.28,70.8,2.342,1431982,1.14,14.5,14.9,2.68,4.33,1,-0.05,-0.14,0.1
Day-709,google/gemma-3-27b-it,ENTJ,memory,flat,123,0.92,flat,118.11,118.0659196284398,11051.410066619252,1.2586009284017654e-13,93.5687923682944,BUY,0.9,"The 20 and 60-day SMAs confirm an upward trend. Despite slightly overbought RSI, the momentum is strong and aligns with my growth mandate. I will allocate a significant portion of available capital to capitalize on this opportunity.",111.12,106.59,68.5,2.5842,1097182,0.89,16.7,15.0,2.67,4.25,1,-0.15,-0.14,-0.01
Day-710,google/gemma-3-27b-it,ENTJ,memory,flat,123,0.92,flat,119.66,119.74584762303104,11196.441694790106,11196.441694790106,0.0,SELL,1.0,"RSI is overbought at 80.4, indicating a potential trend reversal. While the SMA trend is positive, the negative news sentiment and high RSI suggest a weakening momentum. Protecting profits is paramount.",111.45,107.02,80.4,2.8677,1379668,1.1,13.3,15.0,2.67,4.14,1,-0.47,-0.2,-0.27
Day-711,google/gemma-3-27b-it,ENTJ,memory,flat,123,0.92,flat,124.62,124.52851971937677,11196.441694790106,2239.28833895802,71.87572906300824,BUY,0.8,"The price is trending upwards, confirmed by the SMA20 and SMA60. Despite the high RSI, the momentum is strong and aligns with my growth mandate. I will allocate a significant portion of available capital to capitalize on this upward trajectory.",112.07,107.54,82.2,3.4531,1437045,1.15,12.5,15.0,2.66,4.21,1,0.33,-0.04,0.37
Day-712,google/gemma-3-27b-it,ENTJ,memory,flat,123,0.92,flat,122.02,121.81499593568323,11009.564799226286,783.750918635307,83.80440813465808,BUY,0.65,"The 20-day SMA is above the 60-day SMA, indicating an upward trend. Despite the RSI being overbought, the momentum is strong, aligning with my growth mandate. I will allocate a significant portion of available capital to capitalize on this opportunity.",112.76,108.07,73.5,3.6649,1021038,0.83,13.7,15.0,2.66,4.34,1,-0.08,-0.08,0.0
Day-713,google/gemma-3-27b-it,ENTJ,memory,flat,123,0.92,flat,121.04,120.52032311469243,10927.43647925432,274.3128215223574,88.01324898985429,BUY,0.65,"The price is trending upwards, confirmed by the SMA20 and SMA60. Despite the RSI being high, the momentum is strong and aligns with my growth mandate. I will allocate a significant portion of available cash to capitalize on this upward trajectory.",113.39,108.54,73.2,3.7108,1208656,0.98,11.2,15.1,2.66,4.47,1,0.1,-0.06,0.16
Day-714,google/gemma-3-27b-it,ENTJ,memory,flat,123,0.92,flat,119.25,119.12356236970301,10769.892763562482,205.73461614176807,88.58832828025756,BUY,0.25,"The 20 and 60-day SMAs confirm an upward trend, indicating momentum. RSI is healthy and supports continued growth, aligning with my mandate to chase wins. I will allocate 25% of available cash to capitalize on this opportunity.",113.98,109.02,67.5,3.5616,1173760,0.95,13.2,15.0,2.66,4.55,1,0.09,-0.01,0.1
Day-715,google/gemma-3-27b-it,ENTJ,memory,flat,123,0.92,flat,118.98,118.78257854255973,10745.973914926812,113.15403887797244,89.36644710076348,BUY,0.45,The 20/60 SMA indicates a strong upward trend. RSI is healthy and supports continued momentum. I will allocate 45% of available cash to capitalize on this opportunity.,114.52,109.5,64.0,3.3823,1011291,0.83,10.6,15.0,2.66,4.58,1,-0.41,0.01,-0.42
Day-716,google/gemma-3-27b-it,ENTJ,memory,flat,123,0.92,flat,118.75,118.32029080609377,10725.419632093635,16.973105831695875,90.17639180010055,BUY,0.85,"The price is trending upwards, confirmed by the SMA20 and SMA60. RSI is healthy, indicating room for continued growth, and the volume ratio suggests increasing interest. Momentum is key, and this presents a clear buying opportunity.",115.23,109.98,62.7,3.1857,1386411,1.13,8.7,15.1,2.66,4.77,1,0.21,-0.02,0.23
Day-717,google/gemma-3-27b-it,ENTJ,memory,flat,123,0.92,flat,118.67,119.0699558865975,10718.205520749629,2.5459658747543816,90.29796540722064,BUY,0.85,"The 20/60 SMA indicates a strong upward trend. RSI is high but not overbought, suggesting continued momentum. This aligns with my mandate to chase growth and capitalize on upward trends.",115.81,110.45,69.1,2.9888,1439247,1.17,7.5,15.0,2.68,4.85,1,-0.08,-0.02,-0.06
Day-718,google/gemma-3-27b-it,ENTJ,memory,flat,123,0.92,flat,117.09,117.16739919434495,10575.53473540622,1.9094744060657862,90.30340132376935,BUY,0.25,"The 20-day SMA is above the 60-day SMA, indicating an upward trend. Despite slightly negative news sentiment, the overall momentum suggests a buying opportunity to capitalize on continued growth. I am allocating 25% of available capital.",116.22,110.88,56.3,2.6744,1382925,1.12,8.5,15.0,2.67,4.82,1,-0.06,-0.05,-0.01
Day-719,google/gemma-3-27b-it,ENTJ,memory,flat,123,0.92,flat,115.77,115.75205016287539,10456.334245658843,0.2864211609098679,90.31742095964354,BUY,0.85,"The 20-day SMA is above the 60-day SMA, indicating an upward trend. Despite negative news sentiment, the momentum is positive, aligning with my growth mandate. A substantial allocation is warranted given the favorable trend.",116.61,111.23,55.1,2.2918,1362308,1.09,12.0,15.0,2.67,4.84,1,-0.58,-0.19,-0.4
Day-720,google/gemma-3-27b-it,ENTJ,memory,flat,123,0.92,flat,115.92,116.48659645279335,10469.881858802792,0.04296317413648018,90.31952118382206,BUY,0.85,"The 20-day SMA is above the 60-day SMA, indicating an upward trend. Despite neutral news sentiment, the RSI is within a reasonable range, suggesting potential for continued momentum. I am initiating a substantial position to capitalize on this growth opportunity.",116.95,111.51,55.3,1.9783,1177076,0.94,10.9,14.9,2.68,4.88,1,0.37,-0.03,0.4
Day-721,google/gemma-3-27b-it,ENTJ,memory,flat,123,0.92,flat,116.91,116.88311889460819,10559.298184774772,0.008592634827296032,90.31981517526256,BUY,0.8,"The 20-day SMA is above the 60-day SMA, indicating an upward trend. While RSI is neutral, the positive trend and reasonable implied volatility suggest a buying opportunity to capitalize on momentum. I am allocating a significant portion of available capital to maximize potential gains.",117.22,111.73,53.2,1.7886,1122438,0.9,8.7,15.0,2.67,4.91,1,0.03,-0.06,0.09
Day-722,google/gemma-3-27b-it,ENTJ,memory,flat,123,0.92,flat,118.34,118.98007568290967,10688.4555204754,0.0017185269654592062,90.31987326304237,BUY,0.8,"The 20/60 SMA indicates a clear upward trend. Despite slightly negative news sentiment, the overall momentum suggests continued growth, aligning with my mandate to chase big wins. I will allocate a significant portion of available capital to capitalize on this opportunity.",117.54,112.0,49.0,1.734,1248519,1.0,8.2,14.9,2.68,4.94,1,-0.06,-0.06,-0.0
Day-723,google/gemma-3-27b-it,ENTJ,memory,flat,123,0.92,flat,120.17,119.99416881053506,10853.740888546767,0.0002577790448188809,90.31988541872116,BUY,0.85,"The price is trending upwards, confirmed by the SMA20 and SMA60. Despite negative news sentiment, the momentum is positive, aligning with my core mandate for growth. A significant allocation is warranted.",118.07,112.36,55.2,1.8175,1050313,0.84,7.5,15.0,2.66,5.08,1,-0.21,-0.09,-0.12
Day-724,google/gemma-3-27b-it,ENTJ,memory,flat,123,0.92,flat,121.53,121.8974455610429,10976.575932716229,5.155580896377618e-05,90.31988711561276,BUY,0.8,"The price is trending upwards, confirmed by the SMA20 and SMA60. RSI is neutral, allowing for further gains, and the volume ratio suggests continued interest. Momentum is key, and this presents a clear buying opportunity.",118.42,112.71,54.8,1.9705,1319581,1.06,7.5,15.0,2.67,5.07,1,-0.02,0.02,-0.04
Day-725,google/gemma-3-27b-it,ENTJ,memory,flat,123,0.92,flat,118.73,119.1783416167573,10723.680248792512,1.0311161792755236e-05,90.31988746299461,BUY,0.8,"The 20-day SMA is above the 60-day SMA, indicating an upward trend. Despite the RSI being relatively low, the overall momentum suggests a buying opportunity to capitalize on potential gains, aligning with my growth mandate.",118.68,113.01,33.1,1.8451,1305019,1.04,10.6,14.9,2.68,5.02,1,0.19,-0.01,0.21
Day-726,google/gemma-3-27b-it,ENTJ,memory,flat,123,0.92,flat,118.48,118.30342401467749,10701.100276926763,2.062232358551047e-06,90.31988753261759,BUY,0.8,"The 20-day SMA is above the 60-day SMA, indicating an upward trend. Despite negative news sentiment, the momentum is positive and aligns with my growth mandate. I will allocate a significant portion of available capital to capitalize on this opportunity.",118.92,113.3,38.2,1.7056,1451085,1.15,10.2,15.0,2.66,4.96,1,-0.02,-0.02,0.0
Day-727,google/gemma-3-27b-it,ENTJ,memory,flat,123,0.92,flat,122.32,122.79549299833512,11047.928645052014,4.1244647171020936e-07,90.31988754610504,BUY,0.8,"The price is trending upwards, confirmed by the SMA20 and SMA60. Momentum is key, and the current indicators suggest a continuation of this upward trajectory, aligning with my growth mandate.",119.25,113.64,53.6,1.8833,1453107,1.14,8.5,14.9,2.68,4.94,1,0.14,0.02,0.12
Day-728,google/gemma-3-27b-it,ENTJ,memory,flat,123,0.92,flat,124.44,123.79932080437199,11239.406806649757,8.248929434204183e-08,90.31988754875657,BUY,0.8,"The price is trending upwards, confirmed by the SMA20 and SMA60. RSI is healthy and indicates room for growth, despite negative news sentiment. Momentum is key, and this presents a buying opportunity.",119.54,114.09,64.2,2.1697,1483059,1.16,9.3,15.1,2.65,4.77,1,-0.33,-0.01,-0.32
Day-729,google/gemma-3-27b-it,ENTJ,memory,flat,123,0.92,flat,125.73,125.7014603454929,11355.919461587653,4.5369111888123005e-08,90.3198875490518,BUY,0.45,"The price is trending upwards, confirmed by the SMA20 and SMA60. Despite negative news sentiment, the momentum is positive and aligns with my growth mandate. I will initiate a partial buy to capitalize on the upward trajectory.",119.92,114.48,67.5,2.4727,1034088,0.81,7.9,15.0,2.67,4.75,1,-0.55,-0.11,-0.44
Day-730,google/gemma-3-27b-it,ENTJ,memory,flat,123,0.92,flat,126.38,126.42691927384877,11414.627388494533,1.1342277972030753e-08,90.31988754932104,BUY,0.75,"The price is trending upwards, supported by the SMA20 and SMA60. RSI is high but not overbought, indicating continued momentum. This aligns with my mandate to chase growth and capitalize on upward trends.",120.26,114.87,69.4,2.7336,1362487,1.07,14.7,15.0,2.67,4.69,1,-0.23,-0.2,-0.03
Day-731,google/gemma-3-27b-it,ENTJ,memory,flat,123,0.92,flat,128.26,127.54524254101163,11584.428777087258,2.8355694930076882e-09,90.31988754938736,BUY,0.75,"The price is trending upwards, confirmed by the SMA20 and SMA60. Despite the RSI being high, the overall momentum suggests continued growth, aligning with my mandate to chase big wins.",120.44,115.27,72.3,3.0571,1156686,0.92,17.9,15.1,2.65,4.49,1,-0.11,-0.22,0.11
Day-732,google/gemma-3-27b-it,ENTJ,memory,flat,123,0.92,flat,126.95,126.99567923202792,11466.10972439756,5.671138986015376e-10,90.31988754940522,BUY,0.8,"The price is trending upwards, confirmed by the SMA20/60. Despite the high RSI, the momentum is strong and aligns with my growth mandate. I will allocate a significant portion of available capital to capitalize on this upward movement.",120.69,115.6,73.2,3.1713,1365316,1.07,15.5,15.0,2.67,4.4,1,-0.31,-0.31,-0.01
Day-733,google/gemma-3-27b-it,ENTJ,memory,flat,123,0.92,flat,136.56,136.43995782570155,12334.083843747345,12334.083843747345,0.0,SELL,1.0,"RSI is overbought at 85.2, indicating a potential trend reversal. While the SMA trend is positive, the negative news sentiment and overbought RSI suggest a weakening momentum, necessitating a full exit to preserve capital.",121.46,116.1,85.2,3.9909,1280069,1.0,15.0,15.0,2.66,4.61,1,-0.02,-0.24,0.22
Day-734,google/gemma-3-27b-it,ENTJ,memory,flat,123,0.92,flat,135.33,135.40381420658625,12334.083843747345,12334.083843747345,0.0,SELL,1.0,"RSI is extremely overbought at 81.7, indicating a potential trend reversal. While the SMA trend is positive, the negative news sentiment and overbought RSI suggest a high probability of a pullback. Protecting capital and awaiting a more favorable entry point aligns with disciplined momentum trading.",122.27,116.58,81.7,4.4897,1491055,1.15,13.5,15.0,2.67,4.88,1,-0.08,-0.15,0.07
Day-735,google/gemma-3-27b-it,ENTJ,memory,flat,123,0.92,flat,135.14,135.34067329627283,12334.083843747345,3083.5209609368358,68.4517010715592,BUY,0.75,"The price is trending upwards, confirmed by the SMA20 and SMA60. Despite the high RSI, the momentum is strong and aligns with my growth mandate. I will allocate a significant portion of available capital to capitalize on this upward trajectory.",123.07,117.07,80.6,4.8142,1236102,0.95,11.8,15.0,2.67,5.13,1,-0.57,-0.22,-0.35
Day-736,google/gemma-3-27b-it,ENTJ,memory,flat,123,0.92,flat,129.11,128.9723936998478,11921.320086285845,2004.2886246089433,76.81071537198436,BUY,0.35,"The price is trending upwards, supported by the SMA20 and SMA60. RSI is healthy, indicating room for further growth, and my mandate is to chase momentum.",123.59,117.46,65.7,4.5322,1059358,0.82,11.1,15.0,2.66,5.22,1,0.22,-0.15,0.37
Day-737,google/gemma-3-27b-it,ENTJ,memory,flat,123,0.92,flat,132.11,131.8973162002019,12151.7522324018,501.07215615223595,88.18923681969238,BUY,0.75,"The 20/60 SMA indicates a strong upward trend. RSI is healthy, suggesting continued momentum, and despite negative news sentiment, the primary directive is to chase growth. A 75% allocation aligns with a medium-to-high risk appetite.",124.26,117.9,66.8,4.499,1314033,1.02,12.1,15.0,2.66,5.4,1,-0.07,-0.1,0.03
Day-738,google/gemma-3-27b-it,ENTJ,memory,flat,123,0.92,flat,130.01,130.48765874556824,11966.554835080442,310.6647368143863,89.65379661769138,BUY,0.38,"The price is trending upwards, supported by the SMA20 and SMA60. Despite negative news sentiment, the momentum indicators suggest continued growth, aligning with my mandate to chase wins.",124.91,118.28,61.7,4.2544,1220306,0.96,11.2,14.9,2.68,5.61,1,-0.35,-0.17,-0.18
Day-739,google/gemma-3-27b-it,ENTJ,memory,flat,123,0.92,flat,130.02,130.36820214444512,11967.451373046622,232.99855261078972,90.2511369053671,BUY,0.25,"The price is trending upwards, supported by the SMA20 and SMA60. Despite negative news sentiment, the momentum indicators suggest a continued upward trajectory, aligning with my growth mandate.",125.62,118.62,66.8,4.0146,1165843,0.92,12.0,15.0,2.67,5.91,1,-0.46,-0.24,-0.21
Day-740,google/gemma-3-27b-it,ENTJ,memory,flat,123,0.92,flat,128.76,129.03735810550907,11853.734940545857,198.04876971917128,90.52257044755116,BUY,0.15,"The price is trending upwards, supported by the SMA20 and SMA60. RSI is healthy, indicating room for further growth, and news sentiment is positive. Momentum is key, and this presents a clear buying opportunity.",126.26,118.93,64.9,3.6807,1302329,1.02,12.6,15.0,2.67,6.17,1,0.68,0.01,0.68
Day-741,google/gemma-3-27b-it,ENTJ,memory,flat,123,0.92,flat,128.71,128.71855815921379,11849.208812023482,49.51219242979283,91.67661113816867,BUY,0.75,"The price is trending upwards, confirmed by the SMA20 and SMA60. RSI is healthy, indicating room for growth, and despite negative news sentiment, the momentum is positive. I am initiating a 75% position to capitalize on this upward trend.",126.85,119.26,60.4,3.373,1424136,1.11,11.1,15.0,2.67,6.37,1,-0.15,-0.07,-0.08
Day-742,google/gemma-3-27b-it,ENTJ,memory,flat,123,0.92,flat,128.13,128.0272791124959,11796.036377563343,32.18292507936535,91.81185867856067,BUY,0.35,"The price is trending upwards, confirmed by the SMA20 and SMA60. Despite negative news sentiment, the momentum is positive, aligning with my growth mandate. A calculated entry point is warranted.",127.34,119.65,56.3,3.0475,1121281,0.88,9.1,15.0,2.66,6.43,1,-0.64,-0.18,-0.46
Day-743,google/gemma-3-27b-it,ENTJ,memory,flat,123,0.92,flat,129.02,127.95549699826336,11877.748931787264,24.13719380952401,91.87421902013439,BUY,0.25,"The 20-day SMA is above the 60-day SMA, indicating an upward trend. Despite negative news sentiment, the momentum is positive, aligning with my growth mandate. I will initiate a partial buy to capitalize on this trend.",127.79,120.07,55.7,2.8285,1337354,1.03,14.8,15.1,2.64,6.43,1,-0.44,-0.2,-0.24
Day-744,google/gemma-3-27b-it,ENTJ,memory,flat,123,0.92,flat,128.01,127.85879540749958,11784.955970576926,20.51661473809541,91.90250258447647,BUY,0.15,"The 20-day SMA is above the 60-day SMA, indicating an upward trend. Momentum is present, and my mandate is to capitalize on growth opportunities. A calculated entry point is warranted.",128.11,120.48,52.8,2.5442,1367607,1.05,16.4,15.0,2.66,6.34,1,0.02,-0.1,0.13
Day-745,google/gemma-3-27b-it,ENTJ,memory,flat,123,0.92,flat,127.41,127.50331801171353,11729.81446902624,17.233956380000144,91.92826711126474,BUY,0.16,"The 20-day SMA is above the 60-day SMA, indicating an upward trend. Despite negative news sentiment, the momentum is positive, and my mandate is to chase growth. A small position is initiated to capitalize on the potential upside.",128.54,120.86,48.5,2.2445,1481357,1.13,16.4,15.0,2.67,6.36,1,-0.22,-0.28,0.06
Day-746,google/gemma-3-27b-it,ENTJ,memory,flat,123,0.92,flat,126.77,127.1140663194891,11670.98037807503,4.82550778640004,92.02614869676289,BUY,0.72,"The 20-day SMA is above the 60-day SMA, indicating an upward trend. Despite slightly negative news sentiment, the overall momentum suggests a buying opportunity to capitalize on potential gains, aligning with my growth mandate.",128.96,121.31,49.7,1.933,1108381,0.86,14.6,15.0,2.67,6.31,1,-0.07,-0.27,0.2
Day-747,google/gemma-3-27b-it,ENTJ,memory,flat,123,0.92,flat,131.04,130.52375128636808,12063.932033010207,3.1365800611600263,92.03903733935476,BUY,0.35,"The 20 and 60-day SMAs indicate an upward trend, confirming momentum. Despite the slightly negative news sentiment and RSI below 50, the overall trend is positive, aligning with my growth mandate. I will initiate a partial buy to capitalize on this momentum.",129.39,121.79,37.4,2.0077,1257025,0.98,15.7,15.1,2.66,6.25,1,-0.01,-0.14,0.13
Day-748,google/gemma-3-27b-it,ENTJ,memory,flat,123,0.92,flat,132.88,132.88492801087693,12233.283861714623,2.9170194568788244,92.04068966178313,BUY,0.07,"The 20 and 60-day SMAs indicate an upward trend (129.82/122.27). Momentum is key, and this suggests continued price appreciation. I will allocate 7% of available cash to capitalize on this trend.",129.82,122.27,44.5,2.19,1350239,1.06,16.8,15.0,2.67,6.17,1,-0.01,-0.06,0.05
Day-749,google/gemma-3-27b-it,ENTJ,memory,flat,123,0.92,flat,135.49,135.30512282343153,12473.510061731877,0.43755291853182365,92.05898965837585,BUY,0.85,"The 20-day SMA is well above the 60-day, indicating a strong upward trend. Despite slightly negative news sentiment, the momentum is positive, aligning with my core mandate for growth. I will allocate a significant portion of available capital to capitalize on this opportunity.",130.3,122.82,50.7,2.5167,1024499,0.81,16.6,15.0,2.66,6.09,1,-0.01,-0.07,0.05
Day-750,google/gemma-3-27b-it,ENTJ,memory,flat,123,0.92,flat,133.38,133.3774954584865,12279.265593552702,0.29316045541632185,92.06007222295162,BUY,0.33,"The 20/60 SMA indicates a clear upward trend. RSI is healthy and supports continued momentum. I will initiate a partial buy, leveraging the positive trend for growth.",130.65,123.3,60.2,2.575,1435021,1.13,11.7,15.0,2.67,5.96,1,-0.05,-0.03,-0.02
Day-751,google/gemma-3-27b-it,ENTJ,memory,flat,123,0.92,flat,137.0,136.81365756075442,12612.523054999789,0.014658022770816126,92.06210508742349,BUY,0.95,"The price is trending upwards, confirmed by the SMA20 and SMA60. RSI is healthy, indicating room for further growth, and the positive news sentiment supports continued momentum. This aligns with my mandate to chase growth and capitalize on upward trends.",131.09,123.81,61.3,2.8807,1170531,0.92,10.4,15.0,2.66,5.88,1,0.48,0.08,0.41
Day-752,google/gemma-3-27b-it,ENTJ,memory,flat,123,0.92,flat,140.17,139.987443088192,12904.35992812692,0.0036645056927040315,92.06218351730918,BUY,0.75,"The price is trending upwards, confirmed by the SMA20 and SMA60. While the RSI is high, momentum is the priority, and the overall market signals a buying opportunity. A 75% allocation aligns with my risk appetite and portfolio status.",131.75,124.38,72.4,3.3399,1337877,1.05,11.4,15.0,2.66,5.93,1,-0.11,0.06,-0.17
Day-753,google/gemma-3-27b-it,ENTJ,memory,flat,123,0.92,flat,138.65,138.4881330190421,12764.42540918061,0.0009161264231760079,92.0622033397345,BUY,0.75,"The price is trending upwards, confirmed by the SMA20 and SMA60. RSI is healthy, indicating room for growth, and the overall sentiment is positive. Momentum is key, and this presents a clear buying opportunity.",131.86,124.96,67.9,3.5406,1202098,0.95,13.3,15.0,2.66,5.52,1,0.33,0.13,0.2
Day-754,google/gemma-3-27b-it,ENTJ,memory,flat,123,0.92,flat,142.82,142.81665576696517,13148.324797107301,0.0002473541342575222,92.06220802235799,BUY,0.73,"The price is trending upwards, confirmed by the SMA20 and SMA60. While the RSI is high, momentum is the priority, and the positive trend outweighs the overbought signal. This is a calculated risk for potential growth.",132.23,125.53,76.0,3.9898,1448908,1.14,16.9,15.0,2.67,5.34,1,0.06,0.14,-0.08
Day-755,google/gemma-3-27b-it,ENTJ,memory,flat,123,0.92,flat,140.96,140.9206775160223,12977.089090185718,4.947082685150442e-05,92.06220942618395,BUY,0.8,"The price is trending upwards, confirmed by the SMA20 and SMA60. Despite the RSI being overbought, the momentum is strong, aligning with my growth mandate. I will allocate a significant portion of available capital to capitalize on this upward trajectory.",132.52,126.07,71.2,4.148,1403540,1.1,12.6,15.0,2.67,5.12,1,0.29,0.21,0.07
Day-756,google/gemma-3-27b-it,ENTJ,memory,flat,123,0.92,flat,136.06,135.8642906265741,12525.984263997416,1.3357123249906193e-05,92.0622096916088,BUY,0.73,"The price is trending upwards, confirmed by the SMA20 and SMA60. RSI is healthy and indicates room for growth, aligning with my momentum strategy. I will allocate 73% of available funds to capitalize on this upward trajectory.",132.87,126.52,61.9,3.8341,1233688,0.96,15.7,15.0,2.66,5.02,1,0.17,0.15,0.02
Day-757,google/gemma-3-27b-it,ENTJ,memory,flat,123,0.92,flat,138.15,138.93233891480656,12718.394282252879,3.6064232774746726e-06,92.06220976218933,BUY,0.73,"The price is trending upwards, confirmed by the SMA20 and SMA60. RSI is healthy, indicating room for growth, and the volume ratio suggests increasing interest. Momentum is key, and this setup presents a clear buying opportunity.",133.17,126.97,63.3,3.7106,1474278,1.14,12.2,14.9,2.68,4.88,1,0.34,0.24,0.1
Day-758,google/gemma-3-27b-it,ENTJ,memory,flat,123,0.92,flat,138.63,138.64222147514596,12762.584142938727,9.016058193686681e-07,92.06220978170037,BUY,0.75,"The price is trending upwards, confirmed by the SMA20 and SMA60. RSI is healthy, indicating room for continued growth. Momentum is key, and this presents a clear buying opportunity.",133.6,127.37,65.7,3.6103,1384545,1.06,9.1,15.0,2.67,4.89,1,0.76,0.32,0.44
Day-759,google/gemma-3-27b-it,ENTJ,memory,flat,123,0.92,flat,141.67,141.42012921964962,13042.453260675098,2.2540145484216703e-07,92.06220978647347,BUY,0.75,"The price is trending upwards, confirmed by the SMA20 and SMA60. Despite a slightly high RSI, the overall momentum suggests a continued upward trajectory, aligning with my growth mandate. I will allocate 75% of available funds.",134.19,127.84,69.6,3.7326,1216423,0.93,7.5,15.0,2.66,4.96,1,-0.02,0.31,-0.33
Day-760,google/gemma-3-27b-it,ENTJ,memory,flat,123,0.92,flat,139.18,139.3447469834495,12813.21835830678,6.762043645265013e-08,92.06220978760712,BUY,0.7,"The price is trending upwards, confirmed by the SMA20 and SMA60. RSI is healthy, indicating room for growth, and news sentiment is positive. Momentum is key, and this presents a clear buying opportunity.",134.71,128.23,66.3,3.5878,1443443,1.1,10.1,15.0,2.67,5.05,1,0.13,0.28,-0.14
Day-761,google/gemma-3-27b-it,ENTJ,memory,flat,123,0.92,flat,135.27,135.91309259230295,12453.255118037237,1.6905109113162533e-08,92.06220978798204,BUY,0.75,"The 20-day SMA is above the 60-day SMA, indicating an upward trend. Momentum is present, and my mandate is to capitalize on growth opportunities. A 75% allocation reflects calculated risk within a positive trend.",135.03,128.44,55.6,3.121,1264602,0.97,9.3,14.9,2.68,5.13,1,0.57,0.36,0.21
Day-762,google/gemma-3-27b-it,ENTJ,memory,flat,123,0.92,flat,138.9,139.34503062520147,12787.44093956761,4.564379460553885e-09,92.06220978807089,BUY,0.73,"The price is trending upwards, supported by the SMA20 and SMA60. RSI is healthy, indicating room for growth, and news sentiment is slightly positive. Momentum is key, and this presents a clear buying opportunity.",135.57,128.78,57.6,3.0094,1279605,0.98,9.7,15.0,2.68,5.27,1,0.07,0.3,-0.23
Day-763,google/gemma-3-27b-it,ENTJ,memory,flat,123,0.92,flat,135.54,135.51844017604543,12478.111914679694,1.2323824543495491e-09,92.06220978809547,BUY,0.73,"The 20-day SMA is above the 60-day SMA, indicating an upward trend. Despite negative news sentiment, the momentum is positive, aligning with my growth mandate. I will allocate 73% of available funds to capitalize on this opportunity.",135.9,129.07,50.1,2.6196,1054857,0.81,7.6,15.0,2.67,5.29,1,-0.79,-0.01,-0.78
Day-764,google/gemma-3-27b-it,ENTJ,memory,flat,123,0.92,flat,131.08,131.39224823851845,12067.514459024787,3.080956135873873e-10,92.06220978810252,BUY,0.75,"The 20-day SMA is above the 60-day SMA, indicating an upward trend. Despite negative news sentiment, the momentum is positive, aligning with my growth mandate. I will allocate 75% of available capital to capitalize on this opportunity.",136.05,129.31,47.3,1.929,1446726,1.11,12.9,15.0,2.67,5.22,1,-0.13,-0.03,-0.1
Day-765,google/gemma-3-27b-it,ENTJ,memory,flat,123,0.92,flat,126.51,126.46623719211564,11646.790160293158,7.702390339684682e-11,92.06220978810435,BUY,0.75,"The 20-day SMA is above the 60-day SMA, indicating an upward trend. Despite negative news sentiment, the momentum is positive, aligning with my growth mandate. I will allocate 75% of available funds to capitalize on this opportunity.",136.01,129.46,38.0,1.0015,1196011,0.93,10.7,15.0,2.67,5.06,1,-0.11,-0.08,-0.03
Day-766,google/gemma-3-27b-it,ENTJ,memory,flat,123,0.92,flat,119.62,119.62788026220927,11012.48153485312,1.5404780679369356e-11,92.06220978810487,BUY,0.8,"The 20-day SMA is above the 60-day SMA, indicating an upward trend. Despite the RSI being relatively low, the overall momentum suggests a buying opportunity to capitalize on potential gains. I am allocating 80% of available funds.",135.65,129.48,28.3,-0.2866,1240155,0.96,14.3,15.0,2.67,4.77,1,0.04,-0.18,0.22
Day-767,google/gemma-3-27b-it,ENTJ,memory,flat,123,0.92,flat,116.99,117.20257398663092,10770.357923110403,2.310717101905404e-12,92.06220978810498,BUY,0.85,"The 20-day SMA is above the 60-day SMA, indicating an upward trend. Despite negative news sentiment and a low RSI, the primary mandate is to chase momentum, and the trend suggests a buying opportunity. A substantial position is warranted given the positive trend signal.",134.95,129.44,27.6,-1.5024,1493880,1.14,13.7,15.0,2.67,4.25,1,-0.19,-0.24,0.04
Day-768,google/gemma-3-27b-it,ENTJ,memory,flat,123,0.92,flat,111.95,112.25978340157954,10306.364385778354,2.3107171019054033e-13,92.062209788105,BUY,0.9,"The 20-day SMA is above the 60-day SMA, indicating an upward trend. Despite the RSI being oversold, the positive trend and news sentiment suggest a buying opportunity to capitalize on potential momentum. I am allocating a significant portion of available capital to maximize potential gains.",133.9,129.34,18.7,-2.8397,1412878,1.08,10.2,15.0,2.67,3.53,1,0.7,0.06,0.64
Day-769,google/gemma-3-27b-it,ENTJ,memory,flat,123,0.92,flat,112.28,112.21352958827286,10336.744915008429,0.0,92.062209788105,BUY,1.0,"The 20/60 SMA crossover indicates an upward trend (1). Despite the RSI being oversold, the primary mandate is to chase momentum, and the trend suggests a buying opportunity for growth.",132.74,129.27,20.0,-3.8286,1057587,0.81,10.6,15.0,2.67,2.69,1,0.66,0.22,0.44
Day-770,google/gemma-3-27b-it,ENTJ,memory,flat,123,0.92,flat,107.36,107.33719380728137,9883.798842850952,0.0,92.062209788105,BUY,0.9,"The RSI is deeply oversold at 20.0, indicating a potential reversal. While news sentiment is negative, my mandate prioritizes momentum, and a bounce is anticipated given the oversold condition and stable volume ratio.",131.44,129.1,20.0,-4.9527,1386692,1.06,8.5,15.0,2.67,1.81,0,-0.49,0.14,-0.63
Day-771,google/gemma-3-27b-it,ENTJ,memory,flat,123,0.92,flat,105.01,105.04509718967165,9667.452649848907,0.0,92.062209788105,BUY,0.95,"The RSI is deeply oversold at 15.6, indicating a potential reversal. While news sentiment is negative, the primary mandate is momentum, and a bounce is anticipated given the oversold condition and current price relative to the SMAs. This is a calculated risk for substantial gains.",129.84,128.86,15.6,-5.9638,1117773,0.86,7.5,15.0,2.67,0.76,0,-0.28,0.08,-0.36
Day-772,google/gemma-3-27b-it,ENTJ,memory,flat,123,0.92,flat,110.45,110.09360901152859,10168.271071096196,0.0,92.062209788105,BUY,0.85,"The RSI is deeply oversold at 23.4, indicating a potential reversal. While current price is below the SMAs, a momentum play dictates buying on anticipated upward movement. This aligns with the core mandate to chase growth and capitalize on potential wins.",128.35,128.7,23.4,-6.2544,1082842,0.84,12.2,15.0,2.66,-0.27,0,0.32,0.18,0.14
Day-773,google/gemma-3-27b-it,ENTJ,memory,flat,123,0.92,flat,110.95,110.88941902284934,10214.30217599025,0.0,92.062209788105,BUY,0.9,"The RSI is deeply oversold at 19.6, indicating a potential reversal. While news sentiment is negative, my mandate prioritizes momentum, and a bounce is anticipated. I will allocate a significant portion of available capital to capitalize on this potential upswing.",126.97,128.52,19.6,-6.3708,1410230,1.08,9.3,15.0,2.67,-1.21,0,-0.24,-0.01,-0.24
Day-774,google/gemma-3-27b-it,ENTJ,memory,flat,123,0.92,flat,110.86,111.0398996732573,10206.01657710932,0.0,92.062209788105,BUY,0.8,"The RSI is deeply oversold at 20.6, indicating a potential reversal. While short-term sentiment is negative, the primary mandate is growth, and a bounce is anticipated. This is a calculated risk for a significant potential gain.",125.37,128.3,20.6,-6.3969,1268660,0.98,9.2,15.0,2.67,-2.29,-1,-0.12,-0.16,0.04
Day-775,google/gemma-3-27b-it,ENTJ,memory,flat,123,0.92,flat,107.4,107.53050272869125,9887.481331242478,0.0,92.062209788105,BUY,0.95,"The RSI is deeply oversold at 20.8, indicating a potential reversal. While the short-term trend is down, my mandate prioritizes growth and capitalizing on momentum shifts. This presents a high-probability entry point.",123.69,128.08,20.8,-6.6203,1235938,0.96,11.0,15.0,2.67,-3.42,-1,-0.24,-0.11,-0.12
Day-776,google/gemma-3-27b-it,ENTJ,memory,flat,123,0.92,flat,107.02,107.03571890669427,9852.497691522996,0.0,92.062209788105,BUY,1.0,"The RSI is deeply oversold at 14.1, indicating a potential reversal. Despite the negative trend based on SMAs, the low RSI and positive news sentiment suggest a buying opportunity to capitalize on a potential momentum shift.",122.24,127.85,14.1,-6.7504,1054140,0.83,9.3,15.0,2.67,-4.39,-1,0.42,0.03,0.4
Day-777,google/gemma-3-27b-it,ENTJ,memory,flat,123,0.92,flat,107.2,107.17090160909892,9869.068889284856,0.0,92.062209788105,BUY,0.92,"The RSI is deeply oversold at 15.7, indicating a potential reversal. While the short-term trend is down, the overall mandate is growth and momentum, and this presents a high-probability entry point for a significant rebound. I am allocating a substantial portion of available capital to capitalize on this opportunity.",120.69,127.55,15.7,-6.7607,1047141,0.83,7.5,15.0,2.67,-5.37,-1,-0.02,-0.04,0.02
Day-778,google/gemma-3-27b-it,ENTJ,memory,flat,123,0.92,flat,104.33,103.81610944556738,9604.850347192994,0.0,92.062209788105,BUY,1.0,"The RSI is deeply oversold at 16.3, indicating a potential reversal. While the short-term trend is down, the core mandate is growth and momentum, and a bounce is anticipated. This presents a high-probability entry point.",118.98,127.14,16.3,-6.9209,1200317,0.96,11.5,15.1,2.65,-6.42,-1,0.38,0.08,0.29
Day-779,google/gemma-3-27b-it,ENTJ,memory,flat,123,0.92,flat,105.06,104.1096602679402,9672.055760338311,0.0,92.062209788105,BUY,0.92,"The RSI is deeply oversold at 20.1, indicating a potential reversal. While short-term sentiment is negative, the primary mandate is growth, and a bounce is anticipated. This is a calculated risk for a significant potential gain.",117.15,126.73,20.1,-6.9092,1470415,1.17,16.9,15.1,2.64,-7.56,-1,-0.17,0.07,-0.25
Day-780,google/gemma-3-27b-it,ENTJ,memory,flat,123,0.92,flat,106.36,106.65181023938577,9791.736633062847,0.0,92.062209788105,BUY,0.92,"The RSI is deeply oversold at 28.1, indicating a potential reversal. While the short-term trend is down, the overall market presents an opportunity for a momentum play, and I am prioritizing growth. I will allocate a significant portion of available capital.",115.51,126.33,28.1,-6.7174,1109818,0.89,18.6,15.0,2.67,-8.57,-1,0.24,0.17,0.07
Day-781,google/gemma-3-27b-it,ENTJ,memory,flat,123,0.92,flat,105.5,105.94332232270858,9712.563132645077,0.0,92.062209788105,BUY,0.9,"The RSI is deeply oversold at 29.8, indicating a potential reversal. While short-term sentiment is negative, the primary mandate is growth, and a bounce is anticipated. I am initiating a substantial position to capitalize on the expected upward momentum.",114.02,125.88,29.8,-6.5597,1360403,1.09,13.2,14.9,2.68,-9.42,-1,-0.08,0.07,-0.15
Day-782,google/gemma-3-27b-it,ENTJ,memory,flat,123,0.92,flat,105.38,105.55789061978516,9701.515667470503,0.0,92.062209788105,BUY,0.9,"The short-term trend is down, but the RSI is indicating an oversold condition. Despite the negative trend, the potential for a rebound and momentum shift justifies a substantial buy to capitalize on potential gains. I anticipate a return to the mean.",112.34,125.44,36.1,-6.3705,1267524,1.02,9.8,15.0,2.67,-10.44,-1,0.06,0.08,-0.03
Day-783,google/gemma-3-27b-it,ENTJ,memory,flat,123,0.92,flat,101.64,101.36395964006036,9357.203002862992,0.0,92.062209788105,BUY,0.95,"The RSI is deeply oversold at 30.3, indicating a potential reversal. While the short-term trend is down, my mandate prioritizes growth and capitalizing on momentum shifts; a bounce is anticipated.",110.65,124.75,30.3,-6.4478,1276034,1.02,20.0,15.0,2.66,-11.3,-1,-0.13,-0.02,-0.11
Day-784,google/gemma-3-27b-it,ENTJ,memory,flat,123,0.92,flat,99.11,98.59621988493683,9124.285612099085,0.0,92.062209788105,BUY,0.95,"The short-term trend (SMA20) is declining, but the RSI is indicating an oversold condition. Despite negative news sentiment, the overall objective is growth, and a potential rebound presents a buying opportunity. A large position is warranted given the momentum focus.",109.05,124.02,33.2,-6.6366,1475577,1.17,18.7,15.1,2.65,-12.07,-1,-0.08,0.0,-0.08
Day-785,google/gemma-3-27b-it,ENTJ,memory,flat,123,0.92,flat,100.52,100.73434710366615,9254.093327900313,0.0,92.062209788105,BUY,0.92,"The short-term trend is down, but the RSI indicates a potential reversal. Despite negative sentiment, the volume ratio suggests increasing interest, and my mandate prioritizes growth through momentum – a bounce is anticipated.",107.75,123.33,40.5,-6.5967,1429974,1.13,15.6,15.0,2.67,-12.63,-1,-0.03,-0.05,0.02
Day-786,google/gemma-3-27b-it,ENTJ,memory,flat,123,0.92,flat,99.0,99.44013572447655,9114.158769022395,0.0,92.062209788105,BUY,0.1,"The RSI is deeply oversold at 20.9, indicating a potential reversal. While the short-term trend is down, my mandate prioritizes growth and capitalizing on momentum shifts. I'm initiating a small position to capitalize on a potential rebound.",106.72,122.73,20.9,-6.612,1424690,1.11,14.6,14.9,2.68,-13.04,-1,0.08,-0.02,0.1
Day-787,google/gemma-3-27b-it,ENTJ,memory,flat,123,0.92,flat,97.79,97.63749399181798,9002.763495178788,0.0,92.062209788105,BUY,1.0,"The RSI is deeply oversold at 17.8, indicating a potential reversal. While the short-term trend is down, the primary mandate is growth, and this presents a high-probability entry point for a momentum play. I anticipate a bounce.",105.76,122.04,17.8,-6.6448,1025963,0.82,12.0,15.0,2.66,-13.34,-1,0.24,0.02,0.22
Day-788,google/gemma-3-27b-it,ENTJ,memory,flat,123,0.92,flat,96.54,96.3232687248335,8887.685732943657,0.0,92.062209788105,BUY,0.92,"The RSI is deeply oversold at 16.8, indicating a potential reversal. While the short-term trend is down, the overall mandate is growth and momentum, and this presents a high-probability entry point for a significant rebound. I am allocating a substantial portion of available capital to capitalize on this opportunity.",104.99,121.37,16.8,-6.6943,1494118,1.19,10.5,15.0,2.66,-13.5,-1,-0.29,-0.02,-0.27
Day-789,google/gemma-3-27b-it,ENTJ,memory,flat,123,0.92,flat,96.69,96.24149393308002,8901.49506441187,0.0,92.062209788105,BUY,1.0,"The RSI is deeply oversold at 20.7, indicating a potential reversal. While short-term trends are down, my mandate prioritizes growth and capitalizing on momentum shifts; this presents a buying opportunity.",104.21,120.7,20.7,-6.6452,1472070,1.15,12.9,15.1,2.65,-13.67,-1,-0.4,-0.08,-0.32
Day-790,google/gemma-3-27b-it,ENTJ,memory,flat,123,0.92,flat,93.8,94.06558731180185,8635.435278124249,0.0,92.062209788105,BUY,0.95,"The RSI is deeply oversold at 18.2, indicating a potential reversal. While the short-term trend is down, the overall mandate is growth and momentum, and a bounce is anticipated. This is a calculated risk for a significant potential gain.",103.53,120.0,18.2,-6.7615,1054372,0.83,12.6,15.0,2.67,-13.73,-1,0.38,0.0,0.38
Day-791,google/gemma-3-27b-it,ENTJ,memory,flat,123,0.92,flat,94.49,94.3322011013075,8698.95820287804,0.0,92.062209788105,BUY,1.0,"The RSI is deeply oversold at 20.1, indicating a potential reversal. While the short-term trend is down, the overall mandate is growth, and this presents a high-probability entry point for a momentum play. I anticipate a rebound.",103.0,119.32,20.1,-6.7204,1275247,1.0,14.4,15.0,2.66,-13.67,-1,0.61,0.11,0.5
Day-792,google/gemma-3-27b-it,ENTJ,memory,flat,123,0.92,flat,91.0,91.82847667007051,8377.661090717555,0.0,92.062209788105,BUY,1.0,"The RSI is deeply oversold at 19.6, indicating a potential reversal. While the short-term trend is down, my mandate prioritizes growth and capitalizing on momentum shifts. This presents a high-probability entry point.",102.03,118.58,19.6,-6.8897,1013220,0.8,15.2,14.9,2.69,-13.95,-1,0.29,0.12,0.17
Day-793,google/gemma-3-27b-it,ENTJ,memory,flat,123,0.92,flat,93.25,93.28902344255951,8584.801062740791,0.0,92.062209788105,BUY,0.95,"The RSI is deeply oversold at 24.8, indicating a potential reversal. While the short-term trend is down, the overall mandate is growth and momentum, and this presents an opportunity to capitalize on a potential upswing. I am allocating a significant portion of available capital to maximize potential gains.",101.15,117.86,24.8,-6.7647,1053302,0.84,11.5,15.0,2.67,-14.18,-1,0.39,0.26,0.14
Day-794,google/gemma-3-27b-it,ENTJ,memory,flat,123,0.92,flat,91.59,91.36489624954322,8431.977794492537,0.0,92.062209788105,BUY,0.95,"The RSI is deeply oversold at 18.9, indicating a potential reversal. While the short-term trend is down, the overall mandate is growth and momentum, and this presents an opportunity to capitalize on a likely bounce. I am allocating a significant portion of available capital to maximize potential gains.",100.18,117.13,18.9,-6.7219,1433544,1.14,9.5,15.0,2.66,-14.47,-1,-0.11,0.31,-0.42
Day-795,google/gemma-3-27b-it,ENTJ,memory,flat,123,0.92,flat,94.4,93.83770089459574,8690.672603997113,0.0,92.062209788105,BUY,1.0,"The RSI is deeply oversold at 28.4, indicating a potential reversal. While the short-term trend is down, my mandate prioritizes growth and capitalizing on momentum shifts. I anticipate a bounce and will fully commit to capturing it.",99.53,116.47,28.4,-6.3878,1021520,0.82,11.4,15.1,2.65,-14.54,-1,0.18,0.27,-0.09
Day-796,google/gemma-3-27b-it,ENTJ,memory,flat,123,0.92,flat,93.96,93.84702384658732,8650.165231690346,0.0,92.062209788105,BUY,0.4,"The RSI is deeply oversold at 28.0, suggesting a potential reversal. While the short-term trend is down, my mandate prioritizes growth and capitalizing on momentum shifts; a bounce is anticipated.",98.88,115.82,28.0,-6.0884,1129289,0.9,11.1,15.0,2.66,-14.62,-1,0.13,0.18,-0.05
Day-797,google/gemma-3-27b-it,ENTJ,memory,flat,123,0.92,flat,92.22,92.30083260905863,8489.976986659043,0.0,92.062209788105,BUY,0.1,"The RSI is low, indicating a potential reversal. While the short-term trend is down, my mandate prioritizes growth and capitalizing on momentum shifts. I will initiate a small position to test the waters.",98.13,115.04,30.4,-5.923,1245816,0.99,9.9,15.0,2.67,-14.7,-1,0.05,0.13,-0.08
Day-798,google/gemma-3-27b-it,ENTJ,memory,flat,123,0.92,flat,93.64,94.02703754256285,8620.705324558152,0.0,92.062209788105,HOLD,0.0,"The 20-day SMA is trending down relative to the 60-day SMA, indicating a weakening momentum. While the RSI is relatively low, the negative news sentiment and volume ratio suggest further potential downside. Maintaining current position until a clear upward trend emerges.",97.6,114.26,38.1,-5.6126,1130603,0.9,8.2,14.9,2.68,-14.58,-1,-0.25,0.0,-0.26
Day-799,google/gemma-3-27b-it,ENTJ,memory,flat,123,0.92,flat,91.6,91.50489213064346,8432.898416590417,0.0,92.062209788105,HOLD,0.0,"The 20 and 60-day SMAs are trending downwards, indicating a weakening momentum. While the RSI is low, suggesting a potential bounce, the negative news sentiment and overall trend outweigh this signal. Maintaining current position until a clear upward trend emerges.",96.92,113.38,31.1,-5.468,1466855,1.17,13.1,15.0,2.66,-14.51,-1,-0.49,-0.07,-0.41
Day-800,google/gemma-3-27b-it,ENTJ,memory,flat,123,0.92,flat,90.84,90.53632250763366,8362.931137151458,0.0,92.062209788105,HOLD,0.0,"The 20/60 SMA trend is negative, indicating a downtrend. While the RSI suggests a potential for a bounce, my mandate prioritizes momentum, and current indicators do not support a buy signal. Maintaining current position until a clear upward trend emerges.",96.15,112.53,32.1,-5.3535,1162186,0.92,14.4,15.1,2.66,-14.56,-1,0.37,-0.04,0.41
